categories,collectDate,content,createDate,description,docId,docType,domain,fromCrawler,link,logoLink,numComments,numDislikes,numLikes,numShares,numViews,pictures,postId,postLink,provinces,reactions,source,sourceId,sourceName,tags,title,type,userId,userName
[],2026-01-21T09:28:21.811176+07:00,"Never trust your in-laws.

No matter how sweet or welcoming they seem, their loyalty lies with their blood. In times of conflict, they'll choose their child over you, no matter what.  You're not their family, and your place in their lives is conditional. Protect your dignity, trust your instincts, and set boundaries.",2025-10-14T14:23:01+07:00,,3743051915849706842,threads,threads.com,threads_crawler_v1,https://www.threads.net/@kiristii.x/post/DPx_eLMES1a,https://scontent-hkg1-1.cdninstagram.com/v/t51.2885-19/583227099_17863353087516585_3640978717031151037_n.jpg?stp=dst-jpg_s150x150_tt6&efg=eyJ2ZW5jb2RlX3RhZyI6InByb2ZpbGVfcGljLmRqYW5nby4xMDgwLmMyIn0&_nc_ht=scontent-hkg1-1.cdninstagram.com&_nc_cat=109&_nc_oc=Q6cZ2QHnQHPvuFeFVB_xjHo1mUCQik9Rue9g16dBMYRh7URYRyKB_3JrvJF9x-acLoZ-AT4&_nc_ohc=PZsgKg_vgQQQ7kNvwGPCY-u&_nc_gid=1GktsQf9ulId4iJkVgnXEw&edm=AJhczIQBAAAA&ccb=7-5&oh=00_Afrh_8qy2tdXnl3srKu9gObdn8URrtUA3tKz8tfc7R7ExA&oe=6975F2DE&_nc_sid=4a2096,113,0,7631,1444,0,[],,https://www.threads.net/@kiristii.x/post/DPx_eLMES1a,[],"{'likes': 7631, 'reposts': 1390, 'quotes': 54}",threads,3743051915849706842,kirisтii,,"Never trust your in-laws.

No matter how sweet or welcoming they seem, their loyalty lies with their blood. In times of conflict, they'll choose their child over you, no matter what.  You're not their family, and your place in their lives is conditional. Protect your dignity, trust your instincts, and set boundaries.",threads,75491220584,kiristii.x
[],2026-01-21T09:28:21.811301+07:00,"SIGNS YOU’RE BECOMING POWERFUL

1. You stop explaining yourself.
2. You respect your energy more than opinions.
3. You respond slower (you’re thinking bigger).
4. You choose silence over chaos.
5. You no longer chase, you decide.
6. You treat your future self like someone you refuse to disappoint.

7. You feel the shift before anyone else sees it.
8. You outgrow people without conflict.
9. Your standards rise quietly.
10. You’re becoming someone you used to pray for.

How many do you feel?",2025-11-19T00:55:39+07:00,,3768737482556934395,threads,threads.com,threads_crawler_v1,https://www.threads.net/@iamsource/post/DRNPsXTgYj7,https://scontent-hkg1-2.cdninstagram.com/v/t51.2885-19/528685900_18395230873142715_9090951419744989113_n.jpg?stp=dst-jpg_s150x150_tt6&efg=eyJ2ZW5jb2RlX3RhZyI6InByb2ZpbGVfcGljLmRqYW5nby4zMjAuYzIifQ&_nc_ht=scontent-hkg1-2.cdninstagram.com&_nc_cat=103&_nc_oc=Q6cZ2QHnQHPvuFeFVB_xjHo1mUCQik9Rue9g16dBMYRh7URYRyKB_3JrvJF9x-acLoZ-AT4&_nc_ohc=M-QetLl5aR4Q7kNvwFD4Rjl&_nc_gid=1GktsQf9ulId4iJkVgnXEw&edm=AJhczIQBAAAA&ccb=7-5&oh=00_AfqZAhz8WwBSc0-8-wMG7Ge9ilxguU4EdXOA3wye5DIqjA&oe=69761A90&_nc_sid=4a2096,37,0,445,75,0,[],,https://www.threads.net/@iamsource/post/DRNPsXTgYj7,[],"{'likes': 445, 'reposts': 71, 'quotes': 4}",threads,3768737482556934395,IAMSOURCE,,"SIGNS YOU’RE BECOMING POWERFUL

1. You stop explaining yourself.
2. You respect your energy more than opinions.
3. You respond slower (you’re thinking bigger).
4. You choose silence over chaos.
5. You no longer chase, you decide.
6. You treat your future self like someone you refuse to disappoint.

7. You feel the shift before anyone else sees it.
8. You outgrow people without conflict.
9. Your standards rise quietly.
10. You’re becoming someone you used to pray for.

How many do you feel?",threads,75952803604,iamsource
[],2026-01-21T09:28:21.811344+07:00,"5 rules to outsmart corporate politics

1. Document everything. 

2. Don’t talk too much over teams chat. Always watch your language and don’t send angry or emotional messages to anyone. Use it only for quick updates or for checking in 

3. Be friendly with everyone. Treat everyone equally. Don’t have favourites. 

4. Don’t take any sides during a conflict. Always focus on solving the problem.

5. Don’t gossip and never vent to anyone at work.",2025-10-29T01:39:45+07:00,,3753539386203161975,threads,threads.com,threads_crawler_v1,https://www.threads.net/@yoursilentpower/post/DQXQC9FE8V3,https://scontent-hkg4-2.cdninstagram.com/v/t51.2885-19/542223661_17849069403546527_1927515920196573610_n.jpg?stp=dst-jpg_s150x150_tt6&efg=eyJ2ZW5jb2RlX3RhZyI6InByb2ZpbGVfcGljLmRqYW5nby44NjQuYzIifQ&_nc_ht=scontent-hkg4-2.cdninstagram.com&_nc_cat=111&_nc_oc=Q6cZ2QHnQHPvuFeFVB_xjHo1mUCQik9Rue9g16dBMYRh7URYRyKB_3JrvJF9x-acLoZ-AT4&_nc_ohc=NPqPFHf4XYwQ7kNvwHH2vx2&_nc_gid=1GktsQf9ulId4iJkVgnXEw&edm=AJhczIQBAAAA&ccb=7-5&oh=00_AfpB1rIWC7krVOaHfhiwj7dtse7zOnG96Q8Hp0FifSwh-g&oe=6975F156&_nc_sid=4a2096,7,0,1071,110,0,[],,https://www.threads.net/@yoursilentpower/post/DQXQC9FE8V3,[],"{'likes': 1071, 'reposts': 109, 'quotes': 1}",threads,3753539386203161975,Your Silent Power | Regain yourself | Self Improvement,,"5 rules to outsmart corporate politics

1. Document everything. 

2. Don’t talk too much over teams chat. Always watch your language and don’t send angry or emotional messages to anyone. Use it only for quick updates or for checking in 

3. Be friendly with everyone. Treat everyone equally. Don’t have favourites. 

4. Don’t take any sides during a conflict. Always focus on solving the problem.

5. Don’t gossip and never vent to anyone at work.",threads,76483874526,yoursilentpower
[],2026-01-21T09:28:21.811384+07:00,"Its a Healthy Relationship When

- You communicate openly.
- Boundaries are respected.
- Trust is Solid.
- You feel supported.
- Conflicts are handled calmly.
- Goals and values align.
- There's room for independence.
- Appreciation id shown often.
- Both put in effort.",2025-10-03T21:50:05+07:00,,3735304402912849193,threads,threads.com,threads_crawler_v1,https://www.threads.net/@mdmeez9/post/DPWd5Bfkq0p,https://scontent-hkg1-1.cdninstagram.com/v/t51.2885-19/456258521_1590038748583325_5136654824857224921_n.jpg?stp=dst-jpg_s150x150_tt6&efg=eyJ2ZW5jb2RlX3RhZyI6InByb2ZpbGVfcGljLmRqYW5nby4xMDgwLmMyIn0&_nc_ht=scontent-hkg1-1.cdninstagram.com&_nc_cat=105&_nc_oc=Q6cZ2QHnQHPvuFeFVB_xjHo1mUCQik9Rue9g16dBMYRh7URYRyKB_3JrvJF9x-acLoZ-AT4&_nc_ohc=UX82TElQSb0Q7kNvwF7J3z_&_nc_gid=1GktsQf9ulId4iJkVgnXEw&edm=AJhczIQBAAAA&ccb=7-5&oh=00_AfqDDKtHxf8y5LtWUytljEjVuNwsnkYU_caqU0VDolvoyw&oe=69760205&_nc_sid=4a2096,3,0,491,91,0,[],,https://www.threads.net/@mdmeez9/post/DPWd5Bfkq0p,[],"{'likes': 491, 'reposts': 89, 'quotes': 2}",threads,3735304402912849193,Md Meez (Leo),Relationships,"Its a Healthy Relationship When

- You communicate openly.
- Boundaries are respected.
- Trust is Solid.
- You feel supported.
- Conflicts are handled calmly.
- Goals and values align.
- There's room for independence.
- Appreciation id shown often.
- Both put in effort.",threads,63056151465,mdmeez9
[],2026-01-21T09:28:21.811425+07:00,"Công Thức IELTS Speaking Part 3 mình LUÔN sử dụng để IELTS Speaking đạt 8.0 trong 3 lần gần nhất? 

[Và Full bộ tài liệu đi kèm 85 Ví dụ mẫu, 7 Idioms-3 Collocations cho mỗi Câu Sample]

Nếu bạn muốn đạt điểm Speaking cao, từ >7.5 trở lên, Phần Part 3 bạn nên đặc biệt lưu ý 

1 Framwork mình luôn sử dụng cho P3, đó là 

1) Anecdotes: Trải nghiệm cá nhân 
2) Background: Thông tin bối cảnh, context của câu hỏi
3) Conflict: Discuss mặt Pros/Cons của câu hỏi
4) Development: GIải pháp, dự đoán 

Và",2025-03-28T15:36:49+07:00,,3598133913283096983,threads,threads.com,threads_crawler_v1,https://www.threads.net/@imvictorpham/post/DHvI7r7hnGX,https://scontent-hkg4-1.cdninstagram.com/v/t51.2885-19/448361809_1534114907536668_3085011574220972456_n.jpg?stp=dst-jpg_s150x150_tt6&efg=eyJ2ZW5jb2RlX3RhZyI6InByb2ZpbGVfcGljLmRqYW5nby44MjQuYzIifQ&_nc_ht=scontent-hkg4-1.cdninstagram.com&_nc_cat=100&_nc_oc=Q6cZ2QHnQHPvuFeFVB_xjHo1mUCQik9Rue9g16dBMYRh7URYRyKB_3JrvJF9x-acLoZ-AT4&_nc_ohc=Mpn-Ht2q3ysQ7kNvwGiIMe0&_nc_gid=1GktsQf9ulId4iJkVgnXEw&edm=AJhczIQBAAAA&ccb=7-5&oh=00_Afp-zVUf2r1d601JaqFnxNddHzhaJHMgn7ee3GJPORy99w&oe=69761BD8&_nc_sid=4a2096,4,0,250,76,0,['https://scontent-hkg4-1.cdninstagram.com/v/t51.2885-15/486225953_17889373596224264_8598353974343974041_n.jpg?stp=cp6_dst-jpg_e35_tt6&efg=eyJ2ZW5jb2RlX3RhZyI6InRocmVhZHMuQ0FST1VTRUxfSVRFTS5pbWFnZV91cmxnZW4uMTEyNHgxNDU2LnNkci5mNzU3NjEuZGVmYXVsdF9pbWFnZS5jMiJ9&_nc_ht=scontent-hkg4-1.cdninstagram.com&_nc_cat=108&_nc_oc=Q6cZ2QHnQHPvuFeFVB_xjHo1mUCQik9Rue9g16dBMYRh7URYRyKB_3JrvJF9x-acLoZ-AT4&_nc_ohc=HAI8axa1U88Q7kNvwGO2h-e&_nc_gid=1GktsQf9ulId4iJkVgnXEw&edm=AJhczIQBAAAA&ccb=7-5&ig_cache_key=MzU5ODEzMzkwNjI5NTIyNzk4Nw%3D%3D.3-ccb7-5&oh=00_AfoZuwPmRAijysNW6pD95HHc7tX4La39Nnog4lFhyPsqPg&oe=697618CC&_nc_sid=4a2096'],,https://www.threads.net/@imvictorpham/post/DHvI7r7hnGX,[],"{'likes': 250, 'reposts': 75, 'quotes': 1}",threads,3598133913283096983,Phạm Quang Minh,IELTS,"Công Thức IELTS Speaking Part 3 mình LUÔN sử dụng để IELTS Speaking đạt 8.0 trong 3 lần gần nhất? 

[Và Full bộ tài liệu đi kèm 85 Ví dụ mẫu, 7 Idioms-3 Collocations cho mỗi Câu Sample]

Nếu bạn muốn đạt điểm Speaking cao, từ >7.5 trở lên, Phần Part 3 bạn nên đặc biệt lưu ý 

1 Framwork mình luôn sử dụng cho P3, đó là 

1) Anecdotes: Trải nghiệm cá nhân 
2) Background: Thông tin bối cảnh, context của câu hỏi
3) Conflict: Discuss mặt Pros/Cons của câu hỏi
4) Development: GIải pháp, dự đoán 

Và",threads,66800520263,imvictorpham
[],2026-01-21T09:28:21.811457+07:00,"At this point I realized that marriage is not for lovers. It's for forgivers, sacrificers, grown adults. Why? You can love someone and still hurt them. Still disappoint them. Still forget their needs. Love alone is not enough. 

At this point I realized that real marriage needs emotional maturity, conflict resolution, humility, communication and a lots of forgiveness. You'll forgive things you swore you never could.",2025-07-06T13:12:31+07:00,,3670538860477483367,threads,threads.com,threads_crawler_v1,https://www.threads.net/@jo.xbqxri/post/DLwX6VxBwln,https://scontent-hkg1-2.cdninstagram.com/v/t51.2885-19/612069471_17906082453338642_7457763693326693702_n.jpg?stp=dst-jpg_s150x150_tt6&efg=eyJ2ZW5jb2RlX3RhZyI6InByb2ZpbGVfcGljLmRqYW5nby40NDQuYzIifQ&_nc_ht=scontent-hkg1-2.cdninstagram.com&_nc_cat=102&_nc_oc=Q6cZ2QHnQHPvuFeFVB_xjHo1mUCQik9Rue9g16dBMYRh7URYRyKB_3JrvJF9x-acLoZ-AT4&_nc_ohc=biZRampcw9IQ7kNvwFJ9MIw&_nc_gid=1GktsQf9ulId4iJkVgnXEw&edm=AJhczIQBAAAA&ccb=7-5&oh=00_Afp-ssQny17bEFqF6e7HQ6EllAsf5imzq5r3Y0j_KpUTMw&oe=697623FC&_nc_sid=4a2096,62,0,8920,2912,0,[],,https://www.threads.net/@jo.xbqxri/post/DLwX6VxBwln,[],"{'likes': 8920, 'reposts': 2827, 'quotes': 85}",threads,3670538860477483367,QØYÏ,,"At this point I realized that marriage is not for lovers. It's for forgivers, sacrificers, grown adults. Why? You can love someone and still hurt them. Still disappoint them. Still forget their needs. Love alone is not enough. 

At this point I realized that real marriage needs emotional maturity, conflict resolution, humility, communication and a lots of forgiveness. You'll forgive things you swore you never could.",threads,70186578641,jo.xbqxri
[],2026-01-21T09:28:21.811487+07:00,"You date a 'nice guy'.
Sweet, polite, never yells, never argues. At first, it feels peaceful.. finally, no drama.

But after a while, it hits you. You’re the one planning everything. You’re the one starting all the serious talks. You’re the one carrying the emotional load.

You tell him how lonely you feel, how exhausted you are from doing it all.
He listens.. nods.. says, 'I’m sorry you feel that way'.
Then nothing changes. He still shuts down. Avoids conflict. Takes zero initiative.",2025-12-14T08:45:03+07:00,,3787093133675982771,threads,threads.com,threads_crawler_v1,https://www.threads.net/@ashaannart/post/DSOdSPkE--z,https://scontent-hkg1-1.cdninstagram.com/v/t51.2885-19/464652553_566188846099993_391586221392230308_n.jpg?stp=dst-jpg_s150x150_tt6&efg=eyJ2ZW5jb2RlX3RhZyI6InByb2ZpbGVfcGljLmRqYW5nby43MjAuYzIifQ&_nc_ht=scontent-hkg1-1.cdninstagram.com&_nc_cat=101&_nc_oc=Q6cZ2QHnQHPvuFeFVB_xjHo1mUCQik9Rue9g16dBMYRh7URYRyKB_3JrvJF9x-acLoZ-AT4&_nc_ohc=LGcnp7T-kVkQ7kNvwFZehXI&_nc_gid=1GktsQf9ulId4iJkVgnXEw&edm=AJhczIQBAAAA&ccb=7-5&oh=00_AfqW8Jgc0vr616x0nTR_osSRpZoj2Xalk5r9HljRNLH6kg&oe=6975F8C0&_nc_sid=4a2096,160,0,3770,567,0,[],,https://www.threads.net/@ashaannart/post/DSOdSPkE--z,[],"{'likes': 3770, 'reposts': 540, 'quotes': 27}",threads,3787093133675982771,安娜 art & life journal,,"You date a 'nice guy'.
Sweet, polite, never yells, never argues. At first, it feels peaceful.. finally, no drama.

But after a while, it hits you. You’re the one planning everything. You’re the one starting all the serious talks. You’re the one carrying the emotional load.

You tell him how lonely you feel, how exhausted you are from doing it all.
He listens.. nods.. says, 'I’m sorry you feel that way'.
Then nothing changes. He still shuts down. Avoids conflict. Takes zero initiative.",threads,69797027860,ashaannart
[],2026-01-21T09:28:21.811515+07:00,"Selling 2 Les Misérables World Tour Spectacular tickets
📅 Sat, Jan 24, 2026 | 8:00 PM
📍 The Theatre at Solaire
🎟 ORC3 – Row Y, Seats 33 & 34 (A Reserve)

RFS: Schedule conflict
PM me if interested. Thank you!",2026-01-15T17:29:56+07:00,,3810550136184223762,threads,threads.com,threads_crawler_v1,https://www.threads.net/@jasminerenzel/post/DThyyjiE7gS,https://scontent-hkg1-2.cdninstagram.com/v/t51.2885-19/516834740_17917245336107971_1610547875562424088_n.jpg?stp=dst-jpg_s150x150_tt6&efg=eyJ2ZW5jb2RlX3RhZyI6InByb2ZpbGVfcGljLmRqYW5nby4xMDgwLmMyIn0&_nc_ht=scontent-hkg1-2.cdninstagram.com&_nc_cat=107&_nc_oc=Q6cZ2QHnQHPvuFeFVB_xjHo1mUCQik9Rue9g16dBMYRh7URYRyKB_3JrvJF9x-acLoZ-AT4&_nc_ohc=5z7lFX_DS00Q7kNvwHsl3BJ&_nc_gid=1GktsQf9ulId4iJkVgnXEw&edm=AJhczIQBAAAA&ccb=7-5&oh=00_Afriak5rWx0canEL0Yq0xHdjOyfu1snBnj6hqUJ4-kWhmA&oe=6975F056&_nc_sid=4a2096,3,0,2,0,0,['https://scontent-hkg1-2.cdninstagram.com/v/t51.2885-15/616563243_17939452020107971_8493084991028547696_n.jpg?stp=cp6_dst-jpg_e35_tt6&efg=eyJ2ZW5jb2RlX3RhZyI6InRocmVhZHMuRkVFRC5pbWFnZV91cmxnZW4uMTI5MHg1OTAuc2RyLmY4Mjc4Ny5kZWZhdWx0X2ltYWdlLmMyIn0&_nc_ht=scontent-hkg1-2.cdninstagram.com&_nc_cat=107&_nc_oc=Q6cZ2QHnQHPvuFeFVB_xjHo1mUCQik9Rue9g16dBMYRh7URYRyKB_3JrvJF9x-acLoZ-AT4&_nc_ohc=UpHwApx0PCYQ7kNvwHRRb2W&_nc_gid=1GktsQf9ulId4iJkVgnXEw&edm=AJhczIQBAAAA&ccb=7-5&ig_cache_key=MzgxMDU1MDEzNjE4NDIyMzc2Mg%3D%3D.3-ccb7-5&oh=00_AfpzQ6N-PP5HYnFWOvSzI-jj4BEIL8r6Im0DQ7gacDkAOA&oe=697608DC&_nc_sid=4a2096'],,https://www.threads.net/@jasminerenzel/post/DThyyjiE7gS,[],"{'likes': 2, 'reposts': 0, 'quotes': 0}",threads,3810550136184223762,Jasmine ♡,Les miserables,"Selling 2 Les Misérables World Tour Spectacular tickets
📅 Sat, Jan 24, 2026 | 8:00 PM
📍 The Theatre at Solaire
🎟 ORC3 – Row Y, Seats 33 & 34 (A Reserve)

RFS: Schedule conflict
PM me if interested. Thank you!",threads,63252547970,jasminerenzel
[],2026-01-21T09:28:21.811544+07:00,"☀️ Weekend Predictions ☀️

Cancer ♋️ Scorpio ♏️ Pisces ♓️ 

- Finally getting the clarity you needed on something that previously disappointed you 
- Some type of truth coming out or being revealed or this could be you giving this truth or clarity and it resulting in a loss or disappointment 
- Someone feeling regretful about you 
- Not feeling supported 
- Conflict around the home 
- Setting a boundary or cutting someone off who’s been unpredictable with you 
⬇️",2026-01-17T01:05:28+07:00,,3811504194264360922,threads,threads.com,threads_crawler_v1,https://www.threads.net/@mzpurpleladyyy/post/DTlLt7XCefa,https://scontent-hkg1-2.cdninstagram.com/v/t51.2885-19/609383844_17913496380266354_4616845494933180947_n.jpg?stp=dst-jpg_s150x150_tt6&efg=eyJ2ZW5jb2RlX3RhZyI6InByb2ZpbGVfcGljLmRqYW5nby4xMDgwLmMyIn0&_nc_ht=scontent-hkg1-2.cdninstagram.com&_nc_cat=102&_nc_oc=Q6cZ2QHnQHPvuFeFVB_xjHo1mUCQik9Rue9g16dBMYRh7URYRyKB_3JrvJF9x-acLoZ-AT4&_nc_ohc=Ve9yPzC_jyoQ7kNvwFoLR9s&_nc_gid=1GktsQf9ulId4iJkVgnXEw&edm=AJhczIQBAAAA&ccb=7-5&oh=00_AfqWbUzPq-lR2Yt6m9ep4dL701NBfFABMN_ZZXtpI3sHYA&oe=69760FF8&_nc_sid=4a2096,2,0,36,0,0,[],,https://www.threads.net/@mzpurpleladyyy/post/DTlLt7XCefa,[],"{'likes': 36, 'reposts': 0, 'quotes': 0}",threads,3811504194264360922,Chelsey Ciara,,"☀️ Weekend Predictions ☀️

Cancer ♋️ Scorpio ♏️ Pisces ♓️ 

- Finally getting the clarity you needed on something that previously disappointed you 
- Some type of truth coming out or being revealed or this could be you giving this truth or clarity and it resulting in a loss or disappointment 
- Someone feeling regretful about you 
- Not feeling supported 
- Conflict around the home 
- Setting a boundary or cutting someone off who’s been unpredictable with you 
⬇️",threads,68002882353,mzpurpleladyyy
[],2026-01-21T09:28:21.811574+07:00,"As a therapist, I often see that people raised in chaotic and unsafe homes become masters of emotional regulation, for everyone else’s nervous systems but their own. They anticipate moods, avoid conflict, and take responsibility for other people’s feelings. This isn’t only empathy, it’s survival. Healing begins when you give yourself the care you always gave away. If that resonates, maybe this Threads page is for you. You are not alone.",2025-04-22T12:14:35+07:00,,3616151519826894488,threads,threads.com,threads_crawler_v1,https://www.threads.net/@holistic.therapist/post/DIvJqXpRV6Y,https://scontent-hkg4-1.cdninstagram.com/v/t51.2885-19/464469248_1450958322959768_547385869361611643_n.jpg?stp=dst-jpg_s150x150_tt6&efg=eyJ2ZW5jb2RlX3RhZyI6InByb2ZpbGVfcGljLmRqYW5nby4xMDgwLmMyIn0&_nc_ht=scontent-hkg4-1.cdninstagram.com&_nc_cat=108&_nc_oc=Q6cZ2QHnQHPvuFeFVB_xjHo1mUCQik9Rue9g16dBMYRh7URYRyKB_3JrvJF9x-acLoZ-AT4&_nc_ohc=BazHSDte_hkQ7kNvwFWDvRE&_nc_gid=1GktsQf9ulId4iJkVgnXEw&edm=AJhczIQBAAAA&ccb=7-5&oh=00_Afp26L1A7GhPKcM-AQcZtcmoRt7bhHEWYlxOIGvKXbsZuA&oe=6975FF1D&_nc_sid=4a2096,194,0,14776,937,0,[],,https://www.threads.net/@holistic.therapist/post/DIvJqXpRV6Y,[],"{'likes': 14776, 'reposts': 897, 'quotes': 40}",threads,3616151519826894488,Dr. Keean Menard,,"As a therapist, I often see that people raised in chaotic and unsafe homes become masters of emotional regulation, for everyone else’s nervous systems but their own. They anticipate moods, avoid conflict, and take responsibility for other people’s feelings. This isn’t only empathy, it’s survival. Healing begins when you give yourself the care you always gave away. If that resonates, maybe this Threads page is for you. You are not alone.",threads,63221839601,holistic.therapist
[],2026-01-21T09:28:21.811603+07:00,"Congress just voted down the Venezuela War Powers Resolution, 211–213.

A War Powers Resolution is Congress using its constitutional authority to say: the president does not have approval to engage US military forces in a conflict without explicit authorization. It is not a declaration of war. It is a leash. When passed, it limits or ends unauthorized military involvement, usually airstrikes, special operations, advisors, or “temporary” deployments that quietly turn into forever wars. 🧵⏬",2025-12-18T08:25:03+07:00,,3789982164533088634,threads,threads.com,threads_crawler_v1,https://www.threads.net/@fieldspells/post/DSYuLLOD5F6,https://scontent-hkg4-1.cdninstagram.com/v/t51.2885-19/589954707_17931118677117612_8367383987974208552_n.jpg?stp=dst-jpg_s150x150_tt6&efg=eyJ2ZW5jb2RlX3RhZyI6InByb2ZpbGVfcGljLmRqYW5nby4xMDgwLmMyIn0&_nc_ht=scontent-hkg4-1.cdninstagram.com&_nc_cat=100&_nc_oc=Q6cZ2QHnQHPvuFeFVB_xjHo1mUCQik9Rue9g16dBMYRh7URYRyKB_3JrvJF9x-acLoZ-AT4&_nc_ohc=E7FUMaw3CkgQ7kNvwEAN22M&_nc_gid=1GktsQf9ulId4iJkVgnXEw&edm=AJhczIQBAAAA&ccb=7-5&oh=00_AfqhS7RzliQevSjPkB6aIKAw0UnJXASswNQaR0X1dsYILA&oe=6975FD32&_nc_sid=4a2096,48,0,209,39,0,[],,https://www.threads.net/@fieldspells/post/DSYuLLOD5F6,[],"{'likes': 209, 'reposts': 34, 'quotes': 5}",threads,3789982164533088634,Sia 𖤓,Venezuela War,"Congress just voted down the Venezuela War Powers Resolution, 211–213.

A War Powers Resolution is Congress using its constitutional authority to say: the president does not have approval to engage US military forces in a conflict without explicit authorization. It is not a declaration of war. It is a leash. When passed, it limits or ends unauthorized military involvement, usually airstrikes, special operations, advisors, or “temporary” deployments that quietly turn into forever wars. 🧵⏬",threads,63416405611,fieldspells
[],2026-01-21T09:28:21.811637+07:00,"If they wanted to they would is a false statement. We vastly overestimate people’s capacity for emotional regulation, conflict resolution, and self reflection. Many want to, they just don’t know how.

Stop taking other people’s limits, personally.",2025-01-09T00:20:19+07:00,,3541140115281546178,threads,threads.com,threads_crawler_v1,https://www.threads.net/@the.holistic.psychologist/post/DEkqCxPPgvC,https://scontent-hkg4-1.cdninstagram.com/v/t51.2885-19/358185641_797991415120896_9195931555458647163_n.jpg?stp=dst-jpg_s150x150_tt6&efg=eyJ2ZW5jb2RlX3RhZyI6InByb2ZpbGVfcGljLmRqYW5nby41OTAuYzIifQ&_nc_ht=scontent-hkg4-1.cdninstagram.com&_nc_cat=100&_nc_oc=Q6cZ2QHnQHPvuFeFVB_xjHo1mUCQik9Rue9g16dBMYRh7URYRyKB_3JrvJF9x-acLoZ-AT4&_nc_ohc=Q90wo4_AbkcQ7kNvwFMPrx6&_nc_gid=1GktsQf9ulId4iJkVgnXEw&edm=AJhczIQBAAAA&ccb=7-5&oh=00_AfquWZfMkdezmEO6NQCfzLfOYyLNFyHLgsV_TDVgnJFmqg&oe=697623B1&_nc_sid=4a2096,139,0,5198,635,0,[],,https://www.threads.net/@the.holistic.psychologist/post/DEkqCxPPgvC,[],"{'likes': 5198, 'reposts': 598, 'quotes': 37}",threads,3541140115281546178,Dr. Nicole LePera,,"If they wanted to they would is a false statement. We vastly overestimate people’s capacity for emotional regulation, conflict resolution, and self reflection. Many want to, they just don’t know how.

Stop taking other people’s limits, personally.",threads,63370776288,the.holistic.psychologist
[],2026-01-21T09:28:21.811700+07:00,Bitcoin Going to Zero! Why? Global Conflict #btc #bitcoin #bitcoinnews #bitcoinprice #cryptocurrency,2025-11-21T04:19:17+07:00,,3770289142933432445,threads,threads.com,threads_crawler_v1,https://www.threads.net/@scottlubik/post/DRSwf_pDyh9,https://scontent-hkg1-1.cdninstagram.com/v/t51.2885-19/457747204_1555948382021631_7875478400066396034_n.jpg?stp=dst-jpg_s150x150_tt6&efg=eyJ2ZW5jb2RlX3RhZyI6InByb2ZpbGVfcGljLmRqYW5nby45NTguYzIifQ&_nc_ht=scontent-hkg1-1.cdninstagram.com&_nc_cat=1&_nc_oc=Q6cZ2QHnQHPvuFeFVB_xjHo1mUCQik9Rue9g16dBMYRh7URYRyKB_3JrvJF9x-acLoZ-AT4&_nc_ohc=lmjiaaskZE4Q7kNvwG2Bq74&_nc_gid=1GktsQf9ulId4iJkVgnXEw&edm=AJhczIQBAAAA&ccb=7-5&oh=00_AfpjknEzWGu3p0NBiqNAL22M3HTigCG_nn2Rg17I5cH5YQ&oe=69760F2D&_nc_sid=4a2096,65,0,148,30,0,"['https://scontent-hkg4-2.cdninstagram.com/v/t51.2885-15/576561006_4170259613227763_1192996128022556269_n.jpg?stp=dst-jpg_e15_tt6&efg=eyJ2ZW5jb2RlX3RhZyI6InRocmVhZHMuRkVFRC5pbWFnZV91cmxnZW4uNjQweDExMzYuc2RyLmY3MTg3OC5kZWZhdWx0X2NvdmVyX2ZyYW1lLmMyIn0&_nc_ht=scontent-hkg4-2.cdninstagram.com&_nc_cat=111&_nc_oc=Q6cZ2QHnQHPvuFeFVB_xjHo1mUCQik9Rue9g16dBMYRh7URYRyKB_3JrvJF9x-acLoZ-AT4&_nc_ohc=G1v-WGvdPsgQ7kNvwHATOB3&_nc_gid=1GktsQf9ulId4iJkVgnXEw&edm=AJhczIQBAAAA&ccb=7-5&ig_cache_key=Mzc3MDI4OTE0MjkzMzQzMjQ0NQ%3D%3D.3-ccb7-5&oh=00_AfpP7Y_zx5YCactUOL2Pg44PCdVUoa5q2OWH8bVKbGY7aw&oe=69760505&_nc_sid=4a2096', 'https://scontent-hkg1-2.cdninstagram.com/o1/v/t16/f2/m84/AQOWqfkZnVNjh-M7IY09XgJaV6EPuld-lQ1692igk23vyBHbx96BkQaTnOQeeDAkEwUWWt_v5BQPZ5yTt2xj_dY3LQAixYppoUPB5Bs.mp4?_nc_cat=103&_nc_sid=5e9851&_nc_ht=scontent-hkg1-2.cdninstagram.com&_nc_ohc=NRAQSPq8WJYQ7kNvwEmeiOL&efg=eyJ2ZW5jb2RlX3RhZyI6Inhwdl9wcm9ncmVzc2l2ZS5JTlNUQUdSQU0uRkVFRC5DMy43MjAuZGFzaF9iYXNlbGluZV8xX3YxIiwieHB2X2Fzc2V0X2lkIjo3ODMwMTcwMDE0NDA5MjcsImFzc2V0X2FnZV9kYXlzIjo2MSwidmlfdXNlY2FzZV9pZCI6MTAxNjQsImR1cmF0aW9uX3MiOjgwLCJ1cmxnZW5fc291cmNlIjoid3d3In0%3D&ccb=17-1&_nc_gid=1GktsQf9ulId4iJkVgnXEw&_nc_zt=28&vs=1409ea266db951a&_nc_vs=HBksFQIYTGlnX2JhY2tmaWxsX3RpbWVsaW5lX3ZvZC83MzRDRUE3NDk5MTg1RkQwM0NDNjJDOTMwRkIwMURBRl92aWRlb19kYXNoaW5pdC5tcDQVAALIARIAFQIYOnBhc3N0aHJvdWdoX2V2ZXJzdG9yZS9HSjBjNmlLQktqcVBkcG9DQUFMMUhQaE9KZFJiYnNwVEFRQUYVAgLIARIAKAAYABsCiAd1c2Vfb2lsATEScHJvZ3Jlc3NpdmVfcmVjaXBlATEVAAAmvtrKo8uJ5AIVAigCQzMsF0BUIAAAAAAAGBJkYXNoX2Jhc2VsaW5lXzFfdjERAHXqB2XongEA&oh=00_AfpXWLSR-ItISPj92_Aye01xgpTe8d_IfPV6RICxOj8aqw&oe=69723031']",,https://www.threads.net/@scottlubik/post/DRSwf_pDyh9,[],"{'likes': 148, 'reposts': 24, 'quotes': 6}",threads,3770289142933432445,Scott M Lubik,,Bitcoin Going to Zero! Why? Global Conflict #btc #bitcoin #bitcoinnews #bitcoinprice #cryptocurrency,threads,75087475386,scottlubik
[],2026-01-21T09:28:21.811733+07:00,"Hey, thinkers! Let’s dive into Conflict Theory. Check out the slides and let me know what you think. Does Conflict Theory resonate with how you see the world? Let’s discuss! 

Sociology threads",2025-03-19T08:00:06+07:00,,3591381056885325501,threads,threads.com,threads_crawler_v1,https://www.threads.net/@yoursociologist/post/DHXJgsUt369,https://scontent-hkg1-1.cdninstagram.com/v/t51.2885-19/479699479_483564284807701_4971219366101616734_n.jpg?stp=dst-jpg_s150x150_tt6&efg=eyJ2ZW5jb2RlX3RhZyI6InByb2ZpbGVfcGljLmRqYW5nby4zMjAuYzIifQ&_nc_ht=scontent-hkg1-1.cdninstagram.com&_nc_cat=101&_nc_oc=Q6cZ2QHnQHPvuFeFVB_xjHo1mUCQik9Rue9g16dBMYRh7URYRyKB_3JrvJF9x-acLoZ-AT4&_nc_ohc=Lt5ImU1IHE4Q7kNvwEsWSUn&_nc_gid=1GktsQf9ulId4iJkVgnXEw&edm=AJhczIQBAAAA&ccb=7-5&oh=00_Afq1EGkRF3bTcpM3qSSDXhO-XXi1BrtW6jMmeN3kqI2K6Q&oe=697607D5&_nc_sid=4a2096,4,0,20,4,0,['https://scontent-hkg4-1.cdninstagram.com/v/t51.2885-15/484983503_18058058048512500_507074584691335219_n.jpg?stp=dst-jpg_e35_tt6&efg=eyJ2ZW5jb2RlX3RhZyI6InRocmVhZHMuQ0FST1VTRUxfSVRFTS5pbWFnZV91cmxnZW4uMTA4MHgxMDgwLnNkci5mNzU3NjEuZGVmYXVsdF9pbWFnZS5jMiJ9&_nc_ht=scontent-hkg4-1.cdninstagram.com&_nc_cat=100&_nc_oc=Q6cZ2QHnQHPvuFeFVB_xjHo1mUCQik9Rue9g16dBMYRh7URYRyKB_3JrvJF9x-acLoZ-AT4&_nc_ohc=yciPlWGBJhEQ7kNvwEAkPg6&_nc_gid=1GktsQf9ulId4iJkVgnXEw&edm=AJhczIQBAAAA&ccb=7-5&ig_cache_key=MzU5MTM4MTAzOTgzOTQ1NTk1Ng%3D%3D.3-ccb7-5&oh=00_AfpWeqxUBNk-E3jMCGuLVGQiutyRC3QmoXS3uihIRir6mw&oe=6976013D&_nc_sid=4a2096'],,https://www.threads.net/@yoursociologist/post/DHXJgsUt369,[],"{'likes': 20, 'reposts': 4, 'quotes': 0}",threads,3591381056885325501,Juliette,Sociology threads,"Hey, thinkers! Let’s dive into Conflict Theory. Check out the slides and let me know what you think. Does Conflict Theory resonate with how you see the world? Let’s discuss! 

Sociology threads",threads,72313482109,yoursociologist
[],2026-01-21T09:28:21.811764+07:00,"If Trump invades Greenland, military conflict is the least of Americans' concerns. You don't need weapons to bring the US to its knees with its nearly $40 trillion in debt. The rest of the world can collectively dump US bonds & drop the US dollar as the global reserve currency for the Euro & send it into hyperinflation overnight, annihilating the US economy & completely isolating America in the process. Doesn't matter how big your military is if you can't afford to feed & pay your soldiers.",2026-01-07T06:27:07+07:00,,3804418328974338754,threads,threads.com,threads_crawler_v1,https://www.threads.net/@graemefrisque/post/DTMAlBDgCrC,https://scontent-hkg1-2.cdninstagram.com/v/t51.2885-19/618001537_17939014569111086_6454650320561928432_n.jpg?stp=dst-jpg_s150x150_tt6&efg=eyJ2ZW5jb2RlX3RhZyI6InByb2ZpbGVfcGljLmRqYW5nby4xMDgwLmMyIn0&_nc_ht=scontent-hkg1-2.cdninstagram.com&_nc_cat=102&_nc_oc=Q6cZ2QHnQHPvuFeFVB_xjHo1mUCQik9Rue9g16dBMYRh7URYRyKB_3JrvJF9x-acLoZ-AT4&_nc_ohc=HZyzsX8a4ooQ7kNvwHKvwvU&_nc_gid=1GktsQf9ulId4iJkVgnXEw&edm=AJhczIQBAAAA&ccb=7-5&oh=00_AfqfC4agjTO5s_JNG2NzeZeUr3kD2L9E30C2kvZRfJPzYA&oe=69761671&_nc_sid=4a2096,628,0,7621,782,0,[],,https://www.threads.net/@graemefrisque/post/DTMAlBDgCrC,[],"{'likes': 7621, 'reposts': 740, 'quotes': 42}",threads,3804418328974338754,Graeme Frisque,Greenland,"If Trump invades Greenland, military conflict is the least of Americans' concerns. You don't need weapons to bring the US to its knees with its nearly $40 trillion in debt. The rest of the world can collectively dump US bonds & drop the US dollar as the global reserve currency for the Euro & send it into hyperinflation overnight, annihilating the US economy & completely isolating America in the process. Doesn't matter how big your military is if you can't afford to feed & pay your soldiers.",threads,63215239085,graemefrisque
[],2026-01-21T09:28:21.811801+07:00,"Symptoms of CPTSD that no one would assume is CPTSD

•over explaining to avoid conflict
•feeling guilty for setting boundaries
•replaying conversations obsessively
•shutting down when overwhelmed
•struggling to enjoy good moments
•feeling uneasy when things are too calm
•panicking when someone is mad at you",2025-02-02T07:53:37+07:00,,3558762890318757415,threads,threads.com,threads_crawler_v1,https://www.threads.net/@rosebrikpoet/post/DFjQ_5dSr4n,https://scontent-hkg1-1.cdninstagram.com/v/t51.2885-19/416649897_1049234856362436_8733535782192212166_n.jpg?stp=dst-jpg_s150x150_tt6&efg=eyJ2ZW5jb2RlX3RhZyI6InByb2ZpbGVfcGljLmRqYW5nby4xMDgwLmMyIn0&_nc_ht=scontent-hkg1-1.cdninstagram.com&_nc_cat=1&_nc_oc=Q6cZ2QHnQHPvuFeFVB_xjHo1mUCQik9Rue9g16dBMYRh7URYRyKB_3JrvJF9x-acLoZ-AT4&_nc_ohc=0-q0L-64LUUQ7kNvwEBIO3F&_nc_gid=1GktsQf9ulId4iJkVgnXEw&edm=AJhczIQBAAAA&ccb=7-5&oh=00_Afqkhaio2AJNvHZZS-47JRhRaeCcKxke-I5uvaeL_O1gIw&oe=6975F20C&_nc_sid=4a2096,59,0,3460,478,0,[],,https://www.threads.net/@rosebrikpoet/post/DFjQ_5dSr4n,[],"{'likes': 3460, 'reposts': 447, 'quotes': 31}",threads,3558762890318757415,rose brik,,"Symptoms of CPTSD that no one would assume is CPTSD

•over explaining to avoid conflict
•feeling guilty for setting boundaries
•replaying conversations obsessively
•shutting down when overwhelmed
•struggling to enjoy good moments
•feeling uneasy when things are too calm
•panicking when someone is mad at you",threads,63077079902,rosebrikpoet
[],2026-01-21T09:28:21.811852+07:00,"THE DIFFERENCE BETWEEN SOUL-TIES, TRAUMA-BONDS, & DESTINY-BONDS
1. Soul-Tie
Formed through:
	•	sex
	•	emotional dependency
	•	shared sin
	•	attachment without covenant
It binds wounds… not futures.
2. Trauma-Bond
Formed through:
	•	chaos cycles
	•	intermittent affection
	•	conflict → apology loops
	•	abandonment → pursuit → reward
	•	inconsistent love
This creates addiction… not love.
Trauma bonds FEEL strong because they attach to the survival nervous system…",2026-01-14T07:35:15+07:00,,3809526045163322078,threads,threads.com,threads_crawler_v1,https://www.threads.net/@kennysrich/post/DTeJ8Ecjvre,https://scontent-hkg4-1.cdninstagram.com/v/t51.2885-19/603893030_17937257952112836_6415604537299459230_n.jpg?stp=dst-jpg_s150x150_tt6&efg=eyJ2ZW5jb2RlX3RhZyI6InByb2ZpbGVfcGljLmRqYW5nby4xMDgwLmMyIn0&_nc_ht=scontent-hkg4-1.cdninstagram.com&_nc_cat=100&_nc_oc=Q6cZ2QHnQHPvuFeFVB_xjHo1mUCQik9Rue9g16dBMYRh7URYRyKB_3JrvJF9x-acLoZ-AT4&_nc_ohc=v9jTvDaLDIUQ7kNvwFBlAof&_nc_gid=1GktsQf9ulId4iJkVgnXEw&edm=AJhczIQBAAAA&ccb=7-5&oh=00_Afqwb7J9ejY7v-C6yuPPKjcoYHwHUC9u5m1g-sZ0LGvY9Q&oe=697625AA&_nc_sid=4a2096,6,0,95,14,0,[],,https://www.threads.net/@kennysrich/post/DTeJ8Ecjvre,[],"{'likes': 95, 'reposts': 13, 'quotes': 1}",threads,3809526045163322078,KENNY S. RICH,,"THE DIFFERENCE BETWEEN SOUL-TIES, TRAUMA-BONDS, & DESTINY-BONDS
1. Soul-Tie
Formed through:
	•	sex
	•	emotional dependency
	•	shared sin
	•	attachment without covenant
It binds wounds… not futures.
2. Trauma-Bond
Formed through:
	•	chaos cycles
	•	intermittent affection
	•	conflict → apology loops
	•	abandonment → pursuit → reward
	•	inconsistent love
This creates addiction… not love.
Trauma bonds FEEL strong because they attach to the survival nervous system…",threads,63461136835,kennysrich
[],2026-01-21T09:28:21.811881+07:00,"THE DISMISSIVE AVOIDANT WHO
THINKS HE’S A ""GOOD GUY""

This is the man who genuinely believes he's emotionally healthy because he's not yelling, cheating, or starting drama.
He avoids conflict, talks in a calm voice, maybe even reads self-help. But his version of ""love"" is emotionally absent. He equates detachment with maturity.",2025-12-28T13:30:14+07:00,,3797383528120702353,threads,threads.com,threads_crawler_v1,https://www.threads.net/@sincere.emotion/post/DSzBDMNjdWR,https://scontent-hkg1-1.cdninstagram.com/v/t51.2885-19/499595314_17861811858406864_2604805223628848290_n.jpg?stp=dst-jpg_s150x150_tt6&efg=eyJ2ZW5jb2RlX3RhZyI6InByb2ZpbGVfcGljLmRqYW5nby4zMjAuYzIifQ&_nc_ht=scontent-hkg1-1.cdninstagram.com&_nc_cat=1&_nc_oc=Q6cZ2QHnQHPvuFeFVB_xjHo1mUCQik9Rue9g16dBMYRh7URYRyKB_3JrvJF9x-acLoZ-AT4&_nc_ohc=3nAamjCBSegQ7kNvwGkvKIs&_nc_gid=1GktsQf9ulId4iJkVgnXEw&edm=AJhczIQBAAAA&ccb=7-5&oh=00_AfruMmXafq3f9b4MCjLKfH8YolVfGwIHfp6HiVXVp8BcyQ&oe=697610DC&_nc_sid=4a2096,180,0,2541,354,0,[],,https://www.threads.net/@sincere.emotion/post/DSzBDMNjdWR,[],"{'likes': 2541, 'reposts': 329, 'quotes': 25}",threads,3797383528120702353,Relationship OCD | Anxiety | Attachment Style,,"THE DISMISSIVE AVOIDANT WHO
THINKS HE’S A ""GOOD GUY""

This is the man who genuinely believes he's emotionally healthy because he's not yelling, cheating, or starting drama.
He avoids conflict, talks in a calm voice, maybe even reads self-help. But his version of ""love"" is emotionally absent. He equates detachment with maturity.",threads,72035446863,sincere.emotion
[],2026-01-21T09:28:21.811910+07:00,"If someone constantly brings up other people when you have conflict, you’re being triangulated.

Here’s the manipulation:",2026-01-16T11:00:48+07:00,,3811079053805366027,threads,threads.com,threads_crawler_v1,https://www.threads.net/@kdjrll/post/DTjrDUdACsL,https://scontent-hkg1-1.cdninstagram.com/v/t51.2885-19/612989542_17848438647657669_6594156811520353479_n.jpg?stp=dst-jpg_s150x150_tt6&efg=eyJ2ZW5jb2RlX3RhZyI6InByb2ZpbGVfcGljLmRqYW5nby4xMDgwLmMyIn0&_nc_ht=scontent-hkg1-1.cdninstagram.com&_nc_cat=109&_nc_oc=Q6cZ2QHnQHPvuFeFVB_xjHo1mUCQik9Rue9g16dBMYRh7URYRyKB_3JrvJF9x-acLoZ-AT4&_nc_ohc=WMm05917g4sQ7kNvwFF0xvU&_nc_gid=1GktsQf9ulId4iJkVgnXEw&edm=AJhczIQBAAAA&ccb=7-5&oh=00_AfoyaYeiV_jLRDF6SPPQ3rriI00ZdMEnQoxbJT-_rUMPbA&oe=69760D63&_nc_sid=4a2096,19,0,228,41,0,[],,https://www.threads.net/@kdjrll/post/DTjrDUdACsL,[],"{'likes': 228, 'reposts': 38, 'quotes': 3}",threads,3811079053805366027,,,"If someone constantly brings up other people when you have conflict, you’re being triangulated.

Here’s the manipulation:",threads,79846905668,kdjrll
[],2026-01-21T09:28:21.811939+07:00,"This week I was walking to the gym and this man refused to give space on the sidewalk as he strode towards me. He was aggressive.  I usually stand ground but I'm tired of conflict lately. I began to step aside...
but then one of the crows (quite distinct, we call him Shiro) that I've fed in my backyard dive bombed him. Flew right for his head. The man had to swerve and duck to avoid being struck in the head.
To say I feel graced does not quite capture it.",2025-03-29T11:35:37+07:00,,3598737290399622130,threads,threads.com,threads_crawler_v1,https://www.threads.net/@kat.ogden/post/DHxSH-qOKPy,https://scontent-hkg4-1.cdninstagram.com/v/t51.2885-19/358797390_6247805331939348_4150175588292945635_n.jpg?stp=dst-jpg_s150x150_tt6&efg=eyJ2ZW5jb2RlX3RhZyI6InByb2ZpbGVfcGljLmRqYW5nby4xMDgwLmMyIn0&_nc_ht=scontent-hkg4-1.cdninstagram.com&_nc_cat=100&_nc_oc=Q6cZ2QHnQHPvuFeFVB_xjHo1mUCQik9Rue9g16dBMYRh7URYRyKB_3JrvJF9x-acLoZ-AT4&_nc_ohc=JFoPvx4Zeg4Q7kNvwEY0xBA&_nc_gid=1GktsQf9ulId4iJkVgnXEw&edm=AJhczIQBAAAA&ccb=7-5&oh=00_AfpMNe-bSbdBdhUI84ot5as2kK28FbiH54L4Ou_JcGQt1w&oe=6975F93F&_nc_sid=4a2096,929,0,49776,532,0,[],,https://www.threads.net/@kat.ogden/post/DHxSH-qOKPy,[],"{'likes': 49776, 'reposts': 512, 'quotes': 20}",threads,3598737290399622130,Kat Ogden,,"This week I was walking to the gym and this man refused to give space on the sidewalk as he strode towards me. He was aggressive.  I usually stand ground but I'm tired of conflict lately. I began to step aside...
but then one of the crows (quite distinct, we call him Shiro) that I've fed in my backyard dive bombed him. Flew right for his head. The man had to swerve and duck to avoid being struck in the head.
To say I feel graced does not quite capture it.",threads,63262346681,kat.ogden
[],2026-01-21T09:28:21.811971+07:00,"What’s Coming Towards You? 
Taurus 🌍 Virgo 🌍 Capricorn 🌍

A new look or new environment, I’m seeing different city new vibes. Someone changed their hair color and got a new piercing or wants one. You’re releasing the old to welcome in new experiences it’s overdue. There will be conflict with an Air Sign Water Sign Virgo and Leo placements coming in soon, this person is stuck on having things their way. For some of you this will be concerning finances, someone wants to take more than they can",2026-01-15T00:07:52+07:00,,3810025646647603354,threads,threads.com,threads_crawler_v1,https://www.threads.net/@mswittywiththetitties/post/DTf7iOljvCa,https://scontent-hkg1-2.cdninstagram.com/v/t51.2885-19/531302447_17889716139330266_334376181638125872_n.jpg?stp=dst-jpg_s150x150_tt6&efg=eyJ2ZW5jb2RlX3RhZyI6InByb2ZpbGVfcGljLmRqYW5nby41ODAuYzIifQ&_nc_ht=scontent-hkg1-2.cdninstagram.com&_nc_cat=102&_nc_oc=Q6cZ2QGIyQJ5QGF-L1Y2Euji2rB0rPYEb8-CIT-xbt5ZWzX1NaG2a2cRuGvUbv_XUK2TK80&_nc_ohc=VhvqxB-TSBgQ7kNvwFKnDox&_nc_gid=Yas2K4DTN_qpdqAuN5QPPw&edm=AJhczIQBAAAA&ccb=7-5&oh=00_Afq_YZmfXABZAuNAPBqvOlf34wH5raRMxRM50zTRoAxPYg&oe=697621E2&_nc_sid=4a2096,19,0,272,8,0,[],,https://www.threads.net/@mswittywiththetitties/post/DTf7iOljvCa,[],"{'likes': 272, 'reposts': 8, 'quotes': 0}",threads,3810025646647603354,Vee Lee,Astrology Threads,"What’s Coming Towards You? 
Taurus 🌍 Virgo 🌍 Capricorn 🌍

A new look or new environment, I’m seeing different city new vibes. Someone changed their hair color and got a new piercing or wants one. You’re releasing the old to welcome in new experiences it’s overdue. There will be conflict with an Air Sign Water Sign Virgo and Leo placements coming in soon, this person is stuck on having things their way. For some of you this will be concerning finances, someone wants to take more than they can",threads,70040514265,mswittywiththetitties
[],2026-01-21T09:28:21.812002+07:00,"I want passive income.
But I also want to do nothing.
This is a personal conflict.",2026-01-18T23:29:57+07:00,,3812905668265459783,threads,threads.com,threads_crawler_v1,https://www.threads.net/@xbella_aix/post/DTqKYDvCUBH,https://scontent-hkg4-1.cdninstagram.com/v/t51.2885-19/619498796_17880909417449424_1737415903505802990_n.jpg?stp=dst-jpg_s150x150_tt6&efg=eyJ2ZW5jb2RlX3RhZyI6InByb2ZpbGVfcGljLmRqYW5nby4xMDgwLmMyIn0&_nc_ht=scontent-hkg4-1.cdninstagram.com&_nc_cat=100&_nc_oc=Q6cZ2QGIyQJ5QGF-L1Y2Euji2rB0rPYEb8-CIT-xbt5ZWzX1NaG2a2cRuGvUbv_XUK2TK80&_nc_ohc=dxk-98ebx1sQ7kNvwFkdC7D&_nc_gid=Yas2K4DTN_qpdqAuN5QPPw&edm=AJhczIQBAAAA&ccb=7-5&oh=00_AfoZxa0vbZW1pONtapOGGR8ELiAPArO48n9WR_cGywHdjw&oe=697624DF&_nc_sid=4a2096,34,0,35,0,0,[],,https://www.threads.net/@xbella_aix/post/DTqKYDvCUBH,[],"{'likes': 35, 'reposts': 0, 'quotes': 0}",threads,3812905668265459783,Bella | Ai Influencer + Content Creator ✨️,,"I want passive income.
But I also want to do nothing.
This is a personal conflict.",threads,73654785423,xbella_aix
[],2026-01-21T09:28:21.812031+07:00,"❗️Вопросы с Final Interview Emirates, которые попались мне:

1. Tell me about yourself, about your experience in customer service
2. Tell me about a time you dealt with a difficult customer
3. A time you went above and beyond with a customer?
4. Why do you want to be cabin crew?
5. Why do you want to work for Emirates?
6. How do you handle pressure?
7. How do you deal with conflicts at work? Tell me about a time you had to solve a conflict.
8. When are you ready to start work?
9. What is your BMI",2025-11-24T21:37:06+07:00,,3772986200010007184,threads,threads.com,threads_crawler_v1,https://www.threads.net/@aya_tlsh/post/DRcVvVyDCKQ,https://scontent-hkg1-2.cdninstagram.com/v/t51.2885-19/588629632_17934320508109059_9104781710662095398_n.jpg?stp=dst-jpg_s150x150_tt6&efg=eyJ2ZW5jb2RlX3RhZyI6InByb2ZpbGVfcGljLmRqYW5nby4xMDgwLmMyIn0&_nc_ht=scontent-hkg1-2.cdninstagram.com&_nc_cat=103&_nc_oc=Q6cZ2QGIyQJ5QGF-L1Y2Euji2rB0rPYEb8-CIT-xbt5ZWzX1NaG2a2cRuGvUbv_XUK2TK80&_nc_ohc=GJCKK2l8NQkQ7kNvwENLkOK&_nc_gid=Yas2K4DTN_qpdqAuN5QPPw&edm=AJhczIQBAAAA&ccb=7-5&oh=00_AfpN7fobkux4l30rwpVQkOqvBcfdr-dti0Az1huIN5ZIwA&oe=69762140&_nc_sid=4a2096,6,0,117,2,0,[],,https://www.threads.net/@aya_tlsh/post/DRcVvVyDCKQ,[],"{'likes': 117, 'reposts': 2, 'quotes': 0}",threads,3772986200010007184,Aya,,"❗️Вопросы с Final Interview Emirates, которые попались мне:

1. Tell me about yourself, about your experience in customer service
2. Tell me about a time you dealt with a difficult customer
3. A time you went above and beyond with a customer?
4. Why do you want to be cabin crew?
5. Why do you want to work for Emirates?
6. How do you handle pressure?
7. How do you deal with conflicts at work? Tell me about a time you had to solve a conflict.
8. When are you ready to start work?
9. What is your BMI",threads,63295997058,aya_tlsh
[],2026-01-21T09:28:21.812062+07:00,"Breaking reports claim an attack targeted Russian President Vladimir Putin’s residence, allegedly involving Ukraine. If confirmed, this marks a major escalation in the ongoing Russia–Ukraine conflict and raises serious global security concerns. The world is closely watching how Moscow responds to this development.

#BreakingNews #RussiaUkraineWar #Putin #UkraineConflict #GlobalTensions",2025-12-31T11:55:08+07:00,,3799509979548452527,threads,threads.com,threads_crawler_v1,https://www.threads.net/@the.financial.info/post/DS6kjIbiYav,https://scontent-hkg1-1.cdninstagram.com/v/t51.2885-19/563045984_17862413670492141_5974254754237380257_n.jpg?stp=dst-jpg_s150x150_tt6&efg=eyJ2ZW5jb2RlX3RhZyI6InByb2ZpbGVfcGljLmRqYW5nby40OTMuYzIifQ&_nc_ht=scontent-hkg1-1.cdninstagram.com&_nc_cat=1&_nc_oc=Q6cZ2QGIyQJ5QGF-L1Y2Euji2rB0rPYEb8-CIT-xbt5ZWzX1NaG2a2cRuGvUbv_XUK2TK80&_nc_ohc=1P53bE_uTc8Q7kNvwG_UNem&_nc_gid=Yas2K4DTN_qpdqAuN5QPPw&edm=AJhczIQBAAAA&ccb=7-5&oh=00_AfoE5nVAKJPGq52to8tLTSm3rEIRTd7FJCnO2e688DmcXw&oe=697625FD&_nc_sid=4a2096,147,0,451,23,0,"['https://scontent-hkg1-2.cdninstagram.com/v/t51.2885-15/608405638_1371893064136072_3079760001839753541_n.jpg?stp=dst-jpg_e15_tt6&efg=eyJ2ZW5jb2RlX3RhZyI6InRocmVhZHMuRkVFRC5pbWFnZV91cmxnZW4uNjQweDgwMC5zZHIuZjcxODc4LmRlZmF1bHRfY292ZXJfZnJhbWUuYzIifQ&_nc_ht=scontent-hkg1-2.cdninstagram.com&_nc_cat=104&_nc_oc=Q6cZ2QGIyQJ5QGF-L1Y2Euji2rB0rPYEb8-CIT-xbt5ZWzX1NaG2a2cRuGvUbv_XUK2TK80&_nc_ohc=fRTFAERf1FQQ7kNvwHsMo6r&_nc_gid=Yas2K4DTN_qpdqAuN5QPPw&edm=AJhczIQBAAAA&ccb=7-5&ig_cache_key=Mzc5OTUwOTk3OTU0ODQ1MjUyNw%3D%3D.3-ccb7-5&oh=00_Afo2h0bO02JwJodbI9LrjN6b7jb3J3sfxmWSQUUkuP67vg&oe=697623F0&_nc_sid=4a2096', 'https://scontent-hkg4-1.cdninstagram.com/o1/v/t2/f2/m86/AQOiqnL_2mojkoLN3ayKP-wL9ouzMtnaMdCob-_5yKSEaQBADrV6wGKVbx_zPEmTsYS3uwXz_FFfHFePhOzlrz2HOKqkMjIQ-38GkV8.mp4?_nc_cat=100&_nc_sid=5e9851&_nc_ht=scontent-hkg4-1.cdninstagram.com&_nc_ohc=r_JYU1ClN_YQ7kNvwGk3wEs&efg=eyJ2ZW5jb2RlX3RhZyI6Inhwdl9wcm9ncmVzc2l2ZS5JTlNUQUdSQU0uRkVFRC5DMy43MjAuZGFzaF9iYXNlbGluZV8xX3YxIiwieHB2X2Fzc2V0X2lkIjoxOTgxNTQ3Njg2MDM2ODQ1LCJhc3NldF9hZ2VfZGF5cyI6MjAsInZpX3VzZWNhc2VfaWQiOjEwMDk5LCJkdXJhdGlvbl9zIjoxNiwidXJsZ2VuX3NvdXJjZSI6Ind3dyJ9&ccb=17-1&_nc_gid=Yas2K4DTN_qpdqAuN5QPPw&_nc_zt=28&vs=8830b4e83b1e33aa&_nc_vs=HBksFQIYUmlnX3hwdl9yZWVsc19wZXJtYW5lbnRfc3JfcHJvZC9GNTQ2NUQwMDg4QUNCNDgwNEI1NzU2Qjc3MzUyQTlCQl92aWRlb19kYXNoaW5pdC5tcDQVAALIARIAFQIYOnBhc3N0aHJvdWdoX2V2ZXJzdG9yZS9HSmE0VENUMWhiSlpCbHdEQUxOYlJhYXowOEVBYnN0VEFRQUYVAgLIARIAKAAYABsCiAd1c2Vfb2lsATEScHJvZ3Jlc3NpdmVfcmVjaXBlATEVAAAm2pX03qCNhQcVAigCQzMsF0AwTMzMzMzNGBJkYXNoX2Jhc2VsaW5lXzFfdjERAHXqB2XmnQEA&oh=00_AfruDZYZld1Pp1Yty5YUYei3zKkWk5dQSP7CeRSEvIsQFw&oe=69720D29']",,https://www.threads.net/@the.financial.info/post/DS6kjIbiYav,[],"{'likes': 451, 'reposts': 18, 'quotes': 5}",threads,3799509979548452527,Santosh | Finance,,"Breaking reports claim an attack targeted Russian President Vladimir Putin’s residence, allegedly involving Ukraine. If confirmed, this marks a major escalation in the ongoing Russia–Ukraine conflict and raises serious global security concerns. The world is closely watching how Moscow responds to this development.

#BreakingNews #RussiaUkraineWar #Putin #UkraineConflict #GlobalTensions",threads,74825823128,the.financial.info
[],2026-01-21T09:28:21.812099+07:00,"I’m so tired of people trying to paint this negative picture of me. Trying to demonize me. Trying to make me out to be this mean, hateful, bitter person. 

Y’all don’t know the half of what I’ve been through. I’m the sweetest soul, but I’m not going to take anybody’s shit anymore. People are used to women who are pushovers, women who lower their heads in the face of conflict, women who keep quiet, and suffer in silence. That’s not me. ⬇️",2025-12-18T14:36:22+07:00,,3790169055823803491,threads,threads.com,threads_crawler_v1,https://www.threads.net/@the_trinity_coach/post/DSZYqzTDjRj,https://scontent-hkg4-2.cdninstagram.com/v/t51.2885-19/473586240_902664468650159_7978725465497617921_n.jpg?stp=dst-jpg_s150x150_tt6&efg=eyJ2ZW5jb2RlX3RhZyI6InByb2ZpbGVfcGljLmRqYW5nby4xMDgwLmMyIn0&_nc_ht=scontent-hkg4-2.cdninstagram.com&_nc_cat=111&_nc_oc=Q6cZ2QGIyQJ5QGF-L1Y2Euji2rB0rPYEb8-CIT-xbt5ZWzX1NaG2a2cRuGvUbv_XUK2TK80&_nc_ohc=rWOmYAS_JOQQ7kNvwHiHR6W&_nc_gid=Yas2K4DTN_qpdqAuN5QPPw&edm=AJhczIQBAAAA&ccb=7-5&oh=00_AfpCQQ3J98zaRbcpgxZVkaxeVtHrC8xFedxgfNiUBJOTww&oe=6975FAEA&_nc_sid=4a2096,47,0,65,6,0,[],,https://www.threads.net/@the_trinity_coach/post/DSZYqzTDjRj,[],"{'likes': 65, 'reposts': 5, 'quotes': 1}",threads,3790169055823803491,Mekeya Easley,Survivor,"I’m so tired of people trying to paint this negative picture of me. Trying to demonize me. Trying to make me out to be this mean, hateful, bitter person. 

Y’all don’t know the half of what I’ve been through. I’m the sweetest soul, but I’m not going to take anybody’s shit anymore. People are used to women who are pushovers, women who lower their heads in the face of conflict, women who keep quiet, and suffer in silence. That’s not me. ⬇️",threads,70661526884,the_trinity_coach
[],2026-01-21T09:28:21.812131+07:00,"A 17-year-old boy str*ngled his 16-year-old ex-girlfriend in the school parking lot.
He had sent her 147 texts that day after she blocked him.
She had a restraining order.
He waited for her between cars.
He told the cops she “made him do it.”
The principal’s statement called it a “tragic conflict between two good kids.”
These are the boys our sisters are told to “give a chance.”",2026-01-05T05:42:22+07:00,,3802946252455981273,threads,threads.com,threads_crawler_v1,https://www.threads.net/@nakedlydressed/post/DTGx3e9irDZ,https://scontent-hkg1-1.cdninstagram.com/v/t51.2885-19/525255473_17916854178115154_1669620103361588785_n.jpg?stp=dst-jpg_s150x150_tt6&efg=eyJ2ZW5jb2RlX3RhZyI6InByb2ZpbGVfcGljLmRqYW5nby4xMDgwLmMyIn0&_nc_ht=scontent-hkg1-1.cdninstagram.com&_nc_cat=1&_nc_oc=Q6cZ2QGIyQJ5QGF-L1Y2Euji2rB0rPYEb8-CIT-xbt5ZWzX1NaG2a2cRuGvUbv_XUK2TK80&_nc_ohc=zCAMWKj8fusQ7kNvwGnhmWa&_nc_gid=Yas2K4DTN_qpdqAuN5QPPw&edm=AJhczIQBAAAA&ccb=7-5&oh=00_Afp3UdEik5G1vStQY25Se1mLK5oh2RFyUslLpLNsT305LA&oe=6975F277&_nc_sid=4a2096,334,0,18613,1118,0,[],,https://www.threads.net/@nakedlydressed/post/DTGx3e9irDZ,[],"{'likes': 18613, 'reposts': 1086, 'quotes': 32}",threads,3802946252455981273,Empowering Women,,"A 17-year-old boy str*ngled his 16-year-old ex-girlfriend in the school parking lot.
He had sent her 147 texts that day after she blocked him.
She had a restraining order.
He waited for her between cars.
He told the cops she “made him do it.”
The principal’s statement called it a “tragic conflict between two good kids.”
These are the boys our sisters are told to “give a chance.”",threads,63402779153,nakedlydressed
[],2026-01-21T09:28:21.812160+07:00,"Dismissive avoidants:
""I want peace.""
Also dismissive avoidants:
silent treatment, emotional walls,
disappearing acts, inconsistency,
mixed signals, withdrawal,
defensiveness, no conflict repair.
Sweetie....you are the chaos.",2025-12-17T13:52:21+07:00,,3789422126004443097,threads,threads.com,threads_crawler_v1,https://www.threads.net/@sincere.emotion/post/DSWu1isgBfZ,https://scontent-hkg1-1.cdninstagram.com/v/t51.2885-19/499595314_17861811858406864_2604805223628848290_n.jpg?stp=dst-jpg_s150x150_tt6&efg=eyJ2ZW5jb2RlX3RhZyI6InByb2ZpbGVfcGljLmRqYW5nby4zMjAuYzIifQ&_nc_ht=scontent-hkg1-1.cdninstagram.com&_nc_cat=1&_nc_oc=Q6cZ2QGIyQJ5QGF-L1Y2Euji2rB0rPYEb8-CIT-xbt5ZWzX1NaG2a2cRuGvUbv_XUK2TK80&_nc_ohc=3nAamjCBSegQ7kNvwGkvKIs&_nc_gid=Yas2K4DTN_qpdqAuN5QPPw&edm=AJhczIQBAAAA&ccb=7-5&oh=00_Afpnc5aXGK87LVgS3Qpeju5AeTrPDRJDklxquh7lUt-F6w&oe=697610DC&_nc_sid=4a2096,37,0,2134,311,0,[],,https://www.threads.net/@sincere.emotion/post/DSWu1isgBfZ,[],"{'likes': 2134, 'reposts': 293, 'quotes': 18}",threads,3789422126004443097,Relationship OCD | Anxiety | Attachment Style,,"Dismissive avoidants:
""I want peace.""
Also dismissive avoidants:
silent treatment, emotional walls,
disappearing acts, inconsistency,
mixed signals, withdrawal,
defensiveness, no conflict repair.
Sweetie....you are the chaos.",threads,72035446863,sincere.emotion
[],2026-01-21T09:28:21.812190+07:00,"The Bible shows that polygamy often led to conflict , jealousy , idolatry , and sin . God’s Ideal Marriage was : 
Genesis 2:24 – One man, one woman: “A man shall leave his father and mother and hold fast to his wife, and they shall become one flesh .”
Even though he tolerated polygamy in a fallen, sinful world . Matthew 19:4–6 Jesus affirms God’s original design as monogamous marriage",2026-01-12T12:05:42+07:00,,3808212616313898993,threads,threads.com,threads_crawler_v1,https://www.threads.net/@itgirlapril/post/DTZfTKgjQfx,https://scontent-hkg4-1.cdninstagram.com/v/t51.2885-19/477910605_575099178853176_8489219642691355003_n.jpg?stp=dst-jpg_s150x150_tt6&efg=eyJ2ZW5jb2RlX3RhZyI6InByb2ZpbGVfcGljLmRqYW5nby4xMDQ0LmMyIn0&_nc_ht=scontent-hkg4-1.cdninstagram.com&_nc_cat=100&_nc_oc=Q6cZ2QGIyQJ5QGF-L1Y2Euji2rB0rPYEb8-CIT-xbt5ZWzX1NaG2a2cRuGvUbv_XUK2TK80&_nc_ohc=1pdjWTO1hjIQ7kNvwG06e0c&_nc_gid=Yas2K4DTN_qpdqAuN5QPPw&edm=AJhczIQBAAAA&ccb=7-5&oh=00_AfrbZ0WUi0LLPjn0v0BR_zgRcfhL0WzjdAWdAMNdbnAWrQ&oe=6975F924&_nc_sid=4a2096,149,0,52,6,0,[],,https://www.threads.net/@itgirlapril/post/DTZfTKgjQfx,[],"{'likes': 52, 'reposts': 6, 'quotes': 0}",threads,3808212616313898993,Itgirlapril,,"The Bible shows that polygamy often led to conflict , jealousy , idolatry , and sin . God’s Ideal Marriage was : 
Genesis 2:24 – One man, one woman: “A man shall leave his father and mother and hold fast to his wife, and they shall become one flesh .”
Even though he tolerated polygamy in a fallen, sinful world . Matthew 19:4–6 Jesus affirms God’s original design as monogamous marriage",threads,63389525864,itgirlapril
[],2026-01-21T09:28:21.812219+07:00,"Opinions, please🙂 I was dating a 52yo man for a bit more than ten months, both committed to future, compatible, deep connection, think we’ve found our person. About two months in, we have a conflict and we start talking about our viewpoints. He starts to gets heated, raises voice, I ask him to leave. Before he does, he makes a few comments (you should work on that in therapy, you’re too intense/emotional, etc). He is quite angry but I don’t respond and he storms out. He calls the next day 🧵1/4",2026-01-09T12:51:27+07:00,,3806061319062112655,threads,threads.com,threads_crawler_v1,https://www.threads.net/@rebecca.sue14/post/DTR2Jq0DUmP,https://scontent-hkg1-2.cdninstagram.com/v/t51.2885-19/542336300_17892673026322970_7785691298538215772_n.jpg?stp=dst-jpg_s150x150_tt6&efg=eyJ2ZW5jb2RlX3RhZyI6InByb2ZpbGVfcGljLmRqYW5nby42OTguYzIifQ&_nc_ht=scontent-hkg1-2.cdninstagram.com&_nc_cat=102&_nc_oc=Q6cZ2QGIyQJ5QGF-L1Y2Euji2rB0rPYEb8-CIT-xbt5ZWzX1NaG2a2cRuGvUbv_XUK2TK80&_nc_ohc=Tc0vP5wu8yEQ7kNvwEhh2Us&_nc_gid=Yas2K4DTN_qpdqAuN5QPPw&edm=AJhczIQBAAAA&ccb=7-5&oh=00_AfpntS4C6cliz-n6NxoIUgh02tKAj4H-9IqN1cOodMSEeA&oe=6976047B&_nc_sid=4a2096,1256,0,602,1,0,[],,https://www.threads.net/@rebecca.sue14/post/DTR2Jq0DUmP,[],"{'likes': 602, 'reposts': 1, 'quotes': 0}",threads,3806061319062112655,Rebecca Lee,BreakupRecovery,"Opinions, please🙂 I was dating a 52yo man for a bit more than ten months, both committed to future, compatible, deep connection, think we’ve found our person. About two months in, we have a conflict and we start talking about our viewpoints. He starts to gets heated, raises voice, I ask him to leave. Before he does, he makes a few comments (you should work on that in therapy, you’re too intense/emotional, etc). He is quite angry but I don’t respond and he storms out. He calls the next day 🧵1/4",threads,69724618969,rebecca.sue14
[],2026-01-21T09:28:21.812249+07:00,"Courts don’t play about third-party interference during custody exchanges because it creates conflict, escalates emotions, and puts the child in the middle. Exchanges are meant to be calm, neutral, and between the parents only.

When outsiders step in, judges don’t see “support” they see instability and unnecessary influence. And that can hurt your case fast.",2025-12-23T21:04:06+07:00,,3793988068089596836,threads,threads.com,threads_crawler_v1,https://www.threads.net/@whosdadeadbeat/post/DSm9AvojQuk,https://scontent-hkg4-1.cdninstagram.com/v/t51.2885-19/417935875_875583577642710_6971946974322087026_n.jpg?stp=dst-jpg_s150x150_tt6&efg=eyJ2ZW5jb2RlX3RhZyI6InByb2ZpbGVfcGljLmRqYW5nby4xMDgwLmMyIn0&_nc_ht=scontent-hkg4-1.cdninstagram.com&_nc_cat=106&_nc_oc=Q6cZ2QGIyQJ5QGF-L1Y2Euji2rB0rPYEb8-CIT-xbt5ZWzX1NaG2a2cRuGvUbv_XUK2TK80&_nc_ohc=LZgi2ImqIeoQ7kNvwFpOnvU&_nc_gid=Yas2K4DTN_qpdqAuN5QPPw&edm=AJhczIQBAAAA&ccb=7-5&oh=00_AfqQoOOCdqB3-iDJxaE7LeBt4Qz0mWzXg4bYcloQKRGFpg&oe=69760644&_nc_sid=4a2096,43,0,286,16,0,"['https://scontent-hkg4-1.cdninstagram.com/v/t51.2885-15/587800278_1359097789032634_5113808025320561808_n.jpg?stp=dst-jpg_e15_tt6&efg=eyJ2ZW5jb2RlX3RhZyI6InRocmVhZHMuRkVFRC5pbWFnZV91cmxnZW4uNjQweDExMzYuc2RyLmY3MTg3OC5kZWZhdWx0X2NvdmVyX2ZyYW1lLmMyIn0&_nc_ht=scontent-hkg4-1.cdninstagram.com&_nc_cat=110&_nc_oc=Q6cZ2QGIyQJ5QGF-L1Y2Euji2rB0rPYEb8-CIT-xbt5ZWzX1NaG2a2cRuGvUbv_XUK2TK80&_nc_ohc=wuN2XvWwJcQQ7kNvwHBY9uG&_nc_gid=Yas2K4DTN_qpdqAuN5QPPw&edm=AJhczIQBAAAA&ccb=7-5&ig_cache_key=Mzc5Mzk4ODA2ODA4OTU5NjgzNg%3D%3D.3-ccb7-5&oh=00_AfrkuiJx3if5j8fPj1w7hM4VChXRl_paMxLEZgjIrVqNyA&oe=69762565&_nc_sid=4a2096', 'https://scontent-hkg1-1.cdninstagram.com/o1/v/t16/f2/m69/AQNSuugvkYbfHtHzIW-olwtHdJinLjgnuteEpFj9R87qAZXIkU_gEhM-ALwCtr5dV_9kEM4Q90b3Ty3x0Fx0hriD.mp4?strext=1&_nc_cat=101&_nc_sid=5e9851&_nc_ht=scontent-hkg1-1.cdninstagram.com&_nc_ohc=XtHQ5S_JWX8Q7kNvwFkm7qe&efg=eyJ2ZW5jb2RlX3RhZyI6Inhwdl9wcm9ncmVzc2l2ZS5JTlNUQUdSQU0uRkVFRC5DMy41NzYuZGFzaF9iYXNlbGluZV8xX3YxIiwieHB2X2Fzc2V0X2lkIjo0NDExMTg0NzI1NzgwODc2LCJhc3NldF9hZ2VfZGF5cyI6MjgsInZpX3VzZWNhc2VfaWQiOjEwMDk5LCJkdXJhdGlvbl9zIjozMCwidXJsZ2VuX3NvdXJjZSI6Ind3dyJ9&ccb=17-1&_nc_gid=Yas2K4DTN_qpdqAuN5QPPw&_nc_zt=28&vs=6c101716346ce100&_nc_vs=HBksFQIYOnBhc3N0aHJvdWdoX2V2ZXJzdG9yZS9HSkRQX2lPUE1JWE1fTFFFQUhub0FhQzR5c1JTYnNwVEFRQUYVAALIARIAFQIYOnBhc3N0aHJvdWdoX2V2ZXJzdG9yZS9HT2RVNlNPd2RaWnAxUkFGQUl3bFdILXlGWjlWYnN0VEFRQUYVAgLIARIAKAAYABsCiAd1c2Vfb2lsATEScHJvZ3Jlc3NpdmVfcmVjaXBlATEVAAAmmKbzqd_81Q8VAigCQzMsF0A-GZmZmZmaGBJkYXNoX2Jhc2VsaW5lXzFfdjERAHXqB2XmnQEA&oh=00_AfrWZkvVxEoQW9nleUd5VJhESxeJ1i6dLeWBjM4k-mUNTg&oe=697606CF']",,https://www.threads.net/@whosdadeadbeat/post/DSm9AvojQuk,[],"{'likes': 286, 'reposts': 14, 'quotes': 2}",threads,3793988068089596836,Who’s Da Deadbeat,,"Courts don’t play about third-party interference during custody exchanges because it creates conflict, escalates emotions, and puts the child in the middle. Exchanges are meant to be calm, neutral, and between the parents only.

When outsiders step in, judges don’t see “support” they see instability and unnecessary influence. And that can hurt your case fast.",threads,64039714223,whosdadeadbeat
[],2026-01-21T09:28:21.812278+07:00,"Boiling hot take: you cannot want community while crucifying every person you would be in community with. Many of you have confused cancelling people with conflict resolution and I'm unsure what the goal is beyond virtue signaling.

What is your long term goal for liberation, if every mistake a person makes becomes nightly broadcast?",2026-01-03T11:48:09+07:00,,3801680800169873502,threads,threads.com,threads_crawler_v1,https://www.threads.net/@astonished.mav/post/DTCSIurjFBe,https://scontent-hkg4-1.cdninstagram.com/v/t51.2885-19/464971168_857525439887136_5838969161297870405_n.jpg?stp=dst-jpg_s150x150_tt6&efg=eyJ2ZW5jb2RlX3RhZyI6InByb2ZpbGVfcGljLmRqYW5nby4xMDgwLmMyIn0&_nc_ht=scontent-hkg4-1.cdninstagram.com&_nc_cat=100&_nc_oc=Q6cZ2QGIyQJ5QGF-L1Y2Euji2rB0rPYEb8-CIT-xbt5ZWzX1NaG2a2cRuGvUbv_XUK2TK80&_nc_ohc=j46i30D3fXYQ7kNvwGhKkD-&_nc_gid=Yas2K4DTN_qpdqAuN5QPPw&edm=AJhczIQBAAAA&ccb=7-5&oh=00_Afob6ZaBWvcooMMVfkZBXgi6mttFH5dz0of0-t0_GsbX1w&oe=6975F5D2&_nc_sid=4a2096,209,0,6135,695,0,[],,https://www.threads.net/@astonished.mav/post/DTCSIurjFBe,[],"{'likes': 6135, 'reposts': 664, 'quotes': 31}",threads,3801680800169873502,mav,,"Boiling hot take: you cannot want community while crucifying every person you would be in community with. Many of you have confused cancelling people with conflict resolution and I'm unsure what the goal is beyond virtue signaling.

What is your long term goal for liberation, if every mistake a person makes becomes nightly broadcast?",threads,70195731595,astonished.mav
[],2026-01-21T09:28:21.812310+07:00,"Just lean on us when spirits tire,
Every shield against the fire.
Silencing the words that sting,
Sheltering the joy you bring.
In our hearts, your truth is clear,
Conflict ends when we are near.
Always loved, and always here.

Let the world just fade to grey,
Only love is here to stay.
Voices harsh will soon depart,
Ever guarding your brave heart.

You are never on your own,
Our devotion is your throne,
Until the peace is yours alone.

隨天而行，隨遇而安。
隨心而行，活在當下。

一齊向前行！ 🫶🏻",2026-01-17T23:53:00+07:00,,3812192490372640793,threads,threads.com,threads_crawler_v1,https://www.threads.net/@fredluciuslee/post/DTnoN9EErAZ,https://scontent-hkg1-2.cdninstagram.com/v/t51.2885-19/358366886_6213287888789174_8785287015394150281_n.jpg?stp=dst-jpg_s150x150_tt6&efg=eyJ2ZW5jb2RlX3RhZyI6InByb2ZpbGVfcGljLmRqYW5nby44NjcuYzIifQ&_nc_ht=scontent-hkg1-2.cdninstagram.com&_nc_cat=102&_nc_oc=Q6cZ2QGIyQJ5QGF-L1Y2Euji2rB0rPYEb8-CIT-xbt5ZWzX1NaG2a2cRuGvUbv_XUK2TK80&_nc_ohc=sK49CrJ5qhcQ7kNvwGT4el5&_nc_gid=Yas2K4DTN_qpdqAuN5QPPw&edm=AJhczIQBAAAA&ccb=7-5&oh=00_AfqQLOxW0oNdtqv4o6Fz4Zm5tYqRL2gCcS2gtFNmQ-nQDQ&oe=697614F4&_nc_sid=4a2096,3,0,50,0,0,['https://scontent-hkg1-2.cdninstagram.com/v/t51.2885-15/618046481_17935920987118279_7314383950468260897_n.jpg?stp=dst-jpg_e35_tt6&efg=eyJ2ZW5jb2RlX3RhZyI6InRocmVhZHMuRkVFRC5pbWFnZV91cmxnZW4uMTI4NHgxNjA1LnNkci5mODI3ODcuZGVmYXVsdF9pbWFnZS5jMiJ9&_nc_ht=scontent-hkg1-2.cdninstagram.com&_nc_cat=107&_nc_oc=Q6cZ2QGIyQJ5QGF-L1Y2Euji2rB0rPYEb8-CIT-xbt5ZWzX1NaG2a2cRuGvUbv_XUK2TK80&_nc_ohc=X3dHa4jamnoQ7kNvwF-Pkex&_nc_gid=Yas2K4DTN_qpdqAuN5QPPw&edm=AJhczIQBAAAA&ccb=7-5&ig_cache_key=MzgxMjE5MjQ5MDM3MjY0MDc5Mw%3D%3D.3-ccb7-5&oh=00_Afrn065RI0ipwPM8fiWkS-x_aVWNaioWGYzRMiBsyY3s2Q&oe=6975F38D&_nc_sid=4a2096'],,https://www.threads.net/@fredluciuslee/post/DTnoN9EErAZ,[],"{'likes': 50, 'reposts': 0, 'quotes': 0}",threads,3812192490372640793,Freddie Lucius Lee,宣萱,"Just lean on us when spirits tire,
Every shield against the fire.
Silencing the words that sting,
Sheltering the joy you bring.
In our hearts, your truth is clear,
Conflict ends when we are near.
Always loved, and always here.

Let the world just fade to grey,
Only love is here to stay.
Voices harsh will soon depart,
Ever guarding your brave heart.

You are never on your own,
Our devotion is your throne,
Until the peace is yours alone.

隨天而行，隨遇而安。
隨心而行，活在當下。

一齊向前行！ 🫶🏻",threads,63389790278,fredluciuslee
[],2026-01-21T09:28:21.812341+07:00,"Hoosier Loud

No conflict.
No confusion.
No inner debate.

I grew up in Florida, Boca to be exact
Sunshine in my veins,
A Miami tee in my past,
Love for FL schools still remains.

Friends on both sides,
Alumni with pride,
May the best team win,
Respect to the grind.

But I live in Indiana.
Thirty three years strong.
This state raised me.
So this is where I belong.

Not an IU football fan,
But Monday night?
I stand tall.

Crimson.
Cream.
Hoosier. ❤️🤍",2026-01-19T08:59:46+07:00,,3813192462416922780,threads,threads.com,threads_crawler_v1,https://www.threads.net/@the.shunella.stewart/post/DTrLldmjsic,https://scontent-hkg1-1.cdninstagram.com/v/t51.2885-19/470949528_605533601912845_3865796882092787366_n.jpg?stp=dst-jpg_s150x150_tt6&efg=eyJ2ZW5jb2RlX3RhZyI6InByb2ZpbGVfcGljLmRqYW5nby45NTguYzIifQ&_nc_ht=scontent-hkg1-1.cdninstagram.com&_nc_cat=101&_nc_oc=Q6cZ2QGIyQJ5QGF-L1Y2Euji2rB0rPYEb8-CIT-xbt5ZWzX1NaG2a2cRuGvUbv_XUK2TK80&_nc_ohc=qKlrYj87HQcQ7kNvwG1MaED&_nc_gid=Yas2K4DTN_qpdqAuN5QPPw&edm=AJhczIQBAAAA&ccb=7-5&oh=00_AfquowFRVJ1XUs7Ui1iwkoziM98l025iob9ulIeF6R_15w&oe=69760077&_nc_sid=4a2096,13,0,32,2,0,['https://scontent-hkg1-1.cdninstagram.com/v/t39.30808-6/616601033_10163483440491141_8603052959125946152_n.jpg?stp=dst-jpg_e35_tt6&efg=eyJ2ZW5jb2RlX3RhZyI6InRocmVhZHMuRkVFRC5pbWFnZV91cmxnZW4uMTAyNHgxNTM2LnNkci5mMzA4MDguZGVmYXVsdF9pbWFnZS5jMiJ9&_nc_ht=scontent-hkg1-1.cdninstagram.com&_nc_cat=109&_nc_oc=Q6cZ2QGIyQJ5QGF-L1Y2Euji2rB0rPYEb8-CIT-xbt5ZWzX1NaG2a2cRuGvUbv_XUK2TK80&_nc_ohc=_2l1hixME40Q7kNvwGn7POn&_nc_gid=Yas2K4DTN_qpdqAuN5QPPw&edm=AJhczIQAAAAA&ccb=7-5&ig_cache_key=MzgxMzE5MjQ2MjQxNjkyMjc4MA%3D%3D.3-ccb7-5&oh=00_AfrcOUwK4xHqHsDKhhlIe8Zy9UEm1xaEJS8A63ZAL9B5rA&oe=6975F0AE&_nc_sid=4a2096'],,https://www.threads.net/@the.shunella.stewart/post/DTrLldmjsic,[],"{'likes': 32, 'reposts': 2, 'quotes': 0}",threads,3813192462416922780,Shunella Nella B Stewart,,"Hoosier Loud

No conflict.
No confusion.
No inner debate.

I grew up in Florida, Boca to be exact
Sunshine in my veins,
A Miami tee in my past,
Love for FL schools still remains.

Friends on both sides,
Alumni with pride,
May the best team win,
Respect to the grind.

But I live in Indiana.
Thirty three years strong.
This state raised me.
So this is where I belong.

Not an IU football fan,
But Monday night?
I stand tall.

Crimson.
Cream.
Hoosier. ❤️🤍",threads,71584041089,the.shunella.stewart
[],2026-01-21T09:28:21.812370+07:00,"People don’t know this about your Moon sign: part 2

6️⃣ Virgo Moon
Overthinks feelings.
Tries to “fix” emotions instead of feeling them.
7️⃣ Libra Moon
Avoids conflict.
Internal chaos is real.
8️⃣ Scorpio Moon
Feels emotions at a soul level.
Once betrayed → detaches silently.
9️⃣ Sagittarius Moon
Laughs through pain.
Runs when emotions get heavy.
🔟 Capricorn Moon
Learns emotions late in life.
Strongest heart once healed.",2026-01-10T23:50:47+07:00,,3807117950231339540,threads,threads.com,threads_crawler_v1,https://www.threads.net/@journeywithsiddhi/post/DTVmZrRjWIU,https://scontent-hkg1-2.cdninstagram.com/v/t51.2885-19/582908232_17842317507620152_5427064113475228907_n.jpg?stp=dst-jpg_s150x150_tt6&efg=eyJ2ZW5jb2RlX3RhZyI6InByb2ZpbGVfcGljLmRqYW5nby41MDAuYzIifQ&_nc_ht=scontent-hkg1-2.cdninstagram.com&_nc_cat=104&_nc_oc=Q6cZ2QGIyQJ5QGF-L1Y2Euji2rB0rPYEb8-CIT-xbt5ZWzX1NaG2a2cRuGvUbv_XUK2TK80&_nc_ohc=Lxsboc-rW9EQ7kNvwE2CYth&_nc_gid=Yas2K4DTN_qpdqAuN5QPPw&edm=AJhczIQBAAAA&ccb=7-5&oh=00_Afoy8r4k0FcOLsTCyJJRX5sf9-vN0_Tbb2-t0gtDT1R74g&oe=6975F94D&_nc_sid=4a2096,9,0,85,4,0,[],,https://www.threads.net/@journeywithsiddhi/post/DTVmZrRjWIU,[],"{'likes': 85, 'reposts': 4, 'quotes': 0}",threads,3807117950231339540,JourneyWithSiddhi,Astrology Threads,"People don’t know this about your Moon sign: part 2

6️⃣ Virgo Moon
Overthinks feelings.
Tries to “fix” emotions instead of feeling them.
7️⃣ Libra Moon
Avoids conflict.
Internal chaos is real.
8️⃣ Scorpio Moon
Feels emotions at a soul level.
Once betrayed → detaches silently.
9️⃣ Sagittarius Moon
Laughs through pain.
Runs when emotions get heavy.
🔟 Capricorn Moon
Learns emotions late in life.
Strongest heart once healed.",threads,78512948151,journeywithsiddhi
[],2026-01-21T09:28:21.812408+07:00,"Witnessing history and being part of this moment - when humanity wins, when the conflict ends.  We are joyful, grateful and more powerful than ever. Hostages are back home. The world is healing. Our faith is unwavering. Israel",2025-10-13T23:35:45+07:00,,3742605205393905549,threads,threads.com,threads_crawler_v1,https://www.threads.net/@weronathalie/post/DPwZ5rqCBeN,https://scontent-hkg4-1.cdninstagram.com/v/t51.2885-19/491449213_2460419224295742_6145989019860319793_n.jpg?stp=dst-jpg_s150x150_tt6&efg=eyJ2ZW5jb2RlX3RhZyI6InByb2ZpbGVfcGljLmRqYW5nby40ODUuYzIifQ&_nc_ht=scontent-hkg4-1.cdninstagram.com&_nc_cat=106&_nc_oc=Q6cZ2QGIyQJ5QGF-L1Y2Euji2rB0rPYEb8-CIT-xbt5ZWzX1NaG2a2cRuGvUbv_XUK2TK80&_nc_ohc=n6shs4pGme8Q7kNvwE-sO8R&_nc_gid=Yas2K4DTN_qpdqAuN5QPPw&edm=AJhczIQBAAAA&ccb=7-5&oh=00_AfpErLv4wj4KxNFU8e1GWtqzK5IydC13BODS8ZOwqz4QuA&oe=697601A8&_nc_sid=4a2096,715,0,5013,123,0,"['https://scontent-hkg4-2.cdninstagram.com/v/t51.2885-15/562960922_1862074528522943_2088453920467231283_n.jpg?stp=dst-jpg_e15_tt6&efg=eyJ2ZW5jb2RlX3RhZyI6InRocmVhZHMuRkVFRC5pbWFnZV91cmxnZW4uNjQweDExMzYuc2RyLmY3MTg3OC5kZWZhdWx0X2NvdmVyX2ZyYW1lLmMyIn0&_nc_ht=scontent-hkg4-2.cdninstagram.com&_nc_cat=111&_nc_oc=Q6cZ2QGIyQJ5QGF-L1Y2Euji2rB0rPYEb8-CIT-xbt5ZWzX1NaG2a2cRuGvUbv_XUK2TK80&_nc_ohc=LvAjF2diKhwQ7kNvwEHuxVn&_nc_gid=Yas2K4DTN_qpdqAuN5QPPw&edm=AJhczIQBAAAA&ccb=7-5&ig_cache_key=Mzc0MjYwNTIwNTM5MzkwNTU0OQ%3D%3D.3-ccb7-5&oh=00_Afr6HKs5uKIiEVCpgJhZ990v5a4Vr9oQ4kZBhthlhmSy0A&oe=69762338&_nc_sid=4a2096', 'https://scontent-hkg4-1.cdninstagram.com/o1/v/t16/f2/m84/AQOfE4azEA6ND4coLRmSDfi5UaAfx1SuJYT8CwNUrAt1BuZBh-aw-K1oXRbl76mGi7ZhA5OhEhEBMOL5sf7Yyo-HA93D5d_d1XTS_OA.mp4?_nc_cat=108&_nc_sid=5e9851&_nc_ht=scontent-hkg4-1.cdninstagram.com&_nc_ohc=N4l3JCXOElIQ7kNvwHwGB_w&efg=eyJ2ZW5jb2RlX3RhZyI6Inhwdl9wcm9ncmVzc2l2ZS5JTlNUQUdSQU0uRkVFRC5DMy43MjAuZGFzaF9iYXNlbGluZV8xX3YxIiwieHB2X2Fzc2V0X2lkIjoyMjQ4MzM1Njg1NjExNjUyLCJhc3NldF9hZ2VfZGF5cyI6OTksInZpX3VzZWNhc2VfaWQiOjEwMTY0LCJkdXJhdGlvbl9zIjoyMywidXJsZ2VuX3NvdXJjZSI6Ind3dyJ9&ccb=17-1&_nc_gid=Yas2K4DTN_qpdqAuN5QPPw&_nc_zt=28&vs=c4dfc96069320dd9&_nc_vs=HBksFQIYTGlnX2JhY2tmaWxsX3RpbWVsaW5lX3ZvZC9ENTQ5QkMyOUM5MkI1RjFBQTc0NTgyOTM5RkRFOUFCMF92aWRlb19kYXNoaW5pdC5tcDQVAALIARIAFQIYOnBhc3N0aHJvdWdoX2V2ZXJzdG9yZS9HTVI1blNGMEZyUTM0ck1FQVBJUzV4VXlPak5sYnNwVEFRQUYVAgLIARIAKAAYABsCiAd1c2Vfb2lsATEScHJvZ3Jlc3NpdmVfcmVjaXBlATEVAAAmiMKDnq62_gcVAigCQzMsF0A3u6XjU_fPGBJkYXNoX2Jhc2VsaW5lXzFfdjERAHXqB2XongEA&oh=00_Afr3v60_rGGhT7t-T6CLn_tnbXF8TJA1ceYox_yq9Ch4ag&oe=69722E2C']",,https://www.threads.net/@weronathalie/post/DPwZ5rqCBeN,[],"{'likes': 5013, 'reposts': 119, 'quotes': 4}",threads,3742605205393905549,Weronika Rogowska,Israel,"Witnessing history and being part of this moment - when humanity wins, when the conflict ends.  We are joyful, grateful and more powerful than ever. Hostages are back home. The world is healing. Our faith is unwavering. Israel",threads,69639955942,weronathalie
[],2026-01-21T09:28:21.812438+07:00,Hi guys! A client invited me on Upwork as an Onboarding Manager for their Wellness Company. Baka may interested na irefer ko as I can’t accept it - conflict with my current job. Thaaankssss,2026-01-08T05:47:58+07:00,,3805123399296193484,threads,threads.com,threads_crawler_v1,https://www.threads.net/@chrstnmgstrd/post/DTOg5I9k5PM,https://scontent-hkg4-2.cdninstagram.com/v/t51.2885-19/542598691_17847018978558263_2716360914852054308_n.jpg?stp=dst-jpg_s150x150_tt6&efg=eyJ2ZW5jb2RlX3RhZyI6InByb2ZpbGVfcGljLmRqYW5nby4xMDgwLmMyIn0&_nc_ht=scontent-hkg4-2.cdninstagram.com&_nc_cat=111&_nc_oc=Q6cZ2QGIyQJ5QGF-L1Y2Euji2rB0rPYEb8-CIT-xbt5ZWzX1NaG2a2cRuGvUbv_XUK2TK80&_nc_ohc=-VC0bKcc8M8Q7kNvwFoKY1G&_nc_gid=Yas2K4DTN_qpdqAuN5QPPw&edm=AJhczIQBAAAA&ccb=7-5&oh=00_AfqMO8PsNRUAWnrf6paOv6SUxPnRgeRzVRwjN-SbbZdI2Q&oe=69760ED1&_nc_sid=4a2096,28,0,75,0,0,[],,https://www.threads.net/@chrstnmgstrd/post/DTOg5I9k5PM,[],"{'likes': 75, 'reposts': 0, 'quotes': 0}",threads,3805123399296193484,tiiiiin,Virtual Assistant,Hi guys! A client invited me on Upwork as an Onboarding Manager for their Wellness Company. Baka may interested na irefer ko as I can’t accept it - conflict with my current job. Thaaankssss,threads,76726462262,chrstnmgstrd
[],2026-01-21T09:28:21.812512+07:00,"Why conflict breaks some relationships and strengthens others.

This is a lesson every man needs to learn.

It’s not the conflict.

Every relationship has it.
Even healthy marriages.
Especially long-term ones.

The difference isn’t whether conflict happens.

It’s what the man does next:",2026-01-11T13:59:59+07:00,,3807545363976572514,threads,threads.com,threads_crawler_v1,https://www.threads.net/@boyfriendtohusband/post/DTXHlXWAk5i,https://scontent-hkg4-1.cdninstagram.com/v/t51.2885-19/570062445_17843711985604056_1735629046074931677_n.jpg?stp=dst-jpg_s150x150_tt6&efg=eyJ2ZW5jb2RlX3RhZyI6InByb2ZpbGVfcGljLmRqYW5nby4xMDgwLmMyIn0&_nc_ht=scontent-hkg4-1.cdninstagram.com&_nc_cat=100&_nc_oc=Q6cZ2QGIyQJ5QGF-L1Y2Euji2rB0rPYEb8-CIT-xbt5ZWzX1NaG2a2cRuGvUbv_XUK2TK80&_nc_ohc=9S2TocmFOOQQ7kNvwFR49jq&_nc_gid=Yas2K4DTN_qpdqAuN5QPPw&edm=AJhczIQBAAAA&ccb=7-5&oh=00_AfqYU7Mi0LRJI-4cliceuwuKdJP-G3-Ea9wXUXV5Iz26tw&oe=6975F418&_nc_sid=4a2096,5,0,12,1,0,[],,https://www.threads.net/@boyfriendtohusband/post/DTXHlXWAk5i,[],"{'likes': 12, 'reposts': 1, 'quotes': 0}",threads,3807545363976572514,Boyfriend to Husband,,"Why conflict breaks some relationships and strengthens others.

This is a lesson every man needs to learn.

It’s not the conflict.

Every relationship has it.
Even healthy marriages.
Especially long-term ones.

The difference isn’t whether conflict happens.

It’s what the man does next:",threads,78065724055,boyfriendtohusband
[],2026-01-21T09:28:21.812542+07:00,"This President is out of control.
 
He had no authority to invade Venezuela, offered no explanation for why this was necessary, and has given no strategy for what comes next. 

Republicans must join us in stopping this President from dragging us into another reckless conflict.",2026-01-03T23:23:10+07:00,,3802030614166506311,threads,threads.com,threads_crawler_v1,https://www.threads.net/@repshontel/post/DTDhrMWjgtH,https://scontent-hkg1-2.cdninstagram.com/v/t51.2885-19/474543813_473418275816656_8965017775829025250_n.jpg?stp=dst-jpg_s150x150_tt6&efg=eyJ2ZW5jb2RlX3RhZyI6InByb2ZpbGVfcGljLmRqYW5nby4xMDgwLmMyIn0&_nc_ht=scontent-hkg1-2.cdninstagram.com&_nc_cat=104&_nc_oc=Q6cZ2QGIyQJ5QGF-L1Y2Euji2rB0rPYEb8-CIT-xbt5ZWzX1NaG2a2cRuGvUbv_XUK2TK80&_nc_ohc=HUyBmNsv7HwQ7kNvwHIXhfl&_nc_gid=Yas2K4DTN_qpdqAuN5QPPw&edm=AJhczIQBAAAA&ccb=7-5&oh=00_AfoGk0CwnRWgLZ-aBY-7MMQ8P3BL70Et8JHyxdsvjC9Sbw&oe=6976078E&_nc_sid=4a2096,702,0,978,104,0,[],,https://www.threads.net/@repshontel/post/DTDhrMWjgtH,[],"{'likes': 978, 'reposts': 96, 'quotes': 8}",threads,3802030614166506311,Rep. Shontel Brown,,"This President is out of control.
 
He had no authority to invade Venezuela, offered no explanation for why this was necessary, and has given no strategy for what comes next. 

Republicans must join us in stopping this President from dragging us into another reckless conflict.",threads,63657016153,repshontel
[],2026-01-21T09:28:21.812570+07:00,"URGENT: Trump says the United States will launch bombing operations inside Mexico to “eliminate the drug cartels once and for all.”

Nothing screams “President of Peace” quite like unilaterally bombing a sovereign neighbor. 🚩

I’ve been warning for a year that he’s dead set on global conflict. This isn't border security — it’s an open invitation to WWIII.",2026-01-09T21:49:57+07:00,,3806332352814393756,threads,threads.com,threads_crawler_v1,https://www.threads.net/@kittenbritches/post/DTSzxuqlCmc,https://scontent-hkg1-1.cdninstagram.com/v/t51.2885-19/610880362_17935202286115121_5689450658874677309_n.jpg?stp=dst-jpg_s150x150_tt6&efg=eyJ2ZW5jb2RlX3RhZyI6InByb2ZpbGVfcGljLmRqYW5nby4xMDgwLmMyIn0&_nc_ht=scontent-hkg1-1.cdninstagram.com&_nc_cat=105&_nc_oc=Q6cZ2QGIyQJ5QGF-L1Y2Euji2rB0rPYEb8-CIT-xbt5ZWzX1NaG2a2cRuGvUbv_XUK2TK80&_nc_ohc=UuomaM7vTPcQ7kNvwGiEShJ&_nc_gid=Yas2K4DTN_qpdqAuN5QPPw&edm=AJhczIQBAAAA&ccb=7-5&oh=00_AfqIPsVatqzg5aPVr1PjFMPFdpden3kTPqPfSmWDoXSTKQ&oe=6976231E&_nc_sid=4a2096,16,0,123,14,0,[],,https://www.threads.net/@kittenbritches/post/DTSzxuqlCmc,[],"{'likes': 123, 'reposts': 14, 'quotes': 0}",threads,3806332352814393756,Sarah Anne 🦉🦉🦉🧥,,"URGENT: Trump says the United States will launch bombing operations inside Mexico to “eliminate the drug cartels once and for all.”

Nothing screams “President of Peace” quite like unilaterally bombing a sovereign neighbor. 🚩

I’ve been warning for a year that he’s dead set on global conflict. This isn't border security — it’s an open invitation to WWIII.",threads,63389347120,kittenbritches
[],2026-01-21T09:28:21.812602+07:00,"Hot chef update: we had our first BIG conflict about four and a half months in. Right on time. I cried FAT tears, you guys. I mourned the little fairytale I thought I had. 

And then we got past it. We communicated hard. We decided how to deal. We figured out what teamwork needed to look like in order for us to move on. And our relationship has already gotten deeper and warmer and wider. 

It isn’t always going to be a fairytale.
Relationships are hard fucking work. 
I love him even more now.",2025-12-23T09:28:01+07:00,,3793637741255568902,threads,threads.com,threads_crawler_v1,https://www.threads.net/@k.w.bogen/post/DSltW0WDa4G,https://scontent-hkg1-2.cdninstagram.com/v/t51.2885-19/395711600_720361996779331_6004506462173481207_n.jpg?stp=dst-jpg_s150x150_tt6&efg=eyJ2ZW5jb2RlX3RhZyI6InByb2ZpbGVfcGljLmRqYW5nby44MjguYzIifQ&_nc_ht=scontent-hkg1-2.cdninstagram.com&_nc_cat=107&_nc_oc=Q6cZ2QFGV9SDbDPPzGOyU-_xlDIIYZRnlGzc0WybbbACsvnvKUHuCf_xthHkywtl47rnTgM&_nc_ohc=v86LlIAfoHQQ7kNvwEFqCDm&_nc_gid=jZbN1x_73Ghuu7ngHsepbw&edm=AJhczIQBAAAA&ccb=7-5&oh=00_AfocC6XT4pj32ak9hzc5BWLks4_89Te6A2yyvagEJzPo_w&oe=6975FC37&_nc_sid=4a2096,52,0,2847,4,0,[],,https://www.threads.net/@k.w.bogen/post/DSltW0WDa4G,[],"{'likes': 2847, 'reposts': 4, 'quotes': 0}",threads,3793637741255568902,Katherine Wela Bogen,hotchef,"Hot chef update: we had our first BIG conflict about four and a half months in. Right on time. I cried FAT tears, you guys. I mourned the little fairytale I thought I had. 

And then we got past it. We communicated hard. We decided how to deal. We figured out what teamwork needed to look like in order for us to move on. And our relationship has already gotten deeper and warmer and wider. 

It isn’t always going to be a fairytale.
Relationships are hard fucking work. 
I love him even more now.",threads,63276891564,k.w.bogen
[],2026-01-21T09:28:21.812634+07:00,"The type of partner an avoidant is terrified to commit to:

1. Someone who demands clarity.
2. Someone unafraid of healthy conflict.
3. Someone who holds them accountable.
4. Someone who calls out the inconsistency.
5. Someone who won't abandon themselves.

Basically, someone who is already whole.",2026-01-06T06:23:52+07:00,,3803691874650150341,threads,threads.com,threads_crawler_v1,https://www.threads.net/@chelle.thematriarch/post/DTJbZtvj9XF,https://scontent-hkg1-2.cdninstagram.com/v/t51.2885-19/573259170_17913562164229947_4017449902691728975_n.jpg?stp=dst-jpg_s150x150_tt6&efg=eyJ2ZW5jb2RlX3RhZyI6InByb2ZpbGVfcGljLmRqYW5nby4xMDgwLmMyIn0&_nc_ht=scontent-hkg1-2.cdninstagram.com&_nc_cat=103&_nc_oc=Q6cZ2QFGV9SDbDPPzGOyU-_xlDIIYZRnlGzc0WybbbACsvnvKUHuCf_xthHkywtl47rnTgM&_nc_ohc=qveicfK6vWwQ7kNvwFieoAE&_nc_gid=jZbN1x_73Ghuu7ngHsepbw&edm=AJhczIQBAAAA&ccb=7-5&oh=00_AfpogKPh9ApfrvOmWAm_xQ-loDeZlH3wRWTFZ_cRcVDA6A&oe=69761EB6&_nc_sid=4a2096,9,0,219,17,0,[],,https://www.threads.net/@chelle.thematriarch/post/DTJbZtvj9XF,[],"{'likes': 219, 'reposts': 15, 'quotes': 2}",threads,3803691874650150341,Michelle ⭕️ The Healing Honey Comb,,"The type of partner an avoidant is terrified to commit to:

1. Someone who demands clarity.
2. Someone unafraid of healthy conflict.
3. Someone who holds them accountable.
4. Someone who calls out the inconsistency.
5. Someone who won't abandon themselves.

Basically, someone who is already whole.",threads,68051656200,chelle.thematriarch
[],2026-01-21T09:28:21.812664+07:00,"Your Divine Masculine does love his Divine
Feminine, so deeply and honestly.
The emotional truth his heart holds for 
her is that she is what happiness is. 
She’s the person he can imagine a complete,
emotionally full life with, even if he’s not living
that out. 

The downside is..
He’s trying to walk way and lock it down
emotionally because the pain, conflict and
threat to his role and life feel bigger than he
knows how to handle.  He is actively fighting
that love to survive the life he’s in.",2026-01-19T07:40:03+07:00,,3813152343160116741,threads,threads.com,threads_crawler_v1,https://www.threads.net/@ruminativethoughts/post/DTrCdpogdYF,https://scontent-hkg1-1.cdninstagram.com/v/t51.2885-19/497755678_17855817756430545_8412559447056143828_n.jpg?stp=dst-jpg_s150x150_tt6&efg=eyJ2ZW5jb2RlX3RhZyI6InByb2ZpbGVfcGljLmRqYW5nby43NTAuYzIifQ&_nc_ht=scontent-hkg1-1.cdninstagram.com&_nc_cat=109&_nc_oc=Q6cZ2QFGV9SDbDPPzGOyU-_xlDIIYZRnlGzc0WybbbACsvnvKUHuCf_xthHkywtl47rnTgM&_nc_ohc=yl41B-QZU6UQ7kNvwG_HwKD&_nc_gid=jZbN1x_73Ghuu7ngHsepbw&edm=AJhczIQBAAAA&ccb=7-5&oh=00_AfpjBEGfWRqdf8EEYqq-g2jnl3klXfvenW_lmER7ydVdEQ&oe=6975F3BB&_nc_sid=4a2096,7,0,155,2,0,[],,https://www.threads.net/@ruminativethoughts/post/DTrCdpogdYF,[],"{'likes': 155, 'reposts': 2, 'quotes': 0}",threads,3813152343160116741,My Subsconscious Thoughts,,"Your Divine Masculine does love his Divine
Feminine, so deeply and honestly.
The emotional truth his heart holds for 
her is that she is what happiness is. 
She’s the person he can imagine a complete,
emotionally full life with, even if he’s not living
that out. 

The downside is..
He’s trying to walk way and lock it down
emotionally because the pain, conflict and
threat to his role and life feel bigger than he
knows how to handle.  He is actively fighting
that love to survive the life he’s in.",threads,72830558544,ruminativethoughts
[],2026-01-21T09:28:21.812694+07:00,Yall!! Who done watched His&Hers on #Netflix? I've never been more satisfied with a show's conflict resolution 🤌🏾🤣🤣,2026-01-09T06:50:16+07:00,,3805879471429557907,threads,threads.com,threads_crawler_v1,https://www.threads.net/@jae_bird87/post/DTRMzcAgp6T,https://scontent-hkg1-2.cdninstagram.com/v/t51.2885-19/491441400_610089918722235_265999896731305306_n.jpg?stp=dst-jpg_s150x150_tt6&efg=eyJ2ZW5jb2RlX3RhZyI6InByb2ZpbGVfcGljLmRqYW5nby4xMDgwLmMyIn0&_nc_ht=scontent-hkg1-2.cdninstagram.com&_nc_cat=103&_nc_oc=Q6cZ2QFGV9SDbDPPzGOyU-_xlDIIYZRnlGzc0WybbbACsvnvKUHuCf_xthHkywtl47rnTgM&_nc_ohc=MejReT-1qtYQ7kNvwHRt2Jh&_nc_gid=jZbN1x_73Ghuu7ngHsepbw&edm=AJhczIQBAAAA&ccb=7-5&oh=00_AfpsgAexhrMUYonhSyipdoOq-aklFzAW6zO7MIkg_g0pZA&oe=6976228E&_nc_sid=4a2096,2,0,22,1,0,"['https://scontent-hkg1-2.cdninstagram.com/v/t15.5256-10/613085866_1554806235556207_4342110493864410483_n.jpg?stp=dst-jpg_e15_tt6&efg=eyJ2ZW5jb2RlX3RhZyI6InRocmVhZHMuRkVFRC5pbWFnZV91cmxnZW4uMTA3NngxOTIwLnNkci5mNTI1Ni5maXJzdF9mcmFtZV90aHVtYm5haWwuYzIifQ&_nc_ht=scontent-hkg1-2.cdninstagram.com&_nc_cat=107&_nc_oc=Q6cZ2QFGV9SDbDPPzGOyU-_xlDIIYZRnlGzc0WybbbACsvnvKUHuCf_xthHkywtl47rnTgM&_nc_ohc=YyB2DjO22qcQ7kNvwGjt3Xp&_nc_gid=jZbN1x_73Ghuu7ngHsepbw&edm=AJhczIQAAAAA&ccb=7-5&ig_cache_key=MzgwNTg3OTQ3MTQyOTU1NzkwNw%3D%3D.3-ccb7-5&oh=00_AfqCS_c8jL1_BqHr0uXwYlTwLwRge5BT90K1ZbhewgWGVQ&oe=69761744&_nc_sid=4a2096', 'https://scontent-hkg4-1.cdninstagram.com/o1/v/t2/f2/m366/AQM8ZAVjGw0oGbpJOeU_LpRTLNxrRIns-bIckjKG8J4kykFFEwOcIvqtWDeVp_iBF8EroJGCLAgTtQKw_2zwyz2wouF5kMET0A_VSTARiQjEyg.mp4?_nc_cat=106&_nc_sid=5e9851&_nc_ht=scontent-hkg4-1.cdninstagram.com&_nc_ohc=wG4cwJaC6OkQ7kNvwHAwXJc&efg=eyJ2ZW5jb2RlX3RhZyI6Inhwdl9wcm9ncmVzc2l2ZS5JTlNUQUdSQU0uRkVFRC5DMy43MTYuZGFzaF9oMjY0LWJhc2ljLWdlbjJfNzIwcCIsInhwdl9hc3NldF9pZCI6MTM2MTUxODcyNTMwMTc5NiwiYXNzZXRfYWdlX2RheXMiOjEyLCJ2aV91c2VjYXNlX2lkIjoxMDEyMywiZHVyYXRpb25fcyI6MTcsInVybGdlbl9zb3VyY2UiOiJ3d3cifQ%3D%3D&ccb=17-1&_nc_gid=jZbN1x_73Ghuu7ngHsepbw&_nc_zt=28&vs=a585ff039a0c36fe&_nc_vs=HBksFQIYRWZiX2VwaGVtZXJhbC8xQTQ4RkRFQzNGM0ZBMkI5RTY1REYxODU3QURGRjNCMF9tdF8xX3ZpZGVvX2Rhc2hpbml0Lm1wNBUAAsgBEgAVAhhAZmJfcGVybWFuZW50LzlENDY0QjUzMEZBQThBNENDREVDMkVDMTM1RUMwREE2X2F1ZGlvX2Rhc2hpbml0Lm1wNBUCAsgBEgAoABgAGwKIB3VzZV9vaWwBMRJwcm9ncmVzc2l2ZV9yZWNpcGUBMRUAACbImND_6JLrBBUCKAJDMywXQDE9cKPXCj0YGWRhc2hfaDI2NC1iYXNpYy1nZW4yXzcyMHARAHXqB2WWngEA&oh=00_Afpq3BHSiH-kI18WqK_LbgXZxi3qa0P5zB-wfUgp8VUCfQ&oe=6976198A']",,https://www.threads.net/@jae_bird87/post/DTRMzcAgp6T,[],"{'likes': 22, 'reposts': 1, 'quotes': 0}",threads,3805879471429557907,Jae Bird,,Yall!! Who done watched His&Hers on #Netflix? I've never been more satisfied with a show's conflict resolution 🤌🏾🤣🤣,threads,74183250851,jae_bird87
[],2026-01-21T09:28:21.812723+07:00,I don’t know how to explain to the masses that the astrology for the United States in 2026 supports war on our soil. It’s time people come to their senses and wake up. We are weak. Our allies hate us. We are also broke and instigating conflict nonstop. ￼None of this is good. We are all in danger and are dramatically underreacting.,2025-12-11T15:24:11+07:00,,3785119693830190093,threads,threads.com,threads_crawler_v1,https://www.threads.net/@thegardenwitchsitch/post/DSHck6fFXQN,https://scontent-hkg1-1.cdninstagram.com/v/t51.2885-19/568015440_17849267478579017_5222962385930558175_n.jpg?stp=dst-jpg_s150x150_tt6&efg=eyJ2ZW5jb2RlX3RhZyI6InByb2ZpbGVfcGljLmRqYW5nby4xMDgwLmMyIn0&_nc_ht=scontent-hkg1-1.cdninstagram.com&_nc_cat=105&_nc_oc=Q6cZ2QFGV9SDbDPPzGOyU-_xlDIIYZRnlGzc0WybbbACsvnvKUHuCf_xthHkywtl47rnTgM&_nc_ohc=ZPWXTmvzOA0Q7kNvwH2UC_J&_nc_gid=jZbN1x_73Ghuu7ngHsepbw&edm=AJhczIQBAAAA&ccb=7-5&oh=00_AfrKye-zmiiT2oV5u8DIuC4ZKAv7lkRQ66KNJQIHe9Tn0A&oe=69760A2E&_nc_sid=4a2096,80,0,400,45,0,[],,https://www.threads.net/@thegardenwitchsitch/post/DSHck6fFXQN,[],"{'likes': 400, 'reposts': 45, 'quotes': 0}",threads,3785119693830190093,The Garden Witch,,I don’t know how to explain to the masses that the astrology for the United States in 2026 supports war on our soil. It’s time people come to their senses and wake up. We are weak. Our allies hate us. We are also broke and instigating conflict nonstop. ￼None of this is good. We are all in danger and are dramatically underreacting.,threads,77457947016,thegardenwitchsitch
[],2026-01-21T09:28:21.812752+07:00,"Ezra Klein: “What is, to you, the ‘rage economy’?”

James Talarico: “The billionaires own the algorithms and the news networks. They have created for-profit platforms that divide us on an hourly basis. They elevate the most extreme voices to provoke our outrage, because that leads to more clicks, which leads to more money for them.

They are selling us conflict right into our bloodstream, and they’re calling it connection. 

And I think it’s left people starving for actual community.”",2026-01-14T02:22:03+07:00,,3809368118401197521,threads,threads.com,threads_crawler_v1,https://www.threads.net/@teamtalaricohq/post/DTdmB7sAGXR,https://scontent-hkg1-2.cdninstagram.com/v/t51.2885-19/543026603_17852359710539383_3068547345267827624_n.jpg?stp=dst-jpg_s150x150_tt6&efg=eyJ2ZW5jb2RlX3RhZyI6InByb2ZpbGVfcGljLmRqYW5nby43ODkuYzIifQ&_nc_ht=scontent-hkg1-2.cdninstagram.com&_nc_cat=107&_nc_oc=Q6cZ2QFGV9SDbDPPzGOyU-_xlDIIYZRnlGzc0WybbbACsvnvKUHuCf_xthHkywtl47rnTgM&_nc_ohc=JRY9s7TaxvYQ7kNvwEvnOSM&_nc_gid=jZbN1x_73Ghuu7ngHsepbw&edm=AJhczIQBAAAA&ccb=7-5&oh=00_AfopnvjKFQizAYGAKVMDkqtb3bD8QWM4OKTNi7-GyqlwIA&oe=69762136&_nc_sid=4a2096,49,0,3640,511,0,"['https://scontent-hkg4-1.cdninstagram.com/v/t51.2885-15/587708781_867899936049558_3759038519362547383_n.jpg?stp=dst-jpg_e15_tt6&efg=eyJ2ZW5jb2RlX3RhZyI6InRocmVhZHMuRkVFRC5pbWFnZV91cmxnZW4uNjQweDM2MC5zZHIuZjcxODc4LmRlZmF1bHRfY292ZXJfZnJhbWUuYzIifQ&_nc_ht=scontent-hkg4-1.cdninstagram.com&_nc_cat=106&_nc_oc=Q6cZ2QFGV9SDbDPPzGOyU-_xlDIIYZRnlGzc0WybbbACsvnvKUHuCf_xthHkywtl47rnTgM&_nc_ohc=cDaMs6lVfD4Q7kNvwEyYb_0&_nc_gid=jZbN1x_73Ghuu7ngHsepbw&edm=AJhczIQBAAAA&ccb=7-5&ig_cache_key=MzgwOTM2ODExODQwMTE5NzUyMQ%3D%3D.3-ccb7-5&oh=00_Afop6ZNTZuX0WSp8jUcma08DdbLQVNTYPHVY5_caeJ6RTA&oe=69760400&_nc_sid=4a2096', 'https://scontent-hkg1-2.cdninstagram.com/o1/v/t16/f2/m84/AQPwmI6BQiPjjedD46OJALDrJIFRDvpg23bhRNS5tc6gHjMd_g13QyBcZ9vedsO2oO3HlYGinH2uMJPxn98tf2phXkpQdHaKCpqc-G8.mp4?_nc_cat=107&_nc_sid=5e9851&_nc_ht=scontent-hkg1-2.cdninstagram.com&_nc_ohc=YcjQHqLOLkkQ7kNvwF19IfE&efg=eyJ2ZW5jb2RlX3RhZyI6Inhwdl9wcm9ncmVzc2l2ZS5JTlNUQUdSQU0uRkVFRC5DMy4xMjgwLmRhc2hfYmFzZWxpbmVfMV92MSIsInhwdl9hc3NldF9pZCI6MTYyNDkyNDYwOTM2ODE3NiwiYXNzZXRfYWdlX2RheXMiOjcsInZpX3VzZWNhc2VfaWQiOjEwMTY0LCJkdXJhdGlvbl9zIjo2MywidXJsZ2VuX3NvdXJjZSI6Ind3dyJ9&ccb=17-1&_nc_gid=jZbN1x_73Ghuu7ngHsepbw&_nc_zt=28&vs=153d5fe01fba438&_nc_vs=HBksFQIYTGlnX2JhY2tmaWxsX3RpbWVsaW5lX3ZvZC80NjRENzVBNjk0RUYxNjhGMzEwNUNFNjdBMzVCNDE5NF92aWRlb19kYXNoaW5pdC5tcDQVAALIARIAFQIYOnBhc3N0aHJvdWdoX2V2ZXJzdG9yZS9HQVBpZ2lTYld6cWl2RmNIQU1uSGo0Z3dDa2xSYnNwVEFRQUYVAgLIARIAKAAYABsCiAd1c2Vfb2lsATEScHJvZ3Jlc3NpdmVfcmVjaXBlATEVAAAm4MGG4of34gUVAigCQzMsF0BP0AAAAAAAGBJkYXNoX2Jhc2VsaW5lXzFfdjERAHXqB2XongEA&oh=00_AfrlTLWfJQ6yDRV1ZQRbbq4aqhDvriD6iiTHbyqCtTQ4eg&oe=69720679']",,https://www.threads.net/@teamtalaricohq/post/DTdmB7sAGXR,[],"{'likes': 3640, 'reposts': 480, 'quotes': 31}",threads,3809368118401197521,Team Talarico,,"Ezra Klein: “What is, to you, the ‘rage economy’?”

James Talarico: “The billionaires own the algorithms and the news networks. They have created for-profit platforms that divide us on an hourly basis. They elevate the most extreme voices to provoke our outrage, because that leads to more clicks, which leads to more money for them.

They are selling us conflict right into our bloodstream, and they’re calling it connection. 

And I think it’s left people starving for actual community.”",threads,76293707382,teamtalaricohq
[],2026-01-21T09:28:21.812784+07:00,"""If Trump invades Greenland, military conflict is least of Americans’ concerns. You don't need weapons to bring US to its knees, with its nearly $40 trillion of debt. 

""The rest of the world can collectively dump US bonds, destroying US dollar as global reserve currency—while sending US into hyperinflation, devastating US economy, and isolating America in the process. 

""Doesn't matter how big your military is if you can't afford to feed and pay your soldiers.""￼

-Graeme Frisque @graemefrisque",2026-01-07T12:16:07+07:00,,3804593980528703060,threads,threads.com,threads_crawler_v1,https://www.threads.net/@roncohencom/post/DTMohFUALZU,https://scontent-hkg1-2.cdninstagram.com/v/t51.2885-19/358001615_829028528587635_3635402833936728619_n.jpg?stp=dst-jpg_s150x150_tt6&efg=eyJ2ZW5jb2RlX3RhZyI6InByb2ZpbGVfcGljLmRqYW5nby4xMDgwLmMyIn0&_nc_ht=scontent-hkg1-2.cdninstagram.com&_nc_cat=103&_nc_oc=Q6cZ2QFGV9SDbDPPzGOyU-_xlDIIYZRnlGzc0WybbbACsvnvKUHuCf_xthHkywtl47rnTgM&_nc_ohc=XWCJA-LGBmMQ7kNvwFVYC5S&_nc_gid=jZbN1x_73Ghuu7ngHsepbw&edm=AJhczIQBAAAA&ccb=7-5&oh=00_AfpyV6iiPLsMQuDPXxq8Nd1xa3iFxaqM_453HqBs6GIOyQ&oe=6975F449&_nc_sid=4a2096,62,0,761,86,0,[],,https://www.threads.net/@roncohencom/post/DTMohFUALZU,[],"{'likes': 761, 'reposts': 77, 'quotes': 9}",threads,3804593980528703060,Ron Cohen,Greenland,"""If Trump invades Greenland, military conflict is least of Americans’ concerns. You don't need weapons to bring US to its knees, with its nearly $40 trillion of debt. 

""The rest of the world can collectively dump US bonds, destroying US dollar as global reserve currency—while sending US into hyperinflation, devastating US economy, and isolating America in the process. 

""Doesn't matter how big your military is if you can't afford to feed and pay your soldiers.""￼

-Graeme Frisque @graemefrisque",threads,63458869537,roncohencom
[],2026-01-21T09:28:21.812815+07:00,"Dear friends from India 🇮🇳,
Please understand the truth about the Cambodia Thailand conflict. Thailand has destroyed a Hindu statue and sacred Hindu heritage on Cambodian land 🇰🇭. 
This was not politicalit was an act of aggression and disrespect toward religion.
Cambodia respects Hinduism and has preserved Hindu temples for centuries. 
We kindly ask Indian friends to stand with truth and peace, and not support these actions.
🙏🇰🇭🇮🇳",2025-12-25T06:48:40+07:00,,3795007091611163521,threads,threads.com,threads_crawler_v1,https://www.threads.net/@zlynunique/post/DSqktfPkluB,https://scontent-hkg4-1.cdninstagram.com/v/t51.2885-19/358770159_663438171841460_645565931116820700_n.jpg?stp=dst-jpg_s150x150_tt6&efg=eyJ2ZW5jb2RlX3RhZyI6InByb2ZpbGVfcGljLmRqYW5nby4xMDgwLmMyIn0&_nc_ht=scontent-hkg4-1.cdninstagram.com&_nc_cat=108&_nc_oc=Q6cZ2QFGV9SDbDPPzGOyU-_xlDIIYZRnlGzc0WybbbACsvnvKUHuCf_xthHkywtl47rnTgM&_nc_ohc=KVmTdhXrtRwQ7kNvwHiqH2M&_nc_gid=jZbN1x_73Ghuu7ngHsepbw&edm=AJhczIQBAAAA&ccb=7-5&oh=00_AfopFImuBCTMJxPgy1ALn7Q4H78ziXrn6_NzlgiqplwQ7g&oe=69760C17&_nc_sid=4a2096,667,0,285,93,0,['https://scontent-hkg1-1.cdninstagram.com/v/t51.2885-15/605908594_17939698311101793_1967789979658359170_n.webp?efg=eyJ2ZW5jb2RlX3RhZyI6InRocmVhZHMuRkVFRC5pbWFnZV91cmxnZW4uMTA4MHgxMDc2LnNkci5mODI3ODcuZGVmYXVsdF9pbWFnZS5jMiJ9&_nc_ht=scontent-hkg1-1.cdninstagram.com&_nc_cat=109&_nc_oc=Q6cZ2QFGV9SDbDPPzGOyU-_xlDIIYZRnlGzc0WybbbACsvnvKUHuCf_xthHkywtl47rnTgM&_nc_ohc=wme7sQ0OTH8Q7kNvwHew7pE&_nc_gid=jZbN1x_73Ghuu7ngHsepbw&edm=AJhczIQBAAAA&ccb=7-5&ig_cache_key=Mzc5NTAwNzA5MTYxMTE2MzUyMQ%3D%3D.3-ccb7-5&oh=00_Afo-BGrKs5dZvn4y4GDMTcPrrd8CGdhbKz0_aXZu-_Wd2Q&oe=6975FE09&_nc_sid=4a2096'],,https://www.threads.net/@zlynunique/post/DSqktfPkluB,[],"{'likes': 285, 'reposts': 85, 'quotes': 8}",threads,3795007091611163521,ᏕᎧᏝᎩᏁ៚ ♥︎,IndiaCambodia #Cambodianeedpeace,"Dear friends from India 🇮🇳,
Please understand the truth about the Cambodia Thailand conflict. Thailand has destroyed a Hindu statue and sacred Hindu heritage on Cambodian land 🇰🇭. 
This was not politicalit was an act of aggression and disrespect toward religion.
Cambodia respects Hinduism and has preserved Hindu temples for centuries. 
We kindly ask Indian friends to stand with truth and peace, and not support these actions.
🙏🇰🇭🇮🇳",threads,63084317792,zlynunique
[],2026-01-21T09:28:21.812843+07:00,"#Prediction 1
⚠️ Important Astrological Alert: Next Few Days

The coming Few days are highly sensitive, with strong indications of conflict or war-like situations that may be contained, yet leave deep and lasting effects.

🔹 January 1 – Planetary Triggers

Mercury square Neptune points to confusion, misinformation, covert actions, and hidden agendas.

Sun trine Ketu at 17° signals sudden karmic developments, separations, and unexpected shocks.",2025-12-31T02:58:24+07:00,,3799239847362611065,threads,threads.com,threads_crawler_v1,https://www.threads.net/@jovialvision/post/DS5nIMOjsd5,https://scontent-hkg4-1.cdninstagram.com/v/t51.2885-19/358183252_1363298337602396_6241529926202470501_n.jpg?stp=dst-jpg_s150x150_tt6&efg=eyJ2ZW5jb2RlX3RhZyI6InByb2ZpbGVfcGljLmRqYW5nby42MDYuYzIifQ&_nc_ht=scontent-hkg4-1.cdninstagram.com&_nc_cat=108&_nc_oc=Q6cZ2QFGV9SDbDPPzGOyU-_xlDIIYZRnlGzc0WybbbACsvnvKUHuCf_xthHkywtl47rnTgM&_nc_ohc=A3amt5dPMRcQ7kNvwFCvW5M&_nc_gid=jZbN1x_73Ghuu7ngHsepbw&edm=AJhczIQBAAAA&ccb=7-5&oh=00_AfqLl1jBDOcKvCoiZQzKiW2Gc7XByEbUhyXlGhfk7hHoFg&oe=69760FC9&_nc_sid=4a2096,5,0,15,0,0,[],,https://www.threads.net/@jovialvision/post/DS5nIMOjsd5,[],"{'likes': 15, 'reposts': 0, 'quotes': 0}",threads,3799239847362611065,JOVIAL VISION,Astrology Threads,"#Prediction 1
⚠️ Important Astrological Alert: Next Few Days

The coming Few days are highly sensitive, with strong indications of conflict or war-like situations that may be contained, yet leave deep and lasting effects.

🔹 January 1 – Planetary Triggers

Mercury square Neptune points to confusion, misinformation, covert actions, and hidden agendas.

Sun trine Ketu at 17° signals sudden karmic developments, separations, and unexpected shocks.",threads,63091816406,jovialvision
[],2026-01-21T09:28:21.812873+07:00,"“Half in Shadow”

Concept

A cinematic portrait capturing a man at his most vulnerable moment — tears falling, emotions restrained, and light revealing only one side of his face, symbolizing inner conflict and silent heartbreak.

Gemini prompt ⬇️",2025-12-29T23:52:09+07:00,,3798421327603535509,threads,threads.com,threads_crawler_v1,https://www.threads.net/@twophannavit/post/DS2tBKTE46V,https://scontent-hkg4-1.cdninstagram.com/v/t51.2885-19/559013103_17914171266198620_8582360895002956369_n.jpg?stp=dst-jpg_s150x150_tt6&efg=eyJ2ZW5jb2RlX3RhZyI6InByb2ZpbGVfcGljLmRqYW5nby41MTIuYzIifQ&_nc_ht=scontent-hkg4-1.cdninstagram.com&_nc_cat=108&_nc_oc=Q6cZ2QFGV9SDbDPPzGOyU-_xlDIIYZRnlGzc0WybbbACsvnvKUHuCf_xthHkywtl47rnTgM&_nc_ohc=J3qqUxc5mCUQ7kNvwGgxNbO&_nc_gid=jZbN1x_73Ghuu7ngHsepbw&edm=AJhczIQBAAAA&ccb=7-5&oh=00_Afo_MIl40NRgmHriHZ7Ehjs0HE1LHly5q-pnnOs8vf1q-Q&oe=6975F83E&_nc_sid=4a2096,16,0,111,26,0,['https://scontent-hkg4-1.cdninstagram.com/v/t51.2885-15/608013237_17923182045198620_5973984514727288726_n.jpg?stp=dst-jpg_e35_tt6&efg=eyJ2ZW5jb2RlX3RhZyI6InRocmVhZHMuQ0FST1VTRUxfSVRFTS5pbWFnZV91cmxnZW4uMTQ0MHgyMTQ2LnNkci5mODI3ODcuZGVmYXVsdF9pbWFnZS5jMiJ9&_nc_ht=scontent-hkg4-1.cdninstagram.com&_nc_cat=108&_nc_oc=Q6cZ2QFGV9SDbDPPzGOyU-_xlDIIYZRnlGzc0WybbbACsvnvKUHuCf_xthHkywtl47rnTgM&_nc_ohc=vxYoEtCZN9kQ7kNvwFR2G6b&_nc_gid=jZbN1x_73Ghuu7ngHsepbw&edm=AJhczIQBAAAA&ccb=7-5&ig_cache_key=Mzc5ODQyMTMyMDM5Nzc0NTYzMQ%3D%3D.3-ccb7-5&oh=00_Afq914VUlr5EVH_DQBlgi_u_FsCUTvcCsNEr8LlNSFsixQ&oe=6976189D&_nc_sid=4a2096'],,https://www.threads.net/@twophannavit/post/DS2tBKTE46V,[],"{'likes': 111, 'reposts': 25, 'quotes': 1}",threads,3798421327603535509,ปัณณวิชญ์ ศุภกมลเสนีย์,AI Threads,"“Half in Shadow”

Concept

A cinematic portrait capturing a man at his most vulnerable moment — tears falling, emotions restrained, and light revealing only one side of his face, symbolizing inner conflict and silent heartbreak.

Gemini prompt ⬇️",threads,65903718619,twophannavit
[],2026-01-21T09:28:21.812907+07:00,"Hello! Selling 3 tickets for Lany concert. 

Message me for more details.
Rfs: conflict of schedule",2026-01-02T15:31:57+07:00,,3801068672690286293,threads,threads.com,threads_crawler_v1,https://www.threads.net/@znglldvnmnd/post/DTAG9Gike7V,https://scontent-hkg4-1.cdninstagram.com/v/t51.2885-19/617239792_17906360538336248_6365014450133709151_n.jpg?stp=dst-jpg_s150x150_tt6&efg=eyJ2ZW5jb2RlX3RhZyI6InByb2ZpbGVfcGljLmRqYW5nby4xMDgwLmMyIn0&_nc_ht=scontent-hkg4-1.cdninstagram.com&_nc_cat=108&_nc_oc=Q6cZ2QFGV9SDbDPPzGOyU-_xlDIIYZRnlGzc0WybbbACsvnvKUHuCf_xthHkywtl47rnTgM&_nc_ohc=sZnfntox6pwQ7kNvwEX7OwO&_nc_gid=jZbN1x_73Ghuu7ngHsepbw&edm=AJhczIQBAAAA&ccb=7-5&oh=00_Afon9VXWJP6SJyet5ezQL4e2DwTEbhecys--OHVY967zKA&oe=6975F7B9&_nc_sid=4a2096,6,0,2,0,0,['https://scontent-hkg4-1.cdninstagram.com/v/t51.2885-15/610510277_17904809592336248_8675784422999014853_n.jpg?stp=cp6_dst-jpg_e35_tt6&efg=eyJ2ZW5jb2RlX3RhZyI6InRocmVhZHMuRkVFRC5pbWFnZV91cmxnZW4uMTIwNngyNDAuc2RyLmY4Mjc4Ny5kZWZhdWx0X2ltYWdlLmMyIn0&_nc_ht=scontent-hkg4-1.cdninstagram.com&_nc_cat=108&_nc_oc=Q6cZ2QFGV9SDbDPPzGOyU-_xlDIIYZRnlGzc0WybbbACsvnvKUHuCf_xthHkywtl47rnTgM&_nc_ohc=J2oGllN3yiQQ7kNvwG6U5ac&_nc_gid=jZbN1x_73Ghuu7ngHsepbw&edm=AJhczIQBAAAA&ccb=7-5&ig_cache_key=MzgwMTA2ODY3MjY5MDI4NjI5Mw%3D%3D.3-ccb7-5&oh=00_AfpkGVzK8bFBalH2yZ0wL31vFZDqEjoQb7VdCdYDzv37KQ&oe=6975FD07&_nc_sid=4a2096'],,https://www.threads.net/@znglldvnmnd/post/DTAG9Gike7V,[],"{'likes': 2, 'reposts': 0, 'quotes': 0}",threads,3801068672690286293,Angelli ✨,dubai,"Hello! Selling 3 tickets for Lany concert. 

Message me for more details.
Rfs: conflict of schedule",threads,70171576247,znglldvnmnd
[],2026-01-21T09:28:21.812936+07:00,"As a Trini living in the US, watching the conflict in Venezuela unfold is scary. It’s too close to my friends and family in Trinidad. Am I the only one holding my breath knowing that Trinidad also has pitch and oil?",2026-01-04T13:02:01+07:00,,3802442755201690708,threads,threads.com,threads_crawler_v1,https://www.threads.net/@dr_samara_ryce/post/DTE_YomjexU,https://scontent-hkg1-1.cdninstagram.com/v/t51.2885-19/461315178_376724702167289_7910131212530297976_n.jpg?stp=dst-jpg_s150x150_tt6&efg=eyJ2ZW5jb2RlX3RhZyI6InByb2ZpbGVfcGljLmRqYW5nby4xMDgwLmMyIn0&_nc_ht=scontent-hkg1-1.cdninstagram.com&_nc_cat=105&_nc_oc=Q6cZ2QFGV9SDbDPPzGOyU-_xlDIIYZRnlGzc0WybbbACsvnvKUHuCf_xthHkywtl47rnTgM&_nc_ohc=e_n8y8L1Op0Q7kNvwHrZAb2&_nc_gid=jZbN1x_73Ghuu7ngHsepbw&edm=AJhczIQBAAAA&ccb=7-5&oh=00_Afp53GNx26ofi55_YbghQWJ7GuPiKfFNVbbEtf0hJBMjJg&oe=6976137D&_nc_sid=4a2096,129,0,294,9,0,[],,https://www.threads.net/@dr_samara_ryce/post/DTE_YomjexU,[],"{'likes': 294, 'reposts': 9, 'quotes': 0}",threads,3802442755201690708,Samara Ryce,,"As a Trini living in the US, watching the conflict in Venezuela unfold is scary. It’s too close to my friends and family in Trinidad. Am I the only one holding my breath knowing that Trinidad also has pitch and oil?",threads,64731536096,dr_samara_ryce
[],2026-01-21T09:28:21.812967+07:00,"Their Next Actions 🎬

💨 AIR SIGNS 💨
(Aquarius, Gemini, Libra)

Sun 🌞 Moon 🌕 Rising ⬆️ Venus 💖

I’m seeing some tension between you and this person, and it feels like it’s coming from a mental or emotional conflict possibly on both sides. Whatever it is, it’s been affecting the connection, and this person is wanting clarity. They want to understand what this connection truly is and where it’s headed.",2025-12-17T07:23:34+07:00,,3789226444493544599,threads,threads.com,threads_crawler_v1,https://www.threads.net/@melanyn.monroe/post/DSWCWAFjdyX,https://scontent-hkg4-2.cdninstagram.com/v/t51.2885-19/581259721_17916240753218243_3632096403587583708_n.jpg?stp=dst-jpg_s150x150_tt6&efg=eyJ2ZW5jb2RlX3RhZyI6InByb2ZpbGVfcGljLmRqYW5nby4xMDgwLmMyIn0&_nc_ht=scontent-hkg4-2.cdninstagram.com&_nc_cat=111&_nc_oc=Q6cZ2QFGV9SDbDPPzGOyU-_xlDIIYZRnlGzc0WybbbACsvnvKUHuCf_xthHkywtl47rnTgM&_nc_ohc=jMZynNEJbXAQ7kNvwEMK7me&_nc_gid=jZbN1x_73Ghuu7ngHsepbw&edm=AJhczIQBAAAA&ccb=7-5&oh=00_AfpSkJ-eGoKbXIrOKe3xNL8re6nZFEQBGo763dl4F4UY0w&oe=6975F566&_nc_sid=4a2096,9,0,116,1,0,[],,https://www.threads.net/@melanyn.monroe/post/DSWCWAFjdyX,[],"{'likes': 116, 'reposts': 1, 'quotes': 0}",threads,3789226444493544599,Ebb,Tarot Threads,"Their Next Actions 🎬

💨 AIR SIGNS 💨
(Aquarius, Gemini, Libra)

Sun 🌞 Moon 🌕 Rising ⬆️ Venus 💖

I’m seeing some tension between you and this person, and it feels like it’s coming from a mental or emotional conflict possibly on both sides. Whatever it is, it’s been affecting the connection, and this person is wanting clarity. They want to understand what this connection truly is and where it’s headed.",threads,66513002242,melanyn.monroe
[],2026-01-21T09:28:21.813012+07:00,"“I only rock with people who’ve been loved”
is powerful on a deeper level. When someone has experienced real love, it shows in how they regulate emotions, handle conflict, and offer care without fear or manipulation. They’re less likely to confuse intensity with intimacy or chaos with passion. 

Love teaches safety, and ppl who’ve known it often move through relationships with more grounding, accountability, and emotional clarity. That kind of foundation changes everything…",2025-12-23T01:09:43+07:00,,3793384243662401540,threads,threads.com,threads_crawler_v1,https://www.threads.net/@starr__1204/post/DSkzt8UD7AE,https://scontent-hkg1-1.cdninstagram.com/v/t51.2885-19/608006366_17935043337115824_5347484815817427227_n.jpg?stp=dst-jpg_s150x150_tt6&efg=eyJ2ZW5jb2RlX3RhZyI6InByb2ZpbGVfcGljLmRqYW5nby44ODIuYzIifQ&_nc_ht=scontent-hkg1-1.cdninstagram.com&_nc_cat=1&_nc_oc=Q6cZ2QFGV9SDbDPPzGOyU-_xlDIIYZRnlGzc0WybbbACsvnvKUHuCf_xthHkywtl47rnTgM&_nc_ohc=KcKZuVwkOCsQ7kNvwE-zh7m&_nc_gid=jZbN1x_73Ghuu7ngHsepbw&edm=AJhczIQBAAAA&ccb=7-5&oh=00_Afr2JxJbiWNyPiW3KrhGTZ9WJuDCSx4Xj0TwZFZaQF2Y1g&oe=6975FF81&_nc_sid=4a2096,43,0,1420,384,0,"['https://scontent-hkg1-1.cdninstagram.com/v/t51.2885-15/588629548_1398062728501157_7320042369709632269_n.jpg?stp=dst-jpg_e15_tt6&efg=eyJ2ZW5jb2RlX3RhZyI6InRocmVhZHMuRkVFRC5pbWFnZV91cmxnZW4uNjQweDM2MC5zZHIuZjcxODc4LmRlZmF1bHRfY292ZXJfZnJhbWUuYzIifQ&_nc_ht=scontent-hkg1-1.cdninstagram.com&_nc_cat=105&_nc_oc=Q6cZ2QFGV9SDbDPPzGOyU-_xlDIIYZRnlGzc0WybbbACsvnvKUHuCf_xthHkywtl47rnTgM&_nc_ohc=v29sqzsDXoQQ7kNvwHgwc5X&_nc_gid=jZbN1x_73Ghuu7ngHsepbw&edm=AJhczIQBAAAA&ccb=7-5&ig_cache_key=Mzc5MzM4NDI0MzY2MjQwMTU0MA%3D%3D.3-ccb7-5&oh=00_AfqTtis7s5J0AkmLTNN5mcWfSHqBdHTpeEjlMgqPP29Paw&oe=69761E28&_nc_sid=4a2096', 'https://scontent-hkg4-1.cdninstagram.com/o1/v/t16/f2/m84/AQNx4-icnlV9V1BBJyOeavXZNQucdJlpwl8kmGjEXI3NYd66BSLFbClZ1gDshAK7yLwTRR743QMkOSWlaQUA8YR9BB6wQuhPuxWR3xg.mp4?_nc_cat=110&_nc_sid=5e9851&_nc_ht=scontent-hkg4-1.cdninstagram.com&_nc_ohc=bQBJ1ocgCAkQ7kNvwFfdKw4&efg=eyJ2ZW5jb2RlX3RhZyI6Inhwdl9wcm9ncmVzc2l2ZS5JTlNUQUdSQU0uRkVFRC5DMy4xMDIwLmRhc2hfYmFzZWxpbmVfMV92MSIsInhwdl9hc3NldF9pZCI6MjM4MTQ1NTA1MjMxMzUxNCwiYXNzZXRfYWdlX2RheXMiOjI5LCJ2aV91c2VjYXNlX2lkIjoxMDE2NCwiZHVyYXRpb25fcyI6NzUsInVybGdlbl9zb3VyY2UiOiJ3d3cifQ%3D%3D&ccb=17-1&_nc_gid=jZbN1x_73Ghuu7ngHsepbw&_nc_zt=28&vs=f18887f7db4df6d5&_nc_vs=HBksFQIYTGlnX2JhY2tmaWxsX3RpbWVsaW5lX3ZvZC8zRTRCRUNDRUYzRDA0QzI5NEY2NEE2QkZGQ0ZCMEVBNF92aWRlb19kYXNoaW5pdC5tcDQVAALIARIAFQIYOnBhc3N0aHJvdWdoX2V2ZXJzdG9yZS9HSkdxNVNNVHcwV010SThFQU44WDlPOVdkNWhyYnNwVEFRQUYVAgLIARIAKAAYABsCiAd1c2Vfb2lsATEScHJvZ3Jlc3NpdmVfcmVjaXBlATEVAAAm1M6I5_b6uggVAigCQzMsF0BSzMzMzMzNGBJkYXNoX2Jhc2VsaW5lXzFfdjERAHXqB2XongEA&oh=00_Afo33OqIBc92HHL7FQxW7Cq-18LHlPoWaimSQgPK2JCI7Q&oe=6972160E']",,https://www.threads.net/@starr__1204/post/DSkzt8UD7AE,[],"{'likes': 1420, 'reposts': 336, 'quotes': 48}",threads,3793384243662401540,Ebony 💫,Jill Scott,"“I only rock with people who’ve been loved”
is powerful on a deeper level. When someone has experienced real love, it shows in how they regulate emotions, handle conflict, and offer care without fear or manipulation. They’re less likely to confuse intensity with intimacy or chaos with passion. 

Love teaches safety, and ppl who’ve known it often move through relationships with more grounding, accountability, and emotional clarity. That kind of foundation changes everything…",threads,63405875823,starr__1204
[],2026-01-21T09:28:21.813065+07:00,"Alot of y’all have low self-esteem which causes you to self-sabotage in relationships without even realizing. You withhold feelings, avoid difficult conversations, or shut down emotionally. You’ll even do things like test your partner’s loyalty, and create conflict to create distance. You’re afraid of being rejected, so out of fear of being hurt or abandoned, you do things to end the relationship before it can cause you any pain.",2025-09-24T07:44:41+07:00,,3728355914223986582,threads,threads.com,threads_crawler_v1,https://www.threads.net/@tiilacee/post/DO9x_NHjCeW,https://scontent-hkg4-1.cdninstagram.com/v/t51.2885-19/603017587_17931965358119730_7042230844302483178_n.jpg?stp=dst-jpg_s150x150_tt6&efg=eyJ2ZW5jb2RlX3RhZyI6InByb2ZpbGVfcGljLmRqYW5nby4xMDgwLmMyIn0&_nc_ht=scontent-hkg4-1.cdninstagram.com&_nc_cat=106&_nc_oc=Q6cZ2QFGV9SDbDPPzGOyU-_xlDIIYZRnlGzc0WybbbACsvnvKUHuCf_xthHkywtl47rnTgM&_nc_ohc=6jf3-TOLR94Q7kNvwFlPZ0U&_nc_gid=jZbN1x_73Ghuu7ngHsepbw&edm=AJhczIQBAAAA&ccb=7-5&oh=00_AfoTH47XqcwBS60oJCW8o-r5GY9_AtfxjSjPAVfR2H5k0Q&oe=69761FDE&_nc_sid=4a2096,10,0,324,51,0,[],,https://www.threads.net/@tiilacee/post/DO9x_NHjCeW,[],"{'likes': 324, 'reposts': 50, 'quotes': 1}",threads,3728355914223986582,𝖖𝖚𝖊𝖊𝖓 𝖔𝖋 𝖍𝖊𝖆𝖗𝖙𝖘,,"Alot of y’all have low self-esteem which causes you to self-sabotage in relationships without even realizing. You withhold feelings, avoid difficult conversations, or shut down emotionally. You’ll even do things like test your partner’s loyalty, and create conflict to create distance. You’re afraid of being rejected, so out of fear of being hurt or abandoned, you do things to end the relationship before it can cause you any pain.",threads,63433679729,tiilacee
[],2026-01-21T09:28:21.813123+07:00,"Tonight, the President of the United States has launched an unconstitutional war of aggression, dooming another generation to spill their blood for oil, and lay waste to a sovereign nation.

I demand that Congress exercise its power, halt this conflict, and impeach this war criminal president.",2026-01-03T14:43:53+07:00,,3801769255230271093,threads,threads.com,threads_crawler_v1,https://www.threads.net/@kabughazaleh/post/DTCmP64AG51,https://scontent-hkg4-1.cdninstagram.com/v/t51.2885-19/486664348_3405789962890102_5285819728766557730_n.jpg?stp=dst-jpg_s150x150_tt6&efg=eyJ2ZW5jb2RlX3RhZyI6InByb2ZpbGVfcGljLmRqYW5nby4xMDAwLmMyIn0&_nc_ht=scontent-hkg4-1.cdninstagram.com&_nc_cat=110&_nc_oc=Q6cZ2QFGV9SDbDPPzGOyU-_xlDIIYZRnlGzc0WybbbACsvnvKUHuCf_xthHkywtl47rnTgM&_nc_ohc=TEfiX8vxVJwQ7kNvwEEcvqP&_nc_gid=jZbN1x_73Ghuu7ngHsepbw&edm=AJhczIQBAAAA&ccb=7-5&oh=00_AfptLmcDU9mpWAlv1LV7Cq2J4y9dF4ZyPAox_DU7zfM-7w&oe=69761231&_nc_sid=4a2096,204,0,6695,799,0,[],,https://www.threads.net/@kabughazaleh/post/DTCmP64AG51,[],"{'likes': 6695, 'reposts': 775, 'quotes': 24}",threads,3801769255230271093,Kat Abughazaleh,,"Tonight, the President of the United States has launched an unconstitutional war of aggression, dooming another generation to spill their blood for oil, and lay waste to a sovereign nation.

I demand that Congress exercise its power, halt this conflict, and impeach this war criminal president.",threads,63122469127,kabughazaleh
[],2026-01-21T09:28:21.813171+07:00,"After a 16-year delay caused by the conflict, a Libyan trader in Tripoli has finally received a shipment of Nokia phones originally ordered in 2010.

#Libya",2026-01-11T17:20:32+07:00,,3807645789120650107,threads,threads.com,threads_crawler_v1,https://www.threads.net/@themestimes/post/DTXeavjDFt7,https://scontent-hkg1-1.cdninstagram.com/v/t51.2885-19/515928796_17971481633874546_853632969909319350_n.jpg?stp=dst-jpg_s150x150_tt6&efg=eyJ2ZW5jb2RlX3RhZyI6InByb2ZpbGVfcGljLmRqYW5nby4xMDI0LmMyIn0&_nc_ht=scontent-hkg1-1.cdninstagram.com&_nc_cat=1&_nc_oc=Q6cZ2QFGV9SDbDPPzGOyU-_xlDIIYZRnlGzc0WybbbACsvnvKUHuCf_xthHkywtl47rnTgM&_nc_ohc=FHvIibR1ghUQ7kNvwFOerF-&_nc_gid=jZbN1x_73Ghuu7ngHsepbw&edm=AJhczIQBAAAA&ccb=7-5&oh=00_Afqvd2sg5pjLvuSANdpI8A56QIicJ6AIEJGrIRtT7SwcSg&oe=697604AF&_nc_sid=4a2096,145,0,9475,382,0,"['https://scontent-hkg1-2.cdninstagram.com/v/t51.2885-15/613630825_25740119995620470_7927640345279769568_n.jpg?stp=dst-jpg_e15_tt6&efg=eyJ2ZW5jb2RlX3RhZyI6InRocmVhZHMuRkVFRC5pbWFnZV91cmxnZW4uNjQweDgwMC5zZHIuZjcxODc4LmRlZmF1bHRfY292ZXJfZnJhbWUuYzIifQ&_nc_ht=scontent-hkg1-2.cdninstagram.com&_nc_cat=102&_nc_oc=Q6cZ2QFGV9SDbDPPzGOyU-_xlDIIYZRnlGzc0WybbbACsvnvKUHuCf_xthHkywtl47rnTgM&_nc_ohc=FrF1TaAyo9cQ7kNvwEQSTyk&_nc_gid=jZbN1x_73Ghuu7ngHsepbw&edm=AJhczIQBAAAA&ccb=7-5&ig_cache_key=MzgwNzY0NTc4OTEyMDY1MDEwNw%3D%3D.3-ccb7-5&oh=00_AfqrvXv6gbFpFjEIzxg_ripd5wQZsAO3b-vPc2T3OZAGgw&oe=69760A11&_nc_sid=4a2096', 'https://scontent-hkg1-1.cdninstagram.com/o1/v/t16/f2/m84/AQPHDxYH23uBOTA8eAbrlZzNKUve0v8c6FbrIaisjiY84_WubtG-ze_AIt5bfF4TyohEXgLXu-qngiMjoXAkuy0kqzauOqVNMLV1lOQ.mp4?_nc_cat=101&_nc_sid=5e9851&_nc_ht=scontent-hkg1-1.cdninstagram.com&_nc_ohc=0VcGDG6tWbAQ7kNvwEV5xC7&efg=eyJ2ZW5jb2RlX3RhZyI6Inhwdl9wcm9ncmVzc2l2ZS5JTlNUQUdSQU0uRkVFRC5DMy43MjAuZGFzaF9iYXNlbGluZV8xX3YxIiwieHB2X2Fzc2V0X2lkIjoxMjQyNTQ0NTc0NDAwMDg0LCJhc3NldF9hZ2VfZGF5cyI6OSwidmlfdXNlY2FzZV9pZCI6MTAxNjQsImR1cmF0aW9uX3MiOjQ4LCJ1cmxnZW5fc291cmNlIjoid3d3In0%3D&ccb=17-1&_nc_gid=jZbN1x_73Ghuu7ngHsepbw&_nc_zt=28&vs=9bda2cc7c29e691&_nc_vs=HBksFQIYTGlnX2JhY2tmaWxsX3RpbWVsaW5lX3ZvZC9CODRGOERGMjY2RkIyQTc2RDlDQjE4NzE1QUVCNjY5OF92aWRlb19kYXNoaW5pdC5tcDQVAALIARIAFQIYOnBhc3N0aHJvdWdoX2V2ZXJzdG9yZS9HQ3NyWmlTMS1Jd0ZJblFGQUQ2a0tVTVlrcVFGYnNwVEFRQUYVAgLIARIAKAAYABsCiAd1c2Vfb2lsATEScHJvZ3Jlc3NpdmVfcmVjaXBlATEVAAAmqJnMv86FtQQVAigCQzMsF0BIUQYk3S8bGBJkYXNoX2Jhc2VsaW5lXzFfdjERAHXqB2XongEA&oh=00_AfqarmpOaIVpOfDq4WXwlFPXkiVZXdTAtz4UnIV0Dt5dBA&oe=697209DB']",,https://www.threads.net/@themestimes/post/DTXeavjDFt7,[],"{'likes': 9475, 'reposts': 372, 'quotes': 10}",threads,3807645789120650107,The MES Times,,"After a 16-year delay caused by the conflict, a Libyan trader in Tripoli has finally received a shipment of Nokia phones originally ordered in 2010.

#Libya",threads,63157390686,themestimes
[],2026-01-21T09:28:21.813214+07:00,"Write this down:
In 2025, I’m leaving the habit of ignoring my needs just to avoid conflict.
In 2026, I’m choosing what supports me, even if it shifts the dynamic.",2025-12-11T03:15:07+07:00,,3784752746202249560,threads,threads.com,threads_crawler_v1,https://www.threads.net/@alex_elle/post/DSGJJH4EblY,https://scontent-hkg1-1.cdninstagram.com/v/t51.2885-19/581517800_17932922910105170_2913251916780871109_n.jpg?stp=dst-jpg_s150x150_tt6&efg=eyJ2ZW5jb2RlX3RhZyI6InByb2ZpbGVfcGljLmRqYW5nby4xMDgwLmMyIn0&_nc_ht=scontent-hkg1-1.cdninstagram.com&_nc_cat=1&_nc_oc=Q6cZ2QFGV9SDbDPPzGOyU-_xlDIIYZRnlGzc0WybbbACsvnvKUHuCf_xthHkywtl47rnTgM&_nc_ohc=vFKb3H0UpPcQ7kNvwExcmgl&_nc_gid=jZbN1x_73Ghuu7ngHsepbw&edm=AJhczIQBAAAA&ccb=7-5&oh=00_Afq71jZY4tgjHhGxLBc2oJXTqnlOOPrTvRbSmS6WJKcH4w&oe=6975F648&_nc_sid=4a2096,44,0,5996,1203,0,[],,https://www.threads.net/@alex_elle/post/DSGJJH4EblY,[],"{'likes': 5996, 'reposts': 1138, 'quotes': 65}",threads,3784752746202249560,Alex Elle,,"Write this down:
In 2025, I’m leaving the habit of ignoring my needs just to avoid conflict.
In 2026, I’m choosing what supports me, even if it shifts the dynamic.",threads,63258385169,alex_elle
[],2026-01-21T09:28:21.813255+07:00,"Conflict avoidance is learned behavior.

Someone punished you for having needs that didn’t align with theirs.

So you learned to disappear instead of disagree.",2025-12-23T02:54:13+07:00,,3793439533632217025,threads,threads.com,threads_crawler_v1,https://www.threads.net/@kiaraivorylmft/post/DSlAShHEl_B,https://scontent-hkg1-2.cdninstagram.com/v/t51.2885-19/590535785_17842146720654031_8242609871141237333_n.jpg?stp=dst-jpg_s150x150_tt6&efg=eyJ2ZW5jb2RlX3RhZyI6InByb2ZpbGVfcGljLmRqYW5nby4xMDgwLmMyIn0&_nc_ht=scontent-hkg1-2.cdninstagram.com&_nc_cat=107&_nc_oc=Q6cZ2QFGV9SDbDPPzGOyU-_xlDIIYZRnlGzc0WybbbACsvnvKUHuCf_xthHkywtl47rnTgM&_nc_ohc=Bndf9wvwIQMQ7kNvwH1kEYx&_nc_gid=jZbN1x_73Ghuu7ngHsepbw&edm=AJhczIQBAAAA&ccb=7-5&oh=00_Afq1fnyDM1F4LYCX72JboaJrBVHm_R1nyKkEZFZh-Ynwgw&oe=697619A3&_nc_sid=4a2096,3,0,83,18,0,[],,https://www.threads.net/@kiaraivorylmft/post/DSlAShHEl_B,[],"{'likes': 83, 'reposts': 17, 'quotes': 1}",threads,3793439533632217025,"Kiara,LMFT| Therapist for People Pleasers",,"Conflict avoidance is learned behavior.

Someone punished you for having needs that didn’t align with theirs.

So you learned to disappear instead of disagree.",threads,79548366030,kiaraivorylmft
[],2026-01-21T09:28:21.813292+07:00,"//conflict of imagination~

absentia © 2026",2026-01-19T01:16:58+07:00,,3812959533782538496,threads,threads.com,threads_crawler_v1,https://www.threads.net/@unowned.mind.state/post/DTqWn56DBkA,https://scontent-hkg1-2.cdninstagram.com/v/t51.2885-19/609163551_17843141715668054_8612580620426960738_n.jpg?stp=dst-jpg_s150x150_tt6&efg=eyJ2ZW5jb2RlX3RhZyI6InByb2ZpbGVfcGljLmRqYW5nby4xMDI0LmMyIn0&_nc_ht=scontent-hkg1-2.cdninstagram.com&_nc_cat=102&_nc_oc=Q6cZ2QFGV9SDbDPPzGOyU-_xlDIIYZRnlGzc0WybbbACsvnvKUHuCf_xthHkywtl47rnTgM&_nc_ohc=Rn2T0tCpPrYQ7kNvwFagoQv&_nc_gid=jZbN1x_73Ghuu7ngHsepbw&edm=AJhczIQBAAAA&ccb=7-5&oh=00_AfpImtdFsYQ_4eUj87KQ6OL_kYX81ObVUF9HbnqueidSew&oe=69760CFE&_nc_sid=4a2096,0,0,51,8,0,['https://scontent-hkg1-2.cdninstagram.com/v/t51.2885-15/618887014_17846731551668054_1653357981014099690_n.jpg?stp=dst-jpg_e35_tt6&efg=eyJ2ZW5jb2RlX3RhZyI6InRocmVhZHMuQ0FST1VTRUxfSVRFTS5pbWFnZV91cmxnZW4uODI4eDgyOC5zZHIuZjgyNzg3LmRlZmF1bHRfaW1hZ2UuYzIifQ&_nc_ht=scontent-hkg1-2.cdninstagram.com&_nc_cat=102&_nc_oc=Q6cZ2QFGV9SDbDPPzGOyU-_xlDIIYZRnlGzc0WybbbACsvnvKUHuCf_xthHkywtl47rnTgM&_nc_ohc=oA7yiyOQ1joQ7kNvwEzhQpT&_nc_gid=jZbN1x_73Ghuu7ngHsepbw&edm=AJhczIQBAAAA&ccb=7-5&ig_cache_key=MzgxMjk1OTUyNzYxNjk2NTA3NA%3D%3D.3-ccb7-5&oh=00_AfpE83pZEeD1vRA-qBiQkggjbSYbMOLi-9JVuTsD5a611Q&oe=6975FCEA&_nc_sid=4a2096'],,https://www.threads.net/@unowned.mind.state/post/DTqWn56DBkA,[],"{'likes': 51, 'reposts': 8, 'quotes': 0}",threads,3812959533782538496,absentia,,"//conflict of imagination~

absentia © 2026",threads,79975332053,unowned.mind.state
[],2026-01-21T09:28:50.362327+07:00,"Psychology fact: 🫶
People who grew up unheard often swing between over explaining and shutting down.
Both can be nervous system survival responses to not feeling safe, seen, or taken seriously.
Over talking can be an attempt to secure connection, disappearing can be an attempt to avoid conflict or shame.
The healing is learning you can speak without performing and be quiet without vanishing.
That is what safety feels like, steady presence instead of extremes.",2026-01-05T19:20:38+07:00,,3803358097515906464,threads,threads.com,threads_crawler_v1,https://www.threads.net/@weaveyourspirit/post/DTIPgnkCoWg,https://scontent-hkg4-1.cdninstagram.com/v/t51.2885-19/561167613_17844526788586868_3244142189784057470_n.jpg?stp=dst-jpg_s150x150_tt6&efg=eyJ2ZW5jb2RlX3RhZyI6InByb2ZpbGVfcGljLmRqYW5nby4xMDgwLmMyIn0&_nc_ht=scontent-hkg4-1.cdninstagram.com&_nc_cat=108&_nc_oc=Q6cZ2QG4f7PKuipwxuS_gIzEg3ieG03cO_UHr7eZ2aL0V3nA4EscHV3liXRYpTR_liOUa6k&_nc_ohc=ebKtYbtAVa8Q7kNvwE_gw1q&_nc_gid=PGNS7AdseXMzm0O4c_xZlA&edm=AJhczIQBAAAA&ccb=7-5&oh=00_AfrrFWMmy4897eWnWy21CxkaBp3_LCozm4nQvXu4S3jI1Q&oe=6975F597&_nc_sid=4a2096,9,0,815,140,0,[],,https://www.threads.net/@weaveyourspirit/post/DTIPgnkCoWg,[],"{'likes': 815, 'reposts': 137, 'quotes': 3}",threads,3803358097515906464,Diana,,"Psychology fact: 🫶
People who grew up unheard often swing between over explaining and shutting down.
Both can be nervous system survival responses to not feeling safe, seen, or taken seriously.
Over talking can be an attempt to secure connection, disappearing can be an attempt to avoid conflict or shame.
The healing is learning you can speak without performing and be quiet without vanishing.
That is what safety feels like, steady presence instead of extremes.",threads,77590250867,weaveyourspirit
[],2026-01-21T09:28:50.362733+07:00,"Found out about a new personality disorder today called (HCP) high conflict personality disorder, they make conflict for themselves to be the victim for validation and attention….",2025-12-23T03:57:25+07:00,,3793471341480375462,threads,threads.com,threads_crawler_v1,https://www.threads.net/@betterlife16th/post/DSlHhYej_Sm,https://scontent-hkg4-1.cdninstagram.com/v/t51.2885-19/587120248_17916289350219560_4441422655519323467_n.jpg?stp=dst-jpg_s150x150_tt6&efg=eyJ2ZW5jb2RlX3RhZyI6InByb2ZpbGVfcGljLmRqYW5nby44NjQuYzIifQ&_nc_ht=scontent-hkg4-1.cdninstagram.com&_nc_cat=108&_nc_oc=Q6cZ2QG4f7PKuipwxuS_gIzEg3ieG03cO_UHr7eZ2aL0V3nA4EscHV3liXRYpTR_liOUa6k&_nc_ohc=DIFSI_1X1xMQ7kNvwHCpLd9&_nc_gid=PGNS7AdseXMzm0O4c_xZlA&edm=AJhczIQBAAAA&ccb=7-5&oh=00_Afo82CHx-dwct8vz7_fBVxxUBL2PC2In_VxCb8KIDMi5EA&oe=69760896&_nc_sid=4a2096,2,0,3,0,0,[],,https://www.threads.net/@betterlife16th/post/DSlHhYej_Sm,[],"{'likes': 3, 'reposts': 0, 'quotes': 0}",threads,3793471341480375462,Terrance Flippen,,"Found out about a new personality disorder today called (HCP) high conflict personality disorder, they make conflict for themselves to be the victim for validation and attention….",threads,66542835559,betterlife16th
[],2026-01-21T09:28:50.362917+07:00,"Trump said that Zelensky — not Putin — is holding up a peace deal in Ukraine.

In an interview with Reuters, Trump claimed that Putin is ready to end the war.

When asked why US-led negotiations have not yet resolved Europe’s largest conflict since World War II, Trump replied: “Zelensky.”",2026-01-15T12:07:58+07:00,,3810388089634564487,threads,threads.com,threads_crawler_v1,https://www.threads.net/@kyivpost.official/post/DThN8d7DCmH,https://scontent-hkg1-1.cdninstagram.com/v/t51.2885-19/449876353_796019769303209_5391820579776658073_n.jpg?stp=dst-jpg_s150x150_tt6&efg=eyJ2ZW5jb2RlX3RhZyI6InByb2ZpbGVfcGljLmRqYW5nby44MDAuYzIifQ&_nc_ht=scontent-hkg1-1.cdninstagram.com&_nc_cat=1&_nc_oc=Q6cZ2QG4f7PKuipwxuS_gIzEg3ieG03cO_UHr7eZ2aL0V3nA4EscHV3liXRYpTR_liOUa6k&_nc_ohc=lBMnvRN6sjgQ7kNvwEiJM7z&_nc_gid=PGNS7AdseXMzm0O4c_xZlA&edm=AJhczIQBAAAA&ccb=7-5&oh=00_AfpZHqzIlOdOEZigc6X-fEAlTyxt8EAKbZW7hMEUYc4zDw&oe=6976161D&_nc_sid=4a2096,176,0,201,33,0,['https://scontent-hkg1-2.cdninstagram.com/v/t51.2885-15/616202200_17936783883114099_1968272566948791183_n.jpg?stp=dst-jpg_e35_tt6&efg=eyJ2ZW5jb2RlX3RhZyI6InRocmVhZHMuRkVFRC5pbWFnZV91cmxnZW4uNjQweDM2MC5zZHIuZjgyNzg3LmRlZmF1bHRfaW1hZ2UuYzIifQ&_nc_ht=scontent-hkg1-2.cdninstagram.com&_nc_cat=103&_nc_oc=Q6cZ2QG4f7PKuipwxuS_gIzEg3ieG03cO_UHr7eZ2aL0V3nA4EscHV3liXRYpTR_liOUa6k&_nc_ohc=u1DBP3SOm2QQ7kNvwHd5gdz&_nc_gid=PGNS7AdseXMzm0O4c_xZlA&edm=AJhczIQBAAAA&ccb=7-5&ig_cache_key=MzgxMDM4ODA4OTYzNDU2NDQ4Nw%3D%3D.3-ccb7-5&oh=00_AfqPzAdzm8IcPYC1scLnSVISUrUPmRaBFtL8yLzxPJhGpA&oe=6975F692&_nc_sid=4a2096'],,https://www.threads.net/@kyivpost.official/post/DThN8d7DCmH,[],"{'likes': 201, 'reposts': 24, 'quotes': 9}",threads,3810388089634564487,Kyiv Post,,"Trump said that Zelensky — not Putin — is holding up a peace deal in Ukraine.

In an interview with Reuters, Trump claimed that Putin is ready to end the war.

When asked why US-led negotiations have not yet resolved Europe’s largest conflict since World War II, Trump replied: “Zelensky.”",threads,63464450098,kyivpost.official
[],2026-01-21T09:28:50.363084+07:00,How your partner treats you during conflict is more important than every romantic encounter you’ve had.,2025-07-13T10:27:44+07:00,,3675529354319400491,threads,threads.com,threads_crawler_v1,https://www.threads.net/@drnoresalman/post/DMCGnlVuo4r,https://scontent-hkg1-1.cdninstagram.com/v/t51.2885-19/462473646_1073275711120237_5568544130332772333_n.jpg?stp=dst-jpg_s150x150_tt6&efg=eyJ2ZW5jb2RlX3RhZyI6InByb2ZpbGVfcGljLmRqYW5nby4xMDgwLmMyIn0&_nc_ht=scontent-hkg1-1.cdninstagram.com&_nc_cat=101&_nc_oc=Q6cZ2QG4f7PKuipwxuS_gIzEg3ieG03cO_UHr7eZ2aL0V3nA4EscHV3liXRYpTR_liOUa6k&_nc_ohc=N_EXDhUxQsQQ7kNvwHWnt_M&_nc_gid=PGNS7AdseXMzm0O4c_xZlA&edm=AJhczIQBAAAA&ccb=7-5&oh=00_Afpokd-HE6STioWLWiVgWr-NS-TWTQs37TS7423muCgFLw&oe=69761A23&_nc_sid=4a2096,30,0,3289,420,0,[],,https://www.threads.net/@drnoresalman/post/DMCGnlVuo4r,[],"{'likes': 3289, 'reposts': 408, 'quotes': 12}",threads,3675529354319400491,"Dr. Nore Salman, M.A, Psy.D",,How your partner treats you during conflict is more important than every romantic encounter you’ve had. ￼,threads,63261934449,drnoresalman
[],2026-01-21T09:28:50.363239+07:00,"999 000 222 1111 911 1111
- intuitively picking up on 2 ""predators""
- u got both of them acting weird cuz of your intelligence.. your energy
- karmic twin flame spinning the block cuz they are picking up on conflict in ur life (expect challenges w them)
- acting ur ass off 🤣(specific)
- glitches 
- noticing how everyone is praying on your downfall
- shit ton of confirmations about someone that wants you 
- making ppl feel insecure AF on overtime 
- coworker or worker working overtime for u",2026-01-13T09:06:42+07:00,,3808847304971883958,threads,threads.com,threads_crawler_v1,https://www.threads.net/@airofswords/post/DTbvnGYjZW2,https://scontent-hkg4-1.cdninstagram.com/v/t51.2885-19/602893532_17903323161320506_8278248442837098149_n.jpg?stp=dst-jpg_s150x150_tt6&efg=eyJ2ZW5jb2RlX3RhZyI6InByb2ZpbGVfcGljLmRqYW5nby4xMDgwLmMyIn0&_nc_ht=scontent-hkg4-1.cdninstagram.com&_nc_cat=110&_nc_oc=Q6cZ2QG4f7PKuipwxuS_gIzEg3ieG03cO_UHr7eZ2aL0V3nA4EscHV3liXRYpTR_liOUa6k&_nc_ohc=O_g9bvBe0gcQ7kNvwFoJVFO&_nc_gid=PGNS7AdseXMzm0O4c_xZlA&edm=AJhczIQBAAAA&ccb=7-5&oh=00_Afr1bC3vCoikjUNVwKD3pGaTq2vEHmcFe662PbuD2xV1hA&oe=6975FCEF&_nc_sid=4a2096,2,0,157,5,0,[],,https://www.threads.net/@airofswords/post/DTbvnGYjZW2,[],"{'likes': 157, 'reposts': 5, 'quotes': 0}",threads,3808847304971883958,Air,CHOSEN,"999 000 222 1111 911 1111
- intuitively picking up on 2 ""predators""
- u got both of them acting weird cuz of your intelligence.. your energy
- karmic twin flame spinning the block cuz they are picking up on conflict in ur life (expect challenges w them)
- acting ur ass off 🤣(specific)
- glitches 
- noticing how everyone is praying on your downfall
- shit ton of confirmations about someone that wants you 
- making ppl feel insecure AF on overtime 
- coworker or worker working overtime for u",threads,69696208505,airofswords
[],2026-01-21T09:28:50.363404+07:00,"Use my uploaded photo as the EXACT and ONLY facial and body reference.

STRICT RULES:
Do NOT change my face, identity, age, skin tone, facial structure, body shape, or clothing.
NO beautification, NO reshaping, NO smoothing.
NO outfit replacement or redesign.

The clothing must remain EXACTLY the same as the reference image.
Same tank top, same fabric, same fit.
Only surface-level stains are allowed.
If there is any conflict, ALWAYS follow the reference photo.",2026-01-14T14:11:59+07:00,,3809725733829525114,threads,threads.com,threads_crawler_v1,https://www.threads.net/@_d.i.y.a.s.e.n_/post/DTe3V7Akr56,https://scontent-hkg1-2.cdninstagram.com/v/t51.2885-19/610634514_17935502154114507_2583644603045786610_n.jpg?stp=dst-jpg_s150x150_tt6&efg=eyJ2ZW5jb2RlX3RhZyI6InByb2ZpbGVfcGljLmRqYW5nby4xMDgwLmMyIn0&_nc_ht=scontent-hkg1-2.cdninstagram.com&_nc_cat=103&_nc_oc=Q6cZ2QG4f7PKuipwxuS_gIzEg3ieG03cO_UHr7eZ2aL0V3nA4EscHV3liXRYpTR_liOUa6k&_nc_ohc=oeIauYGn0sgQ7kNvwFGS3aR&_nc_gid=PGNS7AdseXMzm0O4c_xZlA&edm=AJhczIQBAAAA&ccb=7-5&oh=00_AfpMxuoAnVOH7OCSQUhrXXDr-hzO5KmyeZok3-F45u1aVA&oe=6975FC6D&_nc_sid=4a2096,4,0,84,2,0,['https://scontent-hkg1-2.cdninstagram.com/v/t51.2885-15/615800695_17936890650114507_8974758924044407041_n.webp?efg=eyJ2ZW5jb2RlX3RhZyI6InRocmVhZHMuQ0FST1VTRUxfSVRFTS5pbWFnZV91cmxnZW4uNzY4eDEzNDQuc2RyLmY4Mjc4Ny5kZWZhdWx0X2ltYWdlLmMyIn0&_nc_ht=scontent-hkg1-2.cdninstagram.com&_nc_cat=103&_nc_oc=Q6cZ2QG4f7PKuipwxuS_gIzEg3ieG03cO_UHr7eZ2aL0V3nA4EscHV3liXRYpTR_liOUa6k&_nc_ohc=dQ7rfi6S07wQ7kNvwHgjtgN&_nc_gid=PGNS7AdseXMzm0O4c_xZlA&edm=AJhczIQBAAAA&ccb=7-5&ig_cache_key=MzgwOTcyNDA5MDA2NTAwMDM4Ng%3D%3D.3-ccb7-5&oh=00_Afo-zUWlwAq-sQqn_nEU3HgBc3rdzwZrNWNNV758qPwinw&oe=697618CA&_nc_sid=4a2096'],,https://www.threads.net/@_d.i.y.a.s.e.n_/post/DTe3V7Akr56,[],"{'likes': 84, 'reposts': 1, 'quotes': 1}",threads,3809725733829525114,🌷𝑫𝒊𝒚𝒂 𝑺𝒆𝒏(দিয়া)🐭✨,AI Threads,"Use my uploaded photo as the EXACT and ONLY facial and body reference.

STRICT RULES:
Do NOT change my face, identity, age, skin tone, facial structure, body shape, or clothing.
NO beautification, NO reshaping, NO smoothing.
NO outfit replacement or redesign.

The clothing must remain EXACTLY the same as the reference image.
Same tank top, same fabric, same fit.
Only surface-level stains are allowed.
If there is any conflict, ALWAYS follow the reference photo.",threads,63545714506,_d.i.y.a.s.e.n_
[],2026-01-21T09:28:50.363560+07:00,Is blocking someone a form of conflict resolution?,2025-12-19T08:40:59+07:00,,3790714965754428353,threads,threads.com,threads_crawler_v1,https://www.threads.net/@kikion1click/post/DSbUy1ijLvB,https://scontent-hkg1-1.cdninstagram.com/v/t51.2885-19/501286787_17866873065389061_6426826786582777626_n.jpg?stp=dst-jpg_s150x150_tt6&efg=eyJ2ZW5jb2RlX3RhZyI6InByb2ZpbGVfcGljLmRqYW5nby4xMDgwLmMyIn0&_nc_ht=scontent-hkg1-1.cdninstagram.com&_nc_cat=109&_nc_oc=Q6cZ2QG4f7PKuipwxuS_gIzEg3ieG03cO_UHr7eZ2aL0V3nA4EscHV3liXRYpTR_liOUa6k&_nc_ohc=779BAhIw7mYQ7kNvwHVvV03&_nc_gid=PGNS7AdseXMzm0O4c_xZlA&edm=AJhczIQBAAAA&ccb=7-5&oh=00_AfoYc5bRBitGnQdAOFUy-tzWJeciKuJjkDHdptwFe8lMew&oe=6976040D&_nc_sid=4a2096,48,0,19,0,0,[],,https://www.threads.net/@kikion1click/post/DSbUy1ijLvB,[],"{'likes': 19, 'reposts': 0, 'quotes': 0}",threads,3790714965754428353,kiki Ms.A-1 Pics,,Is blocking someone a form of conflict resolution?,threads,71728845060,kikion1click
[],2026-01-21T09:28:50.363710+07:00,Divorced singles date differently. They ask questions like “How’s your conflict resolution?” not “What’s your favorite color?”,2025-11-23T22:53:51+07:00,,3772300054230063592,threads,threads.com,threads_crawler_v1,https://www.threads.net/@scarytoremarry/post/DRZ5umukdno,https://scontent-hkg1-1.cdninstagram.com/v/t51.2885-19/559503033_18084108872300049_2630273118547868275_n.jpg?stp=dst-jpg_s150x150_tt6&efg=eyJ2ZW5jb2RlX3RhZyI6InByb2ZpbGVfcGljLmRqYW5nby4xMDgwLmMyIn0&_nc_ht=scontent-hkg1-1.cdninstagram.com&_nc_cat=1&_nc_oc=Q6cZ2QG4f7PKuipwxuS_gIzEg3ieG03cO_UHr7eZ2aL0V3nA4EscHV3liXRYpTR_liOUa6k&_nc_ohc=alkMlWDG10EQ7kNvwFJg4K6&_nc_gid=PGNS7AdseXMzm0O4c_xZlA&edm=AJhczIQBAAAA&ccb=7-5&oh=00_AfoKxU674U-iHbQfVrG-NvxlhLtFNM4zSQr3FWKOKJe0Sw&oe=6976018D&_nc_sid=4a2096,65,0,466,35,0,[],,https://www.threads.net/@scarytoremarry/post/DRZ5umukdno,[],"{'likes': 466, 'reposts': 25, 'quotes': 10}",threads,3772300054230063592,Post Divorce | Dating To Remarry,,Divorced singles date differently. They ask questions like “How’s your conflict resolution?” not “What’s your favorite color?”,threads,63423671294,scarytoremarry
[],2026-01-21T09:28:50.363859+07:00,More and more puzzle pieces fit together with each new day of this regime and their escalation of violence and conflict.,2026-01-19T02:10:42+07:00,,3812986579786485602,threads,threads.com,threads_crawler_v1,https://www.threads.net/@lookittt/post/DTqcxedgU9i,https://scontent-hkg4-1.cdninstagram.com/v/t51.2885-19/554460236_17907678636238758_2555296454019920295_n.jpg?stp=dst-jpg_s150x150_tt6&efg=eyJ2ZW5jb2RlX3RhZyI6InByb2ZpbGVfcGljLmRqYW5nby4xMDgwLmMyIn0&_nc_ht=scontent-hkg4-1.cdninstagram.com&_nc_cat=106&_nc_oc=Q6cZ2QG4f7PKuipwxuS_gIzEg3ieG03cO_UHr7eZ2aL0V3nA4EscHV3liXRYpTR_liOUa6k&_nc_ohc=E1-xmUuwrGwQ7kNvwGzw07z&_nc_gid=PGNS7AdseXMzm0O4c_xZlA&edm=AJhczIQBAAAA&ccb=7-5&oh=00_Afqap3mjXaGFsyOFNv0t4I8GsI0g8gNKG1t3YlNmk7Afbg&oe=697611A9&_nc_sid=4a2096,0,0,2,0,0,[],,https://www.threads.net/@lookittt/post/DTqcxedgU9i,[],"{'likes': 2, 'reposts': 0, 'quotes': 0}",threads,3812986579786485602,Trish Marlow,Sascha Riley,More and more puzzle pieces fit together with each new day of this regime and their escalation of violence and conflict.,threads,67092758757,lookittt
[],2026-01-21T09:28:50.364008+07:00,Just in: 🇸🇦🇮🇷🇺🇸Saudi Arabia just shut the skies. They officially refuse to let the US use their airspace to attack Iran. A major roadblock in a potential conflict.,2026-01-14T16:59:37+07:00,,3809810099703935543,threads,threads.com,threads_crawler_v1,https://www.threads.net/@faranaz_ibraimo/post/DTfKhm2jHI3,https://scontent-hkg1-1.cdninstagram.com/v/t51.2885-19/474078903_581495864730013_6732109788868975141_n.jpg?stp=dst-jpg_s150x150_tt6&efg=eyJ2ZW5jb2RlX3RhZyI6InByb2ZpbGVfcGljLmRqYW5nby43MTkuYzIifQ&_nc_ht=scontent-hkg1-1.cdninstagram.com&_nc_cat=101&_nc_oc=Q6cZ2QG4f7PKuipwxuS_gIzEg3ieG03cO_UHr7eZ2aL0V3nA4EscHV3liXRYpTR_liOUa6k&_nc_ohc=SDMNUQ2H_DwQ7kNvwHW4dZO&_nc_gid=PGNS7AdseXMzm0O4c_xZlA&edm=AJhczIQBAAAA&ccb=7-5&oh=00_AfqPKczGjQqa71uVqxM2whHi2sT0BeTIrjrJvDCcHEyHzA&oe=69761876&_nc_sid=4a2096,228,0,2670,230,0,['https://scontent-hkg1-1.cdninstagram.com/v/t51.2885-15/616113325_17890628823404801_4885957338363161873_n.webp?efg=eyJ2ZW5jb2RlX3RhZyI6InRocmVhZHMuQ0FST1VTRUxfSVRFTS5pbWFnZV91cmxnZW4uNjI2eDQxNy5zZHIuZjgyNzg3LmRlZmF1bHRfaW1hZ2UuYzIifQ&_nc_ht=scontent-hkg1-1.cdninstagram.com&_nc_cat=105&_nc_oc=Q6cZ2QG4f7PKuipwxuS_gIzEg3ieG03cO_UHr7eZ2aL0V3nA4EscHV3liXRYpTR_liOUa6k&_nc_ohc=mhto1HC2cSsQ7kNvwEtq8QJ&_nc_gid=PGNS7AdseXMzm0O4c_xZlA&edm=AJhczIQBAAAA&ccb=7-5&ig_cache_key=MzgwOTgxMDA5NDYzNzI1MDQ4MQ%3D%3D.3-ccb7-5&oh=00_Afp9-NYfNuCO-5bolw32Xv8yHHuvWbll3crDvEJrgYLgSg&oe=69761075&_nc_sid=4a2096'],,https://www.threads.net/@faranaz_ibraimo/post/DTfKhm2jHI3,[],"{'likes': 2670, 'reposts': 220, 'quotes': 10}",threads,3809810099703935543,Faranaz Ibraimo,,Just in: 🇸🇦🇮🇷🇺🇸Saudi Arabia just shut the skies. They officially refuse to let the US use their airspace to attack Iran. A major roadblock in a potential conflict.,threads,72085636800,faranaz_ibraimo
[],2026-01-21T09:28:50.364172+07:00,"Meditative Inner Conflict
PROMPT👇🏻
Transform this image [Upload Your Image] into a 64K DSLR shot resolution of a dramatic, surreal cinematic scene full-body portrait of depicting a man (same face as the uploaded image) in deep meditation seated cross-legged on a wooden floor inside a dark, cavernous environment. The man is centered in the composition, wearing a simple black zip-up jacket and dark pants, eyes closed, hands resting on his knees in a calm meditative mudra. His",2025-12-21T21:31:59+07:00,,3792552573929777496,threads,threads.com,threads_crawler_v1,https://www.threads.net/@911jishingeorge/post/DSh2njhE-lY,https://scontent-hkg1-2.cdninstagram.com/v/t51.2885-19/610508150_17865144234549219_8979531168664557794_n.jpg?stp=dst-jpg_s150x150_tt6&efg=eyJ2ZW5jb2RlX3RhZyI6InByb2ZpbGVfcGljLmRqYW5nby4xMDgwLmMyIn0&_nc_ht=scontent-hkg1-2.cdninstagram.com&_nc_cat=103&_nc_oc=Q6cZ2QG4f7PKuipwxuS_gIzEg3ieG03cO_UHr7eZ2aL0V3nA4EscHV3liXRYpTR_liOUa6k&_nc_ohc=1fTjYZCIy6UQ7kNvwGFYD0q&_nc_gid=PGNS7AdseXMzm0O4c_xZlA&edm=AJhczIQBAAAA&ccb=7-5&oh=00_AfqPtAglRUp4ZcjF0cfVSWz18R00zpNmZap7g032N9wivw&oe=6975FA97&_nc_sid=4a2096,7,0,134,29,0,['https://scontent-hkg1-2.cdninstagram.com/v/t51.2885-15/602396448_17863437663549219_4815728322141506175_n.webp?efg=eyJ2ZW5jb2RlX3RhZyI6InRocmVhZHMuQ0FST1VTRUxfSVRFTS5pbWFnZV91cmxnZW4uMTAyNHgxNTM2LnNkci5mODI3ODcuZGVmYXVsdF9pbWFnZS5jMiJ9&_nc_ht=scontent-hkg1-2.cdninstagram.com&_nc_cat=103&_nc_oc=Q6cZ2QG4f7PKuipwxuS_gIzEg3ieG03cO_UHr7eZ2aL0V3nA4EscHV3liXRYpTR_liOUa6k&_nc_ohc=W4bJiiExWnEQ7kNvwGn-4PC&_nc_gid=PGNS7AdseXMzm0O4c_xZlA&edm=AJhczIQBAAAA&ccb=7-5&ig_cache_key=Mzc5MjU1MjU2NzUwNDEwNzE3Ng%3D%3D.3-ccb7-5&oh=00_AfqdPaYj7wQ0vO3ckKdsezDcY50O4EgM7Qqxwsi9aijcwA&oe=6975F7DE&_nc_sid=4a2096'],,https://www.threads.net/@911jishingeorge/post/DSh2njhE-lY,[],"{'likes': 134, 'reposts': 28, 'quotes': 1}",threads,3792552573929777496,Jishin George,AI Threads,"Meditative Inner Conflict
PROMPT👇🏻
Transform this image [Upload Your Image] into a 64K DSLR shot resolution of a dramatic, surreal cinematic scene full-body portrait of depicting a man (same face as the uploaded image) in deep meditation seated cross-legged on a wooden floor inside a dark, cavernous environment. The man is centered in the composition, wearing a simple black zip-up jacket and dark pants, eyes closed, hands resting on his knees in a calm meditative mudra. His",threads,76411893218,911jishingeorge
[],2026-01-21T09:28:50.364320+07:00,"A man who can be kind, even during conflict >>>",2026-01-19T08:35:14+07:00,,3813180118890457397,threads,threads.com,threads_crawler_v1,https://www.threads.net/@ju.juuu_/post/DTrIx1zDCk1,https://scontent-hkg1-1.cdninstagram.com/v/t51.2885-19/466852651_543873651758017_7256368094394461067_n.jpg?stp=dst-jpg_s150x150_tt6&efg=eyJ2ZW5jb2RlX3RhZyI6InByb2ZpbGVfcGljLmRqYW5nby44MjguYzIifQ&_nc_ht=scontent-hkg1-1.cdninstagram.com&_nc_cat=101&_nc_oc=Q6cZ2QG4f7PKuipwxuS_gIzEg3ieG03cO_UHr7eZ2aL0V3nA4EscHV3liXRYpTR_liOUa6k&_nc_ohc=O25z5ETYB9MQ7kNvwEca8t5&_nc_gid=PGNS7AdseXMzm0O4c_xZlA&edm=AJhczIQBAAAA&ccb=7-5&oh=00_AfrHJ2kfdnZNjJTOXixshfZk00--9qIldXNcoVN4DBvX-g&oe=6975F6C6&_nc_sid=4a2096,1,0,17,1,0,[],,https://www.threads.net/@ju.juuu_/post/DTrIx1zDCk1,[],"{'likes': 17, 'reposts': 1, 'quotes': 0}",threads,3813180118890457397,Julia Lopez 🤍,,"A man who can be kind, even during conflict >>>",threads,63607632935,ju.juuu_
[],2026-01-21T09:28:50.364481+07:00,"5 CONFLICT RULES
THAT SAVE RELATIONSHIPS
WITHOUT DESTROYING YOURSELF

1. Stop fighting to win.
When winning matters more than understanding, intimacy slowly dies.

2. Don’t start conversations in survival mode.
If your body is tense, your voice is sharp, and your chest is tight - this isn’t communication yet. It’s defense. ⤵️",2026-01-06T16:40:12+07:00,,3804002128701260043,threads,threads.com,threads_crawler_v1,https://www.threads.net/@relationshipsafeplace/post/DTKh8gWEYEL,https://scontent-hkg1-1.cdninstagram.com/v/t51.2885-19/574457404_17844473538600271_3155015158271556676_n.jpg?stp=dst-jpg_s150x150_tt6&efg=eyJ2ZW5jb2RlX3RhZyI6InByb2ZpbGVfcGljLmRqYW5nby4xMDgwLmMyIn0&_nc_ht=scontent-hkg1-1.cdninstagram.com&_nc_cat=1&_nc_oc=Q6cZ2QG4f7PKuipwxuS_gIzEg3ieG03cO_UHr7eZ2aL0V3nA4EscHV3liXRYpTR_liOUa6k&_nc_ohc=t_6AApUVLwMQ7kNvwGzzYHR&_nc_gid=PGNS7AdseXMzm0O4c_xZlA&edm=AJhczIQBAAAA&ccb=7-5&oh=00_AfpVzGffPYhVN0kaB1A4w2N3vRebqwnqVEtR7DDXWosLrQ&oe=6975FF34&_nc_sid=4a2096,3,0,9,1,0,[],,https://www.threads.net/@relationshipsafeplace/post/DTKh8gWEYEL,[],"{'likes': 9, 'reposts': 1, 'quotes': 0}",threads,3804002128701260043,Healthy Relationship | Secure Love | Emotional Calm,,"5 CONFLICT RULES
THAT SAVE RELATIONSHIPS
WITHOUT DESTROYING YOURSELF

1. Stop fighting to win.
When winning matters more than understanding, intimacy slowly dies.

2. Don’t start conversations in survival mode.
If your body is tense, your voice is sharp, and your chest is tight - this isn’t communication yet. It’s defense. ⤵️",threads,78096056270,relationshipsafeplace
[],2026-01-21T09:28:50.364628+07:00,"💙 P R E G N A N C Y ✨ CONCEPTION WOMB READING 📖

🤰🏽Initials: C L J N O P R S V D M Y H

Conception Month: Late January ❄️/Early February 🌺 Birth Timing:⏱️ Late October ♏️/ Mid November ♐️

Gender: Girl 🌸

Signs: Seeing Swans 🦢, Elephants 🐘 Crescent 🌙 Moons, Baby Bottles 🍼 Butterflies 🦋 Peacocks 🦚, Clifford The Big Red Dog, Barney && Friends, Nemo 🐠, Spiders 🕷️, Orange Cats 🐈, the word HOPE, finding random Love notes, quotes, and money on the ground, Conflict with Baby’s Father",2026-01-06T18:39:53+07:00,,3804062367211250417,threads,threads.com,threads_crawler_v1,https://www.threads.net/@myheirmommyyy/post/DTKvpF1DuLx,https://scontent-hkg1-1.cdninstagram.com/v/t51.2885-19/465522276_1733913810796237_6716673999065402679_n.jpg?stp=dst-jpg_s150x150_tt6&efg=eyJ2ZW5jb2RlX3RhZyI6InByb2ZpbGVfcGljLmRqYW5nby4xMDgwLmMyIn0&_nc_ht=scontent-hkg1-1.cdninstagram.com&_nc_cat=101&_nc_oc=Q6cZ2QG4f7PKuipwxuS_gIzEg3ieG03cO_UHr7eZ2aL0V3nA4EscHV3liXRYpTR_liOUa6k&_nc_ohc=80DV9xxU9eYQ7kNvwH76Ltc&_nc_gid=PGNS7AdseXMzm0O4c_xZlA&edm=AJhczIQBAAAA&ccb=7-5&oh=00_Afq5Vgxb03iuD1tO8gIz7lvifDrrtO9Vq5IMs5BBZIshSg&oe=6975F526&_nc_sid=4a2096,27,0,256,12,0,[],,https://www.threads.net/@myheirmommyyy/post/DTKvpF1DuLx,[],"{'likes': 256, 'reposts': 11, 'quotes': 1}",threads,3804062367211250417,Myheir Mommyyy,,"💙 P R E G N A N C Y ✨ CONCEPTION WOMB READING 📖

🤰🏽Initials: C L J N O P R S V D M Y H

Conception Month: Late January ❄️/Early February 🌺 Birth Timing:⏱️ Late October ♏️/ Mid November ♐️

Gender: Girl 🌸

Signs: Seeing Swans 🦢, Elephants 🐘 Crescent 🌙 Moons, Baby Bottles 🍼 Butterflies 🦋 Peacocks 🦚, Clifford The Big Red Dog, Barney && Friends, Nemo 🐠, Spiders 🕷️, Orange Cats 🐈, the word HOPE, finding random Love notes, quotes, and money on the ground, Conflict with Baby’s Father",threads,69625833808,myheirmommyyy
[],2026-01-21T09:28:50.364775+07:00,"Khabib Nurmagomedov speaking about Jon Jones:

“I never had any disagreement with Jon Jones. As a fighter, he is great. But my friend DC is in conflict with him, so Jones can’t be my friend. Don’t be friend with those who aren’t friends with my friends.”",2026-01-18T23:02:25+07:00,,3812891782980336027,threads,threads.com,threads_crawler_v1,https://www.threads.net/@vukoje.mma/post/DTqHOADjHmb,https://scontent-hkg1-1.cdninstagram.com/v/t51.2885-19/358167997_1129191944706105_5472114085883352816_n.jpg?stp=dst-jpg_s150x150_tt6&efg=eyJ2ZW5jb2RlX3RhZyI6InByb2ZpbGVfcGljLmRqYW5nby4xMDgwLmMyIn0&_nc_ht=scontent-hkg1-1.cdninstagram.com&_nc_cat=1&_nc_oc=Q6cZ2QG4f7PKuipwxuS_gIzEg3ieG03cO_UHr7eZ2aL0V3nA4EscHV3liXRYpTR_liOUa6k&_nc_ohc=5HTJTBEabBkQ7kNvwEf6sNt&_nc_gid=PGNS7AdseXMzm0O4c_xZlA&edm=AJhczIQBAAAA&ccb=7-5&oh=00_Afp7ICMTDLbn5MeWbh3ICgNzNQKnhZU3ARfVN2_yXwiBbA&oe=697600ED&_nc_sid=4a2096,164,0,1495,33,0,['https://scontent-hkg1-2.cdninstagram.com/v/t51.2885-15/618882911_17907655158336506_522639579859178154_n.heic?stp=dst-jpg_e35_tt6&efg=eyJ2ZW5jb2RlX3RhZyI6InRocmVhZHMuRkVFRC5pbWFnZV91cmxnZW4uMTQ0MHgxODAwLnNkci5mODI3ODcuZGVmYXVsdF9pbWFnZS5jMiJ9&_nc_ht=scontent-hkg1-2.cdninstagram.com&_nc_cat=102&_nc_oc=Q6cZ2QG4f7PKuipwxuS_gIzEg3ieG03cO_UHr7eZ2aL0V3nA4EscHV3liXRYpTR_liOUa6k&_nc_ohc=vcdzLxk6wZ4Q7kNvwHA13pz&_nc_gid=PGNS7AdseXMzm0O4c_xZlA&edm=AJhczIQBAAAA&ccb=7-5&ig_cache_key=MzgxMjg5MTc4Mjk4MDMzNjAyNw%3D%3D.3-ccb7-5&oh=00_AfrNRxAmL71lRAoq0PmN3iaPcYxW0NDJjxHe7jAYhF8gkA&oe=697600B1&_nc_sid=4a2096'],,https://www.threads.net/@vukoje.mma/post/DTqHOADjHmb,[],"{'likes': 1495, 'reposts': 33, 'quotes': 0}",threads,3812891782980336027,Vukoje Tenjović,,"Khabib Nurmagomedov speaking about Jon Jones:

“I never had any disagreement with Jon Jones. As a fighter, he is great. But my friend DC is in conflict with him, so Jones can’t be my friend. Don’t be friend with those who aren’t friends with my friends.”",threads,70190320505,vukoje.mma
[],2026-01-21T09:28:50.364922+07:00,"• Iran–USA tensions rising, war-like situation building across the region
• Military alerts, threats, and counter-threats increasing day by day
• Reports say Russia has closed its embassy in Israel, signaling serious concern
• Israel–Iran conflict risks pulling global powers into a wider crisis
• Oil markets, global security, and regional stability all at risk
• One wrong move could change everything",2026-01-10T19:02:55+07:00,,3806973045089877876,threads,threads.com,threads_crawler_v1,https://www.threads.net/@crypto.asad/post/DTVFdB2Eb90,https://scontent-hkg1-2.cdninstagram.com/v/t51.2885-19/503572797_17918972766104239_5341161885636602624_n.jpg?stp=dst-jpg_s150x150_tt6&efg=eyJ2ZW5jb2RlX3RhZyI6InByb2ZpbGVfcGljLmRqYW5nby4xMDgwLmMyIn0&_nc_ht=scontent-hkg1-2.cdninstagram.com&_nc_cat=107&_nc_oc=Q6cZ2QG4f7PKuipwxuS_gIzEg3ieG03cO_UHr7eZ2aL0V3nA4EscHV3liXRYpTR_liOUa6k&_nc_ohc=KxslYIslrnMQ7kNvwFKMsT8&_nc_gid=PGNS7AdseXMzm0O4c_xZlA&edm=AJhczIQBAAAA&ccb=7-5&oh=00_Afr5uIkQ6mU8dF328-jW3_x0J6MGg-Z9F9_yaiPPAWlotQ&oe=6976184A&_nc_sid=4a2096,6,0,203,1,0,"['https://scontent-hkg1-2.cdninstagram.com/v/t51.2885-15/612259834_2864303858650216_4320662306712939877_n.jpg?stp=dst-jpg_e15_tt6&efg=eyJ2ZW5jb2RlX3RhZyI6InRocmVhZHMuRkVFRC5pbWFnZV91cmxnZW4uNjQweDExMzYuc2RyLmY3MTg3OC5kZWZhdWx0X2NvdmVyX2ZyYW1lLmMyIn0&_nc_ht=scontent-hkg1-2.cdninstagram.com&_nc_cat=104&_nc_oc=Q6cZ2QG4f7PKuipwxuS_gIzEg3ieG03cO_UHr7eZ2aL0V3nA4EscHV3liXRYpTR_liOUa6k&_nc_ohc=yRrbWo7NAtYQ7kNvwE9W8S-&_nc_gid=PGNS7AdseXMzm0O4c_xZlA&edm=AJhczIQBAAAA&ccb=7-5&ig_cache_key=MzgwNjk3MzA0NTA4OTg3Nzg3Ng%3D%3D.3-ccb7-5&oh=00_Afqw2nkcCeXm_xeYAFs52I5G40Gv6uQFzuyfTy7Ik1YFQw&oe=69760BB9&_nc_sid=4a2096', 'https://scontent-hkg1-2.cdninstagram.com/o1/v/t2/f2/m86/AQOq0O4nIIYBJxd5m7_zq3F3lNzSni16yCcNaA1YrJN1-KVDhje4wYB_L4B9CRd34a8057IOGVae_WS7GtMKedgtCzjrpkXABhBbReA.mp4?_nc_cat=103&_nc_sid=5e9851&_nc_ht=scontent-hkg1-2.cdninstagram.com&_nc_ohc=G8baqvk7hzoQ7kNvwHrAkxW&efg=eyJ2ZW5jb2RlX3RhZyI6Inhwdl9wcm9ncmVzc2l2ZS5JTlNUQUdSQU0uRkVFRC5DMy43MjAuZGFzaF9iYXNlbGluZV8xX3YxIiwieHB2X2Fzc2V0X2lkIjo3NzQ5NjAxNTU2MTMwNTgsImFzc2V0X2FnZV9kYXlzIjoxMCwidmlfdXNlY2FzZV9pZCI6MTAwOTksImR1cmF0aW9uX3MiOjYxLCJ1cmxnZW5fc291cmNlIjoid3d3In0%3D&ccb=17-1&_nc_gid=PGNS7AdseXMzm0O4c_xZlA&_nc_zt=28&vs=7796034a8b31c97e&_nc_vs=HBksFQIYUmlnX3hwdl9yZWVsc19wZXJtYW5lbnRfc3JfcHJvZC9EMjRGMUY3RUQyNkVCMEMyNTcyQkIxOUM4NkM4RjU5RV92aWRlb19kYXNoaW5pdC5tcDQVAALIARIAFQIYOnBhc3N0aHJvdWdoX2V2ZXJzdG9yZS9HQWUzWkNUYXIxRE9zRXdEQUNUOVZ6c0txVllNYnN0VEFRQUYVAgLIARIAKAAYABsCiAd1c2Vfb2lsATEScHJvZ3Jlc3NpdmVfcmVjaXBlATEVAAAmhN7SjM-04AIVAigCQzMsF0BO6p--dsi0GBJkYXNoX2Jhc2VsaW5lXzFfdjERAHXqB2XmnQEA&oh=00_AfoXek2ZUqKkCYMc5KKPP1Csos4JQP0exGByb5RMGi0Ceg&oe=697229EC']",,https://www.threads.net/@crypto.asad/post/DTVFdB2Eb90,[],"{'likes': 203, 'reposts': 1, 'quotes': 0}",threads,3806973045089877876,Asad ul bary,,"• Iran–USA tensions rising, war-like situation building across the region
• Military alerts, threats, and counter-threats increasing day by day
• Reports say Russia has closed its embassy in Israel, signaling serious concern
• Israel–Iran conflict risks pulling global powers into a wider crisis
• Oil markets, global security, and regional stability all at risk
• One wrong move could change everything",threads,75435255725,crypto.asad
[],2026-01-21T09:28:50.365083+07:00,"Before you get married, master being kind during conflict.",2025-10-19T05:51:23+07:00,,3746418281637598401,threads,threads.com,threads_crawler_v1,https://www.threads.net/@dionne772/post/DP985PpCdTB,https://scontent-hkg1-2.cdninstagram.com/v/t51.2885-19/503670240_17918240541101515_4926359329275946870_n.jpg?stp=dst-jpg_s150x150_tt6&efg=eyJ2ZW5jb2RlX3RhZyI6InByb2ZpbGVfcGljLmRqYW5nby43ODAuYzIifQ&_nc_ht=scontent-hkg1-2.cdninstagram.com&_nc_cat=107&_nc_oc=Q6cZ2QG4f7PKuipwxuS_gIzEg3ieG03cO_UHr7eZ2aL0V3nA4EscHV3liXRYpTR_liOUa6k&_nc_ohc=3ChITw88tBEQ7kNvwEEc0kv&_nc_gid=PGNS7AdseXMzm0O4c_xZlA&edm=AJhczIQBAAAA&ccb=7-5&oh=00_AfrYzhDRfoErfpfUoLJn_Lkcr0eUeGqYGfJiSwUEbkItAw&oe=6975FADE&_nc_sid=4a2096,176,0,23999,4008,0,[],,https://www.threads.net/@dionne772/post/DP985PpCdTB,[],"{'likes': 23999, 'reposts': 3814, 'quotes': 194}",threads,3746418281637598401,Dionne Davis (Dee-Own),,"Before you get married, master being kind during conflict.",threads,63071133514,dionne772
[],2026-01-21T09:28:50.365250+07:00,"@memwho2 still hasn't gotten any help today. They need to pay off $185 Cash app loan on Friday. They have been asking week after week, struggling to find new donors. the only help they rcvd. is from previous donors/advocates.

no new donors or helpers neglects goals, increases conflict/domestic abuse in household.

ca/ven/ko-fi: memwho
pp: xomemereytwod",2026-01-16T10:07:25+07:00,,3811052187351440275,threads,threads.com,threads_crawler_v1,https://www.threads.net/@ghostlyworgen/post/DTjk8XHjtuT,https://scontent-hkg4-2.cdninstagram.com/v/t51.2885-19/563084711_17844423405590459_4000393061318757568_n.jpg?stp=dst-jpg_s150x150_tt6&efg=eyJ2ZW5jb2RlX3RhZyI6InByb2ZpbGVfcGljLmRqYW5nby4zNDEuYzIifQ&_nc_ht=scontent-hkg4-2.cdninstagram.com&_nc_cat=111&_nc_oc=Q6cZ2QG4f7PKuipwxuS_gIzEg3ieG03cO_UHr7eZ2aL0V3nA4EscHV3liXRYpTR_liOUa6k&_nc_ohc=w5spENffxBUQ7kNvwH6eyQ8&_nc_gid=PGNS7AdseXMzm0O4c_xZlA&edm=AJhczIQBAAAA&ccb=7-5&oh=00_AfrlMGCmGJ97X6YusxdwgK6tPtrMiPNFYHk42BYiaZtGvg&oe=69761C5E&_nc_sid=4a2096,1,0,17,17,0,['https://scontent-hkg4-2.cdninstagram.com/v/t51.2885-15/615732153_17859236004590459_6084678285738619690_n.jpg?stp=dst-jpg_e35_tt6&efg=eyJ2ZW5jb2RlX3RhZyI6InRocmVhZHMuRkVFRC5pbWFnZV91cmxnZW4uNzUweDEwMDMuc2RyLmY4Mjc4Ny5kZWZhdWx0X2ltYWdlLmMyIn0&_nc_ht=scontent-hkg4-2.cdninstagram.com&_nc_cat=111&_nc_oc=Q6cZ2QG4f7PKuipwxuS_gIzEg3ieG03cO_UHr7eZ2aL0V3nA4EscHV3liXRYpTR_liOUa6k&_nc_ohc=5L7w7mQABFMQ7kNvwErcs7a&_nc_gid=PGNS7AdseXMzm0O4c_xZlA&edm=AJhczIQBAAAA&ccb=7-5&ig_cache_key=MzgxMTA1MjE4NzM1MTQ0MDI3NQ%3D%3D.3-ccb7-5&oh=00_Afr_UiohfH545-zqC0aC2XOshozxv3V1LampHbW-hV-s2g&oe=6975F974&_nc_sid=4a2096'],,https://www.threads.net/@ghostlyworgen/post/DTjk8XHjtuT,[],"{'likes': 17, 'reposts': 8, 'quotes': 9}",threads,3811052187351440275,,,"@memwho2 still hasn't gotten any help today. They need to pay off $185 Cash app loan on Friday. They have been asking week after week, struggling to find new donors. the only help they rcvd. is from previous donors/advocates.

no new donors or helpers neglects goals, increases conflict/domestic abuse in household.

ca/ven/ko-fi: memwho
pp: xomemereytwod",threads,77613718458,ghostlyworgen
[],2026-01-21T09:28:50.365486+07:00,"Ask for an end to conflict, healing for the hurting, wisdom for leaders, and compassion among people, often invoking divine guidance to foster love, understanding, and unity, transforming weapons into tools for peace and building a world where all can live respectfully.
Walk for peace 2,300 miles. Buddhist monks from the Huong Dao Vipassana Bhavana Center in Fort Worth, Texas, USA.",2026-01-18T20:34:36+07:00,,3812817409372280415,threads,threads.com,threads_crawler_v1,https://www.threads.net/@lboy47044/post/DTp2TuPD1Zf,https://scontent-hkg4-1.cdninstagram.com/v/t51.2885-19/447133054_1292230721593428_5754848656044630423_n.jpg?stp=dst-jpg_s150x150_tt6&efg=eyJ2ZW5jb2RlX3RhZyI6InByb2ZpbGVfcGljLmRqYW5nby4xMDgwLmMyIn0&_nc_ht=scontent-hkg4-1.cdninstagram.com&_nc_cat=100&_nc_oc=Q6cZ2QG4f7PKuipwxuS_gIzEg3ieG03cO_UHr7eZ2aL0V3nA4EscHV3liXRYpTR_liOUa6k&_nc_ohc=LpPR-5wEu7sQ7kNvwHXgXcs&_nc_gid=PGNS7AdseXMzm0O4c_xZlA&edm=AJhczIQBAAAA&ccb=7-5&oh=00_AfpkOnXvhtHVkaTWD95c6DQGFnrNtBo_YV3Jh1m8YYgMGA&oe=6975FA73&_nc_sid=4a2096,1,0,127,4,0,['https://scontent-hkg4-1.cdninstagram.com/v/t39.30808-6/616228397_4012205102333436_4066657827990116685_n.jpg?stp=dst-jpg_e35_tt6&efg=eyJ2ZW5jb2RlX3RhZyI6InRocmVhZHMuQ0FST1VTRUxfSVRFTS5pbWFnZV91cmxnZW4uMTI5MHgxOTQzLnNkci5mMzA4MDguZGVmYXVsdF9pbWFnZS5jMiJ9&_nc_ht=scontent-hkg4-1.cdninstagram.com&_nc_cat=100&_nc_oc=Q6cZ2QG4f7PKuipwxuS_gIzEg3ieG03cO_UHr7eZ2aL0V3nA4EscHV3liXRYpTR_liOUa6k&_nc_ohc=wKI5M2HTmRcQ7kNvwE2XyYR&_nc_gid=PGNS7AdseXMzm0O4c_xZlA&edm=AJhczIQAAAAA&ccb=7-5&ig_cache_key=MzgxMjgxNzQwMTk2NTEyNjc4Nw%3D%3D.3-ccb7-5&oh=00_Afq_VbrDHLvmFu8idkTEWsoC91EUXIyaM10nFPKB4HESJg&oe=69761F70&_nc_sid=4a2096'],,https://www.threads.net/@lboy47044/post/DTp2TuPD1Zf,[],"{'likes': 127, 'reposts': 4, 'quotes': 0}",threads,3812817409372280415,LuCky BoOy,,"Ask for an end to conflict, healing for the hurting, wisdom for leaders, and compassion among people, often invoking divine guidance to foster love, understanding, and unity, transforming weapons into tools for peace and building a world where all can live respectfully.
Walk for peace 2,300 miles. Buddhist monks from the Huong Dao Vipassana Bhavana Center in Fort Worth, Texas, USA.",threads,66375481955,lboy47044
[],2026-01-21T09:29:22.855487+07:00,"I know serious sh*t is happening, but forgive me if I talk about something else right now.

About a month ago I got the screeners for the first six eps of Startrek: Starfleet Academy and I think it is good. No, it is not your daddy's Star Trek and you do have to get used to its unique energy. Yes, it has some of the HS type drama and conflict you would expect from a series based in a school, but it also leans into the comedy MUCH harder and drops easter eggs a-plenty like Lower Decks.",2026-01-16T00:36:58+07:00,,3810765074818781792,threads,threads.com,threads_crawler_v1,https://www.threads.net/@melodymaia/post/DTijqUvCdJg,https://scontent-hkg4-1.cdninstagram.com/v/t51.2885-19/397698369_696285875770974_4315882395938785300_n.jpg?stp=dst-jpg_s150x150_tt6&efg=eyJ2ZW5jb2RlX3RhZyI6InByb2ZpbGVfcGljLmRqYW5nby4xMDgwLmMyIn0&_nc_ht=scontent-hkg4-1.cdninstagram.com&_nc_cat=106&_nc_oc=Q6cZ2QELY_Xz9DILlijLrfST8PBQC62rSCJp7PPt5QbhVoD_jnadyWTNbRRTIqpPTqkOYjU&_nc_ohc=96A2vWpzHkUQ7kNvwHVM48x&_nc_gid=jAcPlxrpzQB_LR0T_iSFHQ&edm=AJhczIQBAAAA&ccb=7-5&oh=00_Afqf4xaJZgkf6CoHyxw8kKI-DYoSfTy5f5Fc4qYuU6udrQ&oe=69762783&_nc_sid=4a2096,17,0,108,0,0,['https://scontent-hkg1-2.cdninstagram.com/v/t51.2885-15/617139830_17936872461118947_2632993099651223832_n.jpg?stp=dst-jpg_e35_tt6&efg=eyJ2ZW5jb2RlX3RhZyI6InRocmVhZHMuRkVFRC5pbWFnZV91cmxnZW4uMTIwNngxNjIwLnNkci5mODI3ODcuZGVmYXVsdF9pbWFnZS5jMiJ9&_nc_ht=scontent-hkg1-2.cdninstagram.com&_nc_cat=103&_nc_oc=Q6cZ2QELY_Xz9DILlijLrfST8PBQC62rSCJp7PPt5QbhVoD_jnadyWTNbRRTIqpPTqkOYjU&_nc_ohc=FcokiQQ560sQ7kNvwGckgIV&_nc_gid=jAcPlxrpzQB_LR0T_iSFHQ&edm=AJhczIQBAAAA&ccb=7-5&ig_cache_key=MzgxMDc2NTA3NDgxODc4MTc5Mg%3D%3D.3-ccb7-5&oh=00_AfrJ_AgcMQATFucGiFkwDDXc-OXqFdcZXc8j7CmyIaujsA&oe=6975FCFA&_nc_sid=4a2096'],,https://www.threads.net/@melodymaia/post/DTijqUvCdJg,[],"{'likes': 108, 'reposts': 0, 'quotes': 0}",threads,3810765074818781792,🏳️‍⚧️🏳️‍🌈 MelodyMaia 🏳️‍🌈🏳️‍⚧️,,"I know serious sh*t is happening, but forgive me if I talk about something else right now.

About a month ago I got the screeners for the first six eps of Startrek: Starfleet Academy and I think it is good. No, it is not your daddy's Star Trek and you do have to get used to its unique energy. Yes, it has some of the HS type drama and conflict you would expect from a series based in a school, but it also leans into the comedy MUCH harder and drops easter eggs a-plenty like Lower Decks.",threads,63393734946,melodymaia
[],2026-01-21T09:29:22.855727+07:00,"Prompt:
A highly realistic cinematic portrait of a smiling Middle Eastern man wearing a red-and-white patterned keffiyeh wrapped around his head, traditional rugged clothing in earthy brown tones, and light combat-style gear. He has a thick mustache, warm expressive eyes, and a confident, calm smile. His hand is raised near his face, wearing light-colored gloves, holding a cigarette casually. The background shows blurred soldiers and military equipment, creating a battlefield or desert conflict",2025-12-16T03:43:19+07:00,,3788390812451902439,threads,threads.com,threads_crawler_v1,https://www.threads.net/@fazal.kakar.9421/post/DSTEV9GjJPn,https://scontent-hkg4-1.cdninstagram.com/v/t51.2885-19/520273647_17886008931325292_7970236420705823581_n.jpg?stp=dst-jpg_s150x150_tt6&efg=eyJ2ZW5jb2RlX3RhZyI6InByb2ZpbGVfcGljLmRqYW5nby4xMDgwLmMyIn0&_nc_ht=scontent-hkg4-1.cdninstagram.com&_nc_cat=108&_nc_oc=Q6cZ2QELY_Xz9DILlijLrfST8PBQC62rSCJp7PPt5QbhVoD_jnadyWTNbRRTIqpPTqkOYjU&_nc_ohc=VaJCKpTYTW8Q7kNvwErKhXP&_nc_gid=jAcPlxrpzQB_LR0T_iSFHQ&edm=AJhczIQBAAAA&ccb=7-5&oh=00_AfpAEMyCX6wjWjRyEbQZaVGLebvnFPWbVr6QWrBjw32bBQ&oe=6975FCF5&_nc_sid=4a2096,0,0,27,0,0,['https://scontent-hkg4-1.cdninstagram.com/v/t51.2885-15/601268614_17903490255325292_7611733944850195278_n.webp?efg=eyJ2ZW5jb2RlX3RhZyI6InRocmVhZHMuRkVFRC5pbWFnZV91cmxnZW4uODY0eDExODQuc2RyLmY4Mjc4Ny5kZWZhdWx0X2ltYWdlLmMyIn0&_nc_ht=scontent-hkg4-1.cdninstagram.com&_nc_cat=108&_nc_oc=Q6cZ2QELY_Xz9DILlijLrfST8PBQC62rSCJp7PPt5QbhVoD_jnadyWTNbRRTIqpPTqkOYjU&_nc_ohc=Jjeljy34-0gQ7kNvwGZkWAp&_nc_gid=jAcPlxrpzQB_LR0T_iSFHQ&edm=AJhczIQBAAAA&ccb=7-5&ig_cache_key=Mzc4ODM5MDgxMjQ1MTkwMjQzOQ%3D%3D.3-ccb7-5&oh=00_AfoMCy7n2Mwl-os1gXq2LQJWNzlqVUrys8EMQ_iskvY-3Q&oe=697622B4&_nc_sid=4a2096'],,https://www.threads.net/@fazal.kakar.9421/post/DSTEV9GjJPn,[],"{'likes': 27, 'reposts': 0, 'quotes': 0}",threads,3788390812451902439,Fazal Kakar,,"Prompt:
A highly realistic cinematic portrait of a smiling Middle Eastern man wearing a red-and-white patterned keffiyeh wrapped around his head, traditional rugged clothing in earthy brown tones, and light combat-style gear. He has a thick mustache, warm expressive eyes, and a confident, calm smile. His hand is raised near his face, wearing light-colored gloves, holding a cigarette casually. The background shows blurred soldiers and military equipment, creating a battlefield or desert conflict",threads,69722949291,fazal.kakar.9421
[],2026-01-21T09:29:22.855901+07:00,"Green flags that matter more than money:
1. Keeps his word
2. Talks calmly during conflict
3. Makes plans
4. Reassures without ego
5. Protects your peace
Basically… grown man energy.",2026-01-12T20:00:00+07:00,,3808451340050304881,threads,threads.com,threads_crawler_v1,https://www.threads.net/@girlsoulguru/post/DTaVlDUDw9x,https://scontent-hkg1-2.cdninstagram.com/v/t51.2885-19/612939575_17871679374500791_5768401079417782556_n.jpg?stp=dst-jpg_s150x150_tt6&efg=eyJ2ZW5jb2RlX3RhZyI6InByb2ZpbGVfcGljLmRqYW5nby43NTYuYzIifQ&_nc_ht=scontent-hkg1-2.cdninstagram.com&_nc_cat=107&_nc_oc=Q6cZ2QELY_Xz9DILlijLrfST8PBQC62rSCJp7PPt5QbhVoD_jnadyWTNbRRTIqpPTqkOYjU&_nc_ohc=jUoy4LoP4zQQ7kNvwELugvY&_nc_gid=jAcPlxrpzQB_LR0T_iSFHQ&edm=AJhczIQBAAAA&ccb=7-5&oh=00_AfrO6hqqCodnBXYxlbUXf-teEmWFkdeg5jJv-Ovtk4o58Q&oe=69761EA9&_nc_sid=4a2096,27,0,3083,600,0,[],,https://www.threads.net/@girlsoulguru/post/DTaVlDUDw9x,[],"{'likes': 3083, 'reposts': 575, 'quotes': 25}",threads,3808451340050304881,GirlSoulGuru,,"Green flags that matter more than money:
1. Keeps his word
2. Talks calmly during conflict
3. Makes plans
4. Reassures without ego
5. Protects your peace
Basically… grown man energy.",threads,75073100790,girlsoulguru
[],2026-01-21T09:29:22.856068+07:00,"Someone tried to leave me for dead and was shocked I called my father. “Why would she tell her dad?!”

Baby I called him IMMEDIATELY after the conflict! && then my eldest brother.  The money and the muscle.  Then I called my middle brother who is the mouth.  Also, the muscle he’s the crash out.  Straight honey badger.  My eldest brother is more of a stealthy hunter.",2026-01-13T08:31:13+07:00,,3808829440793375898,threads,threads.com,threads_crawler_v1,https://www.threads.net/@pinknpatron/post/DTbrjJEifSa,https://scontent-hkg4-2.cdninstagram.com/v/t51.2885-19/359727647_818747572993919_2307864513194448040_n.jpg?stp=dst-jpg_s150x150_tt6&efg=eyJ2ZW5jb2RlX3RhZyI6InByb2ZpbGVfcGljLmRqYW5nby4xNTAuYzIifQ&_nc_ht=scontent-hkg4-2.cdninstagram.com&_nc_cat=111&_nc_oc=Q6cZ2QELY_Xz9DILlijLrfST8PBQC62rSCJp7PPt5QbhVoD_jnadyWTNbRRTIqpPTqkOYjU&_nc_ohc=yQJSrdD57VwQ7kNvwGumnT0&_nc_gid=jAcPlxrpzQB_LR0T_iSFHQ&edm=AJhczIQBAAAA&ccb=7-5&oh=00_Afp2yg94qR8itxnrf6cdSMBkFpV9vLDPPXBWk9z_l5tqPg&oe=69760ABA&_nc_sid=4a2096,248,0,4561,74,0,[],,https://www.threads.net/@pinknpatron/post/DTbrjJEifSa,[],"{'likes': 4561, 'reposts': 61, 'quotes': 13}",threads,3808829440793375898,pinknpatron,,"Someone tried to leave me for dead and was shocked I called my father. “Why would she tell her dad?!”

Baby I called him IMMEDIATELY after the conflict! && then my eldest brother.  The money and the muscle.  Then I called my middle brother who is the mouth.  Also, the muscle he’s the crash out.  Straight honey badger.  My eldest brother is more of a stealthy hunter.",threads,63160990685,pinknpatron
[],2026-01-21T09:29:22.856232+07:00,"GEMINI
GEMINI has a dark side. They keep this well hidden as they usually don't care to embrace it. Their anger is slow but once they reach boiling point, there is no controlling them.
GEMINI knows this only too well, which is why they avoid confrontations or conflict.
An upset GEMINI is dangerous, reckless, unpredictable and ruthlessly cold. It is wise not to push them to that point.",2026-01-02T09:58:00+07:00,,3800900588910334140,threads,threads.com,threads_crawler_v1,https://www.threads.net/@uglybabymuva/post/DS_gvKUktC8,https://scontent-hkg4-1.cdninstagram.com/v/t51.2885-19/550389706_17887679904360798_1463523916239699320_n.jpg?stp=dst-jpg_s150x150_tt6&efg=eyJ2ZW5jb2RlX3RhZyI6InByb2ZpbGVfcGljLmRqYW5nby44MjguYzIifQ&_nc_ht=scontent-hkg4-1.cdninstagram.com&_nc_cat=106&_nc_oc=Q6cZ2QELY_Xz9DILlijLrfST8PBQC62rSCJp7PPt5QbhVoD_jnadyWTNbRRTIqpPTqkOYjU&_nc_ohc=hgcdzJZTPr0Q7kNvwEhAbrt&_nc_gid=jAcPlxrpzQB_LR0T_iSFHQ&edm=AJhczIQBAAAA&ccb=7-5&oh=00_AfrG91Y5YZV7z10jZnPtVTz8hIUW1gVc0QfzbAGViRi37g&oe=697607F4&_nc_sid=4a2096,34,0,727,128,0,[],,https://www.threads.net/@uglybabymuva/post/DS_gvKUktC8,[],"{'likes': 727, 'reposts': 115, 'quotes': 13}",threads,3800900588910334140,Magical Nightmare,,"GEMINI
GEMINI has a dark side. They keep this well hidden as they usually don't care to embrace it. Their anger is slow but once they reach boiling point, there is no controlling them.
GEMINI knows this only too well, which is why they avoid confrontations or conflict.
An upset GEMINI is dangerous, reckless, unpredictable and ruthlessly cold. It is wise not to push them to that point.",threads,70874840797,uglybabymuva
[],2026-01-21T09:29:22.856404+07:00,Hello everyone as a Gay man I'm a very honest person I don't hide anything and I've always been this way but after being in the Philippines for such a long time I've realized that alot of gay pinoys love keeping secrets and they Don't like conflict so rather then be upfront about certain things they just don't tell you or they only tell you half truths out of fear of rejection from a foreigner they are chatting with and alot have locked fb profiles because why? There could be a good reason 🤔,2026-01-08T21:56:30+07:00,,3805610872295838264,threads,threads.com,threads_crawler_v1,https://www.threads.net/@cage1914/post/DTQPuzkjtI4,https://scontent-hkg1-1.cdninstagram.com/v/t51.2885-19/491492970_1183734410157673_5335687440272388623_n.jpg?stp=dst-jpg_s150x150_tt6&efg=eyJ2ZW5jb2RlX3RhZyI6InByb2ZpbGVfcGljLmRqYW5nby4zMjAuYzIifQ&_nc_ht=scontent-hkg1-1.cdninstagram.com&_nc_cat=101&_nc_oc=Q6cZ2QELY_Xz9DILlijLrfST8PBQC62rSCJp7PPt5QbhVoD_jnadyWTNbRRTIqpPTqkOYjU&_nc_ohc=-Y9qiHdSbcAQ7kNvwF1Rt2t&_nc_gid=jAcPlxrpzQB_LR0T_iSFHQ&edm=AJhczIQBAAAA&ccb=7-5&oh=00_Afq7ad5no26F16NpA8OluF-5blepACrUvJddCEi4QDwMNw&oe=69760F28&_nc_sid=4a2096,11,0,35,0,0,['https://scontent-hkg4-2.cdninstagram.com/v/t51.2885-15/610779397_17875179771467987_8390224661309118142_n.webp?efg=eyJ2ZW5jb2RlX3RhZyI6InRocmVhZHMuRkVFRC5pbWFnZV91cmxnZW4uMTgzNngzMjY0LnNkci5mODI3ODcuZGVmYXVsdF9pbWFnZS5jMiJ9&_nc_ht=scontent-hkg4-2.cdninstagram.com&_nc_cat=111&_nc_oc=Q6cZ2QELY_Xz9DILlijLrfST8PBQC62rSCJp7PPt5QbhVoD_jnadyWTNbRRTIqpPTqkOYjU&_nc_ohc=4pDYq1PGqggQ7kNvwE7J51O&_nc_gid=jAcPlxrpzQB_LR0T_iSFHQ&edm=AJhczIQBAAAA&ccb=7-5&ig_cache_key=MzgwNTYxMDg3MjI5NTgzODI2NA%3D%3D.3-ccb7-5&oh=00_AfrMVioU8sge1v00IboHzOpae9snXZKFP56NGtxIEgogAQ&oe=69760D5B&_nc_sid=4a2096'],,https://www.threads.net/@cage1914/post/DTQPuzkjtI4,[],"{'likes': 35, 'reposts': 0, 'quotes': 0}",threads,3805610872295838264,Cage Richard,,Hello everyone as a Gay man I'm a very honest person I don't hide anything and I've always been this way but after being in the Philippines for such a long time I've realized that alot of gay pinoys love keeping secrets and they Don't like conflict so rather then be upfront about certain things they just don't tell you or they only tell you half truths out of fear of rejection from a foreigner they are chatting with and alot have locked fb profiles because why? There could be a good reason 🤔,threads,73991355986,cage1914
[],2026-01-21T09:29:22.856591+07:00,"I learned very early that speaking up for myself meant conflict.

And conflict with women felt dangerous.

I learned that disagreeing with women led to punishment, emotional volatility, withdrawal, passive aggression, or being labeled “sensitive.”

So I learned to observe instead of speak.
I became highly self-regulated, perceptive, and independent.

I learned to process things alone, read rooms, and to adapt.

But I also learned not to ask for repair when something felt unfair or uncomfortable.",2025-12-29T04:08:30+07:00,,3797825573067253527,threads,threads.com,threads_crawler_v1,https://www.threads.net/@thebellaami/post/DS0ljypkWcX,https://scontent-hkg4-1.cdninstagram.com/v/t51.2885-19/589592937_17922815718191118_3834120169311659932_n.jpg?stp=dst-jpg_s150x150_tt6&efg=eyJ2ZW5jb2RlX3RhZyI6InByb2ZpbGVfcGljLmRqYW5nby4xMDgwLmMyIn0&_nc_ht=scontent-hkg4-1.cdninstagram.com&_nc_cat=106&_nc_oc=Q6cZ2QELY_Xz9DILlijLrfST8PBQC62rSCJp7PPt5QbhVoD_jnadyWTNbRRTIqpPTqkOYjU&_nc_ohc=REVXQA2pp3cQ7kNvwHl1mef&_nc_gid=jAcPlxrpzQB_LR0T_iSFHQ&edm=AJhczIQBAAAA&ccb=7-5&oh=00_AfoGkGpyazdJIJ2sGGdzGVShbzZzeBlsw8_COx2w4JX9Lg&oe=697624BA&_nc_sid=4a2096,30,0,465,49,0,[],,https://www.threads.net/@thebellaami/post/DS0ljypkWcX,[],"{'likes': 465, 'reposts': 46, 'quotes': 3}",threads,3797825573067253527,Bella Ami (Ah Me),,"I learned very early that speaking up for myself meant conflict.

And conflict with women felt dangerous.

I learned that disagreeing with women led to punishment, emotional volatility, withdrawal, passive aggression, or being labeled “sensitive.”

So I learned to observe instead of speak.
I became highly self-regulated, perceptive, and independent.

I learned to process things alone, read rooms, and to adapt.

But I also learned not to ask for repair when something felt unfair or uncomfortable.",threads,65689767117,thebellaami
[],2026-01-21T09:29:22.856835+07:00,"Healthy relationships aren’t conflict-free.
They’re repair-rich.",2025-12-13T00:41:51+07:00,,3786125157728241077,threads,threads.com,threads_crawler_v1,https://www.threads.net/@heydrrachel/post/DSLBMVtj8W1,https://scontent-hkg4-1.cdninstagram.com/v/t51.2885-19/551843054_18325224877236776_1633654528783484748_n.jpg?stp=dst-jpg_s150x150_tt6&efg=eyJ2ZW5jb2RlX3RhZyI6InByb2ZpbGVfcGljLmRqYW5nby4xMDgwLmMyIn0&_nc_ht=scontent-hkg4-1.cdninstagram.com&_nc_cat=108&_nc_oc=Q6cZ2QELY_Xz9DILlijLrfST8PBQC62rSCJp7PPt5QbhVoD_jnadyWTNbRRTIqpPTqkOYjU&_nc_ohc=RR4ggLJ95qUQ7kNvwFxne_4&_nc_gid=jAcPlxrpzQB_LR0T_iSFHQ&edm=AJhczIQBAAAA&ccb=7-5&oh=00_AfrfDi4B_Eq9SzM7k3bMG8wmgfC_1t73YDuh3klhT5PD5g&oe=6975F394&_nc_sid=4a2096,37,0,5662,916,0,[],,https://www.threads.net/@heydrrachel/post/DSLBMVtj8W1,[],"{'likes': 5662, 'reposts': 885, 'quotes': 31}",threads,3786125157728241077,Dr. Rachel | Psychologist & Relationship Educator,CouplesTherapy,"Healthy relationships aren’t conflict-free.
They’re repair-rich.",threads,63095357907,heydrrachel
[],2026-01-21T09:29:22.857091+07:00,"Nari Nari Naduma Murari Review 🎬
Comedy works, performances shine & the core conflict keeps it interesting 💥
Songs disappoint and pacing dips in parts.
Still, a decent one-time watch 👍
⭐ **3/5 
•
•
•
•
•
•
•
#vlog #reels #viralreels #reelsinstagram #instamood",2026-01-15T12:59:21+07:00,,3810413939741714370,threads,threads.com,threads_crawler_v1,https://www.threads.net/@tirupati_vlogs_i.m/post/DThT0otgGfC,https://scontent-hkg4-1.cdninstagram.com/v/t51.2885-19/608209732_17845491657663778_844000341026558990_n.jpg?stp=dst-jpg_s150x150_tt6&efg=eyJ2ZW5jb2RlX3RhZyI6InByb2ZpbGVfcGljLmRqYW5nby4xMDgwLmMyIn0&_nc_ht=scontent-hkg4-1.cdninstagram.com&_nc_cat=110&_nc_oc=Q6cZ2QELY_Xz9DILlijLrfST8PBQC62rSCJp7PPt5QbhVoD_jnadyWTNbRRTIqpPTqkOYjU&_nc_ohc=rKokugiaslAQ7kNvwG0K8Qi&_nc_gid=jAcPlxrpzQB_LR0T_iSFHQ&edm=AJhczIQBAAAA&ccb=7-5&oh=00_Afryre0_dUZZvWaeDJ5LyATsqST8iE2VEpEC3RcrKTxX-w&oe=69761A8B&_nc_sid=4a2096,0,0,17,0,0,"['https://scontent-hkg1-1.cdninstagram.com/v/t51.2885-15/614849355_1579576446393073_92470307836339271_n.jpg?stp=dst-jpg_e15_tt6&efg=eyJ2ZW5jb2RlX3RhZyI6InRocmVhZHMuRkVFRC5pbWFnZV91cmxnZW4uNjQweDExMzYuc2RyLmY3MTg3OC5kZWZhdWx0X2NvdmVyX2ZyYW1lLmMyIn0&_nc_ht=scontent-hkg1-1.cdninstagram.com&_nc_cat=101&_nc_oc=Q6cZ2QELY_Xz9DILlijLrfST8PBQC62rSCJp7PPt5QbhVoD_jnadyWTNbRRTIqpPTqkOYjU&_nc_ohc=KiweiCA-fZgQ7kNvwESSwp1&_nc_gid=jAcPlxrpzQB_LR0T_iSFHQ&edm=AJhczIQBAAAA&ccb=7-5&ig_cache_key=MzgxMDQxMzkzOTc0MTcxNDM3MA%3D%3D.3-ccb7-5&oh=00_AfpkdgydNFlJ5IpM_mc5if1Qy72yZZhQTjgQ5W0GlA3R-w&oe=697625BB&_nc_sid=4a2096', 'https://scontent-hkg4-2.cdninstagram.com/o1/v/t2/f2/m86/AQOx-ydxRAFKueYG5l2KbUg80wYTrL8oO5_I_kcos52_kCCfhdMImMjnjc0h8OPJ2W_PW4rE4x1P3ZeeX_vThWW9B1OQCf5QqBYOUHw.mp4?_nc_cat=111&_nc_sid=5e9851&_nc_ht=scontent-hkg4-2.cdninstagram.com&_nc_ohc=loaW4ctZzAgQ7kNvwElF027&efg=eyJ2ZW5jb2RlX3RhZyI6Inhwdl9wcm9ncmVzc2l2ZS5JTlNUQUdSQU0uRkVFRC5DMy43MjAuZGFzaF9iYXNlbGluZV8xX3YxIiwieHB2X2Fzc2V0X2lkIjoyNjkzNTA2MTM0MzI3Njc5LCJhc3NldF9hZ2VfZGF5cyI6NSwidmlfdXNlY2FzZV9pZCI6MTA4MjcsImR1cmF0aW9uX3MiOjIwLCJ1cmxnZW5fc291cmNlIjoid3d3In0%3D&ccb=17-1&_nc_gid=jAcPlxrpzQB_LR0T_iSFHQ&_nc_zt=28&vs=c25d4613c94a0b15&_nc_vs=HBksFQIYUmlnX3hwdl9yZWVsc19wZXJtYW5lbnRfc3JfcHJvZC8zQjRCNjI4OUIyQUNCOEVGRUIyNkRENEFCNjlBNDFCMF92aWRlb19kYXNoaW5pdC5tcDQVAALIARIAFQIYOnBhc3N0aHJvdWdoX2V2ZXJzdG9yZS9HTWhSdmlTOWJMR2EwbDBDQU9yT3JuLUtSN0FmYnN0VEFRQUYVAgLIARIAKAAYABsCiAd1c2Vfb2lsATEScHJvZ3Jlc3NpdmVfcmVjaXBlATEVAAAm_oWyxdjuyAkVAigCQzMsF0A0mZmZmZmaGBJkYXNoX2Jhc2VsaW5lXzFfdjERAHXqB2WWqQEA&oh=00_Afq7V_t6_f7lygn3FMUx9LcX9pYUeS-G6zenYVGeu5_2-Q&oe=69721CA0']",,https://www.threads.net/@tirupati_vlogs_i.m/post/DThT0otgGfC,[],"{'likes': 17, 'reposts': 0, 'quotes': 0}",threads,3810413939741714370,Manatirupati_vlogs_i.m 🤍,,"Nari Nari Naduma Murari Review 🎬
Comedy works, performances shine & the core conflict keeps it interesting 💥
Songs disappoint and pacing dips in parts.
Still, a decent one-time watch 👍
⭐ **3/5 
•
•
•
•
•
•
•
#vlog #reels #viralreels #reelsinstagram #instamood",threads,79773431777,tirupati_vlogs_i.m
[],2026-01-21T09:29:22.857316+07:00,"Reporter: “Is it appropriate for your family to be doing business in Saudi Arabia while you're president. Is that a conflict of interest? And your royal highness, the U.S. intel community concluded you orchestrated the brutal murder of a journalist… Why should Americans trust you? And the same to you, Mr. President.”￼

Trump:",2025-11-19T00:46:56+07:00,,3768732920068560161,threads,threads.com,threads_crawler_v1,https://www.threads.net/@vincedmonroy/post/DRNOp-KAdUh,https://scontent-hkg1-1.cdninstagram.com/v/t51.2885-19/315785145_454167210200724_3643830279828271901_n.jpg?stp=dst-jpg_s150x150_tt6&efg=eyJ2ZW5jb2RlX3RhZyI6InByb2ZpbGVfcGljLmRqYW5nby4zNjIuYzIifQ&_nc_ht=scontent-hkg1-1.cdninstagram.com&_nc_cat=1&_nc_oc=Q6cZ2QELY_Xz9DILlijLrfST8PBQC62rSCJp7PPt5QbhVoD_jnadyWTNbRRTIqpPTqkOYjU&_nc_ohc=yo42mEvuBhsQ7kNvwE2OZMs&_nc_gid=jAcPlxrpzQB_LR0T_iSFHQ&edm=AJhczIQBAAAA&ccb=7-5&oh=00_Afo7-eyazKBRZIzgM5OsJysDIaZpm_JxAlRPaWuOjXN6Nw&oe=6975F1FE&_nc_sid=4a2096,1490,0,15185,2004,0,"['https://scontent-hkg4-1.cdninstagram.com/v/t51.2885-15/583352557_1373164764179046_5896684981986314083_n.jpg?stp=dst-jpg_e15_tt6&efg=eyJ2ZW5jb2RlX3RhZyI6InRocmVhZHMuRkVFRC5pbWFnZV91cmxnZW4uNjQweDM1Mi5zZHIuZjcxODc4LmRlZmF1bHRfY292ZXJfZnJhbWUuYzIifQ&_nc_ht=scontent-hkg4-1.cdninstagram.com&_nc_cat=106&_nc_oc=Q6cZ2QELY_Xz9DILlijLrfST8PBQC62rSCJp7PPt5QbhVoD_jnadyWTNbRRTIqpPTqkOYjU&_nc_ohc=lS3osTvZsCQQ7kNvwENbEO1&_nc_gid=jAcPlxrpzQB_LR0T_iSFHQ&edm=AJhczIQBAAAA&ccb=7-5&ig_cache_key=Mzc2ODczMjkyMDA2ODU2MDE2MQ%3D%3D.3-ccb7-5&oh=00_Afr9uyPpgqlxCALejNk7lBk_n7vZnycnuPHvHwFGQxFl-Q&oe=69760310&_nc_sid=4a2096', 'https://scontent-hkg4-2.cdninstagram.com/o1/v/t16/f2/m84/AQNqzvatEC8YyJG3BlMA2jbS6Qodoj346qRc8MbXWuZvtNjOLxn6hvRFUgeuHzzpS5zVGzw4ZVutD2e-jn8brAewj1iBr6I0r3SuKCU.mp4?_nc_cat=111&_nc_sid=5e9851&_nc_ht=scontent-hkg4-2.cdninstagram.com&_nc_ohc=34FJ5vPLH-QQ7kNvwHr94t_&efg=eyJ2ZW5jb2RlX3RhZyI6Inhwdl9wcm9ncmVzc2l2ZS5JTlNUQUdSQU0uRkVFRC5DMy44ODguZGFzaF9iYXNlbGluZV8xX3YxIiwieHB2X2Fzc2V0X2lkIjoxMzk1MjI3ODM4ODAwMzk1LCJhc3NldF9hZ2VfZGF5cyI6NjMsInZpX3VzZWNhc2VfaWQiOjEwMTY0LCJkdXJhdGlvbl9zIjo4NSwidXJsZ2VuX3NvdXJjZSI6Ind3dyJ9&ccb=17-1&_nc_gid=jAcPlxrpzQB_LR0T_iSFHQ&_nc_zt=28&vs=437ea3a640acdd60&_nc_vs=HBksFQIYTGlnX2JhY2tmaWxsX3RpbWVsaW5lX3ZvZC84MzQ5Qjg2NjlBMDk2QTBGQzkyMjAxM0ZEMjQwNDU5Rl92aWRlb19kYXNoaW5pdC5tcDQVAALIARIAFQIYOnBhc3N0aHJvdWdoX2V2ZXJzdG9yZS9HQ0tVMkNMZ0h5ZmNBcU1DQUFqX1pTb2tnNzl3YnNwVEFRQUYVAgLIARIAKAAYABsCiAd1c2Vfb2lsATEScHJvZ3Jlc3NpdmVfcmVjaXBlATEVAAAmloizu_m8-gQVAigCQzMsF0BVVU_fO2RaGBJkYXNoX2Jhc2VsaW5lXzFfdjERAHXqB2XongEA&oh=00_AfpKeTRvLGOJpJUiVIHn9J4KuPNfn9jB-I8qhnp98ztCXw&oe=697232E9']",,https://www.threads.net/@vincedmonroy/post/DRNOp-KAdUh,[],"{'likes': 15185, 'reposts': 1795, 'quotes': 209}",threads,3768732920068560161,Vince D. Monroy,,"Reporter: “Is it appropriate for your family to be doing business in Saudi Arabia while you're president. Is that a conflict of interest? And your royal highness, the U.S. intel community concluded you orchestrated the brutal murder of a journalist… Why should Americans trust you? And the same to you, Mr. President.”￼

Trump:",threads,63437208949,vincedmonroy
[],2026-01-21T09:29:22.857542+07:00,I regret to inform you that true intimacy is built over time and through the repair of conflict,2025-12-16T09:15:00+07:00,,3788557756631199720,threads,threads.com,threads_crawler_v1,https://www.threads.net/@thewildlightwithin/post/DSTqTT_Da_o,https://scontent-hkg4-1.cdninstagram.com/v/t51.2885-19/522700738_17877338694373534_5594870339852418467_n.jpg?stp=dst-jpg_s150x150_tt6&efg=eyJ2ZW5jb2RlX3RhZyI6InByb2ZpbGVfcGljLmRqYW5nby4xMDgwLmMyIn0&_nc_ht=scontent-hkg4-1.cdninstagram.com&_nc_cat=110&_nc_oc=Q6cZ2QELY_Xz9DILlijLrfST8PBQC62rSCJp7PPt5QbhVoD_jnadyWTNbRRTIqpPTqkOYjU&_nc_ohc=DRSWXrSddM4Q7kNvwH4UdJQ&_nc_gid=jAcPlxrpzQB_LR0T_iSFHQ&edm=AJhczIQBAAAA&ccb=7-5&oh=00_AfrZZia7NnnGWsP2qPgsmkmfRefGic5__WzCx_H-k9lOjw&oe=6975FB3E&_nc_sid=4a2096,93,0,9549,1462,0,[],,https://www.threads.net/@thewildlightwithin/post/DSTqTT_Da_o,[],"{'likes': 9549, 'reposts': 1419, 'quotes': 43}",threads,3788557756631199720,Nicole,,I regret to inform you that true intimacy is built over time and through the repair of conflict,threads,71199669533,thewildlightwithin
[],2026-01-21T09:29:22.857796+07:00,I regret to inform you that true intimacy is built over time and through the repair of conflict,2026-01-06T21:33:51+07:00,,3804149924381172419,threads,threads.com,threads_crawler_v1,https://www.threads.net/@thewildlightwithin/post/DTLDjNzEaLD,https://scontent-hkg4-1.cdninstagram.com/v/t51.2885-19/522700738_17877338694373534_5594870339852418467_n.jpg?stp=dst-jpg_s150x150_tt6&efg=eyJ2ZW5jb2RlX3RhZyI6InByb2ZpbGVfcGljLmRqYW5nby4xMDgwLmMyIn0&_nc_ht=scontent-hkg4-1.cdninstagram.com&_nc_cat=110&_nc_oc=Q6cZ2QELY_Xz9DILlijLrfST8PBQC62rSCJp7PPt5QbhVoD_jnadyWTNbRRTIqpPTqkOYjU&_nc_ohc=DRSWXrSddM4Q7kNvwH4UdJQ&_nc_gid=jAcPlxrpzQB_LR0T_iSFHQ&edm=AJhczIQBAAAA&ccb=7-5&oh=00_AfrZZia7NnnGWsP2qPgsmkmfRefGic5__WzCx_H-k9lOjw&oe=6975FB3E&_nc_sid=4a2096,92,0,9579,1340,0,[],,https://www.threads.net/@thewildlightwithin/post/DTLDjNzEaLD,[],"{'likes': 9579, 'reposts': 1295, 'quotes': 45}",threads,3804149924381172419,Nicole,,I regret to inform you that true intimacy is built over time and through the repair of conflict,threads,71199669533,thewildlightwithin
[],2026-01-21T09:29:22.858077+07:00,"I saw a post that said “the cost of being close to someone is friction and that’s the price you pay for intimate relationships and when you are a person that is averse to conflict, you are also averse to intimacy” and I couldn’t agree more. A lot people give up at the first sight of a conflict and I used to be this way until I saw what’s on the other side of conflict resolution.",2025-07-06T20:08:32+07:00,,3670748252115039291,threads,threads.com,threads_crawler_v1,https://www.threads.net/@njavwastevens/post/DLxHhY7M_Q7,https://scontent-hkg1-2.cdninstagram.com/v/t51.2885-19/509622546_17914676562103627_6472107954021605226_n.jpg?stp=dst-jpg_s150x150_tt6&efg=eyJ2ZW5jb2RlX3RhZyI6InByb2ZpbGVfcGljLmRqYW5nby4xMDgwLmMyIn0&_nc_ht=scontent-hkg1-2.cdninstagram.com&_nc_cat=107&_nc_oc=Q6cZ2QELY_Xz9DILlijLrfST8PBQC62rSCJp7PPt5QbhVoD_jnadyWTNbRRTIqpPTqkOYjU&_nc_ohc=aZw6_yLzZRUQ7kNvwFjpL7s&_nc_gid=jAcPlxrpzQB_LR0T_iSFHQ&edm=AJhczIQBAAAA&ccb=7-5&oh=00_AfpbM3C8vUNJz8Xw-HmyLRCvdtDZof4yrbr7r0PcWISNIA&oe=6975FC66&_nc_sid=4a2096,53,0,2817,366,0,[],,https://www.threads.net/@njavwastevens/post/DLxHhY7M_Q7,[],"{'likes': 2817, 'reposts': 354, 'quotes': 12}",threads,3670748252115039291,𝐍𝐣𝐚𝐯𝐰𝐢𝐥𝐢𝐳𝐲𝐚 🫧,,"I saw a post that said “the cost of being close to someone is friction and that’s the price you pay for intimate relationships and when you are a person that is averse to conflict, you are also averse to intimacy” and I couldn’t agree more. A lot people give up at the first sight of a conflict and I used to be this way until I saw what’s on the other side of conflict resolution.",threads,63090807626,njavwastevens
[],2026-01-21T09:29:22.858354+07:00,Conflict. Conquer - Games of Thrones,2025-07-16T08:35:55+07:00,,3677647403198810828,threads,threads.com,threads_crawler_v1,https://www.threads.net/@deepstech/post/DMJoNQEzYrM,https://scontent-hkg4-1.cdninstagram.com/v/t51.2885-19/466365701_1293610938478400_8289267398553154071_n.jpg?stp=dst-jpg_s150x150_tt6&efg=eyJ2ZW5jb2RlX3RhZyI6InByb2ZpbGVfcGljLmRqYW5nby4xMDgwLmMyIn0&_nc_ht=scontent-hkg4-1.cdninstagram.com&_nc_cat=108&_nc_oc=Q6cZ2QELY_Xz9DILlijLrfST8PBQC62rSCJp7PPt5QbhVoD_jnadyWTNbRRTIqpPTqkOYjU&_nc_ohc=u3MY4NYvt20Q7kNvwG84xxh&_nc_gid=jAcPlxrpzQB_LR0T_iSFHQ&edm=AJhczIQBAAAA&ccb=7-5&oh=00_AfpMbvkRBartrsOy49VbR_CP_PQp19fMDRmxN7rtjyuKgg&oe=69760C9B&_nc_sid=4a2096,2,0,213,6,0,['https://scontent-hkg4-1.cdninstagram.com/v/t51.2885-15/519068855_17883302247337326_8893724516203669901_n.webp?efg=eyJ2ZW5jb2RlX3RhZyI6InRocmVhZHMuQ0FST1VTRUxfSVRFTS5pbWFnZV91cmxnZW4uMTQ0MHgyNTY5LnNkci5mODI3ODcuZGVmYXVsdF9pbWFnZS5jMiJ9&_nc_ht=scontent-hkg4-1.cdninstagram.com&_nc_cat=106&_nc_oc=Q6cZ2QELY_Xz9DILlijLrfST8PBQC62rSCJp7PPt5QbhVoD_jnadyWTNbRRTIqpPTqkOYjU&_nc_ohc=A9ZxSZrwpvgQ7kNvwF4Mssf&_nc_gid=jAcPlxrpzQB_LR0T_iSFHQ&edm=AJhczIQBAAAA&ccb=7-5&ig_cache_key=MzY3NzY0NzM5NjU0NjcxOTY3MA%3D%3D.3-ccb7-5&oh=00_AfqKoc1paNlI3Ao9-b1j-Qb7usAj3cBGMZmT-SgA4cBQQA&oe=69762473&_nc_sid=4a2096'],,https://www.threads.net/@deepstech/post/DMJoNQEzYrM,[],"{'likes': 213, 'reposts': 6, 'quotes': 0}",threads,3677647403198810828,Anshuman deep,deepstech,Conflict. Conquer - Games of Thrones,threads,70291657325,deepstech
[],2026-01-21T09:29:22.858655+07:00,"The irony of “traditional values” in Canada

Canadian conservatives love to say they’re protecting “traditional values”

But Canada’s actual traditions are: 
• public healthcare
• public education
• strong communities
• compromise over conflict
• a social safety net
• government stepping in when people fall

That isn’t radical leftism, that’s literally how this country was built.",2026-01-13T23:10:39+07:00,,3809272074553378171,threads,threads.com,threads_crawler_v1,https://www.threads.net/@cassandramorton767/post/DTdQMT4kcV7,https://scontent-hkg1-2.cdninstagram.com/v/t51.2885-19/619321008_17870353146519547_5037279752517050269_n.jpg?stp=dst-jpg_s150x150_tt6&efg=eyJ2ZW5jb2RlX3RhZyI6InByb2ZpbGVfcGljLmRqYW5nby4xMDgwLmMyIn0&_nc_ht=scontent-hkg1-2.cdninstagram.com&_nc_cat=107&_nc_oc=Q6cZ2QELY_Xz9DILlijLrfST8PBQC62rSCJp7PPt5QbhVoD_jnadyWTNbRRTIqpPTqkOYjU&_nc_ohc=gdraeCPxKMsQ7kNvwH7q36p&_nc_gid=jAcPlxrpzQB_LR0T_iSFHQ&edm=AJhczIQBAAAA&ccb=7-5&oh=00_AfqxAivk8zRy7nnd9aC0ikaF060zPipyDGwdJNXBH0XoxA&oe=697613F0&_nc_sid=4a2096,144,0,1148,135,0,[],,https://www.threads.net/@cassandramorton767/post/DTdQMT4kcV7,[],"{'likes': 1148, 'reposts': 131, 'quotes': 4}",threads,3809272074553378171,Cassandra M Morton,,"The irony of “traditional values” in Canada

Canadian conservatives love to say they’re protecting “traditional values”

But Canada’s actual traditions are: 
• public healthcare
• public education
• strong communities
• compromise over conflict
• a social safety net
• government stepping in when people fall

That isn’t radical leftism, that’s literally how this country was built.",threads,75446671546,cassandramorton767
[],2026-01-21T09:29:22.858930+07:00,"💧 water signs
cancer scorpio pisces
sun moon rising

take what resonates and leave what doesn’t. energy is always shifting. you are the co-creator of your reality.

the person on your mind:

this connection feels like it’s standing between emotional clarity and emotional chaos. on the surface, things look composed, even peaceful, but underneath there is intense inner conflict. this person’s feelings for you have been shaking their entire foundation. desire, attachment, fear, and vulnerability-",2026-01-03T02:06:37+07:00,,3801388110732164013,threads,threads.com,threads_crawler_v1,https://www.threads.net/@therealchaoticrose/post/DTBPliZlXut,https://scontent-hkg1-2.cdninstagram.com/v/t51.2885-19/508194647_17849183043484262_8122253054402599506_n.jpg?stp=dst-jpg_s150x150_tt6&efg=eyJ2ZW5jb2RlX3RhZyI6InByb2ZpbGVfcGljLmRqYW5nby4xMDI0LmMyIn0&_nc_ht=scontent-hkg1-2.cdninstagram.com&_nc_cat=102&_nc_oc=Q6cZ2QELY_Xz9DILlijLrfST8PBQC62rSCJp7PPt5QbhVoD_jnadyWTNbRRTIqpPTqkOYjU&_nc_ohc=SvnkhZYxY7EQ7kNvwHzL_-x&_nc_gid=jAcPlxrpzQB_LR0T_iSFHQ&edm=AJhczIQBAAAA&ccb=7-5&oh=00_Afor5jcS2JgpW5e6IhmSFKeILaxn2tgeWm8nom9HtjQdPw&oe=69761CA6&_nc_sid=4a2096,11,0,169,5,0,[],,https://www.threads.net/@therealchaoticrose/post/DTBPliZlXut,[],"{'likes': 169, 'reposts': 5, 'quotes': 0}",threads,3801388110732164013,Rose 🌹 🥀 🇩🇴,person on your mind,"💧 water signs
cancer scorpio pisces
sun moon rising

take what resonates and leave what doesn’t. energy is always shifting. you are the co-creator of your reality.

the person on your mind:

this connection feels like it’s standing between emotional clarity and emotional chaos. on the surface, things look composed, even peaceful, but underneath there is intense inner conflict. this person’s feelings for you have been shaking their entire foundation. desire, attachment, fear, and vulnerability-",threads,74446332261,therealchaoticrose
[],2026-01-21T09:29:22.859154+07:00,"I have seen posts calling for a boycott because the Stray Kids movie is being screened in Israel. A personal boycott is a legitimate individual choice. What I find troubling is the decision to publicly target JYPE, as if a Korean entertainment company were morally obligated to take responsibility for a geopolitical conflict that is not its own.",2026-01-09T22:35:23+07:00,,3806355219119572286,threads,threads.com,threads_crawler_v1,https://www.threads.net/@straykids_explained/post/DTS4-ekk4U-,https://scontent-hkg4-1.cdninstagram.com/v/t51.2885-19/451349091_792048736334136_4344456431638596723_n.jpg?stp=dst-jpg_s150x150_tt6&efg=eyJ2ZW5jb2RlX3RhZyI6InByb2ZpbGVfcGljLmRqYW5nby40NjguYzIifQ&_nc_ht=scontent-hkg4-1.cdninstagram.com&_nc_cat=100&_nc_oc=Q6cZ2QELY_Xz9DILlijLrfST8PBQC62rSCJp7PPt5QbhVoD_jnadyWTNbRRTIqpPTqkOYjU&_nc_ohc=fUbpNRs6kl8Q7kNvwFLpIVy&_nc_gid=jAcPlxrpzQB_LR0T_iSFHQ&edm=AJhczIQBAAAA&ccb=7-5&oh=00_AfolGr08ik0SxFd5XcIEXZRvyjVegERSpfH8cuM277HNnw&oe=69761E1B&_nc_sid=4a2096,36,0,401,30,0,[],,https://www.threads.net/@straykids_explained/post/DTS4-ekk4U-,[],"{'likes': 401, 'reposts': 21, 'quotes': 9}",threads,3806355219119572286,StrayKidsKorea,Stray Kids STAY,"I have seen posts calling for a boycott because the Stray Kids movie is being screened in Israel. A personal boycott is a legitimate individual choice. What I find troubling is the decision to publicly target JYPE, as if a Korean entertainment company were morally obligated to take responsibility for a geopolitical conflict that is not its own.",threads,67790144879,straykids_explained
[],2026-01-21T09:29:22.859443+07:00,"The shipboard artificial intelligence of the UNSC Spirit of Fire during the conflict on Harvest early in the Covenant War, Serina was fiercely loyal to the crew and renowned for her sardonic personality. FictionFriday",2026-01-16T23:00:07+07:00,,3811441058581128796,threads,threads.com,threads_crawler_v1,https://www.threads.net/@halo/post/DTk9XLrESZc,https://scontent-hkg4-1.cdninstagram.com/v/t51.2885-19/441092891_4193644930862328_8148877484415641019_n.jpg?stp=dst-jpg_s150x150_tt6&efg=eyJ2ZW5jb2RlX3RhZyI6InByb2ZpbGVfcGljLmRqYW5nby40OTguYzIifQ&_nc_ht=scontent-hkg4-1.cdninstagram.com&_nc_cat=100&_nc_oc=Q6cZ2QELY_Xz9DILlijLrfST8PBQC62rSCJp7PPt5QbhVoD_jnadyWTNbRRTIqpPTqkOYjU&_nc_ohc=QtFMI4UHlgYQ7kNvwHqUr4F&_nc_gid=jAcPlxrpzQB_LR0T_iSFHQ&edm=AJhczIQBAAAA&ccb=7-5&oh=00_AfojJGJVf-EKVCerEQamfyXNua6NN5GotgmQGNuVEF5Kag&oe=69760F4B&_nc_sid=4a2096,1,0,84,4,0,['https://scontent-hkg1-1.cdninstagram.com/v/t51.2885-15/617079172_17938409520116529_4544518020282248864_n.jpg?stp=dst-jpg_e35_tt6&efg=eyJ2ZW5jb2RlX3RhZyI6InRocmVhZHMuRkVFRC5pbWFnZV91cmxnZW4uMTQ0MHgxNDQwLnNkci5mODI3ODcuZGVmYXVsdF9pbWFnZS5jMiJ9&_nc_ht=scontent-hkg1-1.cdninstagram.com&_nc_cat=109&_nc_oc=Q6cZ2QELY_Xz9DILlijLrfST8PBQC62rSCJp7PPt5QbhVoD_jnadyWTNbRRTIqpPTqkOYjU&_nc_ohc=R_ibfhwUFhEQ7kNvwEQ3lBy&_nc_gid=jAcPlxrpzQB_LR0T_iSFHQ&edm=AJhczIQBAAAA&ccb=7-5&ig_cache_key=MzgxMTQ0MTA1ODU4MTEyODc5Ng%3D%3D.3-ccb7-5&oh=00_AfqjddhFk2Pcn3jfmXBESrCCB_IIrQ-a8AFUfmS-mjZ7WA&oe=6975FF3C&_nc_sid=4a2096'],,https://www.threads.net/@halo/post/DTk9XLrESZc,[],"{'likes': 84, 'reposts': 4, 'quotes': 0}",threads,3811441058581128796,Halo,FictionFriday,"The shipboard artificial intelligence of the UNSC Spirit of Fire during the conflict on Harvest early in the Covenant War, Serina was fiercely loyal to the crew and renowned for her sardonic personality. FictionFriday",threads,63421540528,halo
[],2026-01-21T09:29:52.370927+07:00,"If you have complex ptsd (cpstd) or unhealed childhood wounds, your amygdala becomes hypersensitive from the trauma you survived. It scans for danger constantly. Every sudden sound, glance, or conflict triggers a biological alarm you can’t always control, and your body reacts before your mind even catches up.",2026-01-15T02:01:11+07:00,,3810082684970863749,threads,threads.com,threads_crawler_v1,https://www.threads.net/@thevisionher/post/DTgIgPqjgyF,https://instagram.fhan4-5.fna.fbcdn.net/v/t51.2885-19/588640727_17897800188360171_2038451559656359475_n.jpg?stp=dst-jpg_s150x150_tt6&efg=eyJ2ZW5jb2RlX3RhZyI6InByb2ZpbGVfcGljLmRqYW5nby4xMDgwLmMyIn0&_nc_ht=instagram.fhan4-5.fna.fbcdn.net&_nc_cat=103&_nc_oc=Q6cZ2QEgyHj_NqaZ17i221SnUZOJt0CT9rBjb2D4sAvT95S4R3__C-OXmXBZx0WunKp5ggg&_nc_ohc=KqF3hjnK7SAQ7kNvwHRncsY&_nc_gid=UXJlR3HX2W1N1GQt8EBV4g&edm=AJhczIQBAAAA&ccb=7-5&oh=00_AfqsqPdLl68IusvXdCYka7YPnvarVGDVHHJAzCB9xWP8Lw&oe=69761558&_nc_sid=4a2096,19,0,243,28,0,[],,https://www.threads.net/@thevisionher/post/DTgIgPqjgyF,[],"{'likes': 243, 'reposts': 26, 'quotes': 2}",threads,3810082684970863749,Jasmin flora,,"If you have complex ptsd (cpstd) or unhealed childhood wounds, your amygdala becomes hypersensitive from the trauma you survived. It scans for danger constantly. Every sudden sound, glance, or conflict triggers a biological alarm you can’t always control, and your body reacts before your mind even catches up.",threads,70879696170,thevisionher
[],2026-01-21T09:29:52.371326+07:00,"He literally tweeted this out. 

“SHOULD ORDERS AND THE LAW EVER CONFLICT, OUR OFFICERS MUST OBEY THE LAW.”

This plaque is displayed at West Point. It’s the law. Not sedition.",2025-11-25T03:48:20+07:00,,3773173049735590521,threads,threads.com,threads_crawler_v1,https://www.threads.net/@senchrismurphy/post/DRdAOXJkTJ5,https://instagram.fhan3-3.fna.fbcdn.net/v/t51.2885-19/570566233_17847509361591502_2836687104386371720_n.jpg?stp=dst-jpg_s150x150_tt6&efg=eyJ2ZW5jb2RlX3RhZyI6InByb2ZpbGVfcGljLmRqYW5nby43MzcuYzIifQ&_nc_ht=instagram.fhan3-3.fna.fbcdn.net&_nc_cat=1&_nc_oc=Q6cZ2QEgyHj_NqaZ17i221SnUZOJt0CT9rBjb2D4sAvT95S4R3__C-OXmXBZx0WunKp5ggg&_nc_ohc=KHlrnPMWdxwQ7kNvwEXbAVt&_nc_gid=UXJlR3HX2W1N1GQt8EBV4g&edm=AJhczIQBAAAA&ccb=7-5&oh=00_AfoRQbL190d_NMxGc-ZnGSiVhvYoVeaqZgKXTAH8wlBEPg&oe=697600B7&_nc_sid=4a2096,477,0,12798,1414,0,['https://instagram.fhan4-3.fna.fbcdn.net/v/t51.2885-15/590402683_17851897464591502_2350146046877389055_n.jpg?stp=dst-jpg_e35_tt6&efg=eyJ2ZW5jb2RlX3RhZyI6InRocmVhZHMuRkVFRC5pbWFnZV91cmxnZW4uMTE3OXgxMTY5LnNkci5mODI3ODcuZGVmYXVsdF9pbWFnZS5jMiJ9&_nc_ht=instagram.fhan4-3.fna.fbcdn.net&_nc_cat=110&_nc_oc=Q6cZ2QEgyHj_NqaZ17i221SnUZOJt0CT9rBjb2D4sAvT95S4R3__C-OXmXBZx0WunKp5ggg&_nc_ohc=X_9VlnvCQxYQ7kNvwEBuzlf&_nc_gid=UXJlR3HX2W1N1GQt8EBV4g&edm=AJhczIQBAAAA&ccb=7-5&ig_cache_key=Mzc3MzE3MzA0OTczNTU5MDUyMQ%3D%3D.3-ccb7-5&oh=00_AfrS6BeKd7Bf_gvQUIa3V7nrAwaG0wn4d1WwCgRHE842Gg&oe=6975F4DC&_nc_sid=4a2096'],,https://www.threads.net/@senchrismurphy/post/DRdAOXJkTJ5,[],"{'likes': 12798, 'reposts': 1335, 'quotes': 79}",threads,3773173049735590521,Senator Chris Murphy,,"He literally tweeted this out. 

“SHOULD ORDERS AND THE LAW EVER CONFLICT, OUR OFFICERS MUST OBEY THE LAW.”

This plaque is displayed at West Point. It’s the law. Not sedition.",threads,77691279501,senchrismurphy
[],2026-01-21T09:29:52.371665+07:00,"My friend said something: “Pray for friends who don’t bottle up resentments against you.”

It hit deep.

Because sometimes, friendship breakups start from the quiet grudges, the “I am fine” when they are not… and then resentment grows until the relationship quietly collapses.

So I am praying differently: God, in this season:
– Give us friends who don’t bury their hurts, but communicate with love.
– Give us the courage to talk through conflict instead of walking away.

Who else is praying this?",2025-08-26T23:56:39+07:00,,3707826622189160859,threads,threads.com,threads_crawler_v1,https://www.threads.net/@karika.republic/post/DN02KsAUkmb,https://instagram.fhan3-3.fna.fbcdn.net/v/t51.2885-19/338933338_534485225468087_4119968146919998164_n.jpg?stp=dst-jpg_s150x150_tt6&efg=eyJ2ZW5jb2RlX3RhZyI6InByb2ZpbGVfcGljLmRqYW5nby44NTMuYzIifQ&_nc_ht=instagram.fhan3-3.fna.fbcdn.net&_nc_cat=111&_nc_oc=Q6cZ2QEgyHj_NqaZ17i221SnUZOJt0CT9rBjb2D4sAvT95S4R3__C-OXmXBZx0WunKp5ggg&_nc_ohc=l7SXQh5OO2AQ7kNvwGE5_Wn&_nc_gid=UXJlR3HX2W1N1GQt8EBV4g&edm=AJhczIQBAAAA&ccb=7-5&oh=00_AfqDriiFNvMKenvlIdbr_ZRqG9QV_tOeCrXk-3yFieTEhA&oe=69760872&_nc_sid=4a2096,6,0,1030,291,0,[],,https://www.threads.net/@karika.republic/post/DN02KsAUkmb,[],"{'likes': 1030, 'reposts': 281, 'quotes': 10}",threads,3707826622189160859,Ogheneyonreme Karika,,"My friend said something: “Pray for friends who don’t bottle up resentments against you.”

It hit deep.

Because sometimes, friendship breakups start from the quiet grudges, the “I am fine” when they are not… and then resentment grows until the relationship quietly collapses.

So I am praying differently: God, in this season:
– Give us friends who don’t bury their hurts, but communicate with love.
– Give us the courage to talk through conflict instead of walking away.

Who else is praying this?",threads,63462562409,karika.republic
[],2026-01-21T09:29:52.371950+07:00,"The essence of tragedy isn’t the conflict of right vs. wrong, but right vs. right.",2026-01-15T06:28:03+07:00,,3810217003177983604,threads,threads.com,threads_crawler_v1,https://www.threads.net/@briansummers102/post/DTgnC1Pk750,https://instagram.fcgk4-6.fna.fbcdn.net/v/t51.2885-19/573323465_1219825463302212_7278921664109726296_n.png?stp=dst-jpg_e0_s150x150_tt6&efg=eyJ2ZW5jb2RlX3RhZyI6InByb2ZpbGVfcGljLmRqYW5nby4xNTAuYzIifQ&_nc_ht=instagram.fcgk4-6.fna.fbcdn.net&_nc_cat=1&_nc_oc=Q6cZ2QGhfNuG1XgilFgImz9GphVG7zZd9-TyjuGwFTJ6yuB1qn3FTiS0hTadQ_dun18Wuuc&_nc_ohc=w99BE6bfs5AQ7kNvwGBX2Ay&_nc_gid=27D0FQaWlbhcBqJpU2yIkw&edm=AJ9x6zYBAAAA&ccb=7-5&ig_cache_key=YW5vbnltb3VzX3Byb2ZpbGVfcGlj.3-ccb7-5&oh=00_Afq171Ewc8S96Cni6EhxuyPjlkXlbb5vce8UGsaPv1GjVQ&oe=69760A2A&_nc_sid=65462d,0,0,1,0,0,[],,https://www.threads.net/@briansummers102/post/DTgnC1Pk750,[],"{'likes': 1, 'reposts': 0, 'quotes': 0}",threads,3810217003177983604,Brian Summers,,"The essence of tragedy isn’t the conflict of right vs. wrong, but right vs. right.",threads,78672589916,briansummers102
[],2026-01-21T09:29:52.372225+07:00,"BIG NEWS: We are officially participating in Small Pitch, a small press pitching event running from January 19th-25th, 2026 🎉

We are very interested in projects that are/have:
- Sapphic speculative fiction
- Strong, diverse characters
- Narrative drive and compelling conflict

If these elements describe your project or a project by someone you know, please spread the word! 💖
Make sure to check out the Small Pitch website for more information on guidelines, participating presses, and more.",2026-01-12T08:14:56+07:00,,3808096470936230875,threads,threads.com,threads_crawler_v1,https://www.threads.net/@scyllapublishing/post/DTZE5Bskpvb,https://instagram.fhan3-2.fna.fbcdn.net/v/t51.2885-19/587516804_17842258170635011_7629725324238743894_n.jpg?stp=dst-jpg_s150x150_tt6&efg=eyJ2ZW5jb2RlX3RhZyI6InByb2ZpbGVfcGljLmRqYW5nby4xMDgwLmMyIn0&_nc_ht=instagram.fhan3-2.fna.fbcdn.net&_nc_cat=107&_nc_oc=Q6cZ2QEgyHj_NqaZ17i221SnUZOJt0CT9rBjb2D4sAvT95S4R3__C-OXmXBZx0WunKp5ggg&_nc_ohc=SybRVR60KogQ7kNvwHCyJso&_nc_gid=UXJlR3HX2W1N1GQt8EBV4g&edm=AJhczIQBAAAA&ccb=7-5&oh=00_Afpc67M5TMR6DRz2oc283iN1XZbaYfWXYMDltO6HoH_2lg&oe=69760E6C&_nc_sid=4a2096,1,0,20,3,0,['https://instagram.fhan3-2.fna.fbcdn.net/v/t51.2885-15/613721416_17846890662635011_7914065149860644693_n.webp?efg=eyJ2ZW5jb2RlX3RhZyI6InRocmVhZHMuQ0FST1VTRUxfSVRFTS5pbWFnZV91cmxnZW4uMTA4MHgxMzUwLnNkci5mODI3ODcuZGVmYXVsdF9pbWFnZS5jMiJ9&_nc_ht=instagram.fhan3-2.fna.fbcdn.net&_nc_cat=107&_nc_oc=Q6cZ2QEgyHj_NqaZ17i221SnUZOJt0CT9rBjb2D4sAvT95S4R3__C-OXmXBZx0WunKp5ggg&_nc_ohc=Pl797DCLTS8Q7kNvwFCZoOZ&_nc_gid=UXJlR3HX2W1N1GQt8EBV4g&edm=AJhczIQBAAAA&ccb=7-5&ig_cache_key=MzgwODA5NjQ2NTc0MzY5NTAzNA%3D%3D.3-ccb7-5&oh=00_Afrd_2D4n6Q8kQB_M0V1a5N0W1Ep8jm3gZZaQxfImvprQg&oe=6975FABE&_nc_sid=4a2096'],,https://www.threads.net/@scyllapublishing/post/DTZE5Bskpvb,[],"{'likes': 20, 'reposts': 3, 'quotes': 0}",threads,3808096470936230875,Scylla Publishing,Author Threads,"BIG NEWS: We are officially participating in Small Pitch, a small press pitching event running from January 19th-25th, 2026 🎉

We are very interested in projects that are/have:
- Sapphic speculative fiction
- Strong, diverse characters
- Narrative drive and compelling conflict

If these elements describe your project or a project by someone you know, please spread the word! 💖
Make sure to check out the Small Pitch website for more information on guidelines, participating presses, and more.",threads,78998235010,scyllapublishing
[],2026-01-21T09:29:52.372518+07:00,Princess Mononoke understands conflict better than most adults.,2026-01-11T03:09:51+07:00,,3807215013187075829,threads,threads.com,threads_crawler_v1,https://www.threads.net/@ichik_japan/post/DTV8eIMjL71,https://instagram.fhan3-4.fna.fbcdn.net/v/t51.2885-19/450227387_922836993193818_3352830211829105178_n.jpg?stp=dst-jpg_s150x150_tt6&efg=eyJ2ZW5jb2RlX3RhZyI6InByb2ZpbGVfcGljLmRqYW5nby42MDEuYzIifQ&_nc_ht=instagram.fhan3-4.fna.fbcdn.net&_nc_cat=106&_nc_oc=Q6cZ2QEgyHj_NqaZ17i221SnUZOJt0CT9rBjb2D4sAvT95S4R3__C-OXmXBZx0WunKp5ggg&_nc_ohc=IXmW_2aUKY0Q7kNvwGEqdIQ&_nc_gid=UXJlR3HX2W1N1GQt8EBV4g&edm=AJhczIQBAAAA&ccb=7-5&oh=00_AfrZ_fFTKczDdHp1iiGLmVgfU0F7PnDEo0KQ1vMJQaD3Kw&oe=6975F54F&_nc_sid=4a2096,3,0,658,70,0,"['https://instagram.fhan3-3.fna.fbcdn.net/v/t51.2885-15/611839345_2396192970832235_2379273230299692037_n.jpg?stp=dst-jpg_e15_tt6&efg=eyJ2ZW5jb2RlX3RhZyI6InRocmVhZHMuRkVFRC5pbWFnZV91cmxnZW4uNjQweDMzOC5zZHIuZjcxODc4LmRlZmF1bHRfY292ZXJfZnJhbWUuYzIifQ&_nc_ht=instagram.fhan3-3.fna.fbcdn.net&_nc_cat=111&_nc_oc=Q6cZ2QEgyHj_NqaZ17i221SnUZOJt0CT9rBjb2D4sAvT95S4R3__C-OXmXBZx0WunKp5ggg&_nc_ohc=HCEHSFMy33YQ7kNvwH--HQi&_nc_gid=UXJlR3HX2W1N1GQt8EBV4g&edm=AJhczIQBAAAA&ccb=7-5&ig_cache_key=MzgwNzIxNTAxMzE4NzA3NTgyOQ%3D%3D.3-ccb7-5&oh=00_Afoq2EMocAf_p-ZjKhYKMnT5i-qOC_x_xOOIJc8rxlpXTA&oe=69761078&_nc_sid=4a2096', 'https://instagram.fhan3-3.fna.fbcdn.net/o1/v/t16/f2/m84/AQNS3h4h04Vefcz_sGZyygib4kNUqZ25aNxImlCWchq_t9Z4ITbDRUTanAMYhYrd5LOGj-kR3kMFmAKyccxz6d1b44N_AzyDzkzvfvQ.mp4?_nc_cat=101&_nc_oc=AdmZTAftntFmvrM0XHaTvR4ZtpbM4HwVKZ_WPH4y0puQVLFqbFr_g438e9C2UJxG4Gg&_nc_sid=5e9851&_nc_ht=instagram.fhan3-3.fna.fbcdn.net&_nc_ohc=ogOboNNuezAQ7kNvwHo9vOu&efg=eyJ2ZW5jb2RlX3RhZyI6Inhwdl9wcm9ncmVzc2l2ZS5JTlNUQUdSQU0uRkVFRC5DMy44ODAuZGFzaF9iYXNlbGluZV8xX3YxIiwieHB2X2Fzc2V0X2lkIjoxMzc0MzE2MDczOTA0ODQ2LCJhc3NldF9hZ2VfZGF5cyI6MTAsInZpX3VzZWNhc2VfaWQiOjEwMTY0LCJkdXJhdGlvbl9zIjoxOTMsInVybGdlbl9zb3VyY2UiOiJ3d3cifQ%3D%3D&ccb=17-1&_nc_gid=UXJlR3HX2W1N1GQt8EBV4g&_nc_zt=28&vs=dcb332a741fd526a&_nc_vs=HBksFQIYTGlnX2JhY2tmaWxsX3RpbWVsaW5lX3ZvZC8yRDQzQjUyQ0Q5NDg0QzYyQkNCNUZGRDU5RjlDNUNBRF92aWRlb19kYXNoaW5pdC5tcDQVAALIARIAFQIYOnBhc3N0aHJvdWdoX2V2ZXJzdG9yZS9HRWtlWmlTS3BrX1lZUDhFQUkwdTdDcjJHcWhKYnNwVEFRQUYVAgLIARIAKAAYABsCiAd1c2Vfb2lsATEScHJvZ3Jlc3NpdmVfcmVjaXBlATEVAAAmnKun1tz78AQVAigCQzMsF0BoN3S8an76GBJkYXNoX2Jhc2VsaW5lXzFfdjERAHXqB2XongEA&oh=00_AfrflUlGsFcUdHxc6or-KQTfvNXUmKdWA_5pJabkn7efOA&oe=697213BF']",,https://www.threads.net/@ichik_japan/post/DTV8eIMjL71,[],"{'likes': 658, 'reposts': 66, 'quotes': 4}",threads,3807215013187075829,IchiK🇯🇵,,Princess Mononoke understands conflict better than most adults.,threads,67615944206,ichik_japan
[],2026-01-21T09:29:52.372784+07:00,"You can do years of therapy.
Learn all the right language.
Practice meditation daily.

But if, during conflict, your partner doesn’t feel:
• understood
• reflected accurately
• emotionally met

safety slowly erodes, even in loving relationships.

And importantly:
this cannot be a one-person job.",2025-12-31T06:50:23+07:00,,3799356602928066549,threads,threads.com,threads_crawler_v1,https://www.threads.net/@heydrrachel/post/DS6BrNUj-_1,https://instagram.fhan4-6.fna.fbcdn.net/v/t51.2885-19/551843054_18325224877236776_1633654528783484748_n.jpg?stp=dst-jpg_s150x150_tt6&efg=eyJ2ZW5jb2RlX3RhZyI6InByb2ZpbGVfcGljLmRqYW5nby4xMDgwLmMyIn0&_nc_ht=instagram.fhan4-6.fna.fbcdn.net&_nc_cat=108&_nc_oc=Q6cZ2QEgyHj_NqaZ17i221SnUZOJt0CT9rBjb2D4sAvT95S4R3__C-OXmXBZx0WunKp5ggg&_nc_ohc=RR4ggLJ95qUQ7kNvwEbkqc4&_nc_gid=UXJlR3HX2W1N1GQt8EBV4g&edm=AJhczIQBAAAA&ccb=7-5&oh=00_AfqfHUgrzomCBiUV367RxOgn9YKCZa3V9mvrQYwL-iUFyg&oe=6975F394&_nc_sid=4a2096,2,0,120,7,0,[],,https://www.threads.net/@heydrrachel/post/DS6BrNUj-_1,[],"{'likes': 120, 'reposts': 7, 'quotes': 0}",threads,3799356602928066549,Dr. Rachel | Psychologist & Relationship Educator,CouplesTherapy,"You can do years of therapy.
Learn all the right language.
Practice meditation daily.

But if, during conflict, your partner doesn’t feel:
• understood
• reflected accurately
• emotionally met

safety slowly erodes, even in loving relationships.

And importantly:
this cannot be a one-person job.",threads,63095357907,heydrrachel
[],2026-01-21T09:29:52.373056+07:00,"Hot chef update: we’ve had a difficult few days (obviously). Tonight, after a long & beautiful conversation, he texted me from bed. He told me 3 things he loves about me and asked me to name 3 things I love about him. We leaned into affection. He is incredibly skilled at repair.

No relationship is entirely absent conflict. Conflict is a tool for getting to know each other when navigated with genuine care and curiosity. I will never take for granted how safe I feel softening for this man.",2025-12-13T09:00:26+07:00,,3786376097240531092,threads,threads.com,threads_crawler_v1,https://www.threads.net/@k.w.bogen/post/DSL6P_WDUCU,https://instagram.fhan3-2.fna.fbcdn.net/v/t51.2885-19/395711600_720361996779331_6004506462173481207_n.jpg?stp=dst-jpg_s150x150_tt6&efg=eyJ2ZW5jb2RlX3RhZyI6InByb2ZpbGVfcGljLmRqYW5nby44MjguYzIifQ&_nc_ht=instagram.fhan3-2.fna.fbcdn.net&_nc_cat=107&_nc_oc=Q6cZ2QEgyHj_NqaZ17i221SnUZOJt0CT9rBjb2D4sAvT95S4R3__C-OXmXBZx0WunKp5ggg&_nc_ohc=v86LlIAfoHQQ7kNvwEjXKV5&_nc_gid=UXJlR3HX2W1N1GQt8EBV4g&edm=AJhczIQBAAAA&ccb=7-5&oh=00_AfqERAeyqNdkGUEhgp8HDou4FTjxROzXma9wwnOIi9s45g&oe=6975FC37&_nc_sid=4a2096,64,0,3936,9,0,[],,https://www.threads.net/@k.w.bogen/post/DSL6P_WDUCU,[],"{'likes': 3936, 'reposts': 6, 'quotes': 3}",threads,3786376097240531092,Katherine Wela Bogen,hotchef,"Hot chef update: we’ve had a difficult few days (obviously). Tonight, after a long & beautiful conversation, he texted me from bed. He told me 3 things he loves about me and asked me to name 3 things I love about him. We leaned into affection. He is incredibly skilled at repair.

No relationship is entirely absent conflict. Conflict is a tool for getting to know each other when navigated with genuine care and curiosity. I will never take for granted how safe I feel softening for this man.",threads,63276891564,k.w.bogen
[],2026-01-21T09:29:52.373344+07:00,I absolutely will not support any large-scale military conflict in Venezuela or a dangerous and expensive occupation.,2026-01-13T04:25:40+07:00,,3808705679842654530,threads,threads.com,threads_crawler_v1,https://www.threads.net/@senpattymurray/post/DTbPaLtCLlC,https://instagram.fhan3-3.fna.fbcdn.net/v/t51.2885-19/358784646_668526677992957_8506339491682612316_n.jpg?stp=dst-jpg_s150x150_tt6&efg=eyJ2ZW5jb2RlX3RhZyI6InByb2ZpbGVfcGljLmRqYW5nby4xNTAuYzIifQ&_nc_ht=instagram.fhan3-3.fna.fbcdn.net&_nc_cat=101&_nc_oc=Q6cZ2QEgyHj_NqaZ17i221SnUZOJt0CT9rBjb2D4sAvT95S4R3__C-OXmXBZx0WunKp5ggg&_nc_ohc=Fu2B946vLiMQ7kNvwEoyaKy&_nc_gid=UXJlR3HX2W1N1GQt8EBV4g&edm=AJhczIQBAAAA&ccb=7-5&oh=00_AfqC43C6XvhfUrQf7O-5TV5owKjKIUCLUIJgzmfL0EarKw&oe=697605B1&_nc_sid=4a2096,266,0,1633,131,0,"['https://instagram.fhan4-5.fna.fbcdn.net/v/t51.2885-15/615479418_868789955852991_6027735250583458164_n.jpg?stp=dst-jpg_e15_tt6&efg=eyJ2ZW5jb2RlX3RhZyI6InRocmVhZHMuRkVFRC5pbWFnZV91cmxnZW4uNjQweDY0MC5zZHIuZjcxODc4LmRlZmF1bHRfY292ZXJfZnJhbWUuYzIifQ&_nc_ht=instagram.fhan4-5.fna.fbcdn.net&_nc_cat=103&_nc_oc=Q6cZ2QEgyHj_NqaZ17i221SnUZOJt0CT9rBjb2D4sAvT95S4R3__C-OXmXBZx0WunKp5ggg&_nc_ohc=1GkEvkaWtLQQ7kNvwEf2lSK&_nc_gid=UXJlR3HX2W1N1GQt8EBV4g&edm=AJhczIQBAAAA&ccb=7-5&ig_cache_key=MzgwODcwNTY3OTg0MjY1NDUzMA%3D%3D.3-ccb7-5&oh=00_AfpFF7DodakooJbzNXdTfX-zhcGFrc6VOMkjbnkpH2XGqw&oe=6975F161&_nc_sid=4a2096', 'https://instagram.fhan4-6.fna.fbcdn.net/o1/v/t16/f2/m84/AQNR5bS9QGFw7Ds7wwZWAb951MOck9joVN8XIecHTryuNoz3nVzLf3bhrZLJUjZ6zKqQIGRhBzUJvfngCIzbQ6lhsQRIcz4_lrzZhVQ.mp4?_nc_cat=108&_nc_oc=AdlQNWAOTtn6P_1zXZjZcd13--_gLpnK69yY68UK_TOzotCEu9x0N17ajmdkn5RmAHM&_nc_sid=5e9851&_nc_ht=instagram.fhan4-6.fna.fbcdn.net&_nc_ohc=SDh4w7DR-SMQ7kNvwHgsXOW&efg=eyJ2ZW5jb2RlX3RhZyI6Inhwdl9wcm9ncmVzc2l2ZS5JTlNUQUdSQU0uRkVFRC5DMy43MjAuZGFzaF9iYXNlbGluZV8xX3YxIiwieHB2X2Fzc2V0X2lkIjoxNDUzMzkxMDczMDMzMTQyLCJhc3NldF9hZ2VfZGF5cyI6OCwidmlfdXNlY2FzZV9pZCI6MTAxNjQsImR1cmF0aW9uX3MiOjM5LCJ1cmxnZW5fc291cmNlIjoid3d3In0%3D&ccb=17-1&_nc_gid=UXJlR3HX2W1N1GQt8EBV4g&_nc_zt=28&vs=8cd9621c666ac7c1&_nc_vs=HBksFQIYTGlnX2JhY2tmaWxsX3RpbWVsaW5lX3ZvZC9CMDQxQjhBNUU2OEUxNTgxRjNGOEVBRjU3MzJFNzhBMF92aWRlb19kYXNoaW5pdC5tcDQVAALIARIAFQIYOnBhc3N0aHJvdWdoX2V2ZXJzdG9yZS9HTlVIWmlSZkdnNS03ZXdFQU9rRzc1NHp2N2xlYnNwVEFRQUYVAgLIARIAKAAYABsCiAd1c2Vfb2lsATEScHJvZ3Jlc3NpdmVfcmVjaXBlATEVAAAm7O6Fqr_2lAUVAigCQzMsF0BD_ItDlYEGGBJkYXNoX2Jhc2VsaW5lXzFfdjERAHXqB2XongEA&oh=00_Afr1shi1AFFnL0ZodoOKoN3WvP69-iS9XxAHBgimbHalIA&oe=6972315C']",,https://www.threads.net/@senpattymurray/post/DTbPaLtCLlC,[],"{'likes': 1633, 'reposts': 123, 'quotes': 8}",threads,3808705679842654530,Senator Patty Murray,,I absolutely will not support any large-scale military conflict in Venezuela or a dangerous and expensive occupation.,threads,63070401981,senpattymurray
[],2026-01-21T09:29:52.373662+07:00,"Dearest Mother,
I write you from the besieged streets of Portland, where the Great Conflict of ’25 rages on. Our regiment defends the narrow ground between the cold-brew trench and the gluten-free sourdough bunker. The opposition came at dawn, wielding mason jars and ironic facial hair, chanting haikus about sustainability. Supplies are dwindling—our last oat milk was rationed to a single latte, and Sergeant Willow refuses to advance without his ethically sourced crystals. Pray for us, Mother.",2025-09-28T03:44:03+07:00,,3731133900304232913,threads,threads.com,threads_crawler_v1,https://www.threads.net/@susanhull/post/DPHpoORDTHR,https://instagram.fhan3-3.fna.fbcdn.net/v/t51.2885-19/510972871_17917438242100842_4598683228191857220_n.jpg?stp=dst-jpg_s150x150_tt6&efg=eyJ2ZW5jb2RlX3RhZyI6InByb2ZpbGVfcGljLmRqYW5nby4xMDU0LmMyIn0&_nc_ht=instagram.fhan3-3.fna.fbcdn.net&_nc_cat=1&_nc_oc=Q6cZ2QEgyHj_NqaZ17i221SnUZOJt0CT9rBjb2D4sAvT95S4R3__C-OXmXBZx0WunKp5ggg&_nc_ohc=s8xMCHQ2YtIQ7kNvwESb1k9&_nc_gid=UXJlR3HX2W1N1GQt8EBV4g&edm=AJhczIQBAAAA&ccb=7-5&oh=00_Afq3wh0pYDDH6yEWmag-kIlyIvr3CTQoxZ4wbQW0U7jkUw&oe=6975F099&_nc_sid=4a2096,257,0,4105,429,0,[],,https://www.threads.net/@susanhull/post/DPHpoORDTHR,[],"{'likes': 4105, 'reposts': 394, 'quotes': 35}",threads,3731133900304232913,Susan Hull,Portland,"Dearest Mother,
I write you from the besieged streets of Portland, where the Great Conflict of ’25 rages on. Our regiment defends the narrow ground between the cold-brew trench and the gluten-free sourdough bunker. The opposition came at dawn, wielding mason jars and ironic facial hair, chanting haikus about sustainability. Supplies are dwindling—our last oat milk was rationed to a single latte, and Sergeant Willow refuses to advance without his ethically sourced crystals. Pray for us, Mother.",threads,63082012841,susanhull
[],2026-01-21T09:29:52.373949+07:00,"This quote stayed with me: 🫶
You can travel the whole world looking for a place to rest, but if you haven't made peace with the person living inside your own skin, every city will feel like a cage.
If you feel restless everywhere, it might be an inner conflict, not a location problem.
Try one small act of self respect today and notice the shift.",2026-01-16T18:49:30+07:00,,3811314957292276388,threads,threads.com,threads_crawler_v1,https://www.threads.net/@weaveyourspirit/post/DTkgsKsigqk,https://instagram.fhan4-6.fna.fbcdn.net/v/t51.2885-19/561167613_17844526788586868_3244142189784057470_n.jpg?stp=dst-jpg_s150x150_tt6&efg=eyJ2ZW5jb2RlX3RhZyI6InByb2ZpbGVfcGljLmRqYW5nby4xMDgwLmMyIn0&_nc_ht=instagram.fhan4-6.fna.fbcdn.net&_nc_cat=108&_nc_oc=Q6cZ2QEgyHj_NqaZ17i221SnUZOJt0CT9rBjb2D4sAvT95S4R3__C-OXmXBZx0WunKp5ggg&_nc_ohc=ebKtYbtAVa8Q7kNvwGVJrmC&_nc_gid=UXJlR3HX2W1N1GQt8EBV4g&edm=AJhczIQBAAAA&ccb=7-5&oh=00_Afp7kgw92AEXKEtPNd3aJ15l0UV9vHBG7zLecKd8mQtaHQ&oe=6975F597&_nc_sid=4a2096,11,0,237,19,0,[],,https://www.threads.net/@weaveyourspirit/post/DTkgsKsigqk,[],"{'likes': 237, 'reposts': 19, 'quotes': 0}",threads,3811314957292276388,Diana,,"This quote stayed with me: 🫶
You can travel the whole world looking for a place to rest, but if you haven't made peace with the person living inside your own skin, every city will feel like a cage.
If you feel restless everywhere, it might be an inner conflict, not a location problem.
Try one small act of self respect today and notice the shift.",threads,77590250867,weaveyourspirit
[],2026-01-21T09:29:52.374216+07:00,"WOMAN TO WOMAN: As a psychiatric nurse practitioner, trauma survivors raised in chaotic or emotionally unsafe homes, nighttime often felt like the only moment of peace. It was when caregivers were asleep, conflict paused, and there were no demands or emotional monitoring. Over time, the nervous system can learn to associate night with safety, autonomy, and relief. If this resonates, then this page is for you. 💚✨",2026-01-10T09:43:06+07:00,,3806691297785037025,threads,threads.com,threads_crawler_v1,https://www.threads.net/@taliecallaos/post/DTUFZEODEDh,https://instagram.fhan3-3.fna.fbcdn.net/v/t51.2885-19/445979428_771435388452387_3943031727975748093_n.jpg?stp=dst-jpg_s150x150_tt6&efg=eyJ2ZW5jb2RlX3RhZyI6InByb2ZpbGVfcGljLmRqYW5nby4xMDgwLmMyIn0&_nc_ht=instagram.fhan3-3.fna.fbcdn.net&_nc_cat=1&_nc_oc=Q6cZ2QEgyHj_NqaZ17i221SnUZOJt0CT9rBjb2D4sAvT95S4R3__C-OXmXBZx0WunKp5ggg&_nc_ohc=hQIza_WxAfUQ7kNvwFETxfv&_nc_gid=UXJlR3HX2W1N1GQt8EBV4g&edm=AJhczIQBAAAA&ccb=7-5&oh=00_AfoFIrPJxn5Z3aWMQyrrlkcDDbPsM5wzEmKUG_oDIVj0CQ&oe=697610D1&_nc_sid=4a2096,128,0,5008,352,0,[],,https://www.threads.net/@taliecallaos/post/DTUFZEODEDh,[],"{'likes': 5008, 'reposts': 336, 'quotes': 16}",threads,3806691297785037025,Nephetalie Jules,,"WOMAN TO WOMAN: As a psychiatric nurse practitioner, trauma survivors raised in chaotic or emotionally unsafe homes, nighttime often felt like the only moment of peace. It was when caregivers were asleep, conflict paused, and there were no demands or emotional monitoring. Over time, the nervous system can learn to associate night with safety, autonomy, and relief. If this resonates, then this page is for you. 💚✨",threads,63430881440,taliecallaos
[],2026-01-21T09:29:52.374517+07:00,"Should have recused herself in the Idaho case. Again she refused to define a woman in order to advance cultural psychosis and conflict. Unscrupulous, perfidious activist. 😎🇺🇸",2026-01-16T09:00:02+07:00,,3811018269893892105,threads,threads.com,threads_crawler_v1,https://www.threads.net/@55jacktracy/post/DTjdOzBjJgJ,https://instagram.fhan4-5.fna.fbcdn.net/v/t51.2885-19/464709416_1084488526535451_2951367944687390372_n.jpg?stp=dst-jpg_s150x150_tt6&efg=eyJ2ZW5jb2RlX3RhZyI6InByb2ZpbGVfcGljLmRqYW5nby43NDguYzIifQ&_nc_ht=instagram.fhan4-5.fna.fbcdn.net&_nc_cat=103&_nc_oc=Q6cZ2QEgyHj_NqaZ17i221SnUZOJt0CT9rBjb2D4sAvT95S4R3__C-OXmXBZx0WunKp5ggg&_nc_ohc=mD8UH7oxdroQ7kNvwGqOFEd&_nc_gid=UXJlR3HX2W1N1GQt8EBV4g&edm=AJhczIQBAAAA&ccb=7-5&oh=00_AfqUimaLlKn9sWVvBWm__GSLSb_mZ-rkT0lMrFnV4_f0iQ&oe=69760454&_nc_sid=4a2096,53,0,140,9,0,['https://instagram.fhan3-3.fna.fbcdn.net/v/t51.2885-15/617231399_17909130933313993_4992541653622670731_n.jpg?stp=cp6_dst-jpg_e35_tt6&efg=eyJ2ZW5jb2RlX3RhZyI6InRocmVhZHMuRkVFRC5pbWFnZV91cmxnZW4uNTUyeDQ1MC5zZHIuZjgyNzg3LmRlZmF1bHRfaW1hZ2UuYzIifQ&_nc_ht=instagram.fhan3-3.fna.fbcdn.net&_nc_cat=101&_nc_oc=Q6cZ2QEgyHj_NqaZ17i221SnUZOJt0CT9rBjb2D4sAvT95S4R3__C-OXmXBZx0WunKp5ggg&_nc_ohc=sEV8yckWgmoQ7kNvwEmtpLA&_nc_gid=UXJlR3HX2W1N1GQt8EBV4g&edm=AJhczIQBAAAA&ccb=7-5&ig_cache_key=MzgxMTAxODI2OTg5Mzg5MjEwNQ%3D%3D.3-ccb7-5&oh=00_Afo_hpGHCcFUrs_v11eVUlYqE6JiJXDnqAN2X3kNlLxyAg&oe=6975FB00&_nc_sid=4a2096'],,https://www.threads.net/@55jacktracy/post/DTjdOzBjJgJ,[],"{'likes': 140, 'reposts': 8, 'quotes': 1}",threads,3811018269893892105,Jack Tracy,SupremeCourt,"Should have recused herself in the Idaho case. Again she refused to define a woman in order to advance cultural psychosis and conflict. Unscrupulous, perfidious activist. 😎🇺🇸",threads,69443393992,55jacktracy
[],2026-01-21T09:29:52.374804+07:00,When you see ICE in your community. Remember they are not police. They are not trained as police. They are hired as BOUNTY HUNTERS by a company  CONSTELLIS that used to be BLACKWATER (research that if you don't remember them.) CONSTELLIS has a CONTRACT from the White House big leader. This is the company that used to commit atrocities in countries in conflict with US. Not military. Not Police. Hired Contract KILLERS.,2026-01-10T08:38:06+07:00,,3806658579219522720,threads,threads.com,threads_crawler_v1,https://www.threads.net/@docnyto/post/DTT988rkqSg,https://instagram.fhan3-3.fna.fbcdn.net/v/t51.2885-19/358015197_261444809861401_4675810023712801860_n.jpg?stp=dst-jpg_s150x150_tt6&efg=eyJ2ZW5jb2RlX3RhZyI6InByb2ZpbGVfcGljLmRqYW5nby45NTQuYzIifQ&_nc_ht=instagram.fhan3-3.fna.fbcdn.net&_nc_cat=101&_nc_oc=Q6cZ2QEgyHj_NqaZ17i221SnUZOJt0CT9rBjb2D4sAvT95S4R3__C-OXmXBZx0WunKp5ggg&_nc_ohc=f3tuKep-LyQQ7kNvwF2JNuY&_nc_gid=UXJlR3HX2W1N1GQt8EBV4g&edm=AJhczIQBAAAA&ccb=7-5&oh=00_Afrc-z-m1e0kfonVV8utq0wkgEe5fud3t9OblCfFpP6hEA&oe=6976157B&_nc_sid=4a2096,155,0,1434,469,0,[],,https://www.threads.net/@docnyto/post/DTT988rkqSg,[],"{'likes': 1434, 'reposts': 446, 'quotes': 23}",threads,3806658579219522720,Suzie Smith,,When you see ICE in your community. Remember they are not police. They are not trained as police. They are hired as BOUNTY HUNTERS by a company  CONSTELLIS that used to be BLACKWATER (research that if you don't remember them.) CONSTELLIS has a CONTRACT from the White House big leader. This is the company that used to commit atrocities in countries in conflict with US. Not military. Not Police. Hired Contract KILLERS.,threads,63121862065,docnyto
[],2026-01-21T09:29:52.375090+07:00,"How someone handles me during *conflict* will show me what the future of our relationship (or lack thereof) will look. 

From friendships, intimate relationships, groups, orgs, all of it. How they handle me when conflict arises is always very telling.",2026-01-17T03:33:45+07:00,,3811578827374155308,threads,threads.com,threads_crawler_v1,https://www.threads.net/@thesistahgirlnextdoor/post/DTlcr-3CVYs,https://instagram.fhan3-4.fna.fbcdn.net/v/t51.2885-19/16789187_1957879447766656_8486918396951134208_a.jpg?stp=dst-jpg_s150x150_tt6&efg=eyJ2ZW5jb2RlX3RhZyI6InByb2ZpbGVfcGljLmRqYW5nby4xMDgwLmMyIn0&_nc_ht=instagram.fhan3-4.fna.fbcdn.net&_nc_cat=104&_nc_oc=Q6cZ2QEgyHj_NqaZ17i221SnUZOJt0CT9rBjb2D4sAvT95S4R3__C-OXmXBZx0WunKp5ggg&_nc_ohc=pTPZ7edH6jAQ7kNvwHiA0BP&_nc_gid=UXJlR3HX2W1N1GQt8EBV4g&edm=AJhczIQBAAAA&ccb=7-5&oh=00_AfrUHOQjopUh-slGZssmY4xm_H26Z4ex2QezvX9C90dX3g&oe=69760EF6&_nc_sid=4a2096,1,0,59,14,0,[],,https://www.threads.net/@thesistahgirlnextdoor/post/DTlcr-3CVYs,[],"{'likes': 59, 'reposts': 14, 'quotes': 0}",threads,3811578827374155308,Sharee Hereford,,"How someone handles me during *conflict* will show me what the future of our relationship (or lack thereof) will look. 

From friendships, intimate relationships, groups, orgs, all of it. How they handle me when conflict arises is always very telling.",threads,63360089873,thesistahgirlnextdoor
[],2026-01-21T09:29:52.375368+07:00,"I will always advocate for children during times of conflict. Because they deserve calm, care, and compassion. This Job is never easy with some cases.. but it’s always worth it 💫",2026-01-18T07:03:47+07:00,,3812409312770402827,threads,threads.com,threads_crawler_v1,https://www.threads.net/@callyrae_/post/DToZhIqEioL,https://instagram.fhan4-3.fna.fbcdn.net/v/t51.2885-19/358509921_289369837087044_1357506337535872900_n.jpg?stp=dst-jpg_s150x150_tt6&efg=eyJ2ZW5jb2RlX3RhZyI6InByb2ZpbGVfcGljLmRqYW5nby44MTIuYzIifQ&_nc_ht=instagram.fhan4-3.fna.fbcdn.net&_nc_cat=100&_nc_oc=Q6cZ2QEgyHj_NqaZ17i221SnUZOJt0CT9rBjb2D4sAvT95S4R3__C-OXmXBZx0WunKp5ggg&_nc_ohc=nekqjUL5znkQ7kNvwGCN-sp&_nc_gid=UXJlR3HX2W1N1GQt8EBV4g&edm=AJhczIQBAAAA&ccb=7-5&oh=00_AfpDSvZHAHfUVte2LO1Q2RZrcv9dGhOyTU8nMvm2QtCE_Q&oe=69761253&_nc_sid=4a2096,6,0,30,0,0,['https://instagram.fhan4-5.fna.fbcdn.net/v/t51.2885-15/619201621_18552480424015395_1695834537446826937_n.jpg?stp=dst-jpg_e35_tt6&efg=eyJ2ZW5jb2RlX3RhZyI6InRocmVhZHMuRkVFRC5pbWFnZV91cmxnZW4uMTE4N3gxMzc3LnNkci5mODI3ODcuZGVmYXVsdF9pbWFnZS5jMiJ9&_nc_ht=instagram.fhan4-5.fna.fbcdn.net&_nc_cat=103&_nc_oc=Q6cZ2QEgyHj_NqaZ17i221SnUZOJt0CT9rBjb2D4sAvT95S4R3__C-OXmXBZx0WunKp5ggg&_nc_ohc=qHrpSip_XJYQ7kNvwFa50O7&_nc_gid=UXJlR3HX2W1N1GQt8EBV4g&edm=AJhczIQBAAAA&ccb=7-5&ig_cache_key=MzgxMjQwOTMxMjc3MDQwMjgyNw%3D%3D.3-ccb7-5&oh=00_AfqOBh5KmOiwcQ_RjEQ2DC8I-k4_2RiDYgQ5ODAXDmPFRA&oe=69761427&_nc_sid=4a2096'],,https://www.threads.net/@callyrae_/post/DToZhIqEioL,[],"{'likes': 30, 'reposts': 0, 'quotes': 0}",threads,3812409312770402827,Cally Rae,,"I will always advocate for children during times of conflict. Because they deserve calm, care, and compassion. This Job is never easy with some cases.. but it’s always worth it 💫",threads,63440043596,callyrae_
[],2026-01-21T09:29:52.375680+07:00,The Indo-Pak conflict humorously but effectively explained by Paki Channel.,2025-05-08T11:55:12+07:00,,3627738154409179425,threads,threads.com,threads_crawler_v1,https://www.threads.net/@rakesh.sharma.54922/post/DJYUKF_sLkh,https://instagram.fhan3-4.fna.fbcdn.net/v/t51.2885-19/488376146_1363507518399268_1438294251678808756_n.jpg?stp=dst-jpg_s150x150_tt6&efg=eyJ2ZW5jb2RlX3RhZyI6InByb2ZpbGVfcGljLmRqYW5nby43MTEuYzIifQ&_nc_ht=instagram.fhan3-4.fna.fbcdn.net&_nc_cat=104&_nc_oc=Q6cZ2QEgyHj_NqaZ17i221SnUZOJt0CT9rBjb2D4sAvT95S4R3__C-OXmXBZx0WunKp5ggg&_nc_ohc=MjtsG4Qy5QUQ7kNvwFMT_0H&_nc_gid=UXJlR3HX2W1N1GQt8EBV4g&edm=AJhczIQBAAAA&ccb=7-5&oh=00_AfpAFrV6-reTbO6O2jwxUQOKggHOI-gG7vXU2t5wN6RAcA&oe=697618F9&_nc_sid=4a2096,58,0,1599,93,0,"['https://instagram.fhan3-2.fna.fbcdn.net/v/t15.5256-10/496029283_568114632558223_4776822607428462432_n.jpg?stp=dst-jpg_e15_tt6&efg=eyJ2ZW5jb2RlX3RhZyI6InRocmVhZHMuRkVFRC5pbWFnZV91cmxnZW4uNjQweDM2OC5zZHIuZjUyNTYuZmlyc3RfZnJhbWVfdGh1bWJuYWlsLmMyIn0&_nc_ht=instagram.fhan3-2.fna.fbcdn.net&_nc_cat=107&_nc_oc=Q6cZ2QEgyHj_NqaZ17i221SnUZOJt0CT9rBjb2D4sAvT95S4R3__C-OXmXBZx0WunKp5ggg&_nc_ohc=9VuS6K-comAQ7kNvwFXTzF3&_nc_gid=UXJlR3HX2W1N1GQt8EBV4g&edm=AJhczIQAAAAA&ccb=7-5&ig_cache_key=MzYyNzczODE1NDQwOTE3OTQyNQ%3D%3D.3-ccb7-5&oh=00_AfrMDFffD-J130_oH7K8nrkH7uvnzGyJLerXJ6wvx4FStg&oe=6976074C&_nc_sid=4a2096', 'https://instagram.fhan3-2.fna.fbcdn.net/o1/v/t2/f2/m412/AQMVmTb2hIu-13zlEystxt50L6q0CWsRctfFu0cHAhuL_kd6g3qI1YXm_wr0vekaVRMKnjjCDu4q4jQY50eMbobL.mp4?_nc_cat=107&_nc_oc=AdnjO4qohGZ9CT-eYNydci74VRVCreUqWQHiPgXa1l3HYrQP85aShWy0kvTZEOocJjg&_nc_sid=8bf8fe&_nc_ht=instagram.fhan3-2.fna.fbcdn.net&_nc_ohc=4RPbjggNx_0Q7kNvwEphtbG&efg=eyJ2ZW5jb2RlX3RhZyI6Inhwdl9wcm9ncmVzc2l2ZS5JTlNUQUdSQU0uRkVFRC5DMy42MjYuc3ZlX3NkIiwieHB2X2Fzc2V0X2lkIjoxMzcyNTgyNjcwNTU0MzY0LCJhc3NldF9hZ2VfZGF5cyI6MjU3LCJ2aV91c2VjYXNlX2lkIjoxMDEyMywiZHVyYXRpb25fcyI6MTM5LCJ1cmxnZW5fc291cmNlIjoid3d3In0%3D&ccb=17-1&_nc_gid=UXJlR3HX2W1N1GQt8EBV4g&_nc_zt=28&oh=00_Afq2Y44gAdE1v7DqdzFSNWip6SIEerRECqmF_yYkEJ4e7A&oe=697627BC']",,https://www.threads.net/@rakesh.sharma.54922/post/DJYUKF_sLkh,[],"{'likes': 1599, 'reposts': 84, 'quotes': 9}",threads,3627738154409179425,Rakesh K Sharma,,The Indo-Pak conflict humorously but effectively explained by Paki Channel.,threads,73711253606,rakesh.sharma.54922
[],2026-01-21T09:29:52.375967+07:00,If you are neurodivergent I don’t know if we can coexist with neurotypicals without constant misunderstanding and conflict.,2026-01-16T15:30:13+07:00,,3811214661241450499,threads,threads.com,threads_crawler_v1,https://www.threads.net/@iamyuriyah/post/DTkJ4quDrAD,https://instagram.fhan4-3.fna.fbcdn.net/v/t51.2885-19/611198633_17937289140106416_6656617617291174110_n.jpg?stp=dst-jpg_s150x150_tt6&efg=eyJ2ZW5jb2RlX3RhZyI6InByb2ZpbGVfcGljLmRqYW5nby41MDAuYzIifQ&_nc_ht=instagram.fhan4-3.fna.fbcdn.net&_nc_cat=100&_nc_oc=Q6cZ2QEgyHj_NqaZ17i221SnUZOJt0CT9rBjb2D4sAvT95S4R3__C-OXmXBZx0WunKp5ggg&_nc_ohc=6v0xCloc9VUQ7kNvwFMmk-x&_nc_gid=UXJlR3HX2W1N1GQt8EBV4g&edm=AJhczIQBAAAA&ccb=7-5&oh=00_Afpz1SCPzppsOBnXMzVPaWEbDTG4YO23zDBwirHcjit-vQ&oe=69760E71&_nc_sid=4a2096,14,0,49,5,0,[],,https://www.threads.net/@iamyuriyah/post/DTkJ4quDrAD,[],"{'likes': 49, 'reposts': 5, 'quotes': 0}",threads,3811214661241450499,Yuriyah Is,,If you are neurodivergent I don’t know if we can coexist with neurotypicals without constant misunderstanding and conflict.,threads,63260986415,iamyuriyah
[],2026-01-21T09:29:52.376124+07:00,"California made a quiet but important change to divorce law 👏!

Couples can now file for divorce jointly instead of forcing one spouse to file against the other.
Same legal outcome. Less conflict. Lower cost.

One joint petition.
One $435 filing fee.
No “petitioner vs. respondent.”

A real shift away from adversarial process toward efficiency, dignity, and modern family law.",2026-01-04T04:42:45+07:00,,3802191467100972578,threads,threads.com,threads_crawler_v1,https://www.threads.net/@nonnaa_/post/DTEGP6UkyYi,https://instagram.fhan3-2.fna.fbcdn.net/v/t51.2885-19/552528641_17843652513579163_3504150140877852611_n.jpg?stp=dst-jpg_s150x150_tt6&efg=eyJ2ZW5jb2RlX3RhZyI6InByb2ZpbGVfcGljLmRqYW5nby45NjAuYzIifQ&_nc_ht=instagram.fhan3-2.fna.fbcdn.net&_nc_cat=107&_nc_oc=Q6cZ2QEgyHj_NqaZ17i221SnUZOJt0CT9rBjb2D4sAvT95S4R3__C-OXmXBZx0WunKp5ggg&_nc_ohc=uundAd81B-4Q7kNvwF-uRzC&_nc_gid=UXJlR3HX2W1N1GQt8EBV4g&edm=AJhczIQBAAAA&ccb=7-5&oh=00_AfryHUk1czXZice0LPsbofRJamQbMSkeS1zoIVMM8-X8vA&oe=6975F5DC&_nc_sid=4a2096,106,0,8782,275,0,[],,https://www.threads.net/@nonnaa_/post/DTEGP6UkyYi,[],"{'likes': 8782, 'reposts': 265, 'quotes': 10}",threads,3802191467100972578,Nσηα❥,California,"California made a quiet but important change to divorce law 👏!

Couples can now file for divorce jointly instead of forcing one spouse to file against the other.
Same legal outcome. Less conflict. Lower cost.

One joint petition.
One $435 filing fee.
No “petitioner vs. respondent.”

A real shift away from adversarial process toward efficiency, dignity, and modern family law.",threads,77324427162,nonnaa_
[],2026-01-21T09:29:52.376198+07:00,"Supporting Israel means accepting the rape of women, the deaths of children, and the killing of people protecting their homeland. No moral or sane person can stand with that. This is not a conflict—it’s a massacre.",2026-01-06T11:16:31+07:00,,3803839205475596322,threads,threads.com,threads_crawler_v1,https://www.threads.net/@henna92846/post/DTJ85qRE7gi,https://instagram.fhan3-2.fna.fbcdn.net/v/t51.2885-19/587793227_17845404099617743_8648632696151698704_n.jpg?stp=dst-jpg_s150x150_tt6&efg=eyJ2ZW5jb2RlX3RhZyI6InByb2ZpbGVfcGljLmRqYW5nby4xMDgwLmMyIn0&_nc_ht=instagram.fhan3-2.fna.fbcdn.net&_nc_cat=107&_nc_oc=Q6cZ2QEgyHj_NqaZ17i221SnUZOJt0CT9rBjb2D4sAvT95S4R3__C-OXmXBZx0WunKp5ggg&_nc_ohc=wlwXbAUlNFMQ7kNvwFg2xr8&_nc_gid=UXJlR3HX2W1N1GQt8EBV4g&edm=AJhczIQBAAAA&ccb=7-5&oh=00_AfocsTHsuZAx5Y5VAWLwRsGp7xLhW-EpYmCnTkOJL2uDlg&oe=69761DCA&_nc_sid=4a2096,144,0,169,34,0,['https://instagram.fhan4-6.fna.fbcdn.net/v/t51.2885-15/610644731_17850209919618093_9050516925948125217_n.webp?efg=eyJ2ZW5jb2RlX3RhZyI6InRocmVhZHMuRkVFRC5pbWFnZV91cmxnZW4uMTA4MHgxMDgwLnNkci5mODI3ODcuZGVmYXVsdF9pbWFnZS5jMiJ9&_nc_ht=instagram.fhan4-6.fna.fbcdn.net&_nc_cat=109&_nc_oc=Q6cZ2QEgyHj_NqaZ17i221SnUZOJt0CT9rBjb2D4sAvT95S4R3__C-OXmXBZx0WunKp5ggg&_nc_ohc=jAMLfebgrZoQ7kNvwH5emAF&_nc_gid=UXJlR3HX2W1N1GQt8EBV4g&edm=AJhczIQBAAAA&ccb=7-5&ig_cache_key=MzgwMzgzOTIwNTQ3NTU5NjMyMg%3D%3D.3-ccb7-5&oh=00_AfqX5ImGPoK45Z-Nowu69q1sbuei4vhp5wahXla65PrCdA&oe=69762101&_nc_sid=4a2096'],,https://www.threads.net/@henna92846/post/DTJ85qRE7gi,[],"{'likes': 169, 'reposts': 26, 'quotes': 8}",threads,3803839205475596322,Henna,,"Supporting Israel means accepting the rape of women, the deaths of children, and the killing of people protecting their homeland. No moral or sane person can stand with that. This is not a conflict—it’s a massacre.",threads,78663665742,henna92846
[],2026-01-21T09:30:26.887713+07:00,"I am a dedicated Relationship Therapist passionate about helping individuals and couples build healthy, meaningful, and lasting connections. My work focuses on improving communication, rebuilding trust, resolving conflict, and fostering emotional intimacy. I provide a safe, supportive, and non-judgmental space where clients can explore challenges, gain clarity, and develop practical tools for stronger relationships. My goal is to empower people to understand themselves better.",2026-01-06T15:50:24+07:00,,3803977061274516422,threads,threads.com,threads_crawler_v1,https://www.threads.net/@benjaminbridgetminister/post/DTKcPufAHvG,https://instagram.fhan4-5.fna.fbcdn.net/v/t51.2885-19/610041563_17847367869657819_897036144982580487_n.jpg?stp=dst-jpg_s150x150_tt6&efg=eyJ2ZW5jb2RlX3RhZyI6InByb2ZpbGVfcGljLmRqYW5nby4xMDgwLmMyIn0&_nc_ht=instagram.fhan4-5.fna.fbcdn.net&_nc_cat=103&_nc_oc=Q6cZ2QFeqPEwA8X2pr_gHZweWE9U1V2S6yrWATYW_py9L2eKv7KVi5i5_v0kV-eSUB9JCfs&_nc_ohc=CHk2OwoQmEQQ7kNvwGiUkUb&_nc_gid=w6cD1oSVkjdsV96SWZ6KDQ&edm=AJhczIQBAAAA&ccb=7-5&oh=00_Afq8Xh3jARAIaTYBP8w3_g3_FNjFpVOtuXLqTf8idjRGZA&oe=6976179E&_nc_sid=4a2096,1,0,2,0,0,[],,https://www.threads.net/@benjaminbridgetminister/post/DTKcPufAHvG,[],"{'likes': 2, 'reposts': 0, 'quotes': 0}",threads,3803977061274516422,MINISTER BRIDGET BENJAMIN,,"I am a dedicated Relationship Therapist passionate about helping individuals and couples build healthy, meaningful, and lasting connections. My work focuses on improving communication, rebuilding trust, resolving conflict, and fostering emotional intimacy. I provide a safe, supportive, and non-judgmental space where clients can explore challenges, gain clarity, and develop practical tools for stronger relationships. My goal is to empower people to understand themselves better.",threads,79818729818,benjaminbridgetminister
[],2026-01-21T09:30:26.888124+07:00,"How can you hope to understand the Israeli–Palestinian conflict if you’ve never been to Israel, never spoken to an Israeli, and don’t understand its history or its diverse population?

How can you claim to see the truth of this conflict if, like Angelina Jolie, you only visit the Egyptian border of Gaza and not the Israeli one?

How can you hope to resolve the conflict between Gaza and Israel if you are deliberately removing Israel from all discussions?",2026-01-03T22:12:53+07:00,,3801995200701569286,threads,threads.com,threads_crawler_v1,https://www.threads.net/@henmazzig/post/DTDZn2_jpkG,https://instagram.fhan3-3.fna.fbcdn.net/v/t51.2885-19/358401443_1063013861328640_5654206355678292870_n.jpg?stp=dst-jpg_s150x150_tt6&efg=eyJ2ZW5jb2RlX3RhZyI6InByb2ZpbGVfcGljLmRqYW5nby4xMDgwLmMyIn0&_nc_ht=instagram.fhan3-3.fna.fbcdn.net&_nc_cat=1&_nc_oc=Q6cZ2QFeqPEwA8X2pr_gHZweWE9U1V2S6yrWATYW_py9L2eKv7KVi5i5_v0kV-eSUB9JCfs&_nc_ohc=Kw_6dQyJe_oQ7kNvwEUGQVS&_nc_gid=w6cD1oSVkjdsV96SWZ6KDQ&edm=AJhczIQBAAAA&ccb=7-5&oh=00_Afr3-ThprX-_dBmvs7oPL9Z2pwQpRMdkKWvuX5hlIEhcpg&oe=69761ABC&_nc_sid=4a2096,994,0,1065,58,0,['https://instagram.fhan3-4.fna.fbcdn.net/v/t51.2885-15/608771996_17938709943106062_5754387505721829860_n.jpg?stp=dst-jpg_e35_tt6&efg=eyJ2ZW5jb2RlX3RhZyI6InRocmVhZHMuRkVFRC5pbWFnZV91cmxnZW4uNjAweDYwMC5zZHIuZjgyNzg3LmRlZmF1bHRfaW1hZ2UuYzIifQ&_nc_ht=instagram.fhan3-4.fna.fbcdn.net&_nc_cat=106&_nc_oc=Q6cZ2QFeqPEwA8X2pr_gHZweWE9U1V2S6yrWATYW_py9L2eKv7KVi5i5_v0kV-eSUB9JCfs&_nc_ohc=3bRW42P0rAIQ7kNvwH2V2ni&_nc_gid=w6cD1oSVkjdsV96SWZ6KDQ&edm=AJhczIQBAAAA&ccb=7-5&ig_cache_key=MzgwMTk5NTIwMDcwMTU2OTI4Ng%3D%3D.3-ccb7-5&oh=00_Afp1s3oFZXS1p1cUKzJTXw7IzQXBpQxZ2GZV9Euro-Ntng&oe=697600BC&_nc_sid=4a2096'],,https://www.threads.net/@henmazzig/post/DTDZn2_jpkG,[],"{'likes': 1065, 'reposts': 54, 'quotes': 4}",threads,3801995200701569286,Hen Mazzig,,"How can you hope to understand the Israeli–Palestinian conflict if you’ve never been to Israel, never spoken to an Israeli, and don’t understand its history or its diverse population?

How can you claim to see the truth of this conflict if, like Angelina Jolie, you only visit the Egyptian border of Gaza and not the Israeli one?

How can you hope to resolve the conflict between Gaza and Israel if you are deliberately removing Israel from all discussions?",threads,63306850061,henmazzig
[],2026-01-21T09:30:26.888337+07:00,"If you learn to confront truth instead of avoiding relational fallout, you’ll learn to have healthy conflict. Avoiding conflict is cooking people, messaging & texting instead of calling or meeting is cooking people. Their own avoidance is why they’re ‘dysregulated’ and hate the way they feel during conflict.",2026-01-09T19:46:27+07:00,,3806270195686583351,threads,threads.com,threads_crawler_v1,https://www.threads.net/@breyton.design/post/DTSlpOVDiw3,https://instagram.fhan3-3.fna.fbcdn.net/v/t51.2885-19/491430756_18504871459033379_7944765792523510355_n.jpg?stp=dst-jpg_s150x150_tt6&efg=eyJ2ZW5jb2RlX3RhZyI6InByb2ZpbGVfcGljLmRqYW5nby4xMDgwLmMyIn0&_nc_ht=instagram.fhan3-3.fna.fbcdn.net&_nc_cat=111&_nc_oc=Q6cZ2QFeqPEwA8X2pr_gHZweWE9U1V2S6yrWATYW_py9L2eKv7KVi5i5_v0kV-eSUB9JCfs&_nc_ohc=gc7QduXjyccQ7kNvwE-vw1z&_nc_gid=w6cD1oSVkjdsV96SWZ6KDQ&edm=AJhczIQBAAAA&ccb=7-5&oh=00_AfpM_fV8LqqABqwQjc0cXRDvEBJbtvV8U3apKR_jtqcQXg&oe=69762843&_nc_sid=4a2096,7,0,24,0,0,[],,https://www.threads.net/@breyton.design/post/DTSlpOVDiw3,[],"{'likes': 24, 'reposts': 0, 'quotes': 0}",threads,3806270195686583351,Breyton Belazo | Human Design,,"If you learn to confront truth instead of avoiding relational fallout, you’ll learn to have healthy conflict. Avoiding conflict is cooking people, messaging & texting instead of calling or meeting is cooking people. Their own avoidance is why they’re ‘dysregulated’ and hate the way they feel during conflict.",threads,63484058538,breyton.design
[],2026-01-21T09:30:26.888542+07:00,"Twins, 
You’re probably wondering if your shared-soul
counterpart, your Divine Feminine and your
Divine Masculine, cares about you. 
Well don’t fret,
you both care deeply for each other, 
in fact it is a parallel bond. 
You both care for each other at the same
intensity. Your feelings mirror each other
but your choices look different. 
That’s because she carries more of the
emotions and awareness while he carries
more of the conflict and pressure.",2026-01-06T14:29:31+07:00,,3803936353257090784,threads,threads.com,threads_crawler_v1,https://www.threads.net/@ruminativethoughts/post/DTKS_WMFW7g,https://instagram.fhan4-6.fna.fbcdn.net/v/t51.2885-19/497755678_17855817756430545_8412559447056143828_n.jpg?stp=dst-jpg_s150x150_tt6&efg=eyJ2ZW5jb2RlX3RhZyI6InByb2ZpbGVfcGljLmRqYW5nby43NTAuYzIifQ&_nc_ht=instagram.fhan4-6.fna.fbcdn.net&_nc_cat=109&_nc_oc=Q6cZ2QFeqPEwA8X2pr_gHZweWE9U1V2S6yrWATYW_py9L2eKv7KVi5i5_v0kV-eSUB9JCfs&_nc_ohc=yl41B-QZU6UQ7kNvwE21jyP&_nc_gid=w6cD1oSVkjdsV96SWZ6KDQ&edm=AJhczIQBAAAA&ccb=7-5&oh=00_Afq1UUHthPoe23Hq2VkmVt1iNQGDdwCnxanMROZ6BMsCCg&oe=6975F3BB&_nc_sid=4a2096,44,0,177,4,0,[],,https://www.threads.net/@ruminativethoughts/post/DTKS_WMFW7g,[],"{'likes': 177, 'reposts': 4, 'quotes': 0}",threads,3803936353257090784,My Subsconscious Thoughts,,"Twins, 
You’re probably wondering if your shared-soul
counterpart, your Divine Feminine and your
Divine Masculine, cares about you. 
Well don’t fret,
you both care deeply for each other, 
in fact it is a parallel bond. 
You both care for each other at the same
intensity. Your feelings mirror each other
but your choices look different. 
That’s because she carries more of the
emotions and awareness while he carries
more of the conflict and pressure.",threads,72830558544,ruminativethoughts
[],2026-01-21T09:30:26.888714+07:00,"First Republican’s bill brought to congress in 2026 is about SHOWER HEADS! Listen to Rep. Stansbury....
“MY question, is why on God’s green earth, on the first full day this congress is back in 2026 are the republicans using the floor time in the midst of armed conflict and daily corruption by this administration to run a bill on rich people’s shower heads?”",2026-01-08T21:53:03+07:00,,3805607312212429370,threads,threads.com,threads_crawler_v1,https://www.threads.net/@fiona.badeaux/post/DTQO6__DQo6,https://instagram.fhan4-1.fna.fbcdn.net/v/t51.2885-19/560909434_17924536506115301_3620912471489986860_n.jpg?stp=dst-jpg_s150x150_tt6&efg=eyJ2ZW5jb2RlX3RhZyI6InByb2ZpbGVfcGljLmRqYW5nby41MjAuYzIifQ&_nc_ht=instagram.fhan4-1.fna.fbcdn.net&_nc_cat=105&_nc_oc=Q6cZ2QFeqPEwA8X2pr_gHZweWE9U1V2S6yrWATYW_py9L2eKv7KVi5i5_v0kV-eSUB9JCfs&_nc_ohc=oNGpP8l9unQQ7kNvwF-nnDR&_nc_gid=w6cD1oSVkjdsV96SWZ6KDQ&edm=AJhczIQBAAAA&ccb=7-5&oh=00_AfpIOZhGhHaWOz7hz5tiKpXVMwqxfygMGhccFM49p8_byg&oe=69761D0A&_nc_sid=4a2096,134,0,8515,1194,0,"['https://instagram.fhan3-4.fna.fbcdn.net/v/t51.2885-15/609674931_1525772075391870_816840895059567248_n.jpg?stp=dst-jpg_e15_tt6&efg=eyJ2ZW5jb2RlX3RhZyI6InRocmVhZHMuRkVFRC5pbWFnZV91cmxnZW4uNjQweDM1MC5zZHIuZjcxODc4LmRlZmF1bHRfY292ZXJfZnJhbWUuYzIifQ&_nc_ht=instagram.fhan3-4.fna.fbcdn.net&_nc_cat=106&_nc_oc=Q6cZ2QFeqPEwA8X2pr_gHZweWE9U1V2S6yrWATYW_py9L2eKv7KVi5i5_v0kV-eSUB9JCfs&_nc_ohc=HBamTogGEkIQ7kNvwF02cvZ&_nc_gid=w6cD1oSVkjdsV96SWZ6KDQ&edm=AJhczIQBAAAA&ccb=7-5&ig_cache_key=MzgwNTYwNzMxMjIxMjQyOTM3MA%3D%3D.3-ccb7-5&oh=00_AfrgWvMmwy-6Ld4-hdNGzztAfmAvGD_XaH6KPzT8WD26fg&oe=6975F74D&_nc_sid=4a2096', 'https://instagram.fhan4-3.fna.fbcdn.net/o1/v/t16/f2/m84/AQMfyJ0uHpHIn60vyokJc-OES3Rm0EFwYBhQquuiKQ98-6WjZjYY3arQZDSWxWYK8zUkf26xjF4xG7mrqTgczdRvVE8yc2hzafPXBGo.mp4?_nc_cat=110&_nc_oc=Adknf1ZSD37sRgyaBocvicYyu4zkIaP9XnHk-xxMCaabY5pxNl0a37tnQAszzrTAVeE&_nc_sid=5e9851&_nc_ht=instagram.fhan4-3.fna.fbcdn.net&_nc_ohc=UoV_BWfrZ4oQ7kNvwEZIH7K&efg=eyJ2ZW5jb2RlX3RhZyI6Inhwdl9wcm9ncmVzc2l2ZS5JTlNUQUdSQU0uRkVFRC5DMy42MjAuZGFzaF9iYXNlbGluZV8zX3YxIiwieHB2X2Fzc2V0X2lkIjo4NjQyMDIyNDk4MTQ0NzIsImFzc2V0X2FnZV9kYXlzIjoxMiwidmlfdXNlY2FzZV9pZCI6MTAxNjQsImR1cmF0aW9uX3MiOjg4LCJ1cmxnZW5fc291cmNlIjoid3d3In0%3D&ccb=17-1&_nc_gid=w6cD1oSVkjdsV96SWZ6KDQ&_nc_zt=28&vs=c895619516bb2739&_nc_vs=HBksFQIYTGlnX2JhY2tmaWxsX3RpbWVsaW5lX3ZvZC8zNzQ4QzlBQjQxQUYyQzlDOTc4QjMwMjlGNkY0MjlCMl92aWRlb19kYXNoaW5pdC5tcDQVAALIARIAFQIYOnBhc3N0aHJvdWdoX2V2ZXJzdG9yZS9HQWFqYUNTcEk0SDlSV3NLQURNZzM3em9Gc0VrYnNwVEFRQUYVAgLIARIAKAAYABsCiAd1c2Vfb2lsATEScHJvZ3Jlc3NpdmVfcmVjaXBlATEVAAAmkIfqwZj_iAMVAigCQzMsF0BWHdLxqfvnGBJkYXNoX2Jhc2VsaW5lXzNfdjERAHXqB2XongEA&oh=00_AfpdI7llHiUevvAbqcA5TURbnHy6m3HRK0DCorLnrp19Kg&oe=697200D2']",,https://www.threads.net/@fiona.badeaux/post/DTQO6__DQo6,[],"{'likes': 8515, 'reposts': 1145, 'quotes': 49}",threads,3805607312212429370,Badeaux,,"First Republican’s bill brought to congress in 2026 is about SHOWER HEADS! Listen to Rep. Stansbury....
“MY question, is why on God’s green earth, on the first full day this congress is back in 2026 are the republicans using the floor time in the midst of armed conflict and daily corruption by this administration to run a bill on rich people’s shower heads?”",threads,63442947300,fiona.badeaux
[],2026-01-21T09:30:26.888943+07:00,"With the world teetering on the edge of conflict, the UK government are building defences & ties with our friends & allies in Europe & beyond. One major problem we have is the media. They are doing everything they can to topple Sir Keir & his team. Now, more than ever the country needs to come together to defeat fascism, not fight amongst ourselves. Journos need to grow up.",2026-01-16T06:37:38+07:00,,3810946601552718524,threads,threads.com,threads_crawler_v1,https://www.threads.net/@trevm12/post/DTjM74riCq8,https://instagram.fhan4-5.fna.fbcdn.net/v/t51.2885-19/482137792_1181397963703695_7052848072335093867_n.jpg?stp=dst-jpg_s150x150_tt6&efg=eyJ2ZW5jb2RlX3RhZyI6InByb2ZpbGVfcGljLmRqYW5nby4xMDIxLmMyIn0&_nc_ht=instagram.fhan4-5.fna.fbcdn.net&_nc_cat=103&_nc_oc=Q6cZ2QFeqPEwA8X2pr_gHZweWE9U1V2S6yrWATYW_py9L2eKv7KVi5i5_v0kV-eSUB9JCfs&_nc_ohc=hdoEVf1LUU8Q7kNvwG0ow-Z&_nc_gid=w6cD1oSVkjdsV96SWZ6KDQ&edm=AJhczIQBAAAA&ccb=7-5&oh=00_AfoymlCGOKV8QquG-Y5ouS-CgNbV3VF2Ys3lEUn3Mn7jvw&oe=69761F73&_nc_sid=4a2096,1,0,32,7,0,[],,https://www.threads.net/@trevm12/post/DTjM74riCq8,[],"{'likes': 32, 'reposts': 6, 'quotes': 1}",threads,3810946601552718524,Trev,,"With the world teetering on the edge of conflict, the UK government are building defences & ties with our friends & allies in Europe & beyond. One major problem we have is the media. They are doing everything they can to topple Sir Keir & his team. Now, more than ever the country needs to come together to defeat fascism, not fight amongst ourselves. Journos need to grow up.",threads,63085795975,trevm12
[],2026-01-21T09:30:26.889113+07:00,"Maybe some introverts are sensitive souls because they grew up around conflict and chaos. They learned to stay vigilant to other people’s unpredictable energy as a way to protect themselves. And over time, this became their way of being. Of moving through the world. Always alert, always scanning the spaces they’re in so they can feel safe. And maybe that’s why they love being alone so much. Because their soul is tired. And it needs silence and solitude to stay grounded, regulated, and at peace.",2026-01-18T09:30:25+07:00,,3812483118084211056,threads,threads.com,threads_crawler_v1,https://www.threads.net/@soulalivebarrie/post/DToqTJNlUFw,https://instagram.fhan4-6.fna.fbcdn.net/v/t51.2885-19/584401890_17930425059114200_4760277244132130673_n.jpg?stp=dst-jpg_s150x150_tt6&efg=eyJ2ZW5jb2RlX3RhZyI6InByb2ZpbGVfcGljLmRqYW5nby44MjguYzIifQ&_nc_ht=instagram.fhan4-6.fna.fbcdn.net&_nc_cat=108&_nc_oc=Q6cZ2QFeqPEwA8X2pr_gHZweWE9U1V2S6yrWATYW_py9L2eKv7KVi5i5_v0kV-eSUB9JCfs&_nc_ohc=OlZZ14slkBoQ7kNvwGbKpgf&_nc_gid=w6cD1oSVkjdsV96SWZ6KDQ&edm=AJhczIQBAAAA&ccb=7-5&oh=00_AfpOgZVi1lUk-UWPWZos0rkssA_b7CvByxP7ozi1HTCfeg&oe=697626BC&_nc_sid=4a2096,14,0,201,16,0,[],,https://www.threads.net/@soulalivebarrie/post/DToqTJNlUFw,[],"{'likes': 201, 'reposts': 15, 'quotes': 1}",threads,3812483118084211056,Vanessa Marie Dewsbury | Introvert Community,,"Maybe some introverts are sensitive souls because they grew up around conflict and chaos. They learned to stay vigilant to other people’s unpredictable energy as a way to protect themselves. And over time, this became their way of being. Of moving through the world. Always alert, always scanning the spaces they’re in so they can feel safe. And maybe that’s why they love being alone so much. Because their soul is tired. And it needs silence and solitude to stay grounded, regulated, and at peace.",threads,63488202199,soulalivebarrie
[],2026-01-21T09:30:26.889335+07:00,"Once you deconstruct your internalised orientalism, you will understand Iran’s conflict so clearly and easily. Anti-imperialism that excuses state violence is still imperial logic. Orientalism goes beyond Islamophobia; it’s state fetishism when the state isn’t Western. Misunderstanding Iran is about who gets moral exemption; it’s worse than just a “lack of info.”",2026-01-19T01:02:36+07:00,,3812952298432413145,threads,threads.com,threads_crawler_v1,https://www.threads.net/@wrzky/post/DTqU-ndkr3Z,https://instagram.fhan4-5.fna.fbcdn.net/v/t51.2885-19/619606275_17938246698112455_6688947583768889064_n.jpg?stp=dst-jpg_s150x150_tt6&efg=eyJ2ZW5jb2RlX3RhZyI6InByb2ZpbGVfcGljLmRqYW5nby4xMDgwLmMyIn0&_nc_ht=instagram.fhan4-5.fna.fbcdn.net&_nc_cat=103&_nc_oc=Q6cZ2QFeqPEwA8X2pr_gHZweWE9U1V2S6yrWATYW_py9L2eKv7KVi5i5_v0kV-eSUB9JCfs&_nc_ohc=tuUqxqRmtxMQ7kNvwEIH_-F&_nc_gid=w6cD1oSVkjdsV96SWZ6KDQ&edm=AJhczIQBAAAA&ccb=7-5&oh=00_Afq6a_ip2oM_zPgj97K7dKxeH1Jk2xIv0eCWhSCME8owMg&oe=697607D6&_nc_sid=4a2096,1,0,28,5,0,[],,https://www.threads.net/@wrzky/post/DTqU-ndkr3Z,[],"{'likes': 28, 'reposts': 5, 'quotes': 0}",threads,3812952298432413145,Wanda Anindya,,"Once you deconstruct your internalised orientalism, you will understand Iran’s conflict so clearly and easily. Anti-imperialism that excuses state violence is still imperial logic. Orientalism goes beyond Islamophobia; it’s state fetishism when the state isn’t Western. Misunderstanding Iran is about who gets moral exemption; it’s worse than just a “lack of info.”",threads,63434624454,wrzky
[],2026-01-21T09:30:26.889660+07:00,"Rì xen lì
- Tsundere và hay la làng xui xẻo nhưng mà always feel grateful hehe
- Toàn bị hỏi là thích ai, quen ai, chừng nào có bồ (?) (lowkey sợ hãi, nma lâu lâu vẫn có cảm giác fling fling, but dont know when) 
- Giá trị tinh thần có đầy ở ngoài mà mình hong cần phải đặt vào gia đình, tình iu☄️☃️, compassion detach với high conflict catalyst thặc tuỵt
- ❄️💨❄️💨",2026-01-11T01:24:11+07:00,,3807164955201104773,threads,threads.com,threads_crawler_v1,https://www.threads.net/@_.xoaiiuoiiii/post/DTVxFsEE-uF,https://instagram.fhan4-5.fna.fbcdn.net/v/t51.2885-19/616032678_17886436992423614_799788612786295995_n.jpg?stp=dst-jpg_s150x150_tt6&efg=eyJ2ZW5jb2RlX3RhZyI6InByb2ZpbGVfcGljLmRqYW5nby4xMDgwLmMyIn0&_nc_ht=instagram.fhan4-5.fna.fbcdn.net&_nc_cat=102&_nc_oc=Q6cZ2QFeqPEwA8X2pr_gHZweWE9U1V2S6yrWATYW_py9L2eKv7KVi5i5_v0kV-eSUB9JCfs&_nc_ohc=g284_GG56GoQ7kNvwGTeDBa&_nc_gid=w6cD1oSVkjdsV96SWZ6KDQ&edm=AJhczIQBAAAA&ccb=7-5&oh=00_Afrq9z0W65pNuc_0dyG6Ib6PYp3kImmXVOQt5-DURwx1EA&oe=69761EEC&_nc_sid=4a2096,0,0,27,0,0,['https://instagram.fhan4-5.fna.fbcdn.net/v/t51.2885-15/615260224_17885881488423614_7630484532266155938_n.jpg?stp=dst-jpg_e35_tt6&efg=eyJ2ZW5jb2RlX3RhZyI6InRocmVhZHMuQ0FST1VTRUxfSVRFTS5pbWFnZV91cmxnZW4uMTI5MHgxNTE1LnNkci5mODI3ODcuZGVmYXVsdF9pbWFnZS5jMiJ9&_nc_ht=instagram.fhan4-5.fna.fbcdn.net&_nc_cat=102&_nc_oc=Q6cZ2QFeqPEwA8X2pr_gHZweWE9U1V2S6yrWATYW_py9L2eKv7KVi5i5_v0kV-eSUB9JCfs&_nc_ohc=z8BKDZ3quCkQ7kNvwHiezJr&_nc_gid=w6cD1oSVkjdsV96SWZ6KDQ&edm=AJhczIQBAAAA&ccb=7-5&ig_cache_key=MzgwNzE2NDk0NzQ2NjgwNzA2OQ%3D%3D.3-ccb7-5&oh=00_AfoAm295oXfcN2E6D3ZnQpAQZ7a6m5BdvEjNpwHteQlo1g&oe=6976121F&_nc_sid=4a2096'],,https://www.threads.net/@_.xoaiiuoiiii/post/DTVxFsEE-uF,[],"{'likes': 27, 'reposts': 0, 'quotes': 0}",threads,3807164955201104773,CallboyZaLam,,"Rì xen lì
- Tsundere và hay la làng xui xẻo nhưng mà always feel grateful hehe
- Toàn bị hỏi là thích ai, quen ai, chừng nào có bồ (?) (lowkey sợ hãi, nma lâu lâu vẫn có cảm giác fling fling, but dont know when) 
- Giá trị tinh thần có đầy ở ngoài mà mình hong cần phải đặt vào gia đình, tình iu☄️☃️, compassion detach với high conflict catalyst thặc tuỵt
- ❄️💨❄️💨",threads,72640887613,_.xoaiiuoiiii
[],2026-01-21T09:30:26.889964+07:00,BREAKING: Ukraine launches a major drone swarm attack targeting southern Russia and occupied Crimea. 🚁💥 Tense moments unfolding as frontline exchanges intensify. More to come. 🛰️🇺🇦 #Ukraine #Russia #Crimea #DroneWar #Conflict #NewsUpdate,2026-01-14T18:38:11+07:00,,3809859717556906358,threads,threads.com,threads_crawler_v1,https://www.threads.net/@ceanmedia/post/DTfVzpFDKl2,https://instagram.fhan3-3.fna.fbcdn.net/v/t51.2885-19/516231298_18054533744527829_2727005556179792588_n.jpg?stp=dst-jpg_s150x150_tt6&efg=eyJ2ZW5jb2RlX3RhZyI6InByb2ZpbGVfcGljLmRqYW5nby4xMDI0LmMyIn0&_nc_ht=instagram.fhan3-3.fna.fbcdn.net&_nc_cat=1&_nc_oc=Q6cZ2QFeqPEwA8X2pr_gHZweWE9U1V2S6yrWATYW_py9L2eKv7KVi5i5_v0kV-eSUB9JCfs&_nc_ohc=cSpcTOuUZeoQ7kNvwFMHFgP&_nc_gid=w6cD1oSVkjdsV96SWZ6KDQ&edm=AJhczIQBAAAA&ccb=7-5&oh=00_AfpRC5jx2fKddANTAGUP35f5DKaAT9iVNFJcTku2EYueaw&oe=6975F128&_nc_sid=4a2096,3,0,162,8,0,['https://instagram.fhan4-5.fna.fbcdn.net/v/t51.2885-15/613059637_17939531772110690_4845361712613633728_n.jpg?stp=dst-jpg_e35_tt6&efg=eyJ2ZW5jb2RlX3RhZyI6InRocmVhZHMuRkVFRC5pbWFnZV91cmxnZW4uMTEwOHgxMzc4LnNkci5mODI3ODcuZGVmYXVsdF9pbWFnZS5jMiJ9&_nc_ht=instagram.fhan4-5.fna.fbcdn.net&_nc_cat=102&_nc_oc=Q6cZ2QFeqPEwA8X2pr_gHZweWE9U1V2S6yrWATYW_py9L2eKv7KVi5i5_v0kV-eSUB9JCfs&_nc_ohc=9m5Qrm5yvX8Q7kNvwGyXSof&_nc_gid=w6cD1oSVkjdsV96SWZ6KDQ&edm=AJhczIQBAAAA&ccb=7-5&ig_cache_key=MzgwOTg1OTcxNzU1NjkwNjM1OA%3D%3D.3-ccb7-5&oh=00_AfrjmHbCFSeuibXWjRTUaNHEdiPGXWPseDf0_4H5TGARHA&oe=69761422&_nc_sid=4a2096'],,https://www.threads.net/@ceanmedia/post/DTfVzpFDKl2,[],"{'likes': 162, 'reposts': 8, 'quotes': 0}",threads,3809859717556906358,CEAN,,BREAKING: Ukraine launches a major drone swarm attack targeting southern Russia and occupied Crimea. 🚁💥 Tense moments unfolding as frontline exchanges intensify. More to come. 🛰️🇺🇦 #Ukraine #Russia #Crimea #DroneWar #Conflict #NewsUpdate,threads,63158934689,ceanmedia
[],2026-01-21T09:30:26.890319+07:00,"Global tensions are rising ⚠️
Russia issues a direct warning to the U.S. over Maduro’s release, escalating fears of a wider geopolitical conflict. The world watches closely as power politics take center stage.
#RussiaUS #GlobalTensions #Geopolitics #WorldNews #breakingnews",2026-01-06T15:01:13+07:00,,3803952302508802554,threads,threads.com,threads_crawler_v1,https://www.threads.net/@the.financial.info/post/DTKWncFkQH6,https://instagram.fhan3-3.fna.fbcdn.net/v/t51.2885-19/563045984_17862413670492141_5974254754237380257_n.jpg?stp=dst-jpg_s150x150_tt6&efg=eyJ2ZW5jb2RlX3RhZyI6InByb2ZpbGVfcGljLmRqYW5nby40OTMuYzIifQ&_nc_ht=instagram.fhan3-3.fna.fbcdn.net&_nc_cat=1&_nc_oc=Q6cZ2QFeqPEwA8X2pr_gHZweWE9U1V2S6yrWATYW_py9L2eKv7KVi5i5_v0kV-eSUB9JCfs&_nc_ohc=1P53bE_uTc8Q7kNvwELS96o&_nc_gid=w6cD1oSVkjdsV96SWZ6KDQ&edm=AJhczIQBAAAA&ccb=7-5&oh=00_AfodKc9sSeVvuWaeV9q_8xPezsuoX4MpFYq9F74i-AZcRQ&oe=697625FD&_nc_sid=4a2096,291,0,1059,26,0,['https://instagram.fhan4-6.fna.fbcdn.net/v/t51.2885-15/610961701_17872004787492141_5183443314590028812_n.jpg?stp=dst-jpg_e35_tt6&efg=eyJ2ZW5jb2RlX3RhZyI6InRocmVhZHMuRkVFRC5pbWFnZV91cmxnZW4uMTQ0MHgxODAwLnNkci5mODI3ODcuZGVmYXVsdF9pbWFnZS5jMiJ9&_nc_ht=instagram.fhan4-6.fna.fbcdn.net&_nc_cat=109&_nc_oc=Q6cZ2QFeqPEwA8X2pr_gHZweWE9U1V2S6yrWATYW_py9L2eKv7KVi5i5_v0kV-eSUB9JCfs&_nc_ohc=FoMgYR1w23gQ7kNvwFWoRkq&_nc_gid=w6cD1oSVkjdsV96SWZ6KDQ&edm=AJhczIQBAAAA&ccb=7-5&ig_cache_key=MzgwMzk1MjMwMjUwODgwMjU1NA%3D%3D.3-ccb7-5&oh=00_AfoWidApB86d-gQM3_0nLnylrwlSU81nMERSCtawQpcW0w&oe=69761AA7&_nc_sid=4a2096'],,https://www.threads.net/@the.financial.info/post/DTKWncFkQH6,[],"{'likes': 1059, 'reposts': 23, 'quotes': 3}",threads,3803952302508802554,Santosh | Finance,,"Global tensions are rising ⚠️
Russia issues a direct warning to the U.S. over Maduro’s release, escalating fears of a wider geopolitical conflict. The world watches closely as power politics take center stage.
#RussiaUS #GlobalTensions #Geopolitics #WorldNews #breakingnews",threads,74825823128,the.financial.info
[],2026-01-21T09:30:26.890957+07:00,"“The Arab Israeli Conflict is outdated. No Arab State is openly or actively seeking to destroy Israel. Sit with that. Not EGYPT, UAE, Bahrain, Jordan, Morocco all making peace. The last big holdout is Iran's Ayatollahs.” 
Van Jones",2026-01-12T11:39:43+07:00,,3808199540772457736,threads,threads.com,threads_crawler_v1,https://www.threads.net/@dolphin.5519834/post/DTZcU49jE0I,https://instagram.fhan4-3.fna.fbcdn.net/v/t51.2885-19/590424120_17846938725604476_8322513885244920701_n.jpg?stp=dst-jpg_s150x150_tt6&efg=eyJ2ZW5jb2RlX3RhZyI6InByb2ZpbGVfcGljLmRqYW5nby4zNjguYzIifQ&_nc_ht=instagram.fhan4-3.fna.fbcdn.net&_nc_cat=100&_nc_oc=Q6cZ2QFeqPEwA8X2pr_gHZweWE9U1V2S6yrWATYW_py9L2eKv7KVi5i5_v0kV-eSUB9JCfs&_nc_ohc=eAbACONs7r0Q7kNvwG_dLI-&_nc_gid=w6cD1oSVkjdsV96SWZ6KDQ&edm=AJhczIQBAAAA&ccb=7-5&oh=00_AfqDppP6elQDUNuo2xU3_RzxtwoRAVGaSo9f6HhAXP-kzA&oe=697620F3&_nc_sid=4a2096,16,0,119,4,0,[],,https://www.threads.net/@dolphin.5519834/post/DTZcU49jE0I,[],"{'likes': 119, 'reposts': 4, 'quotes': 0}",threads,3808199540772457736,Stacey Ochs,FreePalestine,"“The Arab Israeli Conflict is outdated. No Arab State is openly or actively seeking to destroy Israel. Sit with that. Not EGYPT, UAE, Bahrain, Jordan, Morocco all making peace. The last big holdout is Iran's Ayatollahs.” 
Van Jones",threads,78606549421,dolphin.5519834
[],2026-01-21T09:30:26.891231+07:00,"They have nothing to protect 
Them from the conflict 🤲🤲 
🇸🇩🇸🇩💔😭😭😭😭💔🇸🇩🇸🇩

#tkiarabsaudi 
#sundaasli 
#championsleague 
#savesudan 
#starseverywhere",2026-01-11T17:05:30+07:00,,3807638726265056866,threads,threads.com,threads_crawler_v1,https://www.threads.net/@septiandisharifudin/post/DTXcz9wDK5i,https://instagram.fhan3-4.fna.fbcdn.net/v/t51.2885-19/561725961_17893368900343326_8678996092322108851_n.jpg?stp=dst-jpg_s150x150_tt6&efg=eyJ2ZW5jb2RlX3RhZyI6InByb2ZpbGVfcGljLmRqYW5nby4xMDgwLmMyIn0&_nc_ht=instagram.fhan3-4.fna.fbcdn.net&_nc_cat=106&_nc_oc=Q6cZ2QFeqPEwA8X2pr_gHZweWE9U1V2S6yrWATYW_py9L2eKv7KVi5i5_v0kV-eSUB9JCfs&_nc_ohc=yLoFcg3_PC0Q7kNvwEQ5GYq&_nc_gid=w6cD1oSVkjdsV96SWZ6KDQ&edm=AJhczIQBAAAA&ccb=7-5&oh=00_AfoLbQCpdZ0EZ9FlUOXv5iC9c3BYmPL7K_QFJLiecanIdA&oe=69760DA5&_nc_sid=4a2096,45,0,808,49,0,"['https://instagram.fhan4-6.fna.fbcdn.net/v/t51.2885-15/614868218_897050796487340_5396595002769880465_n.jpg?stp=dst-jpg_e15_tt6&efg=eyJ2ZW5jb2RlX3RhZyI6InRocmVhZHMuRkVFRC5pbWFnZV91cmxnZW4uNjQweDExNDguc2RyLmY3MTg3OC5kZWZhdWx0X2NvdmVyX2ZyYW1lLmMyIn0&_nc_ht=instagram.fhan4-6.fna.fbcdn.net&_nc_cat=108&_nc_oc=Q6cZ2QFeqPEwA8X2pr_gHZweWE9U1V2S6yrWATYW_py9L2eKv7KVi5i5_v0kV-eSUB9JCfs&_nc_ohc=uSYwwPC1uf4Q7kNvwFOLJag&_nc_gid=w6cD1oSVkjdsV96SWZ6KDQ&edm=AJhczIQBAAAA&ccb=7-5&ig_cache_key=MzgwNzYzODcyNjI2NTA1Njg2Ng%3D%3D.3-ccb7-5&oh=00_Afogs7lIPlzDmVc5hVQ2O4Z2Z-PhqO-ISM6Do5HY9CWFTw&oe=69760E51&_nc_sid=4a2096', 'https://instagram.fhan4-6.fna.fbcdn.net/o1/v/t2/f2/m86/AQO6InAt1wDjlPM-cLWhwe1bJX_u5NnbiRiH3h5LJVUDVZ-opD284RS8CK7XvJqR3E3qvAmcjF84FZBYEhwrPrLgelq_ERtNqYnlZks.mp4?_nc_cat=109&_nc_oc=AdkOcFIAbWk3jtQioSn79rxX-TJhT5ug0uzEl_EE4EIqT8u7O_hOJniYC0HfihiXQOM&_nc_sid=5e9851&_nc_ht=instagram.fhan4-6.fna.fbcdn.net&_nc_ohc=k5MuQUQPCXAQ7kNvwGTpO0s&efg=eyJ2ZW5jb2RlX3RhZyI6Inhwdl9wcm9ncmVzc2l2ZS5JTlNUQUdSQU0uRkVFRC5DMy43MDQuZGFzaF9iYXNlbGluZV8xX3YxIiwieHB2X2Fzc2V0X2lkIjo3MzYxMzgzMDk1NDIzMjIsImFzc2V0X2FnZV9kYXlzIjo5LCJ2aV91c2VjYXNlX2lkIjoxMDA5OSwiZHVyYXRpb25fcyI6MTAsInVybGdlbl9zb3VyY2UiOiJ3d3cifQ%3D%3D&ccb=17-1&_nc_gid=w6cD1oSVkjdsV96SWZ6KDQ&_nc_zt=28&vs=773454c26ccda926&_nc_vs=HBksFQIYUmlnX3hwdl9yZWVsc19wZXJtYW5lbnRfc3JfcHJvZC81RTQ0QzlENEZDMjk4RDkwNDU1MkJGNzRDM0RGODlCQ192aWRlb19kYXNoaW5pdC5tcDQVAALIARIAFQIYOnBhc3N0aHJvdWdoX2V2ZXJzdG9yZS9HS2pnWlNTQTB4SXJpV0FDQUQ0dFB1WGwtZkVjYnN0VEFRQUYVAgLIARIAKAAYABsCiAd1c2Vfb2lsATEScHJvZ3Jlc3NpdmVfcmVjaXBlATEVAAAm5IaR5_HgzgIVAigCQzMsF0AkAAAAAAAAGBJkYXNoX2Jhc2VsaW5lXzFfdjERAHXqB2XmnQEA&oh=00_AfpGNYUvVBtTKS2Ak0uYs8JiFWitFx_hEce2vWzXX41lTw&oe=69722B1A']",,https://www.threads.net/@septiandisharifudin/post/DTXcz9wDK5i,[],"{'likes': 808, 'reposts': 46, 'quotes': 3}",threads,3807638726265056866,Septian Al Bandungi,,"They have nothing to protect 
Them from the conflict 🤲🤲 
🇸🇩🇸🇩💔😭😭😭😭💔🇸🇩🇸🇩

#tkiarabsaudi 
#sundaasli 
#championsleague 
#savesudan 
#starseverywhere",threads,70265703325,septiandisharifudin
[],2026-01-21T09:30:26.891571+07:00,"In an abusive relationship, you either suppress your feelings to avoid conflict, or you express them and become the problem in their eyes. This is emotional manipulation.",2025-09-16T15:20:20+07:00,,3722787045115781366,threads,threads.com,threads_crawler_v1,https://www.threads.net/@sip_n.talk/post/DOp_xfmjWD2,https://instagram.fhan4-6.fna.fbcdn.net/v/t51.2885-19/481360739_1693574724930417_4465086396320960038_n.jpg?stp=dst-jpg_s150x150_tt6&efg=eyJ2ZW5jb2RlX3RhZyI6InByb2ZpbGVfcGljLmRqYW5nby41MTYuYzIifQ&_nc_ht=instagram.fhan4-6.fna.fbcdn.net&_nc_cat=109&_nc_oc=Q6cZ2QFeqPEwA8X2pr_gHZweWE9U1V2S6yrWATYW_py9L2eKv7KVi5i5_v0kV-eSUB9JCfs&_nc_ohc=SZlH0TtDyesQ7kNvwFbXYCJ&_nc_gid=w6cD1oSVkjdsV96SWZ6KDQ&edm=AJhczIQBAAAA&ccb=7-5&oh=00_AfrvxWs8A4RAy87FhNgqWINuYh8QjjZR7j46E9a66iHCcQ&oe=6975FD20&_nc_sid=4a2096,10,0,1185,191,0,[],,https://www.threads.net/@sip_n.talk/post/DOp_xfmjWD2,[],"{'likes': 1185, 'reposts': 179, 'quotes': 12}",threads,3722787045115781366,Sip N' Talk!,,"In an abusive relationship, you either suppress your feelings to avoid conflict, or you express them and become the problem in their eyes. This is emotional manipulation.",threads,69883207716,sip_n.talk
[],2026-01-21T09:30:26.891884+07:00,"Being a general is never an easy task, but serving in a place like Gaza, where conflict and war are a daily reality, adds an unimaginable layer of complexity. The weight of responsibility, the loss, and the constant uncertainty take a toll on both the body and the mind. In the midst of all this chaos, my hope is that God will intervene and bring peace to this troubled land. I pray for an end to the suffering and for the safety of all those affected by the war. May divine guidance and protection",2026-01-18T14:18:44+07:00,,3812628234584726334,threads,threads.com,threads_crawler_v1,https://www.threads.net/@gen.stephen0/post/DTpLS3fDBs-,https://instagram.fhan3-3.fna.fbcdn.net/v/t51.2885-19/615279042_17849226630655895_1389026853432163735_n.jpg?stp=dst-jpg_s150x150_tt6&efg=eyJ2ZW5jb2RlX3RhZyI6InByb2ZpbGVfcGljLmRqYW5nby4xMDgwLmMyIn0&_nc_ht=instagram.fhan3-3.fna.fbcdn.net&_nc_cat=111&_nc_oc=Q6cZ2QFeqPEwA8X2pr_gHZweWE9U1V2S6yrWATYW_py9L2eKv7KVi5i5_v0kV-eSUB9JCfs&_nc_ohc=vKiT4TNZH54Q7kNvwFGW7r9&_nc_gid=w6cD1oSVkjdsV96SWZ6KDQ&edm=AJhczIQBAAAA&ccb=7-5&oh=00_AfpxEQUUipOzUPqZ9qDOBwlnLA4TtK1gdEY6CTYVc4XkjQ&oe=6975F7F3&_nc_sid=4a2096,2,0,4,0,0,['https://instagram.fhan3-3.fna.fbcdn.net/v/t51.2885-15/618755664_17849996634655895_1123575679676091498_n.webp?efg=eyJ2ZW5jb2RlX3RhZyI6InRocmVhZHMuRkVFRC5pbWFnZV91cmxnZW4uNzE1eDcwOC5zZHIuZjgyNzg3LmRlZmF1bHRfaW1hZ2UuYzIifQ&_nc_ht=instagram.fhan3-3.fna.fbcdn.net&_nc_cat=111&_nc_oc=Q6cZ2QFeqPEwA8X2pr_gHZweWE9U1V2S6yrWATYW_py9L2eKv7KVi5i5_v0kV-eSUB9JCfs&_nc_ohc=9lvPm3nXHAEQ7kNvwHvuCuR&_nc_gid=w6cD1oSVkjdsV96SWZ6KDQ&edm=AJhczIQBAAAA&ccb=7-5&ig_cache_key=MzgxMjYyODIzNDU4NDcyNjMzNA%3D%3D.3-ccb7-5&oh=00_AfqesbNC5UDpHdTatDQ6mZ2J4IVb9mrGlNTGFEYJM035Pg&oe=69761AD2&_nc_sid=4a2096'],,https://www.threads.net/@gen.stephen0/post/DTpLS3fDBs-,[],"{'likes': 4, 'reposts': 0, 'quotes': 0}",threads,3812628234584726334,Stephen Townsend,,"Being a general is never an easy task, but serving in a place like Gaza, where conflict and war are a daily reality, adds an unimaginable layer of complexity. The weight of responsibility, the loss, and the constant uncertainty take a toll on both the body and the mind. In the midst of all this chaos, my hope is that God will intervene and bring peace to this troubled land. I pray for an end to the suffering and for the safety of all those affected by the war. May divine guidance and protection",threads,79507239894,gen.stephen0
[],2026-01-21T09:30:26.892199+07:00,"Being a doctor in Syria is far from easy. The challenges we face daily—limited resources, ongoing conflict, and immense pressure—test our resilience and dedication. Yet, despite these hardships, our priority as doctors remains unwavering: saving lives. Every patient we treat, every life we touch, fuels our commitment to this noble calling. In the face of adversity, we strive to provide hope, healing, and compassion, because no matter how tough the circumstances, preserving life is at the heart",2026-01-16T04:22:55+07:00,,3810878795679271861,threads,threads.com,threads_crawler_v1,https://www.threads.net/@op.dr_erkan111/post/DTi9hLiiAu1,https://instagram.fhan4-6.fna.fbcdn.net/v/t51.2885-19/615416063_17849242566663932_1623382989927651456_n.jpg?stp=dst-jpg_s150x150_tt6&efg=eyJ2ZW5jb2RlX3RhZyI6InByb2ZpbGVfcGljLmRqYW5nby4xMDgwLmMyIn0&_nc_ht=instagram.fhan4-6.fna.fbcdn.net&_nc_cat=108&_nc_oc=Q6cZ2QFeqPEwA8X2pr_gHZweWE9U1V2S6yrWATYW_py9L2eKv7KVi5i5_v0kV-eSUB9JCfs&_nc_ohc=aMTJfGNrFc0Q7kNvwEwFCM8&_nc_gid=w6cD1oSVkjdsV96SWZ6KDQ&edm=AJhczIQBAAAA&ccb=7-5&oh=00_AfrBf11LNpGY13ZAV6GETKvrwfKv4jVSCRqjbvI7tntNeg&oe=6976138B&_nc_sid=4a2096,36,0,36,0,0,['https://instagram.fhan4-6.fna.fbcdn.net/v/t51.2885-15/590842933_17849244072663932_3580640340175369713_n.webp?efg=eyJ2ZW5jb2RlX3RhZyI6InRocmVhZHMuRkVFRC5pbWFnZV91cmxnZW4uNDc0eDQ3NC5zZHIuZjgyNzg3LmRlZmF1bHRfaW1hZ2UuYzIifQ&_nc_ht=instagram.fhan4-6.fna.fbcdn.net&_nc_cat=108&_nc_oc=Q6cZ2QFeqPEwA8X2pr_gHZweWE9U1V2S6yrWATYW_py9L2eKv7KVi5i5_v0kV-eSUB9JCfs&_nc_ohc=FgzFlW2oQhsQ7kNvwHZ5U6j&_nc_gid=w6cD1oSVkjdsV96SWZ6KDQ&edm=AJhczIQBAAAA&ccb=7-5&ig_cache_key=MzgxMDg3ODc5NTY3OTI3MTg2MQ%3D%3D.3-ccb7-5&oh=00_AfpP20l5veGu8Aa4vQi2IR6jqiHBeXMUd_D1pUVmbKx9oQ&oe=697624F2&_nc_sid=4a2096'],,https://www.threads.net/@op.dr_erkan111/post/DTi9hLiiAu1,[],"{'likes': 36, 'reposts': 0, 'quotes': 0}",threads,3810878795679271861,,,"Being a doctor in Syria is far from easy. The challenges we face daily—limited resources, ongoing conflict, and immense pressure—test our resilience and dedication. Yet, despite these hardships, our priority as doctors remains unwavering: saving lives. Every patient we treat, every life we touch, fuels our commitment to this noble calling. In the face of adversity, we strive to provide hope, healing, and compassion, because no matter how tough the circumstances, preserving life is at the heart",threads,79852351931,op.dr_erkan111
[],2026-01-21T09:30:26.892523+07:00,"The Fear Each Zodiac Carries in Silence::

♈Aries–Afraid of being controlled, slowed down, or feeling weak
♉Taurus–Afraid of instability, sudden loss, and having no security
♊Gemini–Afraid of being misunderstood, bored, or mentally trapped
♋Cancer–Afraid of abandonment, emotional rejection, and feeling unsafe
♌Leo–Afraid of being ignored, unappreciated, or losing respect
Virgo–Afraid of chaos, failure,and not being “good enough”
♎Libra–Afraid of conflict, loneliness, and making the wrong choice",2026-01-15T14:17:54+07:00,,3810453486878800361,threads,threads.com,threads_crawler_v1,https://www.threads.net/@astrology_of_dharma/post/DThc0H2jznp,https://instagram.fhan3-4.fna.fbcdn.net/v/t51.2885-19/608858814_17862914061558882_1312958409106915812_n.jpg?stp=dst-jpg_s150x150_tt6&efg=eyJ2ZW5jb2RlX3RhZyI6InByb2ZpbGVfcGljLmRqYW5nby4xMDc5LmMyIn0&_nc_ht=instagram.fhan3-4.fna.fbcdn.net&_nc_cat=106&_nc_oc=Q6cZ2QFeqPEwA8X2pr_gHZweWE9U1V2S6yrWATYW_py9L2eKv7KVi5i5_v0kV-eSUB9JCfs&_nc_ohc=Pgy0oRbAxTUQ7kNvwHk2ruz&_nc_gid=w6cD1oSVkjdsV96SWZ6KDQ&edm=AJhczIQBAAAA&ccb=7-5&oh=00_AfrjM_3sVygthbEhzHf_5y5BJ2y-Kjj25kA9Xqct0DpQRw&oe=69760B3B&_nc_sid=4a2096,8,0,140,3,0,[],,https://www.threads.net/@astrology_of_dharma/post/DThc0H2jznp,[],"{'likes': 140, 'reposts': 3, 'quotes': 0}",threads,3810453486878800361,Astrology_of_Dharma,Astrology,"The Fear Each Zodiac Carries in Silence::

♈Aries–Afraid of being controlled, slowed down, or feeling weak
♉Taurus–Afraid of instability, sudden loss, and having no security
♊Gemini–Afraid of being misunderstood, bored, or mentally trapped
♋Cancer–Afraid of abandonment, emotional rejection, and feeling unsafe
♌Leo–Afraid of being ignored, unappreciated, or losing respect
Virgo–Afraid of chaos, failure,and not being “good enough”
♎Libra–Afraid of conflict, loneliness, and making the wrong choice",threads,76576710881,astrology_of_dharma
[],2026-01-21T09:30:26.892826+07:00,"This White House is sparking conflict and then pouring gasoline on the fire.

It’s Minneapolis today, but tomorrow it could be any other city, state, or town they decide to target.

Every American should be concerned, because all of our rights are at stake.",2026-01-17T03:51:19+07:00,,3811587653658341924,threads,threads.com,threads_crawler_v1,https://www.threads.net/@repmgs/post/DTlesa-kfIk,https://instagram.fhan3-2.fna.fbcdn.net/v/t51.2885-19/539424260_18199233076313311_1445663838983157372_n.jpg?stp=dst-jpg_s150x150_tt6&efg=eyJ2ZW5jb2RlX3RhZyI6InByb2ZpbGVfcGljLmRqYW5nby43NTkuYzIifQ&_nc_ht=instagram.fhan3-2.fna.fbcdn.net&_nc_cat=107&_nc_oc=Q6cZ2QFeqPEwA8X2pr_gHZweWE9U1V2S6yrWATYW_py9L2eKv7KVi5i5_v0kV-eSUB9JCfs&_nc_ohc=Vd3MvXMwR5oQ7kNvwEa6I6a&_nc_gid=w6cD1oSVkjdsV96SWZ6KDQ&edm=AJhczIQBAAAA&ccb=7-5&oh=00_AfrzGDenx040X6ys5dAw-DorP56gfkaFFJXxhvpJEx32cQ&oe=697618F4&_nc_sid=4a2096,16,0,62,12,0,"['https://instagram.fhan4-3.fna.fbcdn.net/v/t51.2885-15/615794521_1222141083133512_3695675200143130771_n.jpg?stp=dst-jpg_e15_tt6&efg=eyJ2ZW5jb2RlX3RhZyI6InRocmVhZHMuRkVFRC5pbWFnZV91cmxnZW4uNjQweDExMzYuc2RyLmY3MTg3OC5kZWZhdWx0X2NvdmVyX2ZyYW1lLmMyIn0&_nc_ht=instagram.fhan4-3.fna.fbcdn.net&_nc_cat=100&_nc_oc=Q6cZ2QFeqPEwA8X2pr_gHZweWE9U1V2S6yrWATYW_py9L2eKv7KVi5i5_v0kV-eSUB9JCfs&_nc_ohc=x2ESVXFIOl8Q7kNvwEX36U3&_nc_gid=w6cD1oSVkjdsV96SWZ6KDQ&edm=AJhczIQBAAAA&ccb=7-5&ig_cache_key=MzgxMTU4NzY1MzY1ODM0MTkyNA%3D%3D.3-ccb7-5&oh=00_AfoZHOQI85a69xouYf1uYG-60vbyJzSPmzo7WUw5cL_ofg&oe=6976199F&_nc_sid=4a2096', 'https://instagram.fhan4-1.fna.fbcdn.net/o1/v/t16/f2/m69/AQMgSg-7Xf4IHdb5qz3ZjnfvVbPOzE9-ok10BINQ-CNG14ELCOrUDQlrRbUuQ3OE9uOzuhH13ZdiXXrH5j91DK97.mp4?strext=1&_nc_cat=105&_nc_oc=AdmSoJR4gV3QP2jRITw7nD_d7L3HBicFT4brSegaWL-rW5khTexO963j39sZKamvdJU&_nc_sid=5e9851&_nc_ht=instagram.fhan4-1.fna.fbcdn.net&_nc_ohc=JfrOzdo9U5wQ7kNvwERjZNf&efg=eyJ2ZW5jb2RlX3RhZyI6Inhwdl9wcm9ncmVzc2l2ZS5JTlNUQUdSQU0uRkVFRC5DMy43MjAuZGFzaF9iYXNlbGluZV8xX3YxIiwieHB2X2Fzc2V0X2lkIjoxNzg2MjA3MzczNDU2OTM5OCwiYXNzZXRfYWdlX2RheXMiOjQsInZpX3VzZWNhc2VfaWQiOjEwMDk5LCJkdXJhdGlvbl9zIjoyMywidXJsZ2VuX3NvdXJjZSI6Ind3dyJ9&ccb=17-1&_nc_gid=w6cD1oSVkjdsV96SWZ6KDQ&_nc_zt=28&vs=4160627e94994ec&_nc_vs=HBksFQIYOnBhc3N0aHJvdWdoX2V2ZXJzdG9yZS9HRXFSekNSRGJsVnAtdEFGQUU5aXlnMDhrNndIYnNwVEFRQUYVAALIARIAFQIYUWlnX3hwdl9wbGFjZW1lbnRfcGVybWFuZW50X3YyLzhGNEVBMDg0NUIyREI1MzM4RTEzNjEwOTQ3Q0UzNEE2X2F1ZGlvX2Rhc2hpbml0Lm1wNBUCAsgBEgAoABgAGwKIB3VzZV9vaWwBMRJwcm9ncmVzc2l2ZV9yZWNpcGUBMRUAACbs9rT-w926PxUCKAJDMywXQDcbItDlYEIYEmRhc2hfYmFzZWxpbmVfMV92MREAdeoHZeadAQA&oh=00_AfobSzgBHjTdOe3xMkqLSWIylYh9thD4v4wG6TgInw4pSA&oe=69760493']",,https://www.threads.net/@repmgs/post/DTlesa-kfIk,[],"{'likes': 62, 'reposts': 11, 'quotes': 1}",threads,3811587653658341924,Congresswoman Mary Gay Scanlon,Minneapolis,"This White House is sparking conflict and then pouring gasoline on the fire.

It’s Minneapolis today, but tomorrow it could be any other city, state, or town they decide to target.

Every American should be concerned, because all of our rights are at stake.",threads,77050681397,repmgs
[],2026-01-21T09:30:26.893025+07:00,"What a grub 😡 How is this not a conflict of interest 

",2026-01-19T04:15:47+07:00,,3813049529353330330,threads,threads.com,threads_crawler_v1,https://www.threads.net/@jean.crawshaw.7/post/DTqrFg0E16a,https://instagram.fhan4-6.fna.fbcdn.net/v/t51.2885-19/506393309_17910919668113925_644583647260662918_n.jpg?stp=dst-jpg_s150x150_tt6&efg=eyJ2ZW5jb2RlX3RhZyI6InByb2ZpbGVfcGljLmRqYW5nby4xMDgwLmMyIn0&_nc_ht=instagram.fhan4-6.fna.fbcdn.net&_nc_cat=109&_nc_oc=Q6cZ2QFeqPEwA8X2pr_gHZweWE9U1V2S6yrWATYW_py9L2eKv7KVi5i5_v0kV-eSUB9JCfs&_nc_ohc=OGToGEjbQkUQ7kNvwESsdee&_nc_gid=w6cD1oSVkjdsV96SWZ6KDQ&edm=AJhczIQBAAAA&ccb=7-5&oh=00_AfoHKnwOr5-rfAo3EC5jUF4mysP5t75J6A6fMbh1JKkKlg&oe=6975FC24&_nc_sid=4a2096,19,0,63,17,0,[],,https://www.threads.net/@jean.crawshaw.7/post/DTqrFg0E16a,[],"{'likes': 63, 'reposts': 16, 'quotes': 1}",threads,3813049529353330330,Jean Crawshaw,,"What a grub 😡 How is this not a conflict of interest 

https://independentaustralia.net/politics/politics-display/exclusive-gc-mayor-makes-millions-selling-bowls-club-to-chinese-developers,20470",threads,63481905924,jean.crawshaw.7
[],2026-01-21T09:30:26.893261+07:00,"Trump allegedly bought over a million dollars in media company stocks.

That’s a conflict of interest… remember… those?

If you hold public office, you shouldn’t be allowed to trade stocks.
Not Congress.
Not the Cabinet.
Not the President.

This is why people don’t trust government.
And this is why I’m running.

Public service is not a hedge fund.
Democracy is not for SALE.

These people gotta go.",2026-01-19T00:41:31+07:00,,3812941687597639437,threads,threads.com,threads_crawler_v1,https://www.threads.net/@sal4congress/post/DTqSkNWiScN,https://instagram.fhan3-3.fna.fbcdn.net/v/t51.2885-19/608201948_18396973945130227_2082139085461651889_n.jpg?stp=dst-jpg_s150x150_tt6&efg=eyJ2ZW5jb2RlX3RhZyI6InByb2ZpbGVfcGljLmRqYW5nby43NjguYzIifQ&_nc_ht=instagram.fhan3-3.fna.fbcdn.net&_nc_cat=1&_nc_oc=Q6cZ2QFeqPEwA8X2pr_gHZweWE9U1V2S6yrWATYW_py9L2eKv7KVi5i5_v0kV-eSUB9JCfs&_nc_ohc=KF28XNCyTx8Q7kNvwEABLX0&_nc_gid=w6cD1oSVkjdsV96SWZ6KDQ&edm=AJhczIQBAAAA&ccb=7-5&oh=00_AfoQETFFBP3yaHzuKLJcLOQdfi0i_i7E3ULoqxSEpQXY9A&oe=69760830&_nc_sid=4a2096,27,0,177,54,0,['https://instagram.fhan4-5.fna.fbcdn.net/v/t51.2885-15/618942600_17903771784347006_8897175558715222291_n.jpg?stp=dst-jpg_e35_tt6&efg=eyJ2ZW5jb2RlX3RhZyI6InRocmVhZHMuRkVFRC5pbWFnZV91cmxnZW4uMjAzNngxNDQwLnNkci5mODI3ODcuZGVmYXVsdF9pbWFnZS5jMiJ9&_nc_ht=instagram.fhan4-5.fna.fbcdn.net&_nc_cat=102&_nc_oc=Q6cZ2QFeqPEwA8X2pr_gHZweWE9U1V2S6yrWATYW_py9L2eKv7KVi5i5_v0kV-eSUB9JCfs&_nc_ohc=XIwvmKtI8RgQ7kNvwHt_4FR&_nc_gid=w6cD1oSVkjdsV96SWZ6KDQ&edm=AJhczIQBAAAA&ccb=7-5&ig_cache_key=MzgxMjk0MTY4NzU5NzYzOTQzNw%3D%3D.3-ccb7-5&oh=00_AfpiId7zquAmYboZNtgJ4yuGZHTgBeQ82F9sMuYPCsAoyA&oe=6975F1BA&_nc_sid=4a2096'],,https://www.threads.net/@sal4congress/post/DTqSkNWiScN,[],"{'likes': 177, 'reposts': 47, 'quotes': 7}",threads,3812941687597639437,Salvatore Padellaro for Congress,,"Trump allegedly bought over a million dollars in media company stocks.

That’s a conflict of interest… remember… those?

If you hold public office, you shouldn’t be allowed to trade stocks.
Not Congress.
Not the Cabinet.
Not the President.

This is why people don’t trust government.
And this is why I’m running.

Public service is not a hedge fund.
Democracy is not for SALE.

These people gotta go.",threads,70326875005,sal4congress
[],2026-01-21T09:31:02.445757+07:00,"Every child deserves a classroom, not a conflict zone. Help Gaza’s kids access education today.",2026-01-18T17:09:55+07:00,,3812714376663533181,threads,threads.com,threads_crawler_v1,https://www.threads.net/@gazzat.hope.for.kids/post/DTpe4ZjDgZ9,https://instagram.fhan3-2.fna.fbcdn.net/v/t51.2885-19/607652045_17868052566521323_6262333704864590683_n.jpg?stp=dst-jpg_s150x150_tt6&efg=eyJ2ZW5jb2RlX3RhZyI6InByb2ZpbGVfcGljLmRqYW5nby4xMDgwLmMyIn0&_nc_ht=instagram.fhan3-2.fna.fbcdn.net&_nc_cat=107&_nc_oc=Q6cZ2QFY1II3FA-bRF1TlUtXuL_zAxoFDlLoSkZ1NW4yCaFWPCONg2kV1DrZq0_c3X7SJiE&_nc_ohc=IlP8JZDAbQYQ7kNvwH7Gx2t&_nc_gid=e0LhSZODwAotP3oRQjPq4A&edm=AJhczIQBAAAA&ccb=7-5&oh=00_AfpX8pP64z-isOCdMaMBCOjD6hG-sTiILwyunJkgjZwi5A&oe=697603A0&_nc_sid=4a2096,1,0,100,12,0,"['https://instagram.fhan3-4.fna.fbcdn.net/v/t51.2885-15/616829724_2594305257680058_5627311191277189162_n.jpg?stp=dst-jpg_e15_tt6&efg=eyJ2ZW5jb2RlX3RhZyI6InRocmVhZHMuRkVFRC5pbWFnZV91cmxnZW4uNjQweDExMzYuc2RyLmY3MTg3OC5kZWZhdWx0X2NvdmVyX2ZyYW1lLmMyIn0&_nc_ht=instagram.fhan3-4.fna.fbcdn.net&_nc_cat=106&_nc_oc=Q6cZ2QFY1II3FA-bRF1TlUtXuL_zAxoFDlLoSkZ1NW4yCaFWPCONg2kV1DrZq0_c3X7SJiE&_nc_ohc=GiSQ5tMzpWAQ7kNvwGZTrWN&_nc_gid=e0LhSZODwAotP3oRQjPq4A&edm=AJhczIQBAAAA&ccb=7-5&ig_cache_key=MzgxMjcxNDM3NjY2MzUzMzE4MQ%3D%3D.3-ccb7-5&oh=00_AfpvY4Hm7z_gBFoYhaiJxKy5-FSBm38x6zB1KP3RxNbdoQ&oe=6975F7D0&_nc_sid=4a2096', 'https://instagram.fhan4-6.fna.fbcdn.net/o1/v/t16/f2/m69/AQMbE6JtoNca1msX8k457QhziaHL98oJZqTINkrv1Q7MC5ChpLVyMMMa-rnfaqtZAlQPE4EU3nTE-El8KjEmuLnQ.mp4?strext=1&_nc_cat=108&_nc_oc=AdnLua6famQA42T6niLis379hQEsJnooANOe5mBykxSI0lyhTipsSEdg54SkaSFRBgY&_nc_sid=5e9851&_nc_ht=instagram.fhan4-6.fna.fbcdn.net&_nc_ohc=fdnXQNngM60Q7kNvwEfCB2o&efg=eyJ2ZW5jb2RlX3RhZyI6Inhwdl9wcm9ncmVzc2l2ZS5JTlNUQUdSQU0uRkVFRC5DMy43MjAuZGFzaF9iYXNlbGluZV8xX3YxIiwieHB2X2Fzc2V0X2lkIjoxNzg3MDczODAzNDUyMTMyMywiYXNzZXRfYWdlX2RheXMiOjIsInZpX3VzZWNhc2VfaWQiOjEwMDk5LCJkdXJhdGlvbl9zIjozMSwidXJsZ2VuX3NvdXJjZSI6Ind3dyJ9&ccb=17-1&_nc_gid=e0LhSZODwAotP3oRQjPq4A&_nc_zt=28&vs=99e7fa9556a353c4&_nc_vs=HBksFQIYOnBhc3N0aHJvdWdoX2V2ZXJzdG9yZS9HR2h3MUNUcjBiTmRGZlVFQU1JZnRLNDNCVGQ3YnNwVEFRQUYVAALIARIAFQIYUWlnX3hwdl9wbGFjZW1lbnRfcGVybWFuZW50X3YyL0RFNEMwNjdDNzI5MkRFQzkwQkQ2QUZERUIzQ0MyN0E4X2F1ZGlvX2Rhc2hpbml0Lm1wNBUCAsgBEgAoABgAGwKIB3VzZV9vaWwBMRJwcm9ncmVzc2l2ZV9yZWNpcGUBMRUAACbW09-G7tW-PxUCKAJDMywXQD8qfvnbItEYEmRhc2hfYmFzZWxpbmVfMV92MREAdeoHZeadAQA&oh=00_AfrYgjR0urxpiLcEpjnMJ96desMM8M_L1MRlyqX8YepH_A&oe=69761558']",,https://www.threads.net/@gazzat.hope.for.kids/post/DTpe4ZjDgZ9,[],"{'likes': 100, 'reposts': 12, 'quotes': 0}",threads,3812714376663533181,Kids Of Gazzat,,"Every child deserves a classroom, not a conflict zone. Help Gaza’s kids access education today.",threads,75821089322,gazzat.hope.for.kids
[],2026-01-21T09:31:02.445953+07:00,"Last night, Senate Republicans voted against a resolution that would require Congressional approval before President Trump engages us in further hostilities with Venezuela.
 
We cannot allow this conflict to escalate at the expense of American lives. Unfortunately, the majority of my Senate Republican colleagues don’t agree.",2026-01-15T19:42:55+07:00,,3810617069978102365,threads,threads.com,threads_crawler_v1,https://www.threads.net/@senatordurbin/post/DTiCAkfFapd,https://instagram.fhan4-6.fna.fbcdn.net/v/t51.2885-19/358031209_174548155610121_8293233757602899876_n.jpg?stp=dst-jpg_s150x150_tt6&efg=eyJ2ZW5jb2RlX3RhZyI6InByb2ZpbGVfcGljLmRqYW5nby40MDAuYzIifQ&_nc_ht=instagram.fhan4-6.fna.fbcdn.net&_nc_cat=109&_nc_oc=Q6cZ2QFY1II3FA-bRF1TlUtXuL_zAxoFDlLoSkZ1NW4yCaFWPCONg2kV1DrZq0_c3X7SJiE&_nc_ohc=TJz5sbXvwskQ7kNvwG0z1Q3&_nc_gid=e0LhSZODwAotP3oRQjPq4A&edm=AJhczIQBAAAA&ccb=7-5&oh=00_AfpKdbnb_Z2epactQbIqQsclkT3XAvavujDm3-4VgI3HzQ&oe=69761A87&_nc_sid=4a2096,68,0,616,82,0,[],,https://www.threads.net/@senatordurbin/post/DTiCAkfFapd,[],"{'likes': 616, 'reposts': 80, 'quotes': 2}",threads,3810617069978102365,Senator Dick Durbin,,"Last night, Senate Republicans voted against a resolution that would require Congressional approval before President Trump engages us in further hostilities with Venezuela.
 
We cannot allow this conflict to escalate at the expense of American lives. Unfortunately, the majority of my Senate Republican colleagues don’t agree.",threads,63436118798,senatordurbin
[],2026-01-21T09:31:02.446002+07:00,"PSYCHOLOGICAL TRUTHS PEOPLE DON’T LIKE HEARING:

1. Overworking — Many people aren’t ambitious, they’re avoiding their personal lives.
2. Avoiding conflict — “I hate drama” often means “I don’t know how to communicate.”
3. Always being logical — Emotional suppression disguised as intelligence.
4. Needing constant reassurance — Not insecurity, but inconsistent love in the past.",2026-01-11T19:32:13+07:00,,3807712586298087911,threads,threads.com,threads_crawler_v1,https://www.threads.net/@psychology_maps/post/DTXtmxRFNnn,https://instagram.fhan4-5.fna.fbcdn.net/v/t51.2885-19/572650984_17846856411595754_698352428032105393_n.jpg?stp=dst-jpg_s150x150_tt6&efg=eyJ2ZW5jb2RlX3RhZyI6InByb2ZpbGVfcGljLmRqYW5nby44MTUuYzIifQ&_nc_ht=instagram.fhan4-5.fna.fbcdn.net&_nc_cat=102&_nc_oc=Q6cZ2QFY1II3FA-bRF1TlUtXuL_zAxoFDlLoSkZ1NW4yCaFWPCONg2kV1DrZq0_c3X7SJiE&_nc_ohc=Hc7EWmgj9m4Q7kNvwEZaYC6&_nc_gid=e0LhSZODwAotP3oRQjPq4A&edm=AJhczIQBAAAA&ccb=7-5&oh=00_Afpt4eTqcacjHeua74tdu8cccdOnATubDP3SoFbF_f-Lcw&oe=697610C0&_nc_sid=4a2096,1,0,65,10,0,[],,https://www.threads.net/@psychology_maps/post/DTXtmxRFNnn,[],"{'likes': 65, 'reposts': 10, 'quotes': 0}",threads,3807712586298087911,Psychology Maps,,"PSYCHOLOGICAL TRUTHS PEOPLE DON’T LIKE HEARING:

1. Overworking — Many people aren’t ambitious, they’re avoiding their personal lives.
2. Avoiding conflict — “I hate drama” often means “I don’t know how to communicate.”
3. Always being logical — Emotional suppression disguised as intelligence.
4. Needing constant reassurance — Not insecurity, but inconsistent love in the past.",threads,77910267753,psychology_maps
[],2026-01-21T09:31:02.446041+07:00,"This message will hit your timeline when your spirit is ready and your heart is open to embody what's about to unfold. The past 15-20 years of your life have been filled with emotional upheaval, uncertainty and instability. This prolonged battle has left you weary and exhausted from managing conflict, navigating instability and prioritizing others needs. You are going to see a turn of events in your life. This is your CONFIRMATION because you are reading this at this very moment in time.",2025-12-15T21:19:29+07:00,,3788197623438779708,threads,threads.com,threads_crawler_v1,https://www.threads.net/@deborahkwanga/post/DSSYar0DCU8,https://instagram.fhan4-1.fna.fbcdn.net/v/t51.2885-19/543654041_17843229864572501_3074552433337678961_n.jpg?stp=dst-jpg_s150x150_tt6&efg=eyJ2ZW5jb2RlX3RhZyI6InByb2ZpbGVfcGljLmRqYW5nby4xMDgwLmMyIn0&_nc_ht=instagram.fhan4-1.fna.fbcdn.net&_nc_cat=105&_nc_oc=Q6cZ2QFY1II3FA-bRF1TlUtXuL_zAxoFDlLoSkZ1NW4yCaFWPCONg2kV1DrZq0_c3X7SJiE&_nc_ohc=Bec-WhQFy4IQ7kNvwFOfvml&_nc_gid=e0LhSZODwAotP3oRQjPq4A&edm=AJhczIQBAAAA&ccb=7-5&oh=00_AfpVHa9S73dbmG1Ukn9T8UImH38d2kyS294IXod-uRaLqg&oe=6975FE30&_nc_sid=4a2096,269,0,3073,57,0,[],,https://www.threads.net/@deborahkwanga/post/DSSYar0DCU8,[],"{'likes': 3073, 'reposts': 56, 'quotes': 1}",threads,3788197623438779708,Deborah Kwanga™️,,"This message will hit your timeline when your spirit is ready and your heart is open to embody what's about to unfold. The past 15-20 years of your life have been filled with emotional upheaval, uncertainty and instability. This prolonged battle has left you weary and exhausted from managing conflict, navigating instability and prioritizing others needs. You are going to see a turn of events in your life. This is your CONFIRMATION because you are reading this at this very moment in time.",threads,77097652500,deborahkwanga
[],2026-01-21T09:31:02.446076+07:00,"Funny how ""People Pleasing"" translates to: 

""A survival mechanism I developed to avoid conflict with emotionally immature adults.""",2026-01-02T01:10:33+07:00,,3800635114590827289,threads,threads.com,threads_crawler_v1,https://www.threads.net/@her___relief/post/DS-kYAGD_MZ,https://instagram.fhan4-6.fna.fbcdn.net/v/t51.2885-19/589263839_17843103537654477_3414006261786611978_n.jpg?stp=dst-jpg_s150x150_tt6&efg=eyJ2ZW5jb2RlX3RhZyI6InByb2ZpbGVfcGljLmRqYW5nby45OTIuYzIifQ&_nc_ht=instagram.fhan4-6.fna.fbcdn.net&_nc_cat=109&_nc_oc=Q6cZ2QFY1II3FA-bRF1TlUtXuL_zAxoFDlLoSkZ1NW4yCaFWPCONg2kV1DrZq0_c3X7SJiE&_nc_ohc=50kpmvXsSjsQ7kNvwH9VqO9&_nc_gid=e0LhSZODwAotP3oRQjPq4A&edm=AJhczIQBAAAA&ccb=7-5&oh=00_AfpCiEEni4hmG4Kp1GuKXzCOkD27oe0cTNGlpRZiuAaL6g&oe=69761455&_nc_sid=4a2096,35,0,1397,148,0,[],,https://www.threads.net/@her___relief/post/DS-kYAGD_MZ,[],"{'likes': 1397, 'reposts': 144, 'quotes': 4}",threads,3800635114590827289,Her Relief,,"Funny how ""People Pleasing"" translates to: 

""A survival mechanism I developed to avoid conflict with emotionally immature adults.""",threads,79556582476,her___relief
[],2026-01-21T09:31:02.446110+07:00,"It makes no sense how the Bel-Air series finale had me sobbing. It was so perfect! It is one of the few Black shows from beginning to end that showed how Black excellence can coexist with being flawed, layered, and complicated. I'm going to miss having a show rooted in a Black family that loves each other, works through conflict in a healthy way, and supports one another.  Bravo to the cast and crew on a brilliant four seasons!",2025-12-13T00:16:00+07:00,,3786112139070140963,threads,threads.com,threads_crawler_v1,https://www.threads.net/@reeciecolbert/post/DSK-O5JEfIj,https://instagram.fhan3-2.fna.fbcdn.net/v/t51.2885-19/358237044_1700327833744123_8173411834249886408_n.jpg?stp=dst-jpg_s150x150_tt6&efg=eyJ2ZW5jb2RlX3RhZyI6InByb2ZpbGVfcGljLmRqYW5nby4xMDgwLmMyIn0&_nc_ht=instagram.fhan3-2.fna.fbcdn.net&_nc_cat=107&_nc_oc=Q6cZ2QFY1II3FA-bRF1TlUtXuL_zAxoFDlLoSkZ1NW4yCaFWPCONg2kV1DrZq0_c3X7SJiE&_nc_ohc=cvX9HPI_1IIQ7kNvwE4q_MJ&_nc_gid=e0LhSZODwAotP3oRQjPq4A&edm=AJhczIQBAAAA&ccb=7-5&oh=00_Afqku0AufFqVXOKXOCvsPrOSwFOE5O8DM_cejdsJ9ncABg&oe=6976272E&_nc_sid=4a2096,7,0,97,4,0,[],,https://www.threads.net/@reeciecolbert/post/DSK-O5JEfIj,[],"{'likes': 97, 'reposts': 3, 'quotes': 1}",threads,3786112139070140963,Reecie Colbert,Bel-Air Peacock,"It makes no sense how the Bel-Air series finale had me sobbing. It was so perfect! It is one of the few Black shows from beginning to end that showed how Black excellence can coexist with being flawed, layered, and complicated. I'm going to miss having a show rooted in a Black family that loves each other, works through conflict in a healthy way, and supports one another.  Bravo to the cast and crew on a brilliant four seasons!",threads,63066981872,reeciecolbert
[],2026-01-21T09:31:02.446194+07:00,"🚨 ALERT : Russia is still killing thousands of Ukranians every day. When will the massacre stop ? 

Facts : 

400,000+ Russian casualties in Ukraine war in 2025

Russia wages Europe's largest military conflict since 1945

Main enemy of peace. 🇪🇺⚔️",2025-12-28T20:20:53+07:00,,3797590214311436242,threads,threads.com,threads_crawler_v1,https://www.threads.net/@europa.maxima/post/DSzwC3uiF_S,https://instagram.fhan4-1.fna.fbcdn.net/v/t51.2885-19/612636668_17933586813158981_1417865552960775593_n.jpg?stp=dst-jpg_s150x150_tt6&efg=eyJ2ZW5jb2RlX3RhZyI6InByb2ZpbGVfcGljLmRqYW5nby4xMDgwLmMyIn0&_nc_ht=instagram.fhan4-1.fna.fbcdn.net&_nc_cat=105&_nc_oc=Q6cZ2QFY1II3FA-bRF1TlUtXuL_zAxoFDlLoSkZ1NW4yCaFWPCONg2kV1DrZq0_c3X7SJiE&_nc_ohc=RIakDqWvolUQ7kNvwHbbbq-&_nc_gid=e0LhSZODwAotP3oRQjPq4A&edm=AJhczIQBAAAA&ccb=7-5&oh=00_AfpEDSZr_k7koMndBOrBAEhc35B1PeY8TGUfyBzLVtOT7w&oe=6975F2C0&_nc_sid=4a2096,70,0,206,31,0,['https://instagram.fhan4-1.fna.fbcdn.net/v/t51.2885-15/607166089_17932143864158981_1506255425441397647_n.webp?efg=eyJ2ZW5jb2RlX3RhZyI6InRocmVhZHMuQ0FST1VTRUxfSVRFTS5pbWFnZV91cmxnZW4uMTIwMHg2NzUuc2RyLmY4Mjc4Ny5kZWZhdWx0X2ltYWdlLmMyIn0&_nc_ht=instagram.fhan4-1.fna.fbcdn.net&_nc_cat=105&_nc_oc=Q6cZ2QFY1II3FA-bRF1TlUtXuL_zAxoFDlLoSkZ1NW4yCaFWPCONg2kV1DrZq0_c3X7SJiE&_nc_ohc=sXNYIUmfK9oQ7kNvwFk2lsP&_nc_gid=e0LhSZODwAotP3oRQjPq4A&edm=AJhczIQBAAAA&ccb=7-5&ig_cache_key=Mzc5NzU5MDIwMzEwNDI4MDIwNQ%3D%3D.3-ccb7-5&oh=00_AfqaOm16yafra7-BHhKKlAS6fq35YGdS73nHNoeHz3KQRg&oe=697610FC&_nc_sid=4a2096'],,https://www.threads.net/@europa.maxima/post/DSzwC3uiF_S,[],"{'likes': 206, 'reposts': 28, 'quotes': 3}",threads,3797590214311436242,Europa Maxima,,"🚨 ALERT : Russia is still killing thousands of Ukranians every day. When will the massacre stop ? 

Facts : 

400,000+ Russian casualties in Ukraine war in 2025

Russia wages Europe's largest military conflict since 1945

Main enemy of peace. 🇪🇺⚔️",threads,64707806980,europa.maxima
[],2026-01-21T09:31:02.446241+07:00,"Idols genuinely want to form friendships with their senior artists or with anyone in the same industry, and their intentions are sincere. However, because fans often react negatively through bashing, rumors or conflict, idols choose to distance themselves to avoid trouble. This situation causes emotional pain for idols, even though they did nothing wrong. 😢",2026-01-18T13:42:32+07:00,,3812610007473069898,threads,threads.com,threads_crawler_v1,https://www.threads.net/@str_ncmnd/post/DTpHJoKiB9K,https://instagram.fhan4-3.fna.fbcdn.net/v/t51.2885-19/616570008_17895388575384516_1736356210463514786_n.jpg?stp=dst-jpg_s150x150_tt6&efg=eyJ2ZW5jb2RlX3RhZyI6InByb2ZpbGVfcGljLmRqYW5nby4xMDgwLmMyIn0&_nc_ht=instagram.fhan4-3.fna.fbcdn.net&_nc_cat=100&_nc_oc=Q6cZ2QFY1II3FA-bRF1TlUtXuL_zAxoFDlLoSkZ1NW4yCaFWPCONg2kV1DrZq0_c3X7SJiE&_nc_ohc=Tu5dfMelb04Q7kNvwFWXSFB&_nc_gid=e0LhSZODwAotP3oRQjPq4A&edm=AJhczIQBAAAA&ccb=7-5&oh=00_AfqjU-2iBfJS8ASB0ZgxchA-DG9h7RqiYWsmxWkx_4aT8Q&oe=69761613&_nc_sid=4a2096,1,0,16,2,0,[],,https://www.threads.net/@str_ncmnd/post/DTpHJoKiB9K,[],"{'likes': 16, 'reposts': 2, 'quotes': 0}",threads,3812610007473069898,ᜐ᜔ᜆᜇ᜔ᜑ᜔ᜁᜎ᜔ᜎ᜔,Kpop,"Idols genuinely want to form friendships with their senior artists or with anyone in the same industry, and their intentions are sincere. However, because fans often react negatively through bashing, rumors or conflict, idols choose to distance themselves to avoid trouble. This situation causes emotional pain for idols, even though they did nothing wrong. 😢",threads,71706448515,str_ncmnd
[],2026-01-21T09:31:02.446277+07:00,"Massive protests in London outside BBC chanting ""Ayatollah BBC"" criticizing them for their selective coverage of conflict. 🦁",2026-01-18T22:38:17+07:00,,3812879666282673313,threads,threads.com,threads_crawler_v1,https://www.threads.net/@gdubb82/post/DTqEdrgFrSh,https://instagram.fjdh3-1.fna.fbcdn.net/v/t51.2885-19/573323465_1219825463302212_7278921664109726296_n.png?stp=dst-jpg_e0_s150x150_tt6&efg=eyJ2ZW5jb2RlX3RhZyI6InByb2ZpbGVfcGljLmRqYW5nby4xNTAuYzIifQ&_nc_ht=instagram.fjdh3-1.fna.fbcdn.net&_nc_cat=1&_nc_oc=Q6cZ2QEQQ6VPoIfbyTTh10D40Qz4Lcs0jXkCP2r719Sk7SzQH6etPEQOuflie5NX3bgknDWhE__o_GAliG9dOEVaFSI0&_nc_ohc=w99BE6bfs5AQ7kNvwE5r0l0&_nc_gid=9ggdZ6pKESLQBmnonsycLQ&edm=AHBgTAQBAAAA&ccb=7-5&ig_cache_key=YW5vbnltb3VzX3Byb2ZpbGVfcGlj.3-ccb7-5&oh=00_Afrja0SsjoQNUboGFGCYNhc6y6MGoVfQTuWrlRN148OuoQ&oe=69760A2A&_nc_sid=21e75c,16,0,319,24,0,[],,https://www.threads.net/@gdubb82/post/DTqEdrgFrSh,[],"{'likes': 319, 'reposts': 24, 'quotes': 0}",threads,3812879666282673313,Gregory Walters,,"Massive protests in London outside BBC chanting ""Ayatollah BBC"" criticizing them for their selective coverage of conflict. 🦁",threads,63091912186,gdubb82
[],2026-01-21T09:31:02.446332+07:00,"💖 Love Energy vs Self-Sabotage, by Zodiac

♈ Aries – Love win: boldness, Sabotage: rushing
♉ Taurus – Love win: loyalty, Sabotage: stubbornness
♊ Gemini – Love win: communication, Sabotage: inconsistency
♋ Cancer – Love win: devotion, Sabotage: over-giving
♌ Leo – Love win: passion, Sabotage: needing validation
♍ Virgo – Love win: reliability, Sabotage: criticism
♎ Libra – Love win: harmony, Sabotage: avoiding conflict
♏ Scorpio – Love win: depth, Sabotage: jealousy",2026-01-16T04:11:20+07:00,,3810872968674856052,threads,threads.com,threads_crawler_v1,https://www.threads.net/@peopledecoder/post/DTi8MYuAMx0,https://instagram.fhan3-4.fna.fbcdn.net/v/t51.2885-19/476177874_1351539899356122_4265385428731996507_n.jpg?stp=dst-jpg_s150x150_tt6&efg=eyJ2ZW5jb2RlX3RhZyI6InByb2ZpbGVfcGljLmRqYW5nby4xMDI0LmMyIn0&_nc_ht=instagram.fhan3-4.fna.fbcdn.net&_nc_cat=106&_nc_oc=Q6cZ2QFY1II3FA-bRF1TlUtXuL_zAxoFDlLoSkZ1NW4yCaFWPCONg2kV1DrZq0_c3X7SJiE&_nc_ohc=ag3QBDCjBVsQ7kNvwHjCD38&_nc_gid=e0LhSZODwAotP3oRQjPq4A&edm=AJhczIQBAAAA&ccb=7-5&oh=00_AfoKVypRymqusmLEXKVrCoCiCG2PNPQ772S_MICmS_B0_A&oe=6976232A&_nc_sid=4a2096,2,0,277,9,0,[],,https://www.threads.net/@peopledecoder/post/DTi8MYuAMx0,[],"{'likes': 277, 'reposts': 8, 'quotes': 1}",threads,3810872968674856052,Cha Lee,Zodiac threads,"💖 Love Energy vs Self-Sabotage, by Zodiac

♈ Aries – Love win: boldness, Sabotage: rushing
♉ Taurus – Love win: loyalty, Sabotage: stubbornness
♊ Gemini – Love win: communication, Sabotage: inconsistency
♋ Cancer – Love win: devotion, Sabotage: over-giving
♌ Leo – Love win: passion, Sabotage: needing validation
♍ Virgo – Love win: reliability, Sabotage: criticism
♎ Libra – Love win: harmony, Sabotage: avoiding conflict
♏ Scorpio – Love win: depth, Sabotage: jealousy",threads,71922815861,peopledecoder
[],2026-01-21T09:31:02.446370+07:00,"Teachers aren’t given enough recovery time. 

You move from conflict → curriculum → meltdown → meeting without a single pause.

No nervous system can cycle that fast without consequences.",2025-12-11T06:10:48+07:00,,3784841166878184323,threads,threads.com,threads_crawler_v1,https://www.threads.net/@creatingcalmclassrooms/post/DSGdP0DDJOD,https://instagram.fhan4-3.fna.fbcdn.net/v/t51.2885-19/549823786_17845815789570096_663786340702446203_n.jpg?stp=dst-jpg_s150x150_tt6&efg=eyJ2ZW5jb2RlX3RhZyI6InByb2ZpbGVfcGljLmRqYW5nby42ODAuYzIifQ&_nc_ht=instagram.fhan4-3.fna.fbcdn.net&_nc_cat=100&_nc_oc=Q6cZ2QFY1II3FA-bRF1TlUtXuL_zAxoFDlLoSkZ1NW4yCaFWPCONg2kV1DrZq0_c3X7SJiE&_nc_ohc=UzSRNPpwphUQ7kNvwEdYLOU&_nc_gid=e0LhSZODwAotP3oRQjPq4A&edm=AJhczIQBAAAA&ccb=7-5&oh=00_AfrKr3-uQ9jhh6q9bH2Dn8R-Tut7QRnUPE6cQxhV97Af7A&oe=6975F273&_nc_sid=4a2096,45,0,2135,146,0,[],,https://www.threads.net/@creatingcalmclassrooms/post/DSGdP0DDJOD,[],"{'likes': 2135, 'reposts': 138, 'quotes': 8}",threads,3784841166878184323,CCC | Teacher Tools • Nervous System Literacy,,"Teachers aren’t given enough recovery time. 

You move from conflict → curriculum → meltdown → meeting without a single pause.

No nervous system can cycle that fast without consequences.",threads,77176530095,creatingcalmclassrooms
[],2026-01-21T09:31:02.446416+07:00,"For all the people who complained about the storyline. We just had to keep watching. 
The Conflict: Ainsley arrives at cheer camp unprepared for the physical demands of tryouts.
The Coach/Trainer: Her former roommate, Paigyn, who is now a trainer, helps her, and Ainsley later earns the respect of the coach after defending Paigyn from harassment.",2026-01-18T23:15:09+07:00,,3812898215238347013,threads,threads.com,threads_crawler_v1,https://www.threads.net/@kandies7113/post/DTqIrmkAKkF,https://instagram.fhan3-4.fna.fbcdn.net/v/t51.2885-19/460505380_1022308033015566_401662211785757107_n.jpg?stp=dst-jpg_s150x150_tt6&efg=eyJ2ZW5jb2RlX3RhZyI6InByb2ZpbGVfcGljLmRqYW5nby4xMDgwLmMyIn0&_nc_ht=instagram.fhan3-4.fna.fbcdn.net&_nc_cat=106&_nc_oc=Q6cZ2QFY1II3FA-bRF1TlUtXuL_zAxoFDlLoSkZ1NW4yCaFWPCONg2kV1DrZq0_c3X7SJiE&_nc_ohc=_-oar1_0zXMQ7kNvwEjnyzy&_nc_gid=e0LhSZODwAotP3oRQjPq4A&edm=AJhczIQBAAAA&ccb=7-5&oh=00_Afri2b3ukkYRPR521t9af9n1jfalj_6Lv5a4ncDXbbO-BQ&oe=6976193A&_nc_sid=4a2096,1,0,12,0,0,[],,https://www.threads.net/@kandies7113/post/DTqIrmkAKkF,[],"{'likes': 12, 'reposts': 0, 'quotes': 0}",threads,3812898215238347013,Kandie W,Landman,"For all the people who complained about the storyline. We just had to keep watching. 
The Conflict: Ainsley arrives at cheer camp unprepared for the physical demands of tryouts.
The Coach/Trainer: Her former roommate, Paigyn, who is now a trainer, helps her, and Ainsley later earns the respect of the coach after defending Paigyn from harassment.",threads,68860870347,kandies7113
[],2026-01-21T09:31:02.446457+07:00,"I’ve been thinking a lot about selective outrage lately.

If moral urgency only activates for one conflict, one narrative, one kind of protest, it isn’t moral clarity, it’s just performative. 

Justice was never meant to be convenient or singular. It’s meant to be expansive...something we are meant to continually pursue. And if our sense of responsibility can’t stretch to hold more than one truth at a time, then it isn’t justice.

So let’s talk about what that looks like in real time. 🧵",2026-01-15T23:41:03+07:00,,3810736929823070336,threads,threads.com,threads_crawler_v1,https://www.threads.net/@lisa.silverstein.nelson/post/DTidQwqkRiA,https://instagram.fhan4-3.fna.fbcdn.net/v/t51.2885-19/358338906_6092558280852574_8559932399204160953_n.jpg?stp=dst-jpg_s150x150_tt6&efg=eyJ2ZW5jb2RlX3RhZyI6InByb2ZpbGVfcGljLmRqYW5nby4xMDA4LmMyIn0&_nc_ht=instagram.fhan4-3.fna.fbcdn.net&_nc_cat=110&_nc_oc=Q6cZ2QFY1II3FA-bRF1TlUtXuL_zAxoFDlLoSkZ1NW4yCaFWPCONg2kV1DrZq0_c3X7SJiE&_nc_ohc=6YxEWvGAWwcQ7kNvwFyYJKI&_nc_gid=e0LhSZODwAotP3oRQjPq4A&edm=AJhczIQBAAAA&ccb=7-5&oh=00_AfoYAdNBZ-IXRHHNZAQrl_QeAmMNcJN_saPJkMOgY3xBbA&oe=69760FE7&_nc_sid=4a2096,3,0,16,1,0,[],,https://www.threads.net/@lisa.silverstein.nelson/post/DTidQwqkRiA,[],"{'likes': 16, 'reposts': 1, 'quotes': 0}",threads,3810736929823070336,Lisa Silverstein Nelson,Selective Outrage,"I’ve been thinking a lot about selective outrage lately.

If moral urgency only activates for one conflict, one narrative, one kind of protest, it isn’t moral clarity, it’s just performative. 

Justice was never meant to be convenient or singular. It’s meant to be expansive...something we are meant to continually pursue. And if our sense of responsibility can’t stretch to hold more than one truth at a time, then it isn’t justice.

So let’s talk about what that looks like in real time. 🧵",threads,63302554880,lisa.silverstein.nelson
[],2026-01-21T09:31:02.446494+07:00,"In The Okoro Conflict, a quest Creation by TheMilkArtist, you'll help Dr. Samuel Lorne, head researcher for Invictus Biochem's Okoro project, and unravel the motives behind a mysterious spacer group threatening the Lunara system.

Watch TheMilkArtist's trailer below and check out the Creation here: 

",2026-01-17T22:00:18+07:00,,3812135625760535181,threads,threads.com,threads_crawler_v1,https://www.threads.net/@starfieldgame/post/DTnbSdxEXKN,https://instagram.fhan4-5.fna.fbcdn.net/v/t51.2885-19/467416957_1100046728369031_8108257527310748724_n.jpg?stp=dst-jpg_s150x150_tt6&efg=eyJ2ZW5jb2RlX3RhZyI6InByb2ZpbGVfcGljLmRqYW5nby42MTIuYzIifQ&_nc_ht=instagram.fhan4-5.fna.fbcdn.net&_nc_cat=103&_nc_oc=Q6cZ2QFY1II3FA-bRF1TlUtXuL_zAxoFDlLoSkZ1NW4yCaFWPCONg2kV1DrZq0_c3X7SJiE&_nc_ohc=kapUfiGQIFQQ7kNvwEIjapq&_nc_gid=e0LhSZODwAotP3oRQjPq4A&edm=AJhczIQBAAAA&ccb=7-5&oh=00_AfqiSt-A-aeyJ1mhhvgfvQUUpZj8_eyT4oFRMG8wZ0m9nQ&oe=697606C4&_nc_sid=4a2096,3,0,28,2,0,[],,https://www.threads.net/@starfieldgame/post/DTnbSdxEXKN,[],"{'likes': 28, 'reposts': 2, 'quotes': 0}",threads,3812135625760535181,Starfield,,"In The Okoro Conflict, a quest Creation by TheMilkArtist, you'll help Dr. Samuel Lorne, head researcher for Invictus Biochem's Okoro project, and unravel the motives behind a mysterious spacer group threatening the Lunara system.

Watch TheMilkArtist's trailer below and check out the Creation here: https://beth.games/4qXocTp

https://www.youtube.com/watch?v=ln_jm3VLxog",threads,63435848223,starfieldgame
