categories,collectDate,content,createDate,description,docId,docType,domain,fromCrawler,link,logoLink,numComments,numDislikes,numLikes,numShares,numViews,pictures,postId,postLink,provinces,reactions,source,sourceId,sourceName,tags,title,type,userId,userName
[],2026-01-14T16:25:52.436311+07:00,"trước xem video ông kia người Mỹ nói về chiến tranh ở Việt Nam xong ổng gọi là ""Vietnam war"". Xong có ông người Việt vào chỉnh là ko phải ""Vietnam war"" nha m nó là ""Resistance war against America"". Xong ông người Mỹ rep là ""ok nếu m muốn v nhưng t nói thiệt cái war nào của Mỹ cũng là Resistance war against America hết t gọi v t ko phân biệt đc"" :)))))))))",2025-12-10T00:29:45+07:00,,3783944739726027896,threads,threads.com,threads_crawler_v1,https://www.threads.net/@ccccccccucai/post/DSDRbFNE-x4,https://instagram.fhan4-5.fna.fbcdn.net/v/t51.2885-19/432348171_267886349704251_599083442256430622_n.jpg?stp=dst-jpg_s150x150_tt6&efg=eyJ2ZW5jb2RlX3RhZyI6InByb2ZpbGVfcGljLmRqYW5nby4xMDgwLmMyIn0&_nc_ht=instagram.fhan4-5.fna.fbcdn.net&_nc_cat=103&_nc_oc=Q6cZ2QEMgDyq-qc19kk67ad_wAMNFs3fWoXgj_05NDBCVq_Y7SlJH3fo87t0VALlJJdrG9c&_nc_ohc=Fn-rc1EdicQQ7kNvwEf_PBY&_nc_gid=RwdnE0mOpKW9Obvvm2aV-w&edm=AJhczIQBAAAA&ccb=7-5&oh=00_AfrfWHyDvj9zsiMwB0O1lZHhc78XWta2LrM_F2mK_haWJQ&oe=696D2F25&_nc_sid=4a2096,683,0,27273,1820,0,[],,https://www.threads.net/@ccccccccucai/post/DSDRbFNE-x4,[],"{'likes': 27273, 'reposts': 1798, 'quotes': 22}",threads,3783944739726027896,Củ Cải,,"trước xem video ông kia người Mỹ nói về chiến tranh ở Việt Nam xong ổng gọi là ""Vietnam war"". Xong có ông người Việt vào chỉnh là ko phải ""Vietnam war"" nha m nó là ""Resistance war against America"". Xong ông người Mỹ rep là ""ok nếu m muốn v nhưng t nói thiệt cái war nào của Mỹ cũng là Resistance war against America hết t gọi v t ko phân biệt đc"" :)))))))))",threads,65220626324,ccccccccucai
[],2026-01-14T16:25:52.436435+07:00,"Sascha Riley, a decorated Iraq war veteran, has come forward with detailed allegations about child trafficking and abuse within the Epstein network. Journalist Lisa Noelle Volding has published his full testimony.
Before clicking: This contains extremely disturbing descriptions of child abuse, violence, and murder. It may be deeply traumatic to read or listen to. Please take care of your mental health.",2026-01-13T09:04:25+07:00,,3808846151730978984,threads,threads.com,threads_crawler_v1,https://www.threads.net/@legallysammy/post/DTbvWUWCeCo,https://instagram.fhan3-2.fna.fbcdn.net/v/t51.2885-19/612096362_18553658080010527_1903761740407382553_n.jpg?stp=dst-jpg_s150x150_tt6&efg=eyJ2ZW5jb2RlX3RhZyI6InByb2ZpbGVfcGljLmRqYW5nby4xMDgwLmMyIn0&_nc_ht=instagram.fhan3-2.fna.fbcdn.net&_nc_cat=107&_nc_oc=Q6cZ2QEMgDyq-qc19kk67ad_wAMNFs3fWoXgj_05NDBCVq_Y7SlJH3fo87t0VALlJJdrG9c&_nc_ohc=cHnjJq5ooHoQ7kNvwFCQf9p&_nc_gid=RwdnE0mOpKW9Obvvm2aV-w&edm=AJhczIQBAAAA&ccb=7-5&oh=00_AfpA4Pac8vA01D3AUd7PCGzOqiXX8heAieMqn8AxPJ3jTw&oe=696D326D&_nc_sid=4a2096,187,0,5275,1041,0,[],,https://www.threads.net/@legallysammy/post/DTbvWUWCeCo,[],"{'likes': 5275, 'reposts': 1003, 'quotes': 38}",threads,3808846151730978984,Samuel del Rosario,,"Sascha Riley, a decorated Iraq war veteran, has come forward with detailed allegations about child trafficking and abuse within the Epstein network. Journalist Lisa Noelle Volding has published his full testimony.
Before clicking: This contains extremely disturbing descriptions of child abuse, violence, and murder. It may be deeply traumatic to read or listen to. Please take care of your mental health.",threads,63260723871,legallysammy
[],2026-01-14T16:25:52.436538+07:00,"BREAKING: The United States military used an aircraft that looked like a civilian aircraft when striking a boat, per the NYT. 

This is a violation of the laws of war. This is textbook perfidy.",2026-01-13T07:28:00+07:00,,3808797624582125194,threads,threads.com,threads_crawler_v1,https://www.threads.net/@aaronparnas/post/DTbkUJ6kbaK,https://instagram.fhan3-3.fna.fbcdn.net/v/t51.2885-19/363308494_227453469765682_4538736073011655090_n.jpg?stp=dst-jpg_s150x150_tt6&efg=eyJ2ZW5jb2RlX3RhZyI6InByb2ZpbGVfcGljLmRqYW5nby4xMDgwLmMyIn0&_nc_ht=instagram.fhan3-3.fna.fbcdn.net&_nc_cat=1&_nc_oc=Q6cZ2QEMgDyq-qc19kk67ad_wAMNFs3fWoXgj_05NDBCVq_Y7SlJH3fo87t0VALlJJdrG9c&_nc_ohc=3V5VNFrl5igQ7kNvwGqi85H&_nc_gid=RwdnE0mOpKW9Obvvm2aV-w&edm=AJhczIQBAAAA&ccb=7-5&oh=00_AfqDzwpm8P0vWeZ5ylCwD0qlUIUY84sCMlo0aW7ae2TU8g&oe=696D207B&_nc_sid=4a2096,843,0,36308,3415,0,[],,https://www.threads.net/@aaronparnas/post/DTbkUJ6kbaK,[],"{'likes': 36308, 'reposts': 3333, 'quotes': 82}",threads,3808797624582125194,Aaron Parnas,,"BREAKING: The United States military used an aircraft that looked like a civilian aircraft when striking a boat, per the NYT. 

This is a violation of the laws of war. This is textbook perfidy.",threads,63265609167,aaronparnas
[],2026-01-14T16:25:52.436593+07:00,I cannot believe the President of the United State has declared war on Minnesota and Congress and SCOTUS sit by and do nothing. He has declared war on his owned damned country?!?,2026-01-13T21:16:12+07:00,,3809214473572354144,threads,threads.com,threads_crawler_v1,https://www.threads.net/@jcresists/post/DTdDGGyjohg,https://instagram.fhan4-5.fna.fbcdn.net/v/t51.2885-19/472456297_606982235250554_6026764864331823216_n.jpg?stp=dst-jpg_s150x150_tt6&efg=eyJ2ZW5jb2RlX3RhZyI6InByb2ZpbGVfcGljLmRqYW5nby4xMDgwLmMyIn0&_nc_ht=instagram.fhan4-5.fna.fbcdn.net&_nc_cat=102&_nc_oc=Q6cZ2QEMgDyq-qc19kk67ad_wAMNFs3fWoXgj_05NDBCVq_Y7SlJH3fo87t0VALlJJdrG9c&_nc_ohc=6s3O_9SrkJsQ7kNvwFgKQlc&_nc_gid=RwdnE0mOpKW9Obvvm2aV-w&edm=AJhczIQBAAAA&ccb=7-5&oh=00_AfokyGUyvWOdBSjVkNW5o-rh-uOF1WKBaAf3RBylbTwEfg&oe=696D27A0&_nc_sid=4a2096,175,0,9379,872,0,[],,https://www.threads.net/@jcresists/post/DTdDGGyjohg,[],"{'likes': 9379, 'reposts': 856, 'quotes': 16}",threads,3809214473572354144,JC Resists,,I cannot believe the President of the United State has declared war on Minnesota and Congress and SCOTUS sit by and do nothing. He has declared war on his owned damned country?!?,threads,63261888028,jcresists
[],2026-01-14T16:25:52.436629+07:00,"I can't believe I'm posting this video - but we actually have to have a conversation about the real world implications of America going to war over Greenland. 

Let me walk you through it. It doesn't turn out well for us.",2026-01-11T09:43:55+07:00,,3807415717663245260,threads,threads.com,threads_crawler_v1,https://www.threads.net/@senchrismurphy/post/DTWqGwzjoPM,https://instagram.fhan4-3.fna.fbcdn.net/v/t51.2885-19/570566233_17847509361591502_2836687104386371720_n.jpg?stp=dst-jpg_s150x150_tt6&efg=eyJ2ZW5jb2RlX3RhZyI6InByb2ZpbGVfcGljLmRqYW5nby43MzcuYzIifQ&_nc_ht=instagram.fhan4-3.fna.fbcdn.net&_nc_cat=110&_nc_oc=Q6cZ2QEMgDyq-qc19kk67ad_wAMNFs3fWoXgj_05NDBCVq_Y7SlJH3fo87t0VALlJJdrG9c&_nc_ohc=h-qILoShrCcQ7kNvwEGAMXm&_nc_gid=RwdnE0mOpKW9Obvvm2aV-w&edm=AJhczIQBAAAA&ccb=7-5&oh=00_AfpupD_1ez_seGJRXR9TPMOfW2iHH8NsE5CfDERWpuUgGQ&oe=696D36B7&_nc_sid=4a2096,1806,0,18551,3872,0,"['https://instagram.fhan4-6.fna.fbcdn.net/v/t51.2885-15/613560039_770997066018212_3227950285810353508_n.jpg?stp=dst-jpg_e15_tt6&efg=eyJ2ZW5jb2RlX3RhZyI6InRocmVhZHMuRkVFRC5pbWFnZV91cmxnZW4uNjQweDY0MC5zZHIuZjcxODc4LmRlZmF1bHRfY292ZXJfZnJhbWUuYzIifQ&_nc_ht=instagram.fhan4-6.fna.fbcdn.net&_nc_cat=108&_nc_oc=Q6cZ2QEMgDyq-qc19kk67ad_wAMNFs3fWoXgj_05NDBCVq_Y7SlJH3fo87t0VALlJJdrG9c&_nc_ohc=UAM_TGvuPkkQ7kNvwHDgCC2&_nc_gid=RwdnE0mOpKW9Obvvm2aV-w&edm=AJhczIQBAAAA&ccb=7-5&ig_cache_key=MzgwNzQxNTcxNzY2MzI0NTI2MA%3D%3D.3-ccb7-5&oh=00_AfqLuGBQJ1vDQFBpt0yMkpswI9Iy-5OBHvMJ13qHA0K4-g&oe=696D1D88&_nc_sid=4a2096', 'https://instagram.fhan4-5.fna.fbcdn.net/o1/v/t16/f2/m84/AQOeeUQyfGMDqdfH1tZeeEFn7TD_PAbkvPEnPPxOB-_ziyqvFCtLilJz1rPbLOysc7Hn5RpHzqMHy7Q-oqFDierGTbT_SgzGfRecP5w.mp4?_nc_cat=102&_nc_oc=AdmK0p-KbcxyF-EFWzxTYOuY3MqYD-mdODZ6bjlEvCpvqtHBZXvjfh062K8drI9f2M0&_nc_sid=5e9851&_nc_ht=instagram.fhan4-5.fna.fbcdn.net&_nc_ohc=qrq3qP49wjkQ7kNvwFIHpQS&efg=eyJ2ZW5jb2RlX3RhZyI6Inhwdl9wcm9ncmVzc2l2ZS5JTlNUQUdSQU0uRkVFRC5DMy43MjAuZGFzaF9iYXNlbGluZV8xX3YxIiwieHB2X2Fzc2V0X2lkIjoyMzEwMTM3NDA5NDU1NDM2LCJhc3NldF9hZ2VfZGF5cyI6MywidmlfdXNlY2FzZV9pZCI6MTAxNjQsImR1cmF0aW9uX3MiOjEyOSwidXJsZ2VuX3NvdXJjZSI6Ind3dyJ9&ccb=17-1&_nc_gid=RwdnE0mOpKW9Obvvm2aV-w&_nc_zt=28&vs=b67aee4fac9da23a&_nc_vs=HBksFQIYTGlnX2JhY2tmaWxsX3RpbWVsaW5lX3ZvZC9DODQ1RDdCRjU3MDEwMTA3REY4NDAzQTEwN0E2NEVCNV92aWRlb19kYXNoaW5pdC5tcDQVAALIARIAFQIYOnBhc3N0aHJvdWdoX2V2ZXJzdG9yZS9HRUR4WXlSNHNQYUJmOGNGQUNJdE1za0RkSTVVYnNwVEFRQUYVAgLIARIAKAAYABsCiAd1c2Vfb2lsATEScHJvZ3Jlc3NpdmVfcmVjaXBlATEVAAAmmJXi-tjDmggVAigCQzMsF0BgKsi0OVgQGBJkYXNoX2Jhc2VsaW5lXzFfdjERAHXqB2XongEA&oh=00_AfplhLrnebKpSDYqBcL9llfwtcMCXEvEZMo0X7bHqxf2qQ&oe=69692A3E']",,https://www.threads.net/@senchrismurphy/post/DTWqGwzjoPM,[],"{'likes': 18551, 'reposts': 3602, 'quotes': 270}",threads,3807415717663245260,Senator Chris Murphy,,"I can't believe I'm posting this video - but we actually have to have a conversation about the real world implications of America going to war over Greenland. 

Let me walk you through it. It doesn't turn out well for us.",threads,77691279501,senchrismurphy
[],2026-01-14T16:25:52.436660+07:00,"📰 BREAKING NEWS: Kim's Korean Kinship: 'Pyongyang's Persian Pledge Punches Yankee!' 🇰🇵🇮🇷🇺🇸

North Korea vows to vault into the fray if U.S. unleashes on Iran, a defiant duo against empire's endless enmity. According to the Brics News, it's multipolar muscle mocking unipolar missile madness, as BRICS bolsters Tehran's titan against Yankee war whims.

Is this a sign of progress or a potential flashpoint? Share your view. ⬇️",2026-01-14T10:51:43+07:00,,3809624916921289667,threads,threads.com,threads_crawler_v1,https://www.threads.net/@brics_countries/post/DTega18kgvD,https://instagram.fhan3-2.fna.fbcdn.net/v/t51.2885-19/358166998_604475065168903_6889593534751746241_n.jpg?stp=dst-jpg_s150x150_tt6&efg=eyJ2ZW5jb2RlX3RhZyI6InByb2ZpbGVfcGljLmRqYW5nby41NTQuYzIifQ&_nc_ht=instagram.fhan3-2.fna.fbcdn.net&_nc_cat=107&_nc_oc=Q6cZ2QEMgDyq-qc19kk67ad_wAMNFs3fWoXgj_05NDBCVq_Y7SlJH3fo87t0VALlJJdrG9c&_nc_ohc=Hv_A7fWTlyIQ7kNvwF1rmBj&_nc_gid=RwdnE0mOpKW9Obvvm2aV-w&edm=AJhczIQBAAAA&ccb=7-5&oh=00_Afo1Yl_n4T8Tea-a0XoluCfd-uSoC0tuf9vIY_rwiqGXAg&oe=696D4877&_nc_sid=4a2096,0,0,30,3,0,['https://instagram.fhan3-3.fna.fbcdn.net/v/t51.2885-15/616088793_17940851673105071_5288330787262624292_n.heic?stp=dst-jpg_e35_tt6&efg=eyJ2ZW5jb2RlX3RhZyI6InRocmVhZHMuRkVFRC5pbWFnZV91cmxnZW4uMTQ0MHgxODAxLnNkci5mODI3ODcuZGVmYXVsdF9pbWFnZS5jMiJ9&_nc_ht=instagram.fhan3-3.fna.fbcdn.net&_nc_cat=111&_nc_oc=Q6cZ2QEMgDyq-qc19kk67ad_wAMNFs3fWoXgj_05NDBCVq_Y7SlJH3fo87t0VALlJJdrG9c&_nc_ohc=qXoLdS6vF8YQ7kNvwGYmorM&_nc_gid=RwdnE0mOpKW9Obvvm2aV-w&edm=AJhczIQBAAAA&ccb=7-5&ig_cache_key=MzgwOTYyNDkxNjkyMTI4OTY2Nw%3D%3D.3-ccb7-5&oh=00_AfpsiST4xY4DwuIuhjHwE2R5oYRzk3W3wBJpBy1VDFh_cA&oe=696D3D7A&_nc_sid=4a2096'],,https://www.threads.net/@brics_countries/post/DTega18kgvD,[],"{'likes': 30, 'reposts': 3, 'quotes': 0}",threads,3809624916921289667,BRICS NEWS,,"📰 BREAKING NEWS: Kim's Korean Kinship: 'Pyongyang's Persian Pledge Punches Yankee!' 🇰🇵🇮🇷🇺🇸

North Korea vows to vault into the fray if U.S. unleashes on Iran, a defiant duo against empire's endless enmity. According to the Brics News, it's multipolar muscle mocking unipolar missile madness, as BRICS bolsters Tehran's titan against Yankee war whims.

Is this a sign of progress or a potential flashpoint? Share your view. ⬇️",threads,63248249070,brics_countries
[],2026-01-14T16:25:52.436691+07:00,"We are in a Civil War, America is just in denial. Get out in the streets and stand with your fellow Americans against this tyrannical regime & it’s Gestapo.",2026-01-14T10:46:23+07:00,,3809622253034673688,threads,threads.com,threads_crawler_v1,https://www.threads.net/@dannykpolitics/post/DTef0FAjhYY,https://instagram.fhan3-3.fna.fbcdn.net/v/t51.2885-19/447801619_432618052892676_827955217001161532_n.jpg?stp=dst-jpg_s150x150_tt6&efg=eyJ2ZW5jb2RlX3RhZyI6InByb2ZpbGVfcGljLmRqYW5nby41MTIuYzIifQ&_nc_ht=instagram.fhan3-3.fna.fbcdn.net&_nc_cat=1&_nc_oc=Q6cZ2QEMgDyq-qc19kk67ad_wAMNFs3fWoXgj_05NDBCVq_Y7SlJH3fo87t0VALlJJdrG9c&_nc_ohc=4uvcjBo_b7YQ7kNvwFKb4LX&_nc_gid=RwdnE0mOpKW9Obvvm2aV-w&edm=AJhczIQBAAAA&ccb=7-5&oh=00_AfpHNb8QkGVLE0SAtnP7R6GZU1yywQaLulEAjozRsSoByw&oe=696D372F&_nc_sid=4a2096,53,0,179,25,0,[],,https://www.threads.net/@dannykpolitics/post/DTef0FAjhYY,[],"{'likes': 179, 'reposts': 24, 'quotes': 1}",threads,3809622253034673688,Danny Krikorian,,"We are in a Civil War, America is just in denial. Get out in the streets and stand with your fellow Americans against this tyrannical regime & it’s Gestapo.",threads,69805090433,dannykpolitics
[],2026-01-14T16:25:52.436721+07:00,"Donald Trump vows a day of ""reckoning"" is coming for the people of Minnesota.",2026-01-13T20:47:06+07:00,,3809199820964490391,threads,threads.com,threads_crawler_v1,https://www.threads.net/@aaronparnas/post/DTc_w4fEeyX,https://instagram.fhan3-3.fna.fbcdn.net/v/t51.2885-19/363308494_227453469765682_4538736073011655090_n.jpg?stp=dst-jpg_s150x150_tt6&efg=eyJ2ZW5jb2RlX3RhZyI6InByb2ZpbGVfcGljLmRqYW5nby4xMDgwLmMyIn0&_nc_ht=instagram.fhan3-3.fna.fbcdn.net&_nc_cat=1&_nc_oc=Q6cZ2QEMgDyq-qc19kk67ad_wAMNFs3fWoXgj_05NDBCVq_Y7SlJH3fo87t0VALlJJdrG9c&_nc_ohc=3V5VNFrl5igQ7kNvwGqi85H&_nc_gid=RwdnE0mOpKW9Obvvm2aV-w&edm=AJhczIQBAAAA&ccb=7-5&oh=00_AfqDzwpm8P0vWeZ5ylCwD0qlUIUY84sCMlo0aW7ae2TU8g&oe=696D207B&_nc_sid=4a2096,2412,0,5791,1030,0,['https://instagram.fhan4-3.fna.fbcdn.net/v/t51.2885-15/613154222_17938974405105168_5217990462751882072_n.jpg?stp=cp6_dst-jpg_e35_tt6&efg=eyJ2ZW5jb2RlX3RhZyI6InRocmVhZHMuRkVFRC5pbWFnZV91cmxnZW4uMTE1NHgxMjM2LnNkci5mODI3ODcuZGVmYXVsdF9pbWFnZS5jMiJ9&_nc_ht=instagram.fhan4-3.fna.fbcdn.net&_nc_cat=100&_nc_oc=Q6cZ2QEMgDyq-qc19kk67ad_wAMNFs3fWoXgj_05NDBCVq_Y7SlJH3fo87t0VALlJJdrG9c&_nc_ohc=W4_JvFBy1FwQ7kNvwH1EAwV&_nc_gid=RwdnE0mOpKW9Obvvm2aV-w&edm=AJhczIQBAAAA&ccb=7-5&ig_cache_key=MzgwOTE5OTgyMDk2NDQ5MDM5MQ%3D%3D.3-ccb7-5&oh=00_AfqYSMLIgdaOXasRJVUm4-5r5RmVJHMkZ4Hm8OGj7nBSDA&oe=696D3EC7&_nc_sid=4a2096'],,https://www.threads.net/@aaronparnas/post/DTc_w4fEeyX,[],"{'likes': 5791, 'reposts': 839, 'quotes': 191}",threads,3809199820964490391,Aaron Parnas,,"Donald Trump vows a day of ""reckoning"" is coming for the people of Minnesota.",threads,63265609167,aaronparnas
[],2026-01-14T16:25:52.436754+07:00,Chứ phải ghi sao nữa? The Resistance War against America? Rồi sao tụi đó biết nước nào chống Mỹ?,2026-01-14T03:10:23+07:00,,3809392733354941127,threads,threads.com,threads_crawler_v1,https://www.threads.net/@bluecat_2802/post/DTdroIJk1rH,https://instagram.fhan3-4.fna.fbcdn.net/v/t51.2885-19/541840710_17923075119106564_1432924237088431670_n.jpg?stp=dst-jpg_s150x150_tt6&efg=eyJ2ZW5jb2RlX3RhZyI6InByb2ZpbGVfcGljLmRqYW5nby4zMjAuYzIifQ&_nc_ht=instagram.fhan3-4.fna.fbcdn.net&_nc_cat=104&_nc_oc=Q6cZ2QEMgDyq-qc19kk67ad_wAMNFs3fWoXgj_05NDBCVq_Y7SlJH3fo87t0VALlJJdrG9c&_nc_ohc=qN46e5BPfcgQ7kNvwFYNi16&_nc_gid=RwdnE0mOpKW9Obvvm2aV-w&edm=AJhczIQBAAAA&ccb=7-5&oh=00_Afpg_IL8psVA3QKAhnRBExKbhzflofe1_tWduDDX2xaPxg&oe=696D200A&_nc_sid=4a2096,6,0,22,0,0,[],,https://www.threads.net/@bluecat_2802/post/DTdroIJk1rH,[],"{'likes': 22, 'reposts': 0, 'quotes': 0}",threads,3809392733354941127,bluecvnt,,Chứ phải ghi sao nữa? The Resistance War against America? Rồi sao tụi đó biết nước nào chống Mỹ?,threads,63245066563,bluecat_2802
[],2026-01-14T16:25:52.436786+07:00,"Everyone who thinks Trump is in strong position in regard to Greenland and Canada, he is in position that is very weak. If he moves against either Canada or Greenland, Canada or Denmark will invoke article 5 of the NATO charter. The war will be over with a few computer clicks, the NATO nations hold trillions of dollars of US bonds, these will be dumped, bringing a depression that will be worse the depression the US suffered from in the 1930’s.",2026-01-13T23:09:14+07:00,,3809271359424310081,threads,threads.com,threads_crawler_v1,https://www.threads.net/@john.macdonald.5070/post/DTdQB53jitB,https://instagram.fhan4-3.fna.fbcdn.net/v/t51.2885-19/358371336_2514409022046034_1694573550444728174_n.jpg?stp=dst-jpg_s150x150_tt6&efg=eyJ2ZW5jb2RlX3RhZyI6InByb2ZpbGVfcGljLmRqYW5nby44MDAuYzIifQ&_nc_ht=instagram.fhan4-3.fna.fbcdn.net&_nc_cat=110&_nc_oc=Q6cZ2QEMgDyq-qc19kk67ad_wAMNFs3fWoXgj_05NDBCVq_Y7SlJH3fo87t0VALlJJdrG9c&_nc_ohc=7YhprtM5XmIQ7kNvwEFy2Io&_nc_gid=RwdnE0mOpKW9Obvvm2aV-w&edm=AJhczIQBAAAA&ccb=7-5&oh=00_Afo7pgRNg1VFhSRAAsbUSIAJl63LMv4uSpbhe2VwsJoz_g&oe=696D404C&_nc_sid=4a2096,130,0,1394,201,0,[],,https://www.threads.net/@john.macdonald.5070/post/DTdQB53jitB,[],"{'likes': 1394, 'reposts': 193, 'quotes': 8}",threads,3809271359424310081,John MacDonald,,"Everyone who thinks Trump is in strong position in regard to Greenland and Canada, he is in position that is very weak. If he moves against either Canada or Greenland, Canada or Denmark will invoke article 5 of the NATO charter. The war will be over with a few computer clicks, the NATO nations hold trillions of dollars of US bonds, these will be dumped, bringing a depression that will be worse the depression the US suffered from in the 1930’s.",threads,63121084621,john.macdonald.5070
[],2026-01-14T16:25:52.436815+07:00,"What these MAGAts don't realize is that they have no pardon from the public. In Nazi Germany, there were people who genuinely had no idea what was happening. Some of them lived rurally. All news of the war was controlled by propaganda. Even though the US did drop pamphlets, those who lived outside cities would have never seen them. There were people who supported the German military that could not have imagined the atrocities and horrors that were happening in their own country. 
These people do",2026-01-14T05:33:18+07:00,,3809464667782591960,threads,threads.com,threads_crawler_v1,https://www.threads.net/@poly.glammorous/post/DTd7-6TlTXY,https://instagram.fhan3-4.fna.fbcdn.net/v/t51.2885-19/609679871_17921986797216342_5995557522779954460_n.jpg?stp=dst-jpg_s150x150_tt6&efg=eyJ2ZW5jb2RlX3RhZyI6InByb2ZpbGVfcGljLmRqYW5nby4xMDgwLmMyIn0&_nc_ht=instagram.fhan3-4.fna.fbcdn.net&_nc_cat=106&_nc_oc=Q6cZ2QEMgDyq-qc19kk67ad_wAMNFs3fWoXgj_05NDBCVq_Y7SlJH3fo87t0VALlJJdrG9c&_nc_ohc=0ZgDE2XXLCMQ7kNvwHBqWVO&_nc_gid=RwdnE0mOpKW9Obvvm2aV-w&edm=AJhczIQBAAAA&ccb=7-5&oh=00_AfocCQPUfcEuOu8IAhOL00tzZIRak0yIp2yVVqj-ylHorQ&oe=696D1A99&_nc_sid=4a2096,12,0,75,6,0,[],,https://www.threads.net/@poly.glammorous/post/DTd7-6TlTXY,[],"{'likes': 75, 'reposts': 5, 'quotes': 1}",threads,3809464667782591960,Sarah Marie,,"What these MAGAts don't realize is that they have no pardon from the public. In Nazi Germany, there were people who genuinely had no idea what was happening. Some of them lived rurally. All news of the war was controlled by propaganda. Even though the US did drop pamphlets, those who lived outside cities would have never seen them. There were people who supported the German military that could not have imagined the atrocities and horrors that were happening in their own country. 
These people do",threads,66515864341,poly.glammorous
[],2026-01-14T16:25:52.436844+07:00,"If you think this won't end up
INSIDE the US, think again. 

If the US attacks Greenland without provocation, we are breaking the NATO rules and going to war with NATO. This means fighting against 31 NATO countries including France, Germany, Denmark, Canada, the UK, Italy, Spain, Turkey, Romania, Poland, Portugal, Finland, Sweden, Norway, and 17 other countries.",2026-01-11T21:32:15+07:00,,3807772993469127750,threads,threads.com,threads_crawler_v1,https://www.threads.net/@ms.nicolewilliams/post/DTX7Vz1DZxG,https://instagram.fhan4-5.fna.fbcdn.net/v/t51.2885-19/499902466_17911146996111267_8998625277294338361_n.jpg?stp=dst-jpg_s150x150_tt6&efg=eyJ2ZW5jb2RlX3RhZyI6InByb2ZpbGVfcGljLmRqYW5nby4xMDgwLmMyIn0&_nc_ht=instagram.fhan4-5.fna.fbcdn.net&_nc_cat=103&_nc_oc=Q6cZ2QEMgDyq-qc19kk67ad_wAMNFs3fWoXgj_05NDBCVq_Y7SlJH3fo87t0VALlJJdrG9c&_nc_ohc=EG0qDiDswrAQ7kNvwEbcT9e&_nc_gid=RwdnE0mOpKW9Obvvm2aV-w&edm=AJhczIQBAAAA&ccb=7-5&oh=00_AfrxNdy6HPExkVadPMSXPIyMY_b0tmkcsUjvOuXmnD-dSw&oe=696D494D&_nc_sid=4a2096,162,0,864,264,0,[],,https://www.threads.net/@ms.nicolewilliams/post/DTX7Vz1DZxG,[],"{'likes': 864, 'reposts': 248, 'quotes': 16}",threads,3807772993469127750,Nicole Williams ~ Faith & Theology,,"If you think this won't end up
INSIDE the US, think again. 

If the US attacks Greenland without provocation, we are breaking the NATO rules and going to war with NATO. This means fighting against 31 NATO countries including France, Germany, Denmark, Canada, the UK, Italy, Spain, Turkey, Romania, Poland, Portugal, Finland, Sweden, Norway, and 17 other countries.",threads,63229055266,ms.nicolewilliams
[],2026-01-14T16:25:52.436897+07:00,"Just a reminder. The whole World is hearing 
and watching about America. If World War three 
happens this will be on Donald Trump’s hands.",2026-01-14T07:19:30+07:00,,3809518122022854358,threads,threads.com,threads_crawler_v1,https://www.threads.net/@anthony_long12/post/DTeIIxcld7W,https://instagram.fhan3-4.fna.fbcdn.net/v/t51.2885-19/534309223_17923126389105630_7787623314497496284_n.jpg?stp=dst-jpg_s150x150_tt6&efg=eyJ2ZW5jb2RlX3RhZyI6InByb2ZpbGVfcGljLmRqYW5nby4xMDgwLmMyIn0&_nc_ht=instagram.fhan3-4.fna.fbcdn.net&_nc_cat=106&_nc_oc=Q6cZ2QEMgDyq-qc19kk67ad_wAMNFs3fWoXgj_05NDBCVq_Y7SlJH3fo87t0VALlJJdrG9c&_nc_ohc=yIIbY-qapFIQ7kNvwFV0ECw&_nc_gid=RwdnE0mOpKW9Obvvm2aV-w&edm=AJhczIQBAAAA&ccb=7-5&oh=00_Afq-_5OtTMY_01F2MWXA_rrdpbzSwjqyLNiDFif_BDOztA&oe=696D3A31&_nc_sid=4a2096,17,0,86,4,0,[],,https://www.threads.net/@anthony_long12/post/DTeIIxcld7W,[],"{'likes': 86, 'reposts': 4, 'quotes': 0}",threads,3809518122022854358,Anthony Long,,"Just a reminder. The whole World is hearing 
and watching about America. If World War three 
happens this will be on Donald Trump’s hands.",threads,63273297629,anthony_long12
[],2026-01-14T16:25:52.436933+07:00,"For the record, in my humble opinion, future history books will likely say that we’ve already entered the Second American Civil War.",2026-01-13T22:54:07+07:00,,3809263757021751411,threads,threads.com,threads_crawler_v1,https://www.threads.net/@ally_said_it/post/DTdOTRlDShz,https://instagram.fhan4-3.fna.fbcdn.net/v/t51.2885-19/608567032_17939031981102514_5359085893901826741_n.jpg?stp=dst-jpg_s150x150_tt6&efg=eyJ2ZW5jb2RlX3RhZyI6InByb2ZpbGVfcGljLmRqYW5nby4xMDI0LmMyIn0&_nc_ht=instagram.fhan4-3.fna.fbcdn.net&_nc_cat=110&_nc_oc=Q6cZ2QEMgDyq-qc19kk67ad_wAMNFs3fWoXgj_05NDBCVq_Y7SlJH3fo87t0VALlJJdrG9c&_nc_ohc=SBUagSA6mXgQ7kNvwGCNoJU&_nc_gid=RwdnE0mOpKW9Obvvm2aV-w&edm=AJhczIQBAAAA&ccb=7-5&oh=00_AfrNiUDo4tXRkYnx861ovW1hV0otg1gQe-IhvnzxVzGkOg&oe=696D3DD6&_nc_sid=4a2096,30,0,702,26,0,[],,https://www.threads.net/@ally_said_it/post/DTdOTRlDShz,[],"{'likes': 702, 'reposts': 25, 'quotes': 1}",threads,3809263757021751411,Ally Stein,,"For the record, in my humble opinion, future history books will likely say that we’ve already entered the Second American Civil War.",threads,63098470513,ally_said_it
[],2026-01-14T16:25:52.436967+07:00,"“ U.S. military guidelines on the laws of war prohibit troops from pretending to be civilians while engaging in combat. The practice is legally known as “perfidy.” 
(AP)",2026-01-14T13:06:26+07:00,,3809692739622318493,threads,threads.com,threads_crawler_v1,https://www.threads.net/@sgbrun/post/DTev1ywkrGd,https://instagram.fhan3-4.fna.fbcdn.net/v/t51.2885-19/357885166_270219695744500_4222757916061994959_n.jpg?stp=dst-jpg_s150x150_tt6&efg=eyJ2ZW5jb2RlX3RhZyI6InByb2ZpbGVfcGljLmRqYW5nby4xMDgwLmMyIn0&_nc_ht=instagram.fhan3-4.fna.fbcdn.net&_nc_cat=104&_nc_oc=Q6cZ2QEMgDyq-qc19kk67ad_wAMNFs3fWoXgj_05NDBCVq_Y7SlJH3fo87t0VALlJJdrG9c&_nc_ohc=3ZXSEw74MeUQ7kNvwHNO-u-&_nc_gid=RwdnE0mOpKW9Obvvm2aV-w&edm=AJhczIQBAAAA&ccb=7-5&oh=00_AfqGecWFNZB6pgDVPaqN8sjvh_5JnFvK7dr7mkndUqL8Yg&oe=696D24C2&_nc_sid=4a2096,0,0,14,1,0,[],,https://www.threads.net/@sgbrun/post/DTev1ywkrGd,[],"{'likes': 14, 'reposts': 1, 'quotes': 0}",threads,3809692739622318493,Stefan G. Brün,,"“ U.S. military guidelines on the laws of war prohibit troops from pretending to be civilians while engaging in combat. The practice is legally known as “perfidy.” 
(AP)",threads,63077127624,sgbrun
[],2026-01-14T16:25:52.437003+07:00,They know she will expose their war crimes 😡,2026-01-14T11:09:54+07:00,,3809634079461770068,threads,threads.com,threads_crawler_v1,https://www.threads.net/@amraid92/post/DTeigLOioNU,https://instagram.fhan3-3.fna.fbcdn.net/v/t51.2885-19/495456047_17969659268890959_6590038254371084658_n.jpg?stp=dst-jpg_s150x150_tt6&efg=eyJ2ZW5jb2RlX3RhZyI6InByb2ZpbGVfcGljLmRqYW5nby43MTguYzIifQ&_nc_ht=instagram.fhan3-3.fna.fbcdn.net&_nc_cat=1&_nc_oc=Q6cZ2QEMgDyq-qc19kk67ad_wAMNFs3fWoXgj_05NDBCVq_Y7SlJH3fo87t0VALlJJdrG9c&_nc_ohc=2bWzeuqPKAkQ7kNvwESNXM2&_nc_gid=RwdnE0mOpKW9Obvvm2aV-w&edm=AJhczIQBAAAA&ccb=7-5&oh=00_AfrTW-wzp7yc5_VlXJykMFIXgTs_Dlf0wN1EqyBcWnnFYg&oe=696D30DF&_nc_sid=4a2096,36,0,300,69,0,['https://instagram.fhan4-5.fna.fbcdn.net/v/t51.2885-15/613186996_17997433442890959_131225147762652098_n.webp?efg=eyJ2ZW5jb2RlX3RhZyI6InRocmVhZHMuRkVFRC5pbWFnZV91cmxnZW4uMTEyNngxNDQwLnNkci5mODI3ODcuZGVmYXVsdF9pbWFnZS5jMiJ9&_nc_ht=instagram.fhan4-5.fna.fbcdn.net&_nc_cat=103&_nc_oc=Q6cZ2QEMgDyq-qc19kk67ad_wAMNFs3fWoXgj_05NDBCVq_Y7SlJH3fo87t0VALlJJdrG9c&_nc_ohc=4Pify-NlgpIQ7kNvwHpRU2p&_nc_gid=RwdnE0mOpKW9Obvvm2aV-w&edm=AJhczIQBAAAA&ccb=7-5&ig_cache_key=MzgwOTYzNDA3OTQ2MTc3MDA2OA%3D%3D.3-ccb7-5&oh=00_AfovaFfgTQM_bmBC9Oi-vke36iynDz6sYonrYvKDGCPaSg&oe=696D1BFA&_nc_sid=4a2096'],,https://www.threads.net/@amraid92/post/DTeigLOioNU,[],"{'likes': 300, 'reposts': 64, 'quotes': 5}",threads,3809634079461770068,Amr Aid,,They know she will expose their war crimes 😡,threads,74480682425,amraid92
[],2026-01-14T16:25:52.437049+07:00,"NEW: Russian strikes caused significantly more civilian casualties in Ukraine in 2025 compared to previous years.🧵(1/7)

Full update: ",2026-01-14T11:15:12+07:00,,3809636689602417359,threads,threads.com,threads_crawler_v1,https://www.threads.net/@thestudyofwar/post/DTejGKHDBLP,https://instagram.fhan4-1.fna.fbcdn.net/v/t51.2885-19/357858530_198386502866729_4961980658898134618_n.jpg?stp=dst-jpg_s150x150_tt6&efg=eyJ2ZW5jb2RlX3RhZyI6InByb2ZpbGVfcGljLmRqYW5nby40MDAuYzIifQ&_nc_ht=instagram.fhan4-1.fna.fbcdn.net&_nc_cat=105&_nc_oc=Q6cZ2QEMgDyq-qc19kk67ad_wAMNFs3fWoXgj_05NDBCVq_Y7SlJH3fo87t0VALlJJdrG9c&_nc_ohc=ZuJ4SUoZjVAQ7kNvwEejbxD&_nc_gid=RwdnE0mOpKW9Obvvm2aV-w&edm=AJhczIQBAAAA&ccb=7-5&oh=00_AfpKyH9lb9tnw1hRK8BoKIdE6GYQyz3DXN7KTy6q9jn8Ug&oe=696D2FB2&_nc_sid=4a2096,6,0,25,5,0,['https://instagram.fhan3-4.fna.fbcdn.net/v/t51.2885-15/616045888_17936946066114856_3355685543060303120_n.jpg?stp=dst-jpg_e35_tt6&efg=eyJ2ZW5jb2RlX3RhZyI6InRocmVhZHMuRkVFRC5pbWFnZV91cmxnZW4uMTA3OXg2NTQuc2RyLmY4Mjc4Ny5kZWZhdWx0X2ltYWdlLmMyIn0&_nc_ht=instagram.fhan3-4.fna.fbcdn.net&_nc_cat=104&_nc_oc=Q6cZ2QEMgDyq-qc19kk67ad_wAMNFs3fWoXgj_05NDBCVq_Y7SlJH3fo87t0VALlJJdrG9c&_nc_ohc=OawNDGTmgJoQ7kNvwGzJwrB&_nc_gid=RwdnE0mOpKW9Obvvm2aV-w&edm=AJhczIQBAAAA&ccb=7-5&ig_cache_key=MzgwOTYzNjY4OTYwMjQxNzM1OQ%3D%3D.3-ccb7-5&oh=00_AfpXXnrZOp4CCvG2z_mhvD4-o-_xSOuakhcN1jHquMA5Cg&oe=696D1F8F&_nc_sid=4a2096'],,https://www.threads.net/@thestudyofwar/post/DTejGKHDBLP,[],"{'likes': 25, 'reposts': 5, 'quotes': 0}",threads,3809636689602417359,Institute for the Study of War,,"NEW: Russian strikes caused significantly more civilian casualties in Ukraine in 2025 compared to previous years.🧵(1/7)

Full update: https://isw.pub/UkrWar011326",threads,63395018855,thestudyofwar
[],2026-01-14T16:25:52.437095+07:00,DON’T MESS WITH THE MOST POWERFUL MILITARY ON THE PLANET🇺🇸,2026-01-13T02:32:12+07:00,,3808648732619867987,threads,threads.com,threads_crawler_v1,https://www.threads.net/@teamtrump/post/DTbCdfeDIdT,https://instagram.fhan3-3.fna.fbcdn.net/v/t51.2885-19/357806505_1025343352169130_4515822349414699166_n.jpg?stp=dst-jpg_s150x150_tt6&efg=eyJ2ZW5jb2RlX3RhZyI6InByb2ZpbGVfcGljLmRqYW5nby40MDAuYzIifQ&_nc_ht=instagram.fhan3-3.fna.fbcdn.net&_nc_cat=1&_nc_oc=Q6cZ2QEMgDyq-qc19kk67ad_wAMNFs3fWoXgj_05NDBCVq_Y7SlJH3fo87t0VALlJJdrG9c&_nc_ohc=0_OEWIU2UocQ7kNvwFqr0x1&_nc_gid=RwdnE0mOpKW9Obvvm2aV-w&edm=AJhczIQBAAAA&ccb=7-5&oh=00_AfrhnvBxHCm8ECw7tnFes65wsPPDmh4LX9wkYRjYIoPZmg&oe=696D4B9D&_nc_sid=4a2096,5261,0,29948,1038,0,"['https://instagram.fhan3-4.fna.fbcdn.net/v/t51.2885-15/610966728_879438484581520_9100638964746829351_n.jpg?stp=dst-jpg_e15_tt6&efg=eyJ2ZW5jb2RlX3RhZyI6InRocmVhZHMuRkVFRC5pbWFnZV91cmxnZW4uNjQweDExMzYuc2RyLmY3MTg3OC5kZWZhdWx0X2NvdmVyX2ZyYW1lLmMyIn0&_nc_ht=instagram.fhan3-4.fna.fbcdn.net&_nc_cat=104&_nc_oc=Q6cZ2QEMgDyq-qc19kk67ad_wAMNFs3fWoXgj_05NDBCVq_Y7SlJH3fo87t0VALlJJdrG9c&_nc_ohc=NWY29muUGQwQ7kNvwHtdY4N&_nc_gid=RwdnE0mOpKW9Obvvm2aV-w&edm=AJhczIQBAAAA&ccb=7-5&ig_cache_key=MzgwODY0ODczMjYxOTg2Nzk4Nw%3D%3D.3-ccb7-5&oh=00_AfqeN6TMP-zIlaxLcz_EOyvP-44sySC7nVWNizyGntmHew&oe=696D4CE5&_nc_sid=4a2096', 'https://instagram.fhan3-4.fna.fbcdn.net/o1/v/t2/f2/m86/AQM0-i4qNK-KMMnXuEAqIsYZoB0fbW9ZPIUZuzpjrKT2o6p0kdhU5TP_0Ue13yTgYioBKJutStWtSiwlzO1Ce-JpzZ7ghD74kwkzncI.mp4?_nc_cat=104&_nc_oc=AdlOxLeBdrHD3dyYbUE7N4iy6hvw7j_Ejn4YUPg8LgoiXqRaLnXdVPvfrEXbolHZXCI&_nc_sid=5e9851&_nc_ht=instagram.fhan3-4.fna.fbcdn.net&_nc_ohc=WwRZ9hfsWJMQ7kNvwHdNms2&efg=eyJ2ZW5jb2RlX3RhZyI6Inhwdl9wcm9ncmVzc2l2ZS5JTlNUQUdSQU0uRkVFRC5DMy41NzYuZGFzaF9iYXNlbGluZV8xX3YxIiwieHB2X2Fzc2V0X2lkIjoxNzkwNDM5MjgxNjcyNDgzLCJhc3NldF9hZ2VfZGF5cyI6MSwidmlfdXNlY2FzZV9pZCI6MTAwOTksImR1cmF0aW9uX3MiOjMzLCJ1cmxnZW5fc291cmNlIjoid3d3In0%3D&ccb=17-1&_nc_gid=RwdnE0mOpKW9Obvvm2aV-w&_nc_zt=28&vs=a58c1e63a982298b&_nc_vs=HBksFQIYUmlnX3hwdl9yZWVsc19wZXJtYW5lbnRfc3JfcHJvZC8yRTRGQjE2QTUxNTRDNjY5RjA0MUVENDlERUFBNDQ5M192aWRlb19kYXNoaW5pdC5tcDQVAALIARIAFQIYOnBhc3N0aHJvdWdoX2V2ZXJzdG9yZS9HR1JFZmlRYUQ4SzlQTjRQQUxCYmJHU1dTLXBBYnN0VEFRQUYVAgLIARIAKAAYABsCiAd1c2Vfb2lsATEScHJvZ3Jlc3NpdmVfcmVjaXBlATEVAAAmxoSClqSZrgYVAigCQzMsF0BA92yLQ5WBGBJkYXNoX2Jhc2VsaW5lXzFfdjERAHXqB2XmnQEA&oh=00_AfoCBuSrvtzpWZSjvbZGW3zweag-JdMCsHROUuJUN2f8_Q&oe=696929F5']",,https://www.threads.net/@teamtrump/post/DTbCdfeDIdT,[],"{'likes': 29948, 'reposts': 941, 'quotes': 97}",threads,3808648732619867987,Team Trump,,DON’T MESS WITH THE MOST POWERFUL MILITARY ON THE PLANET🇺🇸,threads,63230195500,teamtrump
[],2026-01-14T16:25:52.437140+07:00,"In his first year, President Trump has bombed or threatened to attack more than a half dozen countries.
 
The President who promised an end to forever wars is just bringing us closer to more conflicts.",2026-01-14T06:47:34+07:00,,3809502046957107426,threads,threads.com,threads_crawler_v1,https://www.threads.net/@senatorwarner/post/DTeEe2YAHji,https://instagram.fhan3-3.fna.fbcdn.net/v/t51.2885-19/357853623_238496345644939_6887080295770584526_n.jpg?stp=dst-jpg_s150x150_tt6&efg=eyJ2ZW5jb2RlX3RhZyI6InByb2ZpbGVfcGljLmRqYW5nby4xMDgwLmMyIn0&_nc_ht=instagram.fhan3-3.fna.fbcdn.net&_nc_cat=1&_nc_oc=Q6cZ2QEMgDyq-qc19kk67ad_wAMNFs3fWoXgj_05NDBCVq_Y7SlJH3fo87t0VALlJJdrG9c&_nc_ohc=FTvXntFdG-QQ7kNvwFi7_gD&_nc_gid=RwdnE0mOpKW9Obvvm2aV-w&edm=AJhczIQBAAAA&ccb=7-5&oh=00_AfpTqJx7-HUYKYvitnuIV46uq41NgbMB0jKD_luMYOOLrg&oe=696D1939&_nc_sid=4a2096,28,0,303,27,0,[],,https://www.threads.net/@senatorwarner/post/DTeEe2YAHji,[],"{'likes': 303, 'reposts': 25, 'quotes': 2}",threads,3809502046957107426,Mark R. Warner,,"In his first year, President Trump has bombed or threatened to attack more than a half dozen countries.
 
The President who promised an end to forever wars is just bringing us closer to more conflicts.",threads,63238430572,senatorwarner
[],2026-01-14T16:25:52.437200+07:00,"TỤI BÂY GAN TRỜI RỒI, DÁM WAR VỚI FAN JENNIE 🤡",2025-12-20T02:54:36+07:00,,3791265399745772653,threads,threads.com,threads_crawler_v1,https://www.threads.net/@lovly_haeunchae/post/DSdR8tJE3xt,https://instagram.fhan4-3.fna.fbcdn.net/v/t51.2885-19/452605799_1174747500529546_2585817012933197702_n.jpg?stp=dst-jpg_s150x150_tt6&efg=eyJ2ZW5jb2RlX3RhZyI6InByb2ZpbGVfcGljLmRqYW5nby42MTIuYzIifQ&_nc_ht=instagram.fhan4-3.fna.fbcdn.net&_nc_cat=110&_nc_oc=Q6cZ2QEMgDyq-qc19kk67ad_wAMNFs3fWoXgj_05NDBCVq_Y7SlJH3fo87t0VALlJJdrG9c&_nc_ohc=JA405yQoib8Q7kNvwFH76Ck&_nc_gid=RwdnE0mOpKW9Obvvm2aV-w&edm=AJhczIQBAAAA&ccb=7-5&oh=00_Afr6eQBhRkqP6hRm9QMLkxCExu-EEhLYFOkHEpsUJhAFnw&oe=696D33F6&_nc_sid=4a2096,231,0,5451,510,0,[],,https://www.threads.net/@lovly_haeunchae/post/DSdR8tJE3xt,[],"{'likes': 5451, 'reposts': 490, 'quotes': 20}",threads,3791265399745772653,𝐡𝐚𝐞𝐮𝐧 ⭑.ᐟ,,"TỤI BÂY GAN TRỜI RỒI, DÁM WAR VỚI FAN JENNIE 🤡",threads,67829595419,lovly_haeunchae
[],2026-01-14T16:25:52.437251+07:00,"Đang coi University War cái tưởng tượng ra mai mốt Việt Nam remake mời mấy trường FTU NEU YHN HUST YSG, với thêm mấy sinh viên VN học ở Harvard Oxford đồ chắc vui banh, tưởng tượng FTU đấu trực tiếp 1:1 với NEU chắc bùng lổ mạng xã hội=))))))))",2025-01-03T10:09:16+07:00,,3537087889882761530,threads,threads.com,threads_crawler_v1,https://www.threads.net/@1stmissing3rd/post/DEWQrIPzEk6,https://instagram.fhan3-2.fna.fbcdn.net/v/t51.2885-19/504378313_17913427767112891_3393229368299586001_n.jpg?stp=dst-jpg_s150x150_tt6&efg=eyJ2ZW5jb2RlX3RhZyI6InByb2ZpbGVfcGljLmRqYW5nby4xMDgwLmMyIn0&_nc_ht=instagram.fhan3-2.fna.fbcdn.net&_nc_cat=107&_nc_oc=Q6cZ2QHwBbl5ryOTz4rBMdMekRcBfqFnS8wGuuGqWay01hor-zbMXcsTZ1n5sWCmhYsABu8&_nc_ohc=Mk0OMxsQuRkQ7kNvwF1LvJh&_nc_gid=DDjrrsIzMWlEJGWnITUjiA&edm=AJhczIQBAAAA&ccb=7-5&oh=00_AfpECJxM7uoE4DeIbKcAb1Uoc_aTOlMjY5xGtr2BcQ7d5Q&oe=696D1F35&_nc_sid=4a2096,74,0,4788,253,0,['https://instagram.fhan4-1.fna.fbcdn.net/v/t51.29350-15/472426439_586389174227477_7894981127078167069_n.webp?stp=dst-jpg_e35_tt6&efg=eyJ2ZW5jb2RlX3RhZyI6InRocmVhZHMuRkVFRC5pbWFnZV91cmxnZW4uMjQwMHgxMDgwLnNkci5mMjkzNTAuZGVmYXVsdF9pbWFnZS5jMiJ9&_nc_ht=instagram.fhan4-1.fna.fbcdn.net&_nc_cat=105&_nc_oc=Q6cZ2QHwBbl5ryOTz4rBMdMekRcBfqFnS8wGuuGqWay01hor-zbMXcsTZ1n5sWCmhYsABu8&_nc_ohc=OuyTWPHxxZ8Q7kNvwEsPwbM&_nc_gid=DDjrrsIzMWlEJGWnITUjiA&edm=AJhczIQBAAAA&ccb=7-5&ig_cache_key=MzUzNzA4Nzg4OTg4Mjc2MTUzMA%3D%3D.3-ccb7-5&oh=00_AfragGByu71x-6LUAjx5T8oY9a6bQRlMRk1KTloLapGCcg&oe=696D24EE&_nc_sid=4a2096'],,https://www.threads.net/@1stmissing3rd/post/DEWQrIPzEk6,[],"{'likes': 4788, 'reposts': 230, 'quotes': 23}",threads,3537087889882761530,Gia Khang,,"Đang coi University War cái tưởng tượng ra mai mốt Việt Nam remake mời mấy trường FTU NEU YHN HUST YSG, với thêm mấy sinh viên VN học ở Harvard Oxford đồ chắc vui banh, tưởng tượng FTU đấu trực tiếp 1:1 với NEU chắc bùng lổ mạng xã hội=))))))))",threads,63453704890,1stmissing3rd
[],2026-01-14T16:25:52.437298+07:00,"Oii sao University War ss3 flop vậy nhỉ, không có ai làm vietsub cũng không thấy mn trên thread ồn luôn. Tầm này năm ngoái cái thread của tôi đang bị uniwar phủ sóng. Ngoài lề thì t thấy năm nay chắc là năm có đội hình giỏi đồng đều nhất trong tất cả các mùa",2025-12-28T17:01:57+07:00,,3797490087836599631,threads,threads.com,threads_crawler_v1,https://www.threads.net/@htrang.lah/post/DSzZR1rkUVP,https://instagram.fhan3-3.fna.fbcdn.net/v/t51.2885-19/573323465_1219825463302212_7278921664109726296_n.png?stp=dst-jpg_s150x150_tt6&efg=eyJ2ZW5jb2RlX3RhZyI6InByb2ZpbGVfcGljLmRqYW5nby4xNTAuYzIifQ&_nc_ht=instagram.fhan3-3.fna.fbcdn.net&_nc_cat=1&_nc_oc=Q6cZ2QHwBbl5ryOTz4rBMdMekRcBfqFnS8wGuuGqWay01hor-zbMXcsTZ1n5sWCmhYsABu8&_nc_ohc=EFb4Xd8YksAQ7kNvwG1yzsw&_nc_gid=DDjrrsIzMWlEJGWnITUjiA&edm=AJhczIQBAAAA&ccb=7-5&ig_cache_key=YW5vbnltb3VzX3Byb2ZpbGVfcGlj.3-ccb7-5&oh=00_AfrciIUBfgLcHsQaNNLJJC5-W1QKtVrKfJsH0EtYJDONOg&oe=696D402A&_nc_sid=4a2096,45,0,90,3,0,[],,https://www.threads.net/@htrang.lah/post/DSzZR1rkUVP,[],"{'likes': 90, 'reposts': 3, 'quotes': 0}",threads,3797490087836599631,Trang’s life,University war,"Oii sao University War ss3 flop vậy nhỉ, không có ai làm vietsub cũng không thấy mn trên thread ồn luôn. Tầm này năm ngoái cái thread của tôi đang bị uniwar phủ sóng. Ngoài lề thì t thấy năm nay chắc là năm có đội hình giỏi đồng đều nhất trong tất cả các mùa",threads,68031434982,htrang.lah
[],2026-01-14T16:25:52.437342+07:00,Mẹ em war thẳng trên sân khấu luôn ạ =)))),2025-12-20T22:16:02+07:00,,3791849816960793986,threads,threads.com,threads_crawler_v1,https://www.threads.net/@virgyuvjn/post/DSfW1GFk_2C,https://instagram.fhan3-3.fna.fbcdn.net/v/t51.2885-19/573323465_1219825463302212_7278921664109726296_n.png?stp=dst-jpg_s150x150_tt6&efg=eyJ2ZW5jb2RlX3RhZyI6InByb2ZpbGVfcGljLmRqYW5nby4xNTAuYzIifQ&_nc_ht=instagram.fhan3-3.fna.fbcdn.net&_nc_cat=1&_nc_oc=Q6cZ2QHwBbl5ryOTz4rBMdMekRcBfqFnS8wGuuGqWay01hor-zbMXcsTZ1n5sWCmhYsABu8&_nc_ohc=EFb4Xd8YksAQ7kNvwG1yzsw&_nc_gid=DDjrrsIzMWlEJGWnITUjiA&edm=AJhczIQBAAAA&ccb=7-5&ig_cache_key=YW5vbnltb3VzX3Byb2ZpbGVfcGlj.3-ccb7-5&oh=00_AfrciIUBfgLcHsQaNNLJJC5-W1QKtVrKfJsH0EtYJDONOg&oe=696D402A&_nc_sid=4a2096,21,0,7140,855,0,"['https://instagram.fhan3-3.fna.fbcdn.net/v/t51.2885-15/603892993_1826422681360535_3559387599332166857_n.jpg?stp=dst-jpg_e15_tt6&efg=eyJ2ZW5jb2RlX3RhZyI6InRocmVhZHMuRkVFRC5pbWFnZV91cmxnZW4uNjQweDM2Mi5zZHIuZjcxODc4LmRlZmF1bHRfY292ZXJfZnJhbWUuYzIifQ&_nc_ht=instagram.fhan3-3.fna.fbcdn.net&_nc_cat=111&_nc_oc=Q6cZ2QHwBbl5ryOTz4rBMdMekRcBfqFnS8wGuuGqWay01hor-zbMXcsTZ1n5sWCmhYsABu8&_nc_ohc=QBKPThWnYnwQ7kNvwG1xjNw&_nc_gid=DDjrrsIzMWlEJGWnITUjiA&edm=AJhczIQBAAAA&ccb=7-5&ig_cache_key=Mzc5MTg0OTgxNjk2MDc5Mzk4Ng%3D%3D.3-ccb7-5&oh=00_AfpqIPiR1gZn2lZgXBifk8sM5uXH_dDSocLaZFQNOjv7SQ&oe=696D1DF7&_nc_sid=4a2096', 'https://instagram.fhan4-6.fna.fbcdn.net/o1/v/t16/f2/m84/AQPC3Dx2ZEstZ1q15omuwZzBp1jYOSgSgGJpUINJ-qHOc2zpm0RVox-SMxme1EnoygZ2rBlx0mt5Y8PqkHzGaGxtierNes-21M5X49Y.mp4?_nc_cat=109&_nc_oc=AdkLLyhuqSTusqhlroTV9D8m_NfCUHCxuPPM2F_Z43nCXg8iPJZPwa176P78Gn6gzH4&_nc_sid=5e9851&_nc_ht=instagram.fhan4-6.fna.fbcdn.net&_nc_ohc=-nkcrT0TeCwQ7kNvwEmJKLe&efg=eyJ2ZW5jb2RlX3RhZyI6Inhwdl9wcm9ncmVzc2l2ZS5JTlNUQUdSQU0uRkVFRC5DMy4xMjY4LmRhc2hfYmFzZWxpbmVfMV92MSIsInhwdl9hc3NldF9pZCI6MTUwNTg3MTY2MDY5NDAxMCwiYXNzZXRfYWdlX2RheXMiOjI0LCJ2aV91c2VjYXNlX2lkIjoxMDE2NCwiZHVyYXRpb25fcyI6MTUsInVybGdlbl9zb3VyY2UiOiJ3d3cifQ%3D%3D&ccb=17-1&_nc_gid=DDjrrsIzMWlEJGWnITUjiA&_nc_zt=28&vs=5f1cb5d9d84fc8fc&_nc_vs=HBksFQIYTGlnX2JhY2tmaWxsX3RpbWVsaW5lX3ZvZC80RDQ3RjQzNkY0ODNBODdCMDlDNjBCNkYxOTRDNjRBM192aWRlb19kYXNoaW5pdC5tcDQVAALIARIAFQIYOnBhc3N0aHJvdWdoX2V2ZXJzdG9yZS9HQ1ROeGlNeVJwTGxiUU1EQUZ6THhpQTNNbDFnYnNwVEFRQUYVAgLIARIAKAAYABsCiAd1c2Vfb2lsATEScHJvZ3Jlc3NpdmVfcmVjaXBlATEVAAAm9OfNlqLlrAUVAigCQzMsF0AvZmZmZmZmGBJkYXNoX2Jhc2VsaW5lXzFfdjERAHXqB2XongEA&oh=00_AfoJQJQ0_Hz2cRgxAYTD7RFgV935tMPU4ghn1PqZqkYbPQ&oe=69692783']",,https://www.threads.net/@virgyuvjn/post/DSfW1GFk_2C,[],"{'likes': 7140, 'reposts': 848, 'quotes': 7}",threads,3791849816960793986,~김규빈~,Jennie,Mẹ em war thẳng trên sân khấu luôn ạ =)))),threads,64637387927,virgyuvjn
[],2026-01-14T16:25:52.437389+07:00,"ý là hồi trước xem Sky Castle cũng k hiểu sao các mẹ lại bất chấp mọi thứ để đưa con mình vào SNU (đặc biệt là dự bị Y khoa) như thế, nma xem xong 2 mùa University War thì hiểu rồi =)))))))))))",2025-01-11T19:49:09+07:00,,3543177962340743280,threads,threads.com,threads_crawler_v1,https://www.threads.net/@honeychanhh/post/DEr5ZWNT_hw,https://instagram.fhan3-4.fna.fbcdn.net/v/t51.2885-19/605439546_17935420476134106_2971264555368406746_n.jpg?stp=dst-jpg_s150x150_tt6&efg=eyJ2ZW5jb2RlX3RhZyI6InByb2ZpbGVfcGljLmRqYW5nby4xMDI0LmMyIn0&_nc_ht=instagram.fhan3-4.fna.fbcdn.net&_nc_cat=106&_nc_oc=Q6cZ2QHwBbl5ryOTz4rBMdMekRcBfqFnS8wGuuGqWay01hor-zbMXcsTZ1n5sWCmhYsABu8&_nc_ohc=Q7S8w_e-ln0Q7kNvwFMEiZi&_nc_gid=DDjrrsIzMWlEJGWnITUjiA&edm=AJhczIQBAAAA&ccb=7-5&oh=00_AfpwZWqdyQ1iVJGq6GH6liklwQF3tIybbNRYQGJuhKU56w&oe=696D30A8&_nc_sid=4a2096,10,0,895,32,0,[],,https://www.threads.net/@honeychanhh/post/DEr5ZWNT_hw,[],"{'likes': 895, 'reposts': 30, 'quotes': 2}",threads,3543177962340743280,honeyc,,"ý là hồi trước xem Sky Castle cũng k hiểu sao các mẹ lại bất chấp mọi thứ để đưa con mình vào SNU (đặc biệt là dự bị Y khoa) như thế, nma xem xong 2 mùa University War thì hiểu rồi =)))))))))))",threads,63900502105,honeychanhh
[],2026-01-14T16:25:52.437438+07:00,không ai hỏi nma t sẽ làm một threads để nói về cảm nhận của t với từng team trong university war/ elite league mùa 2 vì họ quá hài,2025-01-18T22:12:35+07:00,,3548323584550667051,threads,threads.com,threads_crawler_v1,https://www.threads.net/@imazennn/post/DE-LYAVSIMr,https://instagram.fhan4-3.fna.fbcdn.net/v/t51.2885-19/448406709_962735965334832_274579627001091766_n.jpg?stp=dst-jpg_s150x150_tt6&efg=eyJ2ZW5jb2RlX3RhZyI6InByb2ZpbGVfcGljLmRqYW5nby41MjguYzIifQ&_nc_ht=instagram.fhan4-3.fna.fbcdn.net&_nc_cat=100&_nc_oc=Q6cZ2QHwBbl5ryOTz4rBMdMekRcBfqFnS8wGuuGqWay01hor-zbMXcsTZ1n5sWCmhYsABu8&_nc_ohc=6QfHQJWg1oYQ7kNvwHznP6x&_nc_gid=DDjrrsIzMWlEJGWnITUjiA&edm=AJhczIQBAAAA&ccb=7-5&oh=00_AfrUrSntt8MuasHhPXqxvNWcSL1alLjolJ-ioZT0xfk_xQ&oe=696D1E29&_nc_sid=4a2096,68,0,341,35,0,['https://instagram.fhan4-1.fna.fbcdn.net/v/t51.29350-15/473695427_3418623154940141_702014313444265290_n.jpg?stp=dst-jpg_e15_tt6&efg=eyJ2ZW5jb2RlX3RhZyI6InRocmVhZHMuRkVFRC5pbWFnZV91cmxnZW4uMTA4MHg4MDkuc2RyLmYyOTM1MC5kZWZhdWx0X2ltYWdlLmMyIn0&_nc_ht=instagram.fhan4-1.fna.fbcdn.net&_nc_cat=105&_nc_oc=Q6cZ2QHwBbl5ryOTz4rBMdMekRcBfqFnS8wGuuGqWay01hor-zbMXcsTZ1n5sWCmhYsABu8&_nc_ohc=hudARZ7H5zEQ7kNvwElsvbG&_nc_gid=DDjrrsIzMWlEJGWnITUjiA&edm=AJhczIQBAAAA&ccb=7-5&ig_cache_key=MzU0ODMyMzU4NDU1MDY2NzA1MQ%3D%3D.3-ccb7-5&oh=00_AfpVgclGZBbDTLCFjFY_0_Y_Chso7piaSMAMR4FkUeMi2A&oe=696D3583&_nc_sid=4a2096'],,https://www.threads.net/@imazennn/post/DE-LYAVSIMr,[],"{'likes': 341, 'reposts': 34, 'quotes': 1}",threads,3548323584550667051,tui là hpa / august,,không ai hỏi nma t sẽ làm một threads để nói về cảm nhận của t với từng team trong university war/ elite league mùa 2 vì họ quá hài,threads,66930366389,imazennn
[],2026-01-14T16:25:52.437496+07:00,Là đến đoạn chia sẻ phương pháp chưa vậy❓,2025-04-24T18:21:00+07:00,,3617785493367770846,threads,threads.com,threads_crawler_v1,https://www.threads.net/@duadetoancho_kaist/post/DI09L0Fv07e,https://instagram.fhan4-1.fna.fbcdn.net/v/t51.2885-19/487423653_682024671449345_5524868951518762875_n.jpg?stp=dst-jpg_s150x150_tt6&efg=eyJ2ZW5jb2RlX3RhZyI6InByb2ZpbGVfcGljLmRqYW5nby4xMDgwLmMyIn0&_nc_ht=instagram.fhan4-1.fna.fbcdn.net&_nc_cat=105&_nc_oc=Q6cZ2QHwBbl5ryOTz4rBMdMekRcBfqFnS8wGuuGqWay01hor-zbMXcsTZ1n5sWCmhYsABu8&_nc_ohc=NhgRyo_EGcQQ7kNvwH1TlLR&_nc_gid=DDjrrsIzMWlEJGWnITUjiA&edm=AJhczIQBAAAA&ccb=7-5&oh=00_AfplFBzn6-14BnStFilRaLtFLLjH15MPW4d1_v9ZpA3ucA&oe=696D3614&_nc_sid=4a2096,8,0,77,12,0,['https://instagram.fhan4-3.fna.fbcdn.net/v/t51.2885-15/491427160_17849149278448906_4919946303297898942_n.jpg?stp=dst-jpg_e35_tt6&efg=eyJ2ZW5jb2RlX3RhZyI6InRocmVhZHMuRkVFRC5pbWFnZV91cmxnZW4uMTQ0MHgxNjgwLnNkci5mNzU3NjEuZGVmYXVsdF9pbWFnZS5jMiJ9&_nc_ht=instagram.fhan4-3.fna.fbcdn.net&_nc_cat=110&_nc_oc=Q6cZ2QHwBbl5ryOTz4rBMdMekRcBfqFnS8wGuuGqWay01hor-zbMXcsTZ1n5sWCmhYsABu8&_nc_ohc=SHoRCyxJFOMQ7kNvwG02mrK&_nc_gid=DDjrrsIzMWlEJGWnITUjiA&edm=AJhczIQBAAAA&ccb=7-5&ig_cache_key=MzYxNzc4NTQ5MzM2Nzc3MDg0Ng%3D%3D.3-ccb7-5&oh=00_AfrbdH2L4ovPY4mRehfTUon17zjWoeKkySS8Ss_HQgMLGQ&oe=696D1895&_nc_sid=4a2096'],,https://www.threads.net/@duadetoancho_kaist/post/DI09L0Fv07e,[],"{'likes': 77, 'reposts': 12, 'quotes': 0}",threads,3617785493367770846,Đưa Đề Toán Cho KAIST,University war,Là đến đoạn chia sẻ phương pháp chưa vậy❓,threads,73552936905,duadetoancho_kaist
[],2026-01-14T16:25:52.437548+07:00,University war nghĩ sao về một mùa all star? Mang ngay Hyunbin cà Gyumin về một đội cho tôi. Quét sạch ván cờ này điiiiii,2025-01-07T22:41:50+07:00,,3540365776526475638,threads,threads.com,threads_crawler_v1,https://www.threads.net/@eehoes.park/post/DEh5-qEz4F2,https://instagram.fhan3-3.fna.fbcdn.net/v/t51.2885-19/473759392_1695697931298937_5888312358281031785_n.jpg?stp=dst-jpg_s150x150_tt6&efg=eyJ2ZW5jb2RlX3RhZyI6InByb2ZpbGVfcGljLmRqYW5nby44MjYuYzIifQ&_nc_ht=instagram.fhan3-3.fna.fbcdn.net&_nc_cat=101&_nc_oc=Q6cZ2QHwBbl5ryOTz4rBMdMekRcBfqFnS8wGuuGqWay01hor-zbMXcsTZ1n5sWCmhYsABu8&_nc_ohc=RgNoAY1weSoQ7kNvwGeazMJ&_nc_gid=DDjrrsIzMWlEJGWnITUjiA&edm=AJhczIQBAAAA&ccb=7-5&oh=00_AfpGQSlUck8ll0E9WEvkS2hKaMy8_f8CfNgyB7UGnSlNWQ&oe=696D2082&_nc_sid=4a2096,12,0,432,40,0,[],,https://www.threads.net/@eehoes.park/post/DEh5-qEz4F2,[],"{'likes': 432, 'reposts': 36, 'quotes': 4}",threads,3540365776526475638,Hà Chi,,University war nghĩ sao về một mùa all star? Mang ngay Hyunbin cà Gyumin về một đội cho tôi. Quét sạch ván cờ này điiiiii,threads,69167032118,eehoes.park
[],2026-01-14T16:25:52.437597+07:00,3/4 đứa snu stem hạng cao nhất pre-test bảng stem mà nỡ lòng nào kêu chúng nó ko giỏi...,2025-12-15T21:02:07+07:00,,3788188447895928129,threads,threads.com,threads_crawler_v1,https://www.threads.net/@capy_meiannn/post/DSSWVKbEz1B,https://instagram.fhan4-6.fna.fbcdn.net/v/t51.2885-19/476799006_449522934792945_8905427305227227175_n.jpg?stp=dst-jpg_s150x150_tt6&efg=eyJ2ZW5jb2RlX3RhZyI6InByb2ZpbGVfcGljLmRqYW5nby43NDguYzIifQ&_nc_ht=instagram.fhan4-6.fna.fbcdn.net&_nc_cat=109&_nc_oc=Q6cZ2QHwBbl5ryOTz4rBMdMekRcBfqFnS8wGuuGqWay01hor-zbMXcsTZ1n5sWCmhYsABu8&_nc_ohc=GU8KgpuPd_sQ7kNvwEnjVvl&_nc_gid=DDjrrsIzMWlEJGWnITUjiA&edm=AJhczIQBAAAA&ccb=7-5&oh=00_Afp-xd5soyRZ2-ZltRWrTESm-vfJQKFUUO3iNQZgTwakdw&oe=696D4874&_nc_sid=4a2096,6,0,15,1,0,"['https://instagram.fhan4-5.fna.fbcdn.net/v/t51.2885-15/601008508_1157385723130670_8061654525663932867_n.jpg?stp=dst-jpg_e15_tt6&efg=eyJ2ZW5jb2RlX3RhZyI6InRocmVhZHMuRkVFRC5pbWFnZV91cmxnZW4uNjQweDM1Mi5zZHIuZjcxODc4LmRlZmF1bHRfY292ZXJfZnJhbWUuYzIifQ&_nc_ht=instagram.fhan4-5.fna.fbcdn.net&_nc_cat=102&_nc_oc=Q6cZ2QHwBbl5ryOTz4rBMdMekRcBfqFnS8wGuuGqWay01hor-zbMXcsTZ1n5sWCmhYsABu8&_nc_ohc=YtW2TpaQ3fQQ7kNvwFFHNVC&_nc_gid=DDjrrsIzMWlEJGWnITUjiA&edm=AJhczIQBAAAA&ccb=7-5&ig_cache_key=Mzc4ODE4ODQ0Nzg5NTkyODEyOQ%3D%3D.3-ccb7-5&oh=00_AfqxzJlTdwisaou4uVNfZLaQjN_PT0skpuHP0XVV7fbIHQ&oe=696D3772&_nc_sid=4a2096', 'https://instagram.fhan4-3.fna.fbcdn.net/o1/v/t16/f2/m84/AQOLyJU5t37FScxXQOANAz0I4NBYBhDuPLvCYI3hFvajCzDi2ywQOt-Ws6IfQnnDtQvTSki6hIAM9wuJHSTgkHmcitt8Jfe5_QTJyhw.mp4?_nc_cat=110&_nc_oc=AdmsRE3jWLZMk4ihgqicOIx4znxmZ_MaOOIpeqeVDRY5xxLEI4VKGEhqxRFtMvid0bk&_nc_sid=5e9851&_nc_ht=instagram.fhan4-3.fna.fbcdn.net&_nc_ohc=zv2xVRbi0WUQ7kNvwHTkkSd&efg=eyJ2ZW5jb2RlX3RhZyI6Inhwdl9wcm9ncmVzc2l2ZS5JTlNUQUdSQU0uRkVFRC5DMy4xMjgwLmRhc2hfYmFzZWxpbmVfMV92MSIsInhwdl9hc3NldF9pZCI6MTM5MzE0MjgxNTY4MTI5MSwiYXNzZXRfYWdlX2RheXMiOjI5LCJ2aV91c2VjYXNlX2lkIjoxMDE2NCwiZHVyYXRpb25fcyI6NjcsInVybGdlbl9zb3VyY2UiOiJ3d3cifQ%3D%3D&ccb=17-1&_nc_gid=DDjrrsIzMWlEJGWnITUjiA&_nc_zt=28&vs=546a89fdbfd1ac40&_nc_vs=HBksFQIYTGlnX2JhY2tmaWxsX3RpbWVsaW5lX3ZvZC81RTQzNDNCRjlCQTExQzQyM0FBNDNBNjRDQUE2MzY5Rl92aWRlb19kYXNoaW5pdC5tcDQVAALIARIAFQIYOnBhc3N0aHJvdWdoX2V2ZXJzdG9yZS9HQUliMlNNNVllMnJSWWdGQURJRThQU3JGWk5QYnNwVEFRQUYVAgLIARIAKAAYABsCiAd1c2Vfb2lsATEScHJvZ3Jlc3NpdmVfcmVjaXBlATEVAAAmlqyz6srD-QQVAigCQzMsF0BQwyLQ5WBCGBJkYXNoX2Jhc2VsaW5lXzFfdjERAHXqB2XongEA&oh=00_AfoianXzbYGNOJLm5Va23CbA8GUGWz-jO9rRby54R8VHsA&oe=69694022']",,https://www.threads.net/@capy_meiannn/post/DSSWVKbEz1B,[],"{'likes': 15, 'reposts': 1, 'quotes': 0}",threads,3788188447895928129,certified yapper about my faves,University war,3/4 đứa snu stem hạng cao nhất pre-test bảng stem mà nỡ lòng nào kêu chúng nó ko giỏi...,threads,63476153886,capy_meiannn
[],2026-01-14T16:25:52.437646+07:00,"trung bình người đu show culinary class wars ss2 & uniwar ss3 trong tuần này: 
- ccw: bía Son Jong Won => out 
- uniwar: team bía SNU STEM => out 
còn gì khổ hơn k bây 🤦🏻‍♀️😭🤡😇🥰",2026-01-10T17:03:01+07:00,,3806912707954696168,threads,threads.com,threads_crawler_v1,https://www.threads.net/@candyareblue/post/DTU3vAgj1_o,https://instagram.fhan3-4.fna.fbcdn.net/v/t51.2885-19/588435251_17933952909111832_108835872464940869_n.jpg?stp=dst-jpg_s150x150_tt6&efg=eyJ2ZW5jb2RlX3RhZyI6InByb2ZpbGVfcGljLmRqYW5nby42MjIuYzIifQ&_nc_ht=instagram.fhan3-4.fna.fbcdn.net&_nc_cat=104&_nc_oc=Q6cZ2QHwBbl5ryOTz4rBMdMekRcBfqFnS8wGuuGqWay01hor-zbMXcsTZ1n5sWCmhYsABu8&_nc_ohc=vFijiFC89bUQ7kNvwHlqeT7&_nc_gid=DDjrrsIzMWlEJGWnITUjiA&edm=AJhczIQBAAAA&ccb=7-5&oh=00_Afp8QeBiOZKsypJInbNUgN64y-5KJa9CbmyFbuMOE_nJ5Q&oe=696D3FEC&_nc_sid=4a2096,2,0,19,1,0,[],,https://www.threads.net/@candyareblue/post/DTU3vAgj1_o,[],"{'likes': 19, 'reposts': 1, 'quotes': 0}",threads,3806912707954696168,gl 𝜗𝜚˚⋆,University war,"trung bình người đu show culinary class wars ss2 & uniwar ss3 trong tuần này: 
- ccw: bía Son Jong Won => out 
- uniwar: team bía SNU STEM => out 
còn gì khổ hơn k bây 🤦🏻‍♀️😭🤡😇🥰",threads,63201615831,candyareblue
[],2026-01-14T16:25:52.437696+07:00,Ukrainian soilder after 730 days at war with Russia… we aren’t talking about them enough,2026-01-02T08:06:28+07:00,,3800844447454610338,threads,threads.com,threads_crawler_v1,https://www.threads.net/@gabicakes91/post/DS_T-MhDEOi,https://instagram.fhan3-4.fna.fbcdn.net/v/t51.2885-19/612095099_17932503858140706_3809127802194470939_n.jpg?stp=dst-jpg_s150x150_tt6&efg=eyJ2ZW5jb2RlX3RhZyI6InByb2ZpbGVfcGljLmRqYW5nby45NTguYzIifQ&_nc_ht=instagram.fhan3-4.fna.fbcdn.net&_nc_cat=106&_nc_oc=Q6cZ2QHwBbl5ryOTz4rBMdMekRcBfqFnS8wGuuGqWay01hor-zbMXcsTZ1n5sWCmhYsABu8&_nc_ohc=WpvyBpU_croQ7kNvwGm4ql6&_nc_gid=DDjrrsIzMWlEJGWnITUjiA&edm=AJhczIQBAAAA&ccb=7-5&oh=00_AfrMi1YZfaJe3xwV5rDE5cvEpt0V7WV-vHm7gvbiYHpPrQ&oe=696D3E7E&_nc_sid=4a2096,1147,0,34706,1101,0,['https://instagram.fhan3-4.fna.fbcdn.net/v/t39.30808-6/606588438_10161729937945684_845771941557840035_n.jpg?stp=cp6_dst-jpg_e35_tt6&efg=eyJ2ZW5jb2RlX3RhZyI6InRocmVhZHMuRkVFRC5pbWFnZV91cmxnZW4uMTE3OXgxMjM3LnNkci5mMzA4MDguZGVmYXVsdF9pbWFnZS5jMiJ9&_nc_ht=instagram.fhan3-4.fna.fbcdn.net&_nc_cat=104&_nc_oc=Q6cZ2QHwBbl5ryOTz4rBMdMekRcBfqFnS8wGuuGqWay01hor-zbMXcsTZ1n5sWCmhYsABu8&_nc_ohc=wYkwWZd-xlIQ7kNvwEsDIw2&_nc_gid=DDjrrsIzMWlEJGWnITUjiA&edm=AJhczIQAAAAA&ccb=7-5&ig_cache_key=MzgwMDg0NDQ0NzQ1NDYxMDMzOA%3D%3D.3-ccb7-5&oh=00_AfrIg3Z4DCPtrvIQI2RgTR60fHLmnO6NuM6xGIiRpEAC4g&oe=696D3ADB&_nc_sid=4a2096'],,https://www.threads.net/@gabicakes91/post/DS_T-MhDEOi,[],"{'likes': 34706, 'reposts': 1076, 'quotes': 25}",threads,3800844447454610338,Gabrielle Parker,,Ukrainian soilder after 730 days at war with Russia… we aren’t talking about them enough,threads,64264780705,gabicakes91
[],2026-01-14T16:25:52.437748+07:00,"Putin: 73 years old
Trump: 79 years old
Xi Jinping: 72 years old
Khamenei: 86 years old
Netanyahu: 76 years old
Narendra Modi: 75 years old

All these leaders have lived their lives and are now destroying world peace and the future of coming generations.

The world needs young leaders. People that stand for a better tomorrow. 

#Trump #PutinVladimir #war #renew #peace",2026-01-12T03:50:52+07:00,,3807963522982402477,threads,threads.com,threads_crawler_v1,https://www.threads.net/@chrisreillypics/post/DTYmqYRAtmt,https://instagram.fhan3-4.fna.fbcdn.net/v/t51.2885-19/613076286_17923855422207366_4731668358409102363_n.jpg?stp=dst-jpg_s150x150_tt6&efg=eyJ2ZW5jb2RlX3RhZyI6InByb2ZpbGVfcGljLmRqYW5nby4xMDgwLmMyIn0&_nc_ht=instagram.fhan3-4.fna.fbcdn.net&_nc_cat=106&_nc_oc=Q6cZ2QHwBbl5ryOTz4rBMdMekRcBfqFnS8wGuuGqWay01hor-zbMXcsTZ1n5sWCmhYsABu8&_nc_ohc=XCuLJdwI2j8Q7kNvwFXLJOY&_nc_gid=DDjrrsIzMWlEJGWnITUjiA&edm=AJhczIQBAAAA&ccb=7-5&oh=00_Afo5KIqzNn8RletSCIJAY3ASrjTnaoc9vf00r1CkokB_FA&oe=696D4B5E&_nc_sid=4a2096,2305,0,13319,657,0,"['https://instagram.fhan3-3.fna.fbcdn.net/v/t51.2885-15/612472741_1188896403451389_2393490497184588242_n.jpg?stp=dst-jpg_e15_tt6&efg=eyJ2ZW5jb2RlX3RhZyI6InRocmVhZHMuRkVFRC5pbWFnZV91cmxnZW4uNjQweDY0MC5zZHIuZjcxODc4LmRlZmF1bHRfY292ZXJfZnJhbWUuYzIifQ&_nc_ht=instagram.fhan3-3.fna.fbcdn.net&_nc_cat=1&_nc_oc=Q6cZ2QHwBbl5ryOTz4rBMdMekRcBfqFnS8wGuuGqWay01hor-zbMXcsTZ1n5sWCmhYsABu8&_nc_ohc=BZIgV_2R7PYQ7kNvwE1J_8r&_nc_gid=DDjrrsIzMWlEJGWnITUjiA&edm=AJhczIQBAAAA&ccb=7-5&ig_cache_key=MzgwNzk2MzUyMjk4MjQwMjQ3Nw%3D%3D.3-ccb7-5&oh=00_AfpwO5oxZob-_Wl_pmjHgKoV_j0mqGZBzj-sVlMg94BVBw&oe=696D1CFE&_nc_sid=4a2096', 'https://instagram.fhan4-5.fna.fbcdn.net/o1/v/t2/f2/m86/AQNq0IdOGaHVNCfJTSpiShjSz0na4nScwGbPEmRnNzSNLqh6lPaQdCgCgEbRoW_l976MHvzF7tlflP77u8xDA61VarrplbHVOCxnTMw.mp4?_nc_cat=102&_nc_oc=Admv4VuFq79yBX-fsv_9Asn8Zug5tLmXsdL9GLuqio09Iv5PQxqKb8pnq_sKDOGZb_g&_nc_sid=5e9851&_nc_ht=instagram.fhan4-5.fna.fbcdn.net&_nc_ohc=6kPQKa-iWZ4Q7kNvwFX68ex&efg=eyJ2ZW5jb2RlX3RhZyI6Inhwdl9wcm9ncmVzc2l2ZS5JTlNUQUdSQU0uRkVFRC5DMy43MjAuZGFzaF9iYXNlbGluZV8xX3YxIiwieHB2X2Fzc2V0X2lkIjoxNTE2MjY0MTgzMDAwMDE2LCJhc3NldF9hZ2VfZGF5cyI6MiwidmlfdXNlY2FzZV9pZCI6MTAwOTksImR1cmF0aW9uX3MiOjUsInVybGdlbl9zb3VyY2UiOiJ3d3cifQ%3D%3D&ccb=17-1&_nc_gid=DDjrrsIzMWlEJGWnITUjiA&_nc_zt=28&vs=d0744c293bd80e4f&_nc_vs=HBkcFQIYUmlnX3hwdl9yZWVsc19wZXJtYW5lbnRfc3JfcHJvZC81QzREQ0I3MjRBQkVDOTYwQTQxQ0VEMkM4OTgzQkM5Nl92aWRlb19kYXNoaW5pdC5tcDQVAALIARIAKAAYABsCiAd1c2Vfb2lsATEScHJvZ3Jlc3NpdmVfcmVjaXBlATEVAAAmoK-bwJjCsQUVAigCQzMsF0AUIcrAgxJvGBJkYXNoX2Jhc2VsaW5lXzFfdjERAHXqB2XmnQEA&oh=00_AfqsAhc98ka4FGuiefwda6AcAEdvdlH-QDz2WxJZJe32fw&oe=6969557F']",,https://www.threads.net/@chrisreillypics/post/DTYmqYRAtmt,[],"{'likes': 13319, 'reposts': 633, 'quotes': 24}",threads,3807963522982402477,Chris Reilly | Chris Does Trips,,"Putin: 73 years old
Trump: 79 years old
Xi Jinping: 72 years old
Khamenei: 86 years old
Netanyahu: 76 years old
Narendra Modi: 75 years old

All these leaders have lived their lives and are now destroying world peace and the future of coming generations.

The world needs young leaders. People that stand for a better tomorrow. 

#Trump #PutinVladimir #war #renew #peace",threads,66091031365,chrisreillypics
[],2026-01-14T16:25:52.437807+07:00,"❌ Bộ đôi visual 
✅ Combo mỏ hỗn, chiến thần chọc quê, ông hoàng bắt chước =)))
University war",2025-01-05T22:59:45+07:00,,3538925240569223667,threads,threads.com,threads_crawler_v1,https://www.threads.net/@hynonnnnnn/post/DEcycGaytnz,https://instagram.fhan4-5.fna.fbcdn.net/v/t51.2885-19/472497044_1633876533876170_2827704017479614153_n.jpg?stp=dst-jpg_s150x150_tt6&efg=eyJ2ZW5jb2RlX3RhZyI6InByb2ZpbGVfcGljLmRqYW5nby4xMDgwLmMyIn0&_nc_ht=instagram.fhan4-5.fna.fbcdn.net&_nc_cat=102&_nc_oc=Q6cZ2QHwBbl5ryOTz4rBMdMekRcBfqFnS8wGuuGqWay01hor-zbMXcsTZ1n5sWCmhYsABu8&_nc_ohc=yl95yGTw0BEQ7kNvwE8mNgb&_nc_gid=DDjrrsIzMWlEJGWnITUjiA&edm=AJhczIQBAAAA&ccb=7-5&oh=00_AfrjO6ocaR_7IQ5Gj7w97viY7xD6m2HYZSuoaUePkwFpyw&oe=696D2F0A&_nc_sid=4a2096,21,0,633,90,0,['https://instagram.fhan3-3.fna.fbcdn.net/v/t51.2885-15/471990098_1534586650456909_2665521878530162796_n.jpg?stp=dst-jpg_e15_tt6&efg=eyJ2ZW5jb2RlX3RhZyI6InRocmVhZHMuQ0FST1VTRUxfSVRFTS5pbWFnZV91cmxnZW4uNjQweDM2MC5zZHIuZjcxODc4LmRlZmF1bHRfY292ZXJfZnJhbWUuYzIifQ&_nc_ht=instagram.fhan3-3.fna.fbcdn.net&_nc_cat=101&_nc_oc=Q6cZ2QHwBbl5ryOTz4rBMdMekRcBfqFnS8wGuuGqWay01hor-zbMXcsTZ1n5sWCmhYsABu8&_nc_ohc=6usMvEcfCDoQ7kNvwHl688k&_nc_gid=DDjrrsIzMWlEJGWnITUjiA&edm=AJhczIQBAAAA&ccb=7-5&ig_cache_key=MzUzODkyMzAxNzYxMzEyODI4OA%3D%3D.3-ccb7-5&oh=00_Afr9qEZXxplGTxTeYLJ5Arj7Nd67Sh5DU94XnCo7nkBauQ&oe=696D344D&_nc_sid=4a2096'],,https://www.threads.net/@hynonnnnnn/post/DEcycGaytnz,[],"{'likes': 633, 'reposts': 80, 'quotes': 10}",threads,3538925240569223667,,University war,"❌ Bộ đôi visual 
✅ Combo mỏ hỗn, chiến thần chọc quê, ông hoàng bắt chước =)))
University war",threads,67705976866,hynonnnnnn
[],2026-01-14T16:25:52.437860+07:00,xem university war để còn biết tự ái mà chăm học =)),2025-01-03T18:43:40+07:00,,3537346797666954401,threads,threads.com,threads_crawler_v1,https://www.threads.net/@hniiizzz/post/DEXLiu6Teyh,https://instagram.fhan4-3.fna.fbcdn.net/v/t51.2885-19/473577990_993964412572006_3042119872632821922_n.jpg?stp=dst-jpg_s150x150_tt6&efg=eyJ2ZW5jb2RlX3RhZyI6InByb2ZpbGVfcGljLmRqYW5nby42MDguYzIifQ&_nc_ht=instagram.fhan4-3.fna.fbcdn.net&_nc_cat=110&_nc_oc=Q6cZ2QHwBbl5ryOTz4rBMdMekRcBfqFnS8wGuuGqWay01hor-zbMXcsTZ1n5sWCmhYsABu8&_nc_ohc=csNUyQQAm2MQ7kNvwECUzFQ&_nc_gid=DDjrrsIzMWlEJGWnITUjiA&edm=AJhczIQBAAAA&ccb=7-5&oh=00_AfqQhfQGJzihg0IsSYe0xN8hUChGpaLB61ERJ1Gyui400g&oe=696D2A6E&_nc_sid=4a2096,8,0,361,47,0,['https://instagram.fhan4-5.fna.fbcdn.net/v/t51.29350-15/472491061_2048723115648471_1284966767877977362_n.jpg?stp=dst-jpg_e35_tt6&efg=eyJ2ZW5jb2RlX3RhZyI6InRocmVhZHMuRkVFRC5pbWFnZV91cmxnZW4uMjQzNngxMTI1LnNkci5mMjkzNTAuZGVmYXVsdF9pbWFnZS5jMiJ9&_nc_ht=instagram.fhan4-5.fna.fbcdn.net&_nc_cat=103&_nc_oc=Q6cZ2QHwBbl5ryOTz4rBMdMekRcBfqFnS8wGuuGqWay01hor-zbMXcsTZ1n5sWCmhYsABu8&_nc_ohc=XkGBryw4EzIQ7kNvwGqBykJ&_nc_gid=DDjrrsIzMWlEJGWnITUjiA&edm=AJhczIQBAAAA&ccb=7-5&ig_cache_key=MzUzNzM0Njc5NzY2Njk1NDQwMQ%3D%3D.3-ccb7-5&oh=00_AfqdyFEe4cL1I1oUvvYnLQIpfi0NEYb-B9avwl93EUJQBg&oe=696D367D&_nc_sid=4a2096'],,https://www.threads.net/@hniiizzz/post/DEXLiu6Teyh,[],"{'likes': 361, 'reposts': 47, 'quotes': 0}",threads,3537346797666954401,몽글몽글,,xem university war để còn biết tự ái mà chăm học =)),threads,63261853888,hniiizzz
[],2026-01-14T16:25:52.437915+07:00,"Cuộc đời của nhóc này xoay quanh ""chỉ là"" ""bằng cách nào đó""

""SSHS cấm nhập học sớm mà em?"" ""Hồi lớp 8 em thi vào thì bằng cách nào đó được nhận""
""Sao em vào SSHS đc tuyển thẳng r thì còn thi SCAT chi nữa z?"" ""À thì chỉ là em muốn thi cho biết""
""Sao em biết được quy luật dãy số này?"" ""À thì chỉ là...""

Đến mức juyeong còn nói ẻm là ""nó không đơn giản để có thể nói câu ""chỉ là"" vậy đâu em...""

Hãy học giỏi vl để có thể tuôn ra những câu ko tưởng bằng trợ từ ""chỉ là"" như ẻm nhé
University war",2025-02-02T15:20:46+07:00,,3558987945203752565,threads,threads.com,threads_crawler_v1,https://www.threads.net/@sssisweird/post/DFkEK4JxF51,https://instagram.fhan3-4.fna.fbcdn.net/v/t51.2885-19/474911552_1126474279267708_1352000609901391602_n.jpg?stp=dst-jpg_s150x150_tt6&efg=eyJ2ZW5jb2RlX3RhZyI6InByb2ZpbGVfcGljLmRqYW5nby4xMDgwLmMyIn0&_nc_ht=instagram.fhan3-4.fna.fbcdn.net&_nc_cat=104&_nc_oc=Q6cZ2QHwBbl5ryOTz4rBMdMekRcBfqFnS8wGuuGqWay01hor-zbMXcsTZ1n5sWCmhYsABu8&_nc_ohc=mHCk03RBzXAQ7kNvwFlceNh&_nc_gid=DDjrrsIzMWlEJGWnITUjiA&edm=AJhczIQBAAAA&ccb=7-5&oh=00_AfrxzotlZU0RXhN8dRezMiLafh7MPRFdZJr-nlSIQd9PbA&oe=696D4F08&_nc_sid=4a2096,4,0,216,27,0,['https://instagram.fhan4-6.fna.fbcdn.net/v/t51.2885-15/474538556_18106439695468449_2434026767101925436_n.webp?efg=eyJ2ZW5jb2RlX3RhZyI6InRocmVhZHMuRkVFRC5pbWFnZV91cmxnZW4uMjM0MHgxMDgwLnNkci5mNzU3NjEuZGVmYXVsdF9pbWFnZS5jMiJ9&_nc_ht=instagram.fhan4-6.fna.fbcdn.net&_nc_cat=109&_nc_oc=Q6cZ2QHwBbl5ryOTz4rBMdMekRcBfqFnS8wGuuGqWay01hor-zbMXcsTZ1n5sWCmhYsABu8&_nc_ohc=Bj5Nkp-p3mcQ7kNvwFBjYVW&_nc_gid=DDjrrsIzMWlEJGWnITUjiA&edm=AJhczIQBAAAA&ccb=7-5&ig_cache_key=MzU1ODk4Nzk0NTIwMzc1MjU2NQ%3D%3D.3-ccb7-5&oh=00_AfoMTnXNOp_TFzvCS-kyGtnfTS_YGxy0IeJYRQJu9hG6eQ&oe=696D17A0&_nc_sid=4a2096'],,https://www.threads.net/@sssisweird/post/DFkEK4JxF51,[],"{'likes': 216, 'reposts': 25, 'quotes': 2}",threads,3558987945203752565,Soobin Sầm Sơn,University war,"Cuộc đời của nhóc này xoay quanh ""chỉ là"" ""bằng cách nào đó""

""SSHS cấm nhập học sớm mà em?"" ""Hồi lớp 8 em thi vào thì bằng cách nào đó được nhận""
""Sao em vào SSHS đc tuyển thẳng r thì còn thi SCAT chi nữa z?"" ""À thì chỉ là em muốn thi cho biết""
""Sao em biết được quy luật dãy số này?"" ""À thì chỉ là...""

Đến mức juyeong còn nói ẻm là ""nó không đơn giản để có thể nói câu ""chỉ là"" vậy đâu em...""

Hãy học giỏi vl để có thể tuôn ra những câu ko tưởng bằng trợ từ ""chỉ là"" như ẻm nhé
University war",threads,72279929399,sssisweird
[],2026-01-14T16:25:52.437974+07:00,"Trump confirms the US are gonna take Greenland. 

This is not a joke. 
This is an act of war by a hostile nation. 

10 US C-17 Military planes just touch down in UK. 

Is Donald Trump attacking us ?",2026-01-05T02:12:07+07:00,,3802839668715222040,threads,threads.com,threads_crawler_v1,https://www.threads.net/@europa.maxima/post/DTGZofHiPQY,https://instagram.fhan3-3.fna.fbcdn.net/v/t51.2885-19/612636668_17933586813158981_1417865552960775593_n.jpg?stp=dst-jpg_s150x150_tt6&efg=eyJ2ZW5jb2RlX3RhZyI6InByb2ZpbGVfcGljLmRqYW5nby4xMDgwLmMyIn0&_nc_ht=instagram.fhan3-3.fna.fbcdn.net&_nc_cat=1&_nc_oc=Q6cZ2QHwBbl5ryOTz4rBMdMekRcBfqFnS8wGuuGqWay01hor-zbMXcsTZ1n5sWCmhYsABu8&_nc_ohc=LDPTiTla1GEQ7kNvwG6LET3&_nc_gid=DDjrrsIzMWlEJGWnITUjiA&edm=AJhczIQBAAAA&ccb=7-5&oh=00_AfqG0Om233vWnH3_InUIR7dhNfZ34Br-skQLtizULYnfIA&oe=696D28C0&_nc_sid=4a2096,4775,0,13748,2649,0,"['https://instagram.fhan4-1.fna.fbcdn.net/v/t51.2885-15/610645103_17933045793158981_3199730505998889248_n.jpg?stp=dst-jpg_e15_tt6&efg=eyJ2ZW5jb2RlX3RhZyI6InRocmVhZHMuRkVFRC5pbWFnZV91cmxnZW4uNzIweDcyMC5zZHIuZjgyNzg3LmRlZmF1bHRfY292ZXJfZnJhbWUuYzIifQ&_nc_ht=instagram.fhan4-1.fna.fbcdn.net&_nc_cat=105&_nc_oc=Q6cZ2QHwBbl5ryOTz4rBMdMekRcBfqFnS8wGuuGqWay01hor-zbMXcsTZ1n5sWCmhYsABu8&_nc_ohc=jWupyrX6BpgQ7kNvwHMLCdA&_nc_gid=DDjrrsIzMWlEJGWnITUjiA&edm=AJhczIQBAAAA&ccb=7-5&ig_cache_key=MzgwMjgzOTY2ODcxNTIyMjA0MA%3D%3D.3-ccb7-5&oh=00_Afo3mc2vU_zWxzbepQYMBDWGI4mla49IzQl19jv3tBK5Mg&oe=696D344E&_nc_sid=4a2096', 'https://instagram.fhan4-3.fna.fbcdn.net/o1/v/t16/f2/m84/AQNLrsjrFoNJfFn9JjlSeGSMNidAY39JvEu0B_fr1-NUsZB8bUsxxx0UYl9BqRzRIP-tMWt-261UmIAfSTnfE0Zn6usLZ5kXgRYKHi4.mp4?_nc_cat=100&_nc_oc=AdldebaESuvScmKFzM9bQa65HJt-_y5fnE5UKJcqex76x5olfOfWzTlHNAa1jukIfMg&_nc_sid=5e9851&_nc_ht=instagram.fhan4-3.fna.fbcdn.net&_nc_ohc=7j8Cl_K787wQ7kNvwFXCUGB&efg=eyJ2ZW5jb2RlX3RhZyI6Inhwdl9wcm9ncmVzc2l2ZS5JTlNUQUdSQU0uRkVFRC5DMy43MjAuZGFzaF9iYXNlbGluZV8xX3YxIiwieHB2X2Fzc2V0X2lkIjo4ODc3NTY0MDA2MTAzMDIsImFzc2V0X2FnZV9kYXlzIjo5LCJ2aV91c2VjYXNlX2lkIjoxMDE2NCwiZHVyYXRpb25fcyI6MzIsInVybGdlbl9zb3VyY2UiOiJ3d3cifQ%3D%3D&ccb=17-1&_nc_gid=DDjrrsIzMWlEJGWnITUjiA&_nc_zt=28&vs=cf0112e3a8ee9a02&_nc_vs=HBksFQIYTGlnX2JhY2tmaWxsX3RpbWVsaW5lX3ZvZC9GQjQ0N0IwMURGNjJCRTI5NjdDOEZENjVFMkE5RTQ4M192aWRlb19kYXNoaW5pdC5tcDQVAALIARIAFQIYOnBhc3N0aHJvdWdoX2V2ZXJzdG9yZS9HTnJ5WHlRZWI3aGJibllGQUVXSm1qUlUzMUVOYnNwVEFRQUYVAgLIARIAKAAYABsCiAd1c2Vfb2lsATEScHJvZ3Jlc3NpdmVfcmVjaXBlATEVAAAm_K--zpzakwMVAigCQzMsF0BAIgxJul41GBJkYXNoX2Jhc2VsaW5lXzFfdjERAHXqB2XongEA&oh=00_AfrEsvgzWoi6YU1z4fAzMLAl-CHHTSox6FcstfheJnNEQg&oe=696927B4']",,https://www.threads.net/@europa.maxima/post/DTGZofHiPQY,[],"{'likes': 13748, 'reposts': 2340, 'quotes': 309}",threads,3802839668715222040,Europa Maxima,,"Trump confirms the US are gonna take Greenland. 

This is not a joke. 
This is an act of war by a hostile nation. 

10 US C-17 Military planes just touch down in UK. 

Is Donald Trump attacking us ?",threads,64707806980,europa.maxima
[],2026-01-14T16:25:52.438025+07:00,"tròi ơi sang cái mùa này mới qua 3 ep thôi nhưng chemistry của 4 thằng tó con snu stem thực sự tốt. chúng nó cười đùa nhau, thả miếng rồi bắt miếng nhau, thoại sảng cùng nhau vô cùng mượt mà =)))))))))))) ôi c iu mí đứa lắm ý snu stem thẳng đường tiến vào chung kết cho c nháaaaa 🥺🫳🏻",2025-12-20T18:52:26+07:00,,3791746577179316949,threads,threads.com,threads_crawler_v1,https://www.threads.net/@capy_meiannn/post/DSe_WwjE5LV,https://instagram.fhan4-6.fna.fbcdn.net/v/t51.2885-19/476799006_449522934792945_8905427305227227175_n.jpg?stp=dst-jpg_s150x150_tt6&efg=eyJ2ZW5jb2RlX3RhZyI6InByb2ZpbGVfcGljLmRqYW5nby43NDguYzIifQ&_nc_ht=instagram.fhan4-6.fna.fbcdn.net&_nc_cat=109&_nc_oc=Q6cZ2QHwBbl5ryOTz4rBMdMekRcBfqFnS8wGuuGqWay01hor-zbMXcsTZ1n5sWCmhYsABu8&_nc_ohc=GU8KgpuPd_sQ7kNvwEnjVvl&_nc_gid=DDjrrsIzMWlEJGWnITUjiA&edm=AJhczIQBAAAA&ccb=7-5&oh=00_Afp-xd5soyRZ2-ZltRWrTESm-vfJQKFUUO3iNQZgTwakdw&oe=696D4874&_nc_sid=4a2096,4,0,20,0,0,"['https://instagram.fhan3-3.fna.fbcdn.net/v/t51.2885-15/602909606_2023166108250601_3589517200520855114_n.jpg?stp=dst-jpg_e15_tt6&efg=eyJ2ZW5jb2RlX3RhZyI6InRocmVhZHMuRkVFRC5pbWFnZV91cmxnZW4uNjQweDQ4MC5zZHIuZjcxODc4LmRlZmF1bHRfY292ZXJfZnJhbWUuYzIifQ&_nc_ht=instagram.fhan3-3.fna.fbcdn.net&_nc_cat=101&_nc_oc=Q6cZ2QHwBbl5ryOTz4rBMdMekRcBfqFnS8wGuuGqWay01hor-zbMXcsTZ1n5sWCmhYsABu8&_nc_ohc=_ie63cEyotkQ7kNvwGV68Lz&_nc_gid=DDjrrsIzMWlEJGWnITUjiA&edm=AJhczIQBAAAA&ccb=7-5&ig_cache_key=Mzc5MTc0NjU3NzE3OTMxNjk0OQ%3D%3D.3-ccb7-5&oh=00_AfqIcAxkrvBVpLm1p02xwvS_XIFjP5Djvg_aVqfhTni1oQ&oe=696D41DF&_nc_sid=4a2096', 'https://instagram.fhan3-2.fna.fbcdn.net/o1/v/t16/f2/m84/AQNhciixOGcvSUi6_k0Pe2w228cUAomXTx4Dhn_Olm-4xSRXhNLbbOx9m-W7ts2pTf7J_BncEy09Z2lhPLw3bDZHJwyjRp-bUGKoX-g.mp4?_nc_cat=107&_nc_oc=AdmcZbL9S2tDVvo2tJaVZJcPdXM-BcUn8Khn0reYz8v9m3rrK1YyEWKLU62HXO8c7EA&_nc_sid=5e9851&_nc_ht=instagram.fhan3-2.fna.fbcdn.net&_nc_ohc=Ydo5nJT-ABAQ7kNvwHwXHZu&efg=eyJ2ZW5jb2RlX3RhZyI6Inhwdl9wcm9ncmVzc2l2ZS5JTlNUQUdSQU0uRkVFRC5DMy43NjguZGFzaF9iYXNlbGluZV8xX3YxIiwieHB2X2Fzc2V0X2lkIjoxNTI0MzQzNzU4ODQ1Nzc0LCJhc3NldF9hZ2VfZGF5cyI6MjQsInZpX3VzZWNhc2VfaWQiOjEwMTY0LCJkdXJhdGlvbl9zIjo1NiwidXJsZ2VuX3NvdXJjZSI6Ind3dyJ9&ccb=17-1&_nc_gid=DDjrrsIzMWlEJGWnITUjiA&_nc_zt=28&vs=a580ff17042da057&_nc_vs=HBksFQIYTGlnX2JhY2tmaWxsX3RpbWVsaW5lX3ZvZC8xQTQyM0MyMjhGOEFERTNFNDgwN0Y4Q0U2QjE4RERBNF92aWRlb19kYXNoaW5pdC5tcDQVAALIARIAFQIYOnBhc3N0aHJvdWdoX2V2ZXJzdG9yZS9HTmxwN2lOUlpvZEx1bHNFQUVoMWZQOVNPd2h6YnNwVEFRQUYVAgLIARIAKAAYABsCiAd1c2Vfb2lsATEScHJvZ3Jlc3NpdmVfcmVjaXBlATEVAAAmnN2XhL6YtQUVAigCQzMsF0BMIgxJul41GBJkYXNoX2Jhc2VsaW5lXzFfdjERAHXqB2XongEA&oh=00_Afrd5kbW7jgmAOE4-8fyhk4Gv63JRGuNA7gxUv6QZD0dxg&oe=69693691']",,https://www.threads.net/@capy_meiannn/post/DSe_WwjE5LV,[],"{'likes': 20, 'reposts': 0, 'quotes': 0}",threads,3791746577179316949,certified yapper about my faves,University war,"tròi ơi sang cái mùa này mới qua 3 ep thôi nhưng chemistry của 4 thằng tó con snu stem thực sự tốt. chúng nó cười đùa nhau, thả miếng rồi bắt miếng nhau, thoại sảng cùng nhau vô cùng mượt mà =)))))))))))) ôi c iu mí đứa lắm ý snu stem thẳng đường tiến vào chung kết cho c nháaaaa 🥺🫳🏻",threads,63476153886,capy_meiannn
[],2026-01-14T16:25:52.438079+07:00,"Lạy chúa team Trắng mùa 2 CulinaryClassWar mạnh khiếp hồn 😂 cái sự tự tin, chuẩn chỉnh và bài bản áp đảo vcl. Và tui thấy v3 team trắng cũng win mà kết quả giờ 50:50 là kịch bản ctr :)))))
Ý là tự nhiên mn không hề nhắc tới lát thịt dê trong món của team Đen nữa còn đĩa team Trắng không hề có ai nói tới vỏ chanh thêm vị chua điều hoà nước sốt?? :)))
Hầu hết mn team Trắng toả ra sự đáng tin bảo làm được là làm được 100% luôn 😂",2025-12-27T00:15:27+07:00,,3796258724043288940,threads,threads.com,threads_crawler_v1,https://www.threads.net/@lmaimow._.ok/post/DSvBTIyE_Fs,https://instagram.fhan4-1.fna.fbcdn.net/v/t51.2885-19/588620498_17920548798236633_1828025797518426854_n.jpg?stp=dst-jpg_s150x150_tt6&efg=eyJ2ZW5jb2RlX3RhZyI6InByb2ZpbGVfcGljLmRqYW5nby4zMjAuYzIifQ&_nc_ht=instagram.fhan4-1.fna.fbcdn.net&_nc_cat=105&_nc_oc=Q6cZ2QHwBbl5ryOTz4rBMdMekRcBfqFnS8wGuuGqWay01hor-zbMXcsTZ1n5sWCmhYsABu8&_nc_ohc=AvdnDUXAfiIQ7kNvwFu58_3&_nc_gid=DDjrrsIzMWlEJGWnITUjiA&edm=AJhczIQBAAAA&ccb=7-5&oh=00_AfoM9Payre0vLW-8AvXN1vU8Q1mULY0RJiVPFLfLb02cAQ&oe=696D3A9E&_nc_sid=4a2096,11,0,90,0,0,[],,https://www.threads.net/@lmaimow._.ok/post/DSvBTIyE_Fs,[],"{'likes': 90, 'reposts': 0, 'quotes': 0}",threads,3796258724043288940,,,"Lạy chúa team Trắng mùa 2 CulinaryClassWar mạnh khiếp hồn 😂 cái sự tự tin, chuẩn chỉnh và bài bản áp đảo vcl. Và tui thấy v3 team trắng cũng win mà kết quả giờ 50:50 là kịch bản ctr :)))))
Ý là tự nhiên mn không hề nhắc tới lát thịt dê trong món của team Đen nữa còn đĩa team Trắng không hề có ai nói tới vỏ chanh thêm vị chua điều hoà nước sốt?? :)))
Hầu hết mn team Trắng toả ra sự đáng tin bảo làm được là làm được 100% luôn 😂",threads,67175460632,lmaimow._.ok
[],2026-01-14T16:25:52.438132+07:00,"Xin giới thiệu Park Jisung, nam chính phim ngắn ""Cổ tay áo màu xanh"" cùng rất nhiều nữ chính😻
University war",2025-01-16T23:17:18+07:00,,3546903031239620034,threads,threads.com,threads_crawler_v1,https://www.threads.net/@hynonnnnnn/post/DE5IYO9yzXC,https://instagram.fhan4-5.fna.fbcdn.net/v/t51.2885-19/472497044_1633876533876170_2827704017479614153_n.jpg?stp=dst-jpg_s150x150_tt6&efg=eyJ2ZW5jb2RlX3RhZyI6InByb2ZpbGVfcGljLmRqYW5nby4xMDgwLmMyIn0&_nc_ht=instagram.fhan4-5.fna.fbcdn.net&_nc_cat=102&_nc_oc=Q6cZ2QHwBbl5ryOTz4rBMdMekRcBfqFnS8wGuuGqWay01hor-zbMXcsTZ1n5sWCmhYsABu8&_nc_ohc=yl95yGTw0BEQ7kNvwE8mNgb&_nc_gid=DDjrrsIzMWlEJGWnITUjiA&edm=AJhczIQBAAAA&ccb=7-5&oh=00_AfrjO6ocaR_7IQ5Gj7w97viY7xD6m2HYZSuoaUePkwFpyw&oe=696D2F0A&_nc_sid=4a2096,7,0,365,60,0,"['https://instagram.fhan3-4.fna.fbcdn.net/v/t51.2885-15/474004086_1563188347669890_408194755875740076_n.jpg?stp=dst-jpg_e15_tt6&efg=eyJ2ZW5jb2RlX3RhZyI6InRocmVhZHMuRkVFRC5pbWFnZV91cmxnZW4uNjQweDM2MC5zZHIuZjcxODc4LmRlZmF1bHRfY292ZXJfZnJhbWUuYzIifQ&_nc_ht=instagram.fhan3-4.fna.fbcdn.net&_nc_cat=106&_nc_oc=Q6cZ2QHwBbl5ryOTz4rBMdMekRcBfqFnS8wGuuGqWay01hor-zbMXcsTZ1n5sWCmhYsABu8&_nc_ohc=MISSHcAr_y4Q7kNvwHGSWKd&_nc_gid=DDjrrsIzMWlEJGWnITUjiA&edm=AJhczIQBAAAA&ccb=7-5&ig_cache_key=MzU0NjkwMzAzMTIzOTYyMDAzNA%3D%3D.3-ccb7-5&oh=00_AfpiCRpAydYY4uLllKF2LKUY8g6geLU7VW_hp8e7KkeYLg&oe=696D4AB7&_nc_sid=4a2096', 'https://instagram.fhan3-3.fna.fbcdn.net/o1/v/t16/f2/m84/AQPTFFSlkj_CtI9ODMUTdjIc6c9ZAUdhCIMYMl85MNbB0DUKHD9ALwGDikPcdMYyFAQmPePzadsVhhvNz0R99OUXR1wR1Wc4C50MZ04.mp4?_nc_cat=111&_nc_oc=AdlxhT5WRJV6R6WstmEuQSxrS0f-BK3Tlyake7YJXW-HPhBbCgVrBDyoCVOKLuQLwuI&_nc_sid=5e9851&_nc_ht=instagram.fhan3-3.fna.fbcdn.net&_nc_ohc=p4XNeLNoP8YQ7kNvwGtYJI2&efg=eyJ2ZW5jb2RlX3RhZyI6Inhwdl9wcm9ncmVzc2l2ZS5JTlNUQUdSQU0uRkVFRC5DMy4xMjc2LmRhc2hfYmFzZWxpbmVfMV92MSIsInhwdl9hc3NldF9pZCI6MTgxNTA1Mzk4NTkzNDE3NCwiYXNzZXRfYWdlX2RheXMiOjM2MiwidmlfdXNlY2FzZV9pZCI6MTAxNjQsImR1cmF0aW9uX3MiOjI2LCJ1cmxnZW5fc291cmNlIjoid3d3In0%3D&ccb=17-1&_nc_gid=DDjrrsIzMWlEJGWnITUjiA&_nc_zt=28&vs=358716be691101f4&_nc_vs=HBksFQIYTGlnX2JhY2tmaWxsX3RpbWVsaW5lX3ZvZC9GQzQ0MzlGNjBDQkU4RDM0NzRCNUQ4QzM0Q0VDNDhCNV92aWRlb19kYXNoaW5pdC5tcDQVAALIARIAFQIYOnBhc3N0aHJvdWdoX2V2ZXJzdG9yZS9HQ1dHUUJ4X0puTnlfNFFIQURldEFMTjYwMWNiYmtZTEFBQUYVAgLIARIAKAAYABsCiAd1c2Vfb2lsATEScHJvZ3Jlc3NpdmVfcmVjaXBlATEVAAAmvK2jgYayuQYVAigCQzMsF0A63bItDlYEGBJkYXNoX2Jhc2VsaW5lXzFfdjERAHXqB2XongEA&oh=00_AfrKJoGN5S96h_Xv8-vNLy3_wC35sOSty6JOBWiAFaJ8Hw&oe=69692EE1']",,https://www.threads.net/@hynonnnnnn/post/DE5IYO9yzXC,[],"{'likes': 365, 'reposts': 56, 'quotes': 4}",threads,3546903031239620034,,University war,"Xin giới thiệu Park Jisung, nam chính phim ngắn ""Cổ tay áo màu xanh"" cùng rất nhiều nữ chính😻
University war",threads,67705976866,hynonnnnnn
[],2026-01-14T16:25:52.438190+07:00,"⚠️BLACKLIST ALERT

V-FAM G-DRAGON KHÔNG TƯƠNG TÁC VỚI CÁC TÀI KHOẢN SAU.

Những cá nhân mang danh nghĩa fan nhưng lại có hành vi: 
❌ Thêu dệt, bịa chuyện.
❌ Mang G-Dragon để câu like kick war. 
❌ Hạ bệ, bôi xấu hình ảnh cộng đồng FAM VN. 

Mọi vấn đề, phát ngôn hay drama liên quan đến các account này hoàn toàn KHÔNG THUỘC phạm vi quản lý và trách nhiệm của V-FAM.

Nghiệp ai gây thì người nấy gánh, drama ai tạo thì người nấy hưởng.",2026-01-12T00:47:23+07:00,,3807871209850491259,threads,threads.com,threads_crawler_v1,https://www.threads.net/@just4_kjiyong/post/DTYRrC9k1F7,https://instagram.fhan4-5.fna.fbcdn.net/v/t51.2885-19/604274563_17856778962583730_7904293994099507571_n.jpg?stp=dst-jpg_s150x150_tt6&efg=eyJ2ZW5jb2RlX3RhZyI6InByb2ZpbGVfcGljLmRqYW5nby4xMDgwLmMyIn0&_nc_ht=instagram.fhan4-5.fna.fbcdn.net&_nc_cat=102&_nc_oc=Q6cZ2QHwBbl5ryOTz4rBMdMekRcBfqFnS8wGuuGqWay01hor-zbMXcsTZ1n5sWCmhYsABu8&_nc_ohc=FC9-LRqpsgcQ7kNvwHidkDn&_nc_gid=DDjrrsIzMWlEJGWnITUjiA&edm=AJhczIQBAAAA&ccb=7-5&oh=00_AfoOBygR01aIQ85gzq5Of5GyMRy2gVm_zVt-rT0q8tn6YA&oe=696D41E7&_nc_sid=4a2096,10,0,39,3,0,['https://instagram.fhan4-5.fna.fbcdn.net/v/t51.2885-15/611690465_17859164286583730_9127501263585964269_n.webp?efg=eyJ2ZW5jb2RlX3RhZyI6InRocmVhZHMuRkVFRC5pbWFnZV91cmxnZW4uMTY0MHgyMDQ4LnNkci5mODI3ODcuZGVmYXVsdF9pbWFnZS5jMiJ9&_nc_ht=instagram.fhan4-5.fna.fbcdn.net&_nc_cat=102&_nc_oc=Q6cZ2QHwBbl5ryOTz4rBMdMekRcBfqFnS8wGuuGqWay01hor-zbMXcsTZ1n5sWCmhYsABu8&_nc_ohc=fRzoFxZeO_YQ7kNvwGDrOw6&_nc_gid=DDjrrsIzMWlEJGWnITUjiA&edm=AJhczIQBAAAA&ccb=7-5&ig_cache_key=MzgwNzg3MTIwOTg1MDQ5MTI1OQ%3D%3D.3-ccb7-5&oh=00_Afp-Y2Kf75272bb9hl6pFncPFI-CqzuIqmms3eHqUszeFg&oe=696D26DE&_nc_sid=4a2096'],,https://www.threads.net/@just4_kjiyong/post/DTYRrC9k1F7,[],"{'likes': 39, 'reposts': 3, 'quotes': 0}",threads,3807871209850491259,,gdragon,"⚠️BLACKLIST ALERT

V-FAM G-DRAGON KHÔNG TƯƠNG TÁC VỚI CÁC TÀI KHOẢN SAU.

Những cá nhân mang danh nghĩa fan nhưng lại có hành vi: 
❌ Thêu dệt, bịa chuyện.
❌ Mang G-Dragon để câu like kick war. 
❌ Hạ bệ, bôi xấu hình ảnh cộng đồng FAM VN. 

Mọi vấn đề, phát ngôn hay drama liên quan đến các account này hoàn toàn KHÔNG THUỘC phạm vi quản lý và trách nhiệm của V-FAM.

Nghiệp ai gây thì người nấy gánh, drama ai tạo thì người nấy hưởng.",threads,77381767729,just4_kjiyong
[],2026-01-14T16:25:52.438238+07:00,"As a Minnesotan, there is a legitimate possibility we’re on the verge of being the testing ground for the Insurrection Act. The state National Guard has been notified it might be activated, citing it has “never been at war with the federal government.” DHS will treat this as an active military threat. It will be labeled as a state rebellion against federal law. This is one of the only ways under which the Insurrection Act can be invoked. I think I’m being paranoid, but it’s a legal possibility.",2026-01-08T07:32:23+07:00,,3805175948254309582,threads,threads.com,threads_crawler_v1,https://www.threads.net/@thedadchats/post/DTOs10_juzO,https://instagram.fhan3-3.fna.fbcdn.net/v/t51.2885-19/278406058_533125154898313_2875730402828039044_n.jpg?stp=dst-jpg_s150x150_tt6&efg=eyJ2ZW5jb2RlX3RhZyI6InByb2ZpbGVfcGljLmRqYW5nby4xMDgwLmMyIn0&_nc_ht=instagram.fhan3-3.fna.fbcdn.net&_nc_cat=1&_nc_oc=Q6cZ2QHwBbl5ryOTz4rBMdMekRcBfqFnS8wGuuGqWay01hor-zbMXcsTZ1n5sWCmhYsABu8&_nc_ohc=amhZO-95QsIQ7kNvwFnt04Z&_nc_gid=DDjrrsIzMWlEJGWnITUjiA&edm=AJhczIQBAAAA&ccb=7-5&oh=00_AfqCiDcc0Em4MyS841v9soywnGASNK66ZOL5uh3I-7eVCw&oe=696D3321&_nc_sid=4a2096,786,0,14557,852,0,[],,https://www.threads.net/@thedadchats/post/DTOs10_juzO,[],"{'likes': 14557, 'reposts': 812, 'quotes': 40}",threads,3805175948254309582,Dillon White,,"As a Minnesotan, there is a legitimate possibility we’re on the verge of being the testing ground for the Insurrection Act. The state National Guard has been notified it might be activated, citing it has “never been at war with the federal government.” DHS will treat this as an active military threat. It will be labeled as a state rebellion against federal law. This is one of the only ways under which the Insurrection Act can be invoked. I think I’m being paranoid, but it’s a legal possibility.",threads,63284384718,thedadchats
[],2026-01-14T16:25:52.438291+07:00,"I am filing an exempt W-4. 

I refuse to pay my taxes into this corrupt administration. I refuse to help fund war, murder, rape, billionaire lifestyles, hatred and division. 

I will deal with tax consequences later. Right now, this is how I’m fighting back. 

Who is with me?",2026-01-08T02:52:04+07:00,,3805034861992862703,threads,threads.com,threads_crawler_v1,https://www.threads.net/@whiterrabbitt90/post/DTOMwwLD-Pv,https://instagram.fhan3-4.fna.fbcdn.net/v/t51.2885-19/523393445_17918934372103108_8522973493411179907_n.jpg?stp=dst-jpg_s150x150_tt6&efg=eyJ2ZW5jb2RlX3RhZyI6InByb2ZpbGVfcGljLmRqYW5nby4xMDgwLmMyIn0&_nc_ht=instagram.fhan3-4.fna.fbcdn.net&_nc_cat=104&_nc_oc=Q6cZ2QEjFaN3n8mC4G6nnNsugBcfhJvXZZl1eud9BqZvYQM5HFfz32JvbAANr26Lp496fSE&_nc_ohc=LqXEr6KGKmEQ7kNvwF-lpno&_nc_gid=PtjGie9tzV4-VCDSxxjTug&edm=AJhczIQBAAAA&ccb=7-5&oh=00_Afo-f3cifCSHjlWlS6FDMllfgtuWN5LAynoDTgmiJ5Szjw&oe=696D44AD&_nc_sid=4a2096,822,0,3739,380,0,[],,https://www.threads.net/@whiterrabbitt90/post/DTOMwwLD-Pv,[],"{'likes': 3739, 'reposts': 363, 'quotes': 17}",threads,3805034861992862703,Rachael,,"I am filing an exempt W-4. 

I refuse to pay my taxes into this corrupt administration. I refuse to help fund war, murder, rape, billionaire lifestyles, hatred and division. 

I will deal with tax consequences later. Right now, this is how I’m fighting back. 

Who is with me?",threads,63092079107,whiterrabbitt90
[],2026-01-14T16:25:52.438345+07:00,"“Would YOU date YOU?” 

Honey, I’d go to WAR for a woman like me.",2025-06-28T22:54:16+07:00,,3665033459715650569,threads,threads.com,threads_crawler_v1,https://www.threads.net/@selflovebyjma/post/DLc0INwRbQJ,https://instagram.fhan4-1.fna.fbcdn.net/v/t51.2885-19/452928745_797992565832821_5117674592993501208_n.jpg?stp=dst-jpg_s150x150_tt6&efg=eyJ2ZW5jb2RlX3RhZyI6InByb2ZpbGVfcGljLmRqYW5nby43NzguYzIifQ&_nc_ht=instagram.fhan4-1.fna.fbcdn.net&_nc_cat=105&_nc_oc=Q6cZ2QEjFaN3n8mC4G6nnNsugBcfhJvXZZl1eud9BqZvYQM5HFfz32JvbAANr26Lp496fSE&_nc_ohc=4IZlgqMkeLQQ7kNvwHZ8Rx9&_nc_gid=PtjGie9tzV4-VCDSxxjTug&edm=AJhczIQBAAAA&ccb=7-5&oh=00_AfpZ_dBLVNzT0tuzM9bSD-NP5BaXWRKsUh--iDWO3V93EA&oe=696D36DA&_nc_sid=4a2096,249,0,28411,5922,0,[],,https://www.threads.net/@selflovebyjma/post/DLc0INwRbQJ,[],"{'likes': 28411, 'reposts': 5562, 'quotes': 360}",threads,3665033459715650569,Joanna☀️♡🇨🇦,,"“Would YOU date YOU?” 

Honey, I’d go to WAR for a woman like me.",threads,63478545216,selflovebyjma
[],2026-01-14T16:25:52.438379+07:00,"And If a man dies 
with no wounds on his body, 
But a war inside his head, 
Did he really die by his own hand, 
Or was he murdered by
everything he couldn't say? 

–Ticus poetry",2025-10-12T08:53:56+07:00,,3741436728301469972,threads,threads.com,threads_crawler_v1,https://www.threads.net/@ticus_poetry/post/DPsQOGkAkEU,https://instagram.fhan3-4.fna.fbcdn.net/v/t51.2885-19/612219601_17958453867043338_4803589820832263306_n.jpg?stp=dst-jpg_s150x150_tt6&efg=eyJ2ZW5jb2RlX3RhZyI6InByb2ZpbGVfcGljLmRqYW5nby4xMDgwLmMyIn0&_nc_ht=instagram.fhan3-4.fna.fbcdn.net&_nc_cat=106&_nc_oc=Q6cZ2QEjFaN3n8mC4G6nnNsugBcfhJvXZZl1eud9BqZvYQM5HFfz32JvbAANr26Lp496fSE&_nc_ohc=kW4FrNFbHJ0Q7kNvwHy-oAs&_nc_gid=PtjGie9tzV4-VCDSxxjTug&edm=AJhczIQBAAAA&ccb=7-5&oh=00_Afrl3Tut8u8zUaezhYEIMBEe61H-IrI9oO40vOtAiBflgQ&oe=696D323A&_nc_sid=4a2096,74,0,9313,1686,0,[],,https://www.threads.net/@ticus_poetry/post/DPsQOGkAkEU,[],"{'likes': 9313, 'reposts': 1644, 'quotes': 42}",threads,3741436728301469972,ticus,,"And If a man dies 
with no wounds on his body, 
But a war inside his head, 
Did he really die by his own hand, 
Or was he murdered by
everything he couldn't say? 

–Ticus poetry",threads,63459216188,ticus_poetry
[],2026-01-14T16:25:52.438409+07:00,"Đang tưởng tượng University War/ Elite bản Việt mà sắp hấp hối tới nơi 😭

Mới kể thành tích 4 ông học trường MIT thôi mà cỡ đó.... 5 trường còn lại chắc tui khùm quá

Ai có chung idea, có lòng hảo tâm có thể giúp liệt kê thành tích với tui 👉👈 😋",2025-12-13T23:10:58+07:00,,3786804190220615827,threads,threads.com,threads_crawler_v1,https://www.threads.net/@nguyenhoanganhthu7ltver/post/DSNblkAD4CT,https://instagram.fhan3-4.fna.fbcdn.net/v/t51.2885-19/503962887_17846381493495294_2379709625632338009_n.jpg?stp=dst-jpg_s150x150_tt6&efg=eyJ2ZW5jb2RlX3RhZyI6InByb2ZpbGVfcGljLmRqYW5nby42NDAuYzIifQ&_nc_ht=instagram.fhan3-4.fna.fbcdn.net&_nc_cat=106&_nc_oc=Q6cZ2QEjFaN3n8mC4G6nnNsugBcfhJvXZZl1eud9BqZvYQM5HFfz32JvbAANr26Lp496fSE&_nc_ohc=QI3sVgZXFkMQ7kNvwHmjzUy&_nc_gid=PtjGie9tzV4-VCDSxxjTug&edm=AJhczIQBAAAA&ccb=7-5&oh=00_Afrv89JYq311X_DiTHT3iFZUCmcqUZwq2Dq6qreROg-RCQ&oe=696D456C&_nc_sid=4a2096,40,0,532,40,0,['https://instagram.fhan3-4.fna.fbcdn.net/v/t51.2885-15/587791029_17869458633495294_5631483088702496971_n.jpg?stp=cp6_dst-jpg_e35_tt6&efg=eyJ2ZW5jb2RlX3RhZyI6InRocmVhZHMuQ0FST1VTRUxfSVRFTS5pbWFnZV91cmxnZW4uMTA4MHgyMzQwLnNkci5mODI3ODcuZGVmYXVsdF9pbWFnZS5jMiJ9&_nc_ht=instagram.fhan3-4.fna.fbcdn.net&_nc_cat=106&_nc_oc=Q6cZ2QEjFaN3n8mC4G6nnNsugBcfhJvXZZl1eud9BqZvYQM5HFfz32JvbAANr26Lp496fSE&_nc_ohc=GPrBmKyxiMsQ7kNvwHtuNhC&_nc_gid=PtjGie9tzV4-VCDSxxjTug&edm=AJhczIQBAAAA&ccb=7-5&ig_cache_key=Mzc4NjgwNDE4NjMxMTUwNDY3MQ%3D%3D.3-ccb7-5&oh=00_AfoE3Fk7YL-BcP0knmAZzjmHJvv8qC9vcQ_-BOB9jb5A_Q&oe=696D45AD&_nc_sid=4a2096'],,https://www.threads.net/@nguyenhoanganhthu7ltver/post/DSNblkAD4CT,[],"{'likes': 532, 'reposts': 40, 'quotes': 0}",threads,3786804190220615827,Hoang Anh Thư,University war,"Đang tưởng tượng University War/ Elite bản Việt mà sắp hấp hối tới nơi 😭

Mới kể thành tích 4 ông học trường MIT thôi mà cỡ đó.... 5 trường còn lại chắc tui khùm quá

Ai có chung idea, có lòng hảo tâm có thể giúp liệt kê thành tích với tui 👉👈 😋",threads,74664319293,nguyenhoanganhthu7ltver
[],2026-01-14T16:25:52.438442+07:00,"WE NEED TO STOP THAILAND!!! Stop the war started by them now!!! Please protect Cambodia 🙏
@unesco @unescocambodia 
#ThailandOpenedFire
#ThailandInvadesCambodia
#CambodiaWantsPeace
#justiceforcambodia
#thailanddestoystemple",2025-07-27T15:15:14+07:00,,3685820908330123026,threads,threads.com,threads_crawler_v1,https://www.threads.net/@sovattey__sary/post/DMmqpZ6uX8S,https://instagram.fhan3-3.fna.fbcdn.net/v/t51.2885-19/488445267_1576429353271321_2658650789566481846_n.jpg?stp=dst-jpg_s150x150_tt6&efg=eyJ2ZW5jb2RlX3RhZyI6InByb2ZpbGVfcGljLmRqYW5nby41MjQuYzIifQ&_nc_ht=instagram.fhan3-3.fna.fbcdn.net&_nc_cat=101&_nc_oc=Q6cZ2QEjFaN3n8mC4G6nnNsugBcfhJvXZZl1eud9BqZvYQM5HFfz32JvbAANr26Lp496fSE&_nc_ohc=Fm6NrVJEs8cQ7kNvwHcbaha&_nc_gid=PtjGie9tzV4-VCDSxxjTug&edm=AJhczIQBAAAA&ccb=7-5&oh=00_AfoCnTu1MDYOLrmEF5DFY8an9Cbt3LWd30NxQ3V0nqQHmw&oe=696D27AF&_nc_sid=4a2096,1918,0,5234,1445,0,"['https://instagram.fhan3-3.fna.fbcdn.net/v/t51.2885-15/524165755_1238840834604445_7696901632764609991_n.jpg?stp=dst-jpg_e15_tt6&efg=eyJ2ZW5jb2RlX3RhZyI6InRocmVhZHMuRkVFRC5pbWFnZV91cmxnZW4uNjQweDExMzYuc2RyLmY3MTg3OC5kZWZhdWx0X2NvdmVyX2ZyYW1lLmMyIn0&_nc_ht=instagram.fhan3-3.fna.fbcdn.net&_nc_cat=101&_nc_oc=Q6cZ2QEjFaN3n8mC4G6nnNsugBcfhJvXZZl1eud9BqZvYQM5HFfz32JvbAANr26Lp496fSE&_nc_ohc=29hmwqmvEHcQ7kNvwFdC_HK&_nc_gid=PtjGie9tzV4-VCDSxxjTug&edm=AJhczIQBAAAA&ccb=7-5&ig_cache_key=MzY4NTgyMDkwODMzMDEyMzAyNg%3D%3D.3-ccb7-5&oh=00_AfpWg34o0HgjMwcBpAD3ZoeBzM8R-CLE16-Gc4bV4C4O6Q&oe=696D3648&_nc_sid=4a2096', 'https://instagram.fhan4-6.fna.fbcdn.net/o1/v/t2/f2/m86/AQPyDW0snpKxX1Rx7SOwBe3pNzvxGAazrE3swW8sexXmz-lZAXEM-xHFa4UyiyXgcDbnPNtreS4CtV6yp18Ep8JpLv0fnRsaSHUAP64.mp4?_nc_cat=109&_nc_oc=Adl8CgBMt34JbM941w3ZlQVrAYq6E5ciHIi9wnwXHm2fL-VTMIrTu7nDhV7kx4meXzQ&_nc_sid=5e9851&_nc_ht=instagram.fhan4-6.fna.fbcdn.net&_nc_ohc=TRtYrbPd9IoQ7kNvwFt-n8q&efg=eyJ2ZW5jb2RlX3RhZyI6Inhwdl9wcm9ncmVzc2l2ZS5JTlNUQUdSQU0uRkVFRC5DMy43MjAuZGFzaF9iYXNlbGluZV8xX3YxIiwieHB2X2Fzc2V0X2lkIjoxMTE3OTA0NjA3MDYyNTQ0LCJhc3NldF9hZ2VfZGF5cyI6MTcxLCJ2aV91c2VjYXNlX2lkIjoxMDA5OSwiZHVyYXRpb25fcyI6MTc5LCJ1cmxnZW5fc291cmNlIjoid3d3In0%3D&ccb=17-1&_nc_gid=PtjGie9tzV4-VCDSxxjTug&_nc_zt=28&vs=33dda4d0adcd83c2&_nc_vs=HBksFQIYUmlnX3hwdl9yZWVsc19wZXJtYW5lbnRfc3JfcHJvZC8wMzRBQ0JDQTA5RUNDOUUzQTU5QTE0NTc2NjA4MTBBQ192aWRlb19kYXNoaW5pdC5tcDQVAALIARIAFQIYR2lnX3hwdl9yZWVsc19wZXJtYW5lbnRfc3JfcHJvZC8xMzM5NDY4Mjc0MzU2MzQxXzY0NjM0ODYzOTQxNTc1MTI5OTkubXA0FQICyAESACgAGAAbAogHdXNlX29pbAExEnByb2dyZXNzaXZlX3JlY2lwZQExFQAAJqCo-a_OrvwDFQIoAkMzLBdAZoAAAAAAABgSZGFzaF9iYXNlbGluZV8xX3YxEQB16gdl5p0BAA&oh=00_AfrtdK3eWmdMzMsuPVF1eBSImgQBOqTZx9_6MqyVMj27Ig&oe=69694DC2']",,https://www.threads.net/@sovattey__sary/post/DMmqpZ6uX8S,[],"{'likes': 5234, 'reposts': 1346, 'quotes': 99}",threads,3685820908330123026,សារី សុវត្តី • Sovattey Sary,,"WE NEED TO STOP THAILAND!!! Stop the war started by them now!!! Please protect Cambodia 🙏
@unesco unescocambodia 
#ThailandOpenedFire
#ThailandInvadesCambodia
#CambodiaWantsPeace
#justiceforcambodia
#thailanddestoystemple",threads,63410205635,sovattey__sary
[],2026-01-14T16:25:52.438482+07:00,Repost the testimony of Sascha Riley - a decorated Iraq war veteran who was trafficked by Epstein as a child. The Algo is throttling this information.,2026-01-12T02:58:21+07:00,,3807937128354168922,threads,threads.com,threads_crawler_v1,https://www.threads.net/@tamarrind1256/post/DTYgqSWkkBa,https://instagram.fhan3-2.fna.fbcdn.net/v/t51.2885-19/482401258_1353374052512083_1487378833937481270_n.jpg?stp=dst-jpg_s150x150_tt6&efg=eyJ2ZW5jb2RlX3RhZyI6InByb2ZpbGVfcGljLmRqYW5nby4xMDQ5LmMyIn0&_nc_ht=instagram.fhan3-2.fna.fbcdn.net&_nc_cat=107&_nc_oc=Q6cZ2QEjFaN3n8mC4G6nnNsugBcfhJvXZZl1eud9BqZvYQM5HFfz32JvbAANr26Lp496fSE&_nc_ohc=qUm67ZjWqMcQ7kNvwHSzLJs&_nc_gid=PtjGie9tzV4-VCDSxxjTug&edm=AJhczIQBAAAA&ccb=7-5&oh=00_AfrxM-TcPnl5LUd-VPFBEmfjaQYhwj25y6_1a97WFd9GFQ&oe=696D4F54&_nc_sid=4a2096,0,0,78,25,0,[],,https://www.threads.net/@tamarrind1256/post/DTYgqSWkkBa,[],"{'likes': 78, 'reposts': 25, 'quotes': 0}",threads,3807937128354168922,Tamar Resnick,,Repost the testimony of Sascha Riley - a decorated Iraq war veteran who was trafficked by Epstein as a child. The Algo is throttling this information.,threads,63258319597,tamarrind1256
[],2026-01-14T16:25:52.438523+07:00,"I'm unemployed. As of 5PM today, I officially left my 35-year career as a civil servant with the Department of Defense. I still have years of work ahead, but I couldn't continue serving under this administration. I morally couldn't be a part of the ""Department of War."" My career was spent testing technologies to save our troops' lives, not killing people and invading sovereign nations. And I refuse to violate my oath to uphold and defend the Constitution from all enemies - foreign and DOMESTIC.",2025-10-01T05:31:26+07:00,,3733362279007252018,threads,threads.com,threads_crawler_v1,https://www.threads.net/@crucible_of_thought/post/DPPkTZqEe4y,https://instagram.fhan3-3.fna.fbcdn.net/v/t51.2885-19/459304680_495756886565099_4933002962082754954_n.jpg?stp=dst-jpg_s150x150_tt6&efg=eyJ2ZW5jb2RlX3RhZyI6InByb2ZpbGVfcGljLmRqYW5nby4xMDAxLmMyIn0&_nc_ht=instagram.fhan3-3.fna.fbcdn.net&_nc_cat=111&_nc_oc=Q6cZ2QEjFaN3n8mC4G6nnNsugBcfhJvXZZl1eud9BqZvYQM5HFfz32JvbAANr26Lp496fSE&_nc_ohc=hla9aHa-l1sQ7kNvwHYRTn8&_nc_gid=PtjGie9tzV4-VCDSxxjTug&edm=AJhczIQBAAAA&ccb=7-5&oh=00_Afq_NlRhD_pgW-jiCe4Ac08ufIwjUvHjN7Fp0Yqc8GvMqQ&oe=696D43A4&_nc_sid=4a2096,4130,0,100966,4040,0,['https://instagram.fhan4-1.fna.fbcdn.net/v/t51.2885-15/556800411_17926127082112505_825114732884105746_n.jpg?stp=dst-jpg_e35_tt6&efg=eyJ2ZW5jb2RlX3RhZyI6InRocmVhZHMuRkVFRC5pbWFnZV91cmxnZW4uMTAyNHgxNTM2LnNkci5mODI3ODcuZGVmYXVsdF9pbWFnZS5jMiJ9&_nc_ht=instagram.fhan4-1.fna.fbcdn.net&_nc_cat=105&_nc_oc=Q6cZ2QEjFaN3n8mC4G6nnNsugBcfhJvXZZl1eud9BqZvYQM5HFfz32JvbAANr26Lp496fSE&_nc_ohc=x5vqP_oDRcgQ7kNvwEBdsW_&_nc_gid=PtjGie9tzV4-VCDSxxjTug&edm=AJhczIQBAAAA&ccb=7-5&ig_cache_key=MzczMzM2MjI3OTAwNzI1MjAxOA%3D%3D.3-ccb7-5&oh=00_AfpAb2whPnsW4v9-Q23Bivrry1-OAMJDNmXZCFCytWGndg&oe=696D2407&_nc_sid=4a2096'],,https://www.threads.net/@crucible_of_thought/post/DPPkTZqEe4y,[],"{'likes': 100966, 'reposts': 3888, 'quotes': 152}",threads,3733362279007252018,Brandon @ Crucible of Thought,,"I'm unemployed. As of 5PM today, I officially left my 35-year career as a civil servant with the Department of Defense. I still have years of work ahead, but I couldn't continue serving under this administration. I morally couldn't be a part of the ""Department of War."" My career was spent testing technologies to save our troops' lives, not killing people and invading sovereign nations. And I refuse to violate my oath to uphold and defend the Constitution from all enemies - foreign and DOMESTIC.",threads,63463208504,crucible_of_thought
[],2026-01-14T16:25:52.438638+07:00,"#toxic #yash #southmovie #ganster #monster #style #yashfansfc  #ayrayash  #teaser #rocky
Toxic movie Prompt:Ultra-cinematic action poster of a rugged man with a thick beard and swept
back hair, wearing aviator sunglasses and a flo- ing black trench coat, firing an automatic rifle. War-torn city background with explosions, smoke, flying bullet casings, and debris. Dark blue-gray color grading, dramatic backlighting, high contrast, heroic low-angle composition, epic Hollywood 4K style.",2026-01-09T01:55:28+07:00,,3805731150254070603,threads,threads.com,threads_crawler_v1,https://www.threads.net/@stylish_boy9174/post/DTQrFFJiFtL,https://instagram.fhan4-6.fna.fbcdn.net/v/t51.2885-19/608994809_17846138496657849_58656313900267635_n.jpg?stp=dst-jpg_s150x150_tt6&efg=eyJ2ZW5jb2RlX3RhZyI6InByb2ZpbGVfcGljLmRqYW5nby4xMDI0LmMyIn0&_nc_ht=instagram.fhan4-6.fna.fbcdn.net&_nc_cat=109&_nc_oc=Q6cZ2QEjFaN3n8mC4G6nnNsugBcfhJvXZZl1eud9BqZvYQM5HFfz32JvbAANr26Lp496fSE&_nc_ohc=eNaaXEJBMFoQ7kNvwHUN8-_&_nc_gid=PtjGie9tzV4-VCDSxxjTug&edm=AJhczIQBAAAA&ccb=7-5&oh=00_AfrULzkDywsxQFFhWgC5TUMm2rJI77bceJpBK-7bWOWjUQ&oe=696D2E9A&_nc_sid=4a2096,1,0,75,2,0,['https://instagram.fhan4-6.fna.fbcdn.net/v/t51.2885-15/610874939_17847944217657849_4528814699166941600_n.webp?efg=eyJ2ZW5jb2RlX3RhZyI6InRocmVhZHMuRkVFRC5pbWFnZV91cmxnZW4uMTAyNHgxNTM2LnNkci5mODI3ODcuZGVmYXVsdF9pbWFnZS5jMiJ9&_nc_ht=instagram.fhan4-6.fna.fbcdn.net&_nc_cat=109&_nc_oc=Q6cZ2QEjFaN3n8mC4G6nnNsugBcfhJvXZZl1eud9BqZvYQM5HFfz32JvbAANr26Lp496fSE&_nc_ohc=oeD9IVyHGwgQ7kNvwGP_qhP&_nc_gid=PtjGie9tzV4-VCDSxxjTug&edm=AJhczIQBAAAA&ccb=7-5&ig_cache_key=MzgwNTczMTE1MDI1NDA3MDYwMw%3D%3D.3-ccb7-5&oh=00_Afr5Br8mTD9Shgnh0rS1mOj1ECL_dIqx15OMXLg2bbTC_g&oe=696D37E0&_nc_sid=4a2096'],,https://www.threads.net/@stylish_boy9174/post/DTQrFFJiFtL,[],"{'likes': 75, 'reposts': 1, 'quotes': 1}",threads,3805731150254070603,Sam kumar,AI Threads,"#toxic #yash #southmovie #ganster #monster #style #yashfansfc  #ayrayash  #teaser #rocky
Toxic movie Prompt:Ultra-cinematic action poster of a rugged man with a thick beard and swept
back hair, wearing aviator sunglasses and a flo- ing black trench coat, firing an automatic rifle. War-torn city background with explosions, smoke, flying bullet casings, and debris. Dark blue-gray color grading, dramatic backlighting, high contrast, heroic low-angle composition, epic Hollywood 4K style.",threads,79795609848,stylish_boy9174
[],2026-01-14T16:25:52.438703+07:00,"mọi người ơi mình nhớ blackpink quá đi mất. Mình nhớ blackpink house, nhớ một jennie mandu hay cười năm ấy, một mean jennie với style chanel 24/7, nhớ lisa thời búp bê sống, cỗ máy nhảy, nhớ rosie còn để tóc nâu trong thời kỳ golden voice của cô ấy, nhớ jisoo tóc đỏ, jisoo ở sân bay, nhớ 4 cô gái cùng nhau quẩy 4du trên sân khấu, nhớ vibe 2018, nhớ bản thân hồi còn đi war với các fandom khác, hồi còn chụp màn hình ig đi edit các chị, một thời cuồng nhiệt đu fic trên wattpad😭😭",2025-07-01T10:47:16+07:00,,3666841875054565379,threads,threads.com,threads_crawler_v1,https://www.threads.net/@mhewnj/post/DLjPUHyJ5gD,https://instagram.fhan4-3.fna.fbcdn.net/v/t51.2885-19/610220074_17920274688220260_4583638468305834689_n.jpg?stp=dst-jpg_s150x150_tt6&efg=eyJ2ZW5jb2RlX3RhZyI6InByb2ZpbGVfcGljLmRqYW5nby41MzQuYzIifQ&_nc_ht=instagram.fhan4-3.fna.fbcdn.net&_nc_cat=100&_nc_oc=Q6cZ2QEjFaN3n8mC4G6nnNsugBcfhJvXZZl1eud9BqZvYQM5HFfz32JvbAANr26Lp496fSE&_nc_ohc=Qp8Kb3eTpsQQ7kNvwECYhf2&_nc_gid=PtjGie9tzV4-VCDSxxjTug&edm=AJhczIQBAAAA&ccb=7-5&oh=00_AfqLLyGMTYJbyilwtjWngADycK9gZsvpNxsAnrRfiqxh7Q&oe=696D3B8A&_nc_sid=4a2096,68,0,1532,403,0,[],,https://www.threads.net/@mhewnj/post/DLjPUHyJ5gD,[],"{'likes': 1532, 'reposts': 391, 'quotes': 12}",threads,3666841875054565379,Minh Huyen,,"mọi người ơi mình nhớ blackpink quá đi mất. Mình nhớ blackpink house, nhớ một jennie mandu hay cười năm ấy, một mean jennie với style chanel 24/7, nhớ lisa thời búp bê sống, cỗ máy nhảy, nhớ rosie còn để tóc nâu trong thời kỳ golden voice của cô ấy, nhớ jisoo tóc đỏ, jisoo ở sân bay, nhớ 4 cô gái cùng nhau quẩy 4du trên sân khấu, nhớ vibe 2018, nhớ bản thân hồi còn đi war với các fandom khác, hồi còn chụp màn hình ig đi edit các chị, một thời cuồng nhiệt đu fic trên wattpad😭😭",threads,66498172259,mhewnj
[],2026-01-14T16:25:52.438755+07:00,"Today I’m struggling with so many haters
Who keeps talking about
Zelenskyy is the only problem
That stands in the way of Peace in Ukraine

Please don’t fall for propaganda 
Ukraine isn’t an Aggressor 
Ukrainian War began not in 2022 but in 2014
We are keep fighting more than 11 years 
It is painful, it is hard
But that’s our life as it is.

And I’m very grateful that bigger part
Of the World is not indifferent 
YOU are still supporting us
And YOU are amazing 
Thank you 💙💛🫂🫂",2025-04-09T21:33:38+07:00,,3607010812081878610,threads,threads.com,threads_crawler_v1,https://www.threads.net/@angelica.shalagina/post/DIOrTkLIjZS,https://instagram.fhan4-3.fna.fbcdn.net/v/t51.2885-19/467017574_1264282758040668_4230964611045770101_n.jpg?stp=dst-jpg_s150x150_tt6&efg=eyJ2ZW5jb2RlX3RhZyI6InByb2ZpbGVfcGljLmRqYW5nby4xMDgwLmMyIn0&_nc_ht=instagram.fhan4-3.fna.fbcdn.net&_nc_cat=100&_nc_oc=Q6cZ2QEjFaN3n8mC4G6nnNsugBcfhJvXZZl1eud9BqZvYQM5HFfz32JvbAANr26Lp496fSE&_nc_ohc=1NUkvNMQ6eIQ7kNvwF9TQzf&_nc_gid=PtjGie9tzV4-VCDSxxjTug&edm=AJhczIQBAAAA&ccb=7-5&oh=00_AfoGY1BS1wLMz8_DTyc4muIg5VTk1Qcl6MSVeEDyg6oukg&oe=696D2BE8&_nc_sid=4a2096,437,0,3087,115,0,['https://instagram.fhan3-3.fna.fbcdn.net/v/t51.2885-15/488725188_17909393166101389_6865917585747032315_n.jpg?stp=dst-jpg_e35_tt6&efg=eyJ2ZW5jb2RlX3RhZyI6InRocmVhZHMuRkVFRC5pbWFnZV91cmxnZW4uMTQ0MHgxOTIwLnNkci5mNzU3NjEuZGVmYXVsdF9pbWFnZS5jMiJ9&_nc_ht=instagram.fhan3-3.fna.fbcdn.net&_nc_cat=101&_nc_oc=Q6cZ2QEjFaN3n8mC4G6nnNsugBcfhJvXZZl1eud9BqZvYQM5HFfz32JvbAANr26Lp496fSE&_nc_ohc=IZXF9rXVUwgQ7kNvwFATLJm&_nc_gid=PtjGie9tzV4-VCDSxxjTug&edm=AJhczIQBAAAA&ccb=7-5&ig_cache_key=MzYwNzAxMDgxMjA4MTg3ODYxMA%3D%3D.3-ccb7-5&oh=00_Afo_3FQZgBNn6kxS21mYWLPrMMt41445cRlmPRaCF6Cotg&oe=696D30B0&_nc_sid=4a2096'],,https://www.threads.net/@angelica.shalagina/post/DIOrTkLIjZS,[],"{'likes': 3087, 'reposts': 112, 'quotes': 3}",threads,3607010812081878610,Angelica Shalagina🇺🇦,Ukraine diary,"Today I’m struggling with so many haters
Who keeps talking about
Zelenskyy is the only problem
That stands in the way of Peace in Ukraine

Please don’t fall for propaganda 
Ukraine isn’t an Aggressor 
Ukrainian War began not in 2022 but in 2014
We are keep fighting more than 11 years 
It is painful, it is hard
But that’s our life as it is.

And I’m very grateful that bigger part
Of the World is not indifferent 
YOU are still supporting us
And YOU are amazing 
Thank you 💙💛🫂🫂",threads,63068589388,angelica.shalagina
[],2026-01-14T16:25:52.438813+07:00,"tạm biệt những cuộc fan war hơn năm rồi mà dạo này như được sống lại những trận chiến của 2020-2021. tôi nghĩ là mình đã dùng mxh đủ lâu để thấy 4 gái mẹ bị réo tên ở mảng fashion. giờ bốc đại 1 con tướng ""Người châu Á đầu tiên lên bìa đơn Vốc Pháp"" của 3 năm về trước thì cũng đủ nói lên một điều là riêng mảng này thì ngoài 4 ghẻ của các mẹ tự vả nhau ra, ít ai có thể dây vào =))))",2025-12-22T21:09:40+07:00,,3793266119495249917,threads,threads.com,threads_crawler_v1,https://www.threads.net/@nhidng.th/post/DSkY3AnCe_9,https://instagram.fhan3-3.fna.fbcdn.net/v/t51.2885-19/616643459_17940334269104375_2823590451620662846_n.jpg?stp=dst-jpg_s150x150_tt6&efg=eyJ2ZW5jb2RlX3RhZyI6InByb2ZpbGVfcGljLmRqYW5nby43MjAuYzIifQ&_nc_ht=instagram.fhan3-3.fna.fbcdn.net&_nc_cat=111&_nc_oc=Q6cZ2QEjFaN3n8mC4G6nnNsugBcfhJvXZZl1eud9BqZvYQM5HFfz32JvbAANr26Lp496fSE&_nc_ohc=3XN8FICTYGcQ7kNvwF2S_6S&_nc_gid=PtjGie9tzV4-VCDSxxjTug&edm=AJhczIQBAAAA&ccb=7-5&oh=00_AfpsvauaGls6P5_VQYMoVSvO5OHNQQXqmsdpKZ6npFZs0g&oe=696D246F&_nc_sid=4a2096,46,0,1226,80,0,['https://instagram.fhan3-3.fna.fbcdn.net/v/t51.2885-15/604539369_17937641253104375_8045606152906238562_n.jpg?stp=dst-jpg_e35_tt6&efg=eyJ2ZW5jb2RlX3RhZyI6InRocmVhZHMuRkVFRC5pbWFnZV91cmxnZW4uMTIwMHgxNTAwLnNkci5mODI3ODcuZGVmYXVsdF9pbWFnZS5jMiJ9&_nc_ht=instagram.fhan3-3.fna.fbcdn.net&_nc_cat=111&_nc_oc=Q6cZ2QEjFaN3n8mC4G6nnNsugBcfhJvXZZl1eud9BqZvYQM5HFfz32JvbAANr26Lp496fSE&_nc_ohc=wo8-paBj2foQ7kNvwHHrP_x&_nc_gid=PtjGie9tzV4-VCDSxxjTug&edm=AJhczIQBAAAA&ccb=7-5&ig_cache_key=Mzc5MzI2NjExOTQ5NTI0OTkxNw%3D%3D.3-ccb7-5&oh=00_Afqp_SewjyXOg9LD9ozupE0lSvaQsBVxDqyOPHdsR2cxhQ&oe=696D2C7E&_nc_sid=4a2096'],,https://www.threads.net/@nhidng.th/post/DSkY3AnCe_9,[],"{'likes': 1226, 'reposts': 78, 'quotes': 2}",threads,3793266119495249917,thảo nhi,BLACKPINK,"tạm biệt những cuộc fan war hơn năm rồi mà dạo này như được sống lại những trận chiến của 2020-2021. tôi nghĩ là mình đã dùng mxh đủ lâu để thấy 4 gái mẹ bị réo tên ở mảng fashion. giờ bốc đại 1 con tướng ""Người châu Á đầu tiên lên bìa đơn Vốc Pháp"" của 3 năm về trước thì cũng đủ nói lên một điều là riêng mảng này thì ngoài 4 ghẻ của các mẹ tự vả nhau ra, ít ai có thể dây vào =))))",threads,63271376374,nhidng.th
[],2026-01-14T16:25:52.438863+07:00,"When Culinary War fans cheering for Chef Son Jo Woon, I'm cheering for this senior chef, Chef Hu Deok-juk. He is the most senior person in the show. I know he didn't join to win the war but I can see he is enjoying the show so much and didn't complaint about tiredness.",2026-01-07T08:22:59+07:00,,3804476641201043816,threads,threads.com,threads_crawler_v1,https://www.threads.net/@norhaslizayusof/post/DTMN1kjDzlo,https://instagram.fhan4-1.fna.fbcdn.net/v/t51.2885-19/472735977_8858743950860357_4946453752259964919_n.jpg?stp=dst-jpg_s150x150_tt6&efg=eyJ2ZW5jb2RlX3RhZyI6InByb2ZpbGVfcGljLmRqYW5nby4xMDgwLmMyIn0&_nc_ht=instagram.fhan4-1.fna.fbcdn.net&_nc_cat=105&_nc_oc=Q6cZ2QEjFaN3n8mC4G6nnNsugBcfhJvXZZl1eud9BqZvYQM5HFfz32JvbAANr26Lp496fSE&_nc_ohc=7e8oO2i4bJoQ7kNvwGEMWdC&_nc_gid=PtjGie9tzV4-VCDSxxjTug&edm=AJhczIQBAAAA&ccb=7-5&oh=00_Afra1jbHZgmk0baSfHiQu853slQ2FuW1bT37OHd5zw4LpQ&oe=696D4260&_nc_sid=4a2096,45,0,1345,75,0,['https://instagram.fhan4-3.fna.fbcdn.net/v/t51.2885-15/610811847_17911240281275614_8898701450310675613_n.jpg?stp=dst-jpg_e35_tt6&efg=eyJ2ZW5jb2RlX3RhZyI6InRocmVhZHMuRkVFRC5pbWFnZV91cmxnZW4uMTAyMHgxNDU4LnNkci5mODI3ODcuZGVmYXVsdF9pbWFnZS5jMiJ9&_nc_ht=instagram.fhan4-3.fna.fbcdn.net&_nc_cat=110&_nc_oc=Q6cZ2QEjFaN3n8mC4G6nnNsugBcfhJvXZZl1eud9BqZvYQM5HFfz32JvbAANr26Lp496fSE&_nc_ohc=c3H2l7s5yZMQ7kNvwETsjqr&_nc_gid=PtjGie9tzV4-VCDSxxjTug&edm=AJhczIQBAAAA&ccb=7-5&ig_cache_key=MzgwNDQ3NjY0MTIwMTA0MzgxNg%3D%3D.3-ccb7-5&oh=00_AfrrpDPQWIM5a-4o-DhhVo99mkRaIcnjGoxiMocIoYqizg&oe=696D495E&_nc_sid=4a2096'],,https://www.threads.net/@norhaslizayusof/post/DTMN1kjDzlo,[],"{'likes': 1345, 'reposts': 67, 'quotes': 8}",threads,3804476641201043816,Norhasliza Yusof,,"When Culinary War fans cheering for Chef Son Jo Woon, I'm cheering for this senior chef, Chef Hu Deok-juk. He is the most senior person in the show. I know he didn't join to win the war but I can see he is enjoying the show so much and didn't complaint about tiredness.",threads,68244707613,norhaslizayusof
[],2026-01-14T16:25:52.438915+07:00,"Dane here.
If the United States tries to annex Greenland, it will be a direct and hostile attack on another NATO country.

It will be viewed as an act of war against Denmark - and therefore all other NATO countries. 

In the best case scenario - the US will get shunned by the whole western world.

In the worst case scenario - the US will set off World War III. 

Dear American politicians - both Liberals and Republicans:

GROW A FUCKING SPINE AND REMOVE HIM FROM OFFICE!",2026-01-05T02:24:18+07:00,,3802846562137964690,threads,threads.com,threads_crawler_v1,https://www.threads.net/@linmakron/post/DTGbMzHjICS,https://instagram.fhan3-3.fna.fbcdn.net/v/t51.2885-19/476138557_1015613563934909_840413739592105116_n.jpg?stp=dst-jpg_s150x150_tt6&efg=eyJ2ZW5jb2RlX3RhZyI6InByb2ZpbGVfcGljLmRqYW5nby45NTguYzIifQ&_nc_ht=instagram.fhan3-3.fna.fbcdn.net&_nc_cat=1&_nc_oc=Q6cZ2QEjFaN3n8mC4G6nnNsugBcfhJvXZZl1eud9BqZvYQM5HFfz32JvbAANr26Lp496fSE&_nc_ohc=5-JAf4MUzrUQ7kNvwGUTjeM&_nc_gid=PtjGie9tzV4-VCDSxxjTug&edm=AJhczIQBAAAA&ccb=7-5&oh=00_AfrB02ce4igAK6f7S67V2fXanoYiC3Mdn1_kCoROUJ8E6A&oe=696D2F69&_nc_sid=4a2096,888,0,24695,2115,0,[],,https://www.threads.net/@linmakron/post/DTGbMzHjICS,[],"{'likes': 24695, 'reposts': 2044, 'quotes': 71}",threads,3802846562137964690,Lin Makron,,"Dane here.
If the United States tries to annex Greenland, it will be a direct and hostile attack on another NATO country.

It will be viewed as an act of war against Denmark - and therefore all other NATO countries. 

In the best case scenario - the US will get shunned by the whole western world.

In the worst case scenario - the US will set off World War III. 

Dear American politicians - both Liberals and Republicans:

GROW A FUCKING SPINE AND REMOVE HIM FROM OFFICE!",threads,68542934953,linmakron
[],2026-01-14T16:25:52.438970+07:00,"Never has a President wagged a dog harder than Donald Trump and MAGA right now.

To distract from the Epstein files, the explosion of health and homeowners insurance costs, and the tariffs that are decimating our small businesses, Trump is plunging this country into a foreign war and using our American soldiers as pawns.

Look at every promise Trump made when he ran for President - and see how he has done the exact opposite of what he said he would do. Time to call BS on the whole thing.",2026-01-05T00:14:38+07:00,,3802781297006439671,threads,threads.com,threads_crawler_v1,https://www.threads.net/@govpritzker/post/DTGMXEOkWz3,https://instagram.fhan3-4.fna.fbcdn.net/v/t51.2885-19/505139932_17909416449116910_6532007821198847508_n.jpg?stp=dst-jpg_s150x150_tt6&efg=eyJ2ZW5jb2RlX3RhZyI6InByb2ZpbGVfcGljLmRqYW5nby4zMjAuYzIifQ&_nc_ht=instagram.fhan3-4.fna.fbcdn.net&_nc_cat=106&_nc_oc=Q6cZ2QEjFaN3n8mC4G6nnNsugBcfhJvXZZl1eud9BqZvYQM5HFfz32JvbAANr26Lp496fSE&_nc_ohc=F7kLcHb5CcAQ7kNvwEyeWUA&_nc_gid=PtjGie9tzV4-VCDSxxjTug&edm=AJhczIQBAAAA&ccb=7-5&oh=00_Afr5AwFYDZMEA32b3A_0dARFZGWTROsMK5WFg9ZntMiL-Q&oe=696D4B59&_nc_sid=4a2096,972,0,25159,2929,0,[],,https://www.threads.net/@govpritzker/post/DTGMXEOkWz3,[],"{'likes': 25159, 'reposts': 2830, 'quotes': 99}",threads,3802781297006439671,Governor JB Pritzker,,"Never has a President wagged a dog harder than Donald Trump and MAGA right now.

To distract from the Epstein files, the explosion of health and homeowners insurance costs, and the tariffs that are decimating our small businesses, Trump is plunging this country into a foreign war and using our American soldiers as pawns.

Look at every promise Trump made when he ran for President - and see how he has done the exact opposite of what he said he would do. Time to call BS on the whole thing.",threads,63369588909,govpritzker
[],2026-01-14T16:25:52.439024+07:00,"muốn thỉnh giáo nhà bên 1 chút, ko phải kick war đâu nhá, là thắc mắc thật, sao mà làm đc cái cột như hình hay vạy, cao hơn con tool xanh lá lun",2025-12-07T15:38:29+07:00,,3782227789153022305,threads,threads.com,threads_crawler_v1,https://www.threads.net/@xinhcup.435/post/DR9LCKYE7Fh,https://instagram.fhan3-4.fna.fbcdn.net/v/t51.2885-19/572636850_17844852474600076_8716171342784863586_n.jpg?stp=dst-jpg_s150x150_tt6&efg=eyJ2ZW5jb2RlX3RhZyI6InByb2ZpbGVfcGljLmRqYW5nby4xMDgwLmMyIn0&_nc_ht=instagram.fhan3-4.fna.fbcdn.net&_nc_cat=104&_nc_oc=Q6cZ2QEjFaN3n8mC4G6nnNsugBcfhJvXZZl1eud9BqZvYQM5HFfz32JvbAANr26Lp496fSE&_nc_ohc=m6RGuaVfuy0Q7kNvwFHoWsJ&_nc_gid=PtjGie9tzV4-VCDSxxjTug&edm=AJhczIQBAAAA&ccb=7-5&oh=00_AfphOWRF4ncZnfqnnx-4ETa2_TMvdzXKsF9II4GNcNf4zw&oe=696D42AE&_nc_sid=4a2096,91,0,542,18,0,['https://instagram.fhan3-4.fna.fbcdn.net/v/t51.2885-15/590348581_17850687666600076_3391236757964501882_n.jpg?stp=dst-jpg_e35_tt6&efg=eyJ2ZW5jb2RlX3RhZyI6InRocmVhZHMuQ0FST1VTRUxfSVRFTS5pbWFnZV91cmxnZW4uMTEwM3g3MDEuc2RyLmY4Mjc4Ny5kZWZhdWx0X2ltYWdlLmMyIn0&_nc_ht=instagram.fhan3-4.fna.fbcdn.net&_nc_cat=104&_nc_oc=Q6cZ2QEjFaN3n8mC4G6nnNsugBcfhJvXZZl1eud9BqZvYQM5HFfz32JvbAANr26Lp496fSE&_nc_ohc=kEaIOOXNqsIQ7kNvwFjWx2-&_nc_gid=PtjGie9tzV4-VCDSxxjTug&edm=AJhczIQBAAAA&ccb=7-5&ig_cache_key=Mzc4MjIyNzc4NDI3MDg0NTU3Mg%3D%3D.3-ccb7-5&oh=00_AfpLmdxa0DoVGg0_zfbK4Am0xtv6wlSdKvRXtnnouiGUVA&oe=696D29C2&_nc_sid=4a2096'],,https://www.threads.net/@xinhcup.435/post/DR9LCKYE7Fh,[],"{'likes': 542, 'reposts': 18, 'quotes': 0}",threads,3782227789153022305,,FChoice,"muốn thỉnh giáo nhà bên 1 chút, ko phải kick war đâu nhá, là thắc mắc thật, sao mà làm đc cái cột như hình hay vạy, cao hơn con tool xanh lá lun",threads,78098904075,xinhcup.435
[],2026-01-14T16:25:52.439079+07:00,WAR IS OVER. I’M FINALLY PCOS FREE!!! 🥹🥹🥹🥹,2024-12-27T14:01:40+07:00,,3532131432124570147,threads,threads.com,threads_crawler_v1,https://www.threads.net/@innahnyo/post/DEEptLPxtoj,https://instagram.fhan3-3.fna.fbcdn.net/v/t51.2885-19/515096202_17916464397106631_6523042834045566654_n.jpg?stp=dst-jpg_s150x150_tt6&efg=eyJ2ZW5jb2RlX3RhZyI6InByb2ZpbGVfcGljLmRqYW5nby45MzIuYzIifQ&_nc_ht=instagram.fhan3-3.fna.fbcdn.net&_nc_cat=111&_nc_oc=Q6cZ2QEjFaN3n8mC4G6nnNsugBcfhJvXZZl1eud9BqZvYQM5HFfz32JvbAANr26Lp496fSE&_nc_ohc=mcFLMYGwQqMQ7kNvwEborw1&_nc_gid=PtjGie9tzV4-VCDSxxjTug&edm=AJhczIQBAAAA&ccb=7-5&oh=00_AfphjEXJ9kLVbFtWcLe3_ueDGjtobEuYRqZ35-TsdvNxxg&oe=696D2A78&_nc_sid=4a2096,241,0,5647,104,0,[],,https://www.threads.net/@innahnyo/post/DEEptLPxtoj,[],"{'likes': 5647, 'reposts': 71, 'quotes': 33}",threads,3532131432124570147,イ ナ Innah,,WAR IS OVER. I’M FINALLY PCOS FREE!!! 🥹🥹🥹🥹,threads,63149050630,innahnyo
[],2026-01-14T16:25:52.439134+07:00,"tài khoản này ủng hộ: 
- Quyền kết hôn đối với người đồng tính và quyền bình đẳng cho cộng đồng LGBTQ+
- Bình đẳng giới
- Hoà bình
- Đảng Cộng Sản Việt Nam, nước Việt Nam
tài khoản này phản đối:
- Phân biệt vùng miền
- Phân biệt sắc tộc/màu da/tôn giáo/giới tính/...
- Homophobes và các nhánh anti-LGBTQ+
- Chiến tranh, war crimes, ...",2025-06-25T23:37:15+07:00,,3662880766482623357,threads,threads.com,threads_crawler_v1,https://www.threads.net/@dangaodieu/post/DLVKqZ8zqt9,https://instagram.fhan4-5.fna.fbcdn.net/v/t51.2885-19/454036592_2048907422195966_6849446211108424080_n.jpg?stp=dst-jpg_s150x150_tt6&efg=eyJ2ZW5jb2RlX3RhZyI6InByb2ZpbGVfcGljLmRqYW5nby44MDAuYzIifQ&_nc_ht=instagram.fhan4-5.fna.fbcdn.net&_nc_cat=102&_nc_oc=Q6cZ2QEjFaN3n8mC4G6nnNsugBcfhJvXZZl1eud9BqZvYQM5HFfz32JvbAANr26Lp496fSE&_nc_ohc=avL3sUENVGsQ7kNvwGZ8w3w&_nc_gid=PtjGie9tzV4-VCDSxxjTug&edm=AJhczIQBAAAA&ccb=7-5&oh=00_Afqmk8DmvYJiHUSCYZBNbmB0EYBmbRoNc2ZcF_KwsiLHQA&oe=696D4586&_nc_sid=4a2096,209,0,1547,158,0,[],,https://www.threads.net/@dangaodieu/post/DLVKqZ8zqt9,[],"{'likes': 1547, 'reposts': 151, 'quotes': 7}",threads,3662880766482623357,Mai Hải Đăng,,"tài khoản này ủng hộ: 
- Quyền kết hôn đối với người đồng tính và quyền bình đẳng cho cộng đồng LGBTQ+
- Bình đẳng giới
- Hoà bình
- Đảng Cộng Sản Việt Nam, nước Việt Nam
tài khoản này phản đối:
- Phân biệt vùng miền
- Phân biệt sắc tộc/màu da/tôn giáo/giới tính/...
- Homophobes và các nhánh anti-LGBTQ+
- Chiến tranh, war crimes, ...",threads,65832355663,dangaodieu
[],2026-01-14T16:25:52.439189+07:00,"NYPrepper
@nyprepper1

⚠️⚠️⚠️⚠️⚠️⚠️CHANCES ARE WE WILL WAKE UP TO A BIG HEADLINE IN THE NEXT 24-72 HRS AS MORE THAN 20 U.S. NUCLEAR TARGETING CODES HAVE BEEN TRANSMITTED IN THE PAST 2 HOURS AND NOW AN ENCRYPTED DATA STREAM IS TRANSMITTING ON THE PRIMARY U.S. NUCLEAR WAR FREQUENCY IN POLAND!!",2026-01-03T00:52:57+07:00,,3801350920005047814,threads,threads.com,threads_crawler_v1,https://www.threads.net/@tommycavin3860/post/DTBHIV1gVYG,https://instagram.fhan4-6.fna.fbcdn.net/v/t51.2885-19/559203358_17858154309518396_6059898590624231479_n.jpg?stp=dst-jpg_s150x150_tt6&efg=eyJ2ZW5jb2RlX3RhZyI6InByb2ZpbGVfcGljLmRqYW5nby4xMDgwLmMyIn0&_nc_ht=instagram.fhan4-6.fna.fbcdn.net&_nc_cat=108&_nc_oc=Q6cZ2QEjFaN3n8mC4G6nnNsugBcfhJvXZZl1eud9BqZvYQM5HFfz32JvbAANr26Lp496fSE&_nc_ohc=IkbYo3MgF10Q7kNvwEa-2Mu&_nc_gid=PtjGie9tzV4-VCDSxxjTug&edm=AJhczIQBAAAA&ccb=7-5&oh=00_Afprb33zT3dYf6HiVBqyWePkOYs94NGuiHPJQI6Aft22sw&oe=696D4401&_nc_sid=4a2096,296,0,1247,190,0,"['https://instagram.fhan4-5.fna.fbcdn.net/v/t51.2885-15/611239862_1174774364782502_8684703885212933064_n.jpg?stp=dst-jpg_e15_tt6&efg=eyJ2ZW5jb2RlX3RhZyI6InRocmVhZHMuRkVFRC5pbWFnZV91cmxnZW4uNjQweDQ1Ni5zZHIuZjcxODc4LmRlZmF1bHRfY292ZXJfZnJhbWUuYzIifQ&_nc_ht=instagram.fhan4-5.fna.fbcdn.net&_nc_cat=102&_nc_oc=Q6cZ2QEjFaN3n8mC4G6nnNsugBcfhJvXZZl1eud9BqZvYQM5HFfz32JvbAANr26Lp496fSE&_nc_ohc=vG4xt-qpyG8Q7kNvwFJcHg4&_nc_gid=PtjGie9tzV4-VCDSxxjTug&edm=AJhczIQBAAAA&ccb=7-5&ig_cache_key=MzgwMTM1MDkyMDAwNTA0NzgxNA%3D%3D.3-ccb7-5&oh=00_Afpb9JbEBbEUypf9JRVuKVjIeC35oBqG905uUoCqeF5ulg&oe=696D2D58&_nc_sid=4a2096', 'https://instagram.fhan3-4.fna.fbcdn.net/o1/v/t16/f2/m84/AQM26fcZIQB3iShpa0tuHb3hfGvZATbQXOrdGLr1CLH_wH31nYZamobPcrNvpCOrlHMO3dIq2uU09Q_t1nt5dCLLQGxGFticX4XEYYs.mp4?_nc_cat=104&_nc_oc=Adn5SQuQVBqmawRPnYlT2as_KZWWpEQRRYsgmmwSRHSM2EP-aFmAfRnmSLC-UtlkN-E&_nc_sid=5e9851&_nc_ht=instagram.fhan3-4.fna.fbcdn.net&_nc_ohc=bF2Q7_c13gYQ7kNvwESmLii&efg=eyJ2ZW5jb2RlX3RhZyI6Inhwdl9wcm9ncmVzc2l2ZS5JTlNUQUdSQU0uRkVFRC5DMy41MDQuZGFzaF9iYXNlbGluZV8zX3YxIiwieHB2X2Fzc2V0X2lkIjo4NTM0MTg1NjQxNDQ5NTMsImFzc2V0X2FnZV9kYXlzIjoxMSwidmlfdXNlY2FzZV9pZCI6MTAxNjQsImR1cmF0aW9uX3MiOjI3LCJ1cmxnZW5fc291cmNlIjoid3d3In0%3D&ccb=17-1&_nc_gid=PtjGie9tzV4-VCDSxxjTug&_nc_zt=28&vs=799450ac07ee7ddb&_nc_vs=HBksFQIYTGlnX2JhY2tmaWxsX3RpbWVsaW5lX3ZvZC8wMTQ3OTJCRDFCRjUzRjhBQTEwMzQ5OEY5NDg2MEJCRl92aWRlb19kYXNoaW5pdC5tcDQVAALIARIAFQIYOnBhc3N0aHJvdWdoX2V2ZXJzdG9yZS9HQnJuYUNRX0Y1cDZHWDRIQUhLX3YyeHhrZTBBYnNwVEFRQUYVAgLIARIAKAAYABsCiAd1c2Vfb2lsATEScHJvZ3Jlc3NpdmVfcmVjaXBlATEVAAAm8rzi5b-LhAMVAigCQzMsF0A7ZmZmZmZmGBJkYXNoX2Jhc2VsaW5lXzNfdjERAHXqB2XongEA&oh=00_AfooClR-xoiS41qjuhdiuIr0XL84jKBvn2cIyYUFT5mUIw&oe=69693EAC']",,https://www.threads.net/@tommycavin3860/post/DTBHIV1gVYG,[],"{'likes': 1247, 'reposts': 174, 'quotes': 16}",threads,3801350920005047814,Thomas Hart Cavin,,"NYPrepper
@nyprepper1

⚠️⚠️⚠️⚠️⚠️⚠️CHANCES ARE WE WILL WAKE UP TO A BIG HEADLINE IN THE NEXT 24-72 HRS AS MORE THAN 20 U.S. NUCLEAR TARGETING CODES HAVE BEEN TRANSMITTED IN THE PAST 2 HOURS AND NOW AN ENCRYPTED DATA STREAM IS TRANSMITTING ON THE PRIMARY U.S. NUCLEAR WAR FREQUENCY IN POLAND!!",threads,75478366395,tommycavin3860
[],2026-01-14T16:25:52.439242+07:00,"Congress will reconvene in one week. 
 
When we return, we need four Republicans in Congress to stand with us and reassert that Congress, and only Congress, has the power to authorize military action against Venezuela. 
 
The new year cannot bring a new endless war over regime change.",2025-12-30T07:02:39+07:00,,3798638001547762503,threads,threads.com,threads_crawler_v1,https://www.threads.net/@senadamschiff/post/DS3eSLojdtH,https://instagram.fhan4-6.fna.fbcdn.net/v/t51.2885-19/412335690_1438358107114976_8683058769042435605_n.jpg?stp=dst-jpg_s150x150_tt6&efg=eyJ2ZW5jb2RlX3RhZyI6InByb2ZpbGVfcGljLmRqYW5nby4zNDIuYzIifQ&_nc_ht=instagram.fhan4-6.fna.fbcdn.net&_nc_cat=108&_nc_oc=Q6cZ2QEjFaN3n8mC4G6nnNsugBcfhJvXZZl1eud9BqZvYQM5HFfz32JvbAANr26Lp496fSE&_nc_ohc=u-A1cj1OCxMQ7kNvwFUjiy8&_nc_gid=PtjGie9tzV4-VCDSxxjTug&edm=AJhczIQBAAAA&ccb=7-5&oh=00_AfpV6wJh6hhsRnd7IFgwOgN2J7qJI3yS3ClBpdBqq2rQWQ&oe=696D4D47&_nc_sid=4a2096,5771,0,22444,1752,0,[],,https://www.threads.net/@senadamschiff/post/DS3eSLojdtH,[],"{'likes': 22444, 'reposts': 1481, 'quotes': 271}",threads,3798638001547762503,Senator Adam Schiff,,"Congress will reconvene in one week. 
 
When we return, we need four Republicans in Congress to stand with us and reassert that Congress, and only Congress, has the power to authorize military action against Venezuela. 
 
The new year cannot bring a new endless war over regime change.",threads,63075542319,senadamschiff
[],2026-01-14T16:27:37.161100+07:00,"If we lose this Second Civil War, we might have to fight a second Revolutionary War, so let’s ensure we win this Civil War!!!",2026-01-14T09:52:26+07:00,,3809595095787773415,threads,threads.com,threads_crawler_v1,https://www.threads.net/@m64mcbride/post/DTeZo42gB3n,https://instagram.fhan4-6.fna.fbcdn.net/v/t51.2885-19/504368634_17913299535109916_778988399668090539_n.jpg?stp=dst-jpg_s150x150_tt6&efg=eyJ2ZW5jb2RlX3RhZyI6InByb2ZpbGVfcGljLmRqYW5nby41NzQuYzIifQ&_nc_ht=instagram.fhan4-6.fna.fbcdn.net&_nc_cat=108&_nc_oc=Q6cZ2QHptqY7Au_OZMxkOpVdSenEL8M4RsH4d0U_N8eXmRdbv4A429F_Lf2EnnMSRgHsR3g&_nc_ohc=Dqh_D24WGs0Q7kNvwE85Yxd&_nc_gid=41q3A8uM_l3EIMos3SwscQ&edm=AJhczIQBAAAA&ccb=7-5&oh=00_AfrOBXuGdscb2bsgjNSTLcTyneHzzYGbafie3FwWzlSgNw&oe=696D3353&_nc_sid=4a2096,0,0,68,5,0,[],,https://www.threads.net/@m64mcbride/post/DTeZo42gB3n,[],"{'likes': 68, 'reposts': 5, 'quotes': 0}",threads,3809595095787773415,Marty McBride,,"If we lose this Second Civil War, we might have to fight a second Revolutionary War, so let’s ensure we win this Civil War!!!",threads,63197821915,m64mcbride
[],2026-01-14T16:27:37.161262+07:00,"And when the world goes to war against America JUST REMEMBER. 

LEAVE BLACK FOLKS AND POC OUTTA THIS. WE DID NOT VOTE FOR THIS. WE GOT NOTHING TO DO WITH THIS. 

this is wypipo shit. Please confine this to the white folks. Pls and thank you. 

“Yall Americans” no. Who is yall? WHITE. Americans. Voted for and support this madness. The rest of us want no parts of this mess.",2026-01-03T22:46:39+07:00,,3802012240128659722,threads,threads.com,threads_crawler_v1,https://www.threads.net/@rachelbaby374/post/DTDdf0MjlEK,https://instagram.fhan4-3.fna.fbcdn.net/v/t51.2885-19/412271592_344440228306968_7864092319336364749_n.jpg?stp=dst-jpg_s150x150_tt6&efg=eyJ2ZW5jb2RlX3RhZyI6InByb2ZpbGVfcGljLmRqYW5nby4xMDgwLmMyIn0&_nc_ht=instagram.fhan4-3.fna.fbcdn.net&_nc_cat=100&_nc_oc=Q6cZ2QHptqY7Au_OZMxkOpVdSenEL8M4RsH4d0U_N8eXmRdbv4A429F_Lf2EnnMSRgHsR3g&_nc_ohc=6w0gn7UHsHUQ7kNvwGv5YSZ&_nc_gid=41q3A8uM_l3EIMos3SwscQ&edm=AJhczIQBAAAA&ccb=7-5&oh=00_Afp00zNNxQjLToP3uOGQqYmjM04rnH9pq-TwcXxQ2LrLUg&oe=696D2CD1&_nc_sid=4a2096,45,0,32,4,0,[],,https://www.threads.net/@rachelbaby374/post/DTDdf0MjlEK,[],"{'likes': 32, 'reposts': 4, 'quotes': 0}",threads,3802012240128659722,Asha Grant,venezuela vs usa,"And when the world goes to war against America JUST REMEMBER. 

LEAVE BLACK FOLKS AND POC OUTTA THIS. WE DID NOT VOTE FOR THIS. WE GOT NOTHING TO DO WITH THIS. 

this is wypipo shit. Please confine this to the white folks. Pls and thank you. 

“Yall Americans” no. Who is yall? WHITE. Americans. Voted for and support this madness. The rest of us want no parts of this mess.",threads,63786472283,rachelbaby374
[],2026-01-14T16:27:37.161308+07:00,They really pushing for a War,2026-01-08T07:05:28+07:00,,3805162401919137302,threads,threads.com,threads_crawler_v1,https://www.threads.net/@darrylrob9/post/DTOpws_D_YW,https://instagram.fhan4-6.fna.fbcdn.net/v/t51.2885-19/479696784_946976720912409_2545346886375485767_n.jpg?stp=dst-jpg_s150x150_tt6&efg=eyJ2ZW5jb2RlX3RhZyI6InByb2ZpbGVfcGljLmRqYW5nby45NTguYzIifQ&_nc_ht=instagram.fhan4-6.fna.fbcdn.net&_nc_cat=109&_nc_oc=Q6cZ2QHptqY7Au_OZMxkOpVdSenEL8M4RsH4d0U_N8eXmRdbv4A429F_Lf2EnnMSRgHsR3g&_nc_ohc=7nt1ESJBFhkQ7kNvwHMXD-C&_nc_gid=41q3A8uM_l3EIMos3SwscQ&edm=AJhczIQBAAAA&ccb=7-5&oh=00_Afr1lJTjK_12cnJv2cvw7qTLZh_-DKCP-zq7Cys0UAEEeQ&oe=696D2E9C&_nc_sid=4a2096,177,0,1013,17,0,['https://instagram.fhan3-3.fna.fbcdn.net/v/t39.30808-6/611252275_1792603421673649_143735333233184068_n.jpg?stp=dst-jpg_e35_tt6&efg=eyJ2ZW5jb2RlX3RhZyI6InRocmVhZHMuRkVFRC5pbWFnZV91cmxnZW4uMTIwMHgxNTAwLnNkci5mMzA4MDguZGVmYXVsdF9pbWFnZS5jMiJ9&_nc_ht=instagram.fhan3-3.fna.fbcdn.net&_nc_cat=101&_nc_oc=Q6cZ2QHptqY7Au_OZMxkOpVdSenEL8M4RsH4d0U_N8eXmRdbv4A429F_Lf2EnnMSRgHsR3g&_nc_ohc=BRfO1AS8rfcQ7kNvwHN5vXP&_nc_gid=41q3A8uM_l3EIMos3SwscQ&edm=AJhczIQAAAAA&ccb=7-5&ig_cache_key=MzgwNTE2MjQwMTkxOTEzNzMwMg%3D%3D.3-ccb7-5&oh=00_Afrr9e4fWQ52jhPFyxf3PLb4iWSuy-INdCJnVQFcnu76HA&oe=696D3B0D&_nc_sid=4a2096'],,https://www.threads.net/@darrylrob9/post/DTOpws_D_YW,[],"{'likes': 1013, 'reposts': 15, 'quotes': 2}",threads,3805162401919137302,Darryl Robinson,,They really pushing for a War,threads,72353171499,darrylrob9
[],2026-01-14T16:27:37.161344+07:00,"hot takes i’m bringing into 2026:

abortion is healthcare
trans rights are human rights
protect kids not guns
love is love
no one is illegal on stolen land
war solves nothing
fuck the patriarchy",2025-12-31T23:54:26+07:00,,3799872031568003169,threads,threads.com,threads_crawler_v1,https://www.threads.net/@itsjustg/post/DS723rpjYBh,https://instagram.fhan4-3.fna.fbcdn.net/v/t51.2885-19/611291994_17921572251224806_2437668040516281678_n.jpg?stp=dst-jpg_s150x150_tt6&efg=eyJ2ZW5jb2RlX3RhZyI6InByb2ZpbGVfcGljLmRqYW5nby45MTAuYzIifQ&_nc_ht=instagram.fhan4-3.fna.fbcdn.net&_nc_cat=110&_nc_oc=Q6cZ2QHptqY7Au_OZMxkOpVdSenEL8M4RsH4d0U_N8eXmRdbv4A429F_Lf2EnnMSRgHsR3g&_nc_ohc=MPp988q3LbMQ7kNvwH0Hwwb&_nc_gid=41q3A8uM_l3EIMos3SwscQ&edm=AJhczIQBAAAA&ccb=7-5&oh=00_AfqjV5RG8X_WfaAWZ8BdLSc_BMJ92Kw48Pqz-HqydyAPCQ&oe=696D3988&_nc_sid=4a2096,871,0,11503,1591,0,[],,https://www.threads.net/@itsjustg/post/DS723rpjYBh,[],"{'likes': 11503, 'reposts': 1579, 'quotes': 12}",threads,3799872031568003169,g✨,New Years Eve,"hot takes i’m bringing into 2026:

abortion is healthcare
trans rights are human rights
protect kids not guns
love is love
no one is illegal on stolen land
war solves nothing
fuck the patriarchy￼",threads,66844776805,itsjustg
[],2026-01-14T16:27:37.161378+07:00,"Lời khuyên cho bé nào sắp thi đại học hoặc đang đi học thì làm ơn hãy xem  University War điㅠㅠ
Xem cả mùa 1 lẫn mùa 2 luôn
Thề luôn xem xong thấy người ta giỏi là có động lực học lắm luôn íiii,trời ơi đỉnh điênnn",2025-01-04T18:31:46+07:00,,3538065588185119056,threads,threads.com,threads_crawler_v1,https://www.threads.net/@hniiizzz/post/DEZu-gvzrlQ,https://instagram.fhan4-3.fna.fbcdn.net/v/t51.2885-19/473577990_993964412572006_3042119872632821922_n.jpg?stp=dst-jpg_s150x150_tt6&efg=eyJ2ZW5jb2RlX3RhZyI6InByb2ZpbGVfcGljLmRqYW5nby42MDguYzIifQ&_nc_ht=instagram.fhan4-3.fna.fbcdn.net&_nc_cat=110&_nc_oc=Q6cZ2QHptqY7Au_OZMxkOpVdSenEL8M4RsH4d0U_N8eXmRdbv4A429F_Lf2EnnMSRgHsR3g&_nc_ohc=csNUyQQAm2MQ7kNvwECUzFQ&_nc_gid=41q3A8uM_l3EIMos3SwscQ&edm=AJhczIQBAAAA&ccb=7-5&oh=00_AfraxrQqB8nLXctqkb2emr8NfG40jahcXgw9GFFYlghbUA&oe=696D2A6E&_nc_sid=4a2096,13,0,292,13,0,['https://instagram.fhan4-3.fna.fbcdn.net/v/t51.29350-15/472514727_1318834905681444_4230374043830074353_n.jpg?stp=dst-jpg_e35_tt6&efg=eyJ2ZW5jb2RlX3RhZyI6InRocmVhZHMuRkVFRC5pbWFnZV91cmxnZW4uMjA3M3gxNDQwLnNkci5mMjkzNTAuZGVmYXVsdF9pbWFnZS5jMiJ9&_nc_ht=instagram.fhan4-3.fna.fbcdn.net&_nc_cat=100&_nc_oc=Q6cZ2QHptqY7Au_OZMxkOpVdSenEL8M4RsH4d0U_N8eXmRdbv4A429F_Lf2EnnMSRgHsR3g&_nc_ohc=WuOCxFjl6gIQ7kNvwE_T_z2&_nc_gid=41q3A8uM_l3EIMos3SwscQ&edm=AJhczIQBAAAA&ccb=7-5&ig_cache_key=MzUzODA2NTU4ODE4NTExOTA1Ng%3D%3D.3-ccb7-5&oh=00_AfonZ2bmhmWs-e4eiQjBt70mKMUfhZaA7d4-ww9KyOV8Lg&oe=696D4E1A&_nc_sid=4a2096'],,https://www.threads.net/@hniiizzz/post/DEZu-gvzrlQ,[],"{'likes': 292, 'reposts': 11, 'quotes': 2}",threads,3538065588185119056,몽글몽글,,"Lời khuyên cho bé nào sắp thi đại học hoặc đang đi học thì làm ơn hãy xem  University War điㅠㅠ
Xem cả mùa 1 lẫn mùa 2 luôn
Thề luôn xem xong thấy người ta giỏi là có động lực học lắm luôn íiii,trời ơi đỉnh điênnn",threads,63261853888,hniiizzz
[],2026-01-14T16:27:37.161417+07:00,"WATCH: The U.S. Coast Guard seized a second oil tanker off the coast of Venezuela on Saturday morning with the support of the Department of War, Secretary Noem said.",2025-12-21T05:23:39+07:00,,3792065035179523800,threads,threads.com,threads_crawler_v1,https://www.threads.net/@foxnews/post/DSgHw7rDf7Y,https://instagram.fhan3-3.fna.fbcdn.net/v/t51.2885-19/449702249_879298467576570_5157118525278565557_n.jpg?stp=dst-jpg_s150x150_tt6&efg=eyJ2ZW5jb2RlX3RhZyI6InByb2ZpbGVfcGljLmRqYW5nby44MzQuYzIifQ&_nc_ht=instagram.fhan3-3.fna.fbcdn.net&_nc_cat=1&_nc_oc=Q6cZ2QHptqY7Au_OZMxkOpVdSenEL8M4RsH4d0U_N8eXmRdbv4A429F_Lf2EnnMSRgHsR3g&_nc_ohc=uAeMGNyU6acQ7kNvwGZoZTO&_nc_gid=41q3A8uM_l3EIMos3SwscQ&edm=AJhczIQBAAAA&ccb=7-5&oh=00_AfrO31ljPRJstP8jY6UNfeSjSwSNgtG9peq6TJfI3_HX1w&oe=696D394D&_nc_sid=4a2096,475,0,3160,145,0,"['https://instagram.fhan3-2.fna.fbcdn.net/v/t51.2885-15/603817386_887480540469691_372208099904410057_n.jpg?stp=dst-jpg_e15_tt6&efg=eyJ2ZW5jb2RlX3RhZyI6InRocmVhZHMuRkVFRC5pbWFnZV91cmxnZW4uNjQweDM2MC5zZHIuZjcxODc4LmRlZmF1bHRfY292ZXJfZnJhbWUuYzIifQ&_nc_ht=instagram.fhan3-2.fna.fbcdn.net&_nc_cat=107&_nc_oc=Q6cZ2QHptqY7Au_OZMxkOpVdSenEL8M4RsH4d0U_N8eXmRdbv4A429F_Lf2EnnMSRgHsR3g&_nc_ohc=01iyFpyfWaIQ7kNvwF2PShT&_nc_gid=41q3A8uM_l3EIMos3SwscQ&edm=AJhczIQBAAAA&ccb=7-5&ig_cache_key=Mzc5MjA2NTAzNTE3OTUyMzgwMA%3D%3D.3-ccb7-5&oh=00_Afp-PFz5AQ4Hcl8ioRzD-8BzFkXVUfsScti7dWZtPcWTPw&oe=696D40EE&_nc_sid=4a2096', 'https://instagram.fhan4-3.fna.fbcdn.net/o1/v/t16/f2/m84/AQNkM6ccrSD4gtmm4k_OuawornsAQD2bcStMrVknbBJFn__1zfYmVAn5iHfLZMdV_CyJhILPQJLTHjwvJ7dM2Mn-eb7J7xXKfUJQaVE.mp4?_nc_cat=100&_nc_oc=AdmdL0AVzzsrshJelfdNqc6cptiz7jkS_KnyK67E96XID5R4NU2YkfKjlroZ_ib7Bx4&_nc_sid=5e9851&_nc_ht=instagram.fhan4-3.fna.fbcdn.net&_nc_ohc=AaA7kQUFNw0Q7kNvwFUk2Fh&efg=eyJ2ZW5jb2RlX3RhZyI6Inhwdl9wcm9ncmVzc2l2ZS5JTlNUQUdSQU0uRkVFRC5DMy4xMjgwLmRhc2hfYmFzZWxpbmVfMV92MSIsInhwdl9hc3NldF9pZCI6MjkzMjQ1MDA5MDI4MzQ3NiwiYXNzZXRfYWdlX2RheXMiOjI0LCJ2aV91c2VjYXNlX2lkIjoxMDE2NCwiZHVyYXRpb25fcyI6NTAsInVybGdlbl9zb3VyY2UiOiJ3d3cifQ%3D%3D&ccb=17-1&_nc_gid=41q3A8uM_l3EIMos3SwscQ&_nc_zt=28&vs=9d062f7100e0be6b&_nc_vs=HBksFQIYTGlnX2JhY2tmaWxsX3RpbWVsaW5lX3ZvZC82NDRCOUI4MjNBQjZBRTFGOURGQzczOUYwNDY5QTlCN192aWRlb19kYXNoaW5pdC5tcDQVAALIARIAFQIYOnBhc3N0aHJvdWdoX2V2ZXJzdG9yZS9HSWpuMGlNV3pIZDFJeGNEQUs1YnhMdDJtengxYnNwVEFRQUYVAgLIARIAKAAYABsCiAd1c2Vfb2lsATEScHJvZ3Jlc3NpdmVfcmVjaXBlATEVAAAmqMef34fDtQoVAigCQzMsF0BJNWBBiTdMGBJkYXNoX2Jhc2VsaW5lXzFfdjERAHXqB2XongEA&oh=00_AfqCTCOTmm54ZjBV6PZoktrw97Jh5TD_pJ4TLfNdLhcYXw&oe=69694E28']",,https://www.threads.net/@foxnews/post/DSgHw7rDf7Y,[],"{'likes': 3160, 'reposts': 137, 'quotes': 8}",threads,3792065035179523800,Fox News,,"WATCH: The U.S. Coast Guard seized a second oil tanker off the coast of Venezuela on Saturday morning with the support of the Department of War, Secretary Noem said.",threads,63407132458,foxnews
[],2026-01-14T16:27:37.161448+07:00,ARE WE AT WAR?????,2026-01-04T00:23:54+07:00,,3802061185979093026,threads,threads.com,threads_crawler_v1,https://www.threads.net/@shaquidas/post/DTDooEklZAi,https://instagram.fhan4-6.fna.fbcdn.net/v/t51.2885-19/447472782_967154708412837_8794703024117320479_n.jpg?stp=dst-jpg_s150x150_tt6&efg=eyJ2ZW5jb2RlX3RhZyI6InByb2ZpbGVfcGljLmRqYW5nby41NDIuYzIifQ&_nc_ht=instagram.fhan4-6.fna.fbcdn.net&_nc_cat=109&_nc_oc=Q6cZ2QHptqY7Au_OZMxkOpVdSenEL8M4RsH4d0U_N8eXmRdbv4A429F_Lf2EnnMSRgHsR3g&_nc_ohc=VwGSN_wTP34Q7kNvwH3KSEh&_nc_gid=41q3A8uM_l3EIMos3SwscQ&edm=AJhczIQBAAAA&ccb=7-5&oh=00_AfrpYc01iaDLUw0BDUoqMofdUZry7Sy5EdlQv0BrAovQYg&oe=696D2A78&_nc_sid=4a2096,54,0,83,2,0,[],,https://www.threads.net/@shaquidas/post/DTDooEklZAi,[],"{'likes': 83, 'reposts': 1, 'quotes': 1}",threads,3802061185979093026,🤍Shaquida🤍,,ARE WE AT WAR?????,threads,66676637584,shaquidas
[],2026-01-14T16:27:37.161487+07:00,War is over na jud 😭 naa nay bath & body works sa sm city,2026-01-05T18:29:20+07:00,,3803332274880079732,threads,threads.com,threads_crawler_v1,https://www.threads.net/@louiamae/post/DTIJo2XAWd0,https://instagram.fhan3-4.fna.fbcdn.net/v/t51.2885-19/611286649_17942495889097228_9025134648643325418_n.jpg?stp=dst-jpg_s150x150_tt6&efg=eyJ2ZW5jb2RlX3RhZyI6InByb2ZpbGVfcGljLmRqYW5nby4xMDgwLmMyIn0&_nc_ht=instagram.fhan3-4.fna.fbcdn.net&_nc_cat=104&_nc_oc=Q6cZ2QHptqY7Au_OZMxkOpVdSenEL8M4RsH4d0U_N8eXmRdbv4A429F_Lf2EnnMSRgHsR3g&_nc_ohc=NosBf_i-4v4Q7kNvwHPRNdd&_nc_gid=41q3A8uM_l3EIMos3SwscQ&edm=AJhczIQBAAAA&ccb=7-5&oh=00_AfooRyAfqdbEb7ccsnccqForz-L_OoH4_UD88e8-5c8tsQ&oe=696D373A&_nc_sid=4a2096,75,0,548,69,0,[],,https://www.threads.net/@louiamae/post/DTIJo2XAWd0,[],"{'likes': 548, 'reposts': 43, 'quotes': 26}",threads,3803332274880079732,Haven Louiam,Cebu City,War is over na jud 😭 naa nay bath & body works sa sm city,threads,63104849227,louiamae
[],2026-01-14T16:27:37.161518+07:00,"Congress just voted down the Venezuela War Powers Resolution, 211–213.

A War Powers Resolution is Congress using its constitutional authority to say: the president does not have approval to engage US military forces in a conflict without explicit authorization. It is not a declaration of war. It is a leash. When passed, it limits or ends unauthorized military involvement, usually airstrikes, special operations, advisors, or “temporary” deployments that quietly turn into forever wars. 🧵⏬",2025-12-18T08:25:03+07:00,,3789982164533088634,threads,threads.com,threads_crawler_v1,https://www.threads.net/@fieldspells/post/DSYuLLOD5F6,https://instagram.fhan4-3.fna.fbcdn.net/v/t51.2885-19/589954707_17931118677117612_8367383987974208552_n.jpg?stp=dst-jpg_s150x150_tt6&efg=eyJ2ZW5jb2RlX3RhZyI6InByb2ZpbGVfcGljLmRqYW5nby4xMDgwLmMyIn0&_nc_ht=instagram.fhan4-3.fna.fbcdn.net&_nc_cat=100&_nc_oc=Q6cZ2QHptqY7Au_OZMxkOpVdSenEL8M4RsH4d0U_N8eXmRdbv4A429F_Lf2EnnMSRgHsR3g&_nc_ohc=deXV41S-odEQ7kNvwF-Dqe7&_nc_gid=41q3A8uM_l3EIMos3SwscQ&edm=AJhczIQBAAAA&ccb=7-5&oh=00_Afq7nuuCWc-ac1iPqMWsNRp47SgVV3YjkhzaQ5RVlo_sQw&oe=696D3332&_nc_sid=4a2096,48,0,209,39,0,[],,https://www.threads.net/@fieldspells/post/DSYuLLOD5F6,[],"{'likes': 209, 'reposts': 34, 'quotes': 5}",threads,3789982164533088634,Sia 𖤓,Venezuela War,"Congress just voted down the Venezuela War Powers Resolution, 211–213.

A War Powers Resolution is Congress using its constitutional authority to say: the president does not have approval to engage US military forces in a conflict without explicit authorization. It is not a declaration of war. It is a leash. When passed, it limits or ends unauthorized military involvement, usually airstrikes, special operations, advisors, or “temporary” deployments that quietly turn into forever wars. 🧵⏬",threads,63416405611,fieldspells
[],2026-01-14T16:27:37.161548+07:00,"Let me be clear:
 
If Donald Trump continues his actions against Venezuela, we will immediately file a War Powers Resolution to block the deployment of U.S. forces to Venezuela.

The power to declare war lies solely in the hands of Congress—not Donald Trump.",2025-12-02T06:07:35+07:00,,3778316563938883936,threads,threads.com,threads_crawler_v1,https://www.threads.net/@senschumer/post/DRvRuWCjTlg,https://instagram.fhan4-3.fna.fbcdn.net/v/t51.2885-19/539579654_17923732545107184_182140213834035366_n.jpg?stp=dst-jpg_s150x150_tt6&efg=eyJ2ZW5jb2RlX3RhZyI6InByb2ZpbGVfcGljLmRqYW5nby42ODguYzIifQ&_nc_ht=instagram.fhan4-3.fna.fbcdn.net&_nc_cat=100&_nc_oc=Q6cZ2QHptqY7Au_OZMxkOpVdSenEL8M4RsH4d0U_N8eXmRdbv4A429F_Lf2EnnMSRgHsR3g&_nc_ohc=Bkim3GmWm14Q7kNvwHh2Ljs&_nc_gid=41q3A8uM_l3EIMos3SwscQ&edm=AJhczIQBAAAA&ccb=7-5&oh=00_AfoH0UOfW_vThJtU3P7mdXNeSuW8fBHrRmXfyleJjqsszw&oe=696D22BF&_nc_sid=4a2096,3295,0,20461,1620,0,[],,https://www.threads.net/@senschumer/post/DRvRuWCjTlg,[],"{'likes': 20461, 'reposts': 1507, 'quotes': 113}",threads,3778316563938883936,Chuck Schumer,,"Let me be clear:
 
If Donald Trump continues his actions against Venezuela, we will immediately file a War Powers Resolution to block the deployment of U.S. forces to Venezuela.

The power to declare war lies solely in the hands of Congress—not Donald Trump.",threads,63289723183,senschumer
[],2026-01-14T16:27:37.161580+07:00,"Holy shit. Officers just arrested a woman for protesting and saying ""this is not just a foreign issue, it's our tax dollars being used to commit these war crimes,"" referring to Venezuela.

The First Amendment is dying.",2026-01-06T02:23:09+07:00,,3803570529652341962,threads,threads.com,threads_crawler_v1,https://www.threads.net/@aaronparnas/post/DTI_z6aEnzK,https://instagram.fhan3-3.fna.fbcdn.net/v/t51.2885-19/363308494_227453469765682_4538736073011655090_n.jpg?stp=dst-jpg_s150x150_tt6&efg=eyJ2ZW5jb2RlX3RhZyI6InByb2ZpbGVfcGljLmRqYW5nby4xMDgwLmMyIn0&_nc_ht=instagram.fhan3-3.fna.fbcdn.net&_nc_cat=1&_nc_oc=Q6cZ2QHptqY7Au_OZMxkOpVdSenEL8M4RsH4d0U_N8eXmRdbv4A429F_Lf2EnnMSRgHsR3g&_nc_ohc=3V5VNFrl5igQ7kNvwGqi85H&_nc_gid=41q3A8uM_l3EIMos3SwscQ&edm=AJhczIQBAAAA&ccb=7-5&oh=00_AfoH1x19OJLX8mqWp5eAtjJMjJ9-NhCBlM1mlnj8RYjXYQ&oe=696D207B&_nc_sid=4a2096,1066,0,29087,5088,0,"['https://instagram.fhan3-4.fna.fbcdn.net/v/t51.2885-15/611263543_1201444928743528_5446997362381906213_n.jpg?stp=dst-jpg_e15_tt6&efg=eyJ2ZW5jb2RlX3RhZyI6InRocmVhZHMuRkVFRC5pbWFnZV91cmxnZW4uNjQweDI4OC5zZHIuZjcxODc4LmRlZmF1bHRfY292ZXJfZnJhbWUuYzIifQ&_nc_ht=instagram.fhan3-4.fna.fbcdn.net&_nc_cat=104&_nc_oc=Q6cZ2QHptqY7Au_OZMxkOpVdSenEL8M4RsH4d0U_N8eXmRdbv4A429F_Lf2EnnMSRgHsR3g&_nc_ohc=5MjVdHIL1TkQ7kNvwHE-fBc&_nc_gid=41q3A8uM_l3EIMos3SwscQ&edm=AJhczIQBAAAA&ccb=7-5&ig_cache_key=MzgwMzU3MDUyOTY1MjM0MTk2Mg%3D%3D.3-ccb7-5&oh=00_AfoZKlQMZQrBYVLACEXDsj4P5qp7O8qWeoRYq7pjtb3O0w&oe=696D43D5&_nc_sid=4a2096', 'https://instagram.fhan4-5.fna.fbcdn.net/o1/v/t16/f2/m84/AQOtox1kPpFUWiaRKW84_0uZYw_inFH-QwiJYbRiJa7Kk6rYPoBRg_EP4lRxSXd-fmrAOtkSEBbr4FdAECXBe9gA3W2F5BkaJFUn_5w.mp4?_nc_cat=102&_nc_oc=AdkSC1E_6M-A8Unc1VtH5TZEzABY9UVsXqF76JrGBJGMqeJUDh_HdKgPwzfYZW2KsqU&_nc_sid=5e9851&_nc_ht=instagram.fhan4-5.fna.fbcdn.net&_nc_ohc=IgX95j5OcuEQ7kNvwFBd-4s&efg=eyJ2ZW5jb2RlX3RhZyI6Inhwdl9wcm9ncmVzc2l2ZS5JTlNUQUdSQU0uRkVFRC5DMy4xMjgwLmRhc2hfYmFzZWxpbmVfMV92MSIsInhwdl9hc3NldF9pZCI6ODgxNjgwMjE3ODQ3MDk3LCJhc3NldF9hZ2VfZGF5cyI6OCwidmlfdXNlY2FzZV9pZCI6MTAxNjQsImR1cmF0aW9uX3MiOjYxLCJ1cmxnZW5fc291cmNlIjoid3d3In0%3D&ccb=17-1&_nc_gid=41q3A8uM_l3EIMos3SwscQ&_nc_zt=28&vs=56ace6415026d0c7&_nc_vs=HBksFQIYTGlnX2JhY2tmaWxsX3RpbWVsaW5lX3ZvZC9DMzRFOTE0RTJDQjI4MTdGNjFFOTNGRTBCRTk4ODhBNl92aWRlb19kYXNoaW5pdC5tcDQVAALIARIAFQIYOnBhc3N0aHJvdWdoX2V2ZXJzdG9yZS9HS3h4WUNSMllLeEg0bHNKQUNpdzJ2UV9vWndzYnNwVEFRQUYVAgLIARIAKAAYABsCiAd1c2Vfb2lsATEScHJvZ3Jlc3NpdmVfcmVjaXBlATEVAAAm8tSFw8X4kAMVAigCQzMsF0BOhDlYEGJOGBJkYXNoX2Jhc2VsaW5lXzFfdjERAHXqB2XongEA&oh=00_AfoxmYBTv1HwS8p7DLhCZGhxZRtWrli-CiH3R4LeDZ_4kQ&oe=6969336E']",,https://www.threads.net/@aaronparnas/post/DTI_z6aEnzK,[],"{'likes': 29087, 'reposts': 4831, 'quotes': 257}",threads,3803570529652341962,Aaron Parnas,,"Holy shit. Officers just arrested a woman for protesting and saying ""this is not just a foreign issue, it's our tax dollars being used to commit these war crimes,"" referring to Venezuela.

The First Amendment is dying.",threads,63265609167,aaronparnas
[],2026-01-14T16:27:37.161610+07:00,Open jasa war antrian antam. InsyaAllah amanah ya..,2025-12-04T20:50:11+07:00,,3780210345991361390,threads,threads.com,threads_crawler_v1,https://www.threads.net/@anggitanahda/post/DR2AUgBElNu,https://instagram.fhan4-5.fna.fbcdn.net/v/t51.2885-19/589087297_17917213431222914_2127687202764111543_n.jpg?stp=dst-jpg_s150x150_tt6&efg=eyJ2ZW5jb2RlX3RhZyI6InByb2ZpbGVfcGljLmRqYW5nby4xMDgwLmMyIn0&_nc_ht=instagram.fhan4-5.fna.fbcdn.net&_nc_cat=102&_nc_oc=Q6cZ2QHptqY7Au_OZMxkOpVdSenEL8M4RsH4d0U_N8eXmRdbv4A429F_Lf2EnnMSRgHsR3g&_nc_ohc=DL5Pg4z0EkkQ7kNvwFwumh5&_nc_gid=41q3A8uM_l3EIMos3SwscQ&edm=AJhczIQBAAAA&ccb=7-5&oh=00_AfrjOuqzVlCUBnQmQ92HqVit1Wfg4nyihhHWmRZuHlhaDg&oe=696D4E46&_nc_sid=4a2096,30,0,5,0,0,['https://instagram.fhan4-5.fna.fbcdn.net/v/t51.2885-15/588452291_17917213482222914_4637700930505815680_n.jpg?stp=dst-jpg_e35_tt6&efg=eyJ2ZW5jb2RlX3RhZyI6InRocmVhZHMuQ0FST1VTRUxfSVRFTS5pbWFnZV91cmxnZW4uMTE3OXgyMDk2LnNkci5mODI3ODcuZGVmYXVsdF9pbWFnZS5jMiJ9&_nc_ht=instagram.fhan4-5.fna.fbcdn.net&_nc_cat=102&_nc_oc=Q6cZ2QHptqY7Au_OZMxkOpVdSenEL8M4RsH4d0U_N8eXmRdbv4A429F_Lf2EnnMSRgHsR3g&_nc_ohc=rdwPyLorimsQ7kNvwEOEBQx&_nc_gid=41q3A8uM_l3EIMos3SwscQ&edm=AJhczIQBAAAA&ccb=7-5&ig_cache_key=Mzc4MDIxMDM0MDk3NDk2MTYyNw%3D%3D.3-ccb7-5&oh=00_Afq6vCO-YajjK8olu-x2ErCdljYVCFstK-kXBs7E5JOh7Q&oe=696D2A20&_nc_sid=4a2096'],,https://www.threads.net/@anggitanahda/post/DR2AUgBElNu,[],"{'likes': 5, 'reposts': 0, 'quotes': 0}",threads,3780210345991361390,Nahda Anggita,Antamlogammulia,Open jasa war antrian antam. InsyaAllah amanah ya..,threads,66698582913,anggitanahda
[],2026-01-14T16:27:37.161640+07:00,"January 9, 2026
Beginning in 1943, the War Department published a series of pamphlets for U.S. Army personnel in the European theater of World War II. Titled Army Talks, the series was designed “to help [the personnel] become better-informed men and women and therefore better soldiers.”

On March 24, 1945, the topic for the week was “FASCISM!”",2026-01-10T10:22:13+07:00,,3806710981511647599,threads,threads.com,threads_crawler_v1,https://www.threads.net/@heathercoxrichardson/post/DTUJ3gHlJFv,https://instagram.fhan4-6.fna.fbcdn.net/v/t51.2885-19/366468626_620237960214453_3772064507258887883_n.jpg?stp=dst-jpg_s150x150_tt6&efg=eyJ2ZW5jb2RlX3RhZyI6InByb2ZpbGVfcGljLmRqYW5nby4xMDgwLmMyIn0&_nc_ht=instagram.fhan4-6.fna.fbcdn.net&_nc_cat=109&_nc_oc=Q6cZ2QHptqY7Au_OZMxkOpVdSenEL8M4RsH4d0U_N8eXmRdbv4A429F_Lf2EnnMSRgHsR3g&_nc_ohc=tKDlxXx3XvkQ7kNvwFV_jn9&_nc_gid=41q3A8uM_l3EIMos3SwscQ&edm=AJhczIQBAAAA&ccb=7-5&oh=00_Afp5_7MUalyfQOKsUfCzO2v0N-NocSGAHPwmMgYLnI9cnQ&oe=696D3533&_nc_sid=4a2096,8,0,1158,204,0,[],,https://www.threads.net/@heathercoxrichardson/post/DTUJ3gHlJFv,[],"{'likes': 1158, 'reposts': 183, 'quotes': 21}",threads,3806710981511647599,Heather Cox Richardson,,"January 9, 2026
Beginning in 1943, the War Department published a series of pamphlets for U.S. Army personnel in the European theater of World War II. Titled Army Talks, the series was designed “to help [the personnel] become better-informed men and women and therefore better soldiers.”

On March 24, 1945, the topic for the week was “FASCISM!”",threads,63372318649,heathercoxrichardson
[],2026-01-14T16:27:37.161672+07:00,"Nếu những chiếc mũi đc phát hiện ở hàng ngàn năm trước, đây sẽ là di sản
Nếu những chiếc mũi đc phát hiện ở hàng trăm năm trước, đây sẽ là ý tưởng của cầu trượt
Nếu những chiếc mũi đc phát hiện ở chục năm trước, đây sẽ là F4 vườn sao băng
Nếu những chiếc mũi này đc phát hiện ở 100 năm sau, đây sẽ là sản phẩm AI 
Chỉ tiếc là nó được phát hiện ở hiện tại bởi chồng của tôi. Anh nhìn tôi, cười cay đắng: ""Em giỏi nhỉ. Hoá ra Park Jisung tôi chỉ là 1 trong 4 lựa chọn của em thôi sao?""
University war",2025-02-04T22:44:22+07:00,,3560660768788180901,threads,threads.com,threads_crawler_v1,https://www.threads.net/@hynonnnnnn/post/DFqAhqhSe-l,https://instagram.fhan4-5.fna.fbcdn.net/v/t51.2885-19/472497044_1633876533876170_2827704017479614153_n.jpg?stp=dst-jpg_s150x150_tt6&efg=eyJ2ZW5jb2RlX3RhZyI6InByb2ZpbGVfcGljLmRqYW5nby4xMDgwLmMyIn0&_nc_ht=instagram.fhan4-5.fna.fbcdn.net&_nc_cat=102&_nc_oc=Q6cZ2QHptqY7Au_OZMxkOpVdSenEL8M4RsH4d0U_N8eXmRdbv4A429F_Lf2EnnMSRgHsR3g&_nc_ohc=yl95yGTw0BEQ7kNvwE8mNgb&_nc_gid=41q3A8uM_l3EIMos3SwscQ&edm=AJhczIQBAAAA&ccb=7-5&oh=00_AfrHaOr0FfWzsLrCwnUlommiCAjlJJPW7ZO8k4NsHhxW4Q&oe=696D2F0A&_nc_sid=4a2096,2,0,152,19,0,['https://instagram.fhan3-3.fna.fbcdn.net/v/t51.2885-15/476422387_17958065102906087_3906744121724000223_n.jpg?stp=dst-jpg_e35_tt6&efg=eyJ2ZW5jb2RlX3RhZyI6InRocmVhZHMuRkVFRC5pbWFnZV91cmxnZW4uMjUzMngxMTcwLnNkci5mNzU3NjEuZGVmYXVsdF9pbWFnZS5jMiJ9&_nc_ht=instagram.fhan3-3.fna.fbcdn.net&_nc_cat=111&_nc_oc=Q6cZ2QHptqY7Au_OZMxkOpVdSenEL8M4RsH4d0U_N8eXmRdbv4A429F_Lf2EnnMSRgHsR3g&_nc_ohc=ADElgvkgQ1oQ7kNvwGKAjGE&_nc_gid=41q3A8uM_l3EIMos3SwscQ&edm=AJhczIQBAAAA&ccb=7-5&ig_cache_key=MzU2MDY2MDc2ODc4ODE4MDkwMQ%3D%3D.3-ccb7-5&oh=00_AfqvJIM88Zxg4zJgYypX0W8epsfsy1spi6GkR7FsE4F2IQ&oe=696D1AC9&_nc_sid=4a2096'],,https://www.threads.net/@hynonnnnnn/post/DFqAhqhSe-l,[],"{'likes': 152, 'reposts': 18, 'quotes': 1}",threads,3560660768788180901,,University war,"Nếu những chiếc mũi đc phát hiện ở hàng ngàn năm trước, đây sẽ là di sản
Nếu những chiếc mũi đc phát hiện ở hàng trăm năm trước, đây sẽ là ý tưởng của cầu trượt
Nếu những chiếc mũi đc phát hiện ở chục năm trước, đây sẽ là F4 vườn sao băng
Nếu những chiếc mũi này đc phát hiện ở 100 năm sau, đây sẽ là sản phẩm AI 
Chỉ tiếc là nó được phát hiện ở hiện tại bởi chồng của tôi. Anh nhìn tôi, cười cay đắng: ""Em giỏi nhỉ. Hoá ra Park Jisung tôi chỉ là 1 trong 4 lựa chọn của em thôi sao?""
University war",threads,67705976866,hynonnnnnn
[],2026-01-14T16:27:37.161703+07:00,🚨Multiple Pakistani 🇵🇰drones enter Loc in Jammu & Kashmir🇮🇳.. we post India 🇮🇳Pak🇵🇰War..#indiapakwar #indiapakistanwar #india #pakistan,2026-01-12T02:00:38+07:00,,3807908068227555090,threads,threads.com,threads_crawler_v1,https://www.threads.net/@the.recombination/post/DTYaDaADB8S,https://instagram.fhan4-5.fna.fbcdn.net/v/t51.2885-19/498577313_17845982217480855_3904254763330889400_n.jpg?stp=dst-jpg_s150x150_tt6&efg=eyJ2ZW5jb2RlX3RhZyI6InByb2ZpbGVfcGljLmRqYW5nby4xMDgwLmMyIn0&_nc_ht=instagram.fhan4-5.fna.fbcdn.net&_nc_cat=103&_nc_oc=Q6cZ2QHptqY7Au_OZMxkOpVdSenEL8M4RsH4d0U_N8eXmRdbv4A429F_Lf2EnnMSRgHsR3g&_nc_ohc=y0hK59lXEzsQ7kNvwF0-ypR&_nc_gid=41q3A8uM_l3EIMos3SwscQ&edm=AJhczIQBAAAA&ccb=7-5&oh=00_AfoMOJ_FW78G6_nQaWWw5b9-qZDyWsyPCzsuVP2oiiZNnw&oe=696D444F&_nc_sid=4a2096,41,0,199,8,0,"['https://instagram.fhan4-1.fna.fbcdn.net/v/t51.2885-15/612476789_1209403811151581_7949374300056976617_n.jpg?stp=dst-jpg_e15_tt6&efg=eyJ2ZW5jb2RlX3RhZyI6InRocmVhZHMuRkVFRC5pbWFnZV91cmxnZW4uNjQweDExMzYuc2RyLmY3MTg3OC5kZWZhdWx0X2NvdmVyX2ZyYW1lLmMyIn0&_nc_ht=instagram.fhan4-1.fna.fbcdn.net&_nc_cat=105&_nc_oc=Q6cZ2QHptqY7Au_OZMxkOpVdSenEL8M4RsH4d0U_N8eXmRdbv4A429F_Lf2EnnMSRgHsR3g&_nc_ohc=BRHXfdFXvQcQ7kNvwFm9CRV&_nc_gid=41q3A8uM_l3EIMos3SwscQ&edm=AJhczIQBAAAA&ccb=7-5&ig_cache_key=MzgwNzkwODA2ODIyNzU1NTA5MA%3D%3D.3-ccb7-5&oh=00_AfqSyNCeSipSkGuAxNbadGoS9V8WTVWZDtsI09_Xs9mPlQ&oe=696D2075&_nc_sid=4a2096', 'https://instagram.fhan4-5.fna.fbcdn.net/o1/v/t16/f2/m69/AQOZe2DTlfXk9cD2IS4Yn8IDI-GuY4OHjPNrn1GV3IRQcgJOeRa6YC6gwziY1MnOFtXp_QCQd3e2ByatVmuZT7Sn.mp4?strext=1&_nc_cat=103&_nc_oc=AdlF3Ofq0UDXKyswF221efmXwMvFpBrYsSAtlXDWfcAaoAbqwABRPKdaZUJdskqjuBc&_nc_sid=5e9851&_nc_ht=instagram.fhan4-5.fna.fbcdn.net&_nc_ohc=sMGLmcNd5loQ7kNvwGgaFYL&efg=eyJ2ZW5jb2RlX3RhZyI6Inhwdl9wcm9ncmVzc2l2ZS5JTlNUQUdSQU0uRkVFRC5DMy43MjAuZGFzaF9iYXNlbGluZV8xX3YxIiwieHB2X2Fzc2V0X2lkIjoyNDMxMDMwMzQ3MzI5MTAzLCJhc3NldF9hZ2VfZGF5cyI6MiwidmlfdXNlY2FzZV9pZCI6MTAwOTksImR1cmF0aW9uX3MiOjksInVybGdlbl9zb3VyY2UiOiJ3d3cifQ%3D%3D&ccb=17-1&_nc_gid=41q3A8uM_l3EIMos3SwscQ&_nc_zt=28&vs=4066d226ae37d8fc&_nc_vs=HBksFQIYOnBhc3N0aHJvdWdoX2V2ZXJzdG9yZS9HT3hKa2lTaGtPZXM5ZTRJQURMRHJFem8wSVozYnNwVEFRQUYVAALIARIAFQIYOnBhc3N0aHJvdWdoX2V2ZXJzdG9yZS9HRzRIakNUT0x4bVdEazRKQUxKbThvYWtHTEZ3YnN0VEFRQUYVAgLIARIAKAAYABsCiAd1c2Vfb2lsATEScHJvZ3Jlc3NpdmVfcmVjaXBlATEVAAAmnrnTxMvA0QgVAigCQzMsF0AiZmZmZmZmGBJkYXNoX2Jhc2VsaW5lXzFfdjERAHXqB2XmnQEA&oh=00_Afofu8vBs9iSoi_6EcjSJyHHqvodY7BUwaNsrHD7AkAXEw&oe=696D2E8D']",,https://www.threads.net/@the.recombination/post/DTYaDaADB8S,[],"{'likes': 199, 'reposts': 8, 'quotes': 0}",threads,3807908068227555090,Utkarsh Raj,,🚨Multiple Pakistani 🇵🇰drones enter Loc in Jammu & Kashmir🇮🇳.. we post India 🇮🇳Pak🇵🇰War..#indiapakwar #indiapakistanwar #india #pakistan,threads,74487616854,the.recombination
[],2026-01-14T16:27:37.161734+07:00,"I am 88 years old. I have lived through the Cuban Missile Crisis, the JFK assassination, the Vietnam War, the Turmoil of 1968, Watergate, the Hostage Crisis, two oil crisis, disco, Reaganomics, 9/11. The covid pandemic...

These past 11 months have been easily the most miserable era in America in my lifetime. The hatred, the bigotry, the lies, the racketeering and pedophilia are beyond anything I have ever seen.",2025-12-21T01:11:24+07:00,,3791938229911155134,threads,threads.com,threads_crawler_v1,https://www.threads.net/@donweinstein/post/DSfq7rEE_G-,https://instagram.fhan4-5.fna.fbcdn.net/v/t51.2885-19/357801800_964228861576803_6825618219704199650_n.jpg?stp=dst-jpg_s150x150_tt6&efg=eyJ2ZW5jb2RlX3RhZyI6InByb2ZpbGVfcGljLmRqYW5nby4xNTAuYzIifQ&_nc_ht=instagram.fhan4-5.fna.fbcdn.net&_nc_cat=103&_nc_oc=Q6cZ2QHptqY7Au_OZMxkOpVdSenEL8M4RsH4d0U_N8eXmRdbv4A429F_Lf2EnnMSRgHsR3g&_nc_ohc=INUDDAxcengQ7kNvwGTbmzp&_nc_gid=41q3A8uM_l3EIMos3SwscQ&edm=AJhczIQBAAAA&ccb=7-5&oh=00_Afq8LYUwC2WFRZFM_2FOUdoGTWmncyahCR_kc_ZH4-Tbpg&oe=696D270B&_nc_sid=4a2096,1508,0,30615,1948,0,[],,https://www.threads.net/@donweinstein/post/DSfq7rEE_G-,[],"{'likes': 30615, 'reposts': 1870, 'quotes': 78}",threads,3791938229911155134,Don Weinstein,,"I am 88 years old. I have lived through the Cuban Missile Crisis, the JFK assassination, the Vietnam War, the Turmoil of 1968, Watergate, the Hostage Crisis, two oil crisis, disco, Reaganomics, 9/11. The covid pandemic...

These past 11 months have been easily the most miserable era in America in my lifetime. The hatred, the bigotry, the lies, the racketeering and pedophilia are beyond anything I have ever seen.",threads,63428654416,donweinstein
[],2026-01-14T16:27:37.161765+07:00,"Kratos wallpaper 
God of War",2025-02-08T22:20:30+07:00,,3563547857490248275,threads,threads.com,threads_crawler_v1,https://www.threads.net/@gifsavvy/post/DF0Q-VZz4JT,https://instagram.fhan3-3.fna.fbcdn.net/v/t51.2885-19/514006856_17892280152257485_8114764232491586875_n.jpg?stp=dst-jpg_s150x150_tt6&efg=eyJ2ZW5jb2RlX3RhZyI6InByb2ZpbGVfcGljLmRqYW5nby4xMDgwLmMyIn0&_nc_ht=instagram.fhan3-3.fna.fbcdn.net&_nc_cat=101&_nc_oc=Q6cZ2QHptqY7Au_OZMxkOpVdSenEL8M4RsH4d0U_N8eXmRdbv4A429F_Lf2EnnMSRgHsR3g&_nc_ohc=3UEtOWA0w8AQ7kNvwEvWO2i&_nc_gid=41q3A8uM_l3EIMos3SwscQ&edm=AJhczIQBAAAA&ccb=7-5&oh=00_AfqO5iEMmFrncgD43lJP_kv_zM9gE98QyyzlMl3ZGOsPrQ&oe=696D21F4&_nc_sid=4a2096,2,0,443,10,0,['https://instagram.fhan4-5.fna.fbcdn.net/v/t51.2885-15/472479350_17883166809208718_2576455128672705430_n.jpg?stp=dst-jpg_e35_tt6&efg=eyJ2ZW5jb2RlX3RhZyI6InRocmVhZHMuQ0FST1VTRUxfSVRFTS5pbWFnZV91cmxnZW4uMTQ0MHgxNDQwLnNkci5mNzU3NjEuZGVmYXVsdF9pbWFnZS5jMiJ9&_nc_ht=instagram.fhan4-5.fna.fbcdn.net&_nc_cat=102&_nc_oc=Q6cZ2QHptqY7Au_OZMxkOpVdSenEL8M4RsH4d0U_N8eXmRdbv4A429F_Lf2EnnMSRgHsR3g&_nc_ohc=uQnq3PY25KIQ7kNvwHOOBg9&_nc_gid=41q3A8uM_l3EIMos3SwscQ&edm=AJhczIQBAAAA&ccb=7-5&ig_cache_key=MzU2MzU0Nzg0ODMyOTcyMDg5NQ%3D%3D.3-ccb7-5&oh=00_Afo3MgsKJtwTcVmjE5BZZ8SsSJ5l6os1FUVDBEPEq-gaxw&oe=696D3EB1&_nc_sid=4a2096'],,https://www.threads.net/@gifsavvy/post/DF0Q-VZz4JT,[],"{'likes': 443, 'reposts': 10, 'quotes': 0}",threads,3563547857490248275,Perfect Shots,wallpaper,"Kratos wallpaper 
God of War",threads,67741481484,gifsavvy
[],2026-01-14T16:27:37.161796+07:00,"đang đi stalk acc thì thấy bạn han jongyoon team snu có đăng về nmixx trên blog mấy mom ơi =))))) nhìn bio kia là t đã liên tưởng ngay đến lyrics podium rồi. hình như bạn í thích jiwoo, bảo là lần đầu mua album tại lần này cb đỉnh nóc quá 🤩🤩 viết review rất dài siêu có tâm luôn",2025-11-25T10:49:11+07:00,,3773384872481171079,threads,threads.com,threads_crawler_v1,https://www.threads.net/@128g__/post/DRdwYydEqaH,https://instagram.fhan4-5.fna.fbcdn.net/v/t51.2885-19/565926123_17925942198114674_5412111411411148673_n.jpg?stp=dst-jpg_s150x150_tt6&efg=eyJ2ZW5jb2RlX3RhZyI6InByb2ZpbGVfcGljLmRqYW5nby4zODAuYzIifQ&_nc_ht=instagram.fhan4-5.fna.fbcdn.net&_nc_cat=102&_nc_oc=Q6cZ2QHptqY7Au_OZMxkOpVdSenEL8M4RsH4d0U_N8eXmRdbv4A429F_Lf2EnnMSRgHsR3g&_nc_ohc=ksjnn1hREiUQ7kNvwEyuW7B&_nc_gid=41q3A8uM_l3EIMos3SwscQ&edm=AJhczIQBAAAA&ccb=7-5&oh=00_Afr5yPKl0B78-IrEecRo0Y5Z1eCSc-3LH7voBtO-yT5Mvw&oe=696D3577&_nc_sid=4a2096,4,0,8,0,0,['https://instagram.fhan4-5.fna.fbcdn.net/v/t51.2885-15/587804883_17930107848114674_8654624712071270155_n.jpg?stp=cp6_dst-jpg_e35_tt6&efg=eyJ2ZW5jb2RlX3RhZyI6InRocmVhZHMuQ0FST1VTRUxfSVRFTS5pbWFnZV91cmxnZW4uODI4eDE1MjIuc2RyLmY4Mjc4Ny5kZWZhdWx0X2ltYWdlLmMyIn0&_nc_ht=instagram.fhan4-5.fna.fbcdn.net&_nc_cat=102&_nc_oc=Q6cZ2QHptqY7Au_OZMxkOpVdSenEL8M4RsH4d0U_N8eXmRdbv4A429F_Lf2EnnMSRgHsR3g&_nc_ohc=HdFUbAJihQgQ7kNvwGOD-5a&_nc_gid=41q3A8uM_l3EIMos3SwscQ&edm=AJhczIQBAAAA&ccb=7-5&ig_cache_key=Mzc3MzM4NDg2NzYyNDE3NTg2Mw%3D%3D.3-ccb7-5&oh=00_AfqklFtzK9-Oo5xrY44jb_F5rkp5jT0D44QZeH-LuoCVxQ&oe=696D4783&_nc_sid=4a2096'],,https://www.threads.net/@128g__/post/DRdwYydEqaH,[],"{'likes': 8, 'reposts': 0, 'quotes': 0}",threads,3773384872481171079,,university war 3,"đang đi stalk acc thì thấy bạn han jongyoon team snu có đăng về nmixx trên blog mấy mom ơi =))))) nhìn bio kia là t đã liên tưởng ngay đến lyrics podium rồi. hình như bạn í thích jiwoo, bảo là lần đầu mua album tại lần này cb đỉnh nóc quá 🤩🤩 viết review rất dài siêu có tâm luôn",threads,63371826673,128g__
[],2026-01-14T16:27:37.161827+07:00,"I recently learned that after Joan of Arc was executed on charges of heresy, her mother spent 25 years clearing her name. Isabelle Romée trudged through war-torn France to petition kings and popes, risking her life at nearly 70 years old. She entered Notre-Dame Cathedral on crutches to testify before the tribunal and lived just long enough to hear her daughter declared innocent.",2025-03-30T00:37:58+07:00,,3599130756495979395,threads,threads.com,threads_crawler_v1,https://www.threads.net/@thehumanityarchive/post/DHyrlqhIDOD,https://instagram.fhan3-3.fna.fbcdn.net/v/t51.2885-19/337330694_771087761261092_2502814037578948875_n.jpg?stp=dst-jpg_s150x150_tt6&efg=eyJ2ZW5jb2RlX3RhZyI6InByb2ZpbGVfcGljLmRqYW5nby4xMDgwLmMyIn0&_nc_ht=instagram.fhan3-3.fna.fbcdn.net&_nc_cat=1&_nc_oc=Q6cZ2QHptqY7Au_OZMxkOpVdSenEL8M4RsH4d0U_N8eXmRdbv4A429F_Lf2EnnMSRgHsR3g&_nc_ohc=62HfP9JvifQQ7kNvwH1NMqT&_nc_gid=41q3A8uM_l3EIMos3SwscQ&edm=AJhczIQBAAAA&ccb=7-5&oh=00_AfqYl4Dq6WTfiseHP_AmlQOBK0wKfw57QgiUTlOs37cQpA&oe=696D2799&_nc_sid=4a2096,69,0,12527,534,0,['https://instagram.fhan4-1.fna.fbcdn.net/v/t51.2885-15/486970173_18491772271027457_8245598621113607468_n.jpg?stp=dst-jpg_e35_tt6&efg=eyJ2ZW5jb2RlX3RhZyI6InRocmVhZHMuRkVFRC5pbWFnZV91cmxnZW4uNDgweDYzMS5zZHIuZjc1NzYxLmRlZmF1bHRfaW1hZ2UuYzIifQ&_nc_ht=instagram.fhan4-1.fna.fbcdn.net&_nc_cat=105&_nc_oc=Q6cZ2QHptqY7Au_OZMxkOpVdSenEL8M4RsH4d0U_N8eXmRdbv4A429F_Lf2EnnMSRgHsR3g&_nc_ohc=nTMXauqVzfUQ7kNvwHE6q3g&_nc_gid=41q3A8uM_l3EIMos3SwscQ&edm=AJhczIQBAAAA&ccb=7-5&ig_cache_key=MzU5OTEzMDc1NjQ5NTk3OTM5NQ%3D%3D.3-ccb7-5&oh=00_AfrRmcmhMSR2X9j7xTp68ScN41OJqa7a_XArIxxT-PkpeQ&oe=696D4852&_nc_sid=4a2096'],,https://www.threads.net/@thehumanityarchive/post/DHyrlqhIDOD,[],"{'likes': 12527, 'reposts': 513, 'quotes': 21}",threads,3599130756495979395,Jermaine Fowler | Public Historian,,"I recently learned that after Joan of Arc was executed on charges of heresy, her mother spent 25 years clearing her name. Isabelle Romée trudged through war-torn France to petition kings and popes, risking her life at nearly 70 years old. She entered Notre-Dame Cathedral on crutches to testify before the tribunal and lived just long enough to hear her daughter declared innocent.",threads,63282492714,thehumanityarchive
[],2026-01-14T16:27:37.161858+07:00,"Donald Trump is a wartime president.

War on women.
War on voting rights.
War on Latinos.
War on California.
War on institutions.
War on history.",2025-10-14T06:25:54+07:00,,3742811694595638656,threads,threads.com,threads_crawler_v1,https://www.threads.net/@cagovernor/post/DPxI2ftjQWA,https://instagram.fhan3-4.fna.fbcdn.net/v/t51.2885-19/575240020_17935170774101320_8075879013835486900_n.jpg?stp=dst-jpg_s150x150_tt6&efg=eyJ2ZW5jb2RlX3RhZyI6InByb2ZpbGVfcGljLmRqYW5nby4xMDgwLmMyIn0&_nc_ht=instagram.fhan3-4.fna.fbcdn.net&_nc_cat=104&_nc_oc=Q6cZ2QHptqY7Au_OZMxkOpVdSenEL8M4RsH4d0U_N8eXmRdbv4A429F_Lf2EnnMSRgHsR3g&_nc_ohc=lZ03OH5aaZUQ7kNvwFn_th4&_nc_gid=41q3A8uM_l3EIMos3SwscQ&edm=AJhczIQBAAAA&ccb=7-5&oh=00_AfqH_Agt-zPz3kGJw8vI3HHCQ6f3WtQimJYZW_cXgFNiEQ&oe=696D2B3B&_nc_sid=4a2096,2593,0,57955,5918,0,"['https://instagram.fhan4-6.fna.fbcdn.net/v/t51.2885-15/564247840_1311610460642229_4103707715848964497_n.jpg?stp=dst-jpg_e15_tt6&efg=eyJ2ZW5jb2RlX3RhZyI6InRocmVhZHMuRkVFRC5pbWFnZV91cmxnZW4uNjQweDM2MC5zZHIuZjcxODc4LmRlZmF1bHRfY292ZXJfZnJhbWUuYzIifQ&_nc_ht=instagram.fhan4-6.fna.fbcdn.net&_nc_cat=109&_nc_oc=Q6cZ2QHptqY7Au_OZMxkOpVdSenEL8M4RsH4d0U_N8eXmRdbv4A429F_Lf2EnnMSRgHsR3g&_nc_ohc=JgpKvDJBiysQ7kNvwFfx4Kr&_nc_gid=41q3A8uM_l3EIMos3SwscQ&edm=AJhczIQBAAAA&ccb=7-5&ig_cache_key=Mzc0MjgxMTY5NDU5NTYzODY1Ng%3D%3D.3-ccb7-5&oh=00_AfqpZWgv5-v_dfN2x48mBWCrAVzjnvUq38DgG5akb5118g&oe=696D44D5&_nc_sid=4a2096', 'https://instagram.fhan4-3.fna.fbcdn.net/o1/v/t16/f2/m84/AQNOqIgthR8uokVYbzSRwqPEnxyNbpbU8WdqwK0Uj-C9THlZvqLPBqZS0RSE2hVajiAR4XoR3NXcHWax46VTagFfZu_D_LjCg1CbBpw.mp4?_nc_cat=110&_nc_oc=AdmLNLTZo97Na2Mf9yU-NLyG2VUItLQolz_G8mPYpvSRMrFXQ-I9gvhlTc9pDOf2OQA&_nc_sid=5e9851&_nc_ht=instagram.fhan4-3.fna.fbcdn.net&_nc_ohc=x6DskJBWAasQ7kNvwEoX9x3&efg=eyJ2ZW5jb2RlX3RhZyI6Inhwdl9wcm9ncmVzc2l2ZS5JTlNUQUdSQU0uRkVFRC5DMy4xMjgwLmRhc2hfYmFzZWxpbmVfMV92MSIsInhwdl9hc3NldF9pZCI6MjQ4OTE2ODUxMjM3OTYzNTYsImFzc2V0X2FnZV9kYXlzIjo5MiwidmlfdXNlY2FzZV9pZCI6MTAxNjQsImR1cmF0aW9uX3MiOjQ3LCJ1cmxnZW5fc291cmNlIjoid3d3In0%3D&ccb=17-1&_nc_gid=41q3A8uM_l3EIMos3SwscQ&_nc_zt=28&vs=a2dfa0ec55a0bf0&_nc_vs=HBksFQIYTGlnX2JhY2tmaWxsX3RpbWVsaW5lX3ZvZC82NDQzMTBGNjcxNDQzRUNERDlFQ0JDQjZENUJENUM4Rl92aWRlb19kYXNoaW5pdC5tcDQVAALIARIAFQIYOnBhc3N0aHJvdWdoX2V2ZXJzdG9yZS9HQTNNdVNHV2lEaWhNT1lDQU5pSlNMMlU0a2RnYnNwVEFRQUYVAgLIARIAKAAYABsCiAd1c2Vfb2lsATEScHJvZ3Jlc3NpdmVfcmVjaXBlATEVAAAmiLbRmuK2t1gVAigCQzMsF0BHu6XjU_fPGBJkYXNoX2Jhc2VsaW5lXzFfdjERAHXqB2XongEA&oh=00_Afoe4ygKxv5oKTsd6nz8fbcB3UmrX_m9r9kYWZFaNPjJdw&oe=696929DE']",,https://www.threads.net/@cagovernor/post/DPxI2ftjQWA,[],"{'likes': 57955, 'reposts': 5712, 'quotes': 206}",threads,3742811694595638656,Governor Gavin Newsom,,"Donald Trump is a wartime president.

War on women.
War on voting rights.
War on Latinos.
War on California.
War on institutions.
War on history.",threads,63068973319,cagovernor
[],2026-01-14T16:27:37.161893+07:00,"Prove me wrong?? 🤷🏻‍♀️ Imagine fighting during the “War on Terror” and then seeing a member of Al-Qaeda speak at the United Nations in New York City…

We are living inside of a scripted world my friends. Wake up.

#afghanistan #middleeast #newyorkcity #unitednations #trump #usatiktok🇺🇸 #fypシ",2025-10-04T01:23:07+07:00,,3735411608970330915,threads,threads.com,threads_crawler_v1,https://www.threads.net/@booksbehindborders/post/DPW2RE6jAMj,https://instagram.fhan4-1.fna.fbcdn.net/v/t51.2885-19/541953027_17879745642390185_5032471586705352952_n.jpg?stp=dst-jpg_s150x150_tt6&efg=eyJ2ZW5jb2RlX3RhZyI6InByb2ZpbGVfcGljLmRqYW5nby4xMDgwLmMyIn0&_nc_ht=instagram.fhan4-1.fna.fbcdn.net&_nc_cat=105&_nc_oc=Q6cZ2QHO1hDvymMrXPv_m7v0lE-TnMmyrthrjWReIg0RENIJZb6qsigEz3WAe3Zkka1GVSI&_nc_ohc=pqlS39tXq50Q7kNvwH4rLgV&_nc_gid=xV_l7LMdZ-Nk3rPaz3GYmg&edm=AJhczIQBAAAA&ccb=7-5&oh=00_Afo0RJzRAuoA7eHe6NSW7ccyBT3E8GqERq7jLayRfb1cig&oe=696D2D3D&_nc_sid=4a2096,346,0,2801,574,0,"['https://instagram.fhan4-1.fna.fbcdn.net/v/t51.2885-15/559942792_17883054417390185_2474311266376923549_n.jpg?stp=dst-jpg_e15_tt6&efg=eyJ2ZW5jb2RlX3RhZyI6InRocmVhZHMuRkVFRC5pbWFnZV91cmxnZW4uMTIwNngyMTQ0LnNkci5mODI3ODcuZGVmYXVsdF9jb3Zlcl9mcmFtZS5jMiJ9&_nc_ht=instagram.fhan4-1.fna.fbcdn.net&_nc_cat=105&_nc_oc=Q6cZ2QHO1hDvymMrXPv_m7v0lE-TnMmyrthrjWReIg0RENIJZb6qsigEz3WAe3Zkka1GVSI&_nc_ohc=4WSGAzklG9cQ7kNvwEDwCQY&_nc_gid=xV_l7LMdZ-Nk3rPaz3GYmg&edm=AJhczIQBAAAA&ccb=7-5&ig_cache_key=MzczNTQxMTYwODk3MDMzMDkxNQ%3D%3D.3-ccb7-5&oh=00_AfpJ8PVzyb7sX5B91Rzt37SM4EPqGtqqHfDsFcosbno_5g&oe=696D3C86&_nc_sid=4a2096', 'https://instagram.fhan4-1.fna.fbcdn.net/o1/v/t2/f2/m86/AQOxizAQLjHMVT6HFRvEKAmmIbcFjxIUy_7Ak-4-ca715gAgD9MWjfdZNHDeN-Hg7wbQ3TVDzq9Utis1E-zXRbpdBrKa3ZzNEWsdXC4.mp4?_nc_cat=105&_nc_oc=AdlYAzi8FlyCRYHd14hcvY-3-_Yw4mKZuNydDn0KetJ2OVt9WIBLYql4-VBdDucAeVk&_nc_sid=5e9851&_nc_ht=instagram.fhan4-1.fna.fbcdn.net&_nc_ohc=XMhw_qaVJuYQ7kNvwHMR7OQ&efg=eyJ2ZW5jb2RlX3RhZyI6Inhwdl9wcm9ncmVzc2l2ZS5JTlNUQUdSQU0uRkVFRC5DMy43MjAuZGFzaF9iYXNlbGluZV8xX3YxIiwieHB2X2Fzc2V0X2lkIjoxODkxMjkzMTk4NDc5MTAyLCJhc3NldF9hZ2VfZGF5cyI6MTAyLCJ2aV91c2VjYXNlX2lkIjoxMDA5OSwiZHVyYXRpb25fcyI6MTY3LCJ1cmxnZW5fc291cmNlIjoid3d3In0%3D&ccb=17-1&_nc_gid=xV_l7LMdZ-Nk3rPaz3GYmg&_nc_zt=28&vs=5302b36a09e552e9&_nc_vs=HBksFQIYUmlnX3hwdl9yZWVsc19wZXJtYW5lbnRfc3JfcHJvZC83QTREMjE2Q0U2NERGQkE4ODgzRDQ2QjFGNEJDRTU4Ml92aWRlb19kYXNoaW5pdC5tcDQVAALIARIAFQIYR2lnX3hwdl9yZWVsc19wZXJtYW5lbnRfc3JfcHJvZC8xMTY1MDY3MTEyMTgzNjg0XzQ2Mjg0ODQ4NDEwNjkyODEzNTUubXA0FQICyAESACgAGAAbAogHdXNlX29pbAExEnByb2dyZXNzaXZlX3JlY2lwZQExFQAAJvy7l7Tgh9wGFQIoAkMzLBdAZOzMzMzMzRgSZGFzaF9iYXNlbGluZV8xX3YxEQB16gdl5p0BAA&oh=00_Afp6IQT8dmRJ-GpLM0-kWvV1ogEerTfx-CLK9OCoyL-otA&oe=6969462A']",,https://www.threads.net/@booksbehindborders/post/DPW2RE6jAMj,[],"{'likes': 2801, 'reposts': 531, 'quotes': 43}",threads,3735411608970330915,Maddie Hillman,,"Prove me wrong?? 🤷🏻‍♀️ Imagine fighting during the “War on Terror” and then seeing a member of Al-Qaeda speak at the United Nations in New York City…

We are living inside of a scripted world my friends. Wake up.

#afghanistan #middleeast #newyorkcity #unitednations #trump #usatiktok🇺🇸 #fypシ",threads,71556182453,booksbehindborders
[],2026-01-14T16:27:37.161926+07:00,"""Mẹ ơi cho con tiền đi concert Bigbang""
""Nhà mình có Bigbang rồi mà con""
University war",2025-01-14T09:55:59+07:00,,3545053630460254067,threads,threads.com,threads_crawler_v1,https://www.threads.net/@hynonnnnnn/post/DEyj36RStdz,https://instagram.fhan4-5.fna.fbcdn.net/v/t51.2885-19/472497044_1633876533876170_2827704017479614153_n.jpg?stp=dst-jpg_s150x150_tt6&efg=eyJ2ZW5jb2RlX3RhZyI6InByb2ZpbGVfcGljLmRqYW5nby4xMDgwLmMyIn0&_nc_ht=instagram.fhan4-5.fna.fbcdn.net&_nc_cat=102&_nc_oc=Q6cZ2QHO1hDvymMrXPv_m7v0lE-TnMmyrthrjWReIg0RENIJZb6qsigEz3WAe3Zkka1GVSI&_nc_ohc=yl95yGTw0BEQ7kNvwE8mNgb&_nc_gid=xV_l7LMdZ-Nk3rPaz3GYmg&edm=AJhczIQBAAAA&ccb=7-5&oh=00_AfqVMY6bVr-e87DJigQDAyeobCC2Tq-y4KynLuhWfT5WAw&oe=696D2F0A&_nc_sid=4a2096,5,0,474,55,0,"['https://instagram.fhan4-5.fna.fbcdn.net/v/t51.2885-15/473679295_634200925608531_6441720991145200258_n.jpg?stp=dst-jpg_e15_tt6&efg=eyJ2ZW5jb2RlX3RhZyI6InRocmVhZHMuRkVFRC5pbWFnZV91cmxnZW4uNjQweDM1OC5zZHIuZjcxODc4LmRlZmF1bHRfY292ZXJfZnJhbWUuYzIifQ&_nc_ht=instagram.fhan4-5.fna.fbcdn.net&_nc_cat=103&_nc_oc=Q6cZ2QHO1hDvymMrXPv_m7v0lE-TnMmyrthrjWReIg0RENIJZb6qsigEz3WAe3Zkka1GVSI&_nc_ohc=iOzm3_4RF8MQ7kNvwFBVEUP&_nc_gid=xV_l7LMdZ-Nk3rPaz3GYmg&edm=AJhczIQBAAAA&ccb=7-5&ig_cache_key=MzU0NTA1MzYzMDQ2MDI1NDA2Nw%3D%3D.3-ccb7-5&oh=00_AfpR0lB0uOseGaADfCuBAO_mdfY23M6nJMZhO51qb0wJTw&oe=696D29FB&_nc_sid=4a2096', 'https://instagram.fhan3-3.fna.fbcdn.net/o1/v/t16/f2/m84/AQPWhUEs5VhF1V_GmRLrg2hDLJv-w3xrLHJNYX9O_8YAU5-S0Kfn-iDml2HmCloKVsvKckN3Ieotdy5zpRmUlCayahXCL0TlkIYqssM.mp4?_nc_cat=111&_nc_oc=AdmJHsKOOuC_jv16qtVP5brJrCa2WZxalFreFZx8S_ElAXIBRaZSEJPGe6suYu7eaQQ&_nc_sid=5e9851&_nc_ht=instagram.fhan3-3.fna.fbcdn.net&_nc_ohc=kX5OfviCfFwQ7kNvwGPE6hZ&efg=eyJ2ZW5jb2RlX3RhZyI6Inhwdl9wcm9ncmVzc2l2ZS5JTlNUQUdSQU0uRkVFRC5DMy44NTQuZGFzaF9iYXNlbGluZV8xX3YxIiwieHB2X2Fzc2V0X2lkIjoxMzI2NDEyNTc4NTE0NzA3LCJhc3NldF9hZ2VfZGF5cyI6MzY1LCJ2aV91c2VjYXNlX2lkIjoxMDE2NCwiZHVyYXRpb25fcyI6MzMsInVybGdlbl9zb3VyY2UiOiJ3d3cifQ%3D%3D&ccb=17-1&vs=5cbaf15575dc203&_nc_vs=HBksFQIYTGlnX2JhY2tmaWxsX3RpbWVsaW5lX3ZvZC9CRTQwRTQ1RDQyOUVBMzg5QTZDMUE5N0IyQ0FGNzRCNl92aWRlb19kYXNoaW5pdC5tcDQVAALIARIAFQIYOnBhc3N0aHJvdWdoX2V2ZXJzdG9yZS9HQ1JvTXh4SnBzZjdQemNDQUJib2Q0aHlMbm9jYmtZTEFBQUYVAgLIARIAKAAYABsCiAd1c2Vfb2lsATEScHJvZ3Jlc3NpdmVfcmVjaXBlATEVAAAmppyL6a-X2wQVAigCQzMsF0BA-ZmZmZmaGBJkYXNoX2Jhc2VsaW5lXzFfdjERAHXqB2XongEA&_nc_gid=xV_l7LMdZ-Nk3rPaz3GYmg&_nc_zt=28&oh=00_AfrD6pWgcB-gLCYUV3zs-iSnBfU8xBnFDUWl4zjzv455oA&oe=69693101']",,https://www.threads.net/@hynonnnnnn/post/DEyj36RStdz,[],"{'likes': 474, 'reposts': 54, 'quotes': 1}",threads,3545053630460254067,,University war,"""Mẹ ơi cho con tiền đi concert Bigbang""
""Nhà mình có Bigbang rồi mà con""
University war",threads,67705976866,hynonnnnnn
[],2026-01-14T16:27:37.161956+07:00,"Câu hỏi số một tôi nhận được khi là sinh viên SNU… là đã được gặp các bạn join University War bao giờ chưa 🤡
Gặp rồi nha, nhiều là đằng khác :)) đang ngồi học thì thấy dáng ai đang nằm ngủ quen quen, hoá ra là bạn đẹp zai ở mùa 1. Bạn đi dép lê mặc đồ mà mình suýt không nhận ra cơ mà :)))
Xong thỉnh thoảng ra gongcha snu là lại gặp em Gyumin mùa 2 nữa nè… xong đi date với một bạn snu thì bạn này là anh trai của một bạn cũng join uni war nhưng trường khác…
Thế giới tròn lắm",2025-12-13T18:51:55+07:00,,3786673804375326144,threads,threads.com,threads_crawler_v1,https://www.threads.net/@cest.hana_/post/DSM98MuEX3A,https://instagram.fhan4-3.fna.fbcdn.net/v/t51.2885-19/607638501_17885939073413338_3178533549762490309_n.jpg?stp=dst-jpg_s150x150_tt6&efg=eyJ2ZW5jb2RlX3RhZyI6InByb2ZpbGVfcGljLmRqYW5nby45NjAuYzIifQ&_nc_ht=instagram.fhan4-3.fna.fbcdn.net&_nc_cat=110&_nc_oc=Q6cZ2QHO1hDvymMrXPv_m7v0lE-TnMmyrthrjWReIg0RENIJZb6qsigEz3WAe3Zkka1GVSI&_nc_ohc=4_DMmYwyUjcQ7kNvwHNBw75&_nc_gid=xV_l7LMdZ-Nk3rPaz3GYmg&edm=AJhczIQBAAAA&ccb=7-5&oh=00_AfpyObOymBTYZAW6nHFcDJsBcHRvCa-KRmbsYdVrTKGaYg&oe=696D1914&_nc_sid=4a2096,2,0,526,21,0,['https://instagram.fhan4-3.fna.fbcdn.net/v/t51.2885-15/590401089_17884411485413338_7240693839260513402_n.jpg?stp=dst-jpg_e35_tt6&efg=eyJ2ZW5jb2RlX3RhZyI6InRocmVhZHMuQ0FST1VTRUxfSVRFTS5pbWFnZV91cmxnZW4uMTQ0MHgyMTYwLnNkci5mODI3ODcuZGVmYXVsdF9pbWFnZS5jMiJ9&_nc_ht=instagram.fhan4-3.fna.fbcdn.net&_nc_cat=110&_nc_oc=Q6cZ2QHO1hDvymMrXPv_m7v0lE-TnMmyrthrjWReIg0RENIJZb6qsigEz3WAe3Zkka1GVSI&_nc_ohc=KcGeqwnumRMQ7kNvwFGgPHh&_nc_gid=xV_l7LMdZ-Nk3rPaz3GYmg&edm=AJhczIQBAAAA&ccb=7-5&ig_cache_key=Mzc4NjY3MzgwMDU0MTcwNTYzMg%3D%3D.3-ccb7-5&oh=00_AfpACGnhF2yY_SDDLHuM0Y_CE-JugpyROlVGxYoLJDZ2tA&oe=696D3A5F&_nc_sid=4a2096'],,https://www.threads.net/@cest.hana_/post/DSM98MuEX3A,[],"{'likes': 526, 'reposts': 18, 'quotes': 3}",threads,3786673804375326144,hana,duhochan,"Câu hỏi số một tôi nhận được khi là sinh viên SNU… là đã được gặp các bạn join University War bao giờ chưa 🤡
Gặp rồi nha, nhiều là đằng khác :)) đang ngồi học thì thấy dáng ai đang nằm ngủ quen quen, hoá ra là bạn đẹp zai ở mùa 1. Bạn đi dép lê mặc đồ mà mình suýt không nhận ra cơ mà :)))
Xong thỉnh thoảng ra gongcha snu là lại gặp em Gyumin mùa 2 nữa nè… xong đi date với một bạn snu thì bạn này là anh trai của một bạn cũng join uni war nhưng trường khác…
Thế giới tròn lắm",threads,72449637337,cest.hana_
[],2026-01-14T16:27:37.162014+07:00,God of war new wallpapers,2025-11-27T15:13:32+07:00,,3774967478398198496,threads,threads.com,threads_crawler_v1,https://www.threads.net/@infeterkamal/post/DRjYOvEk6Lg,https://instagram.fhan3-3.fna.fbcdn.net/v/t51.2885-19/613089818_17912477061273023_701350530438344350_n.jpg?stp=dst-jpg_s150x150_tt6&efg=eyJ2ZW5jb2RlX3RhZyI6InByb2ZpbGVfcGljLmRqYW5nby4xMDgwLmMyIn0&_nc_ht=instagram.fhan3-3.fna.fbcdn.net&_nc_cat=1&_nc_oc=Q6cZ2QHO1hDvymMrXPv_m7v0lE-TnMmyrthrjWReIg0RENIJZb6qsigEz3WAe3Zkka1GVSI&_nc_ohc=gHtFLhpFEXEQ7kNvwHIrbF5&_nc_gid=xV_l7LMdZ-Nk3rPaz3GYmg&edm=AJhczIQBAAAA&ccb=7-5&oh=00_Afoaxl6BEfGn7SECuSNZhqtlrLCaoW9GAjtJolmu0xUqoQ&oe=696D26CA&_nc_sid=4a2096,2,0,495,29,0,['https://instagram.fhan3-3.fna.fbcdn.net/v/t51.2885-15/588541637_17907280461273023_2300943620195567832_n.jpg?stp=dst-jpg_e15_tt6&efg=eyJ2ZW5jb2RlX3RhZyI6InRocmVhZHMuQ0FST1VTRUxfSVRFTS5pbWFnZV91cmxnZW4uNzIweDEwMjIuc2RyLmY4Mjc4Ny5kZWZhdWx0X2NvdmVyX2ZyYW1lLmMyIn0&_nc_ht=instagram.fhan3-3.fna.fbcdn.net&_nc_cat=111&_nc_oc=Q6cZ2QHO1hDvymMrXPv_m7v0lE-TnMmyrthrjWReIg0RENIJZb6qsigEz3WAe3Zkka1GVSI&_nc_ohc=Ju5BQajRZM0Q7kNvwEb9Y4A&_nc_gid=xV_l7LMdZ-Nk3rPaz3GYmg&edm=AJhczIQBAAAA&ccb=7-5&ig_cache_key=Mzc3NDk2NzQwNDYwMzU5ODQ2Ng%3D%3D.3-ccb7-5&oh=00_Afp0gxIyNRrFtRmdR8aaX7pv0hHFIsrGtYeOp16G-vASYw&oe=696D2DBF&_nc_sid=4a2096'],,https://www.threads.net/@infeterkamal/post/DRjYOvEk6Lg,[],"{'likes': 495, 'reposts': 28, 'quotes': 1}",threads,3774967478398198496,Infeter Kamal,wallpaper,God of war new wallpapers,threads,68351761022,infeterkamal
[],2026-01-14T16:27:37.162068+07:00,Not a single person voted for war with Venezuela.,2026-01-03T14:12:40+07:00,,3801753540574995845,threads,threads.com,threads_crawler_v1,https://www.threads.net/@greenberg5784/post/DTCirPdjmWF,https://instagram.fhan4-5.fna.fbcdn.net/v/t51.2885-19/357998328_229437173246606_260017923003894222_n.jpg?stp=dst-jpg_s150x150_tt6&efg=eyJ2ZW5jb2RlX3RhZyI6InByb2ZpbGVfcGljLmRqYW5nby4yMDAuYzIifQ&_nc_ht=instagram.fhan4-5.fna.fbcdn.net&_nc_cat=102&_nc_oc=Q6cZ2QHO1hDvymMrXPv_m7v0lE-TnMmyrthrjWReIg0RENIJZb6qsigEz3WAe3Zkka1GVSI&_nc_ohc=rcrgOAMxvmgQ7kNvwGv02Eu&_nc_gid=xV_l7LMdZ-Nk3rPaz3GYmg&edm=AJhczIQBAAAA&ccb=7-5&oh=00_AfonUigAsraI--q9XKmz2S2gq-z29ScIgj0nb5NXXcoa7g&oe=696D2DAB&_nc_sid=4a2096,451,0,817,43,0,[],,https://www.threads.net/@greenberg5784/post/DTCirPdjmWF,[],"{'likes': 817, 'reposts': 43, 'quotes': 0}",threads,3801753540574995845,Matt Greenberg,Venezuela,Not a single person voted for war with Venezuela.,threads,63440223704,greenberg5784
[],2026-01-14T16:27:37.162125+07:00,"BMF?
16+ only pls 
Always tired, but often awake...
I really like to play DnD, League of Legends, and strategy games! I'm also a big fan of roleplaying, reading and creative writing! Rehabilitated WarThunder player btw
Socially inept so please take care of me.
I ALSO LOVE UMAMUSUME QwQ
just add me on discord: rinzenmate",2025-11-27T19:35:52+07:00,,3775099510751221349,threads,threads.com,threads_crawler_v1,https://www.threads.net/@puregem.redherring/post/DRj2QDyE9Zl,https://instagram.fhan3-4.fna.fbcdn.net/v/t51.2885-19/587473963_17875817520443380_391001187889926136_n.jpg?stp=dst-jpg_s150x150_tt6&efg=eyJ2ZW5jb2RlX3RhZyI6InByb2ZpbGVfcGljLmRqYW5nby42ODAuYzIifQ&_nc_ht=instagram.fhan3-4.fna.fbcdn.net&_nc_cat=104&_nc_oc=Q6cZ2QHO1hDvymMrXPv_m7v0lE-TnMmyrthrjWReIg0RENIJZb6qsigEz3WAe3Zkka1GVSI&_nc_ohc=NRjE86wT-5wQ7kNvwFHA70F&_nc_gid=xV_l7LMdZ-Nk3rPaz3GYmg&edm=AJhczIQBAAAA&ccb=7-5&oh=00_AfoQFzDZl7bblN_kkXEQaBSjGvJKYUMF_HadOFpR5N_8AA&oe=696D1D88&_nc_sid=4a2096,6,0,13,0,0,[],,https://www.threads.net/@puregem.redherring/post/DRj2QDyE9Zl,[],"{'likes': 13, 'reposts': 0, 'quotes': 0}",threads,3775099510751221349,Rin Alekseevna Ashen,,"BMF?
16+ only pls 
Always tired, but often awake...
I really like to play DnD, League of Legends, and strategy games! I'm also a big fan of roleplaying, reading and creative writing! Rehabilitated WarThunder player btw
Socially inept so please take care of me.
I ALSO LOVE UMAMUSUME QwQ
just add me on discord: rinzenmate",threads,73377019379,puregem.redherring
[],2026-01-14T16:27:37.162170+07:00,"“Communism always fails”

Who won the Vietnam War 😌",2025-10-31T21:43:55+07:00,,3755595014777778426,threads,threads.com,threads_crawler_v1,https://www.threads.net/@mikeymcdowell/post/DQejcSYDrD6,https://instagram.fhan3-3.fna.fbcdn.net/v/t51.2885-19/502361426_17920755216098281_9129226195350751283_n.jpg?stp=dst-jpg_s150x150_tt6&efg=eyJ2ZW5jb2RlX3RhZyI6InByb2ZpbGVfcGljLmRqYW5nby4xMDgwLmMyIn0&_nc_ht=instagram.fhan3-3.fna.fbcdn.net&_nc_cat=101&_nc_oc=Q6cZ2QHO1hDvymMrXPv_m7v0lE-TnMmyrthrjWReIg0RENIJZb6qsigEz3WAe3Zkka1GVSI&_nc_ohc=rpIjlSYF_poQ7kNvwFaS0YY&_nc_gid=xV_l7LMdZ-Nk3rPaz3GYmg&edm=AJhczIQBAAAA&ccb=7-5&oh=00_AfrTf20i9GxeXWpA74SwphoHIUSo8Ug3t-PL01rRIOQQpQ&oe=696D2856&_nc_sid=4a2096,741,0,399,19,0,[],,https://www.threads.net/@mikeymcdowell/post/DQejcSYDrD6,[],"{'likes': 399, 'reposts': 18, 'quotes': 1}",threads,3755595014777778426,Mikey McDowell II,,"“Communism always fails”

Who won the Vietnam War 😌",threads,63085170280,mikeymcdowell
[],2026-01-14T16:27:37.162211+07:00,"cũng mấy anh chị nonfan chê nó mem chìm không nổi bật không viral nonfan cho đã xong nó viral được một ngày fan chưa kịp mừng đã thấy mấy anh chị nonfan kick war hộ nó để nó ăn chửi cho vui nhà vui cửa 🥹 quý hoá quá ạ, tấm lòng của mấy anh chị mấy nhỏ les này đéo dám nhận đâu ạ.

chính mấy nhỏ les hiểu rõ nhất cảm giác bias bị đạp xuống là ntn nên đ thể ngửi nổi đứa nào đi làm vậy với mđ nhỏ còn lại, hay là cm đéo nhớ “mem chìm nhất nhóm”, “bias wrecker mạnh nhất lịch sử”, còn t đ quên được.",2025-12-16T21:32:03+07:00,,3788928723560451868,threads,threads.com,threads_crawler_v1,https://www.threads.net/@_12thjul/post/DSU-pl3GE8c,https://instagram.fhan4-3.fna.fbcdn.net/v/t51.2885-19/611271868_17858534952591516_6374066592826894192_n.jpg?stp=dst-jpg_s150x150_tt6&efg=eyJ2ZW5jb2RlX3RhZyI6InByb2ZpbGVfcGljLmRqYW5nby43MzQuYzIifQ&_nc_ht=instagram.fhan4-3.fna.fbcdn.net&_nc_cat=100&_nc_oc=Q6cZ2QHO1hDvymMrXPv_m7v0lE-TnMmyrthrjWReIg0RENIJZb6qsigEz3WAe3Zkka1GVSI&_nc_ohc=1Ig14YAqhhUQ7kNvwH9xj85&_nc_gid=xV_l7LMdZ-Nk3rPaz3GYmg&edm=AJhczIQBAAAA&ccb=7-5&oh=00_AfpWLFwRPVfT_Wh48dgBiJzlH2F4n2DPuiMlM5JpFG9AJA&oe=696D36EF&_nc_sid=4a2096,72,0,437,75,0,[],,https://www.threads.net/@_12thjul/post/DSU-pl3GE8c,[],"{'likes': 437, 'reposts': 73, 'quotes': 2}",threads,3788928723560451868,nene chan,,"cũng mấy anh chị nonfan chê nó mem chìm không nổi bật không viral nonfan cho đã xong nó viral được một ngày fan chưa kịp mừng đã thấy mấy anh chị nonfan kick war hộ nó để nó ăn chửi cho vui nhà vui cửa 🥹 quý hoá quá ạ, tấm lòng của mấy anh chị mấy nhỏ les này đéo dám nhận đâu ạ.

chính mấy nhỏ les hiểu rõ nhất cảm giác bias bị đạp xuống là ntn nên đ thể ngửi nổi đứa nào đi làm vậy với mđ nhỏ còn lại, hay là cm đéo nhớ “mem chìm nhất nhóm”, “bias wrecker mạnh nhất lịch sử”, còn t đ quên được.",threads,77676575515,_12thjul
[],2026-01-14T16:27:37.162244+07:00,"There has never been a war in history where 80% of the country has been destroyed, 100% of the population displaced, and 50% of the deaths children.

Call it what it is: GENOCIDE.",2026-01-07T02:17:07+07:00,,3804292499167370404,threads,threads.com,threads_crawler_v1,https://www.threads.net/@mhdksafa/post/DTLj986jdyk,https://instagram.fhan3-3.fna.fbcdn.net/v/t51.2885-19/476499833_1078727950605569_6775725023668856117_n.jpg?stp=dst-jpg_s150x150_tt6&efg=eyJ2ZW5jb2RlX3RhZyI6InByb2ZpbGVfcGljLmRqYW5nby42NDAuYzIifQ&_nc_ht=instagram.fhan3-3.fna.fbcdn.net&_nc_cat=1&_nc_oc=Q6cZ2QHO1hDvymMrXPv_m7v0lE-TnMmyrthrjWReIg0RENIJZb6qsigEz3WAe3Zkka1GVSI&_nc_ohc=TGIDFwi8iF4Q7kNvwHz7NxU&_nc_gid=xV_l7LMdZ-Nk3rPaz3GYmg&edm=AJhczIQBAAAA&ccb=7-5&oh=00_AfpyjfRGhKh63W0oTqGfhj9c7wi9SDOKTifq8hpDgaOhFA&oe=696D3642&_nc_sid=4a2096,638,0,19800,2555,0,['https://instagram.fhan4-5.fna.fbcdn.net/v/t51.2885-15/611216257_17935616418112995_7463685527934873230_n.jpg?stp=dst-jpg_e35_tt6&efg=eyJ2ZW5jb2RlX3RhZyI6InRocmVhZHMuRkVFRC5pbWFnZV91cmxnZW4uMTAyNHg2NDAuc2RyLmY4Mjc4Ny5kZWZhdWx0X2ltYWdlLmMyIn0&_nc_ht=instagram.fhan4-5.fna.fbcdn.net&_nc_cat=103&_nc_oc=Q6cZ2QHO1hDvymMrXPv_m7v0lE-TnMmyrthrjWReIg0RENIJZb6qsigEz3WAe3Zkka1GVSI&_nc_ohc=iYJbXnVctDcQ7kNvwG6x4z-&_nc_gid=xV_l7LMdZ-Nk3rPaz3GYmg&edm=AJhczIQBAAAA&ccb=7-5&ig_cache_key=MzgwNDI5MjQ5OTE2NzM3MDQwNA%3D%3D.3-ccb7-5&oh=00_Afq1nNp1Kb5ujRkRXnVThLHwBQ2CV36sh_W9h_jv556RuA&oe=696D4F10&_nc_sid=4a2096'],,https://www.threads.net/@mhdksafa/post/DTLj986jdyk,[],"{'likes': 19800, 'reposts': 2492, 'quotes': 63}",threads,3804292499167370404,mohamad Safa,,"There has never been a war in history where 80% of the country has been destroyed, 100% of the population displaced, and 50% of the deaths children.

Call it what it is: GENOCIDE.",threads,63436336994,mhdksafa
[],2026-01-14T16:27:37.162276+07:00,So if Gov. Walz activates the MN National Guard and they end up fighting with ICE agents does that mean we are in a Civil War?,2026-01-08T04:00:09+07:00,,3805069128659846201,threads,threads.com,threads_crawler_v1,https://www.threads.net/@other98/post/DTOUjZfk0Q5,https://instagram.fhan3-2.fna.fbcdn.net/v/t51.2885-19/531067478_17921935293108919_7447504740150520616_n.jpg?stp=dst-jpg_s150x150_tt6&efg=eyJ2ZW5jb2RlX3RhZyI6InByb2ZpbGVfcGljLmRqYW5nby4xMDgwLmMyIn0&_nc_ht=instagram.fhan3-2.fna.fbcdn.net&_nc_cat=107&_nc_oc=Q6cZ2QHO1hDvymMrXPv_m7v0lE-TnMmyrthrjWReIg0RENIJZb6qsigEz3WAe3Zkka1GVSI&_nc_ohc=BSYGeOqbYRoQ7kNvwFRk07b&_nc_gid=xV_l7LMdZ-Nk3rPaz3GYmg&edm=AJhczIQBAAAA&ccb=7-5&oh=00_AfqfZe-taGLmM3dEv3XXZe0B9DfdTVaVZsdIczdyESQR-g&oe=696D2EC7&_nc_sid=4a2096,754,0,10180,260,0,[],,https://www.threads.net/@other98/post/DTOUjZfk0Q5,[],"{'likes': 10180, 'reposts': 238, 'quotes': 22}",threads,3805069128659846201,The Other 98%,,So if Gov. Walz activates the MN National Guard and they end up fighting with ICE agents does that mean we are in a Civil War?,threads,63138060918,other98
[],2026-01-14T16:27:37.162319+07:00,What is actually being done to Russia right now…  #ukraine🇺🇦 #war #petrol #europe #news,2025-09-09T07:22:22+07:00,,3717473031079169929,threads,threads.com,threads_crawler_v1,https://www.threads.net/@geohussar/post/DOXHgaXkY-J,https://instagram.fhan3-4.fna.fbcdn.net/v/t51.2885-19/358788663_278235818194120_8401815979589808011_n.jpg?stp=dst-jpg_s150x150_tt6&efg=eyJ2ZW5jb2RlX3RhZyI6InByb2ZpbGVfcGljLmRqYW5nby4xMDgwLmMyIn0&_nc_ht=instagram.fhan3-4.fna.fbcdn.net&_nc_cat=104&_nc_oc=Q6cZ2QHO1hDvymMrXPv_m7v0lE-TnMmyrthrjWReIg0RENIJZb6qsigEz3WAe3Zkka1GVSI&_nc_ohc=J0e0PiqGN0EQ7kNvwGU8tpP&_nc_gid=xV_l7LMdZ-Nk3rPaz3GYmg&edm=AJhczIQBAAAA&ccb=7-5&oh=00_AfpvpTVziWcK_YW9rNhEbihy1ZUAfOYzppOfKZ4HRyKqWQ&oe=696D4546&_nc_sid=4a2096,29,0,472,39,0,"['https://instagram.fhan4-3.fna.fbcdn.net/v/t51.2885-15/546482259_757523300484574_4478468521678759712_n.jpg?stp=dst-jpg_e15_tt6&efg=eyJ2ZW5jb2RlX3RhZyI6InRocmVhZHMuRkVFRC5pbWFnZV91cmxnZW4uNjQweDExMzYuc2RyLmY3MTg3OC5kZWZhdWx0X2NvdmVyX2ZyYW1lLmMyIn0&_nc_ht=instagram.fhan4-3.fna.fbcdn.net&_nc_cat=110&_nc_oc=Q6cZ2QHO1hDvymMrXPv_m7v0lE-TnMmyrthrjWReIg0RENIJZb6qsigEz3WAe3Zkka1GVSI&_nc_ohc=v5mxHS-9kqYQ7kNvwHv0uQj&_nc_gid=xV_l7LMdZ-Nk3rPaz3GYmg&edm=AJhczIQBAAAA&ccb=7-5&ig_cache_key=MzcxNzQ3MzAzMTA3OTE2OTkyOQ%3D%3D.3-ccb7-5&oh=00_AfopKp3bQwILgySEz9JXIKplvoj1Dqbq3b2bcDn5T_u6Ng&oe=696D4171&_nc_sid=4a2096', 'https://instagram.fhan4-6.fna.fbcdn.net/o1/v/t2/f2/m86/AQNFkNsQbQXaj8wVrNSxPslGFIZdYdgvIYLNpWauxjndoAFBqB_nKMJ23qI_ONVJRXgZBG6g-GADm7geRW_HtSv-XgYEWCYirrnCRA4.mp4?_nc_cat=109&_nc_oc=AdkxhWXd6vj6hKLAClrhzCNi3K-ROvA9NJUPTTKsJ5KwgjCJSY4iMox08ommBIK-su0&_nc_sid=5e9851&_nc_ht=instagram.fhan4-6.fna.fbcdn.net&_nc_ohc=3yoXG2dQJ9UQ7kNvwFdeyan&efg=eyJ2ZW5jb2RlX3RhZyI6Inhwdl9wcm9ncmVzc2l2ZS5JTlNUQUdSQU0uRkVFRC5DMy43MjAuZGFzaF9iYXNlbGluZV8xX3YxIiwieHB2X2Fzc2V0X2lkIjoxNTEyMTkwOTQ2NjIxMjAzLCJhc3NldF9hZ2VfZGF5cyI6MTI3LCJ2aV91c2VjYXNlX2lkIjoxMDA5OSwiZHVyYXRpb25fcyI6Mjk3LCJ1cmxnZW5fc291cmNlIjoid3d3In0%3D&ccb=17-1&_nc_gid=xV_l7LMdZ-Nk3rPaz3GYmg&_nc_zt=28&vs=184bc8bc79b4919f&_nc_vs=HBksFQIYUmlnX3hwdl9yZWVsc19wZXJtYW5lbnRfc3JfcHJvZC8xMzRGQzM0Q0M2REQxMkVFMzM3QUJEOEVBNTVEQTNBMl92aWRlb19kYXNoaW5pdC5tcDQVAALIARIAFQIYRmlnX3hwdl9yZWVsc19wZXJtYW5lbnRfc3JfcHJvZC83NjI0NzA0NjMzNDU1NjNfNDk4NDc4NTUyNTQ5NTY3MTMwMy5tcDQVAgLIARIAKAAYABsCiAd1c2Vfb2lsATEScHJvZ3Jlc3NpdmVfcmVjaXBlATEVAAAmptylw4zVrwUVAigCQzMsF0BykIcrAgxKGBJkYXNoX2Jhc2VsaW5lXzFfdjERAHXqB2XmnQEA&oh=00_AfrkG6A7lPJVNyJ7LKDd9kjOksDkAisBufo_0m2OXfXmuw&oe=69695596']",,https://www.threads.net/@geohussar/post/DOXHgaXkY-J,[],"{'likes': 472, 'reposts': 36, 'quotes': 3}",threads,3717473031079169929,Geo Hussar,,What is actually being done to Russia right now…  #ukraine🇺🇦 #war #petrol #europe #news,threads,63212447891,geohussar
[],2026-01-14T16:27:37.162354+07:00,"World War II: Human Losses by Country

1) 🇷🇺 Soviet Union - 25,285,000 
2) 🇩🇪 Germany - 8,800,000 
3) 🇨🇳 China - 7,850,000 
4) 🇵🇱 Poland - 5,800,000 
5) 🇳🇱 Dutch East Indies - 4,000,000 
6) 🇯🇵 Japan - 3,100,000 
7) 🇮🇳 India (under British Raj) - 2,500,000 
8) 🇻🇳 Vietnam - 1,500,000 
9) 🇷🇸 Yugoslavia - 1,000,000 
10) 🇵🇭 Philippines - 1,000,000 
11) 🇷🇴 Romania - 833,000 
12) 🇬🇷 Greece - 800,000 
13) 🇭🇺 Hungary - 580,000 
14) 🇫🇷 France - 567,600 
🧵🧵",2026-01-06T11:35:57+07:00,,3803848992405580801,threads,threads.com,threads_crawler_v1,https://www.threads.net/@thedataofeverything/post/DTJ_IFDj-wB,https://instagram.fhan4-3.fna.fbcdn.net/v/t51.2885-19/554761614_17849313711563376_7658921241629420889_n.jpg?stp=dst-jpg_s150x150_tt6&efg=eyJ2ZW5jb2RlX3RhZyI6InByb2ZpbGVfcGljLmRqYW5nby4xMDgwLmMyIn0&_nc_ht=instagram.fhan4-3.fna.fbcdn.net&_nc_cat=100&_nc_oc=Q6cZ2QHO1hDvymMrXPv_m7v0lE-TnMmyrthrjWReIg0RENIJZb6qsigEz3WAe3Zkka1GVSI&_nc_ohc=wK557sJLFBYQ7kNvwEFw7ji&_nc_gid=xV_l7LMdZ-Nk3rPaz3GYmg&edm=AJhczIQBAAAA&ccb=7-5&oh=00_Afpis-fjEZO_8nyTNpqfz_rIbYVzig_kxUoOytpzUuy-2A&oe=696D4B6E&_nc_sid=4a2096,254,0,419,22,0,[],,https://www.threads.net/@thedataofeverything/post/DTJ_IFDj-wB,[],"{'likes': 419, 'reposts': 22, 'quotes': 0}",threads,3803848992405580801,The Data of Everything,,"World War II: Human Losses by Country

1) 🇷🇺 Soviet Union - 25,285,000 
2) 🇩🇪 Germany - 8,800,000 
3) 🇨🇳 China - 7,850,000 
4) 🇵🇱 Poland - 5,800,000 
5) 🇳🇱 Dutch East Indies - 4,000,000 
6) 🇯🇵 Japan - 3,100,000 
7) 🇮🇳 India (under British Raj) - 2,500,000 
8) 🇻🇳 Vietnam - 1,500,000 
9) 🇷🇸 Yugoslavia - 1,000,000 
10) 🇵🇭 Philippines - 1,000,000 
11) 🇷🇴 Romania - 833,000 
12) 🇬🇷 Greece - 800,000 
13) 🇭🇺 Hungary - 580,000 
14) 🇫🇷 France - 567,600 
🧵🧵",threads,77011235375,thedataofeverything
[],2026-01-14T16:27:37.162390+07:00,"Avengers: Doomsday leaks suggest Kang already won the Multiversal War, and Doom’s rise is the consequence. Anchor Beings like Wolverine, Franklin Richards, and Love are being targeted as reality collapses into Battleworld. Thor is broken, Iron Man may return from an altered past, and the Multiverse is already falling apart. Doom isn’t the beginning — he’s the result.
#AvengersDoomsday #MCU #SecretWars #voltv",2025-12-24T19:10:11+07:00,,3794655529353229073,threads,threads.com,threads_crawler_v1,https://www.threads.net/@voltv_01/post/DSpUxlYEjMR,https://instagram.fhan3-2.fna.fbcdn.net/v/t51.2885-19/500280772_17914102851099163_916594249632475903_n.jpg?stp=dst-jpg_s150x150_tt6&efg=eyJ2ZW5jb2RlX3RhZyI6InByb2ZpbGVfcGljLmRqYW5nby4zMTQuYzIifQ&_nc_ht=instagram.fhan3-2.fna.fbcdn.net&_nc_cat=107&_nc_oc=Q6cZ2QHO1hDvymMrXPv_m7v0lE-TnMmyrthrjWReIg0RENIJZb6qsigEz3WAe3Zkka1GVSI&_nc_ohc=P6FyroLl8CcQ7kNvwFUEcB_&_nc_gid=xV_l7LMdZ-Nk3rPaz3GYmg&edm=AJhczIQBAAAA&ccb=7-5&oh=00_AfoVEk4NusGFcLOPWhwg8nSKTneOmsoMLsTXUsrA3_X6Mg&oe=696D2067&_nc_sid=4a2096,38,0,1488,147,0,['https://instagram.fhan3-2.fna.fbcdn.net/v/t51.2885-15/606347826_17938974957099163_6639022205922768519_n.heic?stp=dst-jpg_e35_tt6&efg=eyJ2ZW5jb2RlX3RhZyI6InRocmVhZHMuQ0FST1VTRUxfSVRFTS5pbWFnZV91cmxnZW4uMTQ0MHgxODAwLnNkci5mODI3ODcuZGVmYXVsdF9pbWFnZS5jMiJ9&_nc_ht=instagram.fhan3-2.fna.fbcdn.net&_nc_cat=107&_nc_oc=Q6cZ2QHO1hDvymMrXPv_m7v0lE-TnMmyrthrjWReIg0RENIJZb6qsigEz3WAe3Zkka1GVSI&_nc_ohc=7cvybMBUbpIQ7kNvwEDBF9o&_nc_gid=xV_l7LMdZ-Nk3rPaz3GYmg&edm=AJhczIQBAAAA&ccb=7-5&ig_cache_key=Mzc5NDY1NTUwODQ2NTYwNTU3Nw%3D%3D.3-ccb7-5&oh=00_AfqdUiKXNDlsK9vEJce5vbhxZyYp-SX7fsyNQsB4oJB-8Q&oe=696D3FF7&_nc_sid=4a2096'],,https://www.threads.net/@voltv_01/post/DSpUxlYEjMR,[],"{'likes': 1488, 'reposts': 146, 'quotes': 1}",threads,3794655529353229073,VoltV,,"Avengers: Doomsday leaks suggest Kang already won the Multiversal War, and Doom’s rise is the consequence. Anchor Beings like Wolverine, Franklin Richards, and Love are being targeted as reality collapses into Battleworld. Thor is broken, Iron Man may return from an altered past, and the Multiverse is already falling apart. Doom isn’t the beginning — he’s the result.
#AvengersDoomsday #MCU #SecretWars #voltv",threads,63070907162,voltv_01
[],2026-01-14T16:27:37.162422+07:00,"He’s threatened 6 countries in two days. 
War is coming.
Wake the fuck up.",2026-01-06T07:44:59+07:00,,3803732745037932712,threads,threads.com,threads_crawler_v1,https://www.threads.net/@titusnation/post/DTJksdQgeio,https://instagram.fhan3-3.fna.fbcdn.net/v/t51.2885-19/527384521_17922760359102571_8633720587347815500_n.jpg?stp=dst-jpg_s150x150_tt6&efg=eyJ2ZW5jb2RlX3RhZyI6InByb2ZpbGVfcGljLmRqYW5nby40NDQuYzIifQ&_nc_ht=instagram.fhan3-3.fna.fbcdn.net&_nc_cat=1&_nc_oc=Q6cZ2QHO1hDvymMrXPv_m7v0lE-TnMmyrthrjWReIg0RENIJZb6qsigEz3WAe3Zkka1GVSI&_nc_ohc=WNNpSo8JeG0Q7kNvwHdjpYf&_nc_gid=xV_l7LMdZ-Nk3rPaz3GYmg&edm=AJhczIQBAAAA&ccb=7-5&oh=00_Afr1Z1xbzLv0OHPJeOZ68yHpcSA1gd-wul3J_u9m0o0jxg&oe=696D2635&_nc_sid=4a2096,633,0,26859,1589,0,[],,https://www.threads.net/@titusnation/post/DTJksdQgeio,[],"{'likes': 26859, 'reposts': 1552, 'quotes': 37}",threads,3803732745037932712,Christopher Titus,,"He’s threatened 6 countries in two days. 
War is coming.
Wake the fuck up.",threads,63085654570,titusnation
[],2026-01-14T16:27:37.162454+07:00,Do you think that ICE agent realizes he just started a civil war?,2026-01-08T04:52:35+07:00,,3805095520646613045,threads,threads.com,threads_crawler_v1,https://www.threads.net/@ellen.in.pdx/post/DTOajc8kkg1,https://instagram.fhan3-3.fna.fbcdn.net/v/t51.2885-19/480024081_667197678973511_7549275589996374117_n.jpg?stp=dst-jpg_s150x150_tt6&efg=eyJ2ZW5jb2RlX3RhZyI6InByb2ZpbGVfcGljLmRqYW5nby44NzIuYzIifQ&_nc_ht=instagram.fhan3-3.fna.fbcdn.net&_nc_cat=111&_nc_oc=Q6cZ2QHO1hDvymMrXPv_m7v0lE-TnMmyrthrjWReIg0RENIJZb6qsigEz3WAe3Zkka1GVSI&_nc_ohc=TRaHkd41TqkQ7kNvwF_LVm5&_nc_gid=xV_l7LMdZ-Nk3rPaz3GYmg&edm=AJhczIQBAAAA&ccb=7-5&oh=00_AfpCDjf8vvacST4PrBU065mlYZNnW9lFEP-xvzw-XhJL6g&oe=696D1DE3&_nc_sid=4a2096,189,0,2916,113,0,[],,https://www.threads.net/@ellen.in.pdx/post/DTOajc8kkg1,[],"{'likes': 2916, 'reposts': 113, 'quotes': 0}",threads,3805095520646613045,Ellen,,Do you think that ICE agent realizes he just started a civil war?,threads,63105680983,ellen.in.pdx
[],2026-01-14T16:27:37.162504+07:00,I really didn't expect to live in an era where World War 3 and Civil War 2 are racing to see which one kicks off first,2026-01-08T04:52:26+07:00,,3805095445903878324,threads,threads.com,threads_crawler_v1,https://www.threads.net/@honkeykong814/post/DTOaiXVjqi0,https://instagram.fhan4-3.fna.fbcdn.net/v/t51.2885-19/570610461_17927182644119650_2514838387906054048_n.jpg?stp=dst-jpg_s150x150_tt6&efg=eyJ2ZW5jb2RlX3RhZyI6InByb2ZpbGVfcGljLmRqYW5nby4xMDgwLmMyIn0&_nc_ht=instagram.fhan4-3.fna.fbcdn.net&_nc_cat=110&_nc_oc=Q6cZ2QHO1hDvymMrXPv_m7v0lE-TnMmyrthrjWReIg0RENIJZb6qsigEz3WAe3Zkka1GVSI&_nc_ohc=vcl-tIYIZzcQ7kNvwGyFKBb&_nc_gid=xV_l7LMdZ-Nk3rPaz3GYmg&edm=AJhczIQBAAAA&ccb=7-5&oh=00_Afocpy3-Z57fLe5rmzNtDEApjiXjuTdqYk64PxI2IR0pog&oe=696D3F3D&_nc_sid=4a2096,140,0,9339,653,0,[],,https://www.threads.net/@honkeykong814/post/DTOaiXVjqi0,[],"{'likes': 9339, 'reposts': 620, 'quotes': 33}",threads,3805095445903878324,Honkey Kong,,I really didn't expect to live in an era where World War 3 and Civil War 2 are racing to see which one kicks off first,threads,63391495649,honkeykong814
[],2026-01-14T16:27:37.162537+07:00,"Kyle Rittenhouse can't book a speaking engagement. 

George Zimmerman is homeless. 

Derek Chauvin was shanked 22 times in prison, barely surviving.

These men volunteered to be assassins in a culture War their side can never win. Now they find themselves cast aside by the very people who once hailed them as ""heroes"", their usefulness gone.

Yeah... They sure ""owned"" us.🙄",2026-01-06T22:40:03+07:00,,3804183245836360190,threads,threads.com,threads_crawler_v1,https://www.threads.net/@taliesingovannon/post/DTLLIG0kZn-,https://instagram.fhan3-4.fna.fbcdn.net/v/t51.2885-19/358511638_141840795594978_903824508634955368_n.jpg?stp=dst-jpg_s150x150_tt6&efg=eyJ2ZW5jb2RlX3RhZyI6InByb2ZpbGVfcGljLmRqYW5nby4xMDgwLmMyIn0&_nc_ht=instagram.fhan3-4.fna.fbcdn.net&_nc_cat=106&_nc_oc=Q6cZ2QHO1hDvymMrXPv_m7v0lE-TnMmyrthrjWReIg0RENIJZb6qsigEz3WAe3Zkka1GVSI&_nc_ohc=RPHUgtDYkNYQ7kNvwG6iN1z&_nc_gid=xV_l7LMdZ-Nk3rPaz3GYmg&edm=AJhczIQBAAAA&ccb=7-5&oh=00_Afr0XMjbA7f8Gvg5zpAiekKnwhoKXfIUIfO0uoqtimx6Qg&oe=696D41BE&_nc_sid=4a2096,553,0,27619,1997,0,[],,https://www.threads.net/@taliesingovannon/post/DTLLIG0kZn-,[],"{'likes': 27619, 'reposts': 1932, 'quotes': 65}",threads,3804183245836360190,Taliesin Govannon,,"Kyle Rittenhouse can't book a speaking engagement. 

George Zimmerman is homeless. 

Derek Chauvin was shanked 22 times in prison, barely surviving.

These men volunteered to be assassins in a culture War their side can never win. Now they find themselves cast aside by the very people who once hailed them as ""heroes"", their usefulness gone.

Yeah... They sure ""owned"" us.🙄",threads,63059614033,taliesingovannon
[],2026-01-14T16:27:37.162570+07:00,Three criminals want a world war to take focus off of their crimes against humanity. They are willing to pay the price by sacrificing the bodies in the minds of soldiers thank God for this father‘s love he was able to talk his son off the edge. #usa #nowar #viral #america #ptsd #soldier #resist,2025-06-18T22:49:29+07:00,,3657783275420099215,threads,threads.com,threads_crawler_v1,https://www.threads.net/@layouleee/post/DLDDoJcx6KP,https://instagram.fhan4-5.fna.fbcdn.net/v/t51.2885-19/481662413_510754045348946_3138560254698185162_n.jpg?stp=dst-jpg_s150x150_tt6&efg=eyJ2ZW5jb2RlX3RhZyI6InByb2ZpbGVfcGljLmRqYW5nby41ODguYzIifQ&_nc_ht=instagram.fhan4-5.fna.fbcdn.net&_nc_cat=102&_nc_oc=Q6cZ2QHO1hDvymMrXPv_m7v0lE-TnMmyrthrjWReIg0RENIJZb6qsigEz3WAe3Zkka1GVSI&_nc_ohc=SO4bU88l3OsQ7kNvwEjjAZP&_nc_gid=xV_l7LMdZ-Nk3rPaz3GYmg&edm=AJhczIQBAAAA&ccb=7-5&oh=00_Afr4mheP915OFGPV7dkCMtbOrC2qhuyXNNy3wyVXKWfpiQ&oe=696D3467&_nc_sid=4a2096,758,0,14989,1013,0,"['https://instagram.fhan3-4.fna.fbcdn.net/v/t51.2885-15/503950647_740405985098166_1507963835000084748_n.jpg?stp=dst-jpg_e15_tt6&efg=eyJ2ZW5jb2RlX3RhZyI6InRocmVhZHMuRkVFRC5pbWFnZV91cmxnZW4uNjQweDExMzYuc2RyLmY3MTg3OC5uZnJhbWVfY292ZXJfZnJhbWUuYzIifQ&_nc_ht=instagram.fhan3-4.fna.fbcdn.net&_nc_cat=106&_nc_oc=Q6cZ2QHO1hDvymMrXPv_m7v0lE-TnMmyrthrjWReIg0RENIJZb6qsigEz3WAe3Zkka1GVSI&_nc_ohc=tTM73hNkjRQQ7kNvwEESvue&_nc_gid=xV_l7LMdZ-Nk3rPaz3GYmg&edm=AJhczIQBAAAA&ccb=7-5&ig_cache_key=MzY1Nzc4MzI3NTQyMDA5OTIxNQ%3D%3D.3-ccb7-5&oh=00_AfrCKPz2QC7-kv3ti9MruiDTY2tjUg3mTl0M9l1vPxbf0Q&oe=696D4C5D&_nc_sid=4a2096', 'https://instagram.fhan3-4.fna.fbcdn.net/o1/v/t2/f2/m367/AQP840fiX1_-ezcIkA3BP2bymXtx-9vKd3nT8LfAMjjHVTB9wes_kGapHzlcY1U0178W_ZcKyA0cZUqzvLAK-_nfg3WpcNLCMViWTzc.mp4?_nc_cat=106&_nc_oc=AdkOTdZ7i5rjJ7_T4VhzJ_OPBO_FOA3npO-NsZGboCthRMwN0dqoJLT15p0hF30uoSE&_nc_sid=5e9851&_nc_ht=instagram.fhan3-4.fna.fbcdn.net&_nc_ohc=fa0yp_uFc1oQ7kNvwGuVzw1&efg=eyJ2ZW5jb2RlX3RhZyI6Inhwdl9wcm9ncmVzc2l2ZS5JTlNUQUdSQU0uRkVFRC5DMy41NzYuZGFzaF9iYXNlbGluZV8xX3YxIiwieHB2X2Fzc2V0X2lkIjoxMDQ3MTk5NzkwOTU4MDk5LCJhc3NldF9hZ2VfZGF5cyI6MjA5LCJ2aV91c2VjYXNlX2lkIjoxMDA5OSwiZHVyYXRpb25fcyI6MTc1LCJ1cmxnZW5fc291cmNlIjoid3d3In0%3D&ccb=17-1&_nc_gid=xV_l7LMdZ-Nk3rPaz3GYmg&_nc_zt=28&vs=9205abc8415254c&_nc_vs=HBksFQIYQGlnX2VwaGVtZXJhbC85RjQ2QzE5NzgxNzQzNkVCQjIyODhFODI3OTY4QjA4OF92aWRlb19kYXNoaW5pdC5tcDQVAALIARIAFQIYRmlnX3hwdl9yZWVsc19wZXJtYW5lbnRfc3JfcHJvZC83MDE0OTIxMjI1MTUxMzRfNjYzMTc0Mzc3NDQwNTM1NDE5OC5tcDQVAgLIARIAKAAYABsCiAd1c2Vfb2lsATEScHJvZ3Jlc3NpdmVfcmVjaXBlATEVAAAmppjkuIab3AMVAigCQzMsF0Bl8hysCDEnGBJkYXNoX2Jhc2VsaW5lXzFfdjERAHXqB2XmnQEA&oh=00_Afp-D7QsRTytxvLAgXEJIabpxyUAnkjWW4dESfLVw2lXIg&oe=696D492B']",,https://www.threads.net/@layouleee/post/DLDDoJcx6KP,[],"{'likes': 14989, 'reposts': 891, 'quotes': 122}",threads,3657783275420099215,La YouLee,usa,Three criminals want a world war to take focus off of their crimes against humanity. They are willing to pay the price by sacrificing the bodies in the minds of soldiers thank God for this father‘s love he was able to talk his son off the edge. #usa #nowar #viral #america #ptsd #soldier #resist,threads,63275271572,layouleee
[],2026-01-14T16:27:37.162602+07:00,"It is 1991, I am 9 years old and my country has started an illegal war for oil.

It is 2002, I am 20 years old and my country has started an illegal war for oil.

It is 2026, I am 43 years old and my country has started an illegal war for oil.",2026-01-03T21:41:50+07:00,,3801979616471956570,threads,threads.com,threads_crawler_v1,https://www.threads.net/@pressedinhead/post/DTDWFFDFjxa,https://instagram.fhan4-1.fna.fbcdn.net/v/t51.2885-19/357748775_1007586983594225_3627107275429555487_n.jpg?stp=dst-jpg_s150x150_tt6&efg=eyJ2ZW5jb2RlX3RhZyI6InByb2ZpbGVfcGljLmRqYW5nby45NjAuYzIifQ&_nc_ht=instagram.fhan4-1.fna.fbcdn.net&_nc_cat=105&_nc_oc=Q6cZ2QHO1hDvymMrXPv_m7v0lE-TnMmyrthrjWReIg0RENIJZb6qsigEz3WAe3Zkka1GVSI&_nc_ohc=pPqKevtRQHsQ7kNvwHTatf1&_nc_gid=xV_l7LMdZ-Nk3rPaz3GYmg&edm=AJhczIQBAAAA&ccb=7-5&oh=00_AfodCmZgKUxSlj7Cga5MpvWvZsBNLJD3wJXJCMkM5plaJw&oe=696D2207&_nc_sid=4a2096,1156,0,83849,7226,0,[],,https://www.threads.net/@pressedinhead/post/DTDWFFDFjxa,[],"{'likes': 83849, 'reposts': 6950, 'quotes': 276}",threads,3801979616471956570,Preston Head,,"It is 1991, I am 9 years old and my country has started an illegal war for oil.

It is 2002, I am 20 years old and my country has started an illegal war for oil.

It is 2026, I am 43 years old and my country has started an illegal war for oil.",threads,63048636729,pressedinhead
[],2026-01-14T16:27:37.162640+07:00,Got a purple heart for war💜,2026-01-07T17:29:10+07:00,,3804751547176393952,threads,threads.com,threads_crawler_v1,https://www.threads.net/@marz_cs/post/DTNMV-sERzg,https://instagram.fhan3-3.fna.fbcdn.net/v/t51.2885-19/459494137_491938297064653_4218372228642887873_n.jpg?stp=dst-jpg_s150x150_tt6&efg=eyJ2ZW5jb2RlX3RhZyI6InByb2ZpbGVfcGljLmRqYW5nby45MzIuYzIifQ&_nc_ht=instagram.fhan3-3.fna.fbcdn.net&_nc_cat=101&_nc_oc=Q6cZ2QHO1hDvymMrXPv_m7v0lE-TnMmyrthrjWReIg0RENIJZb6qsigEz3WAe3Zkka1GVSI&_nc_ohc=W5YS2JcV0eIQ7kNvwFJMYx-&_nc_gid=xV_l7LMdZ-Nk3rPaz3GYmg&edm=AJhczIQBAAAA&ccb=7-5&oh=00_AfpMm9t2O1vEAUoVGPYFdAxTrMdb9blrzV-xUCqnvoHR5A&oe=696D2AEB&_nc_sid=4a2096,8,0,40,0,0,['https://instagram.fhan4-6.fna.fbcdn.net/v/t51.2885-15/611150667_1396267621965452_6732606021541487751_n.jpg?stp=dst-jpg_e15_tt6&efg=eyJ2ZW5jb2RlX3RhZyI6InRocmVhZHMuQ0FST1VTRUxfSVRFTS5pbWFnZV91cmxnZW4uNjQweDExNTguc2RyLmY3MTg3OC5kZWZhdWx0X2NvdmVyX2ZyYW1lLmMyIn0&_nc_ht=instagram.fhan4-6.fna.fbcdn.net&_nc_cat=108&_nc_oc=Q6cZ2QHO1hDvymMrXPv_m7v0lE-TnMmyrthrjWReIg0RENIJZb6qsigEz3WAe3Zkka1GVSI&_nc_ohc=WeHSdJZpt-UQ7kNvwEXhjTK&_nc_gid=xV_l7LMdZ-Nk3rPaz3GYmg&edm=AJhczIQBAAAA&ccb=7-5&ig_cache_key=MzgwNDc1MDk4NDgzNzY3OTkwNw%3D%3D.3-ccb7-5&oh=00_AfqDisYMJ5jdJZhYCPq1HHzRrw4E5c1pDvf0gq71NA6NFA&oe=696D17CC&_nc_sid=4a2096'],,https://www.threads.net/@marz_cs/post/DTNMV-sERzg,[],"{'likes': 40, 'reposts': 0, 'quotes': 0}",threads,3804751547176393952,MARS,commented on your photo,Got a purple heart for war💜,threads,69029340936,marz_cs
[],2026-01-14T16:32:24.424914+07:00,"What is happening inside Russia is the direct cost of choosing war over people When resources are poured into destruction abroad, homes freeze at home. The assessment of the Foreign Intelligence Service of Ukraine reflects what we see clearly: corruption, neglect, and militarism always come back to punish civilians first
Ukraine did not cause this collapse. The Kremlin did. Peace would restore heat faster than any emergency repair crew",2026-01-14T04:25:51+07:00,,3809430723279730872,threads,threads.com,threads_crawler_v1,https://www.threads.net/@peace_will_soon/post/DTd0Q9BjDi4,https://instagram.fhan3-4.fna.fbcdn.net/v/t51.2885-19/582059073_17892406533374236_8172069193837406835_n.jpg?stp=dst-jpg_s150x150_tt6&efg=eyJ2ZW5jb2RlX3RhZyI6InByb2ZpbGVfcGljLmRqYW5nby43NDguYzIifQ&_nc_ht=instagram.fhan3-4.fna.fbcdn.net&_nc_cat=104&_nc_oc=Q6cZ2QFNv0lKhif1GCWGd6xMQX6MJ60s8i0_xSpJNdZhJbCaHtzjoNYljq_v93KEgNmBayU&_nc_ohc=BtI_1Vb_h-8Q7kNvwH0K1Ar&_nc_gid=Ep410FsEvR_h_184pf1L3g&edm=AJhczIQBAAAA&ccb=7-5&oh=00_AfoDj2mpezDTfPZliEkFazwRRCalxGpggnb3fKS3IeceXw&oe=696D258F&_nc_sid=4a2096,0,0,17,4,0,['https://instagram.fhan3-4.fna.fbcdn.net/v/t51.2885-15/615340265_17898935661374236_8706283905303856444_n.jpg?stp=dst-jpg_e35_tt6&efg=eyJ2ZW5jb2RlX3RhZyI6InRocmVhZHMuRkVFRC5pbWFnZV91cmxnZW4uNjMweDM2MC5zZHIuZjgyNzg3LmRlZmF1bHRfaW1hZ2UuYzIifQ&_nc_ht=instagram.fhan3-4.fna.fbcdn.net&_nc_cat=104&_nc_oc=Q6cZ2QFNv0lKhif1GCWGd6xMQX6MJ60s8i0_xSpJNdZhJbCaHtzjoNYljq_v93KEgNmBayU&_nc_ohc=Sx6ngjCZAbQQ7kNvwHrIUJ5&_nc_gid=Ep410FsEvR_h_184pf1L3g&edm=AJhczIQBAAAA&ccb=7-5&ig_cache_key=MzgwOTQzMDcyMzI3OTczMDg3Mg%3D%3D.3-ccb7-5&oh=00_AfqCjzoeC61GzVpOOpQCPcW55WCNF4aXTlF-nXgJq6vSgQ&oe=696D281C&_nc_sid=4a2096'],,https://www.threads.net/@peace_will_soon/post/DTd0Q9BjDi4,[],"{'likes': 17, 'reposts': 2, 'quotes': 2}",threads,3809430723279730872,👋👋,,"What is happening inside Russia is the direct cost of choosing war over people When resources are poured into destruction abroad, homes freeze at home. The assessment of the Foreign Intelligence Service of Ukraine reflects what we see clearly: corruption, neglect, and militarism always come back to punish civilians first
Ukraine did not cause this collapse. The Kremlin did. Peace would restore heat faster than any emergency repair crew",threads,71097982235,peace_will_soon
[],2026-01-14T16:45:51.663764+07:00,"My husband and I are in different existential realities. 😅

I’m mentallly (and physically) preparing for the apocalypse/civil war/ww3. “We should buy an emergency radio…”

And he’s hyperfixated on researching sound bars for the tv. 

“They’ll do a military coup before they’ll invade Greenland,” he says nonchalantly as I add extra seeds for a garden to my cart.",2026-01-07T20:42:53+07:00,,3804849046280857805,threads,threads.com,threads_crawler_v1,https://www.threads.net/@kaytalinplatt/post/DTNigxzjejN,https://instagram.fhan3-4.fna.fbcdn.net/v/t51.2885-19/516930590_17914466517116202_7438041113579871765_n.jpg?stp=dst-jpg_s150x150_tt6&efg=eyJ2ZW5jb2RlX3RhZyI6InByb2ZpbGVfcGljLmRqYW5nby44MTAuYzIifQ&_nc_ht=instagram.fhan3-4.fna.fbcdn.net&_nc_cat=106&_nc_oc=Q6cZ2QGi9k4r7oNR3jikTriDX7zaBS0HoIdbXJWpMfEXE-x3H3S7tKChLmFxYfMfWLVzBAY&_nc_ohc=eZ7i7Dp_CCkQ7kNvwEcO_p2&_nc_gid=RTTPmqd7LkviPvZxMHU-kg&edm=AJhczIQBAAAA&ccb=7-5&oh=00_AfobBt_mZuJ4z6EE40f9p_SaByYCIvqno9uXkva2hJClOA&oe=696D429C&_nc_sid=4a2096,241,0,1682,31,0,[],,https://www.threads.net/@kaytalinplatt/post/DTNigxzjejN,[],"{'likes': 1682, 'reposts': 30, 'quotes': 1}",threads,3804849046280857805,Kaytalin Platt,,"My husband and I are in different existential realities. 😅

I’m mentallly (and physically) preparing for the apocalypse/civil war/ww3. “We should buy an emergency radio…”

And he’s hyperfixated on researching sound bars for the tv. 

“They’ll do a military coup before they’ll invade Greenland,” he says nonchalantly as I add extra seeds for a garden to my cart.",threads,63423196201,kaytalinplatt
[],2026-01-14T16:45:51.663940+07:00,"Dám  war với cả page đầu tàu của cô Jennie bay gan hùm mẹ rồi :)) , giặc nội ghẻ còn chiến được chứ huống gì là giặc ngoại , nói thẳng là bên BL chửi quá nhẹ chứ gặp phải mẹ khác là chửi vuốt mặt đ kịp rồi , Đéo phải tự nhiên mà ot4 cũng phải rén ghẻ của mấy mẹ đâu mấy con giời ạ 🙏🏻",2025-12-20T11:36:42+07:00,,3791528181329655008,threads,threads.com,threads_crawler_v1,https://www.threads.net/@daahnwoo_/post/DSeNsrkCXTg,https://instagram.fhan4-5.fna.fbcdn.net/v/t51.2885-19/609157764_17920987902218822_9042068836705307649_n.jpg?stp=dst-jpg_s150x150_tt6&efg=eyJ2ZW5jb2RlX3RhZyI6InByb2ZpbGVfcGljLmRqYW5nby4xMDgwLmMyIn0&_nc_ht=instagram.fhan4-5.fna.fbcdn.net&_nc_cat=102&_nc_oc=Q6cZ2QGi9k4r7oNR3jikTriDX7zaBS0HoIdbXJWpMfEXE-x3H3S7tKChLmFxYfMfWLVzBAY&_nc_ohc=n9iJHTbhbmkQ7kNvwHJKQHq&_nc_gid=RTTPmqd7LkviPvZxMHU-kg&edm=AJhczIQBAAAA&ccb=7-5&oh=00_AfrRshtHuyHUjQV-4hnhtuq0zp5wG0Hdu9lGJIU1O2OuDg&oe=696D3E76&_nc_sid=4a2096,256,0,2697,280,0,['https://instagram.fhan4-5.fna.fbcdn.net/v/t51.2885-15/603924748_17919315414218822_3979300572872981884_n.jpg?stp=dst-jpg_e35_tt6&efg=eyJ2ZW5jb2RlX3RhZyI6InRocmVhZHMuQ0FST1VTRUxfSVRFTS5pbWFnZV91cmxnZW4uNjg2eDk2MC5zZHIuZjgyNzg3LmRlZmF1bHRfaW1hZ2UuYzIifQ&_nc_ht=instagram.fhan4-5.fna.fbcdn.net&_nc_cat=102&_nc_oc=Q6cZ2QGi9k4r7oNR3jikTriDX7zaBS0HoIdbXJWpMfEXE-x3H3S7tKChLmFxYfMfWLVzBAY&_nc_ohc=sFbdYrbYlX4Q7kNvwHY-KxH&_nc_gid=RTTPmqd7LkviPvZxMHU-kg&edm=AJhczIQBAAAA&ccb=7-5&ig_cache_key=Mzc5MTUyODE3NzE3NzMyMDk2NA%3D%3D.3-ccb7-5&oh=00_Afoh1eIkGpTd4-0QZJ3WtgvrOi_hYq_8CjLd1aqKClOB7g&oe=696D4D09&_nc_sid=4a2096'],,https://www.threads.net/@daahnwoo_/post/DSeNsrkCXTg,[],"{'likes': 2697, 'reposts': 267, 'quotes': 13}",threads,3791528181329655008,nam joo hyuk's wifey,Jennie,"Dám  war với cả page đầu tàu của cô Jennie bay gan hùm mẹ rồi :)) , giặc nội ghẻ còn chiến được chứ huống gì là giặc ngoại , nói thẳng là bên BL chửi quá nhẹ chứ gặp phải mẹ khác là chửi vuốt mặt đ kịp rồi , Đéo phải tự nhiên mà ot4 cũng phải rén ghẻ của mấy mẹ đâu mấy con giời ạ 🙏🏻",threads,66690210821,daahnwoo_
[],2026-01-14T16:45:51.664022+07:00,"I am 72 years old. I have lived through the Cuban Missile Crisis, the JFK assassination, the Vietnam War, the Turmoil of 1968, Watergate, the Hostage Crisis, two oil crises, disco, Reaganomics, the Oral Office, 9/11, Thanks Obama, Trump 45 and Cancer. These past 11 months have been easily the most miserable era in America in my lifetime. The hatred, the bigotry, the lies, the racketeering and pedophilia are beyond anything I have ever seen.
We are not going to hell as a nation.
We are IN hell.",2025-12-13T04:20:15+07:00,,3786235079606367760,threads,threads.com,threads_crawler_v1,https://www.threads.net/@fathero4hi/post/DSLaL6cD3YQ,https://instagram.fhan4-6.fna.fbcdn.net/v/t51.2885-19/587808718_17931727887136881_69152583905023914_n.jpg?stp=dst-jpg_s150x150_tt6&efg=eyJ2ZW5jb2RlX3RhZyI6InByb2ZpbGVfcGljLmRqYW5nby4xMDgwLmMyIn0&_nc_ht=instagram.fhan4-6.fna.fbcdn.net&_nc_cat=109&_nc_oc=Q6cZ2QGi9k4r7oNR3jikTriDX7zaBS0HoIdbXJWpMfEXE-x3H3S7tKChLmFxYfMfWLVzBAY&_nc_ohc=ANApOktGp4oQ7kNvwHjd3sp&_nc_gid=RTTPmqd7LkviPvZxMHU-kg&edm=AJhczIQBAAAA&ccb=7-5&oh=00_Afo2daEbGfKfOPhRl0ndHpXpEwpmdwuBDcEmbUitEXamuA&oe=696D50F4&_nc_sid=4a2096,2730,0,31886,2220,0,[],,https://www.threads.net/@fathero4hi/post/DSLaL6cD3YQ,[],"{'likes': 31886, 'reposts': 2107, 'quotes': 113}",threads,3786235079606367760,Richard Kenney,Hell,"I am 72 years old. I have lived through the Cuban Missile Crisis, the JFK assassination, the Vietnam War, the Turmoil of 1968, Watergate, the Hostage Crisis, two oil crises, disco, Reaganomics, the Oral Office, 9/11, Thanks Obama, Trump 45 and Cancer. These past 11 months have been easily the most miserable era in America in my lifetime. The hatred, the bigotry, the lies, the racketeering and pedophilia are beyond anything I have ever seen.
We are not going to hell as a nation.
We are IN hell.",threads,64092264880,fathero4hi
[],2026-01-14T16:45:51.664057+07:00,"THE USA HAS STRUCK FACILITIES IN/ON VENEZUELA! 🇻🇪 

THIS  IS CONSIDERED AN ACT OF WAR! 

IRAQ 🇮🇶 2.0?",2025-12-30T05:44:25+07:00,,3798598425588713861,threads,threads.com,threads_crawler_v1,https://www.threads.net/@anaffordableaccountant/post/DS3VSRpksmF,https://instagram.fhan4-1.fna.fbcdn.net/v/t51.2885-19/527669552_18025270886709053_5374809206654042462_n.jpg?stp=dst-jpg_s150x150_tt6&efg=eyJ2ZW5jb2RlX3RhZyI6InByb2ZpbGVfcGljLmRqYW5nby4xMDgwLmMyIn0&_nc_ht=instagram.fhan4-1.fna.fbcdn.net&_nc_cat=105&_nc_oc=Q6cZ2QGi9k4r7oNR3jikTriDX7zaBS0HoIdbXJWpMfEXE-x3H3S7tKChLmFxYfMfWLVzBAY&_nc_ohc=U2mveeTvwIsQ7kNvwGJcTTZ&_nc_gid=RTTPmqd7LkviPvZxMHU-kg&edm=AJhczIQBAAAA&ccb=7-5&oh=00_AfoILJxMI6i51F3QFJo5ZVlNkwO_46Ben7LzpAhBrAq7iQ&oe=696D45A1&_nc_sid=4a2096,36,0,113,42,0,"['https://instagram.fhan4-3.fna.fbcdn.net/v/t51.2885-15/605889910_1801007210574840_8562805890964068281_n.jpg?stp=dst-jpg_e15_tt6&efg=eyJ2ZW5jb2RlX3RhZyI6InRocmVhZHMuRkVFRC5pbWFnZV91cmxnZW4uNjQweDExMzYuc2RyLmY3MTg3OC5kZWZhdWx0X2NvdmVyX2ZyYW1lLmMyIn0&_nc_ht=instagram.fhan4-3.fna.fbcdn.net&_nc_cat=100&_nc_oc=Q6cZ2QGi9k4r7oNR3jikTriDX7zaBS0HoIdbXJWpMfEXE-x3H3S7tKChLmFxYfMfWLVzBAY&_nc_ohc=g-O87hXg0BwQ7kNvwEj6tUf&_nc_gid=RTTPmqd7LkviPvZxMHU-kg&edm=AJhczIQBAAAA&ccb=7-5&ig_cache_key=Mzc5ODU5ODQyNTU4ODcxMzg2MQ%3D%3D.3-ccb7-5&oh=00_Afr_ZVhRI2ux5YAlHUMWH8kpgrilOLfr_dHFvfqMX6I79w&oe=696D3B81&_nc_sid=4a2096', 'https://instagram.fhan3-4.fna.fbcdn.net/o1/v/t16/f2/m84/AQPx15UyBjCRsddvzNRPRUu537fJ4r_d1sy8L_ojNQPYKz755GKwCiDMeE3-NCck_ZDhmPKfDX0REUMjYZn_2sigynGeGSGHyxZUVjY.mp4?_nc_cat=106&_nc_oc=Adnj9eTwu1IezMwUlRmMJTyKuWi67W05CkZQQ-1ltMR51oMpqu9_JuLbdJcgsHu2ok0&_nc_sid=5e9851&_nc_ht=instagram.fhan3-4.fna.fbcdn.net&_nc_ohc=ka3YW-9gmloQ7kNvwHyCmfp&efg=eyJ2ZW5jb2RlX3RhZyI6Inhwdl9wcm9ncmVzc2l2ZS5JTlNUQUdSQU0uRkVFRC5DMy41NzYuZGFzaF9iYXNlbGluZV8xX3YxIiwieHB2X2Fzc2V0X2lkIjoxNjEzNzY2NzAzMTQyMzM2LCJhc3NldF9hZ2VfZGF5cyI6MTUsInZpX3VzZWNhc2VfaWQiOjEwMTY0LCJkdXJhdGlvbl9zIjo1MywidXJsZ2VuX3NvdXJjZSI6Ind3dyJ9&ccb=17-1&_nc_gid=RTTPmqd7LkviPvZxMHU-kg&_nc_zt=28&vs=9d0a5ae53c73d446&_nc_vs=HBksFQIYTGlnX2JhY2tmaWxsX3RpbWVsaW5lX3ZvZC9GRTRFNUJENDEyRTk0NUFDMDEyMjgyNzM0QjEwRTdBNF92aWRlb19kYXNoaW5pdC5tcDQVAALIARIAFQIYOnBhc3N0aHJvdWdoX2V2ZXJzdG9yZS9HQkJkQ3lSVVJabU14R29MQUJfS0NlMlBockpnYnNwVEFRQUYVAgLIARIAKAAYABsCiAd1c2Vfb2lsATEScHJvZ3Jlc3NpdmVfcmVjaXBlATEVAAAmgNe68crt3QUVAigCQzMsF0BKcWhysCDFGBJkYXNoX2Jhc2VsaW5lXzFfdjERAHXqB2XongEA&oh=00_AfoW6qOI8euT9ZtS4GzbWSKyXQOAU-GYcxST5UdfynnrnQ&oe=69695C36']",,https://www.threads.net/@anaffordableaccountant/post/DS3VSRpksmF,[],"{'likes': 113, 'reposts': 32, 'quotes': 10}",threads,3798598425588713861,MBA Economic News,Venezuela,"THE USA HAS STRUCK FACILITIES IN/ON VENEZUELA! 🇻🇪 

THIS  IS CONSIDERED AN ACT OF WAR! 

IRAQ 🇮🇶 2.0?",threads,71920819331,anaffordableaccountant
[],2026-01-14T16:45:51.664103+07:00,DONALD TRUMP HAS DECLARED WAR ON AMERCA.,2026-01-08T03:02:06+07:00,,3805039914963338381,threads,threads.com,threads_crawler_v1,https://www.threads.net/@dannykpolitics/post/DTON6SHkoSN,https://instagram.fhan3-3.fna.fbcdn.net/v/t51.2885-19/447801619_432618052892676_827955217001161532_n.jpg?stp=dst-jpg_s150x150_tt6&efg=eyJ2ZW5jb2RlX3RhZyI6InByb2ZpbGVfcGljLmRqYW5nby41MTIuYzIifQ&_nc_ht=instagram.fhan3-3.fna.fbcdn.net&_nc_cat=1&_nc_oc=Q6cZ2QGi9k4r7oNR3jikTriDX7zaBS0HoIdbXJWpMfEXE-x3H3S7tKChLmFxYfMfWLVzBAY&_nc_ohc=4uvcjBo_b7YQ7kNvwFKb4LX&_nc_gid=RTTPmqd7LkviPvZxMHU-kg&edm=AJhczIQBAAAA&ccb=7-5&oh=00_AfqRDy5SPIKwdR216-3DGGuZy8p_GmC7uV97tFjiR3enVA&oe=696D372F&_nc_sid=4a2096,333,0,8593,606,0,[],,https://www.threads.net/@dannykpolitics/post/DTON6SHkoSN,[],"{'likes': 8593, 'reposts': 589, 'quotes': 17}",threads,3805039914963338381,Danny Krikorian,,DONALD TRUMP HAS DECLARED WAR ON AMERCA.,threads,69805090433,dannykpolitics
[],2026-01-14T16:45:51.664138+07:00,"Why is no one talking about the fact Iran has declared total war with the US, and Europe?! At 8AM THIS MORNING",2025-12-29T09:52:32+07:00,,3797998732198189686,threads,threads.com,threads_crawler_v1,https://www.threads.net/@goin.with.no.colon/post/DS1M7lqDpp2,https://instagram.fhan4-5.fna.fbcdn.net/v/t51.2885-19/448303763_498389015957138_7024153609001078528_n.jpg?stp=dst-jpg_s150x150_tt6&efg=eyJ2ZW5jb2RlX3RhZyI6InByb2ZpbGVfcGljLmRqYW5nby4xMDgwLmMyIn0&_nc_ht=instagram.fhan4-5.fna.fbcdn.net&_nc_cat=102&_nc_oc=Q6cZ2QGi9k4r7oNR3jikTriDX7zaBS0HoIdbXJWpMfEXE-x3H3S7tKChLmFxYfMfWLVzBAY&_nc_ohc=VbRW41qM4nYQ7kNvwHd7Kek&_nc_gid=RTTPmqd7LkviPvZxMHU-kg&edm=AJhczIQBAAAA&ccb=7-5&oh=00_Afp4JXIwWjefyi9I-2TGR2oE8_XoOqc0MNDPTiVsY6pUjA&oe=696D4417&_nc_sid=4a2096,15,0,170,27,0,[],,https://www.threads.net/@goin.with.no.colon/post/DS1M7lqDpp2,[],"{'likes': 170, 'reposts': 26, 'quotes': 1}",threads,3797998732198189686,Kimberly Gibbs,,"Why is no one talking about the fact Iran has declared total war with the US, and Europe?! At 8AM THIS MORNING",threads,66876637596,goin.with.no.colon
[],2026-01-14T16:45:51.664171+07:00,GOD OF WAR,2025-10-03T17:19:48+07:00,,3735168359211288016,threads,threads.com,threads_crawler_v1,https://www.threads.net/@nawaabsajid_786/post/DPV-9U7EUXQ,https://instagram.fhan4-3.fna.fbcdn.net/v/t51.2885-19/560542086_17930097201101782_8637528472562387673_n.jpg?stp=dst-jpg_s150x150_tt6&efg=eyJ2ZW5jb2RlX3RhZyI6InByb2ZpbGVfcGljLmRqYW5nby4xMDgwLmMyIn0&_nc_ht=instagram.fhan4-3.fna.fbcdn.net&_nc_cat=110&_nc_oc=Q6cZ2QGi9k4r7oNR3jikTriDX7zaBS0HoIdbXJWpMfEXE-x3H3S7tKChLmFxYfMfWLVzBAY&_nc_ohc=ycehh_klPjMQ7kNvwEM4Eab&_nc_gid=RTTPmqd7LkviPvZxMHU-kg&edm=AJhczIQBAAAA&ccb=7-5&oh=00_AfrvgHXey1gby-HOL_Qh5CuxXhli1Al3WcTNzp8A19xrKQ&oe=696D47AC&_nc_sid=4a2096,0,0,119,2,0,['https://instagram.fhan4-3.fna.fbcdn.net/v/t51.2885-15/557777439_17929782684101782_1882797263069457800_n.jpg?stp=dst-jpg_e35_tt6&efg=eyJ2ZW5jb2RlX3RhZyI6InRocmVhZHMuQ0FST1VTRUxfSVRFTS5pbWFnZV91cmxnZW4uMTE1MngyMDQ4LnNkci5mODI3ODcuZGVmYXVsdF9pbWFnZS5jMiJ9&_nc_ht=instagram.fhan4-3.fna.fbcdn.net&_nc_cat=110&_nc_oc=Q6cZ2QGi9k4r7oNR3jikTriDX7zaBS0HoIdbXJWpMfEXE-x3H3S7tKChLmFxYfMfWLVzBAY&_nc_ohc=t8rl6garVDsQ7kNvwH0isI2&_nc_gid=RTTPmqd7LkviPvZxMHU-kg&edm=AJhczIQBAAAA&ccb=7-5&ig_cache_key=MzczNTE2ODM1MjI1NzE0MzIwMg%3D%3D.3-ccb7-5&oh=00_AfqmDSjuzZPodUDBawtPSB5ipIDic2tZQkSkvVtMoyrNSg&oe=696D4EDA&_nc_sid=4a2096'],,https://www.threads.net/@nawaabsajid_786/post/DPV-9U7EUXQ,[],"{'likes': 119, 'reposts': 2, 'quotes': 0}",threads,3735168359211288016,Sajid Shaikh,wallpaper,GOD OF WAR,threads,63055701781,nawaabsajid_786
[],2026-01-14T16:45:51.664214+07:00,"We're already in WWIII.

You just don't recognize it because it's a war being waged through economics, technology, and ideology.",2025-05-27T23:09:36+07:00,,3641848354624503550,threads,threads.com,threads_crawler_v1,https://www.threads.net/@gwynnem/post/DKKcch_O_7-,https://instagram.fhan4-5.fna.fbcdn.net/v/t51.2885-19/437976688_1107096627171734_7926859793201421906_n.jpg?stp=dst-jpg_s150x150_tt6&efg=eyJ2ZW5jb2RlX3RhZyI6InByb2ZpbGVfcGljLmRqYW5nby4xMDgwLmMyIn0&_nc_ht=instagram.fhan4-5.fna.fbcdn.net&_nc_cat=102&_nc_oc=Q6cZ2QGi9k4r7oNR3jikTriDX7zaBS0HoIdbXJWpMfEXE-x3H3S7tKChLmFxYfMfWLVzBAY&_nc_ohc=Xou_jY2erh8Q7kNvwGO1aMm&_nc_gid=RTTPmqd7LkviPvZxMHU-kg&edm=AJhczIQBAAAA&ccb=7-5&oh=00_Afp4EBoLQG4K_vWIknHtW20Ajl613wjde5T-LXj8CEoIiA&oe=696D388B&_nc_sid=4a2096,191,0,9733,844,0,[],,https://www.threads.net/@gwynnem/post/DKKcch_O_7-,[],"{'likes': 9733, 'reposts': 820, 'quotes': 24}",threads,3641848354624503550,Gwynne Michele,,"We're already in WWIII.

You just don't recognize it because it's a war being waged through economics, technology, and ideology.",threads,63277633812,gwynnem
[],2026-01-14T16:46:28.299644+07:00,"The Constitution is clear:
Congress has the power and responsibility to authorize the use of military force and declare war. Congress has a duty of oversight. Congress must serve as a check, not a rubber stamp to the President.

On these counts, Congress has failed.",2026-01-05T01:32:35+07:00,,3802820526952389826,threads,threads.com,threads_crawler_v1,https://www.threads.net/@senbooker/post/DTGVR79j5zC,https://instagram.fhan3-2.fna.fbcdn.net/v/t51.2885-19/564921250_17924926416118735_7158991688083785544_n.jpg?stp=dst-jpg_s150x150_tt6&efg=eyJ2ZW5jb2RlX3RhZyI6InByb2ZpbGVfcGljLmRqYW5nby4xMDgwLmV4cGVyaW1lbnRhbCJ9&_nc_ht=instagram.fhan3-2.fna.fbcdn.net&_nc_cat=107&_nc_oc=Q6cZ2QEn0KFpR9aVUqWRo3GYKPF3SCEF2NIOXnRoc7UdlkVHBlkxTcBCeMlmhdzt2yc19gA&_nc_ohc=za-ZW_ePbd8Q7kNvwHLrrxO&_nc_gid=K89LHF3ZKu9YEEYaRalapQ&edm=AJhczIQBAAAA&ccb=7-5&oh=00_AfryQ0V7nQ9DfhxzvyuvzxnhlQJ50braYuOfQuf6FAlZMw&oe=696D3571&_nc_sid=4a2096,2694,0,10560,704,0,[],,https://www.threads.net/@senbooker/post/DTGVR79j5zC,[],"{'likes': 10560, 'reposts': 637, 'quotes': 67}",threads,3802820526952389826,Sen. Cory Booker,,"The Constitution is clear:
Congress has the power and responsibility to authorize the use of military force and declare war. Congress has a duty of oversight. Congress must serve as a check, not a rubber stamp to the President.

On these counts, Congress has failed.",threads,63412270734,senbooker
[],2026-01-14T16:46:28.300038+07:00,No war but class war is the same as All Lives Matter. Thanks.,2026-01-08T04:41:15+07:00,,3805089817080977537,threads,threads.com,threads_crawler_v1,https://www.threads.net/@affrilachianacademic/post/DTOZQdFkViB,https://instagram.fhan4-1.fna.fbcdn.net/v/t51.2885-19/601302726_17932979739119093_5610614141436345218_n.jpg?stp=dst-jpg_s150x150_tt6&efg=eyJ2ZW5jb2RlX3RhZyI6InByb2ZpbGVfcGljLmRqYW5nby45NjAuZXhwZXJpbWVudGFsIn0&_nc_ht=instagram.fhan4-1.fna.fbcdn.net&_nc_cat=105&_nc_oc=Q6cZ2QEn0KFpR9aVUqWRo3GYKPF3SCEF2NIOXnRoc7UdlkVHBlkxTcBCeMlmhdzt2yc19gA&_nc_ohc=naPXNtKasQMQ7kNvwHH8Pn2&_nc_gid=K89LHF3ZKu9YEEYaRalapQ&edm=AJhczIQBAAAA&ccb=7-5&oh=00_AfrPs0nadCCCErIFZyLJ7Pk2H45-Eg_sjmPfT9JOdyoFwA&oe=696D2288&_nc_sid=4a2096,627,0,817,143,0,[],,https://www.threads.net/@affrilachianacademic/post/DTOZQdFkViB,[],"{'likes': 817, 'reposts': 127, 'quotes': 16}",threads,3805089817080977537,,,No war but class war is the same as All Lives Matter. Thanks.,threads,63473255092,affrilachianacademic
[],2026-01-14T16:46:28.300234+07:00,"That one person can drag us into a war without consulting or even notifying Congress, or our allies, or fully explaining to the American people why this is necessary, is absolutely bonkers. 

Reminder that Congress has the power to stop all of this. Where the hell are they?",2026-01-04T03:01:21+07:00,,3802140326680950530,threads,threads.com,threads_crawler_v1,https://www.threads.net/@rbreich/post/DTD6nuGAXcC,https://instagram.fhan4-6.fna.fbcdn.net/v/t51.2885-19/357765779_231441669706617_1504824624572521742_n.jpg?stp=dst-jpg_s150x150_tt6&efg=eyJ2ZW5jb2RlX3RhZyI6InByb2ZpbGVfcGljLmRqYW5nby4xMDgwLmV4cGVyaW1lbnRhbCJ9&_nc_ht=instagram.fhan4-6.fna.fbcdn.net&_nc_cat=109&_nc_oc=Q6cZ2QEn0KFpR9aVUqWRo3GYKPF3SCEF2NIOXnRoc7UdlkVHBlkxTcBCeMlmhdzt2yc19gA&_nc_ohc=gLx3Yobk7MEQ7kNvwGwuWP1&_nc_gid=K89LHF3ZKu9YEEYaRalapQ&edm=AJhczIQBAAAA&ccb=7-5&oh=00_AfqJ4DqyZA7b54gLLfvXHapvbKjnZlXWTkHn1rEcTsqrzw&oe=696D3576&_nc_sid=4a2096,583,0,16120,1366,0,[],,https://www.threads.net/@rbreich/post/DTD6nuGAXcC,[],"{'likes': 16120, 'reposts': 1321, 'quotes': 45}",threads,3802140326680950530,Robert Reich,,"That one person can drag us into a war without consulting or even notifying Congress, or our allies, or fully explaining to the American people why this is necessary, is absolutely bonkers. 

Reminder that Congress has the power to stop all of this. Where the hell are they?",threads,63302668092,rbreich
[],2026-01-14T16:46:28.300418+07:00,"My Spotify wrapped says:

1. Fuck Spotify and its war profiteering
2. Fuck ICE
3. Fuck the AI takeover of the music industry
4. Find me on Bandcamp instead 
5. Transition to physical media",2025-12-04T11:46:51+07:00,,3779936880289738380,threads,threads.com,threads_crawler_v1,https://www.threads.net/@hitwiththestupid/post/DR1CJDPEW6M,https://instagram.fhan3-2.fna.fbcdn.net/v/t51.2885-19/525701863_17893731027271987_2774897621113345832_n.jpg?stp=dst-jpg_s150x150_tt6&efg=eyJ2ZW5jb2RlX3RhZyI6InByb2ZpbGVfcGljLmRqYW5nby4xMDgwLmV4cGVyaW1lbnRhbCJ9&_nc_ht=instagram.fhan3-2.fna.fbcdn.net&_nc_cat=107&_nc_oc=Q6cZ2QEn0KFpR9aVUqWRo3GYKPF3SCEF2NIOXnRoc7UdlkVHBlkxTcBCeMlmhdzt2yc19gA&_nc_ohc=SWw0o428ojkQ7kNvwFRfCkk&_nc_gid=K89LHF3ZKu9YEEYaRalapQ&edm=AJhczIQBAAAA&ccb=7-5&oh=00_Afpn3Qgd-yJxkUNUE2Kz58Mf_wgXc9E7hPTJRDruZyFBgg&oe=696D4FB3&_nc_sid=4a2096,277,0,4646,524,0,[],,https://www.threads.net/@hitwiththestupid/post/DR1CJDPEW6M,[],"{'likes': 4646, 'reposts': 516, 'quotes': 8}",threads,3779936880289738380,Clayton King,,"My Spotify wrapped says:

1. Fuck Spotify and its war profiteering
2. Fuck ICE
3. Fuck the AI takeover of the music industry
4. Find me on Bandcamp instead 
5. Transition to physical media",threads,67959815986,hitwiththestupid
[],2026-01-14T16:46:28.300681+07:00,"Donald Trump is clear: he launched this war to remove a foreign leader and now he claims the U.S. will “run the country.”

In other words, Donald Trump wants the U.S. to be an occupying power and control the oil.",2026-01-04T03:05:52+07:00,,3802142580466125860,threads,threads.com,threads_crawler_v1,https://www.threads.net/@senadamschiff/post/DTD7IhGEgwk,https://instagram.fhan4-6.fna.fbcdn.net/v/t51.2885-19/412335690_1438358107114976_8683058769042435605_n.jpg?stp=dst-jpg_s150x150_tt6&efg=eyJ2ZW5jb2RlX3RhZyI6InByb2ZpbGVfcGljLmRqYW5nby4zNDIuZXhwZXJpbWVudGFsIn0&_nc_ht=instagram.fhan4-6.fna.fbcdn.net&_nc_cat=108&_nc_oc=Q6cZ2QEn0KFpR9aVUqWRo3GYKPF3SCEF2NIOXnRoc7UdlkVHBlkxTcBCeMlmhdzt2yc19gA&_nc_ohc=u-A1cj1OCxMQ7kNvwFUjiy8&_nc_gid=K89LHF3ZKu9YEEYaRalapQ&edm=AJhczIQBAAAA&ccb=7-5&oh=00_Afoka0fjEMa8uIsmakwhkZ1ss-Ht6-QwQ7-4uABI1zzCSg&oe=696D4D47&_nc_sid=4a2096,955,0,5269,665,0,"['https://instagram.fhan4-5.fna.fbcdn.net/v/t51.2885-15/609459005_1227130786226702_7632024544541999993_n.jpg?stp=dst-jpg_e15_tt6&efg=eyJ2ZW5jb2RlX3RhZyI6InRocmVhZHMuRkVFRC5pbWFnZV91cmxnZW4uNjQweDM1OC5zZHIuZjcxODc4LmRlZmF1bHRfY292ZXJfZnJhbWUuZXhwZXJpbWVudGFsIn0&_nc_ht=instagram.fhan4-5.fna.fbcdn.net&_nc_cat=102&_nc_oc=Q6cZ2QEn0KFpR9aVUqWRo3GYKPF3SCEF2NIOXnRoc7UdlkVHBlkxTcBCeMlmhdzt2yc19gA&_nc_ohc=0Jmbh4TyRuAQ7kNvwGSIWdV&_nc_gid=K89LHF3ZKu9YEEYaRalapQ&edm=AJhczIQBAAAA&ccb=7-5&ig_cache_key=MzgwMjE0MjU4MDQ2NjEyNTg2MA%3D%3D.3-ccb7-5&oh=00_Afq-btb4iXSUce7f20RmJx2892kU4AlQ7iicZWK7ZcC1Bg&oe=696D21EE&_nc_sid=4a2096', 'https://instagram.fhan3-3.fna.fbcdn.net/o1/v/t16/f2/m84/AQM9ZRKATwHYjQeJOanDVB7qYx18esBs844-iuk-BKXYk-B_xP9gyGQ7Y-SnxKn839F1LiJu_Z9ZK08GrhqKNMQufC1NX-8D-LI0obY.mp4?_nc_cat=101&_nc_oc=AdnFsyQ5iA4Hpz7neGZ1aoGjltVI3sNteQAEuzBsg2VwSdtAdLh--lqSU_-SzZfEAgE&_nc_sid=5e9851&_nc_ht=instagram.fhan3-3.fna.fbcdn.net&_nc_ohc=eBRnXFfj8EAQ7kNvwG76oIa&efg=eyJ2ZW5jb2RlX3RhZyI6Inhwdl9wcm9ncmVzc2l2ZS5JTlNUQUdSQU0uRkVFRC5DMy4xMjgwLmRhc2hfYmFzZWxpbmVfMV92MSIsInhwdl9hc3NldF9pZCI6MTE5MTkyNjY1OTY3MTk1MiwiYXNzZXRfYWdlX2RheXMiOjEwLCJ2aV91c2VjYXNlX2lkIjoxMDE2NCwiZHVyYXRpb25fcyI6MzMsInVybGdlbl9zb3VyY2UiOiJ3d3cifQ%3D%3D&ccb=17-1&_nc_gid=K89LHF3ZKu9YEEYaRalapQ&_nc_zt=28&vs=a054f01007f0b0f9&_nc_vs=HBksFQIYTGlnX2JhY2tmaWxsX3RpbWVsaW5lX3ZvZC9FOTQzMTE1REMxMzQzRTVFOEYwNDlGNzk2RDAxMzNBMV92aWRlb19kYXNoaW5pdC5tcDQVAALIARIAFQIYOnBhc3N0aHJvdWdoX2V2ZXJzdG9yZS9HQVBfUGlRVUdZWjFpazhEQUd4dmd5dVBuMHBSYnNwVEFRQUYVAgLIARIAKAAYABsCiAd1c2Vfb2lsATEScHJvZ3Jlc3NpdmVfcmVjaXBlATEVAAAmoJ6v0qGDngQVAigCQzMsF0BAlT987ZFoGBJkYXNoX2Jhc2VsaW5lXzFfdjERAHXqB2XongEA&oh=00_AfobSPLJLxt3dXfQS-z7dUjFKhBWtRRjD9D_6dUD6o3OHQ&oe=696948E7']",,https://www.threads.net/@senadamschiff/post/DTD7IhGEgwk,[],"{'likes': 5269, 'reposts': 613, 'quotes': 52}",threads,3802142580466125860,Senator Adam Schiff,,"Donald Trump is clear: he launched this war to remove a foreign leader and now he claims the U.S. will “run the country.”

In other words, Donald Trump wants the U.S. to be an occupying power and control the oil.",threads,63075542319,senadamschiff
[],2026-01-14T16:46:28.300970+07:00,"Percy in Son of Neptune:

 “I know two things; I bagged a baddie named Annabeth, and the God of War can catch these fucking hands”",2026-01-04T02:06:58+07:00,,3802113059032527103,threads,threads.com,threads_crawler_v1,https://www.threads.net/@shelfie.pod/post/DTD0a7HgfD_,https://instagram.fhan3-2.fna.fbcdn.net/v/t51.2885-19/573615671_17886449100390775_2083282828258825819_n.jpg?stp=dst-jpg_s150x150_tt6&efg=eyJ2ZW5jb2RlX3RhZyI6InByb2ZpbGVfcGljLmRqYW5nby4xMDgwLmV4cGVyaW1lbnRhbCJ9&_nc_ht=instagram.fhan3-2.fna.fbcdn.net&_nc_cat=107&_nc_oc=Q6cZ2QEn0KFpR9aVUqWRo3GYKPF3SCEF2NIOXnRoc7UdlkVHBlkxTcBCeMlmhdzt2yc19gA&_nc_ohc=yyG09YFYWSEQ7kNvwH-P73j&_nc_gid=K89LHF3ZKu9YEEYaRalapQ&edm=AJhczIQBAAAA&ccb=7-5&oh=00_AfpBLV4tKOCkMGJ054z57hHN-MHoWIb9YNqclQNPiIOLjg&oe=696D27F5&_nc_sid=4a2096,11,0,3271,100,0,[],,https://www.threads.net/@shelfie.pod/post/DTD0a7HgfD_,[],"{'likes': 3271, 'reposts': 100, 'quotes': 0}",threads,3802113059032527103,Shelf Indulgence,Percy Jackson,"Percy in Son of Neptune:

 “I know two things; I bagged a baddie named Annabeth, and the God of War can catch these fucking hands”",threads,71593174774,shelfie.pod
[],2026-01-14T16:46:28.301253+07:00,"Các em thực sự nghĩ fan Jennie quan tâm đến mấy cái react phản ứng của idol các em hả :)))
Bị knet nó dí cho từ mấy video react trên YouTube,
trên X một nùi, xong anti nó bê về kick war thì đổ cho Vảy???

Tất cả tại Jennie rồi giờ thêm Tất cả tại fan Jennie nữa 🙂

Bọn tao chỉ quan tâm idol tao viral như thế nào, stage view có cao không, stream có tăng không thôi, chứ rảnh dell đâu mà quan tâm mấy cái vớ vẩn 🙂‍↔️

Báo nhẹ là sau 24h thì Stage của Mẹ tao được 4M4 view, Spotify tăng 37 hạng 🔥🔥🔥",2025-12-21T21:45:40+07:00,,3792559461597685480,threads,threads.com,threads_crawler_v1,https://www.threads.net/@mandoo_kim1601/post/DSh4LyKE6bo,https://instagram.fhan4-1.fna.fbcdn.net/v/t51.2885-19/473417136_558229777198949_4899176853747241424_n.jpg?stp=dst-jpg_s150x150_tt6&efg=eyJ2ZW5jb2RlX3RhZyI6InByb2ZpbGVfcGljLmRqYW5nby4xMDgwLmV4cGVyaW1lbnRhbCJ9&_nc_ht=instagram.fhan4-1.fna.fbcdn.net&_nc_cat=105&_nc_oc=Q6cZ2QEn0KFpR9aVUqWRo3GYKPF3SCEF2NIOXnRoc7UdlkVHBlkxTcBCeMlmhdzt2yc19gA&_nc_ohc=m92K7xolC0kQ7kNvwELV-T7&_nc_gid=K89LHF3ZKu9YEEYaRalapQ&edm=AJhczIQBAAAA&ccb=7-5&oh=00_Afo9MW8gIOGguxdR1qSGm5fl_CKV0sHf1wA4GBMdtwkD8Q&oe=696D4F49&_nc_sid=4a2096,44,0,1257,95,0,['https://instagram.fhan3-3.fna.fbcdn.net/v/t51.2885-15/603936932_17906765511293987_7953040787653993569_n.jpg?stp=dst-jpg_e35_tt6&efg=eyJ2ZW5jb2RlX3RhZyI6InRocmVhZHMuQ0FST1VTRUxfSVRFTS5pbWFnZV91cmxnZW4uMTE3MHg4OTkuc2RyLmY4Mjc4Ny5kZWZhdWx0X2ltYWdlLmV4cGVyaW1lbnRhbCJ9&_nc_ht=instagram.fhan3-3.fna.fbcdn.net&_nc_cat=111&_nc_oc=Q6cZ2QEn0KFpR9aVUqWRo3GYKPF3SCEF2NIOXnRoc7UdlkVHBlkxTcBCeMlmhdzt2yc19gA&_nc_ohc=B-6_tAZBc7gQ7kNvwEsasoT&_nc_gid=K89LHF3ZKu9YEEYaRalapQ&edm=AJhczIQBAAAA&ccb=7-5&ig_cache_key=Mzc5MjU1OTQ1NTAyOTQxNDkxOQ%3D%3D.3-ccb7-5&oh=00_AfoW5sFfTCjNruz7_Z6M5P31L9t0yK7Jv62-nJ0KfEl-Sw&oe=696D34B0&_nc_sid=4a2096'],,https://www.threads.net/@mandoo_kim1601/post/DSh4LyKE6bo,[],"{'likes': 1257, 'reposts': 94, 'quotes': 1}",threads,3792559461597685480,Ko Tên,Jennie,"Các em thực sự nghĩ fan Jennie quan tâm đến mấy cái react phản ứng của idol các em hả :)))
Bị knet nó dí cho từ mấy video react trên YouTube,
trên X một nùi, xong anti nó bê về kick war thì đổ cho Vảy???

Tất cả tại Jennie rồi giờ thêm Tất cả tại fan Jennie nữa 🙂

Bọn tao chỉ quan tâm idol tao viral như thế nào, stage view có cao không, stream có tăng không thôi, chứ rảnh dell đâu mà quan tâm mấy cái vớ vẩn 🙂‍↔️

Báo nhẹ là sau 24h thì Stage của Mẹ tao được 4M4 view, Spotify tăng 37 hạng 🔥🔥🔥",threads,68844565986,mandoo_kim1601
[],2026-01-14T16:46:28.301561+07:00,"By now, many of you have likely seen a video of a woman in Grand Rapids, Michigan, Jessica Plichta, who was arrested on camera during an interview with ABC13 on Saturday, 01/03/26, at a protest against the abduction of Nicolas Maduro by the Trump regime

This video is AUTHENTIC 

I am including the original video in this post and the ABC13 source in the comments 

I repeat: A WOMAN WAS ARRESTED IN MICHIGAN FOR PROTESTING THE WAR IN VENEZUELA 01/03/26",2026-01-05T21:30:29+07:00,,3803423303542074587,threads,threads.com,threads_crawler_v1,https://www.threads.net/@the_fishkeeping_teachers/post/DTIeVfaEWzb,https://instagram.fhan4-6.fna.fbcdn.net/v/t51.2885-19/358333135_837741163947033_2690663557230681422_n.jpg?stp=dst-jpg_s150x150_tt6&efg=eyJ2ZW5jb2RlX3RhZyI6InByb2ZpbGVfcGljLmRqYW5nby4xMDgwLmV4cGVyaW1lbnRhbCJ9&_nc_ht=instagram.fhan4-6.fna.fbcdn.net&_nc_cat=109&_nc_oc=Q6cZ2QEn0KFpR9aVUqWRo3GYKPF3SCEF2NIOXnRoc7UdlkVHBlkxTcBCeMlmhdzt2yc19gA&_nc_ohc=YCDSpTlp_acQ7kNvwE8s0yP&_nc_gid=K89LHF3ZKu9YEEYaRalapQ&edm=AJhczIQBAAAA&ccb=7-5&oh=00_AfoShxHZwFHkcz9JZz15ZZtY1C1E64ER8RfSD2whuAsjjg&oe=696D533A&_nc_sid=4a2096,2067,0,27211,7380,0,"['https://instagram.fhan4-6.fna.fbcdn.net/v/t51.2885-15/610726298_2003217860626136_4751737726699119912_n.jpg?stp=dst-jpg_e15_tt6&efg=eyJ2ZW5jb2RlX3RhZyI6InRocmVhZHMuRkVFRC5pbWFnZV91cmxnZW4uNjQweDM2MC5zZHIuZjcxODc4LmRlZmF1bHRfY292ZXJfZnJhbWUuZXhwZXJpbWVudGFsIn0&_nc_ht=instagram.fhan4-6.fna.fbcdn.net&_nc_cat=108&_nc_oc=Q6cZ2QEn0KFpR9aVUqWRo3GYKPF3SCEF2NIOXnRoc7UdlkVHBlkxTcBCeMlmhdzt2yc19gA&_nc_ohc=1VflPOOSIgIQ7kNvwHGYDPe&_nc_gid=K89LHF3ZKu9YEEYaRalapQ&edm=AJhczIQBAAAA&ccb=7-5&ig_cache_key=MzgwMzQyMzMwMzU0MjA3NDU4Nw%3D%3D.3-ccb7-5&oh=00_AfoUQZZA9yvy18UouJbk9nYJ-gEf-Mv7c0V3iBiQ0KFYUw&oe=696D5489&_nc_sid=4a2096', 'https://instagram.fhan4-3.fna.fbcdn.net/o1/v/t16/f2/m84/AQOPUtgEOgjPsjFE_8g3NpuZUV6m5lKGO8LkN5TvC40AgS1zKTzye3lr8iYMHFaWIyqRQRcDcBdC3P0e0RRlqAWEB9JfLxX0DYexZzI.mp4?_nc_cat=110&_nc_oc=AdkPWqfgwoozYyMw7faOF487Sb7iMJjhV2axP57-Cy4cFBj3cr-y-EHlJi1mdKGGEGU&_nc_sid=5e9851&_nc_ht=instagram.fhan4-3.fna.fbcdn.net&_nc_ohc=gwtnkWVzvRkQ7kNvwHPrbIR&efg=eyJ2ZW5jb2RlX3RhZyI6Inhwdl9wcm9ncmVzc2l2ZS5JTlNUQUdSQU0uRkVFRC5DMy4xMjc2LmRhc2hfYmFzZWxpbmVfMV92MSIsInhwdl9hc3NldF9pZCI6MTM2Mjg3MDI3ODkwNzQ2NywiYXNzZXRfYWdlX2RheXMiOjgsInZpX3VzZWNhc2VfaWQiOjEwMTY0LCJkdXJhdGlvbl9zIjo2MiwidXJsZ2VuX3NvdXJjZSI6Ind3dyJ9&ccb=17-1&_nc_gid=K89LHF3ZKu9YEEYaRalapQ&_nc_zt=28&vs=b7e80d92bd690bf9&_nc_vs=HBksFQIYTGlnX2JhY2tmaWxsX3RpbWVsaW5lX3ZvZC9FMjQ3NzZFQUVBQzdFNkE2RTk1NTMzQjRBMTNFQUJCMl92aWRlb19kYXNoaW5pdC5tcDQVAALIARIAFQIYOnBhc3N0aHJvdWdoX2V2ZXJzdG9yZS9HRlRZVnlTN0Q3UGlfTGNGQURJUThQU09aaTl1YnNwVEFRQUYVAgLIARIAKAAYABsCiAd1c2Vfb2lsATEScHJvZ3Jlc3NpdmVfcmVjaXBlATEVAAAmlpnL7b7h6wQVAigCQzMsF0BPN2yLQ5WBGBJkYXNoX2Jhc2VsaW5lXzFfdjERAHXqB2XongEA&oh=00_AfoqUHCxV4Kmj4F2YzlG8auyv3F_mLY0xzZ6HJ9hsajMDA&oe=69693132']",,https://www.threads.net/@the_fishkeeping_teachers/post/DTIeVfaEWzb,[],"{'likes': 27211, 'reposts': 6912, 'quotes': 468}",threads,3803423303542074587,David Harrison Greis,,"By now, many of you have likely seen a video of a woman in Grand Rapids, Michigan, Jessica Plichta, who was arrested on camera during an interview with ABC13 on Saturday, 01/03/26, at a protest against the abduction of Nicolas Maduro by the Trump regime

This video is AUTHENTIC 

I am including the original video in this post and the ABC13 source in the comments 

I repeat: A WOMAN WAS ARRESTED IN MICHIGAN FOR PROTESTING THE WAR IN VENEZUELA 01/03/26 ￼",threads,63425265445,the_fishkeeping_teachers
[],2026-01-14T16:46:28.301843+07:00,"🚨BREAKING: 🇷🇺Russia has started preparations to seize an American oil ship as a retaliation

#WorldWar3
#WW3
#War
#GlobalNews
#BreakingNews",2026-01-09T20:59:12+07:00,,3806306790392576563,threads,threads.com,threads_crawler_v1,https://www.threads.net/@news.world.in/post/DTSt9vzgboz,https://instagram.fhan3-3.fna.fbcdn.net/v/t51.2885-19/605359817_17842240494668519_8065218411155411239_n.jpg?stp=dst-jpg_s150x150_tt6&efg=eyJ2ZW5jb2RlX3RhZyI6InByb2ZpbGVfcGljLmRqYW5nby4xMDgwLmV4cGVyaW1lbnRhbCJ9&_nc_ht=instagram.fhan3-3.fna.fbcdn.net&_nc_cat=111&_nc_oc=Q6cZ2QEn0KFpR9aVUqWRo3GYKPF3SCEF2NIOXnRoc7UdlkVHBlkxTcBCeMlmhdzt2yc19gA&_nc_ohc=I-MY-xeSx1oQ7kNvwFhcxxe&_nc_gid=K89LHF3ZKu9YEEYaRalapQ&edm=AJhczIQBAAAA&ccb=7-5&oh=00_Afoj2TNBv4f5vderJOZlhtcEIGpeaNhb1RadOtOGhzQRDw&oe=696D4E3F&_nc_sid=4a2096,21,0,205,5,0,"['https://instagram.fhan3-3.fna.fbcdn.net/v/t51.2885-15/610688105_864777609754777_3212468152947006595_n.jpg?stp=dst-jpg_e15_tt6&efg=eyJ2ZW5jb2RlX3RhZyI6InRocmVhZHMuRkVFRC5pbWFnZV91cmxnZW4uNjQweDExMzYuc2RyLmY3MTg3OC5kZWZhdWx0X2NvdmVyX2ZyYW1lLmV4cGVyaW1lbnRhbCJ9&_nc_ht=instagram.fhan3-3.fna.fbcdn.net&_nc_cat=101&_nc_oc=Q6cZ2QEn0KFpR9aVUqWRo3GYKPF3SCEF2NIOXnRoc7UdlkVHBlkxTcBCeMlmhdzt2yc19gA&_nc_ohc=Jr9XP0TqxCEQ7kNvwEfV0kq&_nc_gid=K89LHF3ZKu9YEEYaRalapQ&edm=AJhczIQBAAAA&ccb=7-5&ig_cache_key=MzgwNjMwNjc5MDM5MjU3NjU2Mw%3D%3D.3-ccb7-5&oh=00_Afob1dRNRV0_uOyGbriRIzaO4IbfDGgO6pGjQo8omulBIQ&oe=696D3565&_nc_sid=4a2096', 'https://instagram.fhan3-3.fna.fbcdn.net/o1/v/t2/f2/m86/AQO9ZWti_vtagWQ3-ZD5Omxrb9JRUMESe6zMtU-MG5aTgTG8dlekh1LAFcYMRXK2b84hNSV4_6JAY1luY67DufdgLf4-pPvM5-YGPQI.mp4?_nc_cat=111&_nc_oc=Adk3kIube9evLxWkdaaLk2DXMnlkCLYIA-FVzuWB2uKhl6CwwwqPRhk6mRMNyA32mfg&_nc_sid=5e9851&_nc_ht=instagram.fhan3-3.fna.fbcdn.net&_nc_ohc=V27p6JTsJ6cQ7kNvwFzzEtO&efg=eyJ2ZW5jb2RlX3RhZyI6Inhwdl9wcm9ncmVzc2l2ZS5JTlNUQUdSQU0uRkVFRC5DMy43MjAuZGFzaF9iYXNlbGluZV8xX3YxIiwieHB2X2Fzc2V0X2lkIjoxNzg0NDUzMjMwODY2ODUxOSwiYXNzZXRfYWdlX2RheXMiOjQsInZpX3VzZWNhc2VfaWQiOjEwMDk5LCJkdXJhdGlvbl9zIjo1LCJ1cmxnZW5fc291cmNlIjoid3d3In0%3D&ccb=17-1&_nc_gid=K89LHF3ZKu9YEEYaRalapQ&_nc_zt=28&vs=6458d532df972f9f&_nc_vs=HBksFQIYUmlnX3hwdl9yZWVsc19wZXJtYW5lbnRfc3JfcHJvZC9FMDRBMEQ0NjY2MDY4MEZCRkU5QkIxNjBEODNCNUVCNV92aWRlb19kYXNoaW5pdC5tcDQVAALIARIAFQIYOnBhc3N0aHJvdWdoX2V2ZXJzdG9yZS9HRXA0YnlSVUN2NnItQzhFQUF1Rl9qY2VkOWtqYnN0VEFRQUYVAgLIARIAKAAYABsCiAd1c2Vfb2lsATEScHJvZ3Jlc3NpdmVfcmVjaXBlATEVAAAmzsGHl77gsj8VAigCQzMsF0AUIcrAgxJvGBJkYXNoX2Jhc2VsaW5lXzFfdjERAHXqB2XmnQEA&oh=00_AfoIVpf2yLcUFAS1kuU6i9xVymtQRW-udchwYYsAMFraAg&oe=69694FF0']",,https://www.threads.net/@news.world.in/post/DTSt9vzgboz,[],"{'likes': 205, 'reposts': 5, 'quotes': 0}",threads,3806306790392576563,WORLD NEWS,,"🚨BREAKING: 🇷🇺Russia has started preparations to seize an American oil ship as a retaliation

#WorldWar3
#WW3
#War
#GlobalNews
#BreakingNews",threads,79935892518,news.world.in
[],2026-01-14T16:46:28.302126+07:00,Ai từng trải qua bao nhiêu trận war của ghẻ thì cũng thuộc dạng fan già của mấy cô rồi. Đó giờ làm Blonku chưa ngại war với ai chỉ rén nhìn ghẻ war nhau vì tụi nó chửi nhau ác vãi đôi lúc còn lôi cả idol vào chửi thấy mà xót idol. Nên là chuyện không liên quan thì bớt đụng chạm đến 4 cô đến tụi ghẻ nó trộn gỏi lại thì đừng có khóc nói fan tiền bối ăn hiếp hậu bối nha.,2025-12-20T09:46:39+07:00,,3791472787164589079,threads,threads.com,threads_crawler_v1,https://www.threads.net/@dtu_zn/post/DSeBGlugWwX,https://instagram.fccj1-1.fna.fbcdn.net/v/t51.2885-19/573323465_1219825463302212_7278921664109726296_n.png?stp=dst-jpg_e0_s150x150_tt6&efg=eyJ2ZW5jb2RlX3RhZyI6InByb2ZpbGVfcGljLmRqYW5nby4xNTAuZXhwZXJpbWVudGFsIn0&_nc_ht=instagram.fccj1-1.fna.fbcdn.net&_nc_cat=1&_nc_oc=Q6cZ2QHHj2OS4KQLK1RtPa0bVVz0wycApP7iL3VSjSPYHPrqacpVEPmwiyJKDCUWjmm7Y1Xd_xhUZmULa8bR464dtKX7&_nc_ohc=EFb4Xd8YksAQ7kNvwHATAp4&_nc_gid=EfBLEopwv0exWmv6t5-JuQ&edm=AFs-eF8BAAAA&ccb=7-5&ig_cache_key=YW5vbnltb3VzX3Byb2ZpbGVfcGlj.3-ccb7-5&oh=00_AfocA9HkYBgExLrHG1x9MESpb3iUdNJGhqafR_zF5QJBsw&oe=696D402A&_nc_sid=72eed0,92,0,541,65,0,['https://instagram.fhan4-3.fna.fbcdn.net/v/t51.2885-15/590481584_17904409734324732_6440061234799104142_n.webp?efg=eyJ2ZW5jb2RlX3RhZyI6InRocmVhZHMuRkVFRC5pbWFnZV91cmxnZW4uNzk0eDE3MTYuc2RyLmY4Mjc4Ny5kZWZhdWx0X2ltYWdlLmV4cGVyaW1lbnRhbCJ9&_nc_ht=instagram.fhan4-3.fna.fbcdn.net&_nc_cat=100&_nc_oc=Q6cZ2QEn0KFpR9aVUqWRo3GYKPF3SCEF2NIOXnRoc7UdlkVHBlkxTcBCeMlmhdzt2yc19gA&_nc_ohc=V36mscJv-jgQ7kNvwEZCy5v&_nc_gid=K89LHF3ZKu9YEEYaRalapQ&edm=AJhczIQBAAAA&ccb=7-5&ig_cache_key=Mzc5MTQ3Mjc4NzE2NDU4OTA3OQ%3D%3D.3-ccb7-5&oh=00_Afq3pJaEpZyi992KGersKF4XHnGAwt9IG8GLRYSCRw0H5g&oe=696D4E5B&_nc_sid=4a2096'],,https://www.threads.net/@dtu_zn/post/DSeBGlugWwX,[],"{'likes': 541, 'reposts': 63, 'quotes': 2}",threads,3791472787164589079,,BLACKPINK,Ai từng trải qua bao nhiêu trận war của ghẻ thì cũng thuộc dạng fan già của mấy cô rồi. Đó giờ làm Blonku chưa ngại war với ai chỉ rén nhìn ghẻ war nhau vì tụi nó chửi nhau ác vãi đôi lúc còn lôi cả idol vào chửi thấy mà xót idol. Nên là chuyện không liên quan thì bớt đụng chạm đến 4 cô đến tụi ghẻ nó trộn gỏi lại thì đừng có khóc nói fan tiền bối ăn hiếp hậu bối nha.,threads,69646236731,dtu_zn
[],2026-01-14T16:46:28.302427+07:00,"people who read the hunger games, you remember how in mockingjay they bomb the kids in front of Snow’s mansion and then the medics come in to help the kids and then bombs go off a second time, killing the medics and prim? An obvious war crime and tragedy?

That just happened at Nasser hospital in Palestine, today.",2025-08-26T02:05:58+07:00,,3707166935430130078,threads,threads.com,threads_crawler_v1,https://www.threads.net/@alyxj0crochet/post/DNygK-1Yume,https://instagram.fhan4-6.fna.fbcdn.net/v/t51.2885-19/473152018_628961719706900_5143553999579577415_n.jpg?stp=dst-jpg_s150x150_tt6&efg=eyJ2ZW5jb2RlX3RhZyI6InByb2ZpbGVfcGljLmRqYW5nby4xMDgwLmV4cGVyaW1lbnRhbCJ9&_nc_ht=instagram.fhan4-6.fna.fbcdn.net&_nc_cat=108&_nc_oc=Q6cZ2QEn0KFpR9aVUqWRo3GYKPF3SCEF2NIOXnRoc7UdlkVHBlkxTcBCeMlmhdzt2yc19gA&_nc_ohc=4gkaOxA0zUAQ7kNvwHY-opC&_nc_gid=K89LHF3ZKu9YEEYaRalapQ&edm=AJhczIQBAAAA&ccb=7-5&oh=00_AfpG25oSKKutNxxVHd7t51PnTotcRmuJ5lBAqJuCnAdDuw&oe=696D305F&_nc_sid=4a2096,53,0,22873,4041,0,[],,https://www.threads.net/@alyxj0crochet/post/DNygK-1Yume,[],"{'likes': 22873, 'reposts': 4020, 'quotes': 21}",threads,3707166935430130078,Alyx,hunger games,"people who read the hunger games, you remember how in mockingjay they bomb the kids in front of Snow’s mansion and then the medics come in to help the kids and then bombs go off a second time, killing the medics and prim? An obvious war crime and tragedy?

That just happened at Nasser hospital in Palestine, today.",threads,72014260980,alyxj0crochet
[],2026-01-14T16:46:28.302701+07:00,"Culinary Class War Season 2 totally brutal from beginning. But I love how humble the white spoon chef are, how they wish their opponent (black team) won against them on one to one battle. Based on the interview, seems like some of them join not to win but to find their passion again in cooking. 
All the white spoon chef are expert even legend with long experience. When you're considered the best in the industry, maybe joining the competition is like a fresh air for them wether they win or not.",2025-12-25T05:42:43+07:00,,3794973892444076795,threads,threads.com,threads_crawler_v1,https://www.threads.net/@xerockham/post/DSqdKYHArr7,https://instagram.fhan3-3.fna.fbcdn.net/v/t51.2885-19/463468097_3947959552098779_1113550201337694119_n.jpg?stp=dst-jpg_s150x150_tt6&efg=eyJ2ZW5jb2RlX3RhZyI6InByb2ZpbGVfcGljLmRqYW5nby4xMDgwLmV4cGVyaW1lbnRhbCJ9&_nc_ht=instagram.fhan3-3.fna.fbcdn.net&_nc_cat=111&_nc_oc=Q6cZ2QEn0KFpR9aVUqWRo3GYKPF3SCEF2NIOXnRoc7UdlkVHBlkxTcBCeMlmhdzt2yc19gA&_nc_ohc=d9jdhMMldHQQ7kNvwHyT_ND&_nc_gid=K89LHF3ZKu9YEEYaRalapQ&edm=AJhczIQBAAAA&ccb=7-5&oh=00_Afrjm-Xt0k0gehbr2cHkJZ7hFkXKpTF65aNwT82pmip-gg&oe=696D3AA1&_nc_sid=4a2096,0,0,61,5,0,[],,https://www.threads.net/@xerockham/post/DSqdKYHArr7,[],"{'likes': 61, 'reposts': 5, 'quotes': 0}",threads,3794973892444076795,Roxena,,"Culinary Class War Season 2 totally brutal from beginning. But I love how humble the white spoon chef are, how they wish their opponent (black team) won against them on one to one battle. Based on the interview, seems like some of them join not to win but to find their passion again in cooking. 
All the white spoon chef are expert even legend with long experience. When you're considered the best in the industry, maybe joining the competition is like a fresh air for them wether they win or not.",threads,69732157414,xerockham
[],2026-01-14T16:46:28.302933+07:00,"The US doesn’t invade countries for being “bad”. They invade countries for being valuable. Venezuela has over 300 billion barrels in oil reserves, the highest in the world. “War on drugs” my ass.",2025-12-03T07:18:10+07:00,,3779076870558845263,threads,threads.com,threads_crawler_v1,https://www.threads.net/@shiona.not.fiona/post/DRx-mQwjglP,https://instagram.fhan4-3.fna.fbcdn.net/v/t51.2885-19/491439190_1175153204346624_2552885420940814191_n.jpg?stp=dst-jpg_s150x150_tt6&efg=eyJ2ZW5jb2RlX3RhZyI6InByb2ZpbGVfcGljLmRqYW5nby4xMDgwLmV4cGVyaW1lbnRhbCJ9&_nc_ht=instagram.fhan4-3.fna.fbcdn.net&_nc_cat=100&_nc_oc=Q6cZ2QEn0KFpR9aVUqWRo3GYKPF3SCEF2NIOXnRoc7UdlkVHBlkxTcBCeMlmhdzt2yc19gA&_nc_ohc=v4bmDG-i6o0Q7kNvwEOt1UV&_nc_gid=K89LHF3ZKu9YEEYaRalapQ&edm=AJhczIQBAAAA&ccb=7-5&oh=00_Afp0ZsgyhvIpYXCXJaqXObBVFk6FUe1rYZdl-LqANxIEQA&oe=696D40A9&_nc_sid=4a2096,141,0,6048,492,0,[],,https://www.threads.net/@shiona.not.fiona/post/DRx-mQwjglP,[],"{'likes': 6048, 'reposts': 487, 'quotes': 5}",threads,3779076870558845263,Shiona 🍉,,"The US doesn’t invade countries for being “bad”. They invade countries for being valuable. Venezuela has over 300 billion barrels in oil reserves, the highest in the world. “War on drugs” my ass.",threads,63079407063,shiona.not.fiona
[],2026-01-14T16:46:28.303695+07:00,"Still thinking about the very first episode of Star Trek: Strange New Worlds where Pike is talking about how the second civil war eventually turned into WWIII, and proceeded to show footage of the J6 insurrection to show how it all started.",2026-01-09T02:04:25+07:00,,3805734544209766046,threads,threads.com,threads_crawler_v1,https://www.threads.net/@darkmotherstudios/post/DTQr2eBDmae,https://instagram.fhan4-1.fna.fbcdn.net/v/t51.2885-19/446100126_1553080925614349_3039481624829321943_n.jpg?stp=dst-jpg_s150x150_tt6&efg=eyJ2ZW5jb2RlX3RhZyI6InByb2ZpbGVfcGljLmRqYW5nby4xMDgwLmV4cGVyaW1lbnRhbCJ9&_nc_ht=instagram.fhan4-1.fna.fbcdn.net&_nc_cat=105&_nc_oc=Q6cZ2QEn0KFpR9aVUqWRo3GYKPF3SCEF2NIOXnRoc7UdlkVHBlkxTcBCeMlmhdzt2yc19gA&_nc_ohc=zxzLMQQQlU0Q7kNvwETrAz0&_nc_gid=K89LHF3ZKu9YEEYaRalapQ&edm=AJhczIQBAAAA&ccb=7-5&oh=00_AfpjVfwoMnkSWzl29BNxcr6R_YlUiSPQOM_pTwkWVyX2pw&oe=696D1F02&_nc_sid=4a2096,220,0,9877,1323,0,"['https://instagram.fhan3-4.fna.fbcdn.net/v/t51.2885-15/610727447_880580244362140_7048146245142105383_n.jpg?stp=dst-jpg_e15_tt6&efg=eyJ2ZW5jb2RlX3RhZyI6InRocmVhZHMuRkVFRC5pbWFnZV91cmxnZW4uNjQweDQ2Ni5zZHIuZjcxODc4LmRlZmF1bHRfY292ZXJfZnJhbWUuZXhwZXJpbWVudGFsIn0&_nc_ht=instagram.fhan3-4.fna.fbcdn.net&_nc_cat=104&_nc_oc=Q6cZ2QEn0KFpR9aVUqWRo3GYKPF3SCEF2NIOXnRoc7UdlkVHBlkxTcBCeMlmhdzt2yc19gA&_nc_ohc=0Tipb-fuCPgQ7kNvwEp5vfS&_nc_gid=K89LHF3ZKu9YEEYaRalapQ&edm=AJhczIQBAAAA&ccb=7-5&ig_cache_key=MzgwNTczNDU0NDIwOTc2NjA0Ng%3D%3D.3-ccb7-5&oh=00_Afrat9n1tmNy_1l9K1HFyATYAyKdN9GDSdTo6xyDoXB83A&oe=696D5080&_nc_sid=4a2096', 'https://instagram.fhan3-3.fna.fbcdn.net/o1/v/t16/f2/m84/AQO2HEJMh0Es9_rCgx_ijISaSecPWPaXrrFkZhk5cESA4YpD3Ck1BDJihzzaNNny4qQiPMKyaeyP9T6UgGSZFkZ-PbDyEmwV1XXmM50.mp4?_nc_cat=101&_nc_oc=AdmsEsM7GkxS53IZ1zjEJlShir52ABE2IB0Yt4hkcae5HaWdMs03BnNKDlhmRoOTiO4&_nc_sid=5e9851&_nc_ht=instagram.fhan3-3.fna.fbcdn.net&_nc_ohc=AjEH0XvR7AEQ7kNvwFYzuCK&efg=eyJ2ZW5jb2RlX3RhZyI6Inhwdl9wcm9ncmVzc2l2ZS5JTlNUQUdSQU0uRkVFRC5DMy45ODQuZGFzaF9iYXNlbGluZV8xX3YxIiwieHB2X2Fzc2V0X2lkIjoxNTczOTc2MzYzNDkzNzk0LCJhc3NldF9hZ2VfZGF5cyI6NSwidmlfdXNlY2FzZV9pZCI6MTAxNjQsImR1cmF0aW9uX3MiOjE1MSwidXJsZ2VuX3NvdXJjZSI6Ind3dyJ9&ccb=17-1&_nc_gid=K89LHF3ZKu9YEEYaRalapQ&_nc_zt=28&vs=b0f86d32f50724ec&_nc_vs=HBksFQIYTGlnX2JhY2tmaWxsX3RpbWVsaW5lX3ZvZC81ODREQzA0QzdGNDUwQUEyQ0E4OUI5NEU0NkE2RDA4N192aWRlb19kYXNoaW5pdC5tcDQVAALIARIAFQIYOnBhc3N0aHJvdWdoX2V2ZXJzdG9yZS9HQkl5aENRZ2IwX1RxcFlKQUZYOXQ1UnBTV01hYnNwVEFRQUYVAgLIARIAKAAYABsCiAd1c2Vfb2lsATEScHJvZ3Jlc3NpdmVfcmVjaXBlATEVAAAmxKa_4L3hywUVAigCQzMsF0Bi5mZmZmZmGBJkYXNoX2Jhc2VsaW5lXzFfdjERAHXqB2XongEA&oh=00_AfoIh_NbTKBV2zTbWcMvjN7CUgsj0YjxB38ePj2FwNrAIw&oe=6969413F']",,https://www.threads.net/@darkmotherstudios/post/DTQr2eBDmae,[],"{'likes': 9877, 'reposts': 1245, 'quotes': 78}",threads,3805734544209766046,L. C. MacRoberts | Illustrator,,"Still thinking about the very first episode of Star Trek: Strange New Worlds where Pike is talking about how the second civil war eventually turned into WWIII, and proceeded to show footage of the J6 insurrection to show how it all started.",threads,66640796309,darkmotherstudios
[],2026-01-14T16:46:28.303951+07:00,War is coming‼️,2026-01-06T22:31:29+07:00,,3804178930920702975,threads,threads.com,threads_crawler_v1,https://www.threads.net/@brittany1.0/post/DTLKJUPjcP_,https://instagram.fhan4-3.fna.fbcdn.net/v/t51.2885-19/359589947_6773444802690310_1998908037895710166_n.jpg?stp=dst-jpg_s150x150_tt6&efg=eyJ2ZW5jb2RlX3RhZyI6InByb2ZpbGVfcGljLmRqYW5nby4xMDgwLmV4cGVyaW1lbnRhbCJ9&_nc_ht=instagram.fhan4-3.fna.fbcdn.net&_nc_cat=110&_nc_oc=Q6cZ2QEn0KFpR9aVUqWRo3GYKPF3SCEF2NIOXnRoc7UdlkVHBlkxTcBCeMlmhdzt2yc19gA&_nc_ohc=XoMiWboV5mcQ7kNvwFcDZf_&_nc_gid=K89LHF3ZKu9YEEYaRalapQ&edm=AJhczIQBAAAA&ccb=7-5&oh=00_Afp3xXKMXwSM5LNy-63G3REwGWtLwaRJ6H3nYIUxeRwJyw&oe=696D4722&_nc_sid=4a2096,375,0,398,44,0,[],,https://www.threads.net/@brittany1.0/post/DTLKJUPjcP_,[],"{'likes': 398, 'reposts': 32, 'quotes': 12}",threads,3804178930920702975,,,War is coming‼️,threads,63250334875,brittany1.0
[],2026-01-14T16:46:28.304219+07:00,Being a part of this war-crime regime was not on my 2026 card. Anyone knows why the US bombs Caracas?,2026-01-03T14:48:03+07:00,,3801769845159264910,threads,threads.com,threads_crawler_v1,https://www.threads.net/@aestheticsabotage/post/DTCmYgSgoKO,https://instagram.fhan4-3.fna.fbcdn.net/v/t51.2885-19/464234150_8339291869513978_7582022407484059821_n.jpg?stp=dst-jpg_s150x150_tt6&efg=eyJ2ZW5jb2RlX3RhZyI6InByb2ZpbGVfcGljLmRqYW5nby4xMDgwLmV4cGVyaW1lbnRhbCJ9&_nc_ht=instagram.fhan4-3.fna.fbcdn.net&_nc_cat=110&_nc_oc=Q6cZ2QEn0KFpR9aVUqWRo3GYKPF3SCEF2NIOXnRoc7UdlkVHBlkxTcBCeMlmhdzt2yc19gA&_nc_ohc=nyp2-Llhz-IQ7kNvwFphRAq&_nc_gid=K89LHF3ZKu9YEEYaRalapQ&edm=AJhczIQBAAAA&ccb=7-5&oh=00_AfriKoVtrUTdNJ3ImnwYp19YUU_nt913O_axAxLTJiTflw&oe=696D1E18&_nc_sid=4a2096,29,0,21,4,0,"['https://instagram.fhan4-5.fna.fbcdn.net/v/t51.2885-15/611226564_1942180726644770_1457942233885646306_n.jpg?stp=dst-jpg_e15_tt6&efg=eyJ2ZW5jb2RlX3RhZyI6InRocmVhZHMuRkVFRC5pbWFnZV91cmxnZW4uNjQweDExNjIuc2RyLmY3MTg3OC5kZWZhdWx0X2NvdmVyX2ZyYW1lLmV4cGVyaW1lbnRhbCJ9&_nc_ht=instagram.fhan4-5.fna.fbcdn.net&_nc_cat=102&_nc_oc=Q6cZ2QEn0KFpR9aVUqWRo3GYKPF3SCEF2NIOXnRoc7UdlkVHBlkxTcBCeMlmhdzt2yc19gA&_nc_ohc=gClMghR5EAsQ7kNvwHIe8kf&_nc_gid=K89LHF3ZKu9YEEYaRalapQ&edm=AJhczIQBAAAA&ccb=7-5&ig_cache_key=MzgwMTc2OTg0NTE1OTI2NDkxMA%3D%3D.3-ccb7-5&oh=00_AfqUgNg_bIMQ0HfhP8Y1SjgwtTqLwgLfmG81yZJIN0opdg&oe=696D4AD0&_nc_sid=4a2096', 'https://instagram.fhan3-3.fna.fbcdn.net/o1/v/t16/f2/m84/AQNOqKOPLXmPyBoMOGcvve7yQHUjUcYatDbYh6b1cA40MnI-lCHZjoEHAYFKtcWlsJXL20ieS74aZ4LrOvHmpLI9obgrfXy8MXP7Dpc.mp4?_nc_cat=101&_nc_oc=AdkafyeYX9mQrmLL0IhbYACSveiRkTMyBPNCBznWbCCqRY31Qi2phVlIgvM1USok7ac&_nc_sid=5e9851&_nc_ht=instagram.fhan3-3.fna.fbcdn.net&_nc_ohc=J8iT_ppajlIQ7kNvwFNUSCC&efg=eyJ2ZW5jb2RlX3RhZyI6Inhwdl9wcm9ncmVzc2l2ZS5JTlNUQUdSQU0uRkVFRC5DMy40ODAuZGFzaF9iYXNlbGluZV8xX3YxIiwieHB2X2Fzc2V0X2lkIjoxNTg0NDM2NjI1OTAyNTYwLCJhc3NldF9hZ2VfZGF5cyI6MTEsInZpX3VzZWNhc2VfaWQiOjEwMTY0LCJkdXJhdGlvbl9zIjo3LCJ1cmxnZW5fc291cmNlIjoid3d3In0%3D&ccb=17-1&_nc_gid=K89LHF3ZKu9YEEYaRalapQ&_nc_zt=28&vs=2b224698d8dedcf0&_nc_vs=HBksFQIYTGlnX2JhY2tmaWxsX3RpbWVsaW5lX3ZvZC9BMjRGOTRDMDI0QkM5QUE4QTExNUUzMDhDOTU1RDE4NV92aWRlb19kYXNoaW5pdC5tcDQVAALIARIAFQIYOnBhc3N0aHJvdWdoX2V2ZXJzdG9yZS9HSWdIWmlTaG1vZFdhZ0lEQUZwaG12U04wRjluYnNwVEFRQUYVAgLIARIAKAAYABsCiAd1c2Vfb2lsATEScHJvZ3Jlc3NpdmVfcmVjaXBlATEVAAAmwK-M5KzC0AUVAigCQzMsF0Ac7peNT987GBJkYXNoX2Jhc2VsaW5lXzFfdjERAHXqB2XongEA&oh=00_AfpofFWpfeRMQLGCiJa0Wy1ieJHlvdKMJboqHwgwW9UcpQ&oe=69693D87']",,https://www.threads.net/@aestheticsabotage/post/DTCmYgSgoKO,[],"{'likes': 21, 'reposts': 4, 'quotes': 0}",threads,3801769845159264910,Aesthetic Sabotage | wedding photographer,Venezuela,Being a part of this war-crime regime was not on my 2026 card. Anyone knows why the US bombs Caracas?,threads,69805960414,aestheticsabotage
[],2026-01-14T16:46:28.304425+07:00,God of war 👑 8k wallpaper,2025-08-16T22:59:13+07:00,,3700549964553461823,threads,threads.com,threads_crawler_v1,https://www.threads.net/@m_r_mikey_oo_/post/DNa_pYeyyA_,https://instagram.fhan3-4.fna.fbcdn.net/v/t51.2885-19/532236371_17922098466105150_3219685361838102575_n.jpg?stp=dst-jpg_s150x150_tt6&efg=eyJ2ZW5jb2RlX3RhZyI6InByb2ZpbGVfcGljLmRqYW5nby4xMDgwLmV4cGVyaW1lbnRhbCJ9&_nc_ht=instagram.fhan3-4.fna.fbcdn.net&_nc_cat=106&_nc_oc=Q6cZ2QEn0KFpR9aVUqWRo3GYKPF3SCEF2NIOXnRoc7UdlkVHBlkxTcBCeMlmhdzt2yc19gA&_nc_ohc=xezIhLDgsm8Q7kNvwExyHWv&_nc_gid=K89LHF3ZKu9YEEYaRalapQ&edm=AJhczIQBAAAA&ccb=7-5&oh=00_Afp5V9zrhx9TSsBdqWAdl-5KdJSTpioT6yCr27OSH9wwxg&oe=696D5135&_nc_sid=4a2096,0,0,257,14,0,['https://instagram.fhan3-4.fna.fbcdn.net/v/t51.2885-15/534316314_17922287919105150_6749057850537957247_n.webp?efg=eyJ2ZW5jb2RlX3RhZyI6InRocmVhZHMuQ0FST1VTRUxfSVRFTS5pbWFnZV91cmxnZW4uNjQweDExMzYuc2RyLmY4Mjc4Ny5kZWZhdWx0X2ltYWdlLmV4cGVyaW1lbnRhbCJ9&_nc_ht=instagram.fhan3-4.fna.fbcdn.net&_nc_cat=106&_nc_oc=Q6cZ2QEn0KFpR9aVUqWRo3GYKPF3SCEF2NIOXnRoc7UdlkVHBlkxTcBCeMlmhdzt2yc19gA&_nc_ohc=vzqki1uGSVUQ7kNvwGmPJOh&_nc_gid=K89LHF3ZKu9YEEYaRalapQ&edm=AJhczIQBAAAA&ccb=7-5&ig_cache_key=MzcwMDU0OTk1NzgwMDUxNzYzNg%3D%3D.3-ccb7-5&oh=00_AfoQ55ESiZ3_7Z6y4RDpBTur-BSYCsERsUjONtclqlZlFA&oe=696D4A79&_nc_sid=4a2096'],,https://www.threads.net/@m_r_mikey_oo_/post/DNa_pYeyyA_,[],"{'likes': 257, 'reposts': 14, 'quotes': 0}",threads,3700549964553461823,mikey  malik,,God of war 👑 8k wallpaper,threads,63319193149,m_r_mikey_oo_
[],2026-01-14T16:46:28.304644+07:00,"Culinary Monster is so overrated for this show… he is a perfect chef.

Brewmaster Yun is the “only Black Spoon” with unexpected skills.

Ven. Sunjae ..earthy and humble food. Less is more.

Chef Hu Deok juk…he supposedly watched this show with his grandkids, yet he chose to enter this war. A legend.

Chef Kang rok…low key but powerful. He loves seafood so much.

Chef Son 🥹 too bad he was eliminated. Wish we could see him in the final round.",2026-01-06T19:49:45+07:00,,3804097527978037341,threads,threads.com,threads_crawler_v1,https://www.threads.net/@asyikin.tina/post/DTK3ov2EpBd,https://instagram.fhan4-1.fna.fbcdn.net/v/t51.2885-19/358209156_1364529030761189_5453028631912846821_n.jpg?stp=dst-jpg_s150x150_tt6&efg=eyJ2ZW5jb2RlX3RhZyI6InByb2ZpbGVfcGljLmRqYW5nby43NjcuZXhwZXJpbWVudGFsIn0&_nc_ht=instagram.fhan4-1.fna.fbcdn.net&_nc_cat=105&_nc_oc=Q6cZ2QEn0KFpR9aVUqWRo3GYKPF3SCEF2NIOXnRoc7UdlkVHBlkxTcBCeMlmhdzt2yc19gA&_nc_ohc=2UvekidhBUAQ7kNvwHRaYgR&_nc_gid=K89LHF3ZKu9YEEYaRalapQ&edm=AJhczIQBAAAA&ccb=7-5&oh=00_Afp72tfG20e6eVyEnWgoSp-D3v1qwmmy05jQJ5w82lazgA&oe=696D3266&_nc_sid=4a2096,0,0,229,4,0,[],,https://www.threads.net/@asyikin.tina/post/DTK3ov2EpBd,[],"{'likes': 229, 'reposts': 4, 'quotes': 0}",threads,3804097527978037341,Syikin Isa,CulinaryClassWars2,"Culinary Monster is so overrated for this show… he is a perfect chef.

Brewmaster Yun is the “only Black Spoon” with unexpected skills.

Ven. Sunjae ..earthy and humble food. Less is more.

Chef Hu Deok juk…he supposedly watched this show with his grandkids, yet he chose to enter this war. A legend.

Chef Kang rok…low key but powerful. He loves seafood so much.

Chef Son 🥹 too bad he was eliminated. Wish we could see him in the final round.",threads,63237203616,asyikin.tina
[],2026-01-14T16:46:28.304834+07:00,"History repeats itself. 

#Venezuela is #Iraq all over again, but without a full-scale war.",2026-01-03T23:55:11+07:00,,3802046728933864227,threads,threads.com,threads_crawler_v1,https://www.threads.net/@khaledbeydoun/post/DTDlVsZifMj,https://instagram.fhan4-6.fna.fbcdn.net/v/t51.2885-19/358003508_284971144021917_5673693727691007851_n.jpg?stp=dst-jpg_s150x150_tt6&efg=eyJ2ZW5jb2RlX3RhZyI6InByb2ZpbGVfcGljLmRqYW5nby4zMjAuZXhwZXJpbWVudGFsIn0&_nc_ht=instagram.fhan4-6.fna.fbcdn.net&_nc_cat=109&_nc_oc=Q6cZ2QEn0KFpR9aVUqWRo3GYKPF3SCEF2NIOXnRoc7UdlkVHBlkxTcBCeMlmhdzt2yc19gA&_nc_ohc=C71A12jfk8kQ7kNvwGEE0pp&_nc_gid=K89LHF3ZKu9YEEYaRalapQ&edm=AJhczIQBAAAA&ccb=7-5&oh=00_AfpEDlUxbx9YNXYFVH3agKCYIESjxAGa99z3CLJYyQb78Q&oe=696D37E8&_nc_sid=4a2096,546,0,24147,3495,0,['https://instagram.fhan4-3.fna.fbcdn.net/v/t51.2885-15/609889639_18545982016065528_6440968869774669954_n.jpg?stp=dst-jpg_e35_tt6&efg=eyJ2ZW5jb2RlX3RhZyI6InRocmVhZHMuRkVFRC5pbWFnZV91cmxnZW4uMTQ0MHgxNjcyLnNkci5mODI3ODcuZGVmYXVsdF9pbWFnZS5leHBlcmltZW50YWwifQ&_nc_ht=instagram.fhan4-3.fna.fbcdn.net&_nc_cat=100&_nc_oc=Q6cZ2QEn0KFpR9aVUqWRo3GYKPF3SCEF2NIOXnRoc7UdlkVHBlkxTcBCeMlmhdzt2yc19gA&_nc_ohc=sR-ZZAht2EwQ7kNvwGlGAN4&_nc_gid=K89LHF3ZKu9YEEYaRalapQ&edm=AJhczIQBAAAA&ccb=7-5&ig_cache_key=MzgwMjA0NjcyODkzMzg2NDIyNw%3D%3D.3-ccb7-5&oh=00_AfpVSb1pQBhNZ8r7FSv3aF5o3nivrXHkai-MEdzY6E5FNg&oe=696D4880&_nc_sid=4a2096'],,https://www.threads.net/@khaledbeydoun/post/DTDlVsZifMj,[],"{'likes': 24147, 'reposts': 3417, 'quotes': 78}",threads,3802046728933864227,Khaled Beydoun,,"History repeats itself. 

#Venezuela is #Iraq all over again, but without a full-scale war.",threads,63104578678,khaledbeydoun
[],2026-01-14T16:46:28.305033+07:00,Europe will go to war against the USA if Trump touches Greenland.  Think carefully about what this means.,2026-01-07T06:04:22+07:00,,3804406878189996290,threads,threads.com,threads_crawler_v1,https://www.threads.net/@gaymennonite/post/DTL9-YrkUkC,https://instagram.fhan4-1.fna.fbcdn.net/v/t51.2885-19/358360833_788167542990785_3676788068655524907_n.jpg?stp=dst-jpg_s150x150_tt6&efg=eyJ2ZW5jb2RlX3RhZyI6InByb2ZpbGVfcGljLmRqYW5nby4xMDgwLmV4cGVyaW1lbnRhbCJ9&_nc_ht=instagram.fhan4-1.fna.fbcdn.net&_nc_cat=105&_nc_oc=Q6cZ2QEn0KFpR9aVUqWRo3GYKPF3SCEF2NIOXnRoc7UdlkVHBlkxTcBCeMlmhdzt2yc19gA&_nc_ohc=YYyvTxQ6gm8Q7kNvwHNPWZP&_nc_gid=K89LHF3ZKu9YEEYaRalapQ&edm=AJhczIQBAAAA&ccb=7-5&oh=00_AfpmVmXPDys-AFrC8ARzReNTwArMDnn7vv-Nq-844CpZVg&oe=696D3E84&_nc_sid=4a2096,484,0,2520,460,0,['https://instagram.fhan4-6.fna.fbcdn.net/v/t51.2885-15/610955426_17935935810113204_5407652371367126203_n.jpg?stp=cp6_dst-jpg_e35_tt6&efg=eyJ2ZW5jb2RlX3RhZyI6InRocmVhZHMuRkVFRC5pbWFnZV91cmxnZW4uMTI4NHgxNTY1LnNkci5mODI3ODcuZGVmYXVsdF9pbWFnZS5leHBlcmltZW50YWwifQ&_nc_ht=instagram.fhan4-6.fna.fbcdn.net&_nc_cat=108&_nc_oc=Q6cZ2QEn0KFpR9aVUqWRo3GYKPF3SCEF2NIOXnRoc7UdlkVHBlkxTcBCeMlmhdzt2yc19gA&_nc_ohc=PG9CngDA_bUQ7kNvwFbFdQc&_nc_gid=K89LHF3ZKu9YEEYaRalapQ&edm=AJhczIQBAAAA&ccb=7-5&ig_cache_key=MzgwNDQwNjg3ODE4OTk5NjI5MA%3D%3D.3-ccb7-5&oh=00_Afr6b9fwCHcuhJS5aW6GwE5PdMx-WkVu_x3I183zYqC09Q&oe=696D2848&_nc_sid=4a2096'],,https://www.threads.net/@gaymennonite/post/DTL9-YrkUkC,[],"{'likes': 2520, 'reposts': 430, 'quotes': 30}",threads,3804406878189996290,Michael Steele,,Europe will go to war against the USA if Trump touches Greenland.  Think carefully about what this means.,threads,63478529203,gaymennonite
[],2026-01-14T16:46:59.780022+07:00,"2024 Trump: No more wars. I am the candidate of peace... 2025 Trump: Let's bomb Iran, strike Caribbean boats, start war with Venezuela, and bomb Nigeria on Christmas. 🤔 Trump voters: Feel like suckers yet?",2025-12-29T06:29:49+07:00,,3797896702615111303,threads,threads.com,threads_crawler_v1,https://www.threads.net/@howardocnnor0306/post/DS01u3NAEaH,https://instagram.fhan3-3.fna.fbcdn.net/v/t51.2885-19/608958778_17879029842444157_3584915787088479857_n.jpg?stp=dst-jpg_s150x150_tt6&efg=eyJ2ZW5jb2RlX3RhZyI6InByb2ZpbGVfcGljLmRqYW5nby4xMDgwLmMyIn0&_nc_ht=instagram.fhan3-3.fna.fbcdn.net&_nc_cat=101&_nc_oc=Q6cZ2QHyqt-TkJfLsUb3uzk9-pTl9e0uVfMnZla2v6QeJm-zSSCAjzTb8yuBJV6wljlGk0Y&_nc_ohc=9UEJS6cL3gsQ7kNvwEiHBQ3&_nc_gid=MuTwRLpRXEm3QhS2-NbIeA&edm=AJhczIQBAAAA&ccb=7-5&oh=00_AfriL9wxFGwiriYUybRD9RJGjKyE73t_cB1QEABt2WGF1w&oe=696D4E91&_nc_sid=4a2096,178,0,168,12,0,[],,https://www.threads.net/@howardocnnor0306/post/DS01u3NAEaH,[],"{'likes': 168, 'reposts': 11, 'quotes': 1}",threads,3797896702615111303,Howard Oconnor,,"2024 Trump: No more wars. I am the candidate of peace... 2025 Trump: Let's bomb Iran, strike Caribbean boats, start war with Venezuela, and bomb Nigeria on Christmas. 🤔 Trump voters: Feel like suckers yet?",threads,73291860156,howardocnnor0306
[],2026-01-14T16:46:59.780409+07:00,"Trong tất cả những cái ngoo thì bm lại chọn cái ngoo nhất là war với ghẻ của BP, quá giỏi cho fandom vài tháng tuổi😌👏",2025-12-20T12:40:37+07:00,,3791560354125026148,threads,threads.com,threads_crawler_v1,https://www.threads.net/@youallsea_0202/post/DSeVA20E5Nk,https://instagram.fhan4-1.fna.fbcdn.net/v/t51.2885-19/610187719_17912383782269573_7774285138243556781_n.jpg?stp=dst-jpg_s150x150_tt6&efg=eyJ2ZW5jb2RlX3RhZyI6InByb2ZpbGVfcGljLmRqYW5nby4xMDgwLmMyIn0&_nc_ht=instagram.fhan4-1.fna.fbcdn.net&_nc_cat=105&_nc_oc=Q6cZ2QHyqt-TkJfLsUb3uzk9-pTl9e0uVfMnZla2v6QeJm-zSSCAjzTb8yuBJV6wljlGk0Y&_nc_ohc=AutNObLUby8Q7kNvwHGy6U_&_nc_gid=MuTwRLpRXEm3QhS2-NbIeA&edm=AJhczIQBAAAA&ccb=7-5&oh=00_AfrfMB86X8L4aS-Rl7KtDHB1AZmxKALAwjRBVnGOAMd0Lw&oe=696D4990&_nc_sid=4a2096,29,0,414,36,0,['https://instagram.fhan4-1.fna.fbcdn.net/v/t51.2885-15/602474012_17910715353269573_8784683669125321084_n.webp?efg=eyJ2ZW5jb2RlX3RhZyI6InRocmVhZHMuRkVFRC5pbWFnZV91cmxnZW4uNzM2eDczNi5zZHIuZjgyNzg3LmRlZmF1bHRfaW1hZ2UuYzIifQ&_nc_ht=instagram.fhan4-1.fna.fbcdn.net&_nc_cat=105&_nc_oc=Q6cZ2QHyqt-TkJfLsUb3uzk9-pTl9e0uVfMnZla2v6QeJm-zSSCAjzTb8yuBJV6wljlGk0Y&_nc_ohc=6fdL7wXhhegQ7kNvwG-aWFE&_nc_gid=MuTwRLpRXEm3QhS2-NbIeA&edm=AJhczIQBAAAA&ccb=7-5&ig_cache_key=Mzc5MTU2MDM1NDEyNTAyNjE0OA%3D%3D.3-ccb7-5&oh=00_AfqmppGd1ZCWHl5UnDA3gom4LLTdP7KtzjQpp8OQXq5yjg&oe=696D1CCE&_nc_sid=4a2096'],,https://www.threads.net/@youallsea_0202/post/DSeVA20E5Nk,[],"{'likes': 414, 'reposts': 36, 'quotes': 0}",threads,3791560354125026148,Chôm Chôm,,"Trong tất cả những cái ngoo thì bm lại chọn cái ngoo nhất là war với ghẻ của BP, quá giỏi cho fandom vài tháng tuổi😌👏",threads,68019757572,youallsea_0202
[],2026-01-14T16:46:59.780637+07:00,"Russia can not achieve a military victory in Ukraine. Its literally impossible.

This war is effectively over.",2025-12-28T18:08:18+07:00,,3797523487431954902,threads,threads.com,threads_crawler_v1,https://www.threads.net/@l._domenico/post/DSzg33elZHW,https://instagram.fhan4-1.fna.fbcdn.net/v/t51.2885-19/526611926_17901199914245993_6741614507568291500_n.jpg?stp=dst-jpg_s150x150_tt6&efg=eyJ2ZW5jb2RlX3RhZyI6InByb2ZpbGVfcGljLmRqYW5nby4xMDgwLmMyIn0&_nc_ht=instagram.fhan4-1.fna.fbcdn.net&_nc_cat=105&_nc_oc=Q6cZ2QHyqt-TkJfLsUb3uzk9-pTl9e0uVfMnZla2v6QeJm-zSSCAjzTb8yuBJV6wljlGk0Y&_nc_ohc=Idk4zMkeAG8Q7kNvwG3vp4M&_nc_gid=MuTwRLpRXEm3QhS2-NbIeA&edm=AJhczIQBAAAA&ccb=7-5&oh=00_AfrNZUtczdi9o9eMm5BPp2HzMd9W2sf7JbqYsjK4tx_66A&oe=696D34B4&_nc_sid=4a2096,65,0,422,21,0,['https://instagram.fhan4-1.fna.fbcdn.net/v/t51.2885-15/607170289_17917660680245993_5702578179165919194_n.webp?efg=eyJ2ZW5jb2RlX3RhZyI6InRocmVhZHMuRkVFRC5pbWFnZV91cmxnZW4uOTU0eDEzMTQuc2RyLmY4Mjc4Ny5kZWZhdWx0X2ltYWdlLmMyIn0&_nc_ht=instagram.fhan4-1.fna.fbcdn.net&_nc_cat=105&_nc_oc=Q6cZ2QHyqt-TkJfLsUb3uzk9-pTl9e0uVfMnZla2v6QeJm-zSSCAjzTb8yuBJV6wljlGk0Y&_nc_ohc=77hHgVxzHmcQ7kNvwG1oPUc&_nc_gid=MuTwRLpRXEm3QhS2-NbIeA&edm=AJhczIQBAAAA&ccb=7-5&ig_cache_key=Mzc5NzUyMzQ4NzQzMTk1NDkwMg%3D%3D.3-ccb7-5&oh=00_AfpIF9v0olISD8y6q9zyq1-8R47-irHETpawjraiC4E5mw&oe=696D2C7A&_nc_sid=4a2096'],,https://www.threads.net/@l._domenico/post/DSzg33elZHW,[],"{'likes': 422, 'reposts': 19, 'quotes': 2}",threads,3797523487431954902,Luiz Domenico,,"Russia can not achieve a military victory in Ukraine. Its literally impossible.

This war is effectively over.",threads,67240053992,l._domenico
[],2026-01-14T16:46:59.780825+07:00,"“nếu đc học gia sư toán thì bạn muốn học với ai trong số các thí sinh tham gia?” chủ post chọn donggeon. bên dưới cmt có kai-jihoo, all team snu stem, ain, seunghyun, ain, dongjae, taehoon.. 
nếu là tôi thì tôi chọn donggeon hoặc jihoo (và ain) 😘",2025-12-25T22:04:30+07:00,,3795468038171698031,threads,threads.com,threads_crawler_v1,https://www.threads.net/@128g__/post/DSsNhJLkqNv,https://instagram.fhan4-5.fna.fbcdn.net/v/t51.2885-19/565926123_17925942198114674_5412111411411148673_n.jpg?stp=dst-jpg_s150x150_tt6&efg=eyJ2ZW5jb2RlX3RhZyI6InByb2ZpbGVfcGljLmRqYW5nby4zODAuYzIifQ&_nc_ht=instagram.fhan4-5.fna.fbcdn.net&_nc_cat=102&_nc_oc=Q6cZ2QHyqt-TkJfLsUb3uzk9-pTl9e0uVfMnZla2v6QeJm-zSSCAjzTb8yuBJV6wljlGk0Y&_nc_ohc=ksjnn1hREiUQ7kNvwEyuW7B&_nc_gid=MuTwRLpRXEm3QhS2-NbIeA&edm=AJhczIQBAAAA&ccb=7-5&oh=00_AfrISG55wu_Phki4QpM2MQgZPyuAyOQMMf9CpwImtaiovQ&oe=696D3577&_nc_sid=4a2096,0,0,5,0,0,['https://instagram.fhan4-5.fna.fbcdn.net/v/t51.2885-15/606960601_17933595021114674_5322254583484149678_n.jpg?stp=dst-jpg_e35_tt6&efg=eyJ2ZW5jb2RlX3RhZyI6InRocmVhZHMuRkVFRC5pbWFnZV91cmxnZW4uODI4eDE3OTIuc2RyLmY4Mjc4Ny5kZWZhdWx0X2ltYWdlLmMyIn0&_nc_ht=instagram.fhan4-5.fna.fbcdn.net&_nc_cat=102&_nc_oc=Q6cZ2QHyqt-TkJfLsUb3uzk9-pTl9e0uVfMnZla2v6QeJm-zSSCAjzTb8yuBJV6wljlGk0Y&_nc_ohc=0bJhCGUvM_QQ7kNvwFcReOu&_nc_gid=MuTwRLpRXEm3QhS2-NbIeA&edm=AJhczIQBAAAA&ccb=7-5&ig_cache_key=Mzc5NTQ2ODAzODE3MTY5ODAzMQ%3D%3D.3-ccb7-5&oh=00_AfrgiV6anagUYoIPnkNGwg_YZ3-EzSV4RoaISrwyffMH8A&oe=696D3FBD&_nc_sid=4a2096'],,https://www.threads.net/@128g__/post/DSsNhJLkqNv,[],"{'likes': 5, 'reposts': 0, 'quotes': 0}",threads,3795468038171698031,,university war 3,"“nếu đc học gia sư toán thì bạn muốn học với ai trong số các thí sinh tham gia?” chủ post chọn donggeon. bên dưới cmt có kai-jihoo, all team snu stem, ain, seunghyun, ain, dongjae, taehoon.. 
nếu là tôi thì tôi chọn donggeon hoặc jihoo (và ain) 😘",threads,63371826673,128g__
[],2026-01-14T16:46:59.780991+07:00,Are we witnessing the beginning of the second American civil war?,2026-01-08T09:09:03+07:00,,3805224608338293481,threads,threads.com,threads_crawler_v1,https://www.threads.net/@troy.anthony.young/post/DTO357OlDLp,https://instagram.fhan3-4.fna.fbcdn.net/v/t51.2885-19/466397056_532115459789778_425775203334556359_n.jpg?stp=dst-jpg_s150x150_tt6&efg=eyJ2ZW5jb2RlX3RhZyI6InByb2ZpbGVfcGljLmRqYW5nby40NzAuYzIifQ&_nc_ht=instagram.fhan3-4.fna.fbcdn.net&_nc_cat=106&_nc_oc=Q6cZ2QHyqt-TkJfLsUb3uzk9-pTl9e0uVfMnZla2v6QeJm-zSSCAjzTb8yuBJV6wljlGk0Y&_nc_ohc=YQt5m30KkwoQ7kNvwEK1uz2&_nc_gid=MuTwRLpRXEm3QhS2-NbIeA&edm=AJhczIQBAAAA&ccb=7-5&oh=00_Afoj5WkdVJgoErIxx_CB-6O90VYLCx3hc_KDuRYtasjorg&oe=696D4AD9&_nc_sid=4a2096,298,0,506,17,0,[],,https://www.threads.net/@troy.anthony.young/post/DTO357OlDLp,[],"{'likes': 506, 'reposts': 15, 'quotes': 2}",threads,3805224608338293481,Troy Anthony Young,,Are we witnessing the beginning of the second American civil war?,threads,68025879281,troy.anthony.young
[],2026-01-14T16:46:59.781155+07:00,"We are about to invade Venezuela for two reasons: 
1. Oil
2. To distract from the Epstein files imminent release
Neither of these are a justification for sending American troops into war.",2025-11-25T07:31:29+07:00,,3773285363784479071,threads,threads.com,threads_crawler_v1,https://www.threads.net/@brooke.talks.politics/post/DRdZwvwjfFf,https://instagram.fhan4-3.fna.fbcdn.net/v/t51.2885-19/495033086_17853989538430224_9097758018271994927_n.jpg?stp=dst-jpg_s150x150_tt6&efg=eyJ2ZW5jb2RlX3RhZyI6InByb2ZpbGVfcGljLmRqYW5nby45NzUuYzIifQ&_nc_ht=instagram.fhan4-3.fna.fbcdn.net&_nc_cat=100&_nc_oc=Q6cZ2QHyqt-TkJfLsUb3uzk9-pTl9e0uVfMnZla2v6QeJm-zSSCAjzTb8yuBJV6wljlGk0Y&_nc_ohc=D54CYS06RoYQ7kNvwHQjpPk&_nc_gid=MuTwRLpRXEm3QhS2-NbIeA&edm=AJhczIQBAAAA&ccb=7-5&oh=00_Afrps683XxhmLNa20pc3VMXomEeGZMI_02Pp3jpgjPHbfQ&oe=696D2E37&_nc_sid=4a2096,187,0,5203,558,0,[],,https://www.threads.net/@brooke.talks.politics/post/DRdZwvwjfFf,[],"{'likes': 5203, 'reposts': 535, 'quotes': 23}",threads,3773285363784479071,Brooke Talks,Venezuela,"We are about to invade Venezuela for two reasons: 
1. Oil
2. To distract from the Epstein files imminent release
Neither of these are a justification for sending American troops into war.",threads,72923907938,brooke.talks.politics
[],2026-01-14T16:46:59.781321+07:00,"Dear Canada, now that Australia has officially entered the trade war,  we are getting our emus battle-ready to fight alongside your geese. The history of war between emus & humans is thus far emus 2 - humans 0. 
We've got this!",2025-03-12T15:54:20+07:00,,3586546321294504100,threads,threads.com,threads_crawler_v1,https://www.threads.net/@lucyvs16/post/DHF-OB7PjCk,https://instagram.fhan3-2.fna.fbcdn.net/v/t51.2885-19/484293803_641672161792303_5432452012631989418_n.jpg?stp=dst-jpg_s150x150_tt6&efg=eyJ2ZW5jb2RlX3RhZyI6InByb2ZpbGVfcGljLmRqYW5nby4xMDgwLmMyIn0&_nc_ht=instagram.fhan3-2.fna.fbcdn.net&_nc_cat=107&_nc_oc=Q6cZ2QHyqt-TkJfLsUb3uzk9-pTl9e0uVfMnZla2v6QeJm-zSSCAjzTb8yuBJV6wljlGk0Y&_nc_ohc=3NjroGaJD3UQ7kNvwEtaa-3&_nc_gid=MuTwRLpRXEm3QhS2-NbIeA&edm=AJhczIQBAAAA&ccb=7-5&oh=00_Afr4vICm7TkzMufWg2HkkiSBMaiBUkNAPpRo4vGwGlK6gw&oe=696D2F92&_nc_sid=4a2096,1825,0,18308,555,0,['https://instagram.fhan4-6.fna.fbcdn.net/v/t51.2885-15/483911148_17899291074116768_3357738078339937454_n.webp?efg=eyJ2ZW5jb2RlX3RhZyI6InRocmVhZHMuRkVFRC5pbWFnZV91cmxnZW4uMzI1NngyMjM2LnNkci5mNzU3NjEuZGVmYXVsdF9pbWFnZS5jMiJ9&_nc_ht=instagram.fhan4-6.fna.fbcdn.net&_nc_cat=108&_nc_oc=Q6cZ2QHyqt-TkJfLsUb3uzk9-pTl9e0uVfMnZla2v6QeJm-zSSCAjzTb8yuBJV6wljlGk0Y&_nc_ohc=TWgoXOrjqKcQ7kNvwH_szqG&_nc_gid=MuTwRLpRXEm3QhS2-NbIeA&edm=AJhczIQBAAAA&ccb=7-5&ig_cache_key=MzU4NjU0NjMyMTI5NDUwNDEwMA%3D%3D.3-ccb7-5&oh=00_Afow1qYuBtFKrlpW_koM_5PA8P3Nyl5U5Xosf2lqZrruzA&oe=696D51C2&_nc_sid=4a2096'],,https://www.threads.net/@lucyvs16/post/DHF-OB7PjCk,[],"{'likes': 18308, 'reposts': 502, 'quotes': 53}",threads,3586546321294504100,Lucy Smailes,Canada,"Dear Canada, now that Australia has officially entered the trade war,  we are getting our emus battle-ready to fight alongside your geese. The history of war between emus & humans is thus far emus 2 - humans 0. 
We've got this!",threads,63472436767,lucyvs16
[],2026-01-14T16:46:59.781504+07:00,"Lilith refused to kneel. Hecate lit the path. Sekhmet turned rage into fire.

Kali destroyed to create. The Morrigan crowned warriors in blood. Artemis ran free.

Freyja took love and war in equal measure. Aphrodite didn’t just inspire desire—she commanded it.

Venus never settled. Medusa never forgave. Persephone walked into the underworld and made it her throne.

You cannot invoke goddesses like these and stay small. You were meant to be untamed.",2025-02-20T23:04:59+07:00,,3572267556889293190,threads,threads.com,threads_crawler_v1,https://www.threads.net/@the_magick_lounge/post/DGTPmqTCfGG,https://instagram.fhan3-4.fna.fbcdn.net/v/t51.2885-19/559133346_17895185046319348_1064532326794689513_n.jpg?stp=dst-jpg_s150x150_tt6&efg=eyJ2ZW5jb2RlX3RhZyI6InByb2ZpbGVfcGljLmRqYW5nby4xMDgwLmMyIn0&_nc_ht=instagram.fhan3-4.fna.fbcdn.net&_nc_cat=104&_nc_oc=Q6cZ2QHyqt-TkJfLsUb3uzk9-pTl9e0uVfMnZla2v6QeJm-zSSCAjzTb8yuBJV6wljlGk0Y&_nc_ohc=x1zfNt4L7WEQ7kNvwHWKVZA&_nc_gid=MuTwRLpRXEm3QhS2-NbIeA&edm=AJhczIQBAAAA&ccb=7-5&oh=00_AfpAG2RZXxOmFvWreuA4sWIHLOPdw8qmtRRkjVE6XjAAGw&oe=696D305A&_nc_sid=4a2096,50,0,9910,1260,0,[],,https://www.threads.net/@the_magick_lounge/post/DGTPmqTCfGG,[],"{'likes': 9910, 'reposts': 1209, 'quotes': 51}",threads,3572267556889293190,The Magick Lounge | Witchcraft & Tarot Readings,,"Lilith refused to kneel. Hecate lit the path. Sekhmet turned rage into fire.

Kali destroyed to create. The Morrigan crowned warriors in blood. Artemis ran free.

Freyja took love and war in equal measure. Aphrodite didn’t just inspire desire—she commanded it.

Venus never settled. Medusa never forgave. Persephone walked into the underworld and made it her throne.

You cannot invoke goddesses like these and stay small. You were meant to be untamed.",threads,69474455347,the_magick_lounge
[],2026-01-14T16:46:59.781676+07:00,"Hi new followers!
A bit about me:
I was born in Iran. I spent my childhood living through the Iran-Iraq war—a bloody ordeal that killed ≈1M ppl.
At 7 I was used to going to funerals. 
At 13 I was stitching up wounds in a hospital as a volunteer. 
At 14 I escaped to the U.S. as an unaccompanied minor.
I’ve spent my adult life here sharing joy & building spaces of belonging w/refugees—focusing on children. 
I’ve seen what war does—it lives in me, & I recognize its echoes in every face I meet⤵️",2025-06-22T01:30:55+07:00,,3660038872035347927,threads,threads.com,threads_crawler_v1,https://www.threads.net/@rumiwithaview/post/DLLEfZfyc3X,https://instagram.fhan3-3.fna.fbcdn.net/v/t51.2885-19/340728458_616931313223139_6970489017923437606_n.jpg?stp=dst-jpg_s150x150_tt6&efg=eyJ2ZW5jb2RlX3RhZyI6InByb2ZpbGVfcGljLmRqYW5nby4xMDgwLmMyIn0&_nc_ht=instagram.fhan3-3.fna.fbcdn.net&_nc_cat=111&_nc_oc=Q6cZ2QHyqt-TkJfLsUb3uzk9-pTl9e0uVfMnZla2v6QeJm-zSSCAjzTb8yuBJV6wljlGk0Y&_nc_ohc=u6qEI2-J1UcQ7kNvwFak5Yb&_nc_gid=MuTwRLpRXEm3QhS2-NbIeA&edm=AJhczIQBAAAA&ccb=7-5&oh=00_AfrgCMUWfFdQbyagARrR42loWROZxw1kKmzktzR8TbntCQ&oe=696D5173&_nc_sid=4a2096,122,0,5976,332,0,[],,https://www.threads.net/@rumiwithaview/post/DLLEfZfyc3X,[],"{'likes': 5976, 'reposts': 315, 'quotes': 17}",threads,3660038872035347927,Ari Honarvar,,"Hi new followers!
A bit about me:
I was born in Iran. I spent my childhood living through the Iran-Iraq war—a bloody ordeal that killed ≈1M ppl.
At 7 I was used to going to funerals. 
At 13 I was stitching up wounds in a hospital as a volunteer. 
At 14 I escaped to the U.S. as an unaccompanied minor.
I’ve spent my adult life here sharing joy & building spaces of belonging w/refugees—focusing on children. 
I’ve seen what war does—it lives in me, & I recognize its echoes in every face I meet⤵️",threads,63308769277,rumiwithaview
[],2026-01-14T16:46:59.781834+07:00,Support Ukraine! The most beautiful country with amazing people UkraineRussiaWar,2025-03-02T10:17:53+07:00,,3579129035799716074,threads,threads.com,threads_crawler_v1,https://www.threads.net/@nouman_8219/post/DGrnuUgIODq,https://instagram.fhan3-3.fna.fbcdn.net/v/t51.2885-19/520258764_17885066838330073_8791790915422464511_n.jpg?stp=dst-jpg_s150x150_tt6&efg=eyJ2ZW5jb2RlX3RhZyI6InByb2ZpbGVfcGljLmRqYW5nby4xMDgwLmMyIn0&_nc_ht=instagram.fhan3-3.fna.fbcdn.net&_nc_cat=101&_nc_oc=Q6cZ2QHyqt-TkJfLsUb3uzk9-pTl9e0uVfMnZla2v6QeJm-zSSCAjzTb8yuBJV6wljlGk0Y&_nc_ohc=AiXf4g3Qx8YQ7kNvwEPSIyq&_nc_gid=MuTwRLpRXEm3QhS2-NbIeA&edm=AJhczIQBAAAA&ccb=7-5&oh=00_Afo3OHm11Rm5DSZtE9WRLZRadEKjnA2GnNYFfhU7PNLe-g&oe=696D4C1D&_nc_sid=4a2096,84,0,3493,79,0,"['https://instagram.fhan3-3.fna.fbcdn.net/v/t51.2885-15/482701439_17868009741330073_6464061647979059945_n.jpg?stp=dst-jpg_e15_tt6&efg=eyJ2ZW5jb2RlX3RhZyI6InRocmVhZHMuRkVFRC5pbWFnZV91cmxnZW4uNTc2eDEwMjQuc2RyLmY3NTc2MS5kZWZhdWx0X2NvdmVyX2ZyYW1lLmMyIn0&_nc_ht=instagram.fhan3-3.fna.fbcdn.net&_nc_cat=101&_nc_oc=Q6cZ2QHyqt-TkJfLsUb3uzk9-pTl9e0uVfMnZla2v6QeJm-zSSCAjzTb8yuBJV6wljlGk0Y&_nc_ohc=37-e51nmMWQQ7kNvwFaL5so&_nc_gid=MuTwRLpRXEm3QhS2-NbIeA&edm=AJhczIQBAAAA&ccb=7-5&ig_cache_key=MzU3OTEyOTAzNTc5OTcxNjA3NA%3D%3D.3-ccb7-5&oh=00_AfpXQvqrR2WLUdOlXYtqXEYnHiMGFUIAgXELiILtmSho5g&oe=696D2A75&_nc_sid=4a2096', 'https://instagram.fhan3-2.fna.fbcdn.net/o1/v/t16/f2/m84/AQO8jljgVm8JwO2RVCv4SCUMjnHPVnfICfEGkptO5n1rDWHsLO20KU_ElmmdRpRqVodJ-T-LcIR18kTWaPb-JDdXP701qMDq90FRRS4.mp4?_nc_cat=107&_nc_oc=AdmqWmwMEVJh1RWE8O91pW5NmJhq7uJ6Tr6qEDxbGJfLdK77UwG-gte7-Y47QYaLqE4&_nc_sid=5e9851&_nc_ht=instagram.fhan3-2.fna.fbcdn.net&_nc_ohc=VCNjoXuVwAUQ7kNvwGidiGR&efg=eyJ2ZW5jb2RlX3RhZyI6Inhwdl9wcm9ncmVzc2l2ZS5JTlNUQUdSQU0uRkVFRC5DMy41NzYuZGFzaF9iYXNlbGluZV8xX3YxIiwieHB2X2Fzc2V0X2lkIjo2NzQ0MDc4MDgyNDk1NzAsImFzc2V0X2FnZV9kYXlzIjozMTgsInZpX3VzZWNhc2VfaWQiOjEwMTY0LCJkdXJhdGlvbl9zIjoxOSwidXJsZ2VuX3NvdXJjZSI6Ind3dyJ9&ccb=17-1&_nc_gid=MuTwRLpRXEm3QhS2-NbIeA&_nc_zt=28&vs=7f23b6ae38925b39&_nc_vs=HBksFQIYTGlnX2JhY2tmaWxsX3RpbWVsaW5lX3ZvZC8zMzREMDMyQTQwRTAzMTlEQUJFMkE3MkRFOUQ4QUY4NV92aWRlb19kYXNoaW5pdC5tcDQVAALIARIAFQIYOnBhc3N0aHJvdWdoX2V2ZXJzdG9yZS9HR0xZdUJ6emUzTlNSVlFFQVBkMTgwREZBY1FXYmtZTEFBQUYVAgLIARIAKAAYABsCiAd1c2Vfb2lsATEScHJvZ3Jlc3NpdmVfcmVjaXBlATEVAAAmxLvB3dnXsgIVAigCQzMsF0Az7tkWhysCGBJkYXNoX2Jhc2VsaW5lXzFfdjERAHXqB2XongEA&oh=00_AfqQcwWd4YSjVK8oPGX-qrzVSH6UP1g5Ny-FcpLUFsiHFw&oe=696944A5']",,https://www.threads.net/@nouman_8219/post/DGrnuUgIODq,[],"{'likes': 3493, 'reposts': 78, 'quotes': 1}",threads,3579129035799716074,,UkraineRussiaWar,Support Ukraine! The most beautiful country with amazing people UkraineRussiaWar,threads,69929554072,nouman_8219
[],2026-01-14T16:46:59.781993+07:00,Bị kick war 1 phát mà nhà mình vote cháy bỏng dữ vậyyy,2025-12-17T13:19:24+07:00,,3789405547381529425,threads,threads.com,threads_crawler_v1,https://www.threads.net/@kockoo9987/post/DSWrESpkhtR,https://instagram.fhan3-3.fna.fbcdn.net/v/t51.2885-19/612415891_17861218476575423_2507008204343982246_n.jpg?stp=dst-jpg_s150x150_tt6&efg=eyJ2ZW5jb2RlX3RhZyI6InByb2ZpbGVfcGljLmRqYW5nby4xMDgwLmMyIn0&_nc_ht=instagram.fhan3-3.fna.fbcdn.net&_nc_cat=111&_nc_oc=Q6cZ2QHyqt-TkJfLsUb3uzk9-pTl9e0uVfMnZla2v6QeJm-zSSCAjzTb8yuBJV6wljlGk0Y&_nc_ohc=D2n80KO8CNkQ7kNvwGXssiP&_nc_gid=MuTwRLpRXEm3QhS2-NbIeA&edm=AJhczIQBAAAA&ccb=7-5&oh=00_AfpQDfXmrcKgS-kLYltbNBIpcS95JiBO_qHqSiSlrvyLwg&oe=696D2907&_nc_sid=4a2096,92,0,2734,161,0,['https://instagram.fhan3-3.fna.fbcdn.net/v/t51.2885-15/591156461_17857700577575423_9119183387220743643_n.jpg?stp=dst-jpg_e35_tt6&efg=eyJ2ZW5jb2RlX3RhZyI6InRocmVhZHMuRkVFRC5pbWFnZV91cmxnZW4uMTA4MHgyNjEuc2RyLmY4Mjc4Ny5kZWZhdWx0X2ltYWdlLmMyIn0&_nc_ht=instagram.fhan3-3.fna.fbcdn.net&_nc_cat=111&_nc_oc=Q6cZ2QHyqt-TkJfLsUb3uzk9-pTl9e0uVfMnZla2v6QeJm-zSSCAjzTb8yuBJV6wljlGk0Y&_nc_ohc=QN3dg66J8vYQ7kNvwFOHSY1&_nc_gid=MuTwRLpRXEm3QhS2-NbIeA&edm=AJhczIQBAAAA&ccb=7-5&ig_cache_key=Mzc4OTQwNTU0NzM4MTUyOTQyNQ%3D%3D.3-ccb7-5&oh=00_AfqsTpumqak9bBTIM2EdTPgz405lPg8AAKPtoJ72F2Bqew&oe=696D31B9&_nc_sid=4a2096'],,https://www.threads.net/@kockoo9987/post/DSWrESpkhtR,[],"{'likes': 2734, 'reposts': 158, 'quotes': 3}",threads,3789405547381529425,elmmm,CONGB ANH TRAI SAY HI 2025,Bị kick war 1 phát mà nhà mình vote cháy bỏng dữ vậyyy,threads,77221007422,kockoo9987
[],2026-01-14T16:46:59.782192+07:00,"It’s 1991, I’m 1 years old. A republican president is at war for oil.

It’s 2002, I’m 11 years old. A republican president is at war for oil.

It’s 2026, I’m 35 years old. A republican president is at war for oil.",2026-01-04T02:52:14+07:00,,3802135844447491267,threads,threads.com,threads_crawler_v1,https://www.threads.net/@heyshawnq/post/DTD5mfsEpTD,https://instagram.fhan4-5.fna.fbcdn.net/v/t51.2885-19/357998990_821946252818127_6939217173920556564_n.jpg?stp=dst-jpg_s150x150_tt6&efg=eyJ2ZW5jb2RlX3RhZyI6InByb2ZpbGVfcGljLmRqYW5nby40ODAuYzIifQ&_nc_ht=instagram.fhan4-5.fna.fbcdn.net&_nc_cat=103&_nc_oc=Q6cZ2QHyqt-TkJfLsUb3uzk9-pTl9e0uVfMnZla2v6QeJm-zSSCAjzTb8yuBJV6wljlGk0Y&_nc_ohc=eWVMAokGZtAQ7kNvwENVgrP&_nc_gid=MuTwRLpRXEm3QhS2-NbIeA&edm=AJhczIQBAAAA&ccb=7-5&oh=00_AfqQ53Bxq9qfV1Wnu1UhRPm0RNdwPT7LZNTuF5lgF8inqA&oe=696D3BD2&_nc_sid=4a2096,139,0,17959,2524,0,[],,https://www.threads.net/@heyshawnq/post/DTD5mfsEpTD,[],"{'likes': 17959, 'reposts': 2467, 'quotes': 57}",threads,3802135844447491267,Shawn Quintero,,"It’s 1991, I’m 1 years old. A republican president is at war for oil.

It’s 2002, I’m 11 years old. A republican president is at war for oil.

It’s 2026, I’m 35 years old. A republican president is at war for oil.",threads,63096115706,heyshawnq
[],2026-01-14T16:46:59.782403+07:00,"French senator Claude Malhuret for the muthafuckin' win! This guy unleashed some Battle of Verdun type savagery on Trump with this speech.

On Putin:

""We were at war with a dictator. We are now fighting against a dictator supported by a traitor.""

Quite the epic jab at ketamine boy too.

👏👏👏👏👏👏👏👏👏",2025-03-06T10:25:18+07:00,,3582030429377913745,threads,threads.com,threads_crawler_v1,https://www.threads.net/@johnbava3/post/DG17bJ1teOR,https://instagram.fhan3-4.fna.fbcdn.net/v/t51.2885-19/481314706_917946637084492_6370627876857387376_n.jpg?stp=dst-jpg_s150x150_tt6&efg=eyJ2ZW5jb2RlX3RhZyI6InByb2ZpbGVfcGljLmRqYW5nby4xMDgwLmMyIn0&_nc_ht=instagram.fhan3-4.fna.fbcdn.net&_nc_cat=104&_nc_oc=Q6cZ2QHyqt-TkJfLsUb3uzk9-pTl9e0uVfMnZla2v6QeJm-zSSCAjzTb8yuBJV6wljlGk0Y&_nc_ohc=J4mWIyMiURkQ7kNvwEZuD3P&_nc_gid=MuTwRLpRXEm3QhS2-NbIeA&edm=AJhczIQBAAAA&ccb=7-5&oh=00_AfqKYgfzZRvgcbrcGmbfndFX1bLEiQeYCBY9zBCKki_K3A&oe=696D41A4&_nc_sid=4a2096,299,0,7891,2638,0,"['https://instagram.fhan4-6.fna.fbcdn.net/v/t51.2885-15/483284314_17899026315117260_480110404412257777_n.jpg?stp=dst-jpg_e15_tt6&efg=eyJ2ZW5jb2RlX3RhZyI6InRocmVhZHMuRkVFRC5pbWFnZV91cmxnZW4uNzIweDQwNi5zZHIuZjc1NzYxLmRlZmF1bHRfY292ZXJfZnJhbWUuYzIifQ&_nc_ht=instagram.fhan4-6.fna.fbcdn.net&_nc_cat=108&_nc_oc=Q6cZ2QHyqt-TkJfLsUb3uzk9-pTl9e0uVfMnZla2v6QeJm-zSSCAjzTb8yuBJV6wljlGk0Y&_nc_ohc=6bYKG_nUxLgQ7kNvwHmV2AH&_nc_gid=MuTwRLpRXEm3QhS2-NbIeA&edm=AJhczIQBAAAA&ccb=7-5&ig_cache_key=MzU4MjAzMDQyOTM3NzkxMzc0NQ%3D%3D.3-ccb7-5&oh=00_AfomMiDdduDrp_nur4HiKpBaQeg0YfqtE-nkr9cNqqqw6Q&oe=696D3BDB&_nc_sid=4a2096', 'https://instagram.fhan4-5.fna.fbcdn.net/o1/v/t16/f2/m84/AQP5axigYe35J6MDHzj4znrDCn9sVjtRjS0KJkne6g0Rp18L_MdobaX-1xyADw0LDoIjlFzumTPfKKlJDCY33bVIAIJKKzTnmeb7uYU.mp4?_nc_cat=102&_nc_oc=Admfde8BaM-fhk3jCrs7z7jBlZ2BBJy6nbmIUMgkuclvyt6UDj76rGkUOGqkxN3NOcA&_nc_sid=5e9851&_nc_ht=instagram.fhan4-5.fna.fbcdn.net&_nc_ohc=HIgswY_Shd8Q7kNvwHozpsG&efg=eyJ2ZW5jb2RlX3RhZyI6Inhwdl9wcm9ncmVzc2l2ZS5JTlNUQUdSQU0uRkVFRC5DMy4xMjgwLmRhc2hfYmFzZWxpbmVfMV92MSIsInhwdl9hc3NldF9pZCI6MTY2NDQyOTg3NDE2MjMzMiwiYXNzZXRfYWdlX2RheXMiOjMxNCwidmlfdXNlY2FzZV9pZCI6MTAxNjQsImR1cmF0aW9uX3MiOjExMSwidXJsZ2VuX3NvdXJjZSI6Ind3dyJ9&ccb=17-1&_nc_gid=MuTwRLpRXEm3QhS2-NbIeA&_nc_zt=28&vs=2bb759c3f7b96967&_nc_vs=HBksFQIYTGlnX2JhY2tmaWxsX3RpbWVsaW5lX3ZvZC8yRDRCODU4QTQyMTY3NDRFMTBGNTg0RTczRDQxRjlBN192aWRlb19kYXNoaW5pdC5tcDQVAALIARIAFQIYOnBhc3N0aHJvdWdoX2V2ZXJzdG9yZS9HTG9Yd2h5dWtRa0ZZbmtHQUpkUngxOW5pZFJRYmtZTEFBQUYVAgLIARIAKAAYABsCiAd1c2Vfb2lsATEScHJvZ3Jlc3NpdmVfcmVjaXBlATEVAAAmuKq59sjy9AUVAigCQzMsF0Bb3dLxqfvnGBJkYXNoX2Jhc2VsaW5lXzFfdjERAHXqB2XongEA&oh=00_AfoKxcazSzUC1s1AvFBhOyVL2bS5tXeeCPzrLzxGZU7F_w&oe=69694386']",,https://www.threads.net/@johnbava3/post/DG17bJ1teOR,[],"{'likes': 7891, 'reposts': 1683, 'quotes': 955}",threads,3582030429377913745,John Bava,,"French senator Claude Malhuret for the muthafuckin' win! This guy unleashed some Battle of Verdun type savagery on Trump with this speech.

On Putin:

""We were at war with a dictator. We are now fighting against a dictator supported by a traitor.""

Quite the epic jab at ketamine boy too.

👏👏👏👏👏👏👏👏👏",threads,63414045259,johnbava3
[],2026-01-14T16:46:59.782592+07:00,An ugly reality many Americans are not prepared to face: In order to help prevent WW3 there’s gonna have to be an American Civil war. 😬,2026-01-05T02:16:17+07:00,,3802842523644165811,threads,threads.com,threads_crawler_v1,https://www.threads.net/@hennessywills/post/DTGaSB-j36z,https://instagram.fhan4-5.fna.fbcdn.net/v/t51.2885-19/565426935_18511513606066167_5636774589700746388_n.jpg?stp=dst-jpg_s150x150_tt6&efg=eyJ2ZW5jb2RlX3RhZyI6InByb2ZpbGVfcGljLmRqYW5nby4xMDgwLmMyIn0&_nc_ht=instagram.fhan4-5.fna.fbcdn.net&_nc_cat=103&_nc_oc=Q6cZ2QHyqt-TkJfLsUb3uzk9-pTl9e0uVfMnZla2v6QeJm-zSSCAjzTb8yuBJV6wljlGk0Y&_nc_ohc=SHpR2Fr4IpIQ7kNvwGXRaIb&_nc_gid=MuTwRLpRXEm3QhS2-NbIeA&edm=AJhczIQBAAAA&ccb=7-5&oh=00_AfqFko8Al1_Zno9Hry858SEb2f5Dw8i6nJcvIuJwEiKTog&oe=696D3931&_nc_sid=4a2096,887,0,7540,628,0,[],,https://www.threads.net/@hennessywills/post/DTGaSB-j36z,[],"{'likes': 7540, 'reposts': 591, 'quotes': 37}",threads,3802842523644165811,Artesse Hennessy Williams Lector,,An ugly reality many Americans are not prepared to face: In order to help prevent WW3 there’s gonna have to be an American Civil war. 😬,threads,63234399207,hennessywills
[],2026-01-14T16:46:59.782759+07:00,NEWS: The United States Senate will be voting on a war powers resolution to stop additional military action in Venezuela next week.,2026-01-04T02:11:35+07:00,,3802115385471339598,threads,threads.com,threads_crawler_v1,https://www.threads.net/@aaronparnas/post/DTD08xyEQxO,https://instagram.fhan3-3.fna.fbcdn.net/v/t51.2885-19/363308494_227453469765682_4538736073011655090_n.jpg?stp=dst-jpg_s150x150_tt6&efg=eyJ2ZW5jb2RlX3RhZyI6InByb2ZpbGVfcGljLmRqYW5nby4xMDgwLmMyIn0&_nc_ht=instagram.fhan3-3.fna.fbcdn.net&_nc_cat=1&_nc_oc=Q6cZ2QHyqt-TkJfLsUb3uzk9-pTl9e0uVfMnZla2v6QeJm-zSSCAjzTb8yuBJV6wljlGk0Y&_nc_ohc=3V5VNFrl5igQ7kNvwGqi85H&_nc_gid=MuTwRLpRXEm3QhS2-NbIeA&edm=AJhczIQBAAAA&ccb=7-5&oh=00_AfoYxA7DDkEa2lg_4VfEUhwDHNbCJ_tN0B_QqHmnaDufRQ&oe=696D207B&_nc_sid=4a2096,1912,0,22191,1130,0,[],,https://www.threads.net/@aaronparnas/post/DTD08xyEQxO,[],"{'likes': 22191, 'reposts': 1040, 'quotes': 90}",threads,3802115385471339598,Aaron Parnas,,NEWS: The United States Senate will be voting on a war powers resolution to stop additional military action in Venezuela next week.,threads,63265609167,aaronparnas
[],2026-01-14T16:46:59.782984+07:00,"I don’t know if people are realizing how serious the Greenland situation is. We were all laughing a year ago, but he’s literally threatening Europe with war. For real now.",2026-01-07T06:02:48+07:00,,3804406084241879913,threads,threads.com,threads_crawler_v1,https://www.threads.net/@sprinkledwithbalance/post/DTL9y1QknNp,https://instagram.fhan4-1.fna.fbcdn.net/v/t51.2885-19/358377494_796727362163225_6232266373275452728_n.jpg?stp=dst-jpg_s150x150_tt6&efg=eyJ2ZW5jb2RlX3RhZyI6InByb2ZpbGVfcGljLmRqYW5nby44NzkuYzIifQ&_nc_ht=instagram.fhan4-1.fna.fbcdn.net&_nc_cat=105&_nc_oc=Q6cZ2QHyqt-TkJfLsUb3uzk9-pTl9e0uVfMnZla2v6QeJm-zSSCAjzTb8yuBJV6wljlGk0Y&_nc_ohc=8299MWIepRsQ7kNvwE9neME&_nc_gid=MuTwRLpRXEm3QhS2-NbIeA&edm=AJhczIQBAAAA&ccb=7-5&oh=00_AfqPZcZzyBXmtP-bxxi_tZy7YCtuklgoac4rED6q0g9cOg&oe=696D1CAD&_nc_sid=4a2096,425,0,7547,357,0,[],,https://www.threads.net/@sprinkledwithbalance/post/DTL9y1QknNp,[],"{'likes': 7547, 'reposts': 351, 'quotes': 6}",threads,3804406084241879913,Priscilla | Sprinkled With Balance,,"I don’t know if people are realizing how serious the Greenland situation is. We were all laughing a year ago, but he’s literally threatening Europe with war. For real now.",threads,63090396234,sprinkledwithbalance
[],2026-01-14T16:46:59.783157+07:00,"Ê t có vô cái gr của tụi nhi đồng Mangatoon RC, con Boss nó nhỏ mà nch láo vô cùng mà được cái hèn vl có gì là phải mời con chị dân war của nó vô=)))",2025-07-17T09:53:50+07:00,,3678411392987904589,threads,threads.com,threads_crawler_v1,https://www.threads.net/@pth.zuyz/post/DMMV6xAyzpN,https://instagram.fhan4-5.fna.fbcdn.net/v/t51.2885-19/610744315_17929101828177854_7246476015503012549_n.jpg?stp=dst-jpg_s150x150_tt6&efg=eyJ2ZW5jb2RlX3RhZyI6InByb2ZpbGVfcGljLmRqYW5nby4xMDgwLmMyIn0&_nc_ht=instagram.fhan4-5.fna.fbcdn.net&_nc_cat=102&_nc_oc=Q6cZ2QHyqt-TkJfLsUb3uzk9-pTl9e0uVfMnZla2v6QeJm-zSSCAjzTb8yuBJV6wljlGk0Y&_nc_ohc=lPE8fk5yKSYQ7kNvwGIDuhK&_nc_gid=MuTwRLpRXEm3QhS2-NbIeA&edm=AJhczIQBAAAA&ccb=7-5&oh=00_AfoTZVmdBRkT2wAEcX7ucIiF4WIERu-id_lgCyNSkZa6Tg&oe=696D35AD&_nc_sid=4a2096,82,0,237,15,0,[],,https://www.threads.net/@pth.zuyz/post/DMMV6xAyzpN,[],"{'likes': 237, 'reposts': 15, 'quotes': 0}",threads,3678411392987904589,Chanh💭,,"Ê t có vô cái gr của tụi nhi đồng Mangatoon RC, con Boss nó nhỏ mà nch láo vô cùng mà được cái hèn vl có gì là phải mời con chị dân war của nó vô=)))",threads,65502265853,pth.zuyz
[],2026-01-14T16:46:59.783319+07:00,"The psychological war on Black Americans isn’t random cruelty. It follows repeatable design logic. Once you see the pattern, you can’t unsee it.

Here are the core operating principles of anti-Black psyops across U.S. history.",2026-01-03T01:43:07+07:00,,3801376283784461732,threads,threads.com,threads_crawler_v1,https://www.threads.net/@asialakay/post/DTBM5bskT2k,https://instagram.fhan4-5.fna.fbcdn.net/v/t51.2885-19/572660403_18534414190014795_4751290442354457657_n.jpg?stp=dst-jpg_s150x150_tt6&efg=eyJ2ZW5jb2RlX3RhZyI6InByb2ZpbGVfcGljLmRqYW5nby4xMDgwLmMyIn0&_nc_ht=instagram.fhan4-5.fna.fbcdn.net&_nc_cat=103&_nc_oc=Q6cZ2QHyqt-TkJfLsUb3uzk9-pTl9e0uVfMnZla2v6QeJm-zSSCAjzTb8yuBJV6wljlGk0Y&_nc_ohc=FEuUnnAQS18Q7kNvwGU_-9E&_nc_gid=MuTwRLpRXEm3QhS2-NbIeA&edm=AJhczIQBAAAA&ccb=7-5&oh=00_Afrsem2U1ET9q3HkIriFNt7OzpKI-dEwuqlKh5uMVWPoCg&oe=696D4961&_nc_sid=4a2096,389,0,4713,1243,0,[],,https://www.threads.net/@asialakay/post/DTBM5bskT2k,[],"{'likes': 4713, 'reposts': 1128, 'quotes': 115}",threads,3801376283784461732,Asia Princess Lakay Grady,Cognitive Emancipation Mapping,"The psychological war on Black Americans isn’t random cruelty. It follows repeatable design logic. Once you see the pattern, you can’t unsee it.

Here are the core operating principles of anti-Black psyops across U.S. history.",threads,63403782761,asialakay
[],2026-01-14T16:46:59.783502+07:00,"(🚨) BREAKING NEWS: Trump Posts Photograph of Captured, Blindfolded, Disheveled Nicolás Maduro Aboard U.S. Helicopter Post-Kidnapping; Per Prior Trump Order, Maduro Is a Prisoner of War, Making the Photo a Violation of Geneva Convention (Article 13 of the Third Geneva Convention)",2026-01-03T23:29:31+07:00,,3802033813397071284,threads,threads.com,threads_crawler_v1,https://www.threads.net/@seth.abramson/post/DTDiZv3jmW0,https://instagram.fhan3-3.fna.fbcdn.net/v/t51.2885-19/358069143_610031431229555_1390968054951611890_n.jpg?stp=dst-jpg_s150x150_tt6&efg=eyJ2ZW5jb2RlX3RhZyI6InByb2ZpbGVfcGljLmRqYW5nby4xMDc1LmMyIn0&_nc_ht=instagram.fhan3-3.fna.fbcdn.net&_nc_cat=1&_nc_oc=Q6cZ2QHyqt-TkJfLsUb3uzk9-pTl9e0uVfMnZla2v6QeJm-zSSCAjzTb8yuBJV6wljlGk0Y&_nc_ohc=2fiOwHKeWmQQ7kNvwGQZ643&_nc_gid=MuTwRLpRXEm3QhS2-NbIeA&edm=AJhczIQBAAAA&ccb=7-5&oh=00_AfrElOEIvOpXczYdHyuZTZpb2_o044gczmt2Ya3Jg_OZxA&oe=696D4C33&_nc_sid=4a2096,516,0,20898,2667,0,[],,https://www.threads.net/@seth.abramson/post/DTDiZv3jmW0,[],"{'likes': 20898, 'reposts': 2587, 'quotes': 80}",threads,3802033813397071284,Seth Abramson,,"(🚨) BREAKING NEWS: Trump Posts Photograph of Captured, Blindfolded, Disheveled Nicolás Maduro Aboard U.S. Helicopter Post-Kidnapping; Per Prior Trump Order, Maduro Is a Prisoner of War, Making the Photo a Violation of Geneva Convention (Article 13 of the Third Geneva Convention)",threads,63442170746,seth.abramson
[],2026-01-14T16:46:59.783672+07:00,"You know how Russia prevented its citizens from seeing the protests after the Ukraine war started? Welcome to Russia, folks. This is the in DC last night. THE HUGE PROTEST that carried on into today. The protesting not covered by one MSM in my news app. 🤬",2025-02-06T09:11:33+07:00,,3561701220394613097,threads,threads.com,threads_crawler_v1,https://www.threads.net/@jordanmooney____/post/DFttGOlsjlp,https://instagram.fhan3-4.fna.fbcdn.net/v/t51.2885-19/370172673_642415054329354_742895950110587276_n.jpg?stp=dst-jpg_s150x150_tt6&efg=eyJ2ZW5jb2RlX3RhZyI6InByb2ZpbGVfcGljLmRqYW5nby40MDYuYzIifQ&_nc_ht=instagram.fhan3-4.fna.fbcdn.net&_nc_cat=106&_nc_oc=Q6cZ2QHyqt-TkJfLsUb3uzk9-pTl9e0uVfMnZla2v6QeJm-zSSCAjzTb8yuBJV6wljlGk0Y&_nc_ohc=7DkLRl2VXNUQ7kNvwFMigHR&_nc_gid=MuTwRLpRXEm3QhS2-NbIeA&edm=AJhczIQBAAAA&ccb=7-5&oh=00_Afro3xrjVSk1ESYVRR5Y7w4ZPQM8jdqiWHgs1XZXBzQcKA&oe=696D328A&_nc_sid=4a2096,509,0,38575,6168,0,[],,https://www.threads.net/@jordanmooney____/post/DFttGOlsjlp,[],"{'likes': 38575, 'reposts': 5988, 'quotes': 180}",threads,3561701220394613097,KC,,"You know how Russia prevented its citizens from seeing the protests after the Ukraine war started? Welcome to Russia, folks. This is the in DC last night. THE HUGE PROTEST that carried on into today. The protesting not covered by one MSM in my news app. 🤬",threads,63025775706,jordanmooney____
[],2026-01-14T16:47:27.254024+07:00,vãi ò fan nhóm C có tên fandom rồi thì tự xưng là Coer mà khen nhóm mới đi chứ cứ nhân danh ảmu 9 năm ảmu từ 2017 để vào khen làm clgv=)))))))))) t thề chinh chiến bao trận war rồi tới 2025 t phải thốt lên là gặp 1 tệp fan phiền như vậy tôi muốn trốn thoát khỏi các e lắm r🤯,2025-12-15T01:13:39+07:00,,3787590713656614679,threads,threads.com,threads_crawler_v1,https://www.threads.net/@to6noquen/post/DSQOa_CEh8X,https://instagram.fhan3-4.fna.fbcdn.net/v/t51.2885-19/609078474_17896803036368956_2884442606699652915_n.jpg?stp=dst-jpg_s150x150_tt6&efg=eyJ2ZW5jb2RlX3RhZyI6InByb2ZpbGVfcGljLmRqYW5nby4zMjAuZXhwZXJpbWVudGFsIn0&_nc_ht=instagram.fhan3-4.fna.fbcdn.net&_nc_cat=104&_nc_oc=Q6cZ2QE3N_yt-L4DMhWL-zcYaoEFE1ubKZjI-94xdkkhVjJ3cJH0N1a7s5Kg_OPn6wNZI8Q&_nc_ohc=bs_A5NRiXTEQ7kNvwGdg8ok&_nc_gid=pGcf_JRwBeN-OmFP3Pu8cA&edm=AJhczIQBAAAA&ccb=7-5&oh=00_Afq_SFLXQFjCFW6milRywOmc3pyWwGoPgs5OlnJ86tPp2A&oe=696D23D2&_nc_sid=4a2096,59,0,548,77,0,[],,https://www.threads.net/@to6noquen/post/DSQOa_CEh8X,[],"{'likes': 548, 'reposts': 74, 'quotes': 3}",threads,3787590713656614679,,,vãi ò fan nhóm C có tên fandom rồi thì tự xưng là Coer mà khen nhóm mới đi chứ cứ nhân danh ảmu 9 năm ảmu từ 2017 để vào khen làm clgv=)))))))))) t thề chinh chiến bao trận war rồi tới 2025 t phải thốt lên là gặp 1 tệp fan phiền như vậy tôi muốn trốn thoát khỏi các e lắm r🤯,threads,71185232955,to6noquen
[],2026-01-14T16:47:27.254498+07:00,"giỡn vậy có nên không trời😳
University war",2025-01-21T01:18:36+07:00,,3549866647861832280,threads,threads.com,threads_crawler_v1,https://www.threads.net/@hynonnnnnn/post/DFDqOiBz6pY,https://instagram.fhan4-5.fna.fbcdn.net/v/t51.2885-19/472497044_1633876533876170_2827704017479614153_n.jpg?stp=dst-jpg_s150x150_tt6&efg=eyJ2ZW5jb2RlX3RhZyI6InByb2ZpbGVfcGljLmRqYW5nby4xMDgwLmV4cGVyaW1lbnRhbCJ9&_nc_ht=instagram.fhan4-5.fna.fbcdn.net&_nc_cat=102&_nc_oc=Q6cZ2QE3N_yt-L4DMhWL-zcYaoEFE1ubKZjI-94xdkkhVjJ3cJH0N1a7s5Kg_OPn6wNZI8Q&_nc_ohc=yl95yGTw0BEQ7kNvwE8mNgb&_nc_gid=pGcf_JRwBeN-OmFP3Pu8cA&edm=AJhczIQBAAAA&ccb=7-5&oh=00_AfqWkhd3JJsjaCiLWYlQEsFavwPzHGmaX0O5iUogY3bY9Q&oe=696D2F0A&_nc_sid=4a2096,3,0,124,22,0,"['https://instagram.fhan4-5.fna.fbcdn.net/v/t51.2885-15/472910179_8196279117141950_1168406367395613119_n.jpg?stp=dst-jpg_e15_tt6&efg=eyJ2ZW5jb2RlX3RhZyI6InRocmVhZHMuRkVFRC5pbWFnZV91cmxnZW4uNjQweDEwNzguc2RyLmY3MTg3OC5kZWZhdWx0X2NvdmVyX2ZyYW1lLmV4cGVyaW1lbnRhbCJ9&_nc_ht=instagram.fhan4-5.fna.fbcdn.net&_nc_cat=102&_nc_oc=Q6cZ2QE3N_yt-L4DMhWL-zcYaoEFE1ubKZjI-94xdkkhVjJ3cJH0N1a7s5Kg_OPn6wNZI8Q&_nc_ohc=XN0wTSaqlUYQ7kNvwF4S91B&_nc_gid=pGcf_JRwBeN-OmFP3Pu8cA&edm=AJhczIQBAAAA&ccb=7-5&ig_cache_key=MzU0OTg2NjY0Nzg2MTgzMjI4MA%3D%3D.3-ccb7-5&oh=00_AfrjhZcPRNc9OAxmWkBPZBmLogsaWSNxjfHvRVaC2Vx_fA&oe=696D21F2&_nc_sid=4a2096', 'https://instagram.fhan4-3.fna.fbcdn.net/o1/v/t16/f2/m84/AQMubg5S0rzx7SS_HKiOuA3XQ-iSyHGJkNdhdMNcFTp1GB-GuXodcgdHGBs9zR1kDkz7D0lR2fUZ4onT-gCC9PkgXIgY4elPLKGInIo.mp4?_nc_cat=100&_nc_oc=Adk6Zw0ETFJYc1ySkOOFSExeR3aVZr13nou_fnAgtu3LBVp9RfmVyk-80pQmUqzwVdk&_nc_sid=5e9851&_nc_ht=instagram.fhan4-3.fna.fbcdn.net&_nc_ohc=FsCX_KtpDF4Q7kNvwESemCf&efg=eyJ2ZW5jb2RlX3RhZyI6Inhwdl9wcm9ncmVzc2l2ZS5JTlNUQUdSQU0uRkVFRC5DMy43MjAuZGFzaF9iYXNlbGluZV8xX3YxIiwieHB2X2Fzc2V0X2lkIjo2MTIzNjAwNTgxNDgwNDAsImFzc2V0X2FnZV9kYXlzIjozNTgsInZpX3VzZWNhc2VfaWQiOjEwMTY0LCJkdXJhdGlvbl9zIjoxMiwidXJsZ2VuX3NvdXJjZSI6Ind3dyJ9&ccb=17-1&_nc_gid=pGcf_JRwBeN-OmFP3Pu8cA&_nc_zt=28&vs=4e2cd02a83c9415b&_nc_vs=HBksFQIYTGlnX2JhY2tmaWxsX3RpbWVsaW5lX3ZvZC80NDRFQUM0QzM5OTU1RkY3QkE3QkJCNjRGMkQ2QTU4RF92aWRlb19kYXNoaW5pdC5tcDQVAALIARIAFQIYOnBhc3N0aHJvdWdoX2V2ZXJzdG9yZS9HR2QzUmh4dHAzQlE0Z3dDQUZFMVVTT3NHcGx3YmtZTEFBQUYVAgLIARIAKAAYABsCiAd1c2Vfb2lsATEScHJvZ3Jlc3NpdmVfcmVjaXBlATEVAAAmkNPs-4W8lgIVAigCQzMsF0AoIcrAgxJvGBJkYXNoX2Jhc2VsaW5lXzFfdjERAHXqB2XongEA&oh=00_AfqesuNEzcnDhHGwE-JiWICHujj-BOPmlIi19CRgNRZ__A&oe=69692AF8']",,https://www.threads.net/@hynonnnnnn/post/DFDqOiBz6pY,[],"{'likes': 124, 'reposts': 22, 'quotes': 0}",threads,3549866647861832280,,University war,"giỡn vậy có nên không trời😳
University war",threads,67705976866,hynonnnnnn
