categories,collectDate,content,createDate,description,docId,docType,domain,fromCrawler,link,logoLink,numComments,numDislikes,numLikes,numShares,numViews,pictures,postId,postLink,provinces,reactions,source,sourceId,sourceName,tags,title,type,userId,userName
[],2026-01-12T08:36:02.694000+07:00,"💥 Chiếc CV giúp mình thành công chinh phục vị trí Intern tại DHL Global Forwarding ngay lần đầu tiên apply!

🚢 Và đây là một số tips của mình:

(1) Đọc kỹ JD -> lọc keywords -> chứng minh bản thân có những yếu tố đó xuyên suốt nội dung của CV.

(2) Nêu bật thế mạnh của bản thân và đặt ở phần trung tâm của CV (như của mình là Education và Academic Projects).

(3) Không chỉ liệt kê thành tích, mà hãy làm rõ mình ""đã làm gì"", ""đạt được gì"" sau thành tích ấy!

(4) Căn chỉnh đều, đẹp, nhất quán!",2025-08-04T13:25:22+07:00,,3691563824697842860,threads,threads.com,threads_crawler_v1,https://www.threads.net/@thenoahless/post/DM7Eb1kzBys,https://instagram.fhan3-3.fna.fbcdn.net/v/t51.2885-19/525769385_17846262843536341_2140572097317886676_n.jpg?stp=dst-jpg_s150x150_tt6&efg=eyJ2ZW5jb2RlX3RhZyI6InByb2ZpbGVfcGljLmRqYW5nby43MzYuYzIifQ&_nc_ht=instagram.fhan3-3.fna.fbcdn.net&_nc_cat=101&_nc_oc=Q6cZ2QHbw9LMDtLYYygXg_O2Kee2tzoGDn45fWkyWjMq3b5s-v9Gd-XKvlyssPjauIzMw5g&_nc_ohc=Um5tIj1ZpgMQ7kNvwHlRvjn&_nc_gid=B5dSoqaf1mEsV4-mwnM7dg&edm=AJhczIQBAAAA&ccb=7-5&oh=00_Afp5WefvqK65xLJ-AbzNtnJ3CXKTt6-_5L2IY2--O671Kw&oe=696A0A33&_nc_sid=4a2096,39,0,1540,286,0,['https://instagram.fhan3-2.fna.fbcdn.net/v/t51.2885-15/527403590_17845320003541543_7951646251317556517_n.jpg?stp=dst-jpg_e35_tt6&efg=eyJ2ZW5jb2RlX3RhZyI6InRocmVhZHMuRkVFRC5pbWFnZV91cmxnZW4uMTI4NHgxODA1LnNkci5mODI3ODcuZGVmYXVsdF9pbWFnZS5jMiJ9&_nc_ht=instagram.fhan3-2.fna.fbcdn.net&_nc_cat=107&_nc_oc=Q6cZ2QHbw9LMDtLYYygXg_O2Kee2tzoGDn45fWkyWjMq3b5s-v9Gd-XKvlyssPjauIzMw5g&_nc_ohc=lcFwIQu138EQ7kNvwH5ibJe&_nc_gid=B5dSoqaf1mEsV4-mwnM7dg&edm=AJhczIQBAAAA&ccb=7-5&ig_cache_key=MzY5MTU2MzgyNDY5Nzg0Mjg2MA%3D%3D.3-ccb7-5&oh=00_AfrsPB6XCl9DUhmDmD4mezhpGtrog2NSP3FIKeEvBRi6Eg&oe=696A1BFE&_nc_sid=4a2096'],,https://www.threads.net/@thenoahless/post/DM7Eb1kzBys,[],"{'likes': 1540, 'reposts': 282, 'quotes': 4}",threads,3691563824697842860,The Noahless,,"💥 Chiếc CV giúp mình thành công chinh phục vị trí Intern tại DHL Global Forwarding ngay lần đầu tiên apply!

🚢 Và đây là một số tips của mình:

(1) Đọc kỹ JD -> lọc keywords -> chứng minh bản thân có những yếu tố đó xuyên suốt nội dung của CV.

(2) Nêu bật thế mạnh của bản thân và đặt ở phần trung tâm của CV (như của mình là Education và Academic Projects).

(3) Không chỉ liệt kê thành tích, mà hãy làm rõ mình ""đã làm gì"", ""đạt được gì"" sau thành tích ấy!

(4) Căn chỉnh đều, đẹp, nhất quán!",threads,76163461542,thenoahless
[],2026-01-12T08:36:02.694122+07:00,"Xin chào các bạn, 
Hiện tại mình bên mình đang có vị trí EVENT INTERN - vị trí này sẽ làm việc tại khu vực TP. HCM. 
Mình đang cần tìm những ""đồng bọn"" có cùng niềm yêu thích về lĩnh vực này, nếu bạn có chung niềm đam mê với mình, hãy gửi CV cho mình qua email ngay nhé!!!!! ❤️‍🔥 
#Internship 
#EventIntern 
#Allowance",2026-01-09T00:24:44+07:00,,3805685485934837735,threads,threads.com,threads_crawler_v1,https://www.threads.net/@otis.ng_/post/DTQgsk8AX_n,https://instagram.fhan4-6.fna.fbcdn.net/v/t51.2885-19/459096737_493144830242912_7538935391117915410_n.jpg?stp=dst-jpg_s150x150_tt6&efg=eyJ2ZW5jb2RlX3RhZyI6InByb2ZpbGVfcGljLmRqYW5nby4xMDgwLmMyIn0&_nc_ht=instagram.fhan4-6.fna.fbcdn.net&_nc_cat=108&_nc_oc=Q6cZ2QHbw9LMDtLYYygXg_O2Kee2tzoGDn45fWkyWjMq3b5s-v9Gd-XKvlyssPjauIzMw5g&_nc_ohc=MdX-S7sBkbMQ7kNvwHP-c7V&_nc_gid=B5dSoqaf1mEsV4-mwnM7dg&edm=AJhczIQBAAAA&ccb=7-5&oh=00_Afpu2HtjUHTGafI0SDCy4Qnq7ExAxtfdpMrZzvlN5QjCcw&oe=696A1D86&_nc_sid=4a2096,1,0,235,21,0,['https://instagram.fhan3-3.fna.fbcdn.net/v/t51.2885-15/610762297_17935918278114887_5604152240867577801_n.jpg?stp=dst-jpg_e35_tt6&efg=eyJ2ZW5jb2RlX3RhZyI6InRocmVhZHMuRkVFRC5pbWFnZV91cmxnZW4uMTQxNHgyMDAwLnNkci5mODI3ODcuZGVmYXVsdF9pbWFnZS5jMiJ9&_nc_ht=instagram.fhan3-3.fna.fbcdn.net&_nc_cat=111&_nc_oc=Q6cZ2QHbw9LMDtLYYygXg_O2Kee2tzoGDn45fWkyWjMq3b5s-v9Gd-XKvlyssPjauIzMw5g&_nc_ohc=H34avyX4zooQ7kNvwE1BoyG&_nc_gid=B5dSoqaf1mEsV4-mwnM7dg&edm=AJhczIQBAAAA&ccb=7-5&ig_cache_key=MzgwNTY4NTQ4NTkzNDgzNzczNQ%3D%3D.3-ccb7-5&oh=00_AfpwfQmWacl1gwCFreQ7RrdgbiJkrKToEBJWNeZDRug1qw&oe=696A25CC&_nc_sid=4a2096'],,https://www.threads.net/@otis.ng_/post/DTQgsk8AX_n,[],"{'likes': 235, 'reposts': 21, 'quotes': 0}",threads,3805685485934837735,Otis,Internship Opportunities,"Xin chào các bạn, 
Hiện tại mình bên mình đang có vị trí EVENT INTERN - vị trí này sẽ làm việc tại khu vực TP. HCM. 
Mình đang cần tìm những ""đồng bọn"" có cùng niềm yêu thích về lĩnh vực này, nếu bạn có chung niềm đam mê với mình, hãy gửi CV cho mình qua email ngay nhé!!!!! ❤️‍🔥 
#Internship 
#EventIntern 
#Allowance",threads,63417114886,otis.ng_
[],2026-01-12T08:36:02.694169+07:00,"MẪU KẾT THÚC KỲ INTERN CHO AI CẦN❗

Dear (tên line manager/mentor),

Vì giai đoạn thực tập của em sẽ chính thức kết thúc vào (thời gian) nên em viết mail này để gửi lời biết ơn đến tất cả mọi người. Em đã học hỏi được rất nhiều về (kiến thức bạn học được) và (kỹ năng mềm).

Thời gian qua là…Xem thêm",2024-07-26T14:01:33+07:00,,3420515912989232081,threads,threads.com,threads_crawler_v1,https://www.threads.net/@hr1tech5/post/C94HRmmS0vR,https://instagram.fhan3-3.fna.fbcdn.net/v/t51.2885-19/452059086_3416026322024027_7926914233811284969_n.jpg?stp=dst-jpg_s150x150_tt6&efg=eyJ2ZW5jb2RlX3RhZyI6InByb2ZpbGVfcGljLmRqYW5nby4xMDgwLmMyIn0&_nc_ht=instagram.fhan3-3.fna.fbcdn.net&_nc_cat=111&_nc_oc=Q6cZ2QHbw9LMDtLYYygXg_O2Kee2tzoGDn45fWkyWjMq3b5s-v9Gd-XKvlyssPjauIzMw5g&_nc_ohc=WuKu8zFjwKEQ7kNvwFF-gVb&_nc_gid=B5dSoqaf1mEsV4-mwnM7dg&edm=AJhczIQBAAAA&ccb=7-5&oh=00_AfqASe7gA_-D1K2rVbgJOy_C1xap2sL_kvwD6HqocYe0EQ&oe=696A0F46&_nc_sid=4a2096,12,0,2841,590,0,[],,https://www.threads.net/@hr1tech5/post/C94HRmmS0vR,[],"{'likes': 2841, 'reposts': 588, 'quotes': 2}",threads,3420515912989232081,HR1Tech,,"MẪU KẾT THÚC KỲ INTERN CHO AI CẦN❗

Dear (tên line manager/mentor),

Vì giai đoạn thực tập của em sẽ chính thức kết thúc vào (thời gian) nên em viết mail này để gửi lời biết ơn đến tất cả mọi người. Em đã học hỏi được rất nhiều về (kiến thức bạn học được) và (kỹ năng mềm).

Thời gian qua là…Xem thêm",threads,68179260612,hr1tech5
[],2026-01-12T08:36:02.694219+07:00,"Mùa tìm việc đang căng thẳng, mình xin tổng hợp và gửi lại danh sách nền tảng tìm việc. Good luck mọi người nhen!
[ TỔNG HỢP CÁC CỔNG THÔNG TIN VIỆC LÀM, XẾP HẠNG THEO ĐỘ UY TÍN ]
1	INTERNAL NETWORK
2	LINKEDLN
3	TOP CV
4	CAREERVIET
5	WEBSITE CÔNG TY - MAIL HR
6	 VIETNAMWORK
7	INDEED
8	CAREERLINK
9	TIMVIEC365
10	VIECLAM24H
11	YBOX
12	FACEBOOK
13	JOBSGO
Mình bên Logistics & SCM - Hiện là international purchasing, ai có thắc mắc gì về ngành thì hỏi nhen.",2025-05-16T16:12:21+07:00,,3633665807596469407,threads,threads.com,threads_crawler_v1,https://www.threads.net/@happy_in_the_bored_world/post/DJtX8zORTyf,https://instagram.fhan4-5.fna.fbcdn.net/v/t51.2885-19/572371406_17931151506108926_6085909536422945287_n.jpg?stp=dst-jpg_s150x150_tt6&efg=eyJ2ZW5jb2RlX3RhZyI6InByb2ZpbGVfcGljLmRqYW5nby4xMDgwLmMyIn0&_nc_ht=instagram.fhan4-5.fna.fbcdn.net&_nc_cat=102&_nc_oc=Q6cZ2QHbw9LMDtLYYygXg_O2Kee2tzoGDn45fWkyWjMq3b5s-v9Gd-XKvlyssPjauIzMw5g&_nc_ohc=X3dvNL4DP8QQ7kNvwHMZ5lq&_nc_gid=B5dSoqaf1mEsV4-mwnM7dg&edm=AJhczIQBAAAA&ccb=7-5&oh=00_Afoj9QOu_63DnnWcF6dStIlb_xFxtumvm_UcDRLoPjDiLw&oe=696A3A7B&_nc_sid=4a2096,38,0,1247,236,0,[],,https://www.threads.net/@happy_in_the_bored_world/post/DJtX8zORTyf,[],"{'likes': 1247, 'reposts': 234, 'quotes': 2}",threads,3633665807596469407,Happy_in the bored world,,"Mùa tìm việc đang căng thẳng, mình xin tổng hợp và gửi lại danh sách nền tảng tìm việc. Good luck mọi người nhen!
[ TỔNG HỢP CÁC CỔNG THÔNG TIN VIỆC LÀM, XẾP HẠNG THEO ĐỘ UY TÍN ]
1	INTERNAL NETWORK
2	LINKEDLN
3	TOP CV
4	CAREERVIET
5	WEBSITE CÔNG TY - MAIL HR
6	 VIETNAMWORK
7	INDEED
8	CAREERLINK
9	TIMVIEC365
10	VIECLAM24H
11	YBOX
12	FACEBOOK
13	JOBSGO
Mình bên Logistics & SCM - Hiện là international purchasing, ai có thắc mắc gì về ngành thì hỏi nhen.",threads,63307108925,happy_in_the_bored_world
[],2026-01-12T08:36:02.694259+07:00,"Chia sẻ các bảnh 1 source tài liệu để học mọi thứ về BA/PO/PM/UX Designer:  

Đọc từ thời intern đến tận bây giờ vẫn chưa hết được =))) Tài liệu này cre từ một Anh Ấn Độ trên linkeIn nha, chứ không phải Thầy Bà nào hết nha 😂

🎀 M.n chỉ nên học tới phần mà mình đang làm, ví dụ project đó giờ sử dụng Activity Diagram cho modelling nhưng khi switch qua project khác, khách hàng yêu cầu vẽ bằng BPMN thì hẳn down document về BPMN để đọc",2024-07-14T16:10:31+07:00,,3411883512955824063,threads,threads.com,threads_crawler_v1,https://www.threads.net/@the.younglearners/post/C9Zcfpkvme_,https://instagram.fhan4-5.fna.fbcdn.net/v/t51.2885-19/606977658_17923465191203210_7316177939592223311_n.jpg?stp=dst-jpg_s150x150_tt6&efg=eyJ2ZW5jb2RlX3RhZyI6InByb2ZpbGVfcGljLmRqYW5nby43MzUuYzIifQ&_nc_ht=instagram.fhan4-5.fna.fbcdn.net&_nc_cat=102&_nc_oc=Q6cZ2QHbw9LMDtLYYygXg_O2Kee2tzoGDn45fWkyWjMq3b5s-v9Gd-XKvlyssPjauIzMw5g&_nc_ohc=LqbPbOySzBUQ7kNvwEaIF_i&_nc_gid=B5dSoqaf1mEsV4-mwnM7dg&edm=AJhczIQBAAAA&ccb=7-5&oh=00_AfqoLBnwArrZa-C1NdKj5SUhiMID33KmbdRv8iTk9F2oIw&oe=696A131D&_nc_sid=4a2096,37,0,414,150,0,['https://instagram.fhan4-5.fna.fbcdn.net/v/t51.29350-15/451139125_1016060826210111_3426191363974439350_n.jpg?stp=dst-jpg_e35_tt6&efg=eyJ2ZW5jb2RlX3RhZyI6InRocmVhZHMuQ0FST1VTRUxfSVRFTS5pbWFnZV91cmxnZW4uMTIxNXgyMTYwLnNkci5mMjkzNTAuZGVmYXVsdF9pbWFnZS5jMiJ9&_nc_ht=instagram.fhan4-5.fna.fbcdn.net&_nc_cat=103&_nc_oc=Q6cZ2QHbw9LMDtLYYygXg_O2Kee2tzoGDn45fWkyWjMq3b5s-v9Gd-XKvlyssPjauIzMw5g&_nc_ohc=qk-oShfL8P8Q7kNvwHyK6QA&_nc_gid=B5dSoqaf1mEsV4-mwnM7dg&edm=AJhczIQBAAAA&ccb=7-5&ig_cache_key=MzQxMTg4MzUwNzI5MzQ2NDYyOQ%3D%3D.3-ccb7-5&oh=00_AfqtB4dP8EtjNk7OcYHG-3TNwxOq48FtowZY1d5kCOtQwQ&oe=696A1720&_nc_sid=4a2096'],,https://www.threads.net/@the.younglearners/post/C9Zcfpkvme_,[],"{'likes': 414, 'reposts': 149, 'quotes': 1}",threads,3411883512955824063,Học cùng Huy,,"Chia sẻ các bảnh 1 source tài liệu để học mọi thứ về BA/PO/PM/UX Designer: https://drive.google.com/file/d/1if09a9QyNfBRlAKey7If5preZ3BswudZ 

Đọc từ thời intern đến tận bây giờ vẫn chưa hết được =))) Tài liệu này cre từ một Anh Ấn Độ trên linkeIn nha, chứ không phải Thầy Bà nào hết nha 😂

🎀 M.n chỉ nên học tới phần mà mình đang làm, ví dụ project đó giờ sử dụng Activity Diagram cho modelling nhưng khi switch qua project khác, khách hàng yêu cầu vẽ bằng BPMN thì hẳn down document về BPMN để đọc",threads,66067155209,the.younglearners
[],2026-01-12T08:36:02.694293+07:00,"LIST JOBS MARCOM HEINEKEN DÀNH CHO SINH VIÊN

có marketing intern, media intern và trade marekting intern. các bạn sinh viên có background mkt hoặc liên quan kinh doanh, có tin học vp, tiếng anh tốt thì mạnh dạng apply nha.

period 6 tháng, bắt đầu làm việc từ tháng 3/2026

thuctapsinh vieclamhcm vieclam marcom marketing intern media intern heineken",2026-01-09T09:00:06+07:00,,3805944878781851607,threads,threads.com,threads_crawler_v1,https://www.threads.net/@nhatha.112.dethuong/post/DTRbrPWgmfX,https://instagram.fhan4-3.fna.fbcdn.net/v/t51.2885-19/518183266_17846238798519694_928902077387277037_n.jpg?stp=dst-jpg_s150x150_tt6&efg=eyJ2ZW5jb2RlX3RhZyI6InByb2ZpbGVfcGljLmRqYW5nby42NDAuYzIifQ&_nc_ht=instagram.fhan4-3.fna.fbcdn.net&_nc_cat=110&_nc_oc=Q6cZ2QHbw9LMDtLYYygXg_O2Kee2tzoGDn45fWkyWjMq3b5s-v9Gd-XKvlyssPjauIzMw5g&_nc_ohc=dsiu1h4TB94Q7kNvwHG39Xq&_nc_gid=B5dSoqaf1mEsV4-mwnM7dg&edm=AJhczIQBAAAA&ccb=7-5&oh=00_AfrrfFcRxH5EdmorE1IsZGcToZP-8ltY7iDBrEfMLevB4Q&oe=696A28B4&_nc_sid=4a2096,6,0,179,17,0,['https://instagram.fhan4-1.fna.fbcdn.net/v/t51.2885-15/611634633_17868291588532529_14072520091836485_n.jpg?stp=dst-jpg_e35_tt6&efg=eyJ2ZW5jb2RlX3RhZyI6InRocmVhZHMuQ0FST1VTRUxfSVRFTS5pbWFnZV91cmxnZW4uMTA4MHgxMDgwLnNkci5mODI3ODcuZGVmYXVsdF9pbWFnZS5jMiJ9&_nc_ht=instagram.fhan4-1.fna.fbcdn.net&_nc_cat=105&_nc_oc=Q6cZ2QHbw9LMDtLYYygXg_O2Kee2tzoGDn45fWkyWjMq3b5s-v9Gd-XKvlyssPjauIzMw5g&_nc_ohc=Iyjgan0NRF4Q7kNvwGBPzRF&_nc_gid=B5dSoqaf1mEsV4-mwnM7dg&edm=AJhczIQBAAAA&ccb=7-5&ig_cache_key=MzgwNTk0NDg1OTg0MDM4NzQwOQ%3D%3D.3-ccb7-5&oh=00_AfpFwy9iV0ARPIRTOwBJfddLmL12DtLvgAkBtpEPQTLvpg&oe=696A19E1&_nc_sid=4a2096'],,https://www.threads.net/@nhatha.112.dethuong/post/DTRbrPWgmfX,[],"{'likes': 179, 'reposts': 17, 'quotes': 0}",threads,3805944878781851607,Nhật Hạ,thuctapsinh,"LIST JOBS MARCOM HEINEKEN DÀNH CHO SINH VIÊN

có marketing intern, media intern và trade marekting intern. các bạn sinh viên có background mkt hoặc liên quan kinh doanh, có tin học vp, tiếng anh tốt thì mạnh dạng apply nha.

period 6 tháng, bắt đầu làm việc từ tháng 3/2026

thuctapsinh vieclamhcm vieclam marcom marketing intern media intern heineken",threads,75897188528,nhatha.112.dethuong
[],2026-01-12T08:36:02.694327+07:00,"bitches be like
“i want international friends”
until

_you’re Asian but not Korean or Japanese.
_you’re European but not French or Italian.
_you’re Arab but not living in Dubai.

In these cases, the conversation dies right after “where are you from?”

I'll never understand this geographic favoritism. You’re asking for friendship,
not a free visa .talking to me regardless where I'm from won’t get you one.
At this point, just specify which countries you want friends from, it’d be much simpler .",2025-08-14T06:19:50+07:00,,3698597405594286228,threads,threads.com,threads_crawler_v1,https://www.threads.net/@lil_moon.cake_/post/DNUDr6PoPiU,https://instagram.fhan4-5.fna.fbcdn.net/v/t51.2885-19/608196739_17933714892118442_7258575568814629023_n.jpg?stp=dst-jpg_s150x150_tt6&efg=eyJ2ZW5jb2RlX3RhZyI6InByb2ZpbGVfcGljLmRqYW5nby4xMDgwLmMyIn0&_nc_ht=instagram.fhan4-5.fna.fbcdn.net&_nc_cat=102&_nc_oc=Q6cZ2QHbw9LMDtLYYygXg_O2Kee2tzoGDn45fWkyWjMq3b5s-v9Gd-XKvlyssPjauIzMw5g&_nc_ohc=DEBdqKAfUfsQ7kNvwHuKtM9&_nc_gid=B5dSoqaf1mEsV4-mwnM7dg&edm=AJhczIQBAAAA&ccb=7-5&oh=00_AfoWuicqkZRhaF6Ux3hVJoQ54OLvfJnAO7tCqyyWPISqYg&oe=696A2D0F&_nc_sid=4a2096,533,0,2738,245,0,[],,https://www.threads.net/@lil_moon.cake_/post/DNUDr6PoPiU,[],"{'likes': 2738, 'reposts': 236, 'quotes': 9}",threads,3698597405594286228,🥀Caly🧸pso🪷,,"bitches be like
“i want international friends”
until

_you’re Asian but not Korean or Japanese.
_you’re European but not French or Italian.
_you’re Arab but not living in Dubai.

In these cases, the conversation dies right after “where are you from?”

I'll never understand this geographic favoritism. You’re asking for friendship,
not a free visa .talking to me regardless where I'm from won’t get you one.
At this point, just specify which countries you want friends from, it’d be much simpler .",threads,63408526441,lil_moon.cake_
[],2026-01-12T08:36:02.694358+07:00,"Có ai từng học trái ngành, không thi case, không intern big/MNCs mà vẫn đậu MNC/Big Corp không ạ?🥹

Em vừa tốt nghiệp, học trái ngành, chưa từng intern Big/MNC, cũng chưa có nhiều kinh nghiệm thi case. Em chỉ có intern tại vài cty SMEs và tham gia vài project cá nhân thôi ạ.

Đợt hè vừa rồi em qua được vòng CV ở một số công ty nhưng chưa vượt qua aptitude test
Hiện tại em đang ôn aptitude test và tự học case qua YouTube.",2026-01-06T10:09:32+07:00,,3803805496374136716,threads,threads.com,threads_crawler_v1,https://www.threads.net/@thichlammarketing/post/DTJ1PIODw-M,https://instagram.fgau1-1.fna.fbcdn.net/v/t51.2885-19/573323465_1219825463302212_7278921664109726296_n.png?stp=dst-jpg_tt6&efg=eyJ2ZW5jb2RlX3RhZyI6InByb2ZpbGVfcGljLmRqYW5nby4xNTAuYzIifQ&_nc_ht=instagram.fgau1-1.fna.fbcdn.net&_nc_cat=1&_nc_oc=Q6cZ2QEjYclY-SdeHBbYVylEbk3Rg_QZeDABVumlF4Wg4Q0JlrsFaHuxUit2glAIOQuk1SbraVPLDo31dCPEew2yqfAl&_nc_ohc=EFb4Xd8YksAQ7kNvwHyY6C1&_nc_gid=Lwdo-NGRoCKELUuUkvKOgw&edm=ALlQn9MBAAAA&ccb=7-5&ig_cache_key=YW5vbnltb3VzX3Byb2ZpbGVfcGlj.3-ccb7-5&oh=00_AfraVithR9u4h1K15y5k26VGWr_wB-J2tr5knQDa0CQg-Q&oe=696A2CAA&_nc_sid=e7f676,19,0,345,33,0,[],,https://www.threads.net/@thichlammarketing/post/DTJ1PIODw-M,[],"{'likes': 345, 'reposts': 33, 'quotes': 0}",threads,3803805496374136716,Marketing,,"Có ai từng học trái ngành, không thi case, không intern big/MNCs mà vẫn đậu MNC/Big Corp không ạ?🥹

Em vừa tốt nghiệp, học trái ngành, chưa từng intern Big/MNC, cũng chưa có nhiều kinh nghiệm thi case. Em chỉ có intern tại vài cty SMEs và tham gia vài project cá nhân thôi ạ.

Đợt hè vừa rồi em qua được vòng CV ở một số công ty nhưng chưa vượt qua aptitude test
Hiện tại em đang ôn aptitude test và tự học case qua YouTube.",threads,78173412871,thichlammarketing
[],2026-01-12T08:36:02.694387+07:00,"Từng là Phó giám đốc Marketing, những CV như này sẽ hấp dẫn tớ cho mùa internship sắp tới đây:

1. Portfolio bằng Canva thay vì CV trắng đen theo mẫu TopCV hehe
2. Có sản phẩm digital: có thể là personal branding của bạn, hoặc của 1 sản phẩm/dịch vụ nào mà bạn tự làm. Hồi xưa tớ tuyển bạn Management Trainee vì bạn í có 1 blog viết về Hà Nội. Ấn tượng ngay.
3. Hình ảnh trên CV không phải là hình thẻ, nhìn phát biết ngay cá tính
4. Có 1 mission nào đó mà bạn theo đuổi

intern",2024-06-07T14:09:50+07:00,,3385006068227425010,threads,threads.com,threads_crawler_v1,https://www.threads.net/@maggiemaggievn/post/C759RWjPMLy,https://instagram.fhan3-4.fna.fbcdn.net/v/t51.2885-19/357774415_6657771740911014_6285401640516389488_n.jpg?stp=dst-jpg_s150x150_tt6&efg=eyJ2ZW5jb2RlX3RhZyI6InByb2ZpbGVfcGljLmRqYW5nby4xMDgwLmMyIn0&_nc_ht=instagram.fhan3-4.fna.fbcdn.net&_nc_cat=106&_nc_oc=Q6cZ2QHbw9LMDtLYYygXg_O2Kee2tzoGDn45fWkyWjMq3b5s-v9Gd-XKvlyssPjauIzMw5g&_nc_ohc=5tD-zdHQA08Q7kNvwFSTu_y&_nc_gid=B5dSoqaf1mEsV4-mwnM7dg&edm=AJhczIQBAAAA&ccb=7-5&oh=00_Afp5KfpaiMbzGO1o4B3FqZtk8hNcO_qJlYnCuUgISbSEkg&oe=696A1EE2&_nc_sid=4a2096,13,0,1325,139,0,[],,https://www.threads.net/@maggiemaggievn/post/C759RWjPMLy,[],"{'likes': 1325, 'reposts': 138, 'quotes': 1}",threads,3385006068227425010,Maggie Maggie,intern,"Từng là Phó giám đốc Marketing, những CV như này sẽ hấp dẫn tớ cho mùa internship sắp tới đây:

1. Portfolio bằng Canva thay vì CV trắng đen theo mẫu TopCV hehe
2. Có sản phẩm digital: có thể là personal branding của bạn, hoặc của 1 sản phẩm/dịch vụ nào mà bạn tự làm. Hồi xưa tớ tuyển bạn Management Trainee vì bạn í có 1 blog viết về Hà Nội. Ấn tượng ngay.
3. Hình ảnh trên CV không phải là hình thẻ, nhìn phát biết ngay cá tính
4. Có 1 mission nào đó mà bạn theo đuổi

intern",threads,63402834006,maggiemaggievn
[],2026-01-12T08:36:02.694420+07:00,"👀 Ai muốn làm Marketing nhưng chưa có kinh nghiệm?
Intern Marketing tại Germany S&T – học trong lúc làm

Gia nhập team Marketing Germany S&T, bạn sẽ được:
✨ Làm dự án Marketing đa kênh
✨ Idea được lắng nghe & triển khai
✨ Học trực tiếp từ team đang làm thật

📍 Địa chỉ: Số 10 Miếu Đầm, Nam Từ Liêm, Hà Nội
⏰ Giờ làm: Thứ 2 – sáng Thứ 7 (8h30–17h30)

📩 CV: anhpngoc.germanysnt@gmail.com
📱 LH: 0985 399 761 (Ánh) để nhận JD nhanh nhất nhá",2026-01-07T10:30:15+07:00,,3804540694691031798,threads,threads.com,threads_crawler_v1,https://www.threads.net/@pn_anhehehe/post/DTMcZrAk6r2,https://instagram.fhan3-2.fna.fbcdn.net/v/t51.2885-19/609265375_17903116836343099_5044353663238567489_n.jpg?stp=dst-jpg_s150x150_tt6&efg=eyJ2ZW5jb2RlX3RhZyI6InByb2ZpbGVfcGljLmRqYW5nby4xMDgwLmMyIn0&_nc_ht=instagram.fhan3-2.fna.fbcdn.net&_nc_cat=107&_nc_oc=Q6cZ2QHbw9LMDtLYYygXg_O2Kee2tzoGDn45fWkyWjMq3b5s-v9Gd-XKvlyssPjauIzMw5g&_nc_ohc=drNyXdZxjG4Q7kNvwF4vrNw&_nc_gid=B5dSoqaf1mEsV4-mwnM7dg&edm=AJhczIQBAAAA&ccb=7-5&oh=00_Afol87vK4ZAKnGQA1vPvintQ11wxyPS93lfSWuZIjAal_g&oe=696A3276&_nc_sid=4a2096,2,0,35,0,0,['https://instagram.fhan3-2.fna.fbcdn.net/v/t51.2885-15/590958477_17903666337343099_9075001453157081_n.jpg?stp=dst-jpg_e35_tt6&efg=eyJ2ZW5jb2RlX3RhZyI6InRocmVhZHMuQ0FST1VTRUxfSVRFTS5pbWFnZV91cmxnZW4uMTQ0MHgxOTIwLnNkci5mODI3ODcuZGVmYXVsdF9pbWFnZS5jMiJ9&_nc_ht=instagram.fhan3-2.fna.fbcdn.net&_nc_cat=107&_nc_oc=Q6cZ2QHbw9LMDtLYYygXg_O2Kee2tzoGDn45fWkyWjMq3b5s-v9Gd-XKvlyssPjauIzMw5g&_nc_ohc=jO6pR08gYq0Q7kNvwGAM2px&_nc_gid=B5dSoqaf1mEsV4-mwnM7dg&edm=AJhczIQBAAAA&ccb=7-5&ig_cache_key=MzgwNDU0MDY4OTQzOTc1NzA2Mg%3D%3D.3-ccb7-5&oh=00_AfrEAH-rKjPmA3BWxkSXSl0jzev2qb_4jIrSSozU0sxFyw&oe=696A2099&_nc_sid=4a2096'],,https://www.threads.net/@pn_anhehehe/post/DTMcZrAk6r2,[],"{'likes': 35, 'reposts': 0, 'quotes': 0}",threads,3804540694691031798,ánhne,viral,"👀 Ai muốn làm Marketing nhưng chưa có kinh nghiệm?
Intern Marketing tại Germany S&T – học trong lúc làm

Gia nhập team Marketing Germany S&T, bạn sẽ được:
✨ Làm dự án Marketing đa kênh
✨ Idea được lắng nghe & triển khai
✨ Học trực tiếp từ team đang làm thật

📍 Địa chỉ: Số 10 Miếu Đầm, Nam Từ Liêm, Hà Nội
⏰ Giờ làm: Thứ 2 – sáng Thứ 7 (8h30–17h30)

📩 CV: anhpngoc.germanysnt@gmail.com
📱 LH: 0985 399 761 (Ánh) để nhận JD nhanh nhất nhá",threads,70280767098,pn_anhehehe
[],2026-01-12T08:36:02.694452+07:00,"|HN| FPT IS TUYỂN GẤP BA INTERN & DEV INTERN 🚀
Cơ hội cho các bạn sinh viên năm cuối muốn làm việc thật – học nhanh – va dự án lớn. Cơ hội được định hướng sớm, đào tạo bởi chuyên gia, trải nghiệm văn hoá FPT trẻ trung và có cơ hội lên CTV/nhân viên chính thức sau 3 tháng.
JD dưới cmt nhé các bác oiii",2026-01-09T09:51:57+07:00,,3805970973460689140,threads,threads.com,threads_crawler_v1,https://www.threads.net/@patuli_j4s/post/DTRhm96knD0,https://instagram.fhan4-3.fna.fbcdn.net/v/t51.2885-19/530233307_17907163944203316_6632642055449125347_n.jpg?stp=dst-jpg_s150x150_tt6&efg=eyJ2ZW5jb2RlX3RhZyI6InByb2ZpbGVfcGljLmRqYW5nby4xMDgwLmMyIn0&_nc_ht=instagram.fhan4-3.fna.fbcdn.net&_nc_cat=100&_nc_oc=Q6cZ2QHbw9LMDtLYYygXg_O2Kee2tzoGDn45fWkyWjMq3b5s-v9Gd-XKvlyssPjauIzMw5g&_nc_ohc=flQbexfYIdEQ7kNvwHa0iPD&_nc_gid=B5dSoqaf1mEsV4-mwnM7dg&edm=AJhczIQBAAAA&ccb=7-5&oh=00_Afp6Bl9fH0wcq8F8NlKwT3MKyuAhUJGwV10gPUH5JLlm8A&oe=696A2778&_nc_sid=4a2096,2,0,3,0,0,[],,https://www.threads.net/@patuli_j4s/post/DTRhm96knD0,[],"{'likes': 3, 'reposts': 0, 'quotes': 0}",threads,3805970973460689140,Phạm Trúc Linh,,"|HN| FPT IS TUYỂN GẤP BA INTERN & DEV INTERN 🚀
Cơ hội cho các bạn sinh viên năm cuối muốn làm việc thật – học nhanh – va dự án lớn. Cơ hội được định hướng sớm, đào tạo bởi chuyên gia, trải nghiệm văn hoá FPT trẻ trung và có cơ hội lên CTV/nhân viên chính thức sau 3 tháng.
JD dưới cmt nhé các bác oiii",threads,66166771315,patuli_j4s
[],2026-01-12T08:36:02.694480+07:00,"Nhân dịp stress vì thất nghiệp quá lâu, panic vì apply cả intern lẫn exe đều ko có phản hồi thì mình xin phép có đôi dòng về topic “Các dấu hiệu bạn có thể pass khi đo phỏng vấn”. 

Mình làm ở vị trí Account ở Agency và post này về 1 lần pvan ở 1 Creative Agency cũng có tiếng ở SG, nơi mà mình rất thích các sản phẩm cũng như vibe làm việc, nhưng đời không như là mơ.

(Tiếp ở cmt)",2024-06-21T13:43:12+07:00,,3395139529532030876,threads,threads.com,threads_crawler_v1,https://www.threads.net/@qtotheutotheytothentotheh/post/C8d9Wn0pL-c,https://instagram.fhan3-3.fna.fbcdn.net/v/t51.2885-19/457399332_498355273140697_8990986352371417677_n.jpg?stp=dst-jpg_s150x150_tt6&efg=eyJ2ZW5jb2RlX3RhZyI6InByb2ZpbGVfcGljLmRqYW5nby43NjguYzIifQ&_nc_ht=instagram.fhan3-3.fna.fbcdn.net&_nc_cat=101&_nc_oc=Q6cZ2QHbw9LMDtLYYygXg_O2Kee2tzoGDn45fWkyWjMq3b5s-v9Gd-XKvlyssPjauIzMw5g&_nc_ohc=p27oy_5FIzkQ7kNvwGULx42&_nc_gid=B5dSoqaf1mEsV4-mwnM7dg&edm=AJhczIQBAAAA&ccb=7-5&oh=00_AfrQPNrCAAs6g9OL4BwDBT0S3Ji-yjc1Viga4T7k0T2x-g&oe=696A1810&_nc_sid=4a2096,11,0,178,10,0,[],,https://www.threads.net/@qtotheutotheytothentotheh/post/C8d9Wn0pL-c,[],"{'likes': 178, 'reposts': 10, 'quotes': 0}",threads,3395139529532030876,Quỳnh 18+,,"Nhân dịp stress vì thất nghiệp quá lâu, panic vì apply cả intern lẫn exe đều ko có phản hồi thì mình xin phép có đôi dòng về topic “Các dấu hiệu bạn có thể pass khi đo phỏng vấn”. 

Mình làm ở vị trí Account ở Agency và post này về 1 lần pvan ở 1 Creative Agency cũng có tiếng ở SG, nơi mà mình rất thích các sản phẩm cũng như vibe làm việc, nhưng đời không như là mơ.

(Tiếp ở cmt)",threads,63230671923,qtotheutotheytothentotheh
[],2026-01-12T08:36:02.694511+07:00,"Hello, I'm Punika.

I live in Zurich, Switzerland.🇨🇭

I am 37 years old.

I'd like to make some international friends; age is not an issue.

How about you?",2026-01-10T18:16:28+07:00,,3806949679326940268,threads,threads.com,threads_crawler_v1,https://www.threads.net/@punika37/post/DTVAJAyEcxs,https://instagram.fhan4-3.fna.fbcdn.net/v/t51.2885-19/565512251_17846517324589788_5635587861790347231_n.jpg?stp=dst-jpg_s150x150_tt6&efg=eyJ2ZW5jb2RlX3RhZyI6InByb2ZpbGVfcGljLmRqYW5nby4xMDgwLmMyIn0&_nc_ht=instagram.fhan4-3.fna.fbcdn.net&_nc_cat=100&_nc_oc=Q6cZ2QHbw9LMDtLYYygXg_O2Kee2tzoGDn45fWkyWjMq3b5s-v9Gd-XKvlyssPjauIzMw5g&_nc_ohc=-nfSrvXn8CsQ7kNvwHNgJB8&_nc_gid=B5dSoqaf1mEsV4-mwnM7dg&edm=AJhczIQBAAAA&ccb=7-5&oh=00_Afp7UeCwBfXwCpPROi-P1AVjoQkzNjfzt1DlNWq5HGW9kg&oe=696A349A&_nc_sid=4a2096,312,0,1401,2,0,['https://instagram.fhan4-3.fna.fbcdn.net/v/t51.2885-15/612609044_17858574969589788_7701727119955900345_n.jpg?stp=dst-jpg_e35_tt6&efg=eyJ2ZW5jb2RlX3RhZyI6InRocmVhZHMuQ0FST1VTRUxfSVRFTS5pbWFnZV91cmxnZW4uMTA4MHgxMzUwLnNkci5mODI3ODcuZGVmYXVsdF9pbWFnZS5jMiJ9&_nc_ht=instagram.fhan4-3.fna.fbcdn.net&_nc_cat=100&_nc_oc=Q6cZ2QHbw9LMDtLYYygXg_O2Kee2tzoGDn45fWkyWjMq3b5s-v9Gd-XKvlyssPjauIzMw5g&_nc_ohc=5u2uaad5GTUQ7kNvwEil1Cv&_nc_gid=B5dSoqaf1mEsV4-mwnM7dg&edm=AJhczIQBAAAA&ccb=7-5&ig_cache_key=MzgwNjk0OTY3NDU3MDU5OTEyNw%3D%3D.3-ccb7-5&oh=00_AfqV1BdOgeWmg1oRPwCMHTh2w_T4LJuGLxzJdFLIu1_zHA&oe=696A37BC&_nc_sid=4a2096'],,https://www.threads.net/@punika37/post/DTVAJAyEcxs,[],"{'likes': 1401, 'reposts': 2, 'quotes': 0}",threads,3806949679326940268,ปุณิกา,,"Hello, I'm Punika.

I live in Zurich, Switzerland.🇨🇭

I am 37 years old.

I'd like to make some international friends; age is not an issue.

How about you?",threads,77631613787,punika37
[],2026-01-12T08:36:02.694559+07:00,"RECAP 2025 PHIÊN BẢN ĐÃ HIỆN THỰC HÓA 99% VISION BOARD
Đầu 2025: thất tình, thất nghiệp, thất thu, thất vọng
Cuối 2025 mình thành công:
- Đỗ MT vị trí Production Associate của Tập đoàn Crystal International, lương cứng 24 tr/tháng
- 7.5 Ielts 
- Có bé ny xinh đẹp tuyệt vời 🥺(kh uổng công ăn 12 trái nho)
- Trách nhiệm với bản thân, không bỏ bữa gym nào
- Lần đầu đặt chân tới Hải Phòng (Crystal tài trợ vé máy bay khứ hồi 😘)
Mnf năm mới nhiều thành tựu và đc tăng lương 💪🏻
Dear 2026, please be gentle",2025-12-30T20:16:43+07:00,,3799037667230088647,threads,threads.com,threads_crawler_v1,https://www.threads.net/@buitienhuy2_7/post/DS45KFTk_3H,https://instagram.fhan4-1.fna.fbcdn.net/v/t51.2885-19/588438956_17842100940664217_4584654763275180566_n.jpg?stp=dst-jpg_s150x150_tt6&efg=eyJ2ZW5jb2RlX3RhZyI6InByb2ZpbGVfcGljLmRqYW5nby4xMDgwLmMyIn0&_nc_ht=instagram.fhan4-1.fna.fbcdn.net&_nc_cat=105&_nc_oc=Q6cZ2QHbw9LMDtLYYygXg_O2Kee2tzoGDn45fWkyWjMq3b5s-v9Gd-XKvlyssPjauIzMw5g&_nc_ohc=vi63Lrm0S_YQ7kNvwGQCWlq&_nc_gid=B5dSoqaf1mEsV4-mwnM7dg&edm=AJhczIQBAAAA&ccb=7-5&oh=00_Afo1vcaM1cuIGjKR5Kas3LkO-7jQwD51nvunBut6BQehEA&oe=696A11BC&_nc_sid=4a2096,48,0,130,31,0,['https://instagram.fhan4-1.fna.fbcdn.net/v/t51.2885-15/608412582_17845005651664217_7822351709361991091_n.jpg?stp=dst-jpg_e35_tt6&efg=eyJ2ZW5jb2RlX3RhZyI6InRocmVhZHMuQ0FST1VTRUxfSVRFTS5pbWFnZV91cmxnZW4uMjE2MHgxNDQwLnNkci5mODI3ODcuZGVmYXVsdF9pbWFnZS5jMiJ9&_nc_ht=instagram.fhan4-1.fna.fbcdn.net&_nc_cat=105&_nc_oc=Q6cZ2QHbw9LMDtLYYygXg_O2Kee2tzoGDn45fWkyWjMq3b5s-v9Gd-XKvlyssPjauIzMw5g&_nc_ohc=x9FTkk9TkHwQ7kNvwF7dHS7&_nc_gid=B5dSoqaf1mEsV4-mwnM7dg&edm=AJhczIQBAAAA&ccb=7-5&ig_cache_key=Mzc5OTAzNzY2MDQwMTc0NTIzNw%3D%3D.3-ccb7-5&oh=00_Afowg658rXKEEYQZhP9hj5s4GIp8d1MrgHr4u4Ecg_obew&oe=696A2965&_nc_sid=4a2096'],,https://www.threads.net/@buitienhuy2_7/post/DS45KFTk_3H,[],"{'likes': 130, 'reposts': 31, 'quotes': 0}",threads,3799037667230088647,,2025 Wrapped,"RECAP 2025 PHIÊN BẢN ĐÃ HIỆN THỰC HÓA 99% VISION BOARD
Đầu 2025: thất tình, thất nghiệp, thất thu, thất vọng
Cuối 2025 mình thành công:
- Đỗ MT vị trí Production Associate của Tập đoàn Crystal International, lương cứng 24 tr/tháng
- 7.5 Ielts 
- Có bé ny xinh đẹp tuyệt vời 🥺(kh uổng công ăn 12 trái nho)
- Trách nhiệm với bản thân, không bỏ bữa gym nào
- Lần đầu đặt chân tới Hải Phòng (Crystal tài trợ vé máy bay khứ hồi 😘)
Mnf năm mới nhiều thành tựu và đc tăng lương 💪🏻
Dear 2026, please be gentle",threads,79927624216,buitienhuy2_7
[],2026-01-12T08:36:02.694604+07:00,"Review Admission Application - Dauphine PSL: round 1 🇫🇷

Mình viết dựa trên trải nghiệm của mình khi apply vào Master of International Business (2nd year), vì vậy mn hãy đọc kỹ cả hướng dẫn của khoa mà cb apply nữa nhé.

Admission sẽ được thực hiện song song trên MyCandidature của Dauphine và EEF của Campus France. Trên MyCandidature bạn có thể nộp 3 nguyện vọng. Bộ hồ sơ cơ bản bao gồm 👇👇

(Spoiler: bài viết tới mình sẽ review buổi phỏng vấn với Director khoa mình và bật mí câu hỏi tình huống)",2025-12-24T07:27:43+07:00,,3794301964146725862,threads,threads.com,threads_crawler_v1,https://www.threads.net/@minanhgg/post/DSoEYiHiFPm,https://instagram.fhan3-3.fna.fbcdn.net/v/t51.2885-19/602289985_17925218424195527_2423080982963191299_n.jpg?stp=dst-jpg_s150x150_tt6&efg=eyJ2ZW5jb2RlX3RhZyI6InByb2ZpbGVfcGljLmRqYW5nby4xMDgwLmMyIn0&_nc_ht=instagram.fhan3-3.fna.fbcdn.net&_nc_cat=111&_nc_oc=Q6cZ2QHbw9LMDtLYYygXg_O2Kee2tzoGDn45fWkyWjMq3b5s-v9Gd-XKvlyssPjauIzMw5g&_nc_ohc=llLjIR9YL9kQ7kNvwHKYo5R&_nc_gid=B5dSoqaf1mEsV4-mwnM7dg&edm=AJhczIQBAAAA&ccb=7-5&oh=00_AfqixXfZI4VdPCQiQGzvidZMzobmeWTp2c-rlmI3Ztfwkw&oe=696A1214&_nc_sid=4a2096,8,0,18,1,0,['https://instagram.fhan3-3.fna.fbcdn.net/v/t51.2885-15/605150093_17925447879195527_2241632907546624734_n.jpg?stp=dst-jpg_e35_tt6&efg=eyJ2ZW5jb2RlX3RhZyI6InRocmVhZHMuQ0FST1VTRUxfSVRFTS5pbWFnZV91cmxnZW4uMTQ0MHgxOTIwLnNkci5mODI3ODcuZGVmYXVsdF9pbWFnZS5jMiJ9&_nc_ht=instagram.fhan3-3.fna.fbcdn.net&_nc_cat=111&_nc_oc=Q6cZ2QHbw9LMDtLYYygXg_O2Kee2tzoGDn45fWkyWjMq3b5s-v9Gd-XKvlyssPjauIzMw5g&_nc_ohc=Z10k_67rlPYQ7kNvwGDuNbu&_nc_gid=B5dSoqaf1mEsV4-mwnM7dg&edm=AJhczIQBAAAA&ccb=7-5&ig_cache_key=Mzc5NDMwMTk1MjU0NTI4NTg2OA%3D%3D.3-ccb7-5&oh=00_AfqN2BkufLx3ePkk9lHdYWIna30Kdus04lrvgPuHC18PHw&oe=696A19CB&_nc_sid=4a2096'],,https://www.threads.net/@minanhgg/post/DSoEYiHiFPm,[],"{'likes': 18, 'reposts': 1, 'quotes': 0}",threads,3794301964146725862,MINA😎,duhocsinhPhap,"Review Admission Application - Dauphine PSL: round 1 🇫🇷

Mình viết dựa trên trải nghiệm của mình khi apply vào Master of International Business (2nd year), vì vậy mn hãy đọc kỹ cả hướng dẫn của khoa mà cb apply nữa nhé.

Admission sẽ được thực hiện song song trên MyCandidature của Dauphine và EEF của Campus France. Trên MyCandidature bạn có thể nộp 3 nguyện vọng. Bộ hồ sơ cơ bản bao gồm 👇👇

(Spoiler: bài viết tới mình sẽ review buổi phỏng vấn với Director khoa mình và bật mí câu hỏi tình huống)",threads,65879331526,minanhgg
[],2026-01-12T08:36:02.694636+07:00,"99% CON BẠC DỪNG LẠI TRƯỚC KHI THẮNG LỚN VÀ HÃY THUỘC VỀ 1% CÒN LẠI

Mình của 2022 sẽ nhìn mình 2025 với con mắt ngưỡng mộ vì đã đạt đc mục tiêu lớn nhất trong VISION BOARD đó là đỗ chtrình MT vị trí PA của tập đoàn Crystal International. 

Nhìn lại 1năm của mình sau khi đã thành công chinh phục tập đoàn sản xuất may mặc top2 TG, thu nhập 300tr/ năm, đc learn n grow rất nhiều, để tích phước cho năm 2026 được tăng lương😅, mình xin chia sẻ vài tips để các bạn biết “đầu tư vào đâu là ngon luôn” nhé",2026-01-05T20:59:53+07:00,,3803408053103216234,threads,threads.com,threads_crawler_v1,https://www.threads.net/@goat.674314/post/DTIa3kVE8Zq,https://instagram.fhan4-5.fna.fbcdn.net/v/t51.2885-19/610520987_17847321345656823_2270524668212940037_n.jpg?stp=dst-jpg_s150x150_tt6&efg=eyJ2ZW5jb2RlX3RhZyI6InByb2ZpbGVfcGljLmRqYW5nby4xMDgwLmMyIn0&_nc_ht=instagram.fhan4-5.fna.fbcdn.net&_nc_cat=103&_nc_oc=Q6cZ2QHbw9LMDtLYYygXg_O2Kee2tzoGDn45fWkyWjMq3b5s-v9Gd-XKvlyssPjauIzMw5g&_nc_ohc=Xhf_MVPiYNIQ7kNvwFUogsM&_nc_gid=B5dSoqaf1mEsV4-mwnM7dg&edm=AJhczIQBAAAA&ccb=7-5&oh=00_Afrs7jcreMb4G-c89qCL5iBIZJQuzhGwIijivhiSrrqK2Q&oe=696A2018&_nc_sid=4a2096,38,0,92,24,0,['https://instagram.fhan4-5.fna.fbcdn.net/v/t51.2885-15/612060152_17847325674656823_9109851728233902272_n.jpg?stp=dst-jpg_e35_tt6&efg=eyJ2ZW5jb2RlX3RhZyI6InRocmVhZHMuQ0FST1VTRUxfSVRFTS5pbWFnZV91cmxnZW4uMTEyMXg4MzUuc2RyLmY4Mjc4Ny5kZWZhdWx0X2ltYWdlLmMyIn0&_nc_ht=instagram.fhan4-5.fna.fbcdn.net&_nc_cat=103&_nc_oc=Q6cZ2QHbw9LMDtLYYygXg_O2Kee2tzoGDn45fWkyWjMq3b5s-v9Gd-XKvlyssPjauIzMw5g&_nc_ohc=Xrog8RPDDuIQ7kNvwHwUNNy&_nc_gid=B5dSoqaf1mEsV4-mwnM7dg&edm=AJhczIQBAAAA&ccb=7-5&ig_cache_key=MzgwMzQwODA0NzE2NDAzNTc1Ng%3D%3D.3-ccb7-5&oh=00_Afq3oRgmeRXRj9kJ164wjzcD5RxrfNGH65zJOBJqNvNmmA&oe=696A17F8&_nc_sid=4a2096'],,https://www.threads.net/@goat.674314/post/DTIa3kVE8Zq,[],"{'likes': 92, 'reposts': 23, 'quotes': 1}",threads,3803408053103216234,,management trainee,"99% CON BẠC DỪNG LẠI TRƯỚC KHI THẮNG LỚN VÀ HÃY THUỘC VỀ 1% CÒN LẠI

Mình của 2022 sẽ nhìn mình 2025 với con mắt ngưỡng mộ vì đã đạt đc mục tiêu lớn nhất trong VISION BOARD đó là đỗ chtrình MT vị trí PA của tập đoàn Crystal International. 

Nhìn lại 1năm của mình sau khi đã thành công chinh phục tập đoàn sản xuất may mặc top2 TG, thu nhập 300tr/ năm, đc learn n grow rất nhiều, để tích phước cho năm 2026 được tăng lương😅, mình xin chia sẻ vài tips để các bạn biết “đầu tư vào đâu là ngon luôn” nhé",threads,79831088822,goat.674314
[],2026-01-12T08:36:02.694670+07:00,"Nếu bạn đang app SWE INTERN/new grad, có thể bạn biết rồi (hoặc chưa 👀) nhưng mình nhận ra khá nhiều mentee của mình chưa biết cái này.
Đây là kênh YouTube mình xem nhiều nhất trước và trong quá trình interview, từ technical tới behavioral.
Không có người mock interview thì coi cái này cũng lên trình rõ rệt. 🫣😅",2026-01-09T04:03:10+07:00,,3805795427728629413,threads,threads.com,threads_crawler_v1,https://www.threads.net/@xuantruc2k3/post/DTQ5scNkh6l,https://instagram.fhan4-5.fna.fbcdn.net/v/t51.2885-19/505193450_18075481729926530_1522538651375104275_n.jpg?stp=dst-jpg_s150x150_tt6&efg=eyJ2ZW5jb2RlX3RhZyI6InByb2ZpbGVfcGljLmRqYW5nby4xMDgwLmMyIn0&_nc_ht=instagram.fhan4-5.fna.fbcdn.net&_nc_cat=102&_nc_oc=Q6cZ2QHbw9LMDtLYYygXg_O2Kee2tzoGDn45fWkyWjMq3b5s-v9Gd-XKvlyssPjauIzMw5g&_nc_ohc=ivIuyXUNDiEQ7kNvwFl9n_m&_nc_gid=B5dSoqaf1mEsV4-mwnM7dg&edm=AJhczIQBAAAA&ccb=7-5&oh=00_Afqhg8nTcku-qOnKOGNtju7DLhUKW7gc84E50EvZVi9EJA&oe=696A3301&_nc_sid=4a2096,4,0,153,25,0,['https://instagram.fhan3-3.fna.fbcdn.net/v/t51.2885-15/610976631_17870675973507349_7599469375150080484_n.jpg?stp=dst-jpg_e35_tt6&efg=eyJ2ZW5jb2RlX3RhZyI6InRocmVhZHMuQ0FST1VTRUxfSVRFTS5pbWFnZV91cmxnZW4uOTk2eDIxNjAuc2RyLmY4Mjc4Ny5kZWZhdWx0X2ltYWdlLmMyIn0&_nc_ht=instagram.fhan3-3.fna.fbcdn.net&_nc_cat=101&_nc_oc=Q6cZ2QHbw9LMDtLYYygXg_O2Kee2tzoGDn45fWkyWjMq3b5s-v9Gd-XKvlyssPjauIzMw5g&_nc_ohc=fP5MgxUhw0kQ7kNvwGyXyj6&_nc_gid=B5dSoqaf1mEsV4-mwnM7dg&edm=AJhczIQBAAAA&ccb=7-5&ig_cache_key=MzgwNTc5NTQyMjM1OTkyMjU0OA%3D%3D.3-ccb7-5&oh=00_AfqQY6tZEo0uz2BR1KgWZ_fVTY1PSiqgoXEX9uRR9uV9Mg&oe=696A07FC&_nc_sid=4a2096'],,https://www.threads.net/@xuantruc2k3/post/DTQ5scNkh6l,[],"{'likes': 153, 'reposts': 25, 'quotes': 0}",threads,3805795427728629413,Xuân Trúc ở Microsoft,duhocsinh,"Nếu bạn đang app SWE INTERN/new grad, có thể bạn biết rồi (hoặc chưa 👀) nhưng mình nhận ra khá nhiều mentee của mình chưa biết cái này.
Đây là kênh YouTube mình xem nhiều nhất trước và trong quá trình interview, từ technical tới behavioral.
Không có người mock interview thì coi cái này cũng lên trình rõ rệt. 🫣😅",threads,75236339348,xuantruc2k3
[],2026-01-12T08:36:02.694702+07:00,"(Tiếp chủ đề SCM) Never stop studying :D CÁC Chứng chỉ công nhận quốc tế ISCEA (International Supply Chain Education Alliance) giúp ích cho sự nghiệp cung ứng của bạn và tui
1. CSCA (Certified Supply Chain Analyst): Chứng chỉ này dành cho những người mới bắt đầu trong lĩnh vực chuỗi cung ứng, cung cấp kiến thức cơ bản về các chủ đề như lập kế hoạch, chiến lược, mua sắm, sản xuất, và vận chuyển",2024-10-14T15:32:24+07:00,,3478543693609509268,threads,threads.com,threads_crawler_v1,https://www.threads.net/@edithe.jp/post/DBGRQ8pRSGU,https://instagram.fhan3-2.fna.fbcdn.net/v/t51.2885-19/442678919_2266615280336671_5903063726536952675_n.jpg?stp=dst-jpg_s150x150_tt6&efg=eyJ2ZW5jb2RlX3RhZyI6InByb2ZpbGVfcGljLmRqYW5nby44MjguYzIifQ&_nc_ht=instagram.fhan3-2.fna.fbcdn.net&_nc_cat=107&_nc_oc=Q6cZ2QHbw9LMDtLYYygXg_O2Kee2tzoGDn45fWkyWjMq3b5s-v9Gd-XKvlyssPjauIzMw5g&_nc_ohc=6RTBaGINitwQ7kNvwFH_AiV&_nc_gid=B5dSoqaf1mEsV4-mwnM7dg&edm=AJhczIQBAAAA&ccb=7-5&oh=00_Afokyz86TWSG9Tk5xxn9Cf6J99gFjh4j2Iz_G_ggKcBxXA&oe=696A3A13&_nc_sid=4a2096,9,0,304,63,0,[],,https://www.threads.net/@edithe.jp/post/DBGRQ8pRSGU,[],"{'likes': 304, 'reposts': 60, 'quotes': 3}",threads,3478543693609509268,,,"(Tiếp chủ đề SCM) Never stop studying :D CÁC Chứng chỉ công nhận quốc tế ISCEA (International Supply Chain Education Alliance) giúp ích cho sự nghiệp cung ứng của bạn và tui
1. CSCA (Certified Supply Chain Analyst): Chứng chỉ này dành cho những người mới bắt đầu trong lĩnh vực chuỗi cung ứng, cung cấp kiến thức cơ bản về các chủ đề như lập kế hoạch, chiến lược, mua sắm, sản xuất, và vận chuyển",threads,66762652813,edithe.jp
[],2026-01-12T08:36:02.694731+07:00,"Alo trung tâm hola academy. Không biết là chị tên Hường “CHUYÊN VIÊN tư vấn du học” có hiểu gì về lĩnh vực du học không nhỉ ta. “Chuyên viên” mà không hiểu gì không phân biệt được bằng IB Diploma (International Baccalaureate Diploma) hả. Ủa alo kính thưa trung tâm tư vấn du học Hola Academy, không biết là quý trung tâm khi tuyển nhân sự có tìm hiểu kĩ không vậy mà cho một “chuyên viên” chẳng biết cái quái gì đi tư vấn chọn trường cho học sinh vậy ta??? 
#holaacademy#duhocmy#duhocsinh",2025-10-18T23:49:39+07:00,,3746236219299952066,threads,threads.com,threads_crawler_v1,https://www.threads.net/@cloudy282024/post/DP9Tf44E3XC,https://instagram.fgau1-1.fna.fbcdn.net/v/t51.2885-19/573323465_1219825463302212_7278921664109726296_n.png?stp=dst-jpg_tt6&efg=eyJ2ZW5jb2RlX3RhZyI6InByb2ZpbGVfcGljLmRqYW5nby4xNTAuYzIifQ&_nc_ht=instagram.fgau1-1.fna.fbcdn.net&_nc_cat=1&_nc_oc=Q6cZ2QEjYclY-SdeHBbYVylEbk3Rg_QZeDABVumlF4Wg4Q0JlrsFaHuxUit2glAIOQuk1SbraVPLDo31dCPEew2yqfAl&_nc_ohc=EFb4Xd8YksAQ7kNvwHyY6C1&_nc_gid=Lwdo-NGRoCKELUuUkvKOgw&edm=ALlQn9MBAAAA&ccb=7-5&ig_cache_key=YW5vbnltb3VzX3Byb2ZpbGVfcGlj.3-ccb7-5&oh=00_AfraVithR9u4h1K15y5k26VGWr_wB-J2tr5knQDa0CQg-Q&oe=696A2CAA&_nc_sid=e7f676,6,0,8,0,0,[],,https://www.threads.net/@cloudy282024/post/DP9Tf44E3XC,[],"{'likes': 8, 'reposts': 0, 'quotes': 0}",threads,3746236219299952066,,duhoc,"Alo trung tâm hola academy. Không biết là chị tên Hường “CHUYÊN VIÊN tư vấn du học” có hiểu gì về lĩnh vực du học không nhỉ ta. “Chuyên viên” mà không hiểu gì không phân biệt được bằng IB Diploma (International Baccalaureate Diploma) hả. Ủa alo kính thưa trung tâm tư vấn du học Hola Academy, không biết là quý trung tâm khi tuyển nhân sự có tìm hiểu kĩ không vậy mà cho một “chuyên viên” chẳng biết cái quái gì đi tư vấn chọn trường cho học sinh vậy ta??? 
#holaacademy#duhocmy#duhocsinh",threads,77455655776,cloudy282024
[],2026-01-12T08:36:02.694764+07:00,"We’re looking for our first ever virtual assistant INTERN to come alongside us, learn, grow and potentially be hired on after the internship. 

Some details: 
• This will be a paid internship (potential to be hired on officially at a hirer rate afterwards)
• Duration: 3 months
• No experience necessary but MUST be willing to learn, grow, implement and be responsive with a good attitude 
• Will be working directly with me (founder & CEO) 

If interested, email us support@kaelynmarieva.com!! 👇🏼",2025-07-25T19:29:38+07:00,,3684499404280541794,threads,threads.com,threads_crawler_v1,https://www.threads.net/@kmvaagency/post/DMh-K_XR7Ji,https://instagram.fhan3-4.fna.fbcdn.net/v/t51.2885-19/459144796_512421764719144_1818595700866615068_n.jpg?stp=dst-jpg_s150x150_tt6&efg=eyJ2ZW5jb2RlX3RhZyI6InByb2ZpbGVfcGljLmRqYW5nby42NjkuYzIifQ&_nc_ht=instagram.fhan3-4.fna.fbcdn.net&_nc_cat=104&_nc_oc=Q6cZ2QF9nWQx5Ic3qYN6FpsdmHqNHZgUtceVt_uZiCJEDr6WnrOhTMDMhPOw1QPqSpNX_YM&_nc_ohc=aUqzmRFUGrgQ7kNvwGPvmuo&_nc_gid=QQqsO4bPK2M6LotQZnYLOA&edm=AJhczIQBAAAA&ccb=7-5&oh=00_AfqIO2TKRKdRtdg_CqkNQu-yID_cqb8qvQAJMi20s1Pnyg&oe=696A1493&_nc_sid=4a2096,174,0,795,24,0,[],,https://www.threads.net/@kmvaagency/post/DMh-K_XR7Ji,[],"{'likes': 795, 'reposts': 23, 'quotes': 1}",threads,3684499404280541794,KMVA Virtual Assistant Agency for Powerhouse Women,,"We’re looking for our first ever virtual assistant INTERN to come alongside us, learn, grow and potentially be hired on after the internship. 

Some details: 
• This will be a paid internship (potential to be hired on officially at a hirer rate afterwards)
• Duration: 3 months
• No experience necessary but MUST be willing to learn, grow, implement and be responsive with a good attitude 
• Will be working directly with me (founder & CEO) 

If interested, email us support@kaelynmarieva.com!! 👇🏼",threads,68758435277,kmvaagency
[],2026-01-12T08:36:02.694806+07:00,"❤️‍🔥 HÉ LỘ TIMELINE WORKSHOP HOT NHẤT MÙA FALL!
😱 “Năm Hai Amazon – Năm Ba Microsoft: Hành Trình Từ Lớp Học Đến Big Tech”

🎤 Diễn giả: Dave (Duy) Nguyễn – Software Engineer tại Microsoft, cựu intern Amazon, mentor tại OLACLASS sẽ chia sẻ hành trình thật: thất bại, phỏng vấn, mindset kỹ sư và cách xây dựng project “có giá trị thật”.

Cơ hội để nghe thật, học thật, truyền cảm hứng thật từ người từng ở vị trí của bạn.

👇🏻Timeline & Đăng ký dưới CMT",2025-10-18T11:56:07+07:00,,3745877078437909897,threads,threads.com,threads_crawler_v1,https://www.threads.net/@olaclass.ai/post/DP8B1s4kdWJ,https://instagram.fhan4-5.fna.fbcdn.net/v/t51.2885-19/570425101_17846643840591314_4593179493838035990_n.jpg?stp=dst-jpg_s150x150_tt6&efg=eyJ2ZW5jb2RlX3RhZyI6InByb2ZpbGVfcGljLmRqYW5nby4xMDgwLmMyIn0&_nc_ht=instagram.fhan4-5.fna.fbcdn.net&_nc_cat=102&_nc_oc=Q6cZ2QF9nWQx5Ic3qYN6FpsdmHqNHZgUtceVt_uZiCJEDr6WnrOhTMDMhPOw1QPqSpNX_YM&_nc_ohc=m2dvOMSJsPAQ7kNvwEDvGac&_nc_gid=QQqsO4bPK2M6LotQZnYLOA&edm=AJhczIQBAAAA&ccb=7-5&oh=00_AfogEB0OtqKE27ISlvVApYzMoTZ7m6Msn9tNI2rnFNzC7Q&oe=696A2E7C&_nc_sid=4a2096,2,0,4,0,0,['https://instagram.fhan4-5.fna.fbcdn.net/v/t51.2885-15/565660847_17845352019591314_6470235676352949801_n.jpg?stp=dst-jpg_e35_tt6&efg=eyJ2ZW5jb2RlX3RhZyI6InRocmVhZHMuRkVFRC5pbWFnZV91cmxnZW4uMTA4MHgxMDgwLnNkci5mODI3ODcuZGVmYXVsdF9pbWFnZS5jMiJ9&_nc_ht=instagram.fhan4-5.fna.fbcdn.net&_nc_cat=102&_nc_oc=Q6cZ2QF9nWQx5Ic3qYN6FpsdmHqNHZgUtceVt_uZiCJEDr6WnrOhTMDMhPOw1QPqSpNX_YM&_nc_ohc=Lfb-9r_EErIQ7kNvwFYPTtk&_nc_gid=QQqsO4bPK2M6LotQZnYLOA&edm=AJhczIQBAAAA&ccb=7-5&ig_cache_key=Mzc0NTg3NzA3ODQzNzkwOTg5Nw%3D%3D.3-ccb7-5&oh=00_AfpIt6URxHRyzt1omko9sEAfAnd-Fww9BNd9OEUOsirZBw&oe=696A06CE&_nc_sid=4a2096'],,https://www.threads.net/@olaclass.ai/post/DP8B1s4kdWJ,[],"{'likes': 4, 'reposts': 0, 'quotes': 0}",threads,3745877078437909897,OlaClass,TechThreads,"❤️‍🔥 HÉ LỘ TIMELINE WORKSHOP HOT NHẤT MÙA FALL!
😱 “Năm Hai Amazon – Năm Ba Microsoft: Hành Trình Từ Lớp Học Đến Big Tech”

🎤 Diễn giả: Dave (Duy) Nguyễn – Software Engineer tại Microsoft, cựu intern Amazon, mentor tại OLACLASS sẽ chia sẻ hành trình thật: thất bại, phỏng vấn, mindset kỹ sư và cách xây dựng project “có giá trị thật”.

Cơ hội để nghe thật, học thật, truyền cảm hứng thật từ người từng ở vị trí của bạn.

👇🏻Timeline & Đăng ký dưới CMT",threads,77601311313,olaclass.ai
[],2026-01-12T08:36:02.694855+07:00,"RMIT Việt Nam có 3 học bổng dành riêng cho khối ngành Nghệ thuật -Sáng tạo:

💻Communication Scholarship (dành cho ai muốn học Advertising, Public Relations, Digital Communication)

🎬Creativity Scholarship (Digital Media, Design Studies, Fashion, Digital Film and Video, Games Design)

🔣Digital Marketing Scholarship (Digital Marketing)

Không cần phải đi du học, tìm kiếm đâu xa, để tui break down 3 loại học bổng này cho em nhé 👇",2025-06-19T10:18:50+07:00,,3658130254255759849,threads,threads.com,threads_crawler_v1,https://www.threads.net/@scholarist.mentor/post/DLEShWrBiHp,https://instagram.fhan4-6.fna.fbcdn.net/v/t51.2885-19/505448053_17848140117487616_1625554247104640441_n.jpg?stp=dst-jpg_s150x150_tt6&efg=eyJ2ZW5jb2RlX3RhZyI6InByb2ZpbGVfcGljLmRqYW5nby45MDkuYzIifQ&_nc_ht=instagram.fhan4-6.fna.fbcdn.net&_nc_cat=108&_nc_oc=Q6cZ2QF9nWQx5Ic3qYN6FpsdmHqNHZgUtceVt_uZiCJEDr6WnrOhTMDMhPOw1QPqSpNX_YM&_nc_ohc=Hlwl2jMo41sQ7kNvwEMdY-s&_nc_gid=QQqsO4bPK2M6LotQZnYLOA&edm=AJhczIQBAAAA&ccb=7-5&oh=00_AfpBsbkIp-aC1Nck_bSGrJTdz0wmadbM_y6yvmIlCUJShw&oe=696A2D70&_nc_sid=4a2096,4,0,12,1,0,[],,https://www.threads.net/@scholarist.mentor/post/DLEShWrBiHp,[],"{'likes': 12, 'reposts': 1, 'quotes': 0}",threads,3658130254255759849,Scholarist - Creative Mentoring,,"RMIT Việt Nam có 3 học bổng dành riêng cho khối ngành Nghệ thuật -Sáng tạo:

💻Communication Scholarship (dành cho ai muốn học Advertising, Public Relations, Digital Communication)

🎬Creativity Scholarship (Digital Media, Design Studies, Fashion, Digital Film and Video, Games Design)

🔣Digital Marketing Scholarship (Digital Marketing)

Không cần phải đi du học, tìm kiếm đâu xa, để tui break down 3 loại học bổng này cho em nhé 👇",threads,74433583615,scholarist.mentor
[],2026-01-12T08:36:02.694886+07:00,"Hello Threads ✨
Je viens de créer mon compte et je veux me mettre en relation avec : 
• Des petits entrepreneurs & entrepreneuses 
• Community Manager & Social Media Manager 
• Philosophie et spiritualité 
• Petits créateurs & créatrices 

Mon objectif est de créer une communauté d'entraide qui oeuvre dans un même but.",2026-01-04T20:53:36+07:00,,3802680116988365044,threads,threads.com,threads_crawler_v1,https://www.threads.net/@finoanarasdigital/post/DTF1Ws_iEj0,https://instagram.fhan4-3.fna.fbcdn.net/v/t51.2885-19/610669718_17939582301103536_4635662558928520402_n.jpg?stp=dst-jpg_s150x150_tt6&efg=eyJ2ZW5jb2RlX3RhZyI6InByb2ZpbGVfcGljLmRqYW5nby4xMDgwLmMyIn0&_nc_ht=instagram.fhan4-3.fna.fbcdn.net&_nc_cat=100&_nc_oc=Q6cZ2QF9nWQx5Ic3qYN6FpsdmHqNHZgUtceVt_uZiCJEDr6WnrOhTMDMhPOw1QPqSpNX_YM&_nc_ohc=ruv-LH_BvjwQ7kNvwGU94Mi&_nc_gid=QQqsO4bPK2M6LotQZnYLOA&edm=AJhczIQBAAAA&ccb=7-5&oh=00_Afrh30t4Vl2dZ2EfmU-iWU3sFl_iZS6NSxAFOwDYtkMUrw&oe=696A3B30&_nc_sid=4a2096,45,0,48,1,0,[],,https://www.threads.net/@finoanarasdigital/post/DTF1Ws_iEj0,[],"{'likes': 48, 'reposts': 1, 'quotes': 0}",threads,3802680116988365044,Finoana Rasamoelison | Digital,Threads,"Hello Threads ✨
Je viens de créer mon compte et je veux me mettre en relation avec : 
• Des petits entrepreneurs & entrepreneuses 
• Community Manager & Social Media Manager 
• Philosophie et spiritualité 
• Petits créateurs & créatrices 

Mon objectif est de créer une communauté d'entraide qui oeuvre dans un même but.",threads,63089303535,finoanarasdigital
[],2026-01-12T08:36:02.694916+07:00,"Are you a woman under 30, enrolled full-time in a HigherEducation institution, and committed to leadership, social impact & gender equality?

Apply now for the Women@Dior & UNESCO international mentorship and educational program! 

",2025-12-20T18:00:32+07:00,,3791721345177266446,threads,threads.com,threads_crawler_v1,https://www.threads.net/@unesco/post/DSe5nlajqkO,https://instagram.fhan4-6.fna.fbcdn.net/v/t51.2885-19/410005578_1294546731235472_6856045593227371025_n.jpg?stp=dst-jpg_s150x150_tt6&efg=eyJ2ZW5jb2RlX3RhZyI6InByb2ZpbGVfcGljLmRqYW5nby4zNTQuYzIifQ&_nc_ht=instagram.fhan4-6.fna.fbcdn.net&_nc_cat=108&_nc_oc=Q6cZ2QF9nWQx5Ic3qYN6FpsdmHqNHZgUtceVt_uZiCJEDr6WnrOhTMDMhPOw1QPqSpNX_YM&_nc_ohc=Y8t6OqKe4cUQ7kNvwHppMHT&_nc_gid=QQqsO4bPK2M6LotQZnYLOA&edm=AJhczIQBAAAA&ccb=7-5&oh=00_Afq5OJSDhqeRpoEwk-RZd6M8YzmN1XHQoZxVzHEyxboUUA&oe=696A3A6A&_nc_sid=4a2096,0,0,47,11,0,['https://instagram.fhan4-5.fna.fbcdn.net/v/t51.2885-15/603909444_17933121879117842_7159272557611294944_n.jpg?stp=dst-jpg_e35_tt6&efg=eyJ2ZW5jb2RlX3RhZyI6InRocmVhZHMuRkVFRC5pbWFnZV91cmxnZW4uMTA4MHgxMDgwLnNkci5mODI3ODcuZGVmYXVsdF9pbWFnZS5jMiJ9&_nc_ht=instagram.fhan4-5.fna.fbcdn.net&_nc_cat=102&_nc_oc=Q6cZ2QF9nWQx5Ic3qYN6FpsdmHqNHZgUtceVt_uZiCJEDr6WnrOhTMDMhPOw1QPqSpNX_YM&_nc_ohc=4i3uQOWKo4EQ7kNvwENUO1Z&_nc_gid=QQqsO4bPK2M6LotQZnYLOA&edm=AJhczIQBAAAA&ccb=7-5&ig_cache_key=Mzc5MTcyMTM0NTE3NzI2NjQ0Ng%3D%3D.3-ccb7-5&oh=00_AfrC8cLLGPjGgidhrVc3Yvp-wgVaBF5GrwwkkVbHN2er0w&oe=696A168B&_nc_sid=4a2096'],,https://www.threads.net/@unesco/post/DSe5nlajqkO,[],"{'likes': 47, 'reposts': 10, 'quotes': 1}",threads,3791721345177266446,UNESCO,HigherEducation,"Are you a woman under 30, enrolled full-time in a HigherEducation institution, and committed to leadership, social impact & gender equality?

Apply now for the Women@Dior & UNESCO international mentorship and educational program! 

https://www.unesco.org/en/articles/applications-now-open-womendior-unesco-mentorship-program-2026-2027",threads,63522413841,unesco
[],2026-01-12T08:36:02.694947+07:00,"📰 BREAKING NEWS: North Korea Declares It Will Never Recognize Israel as a State 🇰🇵🇮🇱

North Korea has announced it will never recognize Israel as a sovereign state, intensifying its stance on international relations. According to the Brics News, this bold declaration could further complicate global diplomatic efforts in the region.

 
Is this a political statement or a call for conflict? Share your view. ⬇️",2025-09-05T09:43:46+07:00,,3714645104956459635,threads,threads.com,threads_crawler_v1,https://www.threads.net/@brics_countries/post/DONEgq7kspz,https://instagram.fhan3-2.fna.fbcdn.net/v/t51.2885-19/358166998_604475065168903_6889593534751746241_n.jpg?stp=dst-jpg_s150x150_tt6&efg=eyJ2ZW5jb2RlX3RhZyI6InByb2ZpbGVfcGljLmRqYW5nby41NTQuYzIifQ&_nc_ht=instagram.fhan3-2.fna.fbcdn.net&_nc_cat=107&_nc_oc=Q6cZ2QF9nWQx5Ic3qYN6FpsdmHqNHZgUtceVt_uZiCJEDr6WnrOhTMDMhPOw1QPqSpNX_YM&_nc_ohc=4GFQLWTYKiYQ7kNvwFOHcvF&_nc_gid=QQqsO4bPK2M6LotQZnYLOA&edm=AJhczIQBAAAA&ccb=7-5&oh=00_AfpNq6J7G_NcxQ-n4KPpZ4k_oYa8bSHvkAlqTCHILDWysA&oe=696A34F7&_nc_sid=4a2096,406,0,6680,379,0,['https://instagram.fhan3-3.fna.fbcdn.net/v/t51.2885-15/542469214_2216466855541715_8593658253939431954_n.heic?stp=dst-jpg_e35_tt6&efg=eyJ2ZW5jb2RlX3RhZyI6InRocmVhZHMuRkVFRC5pbWFnZV91cmxnZW4uMTQ0MHgxOTIwLnNkci5mNzE4NzguZGVmYXVsdF9pbWFnZS5jMiJ9&_nc_ht=instagram.fhan3-3.fna.fbcdn.net&_nc_cat=111&_nc_oc=Q6cZ2QF9nWQx5Ic3qYN6FpsdmHqNHZgUtceVt_uZiCJEDr6WnrOhTMDMhPOw1QPqSpNX_YM&_nc_ohc=Eq09x_Eg4NQQ7kNvwGZGaHH&_nc_gid=QQqsO4bPK2M6LotQZnYLOA&edm=AJhczIQBAAAA&ccb=7-5&ig_cache_key=MzcxNDY0NTEwNDk1NjQ1OTYzNQ%3D%3D.3-ccb7-5&oh=00_AfoXrws43m2er0UWNnZmAUiOs1XVPARN4w7K0HwGdTFVUg&oe=696A262D&_nc_sid=4a2096'],,https://www.threads.net/@brics_countries/post/DONEgq7kspz,[],"{'likes': 6680, 'reposts': 348, 'quotes': 31}",threads,3714645104956459635,BRICS NEWS,,"📰 BREAKING NEWS: North Korea Declares It Will Never Recognize Israel as a State 🇰🇵🇮🇱

North Korea has announced it will never recognize Israel as a sovereign state, intensifying its stance on international relations. According to the Brics News, this bold declaration could further complicate global diplomatic efforts in the region.

 
Is this a political statement or a call for conflict? Share your view. ⬇️",threads,63248249070,brics_countries
[],2026-01-12T08:36:02.694976+07:00,"Need advice from abg kakak yg dh bekerja, stay with degree or change ?

My education path:
Spm pure science 7A, 
Foundation Tesl cgpa 3.32
Currently Degree International Relations (1st year) cgpa 3.4

Slama ni I only followed the flow, like I just take what comes to me and hustled through it. And now suddenly I'm rethinking my life choices.",2025-09-21T12:25:20+07:00,,3726322842397151384,threads,threads.com,threads_crawler_v1,https://www.threads.net/@_ftymh.you/post/DO2juHbgZCY,https://instagram.fhan3-3.fna.fbcdn.net/v/t51.2885-19/485570839_1617360258915539_8365449810058226103_n.jpg?stp=dst-jpg_s150x150_tt6&efg=eyJ2ZW5jb2RlX3RhZyI6InByb2ZpbGVfcGljLmRqYW5nby4xMDgwLmMyIn0&_nc_ht=instagram.fhan3-3.fna.fbcdn.net&_nc_cat=111&_nc_oc=Q6cZ2QF9nWQx5Ic3qYN6FpsdmHqNHZgUtceVt_uZiCJEDr6WnrOhTMDMhPOw1QPqSpNX_YM&_nc_ohc=a94HjXDHZywQ7kNvwFLrt5v&_nc_gid=QQqsO4bPK2M6LotQZnYLOA&edm=AJhczIQBAAAA&ccb=7-5&oh=00_AfqHWU8eYbtHXBoR9njhpHthiIJ2aJ6PmlSIjFRZc-4rCQ&oe=696A3A83&_nc_sid=4a2096,13,0,41,1,0,[],,https://www.threads.net/@_ftymh.you/post/DO2juHbgZCY,[],"{'likes': 41, 'reposts': 1, 'quotes': 0}",threads,3726322842397151384,ima,,"Need advice from abg kakak yg dh bekerja, stay with degree or change ?

My education path:
Spm pure science 7A, 
Foundation Tesl cgpa 3.32
Currently Degree International Relations (1st year) cgpa 3.4

Slama ni I only followed the flow, like I just take what comes to me and hustled through it. And now suddenly I'm rethinking my life choices.",threads,73295731989,_ftymh.you
[],2026-01-12T08:36:02.695004+07:00,"Nếu mà các bạn cỡ 17, 18 tuổi , hay kiểu vừa đổi background ngành ở đại học mà phân vân du học, có lẽ Mai nghĩ cân nhắc kỹ hơn về chuyện chọn ngành. Không phải vì nó “sai”, mà vì nó đắt : ko chỉ tiền bạc, mà là đắt cả ở sự đánh đổi. 

Có 2 ngành mà mình muốn viết riêng đọc mà suy nghĩ 2 lần.

1. International Relations (IR) - Quan hệ quốc tế.
Nghe tên thì oách, học cũng hay, nếu bạn thật sự thích lịch sử, chính trị, triết học, triết học chính trị, quan hệ quyền lực giữa các quốc gia,",2025-06-13T19:21:14+07:00,,3654054599612736857,threads,threads.com,threads_crawler_v1,https://www.threads.net/@maingtran/post/DK1z0xfzKVZ,https://instagram.fhan4-6.fna.fbcdn.net/v/t51.2885-19/358052450_1255389678348981_1249053793064397272_n.jpg?stp=dst-jpg_s150x150_tt6&efg=eyJ2ZW5jb2RlX3RhZyI6InByb2ZpbGVfcGljLmRqYW5nby4xMDgwLmMyIn0&_nc_ht=instagram.fhan4-6.fna.fbcdn.net&_nc_cat=109&_nc_oc=Q6cZ2QF9nWQx5Ic3qYN6FpsdmHqNHZgUtceVt_uZiCJEDr6WnrOhTMDMhPOw1QPqSpNX_YM&_nc_ohc=rfZPNiSgIBAQ7kNvwH12Vwh&_nc_gid=QQqsO4bPK2M6LotQZnYLOA&edm=AJhczIQBAAAA&ccb=7-5&oh=00_AfoZa3RfRTA_lVLU5jDRRU2RsN45av71pGD2SMDdFS1FUQ&oe=696A1BD5&_nc_sid=4a2096,49,0,587,51,0,[],,https://www.threads.net/@maingtran/post/DK1z0xfzKVZ,[],"{'likes': 587, 'reposts': 50, 'quotes': 1}",threads,3654054599612736857,Trần Ngọc Mai / education,,"Nếu mà các bạn cỡ 17, 18 tuổi , hay kiểu vừa đổi background ngành ở đại học mà phân vân du học, có lẽ Mai nghĩ cân nhắc kỹ hơn về chuyện chọn ngành. Không phải vì nó “sai”, mà vì nó đắt : ko chỉ tiền bạc, mà là đắt cả ở sự đánh đổi. 

Có 2 ngành mà mình muốn viết riêng đọc mà suy nghĩ 2 lần.

1. International Relations (IR) - Quan hệ quốc tế.
Nghe tên thì oách, học cũng hay, nếu bạn thật sự thích lịch sử, chính trị, triết học, triết học chính trị, quan hệ quyền lực giữa các quốc gia,",threads,63642672037,maingtran
[],2026-01-12T08:36:02.695033+07:00,"Hello everyone, Im currently looking for an internship opportunity in the fields of governance, regulatory affairs, compliance, international relations or any related field for April to July 2026 intake. 

I would prefer opportunities located in Kuala Lumpur or Selangor, ideally accessible by public transport (LRT/MRT)

If you have any openings or suggestions, kindly DM me or reply here, and I will be happy to send my resume. Thank you🫶🏻",2026-01-05T23:56:09+07:00,,3803496773042793263,threads,threads.com,threads_crawler_v1,https://www.threads.net/@azwinairiennn/post/DTIvCnNj2sv,https://instagram.fhan3-3.fna.fbcdn.net/v/t51.2885-19/599043175_17857622700572041_2479412483271832995_n.jpg?stp=dst-jpg_s150x150_tt6&efg=eyJ2ZW5jb2RlX3RhZyI6InByb2ZpbGVfcGljLmRqYW5nby44MjguYzIifQ&_nc_ht=instagram.fhan3-3.fna.fbcdn.net&_nc_cat=101&_nc_oc=Q6cZ2QF9nWQx5Ic3qYN6FpsdmHqNHZgUtceVt_uZiCJEDr6WnrOhTMDMhPOw1QPqSpNX_YM&_nc_ohc=c-O4UbxxJaIQ7kNvwGUCRrw&_nc_gid=QQqsO4bPK2M6LotQZnYLOA&edm=AJhczIQBAAAA&ccb=7-5&oh=00_AfqTlFArp1XSFhCq0JtfheK-nmE1YvezpO_E1XjygnBeIA&oe=696A32F2&_nc_sid=4a2096,1,0,1,0,0,[],,https://www.threads.net/@azwinairiennn/post/DTIvCnNj2sv,[],"{'likes': 1, 'reposts': 0, 'quotes': 0}",threads,3803496773042793263,,internship,"Hello everyone, Im currently looking for an internship opportunity in the fields of governance, regulatory affairs, compliance, international relations or any related field for April to July 2026 intake. 

I would prefer opportunities located in Kuala Lumpur or Selangor, ideally accessible by public transport (LRT/MRT)

If you have any openings or suggestions, kindly DM me or reply here, and I will be happy to send my resume. Thank you🫶🏻",threads,77156156040,azwinairiennn
[],2026-01-12T08:36:02.695061+07:00,"I will randomly yap về địa chính trị ở khía cạnh lý thuyết. 

Vì trên thực tế, từ địa chính trị được sử dụng khác nhiều với cách hiểu đơn giản là các vấn đề địa lý và khu vực địa lý có ảnh hưởng chính trị. Hoặc đôi khi là chỉ nói về địa lý đơn thuần nhưng do đang bình luận chính trị nên thêm vào. Hoặc viết như “với tình hình địa chính trị hiện nay”. 

Bởi vì dần từ địa chính trị trở thành 1 buzzword. Nên mình nghĩ cho nó chút ánh sáng để soi lại học thuật người ta hiểu như thế nào, để từ vựng",2025-05-29T00:08:31+07:00,,3642602785755545661,threads,threads.com,threads_crawler_v1,https://www.threads.net/@t.n.hc/post/DKNH-8uzsA9,https://instagram.fhan4-5.fna.fbcdn.net/v/t51.2885-19/508336368_17910652056153530_7907085524842394645_n.jpg?stp=dst-jpg_s150x150_tt6&efg=eyJ2ZW5jb2RlX3RhZyI6InByb2ZpbGVfcGljLmRqYW5nby4xMDgwLmMyIn0&_nc_ht=instagram.fhan4-5.fna.fbcdn.net&_nc_cat=102&_nc_oc=Q6cZ2QF9nWQx5Ic3qYN6FpsdmHqNHZgUtceVt_uZiCJEDr6WnrOhTMDMhPOw1QPqSpNX_YM&_nc_ohc=k0SqXZCFoVAQ7kNvwGPYHHB&_nc_gid=QQqsO4bPK2M6LotQZnYLOA&edm=AJhczIQBAAAA&ccb=7-5&oh=00_AfozmaJU719iofa9pm1YJNDcP9S4BSblcVmgbim9MRw1Iw&oe=696A3A7D&_nc_sid=4a2096,20,0,79,13,0,[],,https://www.threads.net/@t.n.hc/post/DKNH-8uzsA9,[],"{'likes': 79, 'reposts': 13, 'quotes': 0}",threads,3642602785755545661,nguyễn thái học,international relations,"I will randomly yap về địa chính trị ở khía cạnh lý thuyết. 

Vì trên thực tế, từ địa chính trị được sử dụng khác nhiều với cách hiểu đơn giản là các vấn đề địa lý và khu vực địa lý có ảnh hưởng chính trị. Hoặc đôi khi là chỉ nói về địa lý đơn thuần nhưng do đang bình luận chính trị nên thêm vào. Hoặc viết như “với tình hình địa chính trị hiện nay”. 

Bởi vì dần từ địa chính trị trở thành 1 buzzword. Nên mình nghĩ cho nó chút ánh sáng để soi lại học thuật người ta hiểu như thế nào, để từ vựng",threads,64666409529,t.n.hc
[],2026-01-12T08:36:02.695088+07:00,"Global power dynamics are shifting fast.🌍⚡When major nations push back, the world watches closely.

#BreakingNews #WorldPolitics #GlobalAffairs #Geopolitics #International Relations

PowerPolitics GlobalNews PoliticalUpdate WorldOrder Diplomacy NewsUpdate",2026-01-07T13:17:35+07:00,,3804624916037369012,threads,threads.com,threads_crawler_v1,https://www.threads.net/@marketadvisor_/post/DTMvjQQAfy0,https://instagram.fhan4-3.fna.fbcdn.net/v/t51.2885-19/591164134_17842975182626758_665155129771663737_n.jpg?stp=dst-jpg_s150x150_tt6&efg=eyJ2ZW5jb2RlX3RhZyI6InByb2ZpbGVfcGljLmRqYW5nby4xMDgwLmMyIn0&_nc_ht=instagram.fhan4-3.fna.fbcdn.net&_nc_cat=110&_nc_oc=Q6cZ2QF9nWQx5Ic3qYN6FpsdmHqNHZgUtceVt_uZiCJEDr6WnrOhTMDMhPOw1QPqSpNX_YM&_nc_ohc=bjS4Aa71WmcQ7kNvwFmLQws&_nc_gid=QQqsO4bPK2M6LotQZnYLOA&edm=AJhczIQBAAAA&ccb=7-5&oh=00_Afr-AiHdnYAB-S6XjpNqJUTAmyGiYz3rxjYALyElyr9jug&oe=696A2D5A&_nc_sid=4a2096,48,0,843,31,0,['https://instagram.fhan3-3.fna.fbcdn.net/v/t51.2885-15/609215488_17920155414232741_8000845777772315049_n.webp?efg=eyJ2ZW5jb2RlX3RhZyI6InRocmVhZHMuRkVFRC5pbWFnZV91cmxnZW4uMTIyOXgxNDQwLnNkci5mODI3ODcuZGVmYXVsdF9pbWFnZS5jMiJ9&_nc_ht=instagram.fhan3-3.fna.fbcdn.net&_nc_cat=101&_nc_oc=Q6cZ2QF9nWQx5Ic3qYN6FpsdmHqNHZgUtceVt_uZiCJEDr6WnrOhTMDMhPOw1QPqSpNX_YM&_nc_ohc=pdHXdgBw4A4Q7kNvwHGwiJO&_nc_gid=QQqsO4bPK2M6LotQZnYLOA&edm=AJhczIQBAAAA&ccb=7-5&ig_cache_key=MzgwNDYyNDkxNjAzNzM2OTAxMg%3D%3D.3-ccb7-5&oh=00_AfrpU9m-au8N01XKg3icSEywDjjwWinD_6Ar7XjWLngs1g&oe=696A2BAE&_nc_sid=4a2096'],,https://www.threads.net/@marketadvisor_/post/DTMvjQQAfy0,[],"{'likes': 843, 'reposts': 28, 'quotes': 3}",threads,3804624916037369012,Share | Mutual fund | Finance,,"Global power dynamics are shifting fast.🌍⚡When major nations push back, the world watches closely.

#BreakingNews #WorldPolitics #GlobalAffairs #Geopolitics #International Relations

PowerPolitics GlobalNews PoliticalUpdate WorldOrder Diplomacy NewsUpdate",threads,78728858757,marketadvisor_
[],2026-01-12T08:36:02.695117+07:00,E hiện đang có mong muốn đi du học Mỹ theo hệ thạc sỹ ngành Public Administration hoặc International Relations với mong muốn được làm trong các tổ chức NGO quốc tế. Ac nào đã và đang du học có thể cho e xin rì viu thêm về ngành và cơ hội ở lại làm việc tại Mỹ vs ạ vì e thấy ít ai rì viu quá. Mong Thread nì viral để iem có thể pay vs ngành ạ🙏🏻🙏🏻,2024-11-20T02:08:29+07:00,,3504955773506387671,threads,threads.com,threads_crawler_v1,https://www.threads.net/@lenora.pov/post/DCkGrS5TX7X,https://instagram.fhan4-5.fna.fbcdn.net/v/t51.2885-19/467032306_867413412214539_4221267800545634053_n.jpg?stp=dst-jpg_s150x150_tt6&efg=eyJ2ZW5jb2RlX3RhZyI6InByb2ZpbGVfcGljLmRqYW5nby42NzIuYzIifQ&_nc_ht=instagram.fhan4-5.fna.fbcdn.net&_nc_cat=103&_nc_oc=Q6cZ2QF9nWQx5Ic3qYN6FpsdmHqNHZgUtceVt_uZiCJEDr6WnrOhTMDMhPOw1QPqSpNX_YM&_nc_ohc=KvnfG-U54iUQ7kNvwGhpr5a&_nc_gid=QQqsO4bPK2M6LotQZnYLOA&edm=AJhczIQBAAAA&ccb=7-5&oh=00_AfqCtEajDviskYMZ4kVfOPLx9qlTqYgpeergE0C19QtaAw&oe=696A3145&_nc_sid=4a2096,2,0,4,0,0,[],,https://www.threads.net/@lenora.pov/post/DCkGrS5TX7X,[],"{'likes': 4, 'reposts': 0, 'quotes': 0}",threads,3504955773506387671,N.,,E hiện đang có mong muốn đi du học Mỹ theo hệ thạc sỹ ngành Public Administration hoặc International Relations với mong muốn được làm trong các tổ chức NGO quốc tế. Ac nào đã và đang du học có thể cho e xin rì viu thêm về ngành và cơ hội ở lại làm việc tại Mỹ vs ạ vì e thấy ít ai rì viu quá. Mong Thread nì viral để iem có thể pay vs ngành ạ🙏🏻🙏🏻,threads,70453156564,lenora.pov
[],2026-01-12T08:36:02.695146+07:00,Are there any people who studied International Relations and are working in that field?,2025-02-04T01:08:09+07:00,,3560008363724251721,threads,threads.com,threads_crawler_v1,https://www.threads.net/@mindmeshed/post/DFnsL69NCJJ,https://instagram.fhan3-3.fna.fbcdn.net/v/t51.2885-19/504496721_17881058841325703_450097451383260198_n.jpg?stp=dst-jpg_s150x150_tt6&efg=eyJ2ZW5jb2RlX3RhZyI6InByb2ZpbGVfcGljLmRqYW5nby4xMDgwLmMyIn0&_nc_ht=instagram.fhan3-3.fna.fbcdn.net&_nc_cat=111&_nc_oc=Q6cZ2QF9nWQx5Ic3qYN6FpsdmHqNHZgUtceVt_uZiCJEDr6WnrOhTMDMhPOw1QPqSpNX_YM&_nc_ohc=IgZJnTN_pbgQ7kNvwGttxLO&_nc_gid=QQqsO4bPK2M6LotQZnYLOA&edm=AJhczIQBAAAA&ccb=7-5&oh=00_Afo30FaymtaP7DW09TepuSI1qBFUDjMXVhTmYhRITCz3Kw&oe=696A1E2C&_nc_sid=4a2096,32,0,11,1,0,[],,https://www.threads.net/@mindmeshed/post/DFnsL69NCJJ,[],"{'likes': 11, 'reposts': 0, 'quotes': 1}",threads,3560008363724251721,Lazolia B | Joy Researcher | Self-Possesion Philosopher,,Are there any people who studied International Relations and are working in that field?,threads,69684837702,mindmeshed
[],2026-01-12T08:36:02.695177+07:00,"(Góc tự hào Việt Nam 🇻🇳)

Nay mình có tiết Introduction to International Relations (đáng lẽ thứ 6 nhưng vì cấn Good Friday nên dời sang sáng nay), tuần này lớp discuss về bất bình đẳng kinh tế - xã hội toàn cầu. Khi mình phát biểu về cách hiểu của bản thân về định nghĩa của “tình trạng đói nghèo” và “bất bình đẳng” thì 
(Tiếp dưới comment)",2025-04-15T07:00:43+07:00,,3610920114721578947,threads,threads.com,threads_crawler_v1,https://www.threads.net/@anonymous_viet_guy/post/DIckLZ-St_D,https://instagram.fhan4-3.fna.fbcdn.net/v/t51.2885-19/612957353_17930261838172176_7130715516867869618_n.jpg?stp=dst-jpg_s150x150_tt6&efg=eyJ2ZW5jb2RlX3RhZyI6InByb2ZpbGVfcGljLmRqYW5nby41NTMuYzIifQ&_nc_ht=instagram.fhan4-3.fna.fbcdn.net&_nc_cat=100&_nc_oc=Q6cZ2QF9nWQx5Ic3qYN6FpsdmHqNHZgUtceVt_uZiCJEDr6WnrOhTMDMhPOw1QPqSpNX_YM&_nc_ohc=0VdcvH7u-LoQ7kNvwEwfHlM&_nc_gid=QQqsO4bPK2M6LotQZnYLOA&edm=AJhczIQBAAAA&ccb=7-5&oh=00_Afqy4gbBxITs0VK2aPEg62pXBnItH_6GDPni45fY5anKKg&oe=696A2BAD&_nc_sid=4a2096,51,0,508,40,0,[],,https://www.threads.net/@anonymous_viet_guy/post/DIckLZ-St_D,[],"{'likes': 508, 'reposts': 40, 'quotes': 0}",threads,3610920114721578947,იოსებ სტალინი,,"(Góc tự hào Việt Nam 🇻🇳)

Nay mình có tiết Introduction to International Relations (đáng lẽ thứ 6 nhưng vì cấn Good Friday nên dời sang sáng nay), tuần này lớp discuss về bất bình đẳng kinh tế - xã hội toàn cầu. Khi mình phát biểu về cách hiểu của bản thân về định nghĩa của “tình trạng đói nghèo” và “bất bình đẳng” thì 
(Tiếp dưới comment)",threads,65128484175,anonymous_viet_guy
[],2026-01-12T08:36:02.695207+07:00,"Tổ chức của mình sẽ có 1 buổi thăm ĐSQ Vương Quốc Bahrain ở Tokyo vào thứ ba tuần tới. Ngôn ngữ sử dụng là tiếng Anh/Nhật. Nếu có hứng thú với Bahrain, international relations hay climate/environmental diplomacy thì các bạn có thể nhắn mình/comment bên dưới mình gửi chi tiết và link đăng ký nha",2025-11-19T10:58:05+07:00,,3769040697627182587,threads,threads.com,threads_crawler_v1,https://www.threads.net/@hihidorothie/post/DROUouWDwX7,https://instagram.fhan4-6.fna.fbcdn.net/v/t51.2885-19/434987040_434865768998828_1933640673511159691_n.jpg?stp=dst-jpg_s150x150_tt6&efg=eyJ2ZW5jb2RlX3RhZyI6InByb2ZpbGVfcGljLmRqYW5nby4xMDgwLmMyIn0&_nc_ht=instagram.fhan4-6.fna.fbcdn.net&_nc_cat=108&_nc_oc=Q6cZ2QF9nWQx5Ic3qYN6FpsdmHqNHZgUtceVt_uZiCJEDr6WnrOhTMDMhPOw1QPqSpNX_YM&_nc_ohc=JLzakj8DgosQ7kNvwFbLhYh&_nc_gid=QQqsO4bPK2M6LotQZnYLOA&edm=AJhczIQBAAAA&ccb=7-5&oh=00_AfrrV1jNvxcGTqm2CBI6FwGvdn4596Tif651DMkbFBRH-w&oe=696A274D&_nc_sid=4a2096,6,0,24,0,0,[],,https://www.threads.net/@hihidorothie/post/DROUouWDwX7,[],"{'likes': 24, 'reposts': 0, 'quotes': 0}",threads,3769040697627182587,Hihi Dorothie,du hoc sinh nhat,"Tổ chức của mình sẽ có 1 buổi thăm ĐSQ Vương Quốc Bahrain ở Tokyo vào thứ ba tuần tới. Ngôn ngữ sử dụng là tiếng Anh/Nhật. Nếu có hứng thú với Bahrain, international relations hay climate/environmental diplomacy thì các bạn có thể nhắn mình/comment bên dưới mình gửi chi tiết và link đăng ký nha",threads,65649211731,hihidorothie
[],2026-01-12T08:36:02.695237+07:00,My son genoaorion has been living in Japan with his beautiful girlfriend Niko. They met in Okinawa when he studied abroad his Senior year of high school. Now they are living in Kyoto and Genoa is applying for the College of International Relations at @ritsumeikan_university. I am so impressed with his language fluency...he is teaching Niko English and she is helping him build his Japanese fluency. They are such a beautiful love story! I can't wait to visit them in the spring! Love you Son ❤️,2025-10-28T22:09:28+07:00,,3753433547370781552,threads,threads.com,threads_crawler_v1,https://www.threads.net/@wildkindjess/post/DQW3-y_Edtw,https://instagram.fhan3-4.fna.fbcdn.net/v/t51.2885-19/475705775_635350582208536_8812654237292161375_n.jpg?stp=dst-jpg_s150x150_tt6&efg=eyJ2ZW5jb2RlX3RhZyI6InByb2ZpbGVfcGljLmRqYW5nby4xMDgwLmMyIn0&_nc_ht=instagram.fhan3-4.fna.fbcdn.net&_nc_cat=104&_nc_oc=Q6cZ2QF9nWQx5Ic3qYN6FpsdmHqNHZgUtceVt_uZiCJEDr6WnrOhTMDMhPOw1QPqSpNX_YM&_nc_ohc=q4my7k263H8Q7kNvwEAKfhY&_nc_gid=QQqsO4bPK2M6LotQZnYLOA&edm=AJhczIQBAAAA&ccb=7-5&oh=00_AfrO88wc-GzAdT51_9UpDgGLHM-dRNTmu_IJ-ir6IKI9XA&oe=696A0829&_nc_sid=4a2096,31,0,1245,21,0,['https://instagram.fhan3-2.fna.fbcdn.net/v/t51.2885-15/572339374_18077778710143987_3319912052893314351_n.jpg?stp=dst-jpg_e35_tt6&efg=eyJ2ZW5jb2RlX3RhZyI6InRocmVhZHMuQ0FST1VTRUxfSVRFTS5pbWFnZV91cmxnZW4uMTE3OXgxMzk0LnNkci5mODI3ODcuZGVmYXVsdF9pbWFnZS5jMiJ9&_nc_ht=instagram.fhan3-2.fna.fbcdn.net&_nc_cat=107&_nc_oc=Q6cZ2QF9nWQx5Ic3qYN6FpsdmHqNHZgUtceVt_uZiCJEDr6WnrOhTMDMhPOw1QPqSpNX_YM&_nc_ohc=GI5XqYrmtokQ7kNvwFZSWnj&_nc_gid=QQqsO4bPK2M6LotQZnYLOA&edm=AJhczIQBAAAA&ccb=7-5&ig_cache_key=Mzc1MzQzMzUzNzA1Mjc2NTk0NA%3D%3D.3-ccb7-5&oh=00_AfrPhwufwnSXmxAvhxlrJW1SJiOVCJmnDWl-sQNXSrZztg&oe=696A0E6A&_nc_sid=4a2096'],,https://www.threads.net/@wildkindjess/post/DQW3-y_Edtw,[],"{'likes': 1245, 'reposts': 21, 'quotes': 0}",threads,3753433547370781552,Jess Caldwell | Founder Wildkind Outdoors,,My son genoaorion has been living in Japan with his beautiful girlfriend Niko. They met in Okinawa when he studied abroad his Senior year of high school. Now they are living in Kyoto and Genoa is applying for the College of International Relations at ritsumeikan_university. I am so impressed with his language fluency...he is teaching Niko English and she is helping him build his Japanese fluency. They are such a beautiful love story! I can't wait to visit them in the spring! Love you Son ❤️,threads,72153914147,wildkindjess
[],2026-01-12T08:36:02.695318+07:00,"Congratulations again!!! 🎉🥳

Isabelle Lovelie S. Duterte 
Master's in International Relations 
University of Sydney

#ThankYouLordForAllTheBlessings #love #Support #everyone",2025-10-13T20:59:40+07:00,,3742526784727780977,threads,threads.com,threads_crawler_v1,https://www.threads.net/@th.erese8953/post/DPwIEguFY5x,https://instagram.fded3-1.fna.fbcdn.net/v/t51.2885-19/573323465_1219825463302212_7278921664109726296_n.png?stp=dst-jpg_s150x150_tt6&efg=eyJ2ZW5jb2RlX3RhZyI6InByb2ZpbGVfcGljLmRqYW5nby4xNTAuYzIifQ&_nc_ht=instagram.fded3-1.fna.fbcdn.net&_nc_cat=1&_nc_oc=Q6cZ2QHtvj7lthek91iGX49D1nIfYMrgR2i2XqQxSwuERh3NKU3NQ9IaJ1jmF2gE9Ake_wabWtRbyy_9G6KFw7B1-ayu&_nc_ohc=EFb4Xd8YksAQ7kNvwE923fC&_nc_gid=Ij0tjmXzOk_dC5DgYwECwQ&edm=APs17CUBAAAA&ccb=7-5&ig_cache_key=YW5vbnltb3VzX3Byb2ZpbGVfcGlj.3-ccb7-5&oh=00_Afptz3wiKtQWj0r5leMxdm6lixB5IOLFkRW3uGpnhK-Plw&oe=696A2CAA&_nc_sid=10d13b,639,0,3557,26,0,['https://instagram.fhan4-3.fna.fbcdn.net/v/t39.30808-6/561252049_1114664204170678_4630816313213747960_n.jpg?stp=dst-jpg_e35_tt6&efg=eyJ2ZW5jb2RlX3RhZyI6InRocmVhZHMuQ0FST1VTRUxfSVRFTS5pbWFnZV91cmxnZW4uMTMyMHgxOTY2LnNkci5mMzA4MDguZGVmYXVsdF9pbWFnZS5jMiJ9&_nc_ht=instagram.fhan4-3.fna.fbcdn.net&_nc_cat=110&_nc_oc=Q6cZ2QF9nWQx5Ic3qYN6FpsdmHqNHZgUtceVt_uZiCJEDr6WnrOhTMDMhPOw1QPqSpNX_YM&_nc_ohc=GVZ946qRDRwQ7kNvwFD8q1M&_nc_gid=QQqsO4bPK2M6LotQZnYLOA&edm=AJhczIQAAAAA&ccb=7-5&ig_cache_key=Mzc0MjUyNjc3MjUzMDc1MDM3MA%3D%3D.3-ccb7-5&oh=00_Afo836uXob8dP4cuabUv2qsA2CcTd9_dwENcomrIAg0O3w&oe=696A3491&_nc_sid=4a2096'],,https://www.threads.net/@th.erese8953/post/DPwIEguFY5x,[],"{'likes': 3557, 'reposts': 21, 'quotes': 5}",threads,3742526784727780977,Tess Gaburno Brun,,"Congratulations again!!! 🎉🥳

Isabelle Lovelie S. Duterte 
Master's in International Relations 
University of Sydney

#ThankYouLordForAllTheBlessings #love #Support #everyone",threads,68664850602,th.erese8953
[],2026-01-12T08:36:02.695350+07:00,"Thuật ngữ nhập môn quan hệ quốc tế (p2)
 THE SECURITY DILEMMA
Under internationnal anarchy, states seek to accumulate power as a means to secure their survival. Yet, as a one state becomes stronger, others perceive its actions as a potential threat and repond by increasing their own power. This dynamic creats what scholars refer to as “the security dilemma”- a condition in which efforts to enhance security paradoxically produce greater insecurity.",2025-10-19T10:53:13+07:00,,3746570201300162485,threads,threads.com,threads_crawler_v1,https://www.threads.net/@th_huyn.eef/post/DP-fb92j1e1,https://instagram.fhan4-1.fna.fbcdn.net/v/t51.2885-19/448674116_1012847490236681_8854119606801304231_n.jpg?stp=dst-jpg_s150x150_tt6&efg=eyJ2ZW5jb2RlX3RhZyI6InByb2ZpbGVfcGljLmRqYW5nby4xMDgwLmMyIn0&_nc_ht=instagram.fhan4-1.fna.fbcdn.net&_nc_cat=105&_nc_oc=Q6cZ2QF9nWQx5Ic3qYN6FpsdmHqNHZgUtceVt_uZiCJEDr6WnrOhTMDMhPOw1QPqSpNX_YM&_nc_ohc=0cuyzovaKDkQ7kNvwFu9Xqf&_nc_gid=QQqsO4bPK2M6LotQZnYLOA&edm=AJhczIQBAAAA&ccb=7-5&oh=00_Afp8aI55YLFklT77al3kmBO08Qg7V0qL14SuMp0u6vaq5g&oe=696A2814&_nc_sid=4a2096,1,0,0,0,0,[],,https://www.threads.net/@th_huyn.eef/post/DP-fb92j1e1,[],"{'likes': 0, 'reposts': 0, 'quotes': 0}",threads,3746570201300162485,Kiều Thanh Huyền,international relations,"Thuật ngữ nhập môn quan hệ quốc tế (p2)
 THE SECURITY DILEMMA
Under internationnal anarchy, states seek to accumulate power as a means to secure their survival. Yet, as a one state becomes stronger, others perceive its actions as a potential threat and repond by increasing their own power. This dynamic creats what scholars refer to as “the security dilemma”- a condition in which efforts to enhance security paradoxically produce greater insecurity.",threads,67171368714,th_huyn.eef
[],2026-01-12T08:47:56.869634+07:00,"I teach politics, economics, and international relations at a high school here in Finland. My teaching materials have always been based on current domestic and global events. Now I’m updating my materials again and realizing how many times over the past year I’ve talked about how these events are historical, how we will see them as separate chapters in history books. And it continues into this year as well. Do we really have to be confronted with world-altering news every week?! How long...",2026-01-04T02:11:13+07:00,,3802115200569056152,threads,threads.com,threads_crawler_v1,https://www.threads.net/@maahlfors/post/DTD06FlCBuY,https://instagram.fhan3-3.fna.fbcdn.net/v/t51.2885-19/587271509_17935916121107975_7337230633742341975_n.jpg?stp=dst-jpg_s150x150_tt6&efg=eyJ2ZW5jb2RlX3RhZyI6InByb2ZpbGVfcGljLmRqYW5nby4xMDI0LmMyIn0&_nc_ht=instagram.fhan3-3.fna.fbcdn.net&_nc_cat=111&_nc_oc=Q6cZ2QGV93P4Kw3KvAF0AWfJori9hB8v4U4nEskOvXPv_m8hRPW0ZhQRqSPWyPKWi5lkRaQ&_nc_ohc=M8TlB-j-12oQ7kNvwF81OD8&_nc_gid=y8jMBXWIPHYKQbmf32vTXA&edm=AJhczIQBAAAA&ccb=7-5&oh=00_Afo4XdWognjlourFTyNuQjKTvn53pQe4IEv8oSoe1OLfqw&oe=696A389D&_nc_sid=4a2096,6,0,49,2,0,[],,https://www.threads.net/@maahlfors/post/DTD06FlCBuY,[],"{'likes': 49, 'reposts': 2, 'quotes': 0}",threads,3802115200569056152,Markus Ahlfors,,"I teach politics, economics, and international relations at a high school here in Finland. My teaching materials have always been based on current domestic and global events. Now I’m updating my materials again and realizing how many times over the past year I’ve talked about how these events are historical, how we will see them as separate chapters in history books. And it continues into this year as well. Do we really have to be confronted with world-altering news every week?! How long...",threads,63249723974,maahlfors
[],2026-01-12T08:47:56.870066+07:00,"Alhamdulillah,  (Hons) in International Relations: completed & survived! 🎓✨",2025-12-01T20:18:47+07:00,,3778020217747393823,threads,threads.com,threads_crawler_v1,https://www.threads.net/@anglamnda/post/DRuOV8JE80f,https://instagram.fhan4-6.fna.fbcdn.net/v/t51.2885-19/584392730_17843753484613856_3993376142252355957_n.jpg?stp=dst-jpg_s150x150_tt6&efg=eyJ2ZW5jb2RlX3RhZyI6InByb2ZpbGVfcGljLmRqYW5nby4xMDgwLmMyIn0&_nc_ht=instagram.fhan4-6.fna.fbcdn.net&_nc_cat=108&_nc_oc=Q6cZ2QGV93P4Kw3KvAF0AWfJori9hB8v4U4nEskOvXPv_m8hRPW0ZhQRqSPWyPKWi5lkRaQ&_nc_ohc=HU_HUM0EwCIQ7kNvwFhmuyX&_nc_gid=y8jMBXWIPHYKQbmf32vTXA&edm=AJhczIQBAAAA&ccb=7-5&oh=00_AfotIK9lLZWCTnTbfOxo7GJOlkos3yVfxyn9L-M_KSadog&oe=696A3737&_nc_sid=4a2096,2,0,12,0,0,['https://instagram.fhan4-3.fna.fbcdn.net/v/t51.2885-15/587748092_18401131090132174_8767241369831824556_n.jpg?stp=dst-jpg_e35_tt6&efg=eyJ2ZW5jb2RlX3RhZyI6InRocmVhZHMuQ0FST1VTRUxfSVRFTS5pbWFnZV91cmxnZW4uMTQ0MHgxNzQyLnNkci5mODI3ODcuZGVmYXVsdF9pbWFnZS5jMiJ9&_nc_ht=instagram.fhan4-3.fna.fbcdn.net&_nc_cat=110&_nc_oc=Q6cZ2QGV93P4Kw3KvAF0AWfJori9hB8v4U4nEskOvXPv_m8hRPW0ZhQRqSPWyPKWi5lkRaQ&_nc_ohc=URgRVBjYw0sQ7kNvwFxI-uQ&_nc_gid=y8jMBXWIPHYKQbmf32vTXA&edm=AJhczIQBAAAA&ccb=7-5&ig_cache_key=Mzc3ODAyMDIwNDgxMjE0NDA3OQ%3D%3D.3-ccb7-5&oh=00_AfrnNcnc1PxJdfdmNwv2S5OV3P5lTFIX40VZBN2aLBEO1Q&oe=696A0B1E&_nc_sid=4a2096'],,https://www.threads.net/@anglamnda/post/DRuOV8JE80f,[],"{'likes': 12, 'reposts': 0, 'quotes': 0}",threads,3778020217747393823,mfw.,,"Alhamdulillah, BSoc.Sc (Hons) in International Relations: completed & survived! 🎓✨",threads,78302645855,anglamnda
[],2026-01-12T08:47:56.870265+07:00,"Đi Nhật học Thạc sĩ miễn phí. Tui đặc biệt thấy nữ được ưu tiên nhé
📚Ngành học 
- International Relations Program (IRP)
- International Development Program (IDP)
- Public Management and Policy Analysis Program (PMPP)
- Japan Global Development Program (JGDP) (MA)
- International Public Policy Program (IPPP) (I-year program)
- MBA Program (MBA)
- Japan Global Development Program (JGDP) 
- MBA Program (IMBA) (I-year program)
- Digital Transformation Program (DXP) (1-year program
👇",2025-12-25T18:54:50+07:00,,3795372577724854717,threads,threads.com,threads_crawler_v1,https://www.threads.net/@hannahed.co/post/DSr30AtjHG9,https://instagram.fhan4-3.fna.fbcdn.net/v/t51.2885-19/445380763_828413555870782_6336486314672949219_n.jpg?stp=dst-jpg_s150x150_tt6&efg=eyJ2ZW5jb2RlX3RhZyI6InByb2ZpbGVfcGljLmRqYW5nby44NTIuYzIifQ&_nc_ht=instagram.fhan4-3.fna.fbcdn.net&_nc_cat=110&_nc_oc=Q6cZ2QGV93P4Kw3KvAF0AWfJori9hB8v4U4nEskOvXPv_m8hRPW0ZhQRqSPWyPKWi5lkRaQ&_nc_ohc=OahD8drblzkQ7kNvwFrXaiM&_nc_gid=y8jMBXWIPHYKQbmf32vTXA&edm=AJhczIQBAAAA&ccb=7-5&oh=00_AfpGY_cNnQPHkGYe7qEGnzFCJjjI7YNBpu94sXCY4RYAIw&oe=696A2514&_nc_sid=4a2096,2,0,16,1,0,[],,https://www.threads.net/@hannahed.co/post/DSr30AtjHG9,[],"{'likes': 16, 'reposts': 1, 'quotes': 0}",threads,3795372577724854717,HannahEd Scholarship,,"Đi Nhật học Thạc sĩ miễn phí. Tui đặc biệt thấy nữ được ưu tiên nhé
📚Ngành học 
- International Relations Program (IRP)
- International Development Program (IDP)
- Public Management and Policy Analysis Program (PMPP)
- Japan Global Development Program (JGDP) (MA)
- International Public Policy Program (IPPP) (I-year program)
- MBA Program (MBA)
- Japan Global Development Program (JGDP) 
- MBA Program (IMBA) (I-year program)
- Digital Transformation Program (DXP) (1-year program
👇",threads,66463602953,hannahed.co
[],2026-01-12T08:47:56.870421+07:00,"Xaden in Onyx Storm: “Try not to kill anyone. International relations and all.”

Also Xaden: *unalives 12 men with a snap of his fingers just because they touched her all while KISSING her forehead*

I’m unwell.",2025-11-02T08:26:22+07:00,,3756643149688159718,threads,threads.com,threads_crawler_v1,https://www.threads.net/@deeanjaria/post/DQiRwqFET3m,https://instagram.fhan4-6.fna.fbcdn.net/v/t51.2885-19/564332068_17907897750253568_2231860671797375694_n.jpg?stp=dst-jpg_s150x150_tt6&efg=eyJ2ZW5jb2RlX3RhZyI6InByb2ZpbGVfcGljLmRqYW5nby41NDEuYzIifQ&_nc_ht=instagram.fhan4-6.fna.fbcdn.net&_nc_cat=108&_nc_oc=Q6cZ2QGV93P4Kw3KvAF0AWfJori9hB8v4U4nEskOvXPv_m8hRPW0ZhQRqSPWyPKWi5lkRaQ&_nc_ohc=qddi_tgNdxkQ7kNvwGhaw20&_nc_gid=y8jMBXWIPHYKQbmf32vTXA&edm=AJhczIQBAAAA&ccb=7-5&oh=00_AfoDeC4i3j-3fokKyWcxUVIcEreOMWG7u53-mkpXzJ7kyg&oe=696A2156&_nc_sid=4a2096,3,0,625,12,0,[],,https://www.threads.net/@deeanjaria/post/DQiRwqFET3m,[],"{'likes': 625, 'reposts': 10, 'quotes': 2}",threads,3756643149688159718,Dee Anjaria,EmpyreanSeries,"Xaden in Onyx Storm: “Try not to kill anyone. International relations and all.”

Also Xaden: *unalives 12 men with a snap of his fingers just because they touched her all while KISSING her forehead*

I’m unwell.",threads,67624765567,deeanjaria
[],2026-01-12T08:47:56.870568+07:00,"For my master’s thesis in international relations, I am considering several research questions, and one of them is whether DNA tests can play a role in the decolonisation of so-called Turkey 🫡",2025-09-24T14:41:34+07:00,,3728565738324891590,threads,threads.com,threads_crawler_v1,https://www.threads.net/@makichyan.arshak/post/DO-hsjCjBfG,https://instagram.fhan4-5.fna.fbcdn.net/v/t51.2885-19/477220348_969416181385755_1014706008324981621_n.jpg?stp=dst-jpg_s150x150_tt6&efg=eyJ2ZW5jb2RlX3RhZyI6InByb2ZpbGVfcGljLmRqYW5nby4xMDgwLmMyIn0&_nc_ht=instagram.fhan4-5.fna.fbcdn.net&_nc_cat=103&_nc_oc=Q6cZ2QGV93P4Kw3KvAF0AWfJori9hB8v4U4nEskOvXPv_m8hRPW0ZhQRqSPWyPKWi5lkRaQ&_nc_ohc=5d5MTIw-VIIQ7kNvwHeG86J&_nc_gid=y8jMBXWIPHYKQbmf32vTXA&edm=AJhczIQBAAAA&ccb=7-5&oh=00_AfohGXXsPO-W0VVqXs5zt281VrE6xEaN490tQL5jLtoEKA&oe=696A3A76&_nc_sid=4a2096,10,0,37,1,0,['https://instagram.fhan3-4.fna.fbcdn.net/v/t51.2885-15/553449282_17924743188120784_3923724560246990600_n.jpg?stp=dst-jpg_e35_tt6&efg=eyJ2ZW5jb2RlX3RhZyI6InRocmVhZHMuRkVFRC5pbWFnZV91cmxnZW4uMTE3OXg3Nzkuc2RyLmY4Mjc4Ny5kZWZhdWx0X2ltYWdlLmMyIn0&_nc_ht=instagram.fhan3-4.fna.fbcdn.net&_nc_cat=104&_nc_oc=Q6cZ2QGV93P4Kw3KvAF0AWfJori9hB8v4U4nEskOvXPv_m8hRPW0ZhQRqSPWyPKWi5lkRaQ&_nc_ohc=2cIrv0jceSoQ7kNvwGSx-Yy&_nc_gid=y8jMBXWIPHYKQbmf32vTXA&edm=AJhczIQBAAAA&ccb=7-5&ig_cache_key=MzcyODU2NTczODMyNDg5MTU5MA%3D%3D.3-ccb7-5&oh=00_AfrnTmpToKiWv5JaXnJsUIhiQGKoMNDNk9ZHx0xPr-AC3Q&oe=696A1134&_nc_sid=4a2096'],,https://www.threads.net/@makichyan.arshak/post/DO-hsjCjBfG,[],"{'likes': 37, 'reposts': 1, 'quotes': 0}",threads,3728565738324891590,Arshak Makichyan,,"For my master’s thesis in international relations, I am considering several research questions, and one of them is whether DNA tests can play a role in the decolonisation of so-called Turkey 🫡",threads,63725888783,makichyan.arshak
[],2026-01-12T08:47:56.870710+07:00,My international relations degree is rolling over in its grave,2026-01-04T03:44:13+07:00,,3802162004128604726,threads,threads.com,threads_crawler_v1,https://www.threads.net/@financialcoachingwithwave/post/DTD_jKykqI2,https://instagram.fhan4-5.fna.fbcdn.net/v/t51.2885-19/429123422_775466374633046_7478736781468269142_n.jpg?stp=dst-jpg_s150x150_tt6&efg=eyJ2ZW5jb2RlX3RhZyI6InByb2ZpbGVfcGljLmRqYW5nby42MzEuYzIifQ&_nc_ht=instagram.fhan4-5.fna.fbcdn.net&_nc_cat=102&_nc_oc=Q6cZ2QGV93P4Kw3KvAF0AWfJori9hB8v4U4nEskOvXPv_m8hRPW0ZhQRqSPWyPKWi5lkRaQ&_nc_ohc=-O1XFCeIFyYQ7kNvwGJDy8_&_nc_gid=y8jMBXWIPHYKQbmf32vTXA&edm=AJhczIQBAAAA&ccb=7-5&oh=00_AfqfGsuDAJw3ji6OGGT6a8wcUQ_70tr6lH44nzBSLBgDAg&oe=696A0D12&_nc_sid=4a2096,3,0,3,0,0,[],,https://www.threads.net/@financialcoachingwithwave/post/DTD_jKykqI2,[],"{'likes': 3, 'reposts': 0, 'quotes': 0}",threads,3802162004128604726,I’m Wave | 🦄 Financial Coach for the Feral and Freaky,,My international relations degree is rolling over in its grave,threads,63156942668,financialcoachingwithwave
[],2026-01-12T08:47:56.870884+07:00,Bachelor of International Relations🎓,2025-08-10T04:00:42+07:00,,3695628271702377725,threads,threads.com,threads_crawler_v1,https://www.threads.net/@pvskk.m/post/DNJglU0tgT9,https://instagram.fhan3-2.fna.fbcdn.net/v/t51.2885-19/587771264_17940249000097075_7823661240085831680_n.jpg?stp=dst-jpg_s150x150_tt6&efg=eyJ2ZW5jb2RlX3RhZyI6InByb2ZpbGVfcGljLmRqYW5nby4xMDgwLmMyIn0&_nc_ht=instagram.fhan3-2.fna.fbcdn.net&_nc_cat=107&_nc_oc=Q6cZ2QGV93P4Kw3KvAF0AWfJori9hB8v4U4nEskOvXPv_m8hRPW0ZhQRqSPWyPKWi5lkRaQ&_nc_ohc=D1a5sM_-1PgQ7kNvwEKiXSt&_nc_gid=y8jMBXWIPHYKQbmf32vTXA&edm=AJhczIQBAAAA&ccb=7-5&oh=00_Afoft4XjdYpj6ORqqWgS2eyMWsl2GLX-F73h3wfWNoApGA&oe=696A2BF6&_nc_sid=4a2096,6,0,24,0,0,['https://instagram.fhan3-2.fna.fbcdn.net/v/t51.2885-15/528832594_17927753553097075_8761115201710233020_n.jpg?stp=dst-jpg_e35_tt6&efg=eyJ2ZW5jb2RlX3RhZyI6InRocmVhZHMuQ0FST1VTRUxfSVRFTS5pbWFnZV91cmxnZW4uMTQ0MHgxOTIwLnNkci5mODI3ODcuZGVmYXVsdF9pbWFnZS5jMiJ9&_nc_ht=instagram.fhan3-2.fna.fbcdn.net&_nc_cat=107&_nc_oc=Q6cZ2QGV93P4Kw3KvAF0AWfJori9hB8v4U4nEskOvXPv_m8hRPW0ZhQRqSPWyPKWi5lkRaQ&_nc_ohc=L_CA2GuNsM8Q7kNvwGwxRYq&_nc_gid=y8jMBXWIPHYKQbmf32vTXA&edm=AJhczIQBAAAA&ccb=7-5&ig_cache_key=MzY5NTYyODI2NjM1MDUzNDA4NQ%3D%3D.3-ccb7-5&oh=00_AfpXaEpNLSO-Rg6M0bgyMBD1ccap_T0O0rty2RcVAs4MKw&oe=696A3FC3&_nc_sid=4a2096'],,https://www.threads.net/@pvskk.m/post/DNJglU0tgT9,[],"{'likes': 24, 'reposts': 0, 'quotes': 0}",threads,3695628271702377725,𝐌𝐀𝐑𝐈𝐀 𝐏𝐘𝐕𝐎𝐕𝐀𝐑𝐎𝐕𝐀,,Bachelor of International Relations🎓,threads,63089705074,pvskk.m
[],2026-01-12T08:47:56.871033+07:00,I've followed international relations most of my life. This is so sad to read.,2025-11-28T01:05:43+07:00,,3775265534054057091,threads,threads.com,threads_crawler_v1,https://www.threads.net/@vivavic/post/DRkcABCEUSD,https://instagram.fhan3-3.fna.fbcdn.net/v/t51.2885-19/358009315_1481445709276187_6213202143186190864_n.jpg?stp=dst-jpg_s150x150_tt6&efg=eyJ2ZW5jb2RlX3RhZyI6InByb2ZpbGVfcGljLmRqYW5nby41NzYuYzIifQ&_nc_ht=instagram.fhan3-3.fna.fbcdn.net&_nc_cat=111&_nc_oc=Q6cZ2QGV93P4Kw3KvAF0AWfJori9hB8v4U4nEskOvXPv_m8hRPW0ZhQRqSPWyPKWi5lkRaQ&_nc_ohc=urwThGws26AQ7kNvwFn3Rfn&_nc_gid=y8jMBXWIPHYKQbmf32vTXA&edm=AJhczIQBAAAA&ccb=7-5&oh=00_Afq16hPPoF7F1n3ZTaMr98u_Gi17J3l90rsVWv6MXt6cjw&oe=696A3507&_nc_sid=4a2096,392,0,8075,1394,0,['https://instagram.fhan4-3.fna.fbcdn.net/v/t51.2885-15/587778910_17934126123103248_2321044705487348852_n.jpg?stp=cp6_dst-jpg_e35_tt6&efg=eyJ2ZW5jb2RlX3RhZyI6InRocmVhZHMuRkVFRC5pbWFnZV91cmxnZW4uMTIwNHgxMjYwLnNkci5mODI3ODcuZGVmYXVsdF9pbWFnZS5jMiJ9&_nc_ht=instagram.fhan4-3.fna.fbcdn.net&_nc_cat=100&_nc_oc=Q6cZ2QGV93P4Kw3KvAF0AWfJori9hB8v4U4nEskOvXPv_m8hRPW0ZhQRqSPWyPKWi5lkRaQ&_nc_ohc=ZkvP95AC5l4Q7kNvwHfN8tB&_nc_gid=y8jMBXWIPHYKQbmf32vTXA&edm=AJhczIQBAAAA&ccb=7-5&ig_cache_key=Mzc3NTI2NTUzNDA1NDA1NzA5MQ%3D%3D.3-ccb7-5&oh=00_Afp1o0EUtkDJ5mHZK6fZCUhTjzStpyJYVmAlG9DId95tbw&oe=696A1B7F&_nc_sid=4a2096'],,https://www.threads.net/@vivavic/post/DRkcABCEUSD,[],"{'likes': 8075, 'reposts': 1297, 'quotes': 97}",threads,3775265534054057091,Vicki Vars Boyer,,I've followed international relations most of my life. This is so sad to read.,threads,63098103247,vivavic
[],2026-01-12T08:47:56.871181+07:00,"Trump arrived in Malaysia today. The traditional dance welcoming him right after landing, you can tell he was genuinely happy. Many may not like Trump, but when it comes to international relations, professionalism matters. Look at how Malaysia, under PMX’s leadership, hosted this ASEAN event with pride. Not everyone can lead like this💪🏻✨

And maybe, through stronger ties between the US and Malaysia, something good could come out of it, something beyond politics, for the greater good of humanity🤍",2025-10-26T11:07:10+07:00,,3751650648866894611,threads,threads.com,threads_crawler_v1,https://www.threads.net/@fsizzati/post/DQQimNXEzMT,https://instagram.fhan3-2.fna.fbcdn.net/v/t51.2885-19/580699057_17931527670103987_535374599517098906_n.jpg?stp=dst-jpg_s150x150_tt6&efg=eyJ2ZW5jb2RlX3RhZyI6InByb2ZpbGVfcGljLmRqYW5nby44MjguYzIifQ&_nc_ht=instagram.fhan3-2.fna.fbcdn.net&_nc_cat=107&_nc_oc=Q6cZ2QGV93P4Kw3KvAF0AWfJori9hB8v4U4nEskOvXPv_m8hRPW0ZhQRqSPWyPKWi5lkRaQ&_nc_ohc=8-FJL3LDxg0Q7kNvwEb6yEK&_nc_gid=y8jMBXWIPHYKQbmf32vTXA&edm=AJhczIQBAAAA&ccb=7-5&oh=00_Afq0AnJogEXdccgBUJrwhDUEb1vGzJvtu61zEgnbO0zPQg&oe=696A3460&_nc_sid=4a2096,34,0,1833,227,0,[],,https://www.threads.net/@fsizzati/post/DQQimNXEzMT,[],"{'likes': 1833, 'reposts': 218, 'quotes': 9}",threads,3751650648866894611,Fatin•Sis Cosec 🌷,,"Trump arrived in Malaysia today. The traditional dance welcoming him right after landing, you can tell he was genuinely happy. Many may not like Trump, but when it comes to international relations, professionalism matters. Look at how Malaysia, under PMX’s leadership, hosted this ASEAN event with pride. Not everyone can lead like this💪🏻✨

And maybe, through stronger ties between the US and Malaysia, something good could come out of it, something beyond politics, for the greater good of humanity🤍",threads,63038799986,fsizzati
[],2026-01-12T08:47:56.871332+07:00,"Lady Louise Windsor, the Duke and Duchess of Edinburgh’s only daughter, recently embarked on the fourth and final year of her English degree at the University of St Andrews in Scotland. 📝

In a recent update, Duchess Sophie also shared that Lady Louise is studying International Relations at university, alongside her English degree. 

How impressive! 

Credit: SplashNews

royalfamily",2025-10-15T00:20:27+07:00,,3743352555188176041,threads,threads.com,threads_crawler_v1,https://www.threads.net/@royalinsideruk/post/DPzD1DZCsSp,https://instagram.fhan4-3.fna.fbcdn.net/v/t51.2885-19/480258583_2880527672130994_4781372576165608430_n.jpg?stp=dst-jpg_s150x150_tt6&efg=eyJ2ZW5jb2RlX3RhZyI6InByb2ZpbGVfcGljLmRqYW5nby4zMjAuYzIifQ&_nc_ht=instagram.fhan4-3.fna.fbcdn.net&_nc_cat=110&_nc_oc=Q6cZ2QGV93P4Kw3KvAF0AWfJori9hB8v4U4nEskOvXPv_m8hRPW0ZhQRqSPWyPKWi5lkRaQ&_nc_ohc=SuQEjwLpwOoQ7kNvwFP8MSx&_nc_gid=y8jMBXWIPHYKQbmf32vTXA&edm=AJhczIQBAAAA&ccb=7-5&oh=00_AfqzZSSqE6C5z10MOknQqcpqIlQ5QBOik4VkZgmtqr0cMA&oe=696A35BE&_nc_sid=4a2096,28,0,890,6,0,['https://instagram.fhan3-4.fna.fbcdn.net/v/t51.2885-15/565438552_17879324487409492_6014678922632054611_n.jpg?stp=dst-jpg_e35_tt6&efg=eyJ2ZW5jb2RlX3RhZyI6InRocmVhZHMuRkVFRC5pbWFnZV91cmxnZW4uMTQ0MHgyMTk2LnNkci5mODI3ODcuZGVmYXVsdF9pbWFnZS5jMiJ9&_nc_ht=instagram.fhan3-4.fna.fbcdn.net&_nc_cat=104&_nc_oc=Q6cZ2QGV93P4Kw3KvAF0AWfJori9hB8v4U4nEskOvXPv_m8hRPW0ZhQRqSPWyPKWi5lkRaQ&_nc_ohc=uLCtQtkeFd4Q7kNvwHi9_vl&_nc_gid=y8jMBXWIPHYKQbmf32vTXA&edm=AJhczIQBAAAA&ccb=7-5&ig_cache_key=Mzc0MzM1MjU1NTE4ODE3NjA0MQ%3D%3D.3-ccb7-5&oh=00_AfrLZHZ9Sh9t4YXHH6WW_xbG01M2uJuSKr5uYwiSgJM2kw&oe=696A12DE&_nc_sid=4a2096'],,https://www.threads.net/@royalinsideruk/post/DPzD1DZCsSp,[],"{'likes': 890, 'reposts': 6, 'quotes': 0}",threads,3743352555188176041,Royal Insider,royalfamily,"Lady Louise Windsor, the Duke and Duchess of Edinburgh’s only daughter, recently embarked on the fourth and final year of her English degree at the University of St Andrews in Scotland. 📝

In a recent update, Duchess Sophie also shared that Lady Louise is studying International Relations at university, alongside her English degree. 

How impressive! 

Credit: SplashNews

royalfamily",threads,72407441491,royalinsideruk
[],2026-01-12T08:47:56.871485+07:00,"After attending Immaculate Heart High School, Meghan Markle double-majored in theater and international relations at Northwestern University.",2026-01-01T18:45:22+07:00,,3800441208821389624,threads,threads.com,threads_crawler_v1,https://www.threads.net/@thelistdaily/post/DS94STRjhk4,https://instagram.fhan4-5.fna.fbcdn.net/v/t51.2885-19/357911522_1491574518338618_7930020079796952361_n.jpg?stp=dst-jpg_s150x150_tt6&efg=eyJ2ZW5jb2RlX3RhZyI6InByb2ZpbGVfcGljLmRqYW5nby4xMDAwLmMyIn0&_nc_ht=instagram.fhan4-5.fna.fbcdn.net&_nc_cat=102&_nc_oc=Q6cZ2QGV93P4Kw3KvAF0AWfJori9hB8v4U4nEskOvXPv_m8hRPW0ZhQRqSPWyPKWi5lkRaQ&_nc_ohc=LNHa_1_6besQ7kNvwE-P6mS&_nc_gid=y8jMBXWIPHYKQbmf32vTXA&edm=AJhczIQBAAAA&ccb=7-5&oh=00_AfpjBrzWAoiQFSaePSBUhfNZ0OB7yHA82YqLbtKQP2PbjQ&oe=696A20EC&_nc_sid=4a2096,128,0,71,5,0,[],,https://www.threads.net/@thelistdaily/post/DS94STRjhk4,[],"{'likes': 71, 'reposts': 5, 'quotes': 0}",threads,3800441208821389624,The List,,"After attending Immaculate Heart High School, Meghan Markle double-majored in theater and international relations at Northwestern University.",threads,63382814711,thelistdaily
[],2026-01-12T08:47:56.871629+07:00,"And just like that, my bachelor’s in International Relations and my master’s in International Law are officially going down the drain.",2026-01-04T23:14:37+07:00,,3802751087405610323,threads,threads.com,threads_crawler_v1,https://www.threads.net/@abdyrakhmanova_25/post/DTGFfdWCrVT,https://instagram.fhan3-4.fna.fbcdn.net/v/t51.2885-19/495958774_17850517638450642_390532465435631978_n.jpg?stp=dst-jpg_s150x150_tt6&efg=eyJ2ZW5jb2RlX3RhZyI6InByb2ZpbGVfcGljLmRqYW5nby4xMDgwLmMyIn0&_nc_ht=instagram.fhan3-4.fna.fbcdn.net&_nc_cat=106&_nc_oc=Q6cZ2QGV93P4Kw3KvAF0AWfJori9hB8v4U4nEskOvXPv_m8hRPW0ZhQRqSPWyPKWi5lkRaQ&_nc_ohc=JTsSaGAOwkIQ7kNvwGSamPz&_nc_gid=y8jMBXWIPHYKQbmf32vTXA&edm=AJhczIQBAAAA&ccb=7-5&oh=00_Afo-1Fewi4ryPpt-RO-rSYQQ_B3qvirB9bLG17wl96akFQ&oe=696A2DB3&_nc_sid=4a2096,1,0,4,0,0,[],,https://www.threads.net/@abdyrakhmanova_25/post/DTGFfdWCrVT,[],"{'likes': 4, 'reposts': 0, 'quotes': 0}",threads,3802751087405610323,Jana,,"And just like that, my bachelor’s in International Relations and my master’s in International Law are officially going down the drain.",threads,73504610641,abdyrakhmanova_25
[],2026-01-12T08:47:56.871776+07:00,"Chrystia Freeland is officially set to leave Canada and move to the U.K., where she will take on a major new global role as the next Warden of the Rhodes Trust starting July 2026. This marks a significant shift for one of Canada’s most influential political figures, known for her leadership in finance, trade, and international relations. Her appointment places her at the helm of one of the world’s most respected educational institutions, shaping future global leaders.",2025-11-24T13:06:13+07:00,,3772729068874869390,threads,threads.com,threads_crawler_v1,https://www.threads.net/@appraiseimmigration/post/DRbbRlwE6qO,https://instagram.fhan3-4.fna.fbcdn.net/v/t51.2885-19/476456825_2044146939391780_2215147090746839665_n.jpg?stp=dst-jpg_s150x150_tt6&efg=eyJ2ZW5jb2RlX3RhZyI6InByb2ZpbGVfcGljLmRqYW5nby4xMDgwLmMyIn0&_nc_ht=instagram.fhan3-4.fna.fbcdn.net&_nc_cat=104&_nc_oc=Q6cZ2QGV93P4Kw3KvAF0AWfJori9hB8v4U4nEskOvXPv_m8hRPW0ZhQRqSPWyPKWi5lkRaQ&_nc_ohc=QzrmPM6v-wIQ7kNvwGrKS1k&_nc_gid=y8jMBXWIPHYKQbmf32vTXA&edm=AJhczIQBAAAA&ccb=7-5&oh=00_Afp34M92ben4047qFSWjEQ3y9LblZtp97GrRmn4EbzfQCQ&oe=696A0F3E&_nc_sid=4a2096,453,0,1393,77,0,['https://instagram.fhan3-4.fna.fbcdn.net/v/t51.2885-15/587547168_17928829506119250_2970122232710188029_n.webp?efg=eyJ2ZW5jb2RlX3RhZyI6InRocmVhZHMuRkVFRC5pbWFnZV91cmxnZW4uMTY4N3gyMTA5LnNkci5mODI3ODcuZGVmYXVsdF9pbWFnZS5jMiJ9&_nc_ht=instagram.fhan3-4.fna.fbcdn.net&_nc_cat=106&_nc_oc=Q6cZ2QGV93P4Kw3KvAF0AWfJori9hB8v4U4nEskOvXPv_m8hRPW0ZhQRqSPWyPKWi5lkRaQ&_nc_ohc=pkO9xYdYCW0Q7kNvwGx1WOC&_nc_gid=y8jMBXWIPHYKQbmf32vTXA&edm=AJhczIQBAAAA&ccb=7-5&ig_cache_key=Mzc3MjcyOTA2ODg3NDg2OTM5MA%3D%3D.3-ccb7-5&oh=00_AfrPbb9vMM2-aYdQ1vybS97evbGjVzWGcKgzIIAfjsKLLw&oe=696A1192&_nc_sid=4a2096'],,https://www.threads.net/@appraiseimmigration/post/DRbbRlwE6qO,[],"{'likes': 1393, 'reposts': 70, 'quotes': 7}",threads,3772729068874869390,Sunil Vyas - CICC MEMBER Appraise Immigration and Citizenship,,"Chrystia Freeland is officially set to leave Canada and move to the U.K., where she will take on a major new global role as the next Warden of the Rhodes Trust starting July 2026. This marks a significant shift for one of Canada’s most influential political figures, known for her leadership in finance, trade, and international relations. Her appointment places her at the helm of one of the world’s most respected educational institutions, shaping future global leaders.",threads,63373743249,appraiseimmigration
[],2026-01-12T08:47:56.871975+07:00,College graduates after getting their International Relations degree,2024-09-29T07:04:19+07:00,,3467416333526380736,threads,threads.com,threads_crawler_v1,https://www.threads.net/@nafo_marvin/post/DAevMjAOjDA,https://instagram.fhan4-6.fna.fbcdn.net/v/t51.2885-19/610258052_17935723566112965_5679503818010847404_n.jpg?stp=dst-jpg_s150x150_tt6&efg=eyJ2ZW5jb2RlX3RhZyI6InByb2ZpbGVfcGljLmRqYW5nby43OTAuYzIifQ&_nc_ht=instagram.fhan4-6.fna.fbcdn.net&_nc_cat=109&_nc_oc=Q6cZ2QGV93P4Kw3KvAF0AWfJori9hB8v4U4nEskOvXPv_m8hRPW0ZhQRqSPWyPKWi5lkRaQ&_nc_ohc=JDIKuq1bNIoQ7kNvwGMqVKb&_nc_gid=y8jMBXWIPHYKQbmf32vTXA&edm=AJhczIQBAAAA&ccb=7-5&oh=00_AfrE9WcTtESe-gGnf2hvCxC4wjdFs42wRhGpr5R-4pZJcA&oe=696A33C9&_nc_sid=4a2096,9,0,53,2,0,['https://instagram.fhan3-4.fna.fbcdn.net/v/t51.29350-15/461452684_3784024761864642_8980496786436209102_n.jpg?stp=dst-jpg_e35_tt6&efg=eyJ2ZW5jb2RlX3RhZyI6InRocmVhZHMuRkVFRC5pbWFnZV91cmxnZW4uNjExeDIzNy5zZHIuZjI5MzUwLmRlZmF1bHRfaW1hZ2UuYzIifQ&_nc_ht=instagram.fhan3-4.fna.fbcdn.net&_nc_cat=106&_nc_oc=Q6cZ2QGV93P4Kw3KvAF0AWfJori9hB8v4U4nEskOvXPv_m8hRPW0ZhQRqSPWyPKWi5lkRaQ&_nc_ohc=nsS6B29HaDoQ7kNvwFTxO9r&_nc_gid=y8jMBXWIPHYKQbmf32vTXA&edm=AJhczIQBAAAA&ccb=7-5&ig_cache_key=MzQ2NzQxNjMzMzUyNjM4MDczNg%3D%3D.3-ccb7-5&oh=00_Afq09H0WCFGbOUm1cqAlpw0J1n85bLDlaeoBvjru4XlVhQ&oe=696A2629&_nc_sid=4a2096'],,https://www.threads.net/@nafo_marvin/post/DAevMjAOjDA,[],"{'likes': 53, 'reposts': 1, 'quotes': 1}",threads,3467416333526380736,Marvin (NAFO),,College graduates after getting their International Relations degree,threads,63450176964,nafo_marvin
[],2026-01-12T08:47:56.872125+07:00,"My name is Hannah Clifford 
I hold a degree in International Relations (Distinction).
A certified Human Resource Specialist 
Very dedicated and committed person.
I would be done with my service year by December .
And please I’m currently looking for a good job 😊😊❤️",2025-11-20T14:39:51+07:00,,3769877088124560380,threads,threads.com,threads_crawler_v1,https://www.threads.net/@uyo_chemii_/post/DRRSzzsjGP8,https://instagram.fhan3-4.fna.fbcdn.net/v/t51.2885-19/537425333_17897657349264184_7301362762025867284_n.jpg?stp=dst-jpg_s150x150_tt6&efg=eyJ2ZW5jb2RlX3RhZyI6InByb2ZpbGVfcGljLmRqYW5nby4xMDgwLmMyIn0&_nc_ht=instagram.fhan3-4.fna.fbcdn.net&_nc_cat=104&_nc_oc=Q6cZ2QGV93P4Kw3KvAF0AWfJori9hB8v4U4nEskOvXPv_m8hRPW0ZhQRqSPWyPKWi5lkRaQ&_nc_ohc=TeYpRSooXOUQ7kNvwEGiqd3&_nc_gid=y8jMBXWIPHYKQbmf32vTXA&edm=AJhczIQBAAAA&ccb=7-5&oh=00_Afo4eXjPDzx_KgxUSn4SUbKBp1_GqMUqeLgbfR_MfrrbQA&oe=696A3144&_nc_sid=4a2096,6,0,13,1,0,['https://instagram.fhan3-4.fna.fbcdn.net/v/t51.2885-15/584303038_17907785388264184_1919850724663435376_n.jpg?stp=dst-jpg_e35_tt6&efg=eyJ2ZW5jb2RlX3RhZyI6InRocmVhZHMuQ0FST1VTRUxfSVRFTS5pbWFnZV91cmxnZW4uMTQ0MHgxOTIwLnNkci5mODI3ODcuZGVmYXVsdF9pbWFnZS5jMiJ9&_nc_ht=instagram.fhan3-4.fna.fbcdn.net&_nc_cat=104&_nc_oc=Q6cZ2QGV93P4Kw3KvAF0AWfJori9hB8v4U4nEskOvXPv_m8hRPW0ZhQRqSPWyPKWi5lkRaQ&_nc_ohc=SIKK5vum6S4Q7kNvwGk8RE2&_nc_gid=y8jMBXWIPHYKQbmf32vTXA&edm=AJhczIQBAAAA&ccb=7-5&ig_cache_key=Mzc2OTg3NzA4Mjg3MzMwMjYwNQ%3D%3D.3-ccb7-5&oh=00_AfrOAYsnj-Bqxmx0gHcFYiOWGnSQ9XT0pgEOY2vMxDwYkQ&oe=696A09B3&_nc_sid=4a2096'],,https://www.threads.net/@uyo_chemii_/post/DRRSzzsjGP8,[],"{'likes': 13, 'reposts': 1, 'quotes': 0}",threads,3769877088124560380,Clifford Hannah,,"My name is Hannah Clifford 
I hold a degree in International Relations (Distinction).
A certified Human Resource Specialist 
Very dedicated and committed person.
I would be done with my service year by December .
And please I’m currently looking for a good job 😊😊❤️",threads,68015632183,uyo_chemii_
[],2026-01-12T08:47:56.872269+07:00,"My Government Employment Journey:
2012 - Graduate BS International Relations 
2012 - CS Professional Eligibility Passer
2013 - Photographer & News Writer JO 
2013 - Family Welfare Officer JO
2016 - MS in Social Work Graduate 
2017 - LE for Social Worker Passer
2018 - Financial Claims Examiner SG10
2021 - Veterans Assistance Offier II SG15
2024 - Sr Veterans Assistance Officer SG18
2025 - Chief LEO SG24
2025 - Doctor on Public Administration Graduate 

Glory to God!",2025-12-31T23:49:36+07:00,,3799869598553252895,threads,threads.com,threads_crawler_v1,https://www.threads.net/@batang.laagan/post/DS72URukqQf,https://instagram.fhan3-4.fna.fbcdn.net/v/t51.2885-19/448073833_1637270173688394_6529587828112373581_n.jpg?stp=dst-jpg_s150x150_tt6&efg=eyJ2ZW5jb2RlX3RhZyI6InByb2ZpbGVfcGljLmRqYW5nby4xMDgwLmMyIn0&_nc_ht=instagram.fhan3-4.fna.fbcdn.net&_nc_cat=106&_nc_oc=Q6cZ2QGV93P4Kw3KvAF0AWfJori9hB8v4U4nEskOvXPv_m8hRPW0ZhQRqSPWyPKWi5lkRaQ&_nc_ohc=pTwXEb0y30AQ7kNvwF5LJ_r&_nc_gid=y8jMBXWIPHYKQbmf32vTXA&edm=AJhczIQBAAAA&ccb=7-5&oh=00_AfrQINnptJYjzG7wwB3egxyW7QHaxfc0qvUIoqm2qKiaYw&oe=696A1B67&_nc_sid=4a2096,6,0,58,0,0,['https://instagram.fhan3-4.fna.fbcdn.net/v/t51.2885-15/609311872_17919378090239550_4333667037552517465_n.jpg?stp=cp6_dst-jpg_e35_tt6&efg=eyJ2ZW5jb2RlX3RhZyI6InRocmVhZHMuRkVFRC5pbWFnZV91cmxnZW4uMTIxNHgyMTYwLnNkci5mODI3ODcuZGVmYXVsdF9pbWFnZS5jMiJ9&_nc_ht=instagram.fhan3-4.fna.fbcdn.net&_nc_cat=106&_nc_oc=Q6cZ2QGV93P4Kw3KvAF0AWfJori9hB8v4U4nEskOvXPv_m8hRPW0ZhQRqSPWyPKWi5lkRaQ&_nc_ohc=7za8C2c9SyEQ7kNvwHWXASh&_nc_gid=y8jMBXWIPHYKQbmf32vTXA&edm=AJhczIQBAAAA&ccb=7-5&ig_cache_key=Mzc5OTg2OTU5ODU1MzI1Mjg5NQ%3D%3D.3-ccb7-5&oh=00_AfqrH0LSpPbo04xlUXkMnUc_kGf8BCERSzGFCUuWzUOeHQ&oe=696A3DFD&_nc_sid=4a2096'],,https://www.threads.net/@batang.laagan/post/DS72URukqQf,[],"{'likes': 58, 'reposts': 0, 'quotes': 0}",threads,3799869598553252895,Louie Jay De La Cerna Losaria,,"My Government Employment Journey:
2012 - Graduate BS International Relations 
2012 - CS Professional Eligibility Passer
2013 - Photographer & News Writer JO 
2013 - Family Welfare Officer JO
2016 - MS in Social Work Graduate 
2017 - LE for Social Worker Passer
2018 - Financial Claims Examiner SG10
2021 - Veterans Assistance Offier II SG15
2024 - Sr Veterans Assistance Officer SG18
2025 - Chief LEO SG24
2025 - Doctor on Public Administration Graduate 

Glory to God!",threads,67041503549,batang.laagan
[],2026-01-12T08:47:56.872413+07:00,"🙈đầu tư 4x VF3 đi du học ANU Đại học Quốc gia Úc, liệu có đáng tiền??
cùng ISC phân tích chi phí - lợi ích nhé:

🤑Học phí trung bình - 56k AUD (hbong auto GPA 25%, hb nghiên cứu UPTO 100%), đổi lại bạn sẽ được:
+ Học tại môi trường học thuật ĐẲNG CẤP thế giới - là ĐH Úc duy nhất nằm trong Liên minh IARU cùng Yale, Oxbridge, Bắc Đại,...
+ TOP 32 thế giới, TOP 1 Úc Economics, Social Sciences, Public Policy, International Relations, Natural Sciences
+ Học cùng các ""học bá"" hội tụ toàn cầu
<típ cmt>",2025-11-26T14:39:35+07:00,,3774225614190531354,threads,threads.com,threads_crawler_v1,https://www.threads.net/@duhocisceducation/post/DRgvjMMAdMa,https://instagram.fhan3-3.fna.fbcdn.net/v/t51.2885-19/429309885_388980320495329_4906640175668902413_n.jpg?stp=dst-jpg_s150x150_tt6&efg=eyJ2ZW5jb2RlX3RhZyI6InByb2ZpbGVfcGljLmRqYW5nby4xMDgwLmMyIn0&_nc_ht=instagram.fhan3-3.fna.fbcdn.net&_nc_cat=101&_nc_oc=Q6cZ2QGV93P4Kw3KvAF0AWfJori9hB8v4U4nEskOvXPv_m8hRPW0ZhQRqSPWyPKWi5lkRaQ&_nc_ohc=6mehFxSaZzIQ7kNvwEsnxwy&_nc_gid=y8jMBXWIPHYKQbmf32vTXA&edm=AJhczIQBAAAA&ccb=7-5&oh=00_AfrL8ZdYgR7N5xqvhNB_vPvhQQLWFrX9ILSW5WDQI8i4kA&oe=696A2530&_nc_sid=4a2096,2,0,5,0,0,['https://instagram.fhan4-6.fna.fbcdn.net/v/t51.2885-15/590417431_17928152067154640_5868069451344672963_n.jpg?stp=dst-jpg_e35_tt6&efg=eyJ2ZW5jb2RlX3RhZyI6InRocmVhZHMuQ0FST1VTRUxfSVRFTS5pbWFnZV91cmxnZW4uMTAyNHg2ODMuc2RyLmY4Mjc4Ny5kZWZhdWx0X2ltYWdlLmMyIn0&_nc_ht=instagram.fhan4-6.fna.fbcdn.net&_nc_cat=108&_nc_oc=Q6cZ2QGV93P4Kw3KvAF0AWfJori9hB8v4U4nEskOvXPv_m8hRPW0ZhQRqSPWyPKWi5lkRaQ&_nc_ohc=8sxGs82XQk0Q7kNvwFfkCwl&_nc_gid=y8jMBXWIPHYKQbmf32vTXA&edm=AJhczIQBAAAA&ccb=7-5&ig_cache_key=Mzc3NDIyNTYwODc4ODIzNjU3Mw%3D%3D.3-ccb7-5&oh=00_AfpEB3Ax5cbbnzDlOouY8KMLiMh9sn31W2KobeRsMu3lEA&oe=696A1340&_nc_sid=4a2096'],,https://www.threads.net/@duhocisceducation/post/DRgvjMMAdMa,[],"{'likes': 5, 'reposts': 0, 'quotes': 0}",threads,3774225614190531354,ISC-Education,,"🙈đầu tư 4x VF3 đi du học ANU Đại học Quốc gia Úc, liệu có đáng tiền??
cùng ISC phân tích chi phí - lợi ích nhé:

🤑Học phí trung bình - 56k AUD (hbong auto GPA 25%, hb nghiên cứu UPTO 100%), đổi lại bạn sẽ được:
+ Học tại môi trường học thuật ĐẲNG CẤP thế giới - là ĐH Úc duy nhất nằm trong Liên minh IARU cùng Yale, Oxbridge, Bắc Đại,...
+ TOP 32 thế giới, TOP 1 Úc Economics, Social Sciences, Public Policy, International Relations, Natural Sciences
+ Học cùng các ""học bá"" hội tụ toàn cầu
<típ cmt>",threads,64771146639,duhocisceducation
[],2026-01-12T08:47:56.872575+07:00,"Có thể mấy bạn chưa bít…

Alice - chị gái Rosé chính là một học bá thiệt sự!! Chồi ôi mới lướt được quả profile của bả mà thấy ngưỡng mộ luôn á
⭐Song bằng Bachelor of Laws (honours) cùng Bachelor of Arts - Political Science & International Relations tại ANU Đại học Quốc gia Úc
⭐Hiện là luật sư lĩnh vực tài chính dự án, được vinh danh Leading Associate bởi Legal500 Asia Pacific

ANU là trường TOP 1 về nghiên cứu và học thuật tại Úc - học siêu nặng mà đầu vào siêu cao lun á ☺️cô ấy giỏiiii",2025-11-03T18:47:14+07:00,,3757680412609041997,threads,threads.com,threads_crawler_v1,https://www.threads.net/@duhocisceducation/post/DQl9m0dAVZN,https://instagram.fhan3-3.fna.fbcdn.net/v/t51.2885-19/429309885_388980320495329_4906640175668902413_n.jpg?stp=dst-jpg_s150x150_tt6&efg=eyJ2ZW5jb2RlX3RhZyI6InByb2ZpbGVfcGljLmRqYW5nby4xMDgwLmMyIn0&_nc_ht=instagram.fhan3-3.fna.fbcdn.net&_nc_cat=101&_nc_oc=Q6cZ2QGV93P4Kw3KvAF0AWfJori9hB8v4U4nEskOvXPv_m8hRPW0ZhQRqSPWyPKWi5lkRaQ&_nc_ohc=6mehFxSaZzIQ7kNvwEsnxwy&_nc_gid=y8jMBXWIPHYKQbmf32vTXA&edm=AJhczIQBAAAA&ccb=7-5&oh=00_AfrL8ZdYgR7N5xqvhNB_vPvhQQLWFrX9ILSW5WDQI8i4kA&oe=696A2530&_nc_sid=4a2096,2,0,35,2,0,['https://instagram.fhan4-6.fna.fbcdn.net/v/t51.2885-15/574687779_17925774222154640_7508693727168099216_n.jpg?stp=dst-jpg_e35_tt6&efg=eyJ2ZW5jb2RlX3RhZyI6InRocmVhZHMuQ0FST1VTRUxfSVRFTS5pbWFnZV91cmxnZW4uODY1eDk2MC5zZHIuZjgyNzg3LmRlZmF1bHRfaW1hZ2UuYzIifQ&_nc_ht=instagram.fhan4-6.fna.fbcdn.net&_nc_cat=108&_nc_oc=Q6cZ2QGV93P4Kw3KvAF0AWfJori9hB8v4U4nEskOvXPv_m8hRPW0ZhQRqSPWyPKWi5lkRaQ&_nc_ohc=YQ4GEEQg39oQ7kNvwGKXsKY&_nc_gid=y8jMBXWIPHYKQbmf32vTXA&edm=AJhczIQBAAAA&ccb=7-5&ig_cache_key=Mzc1NzY4MDQwNjA3NDMzMDQxNA%3D%3D.3-ccb7-5&oh=00_AfrQkoshnIAWAE5tjQO_6YDIIzAqlBVdv1olohdou7qsMw&oe=696A3F6A&_nc_sid=4a2096'],,https://www.threads.net/@duhocisceducation/post/DQl9m0dAVZN,[],"{'likes': 35, 'reposts': 2, 'quotes': 0}",threads,3757680412609041997,ISC-Education,,"Có thể mấy bạn chưa bít…

Alice - chị gái Rosé chính là một học bá thiệt sự!! Chồi ôi mới lướt được quả profile của bả mà thấy ngưỡng mộ luôn á
⭐Song bằng Bachelor of Laws (honours) cùng Bachelor of Arts - Political Science & International Relations tại ANU Đại học Quốc gia Úc
⭐Hiện là luật sư lĩnh vực tài chính dự án, được vinh danh Leading Associate bởi Legal500 Asia Pacific

ANU là trường TOP 1 về nghiên cứu và học thuật tại Úc - học siêu nặng mà đầu vào siêu cao lun á ☺️cô ấy giỏiiii",threads,64771146639,duhocisceducation
[],2026-01-12T08:47:56.872730+07:00,"International relations must be a joy right now...France, Italy, Germany, Japan all getting a front-row seat to our ‘leadership.’ 
The jokes write themselves, but the stakes aren’t funny. 
Bravo to @michelleisawolf",2025-09-20T02:51:04+07:00,,3725306561414448426,threads,threads.com,threads_crawler_v1,https://www.threads.net/@eyecandy60/post/DOy8pSAikUq,https://instagram.fhan4-6.fna.fbcdn.net/v/t51.2885-19/404287585_1355159618707196_5309117951459450794_n.jpg?stp=dst-jpg_s150x150_tt6&efg=eyJ2ZW5jb2RlX3RhZyI6InByb2ZpbGVfcGljLmRqYW5nby41MTIuYzIifQ&_nc_ht=instagram.fhan4-6.fna.fbcdn.net&_nc_cat=108&_nc_oc=Q6cZ2QGV93P4Kw3KvAF0AWfJori9hB8v4U4nEskOvXPv_m8hRPW0ZhQRqSPWyPKWi5lkRaQ&_nc_ohc=4uIC9mnZYKUQ7kNvwH9myXn&_nc_gid=y8jMBXWIPHYKQbmf32vTXA&edm=AJhczIQBAAAA&ccb=7-5&oh=00_AfoWbwt6v2oYVSj08KZPk5STCt2RH2Bg8BclwGjqUHKl3Q&oe=696A3759&_nc_sid=4a2096,5,0,599,52,0,"['https://instagram.fhan3-3.fna.fbcdn.net/v/t51.2885-15/551372248_1519754579196803_1183681469312866184_n.jpg?stp=dst-jpg_e15_tt6&efg=eyJ2ZW5jb2RlX3RhZyI6InRocmVhZHMuRkVFRC5pbWFnZV91cmxnZW4uNjQweDExMzYuc2RyLmY3MTg3OC5kZWZhdWx0X2NvdmVyX2ZyYW1lLmMyIn0&_nc_ht=instagram.fhan3-3.fna.fbcdn.net&_nc_cat=111&_nc_oc=Q6cZ2QGV93P4Kw3KvAF0AWfJori9hB8v4U4nEskOvXPv_m8hRPW0ZhQRqSPWyPKWi5lkRaQ&_nc_ohc=pY7wyEie0DMQ7kNvwFY8Aze&_nc_gid=y8jMBXWIPHYKQbmf32vTXA&edm=AJhczIQBAAAA&ccb=7-5&ig_cache_key=MzcyNTMwNjU2MTQxNDQ0ODQyNg%3D%3D.3-ccb7-5&oh=00_AfpQ4jE_mzejLiUu68-V7aTDHvKtMAAyzoEmy_Kc9PTRlQ&oe=696A407B&_nc_sid=4a2096', 'https://instagram.fhan3-4.fna.fbcdn.net/o1/v/t16/f2/m84/AQOsyms9oWwP4Yfowqp7LFhyZTsh9Qr6WI_t_6MiZoa78Fs20zDHF_kbpKY49xjrq0TblkpUjpCHu5OYSMxnnCtGrN84sYnCwfmJpyw.mp4?_nc_cat=106&_nc_oc=AdkiSUEfveDzLyiILjY9oB1CRbNDu0PwvFFcZI5MjDTq5wSX89iiI57sSZSR8yLoKns&_nc_sid=5e9851&_nc_ht=instagram.fhan3-4.fna.fbcdn.net&_nc_ohc=ydAThg2nga8Q7kNvwGOIpyD&efg=eyJ2ZW5jb2RlX3RhZyI6Inhwdl9wcm9ncmVzc2l2ZS5JTlNUQUdSQU0uRkVFRC5DMy41NDAuZGFzaF9iYXNlbGluZV8xX3YxIiwieHB2X2Fzc2V0X2lkIjo3ODIyNDYxNDQ1NjAzOTksImFzc2V0X2FnZV9kYXlzIjoxMTQsInZpX3VzZWNhc2VfaWQiOjEwMTY0LCJkdXJhdGlvbl9zIjo2MCwidXJsZ2VuX3NvdXJjZSI6Ind3dyJ9&ccb=17-1&_nc_gid=y8jMBXWIPHYKQbmf32vTXA&_nc_zt=28&vs=c990b965823ad45b&_nc_vs=HBksFQIYTGlnX2JhY2tmaWxsX3RpbWVsaW5lX3ZvZC9CRTQ5QUZDRTAzOEI3OEFBMUNENEU1Qzg3MzJBOUU4Rl92aWRlb19kYXNoaW5pdC5tcDQVAALIARIAFQIYOnBhc3N0aHJvdWdoX2V2ZXJzdG9yZS9HRlR5dHlEUmVFV2s1aTBIQU0td1ZocmVoZmNQYmtZTEFBQUYVAgLIARIAKAAYABsCiAd1c2Vfb2lsATEScHJvZ3Jlc3NpdmVfcmVjaXBlATEVAAAmnrSW-dvc4wIVAigCQzMsF0BOAAAAAAAAGBJkYXNoX2Jhc2VsaW5lXzFfdjERAHXqB2XongEA&oh=00_AfoFrgDE4pP1UnUc8mGiJRhkF6KPU9eHPNu7qJ5QRomOiQ&oe=6966376A']",,https://www.threads.net/@eyecandy60/post/DOy8pSAikUq,[],"{'likes': 599, 'reposts': 47, 'quotes': 5}",threads,3725306561414448426,Gabriella Sannino,TrumpIsANationalDisgrace,"International relations must be a joy right now...France, Italy, Germany, Japan all getting a front-row seat to our ‘leadership.’ 
The jokes write themselves, but the stakes aren’t funny. 
Bravo to michelleisawolf",threads,63196097148,eyecandy60
[],2026-01-12T08:47:56.872948+07:00,"Just so we’re clear:
• Jasmine Crockett: licensed attorney
• AOC: economics + international relations
• Trump: allegedly passed a test used to check for early-onset cognitive decline",2025-10-28T22:31:53+07:00,,3753444835231573771,threads,threads.com,threads_crawler_v1,https://www.threads.net/@ash.renee411/post/DQW6jDoAKcL,https://instagram.fhan3-3.fna.fbcdn.net/v/t51.2885-19/500943322_18118407148458732_4948149287861452257_n.jpg?stp=dst-jpg_s150x150_tt6&efg=eyJ2ZW5jb2RlX3RhZyI6InByb2ZpbGVfcGljLmRqYW5nby4xMDgwLmMyIn0&_nc_ht=instagram.fhan3-3.fna.fbcdn.net&_nc_cat=1&_nc_oc=Q6cZ2QGV93P4Kw3KvAF0AWfJori9hB8v4U4nEskOvXPv_m8hRPW0ZhQRqSPWyPKWi5lkRaQ&_nc_ohc=2xplrpMhBBoQ7kNvwH404Ib&_nc_gid=y8jMBXWIPHYKQbmf32vTXA&edm=AJhczIQBAAAA&ccb=7-5&oh=00_AfrvlrVK8nGGkxHD2S_JTLFRoBwb9LqRUekDvpQd0x6Kiw&oe=696A2B64&_nc_sid=4a2096,65,0,7355,440,0,[],,https://www.threads.net/@ash.renee411/post/DQW6jDoAKcL,[],"{'likes': 7355, 'reposts': 421, 'quotes': 19}",threads,3753444835231573771,Ashley Renee,,"Just so we’re clear:
• Jasmine Crockett: licensed attorney
• AOC: economics + international relations
• Trump: allegedly passed a test used to check for early-onset cognitive decline",threads,63408997484,ash.renee411
[],2026-01-12T08:47:56.873171+07:00,"🇨🇳🇻🇪🇺🇸 China again warns about Maduro's kidnapping:

""China calls on the U.S. to release President Maduro and his wife at once and ensure their personal safety.""

""The U.S. disregards President Maduro’s status as head of state, blatantly prosecutes him and puts him on a so-called “trial” in a domestic court. This seriously violates Venezuela’s national sovereignty and destabilizes international relations. 

No country should put its domestic rules above international law.""",2026-01-07T03:32:20+07:00,,3804330351872160772,threads,threads.com,threads_crawler_v1,https://www.threads.net/@s2m_newz/post/DTLskx_k7QE,https://instagram.fhan3-3.fna.fbcdn.net/v/t51.2885-19/610093016_17857991436586875_1023381093972001506_n.jpg?stp=dst-jpg_s150x150_tt6&efg=eyJ2ZW5jb2RlX3RhZyI6InByb2ZpbGVfcGljLmRqYW5nby4xMDgwLmMyIn0&_nc_ht=instagram.fhan3-3.fna.fbcdn.net&_nc_cat=1&_nc_oc=Q6cZ2QEQL9Y-6vU6h26K7JHHBncrvaM5pdTsV4yyutgiSwzjWJCJst9MpVSfWQGglIuJ1og&_nc_ohc=QxTVoSLJMHsQ7kNvwGRvdiA&_nc_gid=V9FJlPHjqrkskGoSPSza0g&edm=AJhczIQBAAAA&ccb=7-5&oh=00_AfqxSk5sqnw1nuLyvelTIv-4MT6ODsc0addTk-Om6BzuBA&oe=696A3707&_nc_sid=4a2096,2,0,60,11,0,[],,https://www.threads.net/@s2m_newz/post/DTLskx_k7QE,[],"{'likes': 60, 'reposts': 11, 'quotes': 0}",threads,3804330351872160772,,,"🇨🇳🇻🇪🇺🇸 China again warns about Maduro's kidnapping:

""China calls on the U.S. to release President Maduro and his wife at once and ensure their personal safety.""

""The U.S. disregards President Maduro’s status as head of state, blatantly prosecutes him and puts him on a so-called “trial” in a domestic court. This seriously violates Venezuela’s national sovereignty and destabilizes international relations. 

No country should put its domestic rules above international law.""",threads,77623506874,s2m_newz
[],2026-01-12T08:47:56.873348+07:00,"Absolutely extraordinary exchange between Israel & China.
I've never seen such a heated exchange come out of top-level forum in China (this is from the 12th Beijing Xiangshan Forum that started yesterday), this normally never happens.
The guy speaking is Yan Xuetong, the Dean of the Institute of International Relations at Tsinghua University, the most prestigious university in China.",2025-09-19T09:47:27+07:00,,3724793291792457248,threads,threads.com,threads_crawler_v1,https://www.threads.net/@rickchin99/post/DOxH8ObDB4g,https://instagram.fhan4-1.fna.fbcdn.net/v/t51.2885-19/412186778_305502849147809_8054059414812649562_n.jpg?stp=dst-jpg_s150x150_tt6&efg=eyJ2ZW5jb2RlX3RhZyI6InByb2ZpbGVfcGljLmRqYW5nby4yMDAuYzIifQ&_nc_ht=instagram.fhan4-1.fna.fbcdn.net&_nc_cat=105&_nc_oc=Q6cZ2QEQL9Y-6vU6h26K7JHHBncrvaM5pdTsV4yyutgiSwzjWJCJst9MpVSfWQGglIuJ1og&_nc_ohc=o93476BGPG4Q7kNvwHLsalh&_nc_gid=V9FJlPHjqrkskGoSPSza0g&edm=AJhczIQBAAAA&ccb=7-5&oh=00_AfqdHN5qMa4I_MBRG0-wfwpvTHBlHIEIKcpHJb8IxmOCiQ&oe=696A1158&_nc_sid=4a2096,19,0,249,31,0,"['https://instagram.fhan4-5.fna.fbcdn.net/v/t51.2885-15/550417248_2200512203809118_9188178637204096779_n.jpg?stp=dst-jpg_e15_tt6&efg=eyJ2ZW5jb2RlX3RhZyI6InRocmVhZHMuRkVFRC5pbWFnZV91cmxnZW4uNjQweDExMzYuc2RyLmY3MTg3OC5kZWZhdWx0X2NvdmVyX2ZyYW1lLmMyIn0&_nc_ht=instagram.fhan4-5.fna.fbcdn.net&_nc_cat=102&_nc_oc=Q6cZ2QEQL9Y-6vU6h26K7JHHBncrvaM5pdTsV4yyutgiSwzjWJCJst9MpVSfWQGglIuJ1og&_nc_ohc=jfB_XF_BzlAQ7kNvwH-hePW&_nc_gid=V9FJlPHjqrkskGoSPSza0g&edm=AJhczIQBAAAA&ccb=7-5&ig_cache_key=MzcyNDc5MzI5MTc5MjQ1NzI0OA%3D%3D.3-ccb7-5&oh=00_AfqdKbPzDjmBm_rwOlVMKp2c6_dTo2R4IAChGwpaye8Dyw&oe=696A1BDD&_nc_sid=4a2096', 'https://instagram.fhan4-5.fna.fbcdn.net/o1/v/t16/f2/m84/AQMNvcCEo5f6w_9dZzfBShjV6ZR6TfAqaZ130r4v-yMXYoauKKpXs1sezEcH-rPaOdLsAPmH2RGj9dttKqO8pieOF5ONstjYD334bq8.mp4?_nc_cat=102&_nc_oc=Adnw_LNhHPcaMkL_x0bSkgKlvgcL6gpnb60QRKXSxqWcjqSDa3Pm3H4Uh63BnMxZpgw&_nc_sid=5e9851&_nc_ht=instagram.fhan4-5.fna.fbcdn.net&_nc_ohc=BLWBJIjEIGcQ7kNvwFuIUja&efg=eyJ2ZW5jb2RlX3RhZyI6Inhwdl9wcm9ncmVzc2l2ZS5JTlNUQUdSQU0uRkVFRC5DMy4zMjAuZGFzaF9iYXNlbGluZV8zX3YxIiwieHB2X2Fzc2V0X2lkIjoyMjQ2MDE5MzU5MTk0OTQ3LCJhc3NldF9hZ2VfZGF5cyI6MTE0LCJ2aV91c2VjYXNlX2lkIjoxMDE2NCwiZHVyYXRpb25fcyI6MTYxLCJ1cmxnZW5fc291cmNlIjoid3d3In0%3D&ccb=17-1&_nc_gid=V9FJlPHjqrkskGoSPSza0g&_nc_zt=28&vs=b9832798a6bda136&_nc_vs=HBksFQIYTGlnX2JhY2tmaWxsX3RpbWVsaW5lX3ZvZC80NzQwQTIzRjE2QUUzQzRBREMxQzREOTk1NTU3N0Q5Rl92aWRlb19kYXNoaW5pdC5tcDQVAALIARIAFQIYOnBhc3N0aHJvdWdoX2V2ZXJzdG9yZS9HSW1jdmlCd2VlNnoyX0lDQU1WN21EbjRjbUlZYmtZTEFBQUYVAgLIARIAKAAYABsCiAd1c2Vfb2lsATEScHJvZ3Jlc3NpdmVfcmVjaXBlATEVAAAmhv2BocSv_QcVAigCQzMsF0BkLMzMzMzNGBJkYXNoX2Jhc2VsaW5lXzNfdjERAHXqB2XongEA&oh=00_Afo5oR8hpwB2iSbNo-Ktwv3faIpnXavESE6-UukN5MXrQg&oe=696618B6']",,https://www.threads.net/@rickchin99/post/DOxH8ObDB4g,[],"{'likes': 249, 'reposts': 30, 'quotes': 1}",threads,3724793291792457248,Rick Chin,,"Absolutely extraordinary exchange between Israel & China.
I've never seen such a heated exchange come out of top-level forum in China (this is from the 12th Beijing Xiangshan Forum that started yesterday), this normally never happens.
The guy speaking is Yan Xuetong, the Dean of the Institute of International Relations at Tsinghua University, the most prestigious university in China.",threads,63578918648,rickchin99
[],2026-01-12T08:47:56.873500+07:00,"My undergraduate degree is in Foreign Service. I wanted to be Secretary of State one day until I took international relations and learned about game theory. In game theory, you figure out what actions you can take to advance the interests of your country, assuming all countries are led by rational leaders. There were a few countries we learned where the leaders couldn’t be trusted to make rational decisions. The U.S. has been one of those countries since the first time the president was elected.",2026-01-03T22:52:52+07:00,,3802015368098420271,threads,threads.com,threads_crawler_v1,https://www.threads.net/@deirdrejonese/post/DTDeNVWFRYv,https://instagram.fhan4-3.fna.fbcdn.net/v/t51.2885-19/612134514_17865866286542256_4333056981905395480_n.jpg?stp=dst-jpg_s150x150_tt6&efg=eyJ2ZW5jb2RlX3RhZyI6InByb2ZpbGVfcGljLmRqYW5nby4xMDgwLmMyIn0&_nc_ht=instagram.fhan4-3.fna.fbcdn.net&_nc_cat=100&_nc_oc=Q6cZ2QEQL9Y-6vU6h26K7JHHBncrvaM5pdTsV4yyutgiSwzjWJCJst9MpVSfWQGglIuJ1og&_nc_ohc=mxIiekkoCvMQ7kNvwEW8WYb&_nc_gid=V9FJlPHjqrkskGoSPSza0g&edm=AJhczIQBAAAA&ccb=7-5&oh=00_Afrq6t5TyLTUMOWFHXGyvdJPU-Qncv2a3vnb-r71w2iHFA&oe=696A371A&_nc_sid=4a2096,32,0,1118,45,0,[],,https://www.threads.net/@deirdrejonese/post/DTDeNVWFRYv,[],"{'likes': 1118, 'reposts': 43, 'quotes': 2}",threads,3802015368098420271,Jonese Austin,,"My undergraduate degree is in Foreign Service. I wanted to be Secretary of State one day until I took international relations and learned about game theory. In game theory, you figure out what actions you can take to advance the interests of your country, assuming all countries are led by rational leaders. There were a few countries we learned where the leaders couldn’t be trusted to make rational decisions. The U.S. has been one of those countries since the first time the president was elected.",threads,76123374255,deirdrejonese
[],2026-01-12T08:47:56.873667+07:00,"Rahul Gandhi’s Qualifications are mentioned below :- 
St Stephen in N Delhi - Studied History , 

Cambridge University : - Studied Economics, 
Harvard University - Studied International Relations and Political Science. 
Rollins College - Studied International Relations and Economics. 
India needs Educated PM like him … !!",2025-12-20T02:53:51+07:00,,3791265025722834508,threads,threads.com,threads_crawler_v1,https://www.threads.net/@kansabaniksamir/post/DSdR3Qzkl5M,https://instagram.fhan4-6.fna.fbcdn.net/v/t51.2885-19/469854978_585629090538837_7098574404286151305_n.jpg?stp=dst-jpg_s150x150_tt6&efg=eyJ2ZW5jb2RlX3RhZyI6InByb2ZpbGVfcGljLmRqYW5nby45MzAuYzIifQ&_nc_ht=instagram.fhan4-6.fna.fbcdn.net&_nc_cat=109&_nc_oc=Q6cZ2QEQL9Y-6vU6h26K7JHHBncrvaM5pdTsV4yyutgiSwzjWJCJst9MpVSfWQGglIuJ1og&_nc_ohc=8nieuMXpr5YQ7kNvwEp4uc3&_nc_gid=V9FJlPHjqrkskGoSPSza0g&edm=AJhczIQBAAAA&ccb=7-5&oh=00_AfrOxts0m19BHhhqO_37IcoymUYG9gPtdl83POa9yJf_FA&oe=696A20F0&_nc_sid=4a2096,249,0,92,4,0,[],,https://www.threads.net/@kansabaniksamir/post/DSdR3Qzkl5M,[],"{'likes': 92, 'reposts': 4, 'quotes': 0}",threads,3791265025722834508,Samir Kansabanik,,"Rahul Gandhi’s Qualifications are mentioned below :- 
St Stephen in N Delhi - Studied History , 

Cambridge University : - Studied Economics, 
Harvard University - Studied International Relations and Political Science. 
Rollins College - Studied International Relations and Economics. 
India needs Educated PM like him … !!",threads,70942725423,kansabaniksamir
[],2026-01-12T08:47:56.873938+07:00,"Just out of curiosity, who supports Trump’s actions and plans with respect to international relations? Is it popular for the US to move away from our European allies and closer to Russia and China?",2026-01-07T23:07:02+07:00,,3804921600635118426,threads,threads.com,threads_crawler_v1,https://www.threads.net/@jcorfry6gmail.com3/post/DTNzAlUESNa,https://instagram.fhan4-6.fna.fbcdn.net/v/t51.2885-19/437929569_416267454347613_6613829678772259231_n.jpg?stp=dst-jpg_s150x150_tt6&efg=eyJ2ZW5jb2RlX3RhZyI6InByb2ZpbGVfcGljLmRqYW5nby43NDcuYzIifQ&_nc_ht=instagram.fhan4-6.fna.fbcdn.net&_nc_cat=109&_nc_oc=Q6cZ2QEQL9Y-6vU6h26K7JHHBncrvaM5pdTsV4yyutgiSwzjWJCJst9MpVSfWQGglIuJ1og&_nc_ohc=W64S8k4sCuoQ7kNvwGaxWq2&_nc_gid=V9FJlPHjqrkskGoSPSza0g&edm=AJhczIQBAAAA&ccb=7-5&oh=00_AfoF6XQ1KDMua44nwm8qH1GLft0ESafpOdzJTXZ6bqUv8A&oe=696A1BE2&_nc_sid=4a2096,5,0,2,0,0,[],,https://www.threads.net/@jcorfry6gmail.com3/post/DTNzAlUESNa,[],"{'likes': 2, 'reposts': 0, 'quotes': 0}",threads,3804921600635118426,Jcorfry6@gmail.com,,"Just out of curiosity, who supports Trump’s actions and plans with respect to international relations? Is it popular for the US to move away from our European allies and closer to Russia and China?",threads,63063002953,jcorfry6gmail.com3
[],2026-01-12T08:47:56.874209+07:00,"‼️📛Pierre Poilievre: A Deep Dive into Credentials, Background and What’s Missing📛‼️ (Wine Read) 

Canadians are increasingly asking a simple and reasonable question: What exactly are Pierre Poilievre’s credentials to lead a G7 nation? The answer, when placed in clear context, reveals a striking gap between political performance and the substantive experience required to govern a complex, modern economy.

Poilievre holds a Bachelor of Arts in International Relations from the University of Calgary.",2025-11-23T08:40:44+07:00,,3771870665067538976,threads,threads.com,threads_crawler_v1,https://www.threads.net/@anniejkoshy/post/DRYYGK6ESog,https://instagram.fhan4-6.fna.fbcdn.net/v/t51.2885-19/491444082_17903987736119001_3044098481637579384_n.jpg?stp=dst-jpg_s150x150_tt6&efg=eyJ2ZW5jb2RlX3RhZyI6InByb2ZpbGVfcGljLmRqYW5nby4zMjAuYzIifQ&_nc_ht=instagram.fhan4-6.fna.fbcdn.net&_nc_cat=109&_nc_oc=Q6cZ2QEQL9Y-6vU6h26K7JHHBncrvaM5pdTsV4yyutgiSwzjWJCJst9MpVSfWQGglIuJ1og&_nc_ohc=f5EwX510k2wQ7kNvwHCY-Dv&_nc_gid=V9FJlPHjqrkskGoSPSza0g&edm=AJhczIQBAAAA&ccb=7-5&oh=00_Afoc687CDtpa88DokULbO4KCFH1ZY13NyeFKy5AmibleZQ&oe=696A2C94&_nc_sid=4a2096,213,0,787,236,0,[],,https://www.threads.net/@anniejkoshy/post/DRYYGK6ESog,[],"{'likes': 787, 'reposts': 213, 'quotes': 23}",threads,3771870665067538976,Annie J Koshy,MediaThreads,"‼️📛Pierre Poilievre: A Deep Dive into Credentials, Background and What’s Missing📛‼️ (Wine Read) 

Canadians are increasingly asking a simple and reasonable question: What exactly are Pierre Poilievre’s credentials to lead a G7 nation? The answer, when placed in clear context, reveals a striking gap between political performance and the substantive experience required to govern a complex, modern economy.

Poilievre holds a Bachelor of Arts in International Relations from the University of Calgary.",threads,63392583000,anniejkoshy
[],2026-01-12T08:47:56.874383+07:00,"Hello! I hope everyone is enjoying the holiday season! 
At the risk of starting the new year all doom and gloom I do feel I need to address the elephant in the room; the rising cost of silver. 
Since the start of 2025, the price of silver has increased 60% which heavily impacts my business. 
There are many contributing factors for the increase - low physical supply, government hoarding, international relations, various industries competing for tangible silver e.g AI, medical and so much more.",2025-12-31T13:29:28+07:00,,3799557475050526362,threads,threads.com,threads_crawler_v1,https://www.threads.net/@shydragonflyjewels/post/DS6vWSEERaa,https://instagram.fhan4-3.fna.fbcdn.net/v/t51.2885-19/358380216_1265872027388242_7242817656926361012_n.jpg?stp=dst-jpg_s150x150_tt6&efg=eyJ2ZW5jb2RlX3RhZyI6InByb2ZpbGVfcGljLmRqYW5nby4xMDgwLmMyIn0&_nc_ht=instagram.fhan4-3.fna.fbcdn.net&_nc_cat=110&_nc_oc=Q6cZ2QEQL9Y-6vU6h26K7JHHBncrvaM5pdTsV4yyutgiSwzjWJCJst9MpVSfWQGglIuJ1og&_nc_ohc=Q4rjuijkIpkQ7kNvwGRct0I&_nc_gid=V9FJlPHjqrkskGoSPSza0g&edm=AJhczIQBAAAA&ccb=7-5&oh=00_AfqYejQ3X9gDiG3CHkucyF_WK0MqN12I6TfOJUn_MlJ5Jw&oe=696A0B4A&_nc_sid=4a2096,5,0,3,0,0,[],,https://www.threads.net/@shydragonflyjewels/post/DS6vWSEERaa,[],"{'likes': 3, 'reposts': 0, 'quotes': 0}",threads,3799557475050526362,Kelly Newton,,"Hello! I hope everyone is enjoying the holiday season! 
At the risk of starting the new year all doom and gloom I do feel I need to address the elephant in the room; the rising cost of silver. 
Since the start of 2025, the price of silver has increased 60% which heavily impacts my business. 
There are many contributing factors for the increase - low physical supply, government hoarding, international relations, various industries competing for tangible silver e.g AI, medical and so much more.",threads,63375691825,shydragonflyjewels
[],2026-01-12T08:47:56.874541+07:00,"🎯 Mỗi ngày 10 từ IELTS theo chủ đề + 10 câu nối chuỗi tự nhiên
🧠 Học mạch logic, nhớ lâu gấp 3 lần.

📅 Ngày 24 – Chủ đề: Geopolitical Conflicts & International Relations (Xung đột địa chính trị & quan hệ quốc tế)",2025-10-26T07:25:05+07:00,,3751538874893120959,threads,threads.com,threads_crawler_v1,https://www.threads.net/@ielts_vocabulary_everyday/post/DQQJLrvErW_,https://instagram.fhan4-5.fna.fbcdn.net/v/t51.2885-19/559279231_17842082469596018_4018455406044642267_n.jpg?stp=dst-jpg_s150x150_tt6&efg=eyJ2ZW5jb2RlX3RhZyI6InByb2ZpbGVfcGljLmRqYW5nby4xMDgwLmMyIn0&_nc_ht=instagram.fhan4-5.fna.fbcdn.net&_nc_cat=102&_nc_oc=Q6cZ2QEQL9Y-6vU6h26K7JHHBncrvaM5pdTsV4yyutgiSwzjWJCJst9MpVSfWQGglIuJ1og&_nc_ohc=b548OUmc1HgQ7kNvwHGSD39&_nc_gid=V9FJlPHjqrkskGoSPSza0g&edm=AJhczIQBAAAA&ccb=7-5&oh=00_AfqZ3msTCwqhZKDt4-rLh5fAhuz_VM-3_BoGe2-V48jdRg&oe=696A1F5C&_nc_sid=4a2096,3,0,20,3,0,[],,https://www.threads.net/@ielts_vocabulary_everyday/post/DQQJLrvErW_,[],"{'likes': 20, 'reposts': 3, 'quotes': 0}",threads,3751538874893120959,IELTS Everyday,,"🎯 Mỗi ngày 10 từ IELTS theo chủ đề + 10 câu nối chuỗi tự nhiên
🧠 Học mạch logic, nhớ lâu gấp 3 lần.

📅 Ngày 24 – Chủ đề: Geopolitical Conflicts & International Relations (Xung đột địa chính trị & quan hệ quốc tế)",threads,77766676017,ielts_vocabulary_everyday
[],2026-01-12T08:47:56.874724+07:00,"Voted for:

Marble armrests
Angering Libs

Didn’t vote for:

Quality international relations
Affordability",2025-12-28T08:46:55+07:00,,3797240930492308617,threads,threads.com,threads_crawler_v1,https://www.threads.net/@johnexpos_/post/DSygoH0kVyJ,https://instagram.fhan4-5.fna.fbcdn.net/v/t51.2885-19/508759404_17914362816120782_5662766104850184481_n.jpg?stp=dst-jpg_s150x150_tt6&efg=eyJ2ZW5jb2RlX3RhZyI6InByb2ZpbGVfcGljLmRqYW5nby43MzIuYzIifQ&_nc_ht=instagram.fhan4-5.fna.fbcdn.net&_nc_cat=102&_nc_oc=Q6cZ2QEQL9Y-6vU6h26K7JHHBncrvaM5pdTsV4yyutgiSwzjWJCJst9MpVSfWQGglIuJ1og&_nc_ohc=Na8UBVKxwZsQ7kNvwFcvOY_&_nc_gid=V9FJlPHjqrkskGoSPSza0g&edm=AJhczIQBAAAA&ccb=7-5&oh=00_AfrvqGiY5on-S985ZK6PeqvJ45VHfSTNIn1JqPuZM9Bh9w&oe=696A15FA&_nc_sid=4a2096,1,0,7,0,0,[],,https://www.threads.net/@johnexpos_/post/DSygoH0kVyJ,[],"{'likes': 7, 'reposts': 0, 'quotes': 0}",threads,3797240930492308617,John Expos,,"Voted for:

Marble armrests
Angering Libs

Didn’t vote for:

Quality international relations
Affordability",threads,63644296781,johnexpos_
[],2026-01-12T08:47:56.874965+07:00,"The idea that international relations at this level are based on who is in the best rhetorical position to win a debate is probably appealing to people who are really good debaters, but it’s just obviously untrue for the actual world we live in.",2026-01-03T23:56:43+07:00,,3802047506633602086,threads,threads.com,threads_crawler_v1,https://www.threads.net/@tomgara/post/DTDlhAsDjQm,https://instagram.fhan4-5.fna.fbcdn.net/v/t51.2885-19/358178704_226701430289895_9156579034578357245_n.jpg?stp=dst-jpg_s150x150_tt6&efg=eyJ2ZW5jb2RlX3RhZyI6InByb2ZpbGVfcGljLmRqYW5nby40MDAuYzIifQ&_nc_ht=instagram.fhan4-5.fna.fbcdn.net&_nc_cat=103&_nc_oc=Q6cZ2QEQL9Y-6vU6h26K7JHHBncrvaM5pdTsV4yyutgiSwzjWJCJst9MpVSfWQGglIuJ1og&_nc_ohc=C7yKffz6qFoQ7kNvwEhW-pb&_nc_gid=V9FJlPHjqrkskGoSPSza0g&edm=AJhczIQBAAAA&ccb=7-5&oh=00_AfrygmtQXf1NQlo5FHgl8ooqp0p7PvLnZTEDPOyKFil35A&oe=696A3038&_nc_sid=4a2096,3,0,51,3,0,[],,https://www.threads.net/@tomgara/post/DTDlhAsDjQm,[],"{'likes': 51, 'reposts': 2, 'quotes': 1}",threads,3802047506633602086,Tom Gara,,"The idea that international relations at this level are based on who is in the best rhetorical position to win a debate is probably appealing to people who are really good debaters, but it’s just obviously untrue for the actual world we live in.",threads,63468868202,tomgara
[],2026-01-12T08:47:56.875225+07:00,"Diana Fox Carney is a British-Canadian economist and climate policy expert who has pursued her own career and charitable endeavors.
Diana Fox Carney holds 3 Master’s.

- University of Oxford:
✨ Master's of Arts in Philosophy, Politics, and Economics (PPE) 
✨ Master's of Science in Agricultural Economics
- University of Pennsylvania:
✨ Master's of Arts in International Relations",2025-12-01T10:09:50+07:00,,3777713716792985391,threads,threads.com,threads_crawler_v1,https://www.threads.net/@cheri_5294/post/DRtIpw4kQcv,https://instagram.fhan4-3.fna.fbcdn.net/v/t51.2885-19/379059413_859480455745908_1747094013879563835_n.jpg?stp=dst-jpg_s150x150_tt6&efg=eyJ2ZW5jb2RlX3RhZyI6InByb2ZpbGVfcGljLmRqYW5nby42ODYuYzIifQ&_nc_ht=instagram.fhan4-3.fna.fbcdn.net&_nc_cat=100&_nc_oc=Q6cZ2QEQL9Y-6vU6h26K7JHHBncrvaM5pdTsV4yyutgiSwzjWJCJst9MpVSfWQGglIuJ1og&_nc_ohc=G8Y6tUTX5CUQ7kNvwELlZLb&_nc_gid=V9FJlPHjqrkskGoSPSza0g&edm=AJhczIQBAAAA&ccb=7-5&oh=00_Afqc9CEoYWoc0VUYZhWvIl59NduiT5Qk74nCfAtnvPPS_w&oe=696A2D85&_nc_sid=4a2096,84,0,2432,209,0,['https://instagram.fhan4-1.fna.fbcdn.net/v/t51.2885-15/587704411_17931456873117053_6241232683470889724_n.jpg?stp=dst-jpg_e35_tt6&efg=eyJ2ZW5jb2RlX3RhZyI6InRocmVhZHMuQ0FST1VTRUxfSVRFTS5pbWFnZV91cmxnZW4uMzg4eDUxNS5zZHIuZjgyNzg3LmRlZmF1bHRfaW1hZ2UuYzIifQ&_nc_ht=instagram.fhan4-1.fna.fbcdn.net&_nc_cat=105&_nc_oc=Q6cZ2QEQL9Y-6vU6h26K7JHHBncrvaM5pdTsV4yyutgiSwzjWJCJst9MpVSfWQGglIuJ1og&_nc_ohc=NFaOFjUohOYQ7kNvwEEVtib&_nc_gid=V9FJlPHjqrkskGoSPSza0g&edm=AJhczIQBAAAA&ccb=7-5&ig_cache_key=Mzc3NzcxMzcxMDI4MzQ1Mzk2OQ%3D%3D.3-ccb7-5&oh=00_AfpCu4B8xW3oE3xRte9yyYrk5d5NSgO_v25GAysp86XpPA&oe=696A1CDE&_nc_sid=4a2096'],,https://www.threads.net/@cheri_5294/post/DRtIpw4kQcv,[],"{'likes': 2432, 'reposts': 194, 'quotes': 15}",threads,3777713716792985391,Cheri,CanadaisinGreatHands,"Diana Fox Carney is a British-Canadian economist and climate policy expert who has pursued her own career and charitable endeavors.
Diana Fox Carney holds 3 Master’s.

- University of Oxford:
✨ Master's of Arts in Philosophy, Politics, and Economics (PPE) 
✨ Master's of Science in Agricultural Economics
- University of Pennsylvania:
✨ Master's of Arts in International Relations",threads,63464493052,cheri_5294
[],2026-01-12T08:47:56.875537+07:00,"""You and I could try and talk about this like it were economics or like it were international relations, but it's not. It's a soap opera. It's Sons and Daughters. It's Home and Away. It's Neighbours. And it's going to be a soap opera that goes on and on for the next three and a half years.""",2025-10-27T23:47:39+07:00,,3752757406204937872,threads,threads.com,threads_crawler_v1,https://www.threads.net/@justinwolfers/post/DQUePpdD8aQ,https://instagram.fhan4-3.fna.fbcdn.net/v/t51.2885-19/358108658_1034759584101598_5237592321032745921_n.jpg?stp=dst-jpg_s150x150_tt6&efg=eyJ2ZW5jb2RlX3RhZyI6InByb2ZpbGVfcGljLmRqYW5nby45NjcuYzIifQ&_nc_ht=instagram.fhan4-3.fna.fbcdn.net&_nc_cat=110&_nc_oc=Q6cZ2QEQL9Y-6vU6h26K7JHHBncrvaM5pdTsV4yyutgiSwzjWJCJst9MpVSfWQGglIuJ1og&_nc_ohc=ICSsdB2SsDYQ7kNvwEwrZNq&_nc_gid=V9FJlPHjqrkskGoSPSza0g&edm=AJhczIQBAAAA&ccb=7-5&oh=00_AfoGqhPNOWXxK0bk7_TK0DvcFQncNoQSD6yYjFv2-6RNuw&oe=696A21FD&_nc_sid=4a2096,91,0,1390,169,0,"['https://instagram.fhan4-5.fna.fbcdn.net/v/t51.2885-15/571759511_1512042033166826_5270138795366452459_n.jpg?stp=dst-jpg_e15_tt6&efg=eyJ2ZW5jb2RlX3RhZyI6InRocmVhZHMuRkVFRC5pbWFnZV91cmxnZW4uNjQweDM2MC5zZHIuZjcxODc4LmRlZmF1bHRfY292ZXJfZnJhbWUuYzIifQ&_nc_ht=instagram.fhan4-5.fna.fbcdn.net&_nc_cat=102&_nc_oc=Q6cZ2QEQL9Y-6vU6h26K7JHHBncrvaM5pdTsV4yyutgiSwzjWJCJst9MpVSfWQGglIuJ1og&_nc_ohc=7UWprIPozaYQ7kNvwHEr6UR&_nc_gid=V9FJlPHjqrkskGoSPSza0g&edm=AJhczIQBAAAA&ccb=7-5&ig_cache_key=Mzc1Mjc1NzQwNjIwNDkzNzg3Mg%3D%3D.3-ccb7-5&oh=00_AfpzesSqE_cko7j9piTzGwJ4hFE4jO-yYg1L-Wh3-4f5CQ&oe=696A0C44&_nc_sid=4a2096', 'https://instagram.fhan3-2.fna.fbcdn.net/o1/v/t16/f2/m84/AQPooHSIsNk7A82-gzs4mbgjmVYD_OMTcNeEoWC5MeNgcCD_qBVjoMfZR67giTd0VVjklnXS8Tn2NR8W-VR8UfRTFrJMrasNZBpXLAw.mp4?_nc_cat=107&_nc_oc=Adkyv4K5mJaPo-rM8yVMbkro3qoaCqVUHAH9UTH5DlQIrx1rd59cD_wwdn6CrpS68yE&_nc_sid=5e9851&_nc_ht=instagram.fhan3-2.fna.fbcdn.net&_nc_ohc=CGiPHHO9fWcQ7kNvwE6nEpM&efg=eyJ2ZW5jb2RlX3RhZyI6Inhwdl9wcm9ncmVzc2l2ZS5JTlNUQUdSQU0uRkVFRC5DMy4xMjgwLmRhc2hfYmFzZWxpbmVfMV92MSIsInhwdl9hc3NldF9pZCI6MTIwMDk2MDIzMjA4ODg3NiwiYXNzZXRfYWdlX2RheXMiOjc2LCJ2aV91c2VjYXNlX2lkIjoxMDE2NCwiZHVyYXRpb25fcyI6NzgsInVybGdlbl9zb3VyY2UiOiJ3d3cifQ%3D%3D&ccb=17-1&_nc_gid=V9FJlPHjqrkskGoSPSza0g&_nc_zt=28&vs=e292dcf70a493209&_nc_vs=HBksFQIYTGlnX2JhY2tmaWxsX3RpbWVsaW5lX3ZvZC84ODRCQzVFODdCOEI4RjBDNTlCMjNFNTI3OTA2RTBCMV92aWRlb19kYXNoaW5pdC5tcDQVAALIARIAFQIYOnBhc3N0aHJvdWdoX2V2ZXJzdG9yZS9HR1ZSSHlKcXdZdlFySGNMQURWSndkMjBjbGtZYnNwVEFRQUYVAgLIARIAKAAYABsCiAd1c2Vfb2lsATEScHJvZ3Jlc3NpdmVfcmVjaXBlATEVAAAm2JSvgIuRogQVAigCQzMsF0BTjMzMzMzNGBJkYXNoX2Jhc2VsaW5lXzFfdjERAHXqB2XongEA&oh=00_AfruAr9gRrnMaLUYrYr6Kx2MmNZwK1qvePgpoMv1z4tpKA&oe=69664A21']",,https://www.threads.net/@justinwolfers/post/DQUePpdD8aQ,[],"{'likes': 1390, 'reposts': 158, 'quotes': 11}",threads,3752757406204937872,Justin Wolfers,,"""You and I could try and talk about this like it were economics or like it were international relations, but it's not. It's a soap opera. It's Sons and Daughters. It's Home and Away. It's Neighbours. And it's going to be a soap opera that goes on and on for the next three and a half years.""",threads,63142580361,justinwolfers
[],2026-01-12T08:47:56.875691+07:00,"một blog khá hay cho mấy bạn và anh chị đồng môn ir (quan hệ quốc tế) có thể xem qua ạ 🫶🏻
international relations",2024-04-27T20:06:30+07:00,,3355469783149724398,threads,threads.com,threads_crawler_v1,https://www.threads.net/@mei_d.ng/post/C6RBf1fMkLu,https://instagram.fhan4-6.fna.fbcdn.net/v/t51.2885-19/561536826_17929009701104373_214749339444285331_n.jpg?stp=dst-jpg_s150x150_tt6&efg=eyJ2ZW5jb2RlX3RhZyI6InByb2ZpbGVfcGljLmRqYW5nby4xMDgwLmMyIn0&_nc_ht=instagram.fhan4-6.fna.fbcdn.net&_nc_cat=109&_nc_oc=Q6cZ2QEQL9Y-6vU6h26K7JHHBncrvaM5pdTsV4yyutgiSwzjWJCJst9MpVSfWQGglIuJ1og&_nc_ohc=MxtZtxb5spcQ7kNvwEfyoqL&_nc_gid=V9FJlPHjqrkskGoSPSza0g&edm=AJhczIQBAAAA&ccb=7-5&oh=00_AfqgC2f6f8hhToWuSS9uGYpL6Nu_EM4onW-Q7RgFtXXXMQ&oe=696A3719&_nc_sid=4a2096,0,0,8,2,0,[],,https://www.threads.net/@mei_d.ng/post/C6RBf1fMkLu,[],"{'likes': 8, 'reposts': 2, 'quotes': 0}",threads,3355469783149724398,Mai Phương (Mei),international relations,"một blog khá hay cho mấy bạn và anh chị đồng môn ir (quan hệ quốc tế) có thể xem qua ạ 🫶🏻
international relations",threads,63253104372,mei_d.ng
[],2026-01-12T08:47:56.875737+07:00,plans for today: look at my international relations degree and cry,2026-01-05T00:36:34+07:00,,3802792339484305131,threads,threads.com,threads_crawler_v1,https://www.threads.net/@blymcntyr/post/DTGO3wViebr,https://instagram.fhan3-2.fna.fbcdn.net/v/t51.2885-19/604137671_17856392907581575_3142306652506019144_n.jpg?stp=dst-jpg_s150x150_tt6&efg=eyJ2ZW5jb2RlX3RhZyI6InByb2ZpbGVfcGljLmRqYW5nby41NzIuYzIifQ&_nc_ht=instagram.fhan3-2.fna.fbcdn.net&_nc_cat=107&_nc_oc=Q6cZ2QEQL9Y-6vU6h26K7JHHBncrvaM5pdTsV4yyutgiSwzjWJCJst9MpVSfWQGglIuJ1og&_nc_ohc=PXSgcfRfY5gQ7kNvwEAesWx&_nc_gid=V9FJlPHjqrkskGoSPSza0g&edm=AJhczIQBAAAA&ccb=7-5&oh=00_AfqnxFgJ-nxPOdv0BSDK8wwWup_dJP5Tw5cy1AsVGn9xyQ&oe=696A0E28&_nc_sid=4a2096,6,0,10,0,0,[],,https://www.threads.net/@blymcntyr/post/DTGO3wViebr,[],"{'likes': 10, 'reposts': 0, 'quotes': 0}",threads,3802792339484305131,bk,,plans for today: look at my international relations degree and cry,threads,77444845574,blymcntyr
[],2026-01-12T08:47:56.875788+07:00,"Will international politics ever be fair? Or will it always be dictated by power? Can international relations be based on principles of justice? Or will they forever remain the arena of conflicting national interests?

Almost 2,500 years ago, ancient Greek thinker Thucydides outlined two opposing modes of thought: (1) the only real currency on the world stage is power, versus (2) a nation acting unjustly only undermines its own long-term interests and security…",2026-01-04T21:09:20+07:00,,3802688029954186214,threads,threads.com,threads_crawler_v1,https://www.threads.net/@philosophybreak/post/DTF3J2hDJvm,https://instagram.fhan3-4.fna.fbcdn.net/v/t51.2885-19/358213826_1759082924506602_146352907764159727_n.jpg?stp=dst-jpg_s150x150_tt6&efg=eyJ2ZW5jb2RlX3RhZyI6InByb2ZpbGVfcGljLmRqYW5nby4xMDgwLmMyIn0&_nc_ht=instagram.fhan3-4.fna.fbcdn.net&_nc_cat=106&_nc_oc=Q6cZ2QEQL9Y-6vU6h26K7JHHBncrvaM5pdTsV4yyutgiSwzjWJCJst9MpVSfWQGglIuJ1og&_nc_ohc=Wuz5SUPKki0Q7kNvwGQkvPF&_nc_gid=V9FJlPHjqrkskGoSPSza0g&edm=AJhczIQBAAAA&ccb=7-5&oh=00_AfrNOeJnpDVmkmJobPVwVCb7pIR5wDyVgE6h1YWoKPuMrA&oe=696A184A&_nc_sid=4a2096,5,0,55,6,0,[],,https://www.threads.net/@philosophybreak/post/DTF3J2hDJvm,[],"{'likes': 55, 'reposts': 5, 'quotes': 1}",threads,3802688029954186214,Philosophy Break,,"Will international politics ever be fair? Or will it always be dictated by power? Can international relations be based on principles of justice? Or will they forever remain the arena of conflicting national interests?

Almost 2,500 years ago, ancient Greek thinker Thucydides outlined two opposing modes of thought: (1) the only real currency on the world stage is power, versus (2) a nation acting unjustly only undermines its own long-term interests and security…",threads,63138594940,philosophybreak
[],2026-01-12T08:47:56.875829+07:00,"The Palestinian plane as to whether there is some shady work. indeed, we are suspicious as the South African government about the circumstances surrounding the arrival of the plane and the passengers that were on the plane.”
 Minister of International Relations and Cooperation, Ronald Lamola

“This matter is a subject of investigation that must be thoroughly investigated and the South African public will know at some stage” Ronald Lamola",2025-11-17T18:24:34+07:00,,3767815859356830247,threads,threads.com,threads_crawler_v1,https://www.threads.net/@newslive_sa/post/DRJ-I-0DAon,https://instagram.fhan4-6.fna.fbcdn.net/v/t51.2885-19/458636930_526957249820792_2720049529704484635_n.jpg?stp=dst-jpg_s150x150_tt6&efg=eyJ2ZW5jb2RlX3RhZyI6InByb2ZpbGVfcGljLmRqYW5nby4xMDgwLmMyIn0&_nc_ht=instagram.fhan4-6.fna.fbcdn.net&_nc_cat=108&_nc_oc=Q6cZ2QEQL9Y-6vU6h26K7JHHBncrvaM5pdTsV4yyutgiSwzjWJCJst9MpVSfWQGglIuJ1og&_nc_ohc=EjFG6uX4N_wQ7kNvwEFcVG0&_nc_gid=V9FJlPHjqrkskGoSPSza0g&edm=AJhczIQBAAAA&ccb=7-5&oh=00_Afri-L0G58zB9Vfo0VPVohCCKyJEwvLgA2w89C4stSgSOg&oe=696A0D48&_nc_sid=4a2096,79,0,102,12,0,"['https://instagram.fhan4-3.fna.fbcdn.net/v/t51.2885-15/582437116_790069347410796_1974100838529729200_n.jpg?stp=dst-jpg_e15_tt6&efg=eyJ2ZW5jb2RlX3RhZyI6InRocmVhZHMuRkVFRC5pbWFnZV91cmxnZW4uNjQweDM2MC5zZHIuZjcxODc4LmRlZmF1bHRfY292ZXJfZnJhbWUuYzIifQ&_nc_ht=instagram.fhan4-3.fna.fbcdn.net&_nc_cat=100&_nc_oc=Q6cZ2QEQL9Y-6vU6h26K7JHHBncrvaM5pdTsV4yyutgiSwzjWJCJst9MpVSfWQGglIuJ1og&_nc_ohc=hArp2TIGfD8Q7kNvwFbnhzE&_nc_gid=V9FJlPHjqrkskGoSPSza0g&edm=AJhczIQBAAAA&ccb=7-5&ig_cache_key=Mzc2NzgxNTg1OTM1NjgzMDI0Nw%3D%3D.3-ccb7-5&oh=00_AfpEqFecfMTlTR1I4IG_Y-leHyetIyA4iw9oLsTWnSz2Mw&oe=696A3CA9&_nc_sid=4a2096', 'https://instagram.fhan4-3.fna.fbcdn.net/o1/v/t2/f2/m86/AQOQXBSmoWepZBxwzbBKjdycmkUE5fAdMwuFljyar0QaCV_xf8dbKVtZ4eV4c8oCs7Sz9JYz6VtuRadFrHVnwljhxw8YLLH8r2BUQzM.mp4?_nc_cat=110&_nc_oc=AdmVE74R8OrRFFpl7EMy0bTKY9Kn9Hnzn6qAt_lmWOVh18yBDGwiG5iuhgSbyVjxA1A&_nc_sid=5e9851&_nc_ht=instagram.fhan4-3.fna.fbcdn.net&_nc_ohc=WT9EL9AgrwMQ7kNvwHFUhBp&efg=eyJ2ZW5jb2RlX3RhZyI6Inhwdl9wcm9ncmVzc2l2ZS5JTlNUQUdSQU0uRkVFRC5DMy4xMjgwLmRhc2hfYmFzZWxpbmVfMV92MSIsInhwdl9hc3NldF9pZCI6MTE3MDMzNzI4Nzk2NTY2MSwiYXNzZXRfYWdlX2RheXMiOjU1LCJ2aV91c2VjYXNlX2lkIjoxMDA5OSwiZHVyYXRpb25fcyI6ODUsInVybGdlbl9zb3VyY2UiOiJ3d3cifQ%3D%3D&ccb=17-1&_nc_gid=V9FJlPHjqrkskGoSPSza0g&_nc_zt=28&vs=c7d57826fce43c0f&_nc_vs=HBksFQIYUmlnX3hwdl9yZWVsc19wZXJtYW5lbnRfc3JfcHJvZC83MjQ0MjU0NkQ5MzRDREQzODIzMzM5ODcxMjUzOUY5Ml92aWRlb19kYXNoaW5pdC5tcDQVAALIARIAFQIYOnBhc3N0aHJvdWdoX2V2ZXJzdG9yZS9HRGZYMVNLX00tM285MzBKQUNmNVlaRjNhSUI4YnN0VEFRQUYVAgLIARIAKAAYABsCiAd1c2Vfb2lsATEScHJvZ3Jlc3NpdmVfcmVjaXBlATEVAAAmuq-IpcyalAQVAigCQzMsF0BVbul41P30GBJkYXNoX2Jhc2VsaW5lXzFfdjERAHXqB2XmnQEA&oh=00_AfpLrL9p9EtZQPyo3y5PCp2KKr1RxBUSR0tsN1LhC56wPQ&oe=69661A77']",,https://www.threads.net/@newslive_sa/post/DRJ-I-0DAon,[],"{'likes': 102, 'reposts': 10, 'quotes': 2}",threads,3767815859356830247,News Live SA,,"The Palestinian plane as to whether there is some shady work. indeed, we are suspicious as the South African government about the circumstances surrounding the arrival of the plane and the passengers that were on the plane.”
 Minister of International Relations and Cooperation, Ronald Lamola

“This matter is a subject of investigation that must be thoroughly investigated and the South African public will know at some stage” Ronald Lamola",threads,63508464447,newslive_sa
[],2026-01-12T08:47:56.875868+07:00,I’m ready to stop pretending like I didn’t start my university experience with political science and an interest in international relations lol,2025-11-06T01:45:39+07:00,,3759340564538060574,threads,threads.com,threads_crawler_v1,https://www.threads.net/@bellhue/post/DQr3FNbAe8e,https://instagram.fhan3-3.fna.fbcdn.net/v/t51.2885-19/444661942_969989104915547_113481363557243961_n.jpg?stp=dst-jpg_s150x150_tt6&efg=eyJ2ZW5jb2RlX3RhZyI6InByb2ZpbGVfcGljLmRqYW5nby4xMDgwLmMyIn0&_nc_ht=instagram.fhan3-3.fna.fbcdn.net&_nc_cat=111&_nc_oc=Q6cZ2QEQL9Y-6vU6h26K7JHHBncrvaM5pdTsV4yyutgiSwzjWJCJst9MpVSfWQGglIuJ1og&_nc_ohc=osV8IoyxluYQ7kNvwEl4SAj&_nc_gid=V9FJlPHjqrkskGoSPSza0g&edm=AJhczIQBAAAA&ccb=7-5&oh=00_AfqLVc9Y4K1lok-WhdNKJyYDrVsW6lGZ2A2-3eKZVcmdbQ&oe=696A3457&_nc_sid=4a2096,7,0,9,0,0,[],,https://www.threads.net/@bellhue/post/DQr3FNbAe8e,[],"{'likes': 9, 'reposts': 0, 'quotes': 0}",threads,3759340564538060574,Taja May,,I’m ready to stop pretending like I didn’t start my university experience with political science and an interest in international relations lol,threads,66979616835,bellhue
[],2026-01-12T08:47:56.875900+07:00,"if you are planning to do MBA in HR, get a law degree (corporate law) as it will be helpful in future. Many HR people are hired in government and public sector jobs in India, based on such certification courses related to Labour laws and international relations. 
#mba #HR",2026-01-09T11:58:30+07:00,,3806034663824300825,threads,threads.com,threads_crawler_v1,https://www.threads.net/@careergal_25/post/DTRwFyMEhsZ,https://instagram.fhan3-2.fna.fbcdn.net/v/t51.2885-19/610597417_17844360882668731_1533080979002975427_n.jpg?stp=dst-jpg_s150x150_tt6&efg=eyJ2ZW5jb2RlX3RhZyI6InByb2ZpbGVfcGljLmRqYW5nby4xMDgwLmMyIn0&_nc_ht=instagram.fhan3-2.fna.fbcdn.net&_nc_cat=107&_nc_oc=Q6cZ2QEQL9Y-6vU6h26K7JHHBncrvaM5pdTsV4yyutgiSwzjWJCJst9MpVSfWQGglIuJ1og&_nc_ohc=EApPbmqrsPcQ7kNvwGE1AqI&_nc_gid=V9FJlPHjqrkskGoSPSza0g&edm=AJhczIQBAAAA&ccb=7-5&oh=00_AfpDXKuqJEIpJlkU1xd6OZdE62VXiM0Mc0kQWaaHeFAPsA&oe=696A3242&_nc_sid=4a2096,0,0,0,0,0,[],,https://www.threads.net/@careergal_25/post/DTRwFyMEhsZ,[],"{'likes': 0, 'reposts': 0, 'quotes': 0}",threads,3806034663824300825,careergal,career,"if you are planning to do MBA in HR, get a law degree (corporate law) as it will be helpful in future. Many HR people are hired in government and public sector jobs in India, based on such certification courses related to Labour laws and international relations. 
#mba #HR",threads,80002396730,careergal_25
[],2026-01-12T08:47:56.875941+07:00,"(1 of 3) HYPOCRISY at its best by Department of International Relations and Cooperation, 

When Russia invaded Ukraine, where was the urgent call for the UN Security Council to meet in other conflicts of equal devastation?
Where are the press releases about the war crimes being committed in Yemen, Sudan, and Myanmar?",2026-01-07T12:28:39+07:00,,3804600289878379048,threads,threads.com,threads_crawler_v1,https://www.threads.net/@bigboss_waldo/post/DTMp85WjIoo,https://instagram.fhan4-3.fna.fbcdn.net/v/t51.2885-19/392737349_24011924515120306_8189967214735692701_n.jpg?stp=dst-jpg_s150x150_tt6&efg=eyJ2ZW5jb2RlX3RhZyI6InByb2ZpbGVfcGljLmRqYW5nby4xMDgwLmMyIn0&_nc_ht=instagram.fhan4-3.fna.fbcdn.net&_nc_cat=110&_nc_oc=Q6cZ2QEQL9Y-6vU6h26K7JHHBncrvaM5pdTsV4yyutgiSwzjWJCJst9MpVSfWQGglIuJ1og&_nc_ohc=xuRl6WvP94wQ7kNvwHwnEc2&_nc_gid=V9FJlPHjqrkskGoSPSza0g&edm=AJhczIQBAAAA&ccb=7-5&oh=00_AfpciUxgfnUM_Nqsns2xmLxC4rdKjW4bhrRVU7FF9zgvFg&oe=696A0F25&_nc_sid=4a2096,1,0,1,0,0,[],,https://www.threads.net/@bigboss_waldo/post/DTMp85WjIoo,[],"{'likes': 1, 'reposts': 0, 'quotes': 0}",threads,3804600289878379048,Waldo Labuschagne,,"(1 of 3) HYPOCRISY at its best by Department of International Relations and Cooperation, 

When Russia invaded Ukraine, where was the urgent call for the UN Security Council to meet in other conflicts of equal devastation?
Where are the press releases about the war crimes being committed in Yemen, Sudan, and Myanmar?",threads,63309625147,bigboss_waldo
[],2026-01-12T09:24:15.086418+07:00,"hôm trước em lướt threads thấy 1 web cho IELTS writing, kiểu mình nhập đề bài xong search trên đó thì ra các bài báo liên quan + topic-related vocab lun. nhưng em lục tung cái thờ rét của em lên vẫn không tìm được cái web đó tên gì, cả nhà giúp em với ạ 😭😭😭 em tha thiết muốn tìm lại huhu, love guys so much 🧎🏻‍♀️",2026-01-11T23:18:10+07:00,,3807826304675481389,threads,threads.com,threads_crawler_v1,https://www.threads.net/@shfl._/post/DTYHdlwkgct,https://instagram.fhan3-3.fna.fbcdn.net/v/t51.2885-19/573323465_1219825463302212_7278921664109726296_n.png?stp=dst-jpg_s150x150_tt6&efg=eyJ2ZW5jb2RlX3RhZyI6InByb2ZpbGVfcGljLmRqYW5nby4xNTAuYzIifQ&_nc_ht=instagram.fhan3-3.fna.fbcdn.net&_nc_cat=1&_nc_oc=Q6cZ2QEfCBRSYhdY1SM_pvhiJKyhCedlqaOe28jo1fB3XP_wEVxWUz-zIV-TitPxxcHlrSE&_nc_ohc=EFb4Xd8YksAQ7kNvwG1yzsw&_nc_gid=ef0J-kc6t6wnYY-duLzHIQ&edm=AJhczIQBAAAA&ccb=7-5&ig_cache_key=YW5vbnltb3VzX3Byb2ZpbGVfcGlj.3-ccb7-5&oh=00_AfoD1o4MpXhSR-XHWhCdJ_n87PN_FLAvEasQWmsXCCViHw&oe=696A2CAA&_nc_sid=4a2096,9,0,1016,323,0,[],,https://www.threads.net/@shfl._/post/DTYHdlwkgct,[],"{'likes': 1016, 'reposts': 322, 'quotes': 1}",threads,3807826304675481389,,,"hôm trước em lướt threads thấy 1 web cho IELTS writing, kiểu mình nhập đề bài xong search trên đó thì ra các bài báo liên quan + topic-related vocab lun. nhưng em lục tung cái thờ rét của em lên vẫn không tìm được cái web đó tên gì, cả nhà giúp em với ạ 😭😭😭 em tha thiết muốn tìm lại huhu, love guys so much 🧎🏻‍♀️",threads,80013180905,shfl._
[],2026-01-12T09:24:15.086547+07:00,"top những từ khiến tôi sợ hãi:

big corp
mnc
intern
mentor
tuyển dụng
build profile
cv
jd
ib zalo nhận jd
phỏng vấn
đậu job
khoá học
giải case
in top",2025-10-19T23:50:12+07:00,,3746961267467968156,threads,threads.com,threads_crawler_v1,https://www.threads.net/@pynnakle/post/DP_4Wumk16c,https://instagram.fhan4-6.fna.fbcdn.net/v/t51.2885-19/545070700_17924394033110121_3678435707013440143_n.jpg?stp=dst-jpg_s150x150_tt6&efg=eyJ2ZW5jb2RlX3RhZyI6InByb2ZpbGVfcGljLmRqYW5nby41NTYuYzIifQ&_nc_ht=instagram.fhan4-6.fna.fbcdn.net&_nc_cat=109&_nc_oc=Q6cZ2QEfCBRSYhdY1SM_pvhiJKyhCedlqaOe28jo1fB3XP_wEVxWUz-zIV-TitPxxcHlrSE&_nc_ohc=mccsyZngUtIQ7kNvwG-h7H6&_nc_gid=ef0J-kc6t6wnYY-duLzHIQ&edm=AJhczIQBAAAA&ccb=7-5&oh=00_AfqkboeuONTom51g3pzmuJ2k_IsLwk_WUEoFWn4BsCtwcw&oe=696A3922&_nc_sid=4a2096,50,0,3880,963,0,[],,https://www.threads.net/@pynnakle/post/DP_4Wumk16c,[],"{'likes': 3880, 'reposts': 940, 'quotes': 23}",threads,3746961267467968156,𝗻𝗽 🕓,,"top những từ khiến tôi sợ hãi:

big corp
mnc
intern
mentor
tuyển dụng
build profile
cv
jd
ib zalo nhận jd
phỏng vấn
đậu job
khoá học
giải case
in top",threads,63185094120,pynnakle
[],2026-01-12T09:24:15.086590+07:00,I'm new here looking for international friend?🏳️‍🌈,2025-09-27T09:45:58+07:00,,3730591285024851023,threads,threads.com,threads_crawler_v1,https://www.threads.net/@kimchi132025/post/DPFuQIaEwRP,https://instagram.fhan4-1.fna.fbcdn.net/v/t51.2885-19/553387658_17843157594583829_3926899215648543482_n.jpg?stp=dst-jpg_s150x150_tt6&efg=eyJ2ZW5jb2RlX3RhZyI6InByb2ZpbGVfcGljLmRqYW5nby4xMDgwLmMyIn0&_nc_ht=instagram.fhan4-1.fna.fbcdn.net&_nc_cat=105&_nc_oc=Q6cZ2QEfCBRSYhdY1SM_pvhiJKyhCedlqaOe28jo1fB3XP_wEVxWUz-zIV-TitPxxcHlrSE&_nc_ohc=uMaMtCDg05UQ7kNvwFuIb9w&_nc_gid=ef0J-kc6t6wnYY-duLzHIQ&edm=AJhczIQBAAAA&ccb=7-5&oh=00_AfobHAVdJaEsNBtYxyN7-RFStbOEZuhGlxPzZFHkD29MTg&oe=696A2860&_nc_sid=4a2096,85,0,568,0,0,['https://instagram.fhan4-1.fna.fbcdn.net/v/t51.2885-15/554376362_17843157867583829_3886553814192960945_n.webp?efg=eyJ2ZW5jb2RlX3RhZyI6InRocmVhZHMuQ0FST1VTRUxfSVRFTS5pbWFnZV91cmxnZW4uNzIweDk2MC5zZHIuZjgyNzg3LmRlZmF1bHRfaW1hZ2UuYzIifQ&_nc_ht=instagram.fhan4-1.fna.fbcdn.net&_nc_cat=105&_nc_oc=Q6cZ2QEfCBRSYhdY1SM_pvhiJKyhCedlqaOe28jo1fB3XP_wEVxWUz-zIV-TitPxxcHlrSE&_nc_ohc=WZ_2J4cfw70Q7kNvwG0YcXc&_nc_gid=ef0J-kc6t6wnYY-duLzHIQ&edm=AJhczIQBAAAA&ccb=7-5&ig_cache_key=MzczMDU5MTI3OTM3MDkzNzYyMA%3D%3D.3-ccb7-5&oh=00_AfpIwaL4SrnRifvkFrkHGHYxPoXaD7LucpFnYG_EKVajCg&oe=696A489D&_nc_sid=4a2096'],,https://www.threads.net/@kimchi132025/post/DPFuQIaEwRP,[],"{'likes': 568, 'reposts': 0, 'quotes': 0}",threads,3730591285024851023,,wlw,I'm new here looking for international friend?🏳️‍🌈,threads,77343343828,kimchi132025
[],2026-01-12T09:24:15.086624+07:00,"“No-paid internship” : nghe vô lý thật sự.

Mình là người nước ngoài làm business ở Việt Nam, và thật sự bất ngờ khi một bạn ứng viên nói không kỳ vọng được trả lương.
Vì sao? Vì nhiều công ty ở đây không trả lương cho intern luôn.

“Experience” ≠ money.
Ai bỏ công sức ra làm, thì xứng đáng được trả công.

Đây không phải optional. Đây là basic respect.

Culture này nên dừng lại.
Muốn Việt Nam trở thành nơi làm việc đáng để gắn bó, thì phải bắt đầu từ mấy chuyện tưởng nhỏ như vầy.",2025-07-02T18:10:39+07:00,,3667789809051248873,threads,threads.com,threads_crawler_v1,https://www.threads.net/@hiii_dgsg/post/DLmm2YHTCjp,https://instagram.fhan4-6.fna.fbcdn.net/v/t51.2885-19/581263048_17875962330437997_1992698206127692297_n.jpg?stp=dst-jpg_s150x150_tt6&efg=eyJ2ZW5jb2RlX3RhZyI6InByb2ZpbGVfcGljLmRqYW5nby4xMDgwLmMyIn0&_nc_ht=instagram.fhan4-6.fna.fbcdn.net&_nc_cat=109&_nc_oc=Q6cZ2QEfCBRSYhdY1SM_pvhiJKyhCedlqaOe28jo1fB3XP_wEVxWUz-zIV-TitPxxcHlrSE&_nc_ohc=aimiXubNl10Q7kNvwFq9v8d&_nc_gid=ef0J-kc6t6wnYY-duLzHIQ&edm=AJhczIQBAAAA&ccb=7-5&oh=00_AfrIkFbkHqCTC2BTS8f8qeCT3Zhi5rKNR7CpnjvHO4W6Dg&oe=696A44D4&_nc_sid=4a2096,145,0,6721,623,0,[],,https://www.threads.net/@hiii_dgsg/post/DLmm2YHTCjp,[],"{'likes': 6721, 'reposts': 613, 'quotes': 10}",threads,3667789809051248873,DG,,"“No-paid internship” : nghe vô lý thật sự.

Mình là người nước ngoài làm business ở Việt Nam, và thật sự bất ngờ khi một bạn ứng viên nói không kỳ vọng được trả lương.
Vì sao? Vì nhiều công ty ở đây không trả lương cho intern luôn.

“Experience” ≠ money.
Ai bỏ công sức ra làm, thì xứng đáng được trả công.

Đây không phải optional. Đây là basic respect.

Culture này nên dừng lại.
Muốn Việt Nam trở thành nơi làm việc đáng để gắn bó, thì phải bắt đầu từ mấy chuyện tưởng nhỏ như vầy.",threads,73055085996,hiii_dgsg
[],2026-01-12T09:24:15.086656+07:00,"Hello 
I'm mèng yào 
From : china 
Age : 19 
Fav colour : 💜
B'day date : 31 mar
I speak ; chinese and a little bit english 
I'm new here i want international friends",2025-12-21T14:47:18+07:00,,3792348888845883040,threads,threads.com,threads_crawler_v1,https://www.threads.net/@menngyaoo/post/DShITjAAZag,https://instagram.fhan3-4.fna.fbcdn.net/v/t51.2885-19/607813135_17876058753460026_1296194482048302798_n.jpg?stp=dst-jpg_s150x150_tt6&efg=eyJ2ZW5jb2RlX3RhZyI6InByb2ZpbGVfcGljLmRqYW5nby4xMDgwLmMyIn0&_nc_ht=instagram.fhan3-4.fna.fbcdn.net&_nc_cat=106&_nc_oc=Q6cZ2QEfCBRSYhdY1SM_pvhiJKyhCedlqaOe28jo1fB3XP_wEVxWUz-zIV-TitPxxcHlrSE&_nc_ohc=OxJg4OaMehIQ7kNvwGELZiG&_nc_gid=ef0J-kc6t6wnYY-duLzHIQ&edm=AJhczIQBAAAA&ccb=7-5&oh=00_AfrVQgwiL-LO4S-2Jx_M6Xi4UuOOYh9dRNuag96a1Uzipw&oe=696A38E2&_nc_sid=4a2096,20,0,60,0,0,['https://instagram.fhan3-4.fna.fbcdn.net/v/t51.2885-15/590392045_17875126884460026_573556456530398859_n.webp?efg=eyJ2ZW5jb2RlX3RhZyI6InRocmVhZHMuQ0FST1VTRUxfSVRFTS5pbWFnZV91cmxnZW4uNzIweDg3Ni5zZHIuZjgyNzg3LmRlZmF1bHRfaW1hZ2UuYzIifQ&_nc_ht=instagram.fhan3-4.fna.fbcdn.net&_nc_cat=106&_nc_oc=Q6cZ2QEfCBRSYhdY1SM_pvhiJKyhCedlqaOe28jo1fB3XP_wEVxWUz-zIV-TitPxxcHlrSE&_nc_ohc=YxET9qGpLWIQ7kNvwE-3G6-&_nc_gid=ef0J-kc6t6wnYY-duLzHIQ&edm=AJhczIQBAAAA&ccb=7-5&ig_cache_key=Mzc5MjM0ODg4MDk3NzM5MjQ0Ng%3D%3D.3-ccb7-5&oh=00_AfrIk0gbvwzUw1QYf40X8YMRnpI73j_Zc8GSOxeC5ddlyw&oe=696A3285&_nc_sid=4a2096'],,https://www.threads.net/@menngyaoo/post/DShITjAAZag,[],"{'likes': 60, 'reposts': 0, 'quotes': 0}",threads,3792348888845883040,🎀 𝐁𝐓𝐒 𝐅𝐎𝐑𝐄𝐕𝐄𝐑  🎀,,"Hello 
I'm mèng yào 
From : china 
Age : 19 
Fav colour : 💜
B'day date : 31 mar
I speak ; chinese and a little bit english 
I'm new here i want international friends",threads,73798148025,menngyaoo
[],2026-01-12T09:24:15.086689+07:00,I’m looking for international friends to communicate in English.Will be happy to meet anyone 😊,2026-01-07T06:02:04+07:00,,3804405716887334615,threads,threads.com,threads_crawler_v1,https://www.threads.net/@liverpoolsky_/post/DTL9tfIiO7X,https://instagram.fhan3-3.fna.fbcdn.net/v/t51.2885-19/611276880_17905434081325475_3317333678185172533_n.jpg?stp=dst-jpg_s150x150_tt6&efg=eyJ2ZW5jb2RlX3RhZyI6InByb2ZpbGVfcGljLmRqYW5nby4xMDgwLmMyIn0&_nc_ht=instagram.fhan3-3.fna.fbcdn.net&_nc_cat=111&_nc_oc=Q6cZ2QEfCBRSYhdY1SM_pvhiJKyhCedlqaOe28jo1fB3XP_wEVxWUz-zIV-TitPxxcHlrSE&_nc_ohc=fRHWryhivXgQ7kNvwFeh8wR&_nc_gid=ef0J-kc6t6wnYY-duLzHIQ&edm=AJhczIQBAAAA&ccb=7-5&oh=00_Afp1Sw3mcUtmVB4mZ7CIaHC34xxK13fyMnj0ggr535THrw&oe=696A18B2&_nc_sid=4a2096,78,0,129,0,0,['https://instagram.fhan3-3.fna.fbcdn.net/v/t51.2885-15/589966753_17905433916325475_5961960128380507461_n.jpg?stp=dst-jpg_e35_tt6&efg=eyJ2ZW5jb2RlX3RhZyI6InRocmVhZHMuRkVFRC5pbWFnZV91cmxnZW4uNzUweDU2Mi5zZHIuZjgyNzg3LmRlZmF1bHRfaW1hZ2UuYzIifQ&_nc_ht=instagram.fhan3-3.fna.fbcdn.net&_nc_cat=111&_nc_oc=Q6cZ2QEfCBRSYhdY1SM_pvhiJKyhCedlqaOe28jo1fB3XP_wEVxWUz-zIV-TitPxxcHlrSE&_nc_ohc=rvNEONdP7-sQ7kNvwFRrntN&_nc_gid=ef0J-kc6t6wnYY-duLzHIQ&edm=AJhczIQBAAAA&ccb=7-5&ig_cache_key=MzgwNDQwNTcxNjg4NzMzNDYxNQ%3D%3D.3-ccb7-5&oh=00_AfoGUymJ4033V9F4ns3-pXDq1LirnuFkD_wxteomgY1KnA&oe=696A26A6&_nc_sid=4a2096'],,https://www.threads.net/@liverpoolsky_/post/DTL9tfIiO7X,[],"{'likes': 129, 'reposts': 0, 'quotes': 0}",threads,3804405716887334615,,,I’m looking for international friends to communicate in English.Will be happy to meet anyone 😊,threads,69680893474,liverpoolsky_
[],2026-01-12T09:24:15.086721+07:00,"Closing soon! We are Hiring for several Assistant Director-General positions in Education, Communication & Information, Culture and Priority Africa & External Relations sectors.

Apply by 2 January 2026 👉 

#JoinUNESCO #UNCareers",2025-12-27T18:00:29+07:00,,3796794687307576756,threads,threads.com,threads_crawler_v1,https://www.threads.net/@unesco/post/DSw7KbeDvW0,https://instagram.fhan4-6.fna.fbcdn.net/v/t51.2885-19/410005578_1294546731235472_6856045593227371025_n.jpg?stp=dst-jpg_s150x150_tt6&efg=eyJ2ZW5jb2RlX3RhZyI6InByb2ZpbGVfcGljLmRqYW5nby4zNTQuYzIifQ&_nc_ht=instagram.fhan4-6.fna.fbcdn.net&_nc_cat=108&_nc_oc=Q6cZ2QEfCBRSYhdY1SM_pvhiJKyhCedlqaOe28jo1fB3XP_wEVxWUz-zIV-TitPxxcHlrSE&_nc_ohc=Y8t6OqKe4cUQ7kNvwHppMHT&_nc_gid=ef0J-kc6t6wnYY-duLzHIQ&edm=AJhczIQBAAAA&ccb=7-5&oh=00_AfpYanUAznRbPVi5nqaliWR6BIjAeKx5DRQI7mHarjKjZg&oe=696A3A6A&_nc_sid=4a2096,7,0,225,20,0,['https://instagram.fhan4-5.fna.fbcdn.net/v/t51.2885-15/606705144_17933993076117842_5900119199146624296_n.jpg?stp=dst-jpg_e35_tt6&efg=eyJ2ZW5jb2RlX3RhZyI6InRocmVhZHMuRkVFRC5pbWFnZV91cmxnZW4uMTA4MHgxMDgwLnNkci5mODI3ODcuZGVmYXVsdF9pbWFnZS5jMiJ9&_nc_ht=instagram.fhan4-5.fna.fbcdn.net&_nc_cat=102&_nc_oc=Q6cZ2QEfCBRSYhdY1SM_pvhiJKyhCedlqaOe28jo1fB3XP_wEVxWUz-zIV-TitPxxcHlrSE&_nc_ohc=C_zAXzcLwVIQ7kNvwHN8lDX&_nc_gid=ef0J-kc6t6wnYY-duLzHIQ&edm=AJhczIQBAAAA&ccb=7-5&ig_cache_key=Mzc5Njc5NDY4NzMwNzU3Njc1Ng%3D%3D.3-ccb7-5&oh=00_Afq7bqx90NPvrLVPXBAQgazHQixB6BTN7-LAOKZ_RL4xUQ&oe=696A304A&_nc_sid=4a2096'],,https://www.threads.net/@unesco/post/DSw7KbeDvW0,[],"{'likes': 225, 'reposts': 19, 'quotes': 1}",threads,3796794687307576756,UNESCO,Hiring,"Closing soon! We are Hiring for several Assistant Director-General positions in Education, Communication & Information, Culture and Priority Africa & External Relations sectors.

Apply by 2 January 2026 👉 https://careers.unesco.org/

#JoinUNESCO #UNCareers",threads,63522413841,unesco
[],2026-01-12T09:24:15.086751+07:00,"Mau kuliah S1/S2 di Italia?

atau tertarik kursus bahasa & budaya Italia?

Salah satu beasiswa terbesar Pemerintah Italia sudah buka.

MAECI Scholarship 2025

Terbuka untuk SEMUA jurusan – terutama:
 – International Relations
 – Social Sciences
 – Development
 – Languages
 – Engineering
 – Agriculture
 – Health

Yuk manfaatkan.

Deadline: 16 Mei 2025

Info ini bermanfaat? Share ♻️ untuk bantu yang lain",2025-05-04T15:02:02+07:00,,3624933114203321645,threads,threads.com,threads_crawler_v1,https://www.threads.net/@hengkirifai/post/DJOWXYuo7Ut,https://instagram.fhan3-3.fna.fbcdn.net/v/t51.2885-19/358361531_288341607054827_3617188500961399222_n.jpg?stp=dst-jpg_s150x150_tt6&efg=eyJ2ZW5jb2RlX3RhZyI6InByb2ZpbGVfcGljLmRqYW5nby4xMDgwLmMyIn0&_nc_ht=instagram.fhan3-3.fna.fbcdn.net&_nc_cat=111&_nc_oc=Q6cZ2QEfCBRSYhdY1SM_pvhiJKyhCedlqaOe28jo1fB3XP_wEVxWUz-zIV-TitPxxcHlrSE&_nc_ohc=85hJE2w9KuQQ7kNvwEj31uA&_nc_gid=ef0J-kc6t6wnYY-duLzHIQ&edm=AJhczIQBAAAA&ccb=7-5&oh=00_AfoSIk6pBRzlti-HtsL9XW71BDX-ehZvDlJTbKoGRGbbvQ&oe=696A22A4&_nc_sid=4a2096,1,0,67,3,0,['https://instagram.fhan4-5.fna.fbcdn.net/v/t51.2885-15/494510730_17906567148115983_1963680348689785504_n.jpg?stp=dst-jpg_e35_tt6&efg=eyJ2ZW5jb2RlX3RhZyI6InRocmVhZHMuQ0FST1VTRUxfSVRFTS5pbWFnZV91cmxnZW4uMTIwNngxNjc4LnNkci5mNzU3NjEuZGVmYXVsdF9pbWFnZS5jMiJ9&_nc_ht=instagram.fhan4-5.fna.fbcdn.net&_nc_cat=103&_nc_oc=Q6cZ2QEfCBRSYhdY1SM_pvhiJKyhCedlqaOe28jo1fB3XP_wEVxWUz-zIV-TitPxxcHlrSE&_nc_ohc=Gv10SzDQL6UQ7kNvwHGNIfx&_nc_gid=ef0J-kc6t6wnYY-duLzHIQ&edm=AJhczIQBAAAA&ccb=7-5&ig_cache_key=MzYyNDkzMzEwMzE4MDU2Nzg5Nw%3D%3D.3-ccb7-5&oh=00_Afo5mVMM7mEd3tXdxy5wxPAoJkQEBcPqktWexzhDK2w3oA&oe=696A3509&_nc_sid=4a2096'],,https://www.threads.net/@hengkirifai/post/DJOWXYuo7Ut,[],"{'likes': 67, 'reposts': 3, 'quotes': 0}",threads,3624933114203321645,Hengki Agus Rifa'i,scholarship,"Mau kuliah S1/S2 di Italia?

atau tertarik kursus bahasa & budaya Italia?

Salah satu beasiswa terbesar Pemerintah Italia sudah buka.

MAECI Scholarship 2025

Terbuka untuk SEMUA jurusan – terutama:
 – International Relations
 – Social Sciences
 – Development
 – Languages
 – Engineering
 – Agriculture
 – Health

Yuk manfaatkan.

Deadline: 16 Mei 2025

Info ini bermanfaat? Share ♻️ untuk bantu yang lain",threads,63436339982,hengkirifai
[],2026-01-12T09:24:15.086792+07:00,"Happy birthday to @drs.jaishankar Ji💐.

Just as he keeps saying that Hanuman ji is the best example of diplomacy, similarly we also consider Jaishankar ji as the best diplomat in ModiJi's rule, whose 
leadership in MEAIndia has elevated India’s foreign policy and strengthened global standing. His efforts in fostering strategic international relations are commendable.
#DrSJaishankar #HappyBirthday",2026-01-09T12:35:49+07:00,,3806053432620583973,threads,threads.com,threads_crawler_v1,https://www.threads.net/@i_nishants4/post/DTR0W5_gYwl,https://instagram.fhan3-3.fna.fbcdn.net/v/t51.2885-19/416116825_889665312637573_9051380722382393976_n.jpg?stp=dst-jpg_s150x150_tt6&efg=eyJ2ZW5jb2RlX3RhZyI6InByb2ZpbGVfcGljLmRqYW5nby4xMDgwLmMyIn0&_nc_ht=instagram.fhan3-3.fna.fbcdn.net&_nc_cat=101&_nc_oc=Q6cZ2QEfCBRSYhdY1SM_pvhiJKyhCedlqaOe28jo1fB3XP_wEVxWUz-zIV-TitPxxcHlrSE&_nc_ohc=Jz8aKeEFgKYQ7kNvwGpeHzU&_nc_gid=ef0J-kc6t6wnYY-duLzHIQ&edm=AJhczIQBAAAA&ccb=7-5&oh=00_AfruJnT_Cfg6KfRn5f_FM02R4WawgAvt1Bnysv_2tFnnMQ&oe=696A3577&_nc_sid=4a2096,1,0,5,0,0,"['https://instagram.fhan3-3.fna.fbcdn.net/v/t51.2885-15/613018494_894105023128679_2465933216831597673_n.jpg?stp=dst-jpg_e15_tt6&efg=eyJ2ZW5jb2RlX3RhZyI6InRocmVhZHMuRkVFRC5pbWFnZV91cmxnZW4uNjQweDc3Mi5zZHIuZjcxODc4LmRlZmF1bHRfY292ZXJfZnJhbWUuYzIifQ&_nc_ht=instagram.fhan3-3.fna.fbcdn.net&_nc_cat=111&_nc_oc=Q6cZ2QEfCBRSYhdY1SM_pvhiJKyhCedlqaOe28jo1fB3XP_wEVxWUz-zIV-TitPxxcHlrSE&_nc_ohc=tDvldPDGasMQ7kNvwHC8NoD&_nc_gid=ef0J-kc6t6wnYY-duLzHIQ&edm=AJhczIQBAAAA&ccb=7-5&ig_cache_key=MzgwNjA1MzQzMjYyMDU4Mzk3Mw%3D%3D.3-ccb7-5&oh=00_Afog4tlb-n-Y7ax1jAfBNrxQfivW3hxtwLp3SqypTR6big&oe=696A30FC&_nc_sid=4a2096', 'https://instagram.fhan4-3.fna.fbcdn.net/o1/v/t2/f2/m86/AQNYslY619dhukhss0QKNklD0Rd9miDtEE2YR-SGrGGf45l5vKjq7dIo4fmV3ywaq4F0SSaSTe_ZrhQ15hfT5u1sdFskHDsswH_UzP0.mp4?_nc_cat=100&_nc_oc=AdnbZmI8NYXxcEA4riW6ACOgVFkKVmZsE_Fg10t7jPhAd3k0xMeyGOyPBE5jZI5mTj8&_nc_sid=5e9851&_nc_ht=instagram.fhan4-3.fna.fbcdn.net&_nc_ohc=NJgMoPfdbsMQ7kNvwFWyI2u&efg=eyJ2ZW5jb2RlX3RhZyI6Inhwdl9wcm9ncmVzc2l2ZS5JTlNUQUdSQU0uRkVFRC5DMy43MjAuZGFzaF9iYXNlbGluZV8xX3YxIiwieHB2X2Fzc2V0X2lkIjo5MTI4MjY1MDgwNzIzNzEsImFzc2V0X2FnZV9kYXlzIjoyLCJ2aV91c2VjYXNlX2lkIjoxMDA5OSwiZHVyYXRpb25fcyI6NDYsInVybGdlbl9zb3VyY2UiOiJ3d3cifQ%3D%3D&ccb=17-1&_nc_gid=ef0J-kc6t6wnYY-duLzHIQ&_nc_zt=28&vs=fea4900dbd600f44&_nc_vs=HBksFQIYUmlnX3hwdl9yZWVsc19wZXJtYW5lbnRfc3JfcHJvZC9DNjRENkExMTI3MEVDOTYwQ0FFNjBBQTdEMTkzRjdCM192aWRlb19kYXNoaW5pdC5tcDQVAALIARIAFQIYOnBhc3N0aHJvdWdoX2V2ZXJzdG9yZS9HUGFfYVNSNjgydEFERWdFQUFydkVGLUV2Z2RIYnN0VEFRQUYVAgLIARIAKAAYABsCiAd1c2Vfb2lsATEScHJvZ3Jlc3NpdmVfcmVjaXBlATEVAAAm5taKvL-NnwMVAigCQzMsF0BHYgxJul41GBJkYXNoX2Jhc2VsaW5lXzFfdjERAHXqB2XmnQEA&oh=00_Afok36EpR4URt7zq4vEZBoL_n1BZadDdmfqRz-IyaFccrw&oe=69664745']",,https://www.threads.net/@i_nishants4/post/DTR0W5_gYwl,[],"{'likes': 5, 'reposts': 0, 'quotes': 0}",threads,3806053432620583973,nishant,,"Happy birthday to @drs.jaishankar Ji💐.

Just as he keeps saying that Hanuman ji is the best example of diplomacy, similarly we also consider Jaishankar ji as the best diplomat in ModiJi's rule, whose 
leadership in MEAIndia has elevated India’s foreign policy and strengthened global standing. His efforts in fostering strategic international relations are commendable.
#DrSJaishankar #HappyBirthday",threads,63064843357,i_nishants4
[],2026-01-12T09:24:15.086846+07:00,posted this during my international relations class lmao ⭐️🪼🎠🎀 comment for product links !!🌀,2026-01-06T21:36:50+07:00,,3804151409827573621,threads,threads.com,threads_crawler_v1,https://www.threads.net/@s.maryeiamm/post/DTLD41Oku91,https://instagram.fhan3-4.fna.fbcdn.net/v/t51.2885-19/453221501_852124813163848_5660340119965282104_n.jpg?stp=dst-jpg_s150x150_tt6&efg=eyJ2ZW5jb2RlX3RhZyI6InByb2ZpbGVfcGljLmRqYW5nby41MDQuYzIifQ&_nc_ht=instagram.fhan3-4.fna.fbcdn.net&_nc_cat=104&_nc_oc=Q6cZ2QEfCBRSYhdY1SM_pvhiJKyhCedlqaOe28jo1fB3XP_wEVxWUz-zIV-TitPxxcHlrSE&_nc_ohc=u3swUAxO7HwQ7kNvwG7x-ST&_nc_gid=ef0J-kc6t6wnYY-duLzHIQ&edm=AJhczIQBAAAA&ccb=7-5&oh=00_Afo4j-VSJTe8RAyNphLBTJoCug5vGJeBIBYxLVqPXK6N3Q&oe=696A3B4A&_nc_sid=4a2096,0,0,17,0,0,"['https://instagram.fhan3-2.fna.fbcdn.net/v/t51.2885-15/610542045_1434629345036839_1502346126067397498_n.jpg?stp=dst-jpg_e15_tt6&efg=eyJ2ZW5jb2RlX3RhZyI6InRocmVhZHMuRkVFRC5pbWFnZV91cmxnZW4uNjQweDExMzYuc2RyLmY3MTg3OC5kZWZhdWx0X2NvdmVyX2ZyYW1lLmMyIn0&_nc_ht=instagram.fhan3-2.fna.fbcdn.net&_nc_cat=107&_nc_oc=Q6cZ2QEfCBRSYhdY1SM_pvhiJKyhCedlqaOe28jo1fB3XP_wEVxWUz-zIV-TitPxxcHlrSE&_nc_ohc=Kkwq0qcPaewQ7kNvwHaRoP4&_nc_gid=ef0J-kc6t6wnYY-duLzHIQ&edm=AJhczIQBAAAA&ccb=7-5&ig_cache_key=MzgwNDE1MTQwOTgyNzU3MzYyMQ%3D%3D.3-ccb7-5&oh=00_AfpwrFjOQm0O6VCY8-RYq4FZ_oW6GdxZloC4XBzHWmfmmw&oe=696A19C0&_nc_sid=4a2096', 'https://instagram.fhan4-6.fna.fbcdn.net/o1/v/t2/f2/m86/AQOc-8pSiHl1agS9P1VcSToOLoafIBDobElR6bJnF4s-wMLYmc3BoOhEOloLltUs95OHvCvGWOMqt9K71hOhgAVHy9VGUbYOokF83Uo.mp4?_nc_cat=108&_nc_oc=Adni6cJfP0wgcqMFkPstKbcDIKOMZ-JO8ZvZMIxa4J5KCH4wgJq67PXTjXKe4TPHhQs&_nc_sid=5e9851&_nc_ht=instagram.fhan4-6.fna.fbcdn.net&_nc_ohc=f7zCeksczu8Q7kNvwHX0nUt&efg=eyJ2ZW5jb2RlX3RhZyI6Inhwdl9wcm9ncmVzc2l2ZS5JTlNUQUdSQU0uRkVFRC5DMy43MjAuZGFzaF9iYXNlbGluZV8xX3YxIiwieHB2X2Fzc2V0X2lkIjoyOTc0NzgyMTM5Mzk0NzY1LCJhc3NldF9hZ2VfZGF5cyI6NSwidmlfdXNlY2FzZV9pZCI6MTAwOTksImR1cmF0aW9uX3MiOjM1LCJ1cmxnZW5fc291cmNlIjoid3d3In0%3D&ccb=17-1&_nc_gid=ef0J-kc6t6wnYY-duLzHIQ&_nc_zt=28&vs=8e46741984259495&_nc_vs=HBksFQIYUmlnX3hwdl9yZWVsc19wZXJtYW5lbnRfc3JfcHJvZC8zODQ1OEQ0NUU1ODhBNTU2MUZEMDBFNjY1NTFCNjlCOV92aWRlb19kYXNoaW5pdC5tcDQVAALIARIAFQIYOnBhc3N0aHJvdWdoX2V2ZXJzdG9yZS9HSHpKYmlSLU9sOEhsQm9GQUp6SXp5bms2ams0YnN0VEFRQUYVAgLIARIAKAAYABsCiAd1c2Vfb2lsATEScHJvZ3Jlc3NpdmVfcmVjaXBlATEVAAAmmqufi47jyAoVAigCQzMsF0BB7tkWhysCGBJkYXNoX2Jhc2VsaW5lXzFfdjERAHXqB2XmnQEA&oh=00_AfoIX-C6CEKa104Qv-LWH5lFe4EbxIOapK8mfKcZqeCCbA&oe=69662E09']",,https://www.threads.net/@s.maryeiamm/post/DTLD41Oku91,[],"{'likes': 17, 'reposts': 0, 'quotes': 0}",threads,3804151409827573621,Sania Maryeiam,,posted this during my international relations class lmao ⭐️🪼🎠🎀 comment for product links !!🌀,threads,63140946186,s.maryeiamm
[],2026-01-12T09:24:15.086900+07:00,"Kia Pride -🇰🇷-

The cooperation among Korea, the U.S., and Japan is not merely a term used in international relations. 

This Pride was born from the combination of Mazda’s engineering, Ford’s sales network, and Kia’s production capability. 

Perhaps it was a model that reflected the level of understanding of cooperation at the time. 

#kia #pride #기아 #프라이드 #🇰🇷",2025-10-08T20:46:53+07:00,,3738896468804208941,threads,threads.com,threads_crawler_v1,https://www.threads.net/@parkedcar_in_korea/post/DPjOodjCYkt,https://instagram.fhan3-3.fna.fbcdn.net/v/t51.2885-19/573323465_1219825463302212_7278921664109726296_n.png?stp=dst-jpg_s150x150_tt6&efg=eyJ2ZW5jb2RlX3RhZyI6InByb2ZpbGVfcGljLmRqYW5nby4xNTAuYzIifQ&_nc_ht=instagram.fhan3-3.fna.fbcdn.net&_nc_cat=1&_nc_oc=Q6cZ2QEfCBRSYhdY1SM_pvhiJKyhCedlqaOe28jo1fB3XP_wEVxWUz-zIV-TitPxxcHlrSE&_nc_ohc=EFb4Xd8YksAQ7kNvwG1yzsw&_nc_gid=ef0J-kc6t6wnYY-duLzHIQ&edm=AJhczIQBAAAA&ccb=7-5&ig_cache_key=YW5vbnltb3VzX3Byb2ZpbGVfcGlj.3-ccb7-5&oh=00_AfoD1o4MpXhSR-XHWhCdJ_n87PN_FLAvEasQWmsXCCViHw&oe=696A2CAA&_nc_sid=4a2096,3,0,36,2,0,['https://instagram.fhan3-2.fna.fbcdn.net/v/t51.2885-15/561380360_17989373525853367_6436355166191943128_n.jpg?stp=dst-jpg_e35_tt6&efg=eyJ2ZW5jb2RlX3RhZyI6InRocmVhZHMuQ0FST1VTRUxfSVRFTS5pbWFnZV91cmxnZW4uMTQ0MHgxOTIwLnNkci5mODI3ODcuZGVmYXVsdF9pbWFnZS5jMiJ9&_nc_ht=instagram.fhan3-2.fna.fbcdn.net&_nc_cat=107&_nc_oc=Q6cZ2QEfCBRSYhdY1SM_pvhiJKyhCedlqaOe28jo1fB3XP_wEVxWUz-zIV-TitPxxcHlrSE&_nc_ohc=U_9k_pw4tr8Q7kNvwFI8S9S&_nc_gid=ef0J-kc6t6wnYY-duLzHIQ&edm=AJhczIQBAAAA&ccb=7-5&ig_cache_key=MzczODg5NjQ1ODY0NTYyMDk5MQ%3D%3D.3-ccb7-5&oh=00_AfruKnNP0OojjPc__x6ZhhEdZ4slZrXKfpRHVT84KbZhzA&oe=696A2490&_nc_sid=4a2096'],,https://www.threads.net/@parkedcar_in_korea/post/DPjOodjCYkt,[],"{'likes': 36, 'reposts': 2, 'quotes': 0}",threads,3738896468804208941,Parkedcarinkorea,,"Kia Pride -🇰🇷-

The cooperation among Korea, the U.S., and Japan is not merely a term used in international relations. 

This Pride was born from the combination of Mazda’s engineering, Ford’s sales network, and Kia’s production capability. 

Perhaps it was a model that reflected the level of understanding of cooperation at the time. 

#kia #pride #기아 #프라이드 #🇰🇷",threads,64061884961,parkedcar_in_korea
[],2026-01-12T09:24:15.086944+07:00,"Another thing: A report found that female-led nations, on average, outperformed male-led nations in 26 out of 35 soft-power attributes (governance, trade, international relations).",2025-10-27T02:57:13+07:00,,3752128825585937868,threads,threads.com,threads_crawler_v1,https://www.threads.net/@ninakolarofficial/post/DQSPUmIja3M,https://instagram.fhan3-3.fna.fbcdn.net/v/t51.2885-19/587929553_18416369896142966_1701131607225813996_n.jpg?stp=dst-jpg_s150x150_tt6&efg=eyJ2ZW5jb2RlX3RhZyI6InByb2ZpbGVfcGljLmRqYW5nby4zMjAuYzIifQ&_nc_ht=instagram.fhan3-3.fna.fbcdn.net&_nc_cat=1&_nc_oc=Q6cZ2QEfCBRSYhdY1SM_pvhiJKyhCedlqaOe28jo1fB3XP_wEVxWUz-zIV-TitPxxcHlrSE&_nc_ohc=euE-h6Ose3UQ7kNvwF_-7pr&_nc_gid=ef0J-kc6t6wnYY-duLzHIQ&edm=AJhczIQBAAAA&ccb=7-5&oh=00_AfpkdTC_hOmH5DWdTUixoonekNUCKy1UKwJCEaLk_sRJLw&oe=696A3A7D&_nc_sid=4a2096,101,0,2901,248,0,[],,https://www.threads.net/@ninakolarofficial/post/DQSPUmIja3M,[],"{'likes': 2901, 'reposts': 240, 'quotes': 8}",threads,3752128825585937868,N  I  N  A    K  O  L  A  R,,"Another thing: A report found that female-led nations, on average, outperformed male-led nations in 26 out of 35 soft-power attributes (governance, trade, international relations).",threads,63914636583,ninakolarofficial
[],2026-01-12T09:24:15.086978+07:00,May mà hđo k thật sự đi học international relations ở mẽo không thì t sẽ vừa jobless vừa chúa hề for a lack of a better worls,2026-01-04T00:43:59+07:00,,3802071297622621685,threads,threads.com,threads_crawler_v1,https://www.threads.net/@shittingtears._/post/DTDq7NxgT31,https://instagram.fhan3-3.fna.fbcdn.net/v/t51.2885-19/561523018_17920192947188879_4523844977012384981_n.jpg?stp=dst-jpg_s150x150_tt6&efg=eyJ2ZW5jb2RlX3RhZyI6InByb2ZpbGVfcGljLmRqYW5nby42MzIuYzIifQ&_nc_ht=instagram.fhan3-3.fna.fbcdn.net&_nc_cat=111&_nc_oc=Q6cZ2QEfCBRSYhdY1SM_pvhiJKyhCedlqaOe28jo1fB3XP_wEVxWUz-zIV-TitPxxcHlrSE&_nc_ohc=Ixhhr7PusRoQ7kNvwGruCwR&_nc_gid=ef0J-kc6t6wnYY-duLzHIQ&edm=AJhczIQBAAAA&ccb=7-5&oh=00_Afo3xTT-eqymCG3DUoyA5FmNtJS0VTBjnY4pGTIQLMxPDw&oe=696A3E1E&_nc_sid=4a2096,0,0,1,0,0,[],,https://www.threads.net/@shittingtears._/post/DTDq7NxgT31,[],"{'likes': 1, 'reposts': 0, 'quotes': 0}",threads,3802071297622621685,Tellyourbabythatimyourbaby,,May mà hđo k thật sự đi học international relations ở mẽo không thì t sẽ vừa jobless vừa chúa hề for a lack of a better worls,threads,65605980878,shittingtears._
[],2026-01-12T09:24:15.087010+07:00,"South Africa has called for an urgent meeting of the UN Security Council following what it describes as a unilateral military strike by the United States against Venezuela. In a media statement, the Department of International Relations and Cooperation says the action violates the UN Charter, undermines international law, and threatens global stability. Pretoria has urged the Security Council to urgently convene to address the situation.",2026-01-03T23:23:01+07:00,,3802030512714327286,threads,threads.com,threads_crawler_v1,https://www.threads.net/@hilaaltv/post/DTDhpt3iKT2,https://instagram.fhan4-1.fna.fbcdn.net/v/t51.2885-19/582192296_17932861623105665_2096441298679804_n.jpg?stp=dst-jpg_s150x150_tt6&efg=eyJ2ZW5jb2RlX3RhZyI6InByb2ZpbGVfcGljLmRqYW5nby4xMDgwLmMyIn0&_nc_ht=instagram.fhan4-1.fna.fbcdn.net&_nc_cat=105&_nc_oc=Q6cZ2QEfCBRSYhdY1SM_pvhiJKyhCedlqaOe28jo1fB3XP_wEVxWUz-zIV-TitPxxcHlrSE&_nc_ohc=LGJMSn2WoL0Q7kNvwEvWi9h&_nc_gid=ef0J-kc6t6wnYY-duLzHIQ&edm=AJhczIQBAAAA&ccb=7-5&oh=00_AfpnIxc2cTz6arQ9sn-6znqFgUyYo6csTRqGewuvmMCfyw&oe=696A3D9F&_nc_sid=4a2096,50,0,35,5,0,['https://instagram.fhan4-1.fna.fbcdn.net/v/t51.2885-15/610600795_17938538403105665_6964046132562769981_n.heic?stp=dst-jpg_e35_tt6&efg=eyJ2ZW5jb2RlX3RhZyI6InRocmVhZHMuRkVFRC5pbWFnZV91cmxnZW4uMTQ0MHgxNDQwLnNkci5mODI3ODcuZGVmYXVsdF9pbWFnZS5jMiJ9&_nc_ht=instagram.fhan4-1.fna.fbcdn.net&_nc_cat=105&_nc_oc=Q6cZ2QEfCBRSYhdY1SM_pvhiJKyhCedlqaOe28jo1fB3XP_wEVxWUz-zIV-TitPxxcHlrSE&_nc_ohc=tmlPZT4rR7YQ7kNvwEsBcBa&_nc_gid=ef0J-kc6t6wnYY-duLzHIQ&edm=AJhczIQBAAAA&ccb=7-5&ig_cache_key=MzgwMjAzMDUxMjcxNDMyNzI4Ng%3D%3D.3-ccb7-5&oh=00_Afpz1piTEUphHyVKI0Xfh5IqjGZ6iTCk8spr5mcm9U3aiQ&oe=696A1DE4&_nc_sid=4a2096'],,https://www.threads.net/@hilaaltv/post/DTDhpt3iKT2,[],"{'likes': 35, 'reposts': 5, 'quotes': 0}",threads,3802030512714327286,Hilaal.TV 🌙,,"South Africa has called for an urgent meeting of the UN Security Council following what it describes as a unilateral military strike by the United States against Venezuela. In a media statement, the Department of International Relations and Cooperation says the action violates the UN Charter, undermines international law, and threatens global stability. Pretoria has urged the Security Council to urgently convene to address the situation.",threads,63246441664,hilaaltv
[],2026-01-12T09:24:15.087043+07:00,"“Borgerson fit. Think Robert Maxwell. Think Jeffrey Epstein. Think sudden funds and international relations that don’t make sense. Combine foreign languages, law, diplomacy, and international relations with shipping and data and global trade, and you have the perfect Maxwell-era protégé.”

",2026-01-10T02:35:28+07:00,,3806476062831044411,threads,threads.com,threads_crawler_v1,https://www.threads.net/@redpencilscript/post/DTTUc_DEmc7,https://instagram.fhan4-1.fna.fbcdn.net/v/t51.2885-19/589026918_17930509680113273_8182627247690228490_n.jpg?stp=dst-jpg_s150x150_tt6&efg=eyJ2ZW5jb2RlX3RhZyI6InByb2ZpbGVfcGljLmRqYW5nby4xMDI0LmMyIn0&_nc_ht=instagram.fhan4-1.fna.fbcdn.net&_nc_cat=105&_nc_oc=Q6cZ2QEfCBRSYhdY1SM_pvhiJKyhCedlqaOe28jo1fB3XP_wEVxWUz-zIV-TitPxxcHlrSE&_nc_ohc=a12s8QAPv_EQ7kNvwEV9ah0&_nc_gid=ef0J-kc6t6wnYY-duLzHIQ&edm=AJhczIQBAAAA&ccb=7-5&oh=00_AfrLiEEy4fJWkQFdB9wKpbyywdHRDofXJV-ueZd5SVZARQ&oe=696A336D&_nc_sid=4a2096,0,0,12,4,0,[],,https://www.threads.net/@redpencilscript/post/DTTUc_DEmc7,[],"{'likes': 12, 'reposts': 4, 'quotes': 0}",threads,3806476062831044411,Ellie Leonard,EpsteinFiles,"“Borgerson fit. Think Robert Maxwell. Think Jeffrey Epstein. Think sudden funds and international relations that don’t make sense. Combine foreign languages, law, diplomacy, and international relations with shipping and data and global trade, and you have the perfect Maxwell-era protégé.”

https://www.blueamp.co/p/ghislaine-maxwells-secret-husband",threads,63458889272,redpencilscript
[],2026-01-12T09:24:15.087083+07:00,I’m very proud to share that I have graduated with a First Class Honours open degree specialising in Politics and International Relations from The Open University! 🥳🕺,2025-12-13T02:23:05+07:00,,3786176106592794575,threads,threads.com,threads_crawler_v1,https://www.threads.net/@gav_drysdalerr/post/DSLMxviiPfP,https://instagram.fhan3-3.fna.fbcdn.net/v/t51.2885-19/360062396_236019122705725_6908636752152457654_n.jpg?stp=dst-jpg_s150x150_tt6&efg=eyJ2ZW5jb2RlX3RhZyI6InByb2ZpbGVfcGljLmRqYW5nby43NjguYzIifQ&_nc_ht=instagram.fhan3-3.fna.fbcdn.net&_nc_cat=101&_nc_oc=Q6cZ2QEfCBRSYhdY1SM_pvhiJKyhCedlqaOe28jo1fB3XP_wEVxWUz-zIV-TitPxxcHlrSE&_nc_ohc=4vZ85bck_k0Q7kNvwGyDpq7&_nc_gid=ef0J-kc6t6wnYY-duLzHIQ&edm=AJhczIQBAAAA&ccb=7-5&oh=00_AfrPTsMx-TYq3i_l0eK3gjUEMDjHE2jkL2GMfyVBLhG5cA&oe=696A160B&_nc_sid=4a2096,14,0,99,0,0,['https://instagram.fhan3-3.fna.fbcdn.net/v/t51.2885-15/586681633_18380559430146325_3828100592879093318_n.jpg?stp=dst-jpg_e35_tt6&efg=eyJ2ZW5jb2RlX3RhZyI6InRocmVhZHMuQ0FST1VTRUxfSVRFTS5pbWFnZV91cmxnZW4uMTQ0MHgxOTE2LnNkci5mODI3ODcuZGVmYXVsdF9pbWFnZS5jMiJ9&_nc_ht=instagram.fhan3-3.fna.fbcdn.net&_nc_cat=101&_nc_oc=Q6cZ2QEfCBRSYhdY1SM_pvhiJKyhCedlqaOe28jo1fB3XP_wEVxWUz-zIV-TitPxxcHlrSE&_nc_ohc=mfQTuw9AOhQQ7kNvwGyuWF6&_nc_gid=ef0J-kc6t6wnYY-duLzHIQ&edm=AJhczIQBAAAA&ccb=7-5&ig_cache_key=Mzc4NjE3NjA5MzE2MjYyMDczNw%3D%3D.3-ccb7-5&oh=00_Afrp6hg43CpksJF99VWG6Jc4oVdN2yt_aVZnaScFqZAgQA&oe=696A350B&_nc_sid=4a2096'],,https://www.threads.net/@gav_drysdalerr/post/DSLMxviiPfP,[],"{'likes': 99, 'reposts': 0, 'quotes': 0}",threads,3786176106592794575,Gavin Drysdale,,I’m very proud to share that I have graduated with a First Class Honours open degree specialising in Politics and International Relations from The Open University! 🥳🕺,threads,63149836551,gav_drysdalerr
[],2026-01-12T09:24:15.087114+07:00,"When your daughter, who has studied international relations and global security for the last 4 years wakes up busts into your room with “what the fuck did he just do???” 

We have big problems,",2026-01-04T13:15:57+07:00,,3802449768078026224,threads,threads.com,threads_crawler_v1,https://www.threads.net/@spicylady1/post/DTFA-r2jqXw,https://instagram.fhan3-4.fna.fbcdn.net/v/t51.2885-19/582089743_17916296115256674_6248418737259553043_n.jpg?stp=dst-jpg_s150x150_tt6&efg=eyJ2ZW5jb2RlX3RhZyI6InByb2ZpbGVfcGljLmRqYW5nby4xMDgwLmMyIn0&_nc_ht=instagram.fhan3-4.fna.fbcdn.net&_nc_cat=106&_nc_oc=Q6cZ2QEfCBRSYhdY1SM_pvhiJKyhCedlqaOe28jo1fB3XP_wEVxWUz-zIV-TitPxxcHlrSE&_nc_ohc=w-QIFfQC-VgQ7kNvwFUTMI7&_nc_gid=ef0J-kc6t6wnYY-duLzHIQ&edm=AJhczIQBAAAA&ccb=7-5&oh=00_AfqwR7htYduYFPpngcPOj-AUhdjzMNG8cOAzoHa0nkLMdQ&oe=696A33E2&_nc_sid=4a2096,2,0,11,0,0,[],,https://www.threads.net/@spicylady1/post/DTFA-r2jqXw,[],"{'likes': 11, 'reposts': 0, 'quotes': 0}",threads,3802449768078026224,Laura DeLong Dorcich,,"When your daughter, who has studied international relations and global security for the last 4 years wakes up busts into your room with “what the fuck did he just do???” 

We have big problems,",threads,67822672673,spicylady1
[],2026-01-12T09:24:15.087155+07:00,"🇬🇹 GUATEMALA – Raschel Alexandra Paz Archila

Raschel embodies resilience, discipline, and a deep commitment to education and human rights. Rising from shyness, bullying, and complex family challenges, she now uses her platform as a model and advocate to expand access to learning and empower youth, proudly representing Guatemala on the global stage.

Fact: Overcame extreme shyness and ADHD to graduate early with a degree in Political Science and International Relations.",2025-11-19T08:06:30+07:00,,3768954337856059982,threads,threads.com,threads_crawler_v1,https://www.threads.net/@missuniverse/post/DROBABik_pO,https://instagram.fhan3-3.fna.fbcdn.net/v/t51.2885-19/358507617_651199333272373_1944952165295757732_n.jpg?stp=dst-jpg_s150x150_tt6&efg=eyJ2ZW5jb2RlX3RhZyI6InByb2ZpbGVfcGljLmRqYW5nby4xMDgwLmMyIn0&_nc_ht=instagram.fhan3-3.fna.fbcdn.net&_nc_cat=101&_nc_oc=Q6cZ2QEfCBRSYhdY1SM_pvhiJKyhCedlqaOe28jo1fB3XP_wEVxWUz-zIV-TitPxxcHlrSE&_nc_ohc=ch1UPRljGI8Q7kNvwFIg4jy&_nc_gid=ef0J-kc6t6wnYY-duLzHIQ&edm=AJhczIQBAAAA&ccb=7-5&oh=00_Aforkqymsnjy0wd2gpcZ8M_d3AasPXornyAG3Ds0-yYnnQ&oe=696A3D9B&_nc_sid=4a2096,9,0,178,4,0,['https://instagram.fhan3-3.fna.fbcdn.net/v/t51.2885-15/582179893_18547863103027981_2405604099683105153_n.jpg?stp=dst-jpg_e35_tt6&efg=eyJ2ZW5jb2RlX3RhZyI6InRocmVhZHMuQ0FST1VTRUxfSVRFTS5pbWFnZV91cmxnZW4uMTQ0MHgxODAwLnNkci5mODI3ODcuZGVmYXVsdF9pbWFnZS5jMiJ9&_nc_ht=instagram.fhan3-3.fna.fbcdn.net&_nc_cat=101&_nc_oc=Q6cZ2QEfCBRSYhdY1SM_pvhiJKyhCedlqaOe28jo1fB3XP_wEVxWUz-zIV-TitPxxcHlrSE&_nc_ohc=SYTC8f2KDukQ7kNvwG8AACL&_nc_gid=ef0J-kc6t6wnYY-duLzHIQ&edm=AJhczIQBAAAA&ccb=7-5&ig_cache_key=Mzc2ODk1NDMxNDA0MDc2NTI1NA%3D%3D.3-ccb7-5&oh=00_AfrHgMzCr2Cbyklyp-7dJCdxzjGMSyggGQDfJwD7cZvZBA&oe=696A464A&_nc_sid=4a2096'],,https://www.threads.net/@missuniverse/post/DROBABik_pO,[],"{'likes': 178, 'reposts': 4, 'quotes': 0}",threads,3768954337856059982,Miss Universe,,"🇬🇹 GUATEMALA – Raschel Alexandra Paz Archila

Raschel embodies resilience, discipline, and a deep commitment to education and human rights. Rising from shyness, bullying, and complex family challenges, she now uses her platform as a model and advocate to expand access to learning and empower youth, proudly representing Guatemala on the global stage.

Fact: Overcame extreme shyness and ADHD to graduate early with a degree in Political Science and International Relations.",threads,63231492141,missuniverse
