categories,collectDate,content,createDate,description,docId,docType,domain,fromCrawler,link,logoLink,numComments,numDislikes,numLikes,numShares,numViews,pictures,postId,postLink,provinces,reactions,source,sourceId,sourceName,tags,title,type,userId,userName
[],2026-01-13T10:18:41.829715+07:00,Britain will be forced to pay significant financial penalties if a future government pulls out of Sir Keir Starmer’s planned reset deal with the European Union under a draft Brussels plan dubbed the “Farage clause” ⬇️,2026-01-12T18:02:59+07:00,,3808392413736415289,threads,threads.com,threads_crawler_v1,https://www.threads.net/@thetimes/post/DTaILj6DTA5,https://instagram.fhan4-5.fna.fbcdn.net/v/t51.2885-19/358065691_149398954827158_3957533485683902600_n.jpg?stp=dst-jpg_s150x150_tt6&efg=eyJ2ZW5jb2RlX3RhZyI6InByb2ZpbGVfcGljLmRqYW5nby40MDAuYzIifQ&_nc_ht=instagram.fhan4-5.fna.fbcdn.net&_nc_cat=102&_nc_oc=Q6cZ2QHCSz79GZwsuZFlELUO9sOR4nRZEm9M-31Q_sETkffR7ZSo6KYA5X_kJ7ZOFAFPmKk&_nc_ohc=Yt-wu-rQ1t8Q7kNvwGmpht5&_nc_gid=OHwOMQK9Bj4z_XLrQUE30w&edm=AJhczIQBAAAA&ccb=7-5&oh=00_AfqwqEU7FyHAj7vAJRQ9FDfnQVNWp_Plvy67WMp9Du0v3Q&oe=696B7DA3&_nc_sid=4a2096,28,0,95,4,0,[],,https://www.threads.net/@thetimes/post/DTaILj6DTA5,[],"{'likes': 95, 'reposts': 3, 'quotes': 1}",threads,3808392413736415289,The Times and The Sunday Times,,Britain will be forced to pay significant financial penalties if a future government pulls out of Sir Keir Starmer’s planned reset deal with the European Union under a draft Brussels plan dubbed the “Farage clause” ⬇️,threads,63249995495,thetimes
[],2026-01-13T10:18:41.830113+07:00,"At today’s meeting with French ambassadors, Emmanuel Macron once again stood out for the clarity of his analysis. Strategic autonomy, fewer dependencies on the US and China, real investment in defence, technology and science, and a firm refusal of both new imperialisms and comfortable defeatism. In a harsher world, Europe cannot afford hesitation. Where we commit, we must deliver. This is not just a French vision: it is exactly the work the European Union must do, together",2026-01-08T23:18:52+07:00,,3805652335951912846,threads,threads.com,threads_crawler_v1,https://www.threads.net/@europeandemocrats/post/DTQZKLnDJ-O,https://instagram.fhan4-5.fna.fbcdn.net/v/t51.2885-19/469437442_9635009706514071_6853395980896304167_n.jpg?stp=dst-jpg_s150x150_tt6&efg=eyJ2ZW5jb2RlX3RhZyI6InByb2ZpbGVfcGljLmRqYW5nby4xMDgwLmMyIn0&_nc_ht=instagram.fhan4-5.fna.fbcdn.net&_nc_cat=103&_nc_oc=Q6cZ2QHCSz79GZwsuZFlELUO9sOR4nRZEm9M-31Q_sETkffR7ZSo6KYA5X_kJ7ZOFAFPmKk&_nc_ohc=1K58meL-NxMQ7kNvwHrNufw&_nc_gid=OHwOMQK9Bj4z_XLrQUE30w&edm=AJhczIQBAAAA&ccb=7-5&oh=00_AfqJiorlW2WaMnkqCCoEJPDqNpyYoT-OrEriG0gbCeZDoQ&oe=696B9956&_nc_sid=4a2096,9,0,276,34,0,['https://instagram.fhan3-2.fna.fbcdn.net/v/t51.2885-15/612913352_18437999164106179_5047167216569369745_n.jpg?stp=dst-jpg_e35_tt6&efg=eyJ2ZW5jb2RlX3RhZyI6InRocmVhZHMuQ0FST1VTRUxfSVRFTS5pbWFnZV91cmxnZW4uMTA4MHgxMzUwLnNkci5mODI3ODcuZGVmYXVsdF9pbWFnZS5jMiJ9&_nc_ht=instagram.fhan3-2.fna.fbcdn.net&_nc_cat=107&_nc_oc=Q6cZ2QHCSz79GZwsuZFlELUO9sOR4nRZEm9M-31Q_sETkffR7ZSo6KYA5X_kJ7ZOFAFPmKk&_nc_ohc=71cWWd9bjF8Q7kNvwFdeaVA&_nc_gid=OHwOMQK9Bj4z_XLrQUE30w&edm=AJhczIQBAAAA&ccb=7-5&ig_cache_key=MzgwNTY1MjMxMzc2NDAyNDM0Ng%3D%3D.3-ccb7-5&oh=00_AfoyqTpR3Kl0waNdU-nnKt8jpauooQShKxzHE_FcAGZv8Q&oe=696B79C7&_nc_sid=4a2096'],,https://www.threads.net/@europeandemocrats/post/DTQZKLnDJ-O,[],"{'likes': 276, 'reposts': 31, 'quotes': 3}",threads,3805652335951912846,European Democratic Party,,"At today’s meeting with French ambassadors, Emmanuel Macron once again stood out for the clarity of his analysis. Strategic autonomy, fewer dependencies on the US and China, real investment in defence, technology and science, and a firm refusal of both new imperialisms and comfortable defeatism. In a harsher world, Europe cannot afford hesitation. Where we commit, we must deliver. This is not just a French vision: it is exactly the work the European Union must do, together",threads,63678294014,europeandemocrats
[],2026-01-13T10:18:41.830300+07:00,HR/VP Kaja Kallas expressed the European Union's support for the work and independence of the International Criminal Court against any pressure.,2025-06-07T01:30:14+07:00,,3649166825022959468,threads,threads.com,threads_crawler_v1,https://www.threads.net/@eudiplomacy/post/DKkceSroi9s,https://instagram.fhan4-6.fna.fbcdn.net/v/t51.2885-19/474871605_580480874964921_2793561822176476053_n.jpg?stp=dst-jpg_s150x150_tt6&efg=eyJ2ZW5jb2RlX3RhZyI6InByb2ZpbGVfcGljLmRqYW5nby4xMDgwLmMyIn0&_nc_ht=instagram.fhan4-6.fna.fbcdn.net&_nc_cat=109&_nc_oc=Q6cZ2QHCSz79GZwsuZFlELUO9sOR4nRZEm9M-31Q_sETkffR7ZSo6KYA5X_kJ7ZOFAFPmKk&_nc_ohc=syvFG-OT6RIQ7kNvwHvX62j&_nc_gid=OHwOMQK9Bj4z_XLrQUE30w&edm=AJhczIQBAAAA&ccb=7-5&oh=00_AfqtXjqD2nbnM6wKNXCGnEdHACoZ9ldD6y9GT6llEHHEcQ&oe=696B7E0B&_nc_sid=4a2096,5,0,136,10,0,['https://instagram.fhan3-3.fna.fbcdn.net/v/t51.2885-15/504437994_18505054426054597_3156171728897043805_n.jpg?stp=dst-jpg_e35_tt6&efg=eyJ2ZW5jb2RlX3RhZyI6InRocmVhZHMuRkVFRC5pbWFnZV91cmxnZW4uMTA4MHgxMDgwLnNkci5mNzU3NjEuZGVmYXVsdF9pbWFnZS5jMiJ9&_nc_ht=instagram.fhan3-3.fna.fbcdn.net&_nc_cat=101&_nc_oc=Q6cZ2QHCSz79GZwsuZFlELUO9sOR4nRZEm9M-31Q_sETkffR7ZSo6KYA5X_kJ7ZOFAFPmKk&_nc_ohc=VAhpTFrqyboQ7kNvwEnmqRn&_nc_gid=OHwOMQK9Bj4z_XLrQUE30w&edm=AJhczIQBAAAA&ccb=7-5&ig_cache_key=MzY0OTE2NjgyNTAyMjk1OTQ2OA%3D%3D.3-ccb7-5&oh=00_AfpoT7Tiu0znap-5BDvLd_f3vGCUBSKYCLC-zazmdwEbVg&oe=696B7522&_nc_sid=4a2096'],,https://www.threads.net/@eudiplomacy/post/DKkceSroi9s,[],"{'likes': 136, 'reposts': 9, 'quotes': 1}",threads,3649166825022959468,European External Action Service (EEAS),,HR/VP Kaja Kallas expressed the European Union's support for the work and independence of the International Criminal Court against any pressure.,threads,63853167407,eudiplomacy
[],2026-01-13T10:18:41.830448+07:00,"When Europe stands as one, no dream is too big, no challenge too great. United in the European Union, our potential knows no limits.",2025-12-11T23:39:47+07:00,,3785369136596278283,threads,threads.com,threads_crawler_v1,https://www.threads.net/@solespire.marcus/post/DSIVSyKjFwL,https://instagram.fhan4-6.fna.fbcdn.net/v/t51.2885-19/587787945_17930727939118724_7592108571766461156_n.jpg?stp=dst-jpg_s150x150_tt6&efg=eyJ2ZW5jb2RlX3RhZyI6InByb2ZpbGVfcGljLmRqYW5nby4xMDgwLmMyIn0&_nc_ht=instagram.fhan4-6.fna.fbcdn.net&_nc_cat=108&_nc_oc=Q6cZ2QHCSz79GZwsuZFlELUO9sOR4nRZEm9M-31Q_sETkffR7ZSo6KYA5X_kJ7ZOFAFPmKk&_nc_ohc=aY3F6sNqtJoQ7kNvwHZ-SBV&_nc_gid=OHwOMQK9Bj4z_XLrQUE30w&edm=AJhczIQBAAAA&ccb=7-5&oh=00_AfpdJXsTGmhekXj5_q0WxKQ8SjVY3x8WSKIVzKLFK2Ahdw&oe=696B7BA2&_nc_sid=4a2096,5,0,210,11,0,['https://instagram.fhan4-6.fna.fbcdn.net/v/t51.2885-15/599258972_17932117143118724_6976670351752827535_n.jpg?stp=dst-jpg_e35_tt6&efg=eyJ2ZW5jb2RlX3RhZyI6InRocmVhZHMuRkVFRC5pbWFnZV91cmxnZW4uMjY0MHgxNDQwLnNkci5mODI3ODcuZGVmYXVsdF9pbWFnZS5jMiJ9&_nc_ht=instagram.fhan4-6.fna.fbcdn.net&_nc_cat=108&_nc_oc=Q6cZ2QHCSz79GZwsuZFlELUO9sOR4nRZEm9M-31Q_sETkffR7ZSo6KYA5X_kJ7ZOFAFPmKk&_nc_ohc=5ZOeeDfMo5MQ7kNvwERsfAr&_nc_gid=OHwOMQK9Bj4z_XLrQUE30w&edm=AJhczIQBAAAA&ccb=7-5&ig_cache_key=Mzc4NTM2OTEzNjU5NjI3ODI4Mw%3D%3D.3-ccb7-5&oh=00_Afpt-vjq1Tqn5ZHKGtId5omyKSyCXW2TbPk_ftUAMfZJtg&oe=696B9370&_nc_sid=4a2096'],,https://www.threads.net/@solespire.marcus/post/DSIVSyKjFwL,[],"{'likes': 210, 'reposts': 11, 'quotes': 0}",threads,3785369136596278283,Marcus Anthony Cyganiak,,"When Europe stands as one, no dream is too big, no challenge too great. United in the European Union, our potential knows no limits.",threads,63380534723,solespire.marcus
[],2026-01-13T10:18:41.830580+07:00,"The European Parliament has banned all representatives of the Islamic Republic of Iran from its premises.

""This House will not aid in legitimising this regime that has sustained itself through torture, repression and murder.""",2026-01-13T01:43:45+07:00,,3808624355064182560,threads,threads.com,threads_crawler_v1,https://www.threads.net/@europeanparliament/post/DTa86wGgHcg,https://instagram.fhan4-1.fna.fbcdn.net/v/t51.2885-19/410783501_1010526473368973_5913498680179141684_n.jpg?stp=dst-jpg_s150x150_tt6&efg=eyJ2ZW5jb2RlX3RhZyI6InByb2ZpbGVfcGljLmRqYW5nby40MDAuYzIifQ&_nc_ht=instagram.fhan4-1.fna.fbcdn.net&_nc_cat=105&_nc_oc=Q6cZ2QHCSz79GZwsuZFlELUO9sOR4nRZEm9M-31Q_sETkffR7ZSo6KYA5X_kJ7ZOFAFPmKk&_nc_ohc=9HRmNbd1R60Q7kNvwHVaZ4B&_nc_gid=OHwOMQK9Bj4z_XLrQUE30w&edm=AJhczIQBAAAA&ccb=7-5&oh=00_AfpOEPYz7EdqFeTXeVhPbHHvaXFaZqE3CuC442EM-rVkIQ&oe=696B9957&_nc_sid=4a2096,90,0,861,72,0,[],,https://www.threads.net/@europeanparliament/post/DTa86wGgHcg,[],"{'likes': 861, 'reposts': 65, 'quotes': 7}",threads,3808624355064182560,European Parliament,,"The European Parliament has banned all representatives of the Islamic Republic of Iran from its premises.

""This House will not aid in legitimising this regime that has sustained itself through torture, repression and murder.""",threads,63217537084,europeanparliament
[],2026-01-13T10:18:41.830763+07:00,"EUROPEAN UNION watched Israel slaughter 20,000 Palestinian children in Gaza in silence; no sanctions, no outrage. 

A few Mossad-backed rioters got k*lled in Iran and suddenly sanctions appear. 

Hypocrisy, cowardice, and moral bankruptcy.",2026-01-13T01:48:36+07:00,,3808626799832486940,threads,threads.com,threads_crawler_v1,https://www.threads.net/@resilient_mboya/post/DTa9eU-DFQc,https://instagram.fhan3-3.fna.fbcdn.net/v/t51.2885-19/608407328_17932459443120301_4497122204518559819_n.jpg?stp=dst-jpg_s150x150_tt6&efg=eyJ2ZW5jb2RlX3RhZyI6InByb2ZpbGVfcGljLmRqYW5nby4xMDgwLmMyIn0&_nc_ht=instagram.fhan3-3.fna.fbcdn.net&_nc_cat=101&_nc_oc=Q6cZ2QHCSz79GZwsuZFlELUO9sOR4nRZEm9M-31Q_sETkffR7ZSo6KYA5X_kJ7ZOFAFPmKk&_nc_ohc=Sj97OlY4SIIQ7kNvwHKYBpB&_nc_gid=OHwOMQK9Bj4z_XLrQUE30w&edm=AJhczIQBAAAA&ccb=7-5&oh=00_AfqQGYWsJBCHCODzmFMhZ8AOOU2N2SGMqt6E-dGeFTfRIw&oe=696BA502&_nc_sid=4a2096,84,0,448,111,0,['https://instagram.fhan3-3.fna.fbcdn.net/v/t51.2885-15/613642317_17934250704120301_4958442434132989094_n.webp?efg=eyJ2ZW5jb2RlX3RhZyI6InRocmVhZHMuRkVFRC5pbWFnZV91cmxnZW4uMTIwOXgxNDA4LnNkci5mODI3ODcuZGVmYXVsdF9pbWFnZS5jMiJ9&_nc_ht=instagram.fhan3-3.fna.fbcdn.net&_nc_cat=101&_nc_oc=Q6cZ2QHCSz79GZwsuZFlELUO9sOR4nRZEm9M-31Q_sETkffR7ZSo6KYA5X_kJ7ZOFAFPmKk&_nc_ohc=Og8vk8ei808Q7kNvwGPKJlD&_nc_gid=OHwOMQK9Bj4z_XLrQUE30w&edm=AJhczIQBAAAA&ccb=7-5&ig_cache_key=MzgwODYyNjc5OTgzMjQ4Njk0MA%3D%3D.3-ccb7-5&oh=00_AfqOYqBH65XgqsKJxs2A4ItXskLDGw_mHyqJRpbmActNFA&oe=696B8156&_nc_sid=4a2096'],,https://www.threads.net/@resilient_mboya/post/DTa9eU-DFQc,[],"{'likes': 448, 'reposts': 105, 'quotes': 6}",threads,3808626799832486940,Resilient Mboya,,"EUROPEAN UNION watched Israel slaughter 20,000 Palestinian children in Gaza in silence; no sanctions, no outrage. 

A few Mossad-backed rioters got k*lled in Iran and suddenly sanctions appear. 

Hypocrisy, cowardice, and moral bankruptcy.",threads,63649704300,resilient_mboya
[],2026-01-13T10:18:41.830958+07:00,"Trump: “NATO is zero without America.”
Meloni: “Cool… so should we shut down your bases, cut trade, or storm McDonald’s?” 🤔🔥

One of the coldest comebacks from a European leader.

#Trump #Meloni #NATO #WorldAffairs #Geopolitics",2026-01-11T19:21:41+07:00,,3807707256847105482,threads,threads.com,threads_crawler_v1,https://www.threads.net/@worldaffairsupdates/post/DTXsZN1DH3K,https://instagram.fhan4-1.fna.fbcdn.net/v/t51.2885-19/572369000_17856922095552197_3562523280208463117_n.jpg?stp=dst-jpg_s150x150_tt6&efg=eyJ2ZW5jb2RlX3RhZyI6InByb2ZpbGVfcGljLmRqYW5nby4xMDgwLmMyIn0&_nc_ht=instagram.fhan4-1.fna.fbcdn.net&_nc_cat=105&_nc_oc=Q6cZ2QHCSz79GZwsuZFlELUO9sOR4nRZEm9M-31Q_sETkffR7ZSo6KYA5X_kJ7ZOFAFPmKk&_nc_ohc=SLn8g3u6RYoQ7kNvwF1FiQq&_nc_gid=OHwOMQK9Bj4z_XLrQUE30w&edm=AJhczIQBAAAA&ccb=7-5&oh=00_Afr5lTIcojRaWi_SDdf49xcaQ05AwaxaMJr718IohVfJTA&oe=696B7AD5&_nc_sid=4a2096,994,0,26927,1756,0,['https://instagram.fhan4-1.fna.fbcdn.net/v/t51.2885-15/615186518_17865648102552197_4398302968080742725_n.heic?stp=dst-jpg_e35_tt6&efg=eyJ2ZW5jb2RlX3RhZyI6InRocmVhZHMuRkVFRC5pbWFnZV91cmxnZW4uMTQ0MHgxOTIwLnNkci5mODI3ODcuZGVmYXVsdF9pbWFnZS5jMiJ9&_nc_ht=instagram.fhan4-1.fna.fbcdn.net&_nc_cat=105&_nc_oc=Q6cZ2QHCSz79GZwsuZFlELUO9sOR4nRZEm9M-31Q_sETkffR7ZSo6KYA5X_kJ7ZOFAFPmKk&_nc_ohc=Y9QymAe0P0UQ7kNvwFrnGJR&_nc_gid=OHwOMQK9Bj4z_XLrQUE30w&edm=AJhczIQBAAAA&ccb=7-5&ig_cache_key=MzgwNzcwNzI1Njg0NzEwNTQ4Mg%3D%3D.3-ccb7-5&oh=00_AfrP9WDrIagCmG9WtJW8_mzYIjF9kjp7362ITvR1ZaWnig&oe=696BA459&_nc_sid=4a2096'],,https://www.threads.net/@worldaffairsupdates/post/DTXsZN1DH3K,[],"{'likes': 26927, 'reposts': 1694, 'quotes': 62}",threads,3807707256847105482,World Affairs Updates,,"Trump: “NATO is zero without America.”
Meloni: “Cool… so should we shut down your bases, cut trade, or storm McDonald’s?” 🤔🔥

One of the coldest comebacks from a European leader.

#Trump #Meloni #NATO #WorldAffairs #Geopolitics",threads,76653320196,worldaffairsupdates
[],2026-01-13T10:18:41.831203+07:00,"The EU has approved moving forward with the Mercosur trade agreement.

The deal links the EU with Argentina, Brazil, Paraguay, and Uruguay, creating a trade bloc of 700+ million people. It would reduce tariffs, expand market access for European companies, and deepen economic ties between Europe and Latin America.

📊 Vote Breakdown (EU Member States):
🟩 In favor: A Qualified majority of EU countries.
🟥 Opposed: France, Poland, Austria, Hungary, Ireland
🟨 Abstained: Belgium",2026-01-09T20:26:35+07:00,,3806290397685966022,threads,threads.com,threads_crawler_v1,https://www.threads.net/@eu_made_simple/post/DTSqPM6DWTG,https://instagram.fhan4-6.fna.fbcdn.net/v/t51.2885-19/472439862_1065398798668101_1780731845034796862_n.jpg?stp=dst-jpg_s150x150_tt6&efg=eyJ2ZW5jb2RlX3RhZyI6InByb2ZpbGVfcGljLmRqYW5nby4xMDgwLmMyIn0&_nc_ht=instagram.fhan4-6.fna.fbcdn.net&_nc_cat=109&_nc_oc=Q6cZ2QHCSz79GZwsuZFlELUO9sOR4nRZEm9M-31Q_sETkffR7ZSo6KYA5X_kJ7ZOFAFPmKk&_nc_ohc=Kdy-NeBnxFgQ7kNvwFxUrzf&_nc_gid=OHwOMQK9Bj4z_XLrQUE30w&edm=AJhczIQBAAAA&ccb=7-5&oh=00_AfoGeiKT1GNVa4PwXaYT2tgruu7uE-dzaMCGBKcD4VpDOA&oe=696B8EA0&_nc_sid=4a2096,35,0,323,25,0,['https://instagram.fhan4-1.fna.fbcdn.net/v/t51.2885-15/612549562_17927147490194573_5876084093503863875_n.webp?efg=eyJ2ZW5jb2RlX3RhZyI6InRocmVhZHMuRkVFRC5pbWFnZV91cmxnZW4uMTI3OXgxNjAwLnNkci5mODI3ODcuZGVmYXVsdF9pbWFnZS5jMiJ9&_nc_ht=instagram.fhan4-1.fna.fbcdn.net&_nc_cat=105&_nc_oc=Q6cZ2QHCSz79GZwsuZFlELUO9sOR4nRZEm9M-31Q_sETkffR7ZSo6KYA5X_kJ7ZOFAFPmKk&_nc_ohc=HrRYaWVIPaQQ7kNvwHScrTx&_nc_gid=OHwOMQK9Bj4z_XLrQUE30w&edm=AJhczIQBAAAA&ccb=7-5&ig_cache_key=MzgwNjI5MDM5NzY4NTk2NjAyMg%3D%3D.3-ccb7-5&oh=00_Afrj3h41rt9TgkJ4-ylA0MMQyTraxJQyt9ME2DzQ2EVlNA&oe=696BA4AE&_nc_sid=4a2096'],,https://www.threads.net/@eu_made_simple/post/DTSqPM6DWTG,[],"{'likes': 323, 'reposts': 20, 'quotes': 5}",threads,3806290397685966022,EUMS,,"The EU has approved moving forward with the Mercosur trade agreement.

The deal links the EU with Argentina, Brazil, Paraguay, and Uruguay, creating a trade bloc of 700+ million people. It would reduce tariffs, expand market access for European companies, and deepen economic ties between Europe and Latin America.

📊 Vote Breakdown (EU Member States):
🟩 In favor: A Qualified majority of EU countries.
🟥 Opposed: France, Poland, Austria, Hungary, Ireland
🟨 Abstained: Belgium",threads,65981090572,eu_made_simple
[],2026-01-13T10:18:41.831417+07:00,"WE DID IT!!! 🇪🇺🇪🇺🇪🇺

Estonia 🇪🇪, Latvia 🇱🇻, & Lithuania 🇱🇹 have officially switched from the Russian to the European power grid!

This a huge step for our energy independence & a stronger, more integrated Europe. 🇪🇺💪

Long live Europe! 🇪🇺🇪🇺🇪🇺 Stronger together!!",2025-02-11T04:31:47+07:00,,3565184205744241128,threads,threads.com,threads_crawler_v1,https://www.threads.net/@other_europe/post/DF6FCVeN_no,https://instagram.fhan3-4.fna.fbcdn.net/v/t51.2885-19/412752329_3651567445088178_4353786962713495545_n.jpg?stp=dst-jpg_s150x150_tt6&efg=eyJ2ZW5jb2RlX3RhZyI6InByb2ZpbGVfcGljLmRqYW5nby4xMDgwLmMyIn0&_nc_ht=instagram.fhan3-4.fna.fbcdn.net&_nc_cat=106&_nc_oc=Q6cZ2QHCSz79GZwsuZFlELUO9sOR4nRZEm9M-31Q_sETkffR7ZSo6KYA5X_kJ7ZOFAFPmKk&_nc_ohc=s30jzaPoZmkQ7kNvwFkrYLD&_nc_gid=OHwOMQK9Bj4z_XLrQUE30w&edm=AJhczIQBAAAA&ccb=7-5&oh=00_AfpXWMzOxUkxSH02U1DS_AjFhjP_MpaLUzGN3sbNlR8vjQ&oe=696B8A04&_nc_sid=4a2096,458,0,17935,523,0,"['https://instagram.fhan4-5.fna.fbcdn.net/v/t51.2885-15/479277391_17901851505107366_4842018597292646743_n.jpg?stp=dst-jpg_e15_tt6&efg=eyJ2ZW5jb2RlX3RhZyI6InRocmVhZHMuRkVFRC5pbWFnZV91cmxnZW4uNjQweDM2MC5zZHIuZjc1NzYxLmRlZmF1bHRfY292ZXJfZnJhbWUuYzIifQ&_nc_ht=instagram.fhan4-5.fna.fbcdn.net&_nc_cat=102&_nc_oc=Q6cZ2QHCSz79GZwsuZFlELUO9sOR4nRZEm9M-31Q_sETkffR7ZSo6KYA5X_kJ7ZOFAFPmKk&_nc_ohc=GO5bGF_E5jkQ7kNvwG0MFd-&_nc_gid=OHwOMQK9Bj4z_XLrQUE30w&edm=AJhczIQBAAAA&ccb=7-5&ig_cache_key=MzU2NTE4NDIwNTc0NDI0MTEyOA%3D%3D.3-ccb7-5&oh=00_AfqgDpp6mRwvhZRx3eGW9LbEqdbL7nxggSv8XTVk97S3YA&oe=696B82A8&_nc_sid=4a2096', 'https://instagram.fhan3-4.fna.fbcdn.net/o1/v/t16/f2/m84/AQOzj5wp3R0dBHHz0BSNCnN360mf6f5VHdyUEdTSbhfnLdKVPTwNwUhOVAr2CId7NgWk53ivIMN5qQ7EIFDZf293wQYjZr6x8DfsD6Y.mp4?_nc_cat=106&_nc_oc=AdnQ39EpSfEuQIrwJi8Qc9i-mpiOtUUltA8rRni4JQgSZHikMWIDaQCQzXjtqJCIEkM&_nc_sid=5e9851&_nc_ht=instagram.fhan3-4.fna.fbcdn.net&_nc_ohc=-q0AMGMX6dgQ7kNvwEeLGv9&efg=eyJ2ZW5jb2RlX3RhZyI6Inhwdl9wcm9ncmVzc2l2ZS5JTlNUQUdSQU0uRkVFRC5DMy42NDAuZGFzaF9iYXNlbGluZV8zX3YxIiwieHB2X2Fzc2V0X2lkIjoxMTUwODMxNjY2NTc4ODI3LCJhc3NldF9hZ2VfZGF5cyI6MzM2LCJ2aV91c2VjYXNlX2lkIjoxMDE2NCwiZHVyYXRpb25fcyI6MTgsInVybGdlbl9zb3VyY2UiOiJ3d3cifQ%3D%3D&ccb=17-1&_nc_gid=OHwOMQK9Bj4z_XLrQUE30w&_nc_zt=28&vs=20956209be9111e5&_nc_vs=HBksFQIYTGlnX2JhY2tmaWxsX3RpbWVsaW5lX3ZvZC82MjQ4M0Q5NzAwNEZENjRGNkMzQzUyMzVEQzAwM0RCNF92aWRlb19kYXNoaW5pdC5tcDQVAALIARIAFQIYOnBhc3N0aHJvdWdoX2V2ZXJzdG9yZS9HUFJRYUJ6aHFHYUNBR01KQU16Tk9zdUVKZVUxYmtZTEFBQUYVAgLIARIAKAAYABsCiAd1c2Vfb2lsATEScHJvZ3Jlc3NpdmVfcmVjaXBlATEVAAAmlpb2ipyriwQVAigCQzMsF0Ayi4UeuFHsGBJkYXNoX2Jhc2VsaW5lXzNfdjERAHXqB2XongEA&oh=00_AfqUQAlox0-c5BdQuI8U1RXfcnkd4-Ye2vwRC0SkzZ-0Bw&oe=69679B3E']",,https://www.threads.net/@other_europe/post/DF6FCVeN_no,[],"{'likes': 17935, 'reposts': 491, 'quotes': 32}",threads,3565184205744241128,Other Europe 🇪🇺,,"WE DID IT!!! 🇪🇺🇪🇺🇪🇺

Estonia 🇪🇪, Latvia 🇱🇻, & Lithuania 🇱🇹 have officially switched from the Russian to the European power grid!

This a huge step for our energy independence & a stronger, more integrated Europe. 🇪🇺💪

Long live Europe! 🇪🇺🇪🇺🇪🇺 Stronger together!!",threads,63298699365,other_europe
[],2026-01-13T10:18:41.831573+07:00,"bitches be like
“i want international friends”
until

_you’re Asian but not Korean or Japanese.
_you’re European but not French or Italian.
_you’re Arab but not living in Dubai.

In these cases, the conversation dies right after “where are you from?”

I'll never understand this geographic favoritism. You’re asking for friendship,
not a free visa .talking to me regardless where I'm from won’t get you one.
At this point, just specify which countries you want friends from, it’d be much simpler .",2025-08-14T06:19:50+07:00,,3698597405594286228,threads,threads.com,threads_crawler_v1,https://www.threads.net/@lil_moon.cake_/post/DNUDr6PoPiU,https://instagram.fhan4-5.fna.fbcdn.net/v/t51.2885-19/608196739_17933714892118442_7258575568814629023_n.jpg?stp=dst-jpg_s150x150_tt6&efg=eyJ2ZW5jb2RlX3RhZyI6InByb2ZpbGVfcGljLmRqYW5nby4xMDgwLmMyIn0&_nc_ht=instagram.fhan4-5.fna.fbcdn.net&_nc_cat=102&_nc_oc=Q6cZ2QHCSz79GZwsuZFlELUO9sOR4nRZEm9M-31Q_sETkffR7ZSo6KYA5X_kJ7ZOFAFPmKk&_nc_ohc=DEBdqKAfUfsQ7kNvwHuKtM9&_nc_gid=OHwOMQK9Bj4z_XLrQUE30w&edm=AJhczIQBAAAA&ccb=7-5&oh=00_AfqpykDtHZDD2NbPMt3s_lJhkHDJwTpkoWg6eQeegXWYzA&oe=696B7E8F&_nc_sid=4a2096,534,0,2753,246,0,[],,https://www.threads.net/@lil_moon.cake_/post/DNUDr6PoPiU,[],"{'likes': 2753, 'reposts': 237, 'quotes': 9}",threads,3698597405594286228,🥀Caly🧸pso🪷,,"bitches be like
“i want international friends”
until

_you’re Asian but not Korean or Japanese.
_you’re European but not French or Italian.
_you’re Arab but not living in Dubai.

In these cases, the conversation dies right after “where are you from?”

I'll never understand this geographic favoritism. You’re asking for friendship,
not a free visa .talking to me regardless where I'm from won’t get you one.
At this point, just specify which countries you want friends from, it’d be much simpler .",threads,63408526441,lil_moon.cake_
[],2026-01-13T10:18:41.831707+07:00,"Donald Trump is so obviously going to annex Greenland.

And European leaders will respond with unparalleled levels of ""monitoring the situation"".",2026-01-04T20:38:40+07:00,,3802672598572892983,threads,threads.com,threads_crawler_v1,https://www.threads.net/@owenjonesjourno/post/DTFzpS7DIM3,https://instagram.fhan3-3.fna.fbcdn.net/v/t51.2885-19/416701799_1093054192038180_1897789015691407669_n.jpg?stp=dst-jpg_s150x150_tt6&efg=eyJ2ZW5jb2RlX3RhZyI6InByb2ZpbGVfcGljLmRqYW5nby4zOTAuYzIifQ&_nc_ht=instagram.fhan3-3.fna.fbcdn.net&_nc_cat=1&_nc_oc=Q6cZ2QHCSz79GZwsuZFlELUO9sOR4nRZEm9M-31Q_sETkffR7ZSo6KYA5X_kJ7ZOFAFPmKk&_nc_ohc=L5-BAwZW7aQQ7kNvwGpZYju&_nc_gid=OHwOMQK9Bj4z_XLrQUE30w&edm=AJhczIQBAAAA&ccb=7-5&oh=00_Afq_lQbBSBrsXxryboeTQviTDt1L4tOL4AOioMOaZqL_SQ&oe=696B85AA&_nc_sid=4a2096,803,0,19896,950,0,[],,https://www.threads.net/@owenjonesjourno/post/DTFzpS7DIM3,[],"{'likes': 19896, 'reposts': 925, 'quotes': 25}",threads,3802672598572892983,Owen Jones 🌹🏳️‍🌈🍉,,"Donald Trump is so obviously going to annex Greenland.

And European leaders will respond with unparalleled levels of ""monitoring the situation"".",threads,63440472542,owenjonesjourno
[],2026-01-13T10:18:41.831837+07:00,"It cannot be business as usual.

As the brave people of Iran continue to stand up for their rights and their liberty, today I have taken the decision to ban all diplomatic staff and any other representatives of the Islamic Republic of Iran from all European Parliament premises.

This House will not aid in legitimising this regime that has sustained itself through torture, repression and murder.",2026-01-12T21:59:02+07:00,,3808511251220017455,threads,threads.com,threads_crawler_v1,https://www.threads.net/@roberta.metsola/post/DTajM38DDEv,https://instagram.fhan3-4.fna.fbcdn.net/v/t51.2885-19/410697648_1065650877956860_6173174194916428809_n.jpg?stp=dst-jpg_s150x150_tt6&efg=eyJ2ZW5jb2RlX3RhZyI6InByb2ZpbGVfcGljLmRqYW5nby4xMDgwLmMyIn0&_nc_ht=instagram.fhan3-4.fna.fbcdn.net&_nc_cat=104&_nc_oc=Q6cZ2QHCSz79GZwsuZFlELUO9sOR4nRZEm9M-31Q_sETkffR7ZSo6KYA5X_kJ7ZOFAFPmKk&_nc_ohc=LzdGjy0XgmAQ7kNvwE3oPbr&_nc_gid=OHwOMQK9Bj4z_XLrQUE30w&edm=AJhczIQBAAAA&ccb=7-5&oh=00_AfrhGzSGLcfV6wrTWBtnGBkwkxWuwxgXgaxeclw7d4yk6A&oe=696B9A9D&_nc_sid=4a2096,13,0,113,11,0,[],,https://www.threads.net/@roberta.metsola/post/DTajM38DDEv,[],"{'likes': 113, 'reposts': 11, 'quotes': 0}",threads,3808511251220017455,Roberta Metsola,,"It cannot be business as usual.

As the brave people of Iran continue to stand up for their rights and their liberty, today I have taken the decision to ban all diplomatic staff and any other representatives of the Islamic Republic of Iran from all European Parliament premises.

This House will not aid in legitimising this regime that has sustained itself through torture, repression and murder.",threads,63555869381,roberta.metsola
[],2026-01-13T10:18:41.831961+07:00,"A greater European Union is forming.

🇪🇺🙌🇨🇦",2025-03-20T03:30:57+07:00,,3591970369623886357,threads,threads.com,threads_crawler_v1,https://www.threads.net/@hansu___/post/DHZPgUlKQoV,https://instagram.fhan4-6.fna.fbcdn.net/v/t51.2885-19/435972617_831072355732736_9086076788572887145_n.jpg?stp=dst-jpg_s150x150_tt6&efg=eyJ2ZW5jb2RlX3RhZyI6InByb2ZpbGVfcGljLmRqYW5nby4xMDgwLmMyIn0&_nc_ht=instagram.fhan4-6.fna.fbcdn.net&_nc_cat=108&_nc_oc=Q6cZ2QHCSz79GZwsuZFlELUO9sOR4nRZEm9M-31Q_sETkffR7ZSo6KYA5X_kJ7ZOFAFPmKk&_nc_ohc=ECyy7Eett_IQ7kNvwEZA0xg&_nc_gid=OHwOMQK9Bj4z_XLrQUE30w&edm=AJhczIQBAAAA&ccb=7-5&oh=00_AfqXvXPVD9QSbcSILMKiXKPsKM24c-K1ly4jeFndUIbaTA&oe=696B8724&_nc_sid=4a2096,509,0,4460,172,0,['https://instagram.fhan4-5.fna.fbcdn.net/v/t51.2885-15/485234920_17891985339198687_7172999510305214151_n.jpg?stp=dst-jpg_e35_tt6&efg=eyJ2ZW5jb2RlX3RhZyI6InRocmVhZHMuRkVFRC5pbWFnZV91cmxnZW4uMTQ0MHgxNDQwLnNkci5mNzU3NjEuZGVmYXVsdF9pbWFnZS5jMiJ9&_nc_ht=instagram.fhan4-5.fna.fbcdn.net&_nc_cat=103&_nc_oc=Q6cZ2QHCSz79GZwsuZFlELUO9sOR4nRZEm9M-31Q_sETkffR7ZSo6KYA5X_kJ7ZOFAFPmKk&_nc_ohc=XurY5GzHmI8Q7kNvwFUe0Hc&_nc_gid=OHwOMQK9Bj4z_XLrQUE30w&edm=AJhczIQBAAAA&ccb=7-5&ig_cache_key=MzU5MTk3MDM2OTYyMzg4NjM1Nw%3D%3D.3-ccb7-5&oh=00_AfqSn0ykz4XaleacWwiUo6Axa3Apio0oXvc3jgxiBzW9lg&oe=696B7D7C&_nc_sid=4a2096'],,https://www.threads.net/@hansu___/post/DHZPgUlKQoV,[],"{'likes': 4460, 'reposts': 154, 'quotes': 18}",threads,3591970369623886357,Hannele Piirainen,,"A greater European Union is forming.

🇪🇺🙌🇨🇦",threads,65818558686,hansu___
[],2026-01-13T10:18:41.832265+07:00,"The European Parliament has announced a ban on Iranian diplomats following the government’s response to nationwide protests in Iran.
President Roberta Metsola confirmed the measure, noting that it will apply to all Parliament buildings in Brussels, Strasbourg, and Luxembourg.
“Those participating in the protests, and individuals still detained, require support,” Metsola said.",2026-01-12T22:18:12+07:00,,3808520895183197758,threads,threads.com,threads_crawler_v1,https://www.threads.net/@anewz.tv/post/DTalZNlDBY-,https://instagram.fhan3-3.fna.fbcdn.net/v/t51.2885-19/525942952_17899411056250093_7745646390766321815_n.jpg?stp=dst-jpg_s150x150_tt6&efg=eyJ2ZW5jb2RlX3RhZyI6InByb2ZpbGVfcGljLmRqYW5nby4xMDgwLmMyIn0&_nc_ht=instagram.fhan3-3.fna.fbcdn.net&_nc_cat=1&_nc_oc=Q6cZ2QHCSz79GZwsuZFlELUO9sOR4nRZEm9M-31Q_sETkffR7ZSo6KYA5X_kJ7ZOFAFPmKk&_nc_ohc=yPCKCSTsFl8Q7kNvwEzi2Dj&_nc_gid=OHwOMQK9Bj4z_XLrQUE30w&edm=AJhczIQBAAAA&ccb=7-5&oh=00_AfpfyJ-A2HTGKeEiAGifhyOSh_E89YCTZnMiZ7ek6FhNew&oe=696B95E2&_nc_sid=4a2096,7,0,39,4,0,['https://instagram.fhan3-3.fna.fbcdn.net/v/t51.2885-15/613662934_17917960845250093_5759806784112209489_n.jpg?stp=dst-jpg_e35_tt6&efg=eyJ2ZW5jb2RlX3RhZyI6InRocmVhZHMuRkVFRC5pbWFnZV91cmxnZW4uMTA4MHgxMzUwLnNkci5mODI3ODcuZGVmYXVsdF9pbWFnZS5jMiJ9&_nc_ht=instagram.fhan3-3.fna.fbcdn.net&_nc_cat=101&_nc_oc=Q6cZ2QHCSz79GZwsuZFlELUO9sOR4nRZEm9M-31Q_sETkffR7ZSo6KYA5X_kJ7ZOFAFPmKk&_nc_ohc=0Nrg3J6OeRcQ7kNvwFcPWQa&_nc_gid=OHwOMQK9Bj4z_XLrQUE30w&edm=AJhczIQBAAAA&ccb=7-5&ig_cache_key=MzgwODUyMDg5NTE4MzE5Nzc1OA%3D%3D.3-ccb7-5&oh=00_AfotnEogK3gPqk4wT0WFXx5qMf6Bp9DQfgqcOZ3XNXFsHw&oe=696B8087&_nc_sid=4a2096'],,https://www.threads.net/@anewz.tv/post/DTalZNlDBY-,[],"{'likes': 39, 'reposts': 4, 'quotes': 0}",threads,3808520895183197758,AnewZ,,"The European Parliament has announced a ban on Iranian diplomats following the government’s response to nationwide protests in Iran.
President Roberta Metsola confirmed the measure, noting that it will apply to all Parliament buildings in Brussels, Strasbourg, and Luxembourg.
“Those participating in the protests, and individuals still detained, require support,” Metsola said.",threads,71373993609,anewz.tv
[],2026-01-13T10:18:41.832451+07:00,"I am German, my husband is English. We live in France. We travel to Spain, Germany and England by train. We are a few hours car journey away from Italy. I love Europe. I feel European 🇪🇺 This is our flag.",2025-12-13T19:26:31+07:00,,3786691213680993672,threads,threads.com,threads_crawler_v1,https://www.threads.net/@sim1marseille/post/DSNB5iZjGWI,https://instagram.fhan4-6.fna.fbcdn.net/v/t51.2885-19/490734798_1256675789303636_6895054239445390732_n.jpg?stp=dst-jpg_s150x150_tt6&efg=eyJ2ZW5jb2RlX3RhZyI6InByb2ZpbGVfcGljLmRqYW5nby43NDguYzIifQ&_nc_ht=instagram.fhan4-6.fna.fbcdn.net&_nc_cat=108&_nc_oc=Q6cZ2QHCSz79GZwsuZFlELUO9sOR4nRZEm9M-31Q_sETkffR7ZSo6KYA5X_kJ7ZOFAFPmKk&_nc_ohc=YXugQFxRuPkQ7kNvwH3jbrd&_nc_gid=OHwOMQK9Bj4z_XLrQUE30w&edm=AJhczIQBAAAA&ccb=7-5&oh=00_AfpJq7xGeEEH_-Qj-snuJRWu6RKM0rSAj0z66HAaJ_2BQQ&oe=696BA6D9&_nc_sid=4a2096,331,0,8486,255,0,['https://instagram.fhan4-3.fna.fbcdn.net/v/t51.2885-15/599515491_17914187724252012_5563106301721642706_n.jpg?stp=dst-jpg_e35_tt6&efg=eyJ2ZW5jb2RlX3RhZyI6InRocmVhZHMuRkVFRC5pbWFnZV91cmxnZW4uNzUweDUzMC5zZHIuZjgyNzg3LmRlZmF1bHRfaW1hZ2UuYzIifQ&_nc_ht=instagram.fhan4-3.fna.fbcdn.net&_nc_cat=100&_nc_oc=Q6cZ2QHCSz79GZwsuZFlELUO9sOR4nRZEm9M-31Q_sETkffR7ZSo6KYA5X_kJ7ZOFAFPmKk&_nc_ohc=HvL93zGMUgUQ7kNvwFJ8Axw&_nc_gid=OHwOMQK9Bj4z_XLrQUE30w&edm=AJhczIQBAAAA&ccb=7-5&ig_cache_key=Mzc4NjY5MTIxMzY4MDk5MzY3Mg%3D%3D.3-ccb7-5&oh=00_AfoZw4A47PA0q7a675zJ1e5qNYCzfZT81PCXn4ha95H-zQ&oe=696B87EC&_nc_sid=4a2096'],,https://www.threads.net/@sim1marseille/post/DSNB5iZjGWI,[],"{'likes': 8486, 'reposts': 248, 'quotes': 7}",threads,3786691213680993672,Simone Wolf,European Union,"I am German, my husband is English. We live in France. We travel to Spain, Germany and England by train. We are a few hours car journey away from Italy. I love Europe. I feel European 🇪🇺 This is our flag.",threads,67582484011,sim1marseille
[],2026-01-13T10:18:41.832676+07:00,"A group of European countries, led by the UK and Germany, is discussing plans to boost their military presence in Greenland to show US President Donald Trump that they are serious about Arctic security and tamp down American threats to take over the self-ruling Danish territory.",2026-01-12T00:31:02+07:00,,3807862879148708640,threads,threads.com,threads_crawler_v1,https://www.threads.net/@bloombergbusiness/post/DTYPx0ZDhMg,https://instagram.fhan3-3.fna.fbcdn.net/v/t51.2885-19/357734277_946614906601615_6170135375116345194_n.jpg?stp=dst-jpg_s150x150_tt6&efg=eyJ2ZW5jb2RlX3RhZyI6InByb2ZpbGVfcGljLmRqYW5nby44MDAuYzIifQ&_nc_ht=instagram.fhan3-3.fna.fbcdn.net&_nc_cat=1&_nc_oc=Q6cZ2QHCSz79GZwsuZFlELUO9sOR4nRZEm9M-31Q_sETkffR7ZSo6KYA5X_kJ7ZOFAFPmKk&_nc_ohc=gO7kD3bBcfwQ7kNvwEg_mQc&_nc_gid=OHwOMQK9Bj4z_XLrQUE30w&edm=AJhczIQBAAAA&ccb=7-5&oh=00_AfpPIREMAJA_MAvsSB29upJ5bsrwWg54dWYl1cAGKCcP-w&oe=696B935E&_nc_sid=4a2096,4,0,280,43,0,[],,https://www.threads.net/@bloombergbusiness/post/DTYPx0ZDhMg,[],"{'likes': 280, 'reposts': 41, 'quotes': 2}",threads,3807862879148708640,Bloomberg Business,,"A group of European countries, led by the UK and Germany, is discussing plans to boost their military presence in Greenland to show US President Donald Trump that they are serious about Arctic security and tamp down American threats to take over the self-ruling Danish territory.",threads,63446973422,bloombergbusiness
[],2026-01-13T10:18:41.832862+07:00,"I moved to Sweden. That did not erase my U.S. citizenship, my history, or my right to speak about what the United States does in the world.

One of the weirdest responses I get from Americans now is that NATO is “a European thing.” It isn’t. NATO literally stands for the North Atlantic Treaty Organization. The North Atlantic includes the United States and Canada by definition. This was never just Europe.",2026-01-07T21:27:26+07:00,,3804871469550011920,threads,threads.com,threads_crawler_v1,https://www.threads.net/@swedish.wanderlust/post/DTNnnFGjAYQ,https://instagram.fhan3-3.fna.fbcdn.net/v/t51.2885-19/504502812_17889467742272627_7470917701501339476_n.jpg?stp=dst-jpg_s150x150_tt6&efg=eyJ2ZW5jb2RlX3RhZyI6InByb2ZpbGVfcGljLmRqYW5nby4xMDgwLmMyIn0&_nc_ht=instagram.fhan3-3.fna.fbcdn.net&_nc_cat=1&_nc_oc=Q6cZ2QHCSz79GZwsuZFlELUO9sOR4nRZEm9M-31Q_sETkffR7ZSo6KYA5X_kJ7ZOFAFPmKk&_nc_ohc=lmChRNhhY0kQ7kNvwEBU6a2&_nc_gid=OHwOMQK9Bj4z_XLrQUE30w&edm=AJhczIQBAAAA&ccb=7-5&oh=00_AfpxKHZrjawSgQVzrH9Ge_Vv2TdpHvo5e4pHbfxyNWaqyA&oe=696B7D32&_nc_sid=4a2096,290,0,4256,211,0,[],,https://www.threads.net/@swedish.wanderlust/post/DTNnnFGjAYQ,[],"{'likes': 4256, 'reposts': 207, 'quotes': 4}",threads,3804871469550011920,Swedish Wanderlust,,"I moved to Sweden. That did not erase my U.S. citizenship, my history, or my right to speak about what the United States does in the world.

One of the weirdest responses I get from Americans now is that NATO is “a European thing.” It isn’t. NATO literally stands for the North Atlantic Treaty Organization. The North Atlantic includes the United States and Canada by definition. This was never just Europe.",threads,68081327269,swedish.wanderlust
[],2026-01-13T10:18:41.833029+07:00,"The strike with the Oreshnik missile near Europe's borders is a matter of European security, not just a war against Ukraine. Europe must take concrete measures, primarily by strengthening sanctions and reducing Russia's financial and technological resources for the production of such weapons",2026-01-12T16:59:15+07:00,,3808360363088514974,threads,threads.com,threads_crawler_v1,https://www.threads.net/@volunteerinfon/post/DTaA5KakY-e,https://instagram.fhan3-4.fna.fbcdn.net/v/t51.2885-19/501836791_17842592973502264_2940685399656459983_n.jpg?stp=dst-jpg_s150x150_tt6&efg=eyJ2ZW5jb2RlX3RhZyI6InByb2ZpbGVfcGljLmRqYW5nby4xMDgwLmMyIn0&_nc_ht=instagram.fhan3-4.fna.fbcdn.net&_nc_cat=104&_nc_oc=Q6cZ2QHCSz79GZwsuZFlELUO9sOR4nRZEm9M-31Q_sETkffR7ZSo6KYA5X_kJ7ZOFAFPmKk&_nc_ohc=ipUz1BUV3qQQ7kNvwHgAoEK&_nc_gid=OHwOMQK9Bj4z_XLrQUE30w&edm=AJhczIQBAAAA&ccb=7-5&oh=00_AfpSo04CKM4fBfZ8KgiAUN2CNFH7BeE305TjeKMI4JWB6A&oe=696BA769&_nc_sid=4a2096,10,0,18,1,0,['https://instagram.fhan3-3.fna.fbcdn.net/v/t51.2885-15/610164886_18014617772810365_7577862259274066135_n.jpg?stp=dst-jpg_e35_tt6&efg=eyJ2ZW5jb2RlX3RhZyI6InRocmVhZHMuRkVFRC5pbWFnZV91cmxnZW4uMTUzNng4NjQuc2RyLmY4Mjc4Ny5kZWZhdWx0X2ltYWdlLmMyIn0&_nc_ht=instagram.fhan3-3.fna.fbcdn.net&_nc_cat=101&_nc_oc=Q6cZ2QHCSz79GZwsuZFlELUO9sOR4nRZEm9M-31Q_sETkffR7ZSo6KYA5X_kJ7ZOFAFPmKk&_nc_ohc=1eUA98hh9rwQ7kNvwG9YAHz&_nc_gid=OHwOMQK9Bj4z_XLrQUE30w&edm=AJhczIQBAAAA&ccb=7-5&ig_cache_key=MzgwODM2MDM2MzA4ODUxNDk3NA%3D%3D.3-ccb7-5&oh=00_AfoAeUHYWGdF4imPtRXFGF2Yn97QYOGAKkNV-g_M4XZrNA&oe=696B7200&_nc_sid=4a2096'],,https://www.threads.net/@volunteerinfon/post/DTaA5KakY-e,[],"{'likes': 18, 'reposts': 1, 'quotes': 0}",threads,3808360363088514974,Volunteer Info,,"The strike with the Oreshnik missile near Europe's borders is a matter of European security, not just a war against Ukraine. Europe must take concrete measures, primarily by strengthening sanctions and reducing Russia's financial and technological resources for the production of such weapons",threads,74926230263,volunteerinfon
[],2026-01-13T10:18:41.833172+07:00,"Goodbye, Russian gas 👋🇷🇺",2025-12-18T00:01:26+07:00,,3789728692071886033,threads,threads.com,threads_crawler_v1,https://www.threads.net/@europeanparliament/post/DSX0iqmDOzR,https://instagram.fhan4-1.fna.fbcdn.net/v/t51.2885-19/410783501_1010526473368973_5913498680179141684_n.jpg?stp=dst-jpg_s150x150_tt6&efg=eyJ2ZW5jb2RlX3RhZyI6InByb2ZpbGVfcGljLmRqYW5nby40MDAuYzIifQ&_nc_ht=instagram.fhan4-1.fna.fbcdn.net&_nc_cat=105&_nc_oc=Q6cZ2QHCSz79GZwsuZFlELUO9sOR4nRZEm9M-31Q_sETkffR7ZSo6KYA5X_kJ7ZOFAFPmKk&_nc_ohc=9HRmNbd1R60Q7kNvwHVaZ4B&_nc_gid=OHwOMQK9Bj4z_XLrQUE30w&edm=AJhczIQBAAAA&ccb=7-5&oh=00_AfpOEPYz7EdqFeTXeVhPbHHvaXFaZqE3CuC442EM-rVkIQ&oe=696B9957&_nc_sid=4a2096,3624,0,80469,1796,0,[],,https://www.threads.net/@europeanparliament/post/DSX0iqmDOzR,[],"{'likes': 80469, 'reposts': 1672, 'quotes': 124}",threads,3789728692071886033,European Parliament,,"Goodbye, Russian gas 👋🇷🇺",threads,63217537084,europeanparliament
[],2026-01-13T10:18:41.833313+07:00,"🔴🇫🇷🇪🇺
French President Emmanuel Macron has announced that he will push for European Union regulation banning social networking sites for children under 15.",2025-06-12T00:05:28+07:00,,3652748107050123815,threads,threads.com,threads_crawler_v1,https://www.threads.net/@other_europe/post/DKxKwzetAIn,https://instagram.fhan3-4.fna.fbcdn.net/v/t51.2885-19/412752329_3651567445088178_4353786962713495545_n.jpg?stp=dst-jpg_s150x150_tt6&efg=eyJ2ZW5jb2RlX3RhZyI6InByb2ZpbGVfcGljLmRqYW5nby4xMDgwLmMyIn0&_nc_ht=instagram.fhan3-4.fna.fbcdn.net&_nc_cat=106&_nc_oc=Q6cZ2QHCSz79GZwsuZFlELUO9sOR4nRZEm9M-31Q_sETkffR7ZSo6KYA5X_kJ7ZOFAFPmKk&_nc_ohc=s30jzaPoZmkQ7kNvwFkrYLD&_nc_gid=OHwOMQK9Bj4z_XLrQUE30w&edm=AJhczIQBAAAA&ccb=7-5&oh=00_AfpXWMzOxUkxSH02U1DS_AjFhjP_MpaLUzGN3sbNlR8vjQ&oe=696B8A04&_nc_sid=4a2096,139,0,4001,53,0,['https://instagram.fhan4-5.fna.fbcdn.net/v/t51.2885-15/505780302_17916342279107366_3655877026269946323_n.webp?efg=eyJ2ZW5jb2RlX3RhZyI6InRocmVhZHMuRkVFRC5pbWFnZV91cmxnZW4uMTIwMHg2NzUuc2RyLmY3NTc2MS5kZWZhdWx0X2ltYWdlLmMyIn0&_nc_ht=instagram.fhan4-5.fna.fbcdn.net&_nc_cat=102&_nc_oc=Q6cZ2QHCSz79GZwsuZFlELUO9sOR4nRZEm9M-31Q_sETkffR7ZSo6KYA5X_kJ7ZOFAFPmKk&_nc_ohc=EghEja0NzHgQ7kNvwGHyIHS&_nc_gid=OHwOMQK9Bj4z_XLrQUE30w&edm=AJhczIQBAAAA&ccb=7-5&ig_cache_key=MzY1Mjc0ODEwNzA1MDEyMzgxNQ%3D%3D.3-ccb7-5&oh=00_Afqj9badvEYNlmh5MtjV92WGGwwbK22nZbcjhQ8fnyg_pg&oe=696B96A6&_nc_sid=4a2096'],,https://www.threads.net/@other_europe/post/DKxKwzetAIn,[],"{'likes': 4001, 'reposts': 48, 'quotes': 5}",threads,3652748107050123815,Other Europe 🇪🇺,BREAKING,"🔴🇫🇷🇪🇺
French President Emmanuel Macron has announced that he will push for European Union regulation banning social networking sites for children under 15.",threads,63298699365,other_europe
[],2026-01-13T10:18:41.833468+07:00,"📢 Today, the @EUauditors issued two opinions on the @europeancommission’s legislative proposals to boost #competitiveness, #research and #innovation in the EU through the European Competitiveness Fund and the Horizon Europe programme.

Read the opinions 👇
🔗 European Competitiveness Fund: 
🔗 Horizon Europe: ",2026-01-12T23:01:49+07:00,,3808542810480673150,threads,threads.com,threads_crawler_v1,https://www.threads.net/@euauditors/post/DTaqYHykYF-,https://instagram.fhan4-5.fna.fbcdn.net/v/t51.2885-19/491442215_1714947709422710_2669771279955601064_n.jpg?stp=dst-jpg_s150x150_tt6&efg=eyJ2ZW5jb2RlX3RhZyI6InByb2ZpbGVfcGljLmRqYW5nby41NDguYzIifQ&_nc_ht=instagram.fhan4-5.fna.fbcdn.net&_nc_cat=102&_nc_oc=Q6cZ2QHKjAK0F7k2cW5pJeS7knH-H296vPyPyhveXNNfXitwfPpuZSNOcP2gOSgKhkmgm-M&_nc_ohc=ZXOga8E5vIkQ7kNvwE-tfYc&_nc_gid=-ccVPra5TJFCWXE8SiKYaw&edm=AJhczIQBAAAA&ccb=7-5&oh=00_AfqPR1bAA7JpNS1HkiMYJlp2iuPrZxKZdWk9qrQNLJlovA&oe=696B86A3&_nc_sid=4a2096,0,0,2,1,0,['https://instagram.fhan3-2.fna.fbcdn.net/v/t51.2885-15/613241669_17876348565468631_712212549635206793_n.jpg?stp=dst-jpg_e35_tt6&efg=eyJ2ZW5jb2RlX3RhZyI6InRocmVhZHMuRkVFRC5pbWFnZV91cmxnZW4uMTA4MHg2MjMuc2RyLmY4Mjc4Ny5kZWZhdWx0X2ltYWdlLmMyIn0&_nc_ht=instagram.fhan3-2.fna.fbcdn.net&_nc_cat=107&_nc_oc=Q6cZ2QHKjAK0F7k2cW5pJeS7knH-H296vPyPyhveXNNfXitwfPpuZSNOcP2gOSgKhkmgm-M&_nc_ohc=2Ui7Ub4pyOEQ7kNvwGGO0gP&_nc_gid=-ccVPra5TJFCWXE8SiKYaw&edm=AJhczIQBAAAA&ccb=7-5&ig_cache_key=MzgwODU0MjgxMDQ4MDY3MzE1MA%3D%3D.3-ccb7-5&oh=00_AfpPbic9AyAiiAlJuH0gjBc3dW6PxU4b7D6iGWC3eICfCg&oe=696BA5FF&_nc_sid=4a2096'],,https://www.threads.net/@euauditors/post/DTaqYHykYF-,[],"{'likes': 2, 'reposts': 0, 'quotes': 1}",threads,3808542810480673150,European Court of Auditors,Opinions on the next EU budget (2028-2034),"📢 Today, the @EUauditors issued two opinions on the @europeancommission’s legislative proposals to boost #competitiveness, #research and #innovation in the EU through the European Competitiveness Fund and the Horizon Europe programme.

Read the opinions 👇
🔗 European Competitiveness Fund: https://www.eca.europa.eu/en/publications/OP-2026-01
🔗 Horizon Europe: https://www.eca.europa.eu/en/publications/OP-2026-02",threads,74000572630,euauditors
[],2026-01-13T10:18:41.833603+07:00,"Gửi các bạn ~ 200 cuốn tạp chí mình đã dùng để cày Reading lên 3 lần 9.0 (và 2 lần 8.5), và cho cả học viên của mình (~10 bạn 8.5-9.0 Reading)

Các cuốn tạp chí này từ
- New Scientist
- Harvard Business Review
- The Economist
- National Geographic Magazines

Để nhận các bạn chỉ cần
> repost lại bài đăng này
> để lại email dưới bình luận (mỗi ngày mình sẽ gửi cho các bạn 1 lần)

Nguồn uy tín, đọc có thêm cả IDEAS & VOCAB xịn luôn. Kèm thêm lời chúc 9.0 Reading từ mình nha 🌟🌟",2025-03-25T20:30:08+07:00,,3596107216384221628,threads,threads.com,threads_crawler_v1,https://www.threads.net/@hocielts8.0cungtien/post/DHn8HXWzOG8,https://instagram.fhan4-5.fna.fbcdn.net/v/t51.2885-19/441308950_394848050186822_6634354055294143687_n.jpg?stp=dst-jpg_s150x150_tt6&efg=eyJ2ZW5jb2RlX3RhZyI6InByb2ZpbGVfcGljLmRqYW5nby4xMDgwLmMyIn0&_nc_ht=instagram.fhan4-5.fna.fbcdn.net&_nc_cat=102&_nc_oc=Q6cZ2QHKjAK0F7k2cW5pJeS7knH-H296vPyPyhveXNNfXitwfPpuZSNOcP2gOSgKhkmgm-M&_nc_ohc=U4RsT2vbsvUQ7kNvwEKM5dy&_nc_gid=-ccVPra5TJFCWXE8SiKYaw&edm=AJhczIQBAAAA&ccb=7-5&oh=00_AfqEOV19uQq5AWNhEAfAVtV9tU_8U4UUBLT6xLPRcHUSJA&oe=696B9CCB&_nc_sid=4a2096,1278,0,2095,1425,0,['https://instagram.fhan4-3.fna.fbcdn.net/v/t51.2885-15/486040893_17888670516218470_1309026900612615926_n.jpg?stp=dst-jpg_e35_tt6&efg=eyJ2ZW5jb2RlX3RhZyI6InRocmVhZHMuQ0FST1VTRUxfSVRFTS5pbWFnZV91cmxnZW4uMTM1MXgxNzc2LnNkci5mNzU3NjEuZGVmYXVsdF9pbWFnZS5jMiJ9&_nc_ht=instagram.fhan4-3.fna.fbcdn.net&_nc_cat=110&_nc_oc=Q6cZ2QHKjAK0F7k2cW5pJeS7knH-H296vPyPyhveXNNfXitwfPpuZSNOcP2gOSgKhkmgm-M&_nc_ohc=Shiz0gRXGKQQ7kNvwGO-cVm&_nc_gid=-ccVPra5TJFCWXE8SiKYaw&edm=AJhczIQBAAAA&ccb=7-5&ig_cache_key=MzU5NjEwNzIwOTE1MzI2OTA2Mw%3D%3D.3-ccb7-5&oh=00_Afrcvc5uhJMmW5pqnKwmLutRAuPdmiF58EzaEMG11xHrLQ&oe=696B83A3&_nc_sid=4a2096'],,https://www.threads.net/@hocielts8.0cungtien/post/DHn8HXWzOG8,[],"{'likes': 2095, 'reposts': 1414, 'quotes': 11}",threads,3596107216384221628,Học IELTS 8.0 Cùng Tiến,IELTS,"Gửi các bạn ~ 200 cuốn tạp chí mình đã dùng để cày Reading lên 3 lần 9.0 (và 2 lần 8.5), và cho cả học viên của mình (~10 bạn 8.5-9.0 Reading)

Các cuốn tạp chí này từ
- New Scientist
- Harvard Business Review
- The Economist
- National Geographic Magazines

Để nhận các bạn chỉ cần
> repost lại bài đăng này
> để lại email dưới bình luận (mỗi ngày mình sẽ gửi cho các bạn 1 lần)

Nguồn uy tín, đọc có thêm cả IDEAS & VOCAB xịn luôn. Kèm thêm lời chúc 9.0 Reading từ mình nha 🌟🌟",threads,66535986469,hocielts8.0cungtien
[],2026-01-13T10:18:41.833733+07:00,"Mình đọc báo The Economist thấy lối viết văn với từ đọc hay vc. Đọc xong kiểu tăng kiến thức và tư duy phản biển ấy, mà thấy báo trả phí nên ít người đọc được. 
Giờ mik muốn tạo một blog hay web để cho các bạn học tiếng anh hay yêu thích báo The Economist đọc được không mng, mà sợ không ai đọc 🥹",2025-12-28T16:27:43+07:00,,3797472858298491452,threads,threads.com,threads_crawler_v1,https://www.threads.net/@nyrant/post/DSzVXHbEaI8,https://instagram.fhan4-3.fna.fbcdn.net/v/t51.2885-19/558967875_17884588461379786_4012511569565072165_n.jpg?stp=dst-jpg_s150x150_tt6&efg=eyJ2ZW5jb2RlX3RhZyI6InByb2ZpbGVfcGljLmRqYW5nby44NzAuYzIifQ&_nc_ht=instagram.fhan4-3.fna.fbcdn.net&_nc_cat=110&_nc_oc=Q6cZ2QHKjAK0F7k2cW5pJeS7knH-H296vPyPyhveXNNfXitwfPpuZSNOcP2gOSgKhkmgm-M&_nc_ohc=h42M1K7Cx88Q7kNvwFl0jUk&_nc_gid=-ccVPra5TJFCWXE8SiKYaw&edm=AJhczIQBAAAA&ccb=7-5&oh=00_AfoQc1avRCPwYSRquySE_MvCetWSuZ_aKZ4wpSkynmQrUQ&oe=696B7F28&_nc_sid=4a2096,243,0,9216,1570,0,[],,https://www.threads.net/@nyrant/post/DSzVXHbEaI8,[],"{'likes': 9216, 'reposts': 1558, 'quotes': 12}",threads,3797472858298491452,,,"Mình đọc báo The Economist thấy lối viết văn với từ đọc hay vc. Đọc xong kiểu tăng kiến thức và tư duy phản biển ấy, mà thấy báo trả phí nên ít người đọc được. 
Giờ mik muốn tạo một blog hay web để cho các bạn học tiếng anh hay yêu thích báo The Economist đọc được không mng, mà sợ không ai đọc 🥹",threads,71416027785,nyrant
[],2026-01-13T10:18:41.833929+07:00,I’m German. This phrase was used to send millions to their deaths. This phrase has been chosen.,2026-01-13T01:21:34+07:00,,3808613193065732482,threads,threads.com,threads_crawler_v1,https://www.threads.net/@pictures.of.sue/post/DTa6YUrjJmC,https://instagram.fhan3-3.fna.fbcdn.net/v/t51.2885-19/520611672_17848956063514577_6151310528719368897_n.jpg?stp=dst-jpg_s150x150_tt6&efg=eyJ2ZW5jb2RlX3RhZyI6InByb2ZpbGVfcGljLmRqYW5nby4xMDgwLmMyIn0&_nc_ht=instagram.fhan3-3.fna.fbcdn.net&_nc_cat=1&_nc_oc=Q6cZ2QHKjAK0F7k2cW5pJeS7knH-H296vPyPyhveXNNfXitwfPpuZSNOcP2gOSgKhkmgm-M&_nc_ohc=SCvgzVk021oQ7kNvwGtMVnk&_nc_gid=-ccVPra5TJFCWXE8SiKYaw&edm=AJhczIQBAAAA&ccb=7-5&oh=00_Afrp37HwPS2nDzuJuFWQV-dwb_Qu8F6hLLDcw52RJUuZxg&oe=696BA65F&_nc_sid=4a2096,656,0,32074,5028,0,['https://instagram.fhan3-3.fna.fbcdn.net/v/t51.2885-15/614956906_17870495199514577_4611316590157201230_n.jpg?stp=cp6_dst-jpg_e35_tt6&efg=eyJ2ZW5jb2RlX3RhZyI6InRocmVhZHMuRkVFRC5pbWFnZV91cmxnZW4uMTE3MHg0NTkuc2RyLmY4Mjc4Ny5kZWZhdWx0X2ltYWdlLmMyIn0&_nc_ht=instagram.fhan3-3.fna.fbcdn.net&_nc_cat=1&_nc_oc=Q6cZ2QHKjAK0F7k2cW5pJeS7knH-H296vPyPyhveXNNfXitwfPpuZSNOcP2gOSgKhkmgm-M&_nc_ohc=Y82NaomrJJwQ7kNvwEFLzlR&_nc_gid=-ccVPra5TJFCWXE8SiKYaw&edm=AJhczIQBAAAA&ccb=7-5&ig_cache_key=MzgwODYxMzE5MzA2NTczMjQ4Mg%3D%3D.3-ccb7-5&oh=00_Afp2jRQ5UOIYJie71BQcj587AiO0hNcPRrNkatAehBP_1A&oe=696B9782&_nc_sid=4a2096'],,https://www.threads.net/@pictures.of.sue/post/DTa6YUrjJmC,[],"{'likes': 32074, 'reposts': 4765, 'quotes': 263}",threads,3808613193065732482,Sue,,I’m German. This phrase was used to send millions to their deaths. This phrase has been chosen.,threads,75573202576,pictures.of.sue
[],2026-01-13T10:18:41.834163+07:00,"Đã “tặng” cho con : 
- 2 passports 🇻🇳🇸🇪 
- Môi trường sống trong lành nhất thế giới ngay từ khi sinh ra (Gothenburg is the world’s most sustainable city!) 
- Nền GD không áp lực 
- Thông thạo Tiếng Việt ngang với Swedish, hiểu về văn hoá cả 2 đất nước
- Khả năng chơi Piano đủ để tự giúp mình vui (& dư sức show up)
- Du lịch loanh quanh EU & Asia, thi thoảng đc bay biz-class đường dài

NHƯNG 
…
Chắc 90% không tặng “sibling” cho con được 😔😢",2024-10-02T16:16:11+07:00,,3469868421103631307,threads,threads.com,threads_crawler_v1,https://www.threads.net/@anhinswe/post/DAncvHhOjvL,https://instagram.fhan4-1.fna.fbcdn.net/v/t51.2885-19/458255298_351828557897153_8900720448759959536_n.jpg?stp=dst-jpg_s150x150_tt6&efg=eyJ2ZW5jb2RlX3RhZyI6InByb2ZpbGVfcGljLmRqYW5nby4xMDgwLmMyIn0&_nc_ht=instagram.fhan4-1.fna.fbcdn.net&_nc_cat=105&_nc_oc=Q6cZ2QHKjAK0F7k2cW5pJeS7knH-H296vPyPyhveXNNfXitwfPpuZSNOcP2gOSgKhkmgm-M&_nc_ohc=lRUCYkN-X4QQ7kNvwHomueM&_nc_gid=-ccVPra5TJFCWXE8SiKYaw&edm=AJhczIQBAAAA&ccb=7-5&oh=00_AfqCb6OezvHNGtVucFXPFIbyU4xKRH_4dmsXE3oHOdiZKg&oe=696B9ABA&_nc_sid=4a2096,18,0,25,0,0,[],,https://www.threads.net/@anhinswe/post/DAncvHhOjvL,[],"{'likes': 25, 'reposts': 0, 'quotes': 0}",threads,3469868421103631307,,,"Đã “tặng” cho con : 
- 2 passports 🇻🇳🇸🇪 
- Môi trường sống trong lành nhất thế giới ngay từ khi sinh ra (Gothenburg is the world’s most sustainable city!) 
- Nền GD không áp lực 
- Thông thạo Tiếng Việt ngang với Swedish, hiểu về văn hoá cả 2 đất nước
- Khả năng chơi Piano đủ để tự giúp mình vui (& dư sức show up)
- Du lịch loanh quanh EU & Asia, thi thoảng đc bay biz-class đường dài

NHƯNG 
…
Chắc 90% không tặng “sibling” cho con được 😔😢",threads,65869950908,anhinswe
[],2026-01-13T10:18:41.834317+07:00,"The United States' military intervention in Venezuela violates the country’s sovereignty and the UN charter, while also damaging the foundations of international security, making every country less safe.

– @unitednationshumanrights chief Volker Türk says US operation undermines fundamental principle of international law.

",2026-01-07T00:39:41+07:00,,3804243455514872517,threads,threads.com,threads_crawler_v1,https://www.threads.net/@unitednations/post/DTLY0RdEYrF,https://instagram.fhan4-1.fna.fbcdn.net/v/t51.2885-19/359481583_274214641925597_4866717376396386090_n.jpg?stp=dst-jpg_s150x150_tt6&efg=eyJ2ZW5jb2RlX3RhZyI6InByb2ZpbGVfcGljLmRqYW5nby4xMDgwLmMyIn0&_nc_ht=instagram.fhan4-1.fna.fbcdn.net&_nc_cat=105&_nc_oc=Q6cZ2QHKjAK0F7k2cW5pJeS7knH-H296vPyPyhveXNNfXitwfPpuZSNOcP2gOSgKhkmgm-M&_nc_ohc=Ggj3Cl6j6roQ7kNvwEFJJAw&_nc_gid=-ccVPra5TJFCWXE8SiKYaw&edm=AJhczIQBAAAA&ccb=7-5&oh=00_AfrunHB8Qr7TtDoZ3OLFIs-8VLxjB0xZ5z44Cfnm5Q2Hdg&oe=696B8050&_nc_sid=4a2096,240,0,3077,549,0,['https://instagram.fhan4-6.fna.fbcdn.net/v/t51.2885-15/612233896_17940611757101372_7387322579545080671_n.jpg?stp=dst-jpg_e35_tt6&efg=eyJ2ZW5jb2RlX3RhZyI6InRocmVhZHMuRkVFRC5pbWFnZV91cmxnZW4uMTA4MHgxMDgwLnNkci5mODI3ODcuZGVmYXVsdF9pbWFnZS5jMiJ9&_nc_ht=instagram.fhan4-6.fna.fbcdn.net&_nc_cat=108&_nc_oc=Q6cZ2QHKjAK0F7k2cW5pJeS7knH-H296vPyPyhveXNNfXitwfPpuZSNOcP2gOSgKhkmgm-M&_nc_ohc=GOgALTUMPpEQ7kNvwEN7zGB&_nc_gid=-ccVPra5TJFCWXE8SiKYaw&edm=AJhczIQBAAAA&ccb=7-5&ig_cache_key=MzgwNDI0MzQ1NTUxNDg3MjUxNw%3D%3D.3-ccb7-5&oh=00_Afo2GfigdgrHwHmEGDxuF7C-MPulw-7uQFcZr1BiGMsWCQ&oe=696B8CC0&_nc_sid=4a2096'],,https://www.threads.net/@unitednations/post/DTLY0RdEYrF,[],"{'likes': 3077, 'reposts': 502, 'quotes': 47}",threads,3804243455514872517,United Nations,,"The United States' military intervention in Venezuela violates the country’s sovereignty and the UN charter, while also damaging the foundations of international security, making every country less safe.

– @unitednationshumanrights chief Volker Türk says US operation undermines fundamental principle of international law.

https://www.ohchr.org/en/press-briefing-notes/2026/01/turk-says-us-operation-venezuela-clearly-undermines-fundamental",threads,63077941371,unitednations
[],2026-01-13T10:18:41.834453+07:00,"idgaf if you're Marxist-Leninist марксизм-ленинизм, Anarchist, Juche sasang 주체사상, classical Marxist, Leninist, Maoist 毛泽东思想, Guevarist, Pan-Africanist literally whatever. 

As long as you fuck with anti-imperialism, anti-colonialism, anti-capitalism, and optimally through the lens of historical and dialectical materialism, I fuck with you.

Where my comrades at ❤️✊",2026-01-12T17:08:02+07:00,,3808364786535439173,threads,threads.com,threads_crawler_v1,https://www.threads.net/@nillerus/post/DTaB5iEjRtF,https://instagram.fhan4-3.fna.fbcdn.net/v/t51.2885-19/558269954_17919792792169920_2133769334725815450_n.jpg?stp=dst-jpg_s150x150_tt6&efg=eyJ2ZW5jb2RlX3RhZyI6InByb2ZpbGVfcGljLmRqYW5nby4xMDgwLmMyIn0&_nc_ht=instagram.fhan4-3.fna.fbcdn.net&_nc_cat=100&_nc_oc=Q6cZ2QHKjAK0F7k2cW5pJeS7knH-H296vPyPyhveXNNfXitwfPpuZSNOcP2gOSgKhkmgm-M&_nc_ohc=8vNS0yggYuYQ7kNvwFMQMS8&_nc_gid=-ccVPra5TJFCWXE8SiKYaw&edm=AJhczIQBAAAA&ccb=7-5&oh=00_AfpFfOyuuC-KDm2FpLdRMZXPxlgoh8uPz13_m2KHXXkIqA&oe=696B8820&_nc_sid=4a2096,89,0,278,27,0,['https://instagram.fhan4-3.fna.fbcdn.net/v/t51.2885-15/615084891_17930857542169920_8542251774347566059_n.webp?efg=eyJ2ZW5jb2RlX3RhZyI6InRocmVhZHMuRkVFRC5pbWFnZV91cmxnZW4uMjU3N3gxMzY0LnNkci5mODI3ODcuZGVmYXVsdF9pbWFnZS5jMiJ9&_nc_ht=instagram.fhan4-3.fna.fbcdn.net&_nc_cat=100&_nc_oc=Q6cZ2QHKjAK0F7k2cW5pJeS7knH-H296vPyPyhveXNNfXitwfPpuZSNOcP2gOSgKhkmgm-M&_nc_ohc=q7Chj9QcC4QQ7kNvwGH9xzp&_nc_gid=-ccVPra5TJFCWXE8SiKYaw&edm=AJhczIQBAAAA&ccb=7-5&ig_cache_key=MzgwODM2NDc4NjUzNTQzOTE3Mw%3D%3D.3-ccb7-5&oh=00_Afo00YndzOkqFKLao_wDO0d6gdBPj-ytA0aT0B0_qOwEAQ&oe=696B93EB&_nc_sid=4a2096'],,https://www.threads.net/@nillerus/post/DTaB5iEjRtF,[],"{'likes': 278, 'reposts': 25, 'quotes': 2}",threads,3808364786535439173,Nils Lübke,Leftist Threads,"idgaf if you're Marxist-Leninist марксизм-ленинизм, Anarchist, Juche sasang 주체사상, classical Marxist, Leninist, Maoist 毛泽东思想, Guevarist, Pan-Africanist literally whatever. 

As long as you fuck with anti-imperialism, anti-colonialism, anti-capitalism, and optimally through the lens of historical and dialectical materialism, I fuck with you.

Where my comrades at ❤️✊",threads,65136657919,nillerus
[],2026-01-13T10:18:41.834586+07:00,"president trump is not joking about greenland (as he was with the canada 51st state commentary).

lots of people in the administration working on what a “deal” for greenland would look like. 

the europeans need to take this very seriously.",2026-01-04T23:32:45+07:00,,3802760219647367349,threads,threads.com,threads_crawler_v1,https://www.threads.net/@ianbremmer/post/DTGHkWaEVi1,https://instagram.fhan3-3.fna.fbcdn.net/v/t51.2885-19/357778200_123862250747351_3421445982732042230_n.jpg?stp=dst-jpg_s150x150_tt6&efg=eyJ2ZW5jb2RlX3RhZyI6InByb2ZpbGVfcGljLmRqYW5nby40MDAuYzIifQ&_nc_ht=instagram.fhan3-3.fna.fbcdn.net&_nc_cat=111&_nc_oc=Q6cZ2QHKjAK0F7k2cW5pJeS7knH-H296vPyPyhveXNNfXitwfPpuZSNOcP2gOSgKhkmgm-M&_nc_ohc=ylcGu-YmYa0Q7kNvwEHTpQs&_nc_gid=-ccVPra5TJFCWXE8SiKYaw&edm=AJhczIQBAAAA&ccb=7-5&oh=00_Afoe3vH3mqvAuqQGZ6PQTHXn4ns6K4F499Q9vqpLpO9a5Q&oe=696B9BF6&_nc_sid=4a2096,466,0,4341,450,0,[],,https://www.threads.net/@ianbremmer/post/DTGHkWaEVi1,[],"{'likes': 4341, 'reposts': 437, 'quotes': 13}",threads,3802760219647367349,ian bremmer,,"president trump is not joking about greenland (as he was with the canada 51st state commentary).

lots of people in the administration working on what a “deal” for greenland would look like. 

the europeans need to take this very seriously.",threads,63408943085,ianbremmer
[],2026-01-13T10:18:41.834719+07:00,JUST IN🚨Hungary’s Prime Minister Viktor Orbán accused Brussels of trying to change Europe’s peoples Viktor Orbán said EU policies are erasing Christian values across the continent,2025-12-26T01:45:44+07:00,,3795579393293512145,threads,threads.com,threads_crawler_v1,https://www.threads.net/@dnnposts/post/DSsm1kuDW3R,https://instagram.fhan3-3.fna.fbcdn.net/v/t51.2885-19/470689291_882102614093204_5793133865832075153_n.jpg?stp=dst-jpg_s150x150_tt6&efg=eyJ2ZW5jb2RlX3RhZyI6InByb2ZpbGVfcGljLmRqYW5nby4xMDAwLmMyIn0&_nc_ht=instagram.fhan3-3.fna.fbcdn.net&_nc_cat=1&_nc_oc=Q6cZ2QHKjAK0F7k2cW5pJeS7knH-H296vPyPyhveXNNfXitwfPpuZSNOcP2gOSgKhkmgm-M&_nc_ohc=sZWOohJb3gsQ7kNvwHvj88c&_nc_gid=-ccVPra5TJFCWXE8SiKYaw&edm=AJhczIQBAAAA&ccb=7-5&oh=00_Afp7O9k8nHMA7R1wL8CTeIGJ2lHq3fWjxNml12koC3EGDA&oe=696B8660&_nc_sid=4a2096,440,0,2373,133,0,['https://instagram.fhan4-5.fna.fbcdn.net/v/t51.2885-15/605996329_17900543463350726_137257534993608089_n.webp?efg=eyJ2ZW5jb2RlX3RhZyI6InRocmVhZHMuRkVFRC5pbWFnZV91cmxnZW4uMTIzOHg4MjYuc2RyLmY4Mjc4Ny5kZWZhdWx0X2ltYWdlLmMyIn0&_nc_ht=instagram.fhan4-5.fna.fbcdn.net&_nc_cat=102&_nc_oc=Q6cZ2QHKjAK0F7k2cW5pJeS7knH-H296vPyPyhveXNNfXitwfPpuZSNOcP2gOSgKhkmgm-M&_nc_ohc=c8bXTpfBYOEQ7kNvwHFe2Kx&_nc_gid=-ccVPra5TJFCWXE8SiKYaw&edm=AJhczIQBAAAA&ccb=7-5&ig_cache_key=Mzc5NTU3OTM5MzI5MzUxMjE0NQ%3D%3D.3-ccb7-5&oh=00_Afps8xuOotPUJVj1BYRKneFwO8o-rXBNvusam0gojzPm8g&oe=696B9DED&_nc_sid=4a2096'],,https://www.threads.net/@dnnposts/post/DSsm1kuDW3R,[],"{'likes': 2373, 'reposts': 120, 'quotes': 13}",threads,3795579393293512145,DNN POSTS,,JUST IN🚨Hungary’s Prime Minister Viktor Orbán accused Brussels of trying to change Europe’s peoples Viktor Orbán said EU policies are erasing Christian values across the continent,threads,70505718725,dnnposts
[],2026-01-13T10:18:41.834859+07:00,"The World Ahead 2026- Tổng hợp phân tích trang bìa
Ngày 14-11-2025 tạp chí economist ra một trang bìa về thế giới 2026 và ngay lập tức nhận được sự quan tâm lớn trên các diễn đàn như Reddit, X, 4chan,... Dưới đây mình sẽ tổng hợp lại toàn bộ những phân tích thịnh hành nhất. Chi tiết dưới cmt",2026-01-12T22:16:20+07:00,,3808519959820174844,threads,threads.com,threads_crawler_v1,https://www.threads.net/@simon.dang.suy/post/DTalLmdEQX8,https://instagram.fhan3-2.fna.fbcdn.net/v/t51.2885-19/443253020_1852972058448175_4435800365922175302_n.jpg?stp=dst-jpg_s150x150_tt6&efg=eyJ2ZW5jb2RlX3RhZyI6InByb2ZpbGVfcGljLmRqYW5nby43MjAuYzIifQ&_nc_ht=instagram.fhan3-2.fna.fbcdn.net&_nc_cat=107&_nc_oc=Q6cZ2QHKjAK0F7k2cW5pJeS7knH-H296vPyPyhveXNNfXitwfPpuZSNOcP2gOSgKhkmgm-M&_nc_ohc=KPD_Vj-6cDIQ7kNvwGtsfpm&_nc_gid=-ccVPra5TJFCWXE8SiKYaw&edm=AJhczIQBAAAA&ccb=7-5&oh=00_AfrJPq4uAzG3EBVGIWf7YAkPujepVVKgkKRag1CfLXqcDA&oe=696B835F&_nc_sid=4a2096,2,0,1,0,0,['https://instagram.fhan4-5.fna.fbcdn.net/v/t51.2885-15/611648484_17922002979226838_1588812352524375943_n.jpg?stp=dst-jpg_e35_tt6&efg=eyJ2ZW5jb2RlX3RhZyI6InRocmVhZHMuRkVFRC5pbWFnZV91cmxnZW4uMTEzMngxNTIzLnNkci5mODI3ODcuZGVmYXVsdF9pbWFnZS5jMiJ9&_nc_ht=instagram.fhan4-5.fna.fbcdn.net&_nc_cat=102&_nc_oc=Q6cZ2QHKjAK0F7k2cW5pJeS7knH-H296vPyPyhveXNNfXitwfPpuZSNOcP2gOSgKhkmgm-M&_nc_ohc=j5ZnDHIHjfcQ7kNvwHIExn2&_nc_gid=-ccVPra5TJFCWXE8SiKYaw&edm=AJhczIQBAAAA&ccb=7-5&ig_cache_key=MzgwODUxOTk1OTgyMDE3NDg0NA%3D%3D.3-ccb7-5&oh=00_AfqQZc4Prn9blCjcFuGR5X0Us5gmzrcJPBOqmNCtJ4VZMg&oe=696B8F99&_nc_sid=4a2096'],,https://www.threads.net/@simon.dang.suy/post/DTalLmdEQX8,[],"{'likes': 1, 'reposts': 0, 'quotes': 0}",threads,3808519959820174844,Nguyễn Văn Quang,theeconomist,"The World Ahead 2026- Tổng hợp phân tích trang bìa
Ngày 14-11-2025 tạp chí economist ra một trang bìa về thế giới 2026 và ngay lập tức nhận được sự quan tâm lớn trên các diễn đàn như Reddit, X, 4chan,... Dưới đây mình sẽ tổng hợp lại toàn bộ những phân tích thịnh hành nhất. Chi tiết dưới cmt",threads,66790546837,simon.dang.suy
[],2026-01-13T10:18:41.835014+07:00,"We failed Ho Chi Minh so bad its fucking EMBARRASSING. 

Hãy tưởng tượng bạn sống ở 1 đất nước XHCN có hơn 1000 năm chống đô hộ, chống giặc ngoại xâm, chúng ta rao giảng về hòa bình, về sự kháng cự chủ nghĩa đế quốc. NHƯNG CHÚNG TA MỞ CỬA ĐÓN BỌN  ĐẾ QUỐC DIEETJ CHUNGR!?!?!?!!!? 

CÁI ĐÉO GÌ VẬY? I CANT ACCEPT THIS, Đưa lao động Việt sang ""tái thiết Israel"" and now this????

This is so fucking disappointing, its disgusting, THE IRONY OF THIS SHIT URRGHHH HEY SIRI ĐỂ TRÁI ĐẤT NỔ TUNG NGAY BÂY GIỜ",2026-01-07T00:07:24+07:00,,3804227205984111408,threads,threads.com,threads_crawler_v1,https://www.threads.net/@dayumarmar._/post/DTLVHz5j0sw,https://instagram.fhan3-4.fna.fbcdn.net/v/t51.2885-19/498013250_18055841552223736_3763856057408045143_n.jpg?stp=dst-jpg_s150x150_tt6&efg=eyJ2ZW5jb2RlX3RhZyI6InByb2ZpbGVfcGljLmRqYW5nby45NTguYzIifQ&_nc_ht=instagram.fhan3-4.fna.fbcdn.net&_nc_cat=104&_nc_oc=Q6cZ2QHKjAK0F7k2cW5pJeS7knH-H296vPyPyhveXNNfXitwfPpuZSNOcP2gOSgKhkmgm-M&_nc_ohc=myam8rK5MUcQ7kNvwFxYmrC&_nc_gid=-ccVPra5TJFCWXE8SiKYaw&edm=AJhczIQBAAAA&ccb=7-5&oh=00_AfrsHNChXZnTkijAGLe-RcxYEhhLdntlnglym4VueUYhjg&oe=696BA30E&_nc_sid=4a2096,91,0,824,279,0,['https://instagram.fhan4-5.fna.fbcdn.net/v/t51.2885-15/611258001_17935959534113655_430275310330227941_n.webp?efg=eyJ2ZW5jb2RlX3RhZyI6InRocmVhZHMuRkVFRC5pbWFnZV91cmxnZW4uMTA4MHgyMzQwLnNkci5mODI3ODcuZGVmYXVsdF9pbWFnZS5jMiJ9&_nc_ht=instagram.fhan4-5.fna.fbcdn.net&_nc_cat=103&_nc_oc=Q6cZ2QHKjAK0F7k2cW5pJeS7knH-H296vPyPyhveXNNfXitwfPpuZSNOcP2gOSgKhkmgm-M&_nc_ohc=JIcGD31kdsYQ7kNvwGxmWrC&_nc_gid=-ccVPra5TJFCWXE8SiKYaw&edm=AJhczIQBAAAA&ccb=7-5&ig_cache_key=MzgwNDIyNzIwNTk4NDExMTQwOA%3D%3D.3-ccb7-5&oh=00_Afrfjl5cqcIRzGz0C191E7dZMGvUyTEMmNR9T411H1mwDw&oe=696B8FD5&_nc_sid=4a2096'],,https://www.threads.net/@dayumarmar._/post/DTLVHz5j0sw,[],"{'likes': 824, 'reposts': 265, 'quotes': 14}",threads,3804227205984111408,Marceline,,"We failed Ho Chi Minh so bad its fucking EMBARRASSING. 

Hãy tưởng tượng bạn sống ở 1 đất nước XHCN có hơn 1000 năm chống đô hộ, chống giặc ngoại xâm, chúng ta rao giảng về hòa bình, về sự kháng cự chủ nghĩa đế quốc. NHƯNG CHÚNG TA MỞ CỬA ĐÓN BỌN  ĐẾ QUỐC DIEETJ CHUNGR!?!?!?!!!? 

CÁI ĐÉO GÌ VẬY? I CANT ACCEPT THIS, Đưa lao động Việt sang ""tái thiết Israel"" and now this????

This is so fucking disappointing, its disgusting, THE IRONY OF THIS SHIT URRGHHH HEY SIRI ĐỂ TRÁI ĐẤT NỔ TUNG NGAY BÂY GIỜ",threads,63428961654,dayumarmar._
[],2026-01-13T10:18:41.835165+07:00,"Số 1 cho lynn.wls, đây là minh chứng cho hậu quả giáo dục “yêu Bác” nhưng không dạy đủ rằng Bác đã đấu tranh cho những gì. Bác đặt dân tộc mình lên đầu, nhưng cũng đặt các dân tộc bị đàn áp khác trong tâm trí. Bác viết về hệ thống phân biệt chủng tộc (The Black Race), bác gửi điện tín ủng hộ giải phóng cho nhân dân Palestine và kịch liệt phản đối đô hộ Ích xà. (Ảnh dưới comment) Sử dụng luận điểm này để bào chữa cho việc bỏ tiền dùng cho subscription là vô lí.

Số 2 cho chee.fone, bạn rỗng tuếch",2025-12-16T16:33:21+07:00,,3788778384412087106,threads,threads.com,threads_crawler_v1,https://www.threads.net/@hanzagu/post/DSUcd3nj5NC,https://instagram.fhan3-4.fna.fbcdn.net/v/t51.2885-19/608774720_17928468168188910_2558049151545382498_n.jpg?stp=dst-jpg_s150x150_tt6&efg=eyJ2ZW5jb2RlX3RhZyI6InByb2ZpbGVfcGljLmRqYW5nby4xMDgwLmMyIn0&_nc_ht=instagram.fhan3-4.fna.fbcdn.net&_nc_cat=106&_nc_oc=Q6cZ2QHKjAK0F7k2cW5pJeS7knH-H296vPyPyhveXNNfXitwfPpuZSNOcP2gOSgKhkmgm-M&_nc_ohc=VLU29pVYrwwQ7kNvwHbrjlj&_nc_gid=-ccVPra5TJFCWXE8SiKYaw&edm=AJhczIQBAAAA&ccb=7-5&oh=00_AfqGwZIOO7l_GrvCnHxrbIotaYXmNdg7hVqjuDR3dFXIdQ&oe=696B74C0&_nc_sid=4a2096,44,0,824,178,0,['https://instagram.fhan3-4.fna.fbcdn.net/v/t51.2885-15/598636242_17926301589188910_2913778816060031874_n.jpg?stp=dst-jpg_e35_tt6&efg=eyJ2ZW5jb2RlX3RhZyI6InRocmVhZHMuRkVFRC5pbWFnZV91cmxnZW4uMTI5MHg4NjAuc2RyLmY4Mjc4Ny5kZWZhdWx0X2ltYWdlLmMyIn0&_nc_ht=instagram.fhan3-4.fna.fbcdn.net&_nc_cat=106&_nc_oc=Q6cZ2QHKjAK0F7k2cW5pJeS7knH-H296vPyPyhveXNNfXitwfPpuZSNOcP2gOSgKhkmgm-M&_nc_ohc=NHm2EuHyTdQQ7kNvwHcDBky&_nc_gid=-ccVPra5TJFCWXE8SiKYaw&edm=AJhczIQBAAAA&ccb=7-5&ig_cache_key=Mzc4ODc3ODM4NDQxMjA4NzEwNg%3D%3D.3-ccb7-5&oh=00_AfrZiFke9SP_sf7Y0LpwRf_OizK_q834wRazO2Urz_1NGA&oe=696B949F&_nc_sid=4a2096'],,https://www.threads.net/@hanzagu/post/DSUcd3nj5NC,[],"{'likes': 824, 'reposts': 170, 'quotes': 8}",threads,3788778384412087106,your stranger,,"Số 1 cho lynn.wls, đây là minh chứng cho hậu quả giáo dục “yêu Bác” nhưng không dạy đủ rằng Bác đã đấu tranh cho những gì. Bác đặt dân tộc mình lên đầu, nhưng cũng đặt các dân tộc bị đàn áp khác trong tâm trí. Bác viết về hệ thống phân biệt chủng tộc (The Black Race), bác gửi điện tín ủng hộ giải phóng cho nhân dân Palestine và kịch liệt phản đối đô hộ Ích xà. (Ảnh dưới comment) Sử dụng luận điểm này để bào chữa cho việc bỏ tiền dùng cho subscription là vô lí.

Số 2 cho chee.fone, bạn rỗng tuếch",threads,65606652909,hanzagu
[],2026-01-13T10:18:41.835389+07:00,"Ukraine can always count on Europe, dear @zelenskyy_official. 

We want a just and lasting peace, with respect for Ukraine’s territorial integrity. 

Our work continues, together with President Trump and other European leaders, tomorrow in Washington D.C.",2025-08-17T22:51:36+07:00,,3701270886767021227,threads,threads.com,threads_crawler_v1,https://www.threads.net/@ursulavonderleyen/post/DNdjkLnPkyr,https://instagram.fhan4-1.fna.fbcdn.net/v/t51.2885-19/419101328_977595113714441_6434459247322879841_n.jpg?stp=dst-jpg_s150x150_tt6&efg=eyJ2ZW5jb2RlX3RhZyI6InByb2ZpbGVfcGljLmRqYW5nby43MjAuYzIifQ&_nc_ht=instagram.fhan4-1.fna.fbcdn.net&_nc_cat=105&_nc_oc=Q6cZ2QHKjAK0F7k2cW5pJeS7knH-H296vPyPyhveXNNfXitwfPpuZSNOcP2gOSgKhkmgm-M&_nc_ohc=UJxvgtBz_YUQ7kNvwFNATRt&_nc_gid=-ccVPra5TJFCWXE8SiKYaw&edm=AJhczIQBAAAA&ccb=7-5&oh=00_AforlFKoA2Ns2j7B7fyrBnZP4SoD7eBFH3BxzAiM9G757Q&oe=696B7D6F&_nc_sid=4a2096,371,0,6473,431,0,"['https://instagram.fhan4-6.fna.fbcdn.net/v/t51.2885-15/533097617_18233678839289313_5401584661516838004_n.jpg?stp=dst-jpg_e15_tt6&efg=eyJ2ZW5jb2RlX3RhZyI6InRocmVhZHMuRkVFRC5pbWFnZV91cmxnZW4uMTE1NHgyMDQ4LnNkci5mODI3ODcuZGVmYXVsdF9jb3Zlcl9mcmFtZS5jMiJ9&_nc_ht=instagram.fhan4-6.fna.fbcdn.net&_nc_cat=109&_nc_oc=Q6cZ2QHKjAK0F7k2cW5pJeS7knH-H296vPyPyhveXNNfXitwfPpuZSNOcP2gOSgKhkmgm-M&_nc_ohc=u8NLn2a-9PwQ7kNvwG1SWf2&_nc_gid=-ccVPra5TJFCWXE8SiKYaw&edm=AJhczIQBAAAA&ccb=7-5&ig_cache_key=MzcwMTI3MDg4Njc2NzAyMTIyNw%3D%3D.3-ccb7-5&oh=00_Afrbez8p26z2RM9DJSqYZVYQqm7t__4CGgVoJfwtoJmfzg&oe=696B87EB&_nc_sid=4a2096', 'https://instagram.fhan3-3.fna.fbcdn.net/o1/v/t2/f2/m86/AQMs4fncCM2MKkhzdH0-WVrCEjiaxGQ5daYkyO21J1-r4xzCeARhbz3S_U-2Bl3Mjoeb8Mbe-ufd9UPxPVXCzGiIdY_uPGbCegL9QHQ.mp4?_nc_cat=101&_nc_oc=AdkMLz3f-YVNd8iBFqhIJMnLnJj_LoMgE2D-ffAEr4_YmiUfjlzyUiminq3WW-bU4F4&_nc_sid=5e9851&_nc_ht=instagram.fhan3-3.fna.fbcdn.net&_nc_ohc=xsT7re2XS5kQ7kNvwFegHTk&efg=eyJ2ZW5jb2RlX3RhZyI6Inhwdl9wcm9ncmVzc2l2ZS5JTlNUQUdSQU0uRkVFRC5DMy43MjAuZGFzaF9iYXNlbGluZV8xX3YxIiwieHB2X2Fzc2V0X2lkIjo3OTMyNDk1MDA1MzExNDcsImFzc2V0X2FnZV9kYXlzIjoxNDgsInZpX3VzZWNhc2VfaWQiOjEwMDk5LCJkdXJhdGlvbl9zIjoyNCwidXJsZ2VuX3NvdXJjZSI6Ind3dyJ9&ccb=17-1&_nc_gid=-ccVPra5TJFCWXE8SiKYaw&_nc_zt=28&vs=ce7cb6672e050319&_nc_vs=HBksFQIYUmlnX3hwdl9yZWVsc19wZXJtYW5lbnRfc3JfcHJvZC8wNTQxMkI0RDQ3NzUxRTFDREFEOTcyREE1MTU1Mjc4MF92aWRlb19kYXNoaW5pdC5tcDQVAALIARIAFQIYOnBhc3N0aHJvdWdoX2V2ZXJzdG9yZS9HQVFSNFI4cW5kZlcwTklDQUlZc0w0LWNNQWRjYnFfRUFBQUYVAgLIARIAKAAYABsCiAd1c2Vfb2lsATEScHJvZ3Jlc3NpdmVfcmVjaXBlATEVAAAmlqeUq5nd6AIVAigCQzMsF0A4Cj1wo9cKGBJkYXNoX2Jhc2VsaW5lXzFfdjERAHXqB2XmnQEA&oh=00_Afp6l1HDl1YewNBjAmUrhCviKdc2fd32tTMFxiA5xfnyGg&oe=69678426']",,https://www.threads.net/@ursulavonderleyen/post/DNdjkLnPkyr,[],"{'likes': 6473, 'reposts': 404, 'quotes': 27}",threads,3701270886767021227,Ursula von der Leyen,,"Ukraine can always count on Europe, dear @zelenskyy_official. 

We want a just and lasting peace, with respect for Ukraine’s territorial integrity. 

Our work continues, together with President Trump and other European leaders, tomorrow in Washington D.C.",threads,64041142848,ursulavonderleyen
[],2026-01-13T10:18:41.835618+07:00,"This week in New York, I’ll be meeting leaders from across the globe.

On Sunday, together with António Costa and Kaja Kallas, we met with:

@unitednations Secretary-General, @antonioguterres, to reaffirm our unwavering support for his efforts to reform and revitalise the UN system;

And the @africanunion_official Commission Chairperson, Mahamoud Ali Youssouf.

Europe and Africa are natural partners, and we’re preparing for an important Summit in Angola this November.",2025-09-22T19:09:47+07:00,,3727251182566819310,threads,threads.com,threads_crawler_v1,https://www.threads.net/@ursulavonderleyen/post/DO52zPljMXu,https://instagram.fhan4-1.fna.fbcdn.net/v/t51.2885-19/419101328_977595113714441_6434459247322879841_n.jpg?stp=dst-jpg_s150x150_tt6&efg=eyJ2ZW5jb2RlX3RhZyI6InByb2ZpbGVfcGljLmRqYW5nby43MjAuYzIifQ&_nc_ht=instagram.fhan4-1.fna.fbcdn.net&_nc_cat=105&_nc_oc=Q6cZ2QHKjAK0F7k2cW5pJeS7knH-H296vPyPyhveXNNfXitwfPpuZSNOcP2gOSgKhkmgm-M&_nc_ohc=UJxvgtBz_YUQ7kNvwFNATRt&_nc_gid=-ccVPra5TJFCWXE8SiKYaw&edm=AJhczIQBAAAA&ccb=7-5&oh=00_AforlFKoA2Ns2j7B7fyrBnZP4SoD7eBFH3BxzAiM9G757Q&oe=696B7D6F&_nc_sid=4a2096,33,0,521,39,0,['https://instagram.fhan3-3.fna.fbcdn.net/v/t51.2885-15/552306054_1144724924262493_8997559657147309372_n.jpg?stp=dst-jpg_e15_tt6&efg=eyJ2ZW5jb2RlX3RhZyI6InRocmVhZHMuQ0FST1VTRUxfSVRFTS5pbWFnZV91cmxnZW4uNjQweDExMzYuc2RyLmY3MTg3OC5kZWZhdWx0X2NvdmVyX2ZyYW1lLmMyIn0&_nc_ht=instagram.fhan3-3.fna.fbcdn.net&_nc_cat=101&_nc_oc=Q6cZ2QHKjAK0F7k2cW5pJeS7knH-H296vPyPyhveXNNfXitwfPpuZSNOcP2gOSgKhkmgm-M&_nc_ohc=6Mn19sr6aJ4Q7kNvwFMdAQC&_nc_gid=-ccVPra5TJFCWXE8SiKYaw&edm=AJhczIQBAAAA&ccb=7-5&ig_cache_key=MzcyNzI0OTk3MDQ0NjUyMjQ4OQ%3D%3D.3-ccb7-5&oh=00_AfrOJhZQhTvGi7mtcERvGcnWSQXzomybU0NwCkl46mTmLg&oe=696B775F&_nc_sid=4a2096'],,https://www.threads.net/@ursulavonderleyen/post/DO52zPljMXu,[],"{'likes': 521, 'reposts': 36, 'quotes': 3}",threads,3727251182566819310,Ursula von der Leyen,,"This week in New York, I’ll be meeting leaders from across the globe.

On Sunday, together with António Costa and Kaja Kallas, we met with:

@unitednations Secretary-General, @antonioguterres, to reaffirm our unwavering support for his efforts to reform and revitalise the UN system;

And the @africanunion_official Commission Chairperson, Mahamoud Ali Youssouf.

Europe and Africa are natural partners, and we’re preparing for an important Summit in Angola this November.",threads,64041142848,ursulavonderleyen
[],2026-01-13T10:18:41.835768+07:00,"Welcome to the euro family, Bulgaria 🇧🇬🤝🇪🇺 
 
Today we celebrate the 21st member adopting our single currency 💶 
 
Здравей, България!",2026-01-01T16:29:11+07:00,,3800372638813269441,threads,threads.com,threads_crawler_v1,https://www.threads.net/@europeancentralbank/post/DS9oseelC3B,https://instagram.fhan4-5.fna.fbcdn.net/v/t51.2885-19/465823210_918651103481030_4884051052211544634_n.jpg?stp=dst-jpg_s150x150_tt6&efg=eyJ2ZW5jb2RlX3RhZyI6InByb2ZpbGVfcGljLmRqYW5nby4xMDgwLmMyIn0&_nc_ht=instagram.fhan4-5.fna.fbcdn.net&_nc_cat=102&_nc_oc=Q6cZ2QHKjAK0F7k2cW5pJeS7knH-H296vPyPyhveXNNfXitwfPpuZSNOcP2gOSgKhkmgm-M&_nc_ohc=GmwUPreP_hUQ7kNvwGs0Kv4&_nc_gid=-ccVPra5TJFCWXE8SiKYaw&edm=AJhczIQBAAAA&ccb=7-5&oh=00_AfpCqASEUAbmjAOx6EWWO4IVv5NqXa5-gILh4VtljOHcUw&oe=696B7AC5&_nc_sid=4a2096,11,0,232,25,0,['https://instagram.fhan4-6.fna.fbcdn.net/v/t51.2885-15/608671684_17930310741161061_2394983633686942641_n.jpg?stp=dst-jpg_e35_tt6&efg=eyJ2ZW5jb2RlX3RhZyI6InRocmVhZHMuRkVFRC5pbWFnZV91cmxnZW4uMTA3OXgxMzQ5LnNkci5mODI3ODcuZGVmYXVsdF9pbWFnZS5jMiJ9&_nc_ht=instagram.fhan4-6.fna.fbcdn.net&_nc_cat=109&_nc_oc=Q6cZ2QHKjAK0F7k2cW5pJeS7knH-H296vPyPyhveXNNfXitwfPpuZSNOcP2gOSgKhkmgm-M&_nc_ohc=2H8ekv9SK-oQ7kNvwHzTe8K&_nc_gid=-ccVPra5TJFCWXE8SiKYaw&edm=AJhczIQBAAAA&ccb=7-5&ig_cache_key=MzgwMDM3MjYzODgxMzI2OTQ0MQ%3D%3D.3-ccb7-5&oh=00_Afq_fR_coGV3ijPZ6t-jFLNQX1BGbX0otAR4JRPTElS0Vw&oe=696B877C&_nc_sid=4a2096'],,https://www.threads.net/@europeancentralbank/post/DS9oseelC3B,[],"{'likes': 232, 'reposts': 22, 'quotes': 3}",threads,3800372638813269441,European Central Bank (ECB),,"Welcome to the euro family, Bulgaria 🇧🇬🤝🇪🇺 
 
Today we celebrate the 21st member adopting our single currency 💶 
 
Здравей, България!",threads,64898377060,europeancentralbank
[],2026-01-13T10:18:41.835907+07:00,"EU Economy Overtakes China! 🇪🇺📈🇨🇳

According to the latest IMF data (2025), the European Union’s economy has now surpassed China’s in size:
💶 EU: $19.99 trillion
💴 China: $19.23 trillion

📊 This marks a major shift in global economic balance, with the EU once again securing its position as the world’s second-largest economy after the United States.

With the U.S. far ahead, will the EU be able to catch up? 🌍

#EU #China #Economy #IMF #EuropeanUnion #News #Data #EUMS",2025-08-24T14:17:10+07:00,,3706085406678894048,threads,threads.com,threads_crawler_v1,https://www.threads.net/@eu_made_simple/post/DNuqQqsWsXg,https://instagram.fhan4-6.fna.fbcdn.net/v/t51.2885-19/472439862_1065398798668101_1780731845034796862_n.jpg?stp=dst-jpg_s150x150_tt6&efg=eyJ2ZW5jb2RlX3RhZyI6InByb2ZpbGVfcGljLmRqYW5nby4xMDgwLmMyIn0&_nc_ht=instagram.fhan4-6.fna.fbcdn.net&_nc_cat=109&_nc_oc=Q6cZ2QHKjAK0F7k2cW5pJeS7knH-H296vPyPyhveXNNfXitwfPpuZSNOcP2gOSgKhkmgm-M&_nc_ohc=Kdy-NeBnxFgQ7kNvwFxUrzf&_nc_gid=-ccVPra5TJFCWXE8SiKYaw&edm=AJhczIQBAAAA&ccb=7-5&oh=00_Afpg1dTXcfMEQ8mVGGFj3sAV-gdUnmmDGl8wLd9zZP5Nzw&oe=696B8EA0&_nc_sid=4a2096,266,0,620,27,0,['https://instagram.fhan3-3.fna.fbcdn.net/v/t51.2885-15/539274843_17978526782906951_1728339104849427055_n.jpg?stp=dst-jpg_e35_tt6&efg=eyJ2ZW5jb2RlX3RhZyI6InRocmVhZHMuRkVFRC5pbWFnZV91cmxnZW4uMTM1MHgxNjg4LnNkci5mODI3ODcuZGVmYXVsdF9pbWFnZS5jMiJ9&_nc_ht=instagram.fhan3-3.fna.fbcdn.net&_nc_cat=111&_nc_oc=Q6cZ2QHKjAK0F7k2cW5pJeS7knH-H296vPyPyhveXNNfXitwfPpuZSNOcP2gOSgKhkmgm-M&_nc_ohc=EUOrsJrpRuoQ7kNvwHClbwM&_nc_gid=-ccVPra5TJFCWXE8SiKYaw&edm=AJhczIQBAAAA&ccb=7-5&ig_cache_key=MzcwNjA4NTQwNjY3ODg5NDA0OA%3D%3D.3-ccb7-5&oh=00_Afp5-sDHOWy2sYgCCj-B8sjyoRdpQjb974gooizdZ3fe6Q&oe=696B8C85&_nc_sid=4a2096'],,https://www.threads.net/@eu_made_simple/post/DNuqQqsWsXg,[],"{'likes': 620, 'reposts': 25, 'quotes': 2}",threads,3706085406678894048,EUMS,,"EU Economy Overtakes China! 🇪🇺📈🇨🇳

According to the latest IMF data (2025), the European Union’s economy has now surpassed China’s in size:
💶 EU: $19.99 trillion
💴 China: $19.23 trillion

📊 This marks a major shift in global economic balance, with the EU once again securing its position as the world’s second-largest economy after the United States.

With the U.S. far ahead, will the EU be able to catch up? 🌍

#EU #China #Economy #IMF #EuropeanUnion #News #Data #EUMS",threads,65981090572,eu_made_simple
[],2026-01-13T10:18:41.836072+07:00,"Bismillahirrahmanirrahim,
Alhamdulilah, Segala puji bagi Allah, Tuhan seluruh alam.

On 19th of Nov 2025, I am officially a Doctor of Philosophy graduated at the Royal College of Surgeons in Ireland (RCSI) ! 🇲🇾🇮🇪

Thanks to all support from families, friends, FutureNeuro (RCSI) & Marie Skłodowska-Curie Actions (MSCA)-a European Union funding program and Ireland for funding my research🤝

#phd #phdgraduation #rcsidublin #malaysia #ireland #postgraduate #mariecurie",2025-11-20T20:49:04+07:00,,3770062923994038062,threads,threads.com,threads_crawler_v1,https://www.threads.net/@hmd.ghn/post/DRR9EE1iP8u,https://instagram.fhan3-4.fna.fbcdn.net/v/t51.2885-19/450503521_1002337611619876_4932102863229739552_n.jpg?stp=dst-jpg_s150x150_tt6&efg=eyJ2ZW5jb2RlX3RhZyI6InByb2ZpbGVfcGljLmRqYW5nby4xMDgwLmMyIn0&_nc_ht=instagram.fhan3-4.fna.fbcdn.net&_nc_cat=104&_nc_oc=Q6cZ2QHKjAK0F7k2cW5pJeS7knH-H296vPyPyhveXNNfXitwfPpuZSNOcP2gOSgKhkmgm-M&_nc_ohc=H-1C6d71nUsQ7kNvwEgeEco&_nc_gid=-ccVPra5TJFCWXE8SiKYaw&edm=AJhczIQBAAAA&ccb=7-5&oh=00_Afo6HqwAKV-LLRYwW3iTsfFWTlQExjM54HHNH-na82xSvw&oe=696B9AC9&_nc_sid=4a2096,283,0,12275,451,0,['https://instagram.fhan4-5.fna.fbcdn.net/v/t51.2885-15/584357818_17906576928268610_93851305340116993_n.jpg?se=-1&stp=dst-jpegr_e35_tt6&efg=eyJ2ZW5jb2RlX3RhZyI6InRocmVhZHMuQ0FST1VTRUxfSVRFTS5pbWFnZV91cmxnZW4uMTQ0MHgxOTIwLmhkci5mODI3ODcuZGVmYXVsdF9pbWFnZS5jMiJ9&_nc_ht=instagram.fhan4-5.fna.fbcdn.net&_nc_cat=102&_nc_oc=Q6cZ2QHKjAK0F7k2cW5pJeS7knH-H296vPyPyhveXNNfXitwfPpuZSNOcP2gOSgKhkmgm-M&_nc_ohc=CoQ5buQ7TYUQ7kNvwG2z69H&_nc_gid=-ccVPra5TJFCWXE8SiKYaw&edm=AJhczIQBAAAA&ccb=7-5&ig_cache_key=Mzc3MDA2MjkxNTAwMTQxMTQ1NA%3D%3D.3-ccb7-5&oh=00_AfrSdnFWQx_x-XacOvBj94t9yYTualA9Z8LavC-rF2Pojw&oe=696B7B87&_nc_sid=4a2096'],,https://www.threads.net/@hmd.ghn/post/DRR9EE1iP8u,[],"{'likes': 12275, 'reposts': 427, 'quotes': 24}",threads,3770062923994038062,hmdghn,,"Bismillahirrahmanirrahim,
Alhamdulilah, Segala puji bagi Allah, Tuhan seluruh alam.

On 19th of Nov 2025, I am officially a Doctor of Philosophy graduated at the Royal College of Surgeons in Ireland (RCSI) ! 🇲🇾🇮🇪

Thanks to all support from families, friends, FutureNeuro (RCSI) & Marie Skłodowska-Curie Actions (MSCA)-a European Union funding program and Ireland for funding my research🤝

#phd #phdgraduation #rcsidublin #malaysia #ireland #postgraduate #mariecurie",threads,67931348609,hmd.ghn
[],2026-01-13T10:18:41.836213+07:00,"Colombian President Gustavo Petro proposed reviving Gran Colombia through a public vote, rebuilding it as a confederation of autonomous nations. 

He said it would share policies chosen by the people, focus on industrial development, clean energy, technology, and connectivity, and create a common parliament, court, and governing council, similar to the European Union, to boost regional power and tourism.",2026-01-11T23:25:45+07:00,,3807830119747028493,threads,threads.com,threads_crawler_v1,https://www.threads.net/@roguednc/post/DTYIVG0jgYN,https://instagram.fhan3-3.fna.fbcdn.net/v/t51.2885-19/430172727_745752207515343_1877391772961804557_n.jpg?stp=dst-jpg_s150x150_tt6&efg=eyJ2ZW5jb2RlX3RhZyI6InByb2ZpbGVfcGljLmRqYW5nby45NjAuYzIifQ&_nc_ht=instagram.fhan3-3.fna.fbcdn.net&_nc_cat=1&_nc_oc=Q6cZ2QHKjAK0F7k2cW5pJeS7knH-H296vPyPyhveXNNfXitwfPpuZSNOcP2gOSgKhkmgm-M&_nc_ohc=R5wTffv4DNsQ7kNvwFQluSv&_nc_gid=-ccVPra5TJFCWXE8SiKYaw&edm=AJhczIQBAAAA&ccb=7-5&oh=00_Afo5jE7WAdEjTzAev962jlgrW_ZBcTIr6KbQurdbIdISmg&oe=696B7FA3&_nc_sid=4a2096,40,0,279,17,0,['https://instagram.fhan4-6.fna.fbcdn.net/v/t51.2885-15/615226352_18347421481224537_7586023181105191187_n.jpg?stp=dst-jpg_e35_tt6&efg=eyJ2ZW5jb2RlX3RhZyI6InRocmVhZHMuRkVFRC5pbWFnZV91cmxnZW4uMTA4MHgxMDgwLnNkci5mODI3ODcuZGVmYXVsdF9pbWFnZS5jMiJ9&_nc_ht=instagram.fhan4-6.fna.fbcdn.net&_nc_cat=109&_nc_oc=Q6cZ2QHKjAK0F7k2cW5pJeS7knH-H296vPyPyhveXNNfXitwfPpuZSNOcP2gOSgKhkmgm-M&_nc_ohc=eHyijcZ0r1gQ7kNvwFYFCbp&_nc_gid=-ccVPra5TJFCWXE8SiKYaw&edm=AJhczIQBAAAA&ccb=7-5&ig_cache_key=MzgwNzgzMDExOTc0NzAyODQ5Mw%3D%3D.3-ccb7-5&oh=00_AfqGsUDSezOVMmKa9jRjbpU17b-_s1KoQx_fbbm_t8MVKQ&oe=696B89A2&_nc_sid=4a2096'],,https://www.threads.net/@roguednc/post/DTYIVG0jgYN,[],"{'likes': 279, 'reposts': 17, 'quotes': 0}",threads,3807830119747028493,RogueDNC,,"Colombian President Gustavo Petro proposed reviving Gran Colombia through a public vote, rebuilding it as a confederation of autonomous nations. 

He said it would share policies chosen by the people, focus on industrial development, clean energy, technology, and connectivity, and create a common parliament, court, and governing council, similar to the European Union, to boost regional power and tourism.",threads,63084722434,roguednc
[],2026-01-13T10:18:41.836348+07:00,"As a European, would you like Ukraine 🇺🇦 to join the European Union? 🇪🇺",2025-04-17T04:44:37+07:00,,3612301165025029692,threads,threads.com,threads_crawler_v1,https://www.threads.net/@vytsenko/post/DIheMVTC-48,https://instagram.fhan4-6.fna.fbcdn.net/v/t51.2885-19/491579281_1404359037589905_8667112657793614164_n.jpg?stp=dst-jpg_s150x150_tt6&efg=eyJ2ZW5jb2RlX3RhZyI6InByb2ZpbGVfcGljLmRqYW5nby41NDEuYzIifQ&_nc_ht=instagram.fhan4-6.fna.fbcdn.net&_nc_cat=109&_nc_oc=Q6cZ2QHKjAK0F7k2cW5pJeS7knH-H296vPyPyhveXNNfXitwfPpuZSNOcP2gOSgKhkmgm-M&_nc_ohc=Zg_qmWq65RAQ7kNvwGdiAKJ&_nc_gid=-ccVPra5TJFCWXE8SiKYaw&edm=AJhczIQBAAAA&ccb=7-5&oh=00_AfoL8j3T-dGOHWUoeTAlix7Z2CAEVYhPm3l2OXPthLAiPQ&oe=696BA71A&_nc_sid=4a2096,884,0,3140,28,0,[],,https://www.threads.net/@vytsenko/post/DIheMVTC-48,[],"{'likes': 3140, 'reposts': 26, 'quotes': 2}",threads,3612301165025029692,Vanya,EU,"As a European, would you like Ukraine 🇺🇦 to join the European Union? 🇪🇺",threads,63699589194,vytsenko
[],2026-01-13T10:18:41.836491+07:00,"Belgium 🇧🇪 (Brussels), the Capital of European 🇪🇺 Union. The Country of Chocolate, produce the best and superior quality of Chocolate and innovation in the Chocolate Industry. 

#belgium #brussels #cityofchocolate #europe #solotravel #solotraveldiaries✈️🌍 #adventure #pakistan",2025-09-10T17:37:08+07:00,,3718507243609261966,threads,threads.com,threads_crawler_v1,https://www.threads.net/@kami.changezi/post/DOayqL2DAeO,https://instagram.fhan3-2.fna.fbcdn.net/v/t51.2885-19/421764996_237235049343535_2753792933217523038_n.jpg?stp=dst-jpg_s150x150_tt6&efg=eyJ2ZW5jb2RlX3RhZyI6InByb2ZpbGVfcGljLmRqYW5nby4xMDgwLmMyIn0&_nc_ht=instagram.fhan3-2.fna.fbcdn.net&_nc_cat=107&_nc_oc=Q6cZ2QHlwbsWvdk4HrRTB-1QyPEqh5TJN2LaOL1dk7qHQs4zJpLT1eLtOfH2NdQXVPo9JPA&_nc_ohc=Pj_oIBKzsW8Q7kNvwFTLkJH&_nc_gid=TOMrzVw_o0oXqxro1kQ9_A&edm=AJhczIQBAAAA&ccb=7-5&oh=00_Afp8sUpSIMAu0mlxG9Kl42w8oURkDu6CWAsm-AGVByoLlA&oe=696B80EB&_nc_sid=4a2096,1,0,7,0,0,['https://instagram.fhan4-1.fna.fbcdn.net/v/t51.2885-15/543431991_18409374721112165_4349842570459861787_n.jpg?se=-1&stp=dst-jpegr_e35_tt6&efg=eyJ2ZW5jb2RlX3RhZyI6InRocmVhZHMuQ0FST1VTRUxfSVRFTS5pbWFnZV91cmxnZW4uMTQ0MHgxOTIwLmhkci5mODI3ODcuZGVmYXVsdF9pbWFnZS5jMiJ9&_nc_ht=instagram.fhan4-1.fna.fbcdn.net&_nc_cat=105&_nc_oc=Q6cZ2QHlwbsWvdk4HrRTB-1QyPEqh5TJN2LaOL1dk7qHQs4zJpLT1eLtOfH2NdQXVPo9JPA&_nc_ohc=l2ubUV_YkfAQ7kNvwHDdYww&_nc_gid=TOMrzVw_o0oXqxro1kQ9_A&edm=AJhczIQBAAAA&ccb=7-5&ig_cache_key=MzcxODUwNzIzMzkzNzIyNTg4NQ%3D%3D.3-ccb7-5&oh=00_AfoncXg_rcdj-kBVdY0DrStGjWJJMdR3kPm2qZrZ7VRvEw&oe=696B7D37&_nc_sid=4a2096'],,https://www.threads.net/@kami.changezi/post/DOayqL2DAeO,[],"{'likes': 7, 'reposts': 0, 'quotes': 0}",threads,3718507243609261966,Kamran Ali Changezi,,"Belgium 🇧🇪 (Brussels), the Capital of European 🇪🇺 Union. The Country of Chocolate, produce the best and superior quality of Chocolate and innovation in the Chocolate Industry. 

#belgium #brussels #cityofchocolate #europe #solotravel #solotraveldiaries✈️🌍 #adventure #pakistan",threads,64249324114,kami.changezi
[],2026-01-13T10:18:41.836654+07:00,"BREAKING: 

Elon Musk claims the European Union lacks democratic principles.",2025-12-08T00:37:29+07:00,,3782499074395309352,threads,threads.com,threads_crawler_v1,https://www.threads.net/@global_rift_/post/DR-It4ck4Uo,https://instagram.fhan3-3.fna.fbcdn.net/v/t51.2885-19/518730529_17860517649441647_5520070714743190380_n.jpg?stp=dst-jpg_s150x150_tt6&efg=eyJ2ZW5jb2RlX3RhZyI6InByb2ZpbGVfcGljLmRqYW5nby4xMDgwLmMyIn0&_nc_ht=instagram.fhan3-3.fna.fbcdn.net&_nc_cat=1&_nc_oc=Q6cZ2QHlwbsWvdk4HrRTB-1QyPEqh5TJN2LaOL1dk7qHQs4zJpLT1eLtOfH2NdQXVPo9JPA&_nc_ohc=EHGkspXY5sYQ7kNvwGbsDki&_nc_gid=TOMrzVw_o0oXqxro1kQ9_A&edm=AJhczIQBAAAA&ccb=7-5&oh=00_AfrexjxMzMM6HlQA79gIefWtdE8iOekeyiFHnxD7DS_Mog&oe=696B95A3&_nc_sid=4a2096,1200,0,1083,73,0,['https://instagram.fhan3-3.fna.fbcdn.net/v/t51.2885-15/573197827_17877578097441647_1560084801818514163_n.webp?efg=eyJ2ZW5jb2RlX3RhZyI6InRocmVhZHMuRkVFRC5pbWFnZV91cmxnZW4uMTA4MHg1MjMuc2RyLmY4Mjc4Ny5kZWZhdWx0X2ltYWdlLmMyIn0&_nc_ht=instagram.fhan3-3.fna.fbcdn.net&_nc_cat=111&_nc_oc=Q6cZ2QHlwbsWvdk4HrRTB-1QyPEqh5TJN2LaOL1dk7qHQs4zJpLT1eLtOfH2NdQXVPo9JPA&_nc_ohc=Ot8_1xIOV8AQ7kNvwEhUDx6&_nc_gid=TOMrzVw_o0oXqxro1kQ9_A&edm=AJhczIQBAAAA&ccb=7-5&ig_cache_key=Mzc4MjQ5OTA3NDM5NTMwOTM1Mg%3D%3D.3-ccb7-5&oh=00_AfoR0IIAT2nRD53qV515F76lexi80KcMgzNDQVIExrdgiQ&oe=696BA735&_nc_sid=4a2096'],,https://www.threads.net/@global_rift_/post/DR-It4ck4Uo,[],"{'likes': 1083, 'reposts': 48, 'quotes': 25}",threads,3782499074395309352,global Rift,,"BREAKING: 

Elon Musk claims the European Union lacks democratic principles.",threads,73318473646,global_rift_
[],2026-01-13T10:18:41.836900+07:00,Congratulations to Ukraine who just received $145 Billion from the European Union. 🎉 show Russia who’s winning. 💪🏼,2025-12-21T18:32:02+07:00,,3792461998395918190,threads,threads.com,threads_crawler_v1,https://www.threads.net/@cfritchle/post/DShiBgejodu,https://instagram.fhan3-4.fna.fbcdn.net/v/t51.2885-19/356232861_217701937341328_5468632067332922531_n.jpg?stp=dst-jpg_s150x150_tt6&efg=eyJ2ZW5jb2RlX3RhZyI6InByb2ZpbGVfcGljLmRqYW5nby4xMDgwLmMyIn0&_nc_ht=instagram.fhan3-4.fna.fbcdn.net&_nc_cat=104&_nc_oc=Q6cZ2QHlwbsWvdk4HrRTB-1QyPEqh5TJN2LaOL1dk7qHQs4zJpLT1eLtOfH2NdQXVPo9JPA&_nc_ohc=JKStiIwL3_UQ7kNvwHHtFoj&_nc_gid=TOMrzVw_o0oXqxro1kQ9_A&edm=AJhczIQBAAAA&ccb=7-5&oh=00_AfpWWGckuOs45JzfJMSvA94H8FwHn6PM62L5AQv7kK2eaQ&oe=696B8BA4&_nc_sid=4a2096,244,0,2082,88,0,[],,https://www.threads.net/@cfritchle/post/DShiBgejodu,[],"{'likes': 2082, 'reposts': 88, 'quotes': 0}",threads,3792461998395918190,Chase F,,Congratulations to Ukraine who just received $145 Billion from the European Union. 🎉 show Russia who’s winning. 💪🏼,threads,63454964234,cfritchle
[],2026-01-13T10:18:41.837096+07:00,"EUROPEAN COUNTRIES NOT IN THE EUROPEAN UNION

Do you think the EU is a good idea? 

#geosimplified #geography #geo #politics #geopolitics #eu #europeanunion #uk #brexit #russia #geopolitics #instagram #fyp #explore",2025-12-27T21:21:25+07:00,,3796895910575830139,threads,threads.com,threads_crawler_v1,https://www.threads.net/@geo.simplified/post/DSxSLa_AXR7,https://instagram.fhan4-5.fna.fbcdn.net/v/t51.2885-19/571520389_17847127530594326_5284188021284242971_n.jpg?stp=dst-jpg_s150x150_tt6&efg=eyJ2ZW5jb2RlX3RhZyI6InByb2ZpbGVfcGljLmRqYW5nby41MDAuYzIifQ&_nc_ht=instagram.fhan4-5.fna.fbcdn.net&_nc_cat=102&_nc_oc=Q6cZ2QHlwbsWvdk4HrRTB-1QyPEqh5TJN2LaOL1dk7qHQs4zJpLT1eLtOfH2NdQXVPo9JPA&_nc_ohc=qjD9KbPuvnsQ7kNvwEmNxX9&_nc_gid=TOMrzVw_o0oXqxro1kQ9_A&edm=AJhczIQBAAAA&ccb=7-5&oh=00_AfrhMeJAPnHXQNIoWXOJgMkXjvPJP5zLD1jSUom_xCI5kw&oe=696B7A79&_nc_sid=4a2096,91,0,88,5,0,['https://instagram.fhan3-3.fna.fbcdn.net/v/t51.2885-15/604479029_17905517532304561_1247875349932058875_n.jpg?stp=dst-jpg_e35_tt6&efg=eyJ2ZW5jb2RlX3RhZyI6InRocmVhZHMuQ0FST1VTRUxfSVRFTS5pbWFnZV91cmxnZW4uMTA4MHgxMzUwLnNkci5mODI3ODcuZGVmYXVsdF9pbWFnZS5jMiJ9&_nc_ht=instagram.fhan3-3.fna.fbcdn.net&_nc_cat=101&_nc_oc=Q6cZ2QHlwbsWvdk4HrRTB-1QyPEqh5TJN2LaOL1dk7qHQs4zJpLT1eLtOfH2NdQXVPo9JPA&_nc_ohc=pQyEx4cDgMEQ7kNvwE5410q&_nc_gid=TOMrzVw_o0oXqxro1kQ9_A&edm=AJhczIQBAAAA&ccb=7-5&ig_cache_key=Mzc5Njg5NTkwNjMzOTU4ODk5OA%3D%3D.3-ccb7-5&oh=00_AfqR8Bp4g3Cf7drk7Sofoom5vdRM88VplKfeclGGULhKLQ&oe=696B9E00&_nc_sid=4a2096'],,https://www.threads.net/@geo.simplified/post/DSxSLa_AXR7,[],"{'likes': 88, 'reposts': 5, 'quotes': 0}",threads,3796895910575830139,,,"EUROPEAN COUNTRIES NOT IN THE EUROPEAN UNION

Do you think the EU is a good idea? 

#geosimplified #geography #geo #politics #geopolitics #eu #europeanunion #uk #brexit #russia #geopolitics #instagram #fyp #explore",threads,77913666325,geo.simplified
[],2026-01-13T10:18:41.837236+07:00,If only would rather be the 51st of the USA than be back in the European union,2026-01-08T06:13:59+07:00,,3805136488527225572,threads,threads.com,threads_crawler_v1,https://www.threads.net/@stevenleyland72/post/DTOj3nQiuLk,https://instagram.fhan4-6.fna.fbcdn.net/v/t51.2885-19/489047248_1169060394703532_1885883997164926595_n.jpg?stp=dst-jpg_s150x150_tt6&efg=eyJ2ZW5jb2RlX3RhZyI6InByb2ZpbGVfcGljLmRqYW5nby45NTcuYzIifQ&_nc_ht=instagram.fhan4-6.fna.fbcdn.net&_nc_cat=108&_nc_oc=Q6cZ2QHlwbsWvdk4HrRTB-1QyPEqh5TJN2LaOL1dk7qHQs4zJpLT1eLtOfH2NdQXVPo9JPA&_nc_ohc=wdAeSrWNsocQ7kNvwE7wIoE&_nc_gid=TOMrzVw_o0oXqxro1kQ9_A&edm=AJhczIQBAAAA&ccb=7-5&oh=00_AfrCcK1jujum8KNpSoa8JfGarPmHqEu5Gwm18KktUgnnQA&oe=696B97DF&_nc_sid=4a2096,19,0,2,0,0,[],,https://www.threads.net/@stevenleyland72/post/DTOj3nQiuLk,[],"{'likes': 2, 'reposts': 0, 'quotes': 0}",threads,3805136488527225572,Steven Leyland,,If only would rather be the 51st of the USA than be back in the European union,threads,63404046917,stevenleyland72
[],2026-01-13T10:18:41.837371+07:00,Unpopular opinion: the most racist place is the European Union countries,2025-07-07T04:22:59+07:00,,3670997111981380976,threads,threads.com,threads_crawler_v1,https://www.threads.net/@lulove_nik/post/DLyAGxvIpVw,https://instagram.fhan4-3.fna.fbcdn.net/v/t51.2885-19/502198707_18384573313143648_2753774235635695923_n.jpg?stp=dst-jpg_s150x150_tt6&efg=eyJ2ZW5jb2RlX3RhZyI6InByb2ZpbGVfcGljLmRqYW5nby4xMDgwLmMyIn0&_nc_ht=instagram.fhan4-3.fna.fbcdn.net&_nc_cat=100&_nc_oc=Q6cZ2QHlwbsWvdk4HrRTB-1QyPEqh5TJN2LaOL1dk7qHQs4zJpLT1eLtOfH2NdQXVPo9JPA&_nc_ohc=z70nnlVRWJAQ7kNvwGSbZ1x&_nc_gid=TOMrzVw_o0oXqxro1kQ9_A&edm=AJhczIQBAAAA&ccb=7-5&oh=00_AfrGJBnCCjQ_9a4w9JelQR_LA5tBugjzQhAF-lLv9eXp4w&oe=696B7DD5&_nc_sid=4a2096,78,0,97,1,0,[],,https://www.threads.net/@lulove_nik/post/DLyAGxvIpVw,[],"{'likes': 97, 'reposts': 1, 'quotes': 0}",threads,3670997111981380976,Luba,,Unpopular opinion: the most racist place is the European Union countries,threads,75141379289,lulove_nik
[],2026-01-13T10:18:41.837506+07:00,"🇹🇷 Erdogan says Turkey is ready for full membership in the European Union.

What do you think about this?",2025-12-15T23:38:04+07:00,,3788267376861797886,threads,threads.com,threads_crawler_v1,https://www.threads.net/@bero6234_/post/DSSoRuwDF3-,https://instagram.fhan3-3.fna.fbcdn.net/v/t51.2885-19/471774100_8811411485646841_7439276273885083352_n.jpg?stp=dst-jpg_s150x150_tt6&efg=eyJ2ZW5jb2RlX3RhZyI6InByb2ZpbGVfcGljLmRqYW5nby4xMDgwLmMyIn0&_nc_ht=instagram.fhan3-3.fna.fbcdn.net&_nc_cat=101&_nc_oc=Q6cZ2QHlwbsWvdk4HrRTB-1QyPEqh5TJN2LaOL1dk7qHQs4zJpLT1eLtOfH2NdQXVPo9JPA&_nc_ohc=oO3zZ2m55NgQ7kNvwFxeBPz&_nc_gid=TOMrzVw_o0oXqxro1kQ9_A&edm=AJhczIQBAAAA&ccb=7-5&oh=00_Afqia4o7QDufZ__NW3ozTN3B0Mz1B5PJNNXTuubOTYtpSA&oe=696B8686&_nc_sid=4a2096,445,0,271,11,0,['https://instagram.fhan4-1.fna.fbcdn.net/v/t51.2885-15/601122712_17932862979135689_2609652509957646288_n.jpg?stp=dst-jpg_e35_tt6&efg=eyJ2ZW5jb2RlX3RhZyI6InRocmVhZHMuRkVFRC5pbWFnZV91cmxnZW4uMTIwNng2Nzcuc2RyLmY4Mjc4Ny5kZWZhdWx0X2ltYWdlLmMyIn0&_nc_ht=instagram.fhan4-1.fna.fbcdn.net&_nc_cat=105&_nc_oc=Q6cZ2QHlwbsWvdk4HrRTB-1QyPEqh5TJN2LaOL1dk7qHQs4zJpLT1eLtOfH2NdQXVPo9JPA&_nc_ohc=OVNsdCDUajYQ7kNvwEjL1TW&_nc_gid=TOMrzVw_o0oXqxro1kQ9_A&edm=AJhczIQBAAAA&ccb=7-5&ig_cache_key=Mzc4ODI2NzM3Njg2MTc5Nzg4Ng%3D%3D.3-ccb7-5&oh=00_AfqT36qXtCqcZCc-KsetkhxGWSgw1TLEO40_GpFbRj-AGQ&oe=696B9700&_nc_sid=4a2096'],,https://www.threads.net/@bero6234_/post/DSSoRuwDF3-,[],"{'likes': 271, 'reposts': 6, 'quotes': 5}",threads,3788267376861797886,Bero6234_,,"🇹🇷 Erdogan says Turkey is ready for full membership in the European Union.

What do you think about this?",threads,63928775688,bero6234_
[],2026-01-13T10:18:41.837636+07:00,The European Union was born in 1952,2025-06-08T02:17:52+07:00,,3649915641112796700,threads,threads.com,threads_crawler_v1,https://www.threads.net/@betelg.eu.se/post/DKnGvAAq54c,https://instagram.fhan4-3.fna.fbcdn.net/v/t51.2885-19/447206668_479780881171774_8180541751903031180_n.jpg?stp=dst-jpg_s150x150_tt6&efg=eyJ2ZW5jb2RlX3RhZyI6InByb2ZpbGVfcGljLmRqYW5nby4zMzcuYzIifQ&_nc_ht=instagram.fhan4-3.fna.fbcdn.net&_nc_cat=110&_nc_oc=Q6cZ2QHlwbsWvdk4HrRTB-1QyPEqh5TJN2LaOL1dk7qHQs4zJpLT1eLtOfH2NdQXVPo9JPA&_nc_ohc=v7xulmokeqEQ7kNvwHZ8frp&_nc_gid=TOMrzVw_o0oXqxro1kQ9_A&edm=AJhczIQBAAAA&ccb=7-5&oh=00_Afo0Kfp-CVZNdqUd6Y6PpRIO5DG5q_APuUj2Ll40IQuSIg&oe=696B96A2&_nc_sid=4a2096,233,0,8242,158,0,['https://instagram.fhan3-4.fna.fbcdn.net/v/t51.2885-15/504444777_17914638783110154_3459032775080519999_n.webp?efg=eyJ2ZW5jb2RlX3RhZyI6InRocmVhZHMuRkVFRC5pbWFnZV91cmxnZW4uMTA4MHg1NTUuc2RyLmY3NTc2MS5kZWZhdWx0X2ltYWdlLmMyIn0&_nc_ht=instagram.fhan3-4.fna.fbcdn.net&_nc_cat=106&_nc_oc=Q6cZ2QHlwbsWvdk4HrRTB-1QyPEqh5TJN2LaOL1dk7qHQs4zJpLT1eLtOfH2NdQXVPo9JPA&_nc_ohc=3cnEF2NvpMIQ7kNvwHOtO6W&_nc_gid=TOMrzVw_o0oXqxro1kQ9_A&edm=AJhczIQBAAAA&ccb=7-5&ig_cache_key=MzY0OTkxNTY0MTExMjc5NjcwMA%3D%3D.3-ccb7-5&oh=00_AfpuOUynrLFy8n4i1qqW769NH0BTSemomS31-GT8Ht0ImQ&oe=696B9B1A&_nc_sid=4a2096'],,https://www.threads.net/@betelg.eu.se/post/DKnGvAAq54c,[],"{'likes': 8242, 'reposts': 154, 'quotes': 4}",threads,3649915641112796700,Betelgeuse🌌,,The European Union was born in 1952,threads,63263294153,betelg.eu.se
[],2026-01-13T10:18:41.837769+07:00,"People of Germany !
Do you support the European Union ? 

🇪🇺💙🇩🇪",2025-12-27T22:51:06+07:00,,3796941047536843877,threads,threads.com,threads_crawler_v1,https://www.threads.net/@europa.maxima/post/DSxccQDiHxl,https://instagram.fhan4-1.fna.fbcdn.net/v/t51.2885-19/612636668_17933586813158981_1417865552960775593_n.jpg?stp=dst-jpg_s150x150_tt6&efg=eyJ2ZW5jb2RlX3RhZyI6InByb2ZpbGVfcGljLmRqYW5nby4xMDgwLmMyIn0&_nc_ht=instagram.fhan4-1.fna.fbcdn.net&_nc_cat=105&_nc_oc=Q6cZ2QHlwbsWvdk4HrRTB-1QyPEqh5TJN2LaOL1dk7qHQs4zJpLT1eLtOfH2NdQXVPo9JPA&_nc_ohc=LDPTiTla1GEQ7kNvwG6LET3&_nc_gid=TOMrzVw_o0oXqxro1kQ9_A&edm=AJhczIQBAAAA&ccb=7-5&oh=00_Afo6LcxVJm8obngn-wamrvNJs_0qfD37YMyNfT0BS2tDeg&oe=696B9F00&_nc_sid=4a2096,288,0,2313,30,0,[],,https://www.threads.net/@europa.maxima/post/DSxccQDiHxl,[],"{'likes': 2313, 'reposts': 25, 'quotes': 5}",threads,3796941047536843877,Europa Maxima,,"People of Germany !
Do you support the European Union ? 

🇪🇺💙🇩🇪",threads,64707806980,europa.maxima
[],2026-01-13T10:18:41.837903+07:00,I feel like the European Union should have solved this already 🤔,2025-02-23T19:00:32+07:00,,3574318846830351658,threads,threads.com,threads_crawler_v1,https://www.threads.net/@colin.sawyer/post/DGaiA27TpUq,https://instagram.fhan3-2.fna.fbcdn.net/v/t51.2885-19/459447920_977261560875691_2269032558709799832_n.jpg?stp=dst-jpg_s150x150_tt6&efg=eyJ2ZW5jb2RlX3RhZyI6InByb2ZpbGVfcGljLmRqYW5nby4xMDgwLmMyIn0&_nc_ht=instagram.fhan3-2.fna.fbcdn.net&_nc_cat=107&_nc_oc=Q6cZ2QHlwbsWvdk4HrRTB-1QyPEqh5TJN2LaOL1dk7qHQs4zJpLT1eLtOfH2NdQXVPo9JPA&_nc_ohc=C4YIg9NWtJcQ7kNvwFOE4pV&_nc_gid=TOMrzVw_o0oXqxro1kQ9_A&edm=AJhczIQBAAAA&ccb=7-5&oh=00_Afp7Jb0wdayTW7JpDWuQ9hWGq4F2mqVL7dovBkQ6EvpayA&oe=696BA4FB&_nc_sid=4a2096,460,0,1622,13,0,['https://instagram.fhan3-3.fna.fbcdn.net/v/t39.30808-6/480481998_10171057486800121_8508484801087206825_n.jpg?stp=dst-jpg_e35_tt6&efg=eyJ2ZW5jb2RlX3RhZyI6InRocmVhZHMuRkVFRC5pbWFnZV91cmxnZW4uNzAweDcwOS5zZHIuZjMwODA4LmRlZmF1bHRfaW1hZ2UuYzIifQ&_nc_ht=instagram.fhan3-3.fna.fbcdn.net&_nc_cat=101&_nc_oc=Q6cZ2QHlwbsWvdk4HrRTB-1QyPEqh5TJN2LaOL1dk7qHQs4zJpLT1eLtOfH2NdQXVPo9JPA&_nc_ohc=o85LhJ5S4UgQ7kNvwFdzgPs&_nc_gid=TOMrzVw_o0oXqxro1kQ9_A&edm=AJhczIQAAAAA&ccb=7-5&ig_cache_key=MzU3NDMxODg0NjgzMDM1MTY1OA%3D%3D.3-ccb7-5&oh=00_AfrFlUfB0gZZdfYiYMWT0RiFylOSU4evlBNpJ7NY6FiYwg&oe=696B93E0&_nc_sid=4a2096'],,https://www.threads.net/@colin.sawyer/post/DGaiA27TpUq,[],"{'likes': 1622, 'reposts': 11, 'quotes': 2}",threads,3574318846830351658,Colin Sawyer,,I feel like the European Union should have solved this already 🤔,threads,69012727233,colin.sawyer
[],2026-01-13T10:18:41.838110+07:00,"🟢BREAKING NEWS: Canada had a major foreign-policy moment today and a domestic one. Both matter.🟢

By Annie Koshy

First, the Prime Minister confirmed that Canada will formally join the European Union’s SAFE defence initiative. This move plugs Canada into Europe’s defence manufacturing network and opens access to contracts, partnerships and joint procurement that could reshape our industrial economy.",2025-12-02T04:11:51+07:00,,3778258318503560117,threads,threads.com,threads_crawler_v1,https://www.threads.net/@anniejkoshy/post/DRvEewwEcO1,https://instagram.fhan4-6.fna.fbcdn.net/v/t51.2885-19/491444082_17903987736119001_3044098481637579384_n.jpg?stp=dst-jpg_s150x150_tt6&efg=eyJ2ZW5jb2RlX3RhZyI6InByb2ZpbGVfcGljLmRqYW5nby4zMjAuYzIifQ&_nc_ht=instagram.fhan4-6.fna.fbcdn.net&_nc_cat=109&_nc_oc=Q6cZ2QHlwbsWvdk4HrRTB-1QyPEqh5TJN2LaOL1dk7qHQs4zJpLT1eLtOfH2NdQXVPo9JPA&_nc_ohc=Vx9kL4ouaPUQ7kNvwF225_q&_nc_gid=TOMrzVw_o0oXqxro1kQ9_A&edm=AJhczIQBAAAA&ccb=7-5&oh=00_AfqOMyaf8yIyzknqMOtbqVEHYZEHPsYYpgZLEXc2dgbLPA&oe=696B7E14&_nc_sid=4a2096,136,0,3794,329,0,[],,https://www.threads.net/@anniejkoshy/post/DRvEewwEcO1,[],"{'likes': 3794, 'reposts': 314, 'quotes': 15}",threads,3778258318503560117,Annie J Koshy,Media Threads,"🟢BREAKING NEWS: Canada had a major foreign-policy moment today and a domestic one. Both matter.🟢

By Annie Koshy

First, the Prime Minister confirmed that Canada will formally join the European Union’s SAFE defence initiative. This move plugs Canada into Europe’s defence manufacturing network and opens access to contracts, partnerships and joint procurement that could reshape our industrial economy.",threads,63392583000,anniejkoshy
[],2026-01-13T10:18:41.838338+07:00,10th Anniversary of Brexit Vote 2016 2026 The UK 🇬🇧 Should Have Never Left The European Union 🇪🇺 The UK 🇬🇧 Economy is Worse With Brexit,2026-01-01T16:54:22+07:00,,3800385375337083919,threads,threads.com,threads_crawler_v1,https://www.threads.net/@hirstkarl/post/DS9rl0SjnQP,https://instagram.fhan3-3.fna.fbcdn.net/v/t51.2885-19/461953082_3750905645133193_3583182442405346424_n.jpg?stp=dst-jpg_s150x150_tt6&efg=eyJ2ZW5jb2RlX3RhZyI6InByb2ZpbGVfcGljLmRqYW5nby42OTcuYzIifQ&_nc_ht=instagram.fhan3-3.fna.fbcdn.net&_nc_cat=101&_nc_oc=Q6cZ2QHlwbsWvdk4HrRTB-1QyPEqh5TJN2LaOL1dk7qHQs4zJpLT1eLtOfH2NdQXVPo9JPA&_nc_ohc=ILiFuJPTzeEQ7kNvwG1w1Px&_nc_gid=TOMrzVw_o0oXqxro1kQ9_A&edm=AJhczIQBAAAA&ccb=7-5&oh=00_Afp0fab2BJHvLZw3i5p_lqcWE2bnxmPrlQstG7QxlrMXLw&oe=696B84F5&_nc_sid=4a2096,191,0,219,22,0,[],,https://www.threads.net/@hirstkarl/post/DS9rl0SjnQP,[],"{'likes': 219, 'reposts': 20, 'quotes': 2}",threads,3800385375337083919,Karl Hirst,,10th Anniversary of Brexit Vote 2016 2026 The UK 🇬🇧 Should Have Never Left The European Union 🇪🇺 The UK 🇬🇧 Economy is Worse With Brexit,threads,63435610068,hirstkarl
[],2026-01-13T10:18:41.838523+07:00,"Dear Europe,
In response to the recent American import tariffs affecting the European Union, you may consider boycotting the following American companies that have a significant presence in Europe, selling food and consumer products:

- PepsiCo: Offers beverages and snacks, including brands like Pepsi, Lay's, and Doritos.
- The Coca-Cola Company: Known for beverages such as Coca-Cola, Fanta, and Sprite.
🧶",2025-02-27T03:18:01+07:00,,3576743572493315512,threads,threads.com,threads_crawler_v1,https://www.threads.net/@renatalds/post/DGjJVQrIC24,https://instagram.fhan4-6.fna.fbcdn.net/v/t51.2885-19/410556272_1105351823808500_1813585550265817790_n.jpg?stp=dst-jpg_s150x150_tt6&efg=eyJ2ZW5jb2RlX3RhZyI6InByb2ZpbGVfcGljLmRqYW5nby4xMDgwLmMyIn0&_nc_ht=instagram.fhan4-6.fna.fbcdn.net&_nc_cat=108&_nc_oc=Q6cZ2QHlwbsWvdk4HrRTB-1QyPEqh5TJN2LaOL1dk7qHQs4zJpLT1eLtOfH2NdQXVPo9JPA&_nc_ohc=jNWBboUyxLYQ7kNvwEo_XEe&_nc_gid=TOMrzVw_o0oXqxro1kQ9_A&edm=AJhczIQBAAAA&ccb=7-5&oh=00_AfpsM-j4m6sqCXbwnWPmN-d1OHAkOa4ULbcqCyNrTeA81w&oe=696B80A5&_nc_sid=4a2096,119,0,242,26,0,[],,https://www.threads.net/@renatalds/post/DGjJVQrIC24,[],"{'likes': 242, 'reposts': 25, 'quotes': 1}",threads,3576743572493315512,Renata L van Dodewaard,,"Dear Europe,
In response to the recent American import tariffs affecting the European Union, you may consider boycotting the following American companies that have a significant presence in Europe, selling food and consumer products:

- PepsiCo: Offers beverages and snacks, including brands like Pepsi, Lay's, and Doritos.
- The Coca-Cola Company: Known for beverages such as Coca-Cola, Fanta, and Sprite.
🧶",threads,63516299308,renatalds
[],2026-01-13T10:18:41.838722+07:00,🇷🇺🇪🇺 RUSSIAN PRESIDENT PUTIN Says;The European Union are 'war mongers' who are trying to sabotage peace in Ukraine.,2025-12-03T15:23:07+07:00,,3779319912540731132,threads,threads.com,threads_crawler_v1,https://www.threads.net/@masvingo_ndini/post/DRy12_PjPb8,https://instagram.fhan3-3.fna.fbcdn.net/v/t51.2885-19/490547130_703214679042949_5201161393132854488_n.jpg?stp=dst-jpg_s150x150_tt6&efg=eyJ2ZW5jb2RlX3RhZyI6InByb2ZpbGVfcGljLmRqYW5nby4xMDgwLmMyIn0&_nc_ht=instagram.fhan3-3.fna.fbcdn.net&_nc_cat=101&_nc_oc=Q6cZ2QHlwbsWvdk4HrRTB-1QyPEqh5TJN2LaOL1dk7qHQs4zJpLT1eLtOfH2NdQXVPo9JPA&_nc_ohc=T4mha53dIG8Q7kNvwEavl7g&_nc_gid=TOMrzVw_o0oXqxro1kQ9_A&edm=AJhczIQBAAAA&ccb=7-5&oh=00_AfpBkQPvPMiaDL18XaZEMtTTYwx1LJ6P7zubfg3ZzdBRXA&oe=696B795D&_nc_sid=4a2096,761,0,407,52,0,"['https://instagram.fhan3-3.fna.fbcdn.net/v/t51.2885-15/589610267_17898483228346787_1239185230615989934_n.jpg?stp=dst-jpg_e15_tt6&efg=eyJ2ZW5jb2RlX3RhZyI6InRocmVhZHMuRkVFRC5pbWFnZV91cmxnZW4uNzIweDQwNi5zZHIuZjgyNzg3LmRlZmF1bHRfY292ZXJfZnJhbWUuYzIifQ&_nc_ht=instagram.fhan3-3.fna.fbcdn.net&_nc_cat=111&_nc_oc=Q6cZ2QHlwbsWvdk4HrRTB-1QyPEqh5TJN2LaOL1dk7qHQs4zJpLT1eLtOfH2NdQXVPo9JPA&_nc_ohc=zZvnQuGKDIQQ7kNvwEO-MgI&_nc_gid=TOMrzVw_o0oXqxro1kQ9_A&edm=AJhczIQBAAAA&ccb=7-5&ig_cache_key=Mzc3OTMxOTkxMjU0MDczMTEzMg%3D%3D.3-ccb7-5&oh=00_AfpN4qnmjIX43HyUvM513dE_icyuzV91gzLpdTI7qU40JA&oe=696BA5F2&_nc_sid=4a2096', 'https://instagram.fhan4-1.fna.fbcdn.net/o1/v/t16/f2/m84/AQNn6XtQ3x4m41zRnBBdJX1PypZqDCYPbQnAJhTabq2f6jy3r5-R3H2pwFnlCR_-bUcjgSbTf2Zt6jX3ETfDbCmOf7p8YSWBC4jrFro.mp4?_nc_cat=105&_nc_oc=AdkoYuHx_o0dpL0LqRADED8HLdVR6f8PhdTY7eexYrI2TtaKXb3iHJ0ialbFNdkDlOk&_nc_sid=5e9851&_nc_ht=instagram.fhan4-1.fna.fbcdn.net&_nc_ohc=sUdZt7i6_qIQ7kNvwEUCLkR&efg=eyJ2ZW5jb2RlX3RhZyI6Inhwdl9wcm9ncmVzc2l2ZS5JTlNUQUdSQU0uRkVFRC5DMy42MzYuZGFzaF9iYXNlbGluZV8zX3YxIiwieHB2X2Fzc2V0X2lkIjo0NDEyNTMzMjYyMzY2NDk3LCJhc3NldF9hZ2VfZGF5cyI6NDAsInZpX3VzZWNhc2VfaWQiOjEwMTY0LCJkdXJhdGlvbl9zIjo2MiwidXJsZ2VuX3NvdXJjZSI6Ind3dyJ9&ccb=17-1&_nc_gid=TOMrzVw_o0oXqxro1kQ9_A&_nc_zt=28&vs=d018ffd9a55b0715&_nc_vs=HBksFQIYTGlnX2JhY2tmaWxsX3RpbWVsaW5lX3ZvZC80QjRGMDU0MDg2NjA1OTVBMUU0MUFFN0RCMUU5OUU5Ql92aWRlb19kYXNoaW5pdC5tcDQVAALIARIAFQIYOnBhc3N0aHJvdWdoX2V2ZXJzdG9yZS9HS1RBVENPeEJEbnRIOHNDQUpNSkRZWnp4ZUVJYnNwVEFRQUYVAgLIARIAKAAYABsCiAd1c2Vfb2lsATEScHJvZ3Jlc3NpdmVfcmVjaXBlATEVAAAmwtzN2p7L1g8VAigCQzMsF0BPGZmZmZmaGBJkYXNoX2Jhc2VsaW5lXzNfdjERAHXqB2XongEA&oh=00_AfqBPo3x4ijjO8rbf0N_4v8ymkeTPUDcOifrVEDFY6UO6w&oe=6967ADCB']",,https://www.threads.net/@masvingo_ndini/post/DRy12_PjPb8,[],"{'likes': 407, 'reposts': 40, 'quotes': 12}",threads,3779319912540731132,Masvingo Ndini🇿🇼,,🇷🇺🇪🇺 RUSSIAN PRESIDENT PUTIN Says;The European Union are 'war mongers' who are trying to sabotage peace in Ukraine.,threads,70412338786,masvingo_ndini
[],2026-01-13T10:18:41.838868+07:00,"BREAKING:

China and the European Union are in negotiations to abolish EU tariffs on Chinese electric vehicles.",2025-04-11T01:39:04+07:00,,3607859120478920633,threads,threads.com,threads_crawler_v1,https://www.threads.net/@dailydigestt/post/DIRsME7zJ-5,https://instagram.fhan3-2.fna.fbcdn.net/v/t51.2885-19/498313132_17890350012255679_4615335622911722141_n.jpg?stp=dst-jpg_s150x150_tt6&efg=eyJ2ZW5jb2RlX3RhZyI6InByb2ZpbGVfcGljLmRqYW5nby4xMDgwLmMyIn0&_nc_ht=instagram.fhan3-2.fna.fbcdn.net&_nc_cat=107&_nc_oc=Q6cZ2QHlwbsWvdk4HrRTB-1QyPEqh5TJN2LaOL1dk7qHQs4zJpLT1eLtOfH2NdQXVPo9JPA&_nc_ohc=-Uuwf91EjawQ7kNvwEdtXa8&_nc_gid=TOMrzVw_o0oXqxro1kQ9_A&edm=AJhczIQBAAAA&ccb=7-5&oh=00_AfoFJUgYF7_9l1EJhk390WxWlO4aAzuBTq3cDYajXEHGrg&oe=696B83D2&_nc_sid=4a2096,514,0,8575,218,0,['https://instagram.fhan3-2.fna.fbcdn.net/v/t51.2885-15/490471353_17885907534255679_4516967651298755684_n.webp?efg=eyJ2ZW5jb2RlX3RhZyI6InRocmVhZHMuRkVFRC5pbWFnZV91cmxnZW4uOTg1eDU1NC5zZHIuZjc1NzYxLmRlZmF1bHRfaW1hZ2UuYzIifQ&_nc_ht=instagram.fhan3-2.fna.fbcdn.net&_nc_cat=107&_nc_oc=Q6cZ2QHlwbsWvdk4HrRTB-1QyPEqh5TJN2LaOL1dk7qHQs4zJpLT1eLtOfH2NdQXVPo9JPA&_nc_ohc=ZarkFsUPB5oQ7kNvwH-H0Fl&_nc_gid=TOMrzVw_o0oXqxro1kQ9_A&edm=AJhczIQBAAAA&ccb=7-5&ig_cache_key=MzYwNzg1OTEyMDQ3ODkyMDYzMw%3D%3D.3-ccb7-5&oh=00_Afp_4XRjNjhpZIOL9FzLR5CmyWXW-hOJGvoEenX0OT7swA&oe=696BA692&_nc_sid=4a2096'],,https://www.threads.net/@dailydigestt/post/DIRsME7zJ-5,[],"{'likes': 8575, 'reposts': 189, 'quotes': 29}",threads,3607859120478920633,Daily Digest,,"BREAKING:

China and the European Union are in negotiations to abolish EU tariffs on Chinese electric vehicles.",threads,67583991678,dailydigestt
[],2026-01-13T10:18:41.839038+07:00,"The European Union has agreed to open up trade with the United States at 0% tariffs, will buy American made Military equipment and invest 600 billion dollars in America.

Not to shabby!",2025-07-28T00:44:02+07:00,,3686107204003752674,threads,threads.com,threads_crawler_v1,https://www.threads.net/@rtownsend1958/post/DMnrvjipuri,https://instagram.fhan4-3.fna.fbcdn.net/v/t51.2885-19/433447781_916572860257836_4507689461142986800_n.jpg?stp=dst-jpg_s150x150_tt6&efg=eyJ2ZW5jb2RlX3RhZyI6InByb2ZpbGVfcGljLmRqYW5nby4xMDgwLmMyIn0&_nc_ht=instagram.fhan4-3.fna.fbcdn.net&_nc_cat=100&_nc_oc=Q6cZ2QHlwbsWvdk4HrRTB-1QyPEqh5TJN2LaOL1dk7qHQs4zJpLT1eLtOfH2NdQXVPo9JPA&_nc_ohc=LtqlAHkHs5cQ7kNvwFK4Rni&_nc_gid=TOMrzVw_o0oXqxro1kQ9_A&edm=AJhczIQBAAAA&ccb=7-5&oh=00_Afo3JP5FjV5vb7C3zEw0fS5tZz2yBNKumyAew9fT0IbzlA&oe=696B82D3&_nc_sid=4a2096,87,0,16,1,0,[],,https://www.threads.net/@rtownsend1958/post/DMnrvjipuri,[],"{'likes': 16, 'reposts': 1, 'quotes': 0}",threads,3686107204003752674,Raymond Townsend,,"The European Union has agreed to open up trade with the United States at 0% tariffs, will buy American made Military equipment and invest 600 billion dollars in America.

Not to shabby!",threads,65413961463,rtownsend1958
[],2026-01-13T10:18:41.839180+07:00,🔴🇪🇺 The European Union agrees on initial countermeasures targeting €26 billion worth of imports from the United States.,2025-04-07T14:54:14+07:00,,3605360239793657376,threads,threads.com,threads_crawler_v1,https://www.threads.net/@other_europe/post/DII0Ak8N9Yg,https://instagram.fhan3-4.fna.fbcdn.net/v/t51.2885-19/412752329_3651567445088178_4353786962713495545_n.jpg?stp=dst-jpg_s150x150_tt6&efg=eyJ2ZW5jb2RlX3RhZyI6InByb2ZpbGVfcGljLmRqYW5nby4xMDgwLmMyIn0&_nc_ht=instagram.fhan3-4.fna.fbcdn.net&_nc_cat=106&_nc_oc=Q6cZ2QHlwbsWvdk4HrRTB-1QyPEqh5TJN2LaOL1dk7qHQs4zJpLT1eLtOfH2NdQXVPo9JPA&_nc_ohc=s30jzaPoZmkQ7kNvwFkrYLD&_nc_gid=TOMrzVw_o0oXqxro1kQ9_A&edm=AJhczIQBAAAA&ccb=7-5&oh=00_Afr4nvU3JcdPKgMxdDINBdQWMofc4yPNPw_UfeGofcBmxg&oe=696B8A04&_nc_sid=4a2096,36,0,216,19,0,['https://instagram.fhan4-5.fna.fbcdn.net/v/t51.2885-15/489357454_17908673259107366_2057979343169013388_n.webp?efg=eyJ2ZW5jb2RlX3RhZyI6InRocmVhZHMuRkVFRC5pbWFnZV91cmxnZW4uNjQweDY0MC5zZHIuZjc1NzYxLmRlZmF1bHRfaW1hZ2UuYzIifQ&_nc_ht=instagram.fhan4-5.fna.fbcdn.net&_nc_cat=102&_nc_oc=Q6cZ2QHlwbsWvdk4HrRTB-1QyPEqh5TJN2LaOL1dk7qHQs4zJpLT1eLtOfH2NdQXVPo9JPA&_nc_ohc=-SbSg16bKRkQ7kNvwESspWH&_nc_gid=TOMrzVw_o0oXqxro1kQ9_A&edm=AJhczIQBAAAA&ccb=7-5&ig_cache_key=MzYwNTM2MDIzOTc5MzY1NzM3Ng%3D%3D.3-ccb7-5&oh=00_Afpn9sc0oQWyQ7r1RBhshGA_R_Z3c7BE2DVOpZg6uXUYmQ&oe=696B88F1&_nc_sid=4a2096'],,https://www.threads.net/@other_europe/post/DII0Ak8N9Yg,[],"{'likes': 216, 'reposts': 18, 'quotes': 1}",threads,3605360239793657376,Other Europe 🇪🇺,,🔴🇪🇺 The European Union agrees on initial countermeasures targeting €26 billion worth of imports from the United States.,threads,63298699365,other_europe
[],2026-01-13T10:18:41.839318+07:00,"BREAKING: 🇳🇴🇺🇸 The Norwegian Prime Minister has issued a warning to U.S. President Trump, stating, ""If Trump moves forward with imposing this tariff, the United States will find itself in a significant trade dispute with the European Union.""",2025-02-27T08:15:58+07:00,,3576893531790072729,threads,threads.com,threads_crawler_v1,https://www.threads.net/@nya360_/post/DGjrbdJvVuZ,https://instagram.fhan3-3.fna.fbcdn.net/v/t51.2885-19/380446410_834468874831968_3832227165017043383_n.jpg?stp=dst-jpg_s150x150_tt6&efg=eyJ2ZW5jb2RlX3RhZyI6InByb2ZpbGVfcGljLmRqYW5nby4zMjAuYzIifQ&_nc_ht=instagram.fhan3-3.fna.fbcdn.net&_nc_cat=1&_nc_oc=Q6cZ2QHlwbsWvdk4HrRTB-1QyPEqh5TJN2LaOL1dk7qHQs4zJpLT1eLtOfH2NdQXVPo9JPA&_nc_ohc=VeXKx3Z10OkQ7kNvwEzTmIw&_nc_gid=TOMrzVw_o0oXqxro1kQ9_A&edm=AJhczIQBAAAA&ccb=7-5&oh=00_AfpuyfYc2U1Ivn4j0z5z0JAJSQulkvlyvBNsZRlxTbzi0w&oe=696BA077&_nc_sid=4a2096,2364,0,13737,747,0,['https://instagram.fhan3-3.fna.fbcdn.net/v/t51.2885-15/481589869_17898445503113723_8003245765681769910_n.jpg?stp=dst-jpg_e35_tt6&efg=eyJ2ZW5jb2RlX3RhZyI6InRocmVhZHMuRkVFRC5pbWFnZV91cmxnZW4uMTExNng3NDQuc2RyLmY3NTc2MS5kZWZhdWx0X2ltYWdlLmMyIn0&_nc_ht=instagram.fhan3-3.fna.fbcdn.net&_nc_cat=111&_nc_oc=Q6cZ2QHlwbsWvdk4HrRTB-1QyPEqh5TJN2LaOL1dk7qHQs4zJpLT1eLtOfH2NdQXVPo9JPA&_nc_ohc=A3LdImbRt5MQ7kNvwH5yDb2&_nc_gid=TOMrzVw_o0oXqxro1kQ9_A&edm=AJhczIQBAAAA&ccb=7-5&ig_cache_key=MzU3Njg5MzUzMTc5MDA3MjcyOQ%3D%3D.3-ccb7-5&oh=00_AfqNUDS49Q3aQOO7HA6O_C6H_SWDHlu0KT0MOaOOo00lDA&oe=696BA626&_nc_sid=4a2096'],,https://www.threads.net/@nya360_/post/DGjrbdJvVuZ,[],"{'likes': 13737, 'reposts': 704, 'quotes': 43}",threads,3576893531790072729,Nya 360,,"BREAKING: 🇳🇴🇺🇸 The Norwegian Prime Minister has issued a warning to U.S. President Trump, stating, ""If Trump moves forward with imposing this tariff, the United States will find itself in a significant trade dispute with the European Union.""",threads,63449865722,nya360_
[],2026-01-13T10:18:41.839544+07:00,"I am still looking for a co-founder for my agency. 

If you are someone who has a visionary mindset and want to hustle and grow together let's connect.

The preferred locations are:
European Union
USA
Middle East.

If you know someone who wants to be a part of it let them know.",2025-08-08T04:15:30+07:00,,3694186169616237291,threads,threads.com,threads_crawler_v1,https://www.threads.net/@harry_snippets/post/DNEYr-mIwLr,https://instagram.fhan3-3.fna.fbcdn.net/v/t51.2885-19/452434613_453020124361213_4128986575057219482_n.jpg?stp=dst-jpg_s150x150_tt6&efg=eyJ2ZW5jb2RlX3RhZyI6InByb2ZpbGVfcGljLmRqYW5nby43MTcuYzIifQ&_nc_ht=instagram.fhan3-3.fna.fbcdn.net&_nc_cat=101&_nc_oc=Q6cZ2QHlwbsWvdk4HrRTB-1QyPEqh5TJN2LaOL1dk7qHQs4zJpLT1eLtOfH2NdQXVPo9JPA&_nc_ohc=aSC8hJLWxTcQ7kNvwFuo42M&_nc_gid=TOMrzVw_o0oXqxro1kQ9_A&edm=AJhczIQBAAAA&ccb=7-5&oh=00_Afo9NqyrJgieoerLHhKVP3yFtWzwJQSn-evVJAL5_zhf7w&oe=696B86EE&_nc_sid=4a2096,42,0,27,0,0,[],,https://www.threads.net/@harry_snippets/post/DNEYr-mIwLr,[],"{'likes': 27, 'reposts': 0, 'quotes': 0}",threads,3694186169616237291,Harry's Snippet,co-founder,"I am still looking for a co-founder for my agency. 

If you are someone who has a visionary mindset and want to hustle and grow together let's connect.

The preferred locations are:
European Union
USA
Middle East.

If you know someone who wants to be a part of it let them know.",threads,67968190610,harry_snippets
[],2026-01-13T10:18:41.839760+07:00,"BREAKING:

China Urges The European Union To Issue An Arrest Warrant For Israeli Prime Minister Netanyahu Over Civilian Deaths In Gaza.",2025-10-25T10:50:33+07:00,,3750917513619155537,threads,threads.com,threads_crawler_v1,https://www.threads.net/@global_rift_/post/DQN75r9D6pR,https://instagram.fhan3-3.fna.fbcdn.net/v/t51.2885-19/518730529_17860517649441647_5520070714743190380_n.jpg?stp=dst-jpg_s150x150_tt6&efg=eyJ2ZW5jb2RlX3RhZyI6InByb2ZpbGVfcGljLmRqYW5nby4xMDgwLmMyIn0&_nc_ht=instagram.fhan3-3.fna.fbcdn.net&_nc_cat=1&_nc_oc=Q6cZ2QHlwbsWvdk4HrRTB-1QyPEqh5TJN2LaOL1dk7qHQs4zJpLT1eLtOfH2NdQXVPo9JPA&_nc_ohc=EHGkspXY5sYQ7kNvwGbsDki&_nc_gid=TOMrzVw_o0oXqxro1kQ9_A&edm=AJhczIQBAAAA&ccb=7-5&oh=00_AfrexjxMzMM6HlQA79gIefWtdE8iOekeyiFHnxD7DS_Mog&oe=696B95A3&_nc_sid=4a2096,255,0,7794,560,0,['https://instagram.fhan3-3.fna.fbcdn.net/v/t51.2885-15/572149232_17872878564441647_2870226255839001932_n.webp?efg=eyJ2ZW5jb2RlX3RhZyI6InRocmVhZHMuRkVFRC5pbWFnZV91cmxnZW4uOTc1eDU1NS5zZHIuZjgyNzg3LmRlZmF1bHRfaW1hZ2UuYzIifQ&_nc_ht=instagram.fhan3-3.fna.fbcdn.net&_nc_cat=111&_nc_oc=Q6cZ2QHlwbsWvdk4HrRTB-1QyPEqh5TJN2LaOL1dk7qHQs4zJpLT1eLtOfH2NdQXVPo9JPA&_nc_ohc=OnTqaNfXGr4Q7kNvwGfqKbA&_nc_gid=TOMrzVw_o0oXqxro1kQ9_A&edm=AJhczIQBAAAA&ccb=7-5&ig_cache_key=Mzc1MDkxNzUxMzYxOTE1NTUzNw%3D%3D.3-ccb7-5&oh=00_AfoVinI9w2GX1DJsXM9sZIv_sKRoaqlp3Uy9Dp5QNIx28A&oe=696B7917&_nc_sid=4a2096'],,https://www.threads.net/@global_rift_/post/DQN75r9D6pR,[],"{'likes': 7794, 'reposts': 548, 'quotes': 12}",threads,3750917513619155537,global Rift,,"BREAKING:

China Urges The European Union To Issue An Arrest Warrant For Israeli Prime Minister Netanyahu Over Civilian Deaths In Gaza.",threads,73318473646,global_rift_
[],2026-01-13T10:18:41.839913+07:00,"Food inflation in the UK, at 4.9%, is somewhat higher than the European Union average of 3% as of October 2025. Some notable differences include Germany with a 2% food inflation rate, France at 1.3%, and Spain at 2.4%. 

Thank you Brexit 😡",2025-11-20T06:20:54+07:00,,3769625959609032172,threads,threads.com,threads_crawler_v1,https://www.threads.net/@pmackie64/post/DRQZtaCll3s,https://instagram.fhan4-6.fna.fbcdn.net/v/t51.2885-19/358511925_664644271728297_5756135523840494642_n.jpg?stp=dst-jpg_s150x150_tt6&efg=eyJ2ZW5jb2RlX3RhZyI6InByb2ZpbGVfcGljLmRqYW5nby41MDAuYzIifQ&_nc_ht=instagram.fhan4-6.fna.fbcdn.net&_nc_cat=109&_nc_oc=Q6cZ2QEhO3Ugre0wA2fFRguQ10cnoLf7tVO1-D3A5bpMIrYvsjAIhrnhG2WgBSeJXbgPlKE&_nc_ohc=7E6Why0AHOgQ7kNvwETqxer&_nc_gid=fa9Q1juWdqnbN4t4idNH-g&edm=AJhczIQBAAAA&ccb=7-5&oh=00_AfoKlA66UUiR9LoNQZx71EI26IJWZD-FiQbVvBVsE2EqRg&oe=696B769F&_nc_sid=4a2096,69,0,219,28,0,[],,https://www.threads.net/@pmackie64/post/DRQZtaCll3s,[],"{'likes': 219, 'reposts': 28, 'quotes': 0}",threads,3769625959609032172,Peter,,"Food inflation in the UK, at 4.9%, is somewhat higher than the European Union average of 3% as of October 2025. Some notable differences include Germany with a 2% food inflation rate, France at 1.3%, and Spain at 2.4%. 

Thank you Brexit 😡",threads,62861871257,pmackie64
[],2026-01-13T10:18:41.840082+07:00,"The European Union has rejected President Trump's demand for a 100 per cent tariff on India's oil imports from Russia, marking another setback for him.

This decision indicates that the EU is unwilling to sacrifice the significant market of India, a growing global economy, due to Trump's confrontational policy toward the country.",2025-09-11T15:22:55+07:00,,3719164463732013137,threads,threads.com,threads_crawler_v1,https://www.threads.net/@varmamukundan/post/DOdIF_yALhR,https://instagram.fdbd5-1.fna.fbcdn.net/v/t51.2885-19/573323465_1219825463302212_7278921664109726296_n.png?stp=dst-jpg_e0_s150x150_tt6&efg=eyJ2ZW5jb2RlX3RhZyI6InByb2ZpbGVfcGljLmRqYW5nby4xNTAuYzIifQ&_nc_ht=instagram.fdbd5-1.fna.fbcdn.net&_nc_cat=1&_nc_oc=Q6cZ2QHG7B5-euZox4dEj9KRM8qfJG69IR2zTypUDsnGF30WyDtPsI_HPLDgjdL7iE7GtBd8TpPzKkJI1UBsb8d3I2mO&_nc_ohc=EFb4Xd8YksAQ7kNvwEwGTIA&_nc_gid=mwZvPSIoutOoHtc6nGgACA&edm=AJ9x6zYBAAAA&ccb=7-5&ig_cache_key=YW5vbnltb3VzX3Byb2ZpbGVfcGlj.3-ccb7-5&oh=00_AfqdSsdpErZlsNj1fFie02Y9edqLGTniuwb1AwbRgKN1JQ&oe=696B7E2A&_nc_sid=65462d,86,0,1334,40,0,['https://instagram.fhan4-3.fna.fbcdn.net/v/t51.2885-15/547820874_17846472672561276_8495404571023610704_n.webp?efg=eyJ2ZW5jb2RlX3RhZyI6InRocmVhZHMuRkVFRC5pbWFnZV91cmxnZW4uMTYzOXgyMDQ4LnNkci5mODI3ODcuZGVmYXVsdF9pbWFnZS5jMiJ9&_nc_ht=instagram.fhan4-3.fna.fbcdn.net&_nc_cat=100&_nc_oc=Q6cZ2QEhO3Ugre0wA2fFRguQ10cnoLf7tVO1-D3A5bpMIrYvsjAIhrnhG2WgBSeJXbgPlKE&_nc_ohc=LtT69tl4QVIQ7kNvwHIHNJg&_nc_gid=fa9Q1juWdqnbN4t4idNH-g&edm=AJhczIQBAAAA&ccb=7-5&ig_cache_key=MzcxOTE2NDQ2MzczMjAxMzEzNw%3D%3D.3-ccb7-5&oh=00_Afpel17zkg0oN5yRhdzWd0cA5-R_wjDeS3WOxcodCxUkSQ&oe=696B96F6&_nc_sid=4a2096'],,https://www.threads.net/@varmamukundan/post/DOdIF_yALhR,[],"{'likes': 1334, 'reposts': 39, 'quotes': 1}",threads,3719164463732013137,Mukundan Varma,,"The European Union has rejected President Trump's demand for a 100 per cent tariff on India's oil imports from Russia, marking another setback for him.

This decision indicates that the EU is unwilling to sacrifice the significant market of India, a growing global economy, due to Trump's confrontational policy toward the country.",threads,76816473275,varmamukundan
[],2026-01-13T10:18:41.840222+07:00,"We are all UNDERREACTING.

The United States, NATO, the European Union, everyone is in GRAVE DANGER because of Stephen Miller and Donald Trump.

THE NAZIS ARE BACK and you are not listening. We are SCREAMING at the top of our lungs, just as we did before the election.

YOU ARE NOT HEARING US.",2026-01-10T19:24:52+07:00,,3806984109461348860,threads,threads.com,threads_crawler_v1,https://www.threads.net/@jane420baby/post/DTVH-CWACH8,https://instagram.fhan4-3.fna.fbcdn.net/v/t51.2885-19/358197532_609310704351802_7984148464505857518_n.jpg?stp=dst-jpg_s150x150_tt6&efg=eyJ2ZW5jb2RlX3RhZyI6InByb2ZpbGVfcGljLmRqYW5nby4xMDgwLmMyIn0&_nc_ht=instagram.fhan4-3.fna.fbcdn.net&_nc_cat=110&_nc_oc=Q6cZ2QEhO3Ugre0wA2fFRguQ10cnoLf7tVO1-D3A5bpMIrYvsjAIhrnhG2WgBSeJXbgPlKE&_nc_ohc=f3Rc1U0wFagQ7kNvwE5LYWA&_nc_gid=fa9Q1juWdqnbN4t4idNH-g&edm=AJhczIQBAAAA&ccb=7-5&oh=00_AfpnMh2dhUjQ9sopC6-Wr95DQgmRGrnwzr0LiBnyiOYrqw&oe=696B95E4&_nc_sid=4a2096,14,0,65,13,0,[],,https://www.threads.net/@jane420baby/post/DTVH-CWACH8,[],"{'likes': 65, 'reposts': 12, 'quotes': 1}",threads,3806984109461348860,Frances Jane Jimenez,,"We are all UNDERREACTING.

The United States, NATO, the European Union, everyone is in GRAVE DANGER because of Stephen Miller and Donald Trump.

THE NAZIS ARE BACK and you are not listening. We are SCREAMING at the top of our lungs, just as we did before the election.

YOU ARE NOT HEARING US.",threads,63136874502,jane420baby
[],2026-01-13T10:18:41.840364+07:00,"Trump: “The European Union was formed in order to screw the United States. That’s the purpose of it.”

(That is not the purpose of the European Union)",2025-02-27T00:46:28+07:00,,3576667095591222167,threads,threads.com,threads_crawler_v1,https://www.threads.net/@factpostnews/post/DGi38YAivuX,https://instagram.fhan3-3.fna.fbcdn.net/v/t51.2885-19/473684657_570840675935227_4834224816131878666_n.jpg?stp=dst-jpg_s150x150_tt6&efg=eyJ2ZW5jb2RlX3RhZyI6InByb2ZpbGVfcGljLmRqYW5nby4xMDgwLmMyIn0&_nc_ht=instagram.fhan3-3.fna.fbcdn.net&_nc_cat=1&_nc_oc=Q6cZ2QEhO3Ugre0wA2fFRguQ10cnoLf7tVO1-D3A5bpMIrYvsjAIhrnhG2WgBSeJXbgPlKE&_nc_ohc=GX3ODs5lxREQ7kNvwGQppaQ&_nc_gid=fa9Q1juWdqnbN4t4idNH-g&edm=AJhczIQBAAAA&ccb=7-5&oh=00_AfoH1OTe3gR9HV10t8Eapyx-gSGeym6Iy6YKCB9EzhN9gA&oe=696B77C9&_nc_sid=4a2096,2360,0,8000,743,0,"['https://instagram.fhan3-3.fna.fbcdn.net/v/t51.2885-15/530449328_1818445195748785_3112261455091228195_n.jpg?stp=dst-jpg_e15_tt6&efg=eyJ2ZW5jb2RlX3RhZyI6InRocmVhZHMuRkVFRC5pbWFnZV91cmxnZW4uNjQweDM2MC5zZHIuZjcxODc4LmRlZmF1bHRfY292ZXJfZnJhbWUuYzIifQ&_nc_ht=instagram.fhan3-3.fna.fbcdn.net&_nc_cat=101&_nc_oc=Q6cZ2QEhO3Ugre0wA2fFRguQ10cnoLf7tVO1-D3A5bpMIrYvsjAIhrnhG2WgBSeJXbgPlKE&_nc_ohc=RnKQOsg45bwQ7kNvwGmREEs&_nc_gid=fa9Q1juWdqnbN4t4idNH-g&edm=AJhczIQBAAAA&ccb=7-5&ig_cache_key=MzU3NjY2NzA5NTU5MTIyMjE2Nw%3D%3D.3-ccb7-5&oh=00_AfpglX0FQPhHpsup7MFVcBDE_sv1hJfC_PbQRPEoKq6dOg&oe=696B8ABC&_nc_sid=4a2096', 'https://instagram.fhan3-3.fna.fbcdn.net/o1/v/t16/f2/m84/AQPwmBoanv8-VypAUKMdj_uoAwkb9LcBWcGuMX85-vtYR1ksb0wrqs1q9V92t-mbxrAgs_N-rswZjplSrZbOkgwQJg_FYwDverNmYwk.mp4?_nc_cat=101&_nc_oc=AdlN6OBPa8wDdqXeQGThNv5D9Ncw_CtyduPP3Edpkjz00FoR_2VLhUgJgz-6trxs5Sc&_nc_sid=5e9851&_nc_ht=instagram.fhan3-3.fna.fbcdn.net&_nc_ohc=GSTTcAZdGYEQ7kNvwExoegS&efg=eyJ2ZW5jb2RlX3RhZyI6Inhwdl9wcm9ncmVzc2l2ZS5JTlNUQUdSQU0uRkVFRC5DMy42NDAuZGFzaF9iYXNlbGluZV8zX3YxIiwieHB2X2Fzc2V0X2lkIjoxNjkyNjE4ODM0OTk4MDg5LCJhc3NldF9hZ2VfZGF5cyI6MzIwLCJ2aV91c2VjYXNlX2lkIjoxMDE2NCwiZHVyYXRpb25fcyI6MTEsInVybGdlbl9zb3VyY2UiOiJ3d3cifQ%3D%3D&ccb=17-1&vs=14a1df7361bc8d87&_nc_vs=HBksFQIYTGlnX2JhY2tmaWxsX3RpbWVsaW5lX3ZvZC9EMjQ5MjhFRDEyOTY3OUMxQjk4QUQ4NzVDRjFDMTVBRV92aWRlb19kYXNoaW5pdC5tcDQVAALIARIAFQIYOnBhc3N0aHJvdWdoX2V2ZXJzdG9yZS9HT1NTdVJ3R1ZHWVNyRklPQUpwSnROU3AxTjBSYmtZTEFBQUYVAgLIARIAKAAYABsCiAd1c2Vfb2lsATEScHJvZ3Jlc3NpdmVfcmVjaXBlATEVAAAmks2zhrHbgQYVAigCQzMsF0AnnztkWhysGBJkYXNoX2Jhc2VsaW5lXzNfdjERAHXqB2XongEA&_nc_gid=fa9Q1juWdqnbN4t4idNH-g&_nc_zt=28&oh=00_Afo69ixg7pwAYwqIF14ojhaPyUWfDGewgxYadJJGaJDNDw&oe=6967A1EB']",,https://www.threads.net/@factpostnews/post/DGi38YAivuX,[],"{'likes': 8000, 'reposts': 528, 'quotes': 215}",threads,3576667095591222167,FactPost,,"Trump: “The European Union was formed in order to screw the United States. That’s the purpose of it.”

(That is not the purpose of the European Union)",threads,70749185400,factpostnews
[],2026-01-13T10:18:41.840506+07:00,"77% of EU citizens agree:

The European Union needs more means to face global challenges 📈",2025-12-15T18:02:58+07:00,,3788098716188827052,threads,threads.com,threads_crawler_v1,https://www.threads.net/@europeanparliament/post/DSSB7ZQjF2s,https://instagram.fhan4-1.fna.fbcdn.net/v/t51.2885-19/410783501_1010526473368973_5913498680179141684_n.jpg?stp=dst-jpg_s150x150_tt6&efg=eyJ2ZW5jb2RlX3RhZyI6InByb2ZpbGVfcGljLmRqYW5nby40MDAuYzIifQ&_nc_ht=instagram.fhan4-1.fna.fbcdn.net&_nc_cat=105&_nc_oc=Q6cZ2QEhO3Ugre0wA2fFRguQ10cnoLf7tVO1-D3A5bpMIrYvsjAIhrnhG2WgBSeJXbgPlKE&_nc_ohc=9HRmNbd1R60Q7kNvwHVaZ4B&_nc_gid=fa9Q1juWdqnbN4t4idNH-g&edm=AJhczIQBAAAA&ccb=7-5&oh=00_AfrvSS6yz_tqcsDF74z9CVe5LbxEqzf94ZGEBNWFrXkU5g&oe=696B9957&_nc_sid=4a2096,80,0,891,19,0,[],,https://www.threads.net/@europeanparliament/post/DSSB7ZQjF2s,[],"{'likes': 891, 'reposts': 19, 'quotes': 0}",threads,3788098716188827052,European Parliament,,"77% of EU citizens agree:

The European Union needs more means to face global challenges 📈",threads,63217537084,europeanparliament
[],2026-01-13T10:18:41.840643+07:00,🇷🇺🇪🇺The European Union will phase out Russian gas by early 2026 :) a decision that prompts one to wonder why this particular realization required almost 4 years to mature,2025-12-18T07:43:00+07:00,,3789961001131720921,threads,threads.com,threads_crawler_v1,https://www.threads.net/@valerisssh/post/DSYpXNRCkDZ,https://instagram.fhan3-3.fna.fbcdn.net/v/t51.2885-19/581224068_17931383319110615_7569342539922030464_n.jpg?stp=dst-jpg_s150x150_tt6&efg=eyJ2ZW5jb2RlX3RhZyI6InByb2ZpbGVfcGljLmRqYW5nby4xMDgwLmMyIn0&_nc_ht=instagram.fhan3-3.fna.fbcdn.net&_nc_cat=111&_nc_oc=Q6cZ2QEhO3Ugre0wA2fFRguQ10cnoLf7tVO1-D3A5bpMIrYvsjAIhrnhG2WgBSeJXbgPlKE&_nc_ohc=48g-VEw8hAIQ7kNvwHgd5ey&_nc_gid=fa9Q1juWdqnbN4t4idNH-g&edm=AJhczIQBAAAA&ccb=7-5&oh=00_Afpa9n-UEtj5UXpMC1q_ikL_rYw3G9D_LdDTooCyz-NlGA&oe=696B7C7C&_nc_sid=4a2096,10,0,95,3,0,[],,https://www.threads.net/@valerisssh/post/DSYpXNRCkDZ,[],"{'likes': 95, 'reposts': 3, 'quotes': 0}",threads,3789961001131720921,Valeria Shashenok,,🇷🇺🇪🇺The European Union will phase out Russian gas by early 2026 :) a decision that prompts one to wonder why this particular realization required almost 4 years to mature,threads,63150942614,valerisssh
[],2026-01-13T10:18:41.840821+07:00,"The UK Labour Party did not state in their 2024 general election manifesto that they would rejoin the European Union (often referred to as ""Europe"" in this context). In fact, the manifesto explicitly ruled out rejoining the EU, as well as returning to the single market, customs union, or freedom of movement.",2026-01-06T21:41:50+07:00,,3804153943707339882,threads,threads.com,threads_crawler_v1,https://www.threads.net/@mike.naughton.96/post/DTLEdtFk8xq,https://instagram.fhan3-4.fna.fbcdn.net/v/t51.2885-19/358346640_925411021869856_3644962058111481593_n.jpg?stp=dst-jpg_s150x150_tt6&efg=eyJ2ZW5jb2RlX3RhZyI6InByb2ZpbGVfcGljLmRqYW5nby4xMDgwLmMyIn0&_nc_ht=instagram.fhan3-4.fna.fbcdn.net&_nc_cat=104&_nc_oc=Q6cZ2QEhO3Ugre0wA2fFRguQ10cnoLf7tVO1-D3A5bpMIrYvsjAIhrnhG2WgBSeJXbgPlKE&_nc_ohc=VO-NqRbys-MQ7kNvwH-EawD&_nc_gid=fa9Q1juWdqnbN4t4idNH-g&edm=AJhczIQBAAAA&ccb=7-5&oh=00_AfquUCQCtpPfSZvT6vmzHAPru_s9oxoHW1LJO26RxLWOrg&oe=696B847D&_nc_sid=4a2096,60,0,91,4,0,[],,https://www.threads.net/@mike.naughton.96/post/DTLEdtFk8xq,[],"{'likes': 91, 'reposts': 4, 'quotes': 0}",threads,3804153943707339882,Mike Naughton,,"The UK Labour Party did not state in their 2024 general election manifesto that they would rejoin the European Union (often referred to as ""Europe"" in this context). In fact, the manifesto explicitly ruled out rejoining the EU, as well as returning to the single market, customs union, or freedom of movement.",threads,63401135960,mike.naughton.96
[],2026-01-13T10:18:41.841087+07:00,"The European Union says Russia should pay for Ukraine's reconstruction. 

Shouldn't Israel pay for Gaza's reconstruction? Just as Germany was forced to do after the Holocaust.",2025-10-15T04:19:29+07:00,,3743472924104387623,threads,threads.com,threads_crawler_v1,https://www.threads.net/@mhdksafa/post/DPzfMpriOwn,https://instagram.fhan3-3.fna.fbcdn.net/v/t51.2885-19/476499833_1078727950605569_6775725023668856117_n.jpg?stp=dst-jpg_s150x150_tt6&efg=eyJ2ZW5jb2RlX3RhZyI6InByb2ZpbGVfcGljLmRqYW5nby42NDAuYzIifQ&_nc_ht=instagram.fhan3-3.fna.fbcdn.net&_nc_cat=1&_nc_oc=Q6cZ2QEhO3Ugre0wA2fFRguQ10cnoLf7tVO1-D3A5bpMIrYvsjAIhrnhG2WgBSeJXbgPlKE&_nc_ohc=TGIDFwi8iF4Q7kNvwHz7NxU&_nc_gid=fa9Q1juWdqnbN4t4idNH-g&edm=AJhczIQBAAAA&ccb=7-5&oh=00_AfoKpK54yX85rKZZecekaE-5Am771dhPNoJryUM4FYmSEg&oe=696B7442&_nc_sid=4a2096,561,0,19992,1501,0,[],,https://www.threads.net/@mhdksafa/post/DPzfMpriOwn,[],"{'likes': 19992, 'reposts': 1466, 'quotes': 35}",threads,3743472924104387623,mohamad Safa,,"The European Union says Russia should pay for Ukraine's reconstruction. 

Shouldn't Israel pay for Gaza's reconstruction? Just as Germany was forced to do after the Holocaust.",threads,63436336994,mhdksafa
[],2026-01-13T10:18:41.841271+07:00,"⚠️ BREAKING: 

WHO Warns as New Influenza A(H3N2) Subclade K Spreads Globally 

The World Health Organization has warned of the spread of new influenza A(H3N2) subclade K across the European Union, East Asia, and parts of North America.",2025-12-18T00:26:35+07:00,,3789741348334046753,threads,threads.com,threads_crawler_v1,https://www.threads.net/@covid_19.data.intimation/post/DSX3a1qD44h,https://instagram.fhan4-6.fna.fbcdn.net/v/t51.2885-19/447015720_1882333398874256_1155247914858022076_n.jpg?stp=dst-jpg_s150x150_tt6&efg=eyJ2ZW5jb2RlX3RhZyI6InByb2ZpbGVfcGljLmRqYW5nby41MDAuYzIifQ&_nc_ht=instagram.fhan4-6.fna.fbcdn.net&_nc_cat=108&_nc_oc=Q6cZ2QEhO3Ugre0wA2fFRguQ10cnoLf7tVO1-D3A5bpMIrYvsjAIhrnhG2WgBSeJXbgPlKE&_nc_ohc=Q8vb6SL2LZcQ7kNvwGjlTVV&_nc_gid=fa9Q1juWdqnbN4t4idNH-g&edm=AJhczIQBAAAA&ccb=7-5&oh=00_Afqm9o2-qgLXVRafPtqKmNDDth4Owjs-RlX87yVDhMr_2A&oe=696BA3D1&_nc_sid=4a2096,35,0,220,48,0,[],,https://www.threads.net/@covid_19.data.intimation/post/DSX3a1qD44h,[],"{'likes': 220, 'reposts': 44, 'quotes': 4}",threads,3789741348334046753,COVID-19 Data intimation,,"⚠️ BREAKING: 

WHO Warns as New Influenza A(H3N2) Subclade K Spreads Globally 

The World Health Organization has warned of the spread of new influenza A(H3N2) subclade K across the European Union, East Asia, and parts of North America.",threads,67205823129,covid_19.data.intimation
[],2026-01-13T10:18:41.841417+07:00,"This tiny ferry in Schöna crosses the Elbe River into the Czech Republic in about a minute.

As a non-German, it’s hard to process that a €63 public transport ticket from Berlin gets you here, and across the border with zero passport control.

The European Union is unreal!",2026-01-09T19:22:58+07:00,,3806258375206668222,threads,threads.com,threads_crawler_v1,https://www.threads.net/@nomadandinlove/post/DTSi9NpjIe-,https://instagram.fhan4-1.fna.fbcdn.net/v/t51.2885-19/420122170_913657849946717_6457862464097890632_n.jpg?stp=dst-jpg_s150x150_tt6&efg=eyJ2ZW5jb2RlX3RhZyI6InByb2ZpbGVfcGljLmRqYW5nby41MDAuYzIifQ&_nc_ht=instagram.fhan4-1.fna.fbcdn.net&_nc_cat=105&_nc_oc=Q6cZ2QEhO3Ugre0wA2fFRguQ10cnoLf7tVO1-D3A5bpMIrYvsjAIhrnhG2WgBSeJXbgPlKE&_nc_ohc=zJPuLP5GYqoQ7kNvwFFF63I&_nc_gid=fa9Q1juWdqnbN4t4idNH-g&edm=AJhczIQBAAAA&ccb=7-5&oh=00_AfreuYyDq8Q50BnY4JjYs6VxSTvlzdSX2WB8_4jZ3OAEFw&oe=696B8613&_nc_sid=4a2096,12,0,17,0,0,['https://instagram.fhan3-2.fna.fbcdn.net/v/t51.2885-15/612096170_17938699305111403_1863161869805486885_n.jpg?se=-1&stp=dst-jpegr_e35_tt6&efg=eyJ2ZW5jb2RlX3RhZyI6InRocmVhZHMuQ0FST1VTRUxfSVRFTS5pbWFnZV91cmxnZW4uNDAzMngyMjY4Lmhkci5mODI3ODcuZGVmYXVsdF9pbWFnZS5jMiJ9&_nc_ht=instagram.fhan3-2.fna.fbcdn.net&_nc_cat=107&_nc_oc=Q6cZ2QEhO3Ugre0wA2fFRguQ10cnoLf7tVO1-D3A5bpMIrYvsjAIhrnhG2WgBSeJXbgPlKE&_nc_ohc=DR6OveQ6W_sQ7kNvwEOCCBs&_nc_gid=fa9Q1juWdqnbN4t4idNH-g&edm=AJhczIQBAAAA&ccb=7-5&ig_cache_key=MzgwNjI1ODM3MTA3MTA4MjI2MQ%3D%3D.3-ccb7-5&oh=00_AfrEWxvxw3K-nzYwqj-JwUhtmQGD1WD4DM-2SPCuDhRQyg&oe=696B794F&_nc_sid=4a2096'],,https://www.threads.net/@nomadandinlove/post/DTSi9NpjIe-,[],"{'likes': 17, 'reposts': 0, 'quotes': 0}",threads,3806258375206668222,Michael & Chloe | Travel & Expat Adventures,Travel Threads,"This tiny ferry in Schöna crosses the Elbe River into the Czech Republic in about a minute.

As a non-German, it’s hard to process that a €63 public transport ticket from Berlin gets you here, and across the border with zero passport control.

The European Union is unreal!",threads,63247263402,nomadandinlove
[],2026-01-13T10:18:41.841554+07:00,"Meet Kwaku Boahen, Head of Information at the Permanent Mission of Ghana to the European Union in Brussels. Who did this to Ghana? 
Herh ! 😂😂😂😂",2025-12-29T23:35:43+07:00,,3798413051830390416,threads,threads.com,threads_crawler_v1,https://www.threads.net/@frankamd17/post/DS2rIu4js6Q,https://instagram.fhan3-4.fna.fbcdn.net/v/t51.2885-19/358010620_985718006112832_9080908709840066678_n.jpg?stp=dst-jpg_s150x150_tt6&efg=eyJ2ZW5jb2RlX3RhZyI6InByb2ZpbGVfcGljLmRqYW5nby4xMDgwLmMyIn0&_nc_ht=instagram.fhan3-4.fna.fbcdn.net&_nc_cat=104&_nc_oc=Q6cZ2QEhO3Ugre0wA2fFRguQ10cnoLf7tVO1-D3A5bpMIrYvsjAIhrnhG2WgBSeJXbgPlKE&_nc_ohc=Ph5ENfvYM94Q7kNvwG6o4j3&_nc_gid=fa9Q1juWdqnbN4t4idNH-g&edm=AJhczIQBAAAA&ccb=7-5&oh=00_Afr0LC60qDcjnFiJse58S_8OAPfVu6QHIiP94YrGyyzxVw&oe=696B8991&_nc_sid=4a2096,11,0,9,0,0,['https://instagram.fhan3-3.fna.fbcdn.net/v/t39.30808-6/605044300_10164236735114653_5810841369650437027_n.jpg?stp=dst-jpg_e35_tt6&efg=eyJ2ZW5jb2RlX3RhZyI6InRocmVhZHMuRkVFRC5pbWFnZV91cmxnZW4uMTUzNngyMDQ4LnNkci5mMzA4MDguZGVmYXVsdF9pbWFnZS5jMiJ9&_nc_ht=instagram.fhan3-3.fna.fbcdn.net&_nc_cat=101&_nc_oc=Q6cZ2QEhO3Ugre0wA2fFRguQ10cnoLf7tVO1-D3A5bpMIrYvsjAIhrnhG2WgBSeJXbgPlKE&_nc_ohc=kyzw97V5hSkQ7kNvwH7cPU0&_nc_gid=fa9Q1juWdqnbN4t4idNH-g&edm=AJhczIQAAAAA&ccb=7-5&ig_cache_key=Mzc5ODQxMzA1MTgzMDM5MDQxNg%3D%3D.3-ccb7-5&oh=00_AfqJnus-jfpwSwLTiyiJDWsiALcT5SX4uipWR3Fzy5Ygfw&oe=696B727C&_nc_sid=4a2096'],,https://www.threads.net/@frankamd17/post/DS2rIu4js6Q,[],"{'likes': 9, 'reposts': 0, 'quotes': 0}",threads,3798413051830390416,Frank Mandela Bawumia,,"Meet Kwaku Boahen, Head of Information at the Permanent Mission of Ghana to the European Union in Brussels. Who did this to Ghana? 
Herh ! 😂😂😂😂",threads,63467490592,frankamd17
[],2026-01-13T10:18:41.841692+07:00,JUST IN: President Trump has reportedly told the European Union to impose 100% tariffs on China and India per FT,2025-09-10T03:52:15+07:00,,3718092031647186524,threads,threads.com,threads_crawler_v1,https://www.threads.net/@thestockmarket.news/post/DOZUQDkin5c,https://instagram.fhan3-4.fna.fbcdn.net/v/t51.2885-19/488826429_2148221548946886_6991226316029145577_n.jpg?stp=dst-jpg_s150x150_tt6&efg=eyJ2ZW5jb2RlX3RhZyI6InByb2ZpbGVfcGljLmRqYW5nby40MTYuYzIifQ&_nc_ht=instagram.fhan3-4.fna.fbcdn.net&_nc_cat=106&_nc_oc=Q6cZ2QEhO3Ugre0wA2fFRguQ10cnoLf7tVO1-D3A5bpMIrYvsjAIhrnhG2WgBSeJXbgPlKE&_nc_ohc=iJXt_rJFwRgQ7kNvwFGg1E1&_nc_gid=fa9Q1juWdqnbN4t4idNH-g&edm=AJhczIQBAAAA&ccb=7-5&oh=00_Afo5X_qvbPNeZHJetwL548A5eb6geNGfVpdjBgvR7-3_PQ&oe=696B999B&_nc_sid=4a2096,183,0,175,25,0,[],,https://www.threads.net/@thestockmarket.news/post/DOZUQDkin5c,[],"{'likes': 175, 'reposts': 16, 'quotes': 9}",threads,3718092031647186524,StockMarket.News,,JUST IN: President Trump has reportedly told the European Union to impose 100% tariffs on China and India per FT,threads,72738857464,thestockmarket.news
[],2026-01-13T10:18:41.841841+07:00,Rejoin the European Union,2025-03-17T02:02:39+07:00,,3589751596012353364,threads,threads.com,threads_crawler_v1,https://www.threads.net/@martindavies6/post/DHRXA6oNTdU,https://instagram.fhan4-3.fna.fbcdn.net/v/t51.2885-19/410293273_1755575384855050_4425251324315020371_n.jpg?stp=dst-jpg_s150x150_tt6&efg=eyJ2ZW5jb2RlX3RhZyI6InByb2ZpbGVfcGljLmRqYW5nby45NjAuYzIifQ&_nc_ht=instagram.fhan4-3.fna.fbcdn.net&_nc_cat=110&_nc_oc=Q6cZ2QEhO3Ugre0wA2fFRguQ10cnoLf7tVO1-D3A5bpMIrYvsjAIhrnhG2WgBSeJXbgPlKE&_nc_ohc=T9BOiAx6ePMQ7kNvwE0I5ix&_nc_gid=fa9Q1juWdqnbN4t4idNH-g&edm=AJhczIQBAAAA&ccb=7-5&oh=00_Afo524cGjGnOd-RUZJuXWONLWV7lSjwy6W2H71nS9SI5Rg&oe=696BA6CD&_nc_sid=4a2096,300,0,6881,300,0,['https://instagram.fhan4-6.fna.fbcdn.net/v/t51.2885-15/484560762_17903049147131852_2196356762768483897_n.jpg?stp=dst-jpg_e35_tt6&efg=eyJ2ZW5jb2RlX3RhZyI6InRocmVhZHMuRkVFRC5pbWFnZV91cmxnZW4uMTA2NngxMDE5LnNkci5mNzU3NjEuZGVmYXVsdF9pbWFnZS5jMiJ9&_nc_ht=instagram.fhan4-6.fna.fbcdn.net&_nc_cat=108&_nc_oc=Q6cZ2QEhO3Ugre0wA2fFRguQ10cnoLf7tVO1-D3A5bpMIrYvsjAIhrnhG2WgBSeJXbgPlKE&_nc_ohc=75mDTTwciMAQ7kNvwGlIzLQ&_nc_gid=fa9Q1juWdqnbN4t4idNH-g&edm=AJhczIQBAAAA&ccb=7-5&ig_cache_key=MzU4OTc1MTU5NjAxMjM1MzM2NA%3D%3D.3-ccb7-5&oh=00_Afo9KP2SXFvRCJQXzf4TKzQi6TwmkWzhLqHD1KHdIWJhuA&oe=696B9E00&_nc_sid=4a2096'],,https://www.threads.net/@martindavies6/post/DHRXA6oNTdU,[],"{'likes': 6881, 'reposts': 286, 'quotes': 14}",threads,3589751596012353364,Martin Davies,,Rejoin the European Union,threads,63874851851,martindavies6
[],2026-01-13T10:18:41.841994+07:00,The European Union is considering designating WhatsApp as a very large online platform under its Digital Services Act.,2026-01-10T14:22:58+07:00,,3806831895863194818,threads,threads.com,threads_crawler_v1,https://www.threads.net/@techpresso_news/post/DTUlXCYjXTC,https://instagram.fhan4-6.fna.fbcdn.net/v/t51.2885-19/457258870_1584456502480161_7129518918387189403_n.jpg?stp=dst-jpg_s150x150_tt6&efg=eyJ2ZW5jb2RlX3RhZyI6InByb2ZpbGVfcGljLmRqYW5nby41MTIuYzIifQ&_nc_ht=instagram.fhan4-6.fna.fbcdn.net&_nc_cat=109&_nc_oc=Q6cZ2QEhO3Ugre0wA2fFRguQ10cnoLf7tVO1-D3A5bpMIrYvsjAIhrnhG2WgBSeJXbgPlKE&_nc_ohc=k8nVrL7ASM0Q7kNvwGhFK9Y&_nc_gid=fa9Q1juWdqnbN4t4idNH-g&edm=AJhczIQBAAAA&ccb=7-5&oh=00_Afoo0IkjAX_kn5m9B_UHDLd-ky_r6ryROEEwghLH0zRnLg&oe=696B9632&_nc_sid=4a2096,2,0,10,1,0,[],,https://www.threads.net/@techpresso_news/post/DTUlXCYjXTC,[],"{'likes': 10, 'reposts': 1, 'quotes': 0}",threads,3806831895863194818,Techpresso,,The European Union is considering designating WhatsApp as a very large online platform under its Digital Services Act.,threads,68980632106,techpresso_news
[],2026-01-13T10:18:41.842142+07:00,"🇬🇧 United Kingdom 🇬🇧 
🇪🇺 And all EU nations - 
Should Britain rejoin the European Union?",2025-03-13T22:44:08+07:00,,3587477352888881829,threads,threads.com,threads_crawler_v1,https://www.threads.net/@charlie_plus_three_/post/DHJR6Uqs1Kl,https://instagram.fhan4-6.fna.fbcdn.net/v/t51.2885-19/482191942_949832300463992_5686683876950922436_n.jpg?stp=dst-jpg_s150x150_tt6&efg=eyJ2ZW5jb2RlX3RhZyI6InByb2ZpbGVfcGljLmRqYW5nby4xMDgwLmMyIn0&_nc_ht=instagram.fhan4-6.fna.fbcdn.net&_nc_cat=108&_nc_oc=Q6cZ2QEhO3Ugre0wA2fFRguQ10cnoLf7tVO1-D3A5bpMIrYvsjAIhrnhG2WgBSeJXbgPlKE&_nc_ohc=Lz5_Eqj8CyIQ7kNvwHpBhwu&_nc_gid=fa9Q1juWdqnbN4t4idNH-g&edm=AJhczIQBAAAA&ccb=7-5&oh=00_AfpiTTWX1zQgviZzkd12zfr7PwVOCurnorooINs-EWWIwg&oe=696B91E3&_nc_sid=4a2096,1124,0,3242,60,0,[],,https://www.threads.net/@charlie_plus_three_/post/DHJR6Uqs1Kl,[],"{'likes': 3242, 'reposts': 47, 'quotes': 13}",threads,3587477352888881829,Charlie Salmon,,"🇬🇧 United Kingdom 🇬🇧 
🇪🇺 And all EU nations - 
Should Britain rejoin the European Union?",threads,69606461640,charlie_plus_three_
[],2026-01-13T10:18:41.842363+07:00,"I have a question for our European friends. I am about to go on a long trip there in a week to Spain, France, Italy and Greece. We had this planned for over a year, way back before Trump was elected. We voted for HER - twice. We are concerned about the reception we will get, and prepared to explain that we DO NOT support Trump. Should we be concerned? Any advice on how we should have that conversation, show empathy, etc?",2025-04-10T01:43:57+07:00,,3607136805511773885,threads,threads.com,threads_crawler_v1,https://www.threads.net/@daddyice22/post/DIPH9AsxD69,https://instagram.fhan3-4.fna.fbcdn.net/v/t51.2885-19/550635774_17909314938234532_4029573454864581962_n.jpg?stp=dst-jpg_s150x150_tt6&efg=eyJ2ZW5jb2RlX3RhZyI6InByb2ZpbGVfcGljLmRqYW5nby4xMDgwLmMyIn0&_nc_ht=instagram.fhan3-4.fna.fbcdn.net&_nc_cat=104&_nc_oc=Q6cZ2QEhO3Ugre0wA2fFRguQ10cnoLf7tVO1-D3A5bpMIrYvsjAIhrnhG2WgBSeJXbgPlKE&_nc_ohc=PcG_2cmkT_gQ7kNvwEpFNYW&_nc_gid=fa9Q1juWdqnbN4t4idNH-g&edm=AJhczIQBAAAA&ccb=7-5&oh=00_Afon74qUjsTCME-wRPwlu9W87o0lApMpQJahpXxNqM9k3A&oe=696B8C58&_nc_sid=4a2096,274,0,108,1,0,[],,https://www.threads.net/@daddyice22/post/DIPH9AsxD69,[],"{'likes': 108, 'reposts': 1, 'quotes': 0}",threads,3607136805511773885,Jerry Wiese,European Union,"I have a question for our European friends. I am about to go on a long trip there in a week to Spain, France, Italy and Greece. We had this planned for over a year, way back before Trump was elected. We voted for HER - twice. We are concerned about the reception we will get, and prepared to explain that we DO NOT support Trump. Should we be concerned? Any advice on how we should have that conversation, show empathy, etc?",threads,67148066531,daddyice22
[],2026-01-13T10:18:41.842611+07:00,"As the world slides into decay, the European Union stands as a moral beacon 🇪🇺",2026-01-11T22:05:01+07:00,,3807789489749931085,threads,threads.com,threads_crawler_v1,https://www.threads.net/@leonchaland/post/DTX_F3MArRN,https://instagram.fhan4-1.fna.fbcdn.net/v/t51.2885-19/586664998_17842587771657101_3775380732111427755_n.jpg?stp=dst-jpg_s150x150_tt6&efg=eyJ2ZW5jb2RlX3RhZyI6InByb2ZpbGVfcGljLmRqYW5nby4xMDgwLmMyIn0&_nc_ht=instagram.fhan4-1.fna.fbcdn.net&_nc_cat=105&_nc_oc=Q6cZ2QEhO3Ugre0wA2fFRguQ10cnoLf7tVO1-D3A5bpMIrYvsjAIhrnhG2WgBSeJXbgPlKE&_nc_ohc=GdEDbfYTPTEQ7kNvwGX5S0N&_nc_gid=fa9Q1juWdqnbN4t4idNH-g&edm=AJhczIQBAAAA&ccb=7-5&oh=00_AfrRkV_hGCnPfqUm0-gloRa4pDiBDydcom4uqhvxQ6j6Ww&oe=696B7932&_nc_sid=4a2096,1,0,77,10,0,['https://instagram.fhan4-1.fna.fbcdn.net/v/t51.2885-15/587798417_17848693470657101_3725675440854736518_n.jpg?stp=dst-jpg_e35_tt6&efg=eyJ2ZW5jb2RlX3RhZyI6InRocmVhZHMuRkVFRC5pbWFnZV91cmxnZW4uMTAyNHgxNDU5LnNkci5mODI3ODcuZGVmYXVsdF9pbWFnZS5jMiJ9&_nc_ht=instagram.fhan4-1.fna.fbcdn.net&_nc_cat=105&_nc_oc=Q6cZ2QEhO3Ugre0wA2fFRguQ10cnoLf7tVO1-D3A5bpMIrYvsjAIhrnhG2WgBSeJXbgPlKE&_nc_ohc=93wgcEsV3FAQ7kNvwHZaXm9&_nc_gid=fa9Q1juWdqnbN4t4idNH-g&edm=AJhczIQBAAAA&ccb=7-5&ig_cache_key=MzgwNzc4OTQ4OTc0OTkzMTA4NQ%3D%3D.3-ccb7-5&oh=00_Afo5VmJkObl49vORx8pUQK_TnUz4dpst_v2lOzIiwskOFw&oe=696B799E&_nc_sid=4a2096'],,https://www.threads.net/@leonchaland/post/DTX_F3MArRN,[],"{'likes': 77, 'reposts': 8, 'quotes': 2}",threads,3807789489749931085,Léon Chaland 🇪🇺,,"As the world slides into decay, the European Union stands as a moral beacon 🇪🇺",threads,79716817100,leonchaland
[],2026-01-13T10:18:41.842781+07:00,"In approximately 20 years, there will be four major global players, collectively accounting for over 85% of the world's GDP. These are:

1. The United States
2. China
3. The European Union (including Ukraine and possibly the UK, if they rejoin)
4. India

The remainder of the world will have minimal influence due to their relatively smaller economies and limited military capabilities. 

Which block will your country be supporting?",2025-04-30T21:31:03+07:00,,3622229808144645075,threads,threads.com,threads_crawler_v1,https://www.threads.net/@christianborregaard/post/DJEvtGxSvvT,https://instagram.fhan4-5.fna.fbcdn.net/v/t51.2885-19/491462516_561270949862726_4678386125769750261_n.jpg?stp=dst-jpg_s150x150_tt6&efg=eyJ2ZW5jb2RlX3RhZyI6InByb2ZpbGVfcGljLmRqYW5nby4xMDgwLmMyIn0&_nc_ht=instagram.fhan4-5.fna.fbcdn.net&_nc_cat=102&_nc_oc=Q6cZ2QEhO3Ugre0wA2fFRguQ10cnoLf7tVO1-D3A5bpMIrYvsjAIhrnhG2WgBSeJXbgPlKE&_nc_ohc=qWG2k42OA6QQ7kNvwGfW4lA&_nc_gid=fa9Q1juWdqnbN4t4idNH-g&edm=AJhczIQBAAAA&ccb=7-5&oh=00_AfpyrScR489IzC36RZtb5Pts4iwxVXwiZtQwZV8I1G3_6Q&oe=696B8B5A&_nc_sid=4a2096,202,0,268,10,0,['https://instagram.fhan4-3.fna.fbcdn.net/v/t51.2885-15/491899503_17876089926323554_5660688270079690185_n.jpg?stp=dst-jpg_e35_tt6&efg=eyJ2ZW5jb2RlX3RhZyI6InRocmVhZHMuRkVFRC5pbWFnZV91cmxnZW4uMTIzM3g4Njkuc2RyLmY3NTc2MS5kZWZhdWx0X2ltYWdlLmMyIn0&_nc_ht=instagram.fhan4-3.fna.fbcdn.net&_nc_cat=110&_nc_oc=Q6cZ2QEhO3Ugre0wA2fFRguQ10cnoLf7tVO1-D3A5bpMIrYvsjAIhrnhG2WgBSeJXbgPlKE&_nc_ohc=GOFB2XG8P1EQ7kNvwF7ejmp&_nc_gid=fa9Q1juWdqnbN4t4idNH-g&edm=AJhczIQBAAAA&ccb=7-5&ig_cache_key=MzYyMjIyOTgwODE0NDY0NTA3NQ%3D%3D.3-ccb7-5&oh=00_Afr8T3a7iAWWlGE7rzVsDrVsJNoUFGn9aR94IR8A72dyGA&oe=696BA689&_nc_sid=4a2096'],,https://www.threads.net/@christianborregaard/post/DJEvtGxSvvT,[],"{'likes': 268, 'reposts': 8, 'quotes': 2}",threads,3622229808144645075,Chris,worldwide,"In approximately 20 years, there will be four major global players, collectively accounting for over 85% of the world's GDP. These are:

1. The United States
2. China
3. The European Union (including Ukraine and possibly the UK, if they rejoin)
4. India

The remainder of the world will have minimal influence due to their relatively smaller economies and limited military capabilities. 

Which block will your country be supporting?",threads,69814307553,christianborregaard
[],2026-01-13T10:18:41.842935+07:00,"Soon, EU citizens will be able to vote on whether the @europeancommission should facilitate the introduction of an additional option for the cover design of passports offered to citizens when applying for a new passport in EU Member States. The new passport cover option would use a blue background with the European Union prominently displayed in name, above a circle of gold stars. 🇪🇺",2025-12-11T19:19:05+07:00,,3785237927140567973,threads,threads.com,threads_crawler_v1,https://www.threads.net/@solespire.marcus/post/DSH3db1jKul,https://instagram.fhan4-6.fna.fbcdn.net/v/t51.2885-19/587787945_17930727939118724_7592108571766461156_n.jpg?stp=dst-jpg_s150x150_tt6&efg=eyJ2ZW5jb2RlX3RhZyI6InByb2ZpbGVfcGljLmRqYW5nby4xMDgwLmMyIn0&_nc_ht=instagram.fhan4-6.fna.fbcdn.net&_nc_cat=108&_nc_oc=Q6cZ2QEhO3Ugre0wA2fFRguQ10cnoLf7tVO1-D3A5bpMIrYvsjAIhrnhG2WgBSeJXbgPlKE&_nc_ohc=aY3F6sNqtJoQ7kNvwHZ-SBV&_nc_gid=fa9Q1juWdqnbN4t4idNH-g&edm=AJhczIQBAAAA&ccb=7-5&oh=00_Afp2zQHZceRXnFmUcyM1_JZSS5OMejyIcEPZkwOWYgd66w&oe=696B7BA2&_nc_sid=4a2096,305,0,1666,45,0,['https://instagram.fhan4-6.fna.fbcdn.net/v/t51.2885-15/598660886_17932088259118724_229314859277884408_n.jpg?stp=dst-jpg_e35_tt6&efg=eyJ2ZW5jb2RlX3RhZyI6InRocmVhZHMuRkVFRC5pbWFnZV91cmxnZW4uNjIzeDgzMC5zZHIuZjgyNzg3LmRlZmF1bHRfaW1hZ2UuYzIifQ&_nc_ht=instagram.fhan4-6.fna.fbcdn.net&_nc_cat=108&_nc_oc=Q6cZ2QEhO3Ugre0wA2fFRguQ10cnoLf7tVO1-D3A5bpMIrYvsjAIhrnhG2WgBSeJXbgPlKE&_nc_ohc=lMfeO1Zoi9AQ7kNvwElMTKq&_nc_gid=fa9Q1juWdqnbN4t4idNH-g&edm=AJhczIQBAAAA&ccb=7-5&ig_cache_key=Mzc4NTIzNzkyNzE0MDU2Nzk3Mw%3D%3D.3-ccb7-5&oh=00_AfqeGUQmUUSTZsLftFfJk-ShihwnBVFFajL91CDTsOxekw&oe=696B9F87&_nc_sid=4a2096'],,https://www.threads.net/@solespire.marcus/post/DSH3db1jKul,[],"{'likes': 1666, 'reposts': 38, 'quotes': 7}",threads,3785237927140567973,Marcus Anthony Cyganiak,,"Soon, EU citizens will be able to vote on whether the @europeancommission should facilitate the introduction of an additional option for the cover design of passports offered to citizens when applying for a new passport in EU Member States. The new passport cover option would use a blue background with the European Union prominently displayed in name, above a circle of gold stars. 🇪🇺",threads,63380534723,solespire.marcus
[],2026-01-13T10:18:41.843109+07:00,"Many people still don’t really understand the war in Ukraine.
So let me explain it — simply, honestly, from my heart.

Ukraine did not start this war.

After the collapse of the Soviet Union in 1991, Ukraine became an independent country. This independence was recognized by the entire world — including Russia.
Ukraine even gave up its nuclear weapons in exchange for security guarantees. We chose peace.

But Ukraine chose something else too — freedom, democracy, and a European future.
And that is",2026-01-06T10:40:22+07:00,,3803821017345718292,threads,threads.com,threads_crawler_v1,https://www.threads.net/@mylasachavska/post/DTJ4w_QDngU,https://instagram.fhan4-1.fna.fbcdn.net/v/t51.2885-19/603956548_17845945263621689_5228264819657442605_n.jpg?stp=dst-jpg_s150x150_tt6&efg=eyJ2ZW5jb2RlX3RhZyI6InByb2ZpbGVfcGljLmRqYW5nby4xMDgwLmMyIn0&_nc_ht=instagram.fhan4-1.fna.fbcdn.net&_nc_cat=105&_nc_oc=Q6cZ2QEhO3Ugre0wA2fFRguQ10cnoLf7tVO1-D3A5bpMIrYvsjAIhrnhG2WgBSeJXbgPlKE&_nc_ohc=MKfKSXdsyJgQ7kNvwEh_x-d&_nc_gid=fa9Q1juWdqnbN4t4idNH-g&edm=AJhczIQBAAAA&ccb=7-5&oh=00_AfoSQWFFqLbmPmguWY98QCwnXl47ZXCsVu_HgzCfYvWC-g&oe=696B910F&_nc_sid=4a2096,376,0,542,34,0,[],,https://www.threads.net/@mylasachavska/post/DTJ4w_QDngU,[],"{'likes': 542, 'reposts': 30, 'quotes': 4}",threads,3803821017345718292,MYLA 🦅 ʼcanadian influencer ‘,,"Many people still don’t really understand the war in Ukraine.
So let me explain it — simply, honestly, from my heart.

Ukraine did not start this war.

After the collapse of the Soviet Union in 1991, Ukraine became an independent country. This independence was recognized by the entire world — including Russia.
Ukraine even gave up its nuclear weapons in exchange for security guarantees. We chose peace.

But Ukraine chose something else too — freedom, democracy, and a European future.
And that is",threads,78634149688,mylasachavska
[],2026-01-13T10:18:41.843261+07:00,"Trump announces 25% tariffs on the European Union.
My European friends: you know what to do.
Follow the example of Canada 🇨🇦: no more holidays in the USA, no more buying their products.
BoycottUSA",2025-02-27T02:02:27+07:00,,3576705538353451831,threads,threads.com,threads_crawler_v1,https://www.threads.net/@carmen_emay_/post/DGjArynutM3,https://instagram.fhan3-3.fna.fbcdn.net/v/t51.2885-19/358115977_805864207828139_6785833118835087659_n.jpg?stp=dst-jpg_s150x150_tt6&efg=eyJ2ZW5jb2RlX3RhZyI6InByb2ZpbGVfcGljLmRqYW5nby45NTguYzIifQ&_nc_ht=instagram.fhan3-3.fna.fbcdn.net&_nc_cat=111&_nc_oc=Q6cZ2QHtcbk52dcGoSU4nFSMyMEqQoldVwhXWpCgtfBGzb-HX0RRVj7rLZKf1-F2awDGG2o&_nc_ohc=L3aPjGrfFzcQ7kNvwE00rww&_nc_gid=Eewz1j-HdsrB63q9mJDmXQ&edm=AJhczIQBAAAA&ccb=7-5&oh=00_AfpwYY5muIBSdgXCnq4rcb0-rdDQtnPpjh7SvRJbrY--2g&oe=696B75D0&_nc_sid=4a2096,947,0,14824,911,0,[],,https://www.threads.net/@carmen_emay_/post/DGjArynutM3,[],"{'likes': 14824, 'reposts': 886, 'quotes': 25}",threads,3576705538353451831,Carmen Mayes,BoycottUSA,"Trump announces 25% tariffs on the European Union.
My European friends: you know what to do.
Follow the example of Canada 🇨🇦: no more holidays in the USA, no more buying their products.
BoycottUSA",threads,63243140406,carmen_emay_
[],2026-01-13T10:18:41.843423+07:00,"Average life satisfaction in the EU rated 7.1 out of 10 🔎 
 
🇦🇹7.9 
🇫🇮7.7 
🇵🇱7.7 
🇷🇴7.7 
🇧🇪7.6 
🇳🇱7.6 
🇩🇰7.5 
🇸🇮7.5 
🇨🇿7.4 
🇮🇪7.4 
🇲🇹7.4 
🇸🇪7.4 
🇨🇾7.2 
🇪🇪7.2 
🇮🇹7.2 
🇱🇺7.2 
🇪🇺7.1 
🇱🇹7.1 
🇪🇸7.1 
🇫🇷7 
🇵🇹7 
🇸🇰7 
🇭🇺6.9 
🇭🇷6.8 
🇱🇻6.8 
🇬🇷6.7 
🇩🇪6.5 
🇧🇬5.6 
 
Our commitment to the well-being of EU citizens is evident, and understanding how they see their lives is key to improving their well-being. 
 
What about your country? Let us know in the 🧵European Union",2024-01-23T20:07:28+07:00,,3286616572833196071,threads,threads.com,threads_crawler_v1,https://www.threads.net/@europeancommission/post/C2caFwYomgn,https://instagram.fhan4-6.fna.fbcdn.net/v/t51.2885-19/538974664_17920559520129489_3059485823195671933_n.jpg?stp=dst-jpg_s150x150_tt6&efg=eyJ2ZW5jb2RlX3RhZyI6InByb2ZpbGVfcGljLmRqYW5nby4xMDgwLmMyIn0&_nc_ht=instagram.fhan4-6.fna.fbcdn.net&_nc_cat=109&_nc_oc=Q6cZ2QHtcbk52dcGoSU4nFSMyMEqQoldVwhXWpCgtfBGzb-HX0RRVj7rLZKf1-F2awDGG2o&_nc_ohc=e0IyMDuUakYQ7kNvwHjUE5P&_nc_gid=Eewz1j-HdsrB63q9mJDmXQ&edm=AJhczIQBAAAA&ccb=7-5&oh=00_AfrObvOYU2ppEuFr8BDvwv5XXAdQJAOdexR8uinXY9in2Q&oe=696B8BE3&_nc_sid=4a2096,343,0,1442,153,0,[],,https://www.threads.net/@europeancommission/post/C2caFwYomgn,[],"{'likes': 1442, 'reposts': 94, 'quotes': 59}",threads,3286616572833196071,European Commission 🇪🇺,European Union,"Average life satisfaction in the EU rated 7.1 out of 10 🔎 
 
🇦🇹7.9 
🇫🇮7.7 
🇵🇱7.7 
🇷🇴7.7 
🇧🇪7.6 
🇳🇱7.6 
🇩🇰7.5 
🇸🇮7.5 
🇨🇿7.4 
🇮🇪7.4 
🇲🇹7.4 
🇸🇪7.4 
🇨🇾7.2 
🇪🇪7.2 
🇮🇹7.2 
🇱🇺7.2 
🇪🇺7.1 
🇱🇹7.1 
🇪🇸7.1 
🇫🇷7 
🇵🇹7 
🇸🇰7 
🇭🇺6.9 
🇭🇷6.8 
🇱🇻6.8 
🇬🇷6.7 
🇩🇪6.5 
🇧🇬5.6 
 
Our commitment to the well-being of EU citizens is evident, and understanding how they see their lives is key to improving their well-being. 
 
What about your country? Let us know in the 🧵European Union",threads,63900513488,europeancommission
[],2026-01-13T10:18:41.843568+07:00,The evolution of major immigration in the European Union 🇪🇺,2025-05-28T13:11:59+07:00,,3642271558772254227,threads,threads.com,threads_crawler_v1,https://www.threads.net/@civixplorer/post/DKL8q9kIOYT,https://instagram.fhan3-3.fna.fbcdn.net/v/t51.2885-19/461107927_880928233992619_1830844152382630418_n.jpg?stp=dst-jpg_s150x150_tt6&efg=eyJ2ZW5jb2RlX3RhZyI6InByb2ZpbGVfcGljLmRqYW5nby4xMDgwLmMyIn0&_nc_ht=instagram.fhan3-3.fna.fbcdn.net&_nc_cat=1&_nc_oc=Q6cZ2QHtcbk52dcGoSU4nFSMyMEqQoldVwhXWpCgtfBGzb-HX0RRVj7rLZKf1-F2awDGG2o&_nc_ohc=QDo9WnmNfogQ7kNvwFxylNd&_nc_gid=Eewz1j-HdsrB63q9mJDmXQ&edm=AJhczIQBAAAA&ccb=7-5&oh=00_Afptc5WozzMaysCfTLF9vMJlk2hbWwThed8aJODwOu_HtQ&oe=696B8E1B&_nc_sid=4a2096,166,0,684,25,0,"['https://instagram.fhan4-6.fna.fbcdn.net/v/t51.2885-15/500727489_719681263866932_3846569191732730598_n.jpg?stp=dst-jpg_e15_tt6&efg=eyJ2ZW5jb2RlX3RhZyI6InRocmVhZHMuRkVFRC5pbWFnZV91cmxnZW4uNjQweDcxNi5zZHIuZjcxODc4LmRlZmF1bHRfY292ZXJfZnJhbWUuYzIifQ&_nc_ht=instagram.fhan4-6.fna.fbcdn.net&_nc_cat=108&_nc_oc=Q6cZ2QHtcbk52dcGoSU4nFSMyMEqQoldVwhXWpCgtfBGzb-HX0RRVj7rLZKf1-F2awDGG2o&_nc_ohc=lZQzw3xNsEQQ7kNvwE0d4Qz&_nc_gid=Eewz1j-HdsrB63q9mJDmXQ&edm=AJhczIQBAAAA&ccb=7-5&ig_cache_key=MzY0MjI3MTU1ODc3MjI1NDIyNw%3D%3D.3-ccb7-5&oh=00_AfoNn-1coBV8ZvNUGumQW25ucplDN3EjUcJ4jCKaow-Zag&oe=696B859D&_nc_sid=4a2096', 'https://instagram.fhan3-4.fna.fbcdn.net/o1/v/t16/f2/m69/AQPurWinwaq8SN-br0UHv3RFDstsbWoI-bi8Czv0PVSxF90T7PRwsUVhMu-u-WJZzOc9jklzufAxkMZGu6lTQ3w9.mp4?strext=1&_nc_cat=106&_nc_oc=AdmjFBQUUnryGNALD40DXf4dnbxpA_wn0VkgJ-xzq2xJTtTMHbDOMsa3RK1gTJuh5E0&_nc_sid=8bf8fe&_nc_ht=instagram.fhan3-4.fna.fbcdn.net&_nc_ohc=Xqk4939s09cQ7kNvwGzbW9j&efg=eyJ2ZW5jb2RlX3RhZyI6Inhwdl9wcm9ncmVzc2l2ZS5JTlNUQUdSQU0uRkVFRC5DMy43MjAucHJvZ3Jlc3NpdmVfaDI2NC1iYXNpYy1nZW4yXzcyMHAiLCJ4cHZfYXNzZXRfaWQiOjEwMjk4ODc1ODkyODQ3MDMsImFzc2V0X2FnZV9kYXlzIjoyMjksInZpX3VzZWNhc2VfaWQiOjEwMTY0LCJkdXJhdGlvbl9zIjo5MiwidXJsZ2VuX3NvdXJjZSI6Ind3dyJ9&ccb=17-1&_nc_gid=Eewz1j-HdsrB63q9mJDmXQ&_nc_zt=28&oh=00_AfoszZ1tblWwLhW6qI3qbx6-sRZlbWXb14pU4Tr1NNAm6Q&oe=696BA18E']",,https://www.threads.net/@civixplorer/post/DKL8q9kIOYT,[],"{'likes': 684, 'reposts': 24, 'quotes': 1}",threads,3642271558772254227,Civixplorer,,The evolution of major immigration in the European Union 🇪🇺,threads,63264970106,civixplorer
[],2026-01-13T10:18:41.843736+07:00,"BREAKING:

The European Union is set to monitor private chats of individuals through the proposed “Chat Control” law, potentially scanning billions of conversations.",2025-11-28T16:41:49+07:00,,3775736682101304633,threads,threads.com,threads_crawler_v1,https://www.threads.net/@global_rift_/post/DRmHIH2D205,https://instagram.fhan3-3.fna.fbcdn.net/v/t51.2885-19/518730529_17860517649441647_5520070714743190380_n.jpg?stp=dst-jpg_s150x150_tt6&efg=eyJ2ZW5jb2RlX3RhZyI6InByb2ZpbGVfcGljLmRqYW5nby4xMDgwLmMyIn0&_nc_ht=instagram.fhan3-3.fna.fbcdn.net&_nc_cat=1&_nc_oc=Q6cZ2QHtcbk52dcGoSU4nFSMyMEqQoldVwhXWpCgtfBGzb-HX0RRVj7rLZKf1-F2awDGG2o&_nc_ohc=EHGkspXY5sYQ7kNvwGbsDki&_nc_gid=Eewz1j-HdsrB63q9mJDmXQ&edm=AJhczIQBAAAA&ccb=7-5&oh=00_AfpQ-HCXl7D2qVV5R7peDdX2nVNsMitoDRhoTUP-uyA5iA&oe=696B95A3&_nc_sid=4a2096,96,0,91,25,0,['https://instagram.fhan3-3.fna.fbcdn.net/v/t51.2885-15/587763107_17876530590441647_2843616826755748879_n.webp?efg=eyJ2ZW5jb2RlX3RhZyI6InRocmVhZHMuRkVFRC5pbWFnZV91cmxnZW4uMTA4MHg1MjQuc2RyLmY4Mjc4Ny5kZWZhdWx0X2ltYWdlLmMyIn0&_nc_ht=instagram.fhan3-3.fna.fbcdn.net&_nc_cat=111&_nc_oc=Q6cZ2QHtcbk52dcGoSU4nFSMyMEqQoldVwhXWpCgtfBGzb-HX0RRVj7rLZKf1-F2awDGG2o&_nc_ohc=ofGvC2SBGg0Q7kNvwF1v8iX&_nc_gid=Eewz1j-HdsrB63q9mJDmXQ&edm=AJhczIQBAAAA&ccb=7-5&ig_cache_key=Mzc3NTczNjY4MjEwMTMwNDYzMw%3D%3D.3-ccb7-5&oh=00_AfosKyhiiQz4HNfJmpB751-90-1M4NLl1QMbWctv_BuzDQ&oe=696B8ECF&_nc_sid=4a2096'],,https://www.threads.net/@global_rift_/post/DRmHIH2D205,[],"{'likes': 91, 'reposts': 22, 'quotes': 3}",threads,3775736682101304633,global Rift,,"BREAKING:

The European Union is set to monitor private chats of individuals through the proposed “Chat Control” law, potentially scanning billions of conversations.",threads,73318473646,global_rift_
[],2026-01-13T10:18:41.843920+07:00,🇹🇷 Erdogan says Turkey is ready for full membership in the European Union.,2025-07-21T18:29:58+07:00,,3681570270170228506,threads,threads.com,threads_crawler_v1,https://www.threads.net/@global_rift_/post/DMXkKepIqca,https://instagram.fhan3-3.fna.fbcdn.net/v/t51.2885-19/518730529_17860517649441647_5520070714743190380_n.jpg?stp=dst-jpg_s150x150_tt6&efg=eyJ2ZW5jb2RlX3RhZyI6InByb2ZpbGVfcGljLmRqYW5nby4xMDgwLmMyIn0&_nc_ht=instagram.fhan3-3.fna.fbcdn.net&_nc_cat=1&_nc_oc=Q6cZ2QHtcbk52dcGoSU4nFSMyMEqQoldVwhXWpCgtfBGzb-HX0RRVj7rLZKf1-F2awDGG2o&_nc_ohc=EHGkspXY5sYQ7kNvwGbsDki&_nc_gid=Eewz1j-HdsrB63q9mJDmXQ&edm=AJhczIQBAAAA&ccb=7-5&oh=00_AfpQ-HCXl7D2qVV5R7peDdX2nVNsMitoDRhoTUP-uyA5iA&oe=696B95A3&_nc_sid=4a2096,439,0,578,4,0,['https://instagram.fhan3-3.fna.fbcdn.net/v/t51.2885-15/522391501_17861759304441647_9045794223619300337_n.webp?efg=eyJ2ZW5jb2RlX3RhZyI6InRocmVhZHMuRkVFRC5pbWFnZV91cmxnZW4uOTk4eDU3MS5zZHIuZjgyNzg3LmRlZmF1bHRfaW1hZ2UuYzIifQ&_nc_ht=instagram.fhan3-3.fna.fbcdn.net&_nc_cat=111&_nc_oc=Q6cZ2QHtcbk52dcGoSU4nFSMyMEqQoldVwhXWpCgtfBGzb-HX0RRVj7rLZKf1-F2awDGG2o&_nc_ohc=vEcBnzL6ne8Q7kNvwFFlGSk&_nc_gid=Eewz1j-HdsrB63q9mJDmXQ&edm=AJhczIQBAAAA&ccb=7-5&ig_cache_key=MzY4MTU3MDI3MDE3MDIyODUwNg%3D%3D.3-ccb7-5&oh=00_AfpjEwPk6QnRwH-EBRDHWlJ9X0zaAWosRF284OWUgOXCTg&oe=696B9DC5&_nc_sid=4a2096'],,https://www.threads.net/@global_rift_/post/DMXkKepIqca,[],"{'likes': 578, 'reposts': 2, 'quotes': 2}",threads,3681570270170228506,global Rift,,🇹🇷 Erdogan says Turkey is ready for full membership in the European Union.,threads,73318473646,global_rift_
[],2026-01-13T10:18:41.844077+07:00,The European Union 🇪🇺 is Great The UK 🇬🇧 is Week Full of Racist Humans,2026-01-02T06:06:29+07:00,,3800784063972669385,threads,threads.com,threads_crawler_v1,https://www.threads.net/@hirstkarl/post/DS_GPgBDnfJ,https://instagram.fhan3-3.fna.fbcdn.net/v/t51.2885-19/461953082_3750905645133193_3583182442405346424_n.jpg?stp=dst-jpg_s150x150_tt6&efg=eyJ2ZW5jb2RlX3RhZyI6InByb2ZpbGVfcGljLmRqYW5nby42OTcuYzIifQ&_nc_ht=instagram.fhan3-3.fna.fbcdn.net&_nc_cat=101&_nc_oc=Q6cZ2QHtcbk52dcGoSU4nFSMyMEqQoldVwhXWpCgtfBGzb-HX0RRVj7rLZKf1-F2awDGG2o&_nc_ohc=ILiFuJPTzeEQ7kNvwG1w1Px&_nc_gid=Eewz1j-HdsrB63q9mJDmXQ&edm=AJhczIQBAAAA&ccb=7-5&oh=00_AfoGXs9fmGO55nAcznuLRCQ3w10Feano-v8EYmElA1OcIA&oe=696B84F5&_nc_sid=4a2096,2,0,3,0,0,[],,https://www.threads.net/@hirstkarl/post/DS_GPgBDnfJ,[],"{'likes': 3, 'reposts': 0, 'quotes': 0}",threads,3800784063972669385,Karl Hirst,,The European Union 🇪🇺 is Great The UK 🇬🇧 is Week Full of Racist Humans,threads,63435610068,hirstkarl
[],2026-01-13T10:18:41.844188+07:00,"Georgia chooses the European Union!

173 days of continuous protest in Georgia🇬🇪🇪🇺",2025-05-19T14:59:44+07:00,,3635802355349326158,threads,threads.com,threads_crawler_v1,https://www.threads.net/@lukakurshubadze6/post/DJ09vqYIAlO,https://instagram.fhan3-4.fna.fbcdn.net/v/t51.2885-19/448879600_1498013844485478_5925005513495672262_n.jpg?stp=dst-jpg_s150x150_tt6&efg=eyJ2ZW5jb2RlX3RhZyI6InByb2ZpbGVfcGljLmRqYW5nby44MjYuYzIifQ&_nc_ht=instagram.fhan3-4.fna.fbcdn.net&_nc_cat=106&_nc_oc=Q6cZ2QHtcbk52dcGoSU4nFSMyMEqQoldVwhXWpCgtfBGzb-HX0RRVj7rLZKf1-F2awDGG2o&_nc_ohc=4CUpMcEvRcgQ7kNvwFnb01m&_nc_gid=Eewz1j-HdsrB63q9mJDmXQ&edm=AJhczIQBAAAA&ccb=7-5&oh=00_AfpWv1ALSXyajuAP-WetymNupRQ_jH0A9Xqwaq7cUqhjrg&oe=696B9C0B&_nc_sid=4a2096,92,0,9499,330,0,"['https://instagram.fhan3-4.fna.fbcdn.net/v/t51.2885-15/499762737_661157420159610_3741154168696881536_n.jpg?stp=dst-jpg_e15_tt6&efg=eyJ2ZW5jb2RlX3RhZyI6InRocmVhZHMuRkVFRC5pbWFnZV91cmxnZW4uNjQweDM2MC5zZHIuZjcxODc4LmRlZmF1bHRfY292ZXJfZnJhbWUuYzIifQ&_nc_ht=instagram.fhan3-4.fna.fbcdn.net&_nc_cat=106&_nc_oc=Q6cZ2QHtcbk52dcGoSU4nFSMyMEqQoldVwhXWpCgtfBGzb-HX0RRVj7rLZKf1-F2awDGG2o&_nc_ohc=BeouXhManSkQ7kNvwFR6I28&_nc_gid=Eewz1j-HdsrB63q9mJDmXQ&edm=AJhczIQBAAAA&ccb=7-5&ig_cache_key=MzYzNTgwMjM1NTM0OTMyNjE1OA%3D%3D.3-ccb7-5&oh=00_AfoXtueNmH_Meb5fXWs5ZrGE5urgHJ7X0J5IOP_ZnrNG0w&oe=696BA27E&_nc_sid=4a2096', 'https://instagram.fhan4-5.fna.fbcdn.net/o1/v/t16/f2/m69/AQMLWqs8-8VK3pBF0DlrITR_xg0INeyIM_llxjreBH7Z_jSoslk3nmT22wkIRR2VVIw9DZmniiVWHcYTasNuSTvX.mp4?strext=1&_nc_cat=102&_nc_oc=AdlKYUOmz6tVYiJmROt5MahlYP3DOSdIz5USc5TZ8pnfGrXS9Cch5VEAKXdHNvyxAM8&_nc_sid=8bf8fe&_nc_ht=instagram.fhan4-5.fna.fbcdn.net&_nc_ohc=9CxqdHW7AdwQ7kNvwERFodu&efg=eyJ2ZW5jb2RlX3RhZyI6Inhwdl9wcm9ncmVzc2l2ZS5JTlNUQUdSQU0uRkVFRC5DMy4xMjc2LnByb2dyZXNzaXZlX2gyNjQtYmFzaWMtZ2VuMl83MjBwIiwieHB2X2Fzc2V0X2lkIjo3MDg2NTcyODQ5NDc1MzQsImFzc2V0X2FnZV9kYXlzIjoyMzgsInZpX3VzZWNhc2VfaWQiOjEwMTY0LCJkdXJhdGlvbl9zIjoyNCwidXJsZ2VuX3NvdXJjZSI6Ind3dyJ9&ccb=17-1&_nc_gid=Eewz1j-HdsrB63q9mJDmXQ&_nc_zt=28&oh=00_AfqnmXEViklNaUVCJWcA3EYDEDJSboxBdGJn9nraIY0VFQ&oe=696B96C6']",,https://www.threads.net/@lukakurshubadze6/post/DJ09vqYIAlO,[],"{'likes': 9499, 'reposts': 320, 'quotes': 10}",threads,3635802355349326158,Lukakurshubadze,,"Georgia chooses the European Union!

173 days of continuous protest in Georgia🇬🇪🇪🇺",threads,67689313992,lukakurshubadze6
[],2026-01-13T10:18:41.844297+07:00,Just learned EU is US in Spanish and the European Union is UE in Spanish 😅😅😅,2025-11-16T00:44:00+07:00,,3766557295518826678,threads,threads.com,threads_crawler_v1,https://www.threads.net/@mercurygq1/post/DRFf-d5jkC2,https://instagram.fhan3-3.fna.fbcdn.net/v/t51.2885-19/467157906_553559634131713_317336999664408124_n.jpg?stp=dst-jpg_s150x150_tt6&efg=eyJ2ZW5jb2RlX3RhZyI6InByb2ZpbGVfcGljLmRqYW5nby4xMDgwLmMyIn0&_nc_ht=instagram.fhan3-3.fna.fbcdn.net&_nc_cat=101&_nc_oc=Q6cZ2QHtcbk52dcGoSU4nFSMyMEqQoldVwhXWpCgtfBGzb-HX0RRVj7rLZKf1-F2awDGG2o&_nc_ohc=wbhOteU9CG4Q7kNvwFNbqtD&_nc_gid=Eewz1j-HdsrB63q9mJDmXQ&edm=AJhczIQBAAAA&ccb=7-5&oh=00_AfqyV5-7dVg290kEdQ0_3xJ4z1Lld6EFQXFLZH9nQH5Whw&oe=696B9954&_nc_sid=4a2096,107,0,199,1,0,[],,https://www.threads.net/@mercurygq1/post/DRFf-d5jkC2,[],"{'likes': 199, 'reposts': 1, 'quotes': 0}",threads,3766557295518826678,"Mnshine (Minhyuk Hwang, him/his)",,Just learned EU is US in Spanish and the European Union is UE in Spanish 😅😅😅,threads,70638918091,mercurygq1
[],2026-01-13T10:18:41.844406+07:00,President Trump is urging the European Union to implement 500% tariffs on goods from China.,2025-10-18T23:04:29+07:00,,3746213477523158899,threads,threads.com,threads_crawler_v1,https://www.threads.net/@the_tayyab_talks/post/DP9OU88jHdz,https://instagram.fhan4-6.fna.fbcdn.net/v/t51.2885-19/521569149_17848322802516056_3624721984609748205_n.jpg?stp=dst-jpg_s150x150_tt6&efg=eyJ2ZW5jb2RlX3RhZyI6InByb2ZpbGVfcGljLmRqYW5nby45NDkuYzIifQ&_nc_ht=instagram.fhan4-6.fna.fbcdn.net&_nc_cat=108&_nc_oc=Q6cZ2QHtcbk52dcGoSU4nFSMyMEqQoldVwhXWpCgtfBGzb-HX0RRVj7rLZKf1-F2awDGG2o&_nc_ohc=wBZ1T3bee9cQ7kNvwEgCMeB&_nc_gid=Eewz1j-HdsrB63q9mJDmXQ&edm=AJhczIQBAAAA&ccb=7-5&oh=00_AfqE55Lf2uug60IqovWTEHjIt2Uq2ViILpyjR6uArnQ3gg&oe=696B831E&_nc_sid=4a2096,49,0,44,1,0,['https://instagram.fhan4-6.fna.fbcdn.net/v/t51.2885-15/567046295_17860150377516056_3863219442754056446_n.webp?efg=eyJ2ZW5jb2RlX3RhZyI6InRocmVhZHMuRkVFRC5pbWFnZV91cmxnZW4uMTA4MHgxMDgwLnNkci5mODI3ODcuZGVmYXVsdF9pbWFnZS5jMiJ9&_nc_ht=instagram.fhan4-6.fna.fbcdn.net&_nc_cat=108&_nc_oc=Q6cZ2QHtcbk52dcGoSU4nFSMyMEqQoldVwhXWpCgtfBGzb-HX0RRVj7rLZKf1-F2awDGG2o&_nc_ohc=sVfUdG-gvGAQ7kNvwEzpE-y&_nc_gid=Eewz1j-HdsrB63q9mJDmXQ&edm=AJhczIQBAAAA&ccb=7-5&ig_cache_key=Mzc0NjIxMzQ3NzUyMzE1ODg5OQ%3D%3D.3-ccb7-5&oh=00_AfpTzuajDlmcQjWXf9lwLvDsig-MMFVQWIUhlUhleg8ntQ&oe=696B7C21&_nc_sid=4a2096'],,https://www.threads.net/@the_tayyab_talks/post/DP9OU88jHdz,[],"{'likes': 44, 'reposts': 1, 'quotes': 0}",threads,3746213477523158899,The Tayyab Talks,,President Trump is urging the European Union to implement 500% tariffs on goods from China.,threads,76107192680,the_tayyab_talks
[],2026-01-13T10:18:41.844517+07:00,"🚨 BREAKING: The Trump Administration plots to destroy the European Union & replace the G7 with a 'Core 5' that includes Russia & China. This is a stunning move away from free democracy & towards authoritarian dominance by the great powers.￼

😡

By: @frenchhistorypodcast 
Source: ",2025-12-12T00:28:41+07:00,,3785393748771951440,threads,threads.com,threads_crawler_v1,https://www.threads.net/@team_canada_forever/post/DSIa48CiVNQ,https://instagram.fhan3-4.fna.fbcdn.net/v/t51.2885-19/558837712_17875641651423964_794973126203129062_n.jpg?stp=dst-jpg_s150x150_tt6&efg=eyJ2ZW5jb2RlX3RhZyI6InByb2ZpbGVfcGljLmRqYW5nby42MzAuYzIifQ&_nc_ht=instagram.fhan3-4.fna.fbcdn.net&_nc_cat=104&_nc_oc=Q6cZ2QHtcbk52dcGoSU4nFSMyMEqQoldVwhXWpCgtfBGzb-HX0RRVj7rLZKf1-F2awDGG2o&_nc_ohc=bohEwM0vFMIQ7kNvwEPo1v5&_nc_gid=Eewz1j-HdsrB63q9mJDmXQ&edm=AJhczIQBAAAA&ccb=7-5&oh=00_AfozvRXnwBYpf0mqqtkhs3OwPM60FQBw_00r1svC5XeYoA&oe=696B8A17&_nc_sid=4a2096,27,0,86,27,0,['https://instagram.fhan3-4.fna.fbcdn.net/v/t51.2885-15/590366932_17883053661423964_6603764808009384565_n.jpg?stp=dst-jpg_e35_tt6&efg=eyJ2ZW5jb2RlX3RhZyI6InRocmVhZHMuRkVFRC5pbWFnZV91cmxnZW4uMTA4MHgxMzk0LnNkci5mODI3ODcuZGVmYXVsdF9pbWFnZS5jMiJ9&_nc_ht=instagram.fhan3-4.fna.fbcdn.net&_nc_cat=104&_nc_oc=Q6cZ2QHtcbk52dcGoSU4nFSMyMEqQoldVwhXWpCgtfBGzb-HX0RRVj7rLZKf1-F2awDGG2o&_nc_ohc=xHDBwpzrfWgQ7kNvwFHc43H&_nc_gid=Eewz1j-HdsrB63q9mJDmXQ&edm=AJhczIQBAAAA&ccb=7-5&ig_cache_key=Mzc4NTM5Mzc0ODc3MTk1MTQ0MA%3D%3D.3-ccb7-5&oh=00_AfrdljrADKKTF6nCeUxrzO3XlUWKi5iOkyfhp7wix1YP0g&oe=696BA53A&_nc_sid=4a2096'],,https://www.threads.net/@team_canada_forever/post/DSIa48CiVNQ,[],"{'likes': 86, 'reposts': 23, 'quotes': 4}",threads,3785393748771951440,Team Canada Forever,,"🚨 BREAKING: The Trump Administration plots to destroy the European Union & replace the G7 with a 'Core 5' that includes Russia & China. This is a stunning move away from free democracy & towards authoritarian dominance by the great powers.￼

😡

By: @frenchhistorypodcast 
Source: https://www.thetimes.com/us/american-politics/article/us-mega-eu-trump-pqhz8gplr",threads,72601199963,team_canada_forever
[],2026-01-13T10:18:41.844622+07:00,"🚨 ᴀʟᴇʀᴛ: President Zelenskyy says Ukraine will join the EU regardless of Hungarian Prime Minister Orbán’s opposition.

🗣️ ""Ukraine will be in the European Union, with or without Orbán, because that is the choice of the Ukrainian people.""",2025-10-07T15:57:50+07:00,,3738026140741856907,threads,threads.com,threads_crawler_v1,https://www.threads.net/@governantics/post/DPgIvhYCu6L,https://instagram.fhan4-3.fna.fbcdn.net/v/t51.2885-19/569397586_17888727324366898_4304197111624968210_n.jpg?stp=dst-jpg_s150x150_tt6&efg=eyJ2ZW5jb2RlX3RhZyI6InByb2ZpbGVfcGljLmRqYW5nby4xMDgwLmMyIn0&_nc_ht=instagram.fhan4-3.fna.fbcdn.net&_nc_cat=110&_nc_oc=Q6cZ2QHtcbk52dcGoSU4nFSMyMEqQoldVwhXWpCgtfBGzb-HX0RRVj7rLZKf1-F2awDGG2o&_nc_ohc=0z2bUSRXi1cQ7kNvwFRgztJ&_nc_gid=Eewz1j-HdsrB63q9mJDmXQ&edm=AJhczIQBAAAA&ccb=7-5&oh=00_AfpibilUEU2Dxrm4FtKVmEudf6nWZz1qn3bj0LR3U_bngg&oe=696B7F31&_nc_sid=4a2096,205,0,486,11,0,['https://instagram.fhan4-3.fna.fbcdn.net/v/t51.2885-15/561644402_17886921114366898_1742009535380514162_n.jpg?stp=dst-jpg_e35_tt6&efg=eyJ2ZW5jb2RlX3RhZyI6InRocmVhZHMuRkVFRC5pbWFnZV91cmxnZW4uMTQzOXg5NTkuc2RyLmY4Mjc4Ny5kZWZhdWx0X2ltYWdlLmMyIn0&_nc_ht=instagram.fhan4-3.fna.fbcdn.net&_nc_cat=110&_nc_oc=Q6cZ2QHtcbk52dcGoSU4nFSMyMEqQoldVwhXWpCgtfBGzb-HX0RRVj7rLZKf1-F2awDGG2o&_nc_ohc=GWCZFN6ubWIQ7kNvwF1d2v5&_nc_gid=Eewz1j-HdsrB63q9mJDmXQ&edm=AJhczIQBAAAA&ccb=7-5&ig_cache_key=MzczODAyNjE0MDc0MTg1NjkwNw%3D%3D.3-ccb7-5&oh=00_AfqyDMpKnO7snngS8SxlNTDmVupGEoHJC8lXs_FPyv_fCw&oe=696B8EA0&_nc_sid=4a2096'],,https://www.threads.net/@governantics/post/DPgIvhYCu6L,[],"{'likes': 486, 'reposts': 11, 'quotes': 0}",threads,3738026140741856907,Governantics,Governantics,"🚨 ᴀʟᴇʀᴛ: President Zelenskyy says Ukraine will join the EU regardless of Hungarian Prime Minister Orbán’s opposition.

🗣️ ""Ukraine will be in the European Union, with or without Orbán, because that is the choice of the Ukrainian people.""",threads,70817238897,governantics
[],2026-01-13T10:18:41.844729+07:00,"I just learned today that WITHIN the European Union, we have a monks’ republic (Mt Athos in Greece) where women are not allowed?? How is this legal???",2025-05-26T18:54:36+07:00,,3640995233358096551,threads,threads.com,threads_crawler_v1,https://www.threads.net/@dracona94/post/DKHad-5Myin,https://instagram.fhan4-6.fna.fbcdn.net/v/t51.2885-19/501075757_17910366810112580_4532534849586708360_n.jpg?stp=dst-jpg_s150x150_tt6&efg=eyJ2ZW5jb2RlX3RhZyI6InByb2ZpbGVfcGljLmRqYW5nby40MDAuYzIifQ&_nc_ht=instagram.fhan4-6.fna.fbcdn.net&_nc_cat=108&_nc_oc=Q6cZ2QHtcbk52dcGoSU4nFSMyMEqQoldVwhXWpCgtfBGzb-HX0RRVj7rLZKf1-F2awDGG2o&_nc_ohc=Yy6PbqnmfCIQ7kNvwEGuQcX&_nc_gid=Eewz1j-HdsrB63q9mJDmXQ&edm=AJhczIQBAAAA&ccb=7-5&oh=00_AfrHzCRqI-q-aY_WmHNck-kcIUQmPK_7uECzuJVyM9KUJw&oe=696B75A7&_nc_sid=4a2096,352,0,127,3,0,[],,https://www.threads.net/@dracona94/post/DKHad-5Myin,[],"{'likes': 127, 'reposts': 2, 'quotes': 1}",threads,3640995233358096551,David Zühlke,,"I just learned today that WITHIN the European Union, we have a monks’ republic (Mt Athos in Greece) where women are not allowed?? How is this legal???",threads,63499744579,dracona94
[],2026-01-13T10:18:41.844834+07:00,"You shouldn’t pretend you don’t know what Russia actually wants. Alexander Dugin spelled it out long ago — explicitly, in his book “The Foundations of Geopolitics”.

Here is the core of that blueprint:

1. Break up the European Union into weakened states unable to act collectively.
2. Push the United States out of Europe and undermine NATO from within.
3. Forge a “Berlin–Moscow axis,” pulling Germany away from the West.",2025-12-08T23:12:21+07:00,,3783181000109512822,threads,threads.com,threads_crawler_v1,https://www.threads.net/@olarhat/post/DSAjxNQiNh2,https://instagram.fhan3-4.fna.fbcdn.net/v/t51.2885-19/462404763_558424803303532_2423274879363084457_n.jpg?stp=dst-jpg_s150x150_tt6&efg=eyJ2ZW5jb2RlX3RhZyI6InByb2ZpbGVfcGljLmRqYW5nby42NDAuYzIifQ&_nc_ht=instagram.fhan3-4.fna.fbcdn.net&_nc_cat=104&_nc_oc=Q6cZ2QHtcbk52dcGoSU4nFSMyMEqQoldVwhXWpCgtfBGzb-HX0RRVj7rLZKf1-F2awDGG2o&_nc_ohc=M7c2yITtopYQ7kNvwHnKQSm&_nc_gid=Eewz1j-HdsrB63q9mJDmXQ&edm=AJhczIQBAAAA&ccb=7-5&oh=00_AfqQSFdnaqvN18YR6ZRPtbC4Vy5lTtDw6-L2maZttjJfbw&oe=696B9568&_nc_sid=4a2096,45,0,941,174,0,[],,https://www.threads.net/@olarhat/post/DSAjxNQiNh2,[],"{'likes': 941, 'reposts': 160, 'quotes': 14}",threads,3783181000109512822,Oleksandr Arhat,,"You shouldn’t pretend you don’t know what Russia actually wants. Alexander Dugin spelled it out long ago — explicitly, in his book “The Foundations of Geopolitics”.

Here is the core of that blueprint:

1. Break up the European Union into weakened states unable to act collectively.
2. Push the United States out of Europe and undermine NATO from within.
3. Forge a “Berlin–Moscow axis,” pulling Germany away from the West.",threads,63288643687,olarhat
[],2026-01-13T10:18:41.844941+07:00,"The European Union has indefinitely frozen $246 billion in Russian assets.

Using emergency powers under Article 122, Brussels bypassed Hungary and Slovakia, enabling a major bailout for Ukraine.",2025-12-13T18:38:35+07:00,,3786667070612978326,threads,threads.com,threads_crawler_v1,https://www.threads.net/@africanews24tv/post/DSM8aNajjqW,https://instagram.fhan3-4.fna.fbcdn.net/v/t51.2885-19/526483527_18353316382084684_5546381889197390037_n.jpg?stp=dst-jpg_s150x150_tt6&efg=eyJ2ZW5jb2RlX3RhZyI6InByb2ZpbGVfcGljLmRqYW5nby4xMDgwLmMyIn0&_nc_ht=instagram.fhan3-4.fna.fbcdn.net&_nc_cat=104&_nc_oc=Q6cZ2QHtcbk52dcGoSU4nFSMyMEqQoldVwhXWpCgtfBGzb-HX0RRVj7rLZKf1-F2awDGG2o&_nc_ohc=Te2QfjzDlGUQ7kNvwHCNtPC&_nc_gid=Eewz1j-HdsrB63q9mJDmXQ&edm=AJhczIQBAAAA&ccb=7-5&oh=00_AfqtEGb8mevG3QBq4Ql7q7oXu5P6Nszme64AjcgaIuVP5g&oe=696B8747&_nc_sid=4a2096,185,0,2344,192,0,"['https://instagram.fhan3-4.fna.fbcdn.net/v/t51.2885-15/587793619_1420329116261212_240820066256459014_n.jpg?stp=dst-jpg_e15_tt6&efg=eyJ2ZW5jb2RlX3RhZyI6InRocmVhZHMuRkVFRC5pbWFnZV91cmxnZW4uNjQweDM0OC5zZHIuZjcxODc4LmRlZmF1bHRfY292ZXJfZnJhbWUuYzIifQ&_nc_ht=instagram.fhan3-4.fna.fbcdn.net&_nc_cat=104&_nc_oc=Q6cZ2QHtcbk52dcGoSU4nFSMyMEqQoldVwhXWpCgtfBGzb-HX0RRVj7rLZKf1-F2awDGG2o&_nc_ohc=bcP6uoOzObcQ7kNvwHV8Wr4&_nc_gid=Eewz1j-HdsrB63q9mJDmXQ&edm=AJhczIQBAAAA&ccb=7-5&ig_cache_key=Mzc4NjY2NzA3MDYxMjk3ODMyNg%3D%3D.3-ccb7-5&oh=00_Afq9atj08TD-QM6P2fUnhLzhxLhv4frum2OuxMB2ck7_jg&oe=696B7357&_nc_sid=4a2096', 'https://instagram.fhan3-4.fna.fbcdn.net/o1/v/t2/f2/m86/AQMwu2QSEsuaJJDQMYmzxtidwf5e3txTcJ7w6Gk1KhHuev8Dvq2ZOU5sklm2m8_4-Flf_KiFKIu-TakhfATBucG01M4IzGIz2ytFrQ4.mp4?_nc_cat=104&_nc_oc=AdlWE9PPU16WD2sO5Mt-d9lLgAP4eQiJp_C9g-hBqV6gXtwHrrE9yOm4B_wnQvOoMxw&_nc_sid=5e9851&_nc_ht=instagram.fhan3-4.fna.fbcdn.net&_nc_ohc=H0QDjd1zHUIQ7kNvwHmvasz&efg=eyJ2ZW5jb2RlX3RhZyI6Inhwdl9wcm9ncmVzc2l2ZS5JTlNUQUdSQU0uRkVFRC5DMy4xMDgwLmRhc2hfYmFzZWxpbmVfMV92MSIsInhwdl9hc3NldF9pZCI6MTE2MTY3MjUyMjcyMDUyNSwiYXNzZXRfYWdlX2RheXMiOjMwLCJ2aV91c2VjYXNlX2lkIjoxMDA5OSwiZHVyYXRpb25fcyI6MTExLCJ1cmxnZW5fc291cmNlIjoid3d3In0%3D&ccb=17-1&_nc_gid=Eewz1j-HdsrB63q9mJDmXQ&_nc_zt=28&vs=e858f5aff50ffeec&_nc_vs=HBksFQIYUmlnX3hwdl9yZWVsc19wZXJtYW5lbnRfc3JfcHJvZC84NTQ0NDcwNjBBNjdERUI0MTFGMjZBNDQxQTE2QTNBOF92aWRlb19kYXNoaW5pdC5tcDQVAALIARIAFQIYOnBhc3N0aHJvdWdoX2V2ZXJzdG9yZS9HT192cFNNQ0FQNEtFNWdDQUlCeFgydVNtajVsYnN0VEFRQUYVAgLIARIAKAAYABsCiAd1c2Vfb2lsATEScHJvZ3Jlc3NpdmVfcmVjaXBlATEVAAAmmpT_4J6ikAQVAigCQzMsF0Bbu7ZFocrBGBJkYXNoX2Jhc2VsaW5lXzFfdjERAHXqB2XmnQEA&oh=00_AfoTQTMZX_4Tz_mdd2JXrUH5US0RVJT5YvDvB6auITU_og&oe=69679E31']",,https://www.threads.net/@africanews24tv/post/DSM8aNajjqW,[],"{'likes': 2344, 'reposts': 180, 'quotes': 12}",threads,3786667070612978326,Africa News24,,"The European Union has indefinitely frozen $246 billion in Russian assets.

Using emergency powers under Article 122, Brussels bypassed Hungary and Slovakia, enabling a major bailout for Ukraine.",threads,73960471738,africanews24tv
[],2026-01-13T10:18:41.845117+07:00,"BREAKING:

Chinese President Xi Jinping rejects European Union invitation to attend the EU-China summit.",2025-03-17T00:18:04+07:00,,3589698963882127433,threads,threads.com,threads_crawler_v1,https://www.threads.net/@martiannews_/post/DHRLDBIyDBJ,https://instagram.fhan3-3.fna.fbcdn.net/v/t51.2885-19/454935285_1243057303717573_2048951773374107230_n.jpg?stp=dst-jpg_s150x150_tt6&efg=eyJ2ZW5jb2RlX3RhZyI6InByb2ZpbGVfcGljLmRqYW5nby4zMzUuYzIifQ&_nc_ht=instagram.fhan3-3.fna.fbcdn.net&_nc_cat=101&_nc_oc=Q6cZ2QHtcbk52dcGoSU4nFSMyMEqQoldVwhXWpCgtfBGzb-HX0RRVj7rLZKf1-F2awDGG2o&_nc_ohc=aYOD51aW9GgQ7kNvwEBaCVV&_nc_gid=Eewz1j-HdsrB63q9mJDmXQ&edm=AJhczIQBAAAA&ccb=7-5&oh=00_AfpShVyIxrZvQjelKokkiUp_G99y6CZOVTsQe69OaxdxyQ&oe=696B7F00&_nc_sid=4a2096,47,0,403,8,0,['https://instagram.fhan4-1.fna.fbcdn.net/v/t51.2885-15/485016970_17889377019211913_5771463972469495288_n.webp?efg=eyJ2ZW5jb2RlX3RhZyI6InRocmVhZHMuRkVFRC5pbWFnZV91cmxnZW4uMTAwNHg1NjAuc2RyLmY3NTc2MS5kZWZhdWx0X2ltYWdlLmMyIn0&_nc_ht=instagram.fhan4-1.fna.fbcdn.net&_nc_cat=105&_nc_oc=Q6cZ2QHtcbk52dcGoSU4nFSMyMEqQoldVwhXWpCgtfBGzb-HX0RRVj7rLZKf1-F2awDGG2o&_nc_ohc=0rwoz0F60JUQ7kNvwG8T5Pj&_nc_gid=Eewz1j-HdsrB63q9mJDmXQ&edm=AJhczIQBAAAA&ccb=7-5&ig_cache_key=MzU4OTY5ODk2Mzg4MjEyNzQzMw%3D%3D.3-ccb7-5&oh=00_AfqMAuVEeJNZ4n-U8ZnclpgVRplXxSLpC6Q22CUbDhr-jQ&oe=696B838C&_nc_sid=4a2096'],,https://www.threads.net/@martiannews_/post/DHRLDBIyDBJ,[],"{'likes': 403, 'reposts': 8, 'quotes': 0}",threads,3589698963882127433,Martian News,,"BREAKING:

Chinese President Xi Jinping rejects European Union invitation to attend the EU-China summit.",threads,66355427912,martiannews_
[],2026-01-13T10:18:41.845322+07:00,"Imagine a Scotland -

That runs into the arms of the embracing European Union.

That leads on making a better world for us all- focusing on what’s important.

A Scotland, which stands with our friends on combating climate change, on championing human rights for all, on focusing on people rather than profits.

That has a foreign policy which is outward looking with an inward pride on changing things for the better.

That believes in the collective good- not, just the individual.

Imagine 💛",2026-01-12T00:27:36+07:00,,3807861254299768429,threads,threads.com,threads_crawler_v1,https://www.threads.net/@trionafilomena888/post/DTYPaLIgtZt,https://instagram.fhan3-3.fna.fbcdn.net/v/t51.2885-19/586290266_17852819235579637_7906492188944428846_n.jpg?stp=dst-jpg_s150x150_tt6&efg=eyJ2ZW5jb2RlX3RhZyI6InByb2ZpbGVfcGljLmRqYW5nby4xMDIyLmMyIn0&_nc_ht=instagram.fhan3-3.fna.fbcdn.net&_nc_cat=101&_nc_oc=Q6cZ2QHtcbk52dcGoSU4nFSMyMEqQoldVwhXWpCgtfBGzb-HX0RRVj7rLZKf1-F2awDGG2o&_nc_ohc=oScwOFqQxToQ7kNvwHZtMKE&_nc_gid=Eewz1j-HdsrB63q9mJDmXQ&edm=AJhczIQBAAAA&ccb=7-5&oh=00_Afp3g96I3KDegQ3rFWBEKu38zwT0HKwRAMKt1eaVUnqy7Q&oe=696B7C0D&_nc_sid=4a2096,11,0,44,5,0,[],,https://www.threads.net/@trionafilomena888/post/DTYPaLIgtZt,[],"{'likes': 44, 'reposts': 5, 'quotes': 0}",threads,3807861254299768429,Tríona Filomena,Scottish Independence,"Imagine a Scotland -

That runs into the arms of the embracing European Union.

That leads on making a better world for us all- focusing on what’s important.

A Scotland, which stands with our friends on combating climate change, on championing human rights for all, on focusing on people rather than profits.

That has a foreign policy which is outward looking with an inward pride on changing things for the better.

That believes in the collective good- not, just the individual.

Imagine 💛",threads,77462779636,trionafilomena888
[],2026-01-13T10:18:41.845450+07:00,"**Trump Issues Stern Warning to EU and Canada**

President Trump has cautioned the European Union and Canada against collaborating in any manner that could potentially harm the U.S. economy. He emphasized that such actions would result in significant repercussions, including tariffs exceeding those currently proposed.

European Union 🇪🇺 Canada 🇨🇦",2025-03-27T14:38:52+07:00,,3597379970122938093,threads,threads.com,threads_crawler_v1,https://www.threads.net/@christianborregaard/post/DHsdgXpSHbt,https://instagram.fhan4-5.fna.fbcdn.net/v/t51.2885-19/491462516_561270949862726_4678386125769750261_n.jpg?stp=dst-jpg_s150x150_tt6&efg=eyJ2ZW5jb2RlX3RhZyI6InByb2ZpbGVfcGljLmRqYW5nby4xMDgwLmMyIn0&_nc_ht=instagram.fhan4-5.fna.fbcdn.net&_nc_cat=102&_nc_oc=Q6cZ2QHtcbk52dcGoSU4nFSMyMEqQoldVwhXWpCgtfBGzb-HX0RRVj7rLZKf1-F2awDGG2o&_nc_ohc=qWG2k42OA6QQ7kNvwGfW4lA&_nc_gid=Eewz1j-HdsrB63q9mJDmXQ&edm=AJhczIQBAAAA&ccb=7-5&oh=00_AfqQavUyz0wWMdHiKLsxrRfBgq0UAprVXSoIJGEirRig2Q&oe=696B8B5A&_nc_sid=4a2096,770,0,315,40,0,['https://instagram.fhan4-3.fna.fbcdn.net/v/t51.2885-15/487417121_17871834399323554_8529164894673331686_n.jpg?stp=dst-jpg_e35_tt6&efg=eyJ2ZW5jb2RlX3RhZyI6InRocmVhZHMuRkVFRC5pbWFnZV91cmxnZW4uMTI5MHg3MDAuc2RyLmY3NTc2MS5kZWZhdWx0X2ltYWdlLmMyIn0&_nc_ht=instagram.fhan4-3.fna.fbcdn.net&_nc_cat=110&_nc_oc=Q6cZ2QHtcbk52dcGoSU4nFSMyMEqQoldVwhXWpCgtfBGzb-HX0RRVj7rLZKf1-F2awDGG2o&_nc_ohc=FMwSu1Cqy9oQ7kNvwG0OzGG&_nc_gid=Eewz1j-HdsrB63q9mJDmXQ&edm=AJhczIQBAAAA&ccb=7-5&ig_cache_key=MzU5NzM3OTk3MDEyMjkzODA5Mw%3D%3D.3-ccb7-5&oh=00_Afo-nIVlBKhZrtn8nzWIhNYzb_0of2GJ-pF28bmJ8rDDgg&oe=696B9C29&_nc_sid=4a2096'],,https://www.threads.net/@christianborregaard/post/DHsdgXpSHbt,[],"{'likes': 315, 'reposts': 28, 'quotes': 12}",threads,3597379970122938093,Chris,United States of America,"**Trump Issues Stern Warning to EU and Canada**

President Trump has cautioned the European Union and Canada against collaborating in any manner that could potentially harm the U.S. economy. He emphasized that such actions would result in significant repercussions, including tariffs exceeding those currently proposed.

European Union 🇪🇺 Canada 🇨🇦",threads,69814307553,christianborregaard
[],2026-01-13T10:18:41.845558+07:00,"BREAKING: Spain Demands EU-Wide Arms Embargo on Israel 🇪🇸 In a historic move, Spain has formally called on the European Union to suspend all arms sales to Israel—citing violations of international law.",2025-06-19T04:18:24+07:00,,3657948840692119168,threads,threads.com,threads_crawler_v1,https://www.threads.net/@babyamy017/post/DLDpRcIAXaA,https://instagram.fhan3-3.fna.fbcdn.net/v/t51.2885-19/410596451_3547634305549789_7964630227637761637_n.jpg?stp=dst-jpg_s150x150_tt6&efg=eyJ2ZW5jb2RlX3RhZyI6InByb2ZpbGVfcGljLmRqYW5nby44ODQuYzIifQ&_nc_ht=instagram.fhan3-3.fna.fbcdn.net&_nc_cat=101&_nc_oc=Q6cZ2QHtcbk52dcGoSU4nFSMyMEqQoldVwhXWpCgtfBGzb-HX0RRVj7rLZKf1-F2awDGG2o&_nc_ohc=ZOj_dWhaKaQQ7kNvwHIrzFH&_nc_gid=Eewz1j-HdsrB63q9mJDmXQ&edm=AJhczIQBAAAA&ccb=7-5&oh=00_AfpFCzQ5VgXFRL6Bx4N-YwdmZEkEeCQNbOn7y_atVMAoMQ&oe=696B8495&_nc_sid=4a2096,189,0,8389,363,0,['https://instagram.fhan3-4.fna.fbcdn.net/v/t51.2885-15/509775935_18045154901629804_8460977977442023357_n.jpg?stp=dst-jpg_e35_tt6&efg=eyJ2ZW5jb2RlX3RhZyI6InRocmVhZHMuRkVFRC5pbWFnZV91cmxnZW4uMzc1eDM3NS5zZHIuZjc1NzYxLmRlZmF1bHRfaW1hZ2UuYzIifQ&_nc_ht=instagram.fhan3-4.fna.fbcdn.net&_nc_cat=104&_nc_oc=Q6cZ2QHtcbk52dcGoSU4nFSMyMEqQoldVwhXWpCgtfBGzb-HX0RRVj7rLZKf1-F2awDGG2o&_nc_ohc=zmAz5ih09I0Q7kNvwGjD38K&_nc_gid=Eewz1j-HdsrB63q9mJDmXQ&edm=AJhczIQBAAAA&ccb=7-5&ig_cache_key=MzY1Nzk0ODg0MDY5MjExOTE2OA%3D%3D.3-ccb7-5&oh=00_Afp6C3_hbKDCn5DlNh_cUd4FMoKwONq4YyaD7vi5JXN4DA&oe=696B8E71&_nc_sid=4a2096'],,https://www.threads.net/@babyamy017/post/DLDpRcIAXaA,[],"{'likes': 8389, 'reposts': 348, 'quotes': 15}",threads,3657948840692119168,Amy,,"BREAKING: Spain Demands EU-Wide Arms Embargo on Israel 🇪🇸 In a historic move, Spain has formally called on the European Union to suspend all arms sales to Israel—citing violations of international law.",threads,63220432343,babyamy017
[],2026-01-13T10:18:41.845663+07:00,JUST IN 🚨: 🇨🇦🇪🇺 Canada and the European Union agree to deepen free trade ties and economic cooperation.,2025-05-05T01:02:36+07:00,,3625235385647875860,threads,threads.com,threads_crawler_v1,https://www.threads.net/@dnnposts/post/DJPbGA8t8cU,https://instagram.fhan3-3.fna.fbcdn.net/v/t51.2885-19/470689291_882102614093204_5793133865832075153_n.jpg?stp=dst-jpg_s150x150_tt6&efg=eyJ2ZW5jb2RlX3RhZyI6InByb2ZpbGVfcGljLmRqYW5nby4xMDAwLmMyIn0&_nc_ht=instagram.fhan3-3.fna.fbcdn.net&_nc_cat=1&_nc_oc=Q6cZ2QHtcbk52dcGoSU4nFSMyMEqQoldVwhXWpCgtfBGzb-HX0RRVj7rLZKf1-F2awDGG2o&_nc_ohc=sZWOohJb3gsQ7kNvwHvj88c&_nc_gid=Eewz1j-HdsrB63q9mJDmXQ&edm=AJhczIQBAAAA&ccb=7-5&oh=00_AfqLA33i6jdS4CHVMsGOuqizzZKxqaK2Yp3gaSBf4DBf_g&oe=696B8660&_nc_sid=4a2096,527,0,4497,74,0,['https://instagram.fhan4-5.fna.fbcdn.net/v/t51.2885-15/495498259_17872104759350726_8498314684620596711_n.webp?efg=eyJ2ZW5jb2RlX3RhZyI6InRocmVhZHMuRkVFRC5pbWFnZV91cmxnZW4uMTkyMHgxMjgwLnNkci5mNzU3NjEuZGVmYXVsdF9pbWFnZS5jMiJ9&_nc_ht=instagram.fhan4-5.fna.fbcdn.net&_nc_cat=102&_nc_oc=Q6cZ2QHtcbk52dcGoSU4nFSMyMEqQoldVwhXWpCgtfBGzb-HX0RRVj7rLZKf1-F2awDGG2o&_nc_ohc=CnB7TazLzhkQ7kNvwHFqEVn&_nc_gid=Eewz1j-HdsrB63q9mJDmXQ&edm=AJhczIQBAAAA&ccb=7-5&ig_cache_key=MzYyNTIzNTM4NTY0Nzg3NTg2MA%3D%3D.3-ccb7-5&oh=00_AfqZOrps4XrrbvsY7Bj7T5pJjyEH0Ko0c2DyJiYIrTn6ww&oe=696B84E4&_nc_sid=4a2096'],,https://www.threads.net/@dnnposts/post/DJPbGA8t8cU,[],"{'likes': 4497, 'reposts': 73, 'quotes': 1}",threads,3625235385647875860,DNN POSTS,,JUST IN 🚨: 🇨🇦🇪🇺 Canada and the European Union agree to deepen free trade ties and economic cooperation.,threads,70505718725,dnnposts
[],2026-01-13T10:18:41.845773+07:00,"More than 50 years ago, when the King of Iran announced that Iran no longer needed to sell oil, Queen Elizabeth and the United States decided it was time to remove him. I know this for a fact from a personal conversation, about 20 years ago, with one of the King of Iran’s personal guards.
Can I ask the world this: we already messed it up once for them. Sit this one out. Trump, the European Union, and Israel do not get to decide who rules Iran. The people of Iran do.",2026-01-11T23:08:21+07:00,,3807821362694805121,threads,threads.com,threads_crawler_v1,https://www.threads.net/@sateenator/post/DTYGVrLkVaB,https://instagram.fhan4-6.fna.fbcdn.net/v/t51.2885-19/447164468_1127712728453277_3412071086979853381_n.jpg?stp=dst-jpg_s150x150_tt6&efg=eyJ2ZW5jb2RlX3RhZyI6InByb2ZpbGVfcGljLmRqYW5nby45ODUuYzIifQ&_nc_ht=instagram.fhan4-6.fna.fbcdn.net&_nc_cat=109&_nc_oc=Q6cZ2QHtcbk52dcGoSU4nFSMyMEqQoldVwhXWpCgtfBGzb-HX0RRVj7rLZKf1-F2awDGG2o&_nc_ohc=5Iybr_4PJj4Q7kNvwHrjyR-&_nc_gid=Eewz1j-HdsrB63q9mJDmXQ&edm=AJhczIQBAAAA&ccb=7-5&oh=00_AfptZKZ1f4whobihDhpOiogfTefukHqkawOjAoVaoTs_2g&oe=696B9627&_nc_sid=4a2096,2,0,35,5,0,[],,https://www.threads.net/@sateenator/post/DTYGVrLkVaB,[],"{'likes': 35, 'reposts': 5, 'quotes': 0}",threads,3807821362694805121,Directionally Challenged,,"More than 50 years ago, when the King of Iran announced that Iran no longer needed to sell oil, Queen Elizabeth and the United States decided it was time to remove him. I know this for a fact from a personal conversation, about 20 years ago, with one of the King of Iran’s personal guards.
Can I ask the world this: we already messed it up once for them. Sit this one out. Trump, the European Union, and Israel do not get to decide who rules Iran. The people of Iran do.",threads,67042955190,sateenator
[],2026-01-13T10:18:51.730829+07:00,"Vladimir Putin wants peace.
Donald J. Trump wants peace.
The European Union doesn't want peace.
Volodomyr Zelenskyy doesn't want peace.",2025-04-24T21:58:23+07:00,,3617894911801746002,threads,threads.com,threads_crawler_v1,https://www.threads.net/@joeymannarinous/post/DI1WED8ouJS,https://instagram.fhan3-3.fna.fbcdn.net/v/t51.2885-19/527551925_18053057711570203_8697601701913754327_n.jpg?stp=dst-jpg_s150x150_tt6&efg=eyJ2ZW5jb2RlX3RhZyI6InByb2ZpbGVfcGljLmRqYW5nby4xMDI0LmMyIn0&_nc_ht=instagram.fhan3-3.fna.fbcdn.net&_nc_cat=1&_nc_oc=Q6cZ2QHQUdK9SOhzUuWh5WgZsCgYr7sCcfX52FzY5pFCRBLSp_L8DfjwbtiQlIfEhVJPTmw&_nc_ohc=XT8B9RSkYwEQ7kNvwGKzJKX&_nc_gid=dNwyOH1I1lGIwOfQ-rXbEg&edm=AJhczIQBAAAA&ccb=7-5&oh=00_Afp0wM_CQxFs36dVhGUY6ZforDBsfMI1GwVm3tadIAv5Gw&oe=696B989D&_nc_sid=4a2096,2769,0,6253,151,0,[],,https://www.threads.net/@joeymannarinous/post/DI1WED8ouJS,[],"{'likes': 6253, 'reposts': 137, 'quotes': 14}",threads,3617894911801746002,Joey Mannarino,,"Vladimir Putin wants peace.
Donald J. Trump wants peace.
The European Union doesn't want peace.
Volodomyr Zelenskyy doesn't want peace.",threads,63251249674,joeymannarinous
[],2026-01-13T10:18:51.731240+07:00,"Among the 12 people aboard the Madleen was a member of the European Union’s Parliament: Rima Hassan who is French Palestinian.

Israel just kidnapped a foreign government official in international waters on a humanitarian mission to a sovereign people.",2025-06-09T15:19:20+07:00,,3651033747054174470,threads,threads.com,threads_crawler_v1,https://www.threads.net/@emmainprogressuk/post/DKrE9lUIKEG,https://instagram.fhan3-3.fna.fbcdn.net/v/t51.2885-19/358761322_793725705817753_2873090068737898748_n.jpg?stp=dst-jpg_s150x150_tt6&efg=eyJ2ZW5jb2RlX3RhZyI6InByb2ZpbGVfcGljLmRqYW5nby4xMDgwLmMyIn0&_nc_ht=instagram.fhan3-3.fna.fbcdn.net&_nc_cat=101&_nc_oc=Q6cZ2QHQUdK9SOhzUuWh5WgZsCgYr7sCcfX52FzY5pFCRBLSp_L8DfjwbtiQlIfEhVJPTmw&_nc_ohc=0u2RqkAOcEwQ7kNvwGjoH-c&_nc_gid=dNwyOH1I1lGIwOfQ-rXbEg&edm=AJhczIQBAAAA&ccb=7-5&oh=00_Afr6kKj5cvJKCbbxxmA0tUoigJY2y606tIv0a6oK5YkBMw&oe=696B88A2&_nc_sid=4a2096,740,0,10394,1014,0,['https://instagram.fhan4-5.fna.fbcdn.net/v/t51.2885-15/504206095_17915255961102278_165245530799581174_n.webp?efg=eyJ2ZW5jb2RlX3RhZyI6InRocmVhZHMuRkVFRC5pbWFnZV91cmxnZW4uMzIweDIyNC5zZHIuZjc1NzYxLmRlZmF1bHRfaW1hZ2UuYzIifQ&_nc_ht=instagram.fhan4-5.fna.fbcdn.net&_nc_cat=102&_nc_oc=Q6cZ2QHQUdK9SOhzUuWh5WgZsCgYr7sCcfX52FzY5pFCRBLSp_L8DfjwbtiQlIfEhVJPTmw&_nc_ohc=5nwXB7j-Af4Q7kNvwGbBQGR&_nc_gid=dNwyOH1I1lGIwOfQ-rXbEg&edm=AJhczIQBAAAA&ccb=7-5&ig_cache_key=MzY1MTAzMzc0NzA1NDE3NDQ3MA%3D%3D.3-ccb7-5&oh=00_AfrMwplQOBJURLazr-B4jJI7t9KBvt6xeAbFXGlJcymBFA&oe=696B9203&_nc_sid=4a2096'],,https://www.threads.net/@emmainprogressuk/post/DKrE9lUIKEG,[],"{'likes': 10394, 'reposts': 981, 'quotes': 33}",threads,3651033747054174470,Emma ★ feminist,,"Among the 12 people aboard the Madleen was a member of the European Union’s Parliament: Rima Hassan who is French Palestinian.

Israel just kidnapped a foreign government official in international waters on a humanitarian mission to a sovereign people.",threads,63054470277,emmainprogressuk
[],2026-01-13T10:18:51.731440+07:00,"I'll say it again: Schengen must remove the United States from the ESTA visa-waiver program. U.S. passport holders should be required to undergo a standard tourist-visa interview, as many others from unstable and hostile nations already do. If the European Union is serious about defending its sovereignty, it needs to know whether those entering our territory actively support threats to European sovereignty and security 1/3",2025-12-23T06:38:32+07:00,,3793552432887207363,threads,threads.com,threads_crawler_v1,https://www.threads.net/@katherinekelaidis/post/DSlZ9avD5XD,https://instagram.fhan3-3.fna.fbcdn.net/v/t51.2885-19/361304799_5809795732455469_7377695012921056253_n.jpg?stp=dst-jpg_s150x150_tt6&efg=eyJ2ZW5jb2RlX3RhZyI6InByb2ZpbGVfcGljLmRqYW5nby4xMDgwLmMyIn0&_nc_ht=instagram.fhan3-3.fna.fbcdn.net&_nc_cat=101&_nc_oc=Q6cZ2QHQUdK9SOhzUuWh5WgZsCgYr7sCcfX52FzY5pFCRBLSp_L8DfjwbtiQlIfEhVJPTmw&_nc_ohc=An6uc3i96HUQ7kNvwEy49-N&_nc_gid=dNwyOH1I1lGIwOfQ-rXbEg&edm=AJhczIQBAAAA&ccb=7-5&oh=00_Afq9Iw1k915l-HBhzM_Z8HFQrRfYujf01QH898ax03RI4A&oe=696B9453&_nc_sid=4a2096,259,0,2990,159,0,[],,https://www.threads.net/@katherinekelaidis/post/DSlZ9avD5XD,[],"{'likes': 2990, 'reposts': 149, 'quotes': 10}",threads,3793552432887207363,KatKel,Travel Threads,"I'll say it again: Schengen must remove the United States from the ESTA visa-waiver program. U.S. passport holders should be required to undergo a standard tourist-visa interview, as many others from unstable and hostile nations already do. If the European Union is serious about defending its sovereignty, it needs to know whether those entering our territory actively support threats to European sovereignty and security 1/3",threads,63081294759,katherinekelaidis
[],2026-01-13T10:18:51.731601+07:00,"🚨 #BREAKING: The European Union is preparing to fine Elon Musk and 𝕏 more than $1 BILLION, per NYT

This is a DIRECT ATTACK on free speech, and retaliation against Elon for his role in the Trump admin

EU is even targeting SPACEX’s revenue, further proving this is politically motivated.

STAND STRONG, Elon! We’ve got your back.",2025-04-04T07:44:52+07:00,,3602969806741911796,threads,threads.com,threads_crawler_v1,https://www.threads.net/@captain.kierankelly/post/DIAUfMrTzj0,https://instagram.fhan4-1.fna.fbcdn.net/v/t51.2885-19/448179919_1381298342537021_8746751421823306364_n.jpg?stp=dst-jpg_s150x150_tt6&efg=eyJ2ZW5jb2RlX3RhZyI6InByb2ZpbGVfcGljLmRqYW5nby44MDAuYzIifQ&_nc_ht=instagram.fhan4-1.fna.fbcdn.net&_nc_cat=105&_nc_oc=Q6cZ2QHQUdK9SOhzUuWh5WgZsCgYr7sCcfX52FzY5pFCRBLSp_L8DfjwbtiQlIfEhVJPTmw&_nc_ohc=RipuL0uuRXoQ7kNvwGt4qXA&_nc_gid=dNwyOH1I1lGIwOfQ-rXbEg&edm=AJhczIQBAAAA&ccb=7-5&oh=00_Afo6mJgQDGFyg2TD1NllqF_gKNVVZTTeVhnNT3yFDaNHVg&oe=696B8B46&_nc_sid=4a2096,327,0,795,46,0,['https://instagram.fhan4-5.fna.fbcdn.net/v/t51.2885-15/488741525_17889066669231783_398841130901388097_n.jpg?stp=dst-jpg_e35_tt6&efg=eyJ2ZW5jb2RlX3RhZyI6InRocmVhZHMuRkVFRC5pbWFnZV91cmxnZW4uMTI5MHg3NDguc2RyLmY3NTc2MS5kZWZhdWx0X2ltYWdlLmMyIn0&_nc_ht=instagram.fhan4-5.fna.fbcdn.net&_nc_cat=103&_nc_oc=Q6cZ2QHQUdK9SOhzUuWh5WgZsCgYr7sCcfX52FzY5pFCRBLSp_L8DfjwbtiQlIfEhVJPTmw&_nc_ohc=0J9Eb9rcJ10Q7kNvwHPOXl9&_nc_gid=dNwyOH1I1lGIwOfQ-rXbEg&edm=AJhczIQBAAAA&ccb=7-5&ig_cache_key=MzYwMjk2OTgwNjc0MTkxMTc5Ng%3D%3D.3-ccb7-5&oh=00_AfoeVZeBdLr9vE17ibVM6eT8_WcIez9NsvDbrJV7W11uaA&oe=696B9DB5&_nc_sid=4a2096'],,https://www.threads.net/@captain.kierankelly/post/DIAUfMrTzj0,[],"{'likes': 795, 'reposts': 42, 'quotes': 4}",threads,3602969806741911796,Kieran W Kelly,,"🚨 #BREAKING: The European Union is preparing to fine Elon Musk and 𝕏 more than $1 BILLION, per NYT

This is a DIRECT ATTACK on free speech, and retaliation against Elon for his role in the Trump admin

EU is even targeting SPACEX’s revenue, further proving this is politically motivated.

STAND STRONG, Elon! We’ve got your back.",threads,66775343782,captain.kierankelly
[],2026-01-13T10:18:51.731762+07:00,"What do you think illegal migration all over the world..

""It's a plan... It was written, it was published, it's known.""

Hungarian PM Viktor Orbán sheds light on 'George Soros' 2015 plan to intentionally besiege the European Union with ""at least a million asylum seekers annually"".",2025-05-26T18:04:46+07:00,,3640970125345413378,threads,threads.com,threads_crawler_v1,https://www.threads.net/@lisamohammed7523/post/DKHUwnPBdkC,https://instagram.fhan4-3.fna.fbcdn.net/v/t51.2885-19/479135798_427635740415024_1130270910846954299_n.jpg?stp=dst-jpg_s150x150_tt6&efg=eyJ2ZW5jb2RlX3RhZyI6InByb2ZpbGVfcGljLmRqYW5nby4xMDgwLmMyIn0&_nc_ht=instagram.fhan4-3.fna.fbcdn.net&_nc_cat=100&_nc_oc=Q6cZ2QHQUdK9SOhzUuWh5WgZsCgYr7sCcfX52FzY5pFCRBLSp_L8DfjwbtiQlIfEhVJPTmw&_nc_ohc=qRSnkPLlKs8Q7kNvwHTocQQ&_nc_gid=dNwyOH1I1lGIwOfQ-rXbEg&edm=AJhczIQBAAAA&ccb=7-5&oh=00_AfqxkMd9EOnRhBpHYH0zbTBlmpvXM2bC_JlAKPI0TI4brA&oe=696B9BA6&_nc_sid=4a2096,88,0,640,117,0,"['https://instagram.fhan3-3.fna.fbcdn.net/v/t15.5256-10/501804230_2208883382902883_2131661046829933742_n.jpg?stp=dst-jpg_e15_tt6&efg=eyJ2ZW5jb2RlX3RhZyI6InRocmVhZHMuRkVFRC5pbWFnZV91cmxnZW4uNzY4eDcyMC5zZHIuZjUyNTYuZmlyc3RfZnJhbWVfdGh1bWJuYWlsLmMyIn0&_nc_ht=instagram.fhan3-3.fna.fbcdn.net&_nc_cat=111&_nc_oc=Q6cZ2QHQUdK9SOhzUuWh5WgZsCgYr7sCcfX52FzY5pFCRBLSp_L8DfjwbtiQlIfEhVJPTmw&_nc_ohc=LWEP5Q9dnZ8Q7kNvwE5SXmp&_nc_gid=dNwyOH1I1lGIwOfQ-rXbEg&edm=AJhczIQAAAAA&ccb=7-5&ig_cache_key=MzY0MDk3MDEyNTM0NTQxMzM3OA%3D%3D.3-ccb7-5&oh=00_Afo1E9owLtncV3rVn7IyWUneML1ou24xM8Ps4C6Ij9dXeg&oe=696B747C&_nc_sid=4a2096', 'https://instagram.fhan4-5.fna.fbcdn.net/o1/v/t2/f2/m412/AQOZkYvf1tdtZW_oPe7I5mBjyUZnA25YwduQtYdoUSUYO6En4v0SSbPlCOap_1Q2QqEcfaQGgjmGN7qPmdjo6W_D.mp4?_nc_cat=102&_nc_oc=AdnlMSgwtca6a6rlppXppDZtVve3tUP6iC5QxwNo5PL8zpAUwtMIw_Y8H3sRlETWZ0s&_nc_sid=8bf8fe&_nc_ht=instagram.fhan4-5.fna.fbcdn.net&_nc_ohc=DlhbKvw1N4MQ7kNvwELVtlJ&efg=eyJ2ZW5jb2RlX3RhZyI6Inhwdl9wcm9ncmVzc2l2ZS5JTlNUQUdSQU0uRkVFRC5DMy4zODQuc3ZlX3NkIiwieHB2X2Fzc2V0X2lkIjo2NzUyOTA0MjE5ODMyODIsImFzc2V0X2FnZV9kYXlzIjoyMzEsInZpX3VzZWNhc2VfaWQiOjEwMTIzLCJkdXJhdGlvbl9zIjoxNTMsInVybGdlbl9zb3VyY2UiOiJ3d3cifQ%3D%3D&ccb=17-1&_nc_gid=dNwyOH1I1lGIwOfQ-rXbEg&_nc_zt=28&oh=00_AfpkgOqtxcKtnf_op6IoFulVkq4Ymu_mWLqwxM8JrhPeGg&oe=696BA787']",,https://www.threads.net/@lisamohammed7523/post/DKHUwnPBdkC,[],"{'likes': 640, 'reposts': 92, 'quotes': 25}",threads,3640970125345413378,Lisa Mohammed,,"What do you think illegal migration all over the world..

""It's a plan... It was written, it was published, it's known.""

Hungarian PM Viktor Orbán sheds light on 'George Soros' 2015 plan to intentionally besiege the European Union with ""at least a million asylum seekers annually"".",threads,67999677785,lisamohammed7523
[],2026-01-13T10:18:51.731948+07:00,"Poll of the day 8/18:

If you are Zelenskyy and Ukraine, would you cede Crimea, Donetsk, and Luhansk to Russia if doing so allowed you to join the European Union and NATO, and also end the war?",2025-08-18T19:23:04+07:00,,3701890720966190526,threads,threads.com,threads_crawler_v1,https://www.threads.net/@stephano.stephen/post/DNfwf9MgSW-,https://instagram.fhan3-3.fna.fbcdn.net/v/t51.2885-19/531877944_17889554508335293_5108519311662809501_n.jpg?stp=dst-jpg_s150x150_tt6&efg=eyJ2ZW5jb2RlX3RhZyI6InByb2ZpbGVfcGljLmRqYW5nby4xMDgwLmMyIn0&_nc_ht=instagram.fhan3-3.fna.fbcdn.net&_nc_cat=101&_nc_oc=Q6cZ2QHQUdK9SOhzUuWh5WgZsCgYr7sCcfX52FzY5pFCRBLSp_L8DfjwbtiQlIfEhVJPTmw&_nc_ohc=G43TB_vnytMQ7kNvwHE6EH3&_nc_gid=dNwyOH1I1lGIwOfQ-rXbEg&edm=AJhczIQBAAAA&ccb=7-5&oh=00_Afq9pMn72G5DGQVm1y8owSj3A6Gqo0Th9AcPggkchbV7pA&oe=696B908E&_nc_sid=4a2096,54,0,9,0,0,[],,https://www.threads.net/@stephano.stephen/post/DNfwf9MgSW-,[],"{'likes': 9, 'reposts': 0, 'quotes': 0}",threads,3701890720966190526,Stephen Stephano,UkraineRussiaWar,"Poll of the day 8/18:

If you are Zelenskyy and Ukraine, would you cede Crimea, Donetsk, and Luhansk to Russia if doing so allowed you to join the European Union and NATO, and also end the war?",threads,69853359292,stephano.stephen
[],2026-01-13T10:18:51.732161+07:00,Starmer to realign with the European Union and do what’s best for the country ! He stated that the people who voted leave have been deceived as they haven’t got what they voted for! So effectively he is ignoring democracy and the will of 52% of the electorate. So on that basis we can overturn the 2024 election and boot Starmer out of office and hold another election which will see Reform in power.,2026-01-05T15:09:01+07:00,,3803231459138762235,threads,threads.com,threads_crawler_v1,https://www.threads.net/@roy.gibbons.5030/post/DTHytyYjnX7,https://instagram.fhan3-3.fna.fbcdn.net/v/t51.2885-19/375906955_688994199315227_1544209030929068982_n.jpg?stp=dst-jpg_s150x150_tt6&efg=eyJ2ZW5jb2RlX3RhZyI6InByb2ZpbGVfcGljLmRqYW5nby43MjAuYzIifQ&_nc_ht=instagram.fhan3-3.fna.fbcdn.net&_nc_cat=111&_nc_oc=Q6cZ2QHQUdK9SOhzUuWh5WgZsCgYr7sCcfX52FzY5pFCRBLSp_L8DfjwbtiQlIfEhVJPTmw&_nc_ohc=GYHsDgi5GwMQ7kNvwGVzDDj&_nc_gid=dNwyOH1I1lGIwOfQ-rXbEg&edm=AJhczIQBAAAA&ccb=7-5&oh=00_AfocnsEfs_i2ionMFinI845D4ae_stYiPf9p2mzy82DLyw&oe=696BA6A6&_nc_sid=4a2096,129,0,56,2,0,[],,https://www.threads.net/@roy.gibbons.5030/post/DTHytyYjnX7,[],"{'likes': 56, 'reposts': 2, 'quotes': 0}",threads,3803231459138762235,Roy Gibbons,,Starmer to realign with the European Union and do what’s best for the country ! He stated that the people who voted leave have been deceived as they haven’t got what they voted for! So effectively he is ignoring democracy and the will of 52% of the electorate. So on that basis we can overturn the 2024 election and boot Starmer out of office and hold another election which will see Reform in power.,threads,63277183384,roy.gibbons.5030
[],2026-01-13T10:18:51.732310+07:00,"In a piece this morning about the worldwide impact of Trump’s latest tariff barrage, the New York Times directoy implies Canada is a “global power” - “Nor is the European Union the only global power adopting such a strategy. Canada is also drawing closer to ….”",2025-07-13T19:26:14+07:00,,3675800386753905489,threads,threads.com,threads_crawler_v1,https://www.threads.net/@aran.ocarroll/post/DMDEPn9tcNR,https://instagram.fhan3-3.fna.fbcdn.net/v/t51.2885-19/359780397_234325889498387_1950138590459262803_n.jpg?stp=dst-jpg_s150x150_tt6&efg=eyJ2ZW5jb2RlX3RhZyI6InByb2ZpbGVfcGljLmRqYW5nby4zOTkuYzIifQ&_nc_ht=instagram.fhan3-3.fna.fbcdn.net&_nc_cat=111&_nc_oc=Q6cZ2QHQUdK9SOhzUuWh5WgZsCgYr7sCcfX52FzY5pFCRBLSp_L8DfjwbtiQlIfEhVJPTmw&_nc_ohc=f2WDh-UN0EUQ7kNvwGkRS7i&_nc_gid=dNwyOH1I1lGIwOfQ-rXbEg&edm=AJhczIQBAAAA&ccb=7-5&oh=00_Afo04nUk5yLRDxh8RAKrcBic1jpgFvMeYUQtNYcRFSfRcQ&oe=696BA0B3&_nc_sid=4a2096,18,0,264,16,0,[],,https://www.threads.net/@aran.ocarroll/post/DMDEPn9tcNR,[],"{'likes': 264, 'reposts': 16, 'quotes': 0}",threads,3675800386753905489,Aran O'Carroll,,"In a piece this morning about the worldwide impact of Trump’s latest tariff barrage, the New York Times directoy implies Canada is a “global power” - “Nor is the European Union the only global power adopting such a strategy. Canada is also drawing closer to ….”",threads,63387901061,aran.ocarroll
[],2026-01-13T10:18:51.732453+07:00,The UK 🇬🇧 Should Have Never Left The European Union 🇪🇺 Brexit 2016 2026 10th Anniversary Is A Disaster 100 Billion Lost in Trade With EUROPEAN UNION 🇪🇺 UK 🇬🇧 Government Weak Europe The Euro 💶,2026-01-02T04:45:15+07:00,,3800743176168822578,threads,threads.com,threads_crawler_v1,https://www.threads.net/@hirstkarl/post/DS-88gSCFcy,https://instagram.fhan3-3.fna.fbcdn.net/v/t51.2885-19/461953082_3750905645133193_3583182442405346424_n.jpg?stp=dst-jpg_s150x150_tt6&efg=eyJ2ZW5jb2RlX3RhZyI6InByb2ZpbGVfcGljLmRqYW5nby42OTcuYzIifQ&_nc_ht=instagram.fhan3-3.fna.fbcdn.net&_nc_cat=101&_nc_oc=Q6cZ2QHQUdK9SOhzUuWh5WgZsCgYr7sCcfX52FzY5pFCRBLSp_L8DfjwbtiQlIfEhVJPTmw&_nc_ohc=ILiFuJPTzeEQ7kNvwG1w1Px&_nc_gid=dNwyOH1I1lGIwOfQ-rXbEg&edm=AJhczIQBAAAA&ccb=7-5&oh=00_Afq_heOmyLyPILJlLTY6jltzyP5aNxFpD8SY-6ss0Lvr9Q&oe=696B84F5&_nc_sid=4a2096,47,0,104,19,0,[],,https://www.threads.net/@hirstkarl/post/DS-88gSCFcy,[],"{'likes': 104, 'reposts': 19, 'quotes': 0}",threads,3800743176168822578,Karl Hirst,,The UK 🇬🇧 Should Have Never Left The European Union 🇪🇺 Brexit 2016 2026 10th Anniversary Is A Disaster 100 Billion Lost in Trade With EUROPEAN UNION 🇪🇺 UK 🇬🇧 Government Weak Europe The Euro 💶,threads,63435610068,hirstkarl
[],2026-01-13T10:18:51.732598+07:00,If the government rejoins the single market and the European Union and we will start to become a much richer and valued  country !,2025-11-29T03:42:00+07:00,,3776068969299975834,threads,threads.com,threads_crawler_v1,https://www.threads.net/@davidth90/post/DRnSriagB6a,https://instagram.fhan3-3.fna.fbcdn.net/v/t51.2885-19/358080446_236563635894925_2901239715499722004_n.jpg?stp=dst-jpg_s150x150_tt6&efg=eyJ2ZW5jb2RlX3RhZyI6InByb2ZpbGVfcGljLmRqYW5nby43MjAuYzIifQ&_nc_ht=instagram.fhan3-3.fna.fbcdn.net&_nc_cat=101&_nc_oc=Q6cZ2QHQUdK9SOhzUuWh5WgZsCgYr7sCcfX52FzY5pFCRBLSp_L8DfjwbtiQlIfEhVJPTmw&_nc_ohc=KKglpcylWBIQ7kNvwGsfR5z&_nc_gid=dNwyOH1I1lGIwOfQ-rXbEg&edm=AJhczIQBAAAA&ccb=7-5&oh=00_AfoaH8LIivtJETux74eSIt_VUowB2N-pefYfxgQvX5EktQ&oe=696B706D&_nc_sid=4a2096,85,0,202,17,0,[],,https://www.threads.net/@davidth90/post/DRnSriagB6a,[],"{'likes': 202, 'reposts': 17, 'quotes': 0}",threads,3776068969299975834,David Thomson,,If the government rejoins the single market and the European Union and we will start to become a much richer and valued  country !,threads,63273306230,davidth90
[],2026-01-13T10:18:51.732745+07:00,"Trump signed a Trade Agreement with the UK. 

He stood in front of the cameras with the PM of UK and DROPPED the papers he was holding. 

The PM of UK picked them up with a strained laugh and a “ very important documents” comment. 

Trump THEN proceeded to say that the “US now has a trade agreement with the European Union”

UK is NOT a part of EU🤦🏼‍♀️🤦🏼‍♀️🤦🏼‍♀️🤦🏼‍♀️

TRUMP IS NOT FIT TO BE PRESIDENT!!!",2025-06-17T16:12:09+07:00,,3656858529583886725,threads,threads.com,threads_crawler_v1,https://www.threads.net/@linmakron/post/DK_xXUxtHGF,https://instagram.fhan4-1.fna.fbcdn.net/v/t51.2885-19/476138557_1015613563934909_840413739592105116_n.jpg?stp=dst-jpg_s150x150_tt6&efg=eyJ2ZW5jb2RlX3RhZyI6InByb2ZpbGVfcGljLmRqYW5nby45NTguYzIifQ&_nc_ht=instagram.fhan4-1.fna.fbcdn.net&_nc_cat=105&_nc_oc=Q6cZ2QHQUdK9SOhzUuWh5WgZsCgYr7sCcfX52FzY5pFCRBLSp_L8DfjwbtiQlIfEhVJPTmw&_nc_ohc=5-JAf4MUzrUQ7kNvwGUTjeM&_nc_gid=dNwyOH1I1lGIwOfQ-rXbEg&edm=AJhczIQBAAAA&ccb=7-5&oh=00_AfozleJEjI_EkNLezo0dRN7ptGDRBoh7QiWoEfetmDtKWQ&oe=696BA5A9&_nc_sid=4a2096,796,0,16899,673,0,[],,https://www.threads.net/@linmakron/post/DK_xXUxtHGF,[],"{'likes': 16899, 'reposts': 658, 'quotes': 15}",threads,3656858529583886725,Lin Makron,,"Trump signed a Trade Agreement with the UK. 

He stood in front of the cameras with the PM of UK and DROPPED the papers he was holding. 

The PM of UK picked them up with a strained laugh and a “ very important documents” comment. 

Trump THEN proceeded to say that the “US now has a trade agreement with the European Union”

UK is NOT a part of EU🤦🏼‍♀️🤦🏼‍♀️🤦🏼‍♀️🤦🏼‍♀️

TRUMP IS NOT FIT TO BE PRESIDENT!!!",threads,68542934953,linmakron
[],2026-01-13T10:18:51.732894+07:00,Pin this.  The European Union will be asking our military to leave.,2025-01-08T00:49:08+07:00,,3540429850248991716,threads,threads.com,threads_crawler_v1,https://www.threads.net/@texaspaulschroder/post/DEiIjDYR9Pk,https://instagram.fhan3-3.fna.fbcdn.net/v/t51.2885-19/358505374_1589819274877165_6421515960626054967_n.jpg?stp=dst-jpg_s150x150_tt6&efg=eyJ2ZW5jb2RlX3RhZyI6InByb2ZpbGVfcGljLmRqYW5nby40MDAuYzIifQ&_nc_ht=instagram.fhan3-3.fna.fbcdn.net&_nc_cat=1&_nc_oc=Q6cZ2QHQUdK9SOhzUuWh5WgZsCgYr7sCcfX52FzY5pFCRBLSp_L8DfjwbtiQlIfEhVJPTmw&_nc_ohc=5TfrJavI5tYQ7kNvwHgLZb6&_nc_gid=dNwyOH1I1lGIwOfQ-rXbEg&edm=AJhczIQBAAAA&ccb=7-5&oh=00_AfpDQaDoER0GnzgDrHHKf-tKpC_Hc1EmM5PjOd0odPisvA&oe=696B9FAD&_nc_sid=4a2096,353,0,4540,391,0,[],,https://www.threads.net/@texaspaulschroder/post/DEiIjDYR9Pk,[],"{'likes': 4540, 'reposts': 376, 'quotes': 15}",threads,3540429850248991716,Paul Schroder,,Pin this.  The European Union will be asking our military to leave.,threads,63141262968,texaspaulschroder
[],2026-01-13T10:18:51.733082+07:00,JUST IN 🚨 Russian President Putin says he’s confident that relations with the European Union will eventually be restored.,2025-04-30T23:32:31+07:00,,3622290938042441021,threads,threads.com,threads_crawler_v1,https://www.threads.net/@dnnposts/post/DJE9mqbIt09,https://instagram.fhan3-3.fna.fbcdn.net/v/t51.2885-19/470689291_882102614093204_5793133865832075153_n.jpg?stp=dst-jpg_s150x150_tt6&efg=eyJ2ZW5jb2RlX3RhZyI6InByb2ZpbGVfcGljLmRqYW5nby4xMDAwLmMyIn0&_nc_ht=instagram.fhan3-3.fna.fbcdn.net&_nc_cat=1&_nc_oc=Q6cZ2QHQUdK9SOhzUuWh5WgZsCgYr7sCcfX52FzY5pFCRBLSp_L8DfjwbtiQlIfEhVJPTmw&_nc_ohc=sZWOohJb3gsQ7kNvwHvj88c&_nc_gid=dNwyOH1I1lGIwOfQ-rXbEg&edm=AJhczIQBAAAA&ccb=7-5&oh=00_AfoPrObPwlLWzQda7Bo_c4iQxGnZ0d1EyxbwUl1yIqNeHA&oe=696B8660&_nc_sid=4a2096,663,0,1538,19,0,['https://instagram.fhan4-5.fna.fbcdn.net/v/t51.2885-15/494515614_17871569382350726_9048450261522166257_n.webp?efg=eyJ2ZW5jb2RlX3RhZyI6InRocmVhZHMuRkVFRC5pbWFnZV91cmxnZW4uMTkyMHgxMjgwLnNkci5mNzU3NjEuZGVmYXVsdF9pbWFnZS5jMiJ9&_nc_ht=instagram.fhan4-5.fna.fbcdn.net&_nc_cat=102&_nc_oc=Q6cZ2QHQUdK9SOhzUuWh5WgZsCgYr7sCcfX52FzY5pFCRBLSp_L8DfjwbtiQlIfEhVJPTmw&_nc_ohc=762i4K0vk7gQ7kNvwGAcCjL&_nc_gid=dNwyOH1I1lGIwOfQ-rXbEg&edm=AJhczIQBAAAA&ccb=7-5&ig_cache_key=MzYyMjI5MDkzODA0MjQ0MTAyMQ%3D%3D.3-ccb7-5&oh=00_AfrQIiRvRME13gqarlgqqEIloiTsNKpu-ysSYvTqQTXwdw&oe=696B9967&_nc_sid=4a2096'],,https://www.threads.net/@dnnposts/post/DJE9mqbIt09,[],"{'likes': 1538, 'reposts': 15, 'quotes': 4}",threads,3622290938042441021,DNN POSTS,,JUST IN 🚨 Russian President Putin says he’s confident that relations with the European Union will eventually be restored.,threads,70505718725,dnnposts
[],2026-01-13T10:18:51.733235+07:00,"It was a privilege to meet with leaders from Australia, the United Kingdom, the European Union, and Brazil during the first day of Climate Week.

Together, we can cut pollution, protect our ecosystems, and keep building economies that work for both people and our planet.",2025-09-24T07:37:56+07:00,,3728352387628133497,threads,threads.com,threads_crawler_v1,https://www.threads.net/@cagovernor/post/DO9xL4uDex5,https://instagram.fhan3-3.fna.fbcdn.net/v/t51.2885-19/575240020_17935170774101320_8075879013835486900_n.jpg?stp=dst-jpg_s150x150_tt6&efg=eyJ2ZW5jb2RlX3RhZyI6InByb2ZpbGVfcGljLmRqYW5nby4xMDgwLmMyIn0&_nc_ht=instagram.fhan3-3.fna.fbcdn.net&_nc_cat=1&_nc_oc=Q6cZ2QHQUdK9SOhzUuWh5WgZsCgYr7sCcfX52FzY5pFCRBLSp_L8DfjwbtiQlIfEhVJPTmw&_nc_ohc=d02wrgIK3UUQ7kNvwExXyyb&_nc_gid=dNwyOH1I1lGIwOfQ-rXbEg&edm=AJhczIQBAAAA&ccb=7-5&oh=00_AfrqlWq2LwSyOAfOrhrpQsUc5wwD2EDWVT0UzDUL7IwH-A&oe=696BA17B&_nc_sid=4a2096,226,0,13152,857,0,"['https://instagram.fhan4-6.fna.fbcdn.net/v/t51.2885-15/552296949_1415779896191445_4984632784631571470_n.jpg?stp=dst-jpg_e15_tt6&efg=eyJ2ZW5jb2RlX3RhZyI6InRocmVhZHMuRkVFRC5pbWFnZV91cmxnZW4uNjQweDM2MC5zZHIuZjcxODc4LmRlZmF1bHRfY292ZXJfZnJhbWUuYzIifQ&_nc_ht=instagram.fhan4-6.fna.fbcdn.net&_nc_cat=109&_nc_oc=Q6cZ2QHQUdK9SOhzUuWh5WgZsCgYr7sCcfX52FzY5pFCRBLSp_L8DfjwbtiQlIfEhVJPTmw&_nc_ohc=a4Nvb4Wx3bgQ7kNvwFFP_po&_nc_gid=dNwyOH1I1lGIwOfQ-rXbEg&edm=AJhczIQBAAAA&ccb=7-5&ig_cache_key=MzcyODM1MjM4NzYyODEzMzQ5Nw%3D%3D.3-ccb7-5&oh=00_AfqL8mfbTM5NYqCtE4szQ3-I-wjoEoMu6oxkJjUp2w-XOw&oe=696B8B3D&_nc_sid=4a2096', 'https://instagram.fhan3-4.fna.fbcdn.net/o1/v/t16/f2/m84/AQPEzNmLuANuMA5c1FN8FmIASYR_E5E5nx4NaE4xIhYc4Sj_kCjEkh_yIjemlRbnyvuGx_mkqE37ynxw7in0pEaf9x8PnM5l-vla9vg.mp4?_nc_cat=106&_nc_oc=AdlG7-ZOpFCLjBUWN975hXSsI5E8Cn95phfl8z17aaFQr-JIeT87IiT_ymKX_BQOAwQ&_nc_sid=5e9851&_nc_ht=instagram.fhan3-4.fna.fbcdn.net&_nc_ohc=LfcN7fMnUnMQ7kNvwHaV4AP&efg=eyJ2ZW5jb2RlX3RhZyI6Inhwdl9wcm9ncmVzc2l2ZS5JTlNUQUdSQU0uRkVFRC5DMy4xMjgwLmRhc2hfYmFzZWxpbmVfMV92MSIsInhwdl9hc3NldF9pZCI6MzI1MjY4NjY0MTU1NTI3MiwiYXNzZXRfYWdlX2RheXMiOjExMSwidmlfdXNlY2FzZV9pZCI6MTAxNjQsImR1cmF0aW9uX3MiOjI5LCJ1cmxnZW5fc291cmNlIjoid3d3In0%3D&ccb=17-1&_nc_gid=dNwyOH1I1lGIwOfQ-rXbEg&_nc_zt=28&vs=d93a4bccc48b7eb2&_nc_vs=HBksFQIYTGlnX2JhY2tmaWxsX3RpbWVsaW5lX3ZvZC84NjRBQUM1MEE1M0ZDNjI3NDZBNUUzMjQzRkEzNzE4OF92aWRlb19kYXNoaW5pdC5tcDQVAALIARIAFQIYOnBhc3N0aHJvdWdoX2V2ZXJzdG9yZS9HQkRzM0NCRGlOYTlicHdFQUVXZDdRWU9IN3RDYmtZTEFBQUYVAgLIARIAKAAYABsCiAd1c2Vfb2lsATEScHJvZ3Jlc3NpdmVfcmVjaXBlATEVAAAmkJ2v_aOTxwsVAigCQzMsF0A9S4UeuFHsGBJkYXNoX2Jhc2VsaW5lXzFfdjERAHXqB2XongEA&oh=00_AfqckKlNwng5uO9o1O5bIVszVJWvZjlJzf1OdtY4vbU76Q&oe=69679F42']",,https://www.threads.net/@cagovernor/post/DO9xL4uDex5,[],"{'likes': 13152, 'reposts': 815, 'quotes': 42}",threads,3728352387628133497,Governor Gavin Newsom,ClimateWeekNYC,"It was a privilege to meet with leaders from Australia, the United Kingdom, the European Union, and Brazil during the first day of Climate Week.

Together, we can cut pollution, protect our ecosystems, and keep building economies that work for both people and our planet.",threads,63068973319,cagovernor
[],2026-01-13T10:18:51.733379+07:00,MUST WATCH: The European Union just declared they will not sit back while Trump’s reckless tariffs crush their economy. Retaliation is coming—hard and fast. Buckle up.,2025-04-03T11:57:16+07:00,,3602371188182123818,threads,threads.com,threads_crawler_v1,https://www.threads.net/@therealgxldsociety/post/DH-MYJssoUq,https://instagram.fhan3-3.fna.fbcdn.net/v/t51.2885-19/602175184_17906830833282726_5676558928497799600_n.jpg?stp=dst-jpg_s150x150_tt6&efg=eyJ2ZW5jb2RlX3RhZyI6InByb2ZpbGVfcGljLmRqYW5nby4xMDgwLmMyIn0&_nc_ht=instagram.fhan3-3.fna.fbcdn.net&_nc_cat=1&_nc_oc=Q6cZ2QHQUdK9SOhzUuWh5WgZsCgYr7sCcfX52FzY5pFCRBLSp_L8DfjwbtiQlIfEhVJPTmw&_nc_ohc=bBKSinHkiMoQ7kNvwENogqB&_nc_gid=dNwyOH1I1lGIwOfQ-rXbEg&edm=AJhczIQBAAAA&ccb=7-5&oh=00_Afp3LBYCpzZmTKJdM4KHsgcf5H2O160YCjkUtC8TBm49vA&oe=696BA6E7&_nc_sid=4a2096,645,0,8532,616,0,"['https://instagram.fhan4-5.fna.fbcdn.net/v/t51.2885-15/488696218_1110987980714883_3084125541890129586_n.jpg?stp=dst-jpg_e15_tt6&efg=eyJ2ZW5jb2RlX3RhZyI6InRocmVhZHMuRkVFRC5pbWFnZV91cmxnZW4uNjQweDM1MC5zZHIuZjcxODc4LmRlZmF1bHRfY292ZXJfZnJhbWUuYzIifQ&_nc_ht=instagram.fhan4-5.fna.fbcdn.net&_nc_cat=103&_nc_oc=Q6cZ2QHQUdK9SOhzUuWh5WgZsCgYr7sCcfX52FzY5pFCRBLSp_L8DfjwbtiQlIfEhVJPTmw&_nc_ohc=9st5QkjM-mcQ7kNvwE28iv7&_nc_gid=dNwyOH1I1lGIwOfQ-rXbEg&edm=AJhczIQBAAAA&ccb=7-5&ig_cache_key=MzYwMjM3MTE4ODE4MjEyMzgxOA%3D%3D.3-ccb7-5&oh=00_AfqX_6FwmYo7pDOxU7mL3TJRUL5wimoml094rMx4E7ZJZQ&oe=696B9DD6&_nc_sid=4a2096', 'https://instagram.fhan3-4.fna.fbcdn.net/o1/v/t16/f2/m69/AQMqRWXEVbTFqt1-LuQJflCueWuNxAh5lswy0uRSGQH0d00pylhCropxU6aVLiLK7c3RWDyxI32MKWbEJBEiHQiH.mp4?strext=1&_nc_cat=104&_nc_oc=Adlp7t-EqpeSHk3P9KAaiV5_uBL-L1p0Cf8bAt0hHRiGamxxxyOzg7q2YbaXOvXhfzA&_nc_sid=8bf8fe&_nc_ht=instagram.fhan3-4.fna.fbcdn.net&_nc_ohc=7MVHTi_jgvcQ7kNvwGDEpVv&efg=eyJ2ZW5jb2RlX3RhZyI6Inhwdl9wcm9ncmVzc2l2ZS5JTlNUQUdSQU0uRkVFRC5DMy44ODgucHJvZ3Jlc3NpdmVfaDI2NC1iYXNpYy1nZW4yXzcyMHAiLCJ4cHZfYXNzZXRfaWQiOjEyMDQ1MjY1NTEzMDIyOTksImFzc2V0X2FnZV9kYXlzIjoyODQsInZpX3VzZWNhc2VfaWQiOjEwMTY0LCJkdXJhdGlvbl9zIjo5NywidXJsZ2VuX3NvdXJjZSI6Ind3dyJ9&ccb=17-1&_nc_gid=dNwyOH1I1lGIwOfQ-rXbEg&_nc_zt=28&oh=00_Afo0oju-8uAmTW1mSQbPIDRsUwDYJD1TH8vcpNXab--sEA&oe=696B785C']",,https://www.threads.net/@therealgxldsociety/post/DH-MYJssoUq,[],"{'likes': 8532, 'reposts': 582, 'quotes': 34}",threads,3602371188182123818,Kye,trade war,MUST WATCH: The European Union just declared they will not sit back while Trump’s reckless tariffs crush their economy. Retaliation is coming—hard and fast. Buckle up.,threads,68501202725,therealgxldsociety
[],2026-01-13T10:18:51.733527+07:00,"Once you understand that the European Union is an appendage of the US empire, it all makes sense.",2026-01-08T06:13:56+07:00,,3805136469518751213,threads,threads.com,threads_crawler_v1,https://www.threads.net/@resilient_mboya/post/DTOj3VjjJXt,https://instagram.fhan3-3.fna.fbcdn.net/v/t51.2885-19/608407328_17932459443120301_4497122204518559819_n.jpg?stp=dst-jpg_s150x150_tt6&efg=eyJ2ZW5jb2RlX3RhZyI6InByb2ZpbGVfcGljLmRqYW5nby4xMDgwLmMyIn0&_nc_ht=instagram.fhan3-3.fna.fbcdn.net&_nc_cat=101&_nc_oc=Q6cZ2QHQUdK9SOhzUuWh5WgZsCgYr7sCcfX52FzY5pFCRBLSp_L8DfjwbtiQlIfEhVJPTmw&_nc_ohc=Sj97OlY4SIIQ7kNvwHKYBpB&_nc_gid=dNwyOH1I1lGIwOfQ-rXbEg&edm=AJhczIQBAAAA&ccb=7-5&oh=00_AfqUqzc4ICNKzs63JBjraLySQwN_soOlt4oCeU8x5P_Cmw&oe=696BA502&_nc_sid=4a2096,29,0,34,4,0,['https://instagram.fhan3-3.fna.fbcdn.net/v/t51.2885-15/611238454_17933718795120301_5225059969823555437_n.webp?efg=eyJ2ZW5jb2RlX3RhZyI6InRocmVhZHMuRkVFRC5pbWFnZV91cmxnZW4uMTM0NHg0NzIuc2RyLmY4Mjc4Ny5kZWZhdWx0X2ltYWdlLmMyIn0&_nc_ht=instagram.fhan3-3.fna.fbcdn.net&_nc_cat=101&_nc_oc=Q6cZ2QHQUdK9SOhzUuWh5WgZsCgYr7sCcfX52FzY5pFCRBLSp_L8DfjwbtiQlIfEhVJPTmw&_nc_ohc=xrO5xjVzavcQ7kNvwHoL7vj&_nc_gid=dNwyOH1I1lGIwOfQ-rXbEg&edm=AJhczIQBAAAA&ccb=7-5&ig_cache_key=MzgwNTEzNjQ2OTUxODc1MTIxMw%3D%3D.3-ccb7-5&oh=00_AfqNCMRUoRDZM0OSRPcnKcOJEzrkgY1t17CsQFAwbLfs2w&oe=696B7651&_nc_sid=4a2096'],,https://www.threads.net/@resilient_mboya/post/DTOj3VjjJXt,[],"{'likes': 34, 'reposts': 4, 'quotes': 0}",threads,3805136469518751213,Resilient Mboya,,"Once you understand that the European Union is an appendage of the US empire, it all makes sense.",threads,63649704300,resilient_mboya
[],2026-01-13T10:18:51.733674+07:00,Should Canada join the European Union? 🇨🇦🇪🇺,2025-02-26T14:29:36+07:00,,3576356808069098900,threads,threads.com,threads_crawler_v1,https://www.threads.net/@other_europe/post/DGhxZGPAi2U,https://instagram.fhan3-4.fna.fbcdn.net/v/t51.2885-19/412752329_3651567445088178_4353786962713495545_n.jpg?stp=dst-jpg_s150x150_tt6&efg=eyJ2ZW5jb2RlX3RhZyI6InByb2ZpbGVfcGljLmRqYW5nby4xMDgwLmMyIn0&_nc_ht=instagram.fhan3-4.fna.fbcdn.net&_nc_cat=106&_nc_oc=Q6cZ2QHQUdK9SOhzUuWh5WgZsCgYr7sCcfX52FzY5pFCRBLSp_L8DfjwbtiQlIfEhVJPTmw&_nc_ohc=s30jzaPoZmkQ7kNvwFkrYLD&_nc_gid=dNwyOH1I1lGIwOfQ-rXbEg&edm=AJhczIQBAAAA&ccb=7-5&oh=00_AfrqRnxWBKkxli_lz25ZpeeoeakRvJH4qGCY448LiBTbxA&oe=696B8A04&_nc_sid=4a2096,95,0,137,10,0,[],,https://www.threads.net/@other_europe/post/DGhxZGPAi2U,[],"{'likes': 137, 'reposts': 9, 'quotes': 1}",threads,3576356808069098900,Other Europe 🇪🇺,,Should Canada join the European Union? 🇨🇦🇪🇺,threads,63298699365,other_europe
[],2026-01-13T10:18:51.733817+07:00,Unbelievable the BBC lost the sound on the London fireworks but are giving a big support of joining the European Union right in front of your eyes...,2026-01-01T07:03:14+07:00,,3800087848725384659,threads,threads.com,threads_crawler_v1,https://www.threads.net/@davidth90/post/DS8n8PCjg3T,https://instagram.fhan3-3.fna.fbcdn.net/v/t51.2885-19/358080446_236563635894925_2901239715499722004_n.jpg?stp=dst-jpg_s150x150_tt6&efg=eyJ2ZW5jb2RlX3RhZyI6InByb2ZpbGVfcGljLmRqYW5nby43MjAuYzIifQ&_nc_ht=instagram.fhan3-3.fna.fbcdn.net&_nc_cat=101&_nc_oc=Q6cZ2QHQUdK9SOhzUuWh5WgZsCgYr7sCcfX52FzY5pFCRBLSp_L8DfjwbtiQlIfEhVJPTmw&_nc_ohc=KKglpcylWBIQ7kNvwGsfR5z&_nc_gid=dNwyOH1I1lGIwOfQ-rXbEg&edm=AJhczIQBAAAA&ccb=7-5&oh=00_AfoaH8LIivtJETux74eSIt_VUowB2N-pefYfxgQvX5EktQ&oe=696B706D&_nc_sid=4a2096,42,0,24,0,0,[],,https://www.threads.net/@davidth90/post/DS8n8PCjg3T,[],"{'likes': 24, 'reposts': 0, 'quotes': 0}",threads,3800087848725384659,David Thomson,,Unbelievable the BBC lost the sound on the London fireworks but are giving a big support of joining the European Union right in front of your eyes...,threads,63273306230,davidth90
[],2026-01-13T10:18:51.733962+07:00,"JUST IN: Slovak Prime Minister Robert Fico warns the EU that if it fails to respect sovereignty, traditions and historical roots, it will perish. And if it is to perish, so be it.",2025-12-12T20:06:47+07:00,,3785986705624187224,threads,threads.com,threads_crawler_v1,https://www.threads.net/@real_liangshengwen/post/DSKhtmJFMFY,https://instagram.fhan3-3.fna.fbcdn.net/v/t51.2885-19/591169607_18414475123189741_5013102611493962003_n.jpg?stp=dst-jpg_s150x150_tt6&efg=eyJ2ZW5jb2RlX3RhZyI6InByb2ZpbGVfcGljLmRqYW5nby4xMDgwLmMyIn0&_nc_ht=instagram.fhan3-3.fna.fbcdn.net&_nc_cat=1&_nc_oc=Q6cZ2QHQUdK9SOhzUuWh5WgZsCgYr7sCcfX52FzY5pFCRBLSp_L8DfjwbtiQlIfEhVJPTmw&_nc_ohc=kIwgzhwZZXUQ7kNvwEJEtET&_nc_gid=dNwyOH1I1lGIwOfQ-rXbEg&edm=AJhczIQBAAAA&ccb=7-5&oh=00_Afr911iPnLa8A1vsghll7s0mq1wgHgmiw6pL04otcmYXNA&oe=696B7414&_nc_sid=4a2096,461,0,907,48,0,['https://instagram.fhan4-1.fna.fbcdn.net/v/t51.2885-15/590951337_17927396316177401_4645154755744990055_n.jpg?stp=dst-jpg_e35_tt6&efg=eyJ2ZW5jb2RlX3RhZyI6InRocmVhZHMuRkVFRC5pbWFnZV91cmxnZW4uMTUzNngxMDI0LnNkci5mODI3ODcuZGVmYXVsdF9pbWFnZS5jMiJ9&_nc_ht=instagram.fhan4-1.fna.fbcdn.net&_nc_cat=105&_nc_oc=Q6cZ2QHQUdK9SOhzUuWh5WgZsCgYr7sCcfX52FzY5pFCRBLSp_L8DfjwbtiQlIfEhVJPTmw&_nc_ohc=IdpuhnZJXEUQ7kNvwH0eXsv&_nc_gid=dNwyOH1I1lGIwOfQ-rXbEg&edm=AJhczIQBAAAA&ccb=7-5&ig_cache_key=Mzc4NTk4NjcwNTYyNDE4NzIyNA%3D%3D.3-ccb7-5&oh=00_AfpCGlIKOJ_gnUnruzhH1H2cEUtB-KdO4WaaXYaI_nXC8Q&oe=696B8C96&_nc_sid=4a2096'],,https://www.threads.net/@real_liangshengwen/post/DSKhtmJFMFY,[],"{'likes': 907, 'reposts': 43, 'quotes': 5}",threads,3785986705624187224,LIANG SHENGWEN,European Union,"JUST IN: Slovak Prime Minister Robert Fico warns the EU that if it fails to respect sovereignty, traditions and historical roots, it will perish. And if it is to perish, so be it.",threads,65308049400,real_liangshengwen
[],2026-01-13T10:18:51.734136+07:00,"We humans are done fighting the war of our oppressors. We have to say no together, before the choise will be made for us.

-Russia we don't want to fight against you.
-European union we don't trust you and agree with your choises. 

The European Union was once originated against war. This obviously turned into corruption.

#european #foryou #russian",2025-12-11T19:11:40+07:00,,3785234177885814254,threads,threads.com,threads_crawler_v1,https://www.threads.net/@renee_ilse/post/DSH2m4EjT3u,https://instagram.fhan4-6.fna.fbcdn.net/v/t51.2885-19/590426438_17919381303212565_2719396736094192051_n.jpg?stp=dst-jpg_s150x150_tt6&efg=eyJ2ZW5jb2RlX3RhZyI6InByb2ZpbGVfcGljLmRqYW5nby42NjAuYzIifQ&_nc_ht=instagram.fhan4-6.fna.fbcdn.net&_nc_cat=109&_nc_oc=Q6cZ2QHQUdK9SOhzUuWh5WgZsCgYr7sCcfX52FzY5pFCRBLSp_L8DfjwbtiQlIfEhVJPTmw&_nc_ohc=ih2prGM3e1QQ7kNvwE7zhIr&_nc_gid=dNwyOH1I1lGIwOfQ-rXbEg&edm=AJhczIQBAAAA&ccb=7-5&oh=00_AfqvPrN0de9CtYWDqeOXZ5mlTMaao6z_unmDlqT1MWfPwQ&oe=696B95A8&_nc_sid=4a2096,178,0,113,18,0,"['https://instagram.fhan3-3.fna.fbcdn.net/v/t51.2885-15/598693574_18411829648143841_2598549100816804866_n.jpg?stp=dst-jpg_e15_tt6&efg=eyJ2ZW5jb2RlX3RhZyI6InRocmVhZHMuRkVFRC5pbWFnZV91cmxnZW4uNTQweDk2MC5zZHIuZjgyNzg3LmRlZmF1bHRfY292ZXJfZnJhbWUuYzIifQ&_nc_ht=instagram.fhan3-3.fna.fbcdn.net&_nc_cat=101&_nc_oc=Q6cZ2QHQUdK9SOhzUuWh5WgZsCgYr7sCcfX52FzY5pFCRBLSp_L8DfjwbtiQlIfEhVJPTmw&_nc_ohc=BXfUeIPvns0Q7kNvwGApIXa&_nc_gid=dNwyOH1I1lGIwOfQ-rXbEg&edm=AJhczIQBAAAA&ccb=7-5&ig_cache_key=Mzc4NTIzNDE3Nzg4NTgxNDI1NA%3D%3D.3-ccb7-5&oh=00_AfoW-318yyDZJNnOl2vQcbPfyUXI6__33mLfeHlvU7dVpw&oe=696B8563&_nc_sid=4a2096', 'https://instagram.fhan4-5.fna.fbcdn.net/o1/v/t2/f2/m86/AQMVvhdSt3gqlUsT0DGf9IgCDtw1e5HXkeBOFo0fITSc2rb9AzlcHdXe5L0Y9GY801mk1s4Em7du9T8vPti8HW_Nu5NJSCoyZfCqwmQ.mp4?_nc_cat=103&_nc_oc=Adke03nPM1yJG2wO6tYQPsQYPOc-B5_0K5e7WwZWxnmbkTyFUx3_eaRJG84WdhQtnxQ&_nc_sid=5e9851&_nc_ht=instagram.fhan4-5.fna.fbcdn.net&_nc_ohc=GlTF-yl-BD0Q7kNvwGjV85B&efg=eyJ2ZW5jb2RlX3RhZyI6Inhwdl9wcm9ncmVzc2l2ZS5JTlNUQUdSQU0uRkVFRC5DMy43MjAuZGFzaF9iYXNlbGluZV8xX3YxIiwieHB2X2Fzc2V0X2lkIjoxNDkwMDQ2MDkyMDcxMzE0LCJhc3NldF9hZ2VfZGF5cyI6MzIsInZpX3VzZWNhc2VfaWQiOjEwMDk5LCJkdXJhdGlvbl9zIjoxMTksInVybGdlbl9zb3VyY2UiOiJ3d3cifQ%3D%3D&ccb=17-1&_nc_gid=dNwyOH1I1lGIwOfQ-rXbEg&_nc_zt=28&vs=dc97d76e9c2a333f&_nc_vs=HBksFQIYUmlnX3hwdl9yZWVsc19wZXJtYW5lbnRfc3JfcHJvZC9EQjRCOTFDNUFCRkRFQkNFNzdDMjVGNTQyOThDNTZCMV92aWRlb19kYXNoaW5pdC5tcDQVAALIARIAFQIYOnBhc3N0aHJvdWdoX2V2ZXJzdG9yZS9HRlhXdGlPaEFqN1hMMWtFQUJ0ZFNpakM1YVViYnN0VEFRQUYVAgLIARIAKAAYABsCiAd1c2Vfb2lsATEScHJvZ3Jlc3NpdmVfcmVjaXBlATEVAAAmpMaiwIzMpQUVAigCQzMsF0Bd8zMzMzMzGBJkYXNoX2Jhc2VsaW5lXzFfdjERAHXqB2XmnQEA&oh=00_AfoLzOQrZiRlx-EvQzdVpq_qTytc8dx4zxb9Fdj7LAdhxg&oe=6967933C']",,https://www.threads.net/@renee_ilse/post/DSH2m4EjT3u,[],"{'likes': 113, 'reposts': 16, 'quotes': 2}",threads,3785234177885814254,Numerologist & Truth Investigator | Renée Ilse,,"We humans are done fighting the war of our oppressors. We have to say no together, before the choise will be made for us.

-Russia we don't want to fight against you.
-European union we don't trust you and agree with your choises. 

The European Union was once originated against war. This obviously turned into corruption.

#european #foryou #russian",threads,66254404564,renee_ilse
[],2026-01-13T10:18:58.853952+07:00,THE EUROPEAN UNION 🇪🇺 IS PREPARING A TRADE PROPOSAL FOR THE UNITED STATES 🇺🇸 - Bloomberg,2025-05-21T21:05:32+07:00,,3637437253786421102,threads,threads.com,threads_crawler_v1,https://www.threads.net/@stockmktnewz/post/DJ6xekMtkdu,https://instagram.fhan3-3.fna.fbcdn.net/v/t51.2885-19/154459276_300712681400380_6368339924816022101_n.jpg?stp=dst-jpg_s150x150_tt6&efg=eyJ2ZW5jb2RlX3RhZyI6InByb2ZpbGVfcGljLmRqYW5nby4xMDgwLmMyIn0&_nc_ht=instagram.fhan3-3.fna.fbcdn.net&_nc_cat=1&_nc_oc=Q6cZ2QEeWFwmEa8n_OCCJc60jMDgeuyi9EPnY0WZNXlm9gt1PDefVw7mwLFjCelHmj5R8S0&_nc_ohc=i1G8OYQ0nnIQ7kNvwEGHhvH&_nc_gid=wPH-KrVtUPJ9uGJRtddaYg&edm=AJhczIQBAAAA&ccb=7-5&oh=00_AfoQbfNsGf8yfiDDAB5hR9AMKN162RjP6MVo109uKmApFA&oe=696B8D07&_nc_sid=4a2096,13,0,132,3,0,['https://instagram.fhan4-6.fna.fbcdn.net/v/t51.2885-15/499744704_17906258154119889_6586380304570903389_n.jpg?stp=dst-jpg_e35_tt6&efg=eyJ2ZW5jb2RlX3RhZyI6InRocmVhZHMuRkVFRC5pbWFnZV91cmxnZW4uMTIzMHg4MzYuc2RyLmY3NTc2MS5kZWZhdWx0X2ltYWdlLmMyIn0&_nc_ht=instagram.fhan4-6.fna.fbcdn.net&_nc_cat=109&_nc_oc=Q6cZ2QEeWFwmEa8n_OCCJc60jMDgeuyi9EPnY0WZNXlm9gt1PDefVw7mwLFjCelHmj5R8S0&_nc_ohc=cqjkNhUvWEgQ7kNvwE8Q6_k&_nc_gid=wPH-KrVtUPJ9uGJRtddaYg&edm=AJhczIQBAAAA&ccb=7-5&ig_cache_key=MzYzNzQzNzI1Mzc4NjQyMTEwMg%3D%3D.3-ccb7-5&oh=00_AfrckEvzMBSXjK4fX-YqESf8f0d9OgoQlD-P1QjB8zuoXw&oe=696B9798&_nc_sid=4a2096'],,https://www.threads.net/@stockmktnewz/post/DJ6xekMtkdu,[],"{'likes': 132, 'reposts': 3, 'quotes': 0}",threads,3637437253786421102,Evan - StockMKTNewz,,THE EUROPEAN UNION 🇪🇺 IS PREPARING A TRADE PROPOSAL FOR THE UNITED STATES 🇺🇸 - Bloomberg,threads,63402783888,stockmktnewz
[],2026-01-13T10:18:58.854136+07:00,"💥BREAKING:

🇮🇷🇪🇺 IRAN DECLINES TO HALT URANIUM ENRICHMENT DURING TALKS WITH THE EUROPEAN UNION.",2025-06-21T09:08:28+07:00,,3659544386611357346,threads,threads.com,threads_crawler_v1,https://www.threads.net/@global_rift_/post/DLJUDsDvqai,https://instagram.fhan3-3.fna.fbcdn.net/v/t51.2885-19/518730529_17860517649441647_5520070714743190380_n.jpg?stp=dst-jpg_s150x150_tt6&efg=eyJ2ZW5jb2RlX3RhZyI6InByb2ZpbGVfcGljLmRqYW5nby4xMDgwLmMyIn0&_nc_ht=instagram.fhan3-3.fna.fbcdn.net&_nc_cat=1&_nc_oc=Q6cZ2QEeWFwmEa8n_OCCJc60jMDgeuyi9EPnY0WZNXlm9gt1PDefVw7mwLFjCelHmj5R8S0&_nc_ohc=EHGkspXY5sYQ7kNvwGbsDki&_nc_gid=wPH-KrVtUPJ9uGJRtddaYg&edm=AJhczIQBAAAA&ccb=7-5&oh=00_Afqu3NzgJ4ANyZDUj18nzyoZF0LWuaW9HB80kqUjIucGjg&oe=696B95A3&_nc_sid=4a2096,11,0,126,0,0,['https://instagram.fhan3-3.fna.fbcdn.net/v/t51.2885-15/503578975_17858099940441647_1536155445671836120_n.webp?efg=eyJ2ZW5jb2RlX3RhZyI6InRocmVhZHMuRkVFRC5pbWFnZV91cmxnZW4uMjUxNHg4MzQuc2RyLmY3NTc2MS5kZWZhdWx0X2ltYWdlLmMyIn0&_nc_ht=instagram.fhan3-3.fna.fbcdn.net&_nc_cat=111&_nc_oc=Q6cZ2QEeWFwmEa8n_OCCJc60jMDgeuyi9EPnY0WZNXlm9gt1PDefVw7mwLFjCelHmj5R8S0&_nc_ohc=JZGCtU7qe9EQ7kNvwFcTGqy&_nc_gid=wPH-KrVtUPJ9uGJRtddaYg&edm=AJhczIQBAAAA&ccb=7-5&ig_cache_key=MzY1OTU0NDM4NjYxMTM1NzM0Ng%3D%3D.3-ccb7-5&oh=00_Afq0LLvs75WChNiRyYIZaW4yiEbfXK1Nge9kj9aE2johOg&oe=696B8C21&_nc_sid=4a2096'],,https://www.threads.net/@global_rift_/post/DLJUDsDvqai,[],"{'likes': 126, 'reposts': 0, 'quotes': 0}",threads,3659544386611357346,global Rift,,"💥BREAKING:

🇮🇷🇪🇺 IRAN DECLINES TO HALT URANIUM ENRICHMENT DURING TALKS WITH THE EUROPEAN UNION.",threads,73318473646,global_rift_
[],2026-01-13T10:18:58.854201+07:00,I am proud to announce I am now a citizen of Italy 🇮🇹 & of the European Union🇪🇺.,2025-12-13T11:29:43+07:00,,3786451233096411464,threads,threads.com,threads_crawler_v1,https://www.threads.net/@paul.salamone/post/DSMLVXEDSlI,https://instagram.fsoc1-2.fna.fbcdn.net/v/t51.2885-19/573323465_1219825463302212_7278921664109726296_n.png?stp=dst-jpg_e0_s150x150_tt6&efg=eyJ2ZW5jb2RlX3RhZyI6InByb2ZpbGVfcGljLmRqYW5nby4xNTAuYzIifQ&_nc_ht=instagram.fsoc1-2.fna.fbcdn.net&_nc_cat=1&_nc_oc=Q6cZ2QHzkRE7WFmhMznq9hFx0_FYjCQg6i-VfYPSDXCws902XR8vvKbOtWO1DiQOWjAxcm8&_nc_ohc=EFb4Xd8YksAQ7kNvwHHk3vU&_nc_gid=lI3TaZdvHx0LZ5R5kjjDrA&edm=AHqBGi8BAAAA&ccb=7-5&ig_cache_key=YW5vbnltb3VzX3Byb2ZpbGVfcGlj.3-ccb7-5&oh=00_AfruRXlvPFJqmmds96o7MAJw9OeepxkkWzhcJiXw-3gAow&oe=696B7E2A&_nc_sid=1fce60,43,0,349,2,0,[],,https://www.threads.net/@paul.salamone/post/DSMLVXEDSlI,[],"{'likes': 349, 'reposts': 2, 'quotes': 0}",threads,3786451233096411464,Paul Salamone,,I am proud to announce I am now a citizen of Italy 🇮🇹 & of the European Union🇪🇺.,threads,68356674823,paul.salamone
[],2026-01-13T10:18:58.854257+07:00,"Norway and Switzerland, while not members of the European Union (EU), are part of the Schengen Area and participate in the EU's internal market.

Should Canada and Mexico consider joining the international market as well?

Canada",2025-03-05T14:32:15+07:00,,3581431572969390818,threads,threads.com,threads_crawler_v1,https://www.threads.net/@christianborregaard/post/DGzzQpWNYLi,https://instagram.fhan4-5.fna.fbcdn.net/v/t51.2885-19/491462516_561270949862726_4678386125769750261_n.jpg?stp=dst-jpg_s150x150_tt6&efg=eyJ2ZW5jb2RlX3RhZyI6InByb2ZpbGVfcGljLmRqYW5nby4xMDgwLmMyIn0&_nc_ht=instagram.fhan4-5.fna.fbcdn.net&_nc_cat=102&_nc_oc=Q6cZ2QEeWFwmEa8n_OCCJc60jMDgeuyi9EPnY0WZNXlm9gt1PDefVw7mwLFjCelHmj5R8S0&_nc_ohc=qWG2k42OA6QQ7kNvwGfW4lA&_nc_gid=wPH-KrVtUPJ9uGJRtddaYg&edm=AJhczIQBAAAA&ccb=7-5&oh=00_AfrRgEkTxbCBsDtW-7BU_sIA0Llw3FeCVQfsXzxY3eGaag&oe=696B8B5A&_nc_sid=4a2096,88,0,1135,22,0,['https://instagram.fhan4-3.fna.fbcdn.net/v/t51.2885-15/482575634_17868891141323554_7334845024674415426_n.jpg?stp=dst-jpg_e35_tt6&efg=eyJ2ZW5jb2RlX3RhZyI6InRocmVhZHMuRkVFRC5pbWFnZV91cmxnZW4uMTI5MHg3MjIuc2RyLmY3NTc2MS5kZWZhdWx0X2ltYWdlLmMyIn0&_nc_ht=instagram.fhan4-3.fna.fbcdn.net&_nc_cat=110&_nc_oc=Q6cZ2QEeWFwmEa8n_OCCJc60jMDgeuyi9EPnY0WZNXlm9gt1PDefVw7mwLFjCelHmj5R8S0&_nc_ohc=3dKe0Lmw70oQ7kNvwGVVMeV&_nc_gid=wPH-KrVtUPJ9uGJRtddaYg&edm=AJhczIQBAAAA&ccb=7-5&ig_cache_key=MzU4MTQzMTU3Mjk2OTM5MDgxOA%3D%3D.3-ccb7-5&oh=00_AfrRRgLM7i3Q4y58BZlp2lqJNpWwgP2huBJvLYpfo4Q2Kg&oe=696B7C61&_nc_sid=4a2096'],,https://www.threads.net/@christianborregaard/post/DGzzQpWNYLi,[],"{'likes': 1135, 'reposts': 22, 'quotes': 0}",threads,3581431572969390818,Chris,Canada,"Norway and Switzerland, while not members of the European Union (EU), are part of the Schengen Area and participate in the EU's internal market.

Should Canada and Mexico consider joining the international market as well?

Canada",threads,69814307553,christianborregaard
[],2026-01-13T10:18:58.854303+07:00,"TAPPER: The European Union don't take as much as American pork because they have issues with hormones used in pork. It's not an issue about tariffs

BROOKE ROLLINS: No no no. This is really important. Here's the bottom line. They are using fake science and unsubstantiated claims to not take our products",2025-04-06T21:03:54+07:00,,3604821320852267132,threads,threads.com,threads_crawler_v1,https://www.threads.net/@aaron.rupar/post/DIG5eRkJ2B8,https://instagram.fhan3-3.fna.fbcdn.net/v/t51.2885-19/456465291_8343612382370345_8092768749465866765_n.jpg?stp=dst-jpg_s150x150_tt6&efg=eyJ2ZW5jb2RlX3RhZyI6InByb2ZpbGVfcGljLmRqYW5nby4yNjEuYzIifQ&_nc_ht=instagram.fhan3-3.fna.fbcdn.net&_nc_cat=1&_nc_oc=Q6cZ2QEeWFwmEa8n_OCCJc60jMDgeuyi9EPnY0WZNXlm9gt1PDefVw7mwLFjCelHmj5R8S0&_nc_ohc=DzquMUBz04MQ7kNvwGN_CPk&_nc_gid=wPH-KrVtUPJ9uGJRtddaYg&edm=AJhczIQBAAAA&ccb=7-5&oh=00_AfopxVBbcfvgkI9NQQDPOx3kNRdzYVadzJqCDFUkLGMhfQ&oe=696B7200&_nc_sid=4a2096,2308,0,5000,428,0,"['https://instagram.fhan4-3.fna.fbcdn.net/v/t51.2885-15/488805345_1348557786472198_7295677671148579578_n.jpg?stp=dst-jpg_e15_tt6&efg=eyJ2ZW5jb2RlX3RhZyI6InRocmVhZHMuRkVFRC5pbWFnZV91cmxnZW4uNjQweDM2MC5zZHIuZjcxODc4LmRlZmF1bHRfY292ZXJfZnJhbWUuYzIifQ&_nc_ht=instagram.fhan4-3.fna.fbcdn.net&_nc_cat=110&_nc_oc=Q6cZ2QEeWFwmEa8n_OCCJc60jMDgeuyi9EPnY0WZNXlm9gt1PDefVw7mwLFjCelHmj5R8S0&_nc_ohc=9i05W6uXxSQQ7kNvwFJAlrW&_nc_gid=wPH-KrVtUPJ9uGJRtddaYg&edm=AJhczIQBAAAA&ccb=7-5&ig_cache_key=MzYwNDgyMTMyMDg1MjI2NzEzMg%3D%3D.3-ccb7-5&oh=00_AfrBXRYTeMeSY-r7YAZuXN8UJRoa8jyVVGWPsY-0wH3VQA&oe=696B8EB8&_nc_sid=4a2096', 'https://instagram.fhan3-3.fna.fbcdn.net/o1/v/t16/f2/m69/AQOAmqIgGyt3I4lOySxl-8jGqBdHbxBjag8Zj1cxJqVMVJEbt1-k6tjHV43WQvYiukeG025KPH_RqZqaEnSeIH-T.mp4?strext=1&_nc_cat=101&_nc_oc=AdlLjaxXdXdEIsxJZmeey46d9bNCSVSF8CsASr22O15sxAWrVLQ1wl-FDvjWEJXeEag&_nc_sid=8bf8fe&_nc_ht=instagram.fhan3-3.fna.fbcdn.net&_nc_ohc=ghIcX3AXMzwQ7kNvwHiZ3vc&efg=eyJ2ZW5jb2RlX3RhZyI6Inhwdl9wcm9ncmVzc2l2ZS5JTlNUQUdSQU0uRkVFRC5DMy4xMjgwLnByb2dyZXNzaXZlX2gyNjQtYmFzaWMtZ2VuMl83MjBwIiwieHB2X2Fzc2V0X2lkIjoxNzAwOTE5ODQ0MTUzMTgyLCJhc3NldF9hZ2VfZGF5cyI6MjgxLCJ2aV91c2VjYXNlX2lkIjoxMDE2NCwiZHVyYXRpb25fcyI6NjksInVybGdlbl9zb3VyY2UiOiJ3d3cifQ%3D%3D&ccb=17-1&_nc_gid=wPH-KrVtUPJ9uGJRtddaYg&_nc_zt=28&oh=00_AfrPIwmTorFHgv8vrW14wYSlDN8BOIAVnfp6a0-CyDtRGw&oe=696B94DB']",,https://www.threads.net/@aaron.rupar/post/DIG5eRkJ2B8,[],"{'likes': 5000, 'reposts': 322, 'quotes': 106}",threads,3604821320852267132,Aaron Rupar,,"TAPPER: The European Union don't take as much as American pork because they have issues with hormones used in pork. It's not an issue about tariffs

BROOKE ROLLINS: No no no. This is really important. Here's the bottom line. They are using fake science and unsubstantiated claims to not take our products",threads,63251498552,aaron.rupar
[],2026-01-13T10:18:58.854344+07:00,"We are all UNDERREACTING.

The United States, NATO, the European Union, everyone is in GRAVE DANGER because of Stephen Miller and Donald Trump.

THE NAZIS ARE BACK and you are not listening. We are SCREAMING at the top of our lungs, just as we did before the election.

YOU ARE NOT HEARING US.",2026-01-10T21:17:45+07:00,,3807040926066482119,threads,threads.com,threads_crawler_v1,https://www.threads.net/@sharonrlove9919/post/DTVU407kRvH,https://instagram.fhan4-1.fna.fbcdn.net/v/t51.2885-19/539226685_17899555209257501_8424513862926516772_n.jpg?stp=dst-jpg_s150x150_tt6&efg=eyJ2ZW5jb2RlX3RhZyI6InByb2ZpbGVfcGljLmRqYW5nby45MzEuYzIifQ&_nc_ht=instagram.fhan4-1.fna.fbcdn.net&_nc_cat=105&_nc_oc=Q6cZ2QEeWFwmEa8n_OCCJc60jMDgeuyi9EPnY0WZNXlm9gt1PDefVw7mwLFjCelHmj5R8S0&_nc_ohc=0jJ5qIZsoIYQ7kNvwG5ycP6&_nc_gid=wPH-KrVtUPJ9uGJRtddaYg&edm=AJhczIQBAAAA&ccb=7-5&oh=00_Afo2TuWLe6Un-3UpBPvj9LIavKrYDW1K54fqTbmJXY98Lw&oe=696B7CBC&_nc_sid=4a2096,2,0,3,0,0,[],,https://www.threads.net/@sharonrlove9919/post/DTVU407kRvH,[],"{'likes': 3, 'reposts': 0, 'quotes': 0}",threads,3807040926066482119,Sharon RedHawk Love,,"We are all UNDERREACTING.

The United States, NATO, the European Union, everyone is in GRAVE DANGER because of Stephen Miller and Donald Trump.

THE NAZIS ARE BACK and you are not listening. We are SCREAMING at the top of our lungs, just as we did before the election.

YOU ARE NOT HEARING US.",threads,67898697500,sharonrlove9919
[],2026-01-13T10:18:58.854376+07:00,"Why doesn’t the European Union force European electronics companies, not just American ones, to use USB-C, instead of letting every product line stick to its own outdated connector designs from the 1980s?",2025-11-22T15:07:42+07:00,,3771340658217641845,threads,threads.com,threads_crawler_v1,https://www.threads.net/@thebilalverse/post/DRWfljkDOd1,https://instagram.fhan3-3.fna.fbcdn.net/v/t51.2885-19/607547061_17877306177454871_8544871432802258625_n.jpg?stp=dst-jpg_s150x150_tt6&efg=eyJ2ZW5jb2RlX3RhZyI6InByb2ZpbGVfcGljLmRqYW5nby4xMDgwLmMyIn0&_nc_ht=instagram.fhan3-3.fna.fbcdn.net&_nc_cat=1&_nc_oc=Q6cZ2QEeWFwmEa8n_OCCJc60jMDgeuyi9EPnY0WZNXlm9gt1PDefVw7mwLFjCelHmj5R8S0&_nc_ohc=bC1q3DYpm8QQ7kNvwGOXqQp&_nc_gid=wPH-KrVtUPJ9uGJRtddaYg&edm=AJhczIQBAAAA&ccb=7-5&oh=00_AfoB1gUbbgjDTKxO7p2tZJ8pvfeoW44ryiARYz-1UU-vAA&oe=696B9A48&_nc_sid=4a2096,164,0,222,4,0,['https://instagram.fhan3-3.fna.fbcdn.net/v/t51.2885-15/587014452_17873127666454871_3686028179457962232_n.jpg?stp=dst-jpg_e35_tt6&efg=eyJ2ZW5jb2RlX3RhZyI6InRocmVhZHMuRkVFRC5pbWFnZV91cmxnZW4uMTI1MHg4MzQuc2RyLmY4Mjc4Ny5kZWZhdWx0X2ltYWdlLmMyIn0&_nc_ht=instagram.fhan3-3.fna.fbcdn.net&_nc_cat=111&_nc_oc=Q6cZ2QEeWFwmEa8n_OCCJc60jMDgeuyi9EPnY0WZNXlm9gt1PDefVw7mwLFjCelHmj5R8S0&_nc_ohc=NpJBgVuIF9AQ7kNvwFU4www&_nc_gid=wPH-KrVtUPJ9uGJRtddaYg&edm=AJhczIQBAAAA&ccb=7-5&ig_cache_key=Mzc3MTM0MDY1ODIxNzY0MTg0NQ%3D%3D.3-ccb7-5&oh=00_AfqnHsDmXWrZKzvYjEKwf4VajofWPwS7Uc9vE5BcYbcgjg&oe=696B83B9&_nc_sid=4a2096'],,https://www.threads.net/@thebilalverse/post/DRWfljkDOd1,[],"{'likes': 222, 'reposts': 4, 'quotes': 0}",threads,3771340658217641845,Bilal Sultan,,"Why doesn’t the European Union force European electronics companies, not just American ones, to use USB-C, instead of letting every product line stick to its own outdated connector designs from the 1980s?",threads,73552086870,thebilalverse
[],2026-01-13T10:18:58.854423+07:00,I have to give it to the European union. Europe is the ONLY  continent you can move around without worrying about exchanging different currencies👏🏾,2025-08-15T09:18:22+07:00,,3699412036630085037,threads,threads.com,threads_crawler_v1,https://www.threads.net/@iammisspauline/post/DNW86WhI_2t,https://instagram.fhan3-3.fna.fbcdn.net/v/t51.2885-19/358187219_833159098229987_5605481021227527172_n.jpg?stp=dst-jpg_s150x150_tt6&efg=eyJ2ZW5jb2RlX3RhZyI6InByb2ZpbGVfcGljLmRqYW5nby42NDAuYzIifQ&_nc_ht=instagram.fhan3-3.fna.fbcdn.net&_nc_cat=111&_nc_oc=Q6cZ2QEeWFwmEa8n_OCCJc60jMDgeuyi9EPnY0WZNXlm9gt1PDefVw7mwLFjCelHmj5R8S0&_nc_ohc=pEUlWfBcgFUQ7kNvwEpbnoq&_nc_gid=wPH-KrVtUPJ9uGJRtddaYg&edm=AJhczIQBAAAA&ccb=7-5&oh=00_AfrI-7lZULk7qpc_birR0dRdspK6RAJU9TBvme_gmX1h1w&oe=696B98BD&_nc_sid=4a2096,50,0,26,1,0,[],,https://www.threads.net/@iammisspauline/post/DNW86WhI_2t,[],"{'likes': 26, 'reposts': 0, 'quotes': 1}",threads,3699412036630085037,Miss.P | UGC Travel,Travel Threads,I have to give it to the European union. Europe is the ONLY  continent you can move around without worrying about exchanging different currencies👏🏾,threads,63126526759,iammisspauline
[],2026-01-13T10:18:58.854459+07:00,"Romanian authorities have deported an Israeli settler after stopping him at Iasi International Airport and informing him that he is subject to European Union sanctions.

Upon his arrival, the settler was taken to the airport’s departure hall, where he was informed that he was not allowed to leave the hall and that he would board a return flight to Israel scheduled to depart on Saturday.",2026-01-08T19:55:31+07:00,,3805549984331075568,threads,threads.com,threads_crawler_v1,https://www.threads.net/@aljarmaq_news/post/DTQB4xPDA_w,https://instagram.fhan4-6.fna.fbcdn.net/v/t51.2885-19/358343876_595400022765044_3804878817804257942_n.jpg?stp=dst-jpg_s150x150_tt6&efg=eyJ2ZW5jb2RlX3RhZyI6InByb2ZpbGVfcGljLmRqYW5nby4xMDgwLmMyIn0&_nc_ht=instagram.fhan4-6.fna.fbcdn.net&_nc_cat=108&_nc_oc=Q6cZ2QEeWFwmEa8n_OCCJc60jMDgeuyi9EPnY0WZNXlm9gt1PDefVw7mwLFjCelHmj5R8S0&_nc_ohc=_eIlmseXyP4Q7kNvwGM7GDh&_nc_gid=wPH-KrVtUPJ9uGJRtddaYg&edm=AJhczIQBAAAA&ccb=7-5&oh=00_Afqky3pmsfKKOxWogKMTQVz-hDYWdz6GP0bf3QyCR_h8BQ&oe=696B87DF&_nc_sid=4a2096,103,0,1346,147,0,['https://instagram.fhan3-3.fna.fbcdn.net/v/t51.2885-15/612613298_18058566068657017_4328697497005134650_n.jpg?stp=dst-jpg_e35_tt6&efg=eyJ2ZW5jb2RlX3RhZyI6InRocmVhZHMuRkVFRC5pbWFnZV91cmxnZW4uMTI4MHgxNjAwLnNkci5mODI3ODcuZGVmYXVsdF9pbWFnZS5jMiJ9&_nc_ht=instagram.fhan3-3.fna.fbcdn.net&_nc_cat=101&_nc_oc=Q6cZ2QEeWFwmEa8n_OCCJc60jMDgeuyi9EPnY0WZNXlm9gt1PDefVw7mwLFjCelHmj5R8S0&_nc_ohc=LQygAwBUCaUQ7kNvwG-oXWs&_nc_gid=wPH-KrVtUPJ9uGJRtddaYg&edm=AJhczIQBAAAA&ccb=7-5&ig_cache_key=MzgwNTU0OTk4NDMzMTA3NTU2OA%3D%3D.3-ccb7-5&oh=00_Afp2toxAUDEd6neCUcAEYLSsH0GMH440pXJPcXbrg696RQ&oe=696B9766&_nc_sid=4a2096'],,https://www.threads.net/@aljarmaq_news/post/DTQB4xPDA_w,[],"{'likes': 1346, 'reposts': 134, 'quotes': 13}",threads,3805549984331075568,Al-Jarmaq News🇵🇸,,"Romanian authorities have deported an Israeli settler after stopping him at Iasi International Airport and informing him that he is subject to European Union sanctions.

Upon his arrival, the settler was taken to the airport’s departure hall, where he was informed that he was not allowed to leave the hall and that he would board a return flight to Israel scheduled to depart on Saturday.",threads,63300105058,aljarmaq_news
[],2026-01-13T10:18:58.854494+07:00,"""The European Union will continue to support Ukraine 'without any questions', regardless of the US position.""
—Ursula von der Leyen, President of the European Commission
🇪🇺🇺🇦",2025-03-08T23:33:38+07:00,,3583878389364544862,threads,threads.com,threads_crawler_v1,https://www.threads.net/@codingforukraine/post/DG8fmgsRdVe,https://instagram.fhan3-3.fna.fbcdn.net/v/t51.2885-19/449867070_788424193466267_101356890141734250_n.jpg?stp=dst-jpg_s150x150_tt6&efg=eyJ2ZW5jb2RlX3RhZyI6InByb2ZpbGVfcGljLmRqYW5nby4zMjAuYzIifQ&_nc_ht=instagram.fhan3-3.fna.fbcdn.net&_nc_cat=111&_nc_oc=Q6cZ2QEeWFwmEa8n_OCCJc60jMDgeuyi9EPnY0WZNXlm9gt1PDefVw7mwLFjCelHmj5R8S0&_nc_ohc=txZGuiQ9py8Q7kNvwFk2lQX&_nc_gid=wPH-KrVtUPJ9uGJRtddaYg&edm=AJhczIQBAAAA&ccb=7-5&oh=00_AfrlyRHsAUXl4DVLS2chxjufGR7PUaC7Tkax7JDhv16ZOw&oe=696B7DCF&_nc_sid=4a2096,81,0,4337,378,0,['https://instagram.fhan4-5.fna.fbcdn.net/v/t51.2885-15/483217032_17904072297108675_8023223742000582654_n.jpg?stp=dst-jpg_e35_tt6&efg=eyJ2ZW5jb2RlX3RhZyI6InRocmVhZHMuRkVFRC5pbWFnZV91cmxnZW4uNjQweDQzMi5zZHIuZjc1NzYxLmRlZmF1bHRfaW1hZ2UuYzIifQ&_nc_ht=instagram.fhan4-5.fna.fbcdn.net&_nc_cat=103&_nc_oc=Q6cZ2QEeWFwmEa8n_OCCJc60jMDgeuyi9EPnY0WZNXlm9gt1PDefVw7mwLFjCelHmj5R8S0&_nc_ohc=11SAWxMy3xEQ7kNvwFeUctL&_nc_gid=wPH-KrVtUPJ9uGJRtddaYg&edm=AJhczIQBAAAA&ccb=7-5&ig_cache_key=MzU4Mzg3ODM4OTM2NDU0NDg2Mg%3D%3D.3-ccb7-5&oh=00_AfpK2HSwPgKVgAkhNy1FdjM-2NpkPHttmxishOThZjhoGg&oe=696B8239&_nc_sid=4a2096'],,https://www.threads.net/@codingforukraine/post/DG8fmgsRdVe,[],"{'likes': 4337, 'reposts': 358, 'quotes': 20}",threads,3583878389364544862,"Coding for Ukraine
🇺🇦💻",,"""The European Union will continue to support Ukraine 'without any questions', regardless of the US position.""
—Ursula von der Leyen, President of the European Commission
🇪🇺🇺🇦",threads,63144924674,codingforukraine
[],2026-01-13T10:18:58.854541+07:00,"Last time Rihanna released an album…

Obama was still the president 
iPhone 7 was the latest iPhone 
United Kingdom left the European Union 
Beyoncé released Lemonade 
Pokémon GO was released 
Britney Spears released her last album 
David Bowie died 
Brad Pitt and Angelina Jolie divorced 
Lady Gaga released Joanne 
Prince died 
Leonardo DiCaprio won his first Oscar",2025-10-20T03:03:23+07:00,,3747058498522364346,threads,threads.com,threads_crawler_v1,https://www.threads.net/@gagartpop/post/DQAOdoFCLm6,https://instagram.fhan3-3.fna.fbcdn.net/v/t51.2885-19/358051476_291901089883115_194031354549862857_n.jpg?stp=dst-jpg_s150x150_tt6&efg=eyJ2ZW5jb2RlX3RhZyI6InByb2ZpbGVfcGljLmRqYW5nby40MDAuYzIifQ&_nc_ht=instagram.fhan3-3.fna.fbcdn.net&_nc_cat=111&_nc_oc=Q6cZ2QEeWFwmEa8n_OCCJc60jMDgeuyi9EPnY0WZNXlm9gt1PDefVw7mwLFjCelHmj5R8S0&_nc_ohc=ACCwgtON5lwQ7kNvwEQmQfx&_nc_gid=wPH-KrVtUPJ9uGJRtddaYg&edm=AJhczIQBAAAA&ccb=7-5&oh=00_AfrdYA3Dg4zh7vDonxQHBubFNHrF6X1vmbTQxGglA0LqaQ&oe=696B8A4B&_nc_sid=4a2096,8,0,625,33,0,[],,https://www.threads.net/@gagartpop/post/DQAOdoFCLm6,[],"{'likes': 625, 'reposts': 32, 'quotes': 1}",threads,3747058498522364346,Lady Gaga | Fanpage,,"Last time Rihanna released an album…

Obama was still the president 
iPhone 7 was the latest iPhone 
United Kingdom left the European Union 
Beyoncé released Lemonade 
Pokémon GO was released 
Britney Spears released her last album 
David Bowie died 
Brad Pitt and Angelina Jolie divorced 
Lady Gaga released Joanne 
Prince died 
Leonardo DiCaprio won his first Oscar",threads,63396837905,gagartpop
[],2026-01-13T10:18:58.854575+07:00,"As European Democrats, we are deeply concerned by the coordinated transatlantic campaign to undermine the European Union. According to Report, an investigative journalism programme on Italian public television, over €100 million has flowed from US far-right think tanks into Europe to fund lobbying networks with one clear objective: the dissolution of the EU. This is not about debate – it’s about destabilisation. We must act now to protect our democracy and sovereignty.",2025-10-28T17:23:24+07:00,,3753289567349506333,threads,threads.com,threads_crawler_v1,https://www.threads.net/@europeandemocrats/post/DQWXPnJDAEd,https://instagram.fhan4-5.fna.fbcdn.net/v/t51.2885-19/469437442_9635009706514071_6853395980896304167_n.jpg?stp=dst-jpg_s150x150_tt6&efg=eyJ2ZW5jb2RlX3RhZyI6InByb2ZpbGVfcGljLmRqYW5nby4xMDgwLmMyIn0&_nc_ht=instagram.fhan4-5.fna.fbcdn.net&_nc_cat=103&_nc_oc=Q6cZ2QEeWFwmEa8n_OCCJc60jMDgeuyi9EPnY0WZNXlm9gt1PDefVw7mwLFjCelHmj5R8S0&_nc_ohc=1K58meL-NxMQ7kNvwHrNufw&_nc_gid=wPH-KrVtUPJ9uGJRtddaYg&edm=AJhczIQBAAAA&ccb=7-5&oh=00_AfrsQgmk0HgcRq8vIIAmgu6KzFZUXcL6vgUPG5nObT9gVw&oe=696B9956&_nc_sid=4a2096,14,0,172,46,0,['https://instagram.fhan3-2.fna.fbcdn.net/v/t51.2885-15/571809372_18427593997106179_2807870890461525826_n.jpg?stp=dst-jpg_e35_tt6&efg=eyJ2ZW5jb2RlX3RhZyI6InRocmVhZHMuRkVFRC5pbWFnZV91cmxnZW4uMTM1MHgxNjg4LnNkci5mODI3ODcuZGVmYXVsdF9pbWFnZS5jMiJ9&_nc_ht=instagram.fhan3-2.fna.fbcdn.net&_nc_cat=107&_nc_oc=Q6cZ2QEeWFwmEa8n_OCCJc60jMDgeuyi9EPnY0WZNXlm9gt1PDefVw7mwLFjCelHmj5R8S0&_nc_ohc=RZB5tJm9JFAQ7kNvwFS4U6F&_nc_gid=wPH-KrVtUPJ9uGJRtddaYg&edm=AJhczIQBAAAA&ccb=7-5&ig_cache_key=Mzc1MzI4OTU2NzM0OTUwNjMzMw%3D%3D.3-ccb7-5&oh=00_AfoSlm-obEyHmaXw5MBVET27KTPUuvgWLDWrWB6zh16_Kg&oe=696B9EC9&_nc_sid=4a2096'],,https://www.threads.net/@europeandemocrats/post/DQWXPnJDAEd,[],"{'likes': 172, 'reposts': 37, 'quotes': 9}",threads,3753289567349506333,European Democratic Party,,"As European Democrats, we are deeply concerned by the coordinated transatlantic campaign to undermine the European Union. According to Report, an investigative journalism programme on Italian public television, over €100 million has flowed from US far-right think tanks into Europe to fund lobbying networks with one clear objective: the dissolution of the EU. This is not about debate – it’s about destabilisation. We must act now to protect our democracy and sovereignty.",threads,63678294014,europeandemocrats
[],2026-01-13T10:18:58.854618+07:00,"This is my flag. It represents decades of work by good men and women to create unity, security and prosperity where there was once division, war and desolation.

The European Union is the best thing to ever have happened to Europe, it is the most successful political project ever.

This flag is worth defending.",2025-12-09T18:50:41+07:00,,3783774079049031773,threads,threads.com,threads_crawler_v1,https://www.threads.net/@richmusicas/post/DSCqnpEDGBd,https://instagram.fhan4-6.fna.fbcdn.net/v/t51.2885-19/420990299_1132248091100853_6458185736364418139_n.jpg?stp=dst-jpg_s150x150_tt6&efg=eyJ2ZW5jb2RlX3RhZyI6InByb2ZpbGVfcGljLmRqYW5nby45NTYuYzIifQ&_nc_ht=instagram.fhan4-6.fna.fbcdn.net&_nc_cat=109&_nc_oc=Q6cZ2QEeWFwmEa8n_OCCJc60jMDgeuyi9EPnY0WZNXlm9gt1PDefVw7mwLFjCelHmj5R8S0&_nc_ohc=oGDNfrqn7zUQ7kNvwGsCWjr&_nc_gid=wPH-KrVtUPJ9uGJRtddaYg&edm=AJhczIQBAAAA&ccb=7-5&oh=00_AfqY5jZnCZhiBUMgKu1FdrHu92wAZOagn4pYpN-hUYd-Wg&oe=696B8112&_nc_sid=4a2096,28,0,169,6,0,['https://instagram.fhan4-6.fna.fbcdn.net/v/t51.2885-15/597824799_17933688501111117_4277859766565751350_n.jpg?stp=dst-jpg_e35_tt6&efg=eyJ2ZW5jb2RlX3RhZyI6InRocmVhZHMuRkVFRC5pbWFnZV91cmxnZW4uNDU1eDQ1Mi5zZHIuZjgyNzg3LmRlZmF1bHRfaW1hZ2UuYzIifQ&_nc_ht=instagram.fhan4-6.fna.fbcdn.net&_nc_cat=109&_nc_oc=Q6cZ2QEeWFwmEa8n_OCCJc60jMDgeuyi9EPnY0WZNXlm9gt1PDefVw7mwLFjCelHmj5R8S0&_nc_ohc=20X4R0qM_VsQ7kNvwHC1W15&_nc_gid=wPH-KrVtUPJ9uGJRtddaYg&edm=AJhczIQBAAAA&ccb=7-5&ig_cache_key=Mzc4Mzc3NDA3OTA0OTAzMTc3Mw%3D%3D.3-ccb7-5&oh=00_Afr4YGjjNPb03gENOFuDE9XEH1NfZw2Xf448BszVwbwtZw&oe=696B7BF2&_nc_sid=4a2096'],,https://www.threads.net/@richmusicas/post/DSCqnpEDGBd,[],"{'likes': 169, 'reposts': 6, 'quotes': 0}",threads,3783774079049031773,Richard Hynes,,"This is my flag. It represents decades of work by good men and women to create unity, security and prosperity where there was once division, war and desolation.

The European Union is the best thing to ever have happened to Europe, it is the most successful political project ever.

This flag is worth defending.",threads,63259807116,richmusicas
[],2026-01-13T10:18:58.854661+07:00,Breaking news: The Trump Administration plots to destroy the European Union & replace the G7 with a 'Core 5' that includes Russia & China. This is a stunning move away from free democracy & towards authoritarian dominance by the great powers.,2025-12-12T00:01:12+07:00,,3785379915303562748,threads,threads.com,threads_crawler_v1,https://www.threads.net/@frenchhistorypodcast/post/DSIXvonkS38,https://instagram.fhan4-5.fna.fbcdn.net/v/t51.2885-19/358179625_1480735619398551_177191414728663387_n.jpg?stp=dst-jpg_s150x150_tt6&efg=eyJ2ZW5jb2RlX3RhZyI6InByb2ZpbGVfcGljLmRqYW5nby40MDAuYzIifQ&_nc_ht=instagram.fhan4-5.fna.fbcdn.net&_nc_cat=103&_nc_oc=Q6cZ2QEeWFwmEa8n_OCCJc60jMDgeuyi9EPnY0WZNXlm9gt1PDefVw7mwLFjCelHmj5R8S0&_nc_ohc=Wdt3gT9_AuAQ7kNvwEuakBY&_nc_gid=wPH-KrVtUPJ9uGJRtddaYg&edm=AJhczIQBAAAA&ccb=7-5&oh=00_Afpqyd934AVFSDfBHUiJfDdPnlBlQWc-LKaH9oQDLIlhfA&oe=696B98C8&_nc_sid=4a2096,267,0,585,208,0,['https://instagram.fhan3-2.fna.fbcdn.net/v/t51.2885-15/590420493_17939082066100363_4354861393441748485_n.webp?efg=eyJ2ZW5jb2RlX3RhZyI6InRocmVhZHMuRkVFRC5pbWFnZV91cmxnZW4uMTA4MHgxMzk0LnNkci5mODI3ODcuZGVmYXVsdF9pbWFnZS5jMiJ9&_nc_ht=instagram.fhan3-2.fna.fbcdn.net&_nc_cat=107&_nc_oc=Q6cZ2QEeWFwmEa8n_OCCJc60jMDgeuyi9EPnY0WZNXlm9gt1PDefVw7mwLFjCelHmj5R8S0&_nc_ohc=3chPpzvNobcQ7kNvwEUH1Vo&_nc_gid=wPH-KrVtUPJ9uGJRtddaYg&edm=AJhczIQBAAAA&ccb=7-5&ig_cache_key=Mzc4NTM3OTkxNTMwMzU2Mjc0OA%3D%3D.3-ccb7-5&oh=00_AfpH5JpobbRJV1rNIPiWl0qExM5IFqVJepDMLh4xWN4ntw&oe=696B9AD7&_nc_sid=4a2096'],,https://www.threads.net/@frenchhistorypodcast/post/DSIXvonkS38,[],"{'likes': 585, 'reposts': 193, 'quotes': 15}",threads,3785379915303562748,The French History Podcast,,Breaking news: The Trump Administration plots to destroy the European Union & replace the G7 with a 'Core 5' that includes Russia & China. This is a stunning move away from free democracy & towards authoritarian dominance by the great powers.,threads,63092972362,frenchhistorypodcast
[],2026-01-13T10:18:58.854695+07:00,Stray dog accidentally becomes the first to cross the Romania-Hungary border after Romania became a full member of the European Union's Schengen area.,2025-04-24T19:15:52+07:00,,3617813037277499978,threads,threads.com,threads_crawler_v1,https://www.threads.net/@viewsaddict/post/DI1DcoWs9JK,https://instagram.fhan3-4.fna.fbcdn.net/v/t51.2885-19/445432590_976495267021012_7003570283097995822_n.jpg?stp=dst-jpg_s150x150_tt6&efg=eyJ2ZW5jb2RlX3RhZyI6InByb2ZpbGVfcGljLmRqYW5nby4xMDgwLmMyIn0&_nc_ht=instagram.fhan3-4.fna.fbcdn.net&_nc_cat=104&_nc_oc=Q6cZ2QEeWFwmEa8n_OCCJc60jMDgeuyi9EPnY0WZNXlm9gt1PDefVw7mwLFjCelHmj5R8S0&_nc_ohc=fRncc8UYYvUQ7kNvwFsgJ0m&_nc_gid=wPH-KrVtUPJ9uGJRtddaYg&edm=AJhczIQBAAAA&ccb=7-5&oh=00_Afownv53l2JF1__OIM8HvGRDQUtYq_rxU7dVTli2kt7mkA&oe=696B85E0&_nc_sid=4a2096,339,0,50017,1176,0,"['https://instagram.fhan3-2.fna.fbcdn.net/v/t51.2885-15/487702236_1729358911305379_6122154708270146114_n.jpg?stp=dst-jpg_e15_tt6&efg=eyJ2ZW5jb2RlX3RhZyI6InRocmVhZHMuRkVFRC5pbWFnZV91cmxnZW4uNjQweDQ4OC5zZHIuZjcxODc4LmRlZmF1bHRfY292ZXJfZnJhbWUuYzIifQ&_nc_ht=instagram.fhan3-2.fna.fbcdn.net&_nc_cat=107&_nc_oc=Q6cZ2QEeWFwmEa8n_OCCJc60jMDgeuyi9EPnY0WZNXlm9gt1PDefVw7mwLFjCelHmj5R8S0&_nc_ohc=7-ochLTbUAIQ7kNvwGWiHHc&_nc_gid=wPH-KrVtUPJ9uGJRtddaYg&edm=AJhczIQBAAAA&ccb=7-5&ig_cache_key=MzYxNzgxMzAzNzI3NzQ5OTk3OA%3D%3D.3-ccb7-5&oh=00_AfrXnFpHEQ_URfHLSovlIqJ7IhQIjn5HIZT2jGR2T86v-Q&oe=696B823D&_nc_sid=4a2096', 'https://instagram.fhan3-3.fna.fbcdn.net/o1/v/t16/f2/m69/AQPR6HiPHN3v8UmWjdkKetPuZyqVXJIJ8uBPrOXZ7mrfYBAiQPQ4Biw8RIkVazhxo706r5MjUcG1hfskkCYTv3uA.mp4?strext=1&_nc_cat=111&_nc_oc=AdliTZ0pFiaO2FlpXHodOJ0o8AxnSEwAvSaFtNgt2nihqFGVJFG3-IYNgHSNinzgYRA&_nc_sid=8bf8fe&_nc_ht=instagram.fhan3-3.fna.fbcdn.net&_nc_ohc=zjUvKZxxdJoQ7kNvwEC4HxS&efg=eyJ2ZW5jb2RlX3RhZyI6Inhwdl9wcm9ncmVzc2l2ZS5JTlNUQUdSQU0uRkVFRC5DMy45NDIucHJvZ3Jlc3NpdmVfaDI2NC1iYXNpYy1nZW4yXzcyMHAiLCJ4cHZfYXNzZXRfaWQiOjY2MDEzNDA4NjgyNTMwMCwiYXNzZXRfYWdlX2RheXMiOjI2MywidmlfdXNlY2FzZV9pZCI6MTAxNjQsImR1cmF0aW9uX3MiOjEwLCJ1cmxnZW5fc291cmNlIjoid3d3In0%3D&ccb=17-1&_nc_gid=wPH-KrVtUPJ9uGJRtddaYg&_nc_zt=28&oh=00_AfpqhF6SLNh4YFbQmAyIqLTWGPgeQNrs7vkYiqbp2r8pFg&oe=696B9995']",,https://www.threads.net/@viewsaddict/post/DI1DcoWs9JK,[],"{'likes': 50017, 'reposts': 1129, 'quotes': 47}",threads,3617813037277499978,VIEWS,,Stray dog accidentally becomes the first to cross the Romania-Hungary border after Romania became a full member of the European Union's Schengen area.,threads,63498368241,viewsaddict
[],2026-01-13T10:18:58.854748+07:00,"the trump administration is more politically aligned with el salvador than canada and the european union. 

this is challenging for a lot of world leaders to accept.",2025-04-16T06:38:51+07:00,,3611633882977745483,threads,threads.com,threads_crawler_v1,https://www.threads.net/@ianbremmer/post/DIfGeGdpzpL,https://instagram.fhan3-3.fna.fbcdn.net/v/t51.2885-19/357778200_123862250747351_3421445982732042230_n.jpg?stp=dst-jpg_s150x150_tt6&efg=eyJ2ZW5jb2RlX3RhZyI6InByb2ZpbGVfcGljLmRqYW5nby40MDAuYzIifQ&_nc_ht=instagram.fhan3-3.fna.fbcdn.net&_nc_cat=111&_nc_oc=Q6cZ2QEeWFwmEa8n_OCCJc60jMDgeuyi9EPnY0WZNXlm9gt1PDefVw7mwLFjCelHmj5R8S0&_nc_ohc=ylcGu-YmYa0Q7kNvwEHTpQs&_nc_gid=wPH-KrVtUPJ9uGJRtddaYg&edm=AJhczIQBAAAA&ccb=7-5&oh=00_AfqxrTDa2r_EY8ht-dihdkcwNbdyIuVZqKFlX0wMeKENyQ&oe=696B9BF6&_nc_sid=4a2096,84,0,2577,255,0,[],,https://www.threads.net/@ianbremmer/post/DIfGeGdpzpL,[],"{'likes': 2577, 'reposts': 249, 'quotes': 6}",threads,3611633882977745483,ian bremmer,,"the trump administration is more politically aligned with el salvador than canada and the european union. 

this is challenging for a lot of world leaders to accept.",threads,63408943085,ianbremmer
[],2026-01-13T10:18:58.854785+07:00,"🚨🇺🇸🇪🇺BREAKING NEWS:

President Donald Trump said, ""The European Union is very, very nasty.""

Do you agree?",2025-03-15T07:42:48+07:00,,3588473254517946280,threads,threads.com,threads_crawler_v1,https://www.threads.net/@rsumillionaires/post/DHM0WmViDeo,https://instagram.fhan4-3.fna.fbcdn.net/v/t51.2885-19/565686230_17914309074217570_1349591472363063554_n.jpg?stp=dst-jpg_s150x150_tt6&efg=eyJ2ZW5jb2RlX3RhZyI6InByb2ZpbGVfcGljLmRqYW5nby4xMDgwLmMyIn0&_nc_ht=instagram.fhan4-3.fna.fbcdn.net&_nc_cat=110&_nc_oc=Q6cZ2QEeWFwmEa8n_OCCJc60jMDgeuyi9EPnY0WZNXlm9gt1PDefVw7mwLFjCelHmj5R8S0&_nc_ohc=ksJL7KispAYQ7kNvwFi2Rqx&_nc_gid=wPH-KrVtUPJ9uGJRtddaYg&edm=AJhczIQBAAAA&ccb=7-5&oh=00_Afpt9_Vi69eKEinPcXteM6Zf-49lQ3EuHc8cCYfH9qlKbg&oe=696B70F1&_nc_sid=4a2096,150,0,199,9,0,['https://instagram.fhan4-3.fna.fbcdn.net/v/t51.2885-15/484077625_17888704791217570_973358782846232111_n.webp?efg=eyJ2ZW5jb2RlX3RhZyI6InRocmVhZHMuQ0FST1VTRUxfSVRFTS5pbWFnZV91cmxnZW4uOTAweDkwMC5zZHIuZjc1NzYxLmRlZmF1bHRfaW1hZ2UuYzIifQ&_nc_ht=instagram.fhan4-3.fna.fbcdn.net&_nc_cat=110&_nc_oc=Q6cZ2QEeWFwmEa8n_OCCJc60jMDgeuyi9EPnY0WZNXlm9gt1PDefVw7mwLFjCelHmj5R8S0&_nc_ohc=694UvDhmN7AQ7kNvwF_f3un&_nc_gid=wPH-KrVtUPJ9uGJRtddaYg&edm=AJhczIQBAAAA&ccb=7-5&ig_cache_key=MzU4ODQ3MzI0NTE2NDc5MDM5Mw%3D%3D.3-ccb7-5&oh=00_Afpk4s4ai3og1wsicZAYmNlMDR_TnSyecA98HF9BLi1TUA&oe=696B7394&_nc_sid=4a2096'],,https://www.threads.net/@rsumillionaires/post/DHM0WmViDeo,[],"{'likes': 199, 'reposts': 9, 'quotes': 0}",threads,3588473254517946280,Welcome to the 1% 🤑🪽,Donald Trump,"🚨🇺🇸🇪🇺BREAKING NEWS:

President Donald Trump said, ""The European Union is very, very nasty.""

Do you agree?",threads,66501217569,rsumillionaires
[],2026-01-13T10:18:58.854831+07:00,"Strasbourg, France, Dec 17 (Reuters): The European Union's parliament voted on enabling women from nations restricting abortion to terminate pregnancies in the EU member states free of charge 👏👏",2025-12-18T13:23:18+07:00,,3790132282548612559,threads,threads.com,threads_crawler_v1,https://www.threads.net/@mariiabroadcast/post/DSZQTrhDO3P,https://instagram.fhan3-2.fna.fbcdn.net/v/t51.2885-19/536809000_17878347291389083_2250494988002443308_n.jpg?stp=dst-jpg_s150x150_tt6&efg=eyJ2ZW5jb2RlX3RhZyI6InByb2ZpbGVfcGljLmRqYW5nby4xMDgwLmMyIn0&_nc_ht=instagram.fhan3-2.fna.fbcdn.net&_nc_cat=107&_nc_oc=Q6cZ2QEeWFwmEa8n_OCCJc60jMDgeuyi9EPnY0WZNXlm9gt1PDefVw7mwLFjCelHmj5R8S0&_nc_ohc=Lfr_FcghhisQ7kNvwEBDEtC&_nc_gid=wPH-KrVtUPJ9uGJRtddaYg&edm=AJhczIQBAAAA&ccb=7-5&oh=00_AfrjfH4tmiIRqEZiVYhcE_G3hApK0Nuj7CTo8dXZVpcDLA&oe=696B776D&_nc_sid=4a2096,10,0,1749,110,0,[],,https://www.threads.net/@mariiabroadcast/post/DSZQTrhDO3P,[],"{'likes': 1749, 'reposts': 104, 'quotes': 6}",threads,3790132282548612559,Mariia,,"Strasbourg, France, Dec 17 (Reuters): The European Union's parliament voted on enabling women from nations restricting abortion to terminate pregnancies in the EU member states free of charge 👏👏",threads,71559469082,mariiabroadcast
[],2026-01-13T10:18:58.854868+07:00,"Heads up Canadians 

New reporting out of Europe says the United States is actively pushing a plan to weaken the European Union by pulling specific member states out and into a U.S.-aligned bloc. 

Italy
Hungary
Poland
Austria
Ukraine
Slovakia

That alone should alarm anyone who still thinks Washington sees its allies as partners rather than leverage.",2025-12-12T22:35:44+07:00,,3786061675922299014,threads,threads.com,threads_crawler_v1,https://www.threads.net/@realestateiswhatido/post/DSKywjrEZiG,https://instagram.fhan4-5.fna.fbcdn.net/v/t51.2885-19/334750957_6100377000026630_4911155385837639297_n.jpg?stp=dst-jpg_s150x150_tt6&efg=eyJ2ZW5jb2RlX3RhZyI6InByb2ZpbGVfcGljLmRqYW5nby44MDIuYzIifQ&_nc_ht=instagram.fhan4-5.fna.fbcdn.net&_nc_cat=102&_nc_oc=Q6cZ2QEeWFwmEa8n_OCCJc60jMDgeuyi9EPnY0WZNXlm9gt1PDefVw7mwLFjCelHmj5R8S0&_nc_ohc=LBkOo17evpMQ7kNvwHu3t0o&_nc_gid=wPH-KrVtUPJ9uGJRtddaYg&edm=AJhczIQBAAAA&ccb=7-5&oh=00_Afr-HGrjWwZX2Ejf0pDnITuXnUorHaK1UzA-w-TxZO_TLw&oe=696B87EE&_nc_sid=4a2096,105,0,323,60,0,['https://instagram.fhan4-3.fna.fbcdn.net/v/t51.2885-15/590424285_17932729455107628_5724840015317968256_n.jpg?stp=dst-jpg_e35_tt6&efg=eyJ2ZW5jb2RlX3RhZyI6InRocmVhZHMuRkVFRC5pbWFnZV91cmxnZW4uMTIwNngxMzk2LnNkci5mODI3ODcuZGVmYXVsdF9pbWFnZS5jMiJ9&_nc_ht=instagram.fhan4-3.fna.fbcdn.net&_nc_cat=100&_nc_oc=Q6cZ2QEeWFwmEa8n_OCCJc60jMDgeuyi9EPnY0WZNXlm9gt1PDefVw7mwLFjCelHmj5R8S0&_nc_ohc=a9Gna4wXNtYQ7kNvwHChqIx&_nc_gid=wPH-KrVtUPJ9uGJRtddaYg&edm=AJhczIQBAAAA&ccb=7-5&ig_cache_key=Mzc4NjA2MTY3NTkyMjI5OTAxNA%3D%3D.3-ccb7-5&oh=00_AfoMEWsOgwVCw4GsrHbrxnOZVfFZWbNTegUxthuvCzF3mQ&oe=696B9056&_nc_sid=4a2096'],,https://www.threads.net/@realestateiswhatido/post/DSKywjrEZiG,[],"{'likes': 323, 'reposts': 54, 'quotes': 6}",threads,3786061675922299014,James Dwyer FRI,Canadian Threads,"Heads up Canadians 

New reporting out of Europe says the United States is actively pushing a plan to weaken the European Union by pulling specific member states out and into a U.S.-aligned bloc. 

Italy
Hungary
Poland
Austria
Ukraine
Slovakia

That alone should alarm anyone who still thinks Washington sees its allies as partners rather than leverage.",threads,63270083627,realestateiswhatido
[],2026-01-13T10:18:58.854903+07:00,"The European Union cautioned Donald Trump that any move to pardon Vladimir Putin for alleged war crimes in Ukraine would be unacceptable, stressing that accountability is essential and warning that granting impunity could encourage future aggression.",2025-12-02T09:17:00+07:00,,3778411905903821629,threads,threads.com,threads_crawler_v1,https://www.threads.net/@this_is_ambassador/post/DRvnZwKgQM9,https://instagram.fhan4-3.fna.fbcdn.net/v/t51.2885-19/519411991_17892838551270396_7832299079093154038_n.jpg?stp=dst-jpg_s150x150_tt6&efg=eyJ2ZW5jb2RlX3RhZyI6InByb2ZpbGVfcGljLmRqYW5nby4xMDAwLmMyIn0&_nc_ht=instagram.fhan4-3.fna.fbcdn.net&_nc_cat=100&_nc_oc=Q6cZ2QEeWFwmEa8n_OCCJc60jMDgeuyi9EPnY0WZNXlm9gt1PDefVw7mwLFjCelHmj5R8S0&_nc_ohc=bpKz0Svr7gQQ7kNvwEmR7vX&_nc_gid=wPH-KrVtUPJ9uGJRtddaYg&edm=AJhczIQBAAAA&ccb=7-5&oh=00_AfqaRf-vZoqNm8M67fOrYuO59_5dIL51lvqBX2yNB0S36A&oe=696B7EA1&_nc_sid=4a2096,10,0,102,7,0,['https://instagram.fhan4-3.fna.fbcdn.net/v/t51.2885-15/586705604_17909058297270396_6188812746388390541_n.jpg?stp=dst-jpg_e35_tt6&efg=eyJ2ZW5jb2RlX3RhZyI6InRocmVhZHMuRkVFRC5pbWFnZV91cmxnZW4uOTUweDEwODAuc2RyLmY4Mjc4Ny5kZWZhdWx0X2ltYWdlLmMyIn0&_nc_ht=instagram.fhan4-3.fna.fbcdn.net&_nc_cat=100&_nc_oc=Q6cZ2QEeWFwmEa8n_OCCJc60jMDgeuyi9EPnY0WZNXlm9gt1PDefVw7mwLFjCelHmj5R8S0&_nc_ohc=ria_ruRSOIUQ7kNvwF3nwmE&_nc_gid=wPH-KrVtUPJ9uGJRtddaYg&edm=AJhczIQBAAAA&ccb=7-5&ig_cache_key=Mzc3ODQxMTkwNTkwMzgyMTYyOQ%3D%3D.3-ccb7-5&oh=00_Afqq-sB87PBskCjSpwTAf-fphFMjc8_SyFpHZFJPIBNk2Q&oe=696BA67A&_nc_sid=4a2096'],,https://www.threads.net/@this_is_ambassador/post/DRvnZwKgQM9,[],"{'likes': 102, 'reposts': 6, 'quotes': 1}",threads,3778411905903821629,Ambassador,,"The European Union cautioned Donald Trump that any move to pardon Vladimir Putin for alleged war crimes in Ukraine would be unacceptable, stressing that accountability is essential and warning that granting impunity could encourage future aggression.",threads,68065214395,this_is_ambassador
[],2026-01-13T10:18:58.854954+07:00,"The European Union stands for democracy, human rights, and the rule of law—values that are not limited by geography.

It’s time to rethink Article 49 of the Treaty on European Union and open the door to all nations meeting the necessary standards that uphold EU values. 
The EU should be a union of principles, not just proximity.
Any country that believes in democracy, freedom, and justice should have the chance to join.
It’s not about where you are—it’s about what you stand for.",2025-03-16T14:59:10+07:00,,3589417653267377577,threads,threads.com,threads_crawler_v1,https://www.threads.net/@mas__b__/post/DHQLFaNhK2p,https://instagram.fhan3-3.fna.fbcdn.net/v/t51.2885-19/473036339_1536417463563203_3155333322043479370_n.jpg?stp=dst-jpg_s150x150_tt6&efg=eyJ2ZW5jb2RlX3RhZyI6InByb2ZpbGVfcGljLmRqYW5nby43MTQuYzIifQ&_nc_ht=instagram.fhan3-3.fna.fbcdn.net&_nc_cat=111&_nc_oc=Q6cZ2QGsm5UbNDMQmSt9AzJ3_dBv9JM95S2lHBW8wtFDDIQ4dl7nNuKp48cdelwkmDR0FCc&_nc_ohc=1diYELdumi4Q7kNvwE2SMcM&_nc_gid=Uhleg2Cvcoj03OBjiLI16w&edm=AJhczIQBAAAA&ccb=7-5&oh=00_AfrP05BWwRCMK1obaRFFRKTupIjQru0sFOY2QswI0sy_qA&oe=696B84D6&_nc_sid=4a2096,8,0,40,2,0,[],,https://www.threads.net/@mas__b__/post/DHQLFaNhK2p,[],"{'likes': 40, 'reposts': 2, 'quotes': 0}",threads,3589417653267377577,Mas B.,,"The European Union stands for democracy, human rights, and the rule of law—values that are not limited by geography.

It’s time to rethink Article 49 of the Treaty on European Union and open the door to all nations meeting the necessary standards that uphold EU values. 
The EU should be a union of principles, not just proximity.
Any country that believes in democracy, freedom, and justice should have the chance to join.
It’s not about where you are—it’s about what you stand for.",threads,64484404545,mas__b__
[],2026-01-13T10:18:58.854994+07:00,"If true, the European Union isn’t betting on anything. Germany taking the lead on this one. #europeanunion🇪🇺 #germany #germany🇩🇪 #globalpolitics #donaldtrump",2026-01-11T10:44:48+07:00,,3807447125399249470,threads,threads.com,threads_crawler_v1,https://www.threads.net/@tjf9971/post/DTWxPzigSI-,https://instagram.fhan3-2.fna.fbcdn.net/v/t51.2885-19/414695958_286730961060943_4863874382174350407_n.jpg?stp=dst-jpg_s150x150_tt6&efg=eyJ2ZW5jb2RlX3RhZyI6InByb2ZpbGVfcGljLmRqYW5nby4xMDgwLmMyIn0&_nc_ht=instagram.fhan3-2.fna.fbcdn.net&_nc_cat=107&_nc_oc=Q6cZ2QGsm5UbNDMQmSt9AzJ3_dBv9JM95S2lHBW8wtFDDIQ4dl7nNuKp48cdelwkmDR0FCc&_nc_ohc=VhgH-cfsJnYQ7kNvwEG3QX9&_nc_gid=Uhleg2Cvcoj03OBjiLI16w&edm=AJhczIQBAAAA&ccb=7-5&oh=00_AfrPYlWndXM3BzVM92TDfLnbSIva-0mHfas0dSd_XKC2kQ&oe=696B8827&_nc_sid=4a2096,9,0,24,1,0,['https://instagram.fhan4-1.fna.fbcdn.net/v/t51.2885-15/615051291_18098036617867361_4366841257486886420_n.jpg?stp=dst-jpg_e35_tt6&efg=eyJ2ZW5jb2RlX3RhZyI6InRocmVhZHMuRkVFRC5pbWFnZV91cmxnZW4uMTAxNXgxMjQ0LnNkci5mODI3ODcuZGVmYXVsdF9pbWFnZS5jMiJ9&_nc_ht=instagram.fhan4-1.fna.fbcdn.net&_nc_cat=105&_nc_oc=Q6cZ2QGsm5UbNDMQmSt9AzJ3_dBv9JM95S2lHBW8wtFDDIQ4dl7nNuKp48cdelwkmDR0FCc&_nc_ohc=daPkMfnkWuoQ7kNvwGqkxeH&_nc_gid=Uhleg2Cvcoj03OBjiLI16w&edm=AJhczIQBAAAA&ccb=7-5&ig_cache_key=MzgwNzQ0NzEyNTM5OTI0OTQ3MA%3D%3D.3-ccb7-5&oh=00_AfoiGLYc81fC-EEiZ7YHCNSKpMo1FQmIJvloCyPK4CqSiQ&oe=696BA4BB&_nc_sid=4a2096'],,https://www.threads.net/@tjf9971/post/DTWxPzigSI-,[],"{'likes': 24, 'reposts': 1, 'quotes': 0}",threads,3807447125399249470,Tyler Fahey,,"If true, the European Union isn’t betting on anything. Germany taking the lead on this one. #europeanunion🇪🇺 #germany #germany🇩🇪 #globalpolitics #donaldtrump",threads,63786725706,tjf9971
[],2026-01-13T10:18:58.855040+07:00,"President Donald John Trump just secured a $700 Billion dollar trade deal with the European Union.
It marks the first time that Europe has opened up its markets to America.",2025-07-28T00:51:23+07:00,,3686110900177960444,threads,threads.com,threads_crawler_v1,https://www.threads.net/@cruisedriverr/post/DMnslV3zX38,https://scontent-icn2-1.cdninstagram.com/v/t51.2885-19/573323465_1219825463302212_7278921664109726296_n.png?stp=dst-jpg_e0_s150x150_tt6&efg=eyJ2ZW5jb2RlX3RhZyI6InByb2ZpbGVfcGljLmRqYW5nby4xNTAuYzIifQ&_nc_ht=scontent-icn2-1.cdninstagram.com&_nc_cat=1&_nc_oc=Q6cZ2QFA0GmGj-9j-hXesE-oHiMR1GK2g6l6d8YJN99pmniH2aYHLD6nWoMJ5bTzXZBG4Zs&_nc_ohc=EFb4Xd8YksAQ7kNvwHFR1V9&_nc_gid=vr3jTrqRqolUvZ2iFcJEtw&edm=AA0lj5EBAAAA&ccb=7-5&ig_cache_key=YW5vbnltb3VzX3Byb2ZpbGVfcGlj.3-ccb7-5&oh=00_AfrK5JN5yfQuKaAZyhTlajERcLydWFZMOXnXLpju0wnmtA&oe=696B7E2A&_nc_sid=0a490e,433,0,98,2,0,[],,https://www.threads.net/@cruisedriverr/post/DMnslV3zX38,[],"{'likes': 98, 'reposts': 1, 'quotes': 1}",threads,3686110900177960444,Reginald Craig,,"President Donald John Trump just secured a $700 Billion dollar trade deal with the European Union.
It marks the first time that Europe has opened up its markets to America.",threads,69102381878,cruisedriverr
[],2026-01-13T10:18:58.855081+07:00,"AMERICANS. 

The IS joined NATO in 1949.  It was a very specific agreement.  The U.S. follows all rules of the affiliated nation states. 

The European Parliament was formed in 1952.  The U.S. is not a member.  The U.S. never agreed to be governed by the European Parliament.  Ever. 

In 1993, the European Union was formed.  The U.S. is not a member.  The U.S. never agreed to EU membership rules.  Ever. 

Today, Europe conflates the 3 organizations. 

They are not affiliated with the U.S.",2026-01-10T18:29:39+07:00,,3806956316905069566,threads,threads.com,threads_crawler_v1,https://www.threads.net/@pc_pitroc/post/DTVBpmgjlv-,https://instagram.fhan4-3.fna.fbcdn.net/v/t51.2885-19/608225401_17938596936101902_4097894726554738344_n.jpg?stp=dst-jpg_s150x150_tt6&efg=eyJ2ZW5jb2RlX3RhZyI6InByb2ZpbGVfcGljLmRqYW5nby4xMDgwLmMyIn0&_nc_ht=instagram.fhan4-3.fna.fbcdn.net&_nc_cat=110&_nc_oc=Q6cZ2QGsm5UbNDMQmSt9AzJ3_dBv9JM95S2lHBW8wtFDDIQ4dl7nNuKp48cdelwkmDR0FCc&_nc_ohc=nPRq3XtCcF0Q7kNvwE3CSQN&_nc_gid=Uhleg2Cvcoj03OBjiLI16w&edm=AJhczIQBAAAA&ccb=7-5&oh=00_AfqqbO5_qdKJN-2NzB4wMAcKFLLv_yRT0CwHxQIWG1uDlg&oe=696B9486&_nc_sid=4a2096,30,0,1,0,0,[],,https://www.threads.net/@pc_pitroc/post/DTVBpmgjlv-,[],"{'likes': 1, 'reposts': 0, 'quotes': 0}",threads,3806956316905069566,,,"AMERICANS. 

The IS joined NATO in 1949.  It was a very specific agreement.  The U.S. follows all rules of the affiliated nation states. 

The European Parliament was formed in 1952.  The U.S. is not a member.  The U.S. never agreed to be governed by the European Parliament.  Ever. 

In 1993, the European Union was formed.  The U.S. is not a member.  The U.S. never agreed to EU membership rules.  Ever. 

Today, Europe conflates the 3 organizations. 

They are not affiliated with the U.S.",threads,63037197901,pc_pitroc
[],2026-01-13T10:18:58.855117+07:00,"People of the UK, stop saying 'Europe and Britain.' You left the European Union, you didn't drift away from the continent waking up in Antartica. You are still European.❤️

ukthreads",2025-03-03T04:23:40+07:00,,3579675716434802499,threads,threads.com,threads_crawler_v1,https://www.threads.net/@dee_dee_the_emperess/post/DGtkBkhMDdD,https://instagram.fhan4-5.fna.fbcdn.net/v/t51.2885-19/431003526_1143095617034331_8969000173925084380_n.jpg?stp=dst-jpg_s150x150_tt6&efg=eyJ2ZW5jb2RlX3RhZyI6InByb2ZpbGVfcGljLmRqYW5nby4xMDgwLmMyIn0&_nc_ht=instagram.fhan4-5.fna.fbcdn.net&_nc_cat=103&_nc_oc=Q6cZ2QGsm5UbNDMQmSt9AzJ3_dBv9JM95S2lHBW8wtFDDIQ4dl7nNuKp48cdelwkmDR0FCc&_nc_ohc=bYl1fBdNMvIQ7kNvwGRVORS&_nc_gid=Uhleg2Cvcoj03OBjiLI16w&edm=AJhczIQBAAAA&ccb=7-5&oh=00_AfoRfGusgom12Go122rKBqJUZVqte9FusmHweFiUKbTWnQ&oe=696B955D&_nc_sid=4a2096,48,0,355,5,0,[],,https://www.threads.net/@dee_dee_the_emperess/post/DGtkBkhMDdD,[],"{'likes': 355, 'reposts': 5, 'quotes': 0}",threads,3579675716434802499,Dee-Dee,ukthreads,"People of the UK, stop saying 'Europe and Britain.' You left the European Union, you didn't drift away from the continent waking up in Antartica. You are still European.❤️

ukthreads",threads,65560744727,dee_dee_the_emperess
[],2026-01-13T10:18:58.855164+07:00,"The European Union is a wonderful place where, thanks to the free market, you can fly to another country for €20 — yet you have to pay €30–40 for a taxi ride to the airport, because local socialist politicians prefer to side with their comrades in the taxi unions and crush free-market competition from Uber, Bolt, or Cabify.`

And now in Barcelona too.",2025-09-17T20:32:36+07:00,,3723668988690734166,threads,threads.com,threads_crawler_v1,https://www.threads.net/@stlmkh/post/DOtITdkDJxW,https://instagram.fhan4-6.fna.fbcdn.net/v/t51.2885-19/467003866_1233221431291689_9210555446022741794_n.jpg?stp=dst-jpg_s150x150_tt6&efg=eyJ2ZW5jb2RlX3RhZyI6InByb2ZpbGVfcGljLmRqYW5nby4xMDgwLmMyIn0&_nc_ht=instagram.fhan4-6.fna.fbcdn.net&_nc_cat=109&_nc_oc=Q6cZ2QGsm5UbNDMQmSt9AzJ3_dBv9JM95S2lHBW8wtFDDIQ4dl7nNuKp48cdelwkmDR0FCc&_nc_ohc=BYFu-cSlNi8Q7kNvwEjX-vk&_nc_gid=Uhleg2Cvcoj03OBjiLI16w&edm=AJhczIQBAAAA&ccb=7-5&oh=00_AfpLke5VXXv3owvYeKM_SK5BhBfsmkiMl62C0tDIrAzIjQ&oe=696B7623&_nc_sid=4a2096,18,0,16,0,0,['https://instagram.fhan3-4.fna.fbcdn.net/v/t51.2885-15/549705061_17908682721231472_6984634661765118779_n.jpg?stp=cp6_dst-jpg_e35_tt6&efg=eyJ2ZW5jb2RlX3RhZyI6InRocmVhZHMuRkVFRC5pbWFnZV91cmxnZW4uODUyeDk0NC5zZHIuZjgyNzg3LmRlZmF1bHRfaW1hZ2UuYzIifQ&_nc_ht=instagram.fhan3-4.fna.fbcdn.net&_nc_cat=104&_nc_oc=Q6cZ2QGsm5UbNDMQmSt9AzJ3_dBv9JM95S2lHBW8wtFDDIQ4dl7nNuKp48cdelwkmDR0FCc&_nc_ohc=G2-R8CpxuCQQ7kNvwF0KanH&_nc_gid=Uhleg2Cvcoj03OBjiLI16w&edm=AJhczIQBAAAA&ccb=7-5&ig_cache_key=MzcyMzY2ODk4ODY5MDczNDE2Ng%3D%3D.3-ccb7-5&oh=00_AfqgrC1Yg_507DqeohJP9jb2RoweeEqF5hG7tCfQdSyL_w&oe=696BA37D&_nc_sid=4a2096'],,https://www.threads.net/@stlmkh/post/DOtITdkDJxW,[],"{'likes': 16, 'reposts': 0, 'quotes': 0}",threads,3723668988690734166,Alexander Stelmakh,,"The European Union is a wonderful place where, thanks to the free market, you can fly to another country for €20 — yet you have to pay €30–40 for a taxi ride to the airport, because local socialist politicians prefer to side with their comrades in the taxi unions and crush free-market competition from Uber, Bolt, or Cabify.`

And now in Barcelona too.",threads,66816807471,stlmkh
[],2026-01-13T10:18:58.855195+07:00,"He keeps saying ""he thinks "" whilst totally going against 17.4 million people voted to leave European Union.  Traitors.. one person decides against the people voted to leave.",2026-01-05T19:02:01+07:00,,3803348727668106883,threads,threads.com,threads_crawler_v1,https://www.threads.net/@mick_thornton_/post/DTINYRNl2aD,https://instagram.fhan4-5.fna.fbcdn.net/v/t51.2885-19/503398813_18483429535067810_7028218643795029790_n.jpg?stp=dst-jpg_s150x150_tt6&efg=eyJ2ZW5jb2RlX3RhZyI6InByb2ZpbGVfcGljLmRqYW5nby4yMDAuYzIifQ&_nc_ht=instagram.fhan4-5.fna.fbcdn.net&_nc_cat=102&_nc_oc=Q6cZ2QGsm5UbNDMQmSt9AzJ3_dBv9JM95S2lHBW8wtFDDIQ4dl7nNuKp48cdelwkmDR0FCc&_nc_ohc=CdfeJ-EfyuwQ7kNvwGpPDle&_nc_gid=Uhleg2Cvcoj03OBjiLI16w&edm=AJhczIQBAAAA&ccb=7-5&oh=00_AfoliBIvnfUERG1zFrzKRl0FliUAk3iOo3GtcjDmw6YXKA&oe=696B8ABF&_nc_sid=4a2096,50,0,29,4,0,[],,https://www.threads.net/@mick_thornton_/post/DTINYRNl2aD,[],"{'likes': 29, 'reposts': 4, 'quotes': 0}",threads,3803348727668106883,Mick Thornton,,"He keeps saying ""he thinks "" whilst totally going against 17.4 million people voted to leave European Union.  Traitors.. one person decides against the people voted to leave.",threads,74841269048,mick_thornton_
[],2026-01-13T10:18:58.855236+07:00,"The European Union (EU) is seriously considering selling all of its United States Treasury Bonds ever since the release of the updated National Strategic Strategy which focuses on ""America First"" priorities.  This would sink the American Economy and the United States as we know it would no longer exist.  This is a brilliant strategy on the EU part because Trump only knows dollars and cents and he can't imagine the true value of a western hemisphere at peace.",2025-12-18T20:04:13+07:00,,3790334068224016021,threads,threads.com,threads_crawler_v1,https://www.threads.net/@armenian_archangel/post/DSZ-MDEjb6V,https://instagram.fhan3-2.fna.fbcdn.net/v/t51.2885-19/523948520_18102992266560967_5118977224111288528_n.jpg?stp=dst-jpg_s150x150_tt6&efg=eyJ2ZW5jb2RlX3RhZyI6InByb2ZpbGVfcGljLmRqYW5nby4xMDgwLmMyIn0&_nc_ht=instagram.fhan3-2.fna.fbcdn.net&_nc_cat=107&_nc_oc=Q6cZ2QGsm5UbNDMQmSt9AzJ3_dBv9JM95S2lHBW8wtFDDIQ4dl7nNuKp48cdelwkmDR0FCc&_nc_ohc=PKa_Ncqo6tkQ7kNvwEZHEXG&_nc_gid=Uhleg2Cvcoj03OBjiLI16w&edm=AJhczIQBAAAA&ccb=7-5&oh=00_AfqDnSBVjPO3I6CCJxLE1w6oVZfEJirNicfYcwx7Oyc3fQ&oe=696B9C0B&_nc_sid=4a2096,140,0,433,56,0,[],,https://www.threads.net/@armenian_archangel/post/DSZ-MDEjb6V,[],"{'likes': 433, 'reposts': 52, 'quotes': 4}",threads,3790334068224016021,Michael J. Yeksigian,,"The European Union (EU) is seriously considering selling all of its United States Treasury Bonds ever since the release of the updated National Strategic Strategy which focuses on ""America First"" priorities.  This would sink the American Economy and the United States as we know it would no longer exist.  This is a brilliant strategy on the EU part because Trump only knows dollars and cents and he can't imagine the true value of a western hemisphere at peace.",threads,76205316631,armenian_archangel
[],2026-01-13T10:18:58.855275+07:00,JUST IN: 🇺🇸🇪🇺 President Trump recommends 50% tariff on the European Union starting June 1st.,2025-05-23T18:47:43+07:00,,3638817407166012836,threads,threads.com,threads_crawler_v1,https://www.threads.net/@watcher.guru/post/DJ_rScMo12k,https://instagram.fhan3-3.fna.fbcdn.net/v/t51.2885-19/305581379_905634673730081_7458008877952798293_n.jpg?stp=dst-jpg_s150x150_tt6&efg=eyJ2ZW5jb2RlX3RhZyI6InByb2ZpbGVfcGljLmRqYW5nby4xMDgwLmMyIn0&_nc_ht=instagram.fhan3-3.fna.fbcdn.net&_nc_cat=1&_nc_oc=Q6cZ2QGsm5UbNDMQmSt9AzJ3_dBv9JM95S2lHBW8wtFDDIQ4dl7nNuKp48cdelwkmDR0FCc&_nc_ohc=ReHE_IwY5roQ7kNvwGU6_0B&_nc_gid=Uhleg2Cvcoj03OBjiLI16w&edm=AJhczIQBAAAA&ccb=7-5&oh=00_AfrRYJzgcQZ9Ib9fkjxNoQlCQlHALY_N29uAYW1_mmNG5A&oe=696B93B4&_nc_sid=4a2096,17,0,242,7,0,[],,https://www.threads.net/@watcher.guru/post/DJ_rScMo12k,[],"{'likes': 242, 'reposts': 5, 'quotes': 2}",threads,3638817407166012836,Watcher Guru,,JUST IN: 🇺🇸🇪🇺 President Trump recommends 50% tariff on the European Union starting June 1st.,threads,63441805699,watcher.guru
[],2026-01-13T10:18:58.855307+07:00,What in the European Union was again this UX nightmare of not being able to open Google Maps directly from Google Search?,2025-06-09T16:48:32+07:00,,3651078638807466964,threads,threads.com,threads_crawler_v1,https://www.threads.net/@mariluukkainen/post/DKrPK2BIsPU,https://instagram.fhan3-4.fna.fbcdn.net/v/t51.2885-19/472217832_956498695869820_3673156633367789784_n.jpg?stp=dst-jpg_s150x150_tt6&efg=eyJ2ZW5jb2RlX3RhZyI6InByb2ZpbGVfcGljLmRqYW5nby43MTQuYzIifQ&_nc_ht=instagram.fhan3-4.fna.fbcdn.net&_nc_cat=104&_nc_oc=Q6cZ2QGsm5UbNDMQmSt9AzJ3_dBv9JM95S2lHBW8wtFDDIQ4dl7nNuKp48cdelwkmDR0FCc&_nc_ohc=NMl2fdT2nWMQ7kNvwE_JfUc&_nc_gid=Uhleg2Cvcoj03OBjiLI16w&edm=AJhczIQBAAAA&ccb=7-5&oh=00_AfoNk5Cdq4h1HKbpDrZ7yZF4yHTnHgGoWl5n2ldq1qoMSg&oe=696BA113&_nc_sid=4a2096,16,0,141,3,0,[],,https://www.threads.net/@mariluukkainen/post/DKrPK2BIsPU,[],"{'likes': 141, 'reposts': 2, 'quotes': 1}",threads,3651078638807466964,Mari Luukkainen,,What in the European Union was again this UX nightmare of not being able to open Google Maps directly from Google Search?,threads,63866221014,mariluukkainen
[],2026-01-13T10:18:58.855353+07:00,"""The European Union is one of the greatest inventions of modern man,"" said Thomas Friedman.

""They are a wingman in the world. We are the blessed generation that lives in a world of two United States, not just one: a United States of Europe and a United States of America.""",2026-01-03T08:13:02+07:00,,3801572063014656974,threads,threads.com,threads_crawler_v1,https://www.threads.net/@washingtonweekpbs/post/DTB5aZUCZvO,https://instagram.fhan4-3.fna.fbcdn.net/v/t51.2885-19/367366620_334641238910892_392845185477048742_n.jpg?stp=dst-jpg_s150x150_tt6&efg=eyJ2ZW5jb2RlX3RhZyI6InByb2ZpbGVfcGljLmRqYW5nby4xMDgwLmMyIn0&_nc_ht=instagram.fhan4-3.fna.fbcdn.net&_nc_cat=100&_nc_oc=Q6cZ2QGsm5UbNDMQmSt9AzJ3_dBv9JM95S2lHBW8wtFDDIQ4dl7nNuKp48cdelwkmDR0FCc&_nc_ohc=6o31LAKGXawQ7kNvwEveiQQ&_nc_gid=Uhleg2Cvcoj03OBjiLI16w&edm=AJhczIQBAAAA&ccb=7-5&oh=00_AfopUlyJaEJv6B9GQh3078x_YWrz9rOe8mqjoCpU_3byZw&oe=696B82B1&_nc_sid=4a2096,69,0,1120,131,0,"['https://instagram.fhan4-3.fna.fbcdn.net/v/t51.2885-15/609336892_1214605983965278_4089424412187351450_n.jpg?stp=dst-jpg_e15_tt6&efg=eyJ2ZW5jb2RlX3RhZyI6InRocmVhZHMuRkVFRC5pbWFnZV91cmxnZW4uNjQweDM2MC5zZHIuZjcxODc4LmRlZmF1bHRfY292ZXJfZnJhbWUuYzIifQ&_nc_ht=instagram.fhan4-3.fna.fbcdn.net&_nc_cat=110&_nc_oc=Q6cZ2QGsm5UbNDMQmSt9AzJ3_dBv9JM95S2lHBW8wtFDDIQ4dl7nNuKp48cdelwkmDR0FCc&_nc_ohc=FHYpXBSIsFAQ7kNvwECO8bh&_nc_gid=Uhleg2Cvcoj03OBjiLI16w&edm=AJhczIQBAAAA&ccb=7-5&ig_cache_key=MzgwMTU3MjA2MzAxNDY1Njk3NA%3D%3D.3-ccb7-5&oh=00_AfpFiCvv0Dj4CdQ_8vkNwgkSunV98E1R2Uurne6W7XlUFQ&oe=696B97D3&_nc_sid=4a2096', 'https://instagram.fhan3-2.fna.fbcdn.net/o1/v/t16/f2/m84/AQNQNGOIEZ53B9UOwGwSgX8GOhUNXMvq5jC9CwV-vxq6zXY1zC6Inktsej2KLY17_JYSVk96WDa0GgqROjoJ1diOSS2s0GS94ii05Tg.mp4?_nc_cat=107&_nc_oc=AdkVLnbjyIWX6qsFB-EJxq19AHCFxsjFsMg8GBYLrWChnxLixBRekw7kVNmvMhAgwjA&_nc_sid=5e9851&_nc_ht=instagram.fhan3-2.fna.fbcdn.net&_nc_ohc=GhizJCvZVYMQ7kNvwED550y&efg=eyJ2ZW5jb2RlX3RhZyI6Inhwdl9wcm9ncmVzc2l2ZS5JTlNUQUdSQU0uRkVFRC5DMy4xMjgwLmRhc2hfYmFzZWxpbmVfMV92MSIsInhwdl9hc3NldF9pZCI6MTIwOTE0NTU1Nzk1MDkxMywiYXNzZXRfYWdlX2RheXMiOjEwLCJ2aV91c2VjYXNlX2lkIjoxMDE2NCwiZHVyYXRpb25fcyI6NzAsInVybGdlbl9zb3VyY2UiOiJ3d3cifQ%3D%3D&ccb=17-1&_nc_gid=Uhleg2Cvcoj03OBjiLI16w&_nc_zt=28&vs=608a7fee884a3ce2&_nc_vs=HBksFQIYTGlnX2JhY2tmaWxsX3RpbWVsaW5lX3ZvZC84NzQ4QjQ5RTBBM0FENEM3NjI1MkI5NUZGMDc4ODM4Nl92aWRlb19kYXNoaW5pdC5tcDQVAALIARIAFQIYOnBhc3N0aHJvdWdoX2V2ZXJzdG9yZS9HQ0RMT2lRdG04T3BJU1lEQUw2UGRxWExldEZfYnNwVEFRQUYVAgLIARIAKAAYABsCiAd1c2Vfb2lsATEScHJvZ3Jlc3NpdmVfcmVjaXBlATEVAAAmgoe1t8TtpQQVAigCQzMsF0BRhrhR64UfGBJkYXNoX2Jhc2VsaW5lXzFfdjERAHXqB2XongEA&oh=00_AfoLqwXmzHsfJlJcwbdBGPB6fMaMqgcIyj36bnbbFMMusw&oe=69678569']",,https://www.threads.net/@washingtonweekpbs/post/DTB5aZUCZvO,[],"{'likes': 1120, 'reposts': 118, 'quotes': 13}",threads,3801572063014656974,Washington Week with The Atlantic,,"""The European Union is one of the greatest inventions of modern man,"" said Thomas Friedman.

""They are a wingman in the world. We are the blessed generation that lives in a world of two United States, not just one: a United States of Europe and a United States of America.""",threads,63256304361,washingtonweekpbs
