categories,collectDate,content,createDate,description,docId,docType,domain,fromCrawler,link,logoLink,numComments,numDislikes,numLikes,numShares,numViews,pictures,postId,postLink,provinces,reactions,source,sourceId,sourceName,tags,title,type,userId,userName
[],2026-01-10T10:29:31.922441+07:00,JUST IN🚨: Ukraine’s Security Service says Russia’s hypersonic Oreshnik missile strike on Lviv targeted civilian infrastructure and is being treated as a war crime.,2026-01-09T19:22:39+07:00,,3806258213507893245,threads,threads.com,threads_crawler_v1,https://www.threads.net/@dnnposts/post/DTSi63DjQf9,https://instagram.fhan3-3.fna.fbcdn.net/v/t51.2885-19/470689291_882102614093204_5793133865832075153_n.jpg?stp=dst-jpg_s150x150_tt6&efg=eyJ2ZW5jb2RlX3RhZyI6InByb2ZpbGVfcGljLmRqYW5nby4xMDAwLmMyIn0&_nc_ht=instagram.fhan3-3.fna.fbcdn.net&_nc_cat=1&_nc_oc=Q6cZ2QHarq_pdLL0rvzLQkZ20Fqk4vxM1VBF4qRtvRMC90fcP5Imgp8u4RwGMgOY_PknPtw&_nc_ohc=k8TtgX8-13YQ7kNvwETUn2i&_nc_gid=_KufxzkJHgIt_gANFHHxow&edm=AJhczIQBAAAA&ccb=7-5&oh=00_AfqzfM7hVOlIc9CguVjOqafxbdRQCz9O2AZpzoLediTUGg&oe=696791E0&_nc_sid=4a2096,308,0,2676,282,0,['https://instagram.fhan3-3.fna.fbcdn.net/v/t51.2885-15/612565898_17902356174350726_7412240431861872379_n.webp?efg=eyJ2ZW5jb2RlX3RhZyI6InRocmVhZHMuRkVFRC5pbWFnZV91cmxnZW4uMTIwMHg4MDAuc2RyLmY4Mjc4Ny5kZWZhdWx0X2ltYWdlLmMyIn0&_nc_ht=instagram.fhan3-3.fna.fbcdn.net&_nc_cat=1&_nc_oc=Q6cZ2QHarq_pdLL0rvzLQkZ20Fqk4vxM1VBF4qRtvRMC90fcP5Imgp8u4RwGMgOY_PknPtw&_nc_ohc=etA_2pI4mYUQ7kNvwEnRm3a&_nc_gid=_KufxzkJHgIt_gANFHHxow&edm=AJhczIQBAAAA&ccb=7-5&ig_cache_key=MzgwNjI1ODIxMzUwNzg5MzI0NQ%3D%3D.3-ccb7-5&oh=00_AfoPUxVhHQTJ6_F-_yHHa-BpjluW1s0QNib5AexfzZNU7g&oe=696799BA&_nc_sid=4a2096'],,https://www.threads.net/@dnnposts/post/DTSi63DjQf9,[],"{'likes': 2676, 'reposts': 273, 'quotes': 9}",threads,3806258213507893245,DNN POSTS,,JUST IN🚨: Ukraine’s Security Service says Russia’s hypersonic Oreshnik missile strike on Lviv targeted civilian infrastructure and is being treated as a war crime.,threads,70505718725,dnnposts
[],2026-01-10T10:29:31.922551+07:00,"Overnight, Ukraine endured one of the most massive Russian attacks in recent months, involving ballistic and cruise missiles, hundreds of Shahed drones, and glide bombs.

Russia used an Oreshnik ballistic missile to strike an infrastructure facility in Lviv. In Kyiv, four people have been reported killed and 24  hospitalised. A first-responder medic was killed in a deliberate “double-tap” attack: as rescue teams arrived at the scene, the site was struck again by another missile.

Utter evil.",2026-01-09T14:52:31+07:00,,3806122254716229944,threads,threads.com,threads_crawler_v1,https://www.threads.net/@vasyl_myroshnychenko/post/DTSEAZkEdk4,https://instagram.fhan4-3.fna.fbcdn.net/v/t51.2885-19/360059043_2495527180610316_3794360590296975044_n.jpg?stp=dst-jpg_s150x150_tt6&efg=eyJ2ZW5jb2RlX3RhZyI6InByb2ZpbGVfcGljLmRqYW5nby4xMDgwLmMyIn0&_nc_ht=instagram.fhan4-3.fna.fbcdn.net&_nc_cat=100&_nc_oc=Q6cZ2QHarq_pdLL0rvzLQkZ20Fqk4vxM1VBF4qRtvRMC90fcP5Imgp8u4RwGMgOY_PknPtw&_nc_ohc=4XpeT_xs7HsQ7kNvwGGdTRj&_nc_gid=_KufxzkJHgIt_gANFHHxow&edm=AJhczIQBAAAA&ccb=7-5&oh=00_AfqqW8bJpvPKwYBotSFhbjNMAYkPmmHyOpPUIpqOmXav6w&oe=69678648&_nc_sid=4a2096,3,0,50,13,0,[],,https://www.threads.net/@vasyl_myroshnychenko/post/DTSEAZkEdk4,[],"{'likes': 50, 'reposts': 13, 'quotes': 0}",threads,3806122254716229944,Vasyl Myroshnychenko,,"Overnight, Ukraine endured one of the most massive Russian attacks in recent months, involving ballistic and cruise missiles, hundreds of Shahed drones, and glide bombs.

Russia used an Oreshnik ballistic missile to strike an infrastructure facility in Lviv. In Kyiv, four people have been reported killed and 24  hospitalised. A first-responder medic was killed in a deliberate “double-tap” attack: as rescue teams arrived at the scene, the site was struck again by another missile.

Utter evil.",threads,63390214447,vasyl_myroshnychenko
[],2026-01-10T10:29:31.922593+07:00,"One of the most massive Russian attacks on Kyiv.

Russia carried out continuous strikes overnight using ballistic and cruise missiles as well as drones, deliberately targeting civilian and critical infrastructure.

40 sites were damaged in Kyiv, including 20 residential buildings.

Russia also attacked Lviv, Kyiv region, Kirovohrad region, and Cherkasy region.

Four people were killed, including an ambulance worker. Dozens more were injured.",2026-01-09T16:03:29+07:00,,3806157971026449342,threads,threads.com,threads_crawler_v1,https://www.threads.net/@anton_gerashchenko_en/post/DTSMII-DZO-,https://instagram.fhan3-3.fna.fbcdn.net/v/t51.2885-19/490063867_1116415697168881_8966867458472463914_n.jpg?stp=dst-jpg_s150x150_tt6&efg=eyJ2ZW5jb2RlX3RhZyI6InByb2ZpbGVfcGljLmRqYW5nby44MjYuYzIifQ&_nc_ht=instagram.fhan3-3.fna.fbcdn.net&_nc_cat=101&_nc_oc=Q6cZ2QHarq_pdLL0rvzLQkZ20Fqk4vxM1VBF4qRtvRMC90fcP5Imgp8u4RwGMgOY_PknPtw&_nc_ohc=MNLGX6HvQ0AQ7kNvwEFxmrg&_nc_gid=_KufxzkJHgIt_gANFHHxow&edm=AJhczIQBAAAA&ccb=7-5&oh=00_Afo3Oh3UPnzpB6ee8Bu-l9p6M_8SdOAS6X9XZ1KGZrkRpw&oe=696781F0&_nc_sid=4a2096,11,0,108,29,0,['https://instagram.fhan4-5.fna.fbcdn.net/v/t51.2885-15/612483070_4320546468185150_5544921938110459553_n.jpg?stp=dst-jpg_e15_tt6&efg=eyJ2ZW5jb2RlX3RhZyI6InRocmVhZHMuQ0FST1VTRUxfSVRFTS5pbWFnZV91cmxnZW4uNjQweDM2Mi5zZHIuZjcxODc4LmRlZmF1bHRfY292ZXJfZnJhbWUuYzIifQ&_nc_ht=instagram.fhan4-5.fna.fbcdn.net&_nc_cat=102&_nc_oc=Q6cZ2QHarq_pdLL0rvzLQkZ20Fqk4vxM1VBF4qRtvRMC90fcP5Imgp8u4RwGMgOY_PknPtw&_nc_ohc=WWDcoBplaNUQ7kNvwGxqMS5&_nc_gid=_KufxzkJHgIt_gANFHHxow&edm=AJhczIQBAAAA&ccb=7-5&ig_cache_key=MzgwNjE1NzgwODg5OTc5MTM4Ng%3D%3D.3-ccb7-5&oh=00_AfrKSIBRwXu56SztT2yKIXIO1djfxFLes5xcNZMWtNi1Aw&oe=696786E9&_nc_sid=4a2096'],,https://www.threads.net/@anton_gerashchenko_en/post/DTSMII-DZO-,[],"{'likes': 108, 'reposts': 26, 'quotes': 3}",threads,3806157971026449342,,,"One of the most massive Russian attacks on Kyiv.

Russia carried out continuous strikes overnight using ballistic and cruise missiles as well as drones, deliberately targeting civilian and critical infrastructure.

40 sites were damaged in Kyiv, including 20 residential buildings.

Russia also attacked Lviv, Kyiv region, Kirovohrad region, and Cherkasy region.

Four people were killed, including an ambulance worker. Dozens more were injured.",threads,73593099383,anton_gerashchenko_en
[],2026-01-10T10:29:31.922633+07:00,"Russia is going to use Oreshnik Missiles, Ukraine and it's Allies will find out soon

This is how Oreshnik fly",2025-06-02T01:02:01+07:00,,3645528410672331735,threads,threads.com,threads_crawler_v1,https://www.threads.net/@moinrehman07/post/DKXhMZQt_vX,https://instagram.fhan3-4.fna.fbcdn.net/v/t51.2885-19/509649054_17901641667203212_1068468338456602182_n.jpg?stp=dst-jpg_s150x150_tt6&efg=eyJ2ZW5jb2RlX3RhZyI6InByb2ZpbGVfcGljLmRqYW5nby4xMDgwLmMyIn0&_nc_ht=instagram.fhan3-4.fna.fbcdn.net&_nc_cat=104&_nc_oc=Q6cZ2QHarq_pdLL0rvzLQkZ20Fqk4vxM1VBF4qRtvRMC90fcP5Imgp8u4RwGMgOY_PknPtw&_nc_ohc=TqATm5UhzUkQ7kNvwHXzsY7&_nc_gid=_KufxzkJHgIt_gANFHHxow&edm=AJhczIQBAAAA&ccb=7-5&oh=00_AfrmWft11mHE4Gkwjo_eKCCM4zJjM7jNfwhf-ldvOVissg&oe=69678956&_nc_sid=4a2096,314,0,1502,48,0,"['https://instagram.fhan3-4.fna.fbcdn.net/v/t51.2885-15/503107026_17899543620203212_5194093644004916285_n.jpg?stp=dst-jpg_e15_tt6&efg=eyJ2ZW5jb2RlX3RhZyI6InRocmVhZHMuRkVFRC5pbWFnZV91cmxnZW4uNTc2eDEwMjguc2RyLmY3NTc2MS5kZWZhdWx0X2NvdmVyX2ZyYW1lLmMyIn0&_nc_ht=instagram.fhan3-4.fna.fbcdn.net&_nc_cat=104&_nc_oc=Q6cZ2QHarq_pdLL0rvzLQkZ20Fqk4vxM1VBF4qRtvRMC90fcP5Imgp8u4RwGMgOY_PknPtw&_nc_ohc=Rhpjm6sRNEAQ7kNvwHoV4L9&_nc_gid=_KufxzkJHgIt_gANFHHxow&edm=AJhczIQBAAAA&ccb=7-5&ig_cache_key=MzY0NTUyODQxMDY3MjMzMTczNQ%3D%3D.3-ccb7-5&oh=00_AfqcQVsnZvsjtsCeASIOjF2f9Lua8NzWg41QC6Lk4Ti0Bw&oe=6967ABA1&_nc_sid=4a2096', 'https://instagram.fhan4-6.fna.fbcdn.net/o1/v/t16/f2/m69/AQO8qwhpnNvzJvYOPC8WmJlwbQ7ENqIpczq10z-_NxuXETEa9_qfXDM4ffbXfMzOMIbDToLTXvnvJLAHupgduuXH.mp4?strext=1&_nc_cat=109&_nc_oc=AdkMCg41EJwBqyjebVVP61ylwB7_siEZ6zk7J6fk1t2AfE03nxiKXB3aD8MNcAHrnaY&_nc_sid=8bf8fe&_nc_ht=instagram.fhan4-6.fna.fbcdn.net&_nc_ohc=Z9MAOMvwmukQ7kNvwGmPZ1k&efg=eyJ2ZW5jb2RlX3RhZyI6Inhwdl9wcm9ncmVzc2l2ZS5JTlNUQUdSQU0uRkVFRC5DMy41NzYucHJvZ3Jlc3NpdmVfaDI2NC1iYXNpYy1nZW4yXzcyMHAiLCJ4cHZfYXNzZXRfaWQiOjE5MTgzMzI5MjU2NDM5MzksImFzc2V0X2FnZV9kYXlzIjoyMjIsInZpX3VzZWNhc2VfaWQiOjEwMTY0LCJkdXJhdGlvbl9zIjoxOSwidXJsZ2VuX3NvdXJjZSI6Ind3dyJ9&ccb=17-1&_nc_gid=_KufxzkJHgIt_gANFHHxow&_nc_zt=28&oh=00_AfpBvbakivgH9Icidl8DQFf5TM3baPJkb6Ywqr_RLwhEpg&oe=69678557']",,https://www.threads.net/@moinrehman07/post/DKXhMZQt_vX,[],"{'likes': 1502, 'reposts': 41, 'quotes': 7}",threads,3645528410672331735,Moin Rehman,,"Russia is going to use Oreshnik Missiles, Ukraine and it's Allies will find out soon

This is how Oreshnik fly",threads,66186387211,moinrehman07
[],2026-01-10T10:29:31.922668+07:00,Pray for this man.  He's already handling 2 of the most intricate and administratively difficult positions in the world under one of the most difficult leaders of the world; and yet he will be asked to be the Cuban missile to Venezuela and eventually Cuba itself.  He has my vote in 2028.,2026-01-04T06:26:34+07:00,,3802243714950062201,threads,threads.com,threads_crawler_v1,https://www.threads.net/@wedocbdwellness/post/DTESIN7D2B5,https://instagram.fhan3-2.fna.fbcdn.net/v/t51.2885-19/515206699_18128992009445527_6968622903057094634_n.jpg?stp=dst-jpg_s150x150_tt6&efg=eyJ2ZW5jb2RlX3RhZyI6InByb2ZpbGVfcGljLmRqYW5nby45NTIuYzIifQ&_nc_ht=instagram.fhan3-2.fna.fbcdn.net&_nc_cat=107&_nc_oc=Q6cZ2QHarq_pdLL0rvzLQkZ20Fqk4vxM1VBF4qRtvRMC90fcP5Imgp8u4RwGMgOY_PknPtw&_nc_ohc=C7XzIL0dYZMQ7kNvwEEqqin&_nc_gid=_KufxzkJHgIt_gANFHHxow&edm=AJhczIQBAAAA&ccb=7-5&oh=00_Afr4rhqW4heT-Mqa-29ksXhTbJydbe4hWzGjcxWKUB0W4g&oe=6967B0B6&_nc_sid=4a2096,1823,0,6369,125,0,['https://instagram.fhan3-4.fna.fbcdn.net/v/t39.30808-6/607465401_10241076275826376_1290094448673782062_n.jpg?stp=dst-jpg_e35_tt6&efg=eyJ2ZW5jb2RlX3RhZyI6InRocmVhZHMuRkVFRC5pbWFnZV91cmxnZW4uNjUzeDk4MC5zZHIuZjMwODA4LmRlZmF1bHRfaW1hZ2UuYzIifQ&_nc_ht=instagram.fhan3-4.fna.fbcdn.net&_nc_cat=104&_nc_oc=Q6cZ2QHarq_pdLL0rvzLQkZ20Fqk4vxM1VBF4qRtvRMC90fcP5Imgp8u4RwGMgOY_PknPtw&_nc_ohc=XScsAgaQsQcQ7kNvwHr5jqQ&_nc_gid=_KufxzkJHgIt_gANFHHxow&edm=AJhczIQAAAAA&ccb=7-5&ig_cache_key=MzgwMjI0MzcxNDk1MDA2MjIwMQ%3D%3D.3-ccb7-5&oh=00_AfpoC0CjI514KQI7fSnZwr5riZFQRfvtYjbSWhzqMJy4cA&oe=6967B119&_nc_sid=4a2096'],,https://www.threads.net/@wedocbdwellness/post/DTESIN7D2B5,[],"{'likes': 6369, 'reposts': 117, 'quotes': 8}",threads,3802243714950062201,Cheryl Melody Grove,,Pray for this man.  He's already handling 2 of the most intricate and administratively difficult positions in the world under one of the most difficult leaders of the world; and yet he will be asked to be the Cuban missile to Venezuela and eventually Cuba itself.  He has my vote in 2028.,threads,75499492456,wedocbdwellness
[],2026-01-10T10:29:31.922700+07:00,"I am 88 years old. I have lived through the Cuban Missile Crisis, the JFK assassination, the Vietnam War, the Turmoil of 1968, Watergate, the Hostage Crisis, two oil crisis, disco, Reaganomics, 9/11. The covid pandemic...

These past 11 months have been easily the most miserable era in America in my lifetime. The hatred, the bigotry, the lies, the racketeering and pedophilia are beyond anything I have ever seen.",2025-12-21T01:11:24+07:00,,3791938229911155134,threads,threads.com,threads_crawler_v1,https://www.threads.net/@donweinstein/post/DSfq7rEE_G-,https://instagram.fhan4-5.fna.fbcdn.net/v/t51.2885-19/357801800_964228861576803_6825618219704199650_n.jpg?stp=dst-jpg_s150x150_tt6&efg=eyJ2ZW5jb2RlX3RhZyI6InByb2ZpbGVfcGljLmRqYW5nby4xNTAuYzIifQ&_nc_ht=instagram.fhan4-5.fna.fbcdn.net&_nc_cat=103&_nc_oc=Q6cZ2QHarq_pdLL0rvzLQkZ20Fqk4vxM1VBF4qRtvRMC90fcP5Imgp8u4RwGMgOY_PknPtw&_nc_ohc=-Zu65451gkEQ7kNvwElQeIK&_nc_gid=_KufxzkJHgIt_gANFHHxow&edm=AJhczIQBAAAA&ccb=7-5&oh=00_AfqTaoazvGdb4AFlMFkqEU8lsfwSjx6Mqqnk6qsJv5f5HA&oe=6967A8CB&_nc_sid=4a2096,1505,0,30573,1944,0,[],,https://www.threads.net/@donweinstein/post/DSfq7rEE_G-,[],"{'likes': 30573, 'reposts': 1867, 'quotes': 77}",threads,3791938229911155134,Don Weinstein,,"I am 88 years old. I have lived through the Cuban Missile Crisis, the JFK assassination, the Vietnam War, the Turmoil of 1968, Watergate, the Hostage Crisis, two oil crisis, disco, Reaganomics, 9/11. The covid pandemic...

These past 11 months have been easily the most miserable era in America in my lifetime. The hatred, the bigotry, the lies, the racketeering and pedophilia are beyond anything I have ever seen.",threads,63428654416,donweinstein
[],2026-01-10T10:29:31.922729+07:00,"Global tensions are rising fast 🌍
From missile launches to military strikes, the world is witnessing a major geopolitical shift.
Stay informed. Stay alert.

What do you think will happen next?

#BreakingNews #WorldNews #GlobalTensions #Geopolitics #internationalrelations",2026-01-05T09:27:42+07:00,,3803059661344755958,threads,threads.com,threads_crawler_v1,https://www.threads.net/@the.financial.info/post/DTHLpzOElD2,https://instagram.fhan3-3.fna.fbcdn.net/v/t51.2885-19/563045984_17862413670492141_5974254754237380257_n.jpg?stp=dst-jpg_s150x150_tt6&efg=eyJ2ZW5jb2RlX3RhZyI6InByb2ZpbGVfcGljLmRqYW5nby40OTMuYzIifQ&_nc_ht=instagram.fhan3-3.fna.fbcdn.net&_nc_cat=1&_nc_oc=Q6cZ2QHarq_pdLL0rvzLQkZ20Fqk4vxM1VBF4qRtvRMC90fcP5Imgp8u4RwGMgOY_PknPtw&_nc_ohc=o-LZSZ2XOdkQ7kNvwE803z1&_nc_gid=_KufxzkJHgIt_gANFHHxow&edm=AJhczIQBAAAA&ccb=7-5&oh=00_Afq1aMiCB-6T_hvZ4KM51bchUw5D1vOzprhtUdK_CoZcpQ&oe=6967A57D&_nc_sid=4a2096,25,0,588,45,0,['https://instagram.fhan4-6.fna.fbcdn.net/v/t51.2885-15/591758522_17871869781492141_2299546001250563197_n.jpg?stp=dst-jpg_e35_tt6&efg=eyJ2ZW5jb2RlX3RhZyI6InRocmVhZHMuRkVFRC5pbWFnZV91cmxnZW4uMTQ0MHgxODAwLnNkci5mODI3ODcuZGVmYXVsdF9pbWFnZS5jMiJ9&_nc_ht=instagram.fhan4-6.fna.fbcdn.net&_nc_cat=109&_nc_oc=Q6cZ2QHarq_pdLL0rvzLQkZ20Fqk4vxM1VBF4qRtvRMC90fcP5Imgp8u4RwGMgOY_PknPtw&_nc_ohc=7I9Rc2MFa8QQ7kNvwGpMorv&_nc_gid=_KufxzkJHgIt_gANFHHxow&edm=AJhczIQBAAAA&ccb=7-5&ig_cache_key=MzgwMzA1OTY2MTM0NDc1NTk1OA%3D%3D.3-ccb7-5&oh=00_AfrzKoVRna6cE2WjnqroQa3D66gNvT9tU0JVLJYUSr2pKA&oe=696794B2&_nc_sid=4a2096'],,https://www.threads.net/@the.financial.info/post/DTHLpzOElD2,[],"{'likes': 588, 'reposts': 40, 'quotes': 5}",threads,3803059661344755958,Santosh | Finance,,"Global tensions are rising fast 🌍
From missile launches to military strikes, the world is witnessing a major geopolitical shift.
Stay informed. Stay alert.

What do you think will happen next?

#BreakingNews #WorldNews #GlobalTensions #Geopolitics #internationalrelations",threads,74825823128,the.financial.info
[],2026-01-10T10:29:31.922759+07:00,"I am 72 years old. I have lived through the Cuban Missile Crisis, the JFK assassination, the Vietnam War, the Turmoil of 1968, Watergate, the Hostage Crisis, two oil crises, disco, Reaganomics, the Oral Office, 9/11, Thanks Obama, Trump 45 and Cancer. These past 11 months have been easily the most miserable era in America in my lifetime. The hatred, the bigotry, the lies, the racketeering and pedophilia are beyond anything I have ever seen.
We are not going to hell as a nation.
We are IN hell.",2025-12-13T04:20:15+07:00,,3786235079606367760,threads,threads.com,threads_crawler_v1,https://www.threads.net/@fathero4hi/post/DSLaL6cD3YQ,https://instagram.fhan4-6.fna.fbcdn.net/v/t51.2885-19/587808718_17931727887136881_69152583905023914_n.jpg?stp=dst-jpg_s150x150_tt6&efg=eyJ2ZW5jb2RlX3RhZyI6InByb2ZpbGVfcGljLmRqYW5nby4xMDgwLmMyIn0&_nc_ht=instagram.fhan4-6.fna.fbcdn.net&_nc_cat=109&_nc_oc=Q6cZ2QHarq_pdLL0rvzLQkZ20Fqk4vxM1VBF4qRtvRMC90fcP5Imgp8u4RwGMgOY_PknPtw&_nc_ohc=t-WTY_MWkigQ7kNvwFfhYk3&_nc_gid=_KufxzkJHgIt_gANFHHxow&edm=AJhczIQBAAAA&ccb=7-5&oh=00_AfqldoaShOMd-5WXbBTV8kBDpFX1gAMxmsUcOTnsj5q6Lg&oe=69679A74&_nc_sid=4a2096,2746,0,31849,2227,0,[],,https://www.threads.net/@fathero4hi/post/DSLaL6cD3YQ,[],"{'likes': 31849, 'reposts': 2114, 'quotes': 113}",threads,3786235079606367760,Richard Kenney,Hell,"I am 72 years old. I have lived through the Cuban Missile Crisis, the JFK assassination, the Vietnam War, the Turmoil of 1968, Watergate, the Hostage Crisis, two oil crises, disco, Reaganomics, the Oral Office, 9/11, Thanks Obama, Trump 45 and Cancer. These past 11 months have been easily the most miserable era in America in my lifetime. The hatred, the bigotry, the lies, the racketeering and pedophilia are beyond anything I have ever seen.
We are not going to hell as a nation.
We are IN hell.",threads,64092264880,fathero4hi
[],2026-01-10T10:29:31.922787+07:00,"I've had a missile blow up next to my airplane, been shot at dozens of times by anti-aircraft fire, and launched into orbit — all for my country. I never thought I'd see a President call for my execution.

Trump doesn’t understand the Constitution, and we're all less safe for it.",2025-11-21T03:39:50+07:00,,3770269671665823454,threads,threads.com,threads_crawler_v1,https://www.threads.net/@captmarkkelly/post/DRSsEpnEe7e,https://instagram.fhan3-3.fna.fbcdn.net/v/t51.2885-19/478859370_18484568365043350_8532223280041616175_n.jpg?stp=dst-jpg_s150x150_tt6&efg=eyJ2ZW5jb2RlX3RhZyI6InByb2ZpbGVfcGljLmRqYW5nby4xMDAwLmMyIn0&_nc_ht=instagram.fhan3-3.fna.fbcdn.net&_nc_cat=1&_nc_oc=Q6cZ2QHarq_pdLL0rvzLQkZ20Fqk4vxM1VBF4qRtvRMC90fcP5Imgp8u4RwGMgOY_PknPtw&_nc_ohc=U6tcFYd13_AQ7kNvwHTjQUi&_nc_gid=_KufxzkJHgIt_gANFHHxow&edm=AJhczIQBAAAA&ccb=7-5&oh=00_Afp0W1qrKoyx0GJfn3ClTwSkgWO5EooP5NFv3IzCsXlbsg&oe=696793FA&_nc_sid=4a2096,2707,0,81314,7538,0,[],,https://www.threads.net/@captmarkkelly/post/DRSsEpnEe7e,[],"{'likes': 81314, 'reposts': 7343, 'quotes': 195}",threads,3770269671665823454,Captain Mark Kelly,,"I've had a missile blow up next to my airplane, been shot at dozens of times by anti-aircraft fire, and launched into orbit — all for my country. I never thought I'd see a President call for my execution.

Trump doesn’t understand the Constitution, and we're all less safe for it.",threads,72379770060,captmarkkelly
[],2026-01-10T10:29:31.922816+07:00,"BREAKING: Japan says North Korea has launched a ballistic missile. 

It appears as though North Korea is now resuming its missile testing program.",2026-01-04T06:00:47+07:00,,3802230746749461625,threads,threads.com,threads_crawler_v1,https://www.threads.net/@aaronparnas/post/DTEPLgWEeR5,https://instagram.fhan3-3.fna.fbcdn.net/v/t51.2885-19/363308494_227453469765682_4538736073011655090_n.jpg?stp=dst-jpg_s150x150_tt6&efg=eyJ2ZW5jb2RlX3RhZyI6InByb2ZpbGVfcGljLmRqYW5nby4xMDgwLmMyIn0&_nc_ht=instagram.fhan3-3.fna.fbcdn.net&_nc_cat=1&_nc_oc=Q6cZ2QHarq_pdLL0rvzLQkZ20Fqk4vxM1VBF4qRtvRMC90fcP5Imgp8u4RwGMgOY_PknPtw&_nc_ohc=wGkFwgQgORYQ7kNvwGDL3Ek&_nc_gid=_KufxzkJHgIt_gANFHHxow&edm=AJhczIQBAAAA&ccb=7-5&oh=00_AforqsflB5VrL4Ic82HlN5vp3IrYAwQFp_v8YjlI6iI4mw&oe=6967A23B&_nc_sid=4a2096,476,0,10002,843,0,[],,https://www.threads.net/@aaronparnas/post/DTEPLgWEeR5,[],"{'likes': 10002, 'reposts': 780, 'quotes': 63}",threads,3802230746749461625,Aaron Parnas,,"BREAKING: Japan says North Korea has launched a ballistic missile. 

It appears as though North Korea is now resuming its missile testing program.",threads,63265609167,aaronparnas
[],2026-01-10T10:29:31.922845+07:00,"KAMALA COULD NEVER!!!!!! SHE WOULD STILL BE ON HER KNEES OR LAUGHING! 

🚨 HOLY CRAP! This might just be the most EPIC Trump post of all time

Trump posted a video of Maduro CHALLENGING 47 to “come get me,” followed up by a screaming Bald Eagle & Thunderstruck blaring in the background during missile fire 🇺🇸🦅

Trump said “challenge accepted” 🤣🔥",2026-01-04T08:56:25+07:00,,3802319124828502773,threads,threads.com,threads_crawler_v1,https://www.threads.net/@cali.maga.barbie/post/DTEjRk2E7r1,https://instagram.fhan3-3.fna.fbcdn.net/v/t51.2885-19/552765484_18526985653026164_658143623522519715_n.jpg?stp=dst-jpg_s150x150_tt6&efg=eyJ2ZW5jb2RlX3RhZyI6InByb2ZpbGVfcGljLmRqYW5nby4xMDI0LmMyIn0&_nc_ht=instagram.fhan3-3.fna.fbcdn.net&_nc_cat=1&_nc_oc=Q6cZ2QHarq_pdLL0rvzLQkZ20Fqk4vxM1VBF4qRtvRMC90fcP5Imgp8u4RwGMgOY_PknPtw&_nc_ohc=71JtZz9QZPQQ7kNvwGQ5GjG&_nc_gid=_KufxzkJHgIt_gANFHHxow&edm=AJhczIQBAAAA&ccb=7-5&oh=00_Afp4W6KFzc_nWXgZuk8NLrFuStwK5EzhQC-GcS0Rd0UKMg&oe=69679DF7&_nc_sid=4a2096,78,0,2056,165,0,"['https://instagram.fhan4-5.fna.fbcdn.net/v/t51.2885-15/609917514_1649872482978878_5325694130906718789_n.jpg?stp=dst-jpg_e15_tt6&efg=eyJ2ZW5jb2RlX3RhZyI6InRocmVhZHMuRkVFRC5pbWFnZV91cmxnZW4uNjQweDExMzYuc2RyLmY3MTg3OC5kZWZhdWx0X2NvdmVyX2ZyYW1lLmMyIn0&_nc_ht=instagram.fhan4-5.fna.fbcdn.net&_nc_cat=102&_nc_oc=Q6cZ2QHarq_pdLL0rvzLQkZ20Fqk4vxM1VBF4qRtvRMC90fcP5Imgp8u4RwGMgOY_PknPtw&_nc_ohc=osKTOvjBOS8Q7kNvwEzE8og&_nc_gid=_KufxzkJHgIt_gANFHHxow&edm=AJhczIQBAAAA&ccb=7-5&ig_cache_key=MzgwMjMxOTEyNDgyODUwMjc3Mw%3D%3D.3-ccb7-5&oh=00_Afrbu2mNTblD1uzt3QSbGGrG0K0wPUI3rMjpN-UXldgxwg&oe=69678F4C&_nc_sid=4a2096', 'https://instagram.fhan4-3.fna.fbcdn.net/o1/v/t2/f2/m86/AQPNSKqQAVDQzzh2CcQl0LbvvSUGla1CEIfBdMRUZM-lR5sOTpXQAwzyncymY1JbR_3pWvAcgNif3lwrc_9eMQ4Tm7mTz1lXl66dqEE.mp4?_nc_cat=110&_nc_oc=AdmC_k5Zp4cOaRNMM8GQRFqlMXEP9Dm7rifHaUgr6A_VcsxSA9LD2fjZzgeuMzWCqoY&_nc_sid=5e9851&_nc_ht=instagram.fhan4-3.fna.fbcdn.net&_nc_ohc=rJPpx3XHA4IQ7kNvwHtca8E&efg=eyJ2ZW5jb2RlX3RhZyI6Inhwdl9wcm9ncmVzc2l2ZS5JTlNUQUdSQU0uRkVFRC5DMy43MjAuZGFzaF9iYXNlbGluZV8xX3YxIiwieHB2X2Fzc2V0X2lkIjoyMzI3MTIwNDIxMDQ5MTgzLCJhc3NldF9hZ2VfZGF5cyI6NiwidmlfdXNlY2FzZV9pZCI6MTA4MjcsImR1cmF0aW9uX3MiOjM5LCJ1cmxnZW5fc291cmNlIjoid3d3In0%3D&ccb=17-1&_nc_gid=_KufxzkJHgIt_gANFHHxow&_nc_zt=28&vs=555957a6c4c1a19&_nc_vs=HBksFQIYUmlnX3hwdl9yZWVsc19wZXJtYW5lbnRfc3JfcHJvZC81NzQzOEQyQTFBQzhFRUQ3OUUzNkI5NjJGOUREQTE5Ql92aWRlb19kYXNoaW5pdC5tcDQVAALIARIAFQIYOnBhc3N0aHJvdWdoX2V2ZXJzdG9yZS9HRVVHVFNSWlVxNFhJbE1GQUlDb194SjRtVEE1YnN0VEFRQUYVAgLIARIAKAAYABsCiAd1c2Vfb2lsATEScHJvZ3Jlc3NpdmVfcmVjaXBlATEVAAAmvs3eoJ6goggVAigCQzMsF0BDu6XjU_fPGBJkYXNoX2Jhc2VsaW5lXzFfdjERAHXqB2WWqQEA&oh=00_AfoOqnllqJIBJJXH3OsKWN4q8gVrGFMCkB-fnbAN3qE40g&oe=69639763']",,https://www.threads.net/@cali.maga.barbie/post/DTEjRk2E7r1,[],"{'likes': 2056, 'reposts': 151, 'quotes': 14}",threads,3802319124828502773,April Silverman - Political & Pop Culture Commentator 🇺🇸 🎙️,,"KAMALA COULD NEVER!!!!!! SHE WOULD STILL BE ON HER KNEES OR LAUGHING! 

🚨 HOLY CRAP! This might just be the most EPIC Trump post of all time

Trump posted a video of Maduro CHALLENGING 47 to “come get me,” followed up by a screaming Bald Eagle & Thunderstruck blaring in the background during missile fire 🇺🇸🦅

Trump said “challenge accepted” 🤣🔥",threads,75447815917,cali.maga.barbie
[],2026-01-10T10:29:31.922874+07:00,"watch the missile hit the budget office….

Unlock the Forbidden! 🚨
Join our Telegram channel for exclusive content you won’t find anywhere else:
📽️ Banned Documentaries
🎙️ Uncensored Interviews
🕵️ Hidden Truths & More
Don’t miss out—dare to know!

Truth is getting harder to find…
But not on RUMBLE 👁️
🎯 Follow us — link in bio",2025-11-24T22:06:35+07:00,,3773001022202637963,threads,threads.com,threads_crawler_v1,https://www.threads.net/@for_biddenknowledg/post/DRcZHCBku6L,https://instagram.fhan3-4.fna.fbcdn.net/v/t51.2885-19/465194648_1636913343527920_851448838414661133_n.jpg?stp=dst-jpg_s150x150_tt6&efg=eyJ2ZW5jb2RlX3RhZyI6InByb2ZpbGVfcGljLmRqYW5nby4xMDAwLmMyIn0&_nc_ht=instagram.fhan3-4.fna.fbcdn.net&_nc_cat=104&_nc_oc=Q6cZ2QHarq_pdLL0rvzLQkZ20Fqk4vxM1VBF4qRtvRMC90fcP5Imgp8u4RwGMgOY_PknPtw&_nc_ohc=DKklcN_GwlAQ7kNvwFXZaLT&_nc_gid=_KufxzkJHgIt_gANFHHxow&edm=AJhczIQBAAAA&ccb=7-5&oh=00_AfrUYV7Qfjkv0M6VC_33DgZqKpdBsA8_IL1YOSKoeqwWBw&oe=6967B3F1&_nc_sid=4a2096,55,0,294,55,0,"['https://instagram.fhan4-5.fna.fbcdn.net/v/t51.2885-15/584441444_1501734014437659_6897153238644861255_n.jpg?stp=dst-jpg_e15_tt6&efg=eyJ2ZW5jb2RlX3RhZyI6InRocmVhZHMuRkVFRC5pbWFnZV91cmxnZW4uNjQweDY0MC5zZHIuZjcxODc4LmRlZmF1bHRfY292ZXJfZnJhbWUuYzIifQ&_nc_ht=instagram.fhan4-5.fna.fbcdn.net&_nc_cat=103&_nc_oc=Q6cZ2QHarq_pdLL0rvzLQkZ20Fqk4vxM1VBF4qRtvRMC90fcP5Imgp8u4RwGMgOY_PknPtw&_nc_ohc=rtiy7jjoOxkQ7kNvwEFXRyy&_nc_gid=_KufxzkJHgIt_gANFHHxow&edm=AJhczIQBAAAA&ccb=7-5&ig_cache_key=Mzc3MzAwMTAyMjIwMjYzNzk2Mw%3D%3D.3-ccb7-5&oh=00_AfobqxbtTWqTlIk-2eOkBldx5JDjXrWli8B423odzbNW2g&oe=69679BDA&_nc_sid=4a2096', 'https://instagram.fhan3-4.fna.fbcdn.net/o1/v/t2/f2/m86/AQMM13PQ8DkQWbiMpho_VqL4IbJcpCnfDH1OcxtcE5xxJf2eAmgb7eXx0F-onKnv_t6y-BBhmv8lQBriRL1ashScSF_x7s2mlZ7Mgcs.mp4?_nc_cat=106&_nc_oc=Adl21E8xOwSe9erOoj0myT_hneH6SxxZhhwHDfeLA1p2UaB9u3Hmtsg2x8kdOEuZAlQ&_nc_sid=5e9851&_nc_ht=instagram.fhan3-4.fna.fbcdn.net&_nc_ohc=-uKwJqnbPF0Q7kNvwHz9qOW&efg=eyJ2ZW5jb2RlX3RhZyI6Inhwdl9wcm9ncmVzc2l2ZS5JTlNUQUdSQU0uRkVFRC5DMy43MjAuZGFzaF9iYXNlbGluZV8xX3YxIiwieHB2X2Fzc2V0X2lkIjoxMzQ3MjA3MTYwMTQwOTgwLCJhc3NldF9hZ2VfZGF5cyI6NDYsInZpX3VzZWNhc2VfaWQiOjEwMDk5LCJkdXJhdGlvbl9zIjo1OCwidXJsZ2VuX3NvdXJjZSI6Ind3dyJ9&ccb=17-1&_nc_gid=_KufxzkJHgIt_gANFHHxow&_nc_zt=28&vs=cde12e5ce7c3d2fd&_nc_vs=HBksFQIYUmlnX3hwdl9yZWVsc19wZXJtYW5lbnRfc3JfcHJvZC9COTRGOTc3MjkxQzk2NUU2RkU3N0U2NENENEM2NDZCNF92aWRlb19kYXNoaW5pdC5tcDQVAALIARIAFQIYOnBhc3N0aHJvdWdoX2V2ZXJzdG9yZS9HQ1dtQUNOYnlHdExrUWtEQUlFTmVIYnNDRDA0YnN0VEFRQUYVAgLIARIAKAAYABsCiAd1c2Vfb2lsATEScHJvZ3Jlc3NpdmVfcmVjaXBlATEVAAAm6NLAw-PR5AQVAigCQzMsF0BNdmZmZmZmGBJkYXNoX2Jhc2VsaW5lXzFfdjERAHXqB2XmnQEA&oh=00_AfpXmafcBx3FT1bdHRWT5VXr7iOZEyJm94RfUp_ucnWPsA&oe=6963BB47']",,https://www.threads.net/@for_biddenknowledg/post/DRcZHCBku6L,[],"{'likes': 294, 'reposts': 51, 'quotes': 4}",threads,3773001022202637963,,,"watch the missile hit the budget office….

Unlock the Forbidden! 🚨
Join our Telegram channel for exclusive content you won’t find anywhere else:
📽️ Banned Documentaries
🎙️ Uncensored Interviews
🕵️ Hidden Truths & More
Don’t miss out—dare to know!

Truth is getting harder to find…
But not on RUMBLE 👁️
🎯 Follow us — link in bio",threads,70009007010,for_biddenknowledg
[],2026-01-10T10:29:31.922903+07:00,"18 and still single💔
.
.
North Korea missile
DoorDash Wolf Moon
Venezuela intervention
Gavin Newsom",2026-01-05T19:01:09+07:00,,3803348289287429610,threads,threads.com,threads_crawler_v1,https://www.threads.net/@grxciemaye/post/DTINR48ER3q,https://instagram.fhan3-3.fna.fbcdn.net/v/t51.2885-19/590428021_17844473601623509_2331327816941039781_n.jpg?stp=dst-jpg_s150x150_tt6&efg=eyJ2ZW5jb2RlX3RhZyI6InByb2ZpbGVfcGljLmRqYW5nby4xMDYzLmMyIn0&_nc_ht=instagram.fhan3-3.fna.fbcdn.net&_nc_cat=101&_nc_oc=Q6cZ2QHarq_pdLL0rvzLQkZ20Fqk4vxM1VBF4qRtvRMC90fcP5Imgp8u4RwGMgOY_PknPtw&_nc_ohc=bEfQ2m8hLJkQ7kNvwEeKX-7&_nc_gid=_KufxzkJHgIt_gANFHHxow&edm=AJhczIQBAAAA&ccb=7-5&oh=00_AfpHo2rERBw3jb99sN7Q0msy-6SvBAlEQBqPlD9jo7orQg&oe=696792BE&_nc_sid=4a2096,13,0,164,0,0,['https://instagram.fhan3-3.fna.fbcdn.net/v/t51.2885-15/610649455_17848613697623509_1668301597137105396_n.jpg?stp=dst-jpg_e35_tt6&efg=eyJ2ZW5jb2RlX3RhZyI6InRocmVhZHMuQ0FST1VTRUxfSVRFTS5pbWFnZV91cmxnZW4uMTE1MngyMDQ4LnNkci5mODI3ODcuZGVmYXVsdF9pbWFnZS5jMiJ9&_nc_ht=instagram.fhan3-3.fna.fbcdn.net&_nc_cat=101&_nc_oc=Q6cZ2QHarq_pdLL0rvzLQkZ20Fqk4vxM1VBF4qRtvRMC90fcP5Imgp8u4RwGMgOY_PknPtw&_nc_ohc=kHtWPmXX9oMQ7kNvwHgc6ei&_nc_gid=_KufxzkJHgIt_gANFHHxow&edm=AJhczIQBAAAA&ccb=7-5&ig_cache_key=MzgwMzM0ODI4NDE0NTIwNzkzOA%3D%3D.3-ccb7-5&oh=00_AfqoPseqUkZyxkts2FnNtdlGejctBY7EoFBxSMboIsk9PA&oe=6967A82C&_nc_sid=4a2096'],,https://www.threads.net/@grxciemaye/post/DTINR48ER3q,[],"{'likes': 164, 'reposts': 0, 'quotes': 0}",threads,3803348289287429610,,,"18 and still single💔
.
.
North Korea missile
DoorDash Wolf Moon
Venezuela intervention
Gavin Newsom",threads,78632039508,grxciemaye
[],2026-01-10T10:29:31.922931+07:00,"⚠️ *BREAKING - Highly Unusual Movements Detected Across Iran’s Air, Missile, and Drone Forces:* 

Western intelligence is tracking what’s being described as unusual, highly coordinated activity across Iran’s air, missile, drone, and air-defense elements—patterns that go beyond routine day-to-day movements. Officials say it could be an exercise, but the scale and synchronization are what’s raising eyebrows.",2025-12-21T05:37:24+07:00,,3792072112203755722,threads,threads.com,threads_crawler_v1,https://www.threads.net/@light.of.judah/post/DSgJX6qkfDK,https://instagram.fhan3-3.fna.fbcdn.net/v/t51.2885-19/592496570_17891172435384623_2795452574052829563_n.jpg?stp=dst-jpg_s150x150_tt6&efg=eyJ2ZW5jb2RlX3RhZyI6InByb2ZpbGVfcGljLmRqYW5nby42OTYuYzIifQ&_nc_ht=instagram.fhan3-3.fna.fbcdn.net&_nc_cat=111&_nc_oc=Q6cZ2QHarq_pdLL0rvzLQkZ20Fqk4vxM1VBF4qRtvRMC90fcP5Imgp8u4RwGMgOY_PknPtw&_nc_ohc=gCXIBwvUPtEQ7kNvwF89hqF&_nc_gid=_KufxzkJHgIt_gANFHHxow&edm=AJhczIQBAAAA&ccb=7-5&oh=00_AfqgR0oazaEXAZAq1lr8Q3Qc2lrhRYCBb9220Goo3kgOEg&oe=6967A173&_nc_sid=4a2096,4,0,10,1,0,['https://instagram.fhan3-3.fna.fbcdn.net/v/t51.2885-15/603922953_17892794643384623_2502428151140371637_n.jpg?stp=dst-jpg_e35_tt6&efg=eyJ2ZW5jb2RlX3RhZyI6InRocmVhZHMuRkVFRC5pbWFnZV91cmxnZW4uMTIyMHg3NjMuc2RyLmY4Mjc4Ny5kZWZhdWx0X2ltYWdlLmMyIn0&_nc_ht=instagram.fhan3-3.fna.fbcdn.net&_nc_cat=111&_nc_oc=Q6cZ2QHarq_pdLL0rvzLQkZ20Fqk4vxM1VBF4qRtvRMC90fcP5Imgp8u4RwGMgOY_PknPtw&_nc_ohc=_aCucO860A0Q7kNvwFpLxmJ&_nc_gid=_KufxzkJHgIt_gANFHHxow&edm=AJhczIQBAAAA&ccb=7-5&ig_cache_key=Mzc5MjA3MjExMjIwMzc1NTcyMg%3D%3D.3-ccb7-5&oh=00_AfrDOxqxOHJ3vGrqR0O1vNeXj9nWFkYqTL0-4MGftFIu1Q&oe=6967ACF7&_nc_sid=4a2096'],,https://www.threads.net/@light.of.judah/post/DSgJX6qkfDK,[],"{'likes': 10, 'reposts': 1, 'quotes': 0}",threads,3792072112203755722,TruthMatters,,"⚠️ *BREAKING - Highly Unusual Movements Detected Across Iran’s Air, Missile, and Drone Forces:* 

Western intelligence is tracking what’s being described as unusual, highly coordinated activity across Iran’s air, missile, drone, and air-defense elements—patterns that go beyond routine day-to-day movements. Officials say it could be an exercise, but the scale and synchronization are what’s raising eyebrows.",threads,71624488622,light.of.judah
[],2026-01-10T10:29:31.922959+07:00,"Nhiều người thắc mắc bẫy nhiệt của máy bay SU (Sukhoi) đúng không? 🙂
Trong quân sự, bẫy nhiệt (flare / heat trap) là biện pháp phòng thủ điện tử của máy bay chiến đấu. Nó hoạt động như sau:
Tên lửa tấn công máy bay thường là tên lửa tầm nhiệt (infrared homing missile), chúng “khóa” mục tiêu dựa vào nguồn nhiệt (nóng) phát ra từ động cơ phản lực.",2025-08-30T15:20:54+07:00,,3710466139861722814,threads,threads.com,threads_crawler_v1,https://www.threads.net/@mychauvidai/post/DN-OUuZkqa-,https://instagram.fhan3-4.fna.fbcdn.net/v/t51.2885-19/447783510_310830502077390_5694293159251665487_n.jpg?stp=dst-jpg_s150x150_tt6&efg=eyJ2ZW5jb2RlX3RhZyI6InByb2ZpbGVfcGljLmRqYW5nby4zMjAuYzIifQ&_nc_ht=instagram.fhan3-4.fna.fbcdn.net&_nc_cat=106&_nc_oc=Q6cZ2QHarq_pdLL0rvzLQkZ20Fqk4vxM1VBF4qRtvRMC90fcP5Imgp8u4RwGMgOY_PknPtw&_nc_ohc=lfC1MdsHdZYQ7kNvwHqPnPz&_nc_gid=_KufxzkJHgIt_gANFHHxow&edm=AJhczIQBAAAA&ccb=7-5&oh=00_AfrXPNbr4Kj0uydJLIhZzzOYT7_u8ffra_-0iVewoxtfOA&oe=69679967&_nc_sid=4a2096,8,0,160,3,0,[],,https://www.threads.net/@mychauvidai/post/DN-OUuZkqa-,[],"{'likes': 160, 'reposts': 3, 'quotes': 0}",threads,3710466139861722814,Bella Tran,,"Nhiều người thắc mắc bẫy nhiệt của máy bay SU (Sukhoi) đúng không? 🙂
Trong quân sự, bẫy nhiệt (flare / heat trap) là biện pháp phòng thủ điện tử của máy bay chiến đấu. Nó hoạt động như sau:
Tên lửa tấn công máy bay thường là tên lửa tầm nhiệt (infrared homing missile), chúng “khóa” mục tiêu dựa vào nguồn nhiệt (nóng) phát ra từ động cơ phản lực.",threads,66687339155,mychauvidai
[],2026-01-10T10:29:31.922987+07:00,People are making fun of Iranian missile strike videos on Israel.,2025-06-21T23:29:14+07:00,,3659977453399262641,threads,threads.com,threads_crawler_v1,https://www.threads.net/@ridoy_7286/post/DLK2ho7zUWx,https://instagram.fhan3-3.fna.fbcdn.net/v/t51.2885-19/497571896_17911465143103031_3300578031879923889_n.jpg?stp=dst-jpg_s150x150_tt6&efg=eyJ2ZW5jb2RlX3RhZyI6InByb2ZpbGVfcGljLmRqYW5nby4xMDgwLmMyIn0&_nc_ht=instagram.fhan3-3.fna.fbcdn.net&_nc_cat=111&_nc_oc=Q6cZ2QHarq_pdLL0rvzLQkZ20Fqk4vxM1VBF4qRtvRMC90fcP5Imgp8u4RwGMgOY_PknPtw&_nc_ohc=_RPD5b2RMDkQ7kNvwFsRalU&_nc_gid=_KufxzkJHgIt_gANFHHxow&edm=AJhczIQBAAAA&ccb=7-5&oh=00_AfoXB0WPBxVX4euBgg-z5cLtBnCcvl5kQ-hWAxOAy_uY-g&oe=69678DE4&_nc_sid=4a2096,496,0,13307,439,0,"['https://instagram.fhan3-3.fna.fbcdn.net/v/t51.2885-15/502312895_17916471537103031_3235936378670400098_n.jpg?stp=dst-jpg_e15_tt6&efg=eyJ2ZW5jb2RlX3RhZyI6InRocmVhZHMuRkVFRC5pbWFnZV91cmxnZW4uNzIweDEyODAuc2RyLmY3NTc2MS5kZWZhdWx0X2NvdmVyX2ZyYW1lLmMyIn0&_nc_ht=instagram.fhan3-3.fna.fbcdn.net&_nc_cat=111&_nc_oc=Q6cZ2QHarq_pdLL0rvzLQkZ20Fqk4vxM1VBF4qRtvRMC90fcP5Imgp8u4RwGMgOY_PknPtw&_nc_ohc=cdoNCl0BmCgQ7kNvwGHeBAc&_nc_gid=_KufxzkJHgIt_gANFHHxow&edm=AJhczIQBAAAA&ccb=7-5&ig_cache_key=MzY1OTk3NzQ1MzM5OTI2MjY0MQ%3D%3D.3-ccb7-5&oh=00_Afrr_EI-Ng9jfPDPR3uqZpJy2536p8ftvev2BB-vA_36Yw&oe=6967A4F7&_nc_sid=4a2096', 'https://instagram.fhan3-4.fna.fbcdn.net/o1/v/t16/f2/m69/AQNPEI6f0NkPoFvhTybUjS2vJyETI2OLDFemK0zcfyjA9X3Js8RFO5xwAUhtg16ZqjTUpEEp9pQIuOHgFDbQKwYv.mp4?strext=1&_nc_cat=106&_nc_oc=AdlSbK-rV_jOiFBr35g8hw4qY2kj-TXhm2mj_-sK8BHG35d7R7aJt_nLbSFEhcR9V-o&_nc_sid=8bf8fe&_nc_ht=instagram.fhan3-4.fna.fbcdn.net&_nc_ohc=ZJBZF5H76sIQ7kNvwHH5QPf&efg=eyJ2ZW5jb2RlX3RhZyI6Inhwdl9wcm9ncmVzc2l2ZS5JTlNUQUdSQU0uRkVFRC5DMy43MjAucHJvZ3Jlc3NpdmVfaDI2NC1iYXNpYy1nZW4yXzcyMHAiLCJ4cHZfYXNzZXRfaWQiOjcyMjkwMDg0MDQ2MDU4NSwiYXNzZXRfYWdlX2RheXMiOjIwMiwidmlfdXNlY2FzZV9pZCI6MTAxNjQsImR1cmF0aW9uX3MiOjEyLCJ1cmxnZW5fc291cmNlIjoid3d3In0%3D&ccb=17-1&_nc_gid=_KufxzkJHgIt_gANFHHxow&_nc_zt=28&oh=00_AfohSqnZxe7rNTC83p6ZULnfxCpyDafmuw3Ln6HiIQa0wQ&oe=6967A68A']",,https://www.threads.net/@ridoy_7286/post/DLK2ho7zUWx,[],"{'likes': 13307, 'reposts': 425, 'quotes': 14}",threads,3659977453399262641,Ridoy Sarkar,,People are making fun of Iranian missile strike videos on Israel.,threads,63079983030,ridoy_7286
[],2026-01-10T10:29:31.923014+07:00,"⚠️❗ 🇮🇷 Iranian launching missile in style. 
⚠️❗ Makr sure any country launching missile, do it iranian style, in show of respect & honour.",2025-06-16T16:21:49+07:00,,3656138623899819139,threads,threads.com,threads_crawler_v1,https://www.threads.net/@sajjad__anjum/post/DK9NrUXIlyD,https://instagram.fhan4-5.fna.fbcdn.net/v/t51.2885-19/504815051_17914602714106826_7369494947983254596_n.jpg?stp=dst-jpg_s150x150_tt6&efg=eyJ2ZW5jb2RlX3RhZyI6InByb2ZpbGVfcGljLmRqYW5nby4xMDgwLmMyIn0&_nc_ht=instagram.fhan4-5.fna.fbcdn.net&_nc_cat=102&_nc_oc=Q6cZ2QHarq_pdLL0rvzLQkZ20Fqk4vxM1VBF4qRtvRMC90fcP5Imgp8u4RwGMgOY_PknPtw&_nc_ohc=llyw9UKb1ecQ7kNvwEbCpZF&_nc_gid=_KufxzkJHgIt_gANFHHxow&edm=AJhczIQBAAAA&ccb=7-5&oh=00_AfowXyc_f8b8iQr7PfdYuO_9ncE5lpCF3dlTAHEXgQBayw&oe=6967A78F&_nc_sid=4a2096,307,0,14080,811,0,[],,https://www.threads.net/@sajjad__anjum/post/DK9NrUXIlyD,[],"{'likes': 14080, 'reposts': 782, 'quotes': 29}",threads,3656138623899819139,Sajjad Anjum,,"⚠️❗ 🇮🇷 Iranian launching missile in style. 
⚠️❗ Makr sure any country launching missile, do it iranian style, in show of respect & honour.",threads,63266338825,sajjad__anjum
[],2026-01-10T10:29:31.923059+07:00,"turned 18🦄
.
.
North Korea missile
DoorDash Wolf Moon
Venezuela intervention
Gavin Newsom",2026-01-04T19:38:53+07:00,,3802642504811094270,threads,threads.com,threads_crawler_v1,https://www.threads.net/@gravexmadyy/post/DTFszX7ESD-,https://instagram.fhan3-4.fna.fbcdn.net/v/t51.2885-19/608754167_17850131928606726_1784404559852283757_n.jpg?stp=dst-jpg_s150x150_tt6&efg=eyJ2ZW5jb2RlX3RhZyI6InByb2ZpbGVfcGljLmRqYW5nby43NjguYzIifQ&_nc_ht=instagram.fhan3-4.fna.fbcdn.net&_nc_cat=106&_nc_oc=Q6cZ2QHarq_pdLL0rvzLQkZ20Fqk4vxM1VBF4qRtvRMC90fcP5Imgp8u4RwGMgOY_PknPtw&_nc_ohc=G2SYi3a8Nu0Q7kNvwFKvliM&_nc_gid=_KufxzkJHgIt_gANFHHxow&edm=AJhczIQBAAAA&ccb=7-5&oh=00_AfqkWJ5QddF02qr7FTRVOqQUGUYfkRggyf3bYXjvag9t9w&oe=6967AB71&_nc_sid=4a2096,0,0,3,0,0,['https://instagram.fhan3-4.fna.fbcdn.net/v/t51.2885-15/610874620_17851288401606726_8625183602763328287_n.jpg?stp=dst-jpg_e35_tt6&efg=eyJ2ZW5jb2RlX3RhZyI6InRocmVhZHMuQ0FST1VTRUxfSVRFTS5pbWFnZV91cmxnZW4uNzY4eDEzNzYuc2RyLmY4Mjc4Ny5kZWZhdWx0X2ltYWdlLmMyIn0&_nc_ht=instagram.fhan3-4.fna.fbcdn.net&_nc_cat=106&_nc_oc=Q6cZ2QHarq_pdLL0rvzLQkZ20Fqk4vxM1VBF4qRtvRMC90fcP5Imgp8u4RwGMgOY_PknPtw&_nc_ohc=GG8w-m_0wvIQ7kNvwFnzqrv&_nc_gid=_KufxzkJHgIt_gANFHHxow&edm=AJhczIQBAAAA&ccb=7-5&ig_cache_key=MzgwMjY0MjUwMDgzNDkzMzQ4OQ%3D%3D.3-ccb7-5&oh=00_AfpI2jo2vQDpEnUHfxHNomimY3BOYINeTLx5XuDwrY9BKg&oe=69678552&_nc_sid=4a2096'],,https://www.threads.net/@gravexmadyy/post/DTFszX7ESD-,[],"{'likes': 3, 'reposts': 0, 'quotes': 0}",threads,3802642504811094270,madi grave,,"turned 18🦄
.
.
North Korea missile
DoorDash Wolf Moon
Venezuela intervention
Gavin Newsom",threads,78147862725,gravexmadyy
[],2026-01-10T10:29:31.923090+07:00,A heat-seeking missile tracking a burning cigarette.,2025-09-24T22:22:00+07:00,,3728797284374347747,threads,threads.com,threads_crawler_v1,https://www.threads.net/@em3rging/post/DO_WV_Gkv_j,https://instagram.fhan3-2.fna.fbcdn.net/v/t51.2885-19/471958446_1630933680844075_8068801945210581763_n.jpg?stp=dst-jpg_s150x150_tt6&efg=eyJ2ZW5jb2RlX3RhZyI6InByb2ZpbGVfcGljLmRqYW5nby43NzIuYzIifQ&_nc_ht=instagram.fhan3-2.fna.fbcdn.net&_nc_cat=107&_nc_oc=Q6cZ2QHarq_pdLL0rvzLQkZ20Fqk4vxM1VBF4qRtvRMC90fcP5Imgp8u4RwGMgOY_PknPtw&_nc_ohc=phaQLzsIho8Q7kNvwE_Ongk&_nc_gid=_KufxzkJHgIt_gANFHHxow&edm=AJhczIQBAAAA&ccb=7-5&oh=00_AfpuUpwOgHa86Em8HsVTk8tLmQDtXeR6JAdVjxz0WYSUvQ&oe=6967ABF5&_nc_sid=4a2096,90,0,7360,139,0,"['https://instagram.fhan3-4.fna.fbcdn.net/v/t51.2885-15/552946319_798987066043480_305911747836313929_n.jpg?stp=dst-jpg_e15_tt6&efg=eyJ2ZW5jb2RlX3RhZyI6InRocmVhZHMuRkVFRC5pbWFnZV91cmxnZW4uNjQweDUzOC5zZHIuZjcxODc4LmRlZmF1bHRfY292ZXJfZnJhbWUuYzIifQ&_nc_ht=instagram.fhan3-4.fna.fbcdn.net&_nc_cat=104&_nc_oc=Q6cZ2QHarq_pdLL0rvzLQkZ20Fqk4vxM1VBF4qRtvRMC90fcP5Imgp8u4RwGMgOY_PknPtw&_nc_ohc=xLr3nDd_YOMQ7kNvwEX4lrN&_nc_gid=_KufxzkJHgIt_gANFHHxow&edm=AJhczIQBAAAA&ccb=7-5&ig_cache_key=MzcyODc5NzI4NDM3NDM0Nzc0Nw%3D%3D.3-ccb7-5&oh=00_AfqfU2j4PHfptFUCmet-meaJlNDwCIU4caNLvSGOP7Dd7g&oe=69679CFB&_nc_sid=4a2096', 'https://instagram.fhan3-2.fna.fbcdn.net/o1/v/t16/f2/m84/AQNfpCy2DEyJJf0v_f-KtKeVUx8GiUYDHhX4A6cocSmcphox9IXCGgAZlcvVaGeHwxOGK0gzLiSAQcUibTx6hSR28O-3ulwEQ93Xikc.mp4?_nc_cat=107&_nc_oc=AdnSZhbZRlSwhpO0x0FLDXBz82d1gl3ucxDklHaEBZZZDm4FMOeWJSVu2RVjz9e17-8&_nc_sid=5e9851&_nc_ht=instagram.fhan3-2.fna.fbcdn.net&_nc_ohc=Dbfr3YX9X9AQ7kNvwHoFpHf&efg=eyJ2ZW5jb2RlX3RhZyI6Inhwdl9wcm9ncmVzc2l2ZS5JTlNUQUdSQU0uRkVFRC5DMy41NDAuZGFzaF9iYXNlbGluZV8xX3YxIiwieHB2X2Fzc2V0X2lkIjoyNDc1NDc4NjI4NzQ2NjQwMiwiYXNzZXRfYWdlX2RheXMiOjEwNywidmlfdXNlY2FzZV9pZCI6MTAxNjQsImR1cmF0aW9uX3MiOjExLCJ1cmxnZW5fc291cmNlIjoid3d3In0%3D&ccb=17-1&_nc_gid=_KufxzkJHgIt_gANFHHxow&_nc_zt=28&vs=ecd09bd2a40ecbbf&_nc_vs=HBksFQIYTGlnX2JhY2tmaWxsX3RpbWVsaW5lX3ZvZC8zRjQ4RTJGNTBCMkY5NzZBMTM0OTJCNDYyRDQ3NDJCN192aWRlb19kYXNoaW5pdC5tcDQVAALIARIAFQIYOnBhc3N0aHJvdWdoX2V2ZXJzdG9yZS9HSzBseXlDc2haWVkxdG9EQUdncERfWlY1ZXd3YmtZTEFBQUYVAgLIARIAKAAYABsCiAd1c2Vfb2lsATEScHJvZ3Jlc3NpdmVfcmVjaXBlATEVAAAmxN69spqW-VcVAigCQzMsF0AmIcrAgxJvGBJkYXNoX2Jhc2VsaW5lXzFfdjERAHXqB2XongEA&oh=00_AfrItCjoxGWCPB51ahsV4ULdRLDbKMS4bCMqrsRblnWFhg&oe=6963B6D1']",,https://www.threads.net/@em3rging/post/DO_WV_Gkv_j,[],"{'likes': 7360, 'reposts': 132, 'quotes': 7}",threads,3728797284374347747,Emerging Technological Advancements,,A heat-seeking missile tracking a burning cigarette.,threads,64503128824,em3rging
[],2026-01-10T10:29:31.923120+07:00,"Ballistic missile launches once again from Iran towards Southern and Central Israel. Iran has now officially violated the ceasefire set by U.S President Trump

(Personal opinion: it's not violation it's called Iran in Israel's dominating field🫣 as Israel Accused of Over 4,000 Ceasefire Violations in Gaza and lebanon since 2024)",2025-06-24T10:14:51+07:00,,3661752131679452266,threads,threads.com,threads_crawler_v1,https://www.threads.net/@iranmilitaryofficial/post/DLRKCm4SHxq,https://instagram.fhan4-5.fna.fbcdn.net/v/t51.2885-19/519988266_17846611353525014_8069481512985032936_n.jpg?stp=dst-jpg_s150x150_tt6&efg=eyJ2ZW5jb2RlX3RhZyI6InByb2ZpbGVfcGljLmRqYW5nby4xMDgwLmMyIn0&_nc_ht=instagram.fhan4-5.fna.fbcdn.net&_nc_cat=102&_nc_oc=Q6cZ2QHarq_pdLL0rvzLQkZ20Fqk4vxM1VBF4qRtvRMC90fcP5Imgp8u4RwGMgOY_PknPtw&_nc_ohc=LMavsf8NJqcQ7kNvwGOUijD&_nc_gid=_KufxzkJHgIt_gANFHHxow&edm=AJhczIQBAAAA&ccb=7-5&oh=00_AfqFEvvYZCtqpGAIM6EcMt3hU8ukOfJX6nqvry33moC5cw&oe=6967A6D5&_nc_sid=4a2096,50,0,1243,53,0,[],,https://www.threads.net/@iranmilitaryofficial/post/DLRKCm4SHxq,[],"{'likes': 1243, 'reposts': 52, 'quotes': 1}",threads,3661752131679452266,إيران,,"Ballistic missile launches once again from Iran towards Southern and Central Israel. Iran has now officially violated the ceasefire set by U.S President Trump

(Personal opinion: it's not violation it's called Iran in Israel's dominating field🫣 as Israel Accused of Over 4,000 Ceasefire Violations in Gaza and lebanon since 2024)",threads,75617733013,iranmilitaryofficial
[],2026-01-10T10:29:31.923151+07:00,"As a Ukrainian who travels a lot but still lives in Ukraine, here’s how it feels:
1. Talking about politics with foreigners often feels like a blind person speaking to the deaf. Their views also depend on the country we’re in much more than they think.
2. I have PTSD, sometimes I wake up convinced a missile is coming. I instinctively hold my cat and then realize I was just napping on a train and my cat isn’t even with me.
3. To my dear Latvians, Estonians, Kazakhs, and others who speak russian:",2025-12-07T03:52:23+07:00,,3781872399617153893,threads,threads.com,threads_crawler_v1,https://www.threads.net/@buibvyy/post/DR76OkFCNtl,https://instagram.fhan4-5.fna.fbcdn.net/v/t51.2885-19/610706660_17860056468569534_5407691122556336725_n.jpg?stp=dst-jpg_s150x150_tt6&efg=eyJ2ZW5jb2RlX3RhZyI6InByb2ZpbGVfcGljLmRqYW5nby4xMDgwLmMyIn0&_nc_ht=instagram.fhan4-5.fna.fbcdn.net&_nc_cat=102&_nc_oc=Q6cZ2QHPZX_AOH8ADVo5hldPM50Q9QCoIndv1ZoA-0gdP9FYRwzdLWzFvUuG1Bwz1pdXtd0&_nc_ohc=eId18yCt2B0Q7kNvwEi2sO1&_nc_gid=0nhDkg7lLZNRk0fBwx3KtA&edm=AJhczIQBAAAA&ccb=7-5&oh=00_AfocV-JCu4uFln36VZQ1KkvRBfxbHaMYm1U0AP27eoFaOw&oe=6967ABA9&_nc_sid=4a2096,605,0,3292,59,0,[],,https://www.threads.net/@buibvyy/post/DR76OkFCNtl,[],"{'likes': 3292, 'reposts': 59, 'quotes': 0}",threads,3781872399617153893,Buibvyy,war,"As a Ukrainian who travels a lot but still lives in Ukraine, here’s how it feels:
1. Talking about politics with foreigners often feels like a blind person speaking to the deaf. Their views also depend on the country we’re in much more than they think.
2. I have PTSD, sometimes I wake up convinced a missile is coming. I instinctively hold my cat and then realize I was just napping on a train and my cat isn’t even with me.
3. To my dear Latvians, Estonians, Kazakhs, and others who speak russian:",threads,77157753533,buibvyy
[],2026-01-10T10:29:31.923180+07:00,"I am 76 years old. I have lived through the Cuban Missile Crisis, the JFK assassination, the Vietnam War, the Turmoil of 1968, Watergate, the Hostage Crisis, two oil crisis, disco, Reaganomics,  9/11. The covid pandemic....These past 11 months have been easily the most miserable era in America in my lifetime. The hatred, the bigotry, the lies, the racketeering and pedophilia are beyond anything I have ever seen.
We are not going to hell as a nation.
We are IN hell.",2025-12-13T20:03:29+07:00,,3786709822851618008,threads,threads.com,threads_crawler_v1,https://www.threads.net/@judydstewart/post/DSNGIVijZTY,https://instagram.fhan3-2.fna.fbcdn.net/v/t51.2885-19/494683886_18390509707115827_7622430465842443695_n.jpg?stp=dst-jpg_s150x150_tt6&efg=eyJ2ZW5jb2RlX3RhZyI6InByb2ZpbGVfcGljLmRqYW5nby4yMDAuYzIifQ&_nc_ht=instagram.fhan3-2.fna.fbcdn.net&_nc_cat=107&_nc_oc=Q6cZ2QHPZX_AOH8ADVo5hldPM50Q9QCoIndv1ZoA-0gdP9FYRwzdLWzFvUuG1Bwz1pdXtd0&_nc_ohc=ShjmjW95eBcQ7kNvwH4ihcH&_nc_gid=0nhDkg7lLZNRk0fBwx3KtA&edm=AJhczIQBAAAA&ccb=7-5&oh=00_AfplAo-rArlj1diogh696ePg5iw5QJRfq6QxGoQX_bWbLQ&oe=6967AAC1&_nc_sid=4a2096,2772,0,28287,1337,0,[],,https://www.threads.net/@judydstewart/post/DSNGIVijZTY,[],"{'likes': 28287, 'reposts': 1271, 'quotes': 66}",threads,3786709822851618008,Judy Stewart,,"I am 76 years old. I have lived through the Cuban Missile Crisis, the JFK assassination, the Vietnam War, the Turmoil of 1968, Watergate, the Hostage Crisis, two oil crisis, disco, Reaganomics,  9/11. The covid pandemic....These past 11 months have been easily the most miserable era in America in my lifetime. The hatred, the bigotry, the lies, the racketeering and pedophilia are beyond anything I have ever seen.
We are not going to hell as a nation.
We are IN hell.",threads,74262441491,judydstewart
[],2026-01-10T10:29:31.923209+07:00,"Another night.
Another massive missile attack prepared by russia.
Shaheds are already flying. Planes are about to take off.
We stay together in this darkness.
Please, let us all survive this night.",2026-01-05T04:30:14+07:00,,3802909941678494947,threads,threads.com,threads_crawler_v1,https://www.threads.net/@angelica.shalagina/post/DTGpnF6jFTj,https://instagram.fhan4-3.fna.fbcdn.net/v/t51.2885-19/467017574_1264282758040668_4230964611045770101_n.jpg?stp=dst-jpg_s150x150_tt6&efg=eyJ2ZW5jb2RlX3RhZyI6InByb2ZpbGVfcGljLmRqYW5nby4xMDgwLmMyIn0&_nc_ht=instagram.fhan4-3.fna.fbcdn.net&_nc_cat=100&_nc_oc=Q6cZ2QHPZX_AOH8ADVo5hldPM50Q9QCoIndv1ZoA-0gdP9FYRwzdLWzFvUuG1Bwz1pdXtd0&_nc_ohc=-nIOqCxTH58Q7kNvwFYV07Z&_nc_gid=0nhDkg7lLZNRk0fBwx3KtA&edm=AJhczIQBAAAA&ccb=7-5&oh=00_AfponKc_y2D2gXTjdaWemLASVhLdy6CYeGC9ZPGXIIey9w&oe=6967ADA8&_nc_sid=4a2096,109,0,1816,69,0,[],,https://www.threads.net/@angelica.shalagina/post/DTGpnF6jFTj,[],"{'likes': 1816, 'reposts': 65, 'quotes': 4}",threads,3802909941678494947,Angelica Shalagina🇺🇦,Ukraine diary,"Another night.
Another massive missile attack prepared by russia.
Shaheds are already flying. Planes are about to take off.
We stay together in this darkness.
Please, let us all survive this night.",threads,63068589388,angelica.shalagina
[],2026-01-10T10:29:31.923237+07:00,"Russia releases Oreshnik missile barrage on Kyiv, devastating Ukraine's capital.",2025-06-06T14:20:18+07:00,,3648828904833554162,threads,threads.com,threads_crawler_v1,https://www.threads.net/@dr.harshithareddy/post/DKjPo5-yBby,https://instagram.fhan4-5.fna.fbcdn.net/v/t51.2885-19/516843605_17912337348119835_7748140973255432155_n.jpg?stp=dst-jpg_s150x150_tt6&efg=eyJ2ZW5jb2RlX3RhZyI6InByb2ZpbGVfcGljLmRqYW5nby4xMDgwLmMyIn0&_nc_ht=instagram.fhan4-5.fna.fbcdn.net&_nc_cat=103&_nc_oc=Q6cZ2QHPZX_AOH8ADVo5hldPM50Q9QCoIndv1ZoA-0gdP9FYRwzdLWzFvUuG1Bwz1pdXtd0&_nc_ohc=eulOtAnc4MQQ7kNvwG4-FhQ&_nc_gid=0nhDkg7lLZNRk0fBwx3KtA&edm=AJhczIQBAAAA&ccb=7-5&oh=00_AfoeC8hD-0XgcyIj7EcvONOKYgCbd3vDllYzdpcDDMzERw&oe=696794CD&_nc_sid=4a2096,310,0,1007,33,0,"['https://instagram.fhan4-5.fna.fbcdn.net/v/t51.2885-15/503712807_17908818117119835_7695989025588093479_n.jpg?stp=dst-jpg_e15_tt6&efg=eyJ2ZW5jb2RlX3RhZyI6InRocmVhZHMuRkVFRC5pbWFnZV91cmxnZW4uNzIweDM1OC5zZHIuZjc1NzYxLmRlZmF1bHRfY292ZXJfZnJhbWUuYzIifQ&_nc_ht=instagram.fhan4-5.fna.fbcdn.net&_nc_cat=103&_nc_oc=Q6cZ2QHPZX_AOH8ADVo5hldPM50Q9QCoIndv1ZoA-0gdP9FYRwzdLWzFvUuG1Bwz1pdXtd0&_nc_ohc=yMEdd4x6hv4Q7kNvwERk7JC&_nc_gid=0nhDkg7lLZNRk0fBwx3KtA&edm=AJhczIQBAAAA&ccb=7-5&ig_cache_key=MzY0ODgyODkwNDgzMzU1NDE2Mg%3D%3D.3-ccb7-5&oh=00_AfpvJZE3THp_TO-KROTUeq_77VYMq4XNZcqqwh485LqUQA&oe=6967997E&_nc_sid=4a2096', 'https://instagram.fhan4-3.fna.fbcdn.net/o1/v/t16/f2/m69/AQORDN9jEeBkOGAnqRpAD-6TFqHCBgATXAvwGMV81nlK8MsI_5GDtFsATGDEr8HwMCQTMQwuHahT5Ex4ckhu7tV2.mp4?strext=1&_nc_cat=110&_nc_oc=AdnVcLYdda99f4wK7Cn1_mMYJOwNyQcfNjC7MCeyKn3EFftMOeQ8b749ybUtaEZEjLE&_nc_sid=8bf8fe&_nc_ht=instagram.fhan4-3.fna.fbcdn.net&_nc_ohc=s-_1pNU3_S8Q7kNvwH9909P&efg=eyJ2ZW5jb2RlX3RhZyI6Inhwdl9wcm9ncmVzc2l2ZS5JTlNUQUdSQU0uRkVFRC5DMy4xMjgwLnByb2dyZXNzaXZlX2gyNjQtYmFzaWMtZ2VuMl83MjBwIiwieHB2X2Fzc2V0X2lkIjoxNDIyOTQ5MjgyMjI1NDY1LCJhc3NldF9hZ2VfZGF5cyI6MjE3LCJ2aV91c2VjYXNlX2lkIjoxMDE2NCwiZHVyYXRpb25fcyI6MTIsInVybGdlbl9zb3VyY2UiOiJ3d3cifQ%3D%3D&ccb=17-1&_nc_gid=0nhDkg7lLZNRk0fBwx3KtA&_nc_zt=28&oh=00_AfpGJNJydIsLkxlp57Auf0xLg_ogAHdzLihvqiXtUpEPbg&oe=696788C6']",,https://www.threads.net/@dr.harshithareddy/post/DKjPo5-yBby,[],"{'likes': 1007, 'reposts': 30, 'quotes': 3}",threads,3648828904833554162,Harshitha Reddy,RussiaUkraineWar,"Russia releases Oreshnik missile barrage on Kyiv, devastating Ukraine's capital.",threads,63420903834,dr.harshithareddy
[],2026-01-10T10:29:31.923292+07:00,Tiết kiệm được $100 để mua piss missile moto,2026-01-01T02:13:58+07:00,,3799942258259598346,threads,threads.com,threads_crawler_v1,https://www.threads.net/@wrkn_rr/post/DS8G1nWjxwK,https://instagram.fhan3-2.fna.fbcdn.net/v/t51.2885-19/590432612_17935459740103303_6659702320470125805_n.jpg?stp=dst-jpg_s150x150_tt6&efg=eyJ2ZW5jb2RlX3RhZyI6InByb2ZpbGVfcGljLmRqYW5nby4xMDgwLmMyIn0&_nc_ht=instagram.fhan3-2.fna.fbcdn.net&_nc_cat=107&_nc_oc=Q6cZ2QHPZX_AOH8ADVo5hldPM50Q9QCoIndv1ZoA-0gdP9FYRwzdLWzFvUuG1Bwz1pdXtd0&_nc_ohc=BSuVVQWCMs0Q7kNvwHvkdVQ&_nc_gid=0nhDkg7lLZNRk0fBwx3KtA&edm=AJhczIQBAAAA&ccb=7-5&oh=00_AfroZLbjG0Ez-aO8LUo6apRq3WLUo9lSDgEQRahpLrbRsg&oe=69678857&_nc_sid=4a2096,5,0,1,0,0,['https://instagram.fhan3-2.fna.fbcdn.net/v/t51.2885-15/607204016_17937432342103303_1675715572285465046_n.webp?efg=eyJ2ZW5jb2RlX3RhZyI6InRocmVhZHMuRkVFRC5pbWFnZV91cmxnZW4uMjM0MHgxMDgwLnNkci5mODI3ODcuZGVmYXVsdF9pbWFnZS5jMiJ9&_nc_ht=instagram.fhan3-2.fna.fbcdn.net&_nc_cat=107&_nc_oc=Q6cZ2QHPZX_AOH8ADVo5hldPM50Q9QCoIndv1ZoA-0gdP9FYRwzdLWzFvUuG1Bwz1pdXtd0&_nc_ohc=DYzOqFQXQA8Q7kNvwFHx7iD&_nc_gid=0nhDkg7lLZNRk0fBwx3KtA&edm=AJhczIQBAAAA&ccb=7-5&ig_cache_key=Mzc5OTk0MjI1ODI1OTU5ODM0Ng%3D%3D.3-ccb7-5&oh=00_AfpdyIneO-xWIl1U4EhNqa6Ht038zMGyRS9kW_fzjZ_8Qg&oe=69678ABE&_nc_sid=4a2096'],,https://www.threads.net/@wrkn_rr/post/DS8G1nWjxwK,[],"{'likes': 1, 'reposts': 0, 'quotes': 0}",threads,3799942258259598346,Lương Minh Khánh,,Tiết kiệm được $100 để mua piss missile moto,threads,63045639302,wrkn_rr
[],2026-01-10T10:29:31.923338+07:00,"This is the moment a large blackout hits Kyiv during a massive Russian missile attack.

The world must stand with Ukraine. 🇺🇦",2025-12-27T09:47:00+07:00,,3796546283234661250,threads,threads.com,threads_crawler_v1,https://www.threads.net/@leahmdelaney/post/DSwCrrJiBOC,https://instagram.fhan3-3.fna.fbcdn.net/v/t51.2885-19/519917013_17843522517536523_5458311752639289259_n.jpg?stp=dst-jpg_s150x150_tt6&efg=eyJ2ZW5jb2RlX3RhZyI6InByb2ZpbGVfcGljLmRqYW5nby4xMDgwLmMyIn0&_nc_ht=instagram.fhan3-3.fna.fbcdn.net&_nc_cat=1&_nc_oc=Q6cZ2QHPZX_AOH8ADVo5hldPM50Q9QCoIndv1ZoA-0gdP9FYRwzdLWzFvUuG1Bwz1pdXtd0&_nc_ohc=PNef7UcI2QMQ7kNvwH0E9K6&_nc_gid=0nhDkg7lLZNRk0fBwx3KtA&edm=AJhczIQBAAAA&ccb=7-5&oh=00_AfoJdKGDpM0DAFQZdWXzZG81f4Cwsje0cCR3l_IhEJ48xw&oe=6967B63B&_nc_sid=4a2096,106,0,3213,334,0,"['https://instagram.fhan3-4.fna.fbcdn.net/v/t51.2885-15/587794751_1199368788310602_2647562217720187404_n.jpg?stp=dst-jpg_e15_tt6&efg=eyJ2ZW5jb2RlX3RhZyI6InRocmVhZHMuRkVFRC5pbWFnZV91cmxnZW4uNjQweDI5NC5zZHIuZjcxODc4LmRlZmF1bHRfY292ZXJfZnJhbWUuYzIifQ&_nc_ht=instagram.fhan3-4.fna.fbcdn.net&_nc_cat=106&_nc_oc=Q6cZ2QHPZX_AOH8ADVo5hldPM50Q9QCoIndv1ZoA-0gdP9FYRwzdLWzFvUuG1Bwz1pdXtd0&_nc_ohc=GjKjy7lWa7cQ7kNvwFehJfP&_nc_gid=0nhDkg7lLZNRk0fBwx3KtA&edm=AJhczIQBAAAA&ccb=7-5&ig_cache_key=Mzc5NjU0NjI4MzIzNDY2MTI1MA%3D%3D.3-ccb7-5&oh=00_AfpJVQ6HBM2Pun_5zkhvFlO2NkY4-YkUJihsJLm2dBRYHQ&oe=69678513&_nc_sid=4a2096', 'https://instagram.fhan4-6.fna.fbcdn.net/o1/v/t16/f2/m84/AQOIGp3oBEiH22NsXYu4p9KonRyKs5P0PppIUdx619zif3BT6BKI2jZnwhcZZD1GoyaTtawiLPTOroCuC42YZhrwo7HLlBzFtgGUQSc.mp4?_nc_cat=109&_nc_oc=AdmqhDVERWrRdGbxlca28_xYc9hd6cwYFgJOgxakABGcqTASXgiCRjFzjAYAgpiqSIs&_nc_sid=5e9851&_nc_ht=instagram.fhan4-6.fna.fbcdn.net&_nc_ohc=lkXDq0jwDzoQ7kNvwFsH2NT&efg=eyJ2ZW5jb2RlX3RhZyI6Inhwdl9wcm9ncmVzc2l2ZS5JTlNUQUdSQU0uRkVFRC5DMy4xMTY4LmRhc2hfYmFzZWxpbmVfMV92MSIsInhwdl9hc3NldF9pZCI6MTA5MTUwMDQzOTY3MjQ4OSwiYXNzZXRfYWdlX2RheXMiOjE0LCJ2aV91c2VjYXNlX2lkIjoxMDE2NCwiZHVyYXRpb25fcyI6NywidXJsZ2VuX3NvdXJjZSI6Ind3dyJ9&ccb=17-1&_nc_gid=0nhDkg7lLZNRk0fBwx3KtA&_nc_zt=28&vs=5dd7357572059518&_nc_vs=HBksFQIYTGlnX2JhY2tmaWxsX3RpbWVsaW5lX3ZvZC9DRDQ5MEQ0NEE1RUFCQzk5RTJFMThGQURGRjE0MTVCRF92aWRlb19kYXNoaW5pdC5tcDQVAALIARIAFQIYOnBhc3N0aHJvdWdoX2V2ZXJzdG9yZS9HTS1kSlNTbDNwdTloRUlHQUU5YnNlRkZmc0lfYnNwVEFRQUYVAgLIARIAKAAYABsCiAd1c2Vfb2lsATEScHJvZ3Jlc3NpdmVfcmVjaXBlATEVAAAm0trU_9et8AMVAigCQzMsF0AeqfvnbItEGBJkYXNoX2Jhc2VsaW5lXzFfdjERAHXqB2XongEA&oh=00_Afqt1y_TlM7G1vIuhWR_vKuNbd-f8BifZfWphS-XdYvJAQ&oe=6963B213']",,https://www.threads.net/@leahmdelaney/post/DSwCrrJiBOC,[],"{'likes': 3213, 'reposts': 313, 'quotes': 21}",threads,3796546283234661250,Leah Delaney,Threads,"This is the moment a large blackout hits Kyiv during a massive Russian missile attack.

The world must stand with Ukraine. 🇺🇦",threads,75745470909,leahmdelaney
[],2026-01-10T10:29:31.923379+07:00,"just started my brand called Missile 🖤
a curated clothing label for girls who love effortless, timeless looks.
each piece is handpicked & styled to bring everyday elegance into your wardrobe.

we’re looking for content creators who love fashion and want to collab (free product included!).
comment 🖤 if you’d love to be part of our first drop — can’t wait to see your style ✨",2025-10-23T16:44:33+07:00,,3749646137004621108,threads,threads.com,threads_crawler_v1,https://www.threads.net/@michelleeliongg/post/DQJa0uNk300,https://instagram.fhan4-5.fna.fbcdn.net/v/t51.2885-19/557685884_17930052795106922_2771815593869598969_n.jpg?stp=dst-jpg_s150x150_tt6&efg=eyJ2ZW5jb2RlX3RhZyI6InByb2ZpbGVfcGljLmRqYW5nby4xMDgwLmMyIn0&_nc_ht=instagram.fhan4-5.fna.fbcdn.net&_nc_cat=102&_nc_oc=Q6cZ2QHPZX_AOH8ADVo5hldPM50Q9QCoIndv1ZoA-0gdP9FYRwzdLWzFvUuG1Bwz1pdXtd0&_nc_ohc=njlOz3EA_dMQ7kNvwFIgv8B&_nc_gid=0nhDkg7lLZNRk0fBwx3KtA&edm=AJhczIQBAAAA&ccb=7-5&oh=00_Afpiwr3t_8u-ujmAF3P_P07f7O1LfIHYY_rTIpMZccQlDA&oe=6967864D&_nc_sid=4a2096,13,0,11,0,0,['https://instagram.fhan4-5.fna.fbcdn.net/v/t51.2885-15/569077583_17932344774106922_2791307532655892913_n.jpg?stp=dst-jpg_e35_tt6&efg=eyJ2ZW5jb2RlX3RhZyI6InRocmVhZHMuQ0FST1VTRUxfSVRFTS5pbWFnZV91cmxnZW4uMTA4MHgxNDQwLnNkci5mODI3ODcuZGVmYXVsdF9pbWFnZS5jMiJ9&_nc_ht=instagram.fhan4-5.fna.fbcdn.net&_nc_cat=102&_nc_oc=Q6cZ2QHPZX_AOH8ADVo5hldPM50Q9QCoIndv1ZoA-0gdP9FYRwzdLWzFvUuG1Bwz1pdXtd0&_nc_ohc=Ojxjv980DBcQ7kNvwEp9i5U&_nc_gid=0nhDkg7lLZNRk0fBwx3KtA&edm=AJhczIQBAAAA&ccb=7-5&ig_cache_key=Mzc0OTY0NjEzMDg4OTM1ODk0Mg%3D%3D.3-ccb7-5&oh=00_Afprd4q2DunztRHDYNYlqLpg2t32pZ6KCe-nMRjCtq9ueA&oe=6967A759&_nc_sid=4a2096'],,https://www.threads.net/@michelleeliongg/post/DQJa0uNk300,[],"{'likes': 11, 'reposts': 0, 'quotes': 0}",threads,3749646137004621108,Michelle Liong,,"just started my brand called Missile 🖤
a curated clothing label for girls who love effortless, timeless looks.
each piece is handpicked & styled to bring everyday elegance into your wardrobe.

we’re looking for content creators who love fashion and want to collab (free product included!).
comment 🖤 if you’d love to be part of our first drop — can’t wait to see your style ✨",threads,63267562921,michelleeliongg
[],2026-01-10T10:29:31.923408+07:00,Israel has destroyed 2/3 of Iran's missile launchers. I think Trump is waiting for them mostly all to be destroyed before we drop the bunker busters. He is doing this to protect troops stationed in the area. If Iran's nuclear capability is demolished without a single US troop dying. It would be an incredible achievement.,2025-06-20T19:56:54+07:00,,3659145983791883735,threads,threads.com,threads_crawler_v1,https://www.threads.net/@matttate9/post/DLH5eKhNmXX,https://instagram.fhan4-1.fna.fbcdn.net/v/t51.2885-19/358350434_814380950075885_3295195238967881500_n.jpg?stp=dst-jpg_s150x150_tt6&efg=eyJ2ZW5jb2RlX3RhZyI6InByb2ZpbGVfcGljLmRqYW5nby45NjAuYzIifQ&_nc_ht=instagram.fhan4-1.fna.fbcdn.net&_nc_cat=105&_nc_oc=Q6cZ2QHPZX_AOH8ADVo5hldPM50Q9QCoIndv1ZoA-0gdP9FYRwzdLWzFvUuG1Bwz1pdXtd0&_nc_ohc=QnDWs-iVITMQ7kNvwGaHrCn&_nc_gid=0nhDkg7lLZNRk0fBwx3KtA&edm=AJhczIQBAAAA&ccb=7-5&oh=00_Afr1nqLnOptrrJ06nSpG-6zkqj6nkpKCXMbw8_TQwXZJmg&oe=69679FAF&_nc_sid=4a2096,52,0,398,5,0,[],,https://www.threads.net/@matttate9/post/DLH5eKhNmXX,[],"{'likes': 398, 'reposts': 5, 'quotes': 0}",threads,3659145983791883735,Matthew Tate,,Israel has destroyed 2/3 of Iran's missile launchers. I think Trump is waiting for them mostly all to be destroyed before we drop the bunker busters. He is doing this to protect troops stationed in the area. If Iran's nuclear capability is demolished without a single US troop dying. It would be an incredible achievement.,threads,63442317171,matttate9
[],2026-01-10T10:29:31.923437+07:00,"Kyiv
04:25 am 
25th of October 
New ballistic missile attack
I just wanted to sleep",2025-10-25T17:30:15+07:00,,3751118687764780460,threads,threads.com,threads_crawler_v1,https://www.threads.net/@bulavenkooleksiiii/post/DQOppJ-jJWs,https://instagram.fhan3-2.fna.fbcdn.net/v/t51.2885-19/566562701_17897706291301027_1363010053858840709_n.jpg?stp=dst-jpg_s150x150_tt6&efg=eyJ2ZW5jb2RlX3RhZyI6InByb2ZpbGVfcGljLmRqYW5nby4xMDgwLmMyIn0&_nc_ht=instagram.fhan3-2.fna.fbcdn.net&_nc_cat=107&_nc_oc=Q6cZ2QHPZX_AOH8ADVo5hldPM50Q9QCoIndv1ZoA-0gdP9FYRwzdLWzFvUuG1Bwz1pdXtd0&_nc_ohc=13wVjhCg-GgQ7kNvwE8lv2S&_nc_gid=0nhDkg7lLZNRk0fBwx3KtA&edm=AJhczIQBAAAA&ccb=7-5&oh=00_AfqrHIhF0zIs3qyfVvDzLg9D22EKt4mB-VXygzeEYVzQRg&oe=696792A5&_nc_sid=4a2096,60,0,742,12,0,['https://instagram.fhan3-2.fna.fbcdn.net/v/t51.2885-15/571558500_17898468792301027_4728338559327904850_n.jpg?stp=dst-jpg_e35_tt6&efg=eyJ2ZW5jb2RlX3RhZyI6InRocmVhZHMuRkVFRC5pbWFnZV91cmxnZW4uOTYweDEyODAuc2RyLmY4Mjc4Ny5kZWZhdWx0X2ltYWdlLmMyIn0&_nc_ht=instagram.fhan3-2.fna.fbcdn.net&_nc_cat=107&_nc_oc=Q6cZ2QHPZX_AOH8ADVo5hldPM50Q9QCoIndv1ZoA-0gdP9FYRwzdLWzFvUuG1Bwz1pdXtd0&_nc_ohc=9X3CjxK8qOgQ7kNvwEVsv9F&_nc_gid=0nhDkg7lLZNRk0fBwx3KtA&edm=AJhczIQBAAAA&ccb=7-5&ig_cache_key=Mzc1MTExODY4Nzc2NDc4MDQ2MA%3D%3D.3-ccb7-5&oh=00_Afpj0XfUXGYTvUbXSqOt07vHcgMozHnAyQOFSdT9AsU32g&oe=6967A005&_nc_sid=4a2096'],,https://www.threads.net/@bulavenkooleksiiii/post/DQOppJ-jJWs,[],"{'likes': 742, 'reposts': 12, 'quotes': 0}",threads,3751118687764780460,льоля,fypviral,"Kyiv
04:25 am 
25th of October 
New ballistic missile attack
I just wanted to sleep",threads,68946973026,bulavenkooleksiiii
[],2026-01-10T10:29:31.923475+07:00,"F-16 VS CRUISE MISSILE: REAL-LIFE TOP GUN MOMENT
You’re watching an F-16AM Falcon literally hunting down a Russian Kh-101 cruise missile over Ukraine in real time. No simulator, no movie, just a pilot threading a supersonic needle during a massive missile and drone strike.",2025-12-21T19:00:52+07:00,,3792476160932775481,threads,threads.com,threads_crawler_v1,https://www.threads.net/@intalogy/post/DShlPmXiQY5,https://instagram.fhan3-4.fna.fbcdn.net/v/t51.2885-19/610496589_17850152130617404_1107078893685133844_n.jpg?stp=dst-jpg_s150x150_tt6&efg=eyJ2ZW5jb2RlX3RhZyI6InByb2ZpbGVfcGljLmRqYW5nby4xMDgwLmMyIn0&_nc_ht=instagram.fhan3-4.fna.fbcdn.net&_nc_cat=104&_nc_oc=Q6cZ2QHPZX_AOH8ADVo5hldPM50Q9QCoIndv1ZoA-0gdP9FYRwzdLWzFvUuG1Bwz1pdXtd0&_nc_ohc=kReS-n_lY5sQ7kNvwG4hKK_&_nc_gid=0nhDkg7lLZNRk0fBwx3KtA&edm=AJhczIQBAAAA&ccb=7-5&oh=00_AfrklS38M-iEm6NND69JyPPNuF0dhXwMUxfdMpuzxfMxVw&oe=69678C95&_nc_sid=4a2096,42,0,993,27,0,"['https://instagram.fhan4-5.fna.fbcdn.net/v/t51.2885-15/602830042_705603052377254_1019589566302279400_n.jpg?stp=dst-jpg_e15_tt6&efg=eyJ2ZW5jb2RlX3RhZyI6InRocmVhZHMuRkVFRC5pbWFnZV91cmxnZW4uNjQweDc1Mi5zZHIuZjcxODc4LmRlZmF1bHRfY292ZXJfZnJhbWUuYzIifQ&_nc_ht=instagram.fhan4-5.fna.fbcdn.net&_nc_cat=102&_nc_oc=Q6cZ2QHPZX_AOH8ADVo5hldPM50Q9QCoIndv1ZoA-0gdP9FYRwzdLWzFvUuG1Bwz1pdXtd0&_nc_ohc=j7ZAMZ-TrY0Q7kNvwHobqE8&_nc_gid=0nhDkg7lLZNRk0fBwx3KtA&edm=AJhczIQBAAAA&ccb=7-5&ig_cache_key=Mzc5MjQ3NjE2MDkzMjc3NTQ4MQ%3D%3D.3-ccb7-5&oh=00_AfomfZrigdZ6Z2ARhYzZXz3sb5rLyyHqp-6uTEH1sEnYqQ&oe=6967A4E1&_nc_sid=4a2096', 'https://instagram.fhan3-4.fna.fbcdn.net/o1/v/t16/f2/m84/AQNeOSx8vX3qLPv0Vet-ySVgXKZsa0IFbOAy3mgBhn7ctP0hAE6NWOzHwAswCQV1SqFLbyRTjEEV9LhjTCQun-mglIenKbqFbv2JA0U.mp4?_nc_cat=104&_nc_oc=AdmOcIZmnqz2S95zrpcncog85H1XfM688Zip_HnVJekTdCQPnbt8yj5RPm1FEOw0u4c&_nc_sid=5e9851&_nc_ht=instagram.fhan3-4.fna.fbcdn.net&_nc_ohc=WhQla-ISDvQQ7kNvwFT5Zvr&efg=eyJ2ZW5jb2RlX3RhZyI6Inhwdl9wcm9ncmVzc2l2ZS5JTlNUQUdSQU0uRkVFRC5DMy43MjAuZGFzaF9iYXNlbGluZV8xX3YxIiwieHB2X2Fzc2V0X2lkIjo0MjMyNTc1NTM2OTg2NTY4LCJhc3NldF9hZ2VfZGF5cyI6MTksInZpX3VzZWNhc2VfaWQiOjEwMTY0LCJkdXJhdGlvbl9zIjo3LCJ1cmxnZW5fc291cmNlIjoid3d3In0%3D&ccb=17-1&_nc_gid=0nhDkg7lLZNRk0fBwx3KtA&_nc_zt=28&vs=a8935375f0605469&_nc_vs=HBksFQIYTGlnX2JhY2tmaWxsX3RpbWVsaW5lX3ZvZC9BRjQ3MTg2RDNENzk1QUIyQkJFNzZGN0NBOEQ3NjRCRV92aWRlb19kYXNoaW5pdC5tcDQVAALIARIAFQIYOnBhc3N0aHJvdWdoX2V2ZXJzdG9yZS9HQUZGM0NQYnI4WGtRazRJQUh5Tm85Nk5BVXRMYnNwVEFRQUYVAgLIARIAKAAYABsCiAd1c2Vfb2lsATEScHJvZ3Jlc3NpdmVfcmVjaXBlATEVAAAmkOfvlanghA8VAigCQzMsF0AeIcrAgxJvGBJkYXNoX2Jhc2VsaW5lXzFfdjERAHXqB2XongEA&oh=00_AfoPL2ZbsJ8oXbs4kHxeK3olP5BgDAg29bdeYvsFWKlLJg&oe=6963AED4']",,https://www.threads.net/@intalogy/post/DShlPmXiQY5,[],"{'likes': 993, 'reposts': 26, 'quotes': 1}",threads,3792476160932775481,Intalogy™,,"F-16 VS CRUISE MISSILE: REAL-LIFE TOP GUN MOMENT
You’re watching an F-16AM Falcon literally hunting down a Russian Kh-101 cruise missile over Ukraine in real time. No simulator, no movie, just a pilot threading a supersonic needle during a massive missile and drone strike.",threads,78524833403,intalogy
[],2026-01-10T10:29:31.923504+07:00,"Russia's ""Dead Hand System"", it's a missile system built in Cold War against the USA Incase if all top officials in Russia are all dead it launch Nuclear missiles automatically targeting every country in the world. 
I bet Russia be like: *If we dying then we will take everyone with us*. Lol😅",2025-08-11T18:49:45+07:00,,3696800517209860756,threads,threads.com,threads_crawler_v1,https://www.threads.net/@jalkeat43/post/DNNrHvhxiqU,https://instagram.fhan4-5.fna.fbcdn.net/v/t51.2885-19/358342895_1667724260396967_1037685427769462456_n.jpg?stp=dst-jpg_s150x150_tt6&efg=eyJ2ZW5jb2RlX3RhZyI6InByb2ZpbGVfcGljLmRqYW5nby4xMDgwLmMyIn0&_nc_ht=instagram.fhan4-5.fna.fbcdn.net&_nc_cat=103&_nc_oc=Q6cZ2QHPZX_AOH8ADVo5hldPM50Q9QCoIndv1ZoA-0gdP9FYRwzdLWzFvUuG1Bwz1pdXtd0&_nc_ohc=hdxmrxF7KDkQ7kNvwFrR4fP&_nc_gid=0nhDkg7lLZNRk0fBwx3KtA&edm=AJhczIQBAAAA&ccb=7-5&oh=00_AfqVQxrsjskTB7To4lSuaJExt63iXDM514xy1Zc1M6YYBw&oe=6967A505&_nc_sid=4a2096,471,0,630,14,0,['https://instagram.fhan3-4.fna.fbcdn.net/v/t39.30808-6/530604067_1285893429996184_6356424287521842868_n.jpg?stp=dst-jpg_e35_tt6&efg=eyJ2ZW5jb2RlX3RhZyI6InRocmVhZHMuRkVFRC5pbWFnZV91cmxnZW4uNzM1eDUxMi5zZHIuZjMwODA4LmRlZmF1bHRfaW1hZ2UuYzIifQ&_nc_ht=instagram.fhan3-4.fna.fbcdn.net&_nc_cat=104&_nc_oc=Q6cZ2QHPZX_AOH8ADVo5hldPM50Q9QCoIndv1ZoA-0gdP9FYRwzdLWzFvUuG1Bwz1pdXtd0&_nc_ohc=XvphEkr2WIAQ7kNvwGvbjzS&_nc_gid=0nhDkg7lLZNRk0fBwx3KtA&edm=AJhczIQAAAAA&ccb=7-5&ig_cache_key=MzY5NjgwMDUxNzIwOTg2MDc1Ng%3D%3D.3-ccb7-5&oh=00_Afop2zuly_Ii6cVoBYsfIZ7zqeCeNgqH7I6XVW-0BBnLVw&oe=6967B415&_nc_sid=4a2096'],,https://www.threads.net/@jalkeat43/post/DNNrHvhxiqU,[],"{'likes': 630, 'reposts': 12, 'quotes': 2}",threads,3696800517209860756,Jal Keat,,"Russia's ""Dead Hand System"", it's a missile system built in Cold War against the USA Incase if all top officials in Russia are all dead it launch Nuclear missiles automatically targeting every country in the world. 
I bet Russia be like: *If we dying then we will take everyone with us*. Lol😅",threads,63422378880,jalkeat43
[],2026-01-10T10:29:31.923543+07:00,BREAKING: Israeli woman injured by Iranian missile attack has died,2025-06-14T05:03:35+07:00,,3654347704488231647,threads,threads.com,threads_crawler_v1,https://www.threads.net/@dannykpolitics/post/DK22eAryQLf,https://instagram.fhan3-3.fna.fbcdn.net/v/t51.2885-19/447801619_432618052892676_827955217001161532_n.jpg?stp=dst-jpg_s150x150_tt6&efg=eyJ2ZW5jb2RlX3RhZyI6InByb2ZpbGVfcGljLmRqYW5nby41MTIuYzIifQ&_nc_ht=instagram.fhan3-3.fna.fbcdn.net&_nc_cat=1&_nc_oc=Q6cZ2QHPZX_AOH8ADVo5hldPM50Q9QCoIndv1ZoA-0gdP9FYRwzdLWzFvUuG1Bwz1pdXtd0&_nc_ohc=bcFhm8sl6b8Q7kNvwHPqX_2&_nc_gid=0nhDkg7lLZNRk0fBwx3KtA&edm=AJhczIQBAAAA&ccb=7-5&oh=00_Afo0o7zRONLMJ5LUSdIk_gq7HoVviALHk2M8nGzD4kMmUQ&oe=696780AF&_nc_sid=4a2096,159,0,555,22,0,[],,https://www.threads.net/@dannykpolitics/post/DK22eAryQLf,[],"{'likes': 555, 'reposts': 18, 'quotes': 4}",threads,3654347704488231647,Danny Krikorian,,BREAKING: Israeli woman injured by Iranian missile attack has died,threads,69805090433,dannykpolitics
[],2026-01-10T10:29:31.923590+07:00,BREAKING NEWS🚀 Turkey strongly condemns Iran's missile attack on US airbase in Qatar.,2025-06-24T03:08:36+07:00,,3661537590569441785,threads,threads.com,threads_crawler_v1,https://www.threads.net/@marslinknews/post/DLQZQn5oZn5,https://instagram.fhan3-4.fna.fbcdn.net/v/t51.2885-19/469214236_8714370058618026_40961599177794835_n.jpg?stp=dst-jpg_s150x150_tt6&efg=eyJ2ZW5jb2RlX3RhZyI6InByb2ZpbGVfcGljLmRqYW5nby4xMDgwLmMyIn0&_nc_ht=instagram.fhan3-4.fna.fbcdn.net&_nc_cat=106&_nc_oc=Q6cZ2QHPZX_AOH8ADVo5hldPM50Q9QCoIndv1ZoA-0gdP9FYRwzdLWzFvUuG1Bwz1pdXtd0&_nc_ohc=P3YFqpvSBGoQ7kNvwGYIL-Y&_nc_gid=0nhDkg7lLZNRk0fBwx3KtA&edm=AJhczIQBAAAA&ccb=7-5&oh=00_AfpH_dkTtzyoKupMNeRocdev1aOYhR3QSpyQXq1ztvsv3A&oe=696789CE&_nc_sid=4a2096,158,0,855,19,0,['https://instagram.fhan3-2.fna.fbcdn.net/v/t51.2885-15/505200396_17878720515347959_4041004222633076600_n.webp?efg=eyJ2ZW5jb2RlX3RhZyI6InRocmVhZHMuQ0FST1VTRUxfSVRFTS5pbWFnZV91cmxnZW4uMTAzMngxMTY1LnNkci5mNzU3NjEuZGVmYXVsdF9pbWFnZS5jMiJ9&_nc_ht=instagram.fhan3-2.fna.fbcdn.net&_nc_cat=107&_nc_oc=Q6cZ2QHPZX_AOH8ADVo5hldPM50Q9QCoIndv1ZoA-0gdP9FYRwzdLWzFvUuG1Bwz1pdXtd0&_nc_ohc=WSJt87QDWasQ7kNvwGx_XB4&_nc_gid=0nhDkg7lLZNRk0fBwx3KtA&edm=AJhczIQBAAAA&ccb=7-5&ig_cache_key=MzY2MTUzNzU4NDAzNDcxMjQxMw%3D%3D.3-ccb7-5&oh=00_Afq4mzIJltjwt43ZFePG-ApOzmJOu1CDOqfIpIIMUulOZA&oe=69678C2C&_nc_sid=4a2096'],,https://www.threads.net/@marslinknews/post/DLQZQn5oZn5,[],"{'likes': 855, 'reposts': 18, 'quotes': 1}",threads,3661537590569441785,MarsLink News,,BREAKING NEWS🚀 Turkey strongly condemns Iran's missile attack on US airbase in Qatar.,threads,70458659958,marslinknews
[],2026-01-10T10:29:31.923619+07:00,"I’m having a hard time understanding Iran’s missile target strategy.

Surely if you’re going to use hypersonic missiles (almost impossible to intercept), you’d aim them at air force runways and air defences. Why hit random places?",2025-06-15T07:21:49+07:00,,3655142056120642806,threads,threads.com,threads_crawler_v1,https://www.threads.net/@osintel.news/post/DK5rFWSqWz2,https://instagram.fhan4-3.fna.fbcdn.net/v/t51.2885-19/469636617_2721087788063758_5240866376289393908_n.jpg?stp=dst-jpg_s150x150_tt6&efg=eyJ2ZW5jb2RlX3RhZyI6InByb2ZpbGVfcGljLmRqYW5nby41MDAuYzIifQ&_nc_ht=instagram.fhan4-3.fna.fbcdn.net&_nc_cat=110&_nc_oc=Q6cZ2QHPZX_AOH8ADVo5hldPM50Q9QCoIndv1ZoA-0gdP9FYRwzdLWzFvUuG1Bwz1pdXtd0&_nc_ohc=AKZN3GrYprYQ7kNvwGZPQzJ&_nc_gid=0nhDkg7lLZNRk0fBwx3KtA&edm=AJhczIQBAAAA&ccb=7-5&oh=00_AfppKlQLSt-UbH2wNGqC55rUn9ofWExgQb-7ZTT9SchJpQ&oe=6967AEC5&_nc_sid=4a2096,351,0,760,3,0,[],,https://www.threads.net/@osintel.news/post/DK5rFWSqWz2,[],"{'likes': 760, 'reposts': 3, 'quotes': 0}",threads,3655142056120642806,OSINTEL,,"I’m having a hard time understanding Iran’s missile target strategy.

Surely if you’re going to use hypersonic missiles (almost impossible to intercept), you’d aim them at air force runways and air defences. Why hit random places?",threads,71104733041,osintel.news
[],2026-01-10T10:29:31.923650+07:00,"#SouthKorea’s new KTSSM-II missile is being called deadlier than #Israel’s, videos show two missiles striking the exact same spot back-to-back for complete destruction. But #India’s Agni-5 can do the same, carrying a massive 7.5-ton bunker-busting warhead.",2025-12-21T23:06:31+07:00,,3792600125802304474,threads,threads.com,threads_crawler_v1,https://www.threads.net/@ash.vikrant74/post/DSiBbhpjFPa,https://instagram.fhan4-6.fna.fbcdn.net/v/t51.2885-19/607388244_17937073425111188_4347651831065692916_n.jpg?stp=dst-jpg_s150x150_tt6&efg=eyJ2ZW5jb2RlX3RhZyI6InByb2ZpbGVfcGljLmRqYW5nby4xMDgwLmMyIn0&_nc_ht=instagram.fhan4-6.fna.fbcdn.net&_nc_cat=108&_nc_oc=Q6cZ2QHPZX_AOH8ADVo5hldPM50Q9QCoIndv1ZoA-0gdP9FYRwzdLWzFvUuG1Bwz1pdXtd0&_nc_ohc=2FKHLDvou1EQ7kNvwFFroOF&_nc_gid=0nhDkg7lLZNRk0fBwx3KtA&edm=AJhczIQBAAAA&ccb=7-5&oh=00_AfrEKvxyIESqBMKk_wor4udNbb9ebtG7hrSZYwGlTlPJYQ&oe=6967B108&_nc_sid=4a2096,8,0,235,5,0,"['https://instagram.fhan4-3.fna.fbcdn.net/v/t15.5256-10/605246499_850447834274050_5483876446872007524_n.jpg?stp=dst-jpg_e15_tt6&efg=eyJ2ZW5jb2RlX3RhZyI6InRocmVhZHMuRkVFRC5pbWFnZV91cmxnZW4uMTI4MHg3MjAuc2RyLmY1MjU2LmZpcnN0X2ZyYW1lX3RodW1ibmFpbC5jMiJ9&_nc_ht=instagram.fhan4-3.fna.fbcdn.net&_nc_cat=110&_nc_oc=Q6cZ2QHPZX_AOH8ADVo5hldPM50Q9QCoIndv1ZoA-0gdP9FYRwzdLWzFvUuG1Bwz1pdXtd0&_nc_ohc=Z0xLBEzEDCMQ7kNvwHc1ZOG&_nc_gid=0nhDkg7lLZNRk0fBwx3KtA&edm=AJhczIQAAAAA&ccb=7-5&ig_cache_key=Mzc5MjYwMDEyNTgwMjMwNDQ3NA%3D%3D.3-ccb7-5&oh=00_AfoQW6iy5nIJlYV6sL1c-KPV03uFY0BIudQk9oxwg0kLFA&oe=69677FF5&_nc_sid=4a2096', 'https://instagram.fhan3-3.fna.fbcdn.net/o1/v/t2/f2/m366/AQPGP49ckegQzN2Z_1WBNCwjitkwrhHcWQRz0oXC2Y0wsDSLrIP6_9ih63LklBa-mKLPUde0UwdZwBjmXiWZqYhyk2GWnG5MWcdOP-exCt2Ahw.mp4?_nc_cat=111&_nc_oc=AdldOMvG_7hDMtCR0t1UKauxqxe1uMLAJEy2T9z0RV6-H7m9_atoS2u_5ZCkB1VFNFU&_nc_sid=5e9851&_nc_ht=instagram.fhan3-3.fna.fbcdn.net&_nc_ohc=eVecAMqeA5QQ7kNvwH12fGN&efg=eyJ2ZW5jb2RlX3RhZyI6Inhwdl9wcm9ncmVzc2l2ZS5JTlNUQUdSQU0uRkVFRC5DMy4xMjgwLmRhc2hfaDI2NC1iYXNpYy1nZW4yXzcyMHAiLCJ4cHZfYXNzZXRfaWQiOjg1Mjc1ODk0NDM5NTc3NCwiYXNzZXRfYWdlX2RheXMiOjE5LCJ2aV91c2VjYXNlX2lkIjoxMDEyMywiZHVyYXRpb25fcyI6MTcsInVybGdlbl9zb3VyY2UiOiJ3d3cifQ%3D%3D&ccb=17-1&_nc_gid=0nhDkg7lLZNRk0fBwx3KtA&_nc_zt=28&vs=dc6bbbfdf5803db7&_nc_vs=HBksFQIYRWZiX2VwaGVtZXJhbC9DNjRBMUNCQkFBMzhEM0Y2OEZDN0Q3MEY2Rjc2Qzc4MV9tdF8xX3ZpZGVvX2Rhc2hpbml0Lm1wNBUAAsgBEgAVAhhAZmJfcGVybWFuZW50L0I0NEVBM0QxODk2MDA0REE4QTI5QjdFRTE2RThCMTg4X2F1ZGlvX2Rhc2hpbml0Lm1wNBUCAsgBEgAoABgAGwKIB3VzZV9vaWwBMRJwcm9ncmVzc2l2ZV9yZWNpcGUBMRUAACb8x62fjeWDAxUCKAJDMywXQDE7peNT988YGWRhc2hfaDI2NC1iYXNpYy1nZW4yXzcyMHARAHXqB2WWngEA&oh=00_AfoK8m6irJ6Eivy33eby1DIulXIGhsouMf_YWI_hbglesw&oe=6967B0E9']",,https://www.threads.net/@ash.vikrant74/post/DSiBbhpjFPa,[],"{'likes': 235, 'reposts': 4, 'quotes': 1}",threads,3792600125802304474,Ash Vikrant,,"#SouthKorea’s new KTSSM-II missile is being called deadlier than #Israel’s, videos show two missiles striking the exact same spot back-to-back for complete destruction. But #India’s Agni-5 can do the same, carrying a massive 7.5-ton bunker-busting warhead.",threads,63234047187,ash.vikrant74
[],2026-01-10T10:29:31.923698+07:00,"🚨NEW: Pentagon confirms China has deployed the advanced DF-27 long-range missile noted for distinctive capabilities, per Business Insider",2026-01-01T17:31:58+07:00,,3800404281883707106,threads,threads.com,threads_crawler_v1,https://www.threads.net/@nunyabiznews/post/DS9v48YjUbi,https://instagram.fhan4-5.fna.fbcdn.net/v/t51.2885-19/443528156_418197007681430_1970348966497400720_n.jpg?stp=dst-jpg_s150x150_tt6&efg=eyJ2ZW5jb2RlX3RhZyI6InByb2ZpbGVfcGljLmRqYW5nby40NjYuYzIifQ&_nc_ht=instagram.fhan4-5.fna.fbcdn.net&_nc_cat=102&_nc_oc=Q6cZ2QHPZX_AOH8ADVo5hldPM50Q9QCoIndv1ZoA-0gdP9FYRwzdLWzFvUuG1Bwz1pdXtd0&_nc_ohc=N-z705wkFX4Q7kNvwHO9fqJ&_nc_gid=0nhDkg7lLZNRk0fBwx3KtA&edm=AJhczIQBAAAA&ccb=7-5&oh=00_AfpCRvN9Mr0odjTclTZsNFoaseYgfGNwvBytlu4eGOcEWA&oe=69678D5E&_nc_sid=4a2096,3,0,29,3,0,[],,https://www.threads.net/@nunyabiznews/post/DS9v48YjUbi,[],"{'likes': 29, 'reposts': 2, 'quotes': 1}",threads,3800404281883707106,Nunya Business,,"🚨NEW: Pentagon confirms China has deployed the advanced DF-27 long-range missile noted for distinctive capabilities, per Business Insider",threads,63362775306,nunyabiznews
[],2026-01-10T10:29:31.923728+07:00,"Why did the IDF shoot a missile at a cafe today that killed 41 innocent human beings, severely injured 75 innocent human beings and zero Hamas combatants? How long will it take the world to forget this single incident?  Is this just what Israel does and should be accepted? Do they have a blank check to kill innocents anywhere in the world and not have to give a reason for it? Who was this defending?",2025-07-01T11:43:05+07:00,,3666869967429619315,threads,threads.com,threads_crawler_v1,https://www.threads.net/@howardzinn1/post/DLjVs62MM5z,https://instagram.fhan3-4.fna.fbcdn.net/v/t51.2885-19/487439502_17856412242405006_5195749440966199614_n.jpg?stp=dst-jpg_s150x150_tt6&efg=eyJ2ZW5jb2RlX3RhZyI6InByb2ZpbGVfcGljLmRqYW5nby4xMDgwLmMyIn0&_nc_ht=instagram.fhan3-4.fna.fbcdn.net&_nc_cat=106&_nc_oc=Q6cZ2QHPZX_AOH8ADVo5hldPM50Q9QCoIndv1ZoA-0gdP9FYRwzdLWzFvUuG1Bwz1pdXtd0&_nc_ohc=E3bnjpGvF0sQ7kNvwFC9MVf&_nc_gid=0nhDkg7lLZNRk0fBwx3KtA&edm=AJhczIQBAAAA&ccb=7-5&oh=00_AfqxL99tjG-LTSArYshiq31lCvJZFkMU1m1F_DAUloPVEQ&oe=6967A376&_nc_sid=4a2096,102,0,576,91,0,[],,https://www.threads.net/@howardzinn1/post/DLjVs62MM5z,[],"{'likes': 576, 'reposts': 89, 'quotes': 2}",threads,3666869967429619315,HowardZinn1,Israel,"Why did the IDF shoot a missile at a cafe today that killed 41 innocent human beings, severely injured 75 innocent human beings and zero Hamas combatants? How long will it take the world to forget this single incident?  Is this just what Israel does and should be accepted? Do they have a blank check to kill innocents anywhere in the world and not have to give a reason for it? Who was this defending?",threads,73414640941,howardzinn1
[],2026-01-10T10:29:31.923759+07:00,Missile in 2nd picture was also a nightmare for india. 🤣🤣🤣,2025-11-28T09:19:00+07:00,,3775513810821131403,threads,threads.com,threads_crawler_v1,https://www.threads.net/@vimvinit007/post/DRlUc6ykyyL,https://instagram.fhan3-4.fna.fbcdn.net/v/t51.2885-19/609256948_17883848808428236_7139002187301996855_n.jpg?stp=dst-jpg_s150x150_tt6&efg=eyJ2ZW5jb2RlX3RhZyI6InByb2ZpbGVfcGljLmRqYW5nby4xMDgwLmMyIn0&_nc_ht=instagram.fhan3-4.fna.fbcdn.net&_nc_cat=104&_nc_oc=Q6cZ2QHPZX_AOH8ADVo5hldPM50Q9QCoIndv1ZoA-0gdP9FYRwzdLWzFvUuG1Bwz1pdXtd0&_nc_ohc=IC_17pCrH_4Q7kNvwFS-WpL&_nc_gid=0nhDkg7lLZNRk0fBwx3KtA&edm=AJhczIQBAAAA&ccb=7-5&oh=00_Afoqfnk53THXYu7ltJFDgVplxm077dFP7y5yUVXrNt9hzA&oe=6967A3F4&_nc_sid=4a2096,15,0,58,3,0,['https://instagram.fhan3-4.fna.fbcdn.net/v/t51.2885-15/589109416_17879718321428236_8037352857155849805_n.webp?efg=eyJ2ZW5jb2RlX3RhZyI6InRocmVhZHMuQ0FST1VTRUxfSVRFTS5pbWFnZV91cmxnZW4uMTA3OXgxMzIyLnNkci5mODI3ODcuZGVmYXVsdF9pbWFnZS5jMiJ9&_nc_ht=instagram.fhan3-4.fna.fbcdn.net&_nc_cat=104&_nc_oc=Q6cZ2QHPZX_AOH8ADVo5hldPM50Q9QCoIndv1ZoA-0gdP9FYRwzdLWzFvUuG1Bwz1pdXtd0&_nc_ohc=M1ZBzVYxNHwQ7kNvwHt_QpI&_nc_gid=0nhDkg7lLZNRk0fBwx3KtA&edm=AJhczIQBAAAA&ccb=7-5&ig_cache_key=Mzc3NTUxMzgwNTAzMzAzMjczOQ%3D%3D.3-ccb7-5&oh=00_AfqlZyonUP7XvzNve_qx_HzOJt4P96KtPzOdbbQtnt2evw&oe=6967B587&_nc_sid=4a2096'],,https://www.threads.net/@vimvinit007/post/DRlUc6ykyyL,[],"{'likes': 58, 'reposts': 3, 'quotes': 0}",threads,3775513810821131403,MLA Rawalpindi (4th Term),pakistan,Missile in 2nd picture was also a nightmare for india. 🤣🤣🤣,threads,72915716235,vimvinit007
[],2026-01-10T10:29:31.923790+07:00,"🇷🇺🇹🇷 Russia struck Kyiv’s Bayraktar drone factory with two missile hits overnight, halting near-complete production despite Baykar’s multimillion-dollar investments and trained staff.",2025-08-29T03:59:59+07:00,,3709398647306763622,threads,threads.com,threads_crawler_v1,https://www.threads.net/@globalvulture/post/DN6bmqfCL1m,https://instagram.fhan4-3.fna.fbcdn.net/v/t51.2885-19/552728402_17860803258492012_1384005651385241066_n.jpg?stp=dst-jpg_s150x150_tt6&efg=eyJ2ZW5jb2RlX3RhZyI6InByb2ZpbGVfcGljLmRqYW5nby4xMDgwLmMyIn0&_nc_ht=instagram.fhan4-3.fna.fbcdn.net&_nc_cat=100&_nc_oc=Q6cZ2QHPZX_AOH8ADVo5hldPM50Q9QCoIndv1ZoA-0gdP9FYRwzdLWzFvUuG1Bwz1pdXtd0&_nc_ohc=sHIXFCF-aSAQ7kNvwEFOoOP&_nc_gid=0nhDkg7lLZNRk0fBwx3KtA&edm=AJhczIQBAAAA&ccb=7-5&oh=00_Afo-MmnwyzTCEQtxgpR_RtYOZXwPQkABShwMqVbSHiq-kQ&oe=69679FEE&_nc_sid=4a2096,61,0,153,1,0,['https://instagram.fhan4-3.fna.fbcdn.net/v/t51.2885-15/540349106_17857662378492012_5252500619814665785_n.webp?efg=eyJ2ZW5jb2RlX3RhZyI6InRocmVhZHMuRkVFRC5pbWFnZV91cmxnZW4uMTI4MHg3MjAuc2RyLmY4Mjc4Ny5kZWZhdWx0X2ltYWdlLmMyIn0&_nc_ht=instagram.fhan4-3.fna.fbcdn.net&_nc_cat=100&_nc_oc=Q6cZ2QHPZX_AOH8ADVo5hldPM50Q9QCoIndv1ZoA-0gdP9FYRwzdLWzFvUuG1Bwz1pdXtd0&_nc_ohc=UzX97KEIz14Q7kNvwF-dAy-&_nc_gid=0nhDkg7lLZNRk0fBwx3KtA&edm=AJhczIQBAAAA&ccb=7-5&ig_cache_key=MzcwOTM5ODY0NzMwNjc2MzYyMg%3D%3D.3-ccb7-5&oh=00_AfrvFV21d4ZrwY4-jo_sU6tistVsY-Q69UQKk1sBNjqFow&oe=6967884A&_nc_sid=4a2096'],,https://www.threads.net/@globalvulture/post/DN6bmqfCL1m,[],"{'likes': 153, 'reposts': 1, 'quotes': 0}",threads,3709398647306763622,Global Vulture,,"🇷🇺🇹🇷 Russia struck Kyiv’s Bayraktar drone factory with two missile hits overnight, halting near-complete production despite Baykar’s multimillion-dollar investments and trained staff.",threads,74833180011,globalvulture
[],2026-01-10T10:29:59.327974+07:00,"BREAKING 🇮🇷🇨🇳🇮🇱🔥 China sends Missile, Aircraft and Drones fuel and assistance to Iran against #Israel.",2025-06-13T22:24:53+07:00,,3654147026855451625,threads,threads.com,threads_crawler_v1,https://www.threads.net/@_murtazaidi/post/DK2I1xExNvp,https://instagram.fkul21-2.fna.fbcdn.net/v/t51.2885-19/573323465_1219825463302212_7278921664109726296_n.png?stp=dst-jpg_e0_s150x150_tt6&efg=eyJ2ZW5jb2RlX3RhZyI6InByb2ZpbGVfcGljLmRqYW5nby4xNTAuYzIifQ&_nc_ht=instagram.fkul21-2.fna.fbcdn.net&_nc_cat=1&_nc_oc=Q6cZ2QGZrBafs4k0z8kku5kchT77_QwNDCzAtXnRzYl_kqmoFRePqfKMPMDknvJbLW5uGe0&_nc_ohc=jFezCB5ZvcgQ7kNvwGfkX4C&_nc_gid=wpZQ3mDSnV_p3p8I8NftHA&edm=AOkgA_0BAAAA&ccb=7-5&ig_cache_key=YW5vbnltb3VzX3Byb2ZpbGVfcGlj.3-ccb7-5&oh=00_Afow5iEHAVycqPtVhUQr8ajedEckxuwzdLkbYtKlLbHoTg&oe=696789AA&_nc_sid=46f6c2,401,0,16393,530,0,['https://instagram.fhan4-6.fna.fbcdn.net/v/t39.30808-6/506025862_4072980152986521_4990944844319173943_n.jpg?stp=dst-jpg_e35_tt6&efg=eyJ2ZW5jb2RlX3RhZyI6InRocmVhZHMuRkVFRC5pbWFnZV91cmxnZW4uMTA4MHgxMjMwLnNkci5mMzA4MDguZGVmYXVsdF9pbWFnZS5jMiJ9&_nc_ht=instagram.fhan4-6.fna.fbcdn.net&_nc_cat=109&_nc_oc=Q6cZ2QGK6kZfnCW2G9-8-cbgu5EaPg6V9e_NgsiIAiEd5Iclrf2Zh-e6FFQWoSBJinIsnPQ&_nc_ohc=B3Tw5jLF9v4Q7kNvwHI6gW5&_nc_gid=ojOaLKcGh4-HfRfWvw6pfg&edm=AJhczIQAAAAA&ccb=7-5&ig_cache_key=MzY1NDE0NzAyNjg1NTQ1MTYyNQ%3D%3D.3-ccb7-5&oh=00_AfoZwY3v6NFsgSRZUzrC3_o0KAUUBtowWx30dzQG5Ez_Qw&oe=696781CE&_nc_sid=4a2096'],,https://www.threads.net/@_murtazaidi/post/DK2I1xExNvp,[],"{'likes': 16393, 'reposts': 509, 'quotes': 21}",threads,3654147026855451625,Murtaza Zaidi,,"BREAKING 🇮🇷🇨🇳🇮🇱🔥 China sends Missile, Aircraft and Drones fuel and assistance to Iran against #Israel.",threads,63282211718,_murtazaidi
[],2026-01-10T10:29:59.328365+07:00,"BrahMos: The missile everyone wants! 🔥 With Mach 3 speed, 400km range & 'S'-maneuver, it's virtually unstoppable. After its demonstrated power, demand has skyrocketed! India's defense tech is now a global game-changer, earning foreign exchange & bolstering our economy. #BrahMos #IndianDefence #MadeInIndia #MissileTech #GlobalPower",2025-06-08T09:59:56+07:00,,3650148195726415892,threads,threads.com,threads_crawler_v1,https://www.threads.net/@ayusshsanghi/post/DKn7nHXzlgU,https://instagram.fhan4-6.fna.fbcdn.net/v/t51.2885-19/434027938_843321481143681_139439052854685507_n.jpg?stp=dst-jpg_s150x150_tt6&efg=eyJ2ZW5jb2RlX3RhZyI6InByb2ZpbGVfcGljLmRqYW5nby4xMDgwLmMyIn0&_nc_ht=instagram.fhan4-6.fna.fbcdn.net&_nc_cat=109&_nc_oc=Q6cZ2QGK6kZfnCW2G9-8-cbgu5EaPg6V9e_NgsiIAiEd5Iclrf2Zh-e6FFQWoSBJinIsnPQ&_nc_ohc=RbKRMFQ9-9IQ7kNvwFt-67y&_nc_gid=ojOaLKcGh4-HfRfWvw6pfg&edm=AJhczIQBAAAA&ccb=7-5&oh=00_AfpXwt6JuT7QgYy8IoHHGyiP4EAOe86qR_M0C6nfnrzwjg&oe=6967B2F9&_nc_sid=4a2096,63,0,906,22,0,"['https://instagram.fhan3-4.fna.fbcdn.net/v/t51.2885-15/503508584_18503427160039360_6984427321290593151_n.jpg?stp=dst-jpg_e15_tt6&efg=eyJ2ZW5jb2RlX3RhZyI6InRocmVhZHMuRkVFRC5pbWFnZV91cmxnZW4uNzIweDEyODAuc2RyLmY3NTc2MS5kZWZhdWx0X2NvdmVyX2ZyYW1lLmMyIn0&_nc_ht=instagram.fhan3-4.fna.fbcdn.net&_nc_cat=104&_nc_oc=Q6cZ2QGK6kZfnCW2G9-8-cbgu5EaPg6V9e_NgsiIAiEd5Iclrf2Zh-e6FFQWoSBJinIsnPQ&_nc_ohc=i43Z03pQLcwQ7kNvwEPEXlf&_nc_gid=ojOaLKcGh4-HfRfWvw6pfg&edm=AJhczIQBAAAA&ccb=7-5&ig_cache_key=MzY1MDE0ODE5NTcyNjQxNTg5Mg%3D%3D.3-ccb7-5&oh=00_AfoVgB1LSKPVYNMQV-LDCnVjVXhfzE1kzv-I7JIk1WrMeg&oe=69679548&_nc_sid=4a2096', 'https://instagram.fhan4-6.fna.fbcdn.net/o1/v/t2/f2/m86/AQOSsk--9yEI64IgOdnLglskqxRgpoRaotkdw8DSNcXoiCIY_JmCVgeBF9G4ak_FxZvOvdWyAtAbYIn_cy6NfeJpIroY8bdDjn7rRoM.mp4?_nc_cat=108&_nc_oc=Admc2V9f3J92V7NrXbSO2RW8JP2KE1sekpUN0Yi8lH_W_rLzvJfNvUhYH9HgigtesyY&_nc_sid=5e9851&_nc_ht=instagram.fhan4-6.fna.fbcdn.net&_nc_ohc=kG8ZTl-Zll4Q7kNvwHOGmuq&efg=eyJ2ZW5jb2RlX3RhZyI6Inhwdl9wcm9ncmVzc2l2ZS5JTlNUQUdSQU0uRkVFRC5DMy43MjAuZGFzaF9iYXNlbGluZV8xX3YxIiwieHB2X2Fzc2V0X2lkIjoxNDU2MTk1MzYyMDQxNDA2LCJhc3NldF9hZ2VfZGF5cyI6MjE2LCJ2aV91c2VjYXNlX2lkIjoxMDA5OSwiZHVyYXRpb25fcyI6NTQsInVybGdlbl9zb3VyY2UiOiJ3d3cifQ%3D%3D&ccb=17-1&_nc_gid=ojOaLKcGh4-HfRfWvw6pfg&_nc_zt=28&vs=e9a200acfd484b07&_nc_vs=HBksFQIYUmlnX3hwdl9yZWVsc19wZXJtYW5lbnRfc3JfcHJvZC80QzRERjg0QURBOTcwMkVDNENBOTM1RjUyOEZFRkZCQl92aWRlb19kYXNoaW5pdC5tcDQVAALIARIAFQIYR2lnX3hwdl9yZWVsc19wZXJtYW5lbnRfc3JfcHJvZC8xMDE5OTA0MTUzNjU2NTY5XzI1MzcwNzcwNzkzMDQwNTQyODEubXA0FQICyAESACgAGAAbAogHdXNlX29pbAExEnByb2dyZXNzaXZlX3JlY2lwZQExFQAAJvy4ufTcmZYFFQIoAkMzLBdAS0m6XjU_fRgSZGFzaF9iYXNlbGluZV8xX3YxEQB16gdl5p0BAA&oh=00_AfoVX6tlkUsO1ldJLvdkYWCXP3SW-EwWzMHGA4otitO7Xg&oe=69638DD5']",,https://www.threads.net/@ayusshsanghi/post/DKn7nHXzlgU,[],"{'likes': 906, 'reposts': 22, 'quotes': 0}",threads,3650148195726415892,Ayussh Sanghi,,"BrahMos: The missile everyone wants! 🔥 With Mach 3 speed, 400km range & 'S'-maneuver, it's virtually unstoppable. After its demonstrated power, demand has skyrocketed! India's defense tech is now a global game-changer, earning foreign exchange & bolstering our economy. #BrahMos #IndianDefence #MadeInIndia #MissileTech #GlobalPower",threads,64010071527,ayusshsanghi
[],2026-01-10T10:29:59.328552+07:00,💥 Russia’s RS-28 Sarmat: The World’s Deadliest Missile Revealed! 🚀🌍,2025-06-02T12:14:33+07:00,,3645867290780553098,threads,threads.com,threads_crawler_v1,https://www.threads.net/@hiteshpatel9477/post/DKYuPv9MM-K,https://instagram.fkul21-2.fna.fbcdn.net/v/t51.2885-19/573323465_1219825463302212_7278921664109726296_n.png?stp=dst-jpg_e0_s150x150_tt6&efg=eyJ2ZW5jb2RlX3RhZyI6InByb2ZpbGVfcGljLmRqYW5nby4xNTAuYzIifQ&_nc_ht=instagram.fkul21-2.fna.fbcdn.net&_nc_cat=1&_nc_oc=Q6cZ2QGZrBafs4k0z8kku5kchT77_QwNDCzAtXnRzYl_kqmoFRePqfKMPMDknvJbLW5uGe0&_nc_ohc=jFezCB5ZvcgQ7kNvwGfkX4C&_nc_gid=wpZQ3mDSnV_p3p8I8NftHA&edm=AOkgA_0BAAAA&ccb=7-5&ig_cache_key=YW5vbnltb3VzX3Byb2ZpbGVfcGlj.3-ccb7-5&oh=00_Afow5iEHAVycqPtVhUQr8ajedEckxuwzdLkbYtKlLbHoTg&oe=696789AA&_nc_sid=46f6c2,65,0,827,45,0,"['https://instagram.fhan4-6.fna.fbcdn.net/v/t15.5256-10/503155942_2235465410205980_3271540494776924088_n.jpg?stp=dst-jpg_e15_tt6&efg=eyJ2ZW5jb2RlX3RhZyI6InRocmVhZHMuRkVFRC5pbWFnZV91cmxnZW4uMTA4MHgxOTIwLnNkci5mNTI1Ni5maXJzdF9mcmFtZV90aHVtYm5haWwuYzIifQ&_nc_ht=instagram.fhan4-6.fna.fbcdn.net&_nc_cat=108&_nc_oc=Q6cZ2QGK6kZfnCW2G9-8-cbgu5EaPg6V9e_NgsiIAiEd5Iclrf2Zh-e6FFQWoSBJinIsnPQ&_nc_ohc=so6rWcTajtAQ7kNvwEfN2wk&_nc_gid=ojOaLKcGh4-HfRfWvw6pfg&edm=AJhczIQAAAAA&ccb=7-5&ig_cache_key=MzY0NTg2NzI5MDc4MDU1MzA5OA%3D%3D.3-ccb7-5&oh=00_AfqZz9Vcir2l8Rb5y6w2GkesQLNVwxz8Gu1ABVXuz9xpYg&oe=6967AFAF&_nc_sid=4a2096', 'https://instagram.fhan4-5.fna.fbcdn.net/o1/v/t2/f2/m412/AQP1BolBdIlNHrDVxbOwl_TzF3I21NEN1Plwsm4VLvFMWb24-_-IheT8iRCcpQUIPZaXSQumZskxODpNN_rxJk07.mp4?_nc_cat=103&_nc_oc=AdnP3pCib1P9iKBwK6gr8IuAvPnswO8-ZPe6sZi_-uzcF_2UA03uaCWLcJbR1yh8hHw&_nc_sid=8bf8fe&_nc_ht=instagram.fhan4-5.fna.fbcdn.net&_nc_ohc=JI9sexfhAxUQ7kNvwHwNoZR&efg=eyJ2ZW5jb2RlX3RhZyI6Inhwdl9wcm9ncmVzc2l2ZS5JTlNUQUdSQU0uRkVFRC5DMy4zNjAuc3ZlX3NkIiwieHB2X2Fzc2V0X2lkIjoyMjMyNjU4MDEzODIzMjYyLCJhc3NldF9hZ2VfZGF5cyI6MjIxLCJ2aV91c2VjYXNlX2lkIjoxMDEyMywiZHVyYXRpb25fcyI6NzQsInVybGdlbl9zb3VyY2UiOiJ3d3cifQ%3D%3D&ccb=17-1&_nc_gid=ojOaLKcGh4-HfRfWvw6pfg&_nc_zt=28&oh=00_AfpZOKLPMPJKbACeK57XX1oGAQMqy5A3Tsy7juU4mJNg-g&oe=69678DF0']",,https://www.threads.net/@hiteshpatel9477/post/DKYuPv9MM-K,[],"{'likes': 827, 'reposts': 40, 'quotes': 5}",threads,3645867290780553098,Hitesh Patel,,💥 Russia’s RS-28 Sarmat: The World’s Deadliest Missile Revealed! 🚀🌍,threads,68557674139,hiteshpatel9477
[],2026-01-10T10:29:59.328708+07:00,"⚡️🇮🇷 IRAN REJECTS U.S. MISSILE DEMAND
Iran’s national security chief said Washington asked Tehran to cap its missile range under 500km, calling it an insult and vowing no Iranian would accept such demands.",2025-09-24T00:59:58+07:00,,3728152211616820382,threads,threads.com,threads_crawler_v1,https://www.threads.net/@globalvulture/post/DO9Dq8SAeye,https://instagram.fhan4-3.fna.fbcdn.net/v/t51.2885-19/552728402_17860803258492012_1384005651385241066_n.jpg?stp=dst-jpg_s150x150_tt6&efg=eyJ2ZW5jb2RlX3RhZyI6InByb2ZpbGVfcGljLmRqYW5nby4xMDgwLmMyIn0&_nc_ht=instagram.fhan4-3.fna.fbcdn.net&_nc_cat=100&_nc_oc=Q6cZ2QGK6kZfnCW2G9-8-cbgu5EaPg6V9e_NgsiIAiEd5Iclrf2Zh-e6FFQWoSBJinIsnPQ&_nc_ohc=sHIXFCF-aSAQ7kNvwEFOoOP&_nc_gid=ojOaLKcGh4-HfRfWvw6pfg&edm=AJhczIQBAAAA&ccb=7-5&oh=00_AfpMAZxOetDf6LRL6OndLmH90muW0rerPkjvN1K5AUHrkA&oe=69679FEE&_nc_sid=4a2096,25,0,341,20,0,['https://instagram.fhan4-3.fna.fbcdn.net/v/t51.2885-15/552417097_17860578906492012_5071708288371970788_n.webp?efg=eyJ2ZW5jb2RlX3RhZyI6InRocmVhZHMuRkVFRC5pbWFnZV91cmxnZW4uMjA0OHgxMjI2LnNkci5mODI3ODcuZGVmYXVsdF9pbWFnZS5jMiJ9&_nc_ht=instagram.fhan4-3.fna.fbcdn.net&_nc_cat=100&_nc_oc=Q6cZ2QGK6kZfnCW2G9-8-cbgu5EaPg6V9e_NgsiIAiEd5Iclrf2Zh-e6FFQWoSBJinIsnPQ&_nc_ohc=9GKaK4-VjUcQ7kNvwFIT2Xa&_nc_gid=ojOaLKcGh4-HfRfWvw6pfg&edm=AJhczIQBAAAA&ccb=7-5&ig_cache_key=MzcyODE1MjIxMTYxNjgyMDM4Mg%3D%3D.3-ccb7-5&oh=00_Afq07wMYgmgTITQ668_7dpkqOnvr2S_qxUiaIEEVOseAMQ&oe=69679D05&_nc_sid=4a2096'],,https://www.threads.net/@globalvulture/post/DO9Dq8SAeye,[],"{'likes': 341, 'reposts': 19, 'quotes': 1}",threads,3728152211616820382,Global Vulture,,"⚡️🇮🇷 IRAN REJECTS U.S. MISSILE DEMAND
Iran’s national security chief said Washington asked Tehran to cap its missile range under 500km, calling it an insult and vowing no Iranian would accept such demands.",threads,74833180011,globalvulture
[],2026-01-10T10:29:59.328854+07:00,⚠️ The maximum missile ranges of various countries around the world.,2025-06-15T21:11:32+07:00,,3655559587474086502,threads,threads.com,threads_crawler_v1,https://www.threads.net/@civixplorer/post/DK7KBOqqppm,https://instagram.fhan3-3.fna.fbcdn.net/v/t51.2885-19/461107927_880928233992619_1830844152382630418_n.jpg?stp=dst-jpg_s150x150_tt6&efg=eyJ2ZW5jb2RlX3RhZyI6InByb2ZpbGVfcGljLmRqYW5nby4xMDgwLmMyIn0&_nc_ht=instagram.fhan3-3.fna.fbcdn.net&_nc_cat=1&_nc_oc=Q6cZ2QGK6kZfnCW2G9-8-cbgu5EaPg6V9e_NgsiIAiEd5Iclrf2Zh-e6FFQWoSBJinIsnPQ&_nc_ohc=ceOMZYoZR9EQ7kNvwF3P4Va&_nc_gid=ojOaLKcGh4-HfRfWvw6pfg&edm=AJhczIQBAAAA&ccb=7-5&oh=00_AfqyDZLm7BzdU_XZJCZa0y1-DvYU5Rgs1NlE91Bjtp6PQw&oe=6967999B&_nc_sid=4a2096,1299,0,9174,251,0,['https://instagram.fhan3-3.fna.fbcdn.net/v/t51.2885-15/503858058_18071602102942441_6849726805922719501_n.jpg?stp=dst-jpg_e35_tt6&efg=eyJ2ZW5jb2RlX3RhZyI6InRocmVhZHMuRkVFRC5pbWFnZV91cmxnZW4uMTA3OXg3MjAuc2RyLmY3NTc2MS5kZWZhdWx0X2ltYWdlLmMyIn0&_nc_ht=instagram.fhan3-3.fna.fbcdn.net&_nc_cat=101&_nc_oc=Q6cZ2QGK6kZfnCW2G9-8-cbgu5EaPg6V9e_NgsiIAiEd5Iclrf2Zh-e6FFQWoSBJinIsnPQ&_nc_ohc=iCMv697etTYQ7kNvwFowCKs&_nc_gid=ojOaLKcGh4-HfRfWvw6pfg&edm=AJhczIQBAAAA&ccb=7-5&ig_cache_key=MzY1NTU1OTU4NzQ3NDA4NjUwMg%3D%3D.3-ccb7-5&oh=00_AfoHCcBKlohz6UwblZwEmTV1H5a2vXeg_Aj_OPcpSRHdpw&oe=6967967A&_nc_sid=4a2096'],,https://www.threads.net/@civixplorer/post/DK7KBOqqppm,[],"{'likes': 9174, 'reposts': 206, 'quotes': 45}",threads,3655559587474086502,Civixplorer,,⚠️ The maximum missile ranges of various countries around the world.,threads,63264970106,civixplorer
[],2026-01-10T10:29:59.329001+07:00,"On a scale of 1-10, this level of takedown is “nuclear missile”",2025-10-25T05:24:14+07:00,,3750753268055267488,threads,threads.com,threads_crawler_v1,https://www.threads.net/@charmingly.unlikable/post/DQNWjmWkdig,https://instagram.fhan4-1.fna.fbcdn.net/v/t51.2885-19/436954771_960683145426737_7689145175781613389_n.jpg?stp=dst-jpg_s150x150_tt6&efg=eyJ2ZW5jb2RlX3RhZyI6InByb2ZpbGVfcGljLmRqYW5nby4xMDgwLmMyIn0&_nc_ht=instagram.fhan4-1.fna.fbcdn.net&_nc_cat=105&_nc_oc=Q6cZ2QGK6kZfnCW2G9-8-cbgu5EaPg6V9e_NgsiIAiEd5Iclrf2Zh-e6FFQWoSBJinIsnPQ&_nc_ohc=jRYhF4ttJIAQ7kNvwFimSS6&_nc_gid=ojOaLKcGh4-HfRfWvw6pfg&edm=AJhczIQBAAAA&ccb=7-5&oh=00_Afq1UYSk_6k4lzAQmJ5Qn8VtrwydZJ6sAE6oNs8K7Qk_MA&oe=6967A430&_nc_sid=4a2096,468,0,65701,2965,0,['https://instagram.fhan4-3.fna.fbcdn.net/v/t51.2885-15/569214468_17929505871109738_6803373800158149979_n.jpg?stp=cp6_dst-jpg_e35_tt6&efg=eyJ2ZW5jb2RlX3RhZyI6InRocmVhZHMuRkVFRC5pbWFnZV91cmxnZW4uMTE3MHg5NjIuc2RyLmY4Mjc4Ny5kZWZhdWx0X2ltYWdlLmMyIn0&_nc_ht=instagram.fhan4-3.fna.fbcdn.net&_nc_cat=110&_nc_oc=Q6cZ2QGK6kZfnCW2G9-8-cbgu5EaPg6V9e_NgsiIAiEd5Iclrf2Zh-e6FFQWoSBJinIsnPQ&_nc_ohc=y_wI2Yrzib8Q7kNvwFHopX4&_nc_gid=ojOaLKcGh4-HfRfWvw6pfg&edm=AJhczIQBAAAA&ccb=7-5&ig_cache_key=Mzc1MDc1MzI2ODA1NTI2NzQ4OA%3D%3D.3-ccb7-5&oh=00_AfpLSzkXrssvwOnyfpboZ78izUqWRFTzp4soQtZCDXpReQ&oe=6967A226&_nc_sid=4a2096'],,https://www.threads.net/@charmingly.unlikable/post/DQNWjmWkdig,[],"{'likes': 65701, 'reposts': 2905, 'quotes': 60}",threads,3750753268055267488,Miller Paul,,"On a scale of 1-10, this level of takedown is “nuclear missile”",threads,63270525737,charmingly.unlikable
[],2026-01-10T10:29:59.329155+07:00,"JUST IN 🚨: 🇷🇺 Russia is accelerating mass production of its Oreshink missile complex. 

It's reported that the missile travels faster than Mach 11, or 11 times the speed of sound.",2025-06-23T20:08:54+07:00,,3661326346790204941,threads,threads.com,threads_crawler_v1,https://www.threads.net/@dnnposts/post/DLPpOnzNXYN,https://instagram.fhan3-3.fna.fbcdn.net/v/t51.2885-19/470689291_882102614093204_5793133865832075153_n.jpg?stp=dst-jpg_s150x150_tt6&efg=eyJ2ZW5jb2RlX3RhZyI6InByb2ZpbGVfcGljLmRqYW5nby4xMDAwLmMyIn0&_nc_ht=instagram.fhan3-3.fna.fbcdn.net&_nc_cat=1&_nc_oc=Q6cZ2QGK6kZfnCW2G9-8-cbgu5EaPg6V9e_NgsiIAiEd5Iclrf2Zh-e6FFQWoSBJinIsnPQ&_nc_ohc=k8TtgX8-13YQ7kNvwETUn2i&_nc_gid=ojOaLKcGh4-HfRfWvw6pfg&edm=AJhczIQBAAAA&ccb=7-5&oh=00_AfoW-ps_PHQWqHhN8g2zMcq6v-DqnxGsAu8ONb38ZuQmLQ&oe=696791E0&_nc_sid=4a2096,403,0,1844,50,0,['https://instagram.fhan4-5.fna.fbcdn.net/v/t51.2885-15/510942687_17878636194350726_8833834111183720687_n.webp?efg=eyJ2ZW5jb2RlX3RhZyI6InRocmVhZHMuRkVFRC5pbWFnZV91cmxnZW4uMTkyMHgxMjgwLnNkci5mNzU3NjEuZGVmYXVsdF9pbWFnZS5jMiJ9&_nc_ht=instagram.fhan4-5.fna.fbcdn.net&_nc_cat=102&_nc_oc=Q6cZ2QGK6kZfnCW2G9-8-cbgu5EaPg6V9e_NgsiIAiEd5Iclrf2Zh-e6FFQWoSBJinIsnPQ&_nc_ohc=HiPE-waDgigQ7kNvwEfdrGQ&_nc_gid=ojOaLKcGh4-HfRfWvw6pfg&edm=AJhczIQBAAAA&ccb=7-5&ig_cache_key=MzY2MTMyNjM0Njc5MDIwNDk0MQ%3D%3D.3-ccb7-5&oh=00_AfoGT7l_bGmxyT3oLzeZhr_f9BYyU_7Pxvi_d1ABh-BVFg&oe=6967A9E3&_nc_sid=4a2096'],,https://www.threads.net/@dnnposts/post/DLPpOnzNXYN,[],"{'likes': 1844, 'reposts': 48, 'quotes': 2}",threads,3661326346790204941,DNN POSTS,,"JUST IN 🚨: 🇷🇺 Russia is accelerating mass production of its Oreshink missile complex. 

It's reported that the missile travels faster than Mach 11, or 11 times the speed of sound.",threads,70505718725,dnnposts
[],2026-01-10T10:29:59.329305+07:00,"🚨 BREAKING:
A U.S. THAAD missile defense system has intercepted an Iranian ballistic missile outside Earth’s atmosphere, reports confirm.

#THAAD #MissileDefense #IranIsraelConflict #BallisticMissile #DeyanatNews",2025-06-14T10:11:26+07:00,,3654502647939143447,threads,threads.com,threads_crawler_v1,https://www.threads.net/@deyanatnews/post/DK3ZsvBIxcX,https://instagram.fhan3-2.fna.fbcdn.net/v/t51.2885-19/504212114_17873270376362407_7346435464713338896_n.jpg?stp=dst-jpg_s150x150_tt6&efg=eyJ2ZW5jb2RlX3RhZyI6InByb2ZpbGVfcGljLmRqYW5nby41MDAuYzIifQ&_nc_ht=instagram.fhan3-2.fna.fbcdn.net&_nc_cat=107&_nc_oc=Q6cZ2QGK6kZfnCW2G9-8-cbgu5EaPg6V9e_NgsiIAiEd5Iclrf2Zh-e6FFQWoSBJinIsnPQ&_nc_ohc=AGqREmbHSLAQ7kNvwF2Ehpy&_nc_gid=ojOaLKcGh4-HfRfWvw6pfg&edm=AJhczIQBAAAA&ccb=7-5&oh=00_AfqWUi99JJ6z7MsM3JtAU3RHg9QeOEge5r5SdRXaNXsZnQ&oe=6967940B&_nc_sid=4a2096,18,0,223,8,0,[],,https://www.threads.net/@deyanatnews/post/DK3ZsvBIxcX,[],"{'likes': 223, 'reposts': 8, 'quotes': 0}",threads,3654502647939143447,Deyanat News,,"🚨 BREAKING:
A U.S. THAAD missile defense system has intercepted an Iranian ballistic missile outside Earth’s atmosphere, reports confirm.

#THAAD #MissileDefense #IranIsraelConflict #BallisticMissile #DeyanatNews",threads,70863706406,deyanatnews
[],2026-01-10T10:29:59.329469+07:00,"​🤯 BREAKING: DRDO just went FULL Sherlock Holmes on a Chinese PL-15 missile! 🕵️‍♂️
​Reports say India is literally reverse-engineering Beijing's top-tier tech to make our Astra Mark-2 missile UNSTOPPABLE. This isn't just an upgrade; it's a strategic masterpiece!
​They send threats, we get blueprints. 🇮🇳💥 #RisingIndia
​#Defence #MakeInIndia #DRDO #AstraMissile #TechHeist #Geopolitics",2025-10-20T18:25:45+07:00,,3747522744264129907,threads,threads.com,threads_crawler_v1,https://www.threads.net/@rjangid8619/post/DQB4BSnj31z,https://instagram.fhan3-4.fna.fbcdn.net/v/t51.2885-19/567187210_17902543992294940_6975422575261818674_n.jpg?stp=dst-jpg_s150x150_tt6&efg=eyJ2ZW5jb2RlX3RhZyI6InByb2ZpbGVfcGljLmRqYW5nby4xMDgwLmMyIn0&_nc_ht=instagram.fhan3-4.fna.fbcdn.net&_nc_cat=104&_nc_oc=Q6cZ2QGK6kZfnCW2G9-8-cbgu5EaPg6V9e_NgsiIAiEd5Iclrf2Zh-e6FFQWoSBJinIsnPQ&_nc_ohc=6T4KN1IiTg0Q7kNvwEhe4BD&_nc_gid=ojOaLKcGh4-HfRfWvw6pfg&edm=AJhczIQBAAAA&ccb=7-5&oh=00_AfoWpZFJHyc39tva5hwLJXoJQq9fNiaFYfeE1OVMtpncqw&oe=69679E35&_nc_sid=4a2096,113,0,101,1,0,['https://instagram.fhan3-4.fna.fbcdn.net/v/t51.2885-15/567194762_17902712247294940_2758231443022243365_n.webp?efg=eyJ2ZW5jb2RlX3RhZyI6InRocmVhZHMuRkVFRC5pbWFnZV91cmxnZW4uMTAyNHgxMDI0LnNkci5mODI3ODcuZGVmYXVsdF9pbWFnZS5jMiJ9&_nc_ht=instagram.fhan3-4.fna.fbcdn.net&_nc_cat=104&_nc_oc=Q6cZ2QGK6kZfnCW2G9-8-cbgu5EaPg6V9e_NgsiIAiEd5Iclrf2Zh-e6FFQWoSBJinIsnPQ&_nc_ohc=AOuNVcdtWVsQ7kNvwErvgBr&_nc_gid=ojOaLKcGh4-HfRfWvw6pfg&edm=AJhczIQBAAAA&ccb=7-5&ig_cache_key=Mzc0NzUyMjc0NDI2NDEyOTkwNw%3D%3D.3-ccb7-5&oh=00_AfpqFLZqOw8Kh8BV-I0y85n1AuqPcM7S0CUm3PnKEpQRzg&oe=69679F1C&_nc_sid=4a2096'],,https://www.threads.net/@rjangid8619/post/DQB4BSnj31z,[],"{'likes': 101, 'reposts': 1, 'quotes': 0}",threads,3747522744264129907,राजेश जागीडं,rising india,"​🤯 BREAKING: DRDO just went FULL Sherlock Holmes on a Chinese PL-15 missile! 🕵️‍♂️
​Reports say India is literally reverse-engineering Beijing's top-tier tech to make our Astra Mark-2 missile UNSTOPPABLE. This isn't just an upgrade; it's a strategic masterpiece!
​They send threats, we get blueprints. 🇮🇳💥 #RisingIndia
​#Defence #MakeInIndia #DRDO #AstraMissile #TechHeist #Geopolitics",threads,68642190939,rjangid8619
[],2026-01-10T10:29:59.329611+07:00,"IRAN FIRED NEW HYPERSONIC MISSILE WHICH HIT ISRIEAL WITHIN 20 SECONDS AFTER ALARM 
THE PEOPLE ASKED THAT THE SPEED WAS VERY FAST",2025-06-24T11:29:01+07:00,,3661789454156907389,threads,threads.com,threads_crawler_v1,https://www.threads.net/@mir_monis_mir/post/DLRShuJS0N9,https://instagram.fhan3-4.fna.fbcdn.net/v/t51.2885-19/467393711_2888537404656184_710391502087056184_n.jpg?stp=dst-jpg_s150x150_tt6&efg=eyJ2ZW5jb2RlX3RhZyI6InByb2ZpbGVfcGljLmRqYW5nby44OTEuYzIifQ&_nc_ht=instagram.fhan3-4.fna.fbcdn.net&_nc_cat=104&_nc_oc=Q6cZ2QGK6kZfnCW2G9-8-cbgu5EaPg6V9e_NgsiIAiEd5Iclrf2Zh-e6FFQWoSBJinIsnPQ&_nc_ohc=zs7ScPZQzf0Q7kNvwGuE4VX&_nc_gid=ojOaLKcGh4-HfRfWvw6pfg&edm=AJhczIQBAAAA&ccb=7-5&oh=00_AfqBoeJfK_ex9XgbDzeTndpILwSniwrd3vB5LNwcm-0k5g&oe=696798AB&_nc_sid=4a2096,12,0,108,1,0,[],,https://www.threads.net/@mir_monis_mir/post/DLRShuJS0N9,[],"{'likes': 108, 'reposts': 1, 'quotes': 0}",threads,3661789454156907389,Monis Hussain Mir,,"IRAN FIRED NEW HYPERSONIC MISSILE WHICH HIT ISRIEAL WITHIN 20 SECONDS AFTER ALARM 
THE PEOPLE ASKED THAT THE SPEED WAS VERY FAST",threads,70853219290,mir_monis_mir
[],2026-01-10T10:29:59.329753+07:00,"Missile 🚀
#trend",2025-08-26T00:53:05+07:00,,3707130251761475361,threads,threads.com,threads_crawler_v1,https://www.threads.net/@im_namraawan/post/DNyX1KgWN8h,https://instagram.fhan4-6.fna.fbcdn.net/v/t51.2885-19/612575923_17941435989100881_7795573218234053144_n.jpg?stp=dst-jpg_s150x150_tt6&efg=eyJ2ZW5jb2RlX3RhZyI6InByb2ZpbGVfcGljLmRqYW5nby43MTkuYzIifQ&_nc_ht=instagram.fhan4-6.fna.fbcdn.net&_nc_cat=109&_nc_oc=Q6cZ2QGK6kZfnCW2G9-8-cbgu5EaPg6V9e_NgsiIAiEd5Iclrf2Zh-e6FFQWoSBJinIsnPQ&_nc_ohc=IGeuDWnDNT0Q7kNvwE-q0lv&_nc_gid=ojOaLKcGh4-HfRfWvw6pfg&edm=AJhczIQBAAAA&ccb=7-5&oh=00_AfpU-BFcuQC_FkdXGLCDS-IC6QFd2R5NIVJ-PHAnID-L2w&oe=6967A3D9&_nc_sid=4a2096,9,0,113,1,0,['https://instagram.fhan3-3.fna.fbcdn.net/v/t51.2885-15/539092929_18062839586521955_431087135022061509_n.webp?efg=eyJ2ZW5jb2RlX3RhZyI6InRocmVhZHMuQ0FST1VTRUxfSVRFTS5pbWFnZV91cmxnZW4uMTA4MHgxMDgwLnNkci5mODI3ODcuZGVmYXVsdF9pbWFnZS5jMiJ9&_nc_ht=instagram.fhan3-3.fna.fbcdn.net&_nc_cat=111&_nc_oc=Q6cZ2QGK6kZfnCW2G9-8-cbgu5EaPg6V9e_NgsiIAiEd5Iclrf2Zh-e6FFQWoSBJinIsnPQ&_nc_ohc=WbbujS5Y6xEQ7kNvwGdNi7G&_nc_gid=ojOaLKcGh4-HfRfWvw6pfg&edm=AJhczIQBAAAA&ccb=7-5&ig_cache_key=MzcwNzEzMDI0NDM1NDI4NjYzOA%3D%3D.3-ccb7-5&oh=00_Afq91wn_QUXF888L6b4qkfBqz-NfdonC90Ez5ev1zULYKQ&oe=6967A1E8&_nc_sid=4a2096'],,https://www.threads.net/@im_namraawan/post/DNyX1KgWN8h,[],"{'likes': 113, 'reposts': 1, 'quotes': 0}",threads,3707130251761475361,Namra Awan,,"Missile 🚀
#trend",threads,63061132880,im_namraawan
[],2026-01-10T10:29:59.329901+07:00,An Israeli citizen prevents German TV from filming the missile impact site.,2025-06-20T16:57:38+07:00,,3659055729525247766,threads,threads.com,threads_crawler_v1,https://www.threads.net/@east_channel_news/post/DLHk8yrtc8W,https://instagram.fhan4-3.fna.fbcdn.net/v/t51.2885-19/610537165_17883480426429142_5385274945016590193_n.jpg?stp=dst-jpg_s150x150_tt6&efg=eyJ2ZW5jb2RlX3RhZyI6InByb2ZpbGVfcGljLmRqYW5nby4xMDgwLmMyIn0&_nc_ht=instagram.fhan4-3.fna.fbcdn.net&_nc_cat=110&_nc_oc=Q6cZ2QGK6kZfnCW2G9-8-cbgu5EaPg6V9e_NgsiIAiEd5Iclrf2Zh-e6FFQWoSBJinIsnPQ&_nc_ohc=tM3DKMpB1YIQ7kNvwH1puP2&_nc_gid=ojOaLKcGh4-HfRfWvw6pfg&edm=AJhczIQBAAAA&ccb=7-5&oh=00_Afp-fo4hp7thI9AjctMZ-e6tj1Qd-ZadG9okRE5DkmeFfQ&oe=69678709&_nc_sid=4a2096,621,0,7800,217,0,"['https://instagram.fhan3-2.fna.fbcdn.net/v/t15.5256-10/509638751_1314494936759947_7845798998736890532_n.jpg?stp=dst-jpg_e15_tt6&efg=eyJ2ZW5jb2RlX3RhZyI6InRocmVhZHMuRkVFRC5pbWFnZV91cmxnZW4uNzIweDk1Ni5zZHIuZjUyNTYuZmlyc3RfZnJhbWVfdGh1bWJuYWlsLmMyIn0&_nc_ht=instagram.fhan3-2.fna.fbcdn.net&_nc_cat=107&_nc_oc=Q6cZ2QGK6kZfnCW2G9-8-cbgu5EaPg6V9e_NgsiIAiEd5Iclrf2Zh-e6FFQWoSBJinIsnPQ&_nc_ohc=LK6BWGBvMhgQ7kNvwFf1Tg3&_nc_gid=ojOaLKcGh4-HfRfWvw6pfg&edm=AJhczIQAAAAA&ccb=7-5&ig_cache_key=MzY1OTA1NTcyOTUyNTI0Nzc2Ng%3D%3D.3-ccb7-5&oh=00_AfoTraVCQYyUDkIcRPyKi-CjyMUsyFM4bJy9isID5utOLA&oe=6967A36B&_nc_sid=4a2096', 'https://instagram.fhan4-5.fna.fbcdn.net/o1/v/t2/f2/m412/AQPWgQEiRQacftol3y7hSAhF_o6qBz3YisYiJ6fWcGiV3XGTx_InOLJrkeMyOwqx6BVnaVkuTdQq-QzVUyK982cl.mp4?_nc_cat=102&_nc_oc=Adk36fudm5qiL9pmbiIK8izdz4LNs3XUbN0sujkhRrSyjtlqgALh-rEN7HSJcuLWyLk&_nc_sid=8bf8fe&_nc_ht=instagram.fhan4-5.fna.fbcdn.net&_nc_ohc=UzbxH2SA01MQ7kNvwFuvAe5&efg=eyJ2ZW5jb2RlX3RhZyI6Inhwdl9wcm9ncmVzc2l2ZS5JTlNUQUdSQU0uRkVFRC5DMy4zNjAuc3ZlX3NkIiwieHB2X2Fzc2V0X2lkIjo0MDYyOTA5MDAwNjMzODE2LCJhc3NldF9hZ2VfZGF5cyI6MjAzLCJ2aV91c2VjYXNlX2lkIjoxMDEyMywiZHVyYXRpb25fcyI6OTIsInVybGdlbl9zb3VyY2UiOiJ3d3cifQ%3D%3D&ccb=17-1&_nc_gid=ojOaLKcGh4-HfRfWvw6pfg&_nc_zt=28&oh=00_Afrm5F9-FCGTRVgWH4hbZ7FbKU10BV6IGxpQk_szzVbHBA&oe=6967829B']",,https://www.threads.net/@east_channel_news/post/DLHk8yrtc8W,[],"{'likes': 7800, 'reposts': 209, 'quotes': 8}",threads,3659055729525247766,East Channel,,An Israeli citizen prevents German TV from filming the missile impact site.,threads,72835797141,east_channel_news
[],2026-01-10T10:29:59.330044+07:00,BREAKING: Iran launches missile attack on U.S. forces in Iraq,2025-06-23T23:53:36+07:00,,3661439445694572062,threads,threads.com,threads_crawler_v1,https://www.threads.net/@dannykpolitics/post/DLQC8bXOmYe,https://instagram.fhan3-3.fna.fbcdn.net/v/t51.2885-19/447801619_432618052892676_827955217001161532_n.jpg?stp=dst-jpg_s150x150_tt6&efg=eyJ2ZW5jb2RlX3RhZyI6InByb2ZpbGVfcGljLmRqYW5nby41MTIuYzIifQ&_nc_ht=instagram.fhan3-3.fna.fbcdn.net&_nc_cat=1&_nc_oc=Q6cZ2QGK6kZfnCW2G9-8-cbgu5EaPg6V9e_NgsiIAiEd5Iclrf2Zh-e6FFQWoSBJinIsnPQ&_nc_ohc=bcFhm8sl6b8Q7kNvwHPqX_2&_nc_gid=ojOaLKcGh4-HfRfWvw6pfg&edm=AJhczIQBAAAA&ccb=7-5&oh=00_Afq0TEiGUyMkLvVoo1SpMHxnr2VQbPM4sHGFIHpKKZLBHQ&oe=696780AF&_nc_sid=4a2096,6,0,134,9,0,[],,https://www.threads.net/@dannykpolitics/post/DLQC8bXOmYe,[],"{'likes': 134, 'reposts': 9, 'quotes': 0}",threads,3661439445694572062,Danny Krikorian,,BREAKING: Iran launches missile attack on U.S. forces in Iraq,threads,69805090433,dannykpolitics
[],2026-01-10T10:29:59.330194+07:00,🚨 NEW VIDEO IS INSANE! HELLFIRE Missile strikes UFO... Gets deflected. WOW....#uap #ufo #Disclosure,2025-09-09T23:53:21+07:00,,3717971558627583154,threads,threads.com,threads_crawler_v1,https://www.threads.net/@uap_global/post/DOY428VAKSy,https://instagram.fhan4-3.fna.fbcdn.net/v/t51.2885-19/521593668_18061206926196274_7018489375852714552_n.jpg?stp=dst-jpg_s150x150_tt6&efg=eyJ2ZW5jb2RlX3RhZyI6InByb2ZpbGVfcGljLmRqYW5nby4xMDgwLmMyIn0&_nc_ht=instagram.fhan4-3.fna.fbcdn.net&_nc_cat=110&_nc_oc=Q6cZ2QGK6kZfnCW2G9-8-cbgu5EaPg6V9e_NgsiIAiEd5Iclrf2Zh-e6FFQWoSBJinIsnPQ&_nc_ohc=yx4urkVca68Q7kNvwGyoz44&_nc_gid=ojOaLKcGh4-HfRfWvw6pfg&edm=AJhczIQBAAAA&ccb=7-5&oh=00_AfqDhn88NTQUJYEc8J9c1P762Oxht62nGt4neOPXAFUTLg&oe=6967AFCF&_nc_sid=4a2096,32,0,188,30,0,"['https://instagram.fhan4-1.fna.fbcdn.net/v/t51.2885-15/543844055_1191226256381069_853540845901165107_n.jpg?stp=dst-jpg_e15_tt6&efg=eyJ2ZW5jb2RlX3RhZyI6InRocmVhZHMuRkVFRC5pbWFnZV91cmxnZW4uNjQweDExMzYuc2RyLmY3MTg3OC5kZWZhdWx0X2NvdmVyX2ZyYW1lLmMyIn0&_nc_ht=instagram.fhan4-1.fna.fbcdn.net&_nc_cat=105&_nc_oc=Q6cZ2QGK6kZfnCW2G9-8-cbgu5EaPg6V9e_NgsiIAiEd5Iclrf2Zh-e6FFQWoSBJinIsnPQ&_nc_ohc=xb1FCfZMIBwQ7kNvwH-oCS9&_nc_gid=ojOaLKcGh4-HfRfWvw6pfg&edm=AJhczIQBAAAA&ccb=7-5&ig_cache_key=MzcxNzk3MTU1ODYyNzU4MzE1NA%3D%3D.3-ccb7-5&oh=00_Afq-tsFflKjM-ZCeTqUgDQ2v-LezhrapzQcRLmEZPadVqg&oe=6967A939&_nc_sid=4a2096', 'https://instagram.fhan4-6.fna.fbcdn.net/o1/v/t16/f2/m69/AQMgX_VFVc_ynYjvvjpLJkiDXi3SIiJoBsznHfhshio_VnFqvkr0RLGBNvrThXsck75PtLS9TQFGN8DJ-RcLHALh.mp4?strext=1&_nc_cat=108&_nc_oc=AdmWkHXrgi9WXvrBOjTPyLmBVFkNO2M8woea3MsMO6awCuXAUMg5Cpg1Vbp3Kquk65o&_nc_sid=8bf8fe&_nc_ht=instagram.fhan4-6.fna.fbcdn.net&_nc_ohc=7KuX__PuMQsQ7kNvwE_Grj9&efg=eyJ2ZW5jb2RlX3RhZyI6Inhwdl9wcm9ncmVzc2l2ZS5JTlNUQUdSQU0uRkVFRC5DMy43MjAucHJvZ3Jlc3NpdmVfaDI2NC1iYXNpYy1nZW4yXzcyMHAiLCJ4cHZfYXNzZXRfaWQiOjE0MTE4NjkwNDk4NzI3ODcsImFzc2V0X2FnZV9kYXlzIjoxMjIsInZpX3VzZWNhc2VfaWQiOjEwMTY0LCJkdXJhdGlvbl9zIjo1OCwidXJsZ2VuX3NvdXJjZSI6Ind3dyJ9&ccb=17-1&_nc_gid=ojOaLKcGh4-HfRfWvw6pfg&_nc_zt=28&oh=00_AfppaKrtuuXq1IAxnn-T6hu7_Pu5Y6O1wsfxrf3042kDoQ&oe=6967872C']",,https://www.threads.net/@uap_global/post/DOY428VAKSy,[],"{'likes': 188, 'reposts': 26, 'quotes': 4}",threads,3717971558627583154,UAP Global | UFO & Disclosure News,UFO,🚨 NEW VIDEO IS INSANE! HELLFIRE Missile strikes UFO... Gets deflected. WOW....#uap #ufo #Disclosure,threads,75965140013,uap_global
[],2026-01-10T10:29:59.330371+07:00,"Iran New Missile Launch on Israel
🇮🇷🇮🇷🇮🇷✌🇵🇸🇵🇸💪☝☝☝💪",2025-06-19T16:00:38+07:00,,3658301407613930620,threads,threads.com,threads_crawler_v1,https://www.threads.net/@samigujjar7699/post/DLE5b9qI8x8,https://instagram.fhan4-6.fna.fbcdn.net/v/t51.2885-19/491448987_17849394687450753_6816644894994839292_n.jpg?stp=dst-jpg_s150x150_tt6&efg=eyJ2ZW5jb2RlX3RhZyI6InByb2ZpbGVfcGljLmRqYW5nby4xMDgwLmMyIn0&_nc_ht=instagram.fhan4-6.fna.fbcdn.net&_nc_cat=109&_nc_oc=Q6cZ2QGK6kZfnCW2G9-8-cbgu5EaPg6V9e_NgsiIAiEd5Iclrf2Zh-e6FFQWoSBJinIsnPQ&_nc_ohc=8UOvUxNrkKUQ7kNvwFdXaD6&_nc_gid=ojOaLKcGh4-HfRfWvw6pfg&edm=AJhczIQBAAAA&ccb=7-5&oh=00_AfqO5xRR1YmJ8Lmntn0gEE369irDysF9ap6OkE21r1v1IA&oe=6967A131&_nc_sid=4a2096,398,0,4755,77,0,"['https://instagram.fhan4-6.fna.fbcdn.net/v/t51.2885-15/504808253_17855912130450753_4878408655007703636_n.jpg?stp=dst-jpg_e15_tt6&efg=eyJ2ZW5jb2RlX3RhZyI6InRocmVhZHMuRkVFRC5pbWFnZV91cmxnZW4uNTc2eDEwMjQuc2RyLmY3NTc2MS5kZWZhdWx0X2NvdmVyX2ZyYW1lLmMyIn0&_nc_ht=instagram.fhan4-6.fna.fbcdn.net&_nc_cat=109&_nc_oc=Q6cZ2QGK6kZfnCW2G9-8-cbgu5EaPg6V9e_NgsiIAiEd5Iclrf2Zh-e6FFQWoSBJinIsnPQ&_nc_ohc=lhmzIsat0uAQ7kNvwHcmSkW&_nc_gid=ojOaLKcGh4-HfRfWvw6pfg&edm=AJhczIQBAAAA&ccb=7-5&ig_cache_key=MzY1ODMwMTQwNzYxMzkzMDYyMA%3D%3D.3-ccb7-5&oh=00_AfrqGgvXORXocYNliRYaqVCecx_FxuBS95DrGx-o3-rVxw&oe=6967AC2E&_nc_sid=4a2096', 'https://instagram.fhan3-4.fna.fbcdn.net/o1/v/t16/f2/m69/AQOs--Wl29JKZX6yErUeU8TLSiAMB6OdwKzIyCqaoos3mJZ1J_kiufHwzHUEIR9Qv5McvL877ehj3iA9LzuOJPBQ.mp4?strext=1&_nc_cat=106&_nc_oc=AdmYYw57CvpFiG4I83X4zLX1jHCXyWVuH1Xo7cXnmbsvBCD-GDORI57GQjPbdlm3mEw&_nc_sid=8bf8fe&_nc_ht=instagram.fhan3-4.fna.fbcdn.net&_nc_ohc=2JrEixUGm-YQ7kNvwEXfrG6&efg=eyJ2ZW5jb2RlX3RhZyI6Inhwdl9wcm9ncmVzc2l2ZS5JTlNUQUdSQU0uRkVFRC5DMy41NzYucHJvZ3Jlc3NpdmVfaDI2NC1iYXNpYy1nZW4yXzcyMHAiLCJ4cHZfYXNzZXRfaWQiOjU4NDA3MTcwNDQwODk5OSwiYXNzZXRfYWdlX2RheXMiOjIwNCwidmlfdXNlY2FzZV9pZCI6MTAxNjQsImR1cmF0aW9uX3MiOjQwLCJ1cmxnZW5fc291cmNlIjoid3d3In0%3D&ccb=17-1&_nc_gid=ojOaLKcGh4-HfRfWvw6pfg&_nc_zt=28&oh=00_AfpnPUYpyfrGExDyBETUd1SkBLTcObeqEOfI9xVXElb3_A&oe=69678CF6']",,https://www.threads.net/@samigujjar7699/post/DLE5b9qI8x8,[],"{'likes': 4755, 'reposts': 73, 'quotes': 4}",threads,3658301407613930620,Sami Gujjar,foryou,"Iran New Missile Launch on Israel
🇮🇷🇮🇷🇮🇷✌🇵🇸🇵🇸💪☝☝☝💪",threads,73537970752,samigujjar7699
[],2026-01-10T10:29:59.330531+07:00,"The US Air Force keeps both the B-52 and B-1B in service because they solve different problems, not because one beats the other.

The B-52 Stratofortress is about endurance and reach. Entering service in the 1950s, it now functions as a long-range missile truck, able to carry nuclear weapons, cruise missiles, and conventional ordnance across intercontinental distances. Continuous upgrades have kept it relevant, with plans to fly it into the 2050s.",2026-01-08T08:00:52+07:00,,3805190283940709855,threads,threads.com,threads_crawler_v1,https://www.threads.net/@flightdrama/post/DTOwGcJDcXf,https://instagram.fhan3-3.fna.fbcdn.net/v/t51.2885-19/495446211_17880095826297085_7576174259285898261_n.jpg?stp=dst-jpg_s150x150_tt6&efg=eyJ2ZW5jb2RlX3RhZyI6InByb2ZpbGVfcGljLmRqYW5nby4xMDI0LmMyIn0&_nc_ht=instagram.fhan3-3.fna.fbcdn.net&_nc_cat=101&_nc_oc=Q6cZ2QGK6kZfnCW2G9-8-cbgu5EaPg6V9e_NgsiIAiEd5Iclrf2Zh-e6FFQWoSBJinIsnPQ&_nc_ohc=aFacsFRCWfQQ7kNvwGt8Mpe&_nc_gid=ojOaLKcGh4-HfRfWvw6pfg&edm=AJhczIQBAAAA&ccb=7-5&oh=00_AfrC_chPxW1TWkwU4847tMByg_FiJS6FGoOPM0rCJ-r5yQ&oe=69678E89&_nc_sid=4a2096,2,0,191,6,0,['https://instagram.fhan3-3.fna.fbcdn.net/v/t51.2885-15/612588548_17908967319297085_7741432238656974455_n.jpg?stp=dst-jpg_e35_tt6&efg=eyJ2ZW5jb2RlX3RhZyI6InRocmVhZHMuRkVFRC5pbWFnZV91cmxnZW4uMTA4MHgxMzUwLnNkci5mODI3ODcuZGVmYXVsdF9pbWFnZS5jMiJ9&_nc_ht=instagram.fhan3-3.fna.fbcdn.net&_nc_cat=101&_nc_oc=Q6cZ2QGK6kZfnCW2G9-8-cbgu5EaPg6V9e_NgsiIAiEd5Iclrf2Zh-e6FFQWoSBJinIsnPQ&_nc_ohc=Ll1xk5xyzDYQ7kNvwFHZyLp&_nc_gid=ojOaLKcGh4-HfRfWvw6pfg&edm=AJhczIQBAAAA&ccb=7-5&ig_cache_key=MzgwNTE5MDI4Mzk0MDcwOTg1NQ%3D%3D.3-ccb7-5&oh=00_Afo88R4WTSXl-oO_oRgfkUG0WnA4lzPu7s9_NVcJUt3mbg&oe=69679320&_nc_sid=4a2096'],,https://www.threads.net/@flightdrama/post/DTOwGcJDcXf,[],"{'likes': 191, 'reposts': 6, 'quotes': 0}",threads,3805190283940709855,FlightDrama,,"The US Air Force keeps both the B-52 and B-1B in service because they solve different problems, not because one beats the other.

The B-52 Stratofortress is about endurance and reach. Entering service in the 1950s, it now functions as a long-range missile truck, able to carry nuclear weapons, cruise missiles, and conventional ordnance across intercontinental distances. Continuous upgrades have kept it relevant, with plans to fly it into the 2050s.",threads,68906265084,flightdrama
[],2026-01-10T10:29:59.330693+07:00,Fck . Loud. Doors shaking in the hallway. Kyiv. Explosions . I think this was a missile,2026-01-05T07:35:24+07:00,,3803003140757320268,threads,threads.com,threads_crawler_v1,https://www.threads.net/@margogontar/post/DTG-zUUiPJM,https://instagram.fhan3-4.fna.fbcdn.net/v/t51.2885-19/607988915_17937736032109996_4447140259756708109_n.jpg?stp=dst-jpg_s150x150_tt6&efg=eyJ2ZW5jb2RlX3RhZyI6InByb2ZpbGVfcGljLmRqYW5nby4xMDgwLmMyIn0&_nc_ht=instagram.fhan3-4.fna.fbcdn.net&_nc_cat=104&_nc_oc=Q6cZ2QGK6kZfnCW2G9-8-cbgu5EaPg6V9e_NgsiIAiEd5Iclrf2Zh-e6FFQWoSBJinIsnPQ&_nc_ohc=hXyipv_kMKgQ7kNvwG3TfNc&_nc_gid=ojOaLKcGh4-HfRfWvw6pfg&edm=AJhczIQBAAAA&ccb=7-5&oh=00_AfpLNGsba84tr-zJmm340y9sLwZR5d7UHd5azDYlhiA9zQ&oe=6967A77A&_nc_sid=4a2096,32,0,613,22,0,[],,https://www.threads.net/@margogontar/post/DTG-zUUiPJM,[],"{'likes': 613, 'reposts': 22, 'quotes': 0}",threads,3803003140757320268,Margo Gontar,,Fck . Loud. Doors shaking in the hallway. Kyiv. Explosions . I think this was a missile,threads,63251277995,margogontar
[],2026-01-10T10:29:59.330840+07:00,"Israel can take out an Iranian commander 1000km away with a drone missile through a single bedroom wall, without any other damage.

But to target a Hamas leader a few kilometres away, they need to raze whole neighborhoods to the ground. 

Is it obvious yet?",2025-06-13T17:04:25+07:00,,3653985737168467161,threads,threads.com,threads_crawler_v1,https://www.threads.net/@matthew.mcsheehy/post/DK1kKsWRTTZ,https://instagram.fhan4-3.fna.fbcdn.net/v/t51.2885-19/382939908_296709833067840_6697844404783062226_n.jpg?stp=dst-jpg_s150x150_tt6&efg=eyJ2ZW5jb2RlX3RhZyI6InByb2ZpbGVfcGljLmRqYW5nby4xMDgwLmMyIn0&_nc_ht=instagram.fhan4-3.fna.fbcdn.net&_nc_cat=100&_nc_oc=Q6cZ2QGK6kZfnCW2G9-8-cbgu5EaPg6V9e_NgsiIAiEd5Iclrf2Zh-e6FFQWoSBJinIsnPQ&_nc_ohc=TAccB9BKqNIQ7kNvwHRMcAz&_nc_gid=ojOaLKcGh4-HfRfWvw6pfg&edm=AJhczIQBAAAA&ccb=7-5&oh=00_AfrIJ8lSt9YfDg9uPkPY9HUnFFE54-Bbhmyw-uYM3yym1w&oe=6967B1DD&_nc_sid=4a2096,1706,0,54229,6291,0,['https://instagram.fhan4-5.fna.fbcdn.net/v/t39.30808-6/505433629_10161862744008843_1575293348815725600_n.jpg?stp=dst-jpg_e35_tt6&efg=eyJ2ZW5jb2RlX3RhZyI6InRocmVhZHMuRkVFRC5pbWFnZV91cmxnZW4uMTI4MHg4MjMuc2RyLmYzMDgwOC5kZWZhdWx0X2ltYWdlLmMyIn0&_nc_ht=instagram.fhan4-5.fna.fbcdn.net&_nc_cat=103&_nc_oc=Q6cZ2QGK6kZfnCW2G9-8-cbgu5EaPg6V9e_NgsiIAiEd5Iclrf2Zh-e6FFQWoSBJinIsnPQ&_nc_ohc=qXsPNy9I2ZsQ7kNvwFK8aOs&_nc_gid=ojOaLKcGh4-HfRfWvw6pfg&edm=AJhczIQAAAAA&ccb=7-5&ig_cache_key=MzY1Mzk4NTczNzE2ODQ2NzE2MQ%3D%3D.3-ccb7-5&oh=00_Afp_-ecunqORRw1FEwMhmx61fQXEfNocyg-Ej7sgB4NJ2A&oe=69679888&_nc_sid=4a2096'],,https://www.threads.net/@matthew.mcsheehy/post/DK1kKsWRTTZ,[],"{'likes': 54229, 'reposts': 6131, 'quotes': 160}",threads,3653985737168467161,Matthew McSheehy's Photography,,"Israel can take out an Iranian commander 1000km away with a drone missile through a single bedroom wall, without any other damage.

But to target a Hamas leader a few kilometres away, they need to raze whole neighborhoods to the ground. 

Is it obvious yet?",threads,63145229013,matthew.mcsheehy
[],2026-01-10T10:29:59.330985+07:00,"Agni Activated — China's Red Zones in Target 🎯🔥""
🇮🇳 India’s missile reach now speaks louder than words.
💥 From 2000km to 5500+km — every critical zone is within range.
🛰️ This is strategy. This is strength.",2025-07-15T20:16:52+07:00,,3677275421587993095,threads,threads.com,threads_crawler_v1,https://www.threads.net/@newbharatupdate/post/DMIToNNBvIH,https://instagram.fhan4-3.fna.fbcdn.net/v/t51.2885-19/495992225_18059726744160924_8864081645468454731_n.jpg?stp=dst-jpg_s150x150_tt6&efg=eyJ2ZW5jb2RlX3RhZyI6InByb2ZpbGVfcGljLmRqYW5nby4xMDI0LmMyIn0&_nc_ht=instagram.fhan4-3.fna.fbcdn.net&_nc_cat=100&_nc_oc=Q6cZ2QGK6kZfnCW2G9-8-cbgu5EaPg6V9e_NgsiIAiEd5Iclrf2Zh-e6FFQWoSBJinIsnPQ&_nc_ohc=Y6E923RsjAwQ7kNvwFAynpu&_nc_gid=ojOaLKcGh4-HfRfWvw6pfg&edm=AJhczIQBAAAA&ccb=7-5&oh=00_AfrrQTE_I1EHq9gk3b927jvO-eGAqrKYBGRrlePOgARLcg&oe=6967B196&_nc_sid=4a2096,62,0,498,9,0,['https://instagram.fhan4-3.fna.fbcdn.net/v/t51.2885-15/519836212_18066229838160924_8865561766339741897_n.webp?efg=eyJ2ZW5jb2RlX3RhZyI6InRocmVhZHMuRkVFRC5pbWFnZV91cmxnZW4uMTQ0MHgxNDQwLnNkci5mODI3ODcuZGVmYXVsdF9pbWFnZS5jMiJ9&_nc_ht=instagram.fhan4-3.fna.fbcdn.net&_nc_cat=100&_nc_oc=Q6cZ2QGK6kZfnCW2G9-8-cbgu5EaPg6V9e_NgsiIAiEd5Iclrf2Zh-e6FFQWoSBJinIsnPQ&_nc_ohc=WexfApAC1OIQ7kNvwGE9zXC&_nc_gid=ojOaLKcGh4-HfRfWvw6pfg&edm=AJhczIQBAAAA&ccb=7-5&ig_cache_key=MzY3NzI3NTQyMTU4Nzk5MzA5NQ%3D%3D.3-ccb7-5&oh=00_AfpuFFG3GzPjLVcJXDK5jP9EhyNqJTSxifRx5yqEf37TTw&oe=69679010&_nc_sid=4a2096'],,https://www.threads.net/@newbharatupdate/post/DMIToNNBvIH,[],"{'likes': 498, 'reposts': 8, 'quotes': 1}",threads,3677275421587993095,New Bharat Update,,"Agni Activated — China's Red Zones in Target 🎯🔥""
🇮🇳 India’s missile reach now speaks louder than words.
💥 From 2000km to 5500+km — every critical zone is within range.
🛰️ This is strategy. This is strength.",threads,74469560963,newbharatupdate
[],2026-01-10T10:29:59.331129+07:00,Insane capabilities of Tejas of switching from a jet to a cruise missile have  made us worried. 😨😟,2025-11-27T20:26:44+07:00,,3775125116413963786,threads,threads.com,threads_crawler_v1,https://www.threads.net/@bhullar.junaid/post/DRj8Eq6gm4K,https://instagram.fhan4-5.fna.fbcdn.net/v/t51.2885-19/503123596_17896854438215859_7422416585387494285_n.jpg?stp=dst-jpg_s150x150_tt6&efg=eyJ2ZW5jb2RlX3RhZyI6InByb2ZpbGVfcGljLmRqYW5nby45ODEuYzIifQ&_nc_ht=instagram.fhan4-5.fna.fbcdn.net&_nc_cat=103&_nc_oc=Q6cZ2QGK6kZfnCW2G9-8-cbgu5EaPg6V9e_NgsiIAiEd5Iclrf2Zh-e6FFQWoSBJinIsnPQ&_nc_ohc=kr64yBNJAvIQ7kNvwF_izdn&_nc_gid=ojOaLKcGh4-HfRfWvw6pfg&edm=AJhczIQBAAAA&ccb=7-5&oh=00_AfpJGQyLiA9D4IlGrxlARDHoa0r3DRygRyX6thcoKUP_tQ&oe=69678306&_nc_sid=4a2096,141,0,284,2,0,['https://instagram.fhan4-5.fna.fbcdn.net/v/t51.2885-15/589908561_17916770991215859_2254346729656249775_n.webp?efg=eyJ2ZW5jb2RlX3RhZyI6InRocmVhZHMuRkVFRC5pbWFnZV91cmxnZW4uMTA4MHgxMzUwLnNkci5mODI3ODcuZGVmYXVsdF9pbWFnZS5jMiJ9&_nc_ht=instagram.fhan4-5.fna.fbcdn.net&_nc_cat=103&_nc_oc=Q6cZ2QGK6kZfnCW2G9-8-cbgu5EaPg6V9e_NgsiIAiEd5Iclrf2Zh-e6FFQWoSBJinIsnPQ&_nc_ohc=Ma3-tr38WqoQ7kNvwH01_z5&_nc_gid=ojOaLKcGh4-HfRfWvw6pfg&edm=AJhczIQBAAAA&ccb=7-5&ig_cache_key=Mzc3NTEyNTExNjQxMzk2Mzc4Ng%3D%3D.3-ccb7-5&oh=00_AfoZwned2B5LXNc78SHsGLqxgvsKfPTtc5vbVfTA9qjwgQ&oe=6967A994&_nc_sid=4a2096'],,https://www.threads.net/@bhullar.junaid/post/DRj8Eq6gm4K,[],"{'likes': 284, 'reposts': 1, 'quotes': 1}",threads,3775125116413963786,Junaid Bhullar,,Insane capabilities of Tejas of switching from a jet to a cruise missile have  made us worried. 😨😟,threads,66365815858,bhullar.junaid
[],2026-01-10T10:30:28.841220+07:00,"Now say this without crying 😂😂.
On May 10, JF-17 thunder ⚡ with its missile nicknamed 'lora' destroyed two of the gaands of the s400 tatti defence systems.",2026-01-08T13:46:09+07:00,,3805364071872736231,threads,threads.com,threads_crawler_v1,https://www.threads.net/@bhullar.junaid/post/DTPXnYxAivn,https://instagram.fhan4-5.fna.fbcdn.net/v/t51.2885-19/503123596_17896854438215859_7422416585387494285_n.jpg?stp=dst-jpg_s150x150_tt6&efg=eyJ2ZW5jb2RlX3RhZyI6InByb2ZpbGVfcGljLmRqYW5nby45ODEuYzIifQ&_nc_ht=instagram.fhan4-5.fna.fbcdn.net&_nc_cat=103&_nc_oc=Q6cZ2QF9SHiGOnpiUjsHdMdg7qSmwUdnwirGAHfVedxGU-tOas_ZI0pwkRrvYVlWH82oPro&_nc_ohc=kr64yBNJAvIQ7kNvwF_izdn&_nc_gid=HqIrdLdg7o0-BMJQ9mty7A&edm=AJhczIQBAAAA&ccb=7-5&oh=00_AfqP-mtsPyNF7IeZ6RvMKo-8ErZUEMHS1ipRNEu2n7Z3Fw&oe=69678306&_nc_sid=4a2096,12,0,12,1,0,['https://instagram.fhan4-5.fna.fbcdn.net/v/t51.2885-15/589956449_17921361456215859_3280881586157958059_n.webp?efg=eyJ2ZW5jb2RlX3RhZyI6InRocmVhZHMuRkVFRC5pbWFnZV91cmxnZW4uMTA4MHg4MTYuc2RyLmY4Mjc4Ny5kZWZhdWx0X2ltYWdlLmMyIn0&_nc_ht=instagram.fhan4-5.fna.fbcdn.net&_nc_cat=103&_nc_oc=Q6cZ2QF9SHiGOnpiUjsHdMdg7qSmwUdnwirGAHfVedxGU-tOas_ZI0pwkRrvYVlWH82oPro&_nc_ohc=8VYJnSdJYqMQ7kNvwEbLQIJ&_nc_gid=HqIrdLdg7o0-BMJQ9mty7A&edm=AJhczIQBAAAA&ccb=7-5&ig_cache_key=MzgwNTM2NDA3MTg3MjczNjIzMQ%3D%3D.3-ccb7-5&oh=00_AfoJbIXUblaEjvQlGDWKXwl329QafXXoyASwC7wQ6-jeIg&oe=6967A474&_nc_sid=4a2096'],,https://www.threads.net/@bhullar.junaid/post/DTPXnYxAivn,[],"{'likes': 12, 'reposts': 1, 'quotes': 0}",threads,3805364071872736231,Junaid Bhullar,,"Now say this without crying 😂😂.
On May 10, JF-17 thunder ⚡ with its missile nicknamed 'lora' destroyed two of the gaands of the s400 tatti defence systems.",threads,66365815858,bhullar.junaid
[],2026-01-10T10:30:28.841380+07:00,"BREAKING: 

A leaked Pentagon draft report warns that China has likely deployed more than 100 intercontinental ballistic missiles across its newest missile silo fields, according to Reuters.",2025-12-23T14:01:37+07:00,,3793775449592525048,threads,threads.com,threads_crawler_v1,https://www.threads.net/@global_rift_/post/DSmMqvOj3D4,https://instagram.fhan3-3.fna.fbcdn.net/v/t51.2885-19/518730529_17860517649441647_5520070714743190380_n.jpg?stp=dst-jpg_s150x150_tt6&efg=eyJ2ZW5jb2RlX3RhZyI6InByb2ZpbGVfcGljLmRqYW5nby4xMDgwLmMyIn0&_nc_ht=instagram.fhan3-3.fna.fbcdn.net&_nc_cat=1&_nc_oc=Q6cZ2QF9SHiGOnpiUjsHdMdg7qSmwUdnwirGAHfVedxGU-tOas_ZI0pwkRrvYVlWH82oPro&_nc_ohc=TfF0KweHuLYQ7kNvwFt35I-&_nc_gid=HqIrdLdg7o0-BMJQ9mty7A&edm=AJhczIQBAAAA&ccb=7-5&oh=00_AfolCMUhDcMlPDTdXldGJ82JmJ3Hr2Qrl1xpb6qmHETCtw&oe=6967A123&_nc_sid=4a2096,39,0,196,9,0,['https://instagram.fhan3-3.fna.fbcdn.net/v/t51.2885-15/591599720_17879305425441647_4164272825799819557_n.webp?efg=eyJ2ZW5jb2RlX3RhZyI6InRocmVhZHMuRkVFRC5pbWFnZV91cmxnZW4uOTc4eDUzMi5zZHIuZjgyNzg3LmRlZmF1bHRfaW1hZ2UuYzIifQ&_nc_ht=instagram.fhan3-3.fna.fbcdn.net&_nc_cat=111&_nc_oc=Q6cZ2QF9SHiGOnpiUjsHdMdg7qSmwUdnwirGAHfVedxGU-tOas_ZI0pwkRrvYVlWH82oPro&_nc_ohc=zd2aG0WVyiUQ7kNvwGuIXAZ&_nc_gid=HqIrdLdg7o0-BMJQ9mty7A&edm=AJhczIQBAAAA&ccb=7-5&ig_cache_key=Mzc5Mzc3NTQ0OTU5MjUyNTA0OA%3D%3D.3-ccb7-5&oh=00_AfqLR-Ijqkx_Cfg7bPC_BOHPDEW0QBfDmItlwzcR7ovPLw&oe=69679FBB&_nc_sid=4a2096'],,https://www.threads.net/@global_rift_/post/DSmMqvOj3D4,[],"{'likes': 196, 'reposts': 8, 'quotes': 1}",threads,3793775449592525048,global Rift,,"BREAKING: 

A leaked Pentagon draft report warns that China has likely deployed more than 100 intercontinental ballistic missiles across its newest missile silo fields, according to Reuters.",threads,73318473646,global_rift_
[],2026-01-10T10:30:28.841421+07:00,"A massive Russian missile and drone attack on Kyiv has killed at least 14 civilians and injured dozens of others.

Yes, there’s a shiny new war in the Middle East but if you live in Europe or the US then you have to keep your attention on Ukraine.

#ukraine #ukrainewar #russia #kyiv #war #israel #iran",2025-06-17T15:03:55+07:00,,3656824165549405484,threads,threads.com,threads_crawler_v1,https://www.threads.net/@chrisdyork/post/DK_pjQxovUs,https://instagram.fhan3-3.fna.fbcdn.net/v/t51.2885-19/358029775_1783377948810673_7951801379281278380_n.jpg?stp=dst-jpg_s150x150_tt6&efg=eyJ2ZW5jb2RlX3RhZyI6InByb2ZpbGVfcGljLmRqYW5nby44NDYuYzIifQ&_nc_ht=instagram.fhan3-3.fna.fbcdn.net&_nc_cat=101&_nc_oc=Q6cZ2QF9SHiGOnpiUjsHdMdg7qSmwUdnwirGAHfVedxGU-tOas_ZI0pwkRrvYVlWH82oPro&_nc_ohc=hQ6XchOkqm0Q7kNvwGQUHJ9&_nc_gid=HqIrdLdg7o0-BMJQ9mty7A&edm=AJhczIQBAAAA&ccb=7-5&oh=00_AfrdqEFw32ee9txxjV8-976ulEUlaTiodIa83M8aRXM4Tw&oe=6967AC5B&_nc_sid=4a2096,14,0,705,48,0,"['https://instagram.fhan4-6.fna.fbcdn.net/v/t51.2885-15/508351258_1239699371276229_5704326281569791972_n.jpg?stp=dst-jpg_e15_tt6&efg=eyJ2ZW5jb2RlX3RhZyI6InRocmVhZHMuRkVFRC5pbWFnZV91cmxnZW4uNjQweDExMzYuc2RyLmY3MTg3OC5uZnJhbWVfY292ZXJfZnJhbWUuYzIifQ&_nc_ht=instagram.fhan4-6.fna.fbcdn.net&_nc_cat=109&_nc_oc=Q6cZ2QF9SHiGOnpiUjsHdMdg7qSmwUdnwirGAHfVedxGU-tOas_ZI0pwkRrvYVlWH82oPro&_nc_ohc=HXE_jX0HdPMQ7kNvwFSlabP&_nc_gid=HqIrdLdg7o0-BMJQ9mty7A&edm=AJhczIQBAAAA&ccb=7-5&ig_cache_key=MzY1NjgyNDE2NTU0OTQwNTQ4NA%3D%3D.3-ccb7-5&oh=00_Afrj0YMTZ1pqnzIVa9E9Ku8rsgaMdSKPcd_Dl7lrF1CzFQ&oe=6967ABD5&_nc_sid=4a2096', 'https://instagram.fhan3-3.fna.fbcdn.net/o1/v/t2/f2/m367/AQPMSnYV90kN6S1Q9IwYRpg4THJ82yjXdcoOncPGnmGlRZdEzWjZgOpVoGTmXWcdSuZgf2mCFH3GsQBymUxoMQ_A9AO0FnyxQFDMaN8.mp4?_nc_cat=111&_nc_oc=AdnqsQd9thSTuHkR7CfZc2WzfGoQLTKHyk9l1z6uYOgROYQ0Ea8KQqIosUjHSLNcYUY&_nc_sid=5e9851&_nc_ht=instagram.fhan3-3.fna.fbcdn.net&_nc_ohc=dNPBo1wonkcQ7kNvwEKergV&efg=eyJ2ZW5jb2RlX3RhZyI6Inhwdl9wcm9ncmVzc2l2ZS5JTlNUQUdSQU0uRkVFRC5DMy43MjAuZGFzaF9iYXNlbGluZV8xX3YxIiwieHB2X2Fzc2V0X2lkIjoxMDU5MDQwMTM1NzYyMDMwLCJhc3NldF9hZ2VfZGF5cyI6MjA2LCJ2aV91c2VjYXNlX2lkIjoxMDA5OSwiZHVyYXRpb25fcyI6ODQsInVybGdlbl9zb3VyY2UiOiJ3d3cifQ%3D%3D&ccb=17-1&_nc_gid=HqIrdLdg7o0-BMJQ9mty7A&_nc_zt=28&vs=6f16b883722418c2&_nc_vs=HBksFQIYQGlnX2VwaGVtZXJhbC9ENTQzMjc0MzUwNDg0MkMwRTU0NEQ1N0RBNDAyNEFBMV92aWRlb19kYXNoaW5pdC5tcDQVAALIARIAFQIYR2lnX3hwdl9yZWVsc19wZXJtYW5lbnRfc3JfcHJvZC8xMjIwNDg2NTkyNjA3ODY3XzEyMjY3NzgyNzA0MzQ0NzkzMTcubXA0FQICyAESACgAGAAbAogHdXNlX29pbAExEnByb2dyZXNzaXZlX3JlY2lwZQExFQAAJtzBwvGfzOEDFQIoAkMzLBdAVSZmZmZmZhgSZGFzaF9iYXNlbGluZV8xX3YxEQB16gdl5p0BAA&oh=00_AfrtmjcNDH5S9_V0aQK4Nh4dejQQblTkxyrVXFOC58pHgw&oe=696780FC']",,https://www.threads.net/@chrisdyork/post/DK_pjQxovUs,[],"{'likes': 705, 'reposts': 48, 'quotes': 0}",threads,3656824165549405484,Chris York,,"A massive Russian missile and drone attack on Kyiv has killed at least 14 civilians and injured dozens of others.

Yes, there’s a shiny new war in the Middle East but if you live in Europe or the US then you have to keep your attention on Ukraine.

#ukraine #ukrainewar #russia #kyiv #war #israel #iran",threads,63309722712,chrisdyork
[],2026-01-10T10:30:28.841464+07:00,"🚨 BREAKING:

This is Iran’s Fattah hypersonic missile — reportedly used in strikes on Israel.

With a 1,400 km range and speeds up to Mach 15, it can reach Tel Aviv in under 4 minutes — too fast for most defense systems to stop.

#FattahMissile #Hypersonic #IranIsraelTensions #Defense #DeyanatNews",2025-06-15T17:56:53+07:00,,3655461692503091528,threads,threads.com,threads_crawler_v1,https://www.threads.net/@deyanatnews/post/DK6zwq3selI,https://instagram.fhan3-2.fna.fbcdn.net/v/t51.2885-19/504212114_17873270376362407_7346435464713338896_n.jpg?stp=dst-jpg_s150x150_tt6&efg=eyJ2ZW5jb2RlX3RhZyI6InByb2ZpbGVfcGljLmRqYW5nby41MDAuYzIifQ&_nc_ht=instagram.fhan3-2.fna.fbcdn.net&_nc_cat=107&_nc_oc=Q6cZ2QF9SHiGOnpiUjsHdMdg7qSmwUdnwirGAHfVedxGU-tOas_ZI0pwkRrvYVlWH82oPro&_nc_ohc=AGqREmbHSLAQ7kNvwF2Ehpy&_nc_gid=HqIrdLdg7o0-BMJQ9mty7A&edm=AJhczIQBAAAA&ccb=7-5&oh=00_Afreo0qtfIoS1LX2IUmagbs480o0wMWyVE5qSN72PQ3tBA&oe=6967940B&_nc_sid=4a2096,65,0,2047,48,0,['https://instagram.fhan3-2.fna.fbcdn.net/v/t51.2885-15/506351797_17874495249362407_3314124300747275994_n.jpg?stp=dst-jpg_e35_tt6&efg=eyJ2ZW5jb2RlX3RhZyI6InRocmVhZHMuRkVFRC5pbWFnZV91cmxnZW4uMzU1eDE5Ny5zZHIuZjc1NzYxLmRlZmF1bHRfaW1hZ2UuYzIifQ&_nc_ht=instagram.fhan3-2.fna.fbcdn.net&_nc_cat=107&_nc_oc=Q6cZ2QF9SHiGOnpiUjsHdMdg7qSmwUdnwirGAHfVedxGU-tOas_ZI0pwkRrvYVlWH82oPro&_nc_ohc=Uolv736KSmcQ7kNvwGHpxuJ&_nc_gid=HqIrdLdg7o0-BMJQ9mty7A&edm=AJhczIQBAAAA&ccb=7-5&ig_cache_key=MzY1NTQ2MTY5MjUwMzA5MTUyOA%3D%3D.3-ccb7-5&oh=00_AfqzdEaYvpuhgRKRhsR6_RG2RgMnXcKbV5TmdWXP-JsnPA&oe=6967A5B9&_nc_sid=4a2096'],,https://www.threads.net/@deyanatnews/post/DK6zwq3selI,[],"{'likes': 2047, 'reposts': 44, 'quotes': 4}",threads,3655461692503091528,Deyanat News,,"🚨 BREAKING:

This is Iran’s Fattah hypersonic missile — reportedly used in strikes on Israel.

With a 1,400 km range and speeds up to Mach 15, it can reach Tel Aviv in under 4 minutes — too fast for most defense systems to stop.

#FattahMissile #Hypersonic #IranIsraelTensions #Defense #DeyanatNews",threads,70863706406,deyanatnews
[],2026-01-10T10:30:28.841498+07:00,"Kyiv is under missile attack.
It’s very loud.
Nothing new, really. 
Just thought the world should know.",2025-11-25T06:28:51+07:00,,3773253844260235173,threads,threads.com,threads_crawler_v1,https://www.threads.net/@strategywoman/post/DRdSmE6giel,https://instagram.fhan4-1.fna.fbcdn.net/v/t51.2885-19/452158931_360075120264233_6020803238517359435_n.jpg?stp=dst-jpg_s150x150_tt6&efg=eyJ2ZW5jb2RlX3RhZyI6InByb2ZpbGVfcGljLmRqYW5nby4xMDgwLmMyIn0&_nc_ht=instagram.fhan4-1.fna.fbcdn.net&_nc_cat=105&_nc_oc=Q6cZ2QF9SHiGOnpiUjsHdMdg7qSmwUdnwirGAHfVedxGU-tOas_ZI0pwkRrvYVlWH82oPro&_nc_ohc=LmMu-jrDJ48Q7kNvwGPc6Sj&_nc_gid=HqIrdLdg7o0-BMJQ9mty7A&edm=AJhczIQBAAAA&ccb=7-5&oh=00_Afq5BDY350MIabC35KJSF4rFRho98f7xjGAl8YtK0_O5Sg&oe=6967A981&_nc_sid=4a2096,323,0,11964,869,0,[],,https://www.threads.net/@strategywoman/post/DRdSmE6giel,[],"{'likes': 11964, 'reposts': 844, 'quotes': 25}",threads,3773253844260235173,Yaroslava,,"Kyiv is under missile attack.
It’s very loud.
Nothing new, really. 
Just thought the world should know.",threads,63243069550,strategywoman
[],2026-01-10T10:30:28.841529+07:00,"A video shows another ballistic missile hit Tel Aviv.

This is a new wave of attacks, not the initial response from Iran.",2025-06-14T05:21:32+07:00,,3654356681782282932,threads,threads.com,threads_crawler_v1,https://www.threads.net/@crustnews/post/DK24gpcNUq0,https://instagram.fhan3-3.fna.fbcdn.net/v/t51.2885-19/604251522_17912077545262145_1380208255197681040_n.jpg?stp=dst-jpg_s150x150_tt6&efg=eyJ2ZW5jb2RlX3RhZyI6InByb2ZpbGVfcGljLmRqYW5nby4xMDgwLmMyIn0&_nc_ht=instagram.fhan3-3.fna.fbcdn.net&_nc_cat=1&_nc_oc=Q6cZ2QF9SHiGOnpiUjsHdMdg7qSmwUdnwirGAHfVedxGU-tOas_ZI0pwkRrvYVlWH82oPro&_nc_ohc=FLmXxCv7fasQ7kNvwGEy8dh&_nc_gid=HqIrdLdg7o0-BMJQ9mty7A&edm=AJhczIQBAAAA&ccb=7-5&oh=00_Afpb0AIk-VGK_dXy4vKZpnigxTdt6EZOsTYJfMKlak8Row&oe=6967A6C7&_nc_sid=4a2096,58,0,585,51,0,"['https://instagram.fhan4-1.fna.fbcdn.net/v/t51.2885-15/505202279_17890560075262145_4641923858826601423_n.jpg?stp=dst-jpg_e15_tt6&efg=eyJ2ZW5jb2RlX3RhZyI6InRocmVhZHMuRkVFRC5pbWFnZV91cmxnZW4uNjQweDMyMC5zZHIuZjc1NzYxLmRlZmF1bHRfY292ZXJfZnJhbWUuYzIifQ&_nc_ht=instagram.fhan4-1.fna.fbcdn.net&_nc_cat=105&_nc_oc=Q6cZ2QF9SHiGOnpiUjsHdMdg7qSmwUdnwirGAHfVedxGU-tOas_ZI0pwkRrvYVlWH82oPro&_nc_ohc=-lmQaPFqTOMQ7kNvwFVvmMd&_nc_gid=HqIrdLdg7o0-BMJQ9mty7A&edm=AJhczIQBAAAA&ccb=7-5&ig_cache_key=MzY1NDM1NjY4MTc4MjI4MjkzMg%3D%3D.3-ccb7-5&oh=00_AfoIZr27LJU50w28si_8FHFs6tFh0iRvLwvqd5r2qFwHDA&oe=69679A96&_nc_sid=4a2096', 'https://instagram.fhan3-3.fna.fbcdn.net/o1/v/t16/f2/m84/AQOEVzK3OREtgw1FRppzCUxephsFx4W0RNlshtvhXOwsqNJ_Y0KvQyOpRW7LFaH7mv93__zcSbEtIDDjXGnKPpwtdR75tE7z0thZ7QI.mp4?_nc_cat=101&_nc_oc=AdmTd2mBJVF8V_DDe06q-dkHN_6bDm1UOFOm9EUoU7PtAFDH3esZszjTfEUcHsPeK0Y&_nc_sid=5e9851&_nc_ht=instagram.fhan3-3.fna.fbcdn.net&_nc_ohc=U7AaRjwATzUQ7kNvwHT6Ilv&efg=eyJ2ZW5jb2RlX3RhZyI6Inhwdl9wcm9ncmVzc2l2ZS5JTlNUQUdSQU0uRkVFRC5DMy42NDAuZGFzaF9iYXNlbGluZV8zX3YxIiwieHB2X2Fzc2V0X2lkIjoxNjU0NTUzMjE4NTY4OTkzLCJhc3NldF9hZ2VfZGF5cyI6MjEwLCJ2aV91c2VjYXNlX2lkIjoxMDE2NCwiZHVyYXRpb25fcyI6NiwidXJsZ2VuX3NvdXJjZSI6Ind3dyJ9&ccb=17-1&_nc_gid=HqIrdLdg7o0-BMJQ9mty7A&_nc_zt=28&vs=a652e015d8c8bc0c&_nc_vs=HBksFQIYTGlnX2JhY2tmaWxsX3RpbWVsaW5lX3ZvZC83NDQ0Mzc3ODkyQTREMEJBRjAwMjI3MkFDMjFFODVBMF92aWRlb19kYXNoaW5pdC5tcDQVAALIARIAFQIYOnBhc3N0aHJvdWdoX2V2ZXJzdG9yZS9HQjBmSng0ckF6RThyTHdEQUJ5RkVoUUZRZ3dfYmtZTEFBQUYVAgLIARIAKAAYABsCiAd1c2Vfb2lsATEScHJvZ3Jlc3NpdmVfcmVjaXBlATEVAAAmwszWjdaz8AUVAigCQzMsF0AYZmZmZmZmGBJkYXNoX2Jhc2VsaW5lXzNfdjERAHXqB2XongEA&oh=00_Afo-ohx_USWsfQKkwHEUqtAvZPLJVQGiurLU970M_O2mUA&oe=69639823']",,https://www.threads.net/@crustnews/post/DK24gpcNUq0,[],"{'likes': 585, 'reposts': 47, 'quotes': 4}",threads,3654356681782282932,Crust News,,"A video shows another ballistic missile hit Tel Aviv.

This is a new wave of attacks, not the initial response from Iran.",threads,67773254144,crustnews
[],2026-01-10T10:30:28.841562+07:00,A moment of joy during difficult times. Israelis break into song and dance in a tunnel while seeking shelter from a missile attack. The Jewish people's spirit remains unbroken through adversity.,2025-06-16T18:03:13+07:00,,3656189631006780010,threads,threads.com,threads_crawler_v1,https://www.threads.net/@lion.of.judea/post/DK9ZRkboCpq,https://instagram.fhan3-4.fna.fbcdn.net/v/t51.2885-19/481948555_2109676422880024_2339491836805004115_n.jpg?stp=dst-jpg_s150x150_tt6&efg=eyJ2ZW5jb2RlX3RhZyI6InByb2ZpbGVfcGljLmRqYW5nby4xMDI0LmMyIn0&_nc_ht=instagram.fhan3-4.fna.fbcdn.net&_nc_cat=104&_nc_oc=Q6cZ2QF9SHiGOnpiUjsHdMdg7qSmwUdnwirGAHfVedxGU-tOas_ZI0pwkRrvYVlWH82oPro&_nc_ohc=sqsoykyaTtgQ7kNvwEWz8Xu&_nc_gid=HqIrdLdg7o0-BMJQ9mty7A&edm=AJhczIQBAAAA&ccb=7-5&oh=00_AfpDEp-bHmH-NeIF336DoYSCu6DYOMaLVbnvEIq77stPmg&oe=6967A28E&_nc_sid=4a2096,384,0,1606,20,0,"['https://instagram.fhan4-6.fna.fbcdn.net/v/t51.2885-15/508611948_2422523208102861_1791541675195838598_n.jpg?stp=dst-jpg_e15_tt6&efg=eyJ2ZW5jb2RlX3RhZyI6InRocmVhZHMuRkVFRC5pbWFnZV91cmxnZW4uNjQweDExMzguc2RyLmY3MTg3OC5kZWZhdWx0X2NvdmVyX2ZyYW1lLmMyIn0&_nc_ht=instagram.fhan4-6.fna.fbcdn.net&_nc_cat=109&_nc_oc=Q6cZ2QF9SHiGOnpiUjsHdMdg7qSmwUdnwirGAHfVedxGU-tOas_ZI0pwkRrvYVlWH82oPro&_nc_ohc=27eTqQxalMoQ7kNvwHEEPgU&_nc_gid=HqIrdLdg7o0-BMJQ9mty7A&edm=AJhczIQBAAAA&ccb=7-5&ig_cache_key=MzY1NjE4OTYzMTAwNjc4MDAxMA%3D%3D.3-ccb7-5&oh=00_AfpfhMD1kUWxYCTePBqqnbwn6Aq96mW4b9NklfCOkf93ew&oe=696793C7&_nc_sid=4a2096', 'https://instagram.fhan4-3.fna.fbcdn.net/o1/v/t2/f2/m367/AQOmH_bhvs7yeBp9tp0ZQaEgQAVHI_LFS2LdLvQ5QqJcROSm_AZmN7uY5_BTczn2Y8xEjJOBKQWETwejpls2lYdwd_CIXcGypKqddOU.mp4?_nc_cat=110&_nc_oc=Adm-FVfrdSA-D0LeiAMM-yUhjBbD9IQsk7Pi8Hop-tFxcO9h25Lo4EcknLbezj737Jg&_nc_sid=5e9851&_nc_ht=instagram.fhan4-3.fna.fbcdn.net&_nc_ohc=kyAq9rl3SbgQ7kNvwG37c11&efg=eyJ2ZW5jb2RlX3RhZyI6Inhwdl9wcm9ncmVzc2l2ZS5JTlNUQUdSQU0uRkVFRC5DMy40ODAuZGFzaF9iYXNlbGluZV8xX3YxIiwieHB2X2Fzc2V0X2lkIjoxMDYwNTc2MjQ4ODMzMTYwLCJhc3NldF9hZ2VfZGF5cyI6MjA3LCJ2aV91c2VjYXNlX2lkIjoxMDA5OSwiZHVyYXRpb25fcyI6MjYsInVybGdlbl9zb3VyY2UiOiJ3d3cifQ%3D%3D&ccb=17-1&_nc_gid=HqIrdLdg7o0-BMJQ9mty7A&_nc_zt=28&vs=b458f28897ad19a8&_nc_vs=HBksFQIYQGlnX2VwaGVtZXJhbC80RTQxOTJERUVFRkIwQkNFQkI4MDVBNzNDQkM3NkY4QV92aWRlb19kYXNoaW5pdC5tcDQVAALIARIAFQIYRmlnX3hwdl9yZWVsc19wZXJtYW5lbnRfc3JfcHJvZC85MjY2ODM5NDk1NTU3MzRfNjI3Njc4NDM0ODc4MTc0MzY4Ny5tcDQVAgLIARIAKAAYABsCiAd1c2Vfb2lsATEScHJvZ3Jlc3NpdmVfcmVjaXBlATEVAAAmkJKN6dSl4gMVAigCQzMsF0A6IgxJul41GBJkYXNoX2Jhc2VsaW5lXzFfdjERAHXqB2XmnQEA&oh=00_Afpm4WnjFRvhD2mI4UBM-oXD6sVsfPHIPjrFiRbNa59VLw&oe=69678487']",,https://www.threads.net/@lion.of.judea/post/DK9ZRkboCpq,[],"{'likes': 1606, 'reposts': 19, 'quotes': 1}",threads,3656189631006780010,LION OF JUDEA,,A moment of joy during difficult times. Israelis break into song and dance in a tunnel while seeking shelter from a missile attack. The Jewish people's spirit remains unbroken through adversity.,threads,73008859578,lion.of.judea
[],2026-01-10T10:30:28.841592+07:00,BREAKING: Utter destruction in Tel Aviv after Iranian missile barrage,2025-06-16T09:08:17+07:00,,3655920144233512010,threads,threads.com,threads_crawler_v1,https://www.threads.net/@dannykpolitics/post/DK8cABUO7xK,https://instagram.fhan3-3.fna.fbcdn.net/v/t51.2885-19/447801619_432618052892676_827955217001161532_n.jpg?stp=dst-jpg_s150x150_tt6&efg=eyJ2ZW5jb2RlX3RhZyI6InByb2ZpbGVfcGljLmRqYW5nby41MTIuYzIifQ&_nc_ht=instagram.fhan3-3.fna.fbcdn.net&_nc_cat=1&_nc_oc=Q6cZ2QF9SHiGOnpiUjsHdMdg7qSmwUdnwirGAHfVedxGU-tOas_ZI0pwkRrvYVlWH82oPro&_nc_ohc=bcFhm8sl6b8Q7kNvwHPqX_2&_nc_gid=HqIrdLdg7o0-BMJQ9mty7A&edm=AJhczIQBAAAA&ccb=7-5&oh=00_AfqjkH4dr4RO8HtsC4YUa_91dVgRSXga2rGh8xutPBjnHw&oe=696780AF&_nc_sid=4a2096,343,0,3066,142,0,"['https://instagram.fhan3-4.fna.fbcdn.net/v/t51.2885-15/506032382_1068180228568110_3084330112879039519_n.jpg?stp=dst-jpg_e15_tt6&efg=eyJ2ZW5jb2RlX3RhZyI6InRocmVhZHMuRkVFRC5pbWFnZV91cmxnZW4uNjQweDU4MC5zZHIuZjcxODc4LmRlZmF1bHRfY292ZXJfZnJhbWUuYzIifQ&_nc_ht=instagram.fhan3-4.fna.fbcdn.net&_nc_cat=106&_nc_oc=Q6cZ2QF9SHiGOnpiUjsHdMdg7qSmwUdnwirGAHfVedxGU-tOas_ZI0pwkRrvYVlWH82oPro&_nc_ohc=NArl2MHOs9sQ7kNvwH-wEwb&_nc_gid=HqIrdLdg7o0-BMJQ9mty7A&edm=AJhczIQBAAAA&ccb=7-5&ig_cache_key=MzY1NTkyMDE0NDIzMzUxMjAxMA%3D%3D.3-ccb7-5&oh=00_AfpOhoelkg9n3IUmqEf93yRXCveD5Sau5GcQE1B7obw-Fw&oe=6967B134&_nc_sid=4a2096', 'https://instagram.fhan4-5.fna.fbcdn.net/o1/v/t16/f2/m69/AQOiQ_lEcZNQacZW2XNKisId6VEXdD-c3gz-JaI3NIp-frw1MWGTYZzHO-n3q242DW91SkYK2H-5i3Tph7O5Kx-2.mp4?strext=1&_nc_cat=102&_nc_oc=AdnGmWxnvB8329lFeoCQzokJvln0s7VbOyJGXyF-sEzqcJ0c1J9nuEDrpLHVmaehPgs&_nc_sid=8bf8fe&_nc_ht=instagram.fhan4-5.fna.fbcdn.net&_nc_ohc=ktQrXzGYJNEQ7kNvwH9Z10I&efg=eyJ2ZW5jb2RlX3RhZyI6Inhwdl9wcm9ncmVzc2l2ZS5JTlNUQUdSQU0uRkVFRC5DMy43OTIucHJvZ3Jlc3NpdmVfaDI2NC1iYXNpYy1nZW4yXzcyMHAiLCJ4cHZfYXNzZXRfaWQiOjE4MjcwMTU3MDgwMzAyNTAsImFzc2V0X2FnZV9kYXlzIjoyMDgsInZpX3VzZWNhc2VfaWQiOjEwMTY0LCJkdXJhdGlvbl9zIjoxNCwidXJsZ2VuX3NvdXJjZSI6Ind3dyJ9&ccb=17-1&_nc_gid=HqIrdLdg7o0-BMJQ9mty7A&_nc_zt=28&oh=00_AfoIxVMrVluoXj2CMlpa-JweTUGXd_spZb1HI6TwP59waw&oe=696788CE']",,https://www.threads.net/@dannykpolitics/post/DK8cABUO7xK,[],"{'likes': 3066, 'reposts': 127, 'quotes': 15}",threads,3655920144233512010,Danny Krikorian,,BREAKING: Utter destruction in Tel Aviv after Iranian missile barrage,threads,69805090433,dannykpolitics
[],2026-01-10T10:30:28.841622+07:00,"The US has made a formal request to Lebanon to return an unexploded GBU-39B guided missile used in Israel's recent operation targeting Hezbollah's chief of staff. 

During the strike on Beirut, Israel deployed eight such missiles, one of which failed to explode. 
The US is reportedly concerned that the advanced technology could be acquired by Russia or Iran if the missile is not returned immediately.
#usa #lebanon #Israel",2025-11-25T13:01:45+07:00,,3773451593413929285,threads,threads.com,threads_crawler_v1,https://www.threads.net/@samibeanusi/post/DRd_jtKkalF,https://instagram.fhan4-1.fna.fbcdn.net/v/t51.2885-19/567859956_17910202047239525_5430557098394910614_n.jpg?stp=dst-jpg_s150x150_tt6&efg=eyJ2ZW5jb2RlX3RhZyI6InByb2ZpbGVfcGljLmRqYW5nby4xMDgwLmMyIn0&_nc_ht=instagram.fhan4-1.fna.fbcdn.net&_nc_cat=105&_nc_oc=Q6cZ2QF9SHiGOnpiUjsHdMdg7qSmwUdnwirGAHfVedxGU-tOas_ZI0pwkRrvYVlWH82oPro&_nc_ohc=ItDhUlIjyYMQ7kNvwGw13Xf&_nc_gid=HqIrdLdg7o0-BMJQ9mty7A&edm=AJhczIQBAAAA&ccb=7-5&oh=00_Afp-igoEyb6U6fl1mf-TWpB5c-EJZ1YR7H0agj3_cUMkig&oe=69678ECF&_nc_sid=4a2096,116,0,241,18,0,['https://instagram.fhan4-1.fna.fbcdn.net/v/t39.30808-6/589393502_10241165853585389_7834174687009808740_n.jpg?stp=dst-jpg_e35_tt6&efg=eyJ2ZW5jb2RlX3RhZyI6InRocmVhZHMuRkVFRC5pbWFnZV91cmxnZW4uMTkyMHgxOTIwLnNkci5mMzA4MDguZGVmYXVsdF9pbWFnZS5jMiJ9&_nc_ht=instagram.fhan4-1.fna.fbcdn.net&_nc_cat=105&_nc_oc=Q6cZ2QF9SHiGOnpiUjsHdMdg7qSmwUdnwirGAHfVedxGU-tOas_ZI0pwkRrvYVlWH82oPro&_nc_ohc=jqvkZ-U4m3wQ7kNvwHEi9vO&_nc_gid=HqIrdLdg7o0-BMJQ9mty7A&edm=AJhczIQAAAAA&ccb=7-5&ig_cache_key=Mzc3MzQ1MTU5MzQxMzkyOTI4NQ%3D%3D.3-ccb7-5&oh=00_Afq-KZh2y-X3P3oULDvzO3-cw0HWs7c-_9eAOHo0E38jwA&oe=69679C71&_nc_sid=4a2096'],,https://www.threads.net/@samibeanusi/post/DRd_jtKkalF,[],"{'likes': 241, 'reposts': 15, 'quotes': 3}",threads,3773451593413929285,Samuel Ibeanusi,,"The US has made a formal request to Lebanon to return an unexploded GBU-39B guided missile used in Israel's recent operation targeting Hezbollah's chief of staff. 

During the strike on Beirut, Israel deployed eight such missiles, one of which failed to explode. 
The US is reportedly concerned that the advanced technology could be acquired by Russia or Iran if the missile is not returned immediately.
#usa #lebanon #Israel",threads,67008087524,samibeanusi
[],2026-01-10T10:30:28.841651+07:00,"Trump uses 125 aircraft including B2 bombers, Navy destroyers, and a guided missile submarine to drop 14 MOPs and 75 Tomahawk missiles on Iran, without consulting Congress, as required by tge Constitution.

Trump: “We are not at war with Iran!”

WTFF, as Trump continues to wipe his ass with the Constitution.",2025-06-22T20:34:17+07:00,,3660614349040217932,threads,threads.com,threads_crawler_v1,https://www.threads.net/@raytye/post/DLNHVsOPW9M,https://instagram.fhan3-3.fna.fbcdn.net/v/t51.2885-19/474685803_634860365780497_5930531054772256554_n.jpg?stp=dst-jpg_s150x150_tt6&efg=eyJ2ZW5jb2RlX3RhZyI6InByb2ZpbGVfcGljLmRqYW5nby44NDYuYzIifQ&_nc_ht=instagram.fhan3-3.fna.fbcdn.net&_nc_cat=101&_nc_oc=Q6cZ2QF9SHiGOnpiUjsHdMdg7qSmwUdnwirGAHfVedxGU-tOas_ZI0pwkRrvYVlWH82oPro&_nc_ohc=c0XHAj_Dn_4Q7kNvwFznvMp&_nc_gid=HqIrdLdg7o0-BMJQ9mty7A&edm=AJhczIQBAAAA&ccb=7-5&oh=00_AfoXBp2u729faX3GamzqwWgtS6ZnJ5tX4oe_007gqb_mGQ&oe=696795AA&_nc_sid=4a2096,152,0,148,12,0,[],,https://www.threads.net/@raytye/post/DLNHVsOPW9M,[],"{'likes': 148, 'reposts': 11, 'quotes': 1}",threads,3660614349040217932,Raymond C. Tye,,"Trump uses 125 aircraft including B2 bombers, Navy destroyers, and a guided missile submarine to drop 14 MOPs and 75 Tomahawk missiles on Iran, without consulting Congress, as required by tge Constitution.

Trump: “We are not at war with Iran!”

WTFF, as Trump continues to wipe his ass with the Constitution.",threads,63043390186,raytye
[],2026-01-10T10:30:28.841680+07:00,"If you ever wondered, what the difference between a ballistic and a hypersonic missile is, this graphic explains it pretty good.

In recent events a ballistic missile travels around 10-12 minutes from Iran to Izzy and is detected way earlier than a hypersonic one, that travels approximately 4 minutes from Iran to Izzy.",2025-06-16T15:53:39+07:00,,3656124447487903576,threads,threads.com,threads_crawler_v1,https://www.threads.net/@hashtagnidzo/post/DK9KdBjI0dY,https://instagram.fhan4-6.fna.fbcdn.net/v/t51.2885-19/572377482_17922849576178209_2122861499555632158_n.jpg?stp=dst-jpg_s150x150_tt6&efg=eyJ2ZW5jb2RlX3RhZyI6InByb2ZpbGVfcGljLmRqYW5nby4xMDgwLmMyIn0&_nc_ht=instagram.fhan4-6.fna.fbcdn.net&_nc_cat=109&_nc_oc=Q6cZ2QF9SHiGOnpiUjsHdMdg7qSmwUdnwirGAHfVedxGU-tOas_ZI0pwkRrvYVlWH82oPro&_nc_ohc=-XboTmWAwkIQ7kNvwE4qSWN&_nc_gid=HqIrdLdg7o0-BMJQ9mty7A&edm=AJhczIQBAAAA&ccb=7-5&oh=00_AfohP41riXsUiIk6zb14WVOveUDDa_llgs1ABoXKEDR7Bg&oe=69679B37&_nc_sid=4a2096,101,0,2460,107,0,['https://instagram.fhan4-6.fna.fbcdn.net/v/t51.2885-15/504094163_17906849274178209_1620789779681601180_n.webp?efg=eyJ2ZW5jb2RlX3RhZyI6InRocmVhZHMuRkVFRC5pbWFnZV91cmxnZW4uMTIxNXg4MDkuc2RyLmY3NTc2MS5kZWZhdWx0X2ltYWdlLmMyIn0&_nc_ht=instagram.fhan4-6.fna.fbcdn.net&_nc_cat=109&_nc_oc=Q6cZ2QF9SHiGOnpiUjsHdMdg7qSmwUdnwirGAHfVedxGU-tOas_ZI0pwkRrvYVlWH82oPro&_nc_ohc=hRhqRuPjKB0Q7kNvwHhkmkR&_nc_gid=HqIrdLdg7o0-BMJQ9mty7A&edm=AJhczIQBAAAA&ccb=7-5&ig_cache_key=MzY1NjEyNDQ0NzQ4NzkwMzU3Ng%3D%3D.3-ccb7-5&oh=00_AfrFiReB3JuBdOcn_FQTfwlgLCn5WqW1bzWdfYr3lN91Sg&oe=6967A06B&_nc_sid=4a2096'],,https://www.threads.net/@hashtagnidzo/post/DK9KdBjI0dY,[],"{'likes': 2460, 'reposts': 103, 'quotes': 4}",threads,3656124447487903576,NIDŽO,IranIsraelWar,"If you ever wondered, what the difference between a ballistic and a hypersonic missile is, this graphic explains it pretty good.

In recent events a ballistic missile travels around 10-12 minutes from Iran to Izzy and is detected way earlier than a hypersonic one, that travels approximately 4 minutes from Iran to Izzy.",threads,65414354208,hashtagnidzo
[],2026-01-10T10:30:28.841709+07:00,JUST IN: Iran missile attack on Israel imminent,2025-06-18T01:45:32+07:00,,3657147130004917278,threads,threads.com,threads_crawler_v1,https://www.threads.net/@dannykpolitics/post/DLAy_A3SEwe,https://instagram.fhan3-3.fna.fbcdn.net/v/t51.2885-19/447801619_432618052892676_827955217001161532_n.jpg?stp=dst-jpg_s150x150_tt6&efg=eyJ2ZW5jb2RlX3RhZyI6InByb2ZpbGVfcGljLmRqYW5nby41MTIuYzIifQ&_nc_ht=instagram.fhan3-3.fna.fbcdn.net&_nc_cat=1&_nc_oc=Q6cZ2QF9SHiGOnpiUjsHdMdg7qSmwUdnwirGAHfVedxGU-tOas_ZI0pwkRrvYVlWH82oPro&_nc_ohc=bcFhm8sl6b8Q7kNvwHPqX_2&_nc_gid=HqIrdLdg7o0-BMJQ9mty7A&edm=AJhczIQBAAAA&ccb=7-5&oh=00_AfqjkH4dr4RO8HtsC4YUa_91dVgRSXga2rGh8xutPBjnHw&oe=696780AF&_nc_sid=4a2096,3,0,282,6,0,[],,https://www.threads.net/@dannykpolitics/post/DLAy_A3SEwe,[],"{'likes': 282, 'reposts': 6, 'quotes': 0}",threads,3657147130004917278,Danny Krikorian,,JUST IN: Iran missile attack on Israel imminent,threads,69805090433,dannykpolitics
[],2026-01-10T10:30:28.841738+07:00,Are we seriously talking about Gaza when the daily map of missile strikes on Ukraine looks like this?,2025-10-05T15:49:01+07:00,,3736572217363996143,threads,threads.com,threads_crawler_v1,https://www.threads.net/@inesa._.ya/post/DPa-KJtkx3v,https://instagram.fhan4-3.fna.fbcdn.net/v/t51.2885-19/606088651_17936118507112666_5471111704348014631_n.jpg?stp=dst-jpg_s150x150_tt6&efg=eyJ2ZW5jb2RlX3RhZyI6InByb2ZpbGVfcGljLmRqYW5nby45NDkuYzIifQ&_nc_ht=instagram.fhan4-3.fna.fbcdn.net&_nc_cat=110&_nc_oc=Q6cZ2QF9SHiGOnpiUjsHdMdg7qSmwUdnwirGAHfVedxGU-tOas_ZI0pwkRrvYVlWH82oPro&_nc_ohc=kojOq8NYQjcQ7kNvwHfhWTm&_nc_gid=HqIrdLdg7o0-BMJQ9mty7A&edm=AJhczIQBAAAA&ccb=7-5&oh=00_Afp-KaXNjqUH-TTRW1pL2kA9BIjhAt5tIeCXctEKeKfcuQ&oe=6967A7BE&_nc_sid=4a2096,438,0,3224,129,0,['https://instagram.fhan4-3.fna.fbcdn.net/v/t51.2885-15/559364582_17926825299112666_2161522117457319245_n.jpg?stp=dst-jpg_e35_tt6&efg=eyJ2ZW5jb2RlX3RhZyI6InRocmVhZHMuRkVFRC5pbWFnZV91cmxnZW4uMTI4MHg5Mzkuc2RyLmY4Mjc4Ny5kZWZhdWx0X2ltYWdlLmMyIn0&_nc_ht=instagram.fhan4-3.fna.fbcdn.net&_nc_cat=110&_nc_oc=Q6cZ2QF9SHiGOnpiUjsHdMdg7qSmwUdnwirGAHfVedxGU-tOas_ZI0pwkRrvYVlWH82oPro&_nc_ohc=h5gd-H3O1CgQ7kNvwGSF15p&_nc_gid=HqIrdLdg7o0-BMJQ9mty7A&edm=AJhczIQBAAAA&ccb=7-5&ig_cache_key=MzczNjU3MjIxNzM2Mzk5NjE0Mw%3D%3D.3-ccb7-5&oh=00_AfokQ3JRWS-b3UgnSYgS61BfoFKF64TOj8BrIERzbF7ZGQ&oe=69678A6D&_nc_sid=4a2096'],,https://www.threads.net/@inesa._.ya/post/DPa-KJtkx3v,[],"{'likes': 3224, 'reposts': 128, 'quotes': 1}",threads,3736572217363996143,Inesa,,Are we seriously talking about Gaza when the daily map of missile strikes on Ukraine looks like this?,threads,63461800665,inesa._.ya
[],2026-01-10T10:30:28.841768+07:00,"INSIDER: 🇺🇸🇮🇷 If the United States joins the Israeli campaign and strikes the Fordow Fuel Enrichment Plant (FFEP) in Central Iran, a key nuclear facility, the Iranian-backed Houthis in Yemen will almost certainly resume striking commercial and navy ships in the Red Sea, officials said. They added that Iranian-backed militia groups in Iraq and Syria would probably try to attack U.S. bases there, like occurred several time in 2024, most recently with a missile attack against U.S.",2025-06-18T03:35:53+07:00,,3657202668897152725,threads,threads.com,threads_crawler_v1,https://www.threads.net/@insider.depth/post/DLA_nNfOa7V,https://instagram.fhan4-5.fna.fbcdn.net/v/t51.2885-19/491444907_17842286070484034_4390516868711771230_n.jpg?stp=dst-jpg_s150x150_tt6&efg=eyJ2ZW5jb2RlX3RhZyI6InByb2ZpbGVfcGljLmRqYW5nby41MDAuYzIifQ&_nc_ht=instagram.fhan4-5.fna.fbcdn.net&_nc_cat=102&_nc_oc=Q6cZ2QF9SHiGOnpiUjsHdMdg7qSmwUdnwirGAHfVedxGU-tOas_ZI0pwkRrvYVlWH82oPro&_nc_ohc=JO4m3XQDA8sQ7kNvwH4plc2&_nc_gid=HqIrdLdg7o0-BMJQ9mty7A&edm=AJhczIQBAAAA&ccb=7-5&oh=00_Afp2Qa2qvTlH4DowpTF4Cm3rTj0qXwSBjYl_7xRVe35WSw&oe=69679A48&_nc_sid=4a2096,486,0,438,15,0,['https://instagram.fhan3-4.fna.fbcdn.net/v/t51.2885-15/508311926_17849811966484096_4101704865517277103_n.jpg?stp=dst-jpg_e35_tt6&efg=eyJ2ZW5jb2RlX3RhZyI6InRocmVhZHMuRkVFRC5pbWFnZV91cmxnZW4uMTExNng3NDguc2RyLmY3NTc2MS5kZWZhdWx0X2ltYWdlLmMyIn0&_nc_ht=instagram.fhan3-4.fna.fbcdn.net&_nc_cat=104&_nc_oc=Q6cZ2QF9SHiGOnpiUjsHdMdg7qSmwUdnwirGAHfVedxGU-tOas_ZI0pwkRrvYVlWH82oPro&_nc_ohc=XcCdV0xuwoYQ7kNvwEveXa3&_nc_gid=HqIrdLdg7o0-BMJQ9mty7A&edm=AJhczIQBAAAA&ccb=7-5&ig_cache_key=MzY1NzIwMjY2ODg5NzE1MjcyNQ%3D%3D.3-ccb7-5&oh=00_AfrcKFFo67L25McNYiMI_YCjqMxNJLtFTMGWZ702Oo5MBg&oe=69679906&_nc_sid=4a2096'],,https://www.threads.net/@insider.depth/post/DLA_nNfOa7V,[],"{'likes': 438, 'reposts': 14, 'quotes': 1}",threads,3657202668897152725,Insiderdepth,Iran,"INSIDER: 🇺🇸🇮🇷 If the United States joins the Israeli campaign and strikes the Fordow Fuel Enrichment Plant (FFEP) in Central Iran, a key nuclear facility, the Iranian-backed Houthis in Yemen will almost certainly resume striking commercial and navy ships in the Red Sea, officials said. They added that Iranian-backed militia groups in Iraq and Syria would probably try to attack U.S. bases there, like occurred several time in 2024, most recently with a missile attack against U.S.",threads,74416500095,insider.depth
[],2026-01-10T10:30:28.841813+07:00,"BrahMos 🇮🇳— the supersonic missile that changed the power equation. after the success of operation sindoor, this india-made weapon proved its precision, speed , and ability to defeat advanced air defence systems. today, 16+ countries are lining up to buy what the world now calls a game-changer.

this isn’t just a missile. it’s india’s rise as a global defence powerhouse. pride, power, and self-reliance packed into one strike. 💪🇮🇳🔥

source: drdo / brahmos aerospace / defence reports",2026-01-03T23:40:27+07:00,,3802039312834555616,threads,threads.com,threads_crawler_v1,https://www.threads.net/@iasworldofficial/post/DTDjpxnku7g,https://instagram.fhan3-3.fna.fbcdn.net/v/t51.2885-19/237177715_634629191067289_7184756236870286297_n.jpg?stp=dst-jpg_s150x150_tt6&efg=eyJ2ZW5jb2RlX3RhZyI6InByb2ZpbGVfcGljLmRqYW5nby40ODAuYzIifQ&_nc_ht=instagram.fhan3-3.fna.fbcdn.net&_nc_cat=1&_nc_oc=Q6cZ2QF9SHiGOnpiUjsHdMdg7qSmwUdnwirGAHfVedxGU-tOas_ZI0pwkRrvYVlWH82oPro&_nc_ohc=DCypMsLfopkQ7kNvwHWyQa9&_nc_gid=HqIrdLdg7o0-BMJQ9mty7A&edm=AJhczIQBAAAA&ccb=7-5&oh=00_AfqXR-V41DCOjaeG84fskGSNiNBkn4YUKf84uEdWsdmoOQ&oe=69678469&_nc_sid=4a2096,321,0,5645,43,0,['https://instagram.fhan4-3.fna.fbcdn.net/v/t51.2885-15/609688282_18341857120230636_1089444375523006390_n.webp?efg=eyJ2ZW5jb2RlX3RhZyI6InRocmVhZHMuRkVFRC5pbWFnZV91cmxnZW4uMTQ0MHgxOTIwLnNkci5mODI3ODcuZGVmYXVsdF9pbWFnZS5jMiJ9&_nc_ht=instagram.fhan4-3.fna.fbcdn.net&_nc_cat=100&_nc_oc=Q6cZ2QF9SHiGOnpiUjsHdMdg7qSmwUdnwirGAHfVedxGU-tOas_ZI0pwkRrvYVlWH82oPro&_nc_ohc=ctSnDUAMdjUQ7kNvwGnwj7C&_nc_gid=HqIrdLdg7o0-BMJQ9mty7A&edm=AJhczIQBAAAA&ccb=7-5&ig_cache_key=MzgwMjAzOTMxMjgzNDU1NTYxNg%3D%3D.3-ccb7-5&oh=00_AfrXweFUdpyiDMzBrozOCZhARvYy3vXftVXQtvfKn0ihoQ&oe=6967AC27&_nc_sid=4a2096'],,https://www.threads.net/@iasworldofficial/post/DTDjpxnku7g,[],"{'likes': 5645, 'reposts': 41, 'quotes': 2}",threads,3802039312834555616,Shreeom Kumar,,"BrahMos 🇮🇳— the supersonic missile that changed the power equation. after the success of operation sindoor, this india-made weapon proved its precision, speed , and ability to defeat advanced air defence systems. today, 16+ countries are lining up to buy what the world now calls a game-changer.

this isn’t just a missile. it’s india’s rise as a global defence powerhouse. pride, power, and self-reliance packed into one strike. 💪🇮🇳🔥

source: drdo / brahmos aerospace / defence reports",threads,63455256887,iasworldofficial
[],2026-01-10T10:30:28.841843+07:00,"So, like the Iranian during th 12 day war, New Houthi Missile inflicted damages to their targets.",2025-08-24T12:51:29+07:00,,3706042286516362190,threads,threads.com,threads_crawler_v1,https://www.threads.net/@iqu_mcator/post/DNugdL6YlvO,https://instagram.fhan4-5.fna.fbcdn.net/v/t51.2885-19/452630150_3897010807246862_2413212540944964803_n.jpg?stp=dst-jpg_s150x150_tt6&efg=eyJ2ZW5jb2RlX3RhZyI6InByb2ZpbGVfcGljLmRqYW5nby40MzQuYzIifQ&_nc_ht=instagram.fhan4-5.fna.fbcdn.net&_nc_cat=102&_nc_oc=Q6cZ2QF9SHiGOnpiUjsHdMdg7qSmwUdnwirGAHfVedxGU-tOas_ZI0pwkRrvYVlWH82oPro&_nc_ohc=zDvvlmaI6xcQ7kNvwHhVctC&_nc_gid=HqIrdLdg7o0-BMJQ9mty7A&edm=AJhczIQBAAAA&ccb=7-5&oh=00_AfotH7ZJ_zm08mPYNvBfhabPOtXVTkQc2g6UP8FGtrntcQ&oe=6967B393&_nc_sid=4a2096,20,0,156,12,0,['https://instagram.fhan4-6.fna.fbcdn.net/v/t51.2885-15/537582499_17917085244153020_6995801662593576982_n.jpg?stp=dst-jpg_e35_tt6&efg=eyJ2ZW5jb2RlX3RhZyI6InRocmVhZHMuRkVFRC5pbWFnZV91cmxnZW4uMTExN3gxMzk3LnNkci5mODI3ODcuZGVmYXVsdF9pbWFnZS5jMiJ9&_nc_ht=instagram.fhan4-6.fna.fbcdn.net&_nc_cat=108&_nc_oc=Q6cZ2QF9SHiGOnpiUjsHdMdg7qSmwUdnwirGAHfVedxGU-tOas_ZI0pwkRrvYVlWH82oPro&_nc_ohc=LskYQtD7JT4Q7kNvwGE546x&_nc_gid=HqIrdLdg7o0-BMJQ9mty7A&edm=AJhczIQBAAAA&ccb=7-5&ig_cache_key=MzcwNjA0MjI4NjUxNjM2MjE5MA%3D%3D.3-ccb7-5&oh=00_AfqVzjC8BnRsSyM6IlPIMuL0hXjmEFAgFYLRMgR39lQ3ZQ&oe=6967AFA4&_nc_sid=4a2096'],,https://www.threads.net/@iqu_mcator/post/DNugdL6YlvO,[],"{'likes': 156, 'reposts': 10, 'quotes': 2}",threads,3706042286516362190,Iqu McAtor,,"So, like the Iranian during th 12 day war, New Houthi Missile inflicted damages to their targets.",threads,64609705019,iqu_mcator
[],2026-01-10T10:30:28.841873+07:00,"Foreigners, can you imagine the cruelty of Russia? After a missile and drone attack on the night of the 5th to the 6th, 3 rescuers died and 9 more in the hospital. And all because of what? Because the warhead of the drone/missile exploded not at the moment it hit the house, but after some time, when rescuers arrived to put out the fire and rake the rubble? This was done on purpose. How should Ukraine react to this? When Russia kills those whose calling is to save lives!",2025-06-07T05:26:28+07:00,,3649285378771468737,threads,threads.com,threads_crawler_v1,https://www.threads.net/@dr.belozorov/post/DKk3beds0HB,https://instagram.fhan3-4.fna.fbcdn.net/v/t51.2885-19/482915328_624331183711146_134043933819312444_n.jpg?stp=dst-jpg_s150x150_tt6&efg=eyJ2ZW5jb2RlX3RhZyI6InByb2ZpbGVfcGljLmRqYW5nby4xMDgwLmMyIn0&_nc_ht=instagram.fhan3-4.fna.fbcdn.net&_nc_cat=106&_nc_oc=Q6cZ2QF9SHiGOnpiUjsHdMdg7qSmwUdnwirGAHfVedxGU-tOas_ZI0pwkRrvYVlWH82oPro&_nc_ohc=u1wBbPoH0p0Q7kNvwFCLXGq&_nc_gid=HqIrdLdg7o0-BMJQ9mty7A&edm=AJhczIQBAAAA&ccb=7-5&oh=00_AfoCq9bjuwa2s8dDHZLHP3rXyIj8JTLxjL9DL29wrxL__A&oe=6967B3B5&_nc_sid=4a2096,201,0,74,0,0,"['https://instagram.fhan4-3.fna.fbcdn.net/v/t51.2885-15/504340307_17879528352337056_8346386665148664271_n.jpg?stp=dst-jpg_e15_tt6&efg=eyJ2ZW5jb2RlX3RhZyI6InRocmVhZHMuRkVFRC5pbWFnZV91cmxnZW4uNzIweDEyODAuc2RyLmY3NTc2MS5kZWZhdWx0X2NvdmVyX2ZyYW1lLmMyIn0&_nc_ht=instagram.fhan4-3.fna.fbcdn.net&_nc_cat=100&_nc_oc=Q6cZ2QF9SHiGOnpiUjsHdMdg7qSmwUdnwirGAHfVedxGU-tOas_ZI0pwkRrvYVlWH82oPro&_nc_ohc=MmLm40iDiosQ7kNvwHyVwNk&_nc_gid=HqIrdLdg7o0-BMJQ9mty7A&edm=AJhczIQBAAAA&ccb=7-5&ig_cache_key=MzY0OTI4NTM3ODc3MTQ2ODczNw%3D%3D.3-ccb7-5&oh=00_Afr44riiRy1x5r8ehFHzWnvbmd4BD8W65gJPLl2bd5YLHg&oe=6967A04C&_nc_sid=4a2096', 'https://instagram.fhan3-3.fna.fbcdn.net/o1/v/t16/f2/m69/AQOdMLxRpPknnWavsp_aZHycWK5IKkdmZNNcYBPjkifMfbQb1LLRvng37wpSk_7RBC6bCO5caH4V6BpjmO2aC1Js.mp4?strext=1&_nc_cat=101&_nc_oc=AdkQiW60hNZmhEP3qlCWnsuRIlvnI_rPxInnmUFltmOd1N0CnhtVLGJH8JmTbcTSbMc&_nc_sid=8bf8fe&_nc_ht=instagram.fhan3-3.fna.fbcdn.net&_nc_ohc=KOCA-55ESSgQ7kNvwFZAhF6&efg=eyJ2ZW5jb2RlX3RhZyI6Inhwdl9wcm9ncmVzc2l2ZS5JTlNUQUdSQU0uRkVFRC5DMy43MjAucHJvZ3Jlc3NpdmVfaDI2NC1iYXNpYy1nZW4yXzcyMHAiLCJ4cHZfYXNzZXRfaWQiOjU1NjA0OTk5NDA1MTczMywiYXNzZXRfYWdlX2RheXMiOjIxNywidmlfdXNlY2FzZV9pZCI6MTAxNjQsImR1cmF0aW9uX3MiOjE2LCJ1cmxnZW5fc291cmNlIjoid3d3In0%3D&ccb=17-1&_nc_gid=HqIrdLdg7o0-BMJQ9mty7A&_nc_zt=28&oh=00_AfqH6yQ_x24URENjcgCpW36rtIVooifNjfE4FDRCtU6l2g&oe=69679253']",,https://www.threads.net/@dr.belozorov/post/DKk3beds0HB,[],"{'likes': 74, 'reposts': 0, 'quotes': 0}",threads,3649285378771468737,Ігор Бєлозьоров | Стоматолог | Хірург | Імплантолог,RussiaIsATerroristState,"Foreigners, can you imagine the cruelty of Russia? After a missile and drone attack on the night of the 5th to the 6th, 3 rescuers died and 9 more in the hospital. And all because of what? Because the warhead of the drone/missile exploded not at the moment it hit the house, but after some time, when rescuers arrived to put out the fire and rake the rubble? This was done on purpose. How should Ukraine react to this? When Russia kills those whose calling is to save lives!",threads,70091681055,dr.belozorov
[],2026-01-10T10:30:28.841904+07:00,In a hurricane or tornado this thing is gonna become a giant lethal missile 😅,2025-10-18T04:46:16+07:00,,3745660729610270520,threads,threads.com,threads_crawler_v1,https://www.threads.net/@carstuesday/post/DP7QpaVjPc4,https://instagram.fhan3-3.fna.fbcdn.net/v/t51.2885-19/568313385_17924302071169247_4640716133900766012_n.jpg?stp=dst-jpg_s150x150_tt6&efg=eyJ2ZW5jb2RlX3RhZyI6InByb2ZpbGVfcGljLmRqYW5nby43MzMuYzIifQ&_nc_ht=instagram.fhan3-3.fna.fbcdn.net&_nc_cat=111&_nc_oc=Q6cZ2QF9SHiGOnpiUjsHdMdg7qSmwUdnwirGAHfVedxGU-tOas_ZI0pwkRrvYVlWH82oPro&_nc_ohc=MOJn7b3DPU0Q7kNvwG6IbTx&_nc_gid=HqIrdLdg7o0-BMJQ9mty7A&edm=AJhczIQBAAAA&ccb=7-5&oh=00_AfrgiBHkX_UxdEjMTKI6LfYhLSJ_OVR_EvKkZDvENvrNtA&oe=6967B50B&_nc_sid=4a2096,433,0,17542,143,0,['https://instagram.fhan3-2.fna.fbcdn.net/v/t51.2885-15/567419899_18534384874008031_4780045667500297783_n.jpg?stp=dst-jpg_e35_tt6&efg=eyJ2ZW5jb2RlX3RhZyI6InRocmVhZHMuRkVFRC5pbWFnZV91cmxnZW4uMTM0MHg5NjYuc2RyLmY4Mjc4Ny5kZWZhdWx0X2ltYWdlLmMyIn0&_nc_ht=instagram.fhan3-2.fna.fbcdn.net&_nc_cat=107&_nc_oc=Q6cZ2QF9SHiGOnpiUjsHdMdg7qSmwUdnwirGAHfVedxGU-tOas_ZI0pwkRrvYVlWH82oPro&_nc_ohc=bStNyar1or0Q7kNvwG3UIUd&_nc_gid=HqIrdLdg7o0-BMJQ9mty7A&edm=AJhczIQBAAAA&ccb=7-5&ig_cache_key=Mzc0NTY2MDcyOTYxMDI3MDUyMA%3D%3D.3-ccb7-5&oh=00_Afo0OnJ-ixqvwWiUI7DFMaC-xJKru9ehm2m4_vDod0Qq4A&oe=696788FA&_nc_sid=4a2096'],,https://www.threads.net/@carstuesday/post/DP7QpaVjPc4,[],"{'likes': 17542, 'reposts': 134, 'quotes': 9}",threads,3745660729610270520,IG’s #1 SuperCar Page,,In a hurricane or tornado this thing is gonna become a giant lethal missile 😅,threads,65161513246,carstuesday
[],2026-01-10T10:30:28.841935+07:00,Battlefield 6. This is not easy to do. The missile  has to be controled. 2 heavy kills in under 30 seconds.,2025-10-24T19:19:59+07:00,,3750449124349085618,threads,threads.com,threads_crawler_v1,https://www.threads.net/@ernieburtt/post/DQMRZudAIey,https://instagram.fhan4-5.fna.fbcdn.net/v/t51.2885-19/481813997_643627728164403_6880144510032226388_n.jpg?stp=dst-jpg_s150x150_tt6&efg=eyJ2ZW5jb2RlX3RhZyI6InByb2ZpbGVfcGljLmRqYW5nby45NjAuYzIifQ&_nc_ht=instagram.fhan4-5.fna.fbcdn.net&_nc_cat=103&_nc_oc=Q6cZ2QF9SHiGOnpiUjsHdMdg7qSmwUdnwirGAHfVedxGU-tOas_ZI0pwkRrvYVlWH82oPro&_nc_ohc=BaQIbGZ8NKUQ7kNvwH9kwKV&_nc_gid=HqIrdLdg7o0-BMJQ9mty7A&edm=AJhczIQBAAAA&ccb=7-5&oh=00_AfpMhZ4qSahYSuYjeDkm2FomjX5sGGuoD7oFnWsYur-inA&oe=69679755&_nc_sid=4a2096,47,0,324,1,0,"['https://instagram.fhan4-6.fna.fbcdn.net/v/t15.5256-10/566730720_1083034370573576_1198936417614906467_n.jpg?stp=dst-jpg_e15_tt6&efg=eyJ2ZW5jb2RlX3RhZyI6InRocmVhZHMuRkVFRC5pbWFnZV91cmxnZW4uMTkyMHgxMDgwLnNkci5mNTI1Ni5maXJzdF9mcmFtZV90aHVtYm5haWwuYzIifQ&_nc_ht=instagram.fhan4-6.fna.fbcdn.net&_nc_cat=108&_nc_oc=Q6cZ2QF9SHiGOnpiUjsHdMdg7qSmwUdnwirGAHfVedxGU-tOas_ZI0pwkRrvYVlWH82oPro&_nc_ohc=Az3niQhiSsEQ7kNvwFDO1Cc&_nc_gid=HqIrdLdg7o0-BMJQ9mty7A&edm=AJhczIQAAAAA&ccb=7-5&ig_cache_key=Mzc1MDQ0OTEyNDM0OTA4NTYxOA%3D%3D.3-ccb7-5&oh=00_AfowgcDQd2y2ptl9iKUDIqoo3hH081JN37rUxQrM-5d4Lg&oe=696785D5&_nc_sid=4a2096', 'https://instagram.fhan4-5.fna.fbcdn.net/o1/v/t2/f2/m412/AQOPfMyD6d4qlwMP7gesDuRvac94j6yDFIdTxR_yQ-GgUhWJLv16ywGkgI202sttTJh7AivCZJSY5ob3xwVDqtwgaNBD3O9lnmgHsBO6sg.mp4?_nc_cat=103&_nc_oc=AdkK-yAZTpnm--4NRKaJD3gBCIV6oqOV2wwB5v87xTxiMLGLGL39iH_ete4v8fuL1aI&_nc_sid=8bf8fe&_nc_ht=instagram.fhan4-5.fna.fbcdn.net&_nc_ohc=9TrExW_fYpAQ7kNvwEM4JCd&efg=eyJ2ZW5jb2RlX3RhZyI6Inhwdl9wcm9ncmVzc2l2ZS5JTlNUQUdSQU0uRkVFRC5DMy42NDAuc3ZlX3NkIiwieHB2X2Fzc2V0X2lkIjozMDM5MDE1OTM2MjkzODAyLCJhc3NldF9hZ2VfZGF5cyI6NzcsInZpX3VzZWNhc2VfaWQiOjEwMTIzLCJkdXJhdGlvbl9zIjoyOSwidXJsZ2VuX3NvdXJjZSI6Ind3dyJ9&ccb=17-1&_nc_gid=HqIrdLdg7o0-BMJQ9mty7A&_nc_zt=28&oh=00_AfopIVHNbGLC2zJZpAL57eMdBjhfcY-7JNM-nOs-oznRHA&oe=6967874B']",,https://www.threads.net/@ernieburtt/post/DQMRZudAIey,[],"{'likes': 324, 'reposts': 1, 'quotes': 0}",threads,3750449124349085618,Sean Burtt,,Battlefield 6. This is not easy to do. The missile  has to be controled. 2 heavy kills in under 30 seconds.,threads,68161400806,ernieburtt
[],2026-01-10T10:30:28.841964+07:00,"In 1980, a U.S. Air Force Titan II missile in Arkansas exploded inside its underground silo after a mechanic dropped a socket wrench that punctured the fuel tank.

The blast threw the nine-megaton warhead hundreds of feet, but it didn’t detonate.

If it had, much of Arkansas might not exist today.",2025-10-28T10:50:17+07:00,,3753091707182330803,threads,threads.com,threads_crawler_v1,https://www.threads.net/@herman_forwood_books/post/DQVqQXgETOz,https://instagram.fhan4-6.fna.fbcdn.net/v/t51.2885-19/450260099_860786779244684_3800564445803743604_n.jpg?stp=dst-jpg_s150x150_tt6&efg=eyJ2ZW5jb2RlX3RhZyI6InByb2ZpbGVfcGljLmRqYW5nby40MjkuYzIifQ&_nc_ht=instagram.fhan4-6.fna.fbcdn.net&_nc_cat=108&_nc_oc=Q6cZ2QF9SHiGOnpiUjsHdMdg7qSmwUdnwirGAHfVedxGU-tOas_ZI0pwkRrvYVlWH82oPro&_nc_ohc=T0Hne--GbOEQ7kNvwGHfWBO&_nc_gid=HqIrdLdg7o0-BMJQ9mty7A&edm=AJhczIQBAAAA&ccb=7-5&oh=00_Afqsf-xxHHbH0jRCQV9GRJzqZg6SLum2Mis3TkM5v0HARQ&oe=69679F31&_nc_sid=4a2096,54,0,63,4,0,['https://instagram.fhan3-3.fna.fbcdn.net/v/t51.2885-15/571040594_17909206002249551_391308941524975775_n.jpg?stp=dst-jpg_e35_tt6&efg=eyJ2ZW5jb2RlX3RhZyI6InRocmVhZHMuRkVFRC5pbWFnZV91cmxnZW4uNDgweDM1OC5zZHIuZjgyNzg3LmRlZmF1bHRfaW1hZ2UuYzIifQ&_nc_ht=instagram.fhan3-3.fna.fbcdn.net&_nc_cat=111&_nc_oc=Q6cZ2QF9SHiGOnpiUjsHdMdg7qSmwUdnwirGAHfVedxGU-tOas_ZI0pwkRrvYVlWH82oPro&_nc_ohc=Sn9Jw3B26Q8Q7kNvwHTct8r&_nc_gid=HqIrdLdg7o0-BMJQ9mty7A&edm=AJhczIQBAAAA&ccb=7-5&ig_cache_key=Mzc1MzA5MTcwNzE4MjMzMDgwMw%3D%3D.3-ccb7-5&oh=00_Afpl0CR2luf_O5jBdHZcG5vnvQXWcqfEP7DddsImCcb8aA&oe=69678A0D&_nc_sid=4a2096'],,https://www.threads.net/@herman_forwood_books/post/DQVqQXgETOz,[],"{'likes': 63, 'reposts': 4, 'quotes': 0}",threads,3753091707182330803,Herman Forwood,HistoryFacts,"In 1980, a U.S. Air Force Titan II missile in Arkansas exploded inside its underground silo after a mechanic dropped a socket wrench that punctured the fuel tank.

The blast threw the nine-megaton warhead hundreds of feet, but it didn’t detonate.

If it had, much of Arkansas might not exist today.",threads,67598601550,herman_forwood_books
[],2026-01-10T10:31:00.338195+07:00,PAKISTAN MILITARY: HIT BRAHMOS MISSILE SITE IN INDIA -rtrs,2025-05-10T07:19:10+07:00,,3629048793343293170,threads,threads.com,threads_crawler_v1,https://www.threads.net/@india_war_updates/post/DJc-KZnyXby,https://instagram.fhan4-5.fna.fbcdn.net/v/t51.2885-19/491901988_17842742898484167_8036253359137500574_n.jpg?stp=dst-jpg_s150x150_tt6&efg=eyJ2ZW5jb2RlX3RhZyI6InByb2ZpbGVfcGljLmRqYW5nby4xMDgwLmMyIn0&_nc_ht=instagram.fhan4-5.fna.fbcdn.net&_nc_cat=103&_nc_oc=Q6cZ2QHB2gNmR2S2zJJac-Ubs5Yg7oa3LgW2nbBZPxmJbscjo329sayhWuhrrcdb1g516_E&_nc_ohc=kQWwbuHcTRQQ7kNvwFzPxq8&_nc_gid=7GR1Nz3VdLbfeOYWXLSKMw&edm=AJhczIQBAAAA&ccb=7-5&oh=00_AfpzrDtboYJ7FXuIN1y5f75osMF49baZX97UywlnNLylLQ&oe=69678305&_nc_sid=4a2096,16,0,28,0,0,['https://instagram.fhan4-1.fna.fbcdn.net/v/t51.2885-15/496846148_17843766174482885_9019232352236881559_n.jpg?stp=dst-jpg_e35_tt6&efg=eyJ2ZW5jb2RlX3RhZyI6InRocmVhZHMuRkVFRC5pbWFnZV91cmxnZW4uMTI5MHg1Mjkuc2RyLmY3NTc2MS5kZWZhdWx0X2ltYWdlLmMyIn0&_nc_ht=instagram.fhan4-1.fna.fbcdn.net&_nc_cat=105&_nc_oc=Q6cZ2QHB2gNmR2S2zJJac-Ubs5Yg7oa3LgW2nbBZPxmJbscjo329sayhWuhrrcdb1g516_E&_nc_ohc=1MHeWCCoMvMQ7kNvwFfvnt4&_nc_gid=7GR1Nz3VdLbfeOYWXLSKMw&edm=AJhczIQBAAAA&ccb=7-5&ig_cache_key=MzYyOTA0ODc5MzM0MzI5MzE3MA%3D%3D.3-ccb7-5&oh=00_Afr0DFLkVB3zn56BaZ2i4J4HsNDyGjHyxLfdftGG7k7I5A&oe=6967A1A6&_nc_sid=4a2096'],,https://www.threads.net/@india_war_updates/post/DJc-KZnyXby,[],"{'likes': 28, 'reposts': 0, 'quotes': 0}",threads,3629048793343293170,India War Updates,,PAKISTAN MILITARY: HIT BRAHMOS MISSILE SITE IN INDIA -rtrs,threads,74472370884,india_war_updates
[],2026-01-10T10:31:00.338331+07:00,A supersonic missile fired directly from Yemen near Israel's Ben Gurion Airport evaded Israeli and US defenses.,2025-05-04T16:43:22+07:00,,3624984101532788155,threads,threads.com,threads_crawler_v1,https://www.threads.net/@mdmyint/post/DJOh9WYTOW7,https://instagram.fhan4-5.fna.fbcdn.net/v/t51.2885-19/485021671_1398198598227938_7049815569670051844_n.jpg?stp=dst-jpg_s150x150_tt6&efg=eyJ2ZW5jb2RlX3RhZyI6InByb2ZpbGVfcGljLmRqYW5nby43MjAuYzIifQ&_nc_ht=instagram.fhan4-5.fna.fbcdn.net&_nc_cat=102&_nc_oc=Q6cZ2QHB2gNmR2S2zJJac-Ubs5Yg7oa3LgW2nbBZPxmJbscjo329sayhWuhrrcdb1g516_E&_nc_ohc=j_N7cb75UqYQ7kNvwF1nvTS&_nc_gid=7GR1Nz3VdLbfeOYWXLSKMw&edm=AJhczIQBAAAA&ccb=7-5&oh=00_AfpkVGQrOSt4hHAH08TRSuu5peBf8Ivo4PiMxvkth3CQRg&oe=69678187&_nc_sid=4a2096,59,0,1413,45,0,"['https://instagram.fhan4-6.fna.fbcdn.net/v/t51.2885-15/495515299_675523428553953_4657515525136044370_n.jpg?stp=dst-jpg_e15_tt6&efg=eyJ2ZW5jb2RlX3RhZyI6InRocmVhZHMuRkVFRC5pbWFnZV91cmxnZW4uNjQweDQwOC5zZHIuZjcxODc4LmRlZmF1bHRfY292ZXJfZnJhbWUuYzIifQ&_nc_ht=instagram.fhan4-6.fna.fbcdn.net&_nc_cat=109&_nc_oc=Q6cZ2QHB2gNmR2S2zJJac-Ubs5Yg7oa3LgW2nbBZPxmJbscjo329sayhWuhrrcdb1g516_E&_nc_ohc=YAA3BAQGav8Q7kNvwG8EX5u&_nc_gid=7GR1Nz3VdLbfeOYWXLSKMw&edm=AJhczIQBAAAA&ccb=7-5&ig_cache_key=MzYyNDk4NDEwMTUzMjc4ODE1NQ%3D%3D.3-ccb7-5&oh=00_AfoZoznYLHCKIvUrqf0mMtBv14BSjVyBwlXRGH1B7DtBJQ&oe=6967B091&_nc_sid=4a2096', 'https://instagram.fhan3-4.fna.fbcdn.net/o1/v/t2/f2/m86/AQOCnk_7rWcV5bSC1S2szYUhCNFju146GyImil0LgmWibY6T4N3D02kKymt1GOhLdKkrZ0ZLYWQAaY20HVoTBcXeXamkcH7obrt3hsc.mp4?_nc_cat=106&_nc_oc=AdnOgqo0HI_R_x6kJP-1r99MbzL87l8IhkNI9Q-vNit4KkDrNb1QPwZf2_hNWv-UOCA&_nc_sid=5e9851&_nc_ht=instagram.fhan3-4.fna.fbcdn.net&_nc_ohc=pk3n7_xKQKwQ7kNvwH4-0_B&efg=eyJ2ZW5jb2RlX3RhZyI6Inhwdl9wcm9ncmVzc2l2ZS5JTlNUQUdSQU0uRkVFRC5DMy41NjQuZGFzaF9iYXNlbGluZV8zX3YxIiwieHB2X2Fzc2V0X2lkIjo2OTc4MDE4ODk2NjY0NzcsImFzc2V0X2FnZV9kYXlzIjoyNTAsInZpX3VzZWNhc2VfaWQiOjEwMDk5LCJkdXJhdGlvbl9zIjoyMSwidXJsZ2VuX3NvdXJjZSI6Ind3dyJ9&ccb=17-1&_nc_gid=7GR1Nz3VdLbfeOYWXLSKMw&_nc_zt=28&vs=e1850d6075200f4e&_nc_vs=HBksFQIYUmlnX3hwdl9yZWVsc19wZXJtYW5lbnRfc3JfcHJvZC8wQzQzMjlEOEI0MTJDRTFBMzQ1NjFCMzMyMDJCRkI5OV92aWRlb19kYXNoaW5pdC5tcDQVAALIARIAFQIYR2lnX3hwdl9yZWVsc19wZXJtYW5lbnRfc3JfcHJvZC8xMTg3MDYzNTk5MzQ4MDcyXzE4Nzk5ODg3MTIyMzA4NzY5OTgubXA0FQICyAESACgAGAAbAogHdXNlX29pbAExEnByb2dyZXNzaXZlX3JlY2lwZQExFQAAJtrWjpy1qb0CFQIoAkMzLBdANRmZmZmZmhgSZGFzaF9iYXNlbGluZV8zX3YxEQB16gdl5p0BAA&oh=00_Afr5NCGtgn1nF3UhK4MrTInXmXEGRAfcFzj4jykRfM1sMw&oe=69639EBB']",,https://www.threads.net/@mdmyint/post/DJOh9WYTOW7,[],"{'likes': 1413, 'reposts': 41, 'quotes': 4}",threads,3624984101532788155,Md Edris Aye Myint,,A supersonic missile fired directly from Yemen near Israel's Ben Gurion Airport evaded Israeli and US defenses.,threads,73108985669,mdmyint
[],2026-01-10T10:31:00.338373+07:00,"INSIDER: 🇩🇪🇮🇷 GERMANY TO IRAN: NO TALKS UNLESS MISSILES AND ENRICHMENT ARE ON THE TABLE

German FM Johann Wadephul said the E3 and EU are open to further talks with Iran, but only if it gives clear assurances on its nuclear and missile programs: 

“This requires Iran’s serious willingness to renounce any enrichment of nuclear material… [and] that the missile program can be included.” 

Araghchi says Iran is in Geneva to listen, not negotiate, while Israeli strikes continue.",2025-06-20T20:46:23+07:00,,3659170883176869678,threads,threads.com,threads_crawler_v1,https://www.threads.net/@insider.depth/post/DLH_If4Na8u,https://instagram.fhan4-5.fna.fbcdn.net/v/t51.2885-19/491444907_17842286070484034_4390516868711771230_n.jpg?stp=dst-jpg_s150x150_tt6&efg=eyJ2ZW5jb2RlX3RhZyI6InByb2ZpbGVfcGljLmRqYW5nby41MDAuYzIifQ&_nc_ht=instagram.fhan4-5.fna.fbcdn.net&_nc_cat=102&_nc_oc=Q6cZ2QHB2gNmR2S2zJJac-Ubs5Yg7oa3LgW2nbBZPxmJbscjo329sayhWuhrrcdb1g516_E&_nc_ohc=JO4m3XQDA8sQ7kNvwH4plc2&_nc_gid=7GR1Nz3VdLbfeOYWXLSKMw&edm=AJhczIQBAAAA&ccb=7-5&oh=00_AfqzMEnE_y8Wv7V8C8zsKNlEQ-_utg8YJtM-mRSfDhqpNw&oe=69679A48&_nc_sid=4a2096,144,0,96,1,0,['https://instagram.fhan3-4.fna.fbcdn.net/v/t51.2885-15/510400484_17850118434484096_4170586781158667534_n.jpg?stp=dst-jpg_e35_tt6&efg=eyJ2ZW5jb2RlX3RhZyI6InRocmVhZHMuQ0FST1VTRUxfSVRFTS5pbWFnZV91cmxnZW4uNzM5eDQxNS5zZHIuZjc1NzYxLmRlZmF1bHRfaW1hZ2UuYzIifQ&_nc_ht=instagram.fhan3-4.fna.fbcdn.net&_nc_cat=104&_nc_oc=Q6cZ2QHB2gNmR2S2zJJac-Ubs5Yg7oa3LgW2nbBZPxmJbscjo329sayhWuhrrcdb1g516_E&_nc_ohc=2rbn9e9k0L4Q7kNvwGWvsWL&_nc_gid=7GR1Nz3VdLbfeOYWXLSKMw&edm=AJhczIQBAAAA&ccb=7-5&ig_cache_key=MzY1OTE3MDg4MDE4MjE5NTkwNw%3D%3D.3-ccb7-5&oh=00_AfpqscZs_8qzSsRyFMul_URqx1OOTTepKJAUjMNCSX2wDQ&oe=696780C8&_nc_sid=4a2096'],,https://www.threads.net/@insider.depth/post/DLH_If4Na8u,[],"{'likes': 96, 'reposts': 0, 'quotes': 1}",threads,3659170883176869678,Insiderdepth,Iran,"INSIDER: 🇩🇪🇮🇷 GERMANY TO IRAN: NO TALKS UNLESS MISSILES AND ENRICHMENT ARE ON THE TABLE

German FM Johann Wadephul said the E3 and EU are open to further talks with Iran, but only if it gives clear assurances on its nuclear and missile programs: 

“This requires Iran’s serious willingness to renounce any enrichment of nuclear material… [and] that the missile program can be included.” 

Araghchi says Iran is in Geneva to listen, not negotiate, while Israeli strikes continue.",threads,74416500095,insider.depth
[],2026-01-10T10:31:00.338427+07:00,"🇮🇷⚡🇮🇱 IRAN launched an unusual missile towards Israel 🔥

Russian ICBM tested the same type of missile from Astrakhan in April last year.

Whatever was just launched was almost definitely an ICBM (or at the very least a MRBM like Khorramshahr-4) based on the trajectory.",2025-06-19T00:37:35+07:00,,3657837704521302651,threads,threads.com,threads_crawler_v1,https://www.threads.net/@i.am_sujon/post/DLDQAMgBcJ7,https://instagram.fhan4-3.fna.fbcdn.net/v/t51.2885-19/470985856_3698110890499560_2161086562295116197_n.jpg?stp=dst-jpg_s150x150_tt6&efg=eyJ2ZW5jb2RlX3RhZyI6InByb2ZpbGVfcGljLmRqYW5nby45NjAuYzIifQ&_nc_ht=instagram.fhan4-3.fna.fbcdn.net&_nc_cat=100&_nc_oc=Q6cZ2QHB2gNmR2S2zJJac-Ubs5Yg7oa3LgW2nbBZPxmJbscjo329sayhWuhrrcdb1g516_E&_nc_ohc=n9bOKBOj400Q7kNvwG3es0J&_nc_gid=7GR1Nz3VdLbfeOYWXLSKMw&edm=AJhczIQBAAAA&ccb=7-5&oh=00_AfrAUoDs8cZgmMA9DzuqSy9fD_kHNzynbzQD9vjv2iG6NQ&oe=69678DB8&_nc_sid=4a2096,53,0,89,4,0,['https://instagram.fhan3-2.fna.fbcdn.net/v/t15.5256-10/508940797_1122895089656011_5484870730621160712_n.jpg?stp=dst-jpg_e15_tt6&efg=eyJ2ZW5jb2RlX3RhZyI6InRocmVhZHMuQ0FST1VTRUxfSVRFTS5pbWFnZV91cmxnZW4uNDAyeDcyMC5zZHIuZjUyNTYuZmlyc3RfZnJhbWVfdGh1bWJuYWlsLmMyIn0&_nc_ht=instagram.fhan3-2.fna.fbcdn.net&_nc_cat=107&_nc_oc=Q6cZ2QHB2gNmR2S2zJJac-Ubs5Yg7oa3LgW2nbBZPxmJbscjo329sayhWuhrrcdb1g516_E&_nc_ohc=164BEABZs5YQ7kNvwG6ZLlb&_nc_gid=7GR1Nz3VdLbfeOYWXLSKMw&edm=AJhczIQAAAAA&ccb=7-5&ig_cache_key=MzY1NzgzNzY3ODExMzg4ODc5NQ%3D%3D.3-ccb7-5&oh=00_AfrbC8vj9GnPzc2T40L7XwLl3zKcipJC9GtC25j5UHzA1Q&oe=69678282&_nc_sid=4a2096'],,https://www.threads.net/@i.am_sujon/post/DLDQAMgBcJ7,[],"{'likes': 89, 'reposts': 4, 'quotes': 0}",threads,3657837704521302651,Mehadi Hassan Sujon,,"🇮🇷⚡🇮🇱 IRAN launched an unusual missile towards Israel 🔥

Russian ICBM tested the same type of missile from Astrakhan in April last year.

Whatever was just launched was almost definitely an ICBM (or at the very least a MRBM like Khorramshahr-4) based on the trajectory.",threads,71007644397,i.am_sujon
[],2026-01-10T10:31:00.338475+07:00,"BREAKING: Children killed in Russian drone & missile strikes on Ukraine just hours after Trump shelves Putin summit plans, calling it a ""wasted meeting."" At least 7 dead, incl. kids in Kharkiv & Kyiv. Zelensky: Proof Moscow's not pressured to end war.",2025-10-22T21:44:40+07:00,,3749071853093820224,threads,threads.com,threads_crawler_v1,https://www.threads.net/@orvynellin/post/DQHYPypEpdA,https://instagram.fhan3-2.fna.fbcdn.net/v/t51.2885-19/539431059_17923003290107227_127311163004883439_n.jpg?stp=dst-jpg_s150x150_tt6&efg=eyJ2ZW5jb2RlX3RhZyI6InByb2ZpbGVfcGljLmRqYW5nby4xMDgwLmMyIn0&_nc_ht=instagram.fhan3-2.fna.fbcdn.net&_nc_cat=107&_nc_oc=Q6cZ2QHB2gNmR2S2zJJac-Ubs5Yg7oa3LgW2nbBZPxmJbscjo329sayhWuhrrcdb1g516_E&_nc_ohc=2gpvUDQxml8Q7kNvwFwpmmD&_nc_gid=7GR1Nz3VdLbfeOYWXLSKMw&edm=AJhczIQBAAAA&ccb=7-5&oh=00_Afo_YiQVG13J_slHZQGO_JBMSGzvUE_HojliL27VnU0JYg&oe=69678605&_nc_sid=4a2096,5,0,64,13,0,"['https://instagram.fhan3-2.fna.fbcdn.net/v/t51.2885-15/569887740_17929931847107227_913774944062931541_n.jpg?stp=dst-jpg_e15_tt6&efg=eyJ2ZW5jb2RlX3RhZyI6InRocmVhZHMuRkVFRC5pbWFnZV91cmxnZW4uNzIweDQwNC5zZHIuZjgyNzg3LmRlZmF1bHRfY292ZXJfZnJhbWUuYzIifQ&_nc_ht=instagram.fhan3-2.fna.fbcdn.net&_nc_cat=107&_nc_oc=Q6cZ2QHB2gNmR2S2zJJac-Ubs5Yg7oa3LgW2nbBZPxmJbscjo329sayhWuhrrcdb1g516_E&_nc_ohc=R7lrUtDCV_IQ7kNvwFyNseG&_nc_gid=7GR1Nz3VdLbfeOYWXLSKMw&edm=AJhczIQBAAAA&ccb=7-5&ig_cache_key=Mzc0OTA3MTg1MzA5MzgyMDIyNA%3D%3D.3-ccb7-5&oh=00_Afqrk7Ifa0_5LXjMGqqd95V0cl2v-0yBupML0fWPBOfnzg&oe=69678B68&_nc_sid=4a2096', 'https://instagram.fhan3-3.fna.fbcdn.net/o1/v/t16/f2/m84/AQOI7_wIBzEKp4Pzr0oWjUafyNsZRg-gWWx7KT2AzQRebUfVdsR-l4MzotbI514fsFsW4ZSgBIQLry0VmIDO21EB9Dmw7gfTeYYdWdI.mp4?_nc_cat=111&_nc_oc=Adkn3HL29s4RGs4Rd1ewuCHRub8IJJmn6QxLuA1uj55f0a4fN_l2ohM1MlHbF3dEQ50&_nc_sid=5e9851&_nc_ht=instagram.fhan3-3.fna.fbcdn.net&_nc_ohc=GSqaoc17mnYQ7kNvwH-ELSS&efg=eyJ2ZW5jb2RlX3RhZyI6Inhwdl9wcm9ncmVzc2l2ZS5JTlNUQUdSQU0uRkVFRC5DMy44NjQuZGFzaF9iYXNlbGluZV8xX3YxIiwieHB2X2Fzc2V0X2lkIjoxODkzMzY4ODc4MjgwODY0LCJhc3NldF9hZ2VfZGF5cyI6NzksInZpX3VzZWNhc2VfaWQiOjEwMTY0LCJkdXJhdGlvbl9zIjo1MiwidXJsZ2VuX3NvdXJjZSI6Ind3dyJ9&ccb=17-1&_nc_gid=7GR1Nz3VdLbfeOYWXLSKMw&_nc_zt=28&vs=2b1cbfc804e1f02d&_nc_vs=HBksFQIYTGlnX2JhY2tmaWxsX3RpbWVsaW5lX3ZvZC9GMzQyMEQzNTlCQkJERDE2QzMxRjI0NDlGMDE5QjVBQ192aWRlb19kYXNoaW5pdC5tcDQVAALIARIAFQIYOnBhc3N0aHJvdWdoX2V2ZXJzdG9yZS9HRmxuMmlFc3cxNkIyVjBGQUd5VWc2UWdhbjF6YnNwVEFRQUYVAgLIARIAKAAYABsCiAd1c2Vfb2lsATEScHJvZ3Jlc3NpdmVfcmVjaXBlATEVAAAmwMLZtsmA3QYVAigCQzMsF0BKPXCj1wo9GBJkYXNoX2Jhc2VsaW5lXzFfdjERAHXqB2XongEA&oh=00_AfrDavokK8Sg3Oufc3XVdKYnG0v5VcW8LqeCktMRtZc0EQ&oe=6963A659']",,https://www.threads.net/@orvynellin/post/DQHYPypEpdA,[],"{'likes': 64, 'reposts': 12, 'quotes': 1}",threads,3749071853093820224,Orvyn Ellin,,"BREAKING: Children killed in Russian drone & missile strikes on Ukraine just hours after Trump shelves Putin summit plans, calling it a ""wasted meeting."" At least 7 dead, incl. kids in Kharkiv & Kyiv. Zelensky: Proof Moscow's not pressured to end war.",threads,63304211226,orvynellin
[],2026-01-10T10:31:00.338538+07:00,"🛑 BREAKING: Saudi Arabia Condemns Iranian Missile Strikes 🇸🇦

Riyadh says:
➡️ ""Iran's missile attacks on U.S. bases in Qatar are unacceptable and cannot be justified.""
➡️ ""Any Israeli response will be justified under the current conditions.""

🔴 A clear alignment taking shape in the region.

#SaudiArabia #IranVsUS #QatarCrisis #WW3Update #MiddleEastTensions #Geopolitics #BreakingNews #SNCI",2025-06-24T01:53:15+07:00,,3661499657530147818,threads,threads.com,threads_crawler_v1,https://www.threads.net/@sncinews/post/DLQQooATIPq,https://instagram.fhan4-6.fna.fbcdn.net/v/t51.2885-19/537658595_17861519802465405_2200055482068634163_n.jpg?stp=dst-jpg_s150x150_tt6&efg=eyJ2ZW5jb2RlX3RhZyI6InByb2ZpbGVfcGljLmRqYW5nby4xMDgwLmMyIn0&_nc_ht=instagram.fhan4-6.fna.fbcdn.net&_nc_cat=109&_nc_oc=Q6cZ2QHB2gNmR2S2zJJac-Ubs5Yg7oa3LgW2nbBZPxmJbscjo329sayhWuhrrcdb1g516_E&_nc_ohc=s2-Pjzv9bcUQ7kNvwE5upgZ&_nc_gid=7GR1Nz3VdLbfeOYWXLSKMw&edm=AJhczIQBAAAA&ccb=7-5&oh=00_AfqStM2CgabcqiTgpvWOA6iGVpdskH5lvY-ErHsPgQ6X-g&oe=6967AF2F&_nc_sid=4a2096,15,0,36,0,0,['https://instagram.fhan4-3.fna.fbcdn.net/v/t51.29350-15/510312550_611115738124524_8086219133243869707_n.heic?stp=dst-jpg_e35_tt6&efg=eyJ2ZW5jb2RlX3RhZyI6InRocmVhZHMuRkVFRC5pbWFnZV91cmxnZW4uMTE1MngxNDQwLnNkci5mMjkzNTAuZGVmYXVsdF9pbWFnZS5jMiJ9&_nc_ht=instagram.fhan4-3.fna.fbcdn.net&_nc_cat=100&_nc_oc=Q6cZ2QHB2gNmR2S2zJJac-Ubs5Yg7oa3LgW2nbBZPxmJbscjo329sayhWuhrrcdb1g516_E&_nc_ohc=Tuqy5BdvOx0Q7kNvwG_5U-b&_nc_gid=7GR1Nz3VdLbfeOYWXLSKMw&edm=AJhczIQBAAAA&ccb=7-5&ig_cache_key=MzY2MTQ5OTY1NzUzMDE0NzgxOA%3D%3D.3-ccb7-5&oh=00_AfoA-I5DKef8ZsfvMljeas7bjYcYiUD4RHipJdIejeHYqA&oe=696788DD&_nc_sid=4a2096'],,https://www.threads.net/@sncinews/post/DLQQooATIPq,[],"{'likes': 36, 'reposts': 0, 'quotes': 0}",threads,3661499657530147818,Summit News Cooperation International,,"🛑 BREAKING: Saudi Arabia Condemns Iranian Missile Strikes 🇸🇦

Riyadh says:
➡️ ""Iran's missile attacks on U.S. bases in Qatar are unacceptable and cannot be justified.""
➡️ ""Any Israeli response will be justified under the current conditions.""

🔴 A clear alignment taking shape in the region.

#SaudiArabia #IranVsUS #QatarCrisis #WW3Update #MiddleEastTensions #Geopolitics #BreakingNews #SNCI",threads,74030945404,sncinews
[],2026-01-10T10:31:00.338571+07:00,"Video verified by CNN captures the moment a missile struck in the vicinity of the Kirya, an area of Tel Aviv that's home to an urban military base housing Israel’s Defense Forces.

Follow live updates: ",2025-06-14T14:31:55+07:00,,3654633186500235282,threads,threads.com,threads_crawler_v1,https://www.threads.net/@cnn/post/DK33YUhs1AS,https://instagram.fhan3-3.fna.fbcdn.net/v/t51.2885-19/358506515_645911684262096_4169089819037913513_n.jpg?stp=dst-jpg_s150x150_tt6&efg=eyJ2ZW5jb2RlX3RhZyI6InByb2ZpbGVfcGljLmRqYW5nby4xMDgwLmMyIn0&_nc_ht=instagram.fhan3-3.fna.fbcdn.net&_nc_cat=1&_nc_oc=Q6cZ2QHB2gNmR2S2zJJac-Ubs5Yg7oa3LgW2nbBZPxmJbscjo329sayhWuhrrcdb1g516_E&_nc_ohc=3jKbZOhANFUQ7kNvwGTaDHk&_nc_gid=7GR1Nz3VdLbfeOYWXLSKMw&edm=AJhczIQBAAAA&ccb=7-5&oh=00_AfqqujcLSTFqHjvCbRqyQVSqZsGK-fCH0Wd5NnbwirE8IQ&oe=69679EC5&_nc_sid=4a2096,612,0,7569,345,0,"['https://instagram.fhan3-3.fna.fbcdn.net/v/t51.2885-15/528152161_734431582558177_4940374764990176433_n.jpg?stp=dst-jpg_e15_tt6&efg=eyJ2ZW5jb2RlX3RhZyI6InRocmVhZHMuRkVFRC5pbWFnZV91cmxnZW4uMTA4MHgxOTIwLnNkci5mNzE4NzguZGVmYXVsdF9jb3Zlcl9mcmFtZS5jMiJ9&_nc_ht=instagram.fhan3-3.fna.fbcdn.net&_nc_cat=101&_nc_oc=Q6cZ2QHB2gNmR2S2zJJac-Ubs5Yg7oa3LgW2nbBZPxmJbscjo329sayhWuhrrcdb1g516_E&_nc_ohc=wHy8a1FUMuAQ7kNvwH3PdWd&_nc_gid=7GR1Nz3VdLbfeOYWXLSKMw&edm=AJhczIQBAAAA&ccb=7-5&ig_cache_key=MzY1NDYzMzE4NjUwMDIzNTI4Mg%3D%3D.3-ccb7-5&oh=00_AfqWBqFWUbfkdn-xCRrpF2IBFGzLqQyBsC_HVDEMuIt86g&oe=6967976A&_nc_sid=4a2096', 'https://instagram.fhan4-5.fna.fbcdn.net/o1/v/t16/f2/m69/AQMmY5Co6zb3ELBLqB6RoO5khYV4iuLv0urAfvF_sRgg5T3iZJZyr88m-8uIHEdzDC0OAMPpPD6vrFFKyTbt1z7I.mp4?strext=1&_nc_cat=103&_nc_oc=Adn2mfstbt-sf-ShWr5Sckn0ZC7jOj91zb5SBZHQaCb3JULfgzQlO1N8DWf6YLSU4hI&_nc_sid=8bf8fe&_nc_ht=instagram.fhan4-5.fna.fbcdn.net&_nc_ohc=U9Y0cy9GgZUQ7kNvwH2J6IJ&efg=eyJ2ZW5jb2RlX3RhZyI6Inhwdl9wcm9ncmVzc2l2ZS5JTlNUQUdSQU0uRkVFRC5DMy43MjAucHJvZ3Jlc3NpdmVfaDI2NC1iYXNpYy1nZW4yXzcyMHAiLCJ4cHZfYXNzZXRfaWQiOjY5NDk1NTE4NjUwNTgxNywiYXNzZXRfYWdlX2RheXMiOjIwOSwidmlfdXNlY2FzZV9pZCI6MTAxNjQsImR1cmF0aW9uX3MiOjMyLCJ1cmxnZW5fc291cmNlIjoid3d3In0%3D&ccb=17-1&_nc_gid=7GR1Nz3VdLbfeOYWXLSKMw&_nc_zt=28&oh=00_AfohA2Ckf8SBagMNuxQzjLN3vgh-8LSYCTk1hyu0HM8zgw&oe=6967AEC9']",,https://www.threads.net/@cnn/post/DK33YUhs1AS,[],"{'likes': 7569, 'reposts': 305, 'quotes': 40}",threads,3654633186500235282,CNN,,"Video verified by CNN captures the moment a missile struck in the vicinity of the Kirya, an area of Tel Aviv that's home to an urban military base housing Israel’s Defense Forces.

Follow live updates: https://cnn.it/4kJuVOm",threads,63404358343,cnn
[],2026-01-10T10:31:00.338605+07:00,"Time to charge devices in Kyiv.
We’ve been warned of a possible missile attack.

Not sure many care, but that’s okay.
I’m writing for those who do.",2026-01-05T03:57:38+07:00,,3802893533124405021,threads,threads.com,threads_crawler_v1,https://www.threads.net/@strategywoman/post/DTGl4UQgqcd,https://instagram.fhan4-1.fna.fbcdn.net/v/t51.2885-19/452158931_360075120264233_6020803238517359435_n.jpg?stp=dst-jpg_s150x150_tt6&efg=eyJ2ZW5jb2RlX3RhZyI6InByb2ZpbGVfcGljLmRqYW5nby4xMDgwLmMyIn0&_nc_ht=instagram.fhan4-1.fna.fbcdn.net&_nc_cat=105&_nc_oc=Q6cZ2QHB2gNmR2S2zJJac-Ubs5Yg7oa3LgW2nbBZPxmJbscjo329sayhWuhrrcdb1g516_E&_nc_ohc=LmMu-jrDJ48Q7kNvwGPc6Sj&_nc_gid=7GR1Nz3VdLbfeOYWXLSKMw&edm=AJhczIQBAAAA&ccb=7-5&oh=00_AfppumBZPn4oTs1v3OtB16nNoX2aiorphPx1o1kouw13_Q&oe=6967A981&_nc_sid=4a2096,619,0,9190,340,0,[],,https://www.threads.net/@strategywoman/post/DTGl4UQgqcd,[],"{'likes': 9190, 'reposts': 332, 'quotes': 8}",threads,3802893533124405021,Yaroslava,,"Time to charge devices in Kyiv.
We’ve been warned of a possible missile attack.

Not sure many care, but that’s okay.
I’m writing for those who do.",threads,63243069550,strategywoman
[],2026-01-10T10:31:00.338637+07:00,"russia is waiting for surprises: Ukraine has launched its own ballistic missile, the Sapsan – Yermak.
It carries 480 kg of explosives and has a range of up to 500 km.
Yermak also announced new operations designed to surprise the enemy.
Yes, Moscow is within range.",2025-06-24T15:12:02+07:00,,3661901708870558459,threads,threads.com,threads_crawler_v1,https://www.threads.net/@kevin.burini/post/DLRsDPfoCL7,https://instagram.fhan4-3.fna.fbcdn.net/v/t51.2885-19/427704795_607882028185102_1802618961217852497_n.jpg?stp=dst-jpg_s150x150_tt6&efg=eyJ2ZW5jb2RlX3RhZyI6InByb2ZpbGVfcGljLmRqYW5nby44NDMuYzIifQ&_nc_ht=instagram.fhan4-3.fna.fbcdn.net&_nc_cat=110&_nc_oc=Q6cZ2QHB2gNmR2S2zJJac-Ubs5Yg7oa3LgW2nbBZPxmJbscjo329sayhWuhrrcdb1g516_E&_nc_ohc=MKCRLTH-KIUQ7kNvwEjUnpn&_nc_gid=7GR1Nz3VdLbfeOYWXLSKMw&edm=AJhczIQBAAAA&ccb=7-5&oh=00_AfriETdt2bhiT8MLo1DhgY-sSAYg2dQkIjnRgwLBOLqaTw&oe=6967A2BE&_nc_sid=4a2096,139,0,2550,106,0,['https://instagram.fhan3-4.fna.fbcdn.net/v/t51.2885-15/511659297_17909092212168162_3210840638801501812_n.jpg?stp=dst-jpg_e35_tt6&efg=eyJ2ZW5jb2RlX3RhZyI6InRocmVhZHMuRkVFRC5pbWFnZV91cmxnZW4uNjgweDM5Mi5zZHIuZjc1NzYxLmRlZmF1bHRfaW1hZ2UuYzIifQ&_nc_ht=instagram.fhan3-4.fna.fbcdn.net&_nc_cat=106&_nc_oc=Q6cZ2QHB2gNmR2S2zJJac-Ubs5Yg7oa3LgW2nbBZPxmJbscjo329sayhWuhrrcdb1g516_E&_nc_ohc=-kubcMS7g7cQ7kNvwGjJrJQ&_nc_gid=7GR1Nz3VdLbfeOYWXLSKMw&edm=AJhczIQBAAAA&ccb=7-5&ig_cache_key=MzY2MTkwMTcwODg3MDU1ODQ1OQ%3D%3D.3-ccb7-5&oh=00_AfqzTlCO0D8PQ2kenjpmeHbwu2HbuHH8sA08NLD1ePgKpw&oe=69678298&_nc_sid=4a2096'],,https://www.threads.net/@kevin.burini/post/DLRsDPfoCL7,[],"{'likes': 2550, 'reposts': 100, 'quotes': 6}",threads,3661901708870558459,Burini Kevin,,"russia is waiting for surprises: Ukraine has launched its own ballistic missile, the Sapsan – Yermak.
It carries 480 kg of explosives and has a range of up to 500 km.
Yermak also announced new operations designed to surprise the enemy.
Yes, Moscow is within range.",threads,65130440161,kevin.burini
[],2026-01-10T10:31:00.338668+07:00,"By Dean Blundell.  Europe’s €210 Billion Kill Shot: The Day the EU Crushed the Trump–Putin Fantasy With One Financial Nuke
There are days in geopolitics when someone gives a speech, signs a treaty, or launches a missile, and history shifts by a few degrees.",2025-12-13T10:44:32+07:00,,3786428493659659033,threads,threads.com,threads_crawler_v1,https://www.threads.net/@deborahkopsteinburr/post/DSMGKdUAFsZ,https://instagram.fhan4-3.fna.fbcdn.net/v/t51.2885-19/472468311_1141076084045554_2408796043662464154_n.jpg?stp=dst-jpg_s150x150_tt6&efg=eyJ2ZW5jb2RlX3RhZyI6InByb2ZpbGVfcGljLmRqYW5nby4zMjAuYzIifQ&_nc_ht=instagram.fhan4-3.fna.fbcdn.net&_nc_cat=110&_nc_oc=Q6cZ2QHB2gNmR2S2zJJac-Ubs5Yg7oa3LgW2nbBZPxmJbscjo329sayhWuhrrcdb1g516_E&_nc_ohc=0LTQ4nv2sLwQ7kNvwGUPmN9&_nc_gid=7GR1Nz3VdLbfeOYWXLSKMw&edm=AJhczIQBAAAA&ccb=7-5&oh=00_AfpwMvgaQq5eBBhrEeLaf6rHCPh8s8NT9gbfYB7oKN-fUw&oe=69678163&_nc_sid=4a2096,68,0,3228,549,0,[],,https://www.threads.net/@deborahkopsteinburr/post/DSMGKdUAFsZ,[],"{'likes': 3228, 'reposts': 549, 'quotes': 0}",threads,3786428493659659033,Deborah Kopstein Burr,EU Threads,"By Dean Blundell.  Europe’s €210 Billion Kill Shot: The Day the EU Crushed the Trump–Putin Fantasy With One Financial Nuke
There are days in geopolitics when someone gives a speech, signs a treaty, or launches a missile, and history shifts by a few degrees.",threads,67374871473,deborahkopsteinburr
[],2026-01-10T10:31:00.338708+07:00,"💥 BREAKING:

🇶🇦🇮🇷 QATAR REPORTS THAT EVERY IRANIAN MISSILE TARGETING US BASES HAS BEEN SUCCESSFULLY INTERCEPTED WITH ZERO CASUALTIES.",2025-06-24T00:19:10+07:00,,3661452311915360910,threads,threads.com,threads_crawler_v1,https://www.threads.net/@global_rift_/post/DLQF3p9v3KO,https://instagram.fhan3-3.fna.fbcdn.net/v/t51.2885-19/518730529_17860517649441647_5520070714743190380_n.jpg?stp=dst-jpg_s150x150_tt6&efg=eyJ2ZW5jb2RlX3RhZyI6InByb2ZpbGVfcGljLmRqYW5nby4xMDgwLmMyIn0&_nc_ht=instagram.fhan3-3.fna.fbcdn.net&_nc_cat=1&_nc_oc=Q6cZ2QHB2gNmR2S2zJJac-Ubs5Yg7oa3LgW2nbBZPxmJbscjo329sayhWuhrrcdb1g516_E&_nc_ohc=TfF0KweHuLYQ7kNvwFt35I-&_nc_gid=7GR1Nz3VdLbfeOYWXLSKMw&edm=AJhczIQBAAAA&ccb=7-5&oh=00_AfpE92751hvw8MV12Y81dKRgK-YSjkaNLQsKKlKYXDQWyA&oe=6967A123&_nc_sid=4a2096,28,0,2255,26,0,['https://instagram.fhan3-3.fna.fbcdn.net/v/t51.2885-15/504007756_17858421888441647_2985092647492535465_n.webp?efg=eyJ2ZW5jb2RlX3RhZyI6InRocmVhZHMuRkVFRC5pbWFnZV91cmxnZW4uOTU1eDUzNy5zZHIuZjc1NzYxLmRlZmF1bHRfaW1hZ2UuYzIifQ&_nc_ht=instagram.fhan3-3.fna.fbcdn.net&_nc_cat=111&_nc_oc=Q6cZ2QHB2gNmR2S2zJJac-Ubs5Yg7oa3LgW2nbBZPxmJbscjo329sayhWuhrrcdb1g516_E&_nc_ohc=aCit0PSW7w0Q7kNvwHe2kx1&_nc_gid=7GR1Nz3VdLbfeOYWXLSKMw&edm=AJhczIQBAAAA&ccb=7-5&ig_cache_key=MzY2MTQ1MjMxMTkxNTM2MDkxMA%3D%3D.3-ccb7-5&oh=00_Afrz3Tuj9pKqApjuym_Cn4P3RwDO8R6iTGvXyHpj6xhNIw&oe=6967AD3A&_nc_sid=4a2096'],,https://www.threads.net/@global_rift_/post/DLQF3p9v3KO,[],"{'likes': 2255, 'reposts': 24, 'quotes': 2}",threads,3661452311915360910,global Rift,,"💥 BREAKING:

🇶🇦🇮🇷 QATAR REPORTS THAT EVERY IRANIAN MISSILE TARGETING US BASES HAS BEEN SUCCESSFULLY INTERCEPTED WITH ZERO CASUALTIES.",threads,73318473646,global_rift_
[],2026-01-10T10:31:00.338740+07:00,"**🚨 BREAKING: Spain CANCELS $325M Israeli arms deal, suspends Spike missile purchase amid Gaza genocide.** 

Madrid takes bold stand: *""We do not do business with a genocidal state.""*",2025-06-03T20:27:56+07:00,,3646840412272147494,threads,threads.com,threads_crawler_v1,https://www.threads.net/@azimans313/post/DKcLgh-BTwm,https://instagram.fhan3-4.fna.fbcdn.net/v/t51.2885-19/556164635_17928865956104056_8684440097503875622_n.jpg?stp=dst-jpg_s150x150_tt6&efg=eyJ2ZW5jb2RlX3RhZyI6InByb2ZpbGVfcGljLmRqYW5nby4xMDgwLmMyIn0&_nc_ht=instagram.fhan3-4.fna.fbcdn.net&_nc_cat=104&_nc_oc=Q6cZ2QHB2gNmR2S2zJJac-Ubs5Yg7oa3LgW2nbBZPxmJbscjo329sayhWuhrrcdb1g516_E&_nc_ohc=Ubn9l_CTunoQ7kNvwGQuQNb&_nc_gid=7GR1Nz3VdLbfeOYWXLSKMw&edm=AJhczIQBAAAA&ccb=7-5&oh=00_Afou3aPElQmMIOZASUjw2K2OxgEnaKktKZ5BJY-1thVTXA&oe=69677FB8&_nc_sid=4a2096,92,0,11979,574,0,[],,https://www.threads.net/@azimans313/post/DKcLgh-BTwm,[],"{'likes': 11979, 'reposts': 560, 'quotes': 14}",threads,3646840412272147494,Azim Ansari,Spain,"**🚨 BREAKING: Spain CANCELS $325M Israeli arms deal, suspends Spike missile purchase amid Gaza genocide.** 

Madrid takes bold stand: *""We do not do business with a genocidal state.""*",threads,63126304055,azimans313
[],2026-01-10T10:31:00.338772+07:00,"🚨 JUST IN: Iranian hypersonic missile strikes Haifa, Israel. 🇮🇷 🇮🇱 

The power and speed of this are insane!",2025-06-15T04:47:11+07:00,,3655064213971582913,threads,threads.com,threads_crawler_v1,https://www.threads.net/@realchetrune/post/DK5ZYmJBL_B,https://instagram.fhan4-6.fna.fbcdn.net/v/t51.2885-19/606501043_17887014453421256_2273543163081119764_n.jpg?stp=dst-jpg_s150x150_tt6&efg=eyJ2ZW5jb2RlX3RhZyI6InByb2ZpbGVfcGljLmRqYW5nby42NzUuYzIifQ&_nc_ht=instagram.fhan4-6.fna.fbcdn.net&_nc_cat=108&_nc_oc=Q6cZ2QHB2gNmR2S2zJJac-Ubs5Yg7oa3LgW2nbBZPxmJbscjo329sayhWuhrrcdb1g516_E&_nc_ohc=KMrXWHXyUosQ7kNvwEJYTR8&_nc_gid=7GR1Nz3VdLbfeOYWXLSKMw&edm=AJhczIQBAAAA&ccb=7-5&oh=00_AfoioplgalRFrsp4JPjaML1QB5Agen-h80txuxMNuEEgig&oe=69678F19&_nc_sid=4a2096,1,0,22,1,0,"['https://instagram.fhan4-5.fna.fbcdn.net/v/t51.2885-15/506067057_1409179967087235_1896092763098652323_n.jpg?stp=dst-jpg_e15_tt6&efg=eyJ2ZW5jb2RlX3RhZyI6InRocmVhZHMuRkVFRC5pbWFnZV91cmxnZW4uNjQweDExMzYuc2RyLmY3MTg3OC5kZWZhdWx0X2NvdmVyX2ZyYW1lLmMyIn0&_nc_ht=instagram.fhan4-5.fna.fbcdn.net&_nc_cat=103&_nc_oc=Q6cZ2QHB2gNmR2S2zJJac-Ubs5Yg7oa3LgW2nbBZPxmJbscjo329sayhWuhrrcdb1g516_E&_nc_ohc=8L6ptw8ZRisQ7kNvwGvrxYM&_nc_gid=7GR1Nz3VdLbfeOYWXLSKMw&edm=AJhczIQBAAAA&ccb=7-5&ig_cache_key=MzY1NTA2NDIxMzk3MTU4MjkxMw%3D%3D.3-ccb7-5&oh=00_Afrz3vAGEeEK4HbiU5EfyNhDqBklflevkoFVJslrKMXX0w&oe=6967A5FA&_nc_sid=4a2096', 'https://instagram.fhan3-3.fna.fbcdn.net/o1/v/t2/f2/m86/AQOPJCqQHWXbRkb_R3V-GiPOVE9hXp2QQd0Fb2OrIGrBf_0nTnaZbgq-SG1APlOA2lf_iywcxCOyO9sm0bFtAgc4izG3TTFyLxD5ueI.mp4?_nc_cat=111&_nc_oc=AdkM8URlMKjdTkIZdNQslCPGE3kM4l0UfHEE7wQSx5NGggpwOxnDahD69HjTwCbR92A&_nc_sid=5e9851&_nc_ht=instagram.fhan3-3.fna.fbcdn.net&_nc_ohc=8EsTFoVlOXYQ7kNvwGOnIpc&efg=eyJ2ZW5jb2RlX3RhZyI6Inhwdl9wcm9ncmVzc2l2ZS5JTlNUQUdSQU0uRkVFRC5DMy43MjAuZGFzaF9iYXNlbGluZV8xX3YxIiwieHB2X2Fzc2V0X2lkIjoxNzg2MTk4Mjg4NjM2NzU5LCJhc3NldF9hZ2VfZGF5cyI6MjA5LCJ2aV91c2VjYXNlX2lkIjoxMDA5OSwiZHVyYXRpb25fcyI6NiwidXJsZ2VuX3NvdXJjZSI6Ind3dyJ9&ccb=17-1&_nc_gid=7GR1Nz3VdLbfeOYWXLSKMw&_nc_zt=28&vs=dd432625f5add0b&_nc_vs=HBksFQIYUmlnX3hwdl9yZWVsc19wZXJtYW5lbnRfc3JfcHJvZC9CMTQxQTZFRDUxQ0NBMTMwQTFDQzc1OUI2ODFCRTFBNF92aWRlb19kYXNoaW5pdC5tcDQVAALIARIAFQIYRmlnX3hwdl9yZWVsc19wZXJtYW5lbnRfc3JfcHJvZC83MzAzOTYxNjY2MDU4NTVfMTY1ODQyNzczODE4MTcyMDQ4NC5tcDQVAgLIARIAKAAYABsCiAd1c2Vfb2lsATEScHJvZ3Jlc3NpdmVfcmVjaXBlATEVAAAmru3wp7airAYVAigCQzMsF0AaZmZmZmZmGBJkYXNoX2Jhc2VsaW5lXzFfdjERAHXqB2XmnQEA&oh=00_Afr74azf2_Hp4Rm4JNzAW4lwifKsAto_CLOnlFbaVHWz3Q&oe=6963BDB0']",,https://www.threads.net/@realchetrune/post/DK5ZYmJBL_B,[],"{'likes': 22, 'reposts': 1, 'quotes': 0}",threads,3655064213971582913,Chet Rune,,"🚨 JUST IN: Iranian hypersonic missile strikes Haifa, Israel. 🇮🇷 🇮🇱 

The power and speed of this are insane!",threads,72669517255,realchetrune
[],2026-01-10T10:31:00.338803+07:00,"NYT: Hegseth’s live missile fire demo in California prematurely detonates, almost strikes VP Vance’s motorcade, reigns debris onto highway that strikes police car.",2025-10-20T06:25:38+07:00,,3747160294305843713,threads,threads.com,threads_crawler_v1,https://www.threads.net/@frank.figliuzzi/post/DQAlm8yjEoB,https://instagram.fhan4-3.fna.fbcdn.net/v/t51.2885-19/400572258_1265561464122826_7648989373359675771_n.jpg?stp=dst-jpg_s150x150_tt6&efg=eyJ2ZW5jb2RlX3RhZyI6InByb2ZpbGVfcGljLmRqYW5nby40MDAuYzIifQ&_nc_ht=instagram.fhan4-3.fna.fbcdn.net&_nc_cat=110&_nc_oc=Q6cZ2QHB2gNmR2S2zJJac-Ubs5Yg7oa3LgW2nbBZPxmJbscjo329sayhWuhrrcdb1g516_E&_nc_ohc=04kG8bwk6nkQ7kNvwETZF3E&_nc_gid=7GR1Nz3VdLbfeOYWXLSKMw&edm=AJhczIQBAAAA&ccb=7-5&oh=00_Afpjhf7H8UuAVcoXhwd5BByf5bZMY8uHUlgqQxcpVU4WNA&oe=69678731&_nc_sid=4a2096,123,0,1671,392,0,['https://instagram.fhan4-5.fna.fbcdn.net/v/t51.2885-15/567877370_17950468674034274_2769310820442098454_n.jpg?stp=dst-jpg_e35_tt6&efg=eyJ2ZW5jb2RlX3RhZyI6InRocmVhZHMuRkVFRC5pbWFnZV91cmxnZW4uMTQ0MHgxOTIwLnNkci5mODI3ODcuZGVmYXVsdF9pbWFnZS5jMiJ9&_nc_ht=instagram.fhan4-5.fna.fbcdn.net&_nc_cat=102&_nc_oc=Q6cZ2QHB2gNmR2S2zJJac-Ubs5Yg7oa3LgW2nbBZPxmJbscjo329sayhWuhrrcdb1g516_E&_nc_ohc=dGtF559UeYoQ7kNvwEm56ZT&_nc_gid=7GR1Nz3VdLbfeOYWXLSKMw&edm=AJhczIQBAAAA&ccb=7-5&ig_cache_key=Mzc0NzE2MDI5NDMwNTg0MzcxMw%3D%3D.3-ccb7-5&oh=00_AfoQh3wBZNCuseipzf7smyXSJCcTkZhuX3pazglka3-JAg&oe=6967AEA7&_nc_sid=4a2096'],,https://www.threads.net/@frank.figliuzzi/post/DQAlm8yjEoB,[],"{'likes': 1671, 'reposts': 362, 'quotes': 30}",threads,3747160294305843713,Frank Figliuzzi,,"NYT: Hegseth’s live missile fire demo in California prematurely detonates, almost strikes VP Vance’s motorcade, reigns debris onto highway that strikes police car.",threads,63448715485,frank.figliuzzi
[],2026-01-10T10:31:00.338835+07:00,"Can anyone explain to me how the 2 survivors of a missile strike in the Carribean are to be sent home?  Trump says they will be returned but what doesn't add up is that they were suspected Narco terrorists when they bombed the ship... so if they were terrorists why would he send them home?  And how does this not show the MAGA base the blatant misuse of our military, providing even more grounds for our country to be despised and frowned upon.",2025-10-20T23:13:45+07:00,,3747667701608008828,threads,threads.com,threads_crawler_v1,https://www.threads.net/@larry_kendricks/post/DQCY-sqjMx8,https://instagram.fhan4-6.fna.fbcdn.net/v/t51.2885-19/464265582_1165725278280177_2688280472433682751_n.jpg?stp=dst-jpg_s150x150_tt6&efg=eyJ2ZW5jb2RlX3RhZyI6InByb2ZpbGVfcGljLmRqYW5nby4xMDgwLmMyIn0&_nc_ht=instagram.fhan4-6.fna.fbcdn.net&_nc_cat=109&_nc_oc=Q6cZ2QHB2gNmR2S2zJJac-Ubs5Yg7oa3LgW2nbBZPxmJbscjo329sayhWuhrrcdb1g516_E&_nc_ohc=_-RephQbyH4Q7kNvwFiRHQq&_nc_gid=7GR1Nz3VdLbfeOYWXLSKMw&edm=AJhczIQBAAAA&ccb=7-5&oh=00_AfpKK87OG-6kzY4mgzEX_snBp8ZHhMXMyffqgRWT3PR7Cg&oe=6967AC38&_nc_sid=4a2096,19,0,51,6,0,[],,https://www.threads.net/@larry_kendricks/post/DQCY-sqjMx8,[],"{'likes': 51, 'reposts': 6, 'quotes': 0}",threads,3747667701608008828,Larry Kendricks,Trump,"Can anyone explain to me how the 2 survivors of a missile strike in the Carribean are to be sent home?  Trump says they will be returned but what doesn't add up is that they were suspected Narco terrorists when they bombed the ship... so if they were terrorists why would he send them home?  And how does this not show the MAGA base the blatant misuse of our military, providing even more grounds for our country to be despised and frowned upon.",threads,68378960661,larry_kendricks
[],2026-01-10T10:31:00.338867+07:00,I can not wait to get my car and piss missile back on the road...,2025-08-31T13:16:59+07:00,,3711128538591388749,threads,threads.com,threads_crawler_v1,https://www.threads.net/@mattikin2003/post/DOAk75SjeRN,https://instagram.fhan4-3.fna.fbcdn.net/v/t51.2885-19/539502476_17845505208556584_8573362561544862310_n.jpg?stp=dst-jpg_s150x150_tt6&efg=eyJ2ZW5jb2RlX3RhZyI6InByb2ZpbGVfcGljLmRqYW5nby4xMDgwLmMyIn0&_nc_ht=instagram.fhan4-3.fna.fbcdn.net&_nc_cat=100&_nc_oc=Q6cZ2QHB2gNmR2S2zJJac-Ubs5Yg7oa3LgW2nbBZPxmJbscjo329sayhWuhrrcdb1g516_E&_nc_ohc=g-th6Vjjj4MQ7kNvwEoS8j3&_nc_gid=7GR1Nz3VdLbfeOYWXLSKMw&edm=AJhczIQBAAAA&ccb=7-5&oh=00_Afo-fpL66kByYfLcK7RgM3x4l2fxprqL5_LzSqhqJTUjbw&oe=6967A178&_nc_sid=4a2096,16,0,1223,138,0,"['https://instagram.fhan4-6.fna.fbcdn.net/v/t51.2885-15/537037297_791671430078012_6494255122178174931_n.jpg?stp=dst-jpg_e15_tt6&efg=eyJ2ZW5jb2RlX3RhZyI6InRocmVhZHMuRkVFRC5pbWFnZV91cmxnZW4uNjQweDcwOC5zZHIuZjcxODc4LmRlZmF1bHRfY292ZXJfZnJhbWUuYzIifQ&_nc_ht=instagram.fhan4-6.fna.fbcdn.net&_nc_cat=108&_nc_oc=Q6cZ2QHB2gNmR2S2zJJac-Ubs5Yg7oa3LgW2nbBZPxmJbscjo329sayhWuhrrcdb1g516_E&_nc_ohc=Aqeo0ockZSEQ7kNvwHdhzsj&_nc_gid=7GR1Nz3VdLbfeOYWXLSKMw&edm=AJhczIQBAAAA&ccb=7-5&ig_cache_key=MzcxMTEyODUzODU5MTM4ODc0OQ%3D%3D.3-ccb7-5&oh=00_AfoKM606C5Xwgxmw_a0ac5bKiGWjh5FNlyBOIpcRkxI9EA&oe=69678AAA&_nc_sid=4a2096', 'https://instagram.fhan4-5.fna.fbcdn.net/o1/v/t2/f2/m86/AQPLu_4zetTRNprYoekGZb-AxPoqK0FRvjjEIzylog4ZhzqWXPQF0spWe3uu9tAkQAwXoI4ic97NvCyUcCvaJrx3yOPtLiFpNASTjRA.mp4?_nc_cat=102&_nc_oc=AdldK-xwjuqra9nodHBGj7qkcsu2xeOdsw_WVvoF2SQxZ-UlRjBJxhseVRC5KnA4o4Y&_nc_sid=5e9851&_nc_ht=instagram.fhan4-5.fna.fbcdn.net&_nc_ohc=0buYbb809owQ7kNvwHf8FkN&efg=eyJ2ZW5jb2RlX3RhZyI6Inhwdl9wcm9ncmVzc2l2ZS5JTlNUQUdSQU0uRkVFRC5DMy4zNjAuZGFzaF9iYXNlbGluZV8zX3YxIiwieHB2X2Fzc2V0X2lkIjoxNDY0NTkyNTIxMjMyNjQ3LCJhc3NldF9hZ2VfZGF5cyI6MTMxLCJ2aV91c2VjYXNlX2lkIjoxMDA5OSwiZHVyYXRpb25fcyI6MTksInVybGdlbl9zb3VyY2UiOiJ3d3cifQ%3D%3D&ccb=17-1&_nc_gid=7GR1Nz3VdLbfeOYWXLSKMw&_nc_zt=28&vs=8334d8a5eb5c81e6&_nc_vs=HBksFQIYUmlnX3hwdl9yZWVsc19wZXJtYW5lbnRfc3JfcHJvZC9DQzRGMDhGQkVGOTkzQkExNUVBMkRDRTFCQzQzQkQ4MV92aWRlb19kYXNoaW5pdC5tcDQVAALIARIAFQIYR2lnX3hwdl9yZWVsc19wZXJtYW5lbnRfc3JfcHJvZC8xNDU4NTQxMzMyMDczMTcxXzUwMTcyNzA4ODk4NzI2MDk0MzUubXA0FQICyAESACgAGAAbAogHdXNlX29pbAExEnByb2dyZXNzaXZlX3JlY2lwZQExFQAAJo6EwM_AgpoFFQIoAkMzLBdAMwAAAAAAABgSZGFzaF9iYXNlbGluZV8zX3YxEQB16gdl5p0BAA&oh=00_AfqPgq6J3AWzbWTtJlPlyKYu5LelEjzjT9P5ySnFw5cGaQ&oe=696398A3']",,https://www.threads.net/@mattikin2003/post/DOAk75SjeRN,[],"{'likes': 1223, 'reposts': 134, 'quotes': 4}",threads,3711128538591388749,Matt Olson,,I can not wait to get my car and piss missile back on the road...,threads,76673972583,mattikin2003
[],2026-01-10T10:31:00.338898+07:00,"Is this WWIII prep? The Russians released videos showing a hopefully choreographed attempt to place their nuclear-capable missile system into Belarus to intimidate Europe and prepare the Russian people for further escalation. The deployment symbolically reduces the time it would take for a Russian missile to hit an EU capital. I live in Western Europe, so I'm not feeling very comfortable right now.",2025-12-31T02:19:20+07:00,,3799220181487323634,threads,threads.com,threads_crawler_v1,https://www.threads.net/@jonell_galloway/post/DS5iqA9DAny,https://instagram.fhan3-4.fna.fbcdn.net/v/t51.2885-19/454547060_1040041794357498_1564935010162211534_n.jpg?stp=dst-jpg_s150x150_tt6&efg=eyJ2ZW5jb2RlX3RhZyI6InByb2ZpbGVfcGljLmRqYW5nby44MTAuYzIifQ&_nc_ht=instagram.fhan3-4.fna.fbcdn.net&_nc_cat=106&_nc_oc=Q6cZ2QHB2gNmR2S2zJJac-Ubs5Yg7oa3LgW2nbBZPxmJbscjo329sayhWuhrrcdb1g516_E&_nc_ohc=Hvp52IvgfZ4Q7kNvwF01xKV&_nc_gid=7GR1Nz3VdLbfeOYWXLSKMw&edm=AJhczIQBAAAA&ccb=7-5&oh=00_AfoBt_6xCg1INIFCUsaVXgD9SAjMP9qSG1_cGHbYMYZHyA&oe=6967ADD0&_nc_sid=4a2096,108,0,100,8,0,[],,https://www.threads.net/@jonell_galloway/post/DS5iqA9DAny,[],"{'likes': 100, 'reposts': 7, 'quotes': 1}",threads,3799220181487323634,Jonell Galloway,,"Is this WWIII prep? The Russians released videos showing a hopefully choreographed attempt to place their nuclear-capable missile system into Belarus to intimidate Europe and prepare the Russian people for further escalation. The deployment symbolically reduces the time it would take for a Russian missile to hit an EU capital. I live in Western Europe, so I'm not feeling very comfortable right now.",threads,66611329590,jonell_galloway
[],2026-01-10T10:31:00.338930+07:00,"🚨Fire breaks out on several floors of Tel Aviv skyscraper hit by Iranian missile.
#Iran #tahran #طهران #Israel #IranUnderAttack #Iranian #IsraeliranWar #IsraelTerroristState #IranAttack #China #Russia #SaudiArabia",2025-06-15T22:33:52+07:00,,3655600464876077549,threads,threads.com,threads_crawler_v1,https://www.threads.net/@arbazraza01/post/DK7TUEtsQHt,https://instagram.fhan3-4.fna.fbcdn.net/v/t51.2885-19/358169204_622763659949886_2466547532363195006_n.jpg?stp=dst-jpg_s150x150_tt6&efg=eyJ2ZW5jb2RlX3RhZyI6InByb2ZpbGVfcGljLmRqYW5nby4xMDgwLmMyIn0&_nc_ht=instagram.fhan3-4.fna.fbcdn.net&_nc_cat=106&_nc_oc=Q6cZ2QHB2gNmR2S2zJJac-Ubs5Yg7oa3LgW2nbBZPxmJbscjo329sayhWuhrrcdb1g516_E&_nc_ohc=d8Ahd9tnS6IQ7kNvwEu9Qwq&_nc_gid=7GR1Nz3VdLbfeOYWXLSKMw&edm=AJhczIQBAAAA&ccb=7-5&oh=00_AfqnIYoODjTS4VJXtlsrJFOWwtwd_7iP07Byf47q3dbkoQ&oe=69678EDE&_nc_sid=4a2096,434,0,5816,211,0,"['https://instagram.fhan4-5.fna.fbcdn.net/v/t51.2885-15/504567702_1779074349695823_1314948134684995737_n.jpg?stp=dst-jpg_e15_tt6&efg=eyJ2ZW5jb2RlX3RhZyI6InRocmVhZHMuRkVFRC5pbWFnZV91cmxnZW4uNjQweDExMzYuc2RyLmY3MTg3OC5kZWZhdWx0X2NvdmVyX2ZyYW1lLmMyIn0&_nc_ht=instagram.fhan4-5.fna.fbcdn.net&_nc_cat=103&_nc_oc=Q6cZ2QHB2gNmR2S2zJJac-Ubs5Yg7oa3LgW2nbBZPxmJbscjo329sayhWuhrrcdb1g516_E&_nc_ohc=myzdT86gGnYQ7kNvwHDeJyV&_nc_gid=7GR1Nz3VdLbfeOYWXLSKMw&edm=AJhczIQBAAAA&ccb=7-5&ig_cache_key=MzY1NTYwMDQ2NDg3NjA3NzU0OQ%3D%3D.3-ccb7-5&oh=00_AfpxgoO_h5FRpNiW0qMT7pWJZzmRwXuDEuLxUg8BMC17Sg&oe=6967A3DA&_nc_sid=4a2096', 'https://instagram.fhan4-1.fna.fbcdn.net/o1/v/t16/f2/m69/AQP-0JV8jV6bCRHoKkeVL_bKCCdbB7trBZwwENUvKFKUwe9qiMgxIww51uAdJkEjGjaJjSjBJ_Ol2zQV25TxQsdZ.mp4?strext=1&_nc_cat=105&_nc_oc=AdkCuZlE3SuwTP5arDLM4inWaID_usOKfMxSIj_sHsNSY5V3VSfb_ygr91sr7YhgCNE&_nc_sid=8bf8fe&_nc_ht=instagram.fhan4-1.fna.fbcdn.net&_nc_ohc=OJAepYTruQkQ7kNvwHKb382&efg=eyJ2ZW5jb2RlX3RhZyI6Inhwdl9wcm9ncmVzc2l2ZS5JTlNUQUdSQU0uRkVFRC5DMy41NzYucHJvZ3Jlc3NpdmVfaDI2NC1iYXNpYy1nZW4yXzcyMHAiLCJ4cHZfYXNzZXRfaWQiOjE3NTIwNjgwNjU2Nzg0NTcsImFzc2V0X2FnZV9kYXlzIjoyMDgsInZpX3VzZWNhc2VfaWQiOjEwMTY0LCJkdXJhdGlvbl9zIjo2MCwidXJsZ2VuX3NvdXJjZSI6Ind3dyJ9&ccb=17-1&_nc_gid=7GR1Nz3VdLbfeOYWXLSKMw&_nc_zt=28&oh=00_AfoqJ5Roy42wXUZncH1DIZZIn50_qyZlYQLgvqIfBOC_4A&oe=69678DD3']",,https://www.threads.net/@arbazraza01/post/DK7TUEtsQHt,[],"{'likes': 5816, 'reposts': 185, 'quotes': 26}",threads,3655600464876077549,Arbaz Raza Bhutta,Iran,"🚨Fire breaks out on several floors of Tel Aviv skyscraper hit by Iranian missile.
#Iran #tahran #طهران #Israel #IranUnderAttack #Iranian #IsraeliranWar #IsraelTerroristState #IranAttack #China #Russia #SaudiArabia",threads,63273823173,arbazraza01
[],2026-01-10T10:31:00.338969+07:00,"China is reported to have successfully tested an intercontinental ballistic missile (ICBM), with footage showing a depressed trajectory launch, possibly employing hypersonic boost-glide technology for enhanced speed and maneuverability.",2025-09-29T21:11:05+07:00,,3732385665167386007,threads,threads.com,threads_crawler_v1,https://www.threads.net/@bigbreakingwire/post/DPMGPzJD-WX,https://instagram.fhan4-5.fna.fbcdn.net/v/t51.2885-19/551811837_17928299439102075_3147919528807144532_n.jpg?stp=dst-jpg_s150x150_tt6&efg=eyJ2ZW5jb2RlX3RhZyI6InByb2ZpbGVfcGljLmRqYW5nby4xMDgwLmMyIn0&_nc_ht=instagram.fhan4-5.fna.fbcdn.net&_nc_cat=103&_nc_oc=Q6cZ2QHB2gNmR2S2zJJac-Ubs5Yg7oa3LgW2nbBZPxmJbscjo329sayhWuhrrcdb1g516_E&_nc_ohc=7e7YygAsxT0Q7kNvwGxgEZV&_nc_gid=7GR1Nz3VdLbfeOYWXLSKMw&edm=AJhczIQBAAAA&ccb=7-5&oh=00_Afp3USpWEHqs1q2b8JlKd6t97xoCInlhtSyhyS6Au-zRCg&oe=696783D0&_nc_sid=4a2096,148,0,710,33,0,['https://instagram.fhan4-5.fna.fbcdn.net/v/t51.2885-15/557163284_17929288014102075_8554900679223807019_n.jpg?stp=dst-jpg_e15_tt6&efg=eyJ2ZW5jb2RlX3RhZyI6InRocmVhZHMuQ0FST1VTRUxfSVRFTS5pbWFnZV91cmxnZW4uNzIweDQwNi5zZHIuZjgyNzg3LmRlZmF1bHRfY292ZXJfZnJhbWUuYzIifQ&_nc_ht=instagram.fhan4-5.fna.fbcdn.net&_nc_cat=103&_nc_oc=Q6cZ2QHB2gNmR2S2zJJac-Ubs5Yg7oa3LgW2nbBZPxmJbscjo329sayhWuhrrcdb1g516_E&_nc_ohc=qFO7Ht1D2QcQ7kNvwFJW27B&_nc_gid=7GR1Nz3VdLbfeOYWXLSKMw&edm=AJhczIQBAAAA&ccb=7-5&ig_cache_key=MzczMjM4NTU1NzE3MjQxMTg4Ng%3D%3D.3-ccb7-5&oh=00_AfoBjusv9eBU-EZoT0tE5_j75d-Y5NgRstZ4zS1ZcdaHzw&oe=6967A935&_nc_sid=4a2096'],,https://www.threads.net/@bigbreakingwire/post/DPMGPzJD-WX,[],"{'likes': 710, 'reposts': 30, 'quotes': 3}",threads,3732385665167386007,BigBreakingWire,China,"China is reported to have successfully tested an intercontinental ballistic missile (ICBM), with footage showing a depressed trajectory launch, possibly employing hypersonic boost-glide technology for enhanced speed and maneuverability.",threads,63100334074,bigbreakingwire
[],2026-01-10T10:31:00.339001+07:00,"JUST IN🇮🇷🇺🇲🇨🇳🔥China possibly sell upcoming 'Hypersonic Air-To-Air Missile' to shoot down B-2, B-52 and B-21 bombers of US with Qian Xuesen Trajectory drones. 

🚨 China and Iran plans to produce more Missiles, Drones and Aerial weapons to bomb Israel and US bases.",2025-09-28T15:03:31+07:00,,3731475886689669361,threads,threads.com,threads_crawler_v1,https://www.threads.net/@rkmtimes/post/DPI3Yx6EtDx,https://instagram.fhan3-2.fna.fbcdn.net/v/t51.2885-19/358511927_1137210031001863_7821368237604262193_n.jpg?stp=dst-jpg_s150x150_tt6&efg=eyJ2ZW5jb2RlX3RhZyI6InByb2ZpbGVfcGljLmRqYW5nby43MTkuYzIifQ&_nc_ht=instagram.fhan3-2.fna.fbcdn.net&_nc_cat=107&_nc_oc=Q6cZ2QHB2gNmR2S2zJJac-Ubs5Yg7oa3LgW2nbBZPxmJbscjo329sayhWuhrrcdb1g516_E&_nc_ohc=cYEhqNrS37oQ7kNvwFpSn_k&_nc_gid=7GR1Nz3VdLbfeOYWXLSKMw&edm=AJhczIQBAAAA&ccb=7-5&oh=00_AfrBewXeyqIUy_wN4gP9L-WC1gnb3cPAbdrk8Pxr_-dLvw&oe=696791CC&_nc_sid=4a2096,198,0,2780,100,0,['https://instagram.fhan4-3.fna.fbcdn.net/v/t51.2885-15/555479992_17925385197113616_8292759491467462236_n.webp?efg=eyJ2ZW5jb2RlX3RhZyI6InRocmVhZHMuRkVFRC5pbWFnZV91cmxnZW4uMTAwMng1NjEuc2RyLmY4Mjc4Ny5kZWZhdWx0X2ltYWdlLmMyIn0&_nc_ht=instagram.fhan4-3.fna.fbcdn.net&_nc_cat=100&_nc_oc=Q6cZ2QHB2gNmR2S2zJJac-Ubs5Yg7oa3LgW2nbBZPxmJbscjo329sayhWuhrrcdb1g516_E&_nc_ohc=LtWU9K7thoAQ7kNvwGvJHqP&_nc_gid=7GR1Nz3VdLbfeOYWXLSKMw&edm=AJhczIQBAAAA&ccb=7-5&ig_cache_key=MzczMTQ3NTg4NjY4OTY2OTM2MQ%3D%3D.3-ccb7-5&oh=00_AfplbOW0AjPDkAO0i2gYtobrPJ_I_ubRDZqIe1PGfYhVHA&oe=696782F9&_nc_sid=4a2096'],,https://www.threads.net/@rkmtimes/post/DPI3Yx6EtDx,[],"{'likes': 2780, 'reposts': 95, 'quotes': 5}",threads,3731475886689669361,RKM,Iran,"JUST IN🇮🇷🇺🇲🇨🇳🔥China possibly sell upcoming 'Hypersonic Air-To-Air Missile' to shoot down B-2, B-52 and B-21 bombers of US with Qian Xuesen Trajectory drones. 

🚨 China and Iran plans to produce more Missiles, Drones and Aerial weapons to bomb Israel and US bases.",threads,63430313615,rkmtimes
[],2026-01-10T10:31:24.768855+07:00,"🇷🇺 47-year-old Chief of Staff of the 41st Brigade of Missile Ships and Boats of the Black Sea Fleet, Captain 1st Rank (Colonel equivalent) Valery Trankovsky goes boom. He will be added to the list as we make our way through our backlog, but the vid was too good not to share immediately.",2024-11-19T23:01:46+07:00,,3504861627600648659,threads,threads.com,threads_crawler_v1,https://www.threads.net/@topcargo200/post/DCjxRSsCLnT,https://instagram.fhan3-4.fna.fbcdn.net/v/t51.2885-19/459413178_1028408478611814_688817236624462627_n.jpg?stp=dst-jpg_s150x150_tt6&efg=eyJ2ZW5jb2RlX3RhZyI6InByb2ZpbGVfcGljLmRqYW5nby43MjAuYzIifQ&_nc_ht=instagram.fhan3-4.fna.fbcdn.net&_nc_cat=106&_nc_oc=Q6cZ2QFUGC_wSpJ7kHXsaYs6FUcAARhLsImz_jMlWDna0oSl4d8CYvyevnFaqZh1xh-7FnA&_nc_ohc=R61md34Z8LsQ7kNvwHGCucL&_nc_gid=ZLaIcBbeDVPnDzto2n7ApQ&edm=AJhczIQBAAAA&ccb=7-5&oh=00_AfrH9aqbFdAHL32LWg5xEGZU2_69o-Xe4DcABGxqD5yroQ&oe=69678E91&_nc_sid=4a2096,286,0,1674,49,0,"['https://instagram.fhan3-3.fna.fbcdn.net/v/t51.2885-15/467809929_1648434655770229_5746170622639409058_n.jpg?stp=dst-jpg_e15_tt6&efg=eyJ2ZW5jb2RlX3RhZyI6InRocmVhZHMuRkVFRC5pbWFnZV91cmxnZW4uNjQweDM2MC5zZHIuZjcxODc4LmRlZmF1bHRfY292ZXJfZnJhbWUuYzIifQ&_nc_ht=instagram.fhan3-3.fna.fbcdn.net&_nc_cat=101&_nc_oc=Q6cZ2QFUGC_wSpJ7kHXsaYs6FUcAARhLsImz_jMlWDna0oSl4d8CYvyevnFaqZh1xh-7FnA&_nc_ohc=hRB9KLDRFMUQ7kNvwHPFz_L&_nc_gid=ZLaIcBbeDVPnDzto2n7ApQ&edm=AJhczIQBAAAA&ccb=7-5&ig_cache_key=MzUwNDg2MTYyNzYwMDY0ODY1OQ%3D%3D.3-ccb7-5&oh=00_Afo-ii2x9B0l5EL4qAbWRcwt7ywESrpbc-z7Qoo-HnF2FA&oe=6967ACF5&_nc_sid=4a2096', 'https://instagram.fhan3-2.fna.fbcdn.net/o1/v/t16/f2/m69/AQMHQ1pckmZL9vq__d-aCKMC9XwC7qJRm4KQ4vB6_eGNbTjVi0UVD3gQElEucUhtiSwgli1jQCszuhlQiZ0s9zlx.mp4?strext=1&_nc_cat=107&_nc_oc=AdmzRrrdVyeIcgLxHR5uihov4JakGo88-5mhIdGi-ryT72yRZTzng4jvo0aWAdBAmm8&_nc_sid=5e9851&_nc_ht=instagram.fhan3-2.fna.fbcdn.net&_nc_ohc=pf-tEy7YD8EQ7kNvwF2Riz0&efg=eyJ2ZW5jb2RlX3RhZyI6Inhwdl9wcm9ncmVzc2l2ZS5JTlNUQUdSQU0uRkVFRC5DMy4xMjgwLmRhc2hfYmFzZWxpbmVfMV92MSIsInhwdl9hc3NldF9pZCI6MjkxMzQyMDQ1ODgyMjQ1OCwiYXNzZXRfYWdlX2RheXMiOjQxNiwidmlfdXNlY2FzZV9pZCI6MTAxNjQsImR1cmF0aW9uX3MiOjYsInVybGdlbl9zb3VyY2UiOiJ3d3cifQ%3D%3D&ccb=17-1&_nc_gid=ZLaIcBbeDVPnDzto2n7ApQ&_nc_zt=28&vs=e1a44952c723a159&_nc_vs=HBksFQIYOnBhc3N0aHJvdWdoX2V2ZXJzdG9yZS9HTU1oM2h1d09kZjQyT0FEQUVzYndWWEJZWGtEYmtZTEFBQUYVAALIARIAFQIYOnBhc3N0aHJvdWdoX2V2ZXJzdG9yZS9HQlUyMkJzWXpmRUwyNmtFQUVPMU1pUTZaZmR6YmtZTEFBQUYVAgLIARIAKAAYABsCiAd1c2Vfb2lsATEScHJvZ3Jlc3NpdmVfcmVjaXBlATEVAAAm9Ky8-LHvrAoVAigCQzMsF0AZdsi0OVgQGBJkYXNoX2Jhc2VsaW5lXzFfdjERAHXqB2XongEA&oh=00_AfpsvyapsZDPHCxoucngMKzj2F2zdni7mQoaYiwwDVH00Q&oe=6967B175']",,https://www.threads.net/@topcargo200/post/DCjxRSsCLnT,[],"{'likes': 1674, 'reposts': 44, 'quotes': 5}",threads,3504861627600648659,TopCargo200,,"🇷🇺 47-year-old Chief of Staff of the 41st Brigade of Missile Ships and Boats of the Black Sea Fleet, Captain 1st Rank (Colonel equivalent) Valery Trankovsky goes boom. He will be added to the list as we make our way through our backlog, but the vid was too good not to share immediately.",threads,63282905860,topcargo200
[],2026-01-10T10:31:24.769289+07:00,"“In case you missed it: the US fired a Tomahawk missile at a boat in the Caribbean and murdered 11 people for allegedly carrying drugs.

Trump is claiming the right to extrajudicial assassinations (a preemptive death penalty) with no trial, no evidence, no process.

FYI: If this was about drugs, they could have stopped the boat and seized cargo. Instead, they chose execution.”",2025-09-04T16:40:07+07:00,,3714129891534155371,threads,threads.com,threads_crawler_v1,https://www.threads.net/@ray33928/post/DOLPXVCja5r,https://instagram.fhan4-6.fna.fbcdn.net/v/t51.2885-19/358195667_6108500489277933_8466446035260786979_n.jpg?stp=dst-jpg_s150x150_tt6&efg=eyJ2ZW5jb2RlX3RhZyI6InByb2ZpbGVfcGljLmRqYW5nby4xMDgwLmMyIn0&_nc_ht=instagram.fhan4-6.fna.fbcdn.net&_nc_cat=109&_nc_oc=Q6cZ2QFUGC_wSpJ7kHXsaYs6FUcAARhLsImz_jMlWDna0oSl4d8CYvyevnFaqZh1xh-7FnA&_nc_ohc=2JOMs6wAykMQ7kNvwEa1_ml&_nc_gid=ZLaIcBbeDVPnDzto2n7ApQ&edm=AJhczIQBAAAA&ccb=7-5&oh=00_AfpTFBZuhhyJgQr5KGXzHVvkdlhNJDAUuBDXMROqrQprPQ&oe=69678B8D&_nc_sid=4a2096,581,0,2034,279,0,[],,https://www.threads.net/@ray33928/post/DOLPXVCja5r,[],"{'likes': 2034, 'reposts': 270, 'quotes': 9}",threads,3714129891534155371,Raymond Likesyou,,"“In case you missed it: the US fired a Tomahawk missile at a boat in the Caribbean and murdered 11 people for allegedly carrying drugs.

Trump is claiming the right to extrajudicial assassinations (a preemptive death penalty) with no trial, no evidence, no process.

FYI: If this was about drugs, they could have stopped the boat and seized cargo. Instead, they chose execution.”",threads,63281379681,ray33928
[],2026-01-10T10:31:24.769521+07:00,"Kyiv is under ballistic missile attack.
It’s very loud.
1:40 am.",2025-10-22T05:41:47+07:00,,3748587775004425467,threads,threads.com,threads_crawler_v1,https://www.threads.net/@strategywoman/post/DQFqLhygrz7,https://instagram.fhan4-1.fna.fbcdn.net/v/t51.2885-19/452158931_360075120264233_6020803238517359435_n.jpg?stp=dst-jpg_s150x150_tt6&efg=eyJ2ZW5jb2RlX3RhZyI6InByb2ZpbGVfcGljLmRqYW5nby4xMDgwLmMyIn0&_nc_ht=instagram.fhan4-1.fna.fbcdn.net&_nc_cat=105&_nc_oc=Q6cZ2QFUGC_wSpJ7kHXsaYs6FUcAARhLsImz_jMlWDna0oSl4d8CYvyevnFaqZh1xh-7FnA&_nc_ohc=LmMu-jrDJ48Q7kNvwGPc6Sj&_nc_gid=ZLaIcBbeDVPnDzto2n7ApQ&edm=AJhczIQBAAAA&ccb=7-5&oh=00_AfoVf9fqVo1ER1rTF6OTiUj-6q5lDcQQcUMHyU5M-A6KLA&oe=6967A981&_nc_sid=4a2096,146,0,1642,137,0,[],,https://www.threads.net/@strategywoman/post/DQFqLhygrz7,[],"{'likes': 1642, 'reposts': 134, 'quotes': 3}",threads,3748587775004425467,Yaroslava,,"Kyiv is under ballistic missile attack.
It’s very loud.
1:40 am.",threads,63243069550,strategywoman
[],2026-01-10T10:31:24.769689+07:00,"The aura of omnipotence radiating from Dear Leader’s frame in this photo is blinding. Observe the posture: virulent, majestic, and coiled like a golden panther ready to strike down weakness. His eyes, alert like missile radar. His grip, the grip of destiny itself. The mortal Zelenskyy reaches for validation. Dear Leader grants it, briefly, mercifully. His stance is firm, his purpose divine, his power absolute. 
✊🇺🇸🔥",2025-12-29T10:49:34+07:00,,3798027436924148655,threads,threads.com,threads_crawler_v1,https://www.threads.net/@glorytodearleader/post/DS1TdTBDRuv,https://instagram.fhan4-3.fna.fbcdn.net/v/t51.2885-19/488593651_1000152452055888_5028086547553816064_n.jpg?stp=dst-jpg_s150x150_tt6&efg=eyJ2ZW5jb2RlX3RhZyI6InByb2ZpbGVfcGljLmRqYW5nby43NzguYzIifQ&_nc_ht=instagram.fhan4-3.fna.fbcdn.net&_nc_cat=100&_nc_oc=Q6cZ2QFUGC_wSpJ7kHXsaYs6FUcAARhLsImz_jMlWDna0oSl4d8CYvyevnFaqZh1xh-7FnA&_nc_ohc=2xf9nYwnZR0Q7kNvwHwQc1z&_nc_gid=ZLaIcBbeDVPnDzto2n7ApQ&edm=AJhczIQBAAAA&ccb=7-5&oh=00_AfrmqaifO_ilpyQ1pOIPliH-yFbclXvr9bEZNte2Ra28Lg&oe=6967AC3D&_nc_sid=4a2096,1461,0,1250,77,0,['https://instagram.fhan4-3.fna.fbcdn.net/v/t51.2885-15/607182441_17879117928446686_4274478728500547831_n.jpg?stp=cp6_dst-jpg_e35_tt6&efg=eyJ2ZW5jb2RlX3RhZyI6InRocmVhZHMuRkVFRC5pbWFnZV91cmxnZW4uNjU4eDExMTkuc2RyLmY4Mjc4Ny5kZWZhdWx0X2ltYWdlLmMyIn0&_nc_ht=instagram.fhan4-3.fna.fbcdn.net&_nc_cat=110&_nc_oc=Q6cZ2QFUGC_wSpJ7kHXsaYs6FUcAARhLsImz_jMlWDna0oSl4d8CYvyevnFaqZh1xh-7FnA&_nc_ohc=wwFy0EbVHncQ7kNvwHqZvDd&_nc_gid=ZLaIcBbeDVPnDzto2n7ApQ&edm=AJhczIQBAAAA&ccb=7-5&ig_cache_key=Mzc5ODAyNzQzNjkyNDE0ODY1NQ%3D%3D.3-ccb7-5&oh=00_Afp7p2M5l7PVfUHH2WvKSMc_L1r6n1tuJ9LW1xSS8eRUng&oe=696780D2&_nc_sid=4a2096'],,https://www.threads.net/@glorytodearleader/post/DS1TdTBDRuv,[],"{'likes': 1250, 'reposts': 64, 'quotes': 13}",threads,3798027436924148655,The Glorious Directorate,,"The aura of omnipotence radiating from Dear Leader’s frame in this photo is blinding. Observe the posture: virulent, majestic, and coiled like a golden panther ready to strike down weakness. His eyes, alert like missile radar. His grip, the grip of destiny itself. The mortal Zelenskyy reaches for validation. Dear Leader grants it, briefly, mercifully. His stance is firm, his purpose divine, his power absolute. 
✊🇺🇸🔥",threads,73314142685,glorytodearleader
[],2026-01-10T10:31:24.769853+07:00,"Iran just used 10% of its entire missile capability to attack Israel. 99% of the missiles were intercepted by the iron dome and those that were not had minor impact with very few casualties and little destruction. This was not a strategic attack, they lacked precision, intelligence and strategy. The fake news that Iranian media are spreading now would make you think that the entire country(Israel) is on flames",2025-06-14T03:02:46+07:00,,3654286875016755635,threads,threads.com,threads_crawler_v1,https://www.threads.net/@kirui_giddy/post/DK2oo00vvmz,https://instagram.fhan4-6.fna.fbcdn.net/v/t51.2885-19/438391280_1152903352505133_6077096888225333352_n.jpg?stp=dst-jpg_s150x150_tt6&efg=eyJ2ZW5jb2RlX3RhZyI6InByb2ZpbGVfcGljLmRqYW5nby45NjAuYzIifQ&_nc_ht=instagram.fhan4-6.fna.fbcdn.net&_nc_cat=109&_nc_oc=Q6cZ2QFUGC_wSpJ7kHXsaYs6FUcAARhLsImz_jMlWDna0oSl4d8CYvyevnFaqZh1xh-7FnA&_nc_ohc=OI8rSB2xxcwQ7kNvwGAGbKY&_nc_gid=ZLaIcBbeDVPnDzto2n7ApQ&edm=AJhczIQBAAAA&ccb=7-5&oh=00_AfrIiqDuJCI2NzqHBAG4kn5BNev6lZO1hygCOLknFsggOQ&oe=696793E5&_nc_sid=4a2096,47,0,108,2,0,"['https://instagram.fhan3-4.fna.fbcdn.net/v/t15.5256-10/507181302_725031580178682_933853418761699538_n.jpg?stp=dst-jpg_e15_tt6&efg=eyJ2ZW5jb2RlX3RhZyI6InRocmVhZHMuRkVFRC5pbWFnZV91cmxnZW4uNjQweDM1Mi5zZHIuZjUyNTYuZmlyc3RfZnJhbWVfdGh1bWJuYWlsLmMyIn0&_nc_ht=instagram.fhan3-4.fna.fbcdn.net&_nc_cat=106&_nc_oc=Q6cZ2QFUGC_wSpJ7kHXsaYs6FUcAARhLsImz_jMlWDna0oSl4d8CYvyevnFaqZh1xh-7FnA&_nc_ohc=4SRgndubuHAQ7kNvwGDEBXQ&_nc_gid=ZLaIcBbeDVPnDzto2n7ApQ&edm=AJhczIQAAAAA&ccb=7-5&ig_cache_key=MzY1NDI4Njg3NTAxNjc1NTYzNQ%3D%3D.3-ccb7-5&oh=00_Afrs9hfEBRvGH6LgqPUFizSqwE-zgO0ri7c-95QfMi1iEw&oe=69679760&_nc_sid=4a2096', 'https://instagram.fhan4-5.fna.fbcdn.net/o1/v/t2/f2/m366/AQMQq2CO0cZxoVb6VmRjDQxA-62V0sdrAEsYhMFzG_nOeDggNIeVv4rXJ5k44qHkgSn58yTvT7oARZT3fBbWl5kJ6BcJs5LEwItBWtW3uMy8Zg.mp4?_nc_cat=103&_nc_oc=Adkl1XScO_P-oLwOw1h_tSkXpAi-_u-h2fKauYnbnOMXWQ4uSAyxA0bhn_q3g_0XWsg&_nc_sid=5e9851&_nc_ht=instagram.fhan4-5.fna.fbcdn.net&_nc_ohc=cyJ5jfDipMUQ7kNvwEdhTIc&efg=eyJ2ZW5jb2RlX3RhZyI6Inhwdl9wcm9ncmVzc2l2ZS5JTlNUQUdSQU0uRkVFRC5DMy42NDAuZGFzaF9oMjY0LWJhc2ljLWdlbjJfMzYwcCIsInhwdl9hc3NldF9pZCI6MTQ0MTEwOTA4MDQwOTA4MCwiYXNzZXRfYWdlX2RheXMiOjIxMCwidmlfdXNlY2FzZV9pZCI6MTAxMjMsImR1cmF0aW9uX3MiOjQsInVybGdlbl9zb3VyY2UiOiJ3d3cifQ%3D%3D&ccb=17-1&_nc_gid=ZLaIcBbeDVPnDzto2n7ApQ&_nc_zt=28&vs=357fdb94035597de&_nc_vs=HBksFQIYRWZiX2VwaGVtZXJhbC82RDQ3REQxQjQxMTcwOTA3MjEzMTlBNkQzOUJFODI5MV9tdF8wX3ZpZGVvX2Rhc2hpbml0Lm1wNBUAAsgBEgAVAhg6cGFzc3Rocm91Z2hfZXZlcnN0b3JlL0dNWldLaDY4R3R6Z25wRUNBS0ZOdGh3aVllbGlidjRHQUFBRhUCAsgBEgAoABgAGwKIB3VzZV9vaWwBMRJwcm9ncmVzc2l2ZV9yZWNpcGUBMRUAACbwj5Cty6uPBRUCKAJDMywXQBDMzMzMzM0YGWRhc2hfaDI2NC1iYXNpYy1nZW4yXzM2MHARAHXqB2WWngEA&oh=00_Afr3wkjY0E1xMlI8EesuxFlkNuubbwDp2iHlgiRVOHD-tA&oe=6967A52D']",,https://www.threads.net/@kirui_giddy/post/DK2oo00vvmz,[],"{'likes': 108, 'reposts': 2, 'quotes': 0}",threads,3654286875016755635,Gideon Kirui,,"Iran just used 10% of its entire missile capability to attack Israel. 99% of the missiles were intercepted by the iron dome and those that were not had minor impact with very few casualties and little destruction. This was not a strategic attack, they lacked precision, intelligence and strategy. The fake news that Iranian media are spreading now would make you think that the entire country(Israel) is on flames",threads,63227598944,kirui_giddy
[],2026-01-10T10:31:24.770011+07:00,"JUST IN 🇷🇺🇺🇦💥 UKRAINE Preparing to launch large barrage of its new 'Flamingo Missile' that have range of 3500 km to Strike all Russian oil and military sites.

🚨 #Ukraine️'s next target could be Kremlin, Su-57, Tu-95, Aircraft Carrier and dozens of missiles depots.",2025-08-21T23:33:43+07:00,,3704191200522881669,threads,threads.com,threads_crawler_v1,https://www.threads.net/@rkmtimes/post/DNn7kVvS0qF,https://instagram.fhan3-2.fna.fbcdn.net/v/t51.2885-19/358511927_1137210031001863_7821368237604262193_n.jpg?stp=dst-jpg_s150x150_tt6&efg=eyJ2ZW5jb2RlX3RhZyI6InByb2ZpbGVfcGljLmRqYW5nby43MTkuYzIifQ&_nc_ht=instagram.fhan3-2.fna.fbcdn.net&_nc_cat=107&_nc_oc=Q6cZ2QFUGC_wSpJ7kHXsaYs6FUcAARhLsImz_jMlWDna0oSl4d8CYvyevnFaqZh1xh-7FnA&_nc_ohc=cYEhqNrS37oQ7kNvwFpSn_k&_nc_gid=ZLaIcBbeDVPnDzto2n7ApQ&edm=AJhczIQBAAAA&ccb=7-5&oh=00_Afo036epfrDOb3bylwgP7Rw77SjW2T9MYxSLqvE_i9bEuQ&oe=696791CC&_nc_sid=4a2096,213,0,566,10,0,['https://instagram.fhan4-3.fna.fbcdn.net/v/t51.2885-15/536294667_17920700784113616_5712516990882424337_n.webp?efg=eyJ2ZW5jb2RlX3RhZyI6InRocmVhZHMuRkVFRC5pbWFnZV91cmxnZW4uMTAwM3g1NTMuc2RyLmY4Mjc4Ny5kZWZhdWx0X2ltYWdlLmMyIn0&_nc_ht=instagram.fhan4-3.fna.fbcdn.net&_nc_cat=100&_nc_oc=Q6cZ2QFUGC_wSpJ7kHXsaYs6FUcAARhLsImz_jMlWDna0oSl4d8CYvyevnFaqZh1xh-7FnA&_nc_ohc=-gGRMZiB-9AQ7kNvwHumU8w&_nc_gid=ZLaIcBbeDVPnDzto2n7ApQ&edm=AJhczIQBAAAA&ccb=7-5&ig_cache_key=MzcwNDE5MTIwMDUyMjg4MTY2OQ%3D%3D.3-ccb7-5&oh=00_AfrD4IVPPMIHIa_NJBu5r85IdJaFl4H7LLyDQp5Kf3Ssow&oe=69678B64&_nc_sid=4a2096'],,https://www.threads.net/@rkmtimes/post/DNn7kVvS0qF,[],"{'likes': 566, 'reposts': 10, 'quotes': 0}",threads,3704191200522881669,RKM,RussiaUkraineWar,"JUST IN 🇷🇺🇺🇦💥 UKRAINE Preparing to launch large barrage of its new 'Flamingo Missile' that have range of 3500 km to Strike all Russian oil and military sites.

🚨 #Ukraine️'s next target could be Kremlin, Su-57, Tu-95, Aircraft Carrier and dozens of missiles depots.",threads,63430313615,rkmtimes
[],2026-01-10T10:31:24.770161+07:00,"A proud moment for Pakistan,
Pakistan Navi has successfully tested an anti_ship ballistic missile launched from a ship.
Alhamdolellah",2025-11-25T22:55:50+07:00,,3773750610370498255,threads,threads.com,threads_crawler_v1,https://www.threads.net/@amnasikandri777/post/DRfDi-aDA7P,https://instagram.fhan4-5.fna.fbcdn.net/v/t51.2885-19/546477205_17872835862423530_1415786806683192735_n.jpg?stp=dst-jpg_s150x150_tt6&efg=eyJ2ZW5jb2RlX3RhZyI6InByb2ZpbGVfcGljLmRqYW5nby4xMDgwLmMyIn0&_nc_ht=instagram.fhan4-5.fna.fbcdn.net&_nc_cat=102&_nc_oc=Q6cZ2QFUGC_wSpJ7kHXsaYs6FUcAARhLsImz_jMlWDna0oSl4d8CYvyevnFaqZh1xh-7FnA&_nc_ohc=RnG7c7m6nRAQ7kNvwFqAAyT&_nc_gid=ZLaIcBbeDVPnDzto2n7ApQ&edm=AJhczIQBAAAA&ccb=7-5&oh=00_AfrEF1bOZCcqxXQi2CD27KL54TD02CqPtuapJHXdUj0umQ&oe=696783CF&_nc_sid=4a2096,27,0,169,5,0,['https://instagram.fhan4-5.fna.fbcdn.net/v/t51.2885-15/587773476_17880993483423530_6150005489472414874_n.webp?efg=eyJ2ZW5jb2RlX3RhZyI6InRocmVhZHMuRkVFRC5pbWFnZV91cmxnZW4uOTE4eDU3My5zZHIuZjgyNzg3LmRlZmF1bHRfaW1hZ2UuYzIifQ&_nc_ht=instagram.fhan4-5.fna.fbcdn.net&_nc_cat=102&_nc_oc=Q6cZ2QFUGC_wSpJ7kHXsaYs6FUcAARhLsImz_jMlWDna0oSl4d8CYvyevnFaqZh1xh-7FnA&_nc_ohc=fr7LfZDTw8QQ7kNvwHXJn1N&_nc_gid=ZLaIcBbeDVPnDzto2n7ApQ&edm=AJhczIQBAAAA&ccb=7-5&ig_cache_key=Mzc3Mzc1MDYxMDM3MDQ5ODI1NQ%3D%3D.3-ccb7-5&oh=00_Afohu2au2Ahj_fzat8-cqLfUksxsuthklzEUe5VmuYmnQA&oe=6967910D&_nc_sid=4a2096'],,https://www.threads.net/@amnasikandri777/post/DRfDi-aDA7P,[],"{'likes': 169, 'reposts': 5, 'quotes': 0}",threads,3773750610370498255,Amna Sikandri,,"A proud moment for Pakistan,
Pakistan Navi has successfully tested an anti_ship ballistic missile launched from a ship.
Alhamdolellah",threads,72481879529,amnasikandri777
[],2026-01-10T10:31:24.770328+07:00,BREAKING: The biggest hospital in southern Israel was directly hit by an Iranian missile,2025-06-19T11:55:25+07:00,,3658178655302571743,threads,threads.com,threads_crawler_v1,https://www.threads.net/@dannykpolitics/post/DLEdhrqOdbf,https://instagram.fhan3-3.fna.fbcdn.net/v/t51.2885-19/447801619_432618052892676_827955217001161532_n.jpg?stp=dst-jpg_s150x150_tt6&efg=eyJ2ZW5jb2RlX3RhZyI6InByb2ZpbGVfcGljLmRqYW5nby41MTIuYzIifQ&_nc_ht=instagram.fhan3-3.fna.fbcdn.net&_nc_cat=1&_nc_oc=Q6cZ2QFUGC_wSpJ7kHXsaYs6FUcAARhLsImz_jMlWDna0oSl4d8CYvyevnFaqZh1xh-7FnA&_nc_ohc=bcFhm8sl6b8Q7kNvwHPqX_2&_nc_gid=ZLaIcBbeDVPnDzto2n7ApQ&edm=AJhczIQBAAAA&ccb=7-5&oh=00_AfpBXTdslZM2ShTdnry6mCoJe2UVfGiDYZQ5lKdWOjA53g&oe=696780AF&_nc_sid=4a2096,912,0,3026,85,0,"['https://instagram.fhan4-6.fna.fbcdn.net/v/t51.2885-15/502565204_1046491937549684_1048967927975485634_n.jpg?stp=dst-jpg_e15_tt6&efg=eyJ2ZW5jb2RlX3RhZyI6InRocmVhZHMuRkVFRC5pbWFnZV91cmxnZW4uNjQweDk0OC5zZHIuZjcxODc4LmRlZmF1bHRfY292ZXJfZnJhbWUuYzIifQ&_nc_ht=instagram.fhan4-6.fna.fbcdn.net&_nc_cat=108&_nc_oc=Q6cZ2QFUGC_wSpJ7kHXsaYs6FUcAARhLsImz_jMlWDna0oSl4d8CYvyevnFaqZh1xh-7FnA&_nc_ohc=cwwfFBSW4TYQ7kNvwESBwp4&_nc_gid=ZLaIcBbeDVPnDzto2n7ApQ&edm=AJhczIQBAAAA&ccb=7-5&ig_cache_key=MzY1ODE3ODY1NTMwMjU3MTc0Mw%3D%3D.3-ccb7-5&oh=00_Afo_tvFmt7aIRzF5eo63xXmadUg50zU-6Cjm6Ms--ZVriA&oe=69679F2D&_nc_sid=4a2096', 'https://instagram.fhan4-5.fna.fbcdn.net/o1/v/t16/f2/m69/AQPhvp_z7CDPdjks-iVC7JLbavwGjcPSPsMtlJlJbwxqtNelOIV8FOzbc1slY2JX1abpN-9Eeq-rg2u5ORGsp4aJ.mp4?strext=1&_nc_cat=102&_nc_oc=AdklVA1WfCOqPIB4s1iMSYe3068y3EfWplcfub0dOHds9s5zuZJlqlnVIoj2au7BnXs&_nc_sid=8bf8fe&_nc_ht=instagram.fhan4-5.fna.fbcdn.net&_nc_ohc=Kfl5SQJG9xkQ7kNvwEZ_1SF&efg=eyJ2ZW5jb2RlX3RhZyI6Inhwdl9wcm9ncmVzc2l2ZS5JTlNUQUdSQU0uRkVFRC5DMy43MTgucHJvZ3Jlc3NpdmVfaDI2NC1iYXNpYy1nZW4yXzcyMHAiLCJ4cHZfYXNzZXRfaWQiOjQxNDQ4Nzk3MzI0NDA3NjUsImFzc2V0X2FnZV9kYXlzIjoyMDQsInZpX3VzZWNhc2VfaWQiOjEwMTY0LCJkdXJhdGlvbl9zIjoxMywidXJsZ2VuX3NvdXJjZSI6Ind3dyJ9&ccb=17-1&_nc_gid=ZLaIcBbeDVPnDzto2n7ApQ&_nc_zt=28&oh=00_AfopXw7dNgZRKSBLqDijlgg4afCs-9jAP9x8GNWLVD_OJQ&oe=69678272']",,https://www.threads.net/@dannykpolitics/post/DLEdhrqOdbf,[],"{'likes': 3026, 'reposts': 78, 'quotes': 7}",threads,3658178655302571743,Danny Krikorian,,BREAKING: The biggest hospital in southern Israel was directly hit by an Iranian missile,threads,69805090433,dannykpolitics
[],2026-01-10T10:31:24.770487+07:00,"BREAKING:
Ukraine has carried out a massive combined missile and air strike on the Bryansk Chemical Plant in Russia’s Bryansk region.

Strategic and precise, not random.
Ukraine defends, it doesn’t terrorize. 💙💛
Slava Ukraini!",2025-10-22T03:26:56+07:00,,3748519908121023821,threads,threads.com,threads_crawler_v1,https://www.threads.net/@mile.sini/post/DQFav71CJVN,https://instagram.fhan3-3.fna.fbcdn.net/v/t51.2885-19/589924305_17934486288143796_2640898602984105177_n.jpg?stp=dst-jpg_s150x150_tt6&efg=eyJ2ZW5jb2RlX3RhZyI6InByb2ZpbGVfcGljLmRqYW5nby43NzkuYzIifQ&_nc_ht=instagram.fhan3-3.fna.fbcdn.net&_nc_cat=1&_nc_oc=Q6cZ2QFUGC_wSpJ7kHXsaYs6FUcAARhLsImz_jMlWDna0oSl4d8CYvyevnFaqZh1xh-7FnA&_nc_ohc=xH-BxD-wcTwQ7kNvwE3w5_D&_nc_gid=ZLaIcBbeDVPnDzto2n7ApQ&edm=AJhczIQBAAAA&ccb=7-5&oh=00_Afo6bhG4VG2E6qzHMu9vv20r9OqLeF7qBCtgml9A0YjlPA&oe=696784FA&_nc_sid=4a2096,83,0,8704,469,0,[],,https://www.threads.net/@mile.sini/post/DQFav71CJVN,[],"{'likes': 8704, 'reposts': 460, 'quotes': 9}",threads,3748519908121023821,Mille💫,,"BREAKING:
Ukraine has carried out a massive combined missile and air strike on the Bryansk Chemical Plant in Russia’s Bryansk region.

Strategic and precise, not random.
Ukraine defends, it doesn’t terrorize. 💙💛
Slava Ukraini!",threads,64133119795,mile.sini
[],2026-01-10T10:31:24.770639+07:00,"Better than Brahmos!!🇮🇳

DRDO successfully tested indigenously made Hypersonic Cruise Missile, under Project Vishnu🚀.",2025-07-15T13:02:48+07:00,,3677056954706037565,threads,threads.com,threads_crawler_v1,https://www.threads.net/@the_indiaway/post/DMHh9GEIgs9,https://instagram.fhan3-4.fna.fbcdn.net/v/t51.2885-19/506390434_17849739888483462_1387455545929594535_n.jpg?stp=dst-jpg_s150x150_tt6&efg=eyJ2ZW5jb2RlX3RhZyI6InByb2ZpbGVfcGljLmRqYW5nby4xMDgwLmMyIn0&_nc_ht=instagram.fhan3-4.fna.fbcdn.net&_nc_cat=106&_nc_oc=Q6cZ2QFUGC_wSpJ7kHXsaYs6FUcAARhLsImz_jMlWDna0oSl4d8CYvyevnFaqZh1xh-7FnA&_nc_ohc=xZ2bkovfukIQ7kNvwHhhY0z&_nc_gid=ZLaIcBbeDVPnDzto2n7ApQ&edm=AJhczIQBAAAA&ccb=7-5&oh=00_AfoLzNcIbei-NR1EORtIrqFjAuB2A6nx9S9HjYn7lIHAlg&oe=696788A5&_nc_sid=4a2096,26,0,580,10,0,['https://instagram.fhan4-5.fna.fbcdn.net/v/t51.2885-15/519949487_17851531824498782_393272636298513901_n.webp?efg=eyJ2ZW5jb2RlX3RhZyI6InRocmVhZHMuRkVFRC5pbWFnZV91cmxnZW4uMTA4MHg1OTkuc2RyLmY4Mjc4Ny5kZWZhdWx0X2ltYWdlLmMyIn0&_nc_ht=instagram.fhan4-5.fna.fbcdn.net&_nc_cat=102&_nc_oc=Q6cZ2QFUGC_wSpJ7kHXsaYs6FUcAARhLsImz_jMlWDna0oSl4d8CYvyevnFaqZh1xh-7FnA&_nc_ohc=bB-O2JJdJzAQ7kNvwGSnkvy&_nc_gid=ZLaIcBbeDVPnDzto2n7ApQ&edm=AJhczIQBAAAA&ccb=7-5&ig_cache_key=MzY3NzA1Njk1NDcwNjAzNzU2NQ%3D%3D.3-ccb7-5&oh=00_AfqSWB9JTpwpKWYSt5S27fF27evbFJ8FpDTwYN1hG4zu3A&oe=69679DE2&_nc_sid=4a2096'],,https://www.threads.net/@the_indiaway/post/DMHh9GEIgs9,[],"{'likes': 580, 'reposts': 8, 'quotes': 2}",threads,3677056954706037565,Geopolitics | Diplomacy,,"Better than Brahmos!!🇮🇳

DRDO successfully tested indigenously made Hypersonic Cruise Missile, under Project Vishnu🚀.",threads,75087322781,the_indiaway
[],2026-01-10T10:31:24.770793+07:00,"BREAKING: 

IRGC warns it could extend missile range after EU pressure on Tehran’s arsenal.",2025-10-03T18:41:37+07:00,,3735209541446352482,threads,threads.com,threads_crawler_v1,https://www.threads.net/@global_rift_/post/DPWIUm3jz5i,https://instagram.fhan3-3.fna.fbcdn.net/v/t51.2885-19/518730529_17860517649441647_5520070714743190380_n.jpg?stp=dst-jpg_s150x150_tt6&efg=eyJ2ZW5jb2RlX3RhZyI6InByb2ZpbGVfcGljLmRqYW5nby4xMDgwLmMyIn0&_nc_ht=instagram.fhan3-3.fna.fbcdn.net&_nc_cat=1&_nc_oc=Q6cZ2QFUGC_wSpJ7kHXsaYs6FUcAARhLsImz_jMlWDna0oSl4d8CYvyevnFaqZh1xh-7FnA&_nc_ohc=TfF0KweHuLYQ7kNvwFt35I-&_nc_gid=ZLaIcBbeDVPnDzto2n7ApQ&edm=AJhczIQBAAAA&ccb=7-5&oh=00_AfpPmc-a8_9q1L6m_MPQ9fla3U2iZSumzPGWAYAazerR7Q&oe=6967A123&_nc_sid=4a2096,4,0,117,11,0,['https://instagram.fhan3-3.fna.fbcdn.net/v/t51.2885-15/559796363_17870572314441647_127394815107864090_n.webp?efg=eyJ2ZW5jb2RlX3RhZyI6InRocmVhZHMuRkVFRC5pbWFnZV91cmxnZW4uOTc2eDU0Ny5zZHIuZjgyNzg3LmRlZmF1bHRfaW1hZ2UuYzIifQ&_nc_ht=instagram.fhan3-3.fna.fbcdn.net&_nc_cat=111&_nc_oc=Q6cZ2QFUGC_wSpJ7kHXsaYs6FUcAARhLsImz_jMlWDna0oSl4d8CYvyevnFaqZh1xh-7FnA&_nc_ohc=NJHJlZk4JdsQ7kNvwH2xp7O&_nc_gid=ZLaIcBbeDVPnDzto2n7ApQ&edm=AJhczIQBAAAA&ccb=7-5&ig_cache_key=MzczNTIwOTU0MTQ0NjM1MjQ4Mg%3D%3D.3-ccb7-5&oh=00_AfqdJomeyIOtXKfWC7Q96BqmBedhlcBuoaELBypEfwAXUg&oe=6967B243&_nc_sid=4a2096'],,https://www.threads.net/@global_rift_/post/DPWIUm3jz5i,[],"{'likes': 117, 'reposts': 10, 'quotes': 1}",threads,3735209541446352482,global Rift,,"BREAKING: 

IRGC warns it could extend missile range after EU pressure on Tehran’s arsenal.",threads,73318473646,global_rift_
[],2026-01-10T10:31:24.770944+07:00,Fatah Range of missile system may reach Bangladesh next month as the country is facing Indian aggression. The Fatah missile system destroyed multiple Indian airbases in recent war including the BEAS Brahmos storage.,2025-12-24T14:37:12+07:00,,3794518131168044426,threads,threads.com,threads_crawler_v1,https://www.threads.net/@qaisarwaqar60/post/DSo1iLWDOWK,https://instagram.fhan4-6.fna.fbcdn.net/v/t51.2885-19/358168327_610100951240133_3946560493749507696_n.jpg?stp=dst-jpg_s150x150_tt6&efg=eyJ2ZW5jb2RlX3RhZyI6InByb2ZpbGVfcGljLmRqYW5nby42MDAuYzIifQ&_nc_ht=instagram.fhan4-6.fna.fbcdn.net&_nc_cat=109&_nc_oc=Q6cZ2QFUGC_wSpJ7kHXsaYs6FUcAARhLsImz_jMlWDna0oSl4d8CYvyevnFaqZh1xh-7FnA&_nc_ohc=rTboVKBBC3cQ7kNvwFEmsgF&_nc_gid=ZLaIcBbeDVPnDzto2n7ApQ&edm=AJhczIQBAAAA&ccb=7-5&oh=00_Afr9ZS7m_o4qTW0XhPoxwq1GGlPlna7uelG6VG-FIu5I1g&oe=69679DE9&_nc_sid=4a2096,226,0,218,9,0,['https://instagram.fhan3-2.fna.fbcdn.net/v/t51.2885-15/605633721_17936440392109939_7379284524337659897_n.webp?efg=eyJ2ZW5jb2RlX3RhZyI6InRocmVhZHMuRkVFRC5pbWFnZV91cmxnZW4uMTI0MngxMTU0LnNkci5mODI3ODcuZGVmYXVsdF9pbWFnZS5jMiJ9&_nc_ht=instagram.fhan3-2.fna.fbcdn.net&_nc_cat=107&_nc_oc=Q6cZ2QFUGC_wSpJ7kHXsaYs6FUcAARhLsImz_jMlWDna0oSl4d8CYvyevnFaqZh1xh-7FnA&_nc_ohc=46wf_desk_sQ7kNvwEWqN_m&_nc_gid=ZLaIcBbeDVPnDzto2n7ApQ&edm=AJhczIQBAAAA&ccb=7-5&ig_cache_key=Mzc5NDUxODEzMTE2ODA0NDQyNg%3D%3D.3-ccb7-5&oh=00_AfpMOUWixZ7BXx7bFQ__DlUIg-hgW6PJ5sUTvbkyCmQVzg&oe=696798CF&_nc_sid=4a2096'],,https://www.threads.net/@qaisarwaqar60/post/DSo1iLWDOWK,[],"{'likes': 218, 'reposts': 6, 'quotes': 3}",threads,3794518131168044426,Qaisar Mirza,,Fatah Range of missile system may reach Bangladesh next month as the country is facing Indian aggression. The Fatah missile system destroyed multiple Indian airbases in recent war including the BEAS Brahmos storage.,threads,63254093938,qaisarwaqar60
[],2026-01-10T10:31:24.771144+07:00,"☝🏼👌🏼Yesterday Ukraine destroyed russian aircraft worth $7billion 

34% of the strategic cruise missile carriers at the russian main airfields,they said,were destroyed!

Look at that burnt garbage🥰
#russia #russiaukrainewar #war #worldwar3 #ainews",2025-06-02T21:02:48+07:00,,3646133173843976226,threads,threads.com,threads_crawler_v1,https://www.threads.net/@d11aineuz/post/DKZqs22vOAi,https://instagram.fhan4-5.fna.fbcdn.net/v/t51.2885-19/503135094_17912260980103383_1101127353838489914_n.jpg?stp=dst-jpg_s150x150_tt6&efg=eyJ2ZW5jb2RlX3RhZyI6InByb2ZpbGVfcGljLmRqYW5nby4xMDgwLmMyIn0&_nc_ht=instagram.fhan4-5.fna.fbcdn.net&_nc_cat=103&_nc_oc=Q6cZ2QFUGC_wSpJ7kHXsaYs6FUcAARhLsImz_jMlWDna0oSl4d8CYvyevnFaqZh1xh-7FnA&_nc_ohc=c1cLJ9ik_e8Q7kNvwE5Id5u&_nc_gid=ZLaIcBbeDVPnDzto2n7ApQ&edm=AJhczIQBAAAA&ccb=7-5&oh=00_AfqV4eE4uIEKmLETmVEuLJ09JZCxEfEu24nPx8FsVHYZtg&oe=6967848C&_nc_sid=4a2096,101,0,578,17,0,"['https://instagram.fhan4-3.fna.fbcdn.net/v/t51.2885-15/503030713_692024506783524_5960179679463293564_n.jpg?stp=dst-jpg_e15_tt6&efg=eyJ2ZW5jb2RlX3RhZyI6InRocmVhZHMuRkVFRC5pbWFnZV91cmxnZW4uNjQweDExMzYuc2RyLmY3MTg3OC5kZWZhdWx0X2NvdmVyX2ZyYW1lLmMyIn0&_nc_ht=instagram.fhan4-3.fna.fbcdn.net&_nc_cat=100&_nc_oc=Q6cZ2QFUGC_wSpJ7kHXsaYs6FUcAARhLsImz_jMlWDna0oSl4d8CYvyevnFaqZh1xh-7FnA&_nc_ohc=wF7_b4X5tTIQ7kNvwFyC8Wd&_nc_gid=ZLaIcBbeDVPnDzto2n7ApQ&edm=AJhczIQBAAAA&ccb=7-5&ig_cache_key=MzY0NjEzMzE3Mzg0Mzk3NjIyNg%3D%3D.3-ccb7-5&oh=00_Afq6Ev-drbb4_DvSKm9wO8ORDKMPwuYTggIJQq51jucKTA&oe=69677EA2&_nc_sid=4a2096', 'https://instagram.fhan3-3.fna.fbcdn.net/o1/v/t2/f2/m86/AQM8RKKMeBlTySu-JmoxN13S1oEpfUqUmRChPWGUpS1KY6LPTCuRNt23NKhsHwq0P5zD9LZmRpfNI2h7FC0k59aiBXI_G75TC0Y-hec.mp4?_nc_cat=111&_nc_oc=AdnwQjoEJ5eJ-6-IyiamC4dMJJEtaN0B2DeKfjBtMudCLuC_8kgJdhSYELpELxEjyVk&_nc_sid=5e9851&_nc_ht=instagram.fhan3-3.fna.fbcdn.net&_nc_ohc=XryECDhJH6UQ7kNvwGC14HW&efg=eyJ2ZW5jb2RlX3RhZyI6Inhwdl9wcm9ncmVzc2l2ZS5JTlNUQUdSQU0uRkVFRC5DMy4zNjAuZGFzaF9iYXNlbGluZV8zX3YxIiwieHB2X2Fzc2V0X2lkIjoxNzEyNjM4NzI5NjIwMTA5LCJhc3NldF9hZ2VfZGF5cyI6MjIxLCJ2aV91c2VjYXNlX2lkIjoxMDA5OSwiZHVyYXRpb25fcyI6MzAsInVybGdlbl9zb3VyY2UiOiJ3d3cifQ%3D%3D&ccb=17-1&_nc_gid=ZLaIcBbeDVPnDzto2n7ApQ&_nc_zt=28&vs=b2bcf7737ca3b392&_nc_vs=HBksFQIYUmlnX3hwdl9yZWVsc19wZXJtYW5lbnRfc3JfcHJvZC9CRTQxOTkwMkQ1RTEyNDRDRDBFNjgwQjE1RjVEQURCRV92aWRlb19kYXNoaW5pdC5tcDQVAALIARIAFQIYOnBhc3N0aHJvdWdoX2V2ZXJzdG9yZS9HUHlmX1IzUWRwZk83bWdFQUhrLVRuaTNmSVYzYnFfRUFBQUYVAgLIARIAKAAYABsCiAd1c2Vfb2lsATEScHJvZ3Jlc3NpdmVfcmVjaXBlATEVAAAmmqrc8djoigYVAigCQzMsF0A-GZmZmZmaGBJkYXNoX2Jhc2VsaW5lXzNfdjERAHXqB2XmnQEA&oh=00_AfoNmqt6qyayGS6QtdY4e3AYETZIPF11D2PDZ2zSXiJXRg&oe=69639BE8']",,https://www.threads.net/@d11aineuz/post/DKZqs22vOAi,[],"{'likes': 578, 'reposts': 12, 'quotes': 5}",threads,3646133173843976226,Gautam Kumar,russia,"☝🏼👌🏼Yesterday Ukraine destroyed russian aircraft worth $7billion 

34% of the strategic cruise missile carriers at the russian main airfields,they said,were destroyed!

Look at that burnt garbage🥰
#russia #russiaukrainewar #war #worldwar3 #ainews",threads,63054063382,d11aineuz
[],2026-01-10T10:31:24.771384+07:00,"🇷🇺🇺🇦 Putin invited Zelensky to Moscow, offering a 100% security guarantee for his visit, but Zelensky rejected it, calling it impractical while Ukraine faces daily missile attacks.",2025-09-07T10:59:58+07:00,,3716133013764833431,threads,threads.com,threads_crawler_v1,https://www.threads.net/@globalvulture/post/DOSW0l_jgCX,https://instagram.fhan4-3.fna.fbcdn.net/v/t51.2885-19/552728402_17860803258492012_1384005651385241066_n.jpg?stp=dst-jpg_s150x150_tt6&efg=eyJ2ZW5jb2RlX3RhZyI6InByb2ZpbGVfcGljLmRqYW5nby4xMDgwLmMyIn0&_nc_ht=instagram.fhan4-3.fna.fbcdn.net&_nc_cat=100&_nc_oc=Q6cZ2QFUGC_wSpJ7kHXsaYs6FUcAARhLsImz_jMlWDna0oSl4d8CYvyevnFaqZh1xh-7FnA&_nc_ohc=sHIXFCF-aSAQ7kNvwEFOoOP&_nc_gid=ZLaIcBbeDVPnDzto2n7ApQ&edm=AJhczIQBAAAA&ccb=7-5&oh=00_Afo7NljH-eQII9HWeq23xoMO-A4mtZFXtLX5Ydz3O_D6Ng&oe=69679FEE&_nc_sid=4a2096,188,0,244,9,0,['https://instagram.fhan4-3.fna.fbcdn.net/v/t51.2885-15/542529510_17858728821492012_4683709963115494793_n.webp?efg=eyJ2ZW5jb2RlX3RhZyI6InRocmVhZHMuRkVFRC5pbWFnZV91cmxnZW4uMTAwMXg1NDQuc2RyLmY4Mjc4Ny5kZWZhdWx0X2ltYWdlLmMyIn0&_nc_ht=instagram.fhan4-3.fna.fbcdn.net&_nc_cat=100&_nc_oc=Q6cZ2QFUGC_wSpJ7kHXsaYs6FUcAARhLsImz_jMlWDna0oSl4d8CYvyevnFaqZh1xh-7FnA&_nc_ohc=eMeDBDUb5QkQ7kNvwGaWw_R&_nc_gid=ZLaIcBbeDVPnDzto2n7ApQ&edm=AJhczIQBAAAA&ccb=7-5&ig_cache_key=MzcxNjEzMzAxMzc2NDgzMzQzMQ%3D%3D.3-ccb7-5&oh=00_AfrZ_ySVGBlQHPHgxQbfZ85OtpZ__ONCD7G6plCvgvnxEg&oe=6967A2BA&_nc_sid=4a2096'],,https://www.threads.net/@globalvulture/post/DOSW0l_jgCX,[],"{'likes': 244, 'reposts': 7, 'quotes': 2}",threads,3716133013764833431,Global Vulture,,"🇷🇺🇺🇦 Putin invited Zelensky to Moscow, offering a 100% security guarantee for his visit, but Zelensky rejected it, calling it impractical while Ukraine faces daily missile attacks.",threads,74833180011,globalvulture
[],2026-01-10T10:31:24.771553+07:00,"🚨 Almost an hour ago, Ye-men 🇾🇪 targeted Is-rael 🇮🇱 by launching miss-ile sat Tel Aviv.",2025-05-16T03:15:34+07:00,,3633274822419589434,threads,threads.com,threads_crawler_v1,https://www.threads.net/@itsbrotherhood/post/DJr_DN5sKk6,https://instagram.fhan4-1.fna.fbcdn.net/v/t51.2885-19/465511086_913619303603837_2981623574185053451_n.jpg?stp=dst-jpg_s150x150_tt6&efg=eyJ2ZW5jb2RlX3RhZyI6InByb2ZpbGVfcGljLmRqYW5nby4xMDgwLmMyIn0&_nc_ht=instagram.fhan4-1.fna.fbcdn.net&_nc_cat=105&_nc_oc=Q6cZ2QFUGC_wSpJ7kHXsaYs6FUcAARhLsImz_jMlWDna0oSl4d8CYvyevnFaqZh1xh-7FnA&_nc_ohc=gJ4UsnJejrYQ7kNvwFLg4e-&_nc_gid=ZLaIcBbeDVPnDzto2n7ApQ&edm=AJhczIQBAAAA&ccb=7-5&oh=00_Afph5cP-DjQ2_9xmru4SrEoyqBpyDjT4sAcfPnFc16-0Hw&oe=6967ADAA&_nc_sid=4a2096,66,0,914,24,0,"['https://instagram.fhan4-3.fna.fbcdn.net/v/t51.2885-15/491434946_1649541452412672_907972596842901118_n.jpg?stp=dst-jpg_e15_tt6&efg=eyJ2ZW5jb2RlX3RhZyI6InRocmVhZHMuRkVFRC5pbWFnZV91cmxnZW4uNjQweDExMzguc2RyLmY3MTg3OC5kZWZhdWx0X2NvdmVyX2ZyYW1lLmMyIn0&_nc_ht=instagram.fhan4-3.fna.fbcdn.net&_nc_cat=100&_nc_oc=Q6cZ2QFUGC_wSpJ7kHXsaYs6FUcAARhLsImz_jMlWDna0oSl4d8CYvyevnFaqZh1xh-7FnA&_nc_ohc=SXvdcmYVbqoQ7kNvwHAeXyx&_nc_gid=ZLaIcBbeDVPnDzto2n7ApQ&edm=AJhczIQBAAAA&ccb=7-5&ig_cache_key=MzYzMzI3NDgyMjQxOTU4OTQzNA%3D%3D.3-ccb7-5&oh=00_AfrmB644Cj59bHT_azjqtDpa1GZ6acm7RRRgwf_nIE2iQg&oe=69678CD3&_nc_sid=4a2096', 'https://instagram.fhan4-1.fna.fbcdn.net/o1/v/t2/f2/m86/AQOsy3o-i1272bND_iElj1gJmGNf9_o_AWPnGLm7rc53zJ1y3uKtZil-ubPqJWPe-nKK4IDU1JAvtEsZr2tHk8c47ofwryG9aQSC3D4.mp4?_nc_cat=105&_nc_oc=AdmRWx9moL5b4LgFPtmfnX8-sG1zeHrIklZb9N-rSHVmR0szKxQHYqEaduem8pSZmtE&_nc_sid=5e9851&_nc_ht=instagram.fhan4-1.fna.fbcdn.net&_nc_ohc=bFKcwkP3YlsQ7kNvwGwGxzm&efg=eyJ2ZW5jb2RlX3RhZyI6Inhwdl9wcm9ncmVzc2l2ZS5JTlNUQUdSQU0uRkVFRC5DMy4zNjAuZGFzaF9iYXNlbGluZV8zX3YxIiwieHB2X2Fzc2V0X2lkIjoxMTgyMzc1Nzk2OTA2OTQwLCJhc3NldF9hZ2VfZGF5cyI6MjM5LCJ2aV91c2VjYXNlX2lkIjoxMDA5OSwiZHVyYXRpb25fcyI6NSwidXJsZ2VuX3NvdXJjZSI6Ind3dyJ9&ccb=17-1&_nc_gid=ZLaIcBbeDVPnDzto2n7ApQ&_nc_zt=28&vs=eccf6ed4f478dc2b&_nc_vs=HBksFQIYUmlnX3hwdl9yZWVsc19wZXJtYW5lbnRfc3JfcHJvZC8zQTREQUFCQTNFOEIyQjU0NkU0OTBEOEU2RDkwRkFBM192aWRlb19kYXNoaW5pdC5tcDQVAALIARIAFQIYRmlnX3hwdl9yZWVsc19wZXJtYW5lbnRfc3JfcHJvZC8xMzIwMzc3MzU5NDI3MjA3XzU4MDczMjkxODk2NzQyOTg2MS5tcDQVAgLIARIAKAAYABsCiAd1c2Vfb2lsATEScHJvZ3Jlc3NpdmVfcmVjaXBlATEVAAAm-O7slarXmQQVAigCQzMsF0AXMi0OVgQZGBJkYXNoX2Jhc2VsaW5lXzNfdjERAHXqB2XmnQEA&oh=00_Afqt6aW80OjJQT-jfD-Wm3x-H7QKIlBg5l3EM5-K6sy_5Q&oe=6963A35E']",,https://www.threads.net/@itsbrotherhood/post/DJr_DN5sKk6,[],"{'likes': 914, 'reposts': 23, 'quotes': 1}",threads,3633274822419589434,BROTHERHOOD,,"🚨 Almost an hour ago, Ye-men 🇾🇪 targeted Is-rael 🇮🇱 by launching miss-ile sat Tel Aviv.",threads,63422607115,itsbrotherhood
[],2026-01-10T10:31:24.771711+07:00,Tikalon military training niyo gani diri sa Brgy Jaena Sur sagiyot lupok. Bisan anhun mopa BRAWNER mayad training ka sundalo mo pero high tech war equipment sang AFP wala  te ga ererepot sundalo mo eh. You have 100k active soldiers kag 300k reservest kon e missile ka kalaban sundalo mo kag gamiton ka atong latest missile ka Iran nga S4000 missile maayo kon makakak pa mga sundalo mo. Hahaha,2026-01-08T04:58:24+07:00,,3805098444621580665,threads,threads.com,threads_crawler_v1,https://www.threads.net/@joeygardose/post/DTObOAHD4l5,https://instagram.fhan3-4.fna.fbcdn.net/v/t51.2885-19/470692622_490302736850010_4046814756157608728_n.jpg?stp=dst-jpg_s150x150_tt6&efg=eyJ2ZW5jb2RlX3RhZyI6InByb2ZpbGVfcGljLmRqYW5nby4xMDgwLmMyIn0&_nc_ht=instagram.fhan3-4.fna.fbcdn.net&_nc_cat=106&_nc_oc=Q6cZ2QFUGC_wSpJ7kHXsaYs6FUcAARhLsImz_jMlWDna0oSl4d8CYvyevnFaqZh1xh-7FnA&_nc_ohc=6oIw_9Cj_jkQ7kNvwHsOG46&_nc_gid=ZLaIcBbeDVPnDzto2n7ApQ&edm=AJhczIQBAAAA&ccb=7-5&oh=00_Afqvxc9QbbYAPbF_djWMBhhGvBYq1H6GVbSrqpqgTyYtjA&oe=6967B38E&_nc_sid=4a2096,2,0,3,0,0,['https://instagram.fhan4-6.fna.fbcdn.net/v/t39.30808-6/612483352_26666192916314660_2830829401208785707_n.jpg?stp=dst-jpg_e35_tt6&efg=eyJ2ZW5jb2RlX3RhZyI6InRocmVhZHMuRkVFRC5pbWFnZV91cmxnZW4uMTYzOHgyMDQ4LnNkci5mMzA4MDguZGVmYXVsdF9pbWFnZS5jMiJ9&_nc_ht=instagram.fhan4-6.fna.fbcdn.net&_nc_cat=108&_nc_oc=Q6cZ2QFUGC_wSpJ7kHXsaYs6FUcAARhLsImz_jMlWDna0oSl4d8CYvyevnFaqZh1xh-7FnA&_nc_ohc=wawot1vb1hEQ7kNvwENOzle&_nc_gid=ZLaIcBbeDVPnDzto2n7ApQ&edm=AJhczIQAAAAA&ccb=7-5&ig_cache_key=MzgwNTA5ODQ0NDYyMTU4MDY2NQ%3D%3D.3-ccb7-5&oh=00_Afofr_-JcrBmTVAnowY_BPm1WDtZlRS3ulOkrd1VlbBFwQ&oe=6967AB38&_nc_sid=4a2096'],,https://www.threads.net/@joeygardose/post/DTObOAHD4l5,[],"{'likes': 3, 'reposts': 0, 'quotes': 0}",threads,3805098444621580665,Joey Gardose,,Tikalon military training niyo gani diri sa Brgy Jaena Sur sagiyot lupok. Bisan anhun mopa BRAWNER mayad training ka sundalo mo pero high tech war equipment sang AFP wala  te ga ererepot sundalo mo eh. You have 100k active soldiers kag 300k reservest kon e missile ka kalaban sundalo mo kag gamiton ka atong latest missile ka Iran nga S4000 missile maayo kon makakak pa mga sundalo mo. Hahaha,threads,71348183865,joeygardose
[],2026-01-10T10:31:24.771872+07:00,"Amir Bar-Lev to Itamar Ben Gvir:“Why did you  provoke Iran?”

Itamar Ben Gvir: “We didn’t  realize the power of Iran’s missile capabilities.”",2025-06-18T04:24:13+07:00,,3657226890651371872,threads,threads.com,threads_crawler_v1,https://www.threads.net/@nya360_/post/DLBFHrwSAlg,https://instagram.fhan4-3.fna.fbcdn.net/v/t51.2885-19/380446410_834468874831968_3832227165017043383_n.jpg?stp=dst-jpg_s150x150_tt6&efg=eyJ2ZW5jb2RlX3RhZyI6InByb2ZpbGVfcGljLmRqYW5nby4zMjAuYzIifQ&_nc_ht=instagram.fhan4-3.fna.fbcdn.net&_nc_cat=100&_nc_oc=Q6cZ2QFUGC_wSpJ7kHXsaYs6FUcAARhLsImz_jMlWDna0oSl4d8CYvyevnFaqZh1xh-7FnA&_nc_ohc=vJ94yTYYEXgQ7kNvwHJEmMQ&_nc_gid=ZLaIcBbeDVPnDzto2n7ApQ&edm=AJhczIQBAAAA&ccb=7-5&oh=00_AfrLRfhBF6OrJuPaC5hPsUa_iqt6FYaDcGbg62ORj1O9Mg&oe=6967ABF7&_nc_sid=4a2096,125,0,724,140,0,"['https://instagram.fhan3-4.fna.fbcdn.net/v/t51.2885-15/504601764_2034260804046102_2630760881574684025_n.jpg?stp=dst-jpg_e15_tt6&efg=eyJ2ZW5jb2RlX3RhZyI6InRocmVhZHMuRkVFRC5pbWFnZV91cmxnZW4uNjQweDM2MC5zZHIuZjcxODc4LmRlZmF1bHRfY292ZXJfZnJhbWUuYzIifQ&_nc_ht=instagram.fhan3-4.fna.fbcdn.net&_nc_cat=106&_nc_oc=Q6cZ2QFUGC_wSpJ7kHXsaYs6FUcAARhLsImz_jMlWDna0oSl4d8CYvyevnFaqZh1xh-7FnA&_nc_ohc=cnuGg1EZ26UQ7kNvwF-e9rX&_nc_gid=ZLaIcBbeDVPnDzto2n7ApQ&edm=AJhczIQBAAAA&ccb=7-5&ig_cache_key=MzY1NzIyNjg5MDY1MTM3MTg3Mg%3D%3D.3-ccb7-5&oh=00_AfpMUl7I0YNpwq7gKKVTNLQLI8slbC3BSwD3-KL37g58Zw&oe=69678BE0&_nc_sid=4a2096', 'https://instagram.fhan4-5.fna.fbcdn.net/o1/v/t16/f2/m84/AQPpYDJ3SbGMzWE0ITqMT9cf6JGYafFf4PEUYYI-KS5kXSJj8c9BcN9IbysWNXb6qdYoWq_h6RX0td-LyYS_fRUh7emh92VEgnolRPE.mp4?_nc_cat=103&_nc_oc=AdkrKq-viQuR1p1UXDIKjSGWIexplYO5PnuGFnSpbojt9el6bus_BF7g-EZqNddrh9c&_nc_sid=5e9851&_nc_ht=instagram.fhan4-5.fna.fbcdn.net&_nc_ohc=JBS9MlCmo0AQ7kNvwEHJ8MH&efg=eyJ2ZW5jb2RlX3RhZyI6Inhwdl9wcm9ncmVzc2l2ZS5JTlNUQUdSQU0uRkVFRC5DMy40ODAuZGFzaF9iYXNlbGluZV8zX3YxIiwieHB2X2Fzc2V0X2lkIjo2OTM0Mzg1ODM2NzAxNjQsImFzc2V0X2FnZV9kYXlzIjoyMDYsInZpX3VzZWNhc2VfaWQiOjEwMTY0LCJkdXJhdGlvbl9zIjoyNywidXJsZ2VuX3NvdXJjZSI6Ind3dyJ9&ccb=17-1&_nc_gid=ZLaIcBbeDVPnDzto2n7ApQ&_nc_zt=28&vs=b8ff29e51ed29afd&_nc_vs=HBksFQIYTGlnX2JhY2tmaWxsX3RpbWVsaW5lX3ZvZC9EMTQwQkM1QUYxQTZCRDNDOTYwREMyNEY2MENCQUNBM192aWRlb19kYXNoaW5pdC5tcDQVAALIARIAFQIYOnBhc3N0aHJvdWdoX2V2ZXJzdG9yZS9HSHdUVkI1dEwxM0lWNWNDQUdodGNXSXFCYThZYmtZTEFBQUYVAgLIARIAKAAYABsCiAd1c2Vfb2lsATEScHJvZ3Jlc3NpdmVfcmVjaXBlATEVAAAmqJagh7iruwIVAigCQzMsF0A7RR64UeuFGBJkYXNoX2Jhc2VsaW5lXzNfdjERAHXqB2XongEA&oh=00_Afqcey8bkyaKUnrDKF92CKQ_U6QbX-we6ZRlusLxG8d93Q&oe=6963BF55']",,https://www.threads.net/@nya360_/post/DLBFHrwSAlg,[],"{'likes': 724, 'reposts': 114, 'quotes': 26}",threads,3657226890651371872,Nya 360,BREAKING,"Amir Bar-Lev to Itamar Ben Gvir:“Why did you  provoke Iran?”

Itamar Ben Gvir: “We didn’t  realize the power of Iran’s missile capabilities.”",threads,63449865722,nya360_
[],2026-01-10T10:31:24.772032+07:00,Russia: President Vladimir Putin ordered the Strategic Missile Command to prepare the Oreshnik RS-26 missiles.,2025-06-02T04:48:20+07:00,,3645642693713514678,threads,threads.com,threads_crawler_v1,https://www.threads.net/@east_channel_news/post/DKX7LboytC2,https://instagram.fhan4-3.fna.fbcdn.net/v/t51.2885-19/610537165_17883480426429142_5385274945016590193_n.jpg?stp=dst-jpg_s150x150_tt6&efg=eyJ2ZW5jb2RlX3RhZyI6InByb2ZpbGVfcGljLmRqYW5nby4xMDgwLmMyIn0&_nc_ht=instagram.fhan4-3.fna.fbcdn.net&_nc_cat=110&_nc_oc=Q6cZ2QFUGC_wSpJ7kHXsaYs6FUcAARhLsImz_jMlWDna0oSl4d8CYvyevnFaqZh1xh-7FnA&_nc_ohc=tM3DKMpB1YIQ7kNvwH1puP2&_nc_gid=ZLaIcBbeDVPnDzto2n7ApQ&edm=AJhczIQBAAAA&ccb=7-5&oh=00_AfroGVncmUQVaI6RCVIDoIps8tGFbZXscGB6bRxKc94zrg&oe=69678709&_nc_sid=4a2096,310,0,1570,66,0,"['https://instagram.fhan4-6.fna.fbcdn.net/v/t15.5256-10/502998921_597463780035309_4043838388549631955_n.jpg?stp=dst-jpg_e15_tt6&efg=eyJ2ZW5jb2RlX3RhZyI6InRocmVhZHMuRkVFRC5pbWFnZV91cmxnZW4uNjQweDM2MC5zZHIuZjUyNTYuZmlyc3RfZnJhbWVfdGh1bWJuYWlsLmMyIn0&_nc_ht=instagram.fhan4-6.fna.fbcdn.net&_nc_cat=109&_nc_oc=Q6cZ2QFUGC_wSpJ7kHXsaYs6FUcAARhLsImz_jMlWDna0oSl4d8CYvyevnFaqZh1xh-7FnA&_nc_ohc=L68J32OFBA4Q7kNvwGFWqxI&_nc_gid=ZLaIcBbeDVPnDzto2n7ApQ&edm=AJhczIQAAAAA&ccb=7-5&ig_cache_key=MzY0NTY0MjY5MzcxMzUxNDY3OA%3D%3D.3-ccb7-5&oh=00_Afq4OEwGTAJg_rn7u5JA-WgTaQVGO74xvQ34a0imspM6ZQ&oe=6967840D&_nc_sid=4a2096', 'https://instagram.fhan3-3.fna.fbcdn.net/o1/v/t2/f2/m412/AQM0RI9JULpG1hci6LKNMbc31VusbxIBMxKodbfPEUe6ueugJ2eIR-0iRG-2UMvWXAGv9AHUpvCHEyRVEA6Ja-0.mp4?_nc_cat=101&_nc_oc=AdmF0LDKkUVcrNX8wBmypxo6Yc_fnF9p9W4BTaj-wZCZrzI_IWYos3_PJXDsq9j_hh8&_nc_sid=8bf8fe&_nc_ht=instagram.fhan3-3.fna.fbcdn.net&_nc_ohc=6Ie63-alxPMQ7kNvwG9Y3hp&efg=eyJ2ZW5jb2RlX3RhZyI6Inhwdl9wcm9ncmVzc2l2ZS5JTlNUQUdSQU0uRkVFRC5DMy42NDAuc3ZlX3NkIiwieHB2X2Fzc2V0X2lkIjo1NjY0NzI0NTYyMTM0NTksImFzc2V0X2FnZV9kYXlzIjoyMjIsInZpX3VzZWNhc2VfaWQiOjEwMTIzLCJkdXJhdGlvbl9zIjo0NSwidXJsZ2VuX3NvdXJjZSI6Ind3dyJ9&ccb=17-1&_nc_gid=ZLaIcBbeDVPnDzto2n7ApQ&_nc_zt=28&oh=00_AfoW4ISu4iL_5rIW6VapC7-Pe_jvlvF26wsA1OQwXBbz3A&oe=69678CD1']",,https://www.threads.net/@east_channel_news/post/DKX7LboytC2,[],"{'likes': 1570, 'reposts': 57, 'quotes': 9}",threads,3645642693713514678,East Channel,,Russia: President Vladimir Putin ordered the Strategic Missile Command to prepare the Oreshnik RS-26 missiles.,threads,72835797141,east_channel_news
[],2026-01-10T10:31:24.772206+07:00,"🚨Iran to the world: Now you know what we can do. 💥🇮🇷

Iran’s recent missile launch exhibited flight characteristics consistent with a system capable of breaching the Earth's outer atmosphere  a profile typically associated with intercontinental ballistic missiles (ICBMs). This development suggests a potential leap in Tehran’s strategic missile capabilities, warranting close analysis by regional and global security think tanks.",2025-06-19T00:48:11+07:00,,3657843038333985737,threads,threads.com,threads_crawler_v1,https://www.threads.net/@strikebrief/post/DLDRN0ACGPJ,https://instagram.fhan4-6.fna.fbcdn.net/v/t51.2885-19/504543604_17915214318106077_7232172185151905619_n.jpg?stp=dst-jpg_s150x150_tt6&efg=eyJ2ZW5jb2RlX3RhZyI6InByb2ZpbGVfcGljLmRqYW5nby4xMDgwLmMyIn0&_nc_ht=instagram.fhan4-6.fna.fbcdn.net&_nc_cat=109&_nc_oc=Q6cZ2QFUGC_wSpJ7kHXsaYs6FUcAARhLsImz_jMlWDna0oSl4d8CYvyevnFaqZh1xh-7FnA&_nc_ohc=tkkR16KSAjMQ7kNvwHkBaMi&_nc_gid=ZLaIcBbeDVPnDzto2n7ApQ&edm=AJhczIQBAAAA&ccb=7-5&oh=00_AfoV2WRjCP8JAIxIZiofxHod9swwkOdXMxWtxriRRzo8iA&oe=696787D4&_nc_sid=4a2096,2099,0,1827,58,0,['https://instagram.fhan4-6.fna.fbcdn.net/v/t51.2885-15/505497515_17915268219106077_7237989013808305372_n.webp?efg=eyJ2ZW5jb2RlX3RhZyI6InRocmVhZHMuQ0FST1VTRUxfSVRFTS5pbWFnZV91cmxnZW4uOTYweDEyODAuc2RyLmY3NTc2MS5kZWZhdWx0X2ltYWdlLmMyIn0&_nc_ht=instagram.fhan4-6.fna.fbcdn.net&_nc_cat=109&_nc_oc=Q6cZ2QFUGC_wSpJ7kHXsaYs6FUcAARhLsImz_jMlWDna0oSl4d8CYvyevnFaqZh1xh-7FnA&_nc_ohc=s1qx3jezupAQ7kNvwGzWDts&_nc_gid=ZLaIcBbeDVPnDzto2n7ApQ&edm=AJhczIQBAAAA&ccb=7-5&ig_cache_key=MzY1Nzg0MzAzMDM3MzM1NTk2MA%3D%3D.3-ccb7-5&oh=00_Afry6Ao0iNehyLjFJZDpaKFCaUxWc-H-RsKQMcg95LpXcw&oe=69678A73&_nc_sid=4a2096'],,https://www.threads.net/@strikebrief/post/DLDRN0ACGPJ,[],"{'likes': 1827, 'reposts': 55, 'quotes': 3}",threads,3657843038333985737,Strike Brief,,"🚨Iran to the world: Now you know what we can do. 💥🇮🇷

Iran’s recent missile launch exhibited flight characteristics consistent with a system capable of breaching the Earth's outer atmosphere  a profile typically associated with intercontinental ballistic missiles (ICBMs). This development suggests a potential leap in Tehran’s strategic missile capabilities, warranting close analysis by regional and global security think tanks.",threads,63286674076,strikebrief
[],2026-01-10T10:31:24.772456+07:00,🇵🇰🇮🇳 BREAKING: Reuters confirms Pakistan’s J-10C shot down at least one Indian Rafale from nearly 200 km using a Chinese PL-15 missile marking one of the longest air-to-air kills in history.,2025-08-03T04:59:57+07:00,,3690584662537047493,threads,threads.com,threads_crawler_v1,https://www.threads.net/@globalvulture/post/DM3lzJwBo3F,https://instagram.fhan4-3.fna.fbcdn.net/v/t51.2885-19/552728402_17860803258492012_1384005651385241066_n.jpg?stp=dst-jpg_s150x150_tt6&efg=eyJ2ZW5jb2RlX3RhZyI6InByb2ZpbGVfcGljLmRqYW5nby4xMDgwLmMyIn0&_nc_ht=instagram.fhan4-3.fna.fbcdn.net&_nc_cat=100&_nc_oc=Q6cZ2QFUGC_wSpJ7kHXsaYs6FUcAARhLsImz_jMlWDna0oSl4d8CYvyevnFaqZh1xh-7FnA&_nc_ohc=sHIXFCF-aSAQ7kNvwEFOoOP&_nc_gid=ZLaIcBbeDVPnDzto2n7ApQ&edm=AJhczIQBAAAA&ccb=7-5&oh=00_Afo7NljH-eQII9HWeq23xoMO-A4mtZFXtLX5Ydz3O_D6Ng&oe=69679FEE&_nc_sid=4a2096,316,0,722,28,0,['https://instagram.fhan4-3.fna.fbcdn.net/v/t51.2885-15/527103558_17854601121492012_9155838752681206875_n.webp?efg=eyJ2ZW5jb2RlX3RhZyI6InRocmVhZHMuRkVFRC5pbWFnZV91cmxnZW4uMTI4MHg3MjAuc2RyLmY4Mjc4Ny5kZWZhdWx0X2ltYWdlLmMyIn0&_nc_ht=instagram.fhan4-3.fna.fbcdn.net&_nc_cat=100&_nc_oc=Q6cZ2QFUGC_wSpJ7kHXsaYs6FUcAARhLsImz_jMlWDna0oSl4d8CYvyevnFaqZh1xh-7FnA&_nc_ohc=xi_mF4Js8BUQ7kNvwHwJIpT&_nc_gid=ZLaIcBbeDVPnDzto2n7ApQ&edm=AJhczIQBAAAA&ccb=7-5&ig_cache_key=MzY5MDU4NDY2MjUzNzA0NzQ5Mw%3D%3D.3-ccb7-5&oh=00_Afp8n_562T-YXc1qWVmT5-Vh-a2KHVCqpSdmAHOf50372Q&oe=6967832D&_nc_sid=4a2096'],,https://www.threads.net/@globalvulture/post/DM3lzJwBo3F,[],"{'likes': 722, 'reposts': 25, 'quotes': 3}",threads,3690584662537047493,Global Vulture,India,🇵🇰🇮🇳 BREAKING: Reuters confirms Pakistan’s J-10C shot down at least one Indian Rafale from nearly 200 km using a Chinese PL-15 missile marking one of the longest air-to-air kills in history.,threads,74833180011,globalvulture
[],2026-01-10T10:31:58.275822+07:00,"""Be advised hostile predator missile inbound""",2025-01-03T15:52:32+07:00,,3537260649338600833,threads,threads.com,threads_crawler_v1,https://www.threads.net/@tersarahpadamu/post/DEW39HBy32B,https://instagram.fhan3-3.fna.fbcdn.net/v/t51.2885-19/572975508_17900171646316310_6681796195044975372_n.jpg?stp=dst-jpg_s150x150_tt6&efg=eyJ2ZW5jb2RlX3RhZyI6InByb2ZpbGVfcGljLmRqYW5nby4xMDgwLmMyIn0&_nc_ht=instagram.fhan3-3.fna.fbcdn.net&_nc_cat=1&_nc_oc=Q6cZ2QEAHM853Zgx47PoLHY2at5SDurXwAOd1_qUAHmzauFWqP8BmDAN5TkQ9p8WvGO3YTQ&_nc_ohc=58xqj4H5dJAQ7kNvwFYfsUH&_nc_gid=8JdRv9p0afRC4XGQKq-atg&edm=AJhczIQBAAAA&ccb=7-5&oh=00_AfppWa6W0t9rNAYijTVOc-7oD55u3Ks3U2qFJfyGi8KMkg&oe=6967B29A&_nc_sid=4a2096,49,0,3417,185,0,"['https://instagram.fhan3-3.fna.fbcdn.net/v/t51.2885-15/503278931_1380825689805877_6499423497044226781_n.jpg?stp=dst-jpg_e15_tt6&efg=eyJ2ZW5jb2RlX3RhZyI6InRocmVhZHMuRkVFRC5pbWFnZV91cmxnZW4uNjQweDExMzYuc2RyLmY3MTg3OC5kZWZhdWx0X2NvdmVyX2ZyYW1lLmMyIn0&_nc_ht=instagram.fhan3-3.fna.fbcdn.net&_nc_cat=101&_nc_oc=Q6cZ2QEAHM853Zgx47PoLHY2at5SDurXwAOd1_qUAHmzauFWqP8BmDAN5TkQ9p8WvGO3YTQ&_nc_ohc=TRnyAZgGNoEQ7kNvwFn5RDg&_nc_gid=8JdRv9p0afRC4XGQKq-atg&edm=AJhczIQBAAAA&ccb=7-5&ig_cache_key=MzUzNzI2MDY0OTMzODYwMDgzMw%3D%3D.3-ccb7-5&oh=00_AfpVHC8g7DkdWateFqVtWWn2ek-GvcEodWSmr8McydF4_A&oe=6967866F&_nc_sid=4a2096', 'https://instagram.fhan3-4.fna.fbcdn.net/o1/v/t2/f2/m367/AQMp17Nlad45-MQV99Q_Il-039VX5dR4xRx3AilPe3oMl8Fx3-PDPRODnN6aJ_9uppe1R4vXXsyVfw2xsQvEG-WY_TzMuSVhvrPxjSY.mp4?_nc_cat=104&_nc_oc=AdlnUcGLryGWmClGSDtD0ziS4TxeRrxiJuf5WlnkRn7vCYCoo1T2pqvSJ5iNphv6jiE&_nc_sid=5e9851&_nc_ht=instagram.fhan3-4.fna.fbcdn.net&_nc_ohc=tdkqFwJlTF8Q7kNvwGw3BWH&efg=eyJ2ZW5jb2RlX3RhZyI6Inhwdl9wcm9ncmVzc2l2ZS5JTlNUQUdSQU0uRkVFRC5DMy43MjAuZGFzaF9iYXNlbGluZV8xX3YxIiwieHB2X2Fzc2V0X2lkIjoxMjczMTYzNDc3MjM4NzY2LCJhc3NldF9hZ2VfZGF5cyI6MzcxLCJ2aV91c2VjYXNlX2lkIjoxMDA5OSwiZHVyYXRpb25fcyI6MTYsInVybGdlbl9zb3VyY2UiOiJ3d3cifQ%3D%3D&ccb=17-1&_nc_gid=8JdRv9p0afRC4XGQKq-atg&_nc_zt=28&vs=e7d9d1d9fd398e1d&_nc_vs=HBksFQIYQGlnX2VwaGVtZXJhbC9FNTRERUEzNkNCRUUzNDc0NzQ0NUQ1ODFENEVDOTdCNl92aWRlb19kYXNoaW5pdC5tcDQVAALIARIAFQIYRWlnX3hwdl9yZWVsc19wZXJtYW5lbnRfc3JfcHJvZC85Mzk5MTAzOTQ5MTkxMzdfMjk5MDc3NDQ3OTU1MjY3MzE2Lm1wNBUCAsgBEgAoABgAGwKIB3VzZV9vaWwBMRJwcm9ncmVzc2l2ZV9yZWNpcGUBMRUAACbcj-qM7_vCBBUCKAJDMywXQDCZmZmZmZoYEmRhc2hfYmFzZWxpbmVfMV92MREAdeoHZeadAQA&oh=00_Afo0PmvFow5LTNLwfxM0GUrf0DSjGfffNpP7iE0GRglzfw&oe=6967A435']",,https://www.threads.net/@tersarahpadamu/post/DEW39HBy32B,[],"{'likes': 3417, 'reposts': 180, 'quotes': 5}",threads,3537260649338600833,Tersarah Padamu,,"""Be advised hostile predator missile inbound""",threads,69367772309,tersarahpadamu
[],2026-01-10T10:31:58.276222+07:00,"🚨 Saudi Arabia's air defences intercepted a Yemeni missile heading towards Israel, whilst it was flying passed Madīnah, the missile could be spotted from Masjid an-Nabawī.",2025-09-12T19:17:50+07:00,,3720007481977635530,threads,threads.com,threads_crawler_v1,https://www.threads.net/@islamify/post/DOgHxhtEoLK,https://instagram.fhan3-3.fna.fbcdn.net/v/t51.2885-19/357800196_984445505931155_6821656523530259437_n.jpg?stp=dst-jpg_s150x150_tt6&efg=eyJ2ZW5jb2RlX3RhZyI6InByb2ZpbGVfcGljLmRqYW5nby44MjQuYzIifQ&_nc_ht=instagram.fhan3-3.fna.fbcdn.net&_nc_cat=111&_nc_oc=Q6cZ2QEAHM853Zgx47PoLHY2at5SDurXwAOd1_qUAHmzauFWqP8BmDAN5TkQ9p8WvGO3YTQ&_nc_ohc=-6dulb50VdMQ7kNvwGB29Ts&_nc_gid=8JdRv9p0afRC4XGQKq-atg&edm=AJhczIQBAAAA&ccb=7-5&oh=00_Afo7bnOW_lElGmwTCUvDFkF13qddG_vnWx48tTbOCsIHng&oe=6967A3CE&_nc_sid=4a2096,324,0,2620,374,0,['https://instagram.fhan3-4.fna.fbcdn.net/v/t51.2885-15/546394630_18523156225034332_6930395934554826827_n.jpg?stp=dst-jpg_e35_tt6&efg=eyJ2ZW5jb2RlX3RhZyI6InRocmVhZHMuQ0FST1VTRUxfSVRFTS5pbWFnZV91cmxnZW4uMTA4MHgxMzUwLnNkci5mODI3ODcuZGVmYXVsdF9pbWFnZS5jMiJ9&_nc_ht=instagram.fhan3-4.fna.fbcdn.net&_nc_cat=104&_nc_oc=Q6cZ2QEAHM853Zgx47PoLHY2at5SDurXwAOd1_qUAHmzauFWqP8BmDAN5TkQ9p8WvGO3YTQ&_nc_ohc=hNzOk_jBbh0Q7kNvwHmqngm&_nc_gid=8JdRv9p0afRC4XGQKq-atg&edm=AJhczIQBAAAA&ccb=7-5&ig_cache_key=MzcyMDAwNzQ1NjE0OTA5NDcwNQ%3D%3D.3-ccb7-5&oh=00_AfpeCE8st5JjNL_AP0TU6I1unraoj8d25ZprqGRhlCbIXQ&oe=696786D4&_nc_sid=4a2096'],,https://www.threads.net/@islamify/post/DOgHxhtEoLK,[],"{'likes': 2620, 'reposts': 345, 'quotes': 29}",threads,3720007481977635530,Islamic Quotes and Muslim News,,"🚨 Saudi Arabia's air defences intercepted a Yemeni missile heading towards Israel, whilst it was flying passed Madīnah, the missile could be spotted from Masjid an-Nabawī.",threads,63287163166,islamify
[],2026-01-10T10:31:58.276564+07:00,Happening now. Early Saturday morning 18 October 2025. Ukrainian forces are conducting a large scale missile and drone attack on Moscow. Give them hell. Nice work to everyone involved. 🇺🇸 🇬🇧 🇺🇦,2025-10-18T15:21:30+07:00,,3745980451044247064,threads,threads.com,threads_crawler_v1,https://www.threads.net/@starlink.121/post/DP8ZV-IDMYY,https://instagram.fhan4-5.fna.fbcdn.net/v/t51.2885-19/491464208_17951235143951222_3229061638626242658_n.jpg?stp=dst-jpg_s150x150_tt6&efg=eyJ2ZW5jb2RlX3RhZyI6InByb2ZpbGVfcGljLmRqYW5nby4xMDgwLmMyIn0&_nc_ht=instagram.fhan4-5.fna.fbcdn.net&_nc_cat=102&_nc_oc=Q6cZ2QEAHM853Zgx47PoLHY2at5SDurXwAOd1_qUAHmzauFWqP8BmDAN5TkQ9p8WvGO3YTQ&_nc_ohc=xL5FgtUHJYgQ7kNvwGK3c3h&_nc_gid=8JdRv9p0afRC4XGQKq-atg&edm=AJhczIQBAAAA&ccb=7-5&oh=00_AfrJqtpv-OYYohiuXJtQRopPuL_Qa6UHPMfaGszO2x0Qcg&oe=6967B2D5&_nc_sid=4a2096,172,0,2911,183,0,['https://instagram.fhan4-5.fna.fbcdn.net/v/t51.2885-15/565398609_17971023200951222_2083551696494133505_n.webp?efg=eyJ2ZW5jb2RlX3RhZyI6InRocmVhZHMuRkVFRC5pbWFnZV91cmxnZW4uOTYyeDEwODAuc2RyLmY4Mjc4Ny5kZWZhdWx0X2ltYWdlLmMyIn0&_nc_ht=instagram.fhan4-5.fna.fbcdn.net&_nc_cat=102&_nc_oc=Q6cZ2QEAHM853Zgx47PoLHY2at5SDurXwAOd1_qUAHmzauFWqP8BmDAN5TkQ9p8WvGO3YTQ&_nc_ohc=2DdWTfZgg3kQ7kNvwFcOPUR&_nc_gid=8JdRv9p0afRC4XGQKq-atg&edm=AJhczIQBAAAA&ccb=7-5&ig_cache_key=Mzc0NTk4MDQ1MTA0NDI0NzA2NA%3D%3D.3-ccb7-5&oh=00_Afr-kqKrcXHchamS1M50i19o-Q9U5KKuM91Y5kNsKludcQ&oe=6967998B&_nc_sid=4a2096'],,https://www.threads.net/@starlink.121/post/DP8ZV-IDMYY,[],"{'likes': 2911, 'reposts': 175, 'quotes': 8}",threads,3745980451044247064,528103,,Happening now. Early Saturday morning 18 October 2025. Ukrainian forces are conducting a large scale missile and drone attack on Moscow. Give them hell. Nice work to everyone involved. 🇺🇸 🇬🇧 🇺🇦,threads,74021294473,starlink.121
[],2026-01-10T10:31:58.276846+07:00,Iran is losing its missile capabilities and it’s running out of options.  #iran #defense  #war  #missile  #news,2025-06-17T21:42:29+07:00,,3657024776016631380,threads,threads.com,threads_crawler_v1,https://www.threads.net/@geohussar/post/DLAXKh1RhZU,https://instagram.fhan3-4.fna.fbcdn.net/v/t51.2885-19/358788663_278235818194120_8401815979589808011_n.jpg?stp=dst-jpg_s150x150_tt6&efg=eyJ2ZW5jb2RlX3RhZyI6InByb2ZpbGVfcGljLmRqYW5nby4xMDgwLmMyIn0&_nc_ht=instagram.fhan3-4.fna.fbcdn.net&_nc_cat=104&_nc_oc=Q6cZ2QEAHM853Zgx47PoLHY2at5SDurXwAOd1_qUAHmzauFWqP8BmDAN5TkQ9p8WvGO3YTQ&_nc_ohc=P4VylH8RtREQ7kNvwEOc1X5&_nc_gid=8JdRv9p0afRC4XGQKq-atg&edm=AJhczIQBAAAA&ccb=7-5&oh=00_AfpCmGCnfLaiWdH3pTlcE63CLtl5oFNIfzUDrrrd2C3hWw&oe=69678EC6&_nc_sid=4a2096,15,0,454,24,0,"['https://instagram.fhan4-5.fna.fbcdn.net/v/t51.2885-15/508603722_696526709953095_4644188541178234388_n.jpg?stp=dst-jpg_e15_tt6&efg=eyJ2ZW5jb2RlX3RhZyI6InRocmVhZHMuRkVFRC5pbWFnZV91cmxnZW4uNjQweDExMzYuc2RyLmY3MTg3OC5kZWZhdWx0X2NvdmVyX2ZyYW1lLmMyIn0&_nc_ht=instagram.fhan4-5.fna.fbcdn.net&_nc_cat=103&_nc_oc=Q6cZ2QEAHM853Zgx47PoLHY2at5SDurXwAOd1_qUAHmzauFWqP8BmDAN5TkQ9p8WvGO3YTQ&_nc_ohc=qm18UQu4mWIQ7kNvwHHQh-e&_nc_gid=8JdRv9p0afRC4XGQKq-atg&edm=AJhczIQBAAAA&ccb=7-5&ig_cache_key=MzY1NzAyNDc3NjAxNjYzMTM4MA%3D%3D.3-ccb7-5&oh=00_Afr54htOxF1wymxKdTH8XceyDuoZ0YtUUJtXenI1LgRYrg&oe=6967B5EF&_nc_sid=4a2096', 'https://instagram.fhan4-6.fna.fbcdn.net/o1/v/t2/f2/m367/AQN-QkNrsCql47O7BCZg6hEYwT3SAZ6_jdSORWXWOYcPZbWb86rjMWk8aeLY3sZV2b0hN_31JrEdALWOGjHnMg7H9cKxXA5Vc_ZpzLQ.mp4?_nc_cat=109&_nc_oc=Adk_IkPf8yAXQgSxD6o1EZJaW7qBaqsElGB1o5WzT351rU6Ekv1bxUmgczkKYnEgbUs&_nc_sid=5e9851&_nc_ht=instagram.fhan4-6.fna.fbcdn.net&_nc_ohc=p9K46dV4zAwQ7kNvwHJZ0JG&efg=eyJ2ZW5jb2RlX3RhZyI6Inhwdl9wcm9ncmVzc2l2ZS5JTlNUQUdSQU0uRkVFRC5DMy43MjAuZGFzaF9iYXNlbGluZV8xX3YxIiwieHB2X2Fzc2V0X2lkIjo3MDQwMzg3ODkwOTgyOTMsImFzc2V0X2FnZV9kYXlzIjoyMDYsInZpX3VzZWNhc2VfaWQiOjEwMDk5LCJkdXJhdGlvbl9zIjoyMjEsInVybGdlbl9zb3VyY2UiOiJ3d3cifQ%3D%3D&ccb=17-1&_nc_gid=8JdRv9p0afRC4XGQKq-atg&_nc_zt=28&vs=d5a0f47ea5034f06&_nc_vs=HBksFQIYQGlnX2VwaGVtZXJhbC85OTQ3RERCNTE2N0UzREUyOTMyRDk4OEQ5QjhFMzZBRl92aWRlb19kYXNoaW5pdC5tcDQVAALIARIAFQIYOnBhc3N0aHJvdWdoX2V2ZXJzdG9yZS9HS2RHUng0ZldGdFgwZGtEQU1HeUY5TG01aVVJYnFfRUFBQUYVAgLIARIAKAAYABsCiAd1c2Vfb2lsATEScHJvZ3Jlc3NpdmVfcmVjaXBlATEVAAAm6qz13rmUwAIVAigCQzMsF0BrpEGJN0vHGBJkYXNoX2Jhc2VsaW5lXzFfdjERAHXqB2XmnQEA&oh=00_Afq-FFUBaDEAs5a2Yee1LgLPQu8g6Gv0otlG48t1ehxZOQ&oe=69678DE2']",,https://www.threads.net/@geohussar/post/DLAXKh1RhZU,[],"{'likes': 454, 'reposts': 22, 'quotes': 2}",threads,3657024776016631380,Geo Hussar,,Iran is losing its missile capabilities and it’s running out of options.  #iran #defense  #war  #missile  #news,threads,63212447891,geohussar
[],2026-01-10T10:31:58.277118+07:00,"Ab india 🇮🇳 ki phatay ge 

Pakistan Likely to Induct Chinese Hypersonic Missile",2025-12-27T00:08:44+07:00,,3796255346889853624,threads,threads.com,threads_crawler_v1,https://www.threads.net/@qaisarwaqar60/post/DSvAh_kDAq4,https://instagram.fhan4-6.fna.fbcdn.net/v/t51.2885-19/358168327_610100951240133_3946560493749507696_n.jpg?stp=dst-jpg_s150x150_tt6&efg=eyJ2ZW5jb2RlX3RhZyI6InByb2ZpbGVfcGljLmRqYW5nby42MDAuYzIifQ&_nc_ht=instagram.fhan4-6.fna.fbcdn.net&_nc_cat=109&_nc_oc=Q6cZ2QEAHM853Zgx47PoLHY2at5SDurXwAOd1_qUAHmzauFWqP8BmDAN5TkQ9p8WvGO3YTQ&_nc_ohc=rTboVKBBC3cQ7kNvwFEmsgF&_nc_gid=8JdRv9p0afRC4XGQKq-atg&edm=AJhczIQBAAAA&ccb=7-5&oh=00_Afqk2Psr9I2SIpL60sZLrM5Bb3g1txU770qsjli5L-yqAQ&oe=69679DE9&_nc_sid=4a2096,78,0,74,6,0,['https://instagram.fhan3-2.fna.fbcdn.net/v/t51.2885-15/604436034_17936764446109939_4551997789840448025_n.webp?efg=eyJ2ZW5jb2RlX3RhZyI6InRocmVhZHMuRkVFRC5pbWFnZV91cmxnZW4uNzg0eDExNjguc2RyLmY4Mjc4Ny5kZWZhdWx0X2ltYWdlLmMyIn0&_nc_ht=instagram.fhan3-2.fna.fbcdn.net&_nc_cat=107&_nc_oc=Q6cZ2QEAHM853Zgx47PoLHY2at5SDurXwAOd1_qUAHmzauFWqP8BmDAN5TkQ9p8WvGO3YTQ&_nc_ohc=Jr1Cqh6sAScQ7kNvwF6Tz-f&_nc_gid=8JdRv9p0afRC4XGQKq-atg&edm=AJhczIQBAAAA&ccb=7-5&ig_cache_key=Mzc5NjI1NTM0Njg4OTg1MzYyNA%3D%3D.3-ccb7-5&oh=00_AfoS9bvX7mQ307nK2r_boHeo_D3dCUG0ngV7Hce-yFkwAA&oe=6967A4D1&_nc_sid=4a2096'],,https://www.threads.net/@qaisarwaqar60/post/DSvAh_kDAq4,[],"{'likes': 74, 'reposts': 6, 'quotes': 0}",threads,3796255346889853624,Qaisar Mirza,,"Ab india 🇮🇳 ki phatay ge 

Pakistan Likely to Induct Chinese Hypersonic Missile",threads,63254093938,qaisarwaqar60
[],2026-01-10T10:31:58.277400+07:00,"PM Modi’s Aircraft - Air India One vs PM Shehbaz’s Jet - Gulfstream IV

🇮🇳 
- Boeing 777-300ER, same class as US Air Force One
- Missile defense, jammers & secure comms hub
- 300+ passengers (VVIP + staff)
- 15+ hours nonstop range, can fly non stop to US
- Flying fortress & airborne command center

🇵🇰 
- Small business jet, up to 19 passengers max
- No missile defense, only basic safety fit
- Needs fuel stops on long-distance trips
- More like a corporate jet than a leader’s aircraft",2025-09-02T16:31:57+07:00,,3712675862728094938,threads,threads.com,threads_crawler_v1,https://www.threads.net/@beatsinbrief/post/DOGEwbMEzTa,https://instagram.fhan3-3.fna.fbcdn.net/v/t51.2885-19/474213810_1128397522128493_8210686368241778554_n.jpg?stp=dst-jpg_s150x150_tt6&efg=eyJ2ZW5jb2RlX3RhZyI6InByb2ZpbGVfcGljLmRqYW5nby4xMDgwLmMyIn0&_nc_ht=instagram.fhan3-3.fna.fbcdn.net&_nc_cat=101&_nc_oc=Q6cZ2QEAHM853Zgx47PoLHY2at5SDurXwAOd1_qUAHmzauFWqP8BmDAN5TkQ9p8WvGO3YTQ&_nc_ohc=qiur8fqj29AQ7kNvwF8eaxa&_nc_gid=8JdRv9p0afRC4XGQKq-atg&edm=AJhczIQBAAAA&ccb=7-5&oh=00_AfqseXsSrCtr2CtHZ1n88LSPhlJT5yGUi6-L6DavEG7NXA&oe=696794D7&_nc_sid=4a2096,81,0,206,4,0,"['https://instagram.fhan4-3.fna.fbcdn.net/v/t51.2885-15/540016799_24563067039996634_286915207229794946_n.jpg?stp=dst-jpg_e15_tt6&efg=eyJ2ZW5jb2RlX3RhZyI6InRocmVhZHMuRkVFRC5pbWFnZV91cmxnZW4uNjQweDczNC5zZHIuZjcxODc4LmRlZmF1bHRfY292ZXJfZnJhbWUuYzIifQ&_nc_ht=instagram.fhan4-3.fna.fbcdn.net&_nc_cat=110&_nc_oc=Q6cZ2QEAHM853Zgx47PoLHY2at5SDurXwAOd1_qUAHmzauFWqP8BmDAN5TkQ9p8WvGO3YTQ&_nc_ohc=nS7YYcXcFjwQ7kNvwEmnNWt&_nc_gid=8JdRv9p0afRC4XGQKq-atg&edm=AJhczIQBAAAA&ccb=7-5&ig_cache_key=MzcxMjY3NTg2MjcyODA5NDkzOA%3D%3D.3-ccb7-5&oh=00_AfqDp9v3B8n4s14QwASj-GIKJ6W8n_X6qUlDoahXzz1KxA&oe=6967A90A&_nc_sid=4a2096', 'https://instagram.fhan3-4.fna.fbcdn.net/o1/v/t16/f2/m69/AQNM2t7EA0itsdxHcEO-qPnEw3JSPkt3LY4ZMigD9zqD7rcQ3UKLBQescYJ-qeedh_RzXYI4UUK-9S7RaNLahILd.mp4?strext=1&_nc_cat=106&_nc_oc=Adl75kcHNtdr1y4_yIzriYbA5KKL7TYqqAden4TradEXZbNJybE4ddMWj0mCk9ct5hI&_nc_sid=8bf8fe&_nc_ht=instagram.fhan3-4.fna.fbcdn.net&_nc_ohc=dN3JORgeDioQ7kNvwHYL4mR&efg=eyJ2ZW5jb2RlX3RhZyI6Inhwdl9wcm9ncmVzc2l2ZS5JTlNUQUdSQU0uRkVFRC5DMy43MjAucHJvZ3Jlc3NpdmVfaDI2NC1iYXNpYy1nZW4yXzcyMHAiLCJ4cHZfYXNzZXRfaWQiOjEzMjE1MTY5NDI4ODE3OTUsImFzc2V0X2FnZV9kYXlzIjoxMjksInZpX3VzZWNhc2VfaWQiOjEwMTY0LCJkdXJhdGlvbl9zIjoyNywidXJsZ2VuX3NvdXJjZSI6Ind3dyJ9&ccb=17-1&_nc_gid=8JdRv9p0afRC4XGQKq-atg&_nc_zt=28&oh=00_AfrjA-sihrL_l1EHc4KQR75dya6UbVgNHp49oohBkbpQYA&oe=696798D6']",,https://www.threads.net/@beatsinbrief/post/DOGEwbMEzTa,[],"{'likes': 206, 'reposts': 4, 'quotes': 0}",threads,3712675862728094938,Beats in brief,,"PM Modi’s Aircraft - Air India One vs PM Shehbaz’s Jet - Gulfstream IV

🇮🇳 
- Boeing 777-300ER, same class as US Air Force One
- Missile defense, jammers & secure comms hub
- 300+ passengers (VVIP + staff)
- 15+ hours nonstop range, can fly non stop to US
- Flying fortress & airborne command center

🇵🇰 
- Small business jet, up to 19 passengers max
- No missile defense, only basic safety fit
- Needs fuel stops on long-distance trips
- More like a corporate jet than a leader’s aircraft",threads,71703822252,beatsinbrief
[],2026-01-10T10:31:58.277671+07:00,"🚨 BREAKING: The Trump administration has deployed THREE US Navy guided missile destroyers and an attack submarine off the coast of Venezuela to combat the cartels, per Reuters",2025-08-19T13:20:42+07:00,,3702433112719563292,threads,threads.com,threads_crawler_v1,https://www.threads.net/@latestglobalinsight/post/DNhr0y4Sxoc,https://instagram.fhan4-5.fna.fbcdn.net/v/t51.2885-19/458483357_487597497440606_1382722636716443484_n.jpg?stp=dst-jpg_s150x150_tt6&efg=eyJ2ZW5jb2RlX3RhZyI6InByb2ZpbGVfcGljLmRqYW5nby42MTIuYzIifQ&_nc_ht=instagram.fhan4-5.fna.fbcdn.net&_nc_cat=102&_nc_oc=Q6cZ2QEAHM853Zgx47PoLHY2at5SDurXwAOd1_qUAHmzauFWqP8BmDAN5TkQ9p8WvGO3YTQ&_nc_ohc=4OKEVpAhD8cQ7kNvwFIyxVN&_nc_gid=8JdRv9p0afRC4XGQKq-atg&edm=AJhczIQBAAAA&ccb=7-5&oh=00_Afo176ayhXAqwlXs14LRqahAlmJbOCvRPENNoZUtQ1gCvA&oe=69678CE0&_nc_sid=4a2096,27,0,244,16,0,['https://instagram.fhan3-3.fna.fbcdn.net/v/t51.2885-15/534796579_17905701663221243_3794658755510874177_n.jpg?stp=dst-jpg_e35_tt6&efg=eyJ2ZW5jb2RlX3RhZyI6InRocmVhZHMuQ0FST1VTRUxfSVRFTS5pbWFnZV91cmxnZW4uNzAweDM1MC5zZHIuZjgyNzg3LmRlZmF1bHRfaW1hZ2UuYzIifQ&_nc_ht=instagram.fhan3-3.fna.fbcdn.net&_nc_cat=111&_nc_oc=Q6cZ2QEAHM853Zgx47PoLHY2at5SDurXwAOd1_qUAHmzauFWqP8BmDAN5TkQ9p8WvGO3YTQ&_nc_ohc=8RCQjCoj1c4Q7kNvwFiZ4aP&_nc_gid=8JdRv9p0afRC4XGQKq-atg&edm=AJhczIQBAAAA&ccb=7-5&ig_cache_key=MzcwMjQzMzEwNzA4MjQzMDgwMA%3D%3D.3-ccb7-5&oh=00_AfrpbiO5jhDqbGKXqe64wKkNfWb6nfzJgYX1QKQIzh-33Q&oe=69678759&_nc_sid=4a2096'],,https://www.threads.net/@latestglobalinsight/post/DNhr0y4Sxoc,[],"{'likes': 244, 'reposts': 15, 'quotes': 1}",threads,3702433112719563292,latestglobalinsights,,"🚨 BREAKING: The Trump administration has deployed THREE US Navy guided missile destroyers and an attack submarine off the coast of Venezuela to combat the cartels, per Reuters",threads,66612509242,latestglobalinsight
[],2026-01-10T10:31:58.277944+07:00,"Pakistan attacked Jammu civilians, but not a single missile fired at Kashmiri
civilians. Dekh raha hai binod...",2025-05-09T08:25:06+07:00,,3628357207977863680,threads,threads.com,threads_crawler_v1,https://www.threads.net/@harshaclicks/post/DJag6gjv6oA,https://instagram.fhan3-4.fna.fbcdn.net/v/t51.2885-19/358050303_682923846971536_7624534239125186755_n.jpg?stp=dst-jpg_s150x150_tt6&efg=eyJ2ZW5jb2RlX3RhZyI6InByb2ZpbGVfcGljLmRqYW5nby45NDkuYzIifQ&_nc_ht=instagram.fhan3-4.fna.fbcdn.net&_nc_cat=104&_nc_oc=Q6cZ2QEAHM853Zgx47PoLHY2at5SDurXwAOd1_qUAHmzauFWqP8BmDAN5TkQ9p8WvGO3YTQ&_nc_ohc=vUdYTImbKBwQ7kNvwEFMTWs&_nc_gid=8JdRv9p0afRC4XGQKq-atg&edm=AJhczIQBAAAA&ccb=7-5&oh=00_Afr3f5vl-Cp-SD-K0KXP5t2ZPubZqotDMiw3q3yqCWG_7A&oe=69679C59&_nc_sid=4a2096,38,0,202,4,0,[],,https://www.threads.net/@harshaclicks/post/DJag6gjv6oA,[],"{'likes': 202, 'reposts': 3, 'quotes': 1}",threads,3628357207977863680,Harshawardhan Vira Shahani,,"Pakistan attacked Jammu civilians, but not a single missile fired at Kashmiri
civilians. Dekh raha hai binod...",threads,63076197530,harshaclicks
[],2026-01-10T10:31:58.278217+07:00,"Under missile fire in northern Israel, people pack into a tunnel—and start singing ""God be blessed he always loves me"". Not fear. Not chaos. Just unity. 🇮🇱",2025-06-15T11:58:27+07:00,,3655280872056481656,threads,threads.com,threads_crawler_v1,https://www.threads.net/@hnaftali/post/DK6KpYtNOd4,https://instagram.fhan3-3.fna.fbcdn.net/v/t51.2885-19/433117830_438294021878741_1716409318568705205_n.jpg?stp=dst-jpg_s150x150_tt6&efg=eyJ2ZW5jb2RlX3RhZyI6InByb2ZpbGVfcGljLmRqYW5nby4xMDgwLmMyIn0&_nc_ht=instagram.fhan3-3.fna.fbcdn.net&_nc_cat=1&_nc_oc=Q6cZ2QEAHM853Zgx47PoLHY2at5SDurXwAOd1_qUAHmzauFWqP8BmDAN5TkQ9p8WvGO3YTQ&_nc_ohc=K_uYYZq693kQ7kNvwHHBSIf&_nc_gid=8JdRv9p0afRC4XGQKq-atg&edm=AJhczIQBAAAA&ccb=7-5&oh=00_Afowd8heO6fCEyCdzWWuQ925zP9SM8syT_EVqHVTGh_n-g&oe=69679B93&_nc_sid=4a2096,757,0,5848,107,0,"['https://instagram.fhan4-6.fna.fbcdn.net/v/t51.2885-15/528334501_1456931115212877_6047053764222366018_n.jpg?stp=dst-jpg_e15_tt6&efg=eyJ2ZW5jb2RlX3RhZyI6InRocmVhZHMuRkVFRC5pbWFnZV91cmxnZW4uMTA4MHgxOTIwLnNkci5mNzE4NzguZGVmYXVsdF9jb3Zlcl9mcmFtZS5jMiJ9&_nc_ht=instagram.fhan4-6.fna.fbcdn.net&_nc_cat=109&_nc_oc=Q6cZ2QEAHM853Zgx47PoLHY2at5SDurXwAOd1_qUAHmzauFWqP8BmDAN5TkQ9p8WvGO3YTQ&_nc_ohc=nbpac-oUY0oQ7kNvwH8wPIH&_nc_gid=8JdRv9p0afRC4XGQKq-atg&edm=AJhczIQBAAAA&ccb=7-5&ig_cache_key=MzY1NTI4MDg3MjA1NjQ4MTY1Ng%3D%3D.3-ccb7-5&oh=00_Afrxar9Yd-WD_R7uOVv0BTvXMebTQFGTTJoE7b89wa-eOQ&oe=69677FA2&_nc_sid=4a2096', 'https://instagram.fhan4-3.fna.fbcdn.net/o1/v/t16/f2/m69/AQNG7rlCc_YcvF2zUFjFgY5N_JB0Ur2kTXdLmF89ZcU538lclgsfXmpl3Ib2qyIjMZJBXcyrhxKETVTYuWxO3cn9.mp4?strext=1&_nc_cat=110&_nc_oc=Adk5oX4NpWIGUN2jbTDfQdzxJj27njEYIGAbT5TUNRqvVMRK9lcGsyWJJOHIgTxaRZ8&_nc_sid=8bf8fe&_nc_ht=instagram.fhan4-3.fna.fbcdn.net&_nc_ohc=HCmlu_qvulUQ7kNvwH8gCI5&efg=eyJ2ZW5jb2RlX3RhZyI6Inhwdl9wcm9ncmVzc2l2ZS5JTlNUQUdSQU0uRkVFRC5DMy43MjAucHJvZ3Jlc3NpdmVfaDI2NC1iYXNpYy1nZW4yXzcyMHAiLCJ4cHZfYXNzZXRfaWQiOjE0MjExODY4NDU0NTM5NzEsImFzc2V0X2FnZV9kYXlzIjoyMDgsInZpX3VzZWNhc2VfaWQiOjEwMTY0LCJkdXJhdGlvbl9zIjo0NSwidXJsZ2VuX3NvdXJjZSI6Ind3dyJ9&ccb=17-1&_nc_gid=8JdRv9p0afRC4XGQKq-atg&_nc_zt=28&oh=00_Afr5JoYrnaT2UqfKYaaSg_WPgCOxXV_2JhYxZXibHWR3Rg&oe=69678F52']",,https://www.threads.net/@hnaftali/post/DK6KpYtNOd4,[],"{'likes': 5848, 'reposts': 99, 'quotes': 8}",threads,3655280872056481656,Hananya Naftali 🇮🇱,,"Under missile fire in northern Israel, people pack into a tunnel—and start singing ""God be blessed he always loves me"". Not fear. Not chaos. Just unity. 🇮🇱",threads,63286944684,hnaftali
[],2026-01-10T10:31:58.278506+07:00,"India's DRDO is incorporating advanced features from a captured Chinese PL-15E missile into its Astra Mark-2 program. The PL-15E, recovered intact near Hoshiarpur, Punjab, in May, lacked a self-destruct mechanism, allowing Indian defense scientists to conduct a complete analysis and identify superior features for integration into the Astra Mark-2.",2025-10-18T19:58:56+07:00,,3746120090530677165,threads,threads.com,threads_crawler_v1,https://www.threads.net/@nucleus_new/post/DP85F_iCQGt,https://instagram.fhan4-3.fna.fbcdn.net/v/t51.2885-19/566203335_17854406907553164_8909508472704834370_n.jpg?stp=dst-jpg_s150x150_tt6&efg=eyJ2ZW5jb2RlX3RhZyI6InByb2ZpbGVfcGljLmRqYW5nby4xMDI0LmMyIn0&_nc_ht=instagram.fhan4-3.fna.fbcdn.net&_nc_cat=100&_nc_oc=Q6cZ2QEAHM853Zgx47PoLHY2at5SDurXwAOd1_qUAHmzauFWqP8BmDAN5TkQ9p8WvGO3YTQ&_nc_ohc=azn8_1wrybAQ7kNvwEjfElH&_nc_gid=8JdRv9p0afRC4XGQKq-atg&edm=AJhczIQBAAAA&ccb=7-5&oh=00_Afqo-gdE077B2MsWWgWnb2XEIYdJJMGlsfdRBBBiwq8pDA&oe=6967A403&_nc_sid=4a2096,88,0,150,0,0,['https://instagram.fhan4-3.fna.fbcdn.net/v/t51.2885-15/567395618_17854647468553164_3053675734788969288_n.jpg?stp=dst-jpg_e35_tt6&efg=eyJ2ZW5jb2RlX3RhZyI6InRocmVhZHMuRkVFRC5pbWFnZV91cmxnZW4uMTUzNng5MDAuc2RyLmY4Mjc4Ny5kZWZhdWx0X2ltYWdlLmMyIn0&_nc_ht=instagram.fhan4-3.fna.fbcdn.net&_nc_cat=100&_nc_oc=Q6cZ2QEAHM853Zgx47PoLHY2at5SDurXwAOd1_qUAHmzauFWqP8BmDAN5TkQ9p8WvGO3YTQ&_nc_ohc=BJnsx3i34_gQ7kNvwFr6B-3&_nc_gid=8JdRv9p0afRC4XGQKq-atg&edm=AJhczIQBAAAA&ccb=7-5&ig_cache_key=Mzc0NjEyMDA5MDUzMDY3NzE2NQ%3D%3D.3-ccb7-5&oh=00_AfoCLmpj-HAjY7BYVBiztjZ7HJ9kxFVUh3Cp20dw_HQprA&oe=6967997B&_nc_sid=4a2096'],,https://www.threads.net/@nucleus_new/post/DP85F_iCQGt,[],"{'likes': 150, 'reposts': 0, 'quotes': 0}",threads,3746120090530677165,Nucleus,,"India's DRDO is incorporating advanced features from a captured Chinese PL-15E missile into its Astra Mark-2 program. The PL-15E, recovered intact near Hoshiarpur, Punjab, in May, lacked a self-destruct mechanism, allowing Indian defense scientists to conduct a complete analysis and identify superior features for integration into the Astra Mark-2.",threads,76721601163,nucleus_new
[],2026-01-10T10:31:58.278789+07:00,🚨India shifts Missile test to 11 December amid cat and mouse game with chinese Spy Ships in Indian Ocean.,2025-12-01T22:43:27+07:00,,3778093030462159368,threads,threads.com,threads_crawler_v1,https://www.threads.net/@indianinfrareport/post/DRue5gRE3oI,https://instagram.fhan3-3.fna.fbcdn.net/v/t51.2885-19/549591767_17882377626380783_8454593621557214448_n.jpg?stp=dst-jpg_s150x150_tt6&efg=eyJ2ZW5jb2RlX3RhZyI6InByb2ZpbGVfcGljLmRqYW5nby4xMDgwLmMyIn0&_nc_ht=instagram.fhan3-3.fna.fbcdn.net&_nc_cat=111&_nc_oc=Q6cZ2QEAHM853Zgx47PoLHY2at5SDurXwAOd1_qUAHmzauFWqP8BmDAN5TkQ9p8WvGO3YTQ&_nc_ohc=1AdPcZEnD9gQ7kNvwHXEwz0&_nc_gid=8JdRv9p0afRC4XGQKq-atg&edm=AJhczIQBAAAA&ccb=7-5&oh=00_Afr5GosTm3czuvfhgIciCZIzuulMCxKzRgA_-CqTP6uBeQ&oe=696796A3&_nc_sid=4a2096,6,0,320,4,0,['https://instagram.fhan4-5.fna.fbcdn.net/v/t51.2885-15/588361659_17891023302381999_521977320094724740_n.webp?efg=eyJ2ZW5jb2RlX3RhZyI6InRocmVhZHMuRkVFRC5pbWFnZV91cmxnZW4uMTYwMHg5MDAuc2RyLmY4Mjc4Ny5kZWZhdWx0X2ltYWdlLmMyIn0&_nc_ht=instagram.fhan4-5.fna.fbcdn.net&_nc_cat=103&_nc_oc=Q6cZ2QEAHM853Zgx47PoLHY2at5SDurXwAOd1_qUAHmzauFWqP8BmDAN5TkQ9p8WvGO3YTQ&_nc_ohc=L12PyD9czG4Q7kNvwGUYHWO&_nc_gid=8JdRv9p0afRC4XGQKq-atg&edm=AJhczIQBAAAA&ccb=7-5&ig_cache_key=Mzc3ODA5MzAzMDQ2MjE1OTM2OA%3D%3D.3-ccb7-5&oh=00_AfoR0vtUcCHDOBf5IpTEgJmAX2E2MVw9TsWAD5DRpBWKTQ&oe=6967B5BB&_nc_sid=4a2096'],,https://www.threads.net/@indianinfrareport/post/DRue5gRE3oI,[],"{'likes': 320, 'reposts': 4, 'quotes': 0}",threads,3778093030462159368,Indian Infra Report,,🚨India shifts Missile test to 11 December amid cat and mouse game with chinese Spy Ships in Indian Ocean.,threads,71436517998,indianinfrareport
[],2026-01-10T10:31:58.279074+07:00,"Iran has used a new type of missile against Israel this time.

Source: Tehran Times",2025-06-18T04:04:08+07:00,,3657216860273239829,threads,threads.com,threads_crawler_v1,https://www.threads.net/@kabir_aziz/post/DLBC1uPJ-cV,https://instagram.fhan3-3.fna.fbcdn.net/v/t51.2885-19/462971779_1284001642593995_7116269073136243464_n.jpg?stp=dst-jpg_s150x150_tt6&efg=eyJ2ZW5jb2RlX3RhZyI6InByb2ZpbGVfcGljLmRqYW5nby4xMDgwLmMyIn0&_nc_ht=instagram.fhan3-3.fna.fbcdn.net&_nc_cat=111&_nc_oc=Q6cZ2QEAHM853Zgx47PoLHY2at5SDurXwAOd1_qUAHmzauFWqP8BmDAN5TkQ9p8WvGO3YTQ&_nc_ohc=0DHF5_OIYGoQ7kNvwEGoB9Y&_nc_gid=8JdRv9p0afRC4XGQKq-atg&edm=AJhczIQBAAAA&ccb=7-5&oh=00_Afrw9g-oJl0dWzI21pQau3NIKQflEMWbFV6GftmmlWgXIQ&oe=6967A720&_nc_sid=4a2096,40,0,621,23,0,"['https://instagram.fhan3-3.fna.fbcdn.net/v/t15.5256-10/508984380_575839185583165_5720666557458312103_n.jpg?stp=dst-jpg_e15_tt6&efg=eyJ2ZW5jb2RlX3RhZyI6InRocmVhZHMuRkVFRC5pbWFnZV91cmxnZW4uNzIweDEyODAuc2RyLmY1MjU2LmZpcnN0X2ZyYW1lX3RodW1ibmFpbC5jMiJ9&_nc_ht=instagram.fhan3-3.fna.fbcdn.net&_nc_cat=101&_nc_oc=Q6cZ2QEAHM853Zgx47PoLHY2at5SDurXwAOd1_qUAHmzauFWqP8BmDAN5TkQ9p8WvGO3YTQ&_nc_ohc=4LgKYBX5J8EQ7kNvwEpu5tF&_nc_gid=8JdRv9p0afRC4XGQKq-atg&edm=AJhczIQAAAAA&ccb=7-5&ig_cache_key=MzY1NzIxNjg2MDI3MzIzOTgyOQ%3D%3D.3-ccb7-5&oh=00_AfodUIyqFlNuSUEbK3SgT6pLuueVo63T14CBUqrnnroV6w&oe=69679885&_nc_sid=4a2096', 'https://instagram.fhan4-5.fna.fbcdn.net/o1/v/t2/f2/m412/AQMAKl3v26i6AIacwFLUOAR9qMeXZxCX0AnUc8ykkoy8dpOrLfD9w_f3UCZ5paUHOGSNLAVpJJFz-lq29IM1TRk.mp4?_nc_cat=102&_nc_oc=AdkEcNH-mGKjwnISIJJjX3pxuQNrlsQhxxyhC-PiKcYPKOGiFN1iFkHL4alq82k5qLE&_nc_sid=8bf8fe&_nc_ht=instagram.fhan4-5.fna.fbcdn.net&_nc_ohc=pQ9_3fSdIZcQ7kNvwFi_Ypc&efg=eyJ2ZW5jb2RlX3RhZyI6Inhwdl9wcm9ncmVzc2l2ZS5JTlNUQUdSQU0uRkVFRC5DMy4zNjAuc3ZlX3NkIiwieHB2X2Fzc2V0X2lkIjoxMDAxMzE0MTI3MjEzMzQzNywiYXNzZXRfYWdlX2RheXMiOjIwNiwidmlfdXNlY2FzZV9pZCI6MTAxMjMsImR1cmF0aW9uX3MiOjEwLCJ1cmxnZW5fc291cmNlIjoid3d3In0%3D&ccb=17-1&_nc_gid=8JdRv9p0afRC4XGQKq-atg&_nc_zt=28&oh=00_Afr5c2HCfRnvMcR4GCRBGpIVrsxHc7LKdRc7wj0ibaQQfw&oe=6967B440']",,https://www.threads.net/@kabir_aziz/post/DLBC1uPJ-cV,[],"{'likes': 621, 'reposts': 18, 'quotes': 5}",threads,3657216860273239829,Kabir Aziz,,"Iran has used a new type of missile against Israel this time.

Source: Tehran Times",threads,63216958535,kabir_aziz
[],2026-01-10T10:31:58.279387+07:00,"ICE’s weapons budget jumped 700% this year. They didn’t just buy guns… they bought guided missile warheads and explosive components. These aren’t crowd-control tools. They’re weapons of war. Why the hell does an ""immigration agency” need warheads?",2025-10-21T16:08:45+07:00,,3748178564110689805,threads,threads.com,threads_crawler_v1,https://www.threads.net/@dissentinbloom/post/DQENIucjSYN,https://instagram.fhan3-2.fna.fbcdn.net/v/t51.2885-19/588466595_17870375748483547_3382048967161038522_n.jpg?stp=dst-jpg_s150x150_tt6&efg=eyJ2ZW5jb2RlX3RhZyI6InByb2ZpbGVfcGljLmRqYW5nby43NzYuYzIifQ&_nc_ht=instagram.fhan3-2.fna.fbcdn.net&_nc_cat=107&_nc_oc=Q6cZ2QEAHM853Zgx47PoLHY2at5SDurXwAOd1_qUAHmzauFWqP8BmDAN5TkQ9p8WvGO3YTQ&_nc_ohc=WedsimLPRxUQ7kNvwE2FmM7&_nc_gid=8JdRv9p0afRC4XGQKq-atg&edm=AJhczIQBAAAA&ccb=7-5&oh=00_Afr-LlpWZr593jnYyzpKl6ZW7yRBWm2lFGlMeu83T2E11Q&oe=6967B038&_nc_sid=4a2096,306,0,3807,612,0,[],,https://www.threads.net/@dissentinbloom/post/DQENIucjSYN,[],"{'likes': 3807, 'reposts': 588, 'quotes': 24}",threads,3748178564110689805,Dissent in Bloom 💛🌼,ice raids,"ICE’s weapons budget jumped 700% this year. They didn’t just buy guns… they bought guided missile warheads and explosive components. These aren’t crowd-control tools. They’re weapons of war. Why the hell does an ""immigration agency” need warheads?",threads,74741374403,dissentinbloom
[],2026-01-10T10:31:58.279683+07:00,The same Chinese fighter jets (J-10C) and PL-15 missiles that destroyed Indian Rafale jets during the Pakistan-India conflict have now locked onto Japanese F-15 jets during recent tensions with Japan — once for three minutes and once for thirty minutes — causing panic on the Japanese side. Chinese fighter and missile technology is proving its strength globally.,2025-12-07T23:32:17+07:00,,3782466265458534166,threads,threads.com,threads_crawler_v1,https://www.threads.net/@amnasikandri777/post/DR-BQcvjecW,https://instagram.fhan4-5.fna.fbcdn.net/v/t51.2885-19/546477205_17872835862423530_1415786806683192735_n.jpg?stp=dst-jpg_s150x150_tt6&efg=eyJ2ZW5jb2RlX3RhZyI6InByb2ZpbGVfcGljLmRqYW5nby4xMDgwLmMyIn0&_nc_ht=instagram.fhan4-5.fna.fbcdn.net&_nc_cat=102&_nc_oc=Q6cZ2QEAHM853Zgx47PoLHY2at5SDurXwAOd1_qUAHmzauFWqP8BmDAN5TkQ9p8WvGO3YTQ&_nc_ohc=RnG7c7m6nRAQ7kNvwFqAAyT&_nc_gid=8JdRv9p0afRC4XGQKq-atg&edm=AJhczIQBAAAA&ccb=7-5&oh=00_AfrrzgtDkXpp0lFfUmEnJjgITcZ9lydhHuTwGSvWbs-0lg&oe=696783CF&_nc_sid=4a2096,97,0,82,8,0,['https://instagram.fhan4-5.fna.fbcdn.net/v/t51.2885-15/590482479_17882365944423530_7801874432769457234_n.webp?efg=eyJ2ZW5jb2RlX3RhZyI6InRocmVhZHMuRkVFRC5pbWFnZV91cmxnZW4uMTA4MHgxMzA0LnNkci5mODI3ODcuZGVmYXVsdF9pbWFnZS5jMiJ9&_nc_ht=instagram.fhan4-5.fna.fbcdn.net&_nc_cat=102&_nc_oc=Q6cZ2QEAHM853Zgx47PoLHY2at5SDurXwAOd1_qUAHmzauFWqP8BmDAN5TkQ9p8WvGO3YTQ&_nc_ohc=BHKyquCYjWQQ7kNvwHF7Hj-&_nc_gid=8JdRv9p0afRC4XGQKq-atg&edm=AJhczIQBAAAA&ccb=7-5&ig_cache_key=Mzc4MjQ2NjI2NTQ1ODUzNDE2Ng%3D%3D.3-ccb7-5&oh=00_Afq0YOXen_T2X2OrrFB3SwFBTqvDAT7OJSLb7oiStBUcKw&oe=6967B271&_nc_sid=4a2096'],,https://www.threads.net/@amnasikandri777/post/DR-BQcvjecW,[],"{'likes': 82, 'reposts': 8, 'quotes': 0}",threads,3782466265458534166,Amna Sikandri,,The same Chinese fighter jets (J-10C) and PL-15 missiles that destroyed Indian Rafale jets during the Pakistan-India conflict have now locked onto Japanese F-15 jets during recent tensions with Japan — once for three minutes and once for thirty minutes — causing panic on the Japanese side. Chinese fighter and missile technology is proving its strength globally.,threads,72481879529,amnasikandri777
[],2026-01-10T10:31:58.279973+07:00,"BREAKING:
Israeli Foreign Ministry:

A ballistic missile fired from Iran into Haifa fell near a mosque.",2025-06-20T21:36:32+07:00,,3659196127510487219,threads,threads.com,threads_crawler_v1,https://www.threads.net/@dailydigestt/post/DLIE32fv2Cz,https://instagram.fhan3-2.fna.fbcdn.net/v/t51.2885-19/498313132_17890350012255679_4615335622911722141_n.jpg?stp=dst-jpg_s150x150_tt6&efg=eyJ2ZW5jb2RlX3RhZyI6InByb2ZpbGVfcGljLmRqYW5nby4xMDgwLmMyIn0&_nc_ht=instagram.fhan3-2.fna.fbcdn.net&_nc_cat=107&_nc_oc=Q6cZ2QEAHM853Zgx47PoLHY2at5SDurXwAOd1_qUAHmzauFWqP8BmDAN5TkQ9p8WvGO3YTQ&_nc_ohc=xcFFf2i_6i0Q7kNvwGLAuK5&_nc_gid=8JdRv9p0afRC4XGQKq-atg&edm=AJhczIQBAAAA&ccb=7-5&oh=00_AfoPbRzUYtEvChZRz-4Z8Tm1C9mMd9PeFSiXn2S_nloz9g&oe=69678F52&_nc_sid=4a2096,50,0,146,1,0,['https://instagram.fhan3-2.fna.fbcdn.net/v/t51.2885-15/503474338_17894529525255679_8720954751652761060_n.webp?efg=eyJ2ZW5jb2RlX3RhZyI6InRocmVhZHMuRkVFRC5pbWFnZV91cmxnZW4uOTg3eDU1Mi5zZHIuZjc1NzYxLmRlZmF1bHRfaW1hZ2UuYzIifQ&_nc_ht=instagram.fhan3-2.fna.fbcdn.net&_nc_cat=107&_nc_oc=Q6cZ2QEAHM853Zgx47PoLHY2at5SDurXwAOd1_qUAHmzauFWqP8BmDAN5TkQ9p8WvGO3YTQ&_nc_ohc=3E5WSqY_jisQ7kNvwGvak94&_nc_gid=8JdRv9p0afRC4XGQKq-atg&edm=AJhczIQBAAAA&ccb=7-5&ig_cache_key=MzY1OTE5NjEyNzUxMDQ4NzIxOQ%3D%3D.3-ccb7-5&oh=00_Afp1UMfTtcVtyQ0k4k3oDITy98GF1E8hhZF_ggcbh67Yfw&oe=696794E4&_nc_sid=4a2096'],,https://www.threads.net/@dailydigestt/post/DLIE32fv2Cz,[],"{'likes': 146, 'reposts': 1, 'quotes': 0}",threads,3659196127510487219,Daily Digest,,"BREAKING:
Israeli Foreign Ministry:

A ballistic missile fired from Iran into Haifa fell near a mosque.",threads,67583991678,dailydigestt
[],2026-01-10T10:31:58.280274+07:00,The only nations that can hit any place on Earth with a missile. For now.,2025-06-17T01:17:35+07:00,,3656408262316728985,threads,threads.com,threads_crawler_v1,https://www.threads.net/@civixplorer/post/DK-K_EtMSKZ,https://instagram.fhan3-3.fna.fbcdn.net/v/t51.2885-19/461107927_880928233992619_1830844152382630418_n.jpg?stp=dst-jpg_s150x150_tt6&efg=eyJ2ZW5jb2RlX3RhZyI6InByb2ZpbGVfcGljLmRqYW5nby4xMDgwLmMyIn0&_nc_ht=instagram.fhan3-3.fna.fbcdn.net&_nc_cat=1&_nc_oc=Q6cZ2QEAHM853Zgx47PoLHY2at5SDurXwAOd1_qUAHmzauFWqP8BmDAN5TkQ9p8WvGO3YTQ&_nc_ohc=ceOMZYoZR9EQ7kNvwF3P4Va&_nc_gid=8JdRv9p0afRC4XGQKq-atg&edm=AJhczIQBAAAA&ccb=7-5&oh=00_Afp52k3JQJeYFU3jSZZ1bhaHJWYSYj6WW7_CdDjtYd6e6g&oe=6967999B&_nc_sid=4a2096,142,0,1247,32,0,['https://instagram.fhan3-3.fna.fbcdn.net/v/t51.2885-15/508672505_18071712772942441_6231329377527455809_n.jpg?stp=dst-jpg_e35_tt6&efg=eyJ2ZW5jb2RlX3RhZyI6InRocmVhZHMuRkVFRC5pbWFnZV91cmxnZW4uMTQzOXg5MDEuc2RyLmY3NTc2MS5kZWZhdWx0X2ltYWdlLmMyIn0&_nc_ht=instagram.fhan3-3.fna.fbcdn.net&_nc_cat=101&_nc_oc=Q6cZ2QEAHM853Zgx47PoLHY2at5SDurXwAOd1_qUAHmzauFWqP8BmDAN5TkQ9p8WvGO3YTQ&_nc_ohc=GGeD-SLZ-ssQ7kNvwFFC1cK&_nc_gid=8JdRv9p0afRC4XGQKq-atg&edm=AJhczIQBAAAA&ccb=7-5&ig_cache_key=MzY1NjQwODI2MjMxNjcyODk4NQ%3D%3D.3-ccb7-5&oh=00_AfpbiuXLhONYfJggqjw8eZG-_li_1fzhgEdQ9MctMa2ulg&oe=6967922A&_nc_sid=4a2096'],,https://www.threads.net/@civixplorer/post/DK-K_EtMSKZ,[],"{'likes': 1247, 'reposts': 31, 'quotes': 1}",threads,3656408262316728985,Civixplorer,,The only nations that can hit any place on Earth with a missile. For now.,threads,63264970106,civixplorer
[],2026-01-10T10:31:58.280606+07:00,"BIG BREAKING NEWS 
IRAN TESTED 2 TON OF WAR HEAD KHYBER SHIKAN 2 SUPERSONIC MISSILE",2025-06-18T13:41:35+07:00,,3657507522866726789,threads,threads.com,threads_crawler_v1,https://www.threads.net/@mir_monis_mir/post/DLCE7a3ykeF,https://instagram.fhan3-4.fna.fbcdn.net/v/t51.2885-19/467393711_2888537404656184_710391502087056184_n.jpg?stp=dst-jpg_s150x150_tt6&efg=eyJ2ZW5jb2RlX3RhZyI6InByb2ZpbGVfcGljLmRqYW5nby44OTEuYzIifQ&_nc_ht=instagram.fhan3-4.fna.fbcdn.net&_nc_cat=104&_nc_oc=Q6cZ2QEAHM853Zgx47PoLHY2at5SDurXwAOd1_qUAHmzauFWqP8BmDAN5TkQ9p8WvGO3YTQ&_nc_ohc=zs7ScPZQzf0Q7kNvwGuE4VX&_nc_gid=8JdRv9p0afRC4XGQKq-atg&edm=AJhczIQBAAAA&ccb=7-5&oh=00_AfpihZzkGJ-Epw4ISdyi56nnLtfy4-UN9O71lz8YnQU8TA&oe=696798AB&_nc_sid=4a2096,28,0,626,13,0,['https://instagram.fhan4-6.fna.fbcdn.net/v/t39.30808-6/506491080_2905879139583765_9114329987687737163_n.jpg?stp=dst-jpg_e35_tt6&efg=eyJ2ZW5jb2RlX3RhZyI6InRocmVhZHMuRkVFRC5pbWFnZV91cmxnZW4uMTA4MHg1OTAuc2RyLmYzMDgwOC5kZWZhdWx0X2ltYWdlLmMyIn0&_nc_ht=instagram.fhan4-6.fna.fbcdn.net&_nc_cat=109&_nc_oc=Q6cZ2QEAHM853Zgx47PoLHY2at5SDurXwAOd1_qUAHmzauFWqP8BmDAN5TkQ9p8WvGO3YTQ&_nc_ohc=CgFg20MviNwQ7kNvwGnsit-&_nc_gid=8JdRv9p0afRC4XGQKq-atg&edm=AJhczIQAAAAA&ccb=7-5&ig_cache_key=MzY1NzUwNzUyMjg2NjcyNjc4OQ%3D%3D.3-ccb7-5&oh=00_Afo3wMTOZ9ubvDLBHJPI-oM_0OkahB8b0gh_Yi3a-PmgeQ&oe=6967AB14&_nc_sid=4a2096'],,https://www.threads.net/@mir_monis_mir/post/DLCE7a3ykeF,[],"{'likes': 626, 'reposts': 13, 'quotes': 0}",threads,3657507522866726789,Monis Hussain Mir,,"BIG BREAKING NEWS 
IRAN TESTED 2 TON OF WAR HEAD KHYBER SHIKAN 2 SUPERSONIC MISSILE",threads,70853219290,mir_monis_mir
[],2026-01-10T10:31:58.280931+07:00,"BREAKING: 1 dead, several injured after Iranian missile attack on southern Tel Aviv",2025-06-14T10:56:38+07:00,,3654525402685695380,threads,threads.com,threads_crawler_v1,https://www.threads.net/@dannykpolitics/post/DK3e33BuOWU,https://instagram.fhan3-3.fna.fbcdn.net/v/t51.2885-19/447801619_432618052892676_827955217001161532_n.jpg?stp=dst-jpg_s150x150_tt6&efg=eyJ2ZW5jb2RlX3RhZyI6InByb2ZpbGVfcGljLmRqYW5nby41MTIuYzIifQ&_nc_ht=instagram.fhan3-3.fna.fbcdn.net&_nc_cat=1&_nc_oc=Q6cZ2QEAHM853Zgx47PoLHY2at5SDurXwAOd1_qUAHmzauFWqP8BmDAN5TkQ9p8WvGO3YTQ&_nc_ohc=bcFhm8sl6b8Q7kNvwHPqX_2&_nc_gid=8JdRv9p0afRC4XGQKq-atg&edm=AJhczIQBAAAA&ccb=7-5&oh=00_AfoGcPXBMtTrQnzC-AewjhoSNpiNQoN9HWArjCcLy6eHvg&oe=696780AF&_nc_sid=4a2096,7,0,147,1,0,[],,https://www.threads.net/@dannykpolitics/post/DK3e33BuOWU,[],"{'likes': 147, 'reposts': 1, 'quotes': 0}",threads,3654525402685695380,Danny Krikorian,,"BREAKING: 1 dead, several injured after Iranian missile attack on southern Tel Aviv",threads,69805090433,dannykpolitics
[],2026-01-10T10:31:58.281228+07:00,"🚨 BREAKING: Hossein Shariatmadari, an aide to Iran’s Supreme Leader Khamenei, calls for immediate missile strikes on the U.S. fleet and closure of the Strait of Hormuz.

“It is now our turn to act without delay,” he declared.",2025-06-22T10:06:31+07:00,,3660298380207935555,threads,threads.com,threads_crawler_v1,https://www.threads.net/@charlestradez_/post/DLL_fvUO1BD,https://instagram.fhan4-6.fna.fbcdn.net/v/t51.2885-19/508619893_17842427274518324_2087549416202647321_n.jpg?stp=dst-jpg_s150x150_tt6&efg=eyJ2ZW5jb2RlX3RhZyI6InByb2ZpbGVfcGljLmRqYW5nby43MDQuYzIifQ&_nc_ht=instagram.fhan4-6.fna.fbcdn.net&_nc_cat=108&_nc_oc=Q6cZ2QEAHM853Zgx47PoLHY2at5SDurXwAOd1_qUAHmzauFWqP8BmDAN5TkQ9p8WvGO3YTQ&_nc_ohc=faWU7jmIZzwQ7kNvwE0_FoU&_nc_gid=8JdRv9p0afRC4XGQKq-atg&edm=AJhczIQBAAAA&ccb=7-5&oh=00_AfoeM8QVSir4PuUDfG4CTvhnPFzosbAwMrtAKxWUy53O8w&oe=6967A3B5&_nc_sid=4a2096,6,0,66,4,0,[],,https://www.threads.net/@charlestradez_/post/DLL_fvUO1BD,[],"{'likes': 66, 'reposts': 4, 'quotes': 0}",threads,3660298380207935555,Charles,,"🚨 BREAKING: Hossein Shariatmadari, an aide to Iran’s Supreme Leader Khamenei, calls for immediate missile strikes on the U.S. fleet and closure of the Strait of Hormuz.

“It is now our turn to act without delay,” he declared.",threads,75411438323,charlestradez_
[],2026-01-10T10:31:58.281546+07:00,"ICE is stockpiling arms, including chemical weapons, guided missile warheads and explosive components. The spending dwarfs anything we've ever seen in the agency - a 700% increase.

The President is building an army to attack his own country. At least 170 U.S. citizens have already been detained by immigration agents, including children. There's no telling how far this Administration will go if Congress does not act.",2025-10-21T21:45:28+07:00,,3748348036423539770,threads,threads.com,threads_crawler_v1,https://www.threads.net/@senchrislarson/post/DQEzq31jtw6,https://instagram.fhan4-6.fna.fbcdn.net/v/t51.2885-19/358001521_177220558669436_1681564125155090075_n.jpg?stp=dst-jpg_s150x150_tt6&efg=eyJ2ZW5jb2RlX3RhZyI6InByb2ZpbGVfcGljLmRqYW5nby4xMDgwLmMyIn0&_nc_ht=instagram.fhan4-6.fna.fbcdn.net&_nc_cat=108&_nc_oc=Q6cZ2QEAHM853Zgx47PoLHY2at5SDurXwAOd1_qUAHmzauFWqP8BmDAN5TkQ9p8WvGO3YTQ&_nc_ohc=1PfufvG39P8Q7kNvwGHu_7X&_nc_gid=8JdRv9p0afRC4XGQKq-atg&edm=AJhczIQBAAAA&ccb=7-5&oh=00_Afq6TO5R-soH2tvnABYj2g4I1AwnJztFk9Z1s9N5PJZ7Zw&oe=69679C31&_nc_sid=4a2096,320,0,4704,1612,0,['https://instagram.fhan3-4.fna.fbcdn.net/v/t51.2885-15/567745312_17927460870113250_4651307259347596181_n.jpg?stp=dst-jpg_e35_tt6&efg=eyJ2ZW5jb2RlX3RhZyI6InRocmVhZHMuRkVFRC5pbWFnZV91cmxnZW4uMTUwNng4MzAuc2RyLmY4Mjc4Ny5kZWZhdWx0X2ltYWdlLmMyIn0&_nc_ht=instagram.fhan3-4.fna.fbcdn.net&_nc_cat=106&_nc_oc=Q6cZ2QEAHM853Zgx47PoLHY2at5SDurXwAOd1_qUAHmzauFWqP8BmDAN5TkQ9p8WvGO3YTQ&_nc_ohc=1bHXzUYHar4Q7kNvwFGcP4P&_nc_gid=8JdRv9p0afRC4XGQKq-atg&edm=AJhczIQBAAAA&ccb=7-5&ig_cache_key=Mzc0ODM0ODAzNjQyMzUzOTc3MA%3D%3D.3-ccb7-5&oh=00_AfpScR_3Jyd_2zYUgcQFxTbWsXgelLBctTFxztOj_FJVHA&oe=6967B3AA&_nc_sid=4a2096'],,https://www.threads.net/@senchrislarson/post/DQEzq31jtw6,[],"{'likes': 4704, 'reposts': 1493, 'quotes': 119}",threads,3748348036423539770,Senator Chris Larson,,"ICE is stockpiling arms, including chemical weapons, guided missile warheads and explosive components. The spending dwarfs anything we've ever seen in the agency - a 700% increase.

The President is building an army to attack his own country. At least 170 U.S. citizens have already been detained by immigration agents, including children. There's no telling how far this Administration will go if Congress does not act.",threads,63493321249,senchrislarson
[],2026-01-10T10:32:35.922496+07:00,WARNING ⚠️ TO ISRAEL & USA 🚨🇮🇷 Iran unveils new underground missile city. PalestineWillBeFree 🇵🇸🇵🇸🇵🇸,2025-03-26T04:09:45+07:00,,3596336980785357230,threads,threads.com,threads_crawler_v1,https://www.threads.net/@ibbuskhan/post/DHowW4IT-Gu,https://instagram.fhan4-3.fna.fbcdn.net/v/t51.2885-19/567383102_17926221567116100_5738344787423799626_n.jpg?stp=dst-jpg_s150x150_tt6&efg=eyJ2ZW5jb2RlX3RhZyI6InByb2ZpbGVfcGljLmRqYW5nby4xMDgwLmMyIn0&_nc_ht=instagram.fhan4-3.fna.fbcdn.net&_nc_cat=100&_nc_oc=Q6cZ2QHdCp_EhfOSI94ikKrsbELFlmLE-B5w4nH2hz7k9ISQJMqvVaDheqNL1aLIXMMXXC0&_nc_ohc=KRIrSduBW-sQ7kNvwEdlZBU&_nc_gid=m1-JHnpvJFZGIKin4sUOGA&edm=AJhczIQBAAAA&ccb=7-5&oh=00_AfqZVk9Za9UT6TK9BuAjqpjmsiNsyaf24bsdewx9umcrZA&oe=69679916&_nc_sid=4a2096,259,0,3735,174,0,"['https://instagram.fhan4-3.fna.fbcdn.net/v/t51.2885-15/486651344_17901406998116100_7977663514746519280_n.jpg?stp=dst-jpg_e15_tt6&efg=eyJ2ZW5jb2RlX3RhZyI6InRocmVhZHMuRkVFRC5pbWFnZV91cmxnZW4uNzIweDQwNi5zZHIuZjc1NzYxLmRlZmF1bHRfY292ZXJfZnJhbWUuYzIifQ&_nc_ht=instagram.fhan4-3.fna.fbcdn.net&_nc_cat=100&_nc_oc=Q6cZ2QHdCp_EhfOSI94ikKrsbELFlmLE-B5w4nH2hz7k9ISQJMqvVaDheqNL1aLIXMMXXC0&_nc_ohc=gVDIf6cux94Q7kNvwEo1-nO&_nc_gid=m1-JHnpvJFZGIKin4sUOGA&edm=AJhczIQBAAAA&ccb=7-5&ig_cache_key=MzU5NjMzNjk4MDc4NTM1NzIzMA%3D%3D.3-ccb7-5&oh=00_Afoo0Hc7SXEPm281yoY1NGkr-YH0bgmruE7NBikFPC99bA&oe=6967806A&_nc_sid=4a2096', 'https://instagram.fhan4-6.fna.fbcdn.net/o1/v/t16/f2/m69/AQMuJT3az5QDidKBBndkc7gF7uA-fXjTg6SMMlOwnPRzWJXMEYD1lPjmxsxEXAOV1NJjWF--rAHW2GPEJP62EHgl.mp4?strext=1&_nc_cat=109&_nc_oc=AdnnfBgCo8eM3sKgcoZC_cH2Zu69iok4f3lhzk_siMjyxb5qGZ3KKg8BCc8Pnsc06PY&_nc_sid=8bf8fe&_nc_ht=instagram.fhan4-6.fna.fbcdn.net&_nc_ohc=OX-NKSrb3ocQ7kNvwHJ0Zoz&efg=eyJ2ZW5jb2RlX3RhZyI6Inhwdl9wcm9ncmVzc2l2ZS5JTlNUQUdSQU0uRkVFRC5DMy4xMjgwLnByb2dyZXNzaXZlX2gyNjQtYmFzaWMtZ2VuMl83MjBwIiwieHB2X2Fzc2V0X2lkIjo5Mzg2NzQ2MjkxNDMzNTAwLCJhc3NldF9hZ2VfZGF5cyI6MjkwLCJ2aV91c2VjYXNlX2lkIjoxMDE2NCwiZHVyYXRpb25fcyI6ODIsInVybGdlbl9zb3VyY2UiOiJ3d3cifQ%3D%3D&ccb=17-1&_nc_gid=m1-JHnpvJFZGIKin4sUOGA&_nc_zt=28&oh=00_AfrxBABx-MgdhMKlL0t-MhSt5u2riIkzE0aaAQjyAdLckQ&oe=6967A17F']",,https://www.threads.net/@ibbuskhan/post/DHowW4IT-Gu,[],"{'likes': 3735, 'reposts': 160, 'quotes': 14}",threads,3596336980785357230,Mohammed Ibraheemullah Khan,PalestineWillBeFree,WARNING ⚠️ TO ISRAEL & USA 🚨🇮🇷 Iran unveils new underground missile city. PalestineWillBeFree 🇵🇸🇵🇸🇵🇸,threads,63400908099,ibbuskhan
[],2026-01-10T10:32:35.922914+07:00,"In the darkest of the hospital.

A child cries out: “where is my sister?” 💔
What was her fault?
They were sleep the missile struck.",2025-06-16T05:50:01+07:00,,3655820600463233937,threads,threads.com,threads_crawler_v1,https://www.threads.net/@ab.idkhan155/post/DK8FXd9KpOR,https://instagram.fhan4-6.fna.fbcdn.net/v/t51.2885-19/548647636_17918333931169616_2327326770968568329_n.jpg?stp=dst-jpg_s150x150_tt6&efg=eyJ2ZW5jb2RlX3RhZyI6InByb2ZpbGVfcGljLmRqYW5nby4xMDgwLmMyIn0&_nc_ht=instagram.fhan4-6.fna.fbcdn.net&_nc_cat=108&_nc_oc=Q6cZ2QHdCp_EhfOSI94ikKrsbELFlmLE-B5w4nH2hz7k9ISQJMqvVaDheqNL1aLIXMMXXC0&_nc_ohc=dsDUDfyphZ8Q7kNvwFPiLD9&_nc_gid=m1-JHnpvJFZGIKin4sUOGA&edm=AJhczIQBAAAA&ccb=7-5&oh=00_AfrRfMP71QBidTaOrfwrSBuCPlmVHAnhEXYtL50E9UyTaQ&oe=69678CBA&_nc_sid=4a2096,149,0,1721,99,0,"['https://instagram.fhan3-2.fna.fbcdn.net/v/t51.2885-15/505170703_18042614447536423_6955611073951354278_n.jpg?stp=dst-jpg_e15_tt6&efg=eyJ2ZW5jb2RlX3RhZyI6InRocmVhZHMuRkVFRC5pbWFnZV91cmxnZW4uMTMyMHgyMzQ3LnNkci5mNzU3NjEuZGVmYXVsdF9jb3Zlcl9mcmFtZS5jMiJ9&_nc_ht=instagram.fhan3-2.fna.fbcdn.net&_nc_cat=107&_nc_oc=Q6cZ2QHdCp_EhfOSI94ikKrsbELFlmLE-B5w4nH2hz7k9ISQJMqvVaDheqNL1aLIXMMXXC0&_nc_ohc=CL_O-1Htz_MQ7kNvwEa_Q3o&_nc_gid=m1-JHnpvJFZGIKin4sUOGA&edm=AJhczIQBAAAA&ccb=7-5&ig_cache_key=MzY1NTgyMDYwMDQ2MzIzMzkzNw%3D%3D.3-ccb7-5&oh=00_Afp8xOjHQeoNXh8Wpu4lvlLgFsmW-MbqhXmaDH9JN8mNDA&oe=69677FC9&_nc_sid=4a2096', 'https://instagram.fhan3-2.fna.fbcdn.net/o1/v/t2/f2/m86/AQNK1nFjHEe2ZhOUuLO57N1FT0k0XnfKgLRJbICZ5HTTa4272LEGSyIZX88MwvmkJb-J7amciPIRhjFJ6HSYRXHINxF8Oyg9_23Bv30.mp4?_nc_cat=107&_nc_oc=AdkablKvoTondLceJzqwjPppoSh-WGUwtlV89dzjjkX8j-J_VmEADtlAa3Lnlx5CxcM&_nc_sid=5e9851&_nc_ht=instagram.fhan3-2.fna.fbcdn.net&_nc_ohc=kJ5yyLjOWo0Q7kNvwGUVAtB&efg=eyJ2ZW5jb2RlX3RhZyI6Inhwdl9wcm9ncmVzc2l2ZS5JTlNUQUdSQU0uRkVFRC5DMy4zNjAuZGFzaF9iYXNlbGluZV8zX3YxIiwieHB2X2Fzc2V0X2lkIjoxMDI0ODMzNzEzMTUwMTQyLCJhc3NldF9hZ2VfZGF5cyI6MjA4LCJ2aV91c2VjYXNlX2lkIjoxMDA5OSwiZHVyYXRpb25fcyI6NzIsInVybGdlbl9zb3VyY2UiOiJ3d3cifQ%3D%3D&ccb=17-1&_nc_gid=m1-JHnpvJFZGIKin4sUOGA&_nc_zt=28&vs=3e8fe8e8efe2ef36&_nc_vs=HBksFQIYUmlnX3hwdl9yZWVsc19wZXJtYW5lbnRfc3JfcHJvZC80QzRBODVDNUJEQ0YyNjlEOTUyNTY5QTQyRDRDOTdCMl92aWRlb19kYXNoaW5pdC5tcDQVAALIARIAFQIYRmlnX3hwdl9yZWVsc19wZXJtYW5lbnRfc3JfcHJvZC83MzM5OTk3MjkxNTM4MjlfNzU1MTI4MjkxMjc0Njc2MTg5Mi5tcDQVAgLIARIAKAAYABsCiAd1c2Vfb2lsATEScHJvZ3Jlc3NpdmVfcmVjaXBlATEVAAAm_OLolpaF0gMVAigCQzMsF0BSHrhR64UfGBJkYXNoX2Jhc2VsaW5lXzNfdjERAHXqB2XmnQEA&oh=00_AfrBO8KhuQOXh003Q-VBcRlebSsfdBbfGLD9qztDtTWQOQ&oe=6963A8C0']",,https://www.threads.net/@ab.idkhan155/post/DK8FXd9KpOR,[],"{'likes': 1721, 'reposts': 92, 'quotes': 7}",threads,3655820600463233937,Abid Khan,,"In the darkest of the hospital.

A child cries out: “where is my sister?” 💔
What was her fault?
They were sleep the missile struck.",threads,65086009615,ab.idkhan155
[],2026-01-10T10:32:35.923105+07:00,"Israel just made filming illegal.
Let that sit.

No more live coverage. No more foreign cameras. No more footage of missile strikes or war crimes. They raided international journalists in Haifa and seized their equipment.

Why?

Because Iran hit back—and the world started seeing too much. This ain’t new. Israel has a history of silencing press.

More journalists have died in Gaza than in both World Wars combined.
They didn’t just ban reporting.
They declared truth a crime.",2025-06-18T19:24:08+07:00,,3657679939336468204,threads,threads.com,threads_crawler_v1,https://www.threads.net/@richyoungrulerdaily/post/DLCsIaOOPbs,https://instagram.fhan4-1.fna.fbcdn.net/v/t51.2885-19/609718221_18551131654025105_8595979197611118447_n.jpg?stp=dst-jpg_s150x150_tt6&efg=eyJ2ZW5jb2RlX3RhZyI6InByb2ZpbGVfcGljLmRqYW5nby4xMDgwLmMyIn0&_nc_ht=instagram.fhan4-1.fna.fbcdn.net&_nc_cat=105&_nc_oc=Q6cZ2QHdCp_EhfOSI94ikKrsbELFlmLE-B5w4nH2hz7k9ISQJMqvVaDheqNL1aLIXMMXXC0&_nc_ohc=IrXI_iV7GzoQ7kNvwFxh9z3&_nc_gid=m1-JHnpvJFZGIKin4sUOGA&edm=AJhczIQBAAAA&ccb=7-5&oh=00_Afrt-LqImkoCBesjqYBCSHByc9q3r6hxvN4Q8u9nONdGUw&oe=6967A19D&_nc_sid=4a2096,330,0,11932,1861,0,[],,https://www.threads.net/@richyoungrulerdaily/post/DLCsIaOOPbs,[],"{'likes': 11932, 'reposts': 1816, 'quotes': 45}",threads,3657679939336468204,Chris Turner,,"Israel just made filming illegal.
Let that sit.

No more live coverage. No more foreign cameras. No more footage of missile strikes or war crimes. They raided international journalists in Haifa and seized their equipment.

Why?

Because Iran hit back—and the world started seeing too much. This ain’t new. Israel has a history of silencing press.

More journalists have died in Gaza than in both World Wars combined.
They didn’t just ban reporting.
They declared truth a crime.",threads,69881231847,richyoungrulerdaily
[],2026-01-10T10:32:35.923275+07:00,"Oreshnik missile system: While Russia maintains technical control, Putin has confirmed he will allow President Lukashenko to select targets if the missiles are used against targets closer to Belarus.",2026-01-01T03:15:48+07:00,,3799973378661451900,threads,threads.com,threads_crawler_v1,https://www.threads.net/@amash.41/post/DS8N6efDoh8,https://instagram.fhan4-6.fna.fbcdn.net/v/t51.2885-19/611298000_17937822498112713_6266127884628674091_n.jpg?stp=dst-jpg_s150x150_tt6&efg=eyJ2ZW5jb2RlX3RhZyI6InByb2ZpbGVfcGljLmRqYW5nby42MDguYzIifQ&_nc_ht=instagram.fhan4-6.fna.fbcdn.net&_nc_cat=109&_nc_oc=Q6cZ2QHdCp_EhfOSI94ikKrsbELFlmLE-B5w4nH2hz7k9ISQJMqvVaDheqNL1aLIXMMXXC0&_nc_ohc=HjpnE2MB9wgQ7kNvwF9xZTO&_nc_gid=m1-JHnpvJFZGIKin4sUOGA&edm=AJhczIQBAAAA&ccb=7-5&oh=00_AfpDJ7oNHX7WOwgUkO0RJDFCNkNKTlyrjHJsjJbC8igjWg&oe=6967A958&_nc_sid=4a2096,47,0,66,4,0,['https://instagram.fhan4-6.fna.fbcdn.net/v/t51.2885-15/607794516_17937337710112713_1820316468253338455_n.jpg?stp=dst-jpg_e35_tt6&efg=eyJ2ZW5jb2RlX3RhZyI6InRocmVhZHMuRkVFRC5pbWFnZV91cmxnZW4uMTQ0MHg4MTAuc2RyLmY4Mjc4Ny5kZWZhdWx0X2ltYWdlLmMyIn0&_nc_ht=instagram.fhan4-6.fna.fbcdn.net&_nc_cat=109&_nc_oc=Q6cZ2QHdCp_EhfOSI94ikKrsbELFlmLE-B5w4nH2hz7k9ISQJMqvVaDheqNL1aLIXMMXXC0&_nc_ohc=-brA1d-qR98Q7kNvwEa5CtD&_nc_gid=m1-JHnpvJFZGIKin4sUOGA&edm=AJhczIQBAAAA&ccb=7-5&ig_cache_key=Mzc5OTk3MzM3ODY2MTQ1MTkwMA%3D%3D.3-ccb7-5&oh=00_AfoUqdaWHDNaFQ2yl8wBsXg9kE2URjPVw68-X_qvP35YpQ&oe=6967A73D&_nc_sid=4a2096'],,https://www.threads.net/@amash.41/post/DS8N6efDoh8,[],"{'likes': 66, 'reposts': 4, 'quotes': 0}",threads,3799973378661451900,Amash,,"Oreshnik missile system: While Russia maintains technical control, Putin has confirmed he will allow President Lukashenko to select targets if the missiles are used against targets closer to Belarus.",threads,63487968712,amash.41
[],2026-01-10T10:32:35.923495+07:00,"This is definitely the worst drone and missile attack I’ve ever experienced here in Kyiv. It’s not even close.

the sky is full of black smoke.",2025-06-10T07:55:38+07:00,,3651535201876202725,threads,threads.com,threads_crawler_v1,https://www.threads.net/@terrelljstarr/post/DKs2-tgqlTl,https://instagram.fhan4-6.fna.fbcdn.net/v/t51.2885-19/491443367_17905607937114284_3214195383997001138_n.jpg?stp=dst-jpg_s150x150_tt6&efg=eyJ2ZW5jb2RlX3RhZyI6InByb2ZpbGVfcGljLmRqYW5nby4xMDgwLmMyIn0&_nc_ht=instagram.fhan4-6.fna.fbcdn.net&_nc_cat=108&_nc_oc=Q6cZ2QHdCp_EhfOSI94ikKrsbELFlmLE-B5w4nH2hz7k9ISQJMqvVaDheqNL1aLIXMMXXC0&_nc_ohc=Rv2w0RyvIR0Q7kNvwH1qWZb&_nc_gid=m1-JHnpvJFZGIKin4sUOGA&edm=AJhczIQBAAAA&ccb=7-5&oh=00_AfpOsFvRSsVz8qMmPnySJke4EPZDSBJnU_nR_wTKHPXZqA&oe=69679DF7&_nc_sid=4a2096,28,0,672,51,0,[],,https://www.threads.net/@terrelljstarr/post/DKs2-tgqlTl,[],"{'likes': 672, 'reposts': 47, 'quotes': 4}",threads,3651535201876202725,Terrell J. Starr,,"This is definitely the worst drone and missile attack I’ve ever experienced here in Kyiv. It’s not even close.

the sky is full of black smoke.",threads,63432130283,terrelljstarr
[],2026-01-10T10:32:35.923662+07:00,"For all of those who are applauding the shooting of a missile at a Venezuelan boat, remember that Trump pardoned Ross Ulbricht. He was the largest distributor of Fentanyl in the US.",2025-09-04T21:13:45+07:00,,3714267617168274975,threads,threads.com,threads_crawler_v1,https://www.threads.net/@rick_pierce36251/post/DOLurgCDTYf,https://instagram.fhan3-3.fna.fbcdn.net/v/t51.2885-19/461839247_2189070584810999_2232796411383547503_n.jpg?stp=dst-jpg_s150x150_tt6&efg=eyJ2ZW5jb2RlX3RhZyI6InByb2ZpbGVfcGljLmRqYW5nby45MzIuYzIifQ&_nc_ht=instagram.fhan3-3.fna.fbcdn.net&_nc_cat=111&_nc_oc=Q6cZ2QHdCp_EhfOSI94ikKrsbELFlmLE-B5w4nH2hz7k9ISQJMqvVaDheqNL1aLIXMMXXC0&_nc_ohc=YVys3JtiQVkQ7kNvwExZbE_&_nc_gid=m1-JHnpvJFZGIKin4sUOGA&edm=AJhczIQBAAAA&ccb=7-5&oh=00_AfrPvaes4CLnkj9xr-fB8xf4kgk4yp8qHr1Pp0hB9HYQ-w&oe=6967869D&_nc_sid=4a2096,298,0,14130,2254,0,[],,https://www.threads.net/@rick_pierce36251/post/DOLurgCDTYf,[],"{'likes': 14130, 'reposts': 2180, 'quotes': 74}",threads,3714267617168274975,Rick Pierce,,"For all of those who are applauding the shooting of a missile at a Venezuelan boat, remember that Trump pardoned Ross Ulbricht. He was the largest distributor of Fentanyl in the US.",threads,65352627586,rick_pierce36251
[],2026-01-10T10:32:35.923819+07:00,"BREAKING:

Russia says it is ready to produce S-500 missile jointly with India again.",2025-05-12T14:03:23+07:00,,3630701795090619769,threads,threads.com,threads_crawler_v1,https://www.threads.net/@dailydigestt/post/DJi2Avdv915,https://instagram.fhan3-2.fna.fbcdn.net/v/t51.2885-19/498313132_17890350012255679_4615335622911722141_n.jpg?stp=dst-jpg_s150x150_tt6&efg=eyJ2ZW5jb2RlX3RhZyI6InByb2ZpbGVfcGljLmRqYW5nby4xMDgwLmMyIn0&_nc_ht=instagram.fhan3-2.fna.fbcdn.net&_nc_cat=107&_nc_oc=Q6cZ2QHdCp_EhfOSI94ikKrsbELFlmLE-B5w4nH2hz7k9ISQJMqvVaDheqNL1aLIXMMXXC0&_nc_ohc=xcFFf2i_6i0Q7kNvwGLAuK5&_nc_gid=m1-JHnpvJFZGIKin4sUOGA&edm=AJhczIQBAAAA&ccb=7-5&oh=00_Afom8W000sv3LUVf7OFa2KaniejxteU7I2FG7ZASZ67YDw&oe=69678F52&_nc_sid=4a2096,262,0,11101,104,0,['https://instagram.fhan3-2.fna.fbcdn.net/v/t51.2885-15/497395897_17889627066255679_3213050061345740434_n.webp?efg=eyJ2ZW5jb2RlX3RhZyI6InRocmVhZHMuRkVFRC5pbWFnZV91cmxnZW4uNjYweDM3MS5zZHIuZjc1NzYxLmRlZmF1bHRfaW1hZ2UuYzIifQ&_nc_ht=instagram.fhan3-2.fna.fbcdn.net&_nc_cat=107&_nc_oc=Q6cZ2QHdCp_EhfOSI94ikKrsbELFlmLE-B5w4nH2hz7k9ISQJMqvVaDheqNL1aLIXMMXXC0&_nc_ohc=Rre9zDWSitMQ7kNvwHZYgVv&_nc_gid=m1-JHnpvJFZGIKin4sUOGA&edm=AJhczIQBAAAA&ccb=7-5&ig_cache_key=MzYzMDcwMTc5NTA5MDYxOTc2OQ%3D%3D.3-ccb7-5&oh=00_AfrXGNkuJVJDTLk1oOcshXtfeE9LM6PKwvOw-nYr7sq4IQ&oe=6967AA2D&_nc_sid=4a2096'],,https://www.threads.net/@dailydigestt/post/DJi2Avdv915,[],"{'likes': 11101, 'reposts': 99, 'quotes': 5}",threads,3630701795090619769,Daily Digest,,"BREAKING:

Russia says it is ready to produce S-500 missile jointly with India again.",threads,67583991678,dailydigestt
[],2026-01-10T10:32:35.923976+07:00,Soook Iran just shot a missile at a hospital and yall are silent now.  Get your standards straight,2025-06-19T17:38:34+07:00,,3658351578730215529,threads,threads.com,threads_crawler_v1,https://www.threads.net/@malachi.hmar/post/DLFE2DJtDhp,https://instagram.fhan4-3.fna.fbcdn.net/v/t51.2885-19/471965076_603987298795956_8717848049739609624_n.jpg?stp=dst-jpg_s150x150_tt6&efg=eyJ2ZW5jb2RlX3RhZyI6InByb2ZpbGVfcGljLmRqYW5nby4xMDgwLmMyIn0&_nc_ht=instagram.fhan4-3.fna.fbcdn.net&_nc_cat=100&_nc_oc=Q6cZ2QHdCp_EhfOSI94ikKrsbELFlmLE-B5w4nH2hz7k9ISQJMqvVaDheqNL1aLIXMMXXC0&_nc_ohc=1JEXrOc4LGAQ7kNvwG4zQyW&_nc_gid=m1-JHnpvJFZGIKin4sUOGA&edm=AJhczIQBAAAA&ccb=7-5&oh=00_Afo8hLRR3R1sB77B00_yh_frbGwQY8OiUHU3ioabBZ1TJg&oe=6967A272&_nc_sid=4a2096,117,0,45,0,0,[],,https://www.threads.net/@malachi.hmar/post/DLFE2DJtDhp,[],"{'likes': 45, 'reposts': 0, 'quotes': 0}",threads,3658351578730215529,Malachi Hmar,,Soook Iran just shot a missile at a hospital and yall are silent now.  Get your standards straight,threads,71442883810,malachi.hmar
[],2026-01-10T10:32:35.924132+07:00,"There will be Missile strikes by ""him"" in San Diego. Supposedly in Camp Pendleton. Saturday. Be careful everyone. Be ready to bug out just in case.",2025-10-16T21:37:07+07:00,,3744719961877208118,threads,threads.com,threads_crawler_v1,https://www.threads.net/@insuranceladee/post/DP36vcHAVw2,https://instagram.fhan4-3.fna.fbcdn.net/v/t51.2885-19/440903113_458855050011718_7016156262407891988_n.jpg?stp=dst-jpg_s150x150_tt6&efg=eyJ2ZW5jb2RlX3RhZyI6InByb2ZpbGVfcGljLmRqYW5nby4xMDgwLmMyIn0&_nc_ht=instagram.fhan4-3.fna.fbcdn.net&_nc_cat=110&_nc_oc=Q6cZ2QHdCp_EhfOSI94ikKrsbELFlmLE-B5w4nH2hz7k9ISQJMqvVaDheqNL1aLIXMMXXC0&_nc_ohc=QR1gmQjz7NIQ7kNvwHjAyVZ&_nc_gid=m1-JHnpvJFZGIKin4sUOGA&edm=AJhczIQBAAAA&ccb=7-5&oh=00_Afr0z1-o91AQaYz3Wmldmrg8ECZDuxDKrA3BST29wd-wsw&oe=6967968A&_nc_sid=4a2096,214,0,215,16,0,[],,https://www.threads.net/@insuranceladee/post/DP36vcHAVw2,[],"{'likes': 215, 'reposts': 15, 'quotes': 1}",threads,3744719961877208118,Amber M Lidskin,,"There will be Missile strikes by ""him"" in San Diego. Supposedly in Camp Pendleton. Saturday. Be careful everyone. Be ready to bug out just in case.",threads,63428378505,insuranceladee
[],2026-01-10T10:32:35.924289+07:00,"Pakistan’s First Reaction After India’s Missile Attack: ‘India Attacked Civilian Settlements, Not Terrorist Sites’

#operationsindoor #india #pakistan #aurangabadtimes",2025-05-07T09:10:42+07:00,,3626930572907219946,threads,threads.com,threads_crawler_v1,https://www.threads.net/@aurangabadtimes/post/DJVciPHI4vq,https://instagram.fhan3-3.fna.fbcdn.net/v/t51.2885-19/609800814_18321037894220002_2882481125258813698_n.jpg?stp=dst-jpg_s150x150_tt6&efg=eyJ2ZW5jb2RlX3RhZyI6InByb2ZpbGVfcGljLmRqYW5nby4xMDgwLmMyIn0&_nc_ht=instagram.fhan3-3.fna.fbcdn.net&_nc_cat=1&_nc_oc=Q6cZ2QHdCp_EhfOSI94ikKrsbELFlmLE-B5w4nH2hz7k9ISQJMqvVaDheqNL1aLIXMMXXC0&_nc_ohc=YhKwY6Lsp6oQ7kNvwGPEEOs&_nc_gid=m1-JHnpvJFZGIKin4sUOGA&edm=AJhczIQBAAAA&ccb=7-5&oh=00_Afo4dKQ4YoUKOOYtf25WmIxrOAiu48QW-qN0W5jNR8kX7A&oe=696796AE&_nc_sid=4a2096,64,0,417,5,0,"['https://instagram.fhan4-3.fna.fbcdn.net/v/t51.2885-15/496147652_18293200981220002_8135225987399295987_n.jpg?stp=dst-jpg_e15_tt6&efg=eyJ2ZW5jb2RlX3RhZyI6InRocmVhZHMuRkVFRC5pbWFnZV91cmxnZW4uNzIweDEyODAuc2RyLmY3NTc2MS5kZWZhdWx0X2NvdmVyX2ZyYW1lLmMyIn0&_nc_ht=instagram.fhan4-3.fna.fbcdn.net&_nc_cat=110&_nc_oc=Q6cZ2QHdCp_EhfOSI94ikKrsbELFlmLE-B5w4nH2hz7k9ISQJMqvVaDheqNL1aLIXMMXXC0&_nc_ohc=l9mfHUqeRDQQ7kNvwGYR2fn&_nc_gid=m1-JHnpvJFZGIKin4sUOGA&edm=AJhczIQBAAAA&ccb=7-5&ig_cache_key=MzYyNjkzMDU3MjkwNzIxOTk0Ng%3D%3D.3-ccb7-5&oh=00_AfojBLA5mTpPdZandAFUcAwP2Uq738RimX2MNJRkkSGu8A&oe=6967AF91&_nc_sid=4a2096', 'https://instagram.fhan4-5.fna.fbcdn.net/o1/v/t2/f2/m367/AQOi39IfHZShw2ZtllK3LWwDb4e0Jv9qhBukosQNoZNf4GWbZKy2rKlYQt-dEbVqvWb0QvcGjLNMvyndtxImtM5RZuZY3GgsVnNM8fc.mp4?_nc_cat=102&_nc_oc=Adlprg_8o5zPAZUPOSM2gg32BHkWvbk80h6Il1_SXCX6lr_slaPABas6NommYl4PtpE&_nc_sid=5e9851&_nc_ht=instagram.fhan4-5.fna.fbcdn.net&_nc_ohc=BQRNTVa3OYoQ7kNvwFrHNvW&efg=eyJ2ZW5jb2RlX3RhZyI6Inhwdl9wcm9ncmVzc2l2ZS5JTlNUQUdSQU0uRkVFRC5DMy43MjAuZGFzaF9iYXNlbGluZV8xX3YxIiwieHB2X2Fzc2V0X2lkIjoxMjE2NzE2NTkwMDA3OTI1LCJhc3NldF9hZ2VfZGF5cyI6MjQ4LCJ2aV91c2VjYXNlX2lkIjoxMDA5OSwiZHVyYXRpb25fcyI6NjAsIndhdGNoX3RpbWVfcyI6ODksInVybGdlbl9zb3VyY2UiOiJ3d3cifQ%3D%3D&ccb=17-1&vs=6e6286a2cf215caf&_nc_vs=HBksFQIYQGlnX2VwaGVtZXJhbC8xRDQ2RUU1OEExNTlGNDZCODlFRUJBQjRBRDVENkNCNV92aWRlb19kYXNoaW5pdC5tcDQVAALIARIAFQIYR2lnX3hwdl9yZWVsc19wZXJtYW5lbnRfc3JfcHJvZC8yOTM3MTk2NjM5NzkyNzQ0XzY3Njg1MjQ3ODI0NTM0MjQ3NDQubXA0FQICyAESACgAGAAbAogHdXNlX29pbAExEnByb2dyZXNzaXZlX3JlY2lwZQExFQAAJuqZnoKdpqkEFQIoAkMzLBdATghysCDEnBgSZGFzaF9iYXNlbGluZV8xX3YxEQB16gdl5p0BAA&_nc_gid=m1-JHnpvJFZGIKin4sUOGA&_nc_zt=28&oh=00_Afo4cM5Qton_UReGxto2P5iCu4xSgDfeJZZqlqk2l8jc6Q&oe=69678D77']",,https://www.threads.net/@aurangabadtimes/post/DJVciPHI4vq,[],"{'likes': 417, 'reposts': 3, 'quotes': 2}",threads,3626930572907219946,𝘼𝙐𝙍𝘼𝙉𝙂𝘼𝘽𝘼𝘿 𝙏𝙄𝙈𝙀𝙎™,,"Pakistan’s First Reaction After India’s Missile Attack: ‘India Attacked Civilian Settlements, Not Terrorist Sites’

#operationsindoor #india #pakistan #aurangabadtimes",threads,72481598156,aurangabadtimes
[],2026-01-10T10:32:35.924493+07:00,"📍Location: Israel (Haifa)🇮🇱
Real video shows a large fire in Haifa, Israel, caused by Iranian missile strikes on June 13, 2025, targeting the Haifa oil refinery. Reliable sources such as Al Jazeera and the BBC",2025-06-15T10:18:12+07:00,,3655228751856904754,threads,threads.com,threads_crawler_v1,https://www.threads.net/@nakibhasan1/post/DK5-y7_Oaoy,https://instagram.fhan4-6.fna.fbcdn.net/v/t51.2885-19/358801466_1436351297149737_1725352484649918349_n.jpg?stp=dst-jpg_s150x150_tt6&efg=eyJ2ZW5jb2RlX3RhZyI6InByb2ZpbGVfcGljLmRqYW5nby4xMDgwLmMyIn0&_nc_ht=instagram.fhan4-6.fna.fbcdn.net&_nc_cat=109&_nc_oc=Q6cZ2QHdCp_EhfOSI94ikKrsbELFlmLE-B5w4nH2hz7k9ISQJMqvVaDheqNL1aLIXMMXXC0&_nc_ohc=8mu_OdgSnjAQ7kNvwFh8d2Z&_nc_gid=m1-JHnpvJFZGIKin4sUOGA&edm=AJhczIQBAAAA&ccb=7-5&oh=00_Afr2efAQ9ihkVIc9AwqwY7obSd6EbUK2_ZAQYrP0Z5NqYw&oe=69679F39&_nc_sid=4a2096,237,0,4611,258,0,"['https://instagram.fhan4-1.fna.fbcdn.net/v/t51.2885-15/505756111_17914673832104729_4938919223268140519_n.jpg?stp=dst-jpg_e15_tt6&efg=eyJ2ZW5jb2RlX3RhZyI6InRocmVhZHMuRkVFRC5pbWFnZV91cmxnZW4uNDgweDY0Mi5zZHIuZjc1NzYxLmRlZmF1bHRfY292ZXJfZnJhbWUuYzIifQ&_nc_ht=instagram.fhan4-1.fna.fbcdn.net&_nc_cat=105&_nc_oc=Q6cZ2QHdCp_EhfOSI94ikKrsbELFlmLE-B5w4nH2hz7k9ISQJMqvVaDheqNL1aLIXMMXXC0&_nc_ohc=20cm-nBKPHcQ7kNvwHL5Wai&_nc_gid=m1-JHnpvJFZGIKin4sUOGA&edm=AJhczIQBAAAA&ccb=7-5&ig_cache_key=MzY1NTIyODc1MTg1NjkwNDc1NA%3D%3D.3-ccb7-5&oh=00_Afpv2ei7ftfkCCc2OAtPSejgAqQVajvBv1i8Otp30qPe9A&oe=6967A7A5&_nc_sid=4a2096', 'https://instagram.fhan3-3.fna.fbcdn.net/o1/v/t16/f2/m84/AQMdKiWWSYrqnkR29V771_cfDFkgHCCHAC5hZF4iLUuaTWcy72jOi2nZH5aAt2ZsObGJugsvBdazxnUGbdJd6ZY6XEVgnk61lg2__28.mp4?_nc_cat=101&_nc_oc=Adn7yY_dkGRQt--Re-zR3tQId1zrosk4Cy_3NVkRavlv5JKnaMHQ8MWMe1-IzwSwJ8g&_nc_sid=5e9851&_nc_ht=instagram.fhan3-3.fna.fbcdn.net&_nc_ohc=jNMgbmNza3sQ7kNvwEMvycv&efg=eyJ2ZW5jb2RlX3RhZyI6Inhwdl9wcm9ncmVzc2l2ZS5JTlNUQUdSQU0uRkVFRC5DMy4zNjAuZGFzaF9iYXNlbGluZV8zX3YxIiwieHB2X2Fzc2V0X2lkIjo3Mjc1MDMyMDMyOTYzNDEsImFzc2V0X2FnZV9kYXlzIjoyMDksInZpX3VzZWNhc2VfaWQiOjEwMTY0LCJkdXJhdGlvbl9zIjoyNCwidXJsZ2VuX3NvdXJjZSI6Ind3dyJ9&ccb=17-1&_nc_gid=m1-JHnpvJFZGIKin4sUOGA&_nc_zt=28&vs=d7c9fb20389c630d&_nc_vs=HBksFQIYTGlnX2JhY2tmaWxsX3RpbWVsaW5lX3ZvZC9GMjRFRkE0RTEzOEM0RjY1M0NBNkQ2MTUzRjFDMjM4M192aWRlb19kYXNoaW5pdC5tcDQVAALIARIAFQIYOnBhc3N0aHJvdWdoX2V2ZXJzdG9yZS9HTGJMU3g2X1ZCTE5NTWtHQUp2UThGVWR5OGxIYmtZTEFBQUYVAgLIARIAKAAYABsCiAd1c2Vfb2lsATEScHJvZ3Jlc3NpdmVfcmVjaXBlATEVAAAmqpGLoKHqygIVAigCQzMsF0A4GRaHKwIMGBJkYXNoX2Jhc2VsaW5lXzNfdjERAHXqB2XongEA&oh=00_AfpcHzRfOaf9Zd6HiLu6dGGrPogV1jtEQlFJLT9jzuw5SQ&oe=6963B54F']",,https://www.threads.net/@nakibhasan1/post/DK5-y7_Oaoy,[],"{'likes': 4611, 'reposts': 224, 'quotes': 34}",threads,3655228751856904754,Nakib Hasan,IranIsraelWar,"📍Location: Israel (Haifa)🇮🇱
Real video shows a large fire in Haifa, Israel, caused by Iranian missile strikes on June 13, 2025, targeting the Haifa oil refinery. Reliable sources such as Al Jazeera and the BBC",threads,63317656728,nakibhasan1
