categories,collectDate,content,createDate,description,docId,docType,domain,fromCrawler,link,logoLink,numComments,numDislikes,numLikes,numShares,numViews,pictures,postId,postLink,provinces,reactions,source,sourceId,sourceName,tags,title,type,userId,userName
[],2026-01-16T09:14:19.494855+07:00,"Breaking news out of Frisco Texas! 

#breakingnews #news #foxnews #friscotx #texas",2026-01-15T22:59:58+07:00,,3810716237115321008,threads,threads.com,threads_crawler_v1,https://www.threads.net/@nicksrightpodcast/post/DTiYjpFEmqw,https://instagram.fhan3-3.fna.fbcdn.net/v/t51.2885-19/504041067_17868519636399913_3827301166408114652_n.jpg?stp=dst-jpg_s150x150_tt6&efg=eyJ2ZW5jb2RlX3RhZyI6InByb2ZpbGVfcGljLmRqYW5nby4xMDI0LmMyIn0&_nc_ht=instagram.fhan3-3.fna.fbcdn.net&_nc_cat=1&_nc_oc=Q6cZ2QE32Rav30hY3QdQtSAbVOOFk_VMvd9EUtiFaojnBOg_wwcJzTZLb1zOjmvxLO4Fs1I&_nc_ohc=2BXMGQ-s5ywQ7kNvwFb98IH&_nc_gid=ibC2KQyTMiL78Ldwx4KmKw&edm=AJhczIQBAAAA&ccb=7-5&oh=00_AfqCGbDKI9WneCsJly_Vb_gkOAst5UEFR2taISfmE9KxiA&oe=696F8434&_nc_sid=4a2096,47,0,623,140,0,"['https://instagram.fhan4-5.fna.fbcdn.net/v/t51.2885-15/611738671_1866695980875050_1330100885800623731_n.jpg?stp=dst-jpg_e15_tt6&efg=eyJ2ZW5jb2RlX3RhZyI6InRocmVhZHMuRkVFRC5pbWFnZV91cmxnZW4uNjQweDExMzYuc2RyLmY3MTg3OC5kZWZhdWx0X2NvdmVyX2ZyYW1lLmMyIn0&_nc_ht=instagram.fhan4-5.fna.fbcdn.net&_nc_cat=102&_nc_oc=Q6cZ2QE32Rav30hY3QdQtSAbVOOFk_VMvd9EUtiFaojnBOg_wwcJzTZLb1zOjmvxLO4Fs1I&_nc_ohc=_VM3rKm1CLcQ7kNvwH6bGQp&_nc_gid=ibC2KQyTMiL78Ldwx4KmKw&edm=AJhczIQBAAAA&ccb=7-5&ig_cache_key=MzgxMDcxNjIzNzExNTMyMTAwOA%3D%3D.3-ccb7-5&oh=00_AfpXEr6Q2kWSzpvix2UKEiCNIqtxVZFzzGo6Xpbyqosu6g&oe=696F56A5&_nc_sid=4a2096', 'https://instagram.fhan3-3.fna.fbcdn.net/o1/v/t16/f2/m69/AQPy5UFDavjbnIqKrcUKXfK41GH5mNI3_NyPJxoLK2dxqjaXyMlVbnk-oiNJZ17ywqwp6Mzmr5IphIg4wyRqj4Hr.mp4?strext=1&_nc_cat=111&_nc_oc=AdnlNzYPEMxafjjWTS6YTq8HzLB6CeQ0F_TyfVwOqnMpaBadqbUehKuAfTQ-GQ8qPD4&_nc_sid=5e9851&_nc_ht=instagram.fhan3-3.fna.fbcdn.net&_nc_ohc=Tfuq6UKCkpoQ7kNvwFxPu53&efg=eyJ2ZW5jb2RlX3RhZyI6Inhwdl9wcm9ncmVzc2l2ZS5JTlNUQUdSQU0uRkVFRC5DMy43MjAuZGFzaF9iYXNlbGluZV8xX3YxIiwieHB2X2Fzc2V0X2lkIjoxNjM1ODI0MzA0MjQ3ODk4LCJhc3NldF9hZ2VfZGF5cyI6MCwidmlfdXNlY2FzZV9pZCI6MTAwOTksImR1cmF0aW9uX3MiOjc0LCJ1cmxnZW5fc291cmNlIjoid3d3In0%3D&ccb=17-1&vs=f79586c9e650ee03&_nc_vs=HBksFQIYOnBhc3N0aHJvdWdoX2V2ZXJzdG9yZS9HSi1mdnlST205THU1T1lFQU9nOE5Ncl90UnNTYnNwVEFRQUYVAALIARIAFQIYOnBhc3N0aHJvdWdoX2V2ZXJzdG9yZS9HSHl3dHlUNkEwNXI3alVEQUR3cHUtMEozNlZHYnN0VEFRQUYVAgLIARIAKAAYABsCiAd1c2Vfb2lsATEScHJvZ3Jlc3NpdmVfcmVjaXBlATEVAAAmtNGO6cDx5wUVAigCQzMsF0BSszMzMzMzGBJkYXNoX2Jhc2VsaW5lXzFfdjERAHXqB2XmnQEA&_nc_gid=ibC2KQyTMiL78Ldwx4KmKw&_nc_zt=28&oh=00_AfreiCRTtpNHGMrGH-IWzyRtxfQWIDhqxYSdjPH6crY7rw&oe=696F7315']",,https://www.threads.net/@nicksrightpodcast/post/DTiYjpFEmqw,[],"{'likes': 623, 'reposts': 130, 'quotes': 10}",threads,3810716237115321008,Nick’s Right Podcast,,"Breaking news out of Frisco Texas! 

#breakingnews #news #foxnews #friscotx #texas",threads,72523231477,nicksrightpodcast
[],2026-01-16T09:14:19.494979+07:00,"Federal land agencies are slashing staffing and failing to hire enough seasonal firefighters. That’s why more than 160 local elected leaders are demanding accountability, calling on state attorneys general to ensure the fed. government fulfills its basic responsibility to protect our communities.",2026-01-16T08:09:38+07:00,,3810992907231241300,threads,threads.com,threads_crawler_v1,https://www.threads.net/@themountainpact/post/DTjXduNDSRU,https://instagram.fhan4-6.fna.fbcdn.net/v/t51.2885-19/445919015_877440060857096_6795509030133232709_n.jpg?stp=dst-jpg_s150x150_tt6&efg=eyJ2ZW5jb2RlX3RhZyI6InByb2ZpbGVfcGljLmRqYW5nby45MzYuYzIifQ&_nc_ht=instagram.fhan4-6.fna.fbcdn.net&_nc_cat=108&_nc_oc=Q6cZ2QE32Rav30hY3QdQtSAbVOOFk_VMvd9EUtiFaojnBOg_wwcJzTZLb1zOjmvxLO4Fs1I&_nc_ohc=hZepJpCquI8Q7kNvwFy0Ux-&_nc_gid=ibC2KQyTMiL78Ldwx4KmKw&edm=AJhczIQBAAAA&ccb=7-5&oh=00_AfqwqzVvKV6NQgpe82-OOyPPrOGFkBOHHhwosI_iwCByYQ&oe=696F6304&_nc_sid=4a2096,0,0,0,0,0,['https://instagram.fhan4-5.fna.fbcdn.net/v/t51.2885-15/617014167_17921862069235118_8087312145914840568_n.jpg?stp=dst-jpg_e35_tt6&efg=eyJ2ZW5jb2RlX3RhZyI6InRocmVhZHMuRkVFRC5pbWFnZV91cmxnZW4uMTA4MHgxMDgwLnNkci5mODI3ODcuZGVmYXVsdF9pbWFnZS5jMiJ9&_nc_ht=instagram.fhan4-5.fna.fbcdn.net&_nc_cat=102&_nc_oc=Q6cZ2QE32Rav30hY3QdQtSAbVOOFk_VMvd9EUtiFaojnBOg_wwcJzTZLb1zOjmvxLO4Fs1I&_nc_ohc=fQGJbmHXYpIQ7kNvwGh3dvK&_nc_gid=ibC2KQyTMiL78Ldwx4KmKw&edm=AJhczIQBAAAA&ccb=7-5&ig_cache_key=MzgxMDk5MjkwNzIzMTI0MTMwMA%3D%3D.3-ccb7-5&oh=00_AfrhkJR6RKGQbky8ngD6s4jgCgwHe1hqwU-E10Lha7j7YQ&oe=696F746A&_nc_sid=4a2096'],,https://www.threads.net/@themountainpact/post/DTjXduNDSRU,[],"{'likes': 0, 'reposts': 0, 'quotes': 0}",threads,3810992907231241300,The Mountain Pact,,"Federal land agencies are slashing staffing and failing to hire enough seasonal firefighters. That’s why more than 160 local elected leaders are demanding accountability, calling on state attorneys general to ensure the fed. government fulfills its basic responsibility to protect our communities.",threads,66993451117,themountainpact
[],2026-01-16T09:14:19.495026+07:00,"Its a west coast thing 🤣. Our western friends here periodically talk about secession and we go “we would rather you stayed but have at it, good luck” and they go “oh! Well…” and it dies down because they feel noticed again. 

Different circumstances for you guys, absolutely, but the bass beat is the same.",2026-01-16T07:58:04+07:00,,3810987081754388610,threads,threads.com,threads_crawler_v1,https://www.threads.net/@la_vita_bicicletta/post/DTjWI8zkqiC,https://instagram.fhan4-3.fna.fbcdn.net/v/t51.2885-19/599307270_17934268299116328_4336237513729475805_n.jpg?stp=dst-jpg_s150x150_tt6&efg=eyJ2ZW5jb2RlX3RhZyI6InByb2ZpbGVfcGljLmRqYW5nby4xMDgwLmMyIn0&_nc_ht=instagram.fhan4-3.fna.fbcdn.net&_nc_cat=100&_nc_oc=Q6cZ2QE32Rav30hY3QdQtSAbVOOFk_VMvd9EUtiFaojnBOg_wwcJzTZLb1zOjmvxLO4Fs1I&_nc_ohc=MPwxWM24FXYQ7kNvwHFYppY&_nc_gid=ibC2KQyTMiL78Ldwx4KmKw&edm=AJhczIQBAAAA&ccb=7-5&oh=00_Afoilcf1ysIHyTJTpoTVFpNEfIMnfvA2LVpb2Y7G1uY8Wg&oe=696F8323&_nc_sid=4a2096,1,0,1,0,0,[],,https://www.threads.net/@la_vita_bicicletta/post/DTjWI8zkqiC,[],"{'likes': 1, 'reposts': 0, 'quotes': 0}",threads,3810987081754388610,Shane,,"Its a west coast thing 🤣. Our western friends here periodically talk about secession and we go “we would rather you stayed but have at it, good luck” and they go “oh! Well…” and it dies down because they feel noticed again. 

Different circumstances for you guys, absolutely, but the bass beat is the same.",threads,63440316327,la_vita_bicicletta
[],2026-01-16T09:14:19.495087+07:00,Caden needs to sue the living fuck out of the United States government. He was exercising his first amendment rights as the United States Constitution still stands.,2026-01-16T07:43:35+07:00,,3810979793312236397,threads,threads.com,threads_crawler_v1,https://www.threads.net/@lark.02760/post/DTjUe46kUNt,https://instagram.fhan4-5.fna.fbcdn.net/v/t51.2885-19/564898659_17842198539603255_2463973447381162900_n.jpg?stp=dst-jpg_s150x150_tt6&efg=eyJ2ZW5jb2RlX3RhZyI6InByb2ZpbGVfcGljLmRqYW5nby43MjAuYzIifQ&_nc_ht=instagram.fhan4-5.fna.fbcdn.net&_nc_cat=103&_nc_oc=Q6cZ2QE32Rav30hY3QdQtSAbVOOFk_VMvd9EUtiFaojnBOg_wwcJzTZLb1zOjmvxLO4Fs1I&_nc_ohc=r6qtU3uDNGYQ7kNvwEKiRSx&_nc_gid=ibC2KQyTMiL78Ldwx4KmKw&edm=AJhczIQBAAAA&ccb=7-5&oh=00_AfrYua2YrtV5bKlm4xxn6gIcoWYTRsJVgyRZEo6aoV4rmQ&oe=696F7969&_nc_sid=4a2096,12,0,42,0,0,[],,https://www.threads.net/@lark.02760/post/DTjUe46kUNt,[],"{'likes': 42, 'reposts': 0, 'quotes': 0}",threads,3810979793312236397,LR Kovach,,Caden needs to sue the living fuck out of the United States government. He was exercising his first amendment rights as the United States Constitution still stands.,threads,78015859254,lark.02760
[],2026-01-16T09:14:19.495124+07:00,"Kalshi Scan:
Highest OI:
* Will the Federal Reserve Cut rates by 25bps at their January 2026 meeting?/Cut 25bps (12,697,060)
* Will the Buffalo win the 2026 Pro Football Championship?/ (12,428,798)
* Will the Miami (FL) win the College Football Playoff National Championship?/ (11,651,504)
* Will the Indiana win the College Football Playoff National Championship?/ (11,325,000)
* Will the Seattle win the 2026 Pro Football Championship?/ (10,371,294)",2026-01-16T07:54:27+07:00,,3810984987454508310,threads,threads.com,threads_crawler_v1,https://www.threads.net/@stockviz.official/post/DTjVqeVko0W,https://instagram.fhan4-6.fna.fbcdn.net/v/t51.2885-19/537709666_17852578794530073_2094674300173674598_n.jpg?stp=dst-jpg_s150x150_tt6&efg=eyJ2ZW5jb2RlX3RhZyI6InByb2ZpbGVfcGljLmRqYW5nby4zMDguYzIifQ&_nc_ht=instagram.fhan4-6.fna.fbcdn.net&_nc_cat=109&_nc_oc=Q6cZ2QE32Rav30hY3QdQtSAbVOOFk_VMvd9EUtiFaojnBOg_wwcJzTZLb1zOjmvxLO4Fs1I&_nc_ohc=qdQRM3gPBfEQ7kNvwEnfGkr&_nc_gid=ibC2KQyTMiL78Ldwx4KmKw&edm=AJhczIQBAAAA&ccb=7-5&oh=00_AfqfguReHbYPBIncnjF7nCwjRF0aiCoXyWiFR50LWd9XJw&oe=696F89B4&_nc_sid=4a2096,3,0,0,0,0,[],,https://www.threads.net/@stockviz.official/post/DTjVqeVko0W,[],"{'likes': 0, 'reposts': 0, 'quotes': 0}",threads,3810984987454508310,stockviz,,"Kalshi Scan:
Highest OI:
* Will the Federal Reserve Cut rates by 25bps at their January 2026 meeting?/Cut 25bps (12,697,060)
* Will the Buffalo win the 2026 Pro Football Championship?/ (12,428,798)
* Will the Miami (FL) win the College Football Playoff National Championship?/ (11,651,504)
* Will the Indiana win the College Football Playoff National Championship?/ (11,325,000)
* Will the Seattle win the 2026 Pro Football Championship?/ (10,371,294)",threads,76054482072,stockviz.official
[],2026-01-16T09:14:19.495155+07:00,"It’s like the Bible accordance to me and the federal reserve who has their hands on the Brittain presses, pervert you mine bitches",2026-01-16T07:47:24+07:00,,3810981717198001633,threads,threads.com,threads_crawler_v1,https://www.threads.net/@edwin_f_johnson/post/DTjU64rGFXh,https://instagram.fhan3-3.fna.fbcdn.net/v/t51.2885-19/534314945_17851097244533569_3224800326022922999_n.jpg?stp=dst-jpg_s150x150_tt6&efg=eyJ2ZW5jb2RlX3RhZyI6InByb2ZpbGVfcGljLmRqYW5nby43NTAuYzIifQ&_nc_ht=instagram.fhan3-3.fna.fbcdn.net&_nc_cat=101&_nc_oc=Q6cZ2QE32Rav30hY3QdQtSAbVOOFk_VMvd9EUtiFaojnBOg_wwcJzTZLb1zOjmvxLO4Fs1I&_nc_ohc=z-R9wAez-tkQ7kNvwGydNVa&_nc_gid=ibC2KQyTMiL78Ldwx4KmKw&edm=AJhczIQBAAAA&ccb=7-5&oh=00_AfrV4sPPAARLl0qmYsH07F9peSxCs_bON9gBdBu0GghciA&oe=696F8CF8&_nc_sid=4a2096,0,0,0,0,0,[],,https://www.threads.net/@edwin_f_johnson/post/DTjU64rGFXh,[],"{'likes': 0, 'reposts': 0, 'quotes': 0}",threads,3810981717198001633,Edwin F Johnson,,"It’s like the Bible accordance to me and the federal reserve who has their hands on the Brittain presses, pervert you mine bitches",threads,75944197568,edwin_f_johnson
[],2026-01-16T09:14:19.495184+07:00,Glenn Beck gives an excellent primer on the Federal Reserve. Who are they? Who do they answer to? What kind of control do they have? Who can check their books? They have a BILLION DOLLARS in cost overruns for the PALACE they are building!!!,2026-01-15T21:26:11+07:00,,3810669043419469396,threads,threads.com,threads_crawler_v1,https://www.threads.net/@charlesnida/post/DTiN04hmFZU,https://instagram.fhan4-3.fna.fbcdn.net/v/t51.2885-19/464635574_3852752258333794_1441683531933688137_n.jpg?stp=dst-jpg_s150x150_tt6&efg=eyJ2ZW5jb2RlX3RhZyI6InByb2ZpbGVfcGljLmRqYW5nby45NTYuYzIifQ&_nc_ht=instagram.fhan4-3.fna.fbcdn.net&_nc_cat=110&_nc_oc=Q6cZ2QE32Rav30hY3QdQtSAbVOOFk_VMvd9EUtiFaojnBOg_wwcJzTZLb1zOjmvxLO4Fs1I&_nc_ohc=pTrR2YPJdtgQ7kNvwEAH0ZS&_nc_gid=ibC2KQyTMiL78Ldwx4KmKw&edm=AJhczIQBAAAA&ccb=7-5&oh=00_AfqVtIp9vV2MET2UhUk0XWD2mTPSywAcHkaWpwrZMvnTxQ&oe=696F5C06&_nc_sid=4a2096,8,0,3,0,0,[],,https://www.threads.net/@charlesnida/post/DTiN04hmFZU,[],"{'likes': 3, 'reposts': 0, 'quotes': 0}",threads,3810669043419469396,Charles Nida,,Glenn Beck gives an excellent primer on the Federal Reserve. Who are they? Who do they answer to? What kind of control do they have? Who can check their books? They have a BILLION DOLLARS in cost overruns for the PALACE they are building!!!,threads,69446009072,charlesnida
[],2026-01-16T09:14:19.495216+07:00,"A shift in the federal reserve and crypto.

##xrparmy #xrpcommunity #xrpcrypto #crypto #cryptonews",2026-01-16T07:40:16+07:00,,3810978112562044021,threads,threads.com,threads_crawler_v1,https://www.threads.net/@therealtrtalks__/post/DTjUGbmDJx1,https://instagram.fhan3-4.fna.fbcdn.net/v/t51.2885-19/548869946_17923790001114258_1999498281495503226_n.jpg?stp=dst-jpg_s150x150_tt6&efg=eyJ2ZW5jb2RlX3RhZyI6InByb2ZpbGVfcGljLmRqYW5nby4xMDgwLmMyIn0&_nc_ht=instagram.fhan3-4.fna.fbcdn.net&_nc_cat=106&_nc_oc=Q6cZ2QE32Rav30hY3QdQtSAbVOOFk_VMvd9EUtiFaojnBOg_wwcJzTZLb1zOjmvxLO4Fs1I&_nc_ohc=xfVhhf1KqYQQ7kNvwFv-gXJ&_nc_gid=ibC2KQyTMiL78Ldwx4KmKw&edm=AJhczIQBAAAA&ccb=7-5&oh=00_AfpXs5iZwG140UBS0uMdCEF8jaLLGnHbT1ax8GWvV5gR5g&oe=696F7E2F&_nc_sid=4a2096,0,0,0,0,0,"['https://instagram.fhan4-3.fna.fbcdn.net/v/t51.2885-15/617801935_1374516164156916_2994164415378019813_n.jpg?stp=dst-jpg_e15_tt6&efg=eyJ2ZW5jb2RlX3RhZyI6InRocmVhZHMuRkVFRC5pbWFnZV91cmxnZW4uNjQweDExMzYuc2RyLmY3MTg3OC5kZWZhdWx0X2NvdmVyX2ZyYW1lLmMyIn0&_nc_ht=instagram.fhan4-3.fna.fbcdn.net&_nc_cat=100&_nc_oc=Q6cZ2QE32Rav30hY3QdQtSAbVOOFk_VMvd9EUtiFaojnBOg_wwcJzTZLb1zOjmvxLO4Fs1I&_nc_ohc=93JYu2M1U9QQ7kNvwGTh7J6&_nc_gid=ibC2KQyTMiL78Ldwx4KmKw&edm=AJhczIQBAAAA&ccb=7-5&ig_cache_key=MzgxMDk3ODExMjU2MjA0NDAyMQ%3D%3D.3-ccb7-5&oh=00_AfomtrN-UMN_m7msvQTv9Y69uzr1BHK2mC16NA4BBC8fHQ&oe=696F8C46&_nc_sid=4a2096', 'https://instagram.fhan4-6.fna.fbcdn.net/o1/v/t16/f2/m69/AQPVc7lLDw4oKLvli-dihBj5SbzI86-rgH8G6okohe805pgfwjUQvx-khc5IrLOthFQhrh9UXDlNHCW-RpM8njZN.mp4?strext=1&_nc_cat=108&_nc_oc=AdlwLx1f9bBIdB6PQSj1jERCaiSJpfxwrcjqcAUD4H3VHNcFlkRWK8Hrbci6Ni7vCa8&_nc_sid=5e9851&_nc_ht=instagram.fhan4-6.fna.fbcdn.net&_nc_ohc=T-8jywI6cZ4Q7kNvwGFACm0&efg=eyJ2ZW5jb2RlX3RhZyI6Inhwdl9wcm9ncmVzc2l2ZS5JTlNUQUdSQU0uRkVFRC5DMy43MjAuZGFzaF9iYXNlbGluZV8xX3YxIiwieHB2X2Fzc2V0X2lkIjoxNTY5MzQxODU3NzM0MTU0LCJhc3NldF9hZ2VfZGF5cyI6MCwidmlfdXNlY2FzZV9pZCI6MTAwOTksImR1cmF0aW9uX3MiOjE3MCwidXJsZ2VuX3NvdXJjZSI6Ind3dyJ9&ccb=17-1&_nc_gid=ibC2KQyTMiL78Ldwx4KmKw&_nc_zt=28&vs=37bf212350c1c9d9&_nc_vs=HBksFQIYOnBhc3N0aHJvdWdoX2V2ZXJzdG9yZS9HSm1ZdGlTU01XbXdPNmNDQUljVzZFSDRDcWNVYnNwVEFRQUYVAALIARIAFQIYUWlnX3hwdl9wbGFjZW1lbnRfcGVybWFuZW50X3YyLzdFNDE2NzE4MDE0NDMyRDhCMzE2REVERThCRDZFMDgzX2F1ZGlvX2Rhc2hpbml0Lm1wNBUCAsgBEgAoABgAGwKIB3VzZV9vaWwBMRJwcm9ncmVzc2l2ZV9yZWNpcGUBMRUAACaU-LD_29PJBRUCKAJDMywXQGVHdLxqfvoYEmRhc2hfYmFzZWxpbmVfMV92MREAdeoHZeadAQA&oh=00_AfoyguSjRBStxkm_rv-i_ZVAT08ys4GOchrt4f73cBsq8Q&oe=696F72A8']",,https://www.threads.net/@therealtrtalks__/post/DTjUGbmDJx1,[],"{'likes': 0, 'reposts': 0, 'quotes': 0}",threads,3810978112562044021,Coachty23,,"A shift in the federal reserve and crypto.

##xrparmy #xrpcommunity #xrpcrypto #crypto #cryptonews",threads,63391474257,therealtrtalks__
[],2026-01-16T09:14:19.495246+07:00,"The current federal reserve system was created by JP Morgan and other financiers after JP Morgan personally bailed out the United States twice. The fed chairman position was designed, by necessity, to be apolitical because politicians fuck things up 😑",2026-01-16T05:45:30+07:00,,3810920361937017965,threads,threads.com,threads_crawler_v1,https://www.threads.net/@nola_janelle1/post/DTjG-DIjxxt,https://instagram.fhan4-3.fna.fbcdn.net/v/t51.2885-19/476072013_838462418381232_1997367778872993865_n.jpg?stp=dst-jpg_s150x150_tt6&efg=eyJ2ZW5jb2RlX3RhZyI6InByb2ZpbGVfcGljLmRqYW5nby4xMDgwLmMyIn0&_nc_ht=instagram.fhan4-3.fna.fbcdn.net&_nc_cat=100&_nc_oc=Q6cZ2QE32Rav30hY3QdQtSAbVOOFk_VMvd9EUtiFaojnBOg_wwcJzTZLb1zOjmvxLO4Fs1I&_nc_ohc=fFJHtXeIoI4Q7kNvwFvZwH7&_nc_gid=ibC2KQyTMiL78Ldwx4KmKw&edm=AJhczIQBAAAA&ccb=7-5&oh=00_AfpCuCdDFNy_bCOKYo00_QU6cOtNmcGSNnOCp5YzEXSfzg&oe=696F7E0E&_nc_sid=4a2096,1,0,4,0,0,[],,https://www.threads.net/@nola_janelle1/post/DTjG-DIjxxt,[],"{'likes': 4, 'reposts': 0, 'quotes': 0}",threads,3810920361937017965,Janelle Johnson,,"The current federal reserve system was created by JP Morgan and other financiers after JP Morgan personally bailed out the United States twice. The fed chairman position was designed, by necessity, to be apolitical because politicians fuck things up 😑",threads,69371047827,nola_janelle1
[],2026-01-16T09:14:19.495293+07:00,"There are hundreds of millions of pennies still in circulation. They didn’t all miraculously disappear the second new ones stopped being minted. This is pretty much legal skimming. Pennies will be around for a long, long time",2026-01-15T22:54:50+07:00,,3810713661703564681,threads,threads.com,threads_crawler_v1,https://www.threads.net/@da_willer/post/DTiX-Kika2J,https://instagram.fhan4-1.fna.fbcdn.net/v/t51.2885-19/450417613_1018368383143637_2542781715813450994_n.jpg?stp=dst-jpg_s150x150_tt6&efg=eyJ2ZW5jb2RlX3RhZyI6InByb2ZpbGVfcGljLmRqYW5nby4xMDgwLmMyIn0&_nc_ht=instagram.fhan4-1.fna.fbcdn.net&_nc_cat=105&_nc_oc=Q6cZ2QE32Rav30hY3QdQtSAbVOOFk_VMvd9EUtiFaojnBOg_wwcJzTZLb1zOjmvxLO4Fs1I&_nc_ohc=7G96djW2fSQQ7kNvwEfuCB4&_nc_gid=ibC2KQyTMiL78Ldwx4KmKw&edm=AJhczIQBAAAA&ccb=7-5&oh=00_AfqJztzvYlYwEtK9eNBulnVO_tfRDHmY2sDh9gnvMULzIA&oe=696F659C&_nc_sid=4a2096,3,0,14,0,0,[],,https://www.threads.net/@da_willer/post/DTiX-Kika2J,[],"{'likes': 14, 'reposts': 0, 'quotes': 0}",threads,3810713661703564681,Willow Oberholtzer,,"There are hundreds of millions of pennies still in circulation. They didn’t all miraculously disappear the second new ones stopped being minted. This is pretty much legal skimming. Pennies will be around for a long, long time",threads,63498561178,da_willer
[],2026-01-16T09:14:19.495342+07:00,CNN anchor Abby Phillip hit President Donald Trump with a side-by-side video receipt trashing Federal Reserve Chairman Jerome Powell for opposite reasons in two speeches a year apart at the same venue.,2026-01-15T01:31:09+07:00,,3810067083410228468,threads,threads.com,threads_crawler_v1,https://www.threads.net/@mediaite/post/DTgE9NlE0T0,https://instagram.fhan3-3.fna.fbcdn.net/v/t51.2885-19/358032420_830257531770757_1458246925023551474_n.jpg?stp=dst-jpg_s150x150_tt6&efg=eyJ2ZW5jb2RlX3RhZyI6InByb2ZpbGVfcGljLmRqYW5nby40MDAuYzIifQ&_nc_ht=instagram.fhan3-3.fna.fbcdn.net&_nc_cat=101&_nc_oc=Q6cZ2QE32Rav30hY3QdQtSAbVOOFk_VMvd9EUtiFaojnBOg_wwcJzTZLb1zOjmvxLO4Fs1I&_nc_ohc=lMl3ZSpDvfIQ7kNvwGOSWzj&_nc_gid=ibC2KQyTMiL78Ldwx4KmKw&edm=AJhczIQBAAAA&ccb=7-5&oh=00_Afq0cxh2dXChfFbBexKcEfcDvGyAfEbp68C_HgnitePf0Q&oe=696F77AC&_nc_sid=4a2096,24,0,795,118,0,"['https://instagram.fhan3-3.fna.fbcdn.net/v/t51.2885-15/616035985_1411473306691705_7085785033109240013_n.jpg?stp=dst-jpg_e15_tt6&efg=eyJ2ZW5jb2RlX3RhZyI6InRocmVhZHMuRkVFRC5pbWFnZV91cmxnZW4uNjQweDM2MC5zZHIuZjcxODc4LmRlZmF1bHRfY292ZXJfZnJhbWUuYzIifQ&_nc_ht=instagram.fhan3-3.fna.fbcdn.net&_nc_cat=101&_nc_oc=Q6cZ2QE32Rav30hY3QdQtSAbVOOFk_VMvd9EUtiFaojnBOg_wwcJzTZLb1zOjmvxLO4Fs1I&_nc_ohc=KhBn2tROpAAQ7kNvwF8dfQO&_nc_gid=ibC2KQyTMiL78Ldwx4KmKw&edm=AJhczIQBAAAA&ccb=7-5&ig_cache_key=MzgxMDA2NzA4MzQxMDIyODQ2OA%3D%3D.3-ccb7-5&oh=00_Afr79kuJa-EwiTOGk3F1VCcERVS9GwYWzvrtJ1bxZ8ArzA&oe=696F644A&_nc_sid=4a2096', 'https://instagram.fhan3-4.fna.fbcdn.net/o1/v/t16/f2/m84/AQN4u_BqUtOM2JY1iWjsePorLCR5L8OPqBI5cDKBFNMRMaTumxUVXk67s2T4Em1npmt9EneXGSiOJNsYTm5027fXafCNvkoFrH-bFjg.mp4?_nc_cat=104&_nc_oc=AdlbiaBOjBzZIIFgxdMegrs6gPk1rC0eIukF0gtNg_7FGOIAbTY4qsB3P70CGUu7ko4&_nc_sid=5e9851&_nc_ht=instagram.fhan3-4.fna.fbcdn.net&_nc_ohc=QUi6J1ewi-UQ7kNvwHrWabZ&efg=eyJ2ZW5jb2RlX3RhZyI6Inhwdl9wcm9ncmVzc2l2ZS5JTlNUQUdSQU0uRkVFRC5DMy4xMjgwLmRhc2hfYmFzZWxpbmVfMV92MSIsInhwdl9hc3NldF9pZCI6MjA1MTY3NDU3ODk4NzQxMCwiYXNzZXRfYWdlX2RheXMiOjEsInZpX3VzZWNhc2VfaWQiOjEwMTY0LCJkdXJhdGlvbl9zIjo4OCwidXJsZ2VuX3NvdXJjZSI6Ind3dyJ9&ccb=17-1&_nc_gid=ibC2KQyTMiL78Ldwx4KmKw&_nc_zt=28&vs=23128649c8c27942&_nc_vs=HBksFQIYTGlnX2JhY2tmaWxsX3RpbWVsaW5lX3ZvZC9EOTQ1NTdBNTYyODUyODJFQzRGMkQ0NjMyMTY1RDU4OV92aWRlb19kYXNoaW5pdC5tcDQVAALIARIAFQIYOnBhc3N0aHJvdWdoX2V2ZXJzdG9yZS9HQjIya3lSaXJwaHp0Z2dGQU14TUdJMHVGbXRQYnNwVEFRQUYVAgLIARIAKAAYABsCiAd1c2Vfb2lsATEScHJvZ3Jlc3NpdmVfcmVjaXBlATEVAAAmpKbN55b_pAcVAigCQzMsF0BWKIMSbpeNGBJkYXNoX2Jhc2VsaW5lXzFfdjERAHXqB2XongEA&oh=00_AfohEETw-x_B7C76W4QEuQH0JwP0Q3Kq9hckKTtIorlRSQ&oe=696B8818']",,https://www.threads.net/@mediaite/post/DTgE9NlE0T0,[],"{'likes': 795, 'reposts': 115, 'quotes': 3}",threads,3810067083410228468,Mediaite,,CNN anchor Abby Phillip hit President Donald Trump with a side-by-side video receipt trashing Federal Reserve Chairman Jerome Powell for opposite reasons in two speeches a year apart at the same venue.,threads,63079082339,mediaite
[],2026-01-16T09:14:19.495386+07:00,"Chicago Fed President Austan Goolsbee warned that attacks on the Federal Reserve and Chair Jerome Powell risk undermining the central bank’s independence and could reignite inflation.

Speaking on CNBC, Goolsbee said politicizing the Fed is “a mess” and cautioned that weakening its independence would allow inflation to come “roaring back.”",2026-01-16T07:15:50+07:00,,3810965823847219830,threads,threads.com,threads_crawler_v1,https://www.threads.net/@stocksharks/post/DTjRTm1kUJ2,https://instagram.fhan3-4.fna.fbcdn.net/v/t51.2885-19/358428998_499805798990044_2210891151042073801_n.jpg?stp=dst-jpg_s150x150_tt6&efg=eyJ2ZW5jb2RlX3RhZyI6InByb2ZpbGVfcGljLmRqYW5nby4xMDgwLmMyIn0&_nc_ht=instagram.fhan3-4.fna.fbcdn.net&_nc_cat=104&_nc_oc=Q6cZ2QE32Rav30hY3QdQtSAbVOOFk_VMvd9EUtiFaojnBOg_wwcJzTZLb1zOjmvxLO4Fs1I&_nc_ohc=Jn2-cs9kXToQ7kNvwG2n_VT&_nc_gid=ibC2KQyTMiL78Ldwx4KmKw&edm=AJhczIQBAAAA&ccb=7-5&oh=00_AfrrfTOlQjO2IRuv5pHZAlhjwA5hjy0_Sw7aLFRqhXXp3w&oe=696F58BF&_nc_sid=4a2096,0,0,0,0,0,['https://instagram.fhan4-6.fna.fbcdn.net/v/t51.2885-15/616689428_17939113077104672_2803648603967863768_n.jpg?stp=dst-jpg_e35_tt6&efg=eyJ2ZW5jb2RlX3RhZyI6InRocmVhZHMuRkVFRC5pbWFnZV91cmxnZW4uMTA4MHgxMzUwLnNkci5mODI3ODcuZGVmYXVsdF9pbWFnZS5jMiJ9&_nc_ht=instagram.fhan4-6.fna.fbcdn.net&_nc_cat=108&_nc_oc=Q6cZ2QE32Rav30hY3QdQtSAbVOOFk_VMvd9EUtiFaojnBOg_wwcJzTZLb1zOjmvxLO4Fs1I&_nc_ohc=_H9F5us2SRMQ7kNvwH8UKAb&_nc_gid=ibC2KQyTMiL78Ldwx4KmKw&edm=AJhczIQBAAAA&ccb=7-5&ig_cache_key=MzgxMDk2NTgyMzg0NzIxOTgzMA%3D%3D.3-ccb7-5&oh=00_Afp0mg7YLW5KenVXqpRizKHJgmVSVUZPP2S7F2aGcbD0EA&oe=696F8B94&_nc_sid=4a2096'],,https://www.threads.net/@stocksharks/post/DTjRTm1kUJ2,[],"{'likes': 0, 'reposts': 0, 'quotes': 0}",threads,3810965823847219830,Stock Sharks 📈🦈,,"Chicago Fed President Austan Goolsbee warned that attacks on the Federal Reserve and Chair Jerome Powell risk undermining the central bank’s independence and could reignite inflation.

Speaking on CNBC, Goolsbee said politicizing the Fed is “a mess” and cautioned that weakening its independence would allow inflation to come “roaring back.”",threads,63252832671,stocksharks
[],2026-01-16T09:14:19.495437+07:00,"I’m Powell. As Federal Reserve Chair, I am committed to serving the American people and safeguarding the Fed’s independence. While the DOJ investigation is concerning, I categorically deny any wrongdoing and will fully cooperate.
I thank former Chairs Ben Bernanke and Janet Yellen for their support in emphasizing the importance of the Fed’s independence. My focus remains on ensuring maximum employment, stable prices, and a resilient financial system for the well-being of all Americans.",2026-01-14T22:49:41+07:00,,3809986298882680691,threads,threads.com,threads_crawler_v1,https://www.threads.net/@jeromepowell1953o/post/DTfylpIAedz,https://instagram.fhan3-3.fna.fbcdn.net/v/t51.2885-19/613600578_17842168947681299_687606169617699452_n.jpg?stp=dst-jpg_s150x150_tt6&efg=eyJ2ZW5jb2RlX3RhZyI6InByb2ZpbGVfcGljLmRqYW5nby4xMDI0LmMyIn0&_nc_ht=instagram.fhan3-3.fna.fbcdn.net&_nc_cat=111&_nc_oc=Q6cZ2QHAhUl4PDA2SO40hLmPrMNkzP3mPhe5kNFdD5T-Eb_MoQDzykg90RkXLKJJvlVARWU&_nc_ohc=dF5jfJoCSbYQ7kNvwH9bVNd&_nc_gid=4X49YrNHzsxPIaCchLo5YA&edm=AJhczIQBAAAA&ccb=7-5&oh=00_Afr8_BtiTuSulCUua1npsy2RPG_XTH3TBmFcjmyYkgRxFQ&oe=696F85D9&_nc_sid=4a2096,53,0,1833,127,0,['https://instagram.fhan3-3.fna.fbcdn.net/v/t51.2885-15/614834627_17842325571681299_2370846970918047105_n.jpg?stp=dst-jpg_e35_tt6&efg=eyJ2ZW5jb2RlX3RhZyI6InRocmVhZHMuRkVFRC5pbWFnZV91cmxnZW4uODk2eDExNTIuc2RyLmY4Mjc4Ny5kZWZhdWx0X2ltYWdlLmMyIn0&_nc_ht=instagram.fhan3-3.fna.fbcdn.net&_nc_cat=111&_nc_oc=Q6cZ2QHAhUl4PDA2SO40hLmPrMNkzP3mPhe5kNFdD5T-Eb_MoQDzykg90RkXLKJJvlVARWU&_nc_ohc=i2kEB2wJzEQQ7kNvwFqwkHt&_nc_gid=4X49YrNHzsxPIaCchLo5YA&edm=AJhczIQBAAAA&ccb=7-5&ig_cache_key=MzgwOTk4NjI5ODg4MjY4MDY5MQ%3D%3D.3-ccb7-5&oh=00_AfqMBWoFXzrrNei5kVjRy6iscjKi1K6Qr9l5BUemQ1eHjA&oe=696F75D5&_nc_sid=4a2096'],,https://www.threads.net/@jeromepowell1953o/post/DTfylpIAedz,[],"{'likes': 1833, 'reposts': 124, 'quotes': 3}",threads,3809986298882680691,jeromepowell,,"I’m Powell. As Federal Reserve Chair, I am committed to serving the American people and safeguarding the Fed’s independence. While the DOJ investigation is concerning, I categorically deny any wrongdoing and will fully cooperate.
I thank former Chairs Ben Bernanke and Janet Yellen for their support in emphasizing the importance of the Fed’s independence. My focus remains on ensuring maximum employment, stable prices, and a resilient financial system for the well-being of all Americans.",threads,80411689298,jeromepowell1953o
[],2026-01-16T09:14:19.495471+07:00,"The cartels, the federal reserve and now Iran. Good luck to the orange one ✌🏼",2026-01-16T06:50:46+07:00,,3810953209888640116,threads,threads.com,threads_crawler_v1,https://www.threads.net/@intergalacticbae6/post/DTjOcDLDAx0,https://instagram.ftpe7-4.fna.fbcdn.net/v/t51.2885-19/573323465_1219825463302212_7278921664109726296_n.png?stp=dst-jpg_e0_s150x150_tt6&efg=eyJ2ZW5jb2RlX3RhZyI6InByb2ZpbGVfcGljLmRqYW5nby4xNTAuYzIifQ&_nc_ht=instagram.ftpe7-4.fna.fbcdn.net&_nc_cat=1&_nc_oc=Q6cZ2QGgZWW_ac-I51K0hpJuENLm4W0ZU5C3JHA_-pKvmeviQS2DOAOmU_cM7CQF2RH59xvDLX80019frpzKHUcHs8Bs&_nc_ohc=Vz-r0K6PSJQQ7kNvwG0OEXa&_nc_gid=UhYsfWyGq_Amtcda3aRnCg&edm=ANct6CgBAAAA&ccb=7-5&ig_cache_key=YW5vbnltb3VzX3Byb2ZpbGVfcGlj.3-ccb7-5&oh=00_Afq7yshVMoGYmvpnbSuoImJfe55tJY-ETyERo7PxfpCiEg&oe=696F72AA&_nc_sid=e9e035,0,0,0,0,0,[],,https://www.threads.net/@intergalacticbae6/post/DTjOcDLDAx0,[],"{'likes': 0, 'reposts': 0, 'quotes': 0}",threads,3810953209888640116,AGBaby,,"The cartels, the federal reserve and now Iran. Good luck to the orange one ✌🏼",threads,69454400751,intergalacticbae6
[],2026-01-16T09:14:19.495503+07:00,"US Health Insurance 
Why do people pay for medical HI, then submit a claim but have that claim rejected.?
It’s an absolute con what happens to US Citizens.",2026-01-16T06:21:13+07:00,,3810938340107881876,threads,threads.com,threads_crawler_v1,https://www.threads.net/@jncrochet1224/post/DTjLDqnDA2U,https://instagram.fhan4-6.fna.fbcdn.net/v/t51.2885-19/529260700_17843442078551481_8012777708611661386_n.jpg?stp=dst-jpg_s150x150_tt6&efg=eyJ2ZW5jb2RlX3RhZyI6InByb2ZpbGVfcGljLmRqYW5nby4xMDgwLmMyIn0&_nc_ht=instagram.fhan4-6.fna.fbcdn.net&_nc_cat=109&_nc_oc=Q6cZ2QHAhUl4PDA2SO40hLmPrMNkzP3mPhe5kNFdD5T-Eb_MoQDzykg90RkXLKJJvlVARWU&_nc_ohc=SkLahMZhmMAQ7kNvwFGaajU&_nc_gid=4X49YrNHzsxPIaCchLo5YA&edm=AJhczIQBAAAA&ccb=7-5&oh=00_AfqIaaWUHuzvOnPgzjfN6agQSAiNV2CeUU32K_OCmkSodg&oe=696F8C12&_nc_sid=4a2096,1,0,0,0,0,[],,https://www.threads.net/@jncrochet1224/post/DTjLDqnDA2U,[],"{'likes': 0, 'reposts': 0, 'quotes': 0}",threads,3810938340107881876,,,"US Health Insurance 
Why do people pay for medical HI, then submit a claim but have that claim rejected.?
It’s an absolute con what happens to US Citizens.",threads,76063828595,jncrochet1224
[],2026-01-16T09:14:19.495535+07:00,"Minnesota will remain an island of decency, of justice, of community, and of peace.",2026-01-16T05:10:49+07:00,,3810902666495228524,threads,threads.com,threads_crawler_v1,https://www.threads.net/@mngovernor/post/DTjC8i-CXps,https://instagram.fhan3-3.fna.fbcdn.net/v/t51.2885-19/442445934_359906233741485_6622464694215525885_n.jpg?stp=dst-jpg_s150x150_tt6&efg=eyJ2ZW5jb2RlX3RhZyI6InByb2ZpbGVfcGljLmRqYW5nby44MTYuYzIifQ&_nc_ht=instagram.fhan3-3.fna.fbcdn.net&_nc_cat=1&_nc_oc=Q6cZ2QHAhUl4PDA2SO40hLmPrMNkzP3mPhe5kNFdD5T-Eb_MoQDzykg90RkXLKJJvlVARWU&_nc_ohc=Ii68zGlVS40Q7kNvwHIg24Y&_nc_gid=4X49YrNHzsxPIaCchLo5YA&edm=AJhczIQBAAAA&ccb=7-5&oh=00_AfqtqPJEPQvdLwqztJGq2kvdF31Wn1Z1gj9YwUk33lfnYw&oe=696F5A1F&_nc_sid=4a2096,1414,0,17697,1455,0,"['https://instagram.fhan3-3.fna.fbcdn.net/v/t51.2885-15/616221728_1166753908775245_5711857682510390472_n.jpg?stp=dst-jpg_e15_tt6&efg=eyJ2ZW5jb2RlX3RhZyI6InRocmVhZHMuRkVFRC5pbWFnZV91cmxnZW4uNjQweDM2MC5zZHIuZjcxODc4LmRlZmF1bHRfY292ZXJfZnJhbWUuYzIifQ&_nc_ht=instagram.fhan3-3.fna.fbcdn.net&_nc_cat=1&_nc_oc=Q6cZ2QHAhUl4PDA2SO40hLmPrMNkzP3mPhe5kNFdD5T-Eb_MoQDzykg90RkXLKJJvlVARWU&_nc_ohc=bay0JRES64oQ7kNvwHZIgYu&_nc_gid=4X49YrNHzsxPIaCchLo5YA&edm=AJhczIQBAAAA&ccb=7-5&ig_cache_key=MzgxMDkwMjY2NjQ5NTIyODUyNA%3D%3D.3-ccb7-5&oh=00_AfpRKGOPQND0hmBdBkWCtB2tET2py8wy-Dli8apP-l4ycw&oe=696F7F2A&_nc_sid=4a2096', 'https://instagram.fhan3-3.fna.fbcdn.net/o1/v/t16/f2/m84/AQP4pKTy8VejrjlJKx3sayNG2TRC6h4wS73IKeEydOCVjcu0RIvbFSLDv6lSJGPB0lrBuXao-Jzas6sVpwQMIjhERZszz3agB_cqovo.mp4?_nc_cat=1&_nc_oc=Adk7fJeW994CwXBqTa-GQYyN4aFaWEM3u2mUPiAEQXeDFNH7YMN3bH6Zl4QiHLT1Dwk&_nc_sid=5e9851&_nc_ht=instagram.fhan3-3.fna.fbcdn.net&_nc_ohc=zc4Rj7nuPEYQ7kNvwHsVH5C&efg=eyJ2ZW5jb2RlX3RhZyI6Inhwdl9wcm9ncmVzc2l2ZS5JTlNUQUdSQU0uRkVFRC5DMy4xMjc2LmRhc2hfYmFzZWxpbmVfMV92MSIsInhwdl9hc3NldF9pZCI6NDMzNjQwMTE4MzI3MTc5NCwiYXNzZXRfYWdlX2RheXMiOjAsInZpX3VzZWNhc2VfaWQiOjEwMTY0LCJkdXJhdGlvbl9zIjo0MSwidXJsZ2VuX3NvdXJjZSI6Ind3dyJ9&ccb=17-1&_nc_gid=4X49YrNHzsxPIaCchLo5YA&_nc_zt=28&vs=a904b0cd9bfb2b&_nc_vs=HBksFQIYTGlnX2JhY2tmaWxsX3RpbWVsaW5lX3ZvZC8wODQ4Rjk1MUEwRTI3QjlBQ0QzMUE1MEEzNjU0NDBBMV92aWRlb19kYXNoaW5pdC5tcDQVAALIARIAFQIYUWlnX3hwdl9wbGFjZW1lbnRfcGVybWFuZW50X3YyL0NCNENERjM3RUMzNTUwQTY1NTE0MkQ3MzJEQzQ3OUI2X2F1ZGlvX2Rhc2hpbml0Lm1wNBUCAsgBEgAoABgAGwKIB3VzZV9vaWwBMRJwcm9ncmVzc2l2ZV9yZWNpcGUBMRUAACbkrY_C4vuzDxUCKAJDMywXQETZmZmZmZoYEmRhc2hfYmFzZWxpbmVfMV92MREAdeoHZeieAQA&oh=00_Afq8gDbrWwLfs-9d3kkZCQdWgEry0BtqJcZS5N_dZEDW8Q&oe=696B70DE']",,https://www.threads.net/@mngovernor/post/DTjC8i-CXps,[],"{'likes': 17697, 'reposts': 1396, 'quotes': 59}",threads,3810902666495228524,Governor Tim Walz,,"Minnesota will remain an island of decency, of justice, of community, and of peace.",threads,63409758532,mngovernor
[],2026-01-16T09:14:19.495566+07:00,"If you don't grow some balls and put an end to this madness, Europe will kick your ass! No more business with Europe! Do you idiots actually know that Great Britain, alongside Japan and China, has the most US government bonds? What do you think will happen to the US if they are all sold off?",2026-01-16T05:55:41+07:00,,3810925490119164489,threads,threads.com,threads_crawler_v1,https://www.threads.net/@ombra_khaleesi/post/DTjIIrICMJJ,https://instagram.fhan4-5.fna.fbcdn.net/v/t51.2885-19/420450461_343122681952082_6801840328796538945_n.jpg?stp=dst-jpg_s150x150_tt6&efg=eyJ2ZW5jb2RlX3RhZyI6InByb2ZpbGVfcGljLmRqYW5nby4xMDgwLmMyIn0&_nc_ht=instagram.fhan4-5.fna.fbcdn.net&_nc_cat=102&_nc_oc=Q6cZ2QHAhUl4PDA2SO40hLmPrMNkzP3mPhe5kNFdD5T-Eb_MoQDzykg90RkXLKJJvlVARWU&_nc_ohc=vJ7micyj3ZUQ7kNvwE_LAte&_nc_gid=4X49YrNHzsxPIaCchLo5YA&edm=AJhczIQBAAAA&ccb=7-5&oh=00_AfpaHM7jVVvdHxgUiqrY4FjKMkjkxILbJlIF2P_22RiD1g&oe=696F6BE7&_nc_sid=4a2096,2,0,26,0,0,[],,https://www.threads.net/@ombra_khaleesi/post/DTjIIrICMJJ,[],"{'likes': 26, 'reposts': 0, 'quotes': 0}",threads,3810925490119164489,,,"If you don't grow some balls and put an end to this madness, Europe will kick your ass! No more business with Europe! Do you idiots actually know that Great Britain, alongside Japan and China, has the most US government bonds? What do you think will happen to the US if they are all sold off?",threads,64046119485,ombra_khaleesi
[],2026-01-16T09:14:19.495595+07:00,"It's never YOUR fault is it DonOLD. What about the shortage of immigrant farm workers and your tariffs huh?

[Video] President Donald Trump blames federal reserve for climbing grocery prices 
Source: KVUE ",2026-01-16T06:23:54+07:00,,3810939690866870547,threads,threads.com,threads_crawler_v1,https://www.threads.net/@mtfotoman/post/DTjLXUmjokT,https://instagram.ftpe7-4.fna.fbcdn.net/v/t51.2885-19/573323465_1219825463302212_7278921664109726296_n.png?stp=dst-jpg_e0_s150x150_tt6&efg=eyJ2ZW5jb2RlX3RhZyI6InByb2ZpbGVfcGljLmRqYW5nby4xNTAuYzIifQ&_nc_ht=instagram.ftpe7-4.fna.fbcdn.net&_nc_cat=1&_nc_oc=Q6cZ2QGgZWW_ac-I51K0hpJuENLm4W0ZU5C3JHA_-pKvmeviQS2DOAOmU_cM7CQF2RH59xvDLX80019frpzKHUcHs8Bs&_nc_ohc=Vz-r0K6PSJQQ7kNvwG0OEXa&_nc_gid=UhYsfWyGq_Amtcda3aRnCg&edm=ANct6CgBAAAA&ccb=7-5&ig_cache_key=YW5vbnltb3VzX3Byb2ZpbGVfcGlj.3-ccb7-5&oh=00_Afq7yshVMoGYmvpnbSuoImJfe55tJY-ETyERo7PxfpCiEg&oe=696F72AA&_nc_sid=e9e035,0,0,0,0,0,[],,https://www.threads.net/@mtfotoman/post/DTjLXUmjokT,[],"{'likes': 0, 'reposts': 0, 'quotes': 0}",threads,3810939690866870547,Ken Stolz,,"It's never YOUR fault is it DonOLD. What about the shortage of immigrant farm workers and your tariffs huh?

[Video] President Donald Trump blames federal reserve for climbing grocery prices 
Source: KVUE https://share.newsbreak.com/gt584pcj",threads,68617588542,mtfotoman
[],2026-01-16T09:14:19.495632+07:00,"I've worked with executives for 20+ years who tried every sleep protocol.

Blackout curtains. Magnesium. Apps. Tracking. Cold rooms.

Still woke at 3AM wired.

Their shift: stopping sleep optimization. Starting nervous system retraining.

That's when sleep became automatic again.

Email from someone who had insomnia for 7 years after one call:",2026-01-16T06:23:41+07:00,,3810939582578524888,threads,threads.com,threads_crawler_v1,https://www.threads.net/@mattlabosco/post/DTjLVvwEYLY,https://instagram.fhan4-1.fna.fbcdn.net/v/t51.2885-19/541932890_17843276745570005_222894267124408894_n.jpg?stp=dst-jpg_s150x150_tt6&efg=eyJ2ZW5jb2RlX3RhZyI6InByb2ZpbGVfcGljLmRqYW5nby42MjYuYzIifQ&_nc_ht=instagram.fhan4-1.fna.fbcdn.net&_nc_cat=105&_nc_oc=Q6cZ2QHAhUl4PDA2SO40hLmPrMNkzP3mPhe5kNFdD5T-Eb_MoQDzykg90RkXLKJJvlVARWU&_nc_ohc=EOKK0bbOlQUQ7kNvwHdJBYG&_nc_gid=4X49YrNHzsxPIaCchLo5YA&edm=AJhczIQBAAAA&ccb=7-5&oh=00_Afrx7Ex3HxrmE84QdUo7JkCbltKXx6GWHdiAkCPiiJ8n8A&oe=696F65C9&_nc_sid=4a2096,1,0,0,0,0,['https://instagram.fhan4-1.fna.fbcdn.net/v/t51.2885-15/616303509_17862167202570005_484624745121462667_n.jpg?stp=dst-jpg_e35_tt6&efg=eyJ2ZW5jb2RlX3RhZyI6InRocmVhZHMuRkVFRC5pbWFnZV91cmxnZW4uNDY0eDIxNC5zZHIuZjgyNzg3LmRlZmF1bHRfaW1hZ2UuYzIifQ&_nc_ht=instagram.fhan4-1.fna.fbcdn.net&_nc_cat=105&_nc_oc=Q6cZ2QHAhUl4PDA2SO40hLmPrMNkzP3mPhe5kNFdD5T-Eb_MoQDzykg90RkXLKJJvlVARWU&_nc_ohc=c1lkohB21kAQ7kNvwEq0sXA&_nc_gid=4X49YrNHzsxPIaCchLo5YA&edm=AJhczIQBAAAA&ccb=7-5&ig_cache_key=MzgxMDkzOTU4MjU3ODUyNDg4OA%3D%3D.3-ccb7-5&oh=00_AfopUXa4mmtvv2v17U-bJsDvPR-HmUWBfUxrFlhLBI1bJg&oe=696F8610&_nc_sid=4a2096'],,https://www.threads.net/@mattlabosco/post/DTjLVvwEYLY,[],"{'likes': 0, 'reposts': 0, 'quotes': 0}",threads,3810939582578524888,Matthew LaBosco,,"I've worked with executives for 20+ years who tried every sleep protocol.

Blackout curtains. Magnesium. Apps. Tracking. Cold rooms.

Still woke at 3AM wired.

Their shift: stopping sleep optimization. Starting nervous system retraining.

That's when sleep became automatic again.

Email from someone who had insomnia for 7 years after one call:",threads,77092770004,mattlabosco
[],2026-01-16T09:14:19.495664+07:00,"Whether you like Trump or not..

Politicizing a criminal investigation into the Fed is dangerous. The dollar’s superpower is trust in U.S. institutions. 

If you Undermine the Fed’s independence and you invite volatility rates, markets, and confidence all get shakier.",2026-01-16T06:19:11+07:00,,3810937310356365830,threads,threads.com,threads_crawler_v1,https://www.threads.net/@danieltromello/post/DTjK0rlEuIG,https://instagram.fhan4-1.fna.fbcdn.net/v/t51.2885-19/447812383_1342258916956277_3171690031095785920_n.jpg?stp=dst-jpg_s150x150_tt6&efg=eyJ2ZW5jb2RlX3RhZyI6InByb2ZpbGVfcGljLmRqYW5nby44MTQuYzIifQ&_nc_ht=instagram.fhan4-1.fna.fbcdn.net&_nc_cat=105&_nc_oc=Q6cZ2QHAhUl4PDA2SO40hLmPrMNkzP3mPhe5kNFdD5T-Eb_MoQDzykg90RkXLKJJvlVARWU&_nc_ohc=VKQv_HP5LpoQ7kNvwGQUrqg&_nc_gid=4X49YrNHzsxPIaCchLo5YA&edm=AJhczIQBAAAA&ccb=7-5&oh=00_AfrNznxDUo8oX7_W3FOm3SB3R2Qgvoj2HUCjQaOeBiokfQ&oe=696F5D1F&_nc_sid=4a2096,1,0,0,0,0,[],,https://www.threads.net/@danieltromello/post/DTjK0rlEuIG,[],"{'likes': 0, 'reposts': 0, 'quotes': 0}",threads,3810937310356365830,Daniel Tromello,Federal Reserve,"Whether you like Trump or not..

Politicizing a criminal investigation into the Fed is dangerous. The dollar’s superpower is trust in U.S. institutions. 

If you Undermine the Fed’s independence and you invite volatility rates, markets, and confidence all get shakier.",threads,63496737577,danieltromello
[],2026-01-16T09:14:19.495699+07:00,"Reuters reminds Trump of JPMorgan Chase CEO Jamie Dimon’s concerns that White House interference in the Fed could harm the economy and his response was “I don’t care.”

Seems to be his response to a lot of things when you point out the probable consequences of his actions.",2026-01-16T06:19:08+07:00,,3810937291438931863,threads,threads.com,threads_crawler_v1,https://www.threads.net/@nastypersistentbabs/post/DTjK0Z9gb-X,https://instagram.fhan3-3.fna.fbcdn.net/v/t51.2885-19/610753407_17905184829341963_3085471089287661955_n.jpg?stp=dst-jpg_s150x150_tt6&efg=eyJ2ZW5jb2RlX3RhZyI6InByb2ZpbGVfcGljLmRqYW5nby45NTEuYzIifQ&_nc_ht=instagram.fhan3-3.fna.fbcdn.net&_nc_cat=111&_nc_oc=Q6cZ2QHAhUl4PDA2SO40hLmPrMNkzP3mPhe5kNFdD5T-Eb_MoQDzykg90RkXLKJJvlVARWU&_nc_ohc=L4K5rFr9FHIQ7kNvwGBUTaO&_nc_gid=4X49YrNHzsxPIaCchLo5YA&edm=AJhczIQBAAAA&ccb=7-5&oh=00_AfrQ87Lk5_bwc1Pis1zqaxDcdYq2my39QWvDORmUk6qyAQ&oe=696F7E1E&_nc_sid=4a2096,0,0,11,3,0,[],,https://www.threads.net/@nastypersistentbabs/post/DTjK0Z9gb-X,[],"{'likes': 11, 'reposts': 2, 'quotes': 1}",threads,3810937291438931863,Barbara Anne Mat,Federal Reserve,"Reuters reminds Trump of JPMorgan Chase CEO Jamie Dimon’s concerns that White House interference in the Fed could harm the economy and his response was “I don’t care.”

Seems to be his response to a lot of things when you point out the probable consequences of his actions.",threads,70233533962,nastypersistentbabs
[],2026-01-16T09:14:19.495742+07:00,"Get this lunatic under wraps before he ruins it for everyone.

",2026-01-15T16:48:41+07:00,,3810529379312062055,threads,threads.com,threads_crawler_v1,https://www.threads.net/@cyklops__performance/post/DThuEgMFc5n,https://instagram.fhan3-4.fna.fbcdn.net/v/t51.2885-19/358516936_1707677526335524_2496741140990747126_n.jpg?stp=dst-jpg_s150x150_tt6&efg=eyJ2ZW5jb2RlX3RhZyI6InByb2ZpbGVfcGljLmRqYW5nby4xMDgwLmMyIn0&_nc_ht=instagram.fhan3-4.fna.fbcdn.net&_nc_cat=104&_nc_oc=Q6cZ2QHAhUl4PDA2SO40hLmPrMNkzP3mPhe5kNFdD5T-Eb_MoQDzykg90RkXLKJJvlVARWU&_nc_ohc=cQ1w5PAOHVEQ7kNvwFH8VIv&_nc_gid=4X49YrNHzsxPIaCchLo5YA&edm=AJhczIQBAAAA&ccb=7-5&oh=00_Afr6BWTwQCJHiJPhM-QU9PkpRHQHkns2csAnPPvFDrLODg&oe=696F86EB&_nc_sid=4a2096,3,0,121,12,0,[],,https://www.threads.net/@cyklops__performance/post/DThuEgMFc5n,[],"{'likes': 121, 'reposts': 11, 'quotes': 1}",threads,3810529379312062055,Martin Kloppers,,"Get this lunatic under wraps before he ruins it for everyone.

https://www.facebook.com/share/p/1FVuxKnzWc/?mibextid=wwXIfr",threads,63510472260,cyklops__performance
[],2026-01-16T09:14:19.495772+07:00,"Rep. Andy Harris: ""Look, if Minnesota wants to secede from the union and have it on their own, that's fine""",2026-01-16T05:24:46+07:00,,3810909841187787181,threads,threads.com,threads_crawler_v1,https://www.threads.net/@aaron.rupar/post/DTjEk87CdGt,https://instagram.fhan3-3.fna.fbcdn.net/v/t51.2885-19/456465291_8343612382370345_8092768749465866765_n.jpg?stp=dst-jpg_s150x150_tt6&efg=eyJ2ZW5jb2RlX3RhZyI6InByb2ZpbGVfcGljLmRqYW5nby4yNjEuYzIifQ&_nc_ht=instagram.fhan3-3.fna.fbcdn.net&_nc_cat=1&_nc_oc=Q6cZ2QHAhUl4PDA2SO40hLmPrMNkzP3mPhe5kNFdD5T-Eb_MoQDzykg90RkXLKJJvlVARWU&_nc_ohc=sUFpDG7mzNcQ7kNvwFz8WRv&_nc_gid=4X49YrNHzsxPIaCchLo5YA&edm=AJhczIQBAAAA&ccb=7-5&oh=00_AfqFB5J4h1yh2_xRKWbo1OE4gdE6FU311nbHxm0Wb7OEhA&oe=696F6680&_nc_sid=4a2096,384,0,735,105,0,"['https://instagram.fhan3-3.fna.fbcdn.net/v/t51.2885-15/616254215_1859329811676073_8308993517928838525_n.jpg?stp=dst-jpg_e15_tt6&efg=eyJ2ZW5jb2RlX3RhZyI6InRocmVhZHMuRkVFRC5pbWFnZV91cmxnZW4uNjQweDM2MC5zZHIuZjcxODc4LmRlZmF1bHRfY292ZXJfZnJhbWUuYzIifQ&_nc_ht=instagram.fhan3-3.fna.fbcdn.net&_nc_cat=1&_nc_oc=Q6cZ2QHAhUl4PDA2SO40hLmPrMNkzP3mPhe5kNFdD5T-Eb_MoQDzykg90RkXLKJJvlVARWU&_nc_ohc=fFJNsVP7PPEQ7kNvwE7A0F5&_nc_gid=4X49YrNHzsxPIaCchLo5YA&edm=AJhczIQBAAAA&ccb=7-5&ig_cache_key=MzgxMDkwOTg0MTE4Nzc4NzE4MQ%3D%3D.3-ccb7-5&oh=00_Afpj8dKUZ6_ndV8TB6vdWUEJR3str660angqZLN6Rk5NHQ&oe=696F78E1&_nc_sid=4a2096', 'https://instagram.fhan3-4.fna.fbcdn.net/o1/v/t16/f2/m84/AQN7ttN7DkogktPRnfJig2RfUZCb0luBLxpNrFG0zpZzalC1Ogq32sX5fG1DdJZpMstCSfEQg7CVQz1_4AlRn_OwXohe8TY_DAc4dFU.mp4?_nc_cat=104&_nc_oc=AdkUGbg9agyxWaDOyJc4YG7xS9sM5jbW-dp09SqBaw3eUNsw5LtBw-IFUZ-xqpiWFLM&_nc_sid=5e9851&_nc_ht=instagram.fhan3-4.fna.fbcdn.net&_nc_ohc=LTV7zS2pC-IQ7kNvwFSyrDp&efg=eyJ2ZW5jb2RlX3RhZyI6Inhwdl9wcm9ncmVzc2l2ZS5JTlNUQUdSQU0uRkVFRC5DMy4xMjgwLmRhc2hfYmFzZWxpbmVfMV92MSIsInhwdl9hc3NldF9pZCI6MTIyNDIwODkxMjk4OTMzOCwiYXNzZXRfYWdlX2RheXMiOjAsInZpX3VzZWNhc2VfaWQiOjEwMTY0LCJkdXJhdGlvbl9zIjoyNCwidXJsZ2VuX3NvdXJjZSI6Ind3dyJ9&ccb=17-1&_nc_gid=4X49YrNHzsxPIaCchLo5YA&_nc_zt=28&vs=b4c42eeb00a52816&_nc_vs=HBksFQIYTGlnX2JhY2tmaWxsX3RpbWVsaW5lX3ZvZC80QjQ2MEFDRkE1MkEwRTIwRjRFMUVDMEFDN0UyRUJCQV92aWRlb19kYXNoaW5pdC5tcDQVAALIARIAFQIYUWlnX3hwdl9wbGFjZW1lbnRfcGVybWFuZW50X3YyLzBGNEE0MTA4ODA1NkYyNTY4QzU0NDQ2QjVBQTlENEIxX2F1ZGlvX2Rhc2hpbml0Lm1wNBUCAsgBEgAoABgAGwKIB3VzZV9vaWwBMRJwcm9ncmVzc2l2ZV9yZWNpcGUBMRUAACa08p2Wq9qsBBUCKAJDMywXQDj1P3ztkWgYEmRhc2hfYmFzZWxpbmVfMV92MREAdeoHZeieAQA&oh=00_Afqm_m9GYwiKWjnfrcLengF2bwQ6yaWJ3glihNRZtutapg&oe=696B811C']",,https://www.threads.net/@aaron.rupar/post/DTjEk87CdGt,[],"{'likes': 735, 'reposts': 68, 'quotes': 37}",threads,3810909841187787181,Aaron Rupar,,"Rep. Andy Harris: ""Look, if Minnesota wants to secede from the union and have it on their own, that's fine""",threads,63251498552,aaron.rupar
[],2026-01-16T09:14:19.495805+07:00,"😡 AZ Republican lawmakers are trying to force Trump’s federal vouchers into Arizona by sneaking them into tax conformity bills. Arizona is already the cautionary tale for the nation when it comes to vouchers - we refuse to be the testing ground for yet another massive voucher scam.

💥 TAKE ACTION: Use our one-click email tool to tell Gov Hobbs to VETO SB1106, HB2153, and any other bill that includes a federal voucher poison pill!

➡️ ",2026-01-16T06:00:13+07:00,,3810927768917676791,threads,threads.com,threads_crawler_v1,https://www.threads.net/@save_our_schools_az/post/DTjIp1bApL3,https://instagram.fhan3-4.fna.fbcdn.net/v/t51.2885-19/514630873_17913406560117558_5776153357562360582_n.jpg?stp=dst-jpg_s150x150_tt6&efg=eyJ2ZW5jb2RlX3RhZyI6InByb2ZpbGVfcGljLmRqYW5nby4xMDgwLmMyIn0&_nc_ht=instagram.fhan3-4.fna.fbcdn.net&_nc_cat=106&_nc_oc=Q6cZ2QHAhUl4PDA2SO40hLmPrMNkzP3mPhe5kNFdD5T-Eb_MoQDzykg90RkXLKJJvlVARWU&_nc_ohc=Z9aD0QZRlGwQ7kNvwEmSf0q&_nc_gid=4X49YrNHzsxPIaCchLo5YA&edm=AJhczIQBAAAA&ccb=7-5&oh=00_AfqQgH48d5fNjh8ytDpCq_2OgWyqAAQCAl1pwj7Ei4h3HA&oe=696F6D54&_nc_sid=4a2096,1,0,5,7,0,['https://instagram.fhan3-4.fna.fbcdn.net/v/t51.2885-15/615910656_17937007152117558_4634067062368429228_n.jpg?stp=dst-jpg_e35_tt6&efg=eyJ2ZW5jb2RlX3RhZyI6InRocmVhZHMuRkVFRC5pbWFnZV91cmxnZW4uMTA4MHgxMzUwLnNkci5mODI3ODcuZGVmYXVsdF9pbWFnZS5jMiJ9&_nc_ht=instagram.fhan3-4.fna.fbcdn.net&_nc_cat=106&_nc_oc=Q6cZ2QHAhUl4PDA2SO40hLmPrMNkzP3mPhe5kNFdD5T-Eb_MoQDzykg90RkXLKJJvlVARWU&_nc_ohc=srI0twWro_wQ7kNvwHv_1hm&_nc_gid=4X49YrNHzsxPIaCchLo5YA&edm=AJhczIQBAAAA&ccb=7-5&ig_cache_key=MzgxMDkyNzc2ODkxNzY3Njc5MQ%3D%3D.3-ccb7-5&oh=00_AfrMlD1KrTJEx9MAu6tuVp2lcIl2oyinFrYtjz8APjfl9w&oe=696F8559&_nc_sid=4a2096'],,https://www.threads.net/@save_our_schools_az/post/DTjIp1bApL3,[],"{'likes': 5, 'reposts': 6, 'quotes': 1}",threads,3810927768917676791,Save Our Schools Arizona,,"😡 AZ Republican lawmakers are trying to force Trump’s federal vouchers into Arizona by sneaking them into tax conformity bills. Arizona is already the cautionary tale for the nation when it comes to vouchers - we refuse to be the testing ground for yet another massive voucher scam.

💥 TAKE ACTION: Use our one-click email tool to tell Gov Hobbs to VETO SB1106, HB2153, and any other bill that includes a federal voucher poison pill!

➡️ https://bit.ly/NoFedVouchers",threads,63397629557,save_our_schools_az
[],2026-01-16T09:14:19.495852+07:00,"Germany and Italy have faced significant pressure and ongoing debate to repatriate large portions of their gold reserves held at the U.S. Federal Reserve in New York, driven by concerns over geopolitical risks, potential U.S. policy instability (especially under figures like Donald Trump), financial sovereignty, and a global trend toward de-dollarization.",2026-01-16T05:50:02+07:00,,3810922644502449800,threads,threads.com,threads_crawler_v1,https://www.threads.net/@kathydavoll/post/DTjHfQ8D46I,https://instagram.fhan3-3.fna.fbcdn.net/v/t51.2885-19/358513236_1036041874330079_4268732808224473276_n.jpg?stp=dst-jpg_s150x150_tt6&efg=eyJ2ZW5jb2RlX3RhZyI6InByb2ZpbGVfcGljLmRqYW5nby4zNDYuYzIifQ&_nc_ht=instagram.fhan3-3.fna.fbcdn.net&_nc_cat=111&_nc_oc=Q6cZ2QHquzTZZEws-nYs12vhM0p_hseja6lh9SPWDXL6gDrEJQ-wR1W6hZxwHDy1SRwEmKw&_nc_ohc=eyKN2XUNweAQ7kNvwHb37Du&_nc_gid=T5FBnheQ34VyJofjpOEK2g&edm=AJhczIQBAAAA&ccb=7-5&oh=00_AfrANqrIxUxwc_Kyyd86Y0prFOpgzdr2qPogz8Tk_5AD-g&oe=696F6D3A&_nc_sid=4a2096,2,0,3,2,0,[],,https://www.threads.net/@kathydavoll/post/DTjHfQ8D46I,[],"{'likes': 3, 'reposts': 2, 'quotes': 0}",threads,3810922644502449800,Kathy Davoll,,"Germany and Italy have faced significant pressure and ongoing debate to repatriate large portions of their gold reserves held at the U.S. Federal Reserve in New York, driven by concerns over geopolitical risks, potential U.S. policy instability (especially under figures like Donald Trump), financial sovereignty, and a global trend toward de-dollarization.",threads,63058204381,kathydavoll
[],2026-01-16T09:14:19.495898+07:00,"Sen. Kevin Cramer of North Dakota (obviously a republican) told Jerome Powell that they promise not to falsely prosecute him if he resigns. 

Yeah - I think he was on to the extortion scheme already!",2026-01-16T05:37:51+07:00,,3810916511431362463,threads,threads.com,threads_crawler_v1,https://www.threads.net/@blackcatnfl/post/DTjGGBEiYef,https://instagram.fhan3-3.fna.fbcdn.net/v/t51.2885-19/580841131_17928511038115007_5536823741917741549_n.jpg?stp=dst-jpg_s150x150_tt6&efg=eyJ2ZW5jb2RlX3RhZyI6InByb2ZpbGVfcGljLmRqYW5nby41OTYuYzIifQ&_nc_ht=instagram.fhan3-3.fna.fbcdn.net&_nc_cat=111&_nc_oc=Q6cZ2QHquzTZZEws-nYs12vhM0p_hseja6lh9SPWDXL6gDrEJQ-wR1W6hZxwHDy1SRwEmKw&_nc_ohc=zbzvwAZDvMkQ7kNvwGhPta0&_nc_gid=T5FBnheQ34VyJofjpOEK2g&edm=AJhczIQBAAAA&ccb=7-5&oh=00_AfoCPDtOwf82nrJ_zXsZK6Izepl3M1kppgL38jJVz5asUQ&oe=696F55DA&_nc_sid=4a2096,7,0,88,6,0,[],,https://www.threads.net/@blackcatnfl/post/DTjGGBEiYef,[],"{'likes': 88, 'reposts': 6, 'quotes': 0}",threads,3810916511431362463,The Black Cat,,"Sen. Kevin Cramer of North Dakota (obviously a republican) told Jerome Powell that they promise not to falsely prosecute him if he resigns. 

Yeah - I think he was on to the extortion scheme already!",threads,63380507006,blackcatnfl
[],2026-01-16T09:14:19.495930+07:00,"Trump is trying to install his puppets at the Fed.

First by trying to fire Lisa Cook and rushing in his top econ adviser.

Now by abusing the law to try to push Jerome Powell out for good.

Next he'll nominate a new Chair—and Trump says “anybody that disagrees"" with him is out.",2026-01-15T22:39:25+07:00,,3810703776071843078,threads,threads.com,threads_crawler_v1,https://www.threads.net/@senwarren/post/DTiVuT1AH0G,https://instagram.fhan3-3.fna.fbcdn.net/v/t51.2885-19/361967459_6539907769408762_6963381960343879035_n.jpg?stp=dst-jpg_s150x150_tt6&efg=eyJ2ZW5jb2RlX3RhZyI6InByb2ZpbGVfcGljLmRqYW5nby4xNTAuYzIifQ&_nc_ht=instagram.fhan3-3.fna.fbcdn.net&_nc_cat=1&_nc_oc=Q6cZ2QHquzTZZEws-nYs12vhM0p_hseja6lh9SPWDXL6gDrEJQ-wR1W6hZxwHDy1SRwEmKw&_nc_ohc=5j0-WVofGSsQ7kNvwHqIBQg&_nc_gid=T5FBnheQ34VyJofjpOEK2g&edm=AJhczIQBAAAA&ccb=7-5&oh=00_Afq7UKgYHN1NP6fXtQgixdOCbySika3k-lO1XrXf7SFhOA&oe=696F725A&_nc_sid=4a2096,79,0,686,96,0,"['https://instagram.fhan4-1.fna.fbcdn.net/v/t51.2885-15/616365772_25672320879101177_6225426061240335737_n.jpg?stp=dst-jpg_e15_tt6&efg=eyJ2ZW5jb2RlX3RhZyI6InRocmVhZHMuRkVFRC5pbWFnZV91cmxnZW4uNjQweDExMzYuc2RyLmY3MTg3OC5kZWZhdWx0X2NvdmVyX2ZyYW1lLmMyIn0&_nc_ht=instagram.fhan4-1.fna.fbcdn.net&_nc_cat=105&_nc_oc=Q6cZ2QHquzTZZEws-nYs12vhM0p_hseja6lh9SPWDXL6gDrEJQ-wR1W6hZxwHDy1SRwEmKw&_nc_ohc=dcbSMF7-TC0Q7kNvwF11FDb&_nc_gid=T5FBnheQ34VyJofjpOEK2g&edm=AJhczIQBAAAA&ccb=7-5&ig_cache_key=MzgxMDcwMzc3NjA3MTg0MzA3OA%3D%3D.3-ccb7-5&oh=00_AfqEgXPfOt3fpR11OuOrfraVA7Bt7MUy5LVSgAXaBPtxlQ&oe=696F8199&_nc_sid=4a2096', 'https://instagram.fhan3-3.fna.fbcdn.net/o1/v/t16/f2/m84/AQNo1jBI7YjtYC3DcbPix4PumEha2jCla9E3nZG2pnd6rEbDgZqRZV-jRLA5skySYzYjiB1hE2kobLxDnJrop7zPvRj17eZxrGTPK0A.mp4?_nc_cat=101&_nc_oc=Adm3KB8f1x-Onm94J4eYV7XnJ1bGcSeETxEeQU_WdtaB8ESTmoh1SUiuLZzfq9YHaVY&_nc_sid=5e9851&_nc_ht=instagram.fhan3-3.fna.fbcdn.net&_nc_ohc=3jeykxLVG-UQ7kNvwFpq7fT&efg=eyJ2ZW5jb2RlX3RhZyI6Inhwdl9wcm9ncmVzc2l2ZS5JTlNUQUdSQU0uRkVFRC5DMy43MjAuZGFzaF9iYXNlbGluZV8xX3YxIiwieHB2X2Fzc2V0X2lkIjo4OTUxOTcwMjYzMjA2MDEsImFzc2V0X2FnZV9kYXlzIjowLCJ2aV91c2VjYXNlX2lkIjoxMDE2NCwiZHVyYXRpb25fcyI6NTEsInVybGdlbl9zb3VyY2UiOiJ3d3cifQ%3D%3D&ccb=17-1&_nc_gid=T5FBnheQ34VyJofjpOEK2g&_nc_zt=28&vs=5cc6d9f54c446dce&_nc_vs=HBksFQIYTGlnX2JhY2tmaWxsX3RpbWVsaW5lX3ZvZC84MDRGQTQ0RjZEMUQ1NTA5NzU2MENCMkZBNTc5NkRCQl92aWRlb19kYXNoaW5pdC5tcDQVAALIARIAFQIYOnBhc3N0aHJvdWdoX2V2ZXJzdG9yZS9HR3I0eGlUZFVEYTMzbUFGQUdITDJQNkhTTGtwYnNwVEFRQUYVAgLIARIAKAAYABsCiAd1c2Vfb2lsATEScHJvZ3Jlc3NpdmVfcmVjaXBlATEVAAAmsoOQzKmLlwMVAigCQzMsF0BJm8an752yGBJkYXNoX2Jhc2VsaW5lXzFfdjERAHXqB2XongEA&oh=00_AfrgH2KLGB0ssCpGxGg8RTCj7ajuf1CMJx6LQcc4OarvUg&oe=696B80E7']",,https://www.threads.net/@senwarren/post/DTiVuT1AH0G,[],"{'likes': 686, 'reposts': 91, 'quotes': 5}",threads,3810703776071843078,Elizabeth Warren,,"Trump is trying to install his puppets at the Fed.

First by trying to fire Lisa Cook and rushing in his top econ adviser.

Now by abusing the law to try to push Jerome Powell out for good.

Next he'll nominate a new Chair—and Trump says “anybody that disagrees"" with him is out.",threads,63505281301,senwarren
[],2026-01-16T09:14:19.495962+07:00,cool oversized 1914 $10.00 bill  Philadelphia Federal Reserve #collection #numismatica #currency,2026-01-16T05:30:30+07:00,,3810912790664786294,threads,threads.com,threads_crawler_v1,https://www.threads.net/@watchpartdoc/post/DTjFP31kTF2,https://instagram.fhan4-1.fna.fbcdn.net/v/t51.2885-19/462809011_1293957818443805_7619828701420461789_n.jpg?stp=dst-jpg_s150x150_tt6&efg=eyJ2ZW5jb2RlX3RhZyI6InByb2ZpbGVfcGljLmRqYW5nby4xMDgwLmMyIn0&_nc_ht=instagram.fhan4-1.fna.fbcdn.net&_nc_cat=105&_nc_oc=Q6cZ2QHquzTZZEws-nYs12vhM0p_hseja6lh9SPWDXL6gDrEJQ-wR1W6hZxwHDy1SRwEmKw&_nc_ohc=mTLuv1FxUIsQ7kNvwHN4C_i&_nc_gid=T5FBnheQ34VyJofjpOEK2g&edm=AJhczIQBAAAA&ccb=7-5&oh=00_AfoWKX8RwpDiJO8oOlLq_jARfSXp6pkAM0rQqeWKoqqCFQ&oe=696F8ABC&_nc_sid=4a2096,0,0,0,0,0,"['https://instagram.fhan4-3.fna.fbcdn.net/v/t51.2885-15/615687298_1759832781570910_4427027220516707620_n.jpg?stp=dst-jpg_e15_tt6&efg=eyJ2ZW5jb2RlX3RhZyI6InRocmVhZHMuRkVFRC5pbWFnZV91cmxnZW4uNjQweDExMzYuc2RyLmY3MTg3OC5kZWZhdWx0X2NvdmVyX2ZyYW1lLmMyIn0&_nc_ht=instagram.fhan4-3.fna.fbcdn.net&_nc_cat=110&_nc_oc=Q6cZ2QHquzTZZEws-nYs12vhM0p_hseja6lh9SPWDXL6gDrEJQ-wR1W6hZxwHDy1SRwEmKw&_nc_ohc=0UhsWExNcbwQ7kNvwHJ54Cj&_nc_gid=T5FBnheQ34VyJofjpOEK2g&edm=AJhczIQBAAAA&ccb=7-5&ig_cache_key=MzgxMDkxMjc5MDY2NDc4NjI5NA%3D%3D.3-ccb7-5&oh=00_Afq-uv8bDWpHK7SEmMECWrW7CQthI2IkbW0bhzjs6BcqTw&oe=696F698E&_nc_sid=4a2096', 'https://instagram.fhan3-2.fna.fbcdn.net/o1/v/t16/f2/m69/AQOmOUFgqoeuBD59W1Fxe2zjpguAHZtYAIfwjUPZpEhfSi4B0AAQCgURIJPaMoSjHNa3xxyoWeVlnNGxXTMipyuO.mp4?strext=1&_nc_cat=107&_nc_oc=AdlOJt5negXA9ln_YbZ3eWQacy82oZNQsrqy8o6amaz3wicItamyHNAg3F7-sZVpRxg&_nc_sid=5e9851&_nc_ht=instagram.fhan3-2.fna.fbcdn.net&_nc_ohc=cU5vL38vhd4Q7kNvwHUCWnk&efg=eyJ2ZW5jb2RlX3RhZyI6Inhwdl9wcm9ncmVzc2l2ZS5JTlNUQUdSQU0uRkVFRC5DMy43MjAuZGFzaF9iYXNlbGluZV8xX3YxIiwieHB2X2Fzc2V0X2lkIjo4Mjk0NDQ4MzAwNzY3MDUsImFzc2V0X2FnZV9kYXlzIjowLCJ2aV91c2VjYXNlX2lkIjoxMDA5OSwiZHVyYXRpb25fcyI6OSwidXJsZ2VuX3NvdXJjZSI6Ind3dyJ9&ccb=17-1&_nc_gid=T5FBnheQ34VyJofjpOEK2g&_nc_zt=28&vs=bdb46dfb262d7aa5&_nc_vs=HBksFQIYOnBhc3N0aHJvdWdoX2V2ZXJzdG9yZS9HQ281dUNRNHBiT2ltVEVJQUlNZjVIbUdTY05LYnNwVEFRQUYVAALIARIAFQIYUWlnX3hwdl9wbGFjZW1lbnRfcGVybWFuZW50X3YyLzI4NEU2RENCMkFEOERBRkU4MzY2QzYzMjY0NEU1Nzg4X2F1ZGlvX2Rhc2hpbml0Lm1wNBUCAsgBEgAoABgAGwKIB3VzZV9vaWwBMRJwcm9ncmVzc2l2ZV9yZWNpcGUBMRUAACbC_KjHhZj5AhUCKAJDMywXQCOIMSbpeNUYEmRhc2hfYmFzZWxpbmVfMV92MREAdeoHZeadAQA&oh=00_AfopP0rLEXbb8DKtk65Zo6IwElxwn9DqE24ui8SU5Wv1VA&oe=696F6CC9']",,https://www.threads.net/@watchpartdoc/post/DTjFP31kTF2,[],"{'likes': 0, 'reposts': 0, 'quotes': 0}",threads,3810912790664786294,William Parker,,cool oversized 1914 $10.00 bill  Philadelphia Federal Reserve #collection #numismatica #currency,threads,69884569124,watchpartdoc
[],2026-01-16T09:14:19.495991+07:00,"U.S. stock futures for the S&P 500 decline amid an investigation involving Federal Reserve Chair Jerome Powell. For more details, visit mt in max.",2026-01-16T05:29:42+07:00,,3810912411423911839,threads,threads.com,threads_crawler_v1,https://www.threads.net/@platinumminers1/post/DTjFKWpDK-f,https://instagram.fhan3-3.fna.fbcdn.net/v/t51.2885-19/616128595_17848874022664105_4476260452303241206_n.jpg?stp=dst-jpg_s150x150_tt6&efg=eyJ2ZW5jb2RlX3RhZyI6InByb2ZpbGVfcGljLmRqYW5nby4xMDgwLmMyIn0&_nc_ht=instagram.fhan3-3.fna.fbcdn.net&_nc_cat=101&_nc_oc=Q6cZ2QHquzTZZEws-nYs12vhM0p_hseja6lh9SPWDXL6gDrEJQ-wR1W6hZxwHDy1SRwEmKw&_nc_ohc=LfDiqsG2bdkQ7kNvwGJYpOl&_nc_gid=T5FBnheQ34VyJofjpOEK2g&edm=AJhczIQBAAAA&ccb=7-5&oh=00_AfrNMtrGg3IpFIZZbQsdq_AiEKS0EdFeKnng0x4w8jJhXA&oe=696F8D04&_nc_sid=4a2096,0,0,0,0,0,['https://instagram.fhan3-3.fna.fbcdn.net/v/t51.2885-15/617453511_17848945935664105_8528567507480282320_n.webp?efg=eyJ2ZW5jb2RlX3RhZyI6InRocmVhZHMuRkVFRC5pbWFnZV91cmxnZW4uMzczeDE5NS5zZHIuZjgyNzg3LmRlZmF1bHRfaW1hZ2UuYzIifQ&_nc_ht=instagram.fhan3-3.fna.fbcdn.net&_nc_cat=101&_nc_oc=Q6cZ2QHquzTZZEws-nYs12vhM0p_hseja6lh9SPWDXL6gDrEJQ-wR1W6hZxwHDy1SRwEmKw&_nc_ohc=GIFMVOSK2YcQ7kNvwGR92Zi&_nc_gid=T5FBnheQ34VyJofjpOEK2g&edm=AJhczIQBAAAA&ccb=7-5&ig_cache_key=MzgxMDkxMjQxMTQyMzkxMTgzOQ%3D%3D.3-ccb7-5&oh=00_AfqfXhdug5zrp83Gxt9DmPpV5ZEiP432AiOyEzFlJ4uVhw&oe=696F6574&_nc_sid=4a2096'],,https://www.threads.net/@platinumminers1/post/DTjFKWpDK-f,[],"{'likes': 0, 'reposts': 0, 'quotes': 0}",threads,3810912411423911839,platinum-miners.ltd,,"U.S. stock futures for the S&P 500 decline amid an investigation involving Federal Reserve Chair Jerome Powell. For more details, visit mt in max.",threads,80091248104,platinumminers1
[],2026-01-16T09:14:19.496024+07:00,"Social Responsibility Participation Involvement Score (SRPIS) - Federal Reserve Bank of St. Louis @stlouisfed Social Responsibility Participation Involvement Score (SRPIS) - 8/10  Federal Reserve Bank of St. Louis [ Score 8 (Strong Participation): The organization has robust, multifaceted CSR programs with measurable outcomes, integrated into its business strategy].",2026-01-16T05:22:10+07:00,,3810908597132447578,threads,threads.com,threads_crawler_v1,https://www.threads.net/@broadview_analytics/post/DTjES2Tj89a,https://instagram.fhan3-2.fna.fbcdn.net/v/t51.2885-19/385275580_645105417766027_2673510867502034671_n.jpg?stp=dst-jpg_s150x150_tt6&efg=eyJ2ZW5jb2RlX3RhZyI6InByb2ZpbGVfcGljLmRqYW5nby40NDkuYzIifQ&_nc_ht=instagram.fhan3-2.fna.fbcdn.net&_nc_cat=107&_nc_oc=Q6cZ2QHquzTZZEws-nYs12vhM0p_hseja6lh9SPWDXL6gDrEJQ-wR1W6hZxwHDy1SRwEmKw&_nc_ohc=Du_L5nVaTBoQ7kNvwF3CZSW&_nc_gid=T5FBnheQ34VyJofjpOEK2g&edm=AJhczIQBAAAA&ccb=7-5&oh=00_Afrih8DdYHkOJdEIyzekEQx-fSaJCqctadjs0NKhf79TEg&oe=696F781C&_nc_sid=4a2096,0,0,0,0,0,"['https://instagram.fhan3-3.fna.fbcdn.net/v/t51.2885-15/616171684_4336191796657463_6530937351098594947_n.jpg?stp=dst-jpg_e15_tt6&efg=eyJ2ZW5jb2RlX3RhZyI6InRocmVhZHMuRkVFRC5pbWFnZV91cmxnZW4uNjQweDgwMC5zZHIuZjcxODc4LmRlZmF1bHRfY292ZXJfZnJhbWUuYzIifQ&_nc_ht=instagram.fhan3-3.fna.fbcdn.net&_nc_cat=111&_nc_oc=Q6cZ2QHquzTZZEws-nYs12vhM0p_hseja6lh9SPWDXL6gDrEJQ-wR1W6hZxwHDy1SRwEmKw&_nc_ohc=AZ0pby3VaEMQ7kNvwFYItpF&_nc_gid=T5FBnheQ34VyJofjpOEK2g&edm=AJhczIQBAAAA&ccb=7-5&ig_cache_key=MzgxMDkwODU5NzEzMjQ0NzU3OA%3D%3D.3-ccb7-5&oh=00_Afr7NbmJLY1SsWfrkV5w7siwqSr-m7udftIWlioegK2wRQ&oe=696F6DB2&_nc_sid=4a2096', 'https://instagram.fhan4-1.fna.fbcdn.net/o1/v/t16/f2/m69/AQOucAHttepiLXTpYMn-yzxhxBgxIFzyANtCCL_Ur_6w_BPByfKWVtC_xClK8wqeaVGCd6vf6TCRb55tIn1xbF2C.mp4?strext=1&_nc_cat=105&_nc_oc=Adl-aJL0Rrwu21w0OJayV_eXAjnypAC4QXbkPxHZnMNFl6HNyhW0OQi68cIg92hfhJw&_nc_sid=5e9851&_nc_ht=instagram.fhan4-1.fna.fbcdn.net&_nc_ohc=OivMlhVMS0cQ7kNvwHA6w-F&efg=eyJ2ZW5jb2RlX3RhZyI6Inhwdl9wcm9ncmVzc2l2ZS5JTlNUQUdSQU0uRkVFRC5DMy43MjAuZGFzaF9iYXNlbGluZV8xX3YxIiwieHB2X2Fzc2V0X2lkIjo5MDEwNzIzNzYxMTYyNjgsImFzc2V0X2FnZV9kYXlzIjowLCJ2aV91c2VjYXNlX2lkIjoxMDA5OSwiZHVyYXRpb25fcyI6MCwidXJsZ2VuX3NvdXJjZSI6Ind3dyJ9&ccb=17-1&_nc_gid=T5FBnheQ34VyJofjpOEK2g&_nc_zt=28&vs=6362697518094eee&_nc_vs=HBksFQIYOnBhc3N0aHJvdWdoX2V2ZXJzdG9yZS9HSTVFWmlSZVBESkI0aTBEQU9PbmJPbWM1M2hnYnNwVEFRQUYVAALIARIAFQIYUWlnX3hwdl9wbGFjZW1lbnRfcGVybWFuZW50X3YyLzkwNEY5RUIyNUREMzdDMUYxQzg2Qjc2N0U5NjczNEIwX2F1ZGlvX2Rhc2hpbml0Lm1wNBUCAsgBEgAoABgAGwKIB3VzZV9vaWwBMRJwcm9ncmVzc2l2ZV9yZWNpcGUBMRUAACbY0KmuqOGZAxUCKAJDMywXP7mZmZmZmZoYEmRhc2hfYmFzZWxpbmVfMV92MREAdeoHZeadAQA&oh=00_AfpkZua_ZG3D_qyNXO_xurL515KqSTE3MMekx_okJsSayw&oe=696F8B0B']",,https://www.threads.net/@broadview_analytics/post/DTjES2Tj89a,[],"{'likes': 0, 'reposts': 0, 'quotes': 0}",threads,3810908597132447578,BROADVIEW ANALYTICS,,"Social Responsibility Participation Involvement Score (SRPIS) - Federal Reserve Bank of St. Louis @stlouisfed Social Responsibility Participation Involvement Score (SRPIS) - 8/10  Federal Reserve Bank of St. Louis [ Score 8 (Strong Participation): The organization has robust, multifaceted CSR programs with measurable outcomes, integrated into its business strategy].",threads,63126907185,broadview_analytics
[],2026-01-16T09:14:19.496054+07:00,"Trump wants 2 borrow more thru issuing new US Treasury Bonds. To do this he needs the fed reserve 2 lower interest rates. 

Think of this like Donald going to his international neighbours with a bag full of IOU notes, promising to pay you back with interest once he sells his house, he leaves with a big bag of money! Then comes back (after having a ket party and burning his house) with more IOU notes, this time promising to pay back less overall, he leaves with",2026-01-16T05:19:00+07:00,,3810907018790179197,threads,threads.com,threads_crawler_v1,https://www.threads.net/@19mattyg82/post/DTjD74XCBF9,https://instagram.fhan4-6.fna.fbcdn.net/v/t51.2885-19/472630857_1650409695573165_588984655115812796_n.jpg?stp=dst-jpg_s150x150_tt6&efg=eyJ2ZW5jb2RlX3RhZyI6InByb2ZpbGVfcGljLmRqYW5nby4xMDgwLmMyIn0&_nc_ht=instagram.fhan4-6.fna.fbcdn.net&_nc_cat=109&_nc_oc=Q6cZ2QHquzTZZEws-nYs12vhM0p_hseja6lh9SPWDXL6gDrEJQ-wR1W6hZxwHDy1SRwEmKw&_nc_ohc=0uXJ8yuEa0oQ7kNvwGnXxu0&_nc_gid=T5FBnheQ34VyJofjpOEK2g&edm=AJhczIQBAAAA&ccb=7-5&oh=00_Afo3clJO8O6gWhP9JNsZ3lyR2NoaEtuygxJeoCqO_JrKkg&oe=696F7A0F&_nc_sid=4a2096,3,0,0,0,0,[],,https://www.threads.net/@19mattyg82/post/DTjD74XCBF9,[],"{'likes': 0, 'reposts': 0, 'quotes': 0}",threads,3810907018790179197,matthew goulden,RadicalLeftScum,"Trump wants 2 borrow more thru issuing new US Treasury Bonds. To do this he needs the fed reserve 2 lower interest rates. 

Think of this like Donald going to his international neighbours with a bag full of IOU notes, promising to pay you back with interest once he sells his house, he leaves with a big bag of money! Then comes back (after having a ket party and burning his house) with more IOU notes, this time promising to pay back less overall, he leaves with",threads,71910953898,19mattyg82
[],2026-01-16T09:14:19.496096+07:00,"another bag of money. Eventually he comes back to sell more IOU's to repair his house and none of the neighbours have any cash, so Donald has to try to remortgage his damaged house. 

I THINK he's thrtning 2 send his fed reserve chief to prison, to borrow internationally then invest it via the OSC without raising corporate income tax. Which",2026-01-16T05:19:00+07:00,,3810907019998157415,threads,threads.com,threads_crawler_v1,https://www.threads.net/@19mattyg82/post/DTjD75fCFpn,https://instagram.fhan4-6.fna.fbcdn.net/v/t51.2885-19/472630857_1650409695573165_588984655115812796_n.jpg?stp=dst-jpg_s150x150_tt6&efg=eyJ2ZW5jb2RlX3RhZyI6InByb2ZpbGVfcGljLmRqYW5nby4xMDgwLmMyIn0&_nc_ht=instagram.fhan4-6.fna.fbcdn.net&_nc_cat=109&_nc_oc=Q6cZ2QHquzTZZEws-nYs12vhM0p_hseja6lh9SPWDXL6gDrEJQ-wR1W6hZxwHDy1SRwEmKw&_nc_ohc=0uXJ8yuEa0oQ7kNvwGnXxu0&_nc_gid=T5FBnheQ34VyJofjpOEK2g&edm=AJhczIQBAAAA&ccb=7-5&oh=00_Afo3clJO8O6gWhP9JNsZ3lyR2NoaEtuygxJeoCqO_JrKkg&oe=696F7A0F&_nc_sid=4a2096,1,0,0,0,0,[],,https://www.threads.net/@19mattyg82/post/DTjD75fCFpn,[],"{'likes': 0, 'reposts': 0, 'quotes': 0}",threads,3810907019998157415,matthew goulden,RadicalLeftScum,"another bag of money. Eventually he comes back to sell more IOU's to repair his house and none of the neighbours have any cash, so Donald has to try to remortgage his damaged house. 

I THINK he's thrtning 2 send his fed reserve chief to prison, to borrow internationally then invest it via the OSC without raising corporate income tax. Which",threads,71910953898,19mattyg82
[],2026-01-16T09:14:19.496125+07:00,"Trump’s weaponized DOJ is targeting officials who don’t carry his water, including Democrats in Congress & the Chairman of the Federal Reserve.

It’s hard to overstate the damage he’s doing to our democracy. We’ll get him & his craven enablers out of office & hold them accountable.",2026-01-16T05:18:24+07:00,,3810906718621328506,threads,threads.com,threads_crawler_v1,https://www.threads.net/@scott_wiener/post/DTjD3gzkuR6,https://instagram.fhan4-3.fna.fbcdn.net/v/t51.2885-19/462452829_520207997390278_393574777154376573_n.jpg?stp=dst-jpg_s150x150_tt6&efg=eyJ2ZW5jb2RlX3RhZyI6InByb2ZpbGVfcGljLmRqYW5nby42NjguYzIifQ&_nc_ht=instagram.fhan4-3.fna.fbcdn.net&_nc_cat=110&_nc_oc=Q6cZ2QHquzTZZEws-nYs12vhM0p_hseja6lh9SPWDXL6gDrEJQ-wR1W6hZxwHDy1SRwEmKw&_nc_ohc=_JMx1GW70XgQ7kNvwHqQK8n&_nc_gid=T5FBnheQ34VyJofjpOEK2g&edm=AJhczIQBAAAA&ccb=7-5&oh=00_AfpUEU8jUXta9HAgBh3o76tNwidQn_shTTqa7HUdHBZ7Mg&oe=696F6564&_nc_sid=4a2096,1,0,20,0,0,[],,https://www.threads.net/@scott_wiener/post/DTjD3gzkuR6,[],"{'likes': 20, 'reposts': 0, 'quotes': 0}",threads,3810906718621328506,Senator Scott Wiener,,"Trump’s weaponized DOJ is targeting officials who don’t carry his water, including Democrats in Congress & the Chairman of the Federal Reserve.

It’s hard to overstate the damage he’s doing to our democracy. We’ll get him & his craven enablers out of office & hold them accountable.",threads,63275111247,scott_wiener
[],2026-01-16T09:14:19.496156+07:00,"If Trump can cancel Congressionally approved funds to blue states, blue state residents should be able to refuse paying our taxes to the federal government.",2026-01-15T10:14:21+07:00,,3810330898563116726,threads,threads.com,threads_crawler_v1,https://www.threads.net/@trivianightbuddy/post/DThA8OljK62,https://instagram.fhan4-6.fna.fbcdn.net/v/t51.2885-19/588955005_17854591821575373_323472102893420698_n.jpg?stp=dst-jpg_s150x150_tt6&efg=eyJ2ZW5jb2RlX3RhZyI6InByb2ZpbGVfcGljLmRqYW5nby4xMDgwLmMyIn0&_nc_ht=instagram.fhan4-6.fna.fbcdn.net&_nc_cat=109&_nc_oc=Q6cZ2QHquzTZZEws-nYs12vhM0p_hseja6lh9SPWDXL6gDrEJQ-wR1W6hZxwHDy1SRwEmKw&_nc_ohc=jVkRBXJJGtUQ7kNvwGPfYlC&_nc_gid=T5FBnheQ34VyJofjpOEK2g&edm=AJhczIQBAAAA&ccb=7-5&oh=00_AfoZSGrR0YhU0_pg5r_mMcMzWDsaQ1rWrOWwUJk5_Mf2MQ&oe=696F7544&_nc_sid=4a2096,125,0,7423,333,0,[],,https://www.threads.net/@trivianightbuddy/post/DThA8OljK62,[],"{'likes': 7423, 'reposts': 324, 'quotes': 9}",threads,3810330898563116726,Trivia Night Buddy,,"If Trump can cancel Congressionally approved funds to blue states, blue state residents should be able to refuse paying our taxes to the federal government.",threads,77224767372,trivianightbuddy
[],2026-01-16T09:14:19.496185+07:00,It's time for Blue states to assert control over the Federal tax deposits in the Federal Reserve banks within their states. And withhold the transfer of those funds to federal government accounts.,2026-01-16T05:08:44+07:00,,3810901858144397698,threads,threads.com,threads_crawler_v1,https://www.threads.net/@vicbastard/post/DTjCwyIkqmC,https://instagram.fhan4-5.fna.fbcdn.net/v/t51.2885-19/359709137_1228047867899991_8537675390530872068_n.jpg?stp=dst-jpg_s150x150_tt6&efg=eyJ2ZW5jb2RlX3RhZyI6InByb2ZpbGVfcGljLmRqYW5nby43NjguYzIifQ&_nc_ht=instagram.fhan4-5.fna.fbcdn.net&_nc_cat=103&_nc_oc=Q6cZ2QHquzTZZEws-nYs12vhM0p_hseja6lh9SPWDXL6gDrEJQ-wR1W6hZxwHDy1SRwEmKw&_nc_ohc=eu60GiBh26QQ7kNvwEQ6aos&_nc_gid=T5FBnheQ34VyJofjpOEK2g&edm=AJhczIQBAAAA&ccb=7-5&oh=00_AfqRzQU6CrTwLN72YA21vCANbyKxlNH9ddjkqizKJwBY7Q&oe=696F690E&_nc_sid=4a2096,0,0,3,1,0,[],,https://www.threads.net/@vicbastard/post/DTjCwyIkqmC,[],"{'likes': 3, 'reposts': 1, 'quotes': 0}",threads,3810901858144397698,Vic Bondi,,It's time for Blue states to assert control over the Federal tax deposits in the Federal Reserve banks within their states. And withhold the transfer of those funds to federal government accounts.,threads,63042559784,vicbastard
[],2026-01-16T09:37:09.782201+07:00,I live in rural West Virginia.  ICE is all over this state. They have taken over 70 people in the last couple days. Im speaking out& posting online about it. Unfortunately 75% of the backwards fucks in this state are cheering them on. Its disgusting & infuriating at the same time. I think its time to call on the spirit of John Brown.,2026-01-15T23:09:08+07:00,,3810720866284484977,threads,threads.com,threads_crawler_v1,https://www.threads.net/@gbvnative/post/DTiZnAVDjlx,https://instagram.fhan4-6.fna.fbcdn.net/v/t51.2885-19/409331676_898685975120205_624090484141132237_n.jpg?stp=dst-jpg_s150x150_tt6&efg=eyJ2ZW5jb2RlX3RhZyI6InByb2ZpbGVfcGljLmRqYW5nby4xMDgwLmMyIn0&_nc_ht=instagram.fhan4-6.fna.fbcdn.net&_nc_cat=109&_nc_oc=Q6cZ2QGPmrRwLzWLXQZy2axoQozLa9aLrt7Vp2fA0gb6ulEsmQvnbv0p7tquZpid5rSu4yk&_nc_ohc=5viyeahlTX0Q7kNvwEDyLBP&_nc_gid=Afrf1FiOUDhDV-mBOjgHmg&edm=AJhczIQBAAAA&ccb=7-5&oh=00_Afo_AZ8CRM3UmEclReF0D0zDcjJDjeZa7uIsT2qLUBm_iQ&oe=696F9176&_nc_sid=4a2096,4,0,35,5,0,[],,https://www.threads.net/@gbvnative/post/DTiZnAVDjlx,[],"{'likes': 35, 'reposts': 5, 'quotes': 0}",threads,3810720866284484977,GBVNative 🏳️‍🌈,,I live in rural West Virginia.  ICE is all over this state. They have taken over 70 people in the last couple days. Im speaking out& posting online about it. Unfortunately 75% of the backwards fucks in this state are cheering them on. Its disgusting & infuriating at the same time. I think its time to call on the spirit of John Brown.,threads,63546995957,gbvnative
[],2026-01-16T09:37:09.782338+07:00,"Central Bank Balance Sheet in the US increased to $6.58T in January 14 (6581700 USD Million)

Federal Reserve Balance Sheet: Factors Affecting Reserve Balances - H.4.1",2026-01-16T05:05:59+07:00,,3810900469182654265,threads,threads.com,threads_crawler_v1,https://www.threads.net/@titoipr/post/DTjCckkAGc5,https://instagram.fhan3-3.fna.fbcdn.net/v/t51.2885-19/563031286_17924770281115007_8467221763645316813_n.jpg?stp=dst-jpg_s150x150_tt6&efg=eyJ2ZW5jb2RlX3RhZyI6InByb2ZpbGVfcGljLmRqYW5nby43NTAuYzIifQ&_nc_ht=instagram.fhan3-3.fna.fbcdn.net&_nc_cat=111&_nc_oc=Q6cZ2QGPmrRwLzWLXQZy2axoQozLa9aLrt7Vp2fA0gb6ulEsmQvnbv0p7tquZpid5rSu4yk&_nc_ohc=8JdUC1jQURoQ7kNvwE9ceU7&_nc_gid=Afrf1FiOUDhDV-mBOjgHmg&edm=AJhczIQBAAAA&ccb=7-5&oh=00_AfpWNCYq83ukHm2fBqzzha5vDpyXeWF3ocNIzdb5nyLS3A&oe=696F63AC&_nc_sid=4a2096,0,0,0,0,0,[],,https://www.threads.net/@titoipr/post/DTjCckkAGc5,[],"{'likes': 0, 'reposts': 0, 'quotes': 0}",threads,3810900469182654265,Israel P Roman,Balance Sheet,"Central Bank Balance Sheet in the US increased to $6.58T in January 14 (6581700 USD Million)

Federal Reserve Balance Sheet: Factors Affecting Reserve Balances - H.4.1",threads,63382907006,titoipr
[],2026-01-16T09:37:09.782381+07:00,"Not a fan of the FED RESERVE, nothing but an arm of banking system! US  Government need to put our monetary system back on Gold plus Silver! This would make Congress pass Balance Bugets & return to monetary system prior to THE REAGAN RICHMAN TAX CUTS!",2026-01-16T04:58:45+07:00,,3810896828594899526,threads,threads.com,threads_crawler_v1,https://www.threads.net/@navyhippy72/post/DTjBnmAD8pG,https://instagram.fhan4-3.fna.fbcdn.net/v/t51.2885-19/358789881_670205931121260_2796185948079494868_n.jpg?stp=dst-jpg_s150x150_tt6&efg=eyJ2ZW5jb2RlX3RhZyI6InByb2ZpbGVfcGljLmRqYW5nby4zMjAuYzIifQ&_nc_ht=instagram.fhan4-3.fna.fbcdn.net&_nc_cat=100&_nc_oc=Q6cZ2QGPmrRwLzWLXQZy2axoQozLa9aLrt7Vp2fA0gb6ulEsmQvnbv0p7tquZpid5rSu4yk&_nc_ohc=ZCvVXmGSgncQ7kNvwGFLUgH&_nc_gid=Afrf1FiOUDhDV-mBOjgHmg&edm=AJhczIQBAAAA&ccb=7-5&oh=00_AfrRZy4F2mM9NB62auqtpAWKRjs5VxADfzQEaTZVI1gHZA&oe=696F5BC5&_nc_sid=4a2096,0,0,0,0,0,[],,https://www.threads.net/@navyhippy72/post/DTjBnmAD8pG,[],"{'likes': 0, 'reposts': 0, 'quotes': 0}",threads,3810896828594899526,Bobby,,"Not a fan of the FED RESERVE, nothing but an arm of banking system! US  Government need to put our monetary system back on Gold plus Silver! This would make Congress pass Balance Bugets & return to monetary system prior to THE REAGAN RICHMAN TAX CUTS!",threads,63161774263,navyhippy72
[],2026-01-16T09:37:09.782415+07:00,"I thought Republicans were all about states’ rights.
So why is the MAGA wing suddenly cheering massive federal overreach?
Serious question—what changed?",2026-01-16T00:11:59+07:00,,3810752493744640861,threads,threads.com,threads_crawler_v1,https://www.threads.net/@iamcarmensandiego_/post/DTigzPslVNd,https://instagram.fhan4-5.fna.fbcdn.net/v/t51.2885-19/527442841_17888629299314007_2833437893549098252_n.jpg?stp=dst-jpg_s150x150_tt6&efg=eyJ2ZW5jb2RlX3RhZyI6InByb2ZpbGVfcGljLmRqYW5nby40NTAuYzIifQ&_nc_ht=instagram.fhan4-5.fna.fbcdn.net&_nc_cat=103&_nc_oc=Q6cZ2QGPmrRwLzWLXQZy2axoQozLa9aLrt7Vp2fA0gb6ulEsmQvnbv0p7tquZpid5rSu4yk&_nc_ohc=VrTyFE9T2CAQ7kNvwFLfY_r&_nc_gid=Afrf1FiOUDhDV-mBOjgHmg&edm=AJhczIQBAAAA&ccb=7-5&oh=00_AfpqFbzWDqqdHPWZsq8lkQAfEP5Ni7KyCfIxRd7zWJxQVg&oe=696F829C&_nc_sid=4a2096,175,0,233,8,0,[],,https://www.threads.net/@iamcarmensandiego_/post/DTigzPslVNd,[],"{'likes': 233, 'reposts': 8, 'quotes': 0}",threads,3810752493744640861,,MAGA,"I thought Republicans were all about states’ rights.
So why is the MAGA wing suddenly cheering massive federal overreach?
Serious question—what changed?",threads,69397002006,iamcarmensandiego_
[],2026-01-16T09:37:09.782447+07:00,"Need a lights and sound system for your event? 

send a DM, reserve your date or book us as early as Now, and we'll try to give you a best deal and professional services possible.

We are based in Kawit, Cavite

Also available: 
DJ Services 
Band Setup - Backline
LED Wall",2026-01-16T04:48:25+07:00,,3810891632280489681,threads,threads.com,threads_crawler_v1,https://www.threads.net/@iam_ljvales/post/DTjAb-jlk7R,https://instagram.fhan4-5.fna.fbcdn.net/v/t51.2885-19/483597916_1173889820843235_3496695147975278781_n.jpg?stp=dst-jpg_s150x150_tt6&efg=eyJ2ZW5jb2RlX3RhZyI6InByb2ZpbGVfcGljLmRqYW5nby4xMDgwLmMyIn0&_nc_ht=instagram.fhan4-5.fna.fbcdn.net&_nc_cat=103&_nc_oc=Q6cZ2QGPmrRwLzWLXQZy2axoQozLa9aLrt7Vp2fA0gb6ulEsmQvnbv0p7tquZpid5rSu4yk&_nc_ohc=P_JJJVphhLIQ7kNvwGLeZ8T&_nc_gid=Afrf1FiOUDhDV-mBOjgHmg&edm=AJhczIQBAAAA&ccb=7-5&oh=00_Afp-ZBdLJzHlKFelv8MOMqCyMtBK6OK0AZs6kj9djomfUw&oe=696F72B5&_nc_sid=4a2096,0,0,0,0,0,[],,https://www.threads.net/@iam_ljvales/post/DTjAb-jlk7R,[],"{'likes': 0, 'reposts': 0, 'quotes': 0}",threads,3810891632280489681,LJ Vales (dj xcyle),,"Need a lights and sound system for your event? 

send a DM, reserve your date or book us as early as Now, and we'll try to give you a best deal and professional services possible.

We are based in Kawit, Cavite

Also available: 
DJ Services 
Band Setup - Backline
LED Wall",threads,71728949091,iam_ljvales
[],2026-01-16T09:37:09.782479+07:00,INFRINGEMENT UPON STATE OPERATIONS AND STATE's RIGHTS. GOV WALSH CAN USE AG's INTERPRETATION  AS JUSTIFICATION TO DECLARE MARSHAL LAW. AND INFORM FED GOV'T THE ACTIONS OF ICE HAVE BEEN DETERMINED UNCONSTITUTIONAL AND ICE MUST CEASE ITS OPERATIONS UNTIL SUCH TIME THE SUPREME COURT HAS DETERMINED WHETHER OR NOT THE FED HAS THE RIGHT TO AUTHORIZE NON-BORDER RELATED ENFORCEMENT AND TACTICS THAT HAVE BEEN DETERMINED UNCONSTITUTIONAL WITHIN THE STATE MN.  2.,2026-01-16T04:38:52+07:00,,3810886820591245076,threads,threads.com,threads_crawler_v1,https://www.threads.net/@quintessence1227/post/DTi_V9UjxcU,https://instagram.fhan4-3.fna.fbcdn.net/v/t51.2885-19/605805554_17847595902612886_883945493940524327_n.jpg?stp=dst-jpg_s150x150_tt6&efg=eyJ2ZW5jb2RlX3RhZyI6InByb2ZpbGVfcGljLmRqYW5nby4xMDgwLmMyIn0&_nc_ht=instagram.fhan4-3.fna.fbcdn.net&_nc_cat=110&_nc_oc=Q6cZ2QGPmrRwLzWLXQZy2axoQozLa9aLrt7Vp2fA0gb6ulEsmQvnbv0p7tquZpid5rSu4yk&_nc_ohc=8pJsBe-biCkQ7kNvwGbhpOd&_nc_gid=Afrf1FiOUDhDV-mBOjgHmg&edm=AJhczIQBAAAA&ccb=7-5&oh=00_AfqG1g4SRJ9nrVFS3p-MxVg6GUbywWrgJ0fYp-RP-VisCQ&oe=696F8403&_nc_sid=4a2096,1,0,0,0,0,[],,https://www.threads.net/@quintessence1227/post/DTi_V9UjxcU,[],"{'likes': 0, 'reposts': 0, 'quotes': 0}",threads,3810886820591245076,,,INFRINGEMENT UPON STATE OPERATIONS AND STATE's RIGHTS. GOV WALSH CAN USE AG's INTERPRETATION  AS JUSTIFICATION TO DECLARE MARSHAL LAW. AND INFORM FED GOV'T THE ACTIONS OF ICE HAVE BEEN DETERMINED UNCONSTITUTIONAL AND ICE MUST CEASE ITS OPERATIONS UNTIL SUCH TIME THE SUPREME COURT HAS DETERMINED WHETHER OR NOT THE FED HAS THE RIGHT TO AUTHORIZE NON-BORDER RELATED ENFORCEMENT AND TACTICS THAT HAVE BEEN DETERMINED UNCONSTITUTIONAL WITHIN THE STATE MN.  2.,threads,78403076885,quintessence1227
[],2026-01-16T09:37:09.782510+07:00,"He wants to control;
Education
Healthcare
States
Women
LGBTQ
Media
Constitutional rights
Other sovereign countries
Trade
Federal Reserve 
Federal Courts
This Terrorist mf'er will not stop until his gullet of corruption is FULL.",2026-01-16T04:38:49+07:00,,3810886796330995195,threads,threads.com,threads_crawler_v1,https://www.threads.net/@allyraymond2011/post/DTi_VmuiQ37,https://instagram.fhan3-4.fna.fbcdn.net/v/t51.2885-19/450230818_1550378962185990_8361090467044004702_n.jpg?stp=dst-jpg_s150x150_tt6&efg=eyJ2ZW5jb2RlX3RhZyI6InByb2ZpbGVfcGljLmRqYW5nby4xMDgwLmMyIn0&_nc_ht=instagram.fhan3-4.fna.fbcdn.net&_nc_cat=106&_nc_oc=Q6cZ2QGPmrRwLzWLXQZy2axoQozLa9aLrt7Vp2fA0gb6ulEsmQvnbv0p7tquZpid5rSu4yk&_nc_ohc=PE3-FsFUjOIQ7kNvwFika5d&_nc_gid=Afrf1FiOUDhDV-mBOjgHmg&edm=AJhczIQBAAAA&ccb=7-5&oh=00_AfrNoVW8J3Ju0EE_RzhYzUA2XtiCJDB7jCUYUlQ7DXatlg&oe=696F7568&_nc_sid=4a2096,0,0,0,0,0,[],,https://www.threads.net/@allyraymond2011/post/DTi_VmuiQ37,[],"{'likes': 0, 'reposts': 0, 'quotes': 0}",threads,3810886796330995195,Ally Raymond,TrumpRegime,"He wants to control;
Education
Healthcare
States
Women
LGBTQ
Media
Constitutional rights
Other sovereign countries
Trade
Federal Reserve 
Federal Courts
This Terrorist mf'er will not stop until his gullet of corruption is FULL.",threads,63383553820,allyraymond2011
[],2026-01-16T09:37:09.782540+07:00,"This proposal draws a sharp line on fiscal responsibility and the purpose of public assistance. Rand Paul is moving to block welfare benefits for refugees, asylees, and those here illegally, arguing that taxpayer-funded programs should prioritize American citizens and legal residents first. Supporters say this is long overdue—welfare was never meant to incentivize illegal entry or reward a broken system. With federal budgets strained and communities stretched thin, the message is clear:…",2026-01-16T04:38:21+07:00,,3810886521394724552,threads,threads.com,threads_crawler_v1,https://www.threads.net/@william5849ow/post/DTi_RmrDn7I,https://instagram.fhan3-3.fna.fbcdn.net/v/t51.2885-19/143924860_722854025257532_209297664796632509_n.jpg?stp=dst-jpg_s150x150_tt6&efg=eyJ2ZW5jb2RlX3RhZyI6InByb2ZpbGVfcGljLmRqYW5nby4xMDgwLmMyIn0&_nc_ht=instagram.fhan3-3.fna.fbcdn.net&_nc_cat=1&_nc_oc=Q6cZ2QGPmrRwLzWLXQZy2axoQozLa9aLrt7Vp2fA0gb6ulEsmQvnbv0p7tquZpid5rSu4yk&_nc_ohc=y6h-Av217kYQ7kNvwGNsIaz&_nc_gid=Afrf1FiOUDhDV-mBOjgHmg&edm=AJhczIQBAAAA&ccb=7-5&oh=00_Afr5G24wp6y3Fyxwn-pQJVM7b4ROmgrZ7xuL0kq2MDmgiQ&oe=696F70ED&_nc_sid=4a2096,31,0,243,17,0,['https://instagram.fhan4-1.fna.fbcdn.net/v/t51.2885-15/616568989_17944289532095669_8718851511873433671_n.jpg?stp=dst-jpg_e35_tt6&efg=eyJ2ZW5jb2RlX3RhZyI6InRocmVhZHMuRkVFRC5pbWFnZV91cmxnZW4uNjAweDc1MC5zZHIuZjgyNzg3LmRlZmF1bHRfaW1hZ2UuYzIifQ&_nc_ht=instagram.fhan4-1.fna.fbcdn.net&_nc_cat=105&_nc_oc=Q6cZ2QGPmrRwLzWLXQZy2axoQozLa9aLrt7Vp2fA0gb6ulEsmQvnbv0p7tquZpid5rSu4yk&_nc_ohc=SplLzA-vnwQQ7kNvwG2Q0Eu&_nc_gid=Afrf1FiOUDhDV-mBOjgHmg&edm=AJhczIQBAAAA&ccb=7-5&ig_cache_key=MzgxMDg4NjUyMTM5NDcyNDU1Mg%3D%3D.3-ccb7-5&oh=00_AfoK2fVXbtVHT89ZWVjb4TOcipZgNGspAxTZMBkDNKheWw&oe=696F5D6C&_nc_sid=4a2096'],,https://www.threads.net/@william5849ow/post/DTi_RmrDn7I,[],"{'likes': 243, 'reposts': 16, 'quotes': 1}",threads,3810886521394724552,William Hall,,"This proposal draws a sharp line on fiscal responsibility and the purpose of public assistance. Rand Paul is moving to block welfare benefits for refugees, asylees, and those here illegally, arguing that taxpayer-funded programs should prioritize American citizens and legal residents first. Supporters say this is long overdue—welfare was never meant to incentivize illegal entry or reward a broken system. With federal budgets strained and communities stretched thin, the message is clear:…",threads,62864127668,william5849ow
[],2026-01-16T09:37:09.782570+07:00,Not true. They are going after people that are not criminals. And that lady that was killed was completely innocent.,2026-01-15T22:01:17+07:00,,3810686711874005895,threads,threads.com,threads_crawler_v1,https://www.threads.net/@scalebuilderchad/post/DTiR1_jjSuH,https://instagram.fhan4-3.fna.fbcdn.net/v/t51.2885-19/473826884_9161507597266174_568425066995617462_n.jpg?stp=dst-jpg_s150x150_tt6&efg=eyJ2ZW5jb2RlX3RhZyI6InByb2ZpbGVfcGljLmRqYW5nby44MzIuYzIifQ&_nc_ht=instagram.fhan4-3.fna.fbcdn.net&_nc_cat=110&_nc_oc=Q6cZ2QGPmrRwLzWLXQZy2axoQozLa9aLrt7Vp2fA0gb6ulEsmQvnbv0p7tquZpid5rSu4yk&_nc_ohc=BaYvg652D3oQ7kNvwFysm_6&_nc_gid=Afrf1FiOUDhDV-mBOjgHmg&edm=AJhczIQBAAAA&ccb=7-5&oh=00_AfqPeGcxtDfcMDW63MWlzasOgCERyUJyG8w2tkjmp5HhEg&oe=696F6E00&_nc_sid=4a2096,4,0,15,0,0,[],,https://www.threads.net/@scalebuilderchad/post/DTiR1_jjSuH,[],"{'likes': 15, 'reposts': 0, 'quotes': 0}",threads,3810686711874005895,Chad Truss,,Not true. They are going after people that are not criminals. And that lady that was killed was completely innocent.,threads,72033028750,scalebuilderchad
[],2026-01-16T09:37:09.782599+07:00,"8 Billion people in the world, 15+ million are Jews. I PROMISE YOU, we are not why peoples lives suck.",2026-01-16T02:39:46+07:00,,3810826875229310537,threads,threads.com,threads_crawler_v1,https://www.threads.net/@melissaperson0731/post/DTixto2jg5J,https://instagram.fhan4-3.fna.fbcdn.net/v/t51.2885-19/617082230_17915432607266566_6587750771211367072_n.jpg?stp=dst-jpg_s150x150_tt6&efg=eyJ2ZW5jb2RlX3RhZyI6InByb2ZpbGVfcGljLmRqYW5nby44NzkuYzIifQ&_nc_ht=instagram.fhan4-3.fna.fbcdn.net&_nc_cat=110&_nc_oc=Q6cZ2QGPmrRwLzWLXQZy2axoQozLa9aLrt7Vp2fA0gb6ulEsmQvnbv0p7tquZpid5rSu4yk&_nc_ohc=YgDCsYmlLm0Q7kNvwH_Cnbc&_nc_gid=Afrf1FiOUDhDV-mBOjgHmg&edm=AJhczIQBAAAA&ccb=7-5&oh=00_Afqpo1K4x1vsM5z2oKAgCfnr2HxovYFRJIuDGMhZ2aei7g&oe=696F6AE5&_nc_sid=4a2096,227,0,442,15,0,[],,https://www.threads.net/@melissaperson0731/post/DTixto2jg5J,[],"{'likes': 442, 'reposts': 13, 'quotes': 2}",threads,3810826875229310537,Melissa (Missy) Person,,"8 Billion people in the world, 15+ million are Jews. I PROMISE YOU, we are not why peoples lives suck.",threads,67953858565,melissaperson0731
[],2026-01-16T09:37:09.782643+07:00,"Why is the White House pressuring the Federal Reserve and what happens when politicians try to control the institution meant to protect the economy?



#fyp #foryoupage #democrat #democrats #politics #actblue #WA04 #WA05 #washingtonstatepolitics",2026-01-16T04:11:35+07:00,,3810872373780474085,threads,threads.com,threads_crawler_v1,https://www.threads.net/@johnduresky4congress/post/DTi8DuriOjl,https://instagram.fhan3-4.fna.fbcdn.net/v/t51.2885-19/525623666_17846613321535960_8716261764864583324_n.jpg?stp=dst-jpg_s150x150_tt6&efg=eyJ2ZW5jb2RlX3RhZyI6InByb2ZpbGVfcGljLmRqYW5nby4xMDgwLmMyIn0&_nc_ht=instagram.fhan3-4.fna.fbcdn.net&_nc_cat=104&_nc_oc=Q6cZ2QGPmrRwLzWLXQZy2axoQozLa9aLrt7Vp2fA0gb6ulEsmQvnbv0p7tquZpid5rSu4yk&_nc_ohc=NK0Blvcwf5MQ7kNvwG-XFep&_nc_gid=Afrf1FiOUDhDV-mBOjgHmg&edm=AJhczIQBAAAA&ccb=7-5&oh=00_AfouENieleSkvNFkAPOQeyYqU0Fujh3LzkYvgpF2uLHtVg&oe=696F8317&_nc_sid=4a2096,0,0,0,0,0,"['https://instagram.fhan3-3.fna.fbcdn.net/v/t51.2885-15/617600546_881705508085465_297838599152012778_n.jpg?stp=dst-jpg_e15_tt6&efg=eyJ2ZW5jb2RlX3RhZyI6InRocmVhZHMuRkVFRC5pbWFnZV91cmxnZW4uNjQweDExMzYuc2RyLmY3MTg3OC5kZWZhdWx0X2NvdmVyX2ZyYW1lLmMyIn0&_nc_ht=instagram.fhan3-3.fna.fbcdn.net&_nc_cat=101&_nc_oc=Q6cZ2QGPmrRwLzWLXQZy2axoQozLa9aLrt7Vp2fA0gb6ulEsmQvnbv0p7tquZpid5rSu4yk&_nc_ohc=EorP5GQ22ZYQ7kNvwEyWhli&_nc_gid=Afrf1FiOUDhDV-mBOjgHmg&edm=AJhczIQBAAAA&ccb=7-5&ig_cache_key=MzgxMDg3MjM3Mzc4MDQ3NDA4NQ%3D%3D.3-ccb7-5&oh=00_Afroq8pzQMBxRRgjjcCHd59ypy7pkJV-EThlsSWFOZrX3Q&oe=696F695E&_nc_sid=4a2096', 'https://instagram.fhan3-3.fna.fbcdn.net/o1/v/t16/f2/m84/AQMrhBb-rMEP4pGkkflryGHq6GAhSUBGzVDmR41CBi7AxbOgDnI0LXclo5OWjmPabuKfD06Y6xvSGl669Ez66Pme9pilR40049V9ark.mp4?_nc_cat=101&_nc_oc=AdlHPyokLQs0VqTil0qyEOE7NuV-c1TE-AXzKVlukuka3UUsuMdX-mhHbDNPhArL9YE&_nc_sid=5e9851&_nc_ht=instagram.fhan3-3.fna.fbcdn.net&_nc_ohc=iPRhW9WVd4YQ7kNvwHuHqJk&efg=eyJ2ZW5jb2RlX3RhZyI6Inhwdl9wcm9ncmVzc2l2ZS5JTlNUQUdSQU0uRkVFRC5DMy43MjAuZGFzaF9iYXNlbGluZV8xX3YxIiwieHB2X2Fzc2V0X2lkIjoxMzg0MzQ5NzM5ODIxMTc4LCJhc3NldF9hZ2VfZGF5cyI6MCwidmlfdXNlY2FzZV9pZCI6MTAxNjQsImR1cmF0aW9uX3MiOjk3LCJ1cmxnZW5fc291cmNlIjoid3d3In0%3D&ccb=17-1&_nc_gid=Afrf1FiOUDhDV-mBOjgHmg&_nc_zt=28&vs=43719169846dd7c5&_nc_vs=HBksFQIYTGlnX2JhY2tmaWxsX3RpbWVsaW5lX3ZvZC8wMjQyOTBDODUyNjNGRDE2RTM2REE1QjVENTFBMzQ5N192aWRlb19kYXNoaW5pdC5tcDQVAALIARIAFQIYUWlnX3hwdl9wbGFjZW1lbnRfcGVybWFuZW50X3YyL0FCNDM3Rjc0NzY4QTM5M0MwOEE2QzVCRjkxRDNENjgyX2F1ZGlvX2Rhc2hpbml0Lm1wNBUCAsgBEgAoABgAGwKIB3VzZV9vaWwBMRJwcm9ncmVzc2l2ZV9yZWNpcGUBMRUAACb0oeWn4cP1BBUCKAJDMywXQFhIUeuFHrgYEmRhc2hfYmFzZWxpbmVfMV92MREAdeoHZeieAQA&oh=00_AfqsFst-YOZp-8hOH0gxqASVNIPooI-hLnUkph5BT--zLw&oe=696B7DE3']",,https://www.threads.net/@johnduresky4congress/post/DTi8DuriOjl,[],"{'likes': 0, 'reposts': 0, 'quotes': 0}",threads,3810872373780474085,John Duresky,Politics,"Why is the White House pressuring the Federal Reserve and what happens when politicians try to control the institution meant to protect the economy?

https://johnduresky4congress.com/

#fyp #foryoupage #democrat #democrats #politics #actblue #WA04 #WA05 #washingtonstatepolitics",threads,77886068319,johnduresky4congress
[],2026-01-16T09:37:09.782675+07:00,"BREAKING: Federal Judge sides with President Trump, rules that ICE can continue surging operations in Minnesota. GOOD!",2026-01-16T01:44:13+07:00,,3810798105524272264,threads,threads.com,threads_crawler_v1,https://www.threads.net/@william5849ow/post/DTirK--gXyI,https://instagram.fhan3-3.fna.fbcdn.net/v/t51.2885-19/143924860_722854025257532_209297664796632509_n.jpg?stp=dst-jpg_s150x150_tt6&efg=eyJ2ZW5jb2RlX3RhZyI6InByb2ZpbGVfcGljLmRqYW5nby4xMDgwLmMyIn0&_nc_ht=instagram.fhan3-3.fna.fbcdn.net&_nc_cat=1&_nc_oc=Q6cZ2QGPmrRwLzWLXQZy2axoQozLa9aLrt7Vp2fA0gb6ulEsmQvnbv0p7tquZpid5rSu4yk&_nc_ohc=y6h-Av217kYQ7kNvwGNsIaz&_nc_gid=Afrf1FiOUDhDV-mBOjgHmg&edm=AJhczIQBAAAA&ccb=7-5&oh=00_Afr5G24wp6y3Fyxwn-pQJVM7b4ROmgrZ7xuL0kq2MDmgiQ&oe=696F70ED&_nc_sid=4a2096,237,0,5229,99,0,[],,https://www.threads.net/@william5849ow/post/DTirK--gXyI,[],"{'likes': 5229, 'reposts': 96, 'quotes': 3}",threads,3810798105524272264,William Hall,,"BREAKING: Federal Judge sides with President Trump, rules that ICE can continue surging operations in Minnesota. GOOD!",threads,62864127668,william5849ow
[],2026-01-16T09:37:09.782706+07:00,"When this is done, the US is going to need to redo its entire government system.

If one lunatic could gut the entire federal governmemt without any ""checks and balances"" then the constitution has failed.",2026-01-16T03:55:16+07:00,,3810864876168700111,threads,threads.com,threads_crawler_v1,https://www.threads.net/@phoenixjramos/post/DTi6Wn_DGDP,https://instagram.fhan4-5.fna.fbcdn.net/v/t51.2885-19/465983614_920923036637210_1380692090754912429_n.jpg?stp=dst-jpg_s150x150_tt6&efg=eyJ2ZW5jb2RlX3RhZyI6InByb2ZpbGVfcGljLmRqYW5nby4xMDgwLmMyIn0&_nc_ht=instagram.fhan4-5.fna.fbcdn.net&_nc_cat=102&_nc_oc=Q6cZ2QGPmrRwLzWLXQZy2axoQozLa9aLrt7Vp2fA0gb6ulEsmQvnbv0p7tquZpid5rSu4yk&_nc_ohc=a45Ks24yGcYQ7kNvwHwWmq4&_nc_gid=Afrf1FiOUDhDV-mBOjgHmg&edm=AJhczIQBAAAA&ccb=7-5&oh=00_AfpaNg6Ho1TVVxPEg_EKwugO33PtHbNFYgeHJ3iREMkfew&oe=696F77A1&_nc_sid=4a2096,135,0,1783,94,0,[],,https://www.threads.net/@phoenixjramos/post/DTi6Wn_DGDP,[],"{'likes': 1783, 'reposts': 84, 'quotes': 10}",threads,3810864876168700111,Phoenix,,"When this is done, the US is going to need to redo its entire government system.

If one lunatic could gut the entire federal governmemt without any ""checks and balances"" then the constitution has failed.",threads,70626389163,phoenixjramos
[],2026-01-16T09:39:35.925596+07:00,"Here's the truth:

You won't fix years of your body being stuck in emergency mode with another supplement or sleep hack.

You fix it by closing the stress loops keeping your body on high alert—before they take another year of your sleep, health, and clarity.

That's what I'll show you how to do. 👇",2026-01-16T03:48:49+07:00,,3810861631396721421,threads,threads.com,threads_crawler_v1,https://www.threads.net/@mattlabosco/post/DTi5naDkTMN,https://instagram.fhan4-1.fna.fbcdn.net/v/t51.2885-19/541932890_17843276745570005_222894267124408894_n.jpg?stp=dst-jpg_s150x150_tt6&efg=eyJ2ZW5jb2RlX3RhZyI6InByb2ZpbGVfcGljLmRqYW5nby42MjYuYzIifQ&_nc_ht=instagram.fhan4-1.fna.fbcdn.net&_nc_cat=105&_nc_oc=Q6cZ2QFBylAmtfJAlK5fkb2qnBzTnBIpJPmHusWFBvQiEhIQYI_rljOEAu1TK5p310-sJSQ&_nc_ohc=EOKK0bbOlQUQ7kNvwHdJBYG&_nc_gid=sB1oB6U_35plP-mYUuYjEw&edm=AJhczIQBAAAA&ccb=7-5&oh=00_Afqow_PlHjAvRmq3QfQgDhWK1t9M2vq7U3FstBJuFev1hA&oe=696F65C9&_nc_sid=4a2096,1,0,1,1,0,[],,https://www.threads.net/@mattlabosco/post/DTi5naDkTMN,[],"{'likes': 1, 'reposts': 1, 'quotes': 0}",threads,3810861631396721421,Matthew LaBosco,,"Here's the truth:

You won't fix years of your body being stuck in emergency mode with another supplement or sleep hack.

You fix it by closing the stress loops keeping your body on high alert—before they take another year of your sleep, health, and clarity.

That's what I'll show you how to do. 👇",threads,77092770004,mattlabosco
[],2026-01-16T09:39:35.925785+07:00,"No I’m agreeing. You didn’t mean anything by it at all, just saw some guy talking about minimum wage and chimed in with no intent at all. People believe that. 

Unrelated, people not having the courage to state their opinions and trying to hide it is a tough look, right? Again, totally unrelated to what’s happening here, I’m just stating a fact with no intent at all. You know how that goes.",2026-01-16T03:41:32+07:00,,3810857968670428091,threads,threads.com,threads_crawler_v1,https://www.threads.net/@tate.sanders.1/post/DTi4yG4EUu7,https://instagram.fhan4-5.fna.fbcdn.net/v/t51.2885-19/480762287_954095726909078_6436396900319933607_n.jpg?stp=dst-jpg_s150x150_tt6&efg=eyJ2ZW5jb2RlX3RhZyI6InByb2ZpbGVfcGljLmRqYW5nby4xMDgwLmMyIn0&_nc_ht=instagram.fhan4-5.fna.fbcdn.net&_nc_cat=102&_nc_oc=Q6cZ2QFBylAmtfJAlK5fkb2qnBzTnBIpJPmHusWFBvQiEhIQYI_rljOEAu1TK5p310-sJSQ&_nc_ohc=5fYt0Fp8s5cQ7kNvwFuEvbw&_nc_gid=sB1oB6U_35plP-mYUuYjEw&edm=AJhczIQBAAAA&ccb=7-5&oh=00_AfooGiL95k0o6wEAw8JpcLX7JqUoD5y5BQqOlfr3cjjWzQ&oe=696F6B1F&_nc_sid=4a2096,1,0,0,0,0,[],,https://www.threads.net/@tate.sanders.1/post/DTi4yG4EUu7,[],"{'likes': 0, 'reposts': 0, 'quotes': 0}",threads,3810857968670428091,Tate Sanders,,"No I’m agreeing. You didn’t mean anything by it at all, just saw some guy talking about minimum wage and chimed in with no intent at all. People believe that. 

Unrelated, people not having the courage to state their opinions and trying to hide it is a tough look, right? Again, totally unrelated to what’s happening here, I’m just stating a fact with no intent at all. You know how that goes.",threads,66007693689,tate.sanders.1
[],2026-01-16T09:39:35.925833+07:00,"[Video] President Donald Trump says he doesn’t know anything about the criminal investigation into the Federal Reserve, despite his long held criticism of the agency’s Chair Jerome Powell. In a statement on Sunday, Powell accused the i... 
Source: The Independent #FederalReserve #DonaldTrump #Criminalinvestigation
  ",2026-01-16T03:33:32+07:00,,3810853939185881534,threads,threads.com,threads_crawler_v1,https://www.threads.net/@masterjose14/post/DTi33eIEpG-,https://instagram.fhan3-2.fna.fbcdn.net/v/t51.2885-19/452964727_1218631319571079_191543277477186016_n.jpg?stp=dst-jpg_s150x150_tt6&efg=eyJ2ZW5jb2RlX3RhZyI6InByb2ZpbGVfcGljLmRqYW5nby4xMDgwLmMyIn0&_nc_ht=instagram.fhan3-2.fna.fbcdn.net&_nc_cat=107&_nc_oc=Q6cZ2QFBylAmtfJAlK5fkb2qnBzTnBIpJPmHusWFBvQiEhIQYI_rljOEAu1TK5p310-sJSQ&_nc_ohc=cjk6LzLx3FMQ7kNvwFlsxhr&_nc_gid=sB1oB6U_35plP-mYUuYjEw&edm=AJhczIQBAAAA&ccb=7-5&oh=00_Afqd-MrCdLxt4xQiFT83xiPLzi9iNiueONAK7phk6z7jng&oe=696F92BE&_nc_sid=4a2096,0,0,0,0,0,[],,https://www.threads.net/@masterjose14/post/DTi33eIEpG-,[],"{'likes': 0, 'reposts': 0, 'quotes': 0}",threads,3810853939185881534,Jose Parra,,"[Video] President Donald Trump says he doesn’t know anything about the criminal investigation into the Federal Reserve, despite his long held criticism of the agency’s Chair Jerome Powell. In a statement on Sunday, Powell accused the i... 
Source: The Independent #FederalReserve #DonaldTrump #Criminalinvestigation
  https://share.newsbreak.com/gt22cwg0",threads,67826558681,masterjose14
[],2026-01-16T09:39:35.925868+07:00,"The timing of President Trump’s attack on Federal Reserve Chair Jerome Powell could hurt next week’s Supreme Court fight over the Fed.
",2026-01-16T03:30:52+07:00,,3810852559402492194,threads,threads.com,threads_crawler_v1,https://www.threads.net/@notusreports/post/DTi3jZGkuEi,https://instagram.fhan3-4.fna.fbcdn.net/v/t51.2885-19/434652851_1605718990198458_575728127871484654_n.jpg?stp=dst-jpg_s150x150_tt6&efg=eyJ2ZW5jb2RlX3RhZyI6InByb2ZpbGVfcGljLmRqYW5nby40MDAuYzIifQ&_nc_ht=instagram.fhan3-4.fna.fbcdn.net&_nc_cat=106&_nc_oc=Q6cZ2QFBylAmtfJAlK5fkb2qnBzTnBIpJPmHusWFBvQiEhIQYI_rljOEAu1TK5p310-sJSQ&_nc_ohc=vZSIxJeKXKEQ7kNvwGPzjow&_nc_gid=sB1oB6U_35plP-mYUuYjEw&edm=AJhczIQBAAAA&ccb=7-5&oh=00_AfqxYMbif24V__SXnLdpkoUzN9MfRqtqPszX2vQjvD9L7w&oe=696F6AC9&_nc_sid=4a2096,0,0,7,1,0,[],,https://www.threads.net/@notusreports/post/DTi3jZGkuEi,[],"{'likes': 7, 'reposts': 1, 'quotes': 0}",threads,3810852559402492194,NOTUS,,"The timing of President Trump’s attack on Federal Reserve Chair Jerome Powell could hurt next week’s Supreme Court fight over the Fed.
https://www.notus.org/courts/jerome-powell-lisa-cook-federal-reserve-trump",threads,63337453834,notusreports
[],2026-01-16T09:39:35.925902+07:00,"…besieged by potentially market-rattling turmoil following the Trump administration’s launch of a criminal investigation into Federal Reserve chair Jerome Powell.

The New York Federal Reserve, a regional branch of the larger central bank that works to maintain the country’s financial stability, kicked off the new year by dumping nearly $97 billion into the banking sector since December 31, 2025.

The move is the latest in a series of major cash transfers the New York Federal Reserve has…",2026-01-16T03:30:08+07:00,,3810852224713597331,threads,threads.com,threads_crawler_v1,https://www.threads.net/@jeremyroyer_/post/DTi3ehZj6GT,https://instagram.fhan4-5.fna.fbcdn.net/v/t51.2885-19/571796222_17929130232116511_852091314081965001_n.jpg?stp=dst-jpg_s150x150_tt6&efg=eyJ2ZW5jb2RlX3RhZyI6InByb2ZpbGVfcGljLmRqYW5nby4xMDgwLmMyIn0&_nc_ht=instagram.fhan4-5.fna.fbcdn.net&_nc_cat=103&_nc_oc=Q6cZ2QFBylAmtfJAlK5fkb2qnBzTnBIpJPmHusWFBvQiEhIQYI_rljOEAu1TK5p310-sJSQ&_nc_ohc=m4Fyar_FxjEQ7kNvwFg56UB&_nc_gid=sB1oB6U_35plP-mYUuYjEw&edm=AJhczIQBAAAA&ccb=7-5&oh=00_AfrUWzGltsEDJCDwstTwNymy6SlMxZMASkXeGbDX_W8JJw&oe=696F62B1&_nc_sid=4a2096,1,0,0,0,0,[],,https://www.threads.net/@jeremyroyer_/post/DTi3ehZj6GT,[],"{'likes': 0, 'reposts': 0, 'quotes': 0}",threads,3810852224713597331,Blackfoot Jeremy Royer,,"…besieged by potentially market-rattling turmoil following the Trump administration’s launch of a criminal investigation into Federal Reserve chair Jerome Powell.

The New York Federal Reserve, a regional branch of the larger central bank that works to maintain the country’s financial stability, kicked off the new year by dumping nearly $97 billion into the banking sector since December 31, 2025.

The move is the latest in a series of major cash transfers the New York Federal Reserve has…",threads,63395060510,jeremyroyer_
[],2026-01-16T09:39:35.925937+07:00,"Our government just gave Wall St. $500 Billion and our so-called elected representatives are not talking about it. From @jacobinmag : The Federal Reserve has quietly delivered nearly half a trillion dollars to Wall Street with few strings attached over the past few months through an obscure government financial program intended for banks struggling to make cash payments.

These cash infusions could signal instability in the broader financial sector — and come as the central bank is…",2026-01-16T03:30:01+07:00,,3810852172687435718,threads,threads.com,threads_crawler_v1,https://www.threads.net/@jeremyroyer_/post/DTi3dw8j2fG,https://instagram.fhan4-5.fna.fbcdn.net/v/t51.2885-19/571796222_17929130232116511_852091314081965001_n.jpg?stp=dst-jpg_s150x150_tt6&efg=eyJ2ZW5jb2RlX3RhZyI6InByb2ZpbGVfcGljLmRqYW5nby4xMDgwLmMyIn0&_nc_ht=instagram.fhan4-5.fna.fbcdn.net&_nc_cat=103&_nc_oc=Q6cZ2QFBylAmtfJAlK5fkb2qnBzTnBIpJPmHusWFBvQiEhIQYI_rljOEAu1TK5p310-sJSQ&_nc_ohc=m4Fyar_FxjEQ7kNvwFg56UB&_nc_gid=sB1oB6U_35plP-mYUuYjEw&edm=AJhczIQBAAAA&ccb=7-5&oh=00_AfrUWzGltsEDJCDwstTwNymy6SlMxZMASkXeGbDX_W8JJw&oe=696F62B1&_nc_sid=4a2096,3,0,1,0,0,['https://instagram.fhan4-5.fna.fbcdn.net/v/t51.2885-15/616251274_17938405089116511_4776468468701864950_n.jpg?stp=cp6_dst-jpg_e35_tt6&efg=eyJ2ZW5jb2RlX3RhZyI6InRocmVhZHMuRkVFRC5pbWFnZV91cmxnZW4uMTI5MHgyMDI2LnNkci5mODI3ODcuZGVmYXVsdF9pbWFnZS5jMiJ9&_nc_ht=instagram.fhan4-5.fna.fbcdn.net&_nc_cat=103&_nc_oc=Q6cZ2QFBylAmtfJAlK5fkb2qnBzTnBIpJPmHusWFBvQiEhIQYI_rljOEAu1TK5p310-sJSQ&_nc_ohc=C_vArm5rWIkQ7kNvwGjhMEc&_nc_gid=sB1oB6U_35plP-mYUuYjEw&edm=AJhczIQBAAAA&ccb=7-5&ig_cache_key=MzgxMDg1MjE3MjY4NzQzNTcxOA%3D%3D.3-ccb7-5&oh=00_AfrrKGythqIq95CpYa7ByaKNmnJCK_F5_mP6dwVwjsfnkw&oe=696F8197&_nc_sid=4a2096'],,https://www.threads.net/@jeremyroyer_/post/DTi3dw8j2fG,[],"{'likes': 1, 'reposts': 0, 'quotes': 0}",threads,3810852172687435718,Blackfoot Jeremy Royer,,"Our government just gave Wall St. $500 Billion and our so-called elected representatives are not talking about it. From @jacobinmag : The Federal Reserve has quietly delivered nearly half a trillion dollars to Wall Street with few strings attached over the past few months through an obscure government financial program intended for banks struggling to make cash payments.

These cash infusions could signal instability in the broader financial sector — and come as the central bank is…",threads,63395060510,jeremyroyer_
[],2026-01-16T09:39:35.925988+07:00,"Update: After FEMA broke the law and canceled $200 million for NC, we took them to court. 

And we won. 

This was a big case for our state - here’s what happened:",2026-01-16T02:03:27+07:00,,3810808330181379246,threads,threads.com,threads_crawler_v1,https://www.threads.net/@jeffjacksonnc/post/DTitfxbj4Su,https://instagram.fhan4-6.fna.fbcdn.net/v/t51.2885-19/357746372_616320373810809_2603769586583612656_n.jpg?stp=dst-jpg_s150x150_tt6&efg=eyJ2ZW5jb2RlX3RhZyI6InByb2ZpbGVfcGljLmRqYW5nby4xMDgwLmMyIn0&_nc_ht=instagram.fhan4-6.fna.fbcdn.net&_nc_cat=109&_nc_oc=Q6cZ2QFBylAmtfJAlK5fkb2qnBzTnBIpJPmHusWFBvQiEhIQYI_rljOEAu1TK5p310-sJSQ&_nc_ohc=8zs63JDUE18Q7kNvwGdSn-B&_nc_gid=sB1oB6U_35plP-mYUuYjEw&edm=AJhczIQBAAAA&ccb=7-5&oh=00_AfpX8ZS1a7zTao0M4Lgd7eTw1aH-HvfEBHiAavyye6CyvA&oe=696F6A0E&_nc_sid=4a2096,17,0,880,74,0,"['https://instagram.fhan4-6.fna.fbcdn.net/v/t51.2885-15/616078755_1505355584339804_7021691787837147901_n.jpg?stp=dst-jpg_e15_tt6&efg=eyJ2ZW5jb2RlX3RhZyI6InRocmVhZHMuRkVFRC5pbWFnZV91cmxnZW4uNjQweDgwMC5zZHIuZjcxODc4LmRlZmF1bHRfY292ZXJfZnJhbWUuYzIifQ&_nc_ht=instagram.fhan4-6.fna.fbcdn.net&_nc_cat=108&_nc_oc=Q6cZ2QFBylAmtfJAlK5fkb2qnBzTnBIpJPmHusWFBvQiEhIQYI_rljOEAu1TK5p310-sJSQ&_nc_ohc=aW7T3ZCtpHAQ7kNvwH1VZEU&_nc_gid=sB1oB6U_35plP-mYUuYjEw&edm=AJhczIQBAAAA&ccb=7-5&ig_cache_key=MzgxMDgwODMzMDE4MTM3OTI0Ng%3D%3D.3-ccb7-5&oh=00_AfrxdwGvtAnH-hsz1dkrzQ1EiWF1UHl-dWhUhv-1DF2J7Q&oe=696F8BDB&_nc_sid=4a2096', 'https://instagram.fhan3-3.fna.fbcdn.net/o1/v/t16/f2/m84/AQNzsnZQfjctsJQoMOFH7etNOTDktLcRCjl9PQDi04wUDbIf5CkZD-8L0ze4e_KOuNb2BniPWZxn_MRF0L4NsH9UlifFszZqpbhU9dk.mp4?_nc_cat=111&_nc_oc=Adk_Tj8nVTj9zho7pqO6sUbDTMBFZVyrOV5z383SMf1mqD7noW8RP5sLYUjhJAu14IM&_nc_sid=5e9851&_nc_ht=instagram.fhan3-3.fna.fbcdn.net&_nc_ohc=c0aZLzYCTqAQ7kNvwE7nkSa&efg=eyJ2ZW5jb2RlX3RhZyI6Inhwdl9wcm9ncmVzc2l2ZS5JTlNUQUdSQU0uRkVFRC5DMy43MjAuZGFzaF9iYXNlbGluZV8xX3YxIiwieHB2X2Fzc2V0X2lkIjo4NzExNzc4NjkxMDk5ODgsImFzc2V0X2FnZV9kYXlzIjowLCJ2aV91c2VjYXNlX2lkIjoxMDE2NCwiZHVyYXRpb25fcyI6MTE3LCJ1cmxnZW5fc291cmNlIjoid3d3In0%3D&ccb=17-1&_nc_gid=sB1oB6U_35plP-mYUuYjEw&_nc_zt=28&vs=67337ba4d1f22cfd&_nc_vs=HBksFQIYTGlnX2JhY2tmaWxsX3RpbWVsaW5lX3ZvZC9DMTQ3RjlCNUI0NjMzMUFBRkM0ODM2M0RGQjY3MjZCMV92aWRlb19kYXNoaW5pdC5tcDQVAALIARIAFQIYOnBhc3N0aHJvdWdoX2V2ZXJzdG9yZS9HQUNJMWlTeUh5cjUxeXdEQU5GcEpUX0hqVFlQYnNwVEFRQUYVAgLIARIAKAAYABsCiAd1c2Vfb2lsATEScHJvZ3Jlc3NpdmVfcmVjaXBlATEVAAAmyKvl9pyVjAMVAigCQzMsF0BdUAAAAAAAGBJkYXNoX2Jhc2VsaW5lXzFfdjERAHXqB2XongEA&oh=00_AfoNEaPMYXO62xie_13fJzdYs3Ny6cnz43djXDqlB8ZTlA&oe=696B7449']",,https://www.threads.net/@jeffjacksonnc/post/DTitfxbj4Su,[],"{'likes': 880, 'reposts': 66, 'quotes': 8}",threads,3810808330181379246,Jeff Jackson,,"Update: After FEMA broke the law and canceled $200 million for NC, we took them to court. 

And we won. 

This was a big case for our state - here’s what happened:",threads,63457857556,jeffjacksonnc
[],2026-01-16T09:39:35.926024+07:00,"Juan Espinoza Martinez was once accused by prosecutors of being a ranking member of the Latin Kings. But without evidence to prove it, the judge won't let the feds even offer evidence of his ""affinity"" for the gang.",2026-01-16T03:01:15+07:00,,3810837624676423080,threads,threads.com,threads_crawler_v1,https://www.threads.net/@chicagosuntimes/post/DTi0KEDiBWo,https://instagram.fhan4-1.fna.fbcdn.net/v/t51.2885-19/357827894_783918383430773_163302043120576817_n.jpg?stp=dst-jpg_s150x150_tt6&efg=eyJ2ZW5jb2RlX3RhZyI6InByb2ZpbGVfcGljLmRqYW5nby44MDAuYzIifQ&_nc_ht=instagram.fhan4-1.fna.fbcdn.net&_nc_cat=105&_nc_oc=Q6cZ2QFBylAmtfJAlK5fkb2qnBzTnBIpJPmHusWFBvQiEhIQYI_rljOEAu1TK5p310-sJSQ&_nc_ohc=u1qYXX_lEl8Q7kNvwFmwwJP&_nc_gid=sB1oB6U_35plP-mYUuYjEw&edm=AJhczIQBAAAA&ccb=7-5&oh=00_AfpC-kqD7ODJBH65UwlkLDpwgYYGY6nFGBhnrSgwEtlnVQ&oe=696F8CBB&_nc_sid=4a2096,1,0,3,0,0,[],,https://www.threads.net/@chicagosuntimes/post/DTi0KEDiBWo,[],"{'likes': 3, 'reposts': 0, 'quotes': 0}",threads,3810837624676423080,Chicago Sun-Times,,"Juan Espinoza Martinez was once accused by prosecutors of being a ranking member of the Latin Kings. But without evidence to prove it, the judge won't let the feds even offer evidence of his ""affinity"" for the gang.",threads,63610448872,chicagosuntimes
[],2026-01-16T09:39:35.926057+07:00,"““My current estimate is that the increase in tariffs today have contributed about one half of a percentage point to the current inflation rate of about 2.75%,” says John C. Williams, president and CEO of the Federal Reserve Bank of New York.

🔗 Watch the full conversation: ",2026-01-16T03:10:44+07:00,,3810842464560032564,threads,threads.com,threads_crawler_v1,https://www.threads.net/@jailanelsarha/post/DTi1QfjEys0,https://instagram.fhan4-3.fna.fbcdn.net/v/t51.2885-19/454402350_877874514236832_2646024886497980435_n.jpg?stp=dst-jpg_s150x150_tt6&efg=eyJ2ZW5jb2RlX3RhZyI6InByb2ZpbGVfcGljLmRqYW5nby4xMDgwLmMyIn0&_nc_ht=instagram.fhan4-3.fna.fbcdn.net&_nc_cat=100&_nc_oc=Q6cZ2QFBylAmtfJAlK5fkb2qnBzTnBIpJPmHusWFBvQiEhIQYI_rljOEAu1TK5p310-sJSQ&_nc_ohc=mm7GDjZyHdIQ7kNvwE9jyeK&_nc_gid=sB1oB6U_35plP-mYUuYjEw&edm=AJhczIQBAAAA&ccb=7-5&oh=00_AfoRRnOfQmt8Gt5gX5mv_g_C3RtwDL9oADlTa-lO9GW-Gw&oe=696F7EC4&_nc_sid=4a2096,0,0,0,0,0,[],,https://www.threads.net/@jailanelsarha/post/DTi1QfjEys0,[],"{'likes': 0, 'reposts': 0, 'quotes': 0}",threads,3810842464560032564,Jailan Elsarha,inflation,"““My current estimate is that the increase in tariffs today have contributed about one half of a percentage point to the current inflation rate of about 2.75%,” says John C. Williams, president and CEO of the Federal Reserve Bank of New York.

🔗 Watch the full conversation: on.cfr.org/3NdqG1L",threads,63407292786,jailanelsarha
[],2026-01-16T09:39:35.926091+07:00,"Housing activity weakens in latest Fed Beige Book report: Most Federal Reserve districts reporting on residential real estate cited softer home sales, slower construction and reduced lending. ",2026-01-16T03:06:37+07:00,,3810839871439646466,threads,threads.com,threads_crawler_v1,https://www.threads.net/@nexthomeresidential/post/DTi0qwhDi8C,https://instagram.fhan4-6.fna.fbcdn.net/v/t51.2885-19/357895952_811977063878913_1565688919174832126_n.jpg?stp=dst-jpg_s150x150_tt6&efg=eyJ2ZW5jb2RlX3RhZyI6InByb2ZpbGVfcGljLmRqYW5nby42OTYuYzIifQ&_nc_ht=instagram.fhan4-6.fna.fbcdn.net&_nc_cat=109&_nc_oc=Q6cZ2QFBylAmtfJAlK5fkb2qnBzTnBIpJPmHusWFBvQiEhIQYI_rljOEAu1TK5p310-sJSQ&_nc_ohc=zTDgwu09_icQ7kNvwFGdbPO&_nc_gid=sB1oB6U_35plP-mYUuYjEw&edm=AJhczIQBAAAA&ccb=7-5&oh=00_Afo8laQJ386AfuJtemlNSAUxY-DTU-QCDpIEG_m7IURF1w&oe=696F8B57&_nc_sid=4a2096,0,0,0,0,0,[],,https://www.threads.net/@nexthomeresidential/post/DTi0qwhDi8C,[],"{'likes': 0, 'reposts': 0, 'quotes': 0}",threads,3810839871439646466,NextHome Residential,,"Housing activity weakens in latest Fed Beige Book report: Most Federal Reserve districts reporting on residential real estate cited softer home sales, slower construction and reduced lending. http://dlvr.it/TQMv5J",threads,63047822455,nexthomeresidential
[],2026-01-16T09:39:35.926123+07:00,The money is not even in the federal reserve yall…USA can’t touch funds Orangey stole from Venezuela!!,2026-01-16T02:45:28+07:00,,3810829742841094992,threads,threads.com,threads_crawler_v1,https://www.threads.net/@lilmommajonz/post/DTiyXXhiWNQ,https://instagram.fhan4-6.fna.fbcdn.net/v/t51.2885-19/366519293_842781053909324_4865305807363695531_n.jpg?stp=dst-jpg_s150x150_tt6&efg=eyJ2ZW5jb2RlX3RhZyI6InByb2ZpbGVfcGljLmRqYW5nby45NTkuYzIifQ&_nc_ht=instagram.fhan4-6.fna.fbcdn.net&_nc_cat=108&_nc_oc=Q6cZ2QFBylAmtfJAlK5fkb2qnBzTnBIpJPmHusWFBvQiEhIQYI_rljOEAu1TK5p310-sJSQ&_nc_ohc=ZMXZEEHnt-AQ7kNvwF0E_aq&_nc_gid=sB1oB6U_35plP-mYUuYjEw&edm=AJhczIQBAAAA&ccb=7-5&oh=00_Afqm_5gIMcEmpZWP0doOacRAxYOzt-LAIl4x-X-dMpOEwA&oe=696F6F08&_nc_sid=4a2096,0,0,0,0,0,[],,https://www.threads.net/@lilmommajonz/post/DTiyXXhiWNQ,[],"{'likes': 0, 'reposts': 0, 'quotes': 0}",threads,3810829742841094992,Tanisha Taylor,Venezuela,The money is not even in the federal reserve yall…USA can’t touch funds Orangey stole from Venezuela!!,threads,63414050715,lilmommajonz
[],2026-01-16T09:39:35.926155+07:00,"Google economists Zanna Iscenko and Fabien Curto Millet say rising joblessness for 20 to 24 year olds tracks Federal Reserve rate hikes, not AI.

Unemployment rose from 5.5% in spring 2023 to 8.2% in December after the Fed lifted rates over 5 points in 2022 to 2023.
",2026-01-16T02:44:47+07:00,,3810829384010026999,threads,threads.com,threads_crawler_v1,https://www.threads.net/@econ.yap/post/DTiySJVic_3,https://instagram.fhan4-5.fna.fbcdn.net/v/t51.2885-19/500316680_17859831462419606_8482649619987038954_n.jpg?stp=dst-jpg_s150x150_tt6&efg=eyJ2ZW5jb2RlX3RhZyI6InByb2ZpbGVfcGljLmRqYW5nby4xMDgwLmMyIn0&_nc_ht=instagram.fhan4-5.fna.fbcdn.net&_nc_cat=102&_nc_oc=Q6cZ2QFBylAmtfJAlK5fkb2qnBzTnBIpJPmHusWFBvQiEhIQYI_rljOEAu1TK5p310-sJSQ&_nc_ohc=3naTpj4eQQcQ7kNvwETNRza&_nc_gid=sB1oB6U_35plP-mYUuYjEw&edm=AJhczIQBAAAA&ccb=7-5&oh=00_AfoiAK2imZ1tCP_g_-ObbmOIKWKsOZVfcxvC6PrBLFyMlg&oe=696F6AEB&_nc_sid=4a2096,0,0,0,0,0,[],,https://www.threads.net/@econ.yap/post/DTiySJVic_3,[],"{'likes': 0, 'reposts': 0, 'quotes': 0}",threads,3810829384010026999,Econ Yap,,"Google economists Zanna Iscenko and Fabien Curto Millet say rising joblessness for 20 to 24 year olds tracks Federal Reserve rate hikes, not AI.

Unemployment rose from 5.5% in spring 2023 to 8.2% in December after the Fed lifted rates over 5 points in 2022 to 2023.
https://www.axios.com/2026/01/15/chatgpt-ai-fed-jobs-unemployment?utm_sf_cserv_ref=800707492346925056&utm_sf_post_ref=652163860",threads,72516691605,econ.yap
[],2026-01-16T09:39:35.926193+07:00,Should the Federal Reserve continue cutting interest rates in 2026? CBPP’s Gbenga Ajilore weighs in while detailing the latest inflation data.,2026-01-16T02:44:22+07:00,,3810828903493155723,threads,threads.com,threads_crawler_v1,https://www.threads.net/@centeronbudget/post/DTiyLJ0gDuL,https://instagram.fhan3-2.fna.fbcdn.net/v/t51.2885-19/358384689_811968673579327_3976615749057838211_n.jpg?stp=dst-jpg_s150x150_tt6&efg=eyJ2ZW5jb2RlX3RhZyI6InByb2ZpbGVfcGljLmRqYW5nby4xNTAuYzIifQ&_nc_ht=instagram.fhan3-2.fna.fbcdn.net&_nc_cat=107&_nc_oc=Q6cZ2QHA-RGL9AUmgqlzbVtYSDORe3ThFYPtLb8p0-3QjpXlxVRhC94nRMZT8PwnQI12gHc&_nc_ohc=MrMlq6pCEGgQ7kNvwH9O2Cu&_nc_gid=DzXTRXZXahCS7w9mEJS3uQ&edm=AJhczIQBAAAA&ccb=7-5&oh=00_AfrUQ7q2cpmK-yebWw7z5TLRpDkMvBOAw99lAkPtrF698A&oe=696F6F2A&_nc_sid=4a2096,0,0,0,0,0,"['https://instagram.fhan4-1.fna.fbcdn.net/v/t51.2885-15/615612137_1205741068411457_2501386337228386136_n.jpg?stp=dst-jpg_e15_tt6&efg=eyJ2ZW5jb2RlX3RhZyI6InRocmVhZHMuRkVFRC5pbWFnZV91cmxnZW4uNjQweDExMzYuc2RyLmY3MTg3OC5kZWZhdWx0X2NvdmVyX2ZyYW1lLmMyIn0&_nc_ht=instagram.fhan4-1.fna.fbcdn.net&_nc_cat=105&_nc_oc=Q6cZ2QHA-RGL9AUmgqlzbVtYSDORe3ThFYPtLb8p0-3QjpXlxVRhC94nRMZT8PwnQI12gHc&_nc_ohc=-O6kasbmw5cQ7kNvwEQd6eK&_nc_gid=DzXTRXZXahCS7w9mEJS3uQ&edm=AJhczIQBAAAA&ccb=7-5&ig_cache_key=MzgxMDgyODkwMzQ5MzE1NTcyMw%3D%3D.3-ccb7-5&oh=00_AfqMJzCzP-vSqeem4WHtI_qi6FFM_Aay4-V1yBXXGUJfzg&oe=696F86AA&_nc_sid=4a2096', 'https://instagram.fhan4-5.fna.fbcdn.net/o1/v/t16/f2/m84/AQOvTCjmrPCxowCS93sANuBcLFD0EUW4p58Lhr2Lnplg1n-juymIK-u6wDMOD4KrMNOwFdtQaGAv9REcbz_Vl6QTHg9qFVU6m2HtJ9k.mp4?_nc_cat=103&_nc_oc=AdnGUGUxiB-8p2Y0HONfWS9sZc_ZWM2XBW-h6fTTpZ-18cwVUEKsgux-8bHDiNngBtY&_nc_sid=5e9851&_nc_ht=instagram.fhan4-5.fna.fbcdn.net&_nc_ohc=n4J5N5PWLLkQ7kNvwHkSj3b&efg=eyJ2ZW5jb2RlX3RhZyI6Inhwdl9wcm9ncmVzc2l2ZS5JTlNUQUdSQU0uRkVFRC5DMy43MjAuZGFzaF9iYXNlbGluZV8xX3YxIiwieHB2X2Fzc2V0X2lkIjoxMzg1MTQzNDI2NDI5MTUyLCJhc3NldF9hZ2VfZGF5cyI6MCwidmlfdXNlY2FzZV9pZCI6MTAxNjQsImR1cmF0aW9uX3MiOjc4LCJ1cmxnZW5fc291cmNlIjoid3d3In0%3D&ccb=17-1&_nc_gid=DzXTRXZXahCS7w9mEJS3uQ&_nc_zt=28&vs=61e090e381bee0e0&_nc_vs=HBksFQIYTGlnX2JhY2tmaWxsX3RpbWVsaW5lX3ZvZC9CQjRFOERFMTdENzIyMDFCNEJBQTQwRjVDN0U1M0FBRl92aWRlb19kYXNoaW5pdC5tcDQVAALIARIAFQIYUWlnX3hwdl9wbGFjZW1lbnRfcGVybWFuZW50X3YyLzhGNEU1MkY1NUUyQUFBNEYwODY4OTVENjg0MjgxNDhFX2F1ZGlvX2Rhc2hpbml0Lm1wNBUCAsgBEgAoABgAGwKIB3VzZV9vaWwBMRJwcm9ncmVzc2l2ZV9yZWNpcGUBMRUAACbAw6ne-vH1BBUCKAJDMywXQFOCHKwIMScYEmRhc2hfYmFzZWxpbmVfMV92MREAdeoHZeieAQA&oh=00_AfpzN46vforocHXT0Hs1hSrWFdMZ3sXRk6NnEN4koQmg9Q&oe=696B9CED']",,https://www.threads.net/@centeronbudget/post/DTiyLJ0gDuL,[],"{'likes': 0, 'reposts': 0, 'quotes': 0}",threads,3810828903493155723,CBPP,,Should the Federal Reserve continue cutting interest rates in 2026? CBPP’s Gbenga Ajilore weighs in while detailing the latest inflation data.,threads,63211966299,centeronbudget
[],2026-01-16T09:39:35.926226+07:00,"So Kristi Noem just came on television and said EVERYONE in the USA, including natural born citizens, should have their ID or papers on them AT ALL TIMES to show proof of citizenship if approached by ICE.  Tell me how that legal and after that make it make sense 🙈",2026-01-15T22:42:39+07:00,,3810707532625623737,threads,threads.com,threads_crawler_v1,https://www.threads.net/@gwenamere/post/DTiWk-ZDjq5,https://instagram.fhan3-3.fna.fbcdn.net/v/t51.2885-19/412238465_640594541390407_4411310918135005075_n.jpg?stp=dst-jpg_s150x150_tt6&efg=eyJ2ZW5jb2RlX3RhZyI6InByb2ZpbGVfcGljLmRqYW5nby4xMDgwLmMyIn0&_nc_ht=instagram.fhan3-3.fna.fbcdn.net&_nc_cat=1&_nc_oc=Q6cZ2QHA-RGL9AUmgqlzbVtYSDORe3ThFYPtLb8p0-3QjpXlxVRhC94nRMZT8PwnQI12gHc&_nc_ohc=TXEEXdB7s9AQ7kNvwFp5ewh&_nc_gid=DzXTRXZXahCS7w9mEJS3uQ&edm=AJhczIQBAAAA&ccb=7-5&oh=00_Afpl2XrD0eMuQQyr--Wuk66pNxUFEHuMR1onr2vNJ510rg&oe=696F8442&_nc_sid=4a2096,3823,0,17181,1895,0,[],,https://www.threads.net/@gwenamere/post/DTiWk-ZDjq5,[],"{'likes': 17181, 'reposts': 1786, 'quotes': 109}",threads,3810707532625623737,Gwen Young,,"So Kristi Noem just came on television and said EVERYONE in the USA, including natural born citizens, should have their ID or papers on them AT ALL TIMES to show proof of citizenship if approached by ICE.  Tell me how that legal and after that make it make sense 🙈",threads,63804256236,gwenamere
[],2026-01-16T09:39:35.926269+07:00,"I am Jerome Powell. My commitment to the American people and the independence of the Federal Reserve is unwavering. Regarding the DOJ inquiry: I firmly deny any misconduct and will cooperate fully to resolve this. I want to thank Ben Bernanke and Janet Yellen for their vocal support of our institution's autonomy. We will not be distracted from our goals of maximum employment and price stability.
This is my only account. Please hold me to my promises.",2026-01-16T02:32:25+07:00,,3810823181700366192,threads,threads.com,threads_crawler_v1,https://www.threads.net/@jeromejeromepowell/post/DTiw34_Ev9w,https://instagram.fhan4-6.fna.fbcdn.net/v/t51.2885-19/615482202_17855832225601185_6476243921884452470_n.jpg?stp=dst-jpg_s150x150_tt6&efg=eyJ2ZW5jb2RlX3RhZyI6InByb2ZpbGVfcGljLmRqYW5nby42NDAuYzIifQ&_nc_ht=instagram.fhan4-6.fna.fbcdn.net&_nc_cat=109&_nc_oc=Q6cZ2QHA-RGL9AUmgqlzbVtYSDORe3ThFYPtLb8p0-3QjpXlxVRhC94nRMZT8PwnQI12gHc&_nc_ohc=cn05DifSSm0Q7kNvwGrrU4w&_nc_gid=DzXTRXZXahCS7w9mEJS3uQ&edm=AJhczIQBAAAA&ccb=7-5&oh=00_AfrLwPBX79QXDdJa7ZjYk-Sk4aF6BlidamLz2me6JmI0QQ&oe=696F60AA&_nc_sid=4a2096,30,0,751,52,0,['https://instagram.fhan4-6.fna.fbcdn.net/v/t51.2885-15/612101510_17855832438601185_1707284998258014243_n.jpg?stp=dst-jpg_e35_tt6&efg=eyJ2ZW5jb2RlX3RhZyI6InRocmVhZHMuRkVFRC5pbWFnZV91cmxnZW4uODk2eDExNTIuc2RyLmY4Mjc4Ny5kZWZhdWx0X2ltYWdlLmMyIn0&_nc_ht=instagram.fhan4-6.fna.fbcdn.net&_nc_cat=109&_nc_oc=Q6cZ2QHA-RGL9AUmgqlzbVtYSDORe3ThFYPtLb8p0-3QjpXlxVRhC94nRMZT8PwnQI12gHc&_nc_ohc=RtlBFB1MuGMQ7kNvwEjD6g3&_nc_gid=DzXTRXZXahCS7w9mEJS3uQ&edm=AJhczIQBAAAA&ccb=7-5&ig_cache_key=MzgxMDgyMzE4MTcwMDM2NjE5Mg%3D%3D.3-ccb7-5&oh=00_Afox9cI8O5IWfoPf1Wo-vPyMwrdh0aOPZ11NM5-vuDSUrw&oe=696F9000&_nc_sid=4a2096'],,https://www.threads.net/@jeromejeromepowell/post/DTiw34_Ev9w,[],"{'likes': 751, 'reposts': 51, 'quotes': 1}",threads,3810823181700366192,Jerome Powell,,"I am Jerome Powell. My commitment to the American people and the independence of the Federal Reserve is unwavering. Regarding the DOJ inquiry: I firmly deny any misconduct and will cooperate fully to resolve this. I want to thank Ben Bernanke and Janet Yellen for their vocal support of our institution's autonomy. We will not be distracted from our goals of maximum employment and price stability.
This is my only account. Please hold me to my promises.",threads,78170545184,jeromejeromepowell
[],2026-01-16T09:39:35.926305+07:00,"Even Gregg Jarrett, a Fox News legal contributor, could really make much of a criminal case against Jerome Powell the chair of the Federal Reserve. Trump is angry that renovations have been 'lavish' - lush amenities, marble, fountains, luxury dining room, etc.",2026-01-16T02:05:47+07:00,,3810809626094592509,threads,threads.com,threads_crawler_v1,https://www.threads.net/@decodingfoxnews/post/DTityoWAeH9,https://instagram.fhan4-1.fna.fbcdn.net/v/t51.2885-19/357877763_3387354171530093_5752508030380783012_n.jpg?stp=dst-jpg_s150x150_tt6&efg=eyJ2ZW5jb2RlX3RhZyI6InByb2ZpbGVfcGljLmRqYW5nby43NTAuYzIifQ&_nc_ht=instagram.fhan4-1.fna.fbcdn.net&_nc_cat=105&_nc_oc=Q6cZ2QHA-RGL9AUmgqlzbVtYSDORe3ThFYPtLb8p0-3QjpXlxVRhC94nRMZT8PwnQI12gHc&_nc_ohc=Lp8hZo3-ZwgQ7kNvwFmwwbS&_nc_gid=DzXTRXZXahCS7w9mEJS3uQ&edm=AJhczIQBAAAA&ccb=7-5&oh=00_Afq6WRDD-rrTLWYF35DBJgza4UKm4AA_s9c4dNJHZCrWHg&oe=696F85C1&_nc_sid=4a2096,26,0,105,14,0,"['https://instagram.fhan3-3.fna.fbcdn.net/v/t51.2885-15/616216510_881147737642295_7181477552245424224_n.jpg?stp=dst-jpg_e15_tt6&efg=eyJ2ZW5jb2RlX3RhZyI6InRocmVhZHMuRkVFRC5pbWFnZV91cmxnZW4uNjQweDM2MC5zZHIuZjcxODc4LmRlZmF1bHRfY292ZXJfZnJhbWUuYzIifQ&_nc_ht=instagram.fhan3-3.fna.fbcdn.net&_nc_cat=111&_nc_oc=Q6cZ2QHA-RGL9AUmgqlzbVtYSDORe3ThFYPtLb8p0-3QjpXlxVRhC94nRMZT8PwnQI12gHc&_nc_ohc=3GNL97kdS-YQ7kNvwGrx18K&_nc_gid=DzXTRXZXahCS7w9mEJS3uQ&edm=AJhczIQBAAAA&ccb=7-5&ig_cache_key=MzgxMDgwOTYyNjA5NDU5MjUwOQ%3D%3D.3-ccb7-5&oh=00_AfqPKr3xSCTGrGRXGm-fheMaaxfKmBowIGImjjgsfsZJxQ&oe=696F8442&_nc_sid=4a2096', 'https://instagram.fhan3-3.fna.fbcdn.net/o1/v/t16/f2/m84/AQMp7CgK7LMoTjesQkVrtyc4STfiT8lIrFc2bkVG52jYVGhVH69ePHDWjrXI-ViOdPRx9X8obg93dsMnRnzhUxcFpinRHJ23fs3N-hc.mp4?_nc_cat=111&_nc_oc=AdmCH5uO87oOseLkTQVz3nS14WVwaa32YjzsDSJ_16oXLJKmT-V53o-Z_babELIijdo&_nc_sid=5e9851&_nc_ht=instagram.fhan3-3.fna.fbcdn.net&_nc_ohc=STjR9Snk2AkQ7kNvwFrC5cA&efg=eyJ2ZW5jb2RlX3RhZyI6Inhwdl9wcm9ncmVzc2l2ZS5JTlNUQUdSQU0uRkVFRC5DMy4xMjgwLmRhc2hfYmFzZWxpbmVfMV92MSIsInhwdl9hc3NldF9pZCI6MjU2Mzc1OTk5ODU5MzM5NzMsImFzc2V0X2FnZV9kYXlzIjowLCJ2aV91c2VjYXNlX2lkIjoxMDE2NCwiZHVyYXRpb25fcyI6NjAsInVybGdlbl9zb3VyY2UiOiJ3d3cifQ%3D%3D&ccb=17-1&_nc_gid=DzXTRXZXahCS7w9mEJS3uQ&_nc_zt=28&vs=d4077055415a02e&_nc_vs=HBksFQIYTGlnX2JhY2tmaWxsX3RpbWVsaW5lX3ZvZC8zNTQyNjMyNjY3OEQwQzFCMEQwREY2NDEyQzQ5NjE5OV92aWRlb19kYXNoaW5pdC5tcDQVAALIARIAFQIYOnBhc3N0aHJvdWdoX2V2ZXJzdG9yZS9HSmxsdXlTR2NxZmVubG9GQUFKUXktYm14aUJWYnNwVEFRQUYVAgLIARIAKAAYABsCiAd1c2Vfb2lsATEScHJvZ3Jlc3NpdmVfcmVjaXBlATEVAAAmqvrwgN3QilsVAigCQzMsF0BOIgxJul41GBJkYXNoX2Jhc2VsaW5lXzFfdjERAHXqB2XongEA&oh=00_AfoUyhDj1fT2amgr9BqlNF8fF0NYD6eR_nuq6mjf1k_O4A&oe=696B6E21']",,https://www.threads.net/@decodingfoxnews/post/DTityoWAeH9,[],"{'likes': 105, 'reposts': 12, 'quotes': 2}",threads,3810809626094592509,Decoding Fox News,,"Even Gregg Jarrett, a Fox News legal contributor, could really make much of a criminal case against Jerome Powell the chair of the Federal Reserve. Trump is angry that renovations have been 'lavish' - lush amenities, marble, fountains, luxury dining room, etc.",threads,63285549790,decodingfoxnews
[],2026-01-16T09:39:35.926336+07:00,"Shouldn’t the President Get to Tell the Federal Reserve Chairman What to Do?

On the Fed and Monetary Independence

",2026-01-16T02:07:45+07:00,,3810810651938517598,threads,threads.com,threads_crawler_v1,https://www.threads.net/@madsociologist/post/DTiuBjvEfJe,https://instagram.fhan4-5.fna.fbcdn.net/v/t51.2885-19/539455484_17919796893117422_67859592855716150_n.jpg?stp=dst-jpg_s150x150_tt6&efg=eyJ2ZW5jb2RlX3RhZyI6InByb2ZpbGVfcGljLmRqYW5nby4xMDI0LmMyIn0&_nc_ht=instagram.fhan4-5.fna.fbcdn.net&_nc_cat=102&_nc_oc=Q6cZ2QHA-RGL9AUmgqlzbVtYSDORe3ThFYPtLb8p0-3QjpXlxVRhC94nRMZT8PwnQI12gHc&_nc_ohc=cRvCU3pgxSMQ7kNvwFH1cNa&_nc_gid=DzXTRXZXahCS7w9mEJS3uQ&edm=AJhczIQBAAAA&ccb=7-5&oh=00_AfrEfeBkszYU8h6GF71dlrysw5MfzEEmmZkyLaCj_wzrQA&oe=696F91E2&_nc_sid=4a2096,0,0,0,0,0,[],,https://www.threads.net/@madsociologist/post/DTiuBjvEfJe,[],"{'likes': 0, 'reposts': 0, 'quotes': 0}",threads,3810810651938517598,Michael Andoscia,,"Shouldn’t the President Get to Tell the Federal Reserve Chairman What to Do?

On the Fed and Monetary Independence

http://mrandosciasclassroom.net/2026/01/15/shouldnt-the-president-get-to-tell-the-federal-reserve-chairman-what-to-do/",threads,63449925421,madsociologist
[],2026-01-16T09:39:35.926386+07:00,"Did you know? By law, both old- and new-design Federal Reserve notes remain legal tender and maintain their face value, regardless of when they were issued. 

You can find more interesting info about U.S. currency at ",2026-01-16T02:00:21+07:00,,3810806999496412452,threads,threads.com,threads_crawler_v1,https://www.threads.net/@kansascityfed/post/DTitMaIjk0k,https://instagram.fhan4-5.fna.fbcdn.net/v/t51.2885-19/488312096_705894515199806_2683909964446142253_n.jpg?stp=dst-jpg_s150x150_tt6&efg=eyJ2ZW5jb2RlX3RhZyI6InByb2ZpbGVfcGljLmRqYW5nby4zMjAuYzIifQ&_nc_ht=instagram.fhan4-5.fna.fbcdn.net&_nc_cat=102&_nc_oc=Q6cZ2QHA-RGL9AUmgqlzbVtYSDORe3ThFYPtLb8p0-3QjpXlxVRhC94nRMZT8PwnQI12gHc&_nc_ohc=H1l-qJleSFcQ7kNvwETpSZZ&_nc_gid=DzXTRXZXahCS7w9mEJS3uQ&edm=AJhczIQBAAAA&ccb=7-5&oh=00_AfpjC0YkTyEf-xhJR4GiF5beK6qvli0cQ2YwxD3mppW57A&oe=696F7F36&_nc_sid=4a2096,0,0,1,0,0,['https://instagram.fhan3-2.fna.fbcdn.net/v/t51.2885-15/614802652_17921424114234523_3926610721391038609_n.jpg?stp=dst-jpg_e35_tt6&efg=eyJ2ZW5jb2RlX3RhZyI6InRocmVhZHMuRkVFRC5pbWFnZV91cmxnZW4uMTQ0MHgxNDQwLnNkci5mODI3ODcuZGVmYXVsdF9pbWFnZS5jMiJ9&_nc_ht=instagram.fhan3-2.fna.fbcdn.net&_nc_cat=107&_nc_oc=Q6cZ2QHA-RGL9AUmgqlzbVtYSDORe3ThFYPtLb8p0-3QjpXlxVRhC94nRMZT8PwnQI12gHc&_nc_ohc=KCklFD5SAK4Q7kNvwEq56T0&_nc_gid=DzXTRXZXahCS7w9mEJS3uQ&edm=AJhczIQBAAAA&ccb=7-5&ig_cache_key=MzgxMDgwNjk5OTQ5NjQxMjQ1Mg%3D%3D.3-ccb7-5&oh=00_Afq_j9Jau7dzkaXw_YGaaIKyQA8_tc5SufL8xgYe4ihKBA&oe=696F615E&_nc_sid=4a2096'],,https://www.threads.net/@kansascityfed/post/DTitMaIjk0k,[],"{'likes': 1, 'reposts': 0, 'quotes': 0}",threads,3810806999496412452,Federal Reserve Bank of KC,,"Did you know? By law, both old- and new-design Federal Reserve notes remain legal tender and maintain their face value, regardless of when they were issued. 

You can find more interesting info about U.S. currency at https://bit.ly/3OMVdSj",threads,67183786522,kansascityfed
[],2026-01-16T09:39:35.926420+07:00,"Up to 83% of small businesses rely on paper checks for their familiarity, remittance processes, float benefits, and digital upgrade costs. Research from the Federal Reserve’s 2024 Payments Insight study reveals how payment preferences shift with company size: .",2026-01-16T02:00:21+07:00,,3810806870244920375,threads,threads.com,threads_crawler_v1,https://www.threads.net/@atlantafed/post/DTitKhwkQw3,https://instagram.fhan3-4.fna.fbcdn.net/v/t51.2885-19/357852332_227729963508928_690356273552727614_n.jpg?stp=dst-jpg_s150x150_tt6&efg=eyJ2ZW5jb2RlX3RhZyI6InByb2ZpbGVfcGljLmRqYW5nby43MDIuYzIifQ&_nc_ht=instagram.fhan3-4.fna.fbcdn.net&_nc_cat=104&_nc_oc=Q6cZ2QHA-RGL9AUmgqlzbVtYSDORe3ThFYPtLb8p0-3QjpXlxVRhC94nRMZT8PwnQI12gHc&_nc_ohc=KpRq-U9S8CEQ7kNvwFBWOxP&_nc_gid=DzXTRXZXahCS7w9mEJS3uQ&edm=AJhczIQBAAAA&ccb=7-5&oh=00_Afo0vbo2q1d0B02xvcLV-2_Ytqn21z4K4fGiE4geE9SN-g&oe=696F8A62&_nc_sid=4a2096,0,0,1,0,0,['https://instagram.fhan4-6.fna.fbcdn.net/v/t51.2885-15/612541637_17939327379114044_746755740420924835_n.jpg?stp=dst-jpg_e35_tt6&efg=eyJ2ZW5jb2RlX3RhZyI6InRocmVhZHMuRkVFRC5pbWFnZV91cmxnZW4uMTQ0MHg4MTAuc2RyLmY4Mjc4Ny5kZWZhdWx0X2ltYWdlLmMyIn0&_nc_ht=instagram.fhan4-6.fna.fbcdn.net&_nc_cat=108&_nc_oc=Q6cZ2QHA-RGL9AUmgqlzbVtYSDORe3ThFYPtLb8p0-3QjpXlxVRhC94nRMZT8PwnQI12gHc&_nc_ohc=m7D3xlmrDcIQ7kNvwHI9O6Z&_nc_gid=DzXTRXZXahCS7w9mEJS3uQ&edm=AJhczIQBAAAA&ccb=7-5&ig_cache_key=MzgxMDgwNjg3MDI0NDkyMDM3NQ%3D%3D.3-ccb7-5&oh=00_Afrp0RG-wWvI1bun-jPe8tbWjWxZ_zjsZPiYW7pvRP_zcg&oe=696F78E3&_nc_sid=4a2096'],,https://www.threads.net/@atlantafed/post/DTitKhwkQw3,[],"{'likes': 1, 'reposts': 0, 'quotes': 0}",threads,3810806870244920375,Atlanta Fed (Federal Reserve),,"Up to 83% of small businesses rely on paper checks for their familiarity, remittance processes, float benefits, and digital upgrade costs. Research from the Federal Reserve’s 2024 Payments Insight study reveals how payment preferences shift with company size: https://atlfed.org/4pEntFR.",threads,63474058043,atlantafed
[],2026-01-16T09:39:35.926460+07:00,"Despite signs that the US administration is targeting the US Federal Reserve's leadership, the European Central Bank's vice president says the Fed is still a trusted lender of last resort. 
",2026-01-16T01:39:50+07:00,,3810796696230451861,threads,threads.com,threads_crawler_v1,https://www.threads.net/@politicoeurope/post/DTiq2eeDFqV,https://instagram.fhan3-3.fna.fbcdn.net/v/t51.2885-19/494376001_17908591941102767_6041814734543304185_n.jpg?stp=dst-jpg_s150x150_tt6&efg=eyJ2ZW5jb2RlX3RhZyI6InByb2ZpbGVfcGljLmRqYW5nby4xMDgwLmMyIn0&_nc_ht=instagram.fhan3-3.fna.fbcdn.net&_nc_cat=111&_nc_oc=Q6cZ2QHA-RGL9AUmgqlzbVtYSDORe3ThFYPtLb8p0-3QjpXlxVRhC94nRMZT8PwnQI12gHc&_nc_ohc=E6CgwvWs-o8Q7kNvwGO2DwP&_nc_gid=DzXTRXZXahCS7w9mEJS3uQ&edm=AJhczIQBAAAA&ccb=7-5&oh=00_AfqcxVUbU_jZ9_Z4hZbxu_ZlOY0FkEU5sLh-zDbgUhNOLA&oe=696F8672&_nc_sid=4a2096,0,0,2,0,0,[],,https://www.threads.net/@politicoeurope/post/DTiq2eeDFqV,[],"{'likes': 2, 'reposts': 0, 'quotes': 0}",threads,3810796696230451861,POLITICO Europe,,"Despite signs that the US administration is targeting the US Federal Reserve's leadership, the European Central Bank's vice president says the Fed is still a trusted lender of last resort. 
https://politi.co/4pIAvCf",threads,63038038766,politicoeurope
[],2026-01-16T09:39:35.926493+07:00,"Trump says inflation has been “defeated,” but that’s misleading. Official data show U.S. inflation is still positive — consumer prices are rising around ~2.7% annually, above the Federal Reserve’s 2% target, and have climbed in several recent months rather than disappeared. Economists note prices are not falling overall, many costs remain high, and Trump’s framing cherry‑picks examples rather than reflecting broad inflation trends!",2026-01-16T01:38:32+07:00,,3810796055986866095,threads,threads.com,threads_crawler_v1,https://www.threads.net/@barrych12/post/DTiqtKMjoev,https://instagram.fhan4-5.fna.fbcdn.net/v/t51.2885-19/503808271_17887546533272810_2569217600151600973_n.jpg?stp=dst-jpg_s150x150_tt6&efg=eyJ2ZW5jb2RlX3RhZyI6InByb2ZpbGVfcGljLmRqYW5nby43NTAuYzIifQ&_nc_ht=instagram.fhan4-5.fna.fbcdn.net&_nc_cat=102&_nc_oc=Q6cZ2QHA-RGL9AUmgqlzbVtYSDORe3ThFYPtLb8p0-3QjpXlxVRhC94nRMZT8PwnQI12gHc&_nc_ohc=DCfuOfDWl80Q7kNvwGTm40a&_nc_gid=DzXTRXZXahCS7w9mEJS3uQ&edm=AJhczIQBAAAA&ccb=7-5&oh=00_Afp30dCym0BJi43aMaY8piV4OY6V8v4eQzn9azli_mk5-g&oe=696F637D&_nc_sid=4a2096,0,0,2,0,0,[],,https://www.threads.net/@barrych12/post/DTiqtKMjoev,[],"{'likes': 2, 'reposts': 0, 'quotes': 0}",threads,3810796055986866095,Barry,,"Trump says inflation has been “defeated,” but that’s misleading. Official data show U.S. inflation is still positive — consumer prices are rising around ~2.7% annually, above the Federal Reserve’s 2% target, and have climbed in several recent months rather than disappeared. Economists note prices are not falling overall, many costs remain high, and Trump’s framing cherry‑picks examples rather than reflecting broad inflation trends!",threads,68368824809,barrych12
[],2026-01-16T09:39:35.926526+07:00,"Treasury Secretary Scott Bessent just revealed that Iranian leadership is secretly wiring millions — even tens of millions — of dollars out of Iran into banks around the world. According to Treasury, sanctions are working, panic is setting in, and the money trail proves it. When the elites start running, you know pressure is REAL.
#breakingnews #uspolitics #politics #scottbessent #geopolitics",2026-01-15T21:43:54+07:00,,3810677950350785768,threads,threads.com,threads_crawler_v1,https://www.threads.net/@redwhitebluenews29/post/DTiP2fwEnzo,https://instagram.fhan4-5.fna.fbcdn.net/v/t51.2885-19/548516726_17842107561579566_1907889134530682882_n.jpg?stp=dst-jpg_s150x150_tt6&efg=eyJ2ZW5jb2RlX3RhZyI6InByb2ZpbGVfcGljLmRqYW5nby4xMDI0LmMyIn0&_nc_ht=instagram.fhan4-5.fna.fbcdn.net&_nc_cat=102&_nc_oc=Q6cZ2QHA-RGL9AUmgqlzbVtYSDORe3ThFYPtLb8p0-3QjpXlxVRhC94nRMZT8PwnQI12gHc&_nc_ohc=stXi09_vaQYQ7kNvwGq-Gaq&_nc_gid=DzXTRXZXahCS7w9mEJS3uQ&edm=AJhczIQBAAAA&ccb=7-5&oh=00_AfqPGp09GFpdScYEjIOXBvB39-DS6BIIE-8vwkgTakxtvQ&oe=696F6C96&_nc_sid=4a2096,26,0,140,27,0,"['https://instagram.fhan3-4.fna.fbcdn.net/v/t51.2885-15/617704643_25805595969070170_7310549697540745297_n.jpg?stp=dst-jpg_e15_tt6&efg=eyJ2ZW5jb2RlX3RhZyI6InRocmVhZHMuRkVFRC5pbWFnZV91cmxnZW4uNjQweDExMzYuc2RyLmY3MTg3OC5kZWZhdWx0X2NvdmVyX2ZyYW1lLmMyIn0&_nc_ht=instagram.fhan3-4.fna.fbcdn.net&_nc_cat=106&_nc_oc=Q6cZ2QHA-RGL9AUmgqlzbVtYSDORe3ThFYPtLb8p0-3QjpXlxVRhC94nRMZT8PwnQI12gHc&_nc_ohc=Fbdb7i90Pp4Q7kNvwGRAV_j&_nc_gid=DzXTRXZXahCS7w9mEJS3uQ&edm=AJhczIQBAAAA&ccb=7-5&ig_cache_key=MzgxMDY3Nzk1MDM1MDc4NTc2OA%3D%3D.3-ccb7-5&oh=00_Afr_3agogAuaGXLNR4cYbQ5LlFQ9cJoRdfVIlmmwMGAOEw&oe=696F8960&_nc_sid=4a2096', 'https://instagram.fhan4-6.fna.fbcdn.net/o1/v/t16/f2/m69/AQNZPozk8P435I-seKq7RevnCvlky7jZiM9peDGz4_3aKjM_CUP7HG0X_WE8oynkJ9ffBg-1KOALvWfarLJ1zZDD.mp4?strext=1&_nc_cat=109&_nc_oc=AdkHAsZuZ49i_N2kaeU4j1dwyFN0oVNIRqVYzChUgNWSRYpttPU8Xw1BlZME28Hi4uw&_nc_sid=5e9851&_nc_ht=instagram.fhan4-6.fna.fbcdn.net&_nc_ohc=J1b39Ah1qy0Q7kNvwEnUpp5&efg=eyJ2ZW5jb2RlX3RhZyI6Inhwdl9wcm9ncmVzc2l2ZS5JTlNUQUdSQU0uRkVFRC5DMy43MjAuZGFzaF9iYXNlbGluZV8xX3YxIiwieHB2X2Fzc2V0X2lkIjo4OTk1NTQ4NjkyNTk4NTksImFzc2V0X2FnZV9kYXlzIjowLCJ2aV91c2VjYXNlX2lkIjoxMDA5OSwiZHVyYXRpb25fcyI6MzksInVybGdlbl9zb3VyY2UiOiJ3d3cifQ%3D%3D&ccb=17-1&_nc_gid=DzXTRXZXahCS7w9mEJS3uQ&_nc_zt=28&vs=d2a55a653a9a5ad8&_nc_vs=HBksFQIYOnBhc3N0aHJvdWdoX2V2ZXJzdG9yZS9HQnNNWmlUX1BtVVZsRXNGQUloVVlpbnE3QmxhYnNwVEFRQUYVAALIARIAFQIYOnBhc3N0aHJvdWdoX2V2ZXJzdG9yZS9HRHVrekNRRS1EN1FDa3dFQU9VOEdvcEZ6d0psYnN0VEFRQUYVAgLIARIAKAAYABsCiAd1c2Vfb2lsATEScHJvZ3Jlc3NpdmVfcmVjaXBlATEVAAAmprmBh_6ImQMVAigCQzMsF0BDyHKwIMScGBJkYXNoX2Jhc2VsaW5lXzFfdjERAHXqB2XmnQEA&oh=00_Afpw6-H0d7lxWP8xD5h-gDqjhOoOfcjzzgnS79WpmePJzQ&oe=696F77DF']",,https://www.threads.net/@redwhitebluenews29/post/DTiP2fwEnzo,[],"{'likes': 140, 'reposts': 25, 'quotes': 2}",threads,3810677950350785768,RedWhiteBlue News,,"Treasury Secretary Scott Bessent just revealed that Iranian leadership is secretly wiring millions — even tens of millions — of dollars out of Iran into banks around the world. According to Treasury, sanctions are working, panic is setting in, and the money trail proves it. When the elites start running, you know pressure is REAL.
#breakingnews #uspolitics #politics #scottbessent #geopolitics",threads,77290235565,redwhitebluenews29
[],2026-01-16T09:39:35.926560+07:00,"Reuters: Kansas City Federal Reserve President Jeff Schmid on Thursday Laid Out an Argument Against Cutting Interest Rates, Calling Inflation ""Too Hot"" and Predicting That Trump Administration Policies Will Build the Economy's Momentum and the Demand That Has Been Outpacing Supply and Putting Upward Pressure on Prices.

1/",2026-01-16T01:35:45+07:00,,3810794661287562634,threads,threads.com,threads_crawler_v1,https://www.threads.net/@titoipr/post/DTiqY3SAA2K,https://instagram.fhan3-3.fna.fbcdn.net/v/t51.2885-19/563031286_17924770281115007_8467221763645316813_n.jpg?stp=dst-jpg_s150x150_tt6&efg=eyJ2ZW5jb2RlX3RhZyI6InByb2ZpbGVfcGljLmRqYW5nby43NTAuYzIifQ&_nc_ht=instagram.fhan3-3.fna.fbcdn.net&_nc_cat=111&_nc_oc=Q6cZ2QHA-RGL9AUmgqlzbVtYSDORe3ThFYPtLb8p0-3QjpXlxVRhC94nRMZT8PwnQI12gHc&_nc_ohc=8JdUC1jQURoQ7kNvwE9ceU7&_nc_gid=DzXTRXZXahCS7w9mEJS3uQ&edm=AJhczIQBAAAA&ccb=7-5&oh=00_AfrN75PO8OaAEyDd4r_tfks6q4rfmY5wrkYJA0Jyoy5rWA&oe=696F63AC&_nc_sid=4a2096,4,0,0,0,0,[],,https://www.threads.net/@titoipr/post/DTiqY3SAA2K,[],"{'likes': 0, 'reposts': 0, 'quotes': 0}",threads,3810794661287562634,Israel P Roman,Fed Schmid,"Reuters: Kansas City Federal Reserve President Jeff Schmid on Thursday Laid Out an Argument Against Cutting Interest Rates, Calling Inflation ""Too Hot"" and Predicting That Trump Administration Policies Will Build the Economy's Momentum and the Demand That Has Been Outpacing Supply and Putting Upward Pressure on Prices.

1/",threads,63382907006,titoipr
[],2026-01-16T09:39:35.926601+07:00,"Americans’ household debt levels, including mortgages, car loans, credit cards and student loans, are now at a new record high, per Federal Reserve Bank of New York,",2026-01-16T01:32:01+07:00,,3810792776208839998,threads,threads.com,threads_crawler_v1,https://www.threads.net/@unusual_whalesy/post/DTip9bqjXU-,https://instagram.fceb2-1.fna.fbcdn.net/v/t51.2885-19/573323465_1219825463302212_7278921664109726296_n.png?stp=dst-jpg_e0_s150x150_tt6&efg=eyJ2ZW5jb2RlX3RhZyI6InByb2ZpbGVfcGljLmRqYW5nby4xNTAuYzIifQ&_nc_ht=instagram.fceb2-1.fna.fbcdn.net&_nc_cat=1&_nc_oc=Q6cZ2QF_1cRl5NrA53aDUE3ea7mUhIekzsN8yumB8EIhI8ATWUpknHdzlyOS_nJEOSScD3Q&_nc_ohc=Vz-r0K6PSJQQ7kNvwFUo8fX&_nc_gid=vug6cegoIPPRB4EZOnW5Vw&edm=AJ1X7eQBAAAA&ccb=7-5&ig_cache_key=YW5vbnltb3VzX3Byb2ZpbGVfcGlj.3-ccb7-5&oh=00_AfqaVyzxDmvfKQmAIEyMKKM8w5vYuOWNglrw-liVmXZmLw&oe=696F72AA&_nc_sid=1cea78,0,0,1,0,0,[],,https://www.threads.net/@unusual_whalesy/post/DTip9bqjXU-,[],"{'likes': 1, 'reposts': 0, 'quotes': 0}",threads,3810792776208839998,Unusual Whales🐳,,"Americans’ household debt levels, including mortgages, car loans, credit cards and student loans, are now at a new record high, per Federal Reserve Bank of New York,",threads,79895800259,unusual_whalesy
[],2026-01-16T09:39:35.926646+07:00,Folks are just making shit up.  American people are so fucking tired of your lies. Everything about the Democrat party for the last 10 years system nothing but lies.,2026-01-15T19:35:10+07:00,,3810613170784865575,threads,threads.com,threads_crawler_v1,https://www.threads.net/@trevinot/post/DTiBH1FDo0n,https://instagram.fceb2-1.fna.fbcdn.net/v/t51.2885-19/573323465_1219825463302212_7278921664109726296_n.png?stp=dst-jpg_e0_s150x150_tt6&efg=eyJ2ZW5jb2RlX3RhZyI6InByb2ZpbGVfcGljLmRqYW5nby4xNTAuYzIifQ&_nc_ht=instagram.fceb2-1.fna.fbcdn.net&_nc_cat=1&_nc_oc=Q6cZ2QF_1cRl5NrA53aDUE3ea7mUhIekzsN8yumB8EIhI8ATWUpknHdzlyOS_nJEOSScD3Q&_nc_ohc=Vz-r0K6PSJQQ7kNvwFUo8fX&_nc_gid=vug6cegoIPPRB4EZOnW5Vw&edm=AJ1X7eQBAAAA&ccb=7-5&ig_cache_key=YW5vbnltb3VzX3Byb2ZpbGVfcGlj.3-ccb7-5&oh=00_AfqaVyzxDmvfKQmAIEyMKKM8w5vYuOWNglrw-liVmXZmLw&oe=696F72AA&_nc_sid=1cea78,2,0,110,0,0,[],,https://www.threads.net/@trevinot/post/DTiBH1FDo0n,[],"{'likes': 110, 'reposts': 0, 'quotes': 0}",threads,3810613170784865575,Anthony Trevino,,Folks are just making shit up.  American people are so fucking tired of your lies. Everything about the Democrat party for the last 10 years system nothing but lies.,threads,66278228092,trevinot
[],2026-01-16T09:39:35.926690+07:00,"Donald Trump is threatening the federal reserve chair with jail, because he’s actually sending the facts up regarding how bad inflation is in this country.",2026-01-16T01:16:54+07:00,,3810785172363924355,threads,threads.com,threads_crawler_v1,https://www.threads.net/@donnylee35/post/DTioOyCE9OD,https://instagram.fhan3-3.fna.fbcdn.net/v/t51.2885-19/358022220_808355557330595_7244130157249349544_n.jpg?stp=dst-jpg_s150x150_tt6&efg=eyJ2ZW5jb2RlX3RhZyI6InByb2ZpbGVfcGljLmRqYW5nby4xMDgwLmMyIn0&_nc_ht=instagram.fhan3-3.fna.fbcdn.net&_nc_cat=111&_nc_oc=Q6cZ2QGvJ0rZ_wJIXW5iZ45NnK35WTPNrN3fxqseiI82xZGYtSL4GVAYqa4pJF28YPbHv3o&_nc_ohc=TP9SGD7aVTAQ7kNvwHMEsdh&_nc_gid=mNEQDh-uIkum-bUBsn544w&edm=AJhczIQBAAAA&ccb=7-5&oh=00_AfokxYy1ipy1EYtsJrgEimOqpOji1uhPxhtzo10XaGpkGw&oe=696F8A19&_nc_sid=4a2096,1,0,13,1,0,[],,https://www.threads.net/@donnylee35/post/DTioOyCE9OD,[],"{'likes': 13, 'reposts': 1, 'quotes': 0}",threads,3810785172363924355,Don McCart,,"Donald Trump is threatening the federal reserve chair with jail, because he’s actually sending the facts up regarding how bad inflation is in this country. ￼",threads,63301331488,donnylee35
[],2026-01-16T09:39:35.926738+07:00,"Trump has accumulated so many reasons why he should be impeached yet nobody has done a damn thing about it. 
It’s like the constitution is just a myth.",2026-01-15T23:50:22+07:00,,3810741618266451991,threads,threads.com,threads_crawler_v1,https://www.threads.net/@annemarieion5/post/DTieU_HkbAX,https://instagram.fhan3-3.fna.fbcdn.net/v/t51.2885-19/486598602_2879793568858283_3852700285138905178_n.jpg?stp=dst-jpg_s150x150_tt6&efg=eyJ2ZW5jb2RlX3RhZyI6InByb2ZpbGVfcGljLmRqYW5nby40NDQuYzIifQ&_nc_ht=instagram.fhan3-3.fna.fbcdn.net&_nc_cat=111&_nc_oc=Q6cZ2QGvJ0rZ_wJIXW5iZ45NnK35WTPNrN3fxqseiI82xZGYtSL4GVAYqa4pJF28YPbHv3o&_nc_ohc=u9MJjs9EjtsQ7kNvwFGnAJs&_nc_gid=mNEQDh-uIkum-bUBsn544w&edm=AJhczIQBAAAA&ccb=7-5&oh=00_AfrbucTNi7CgZTA5ghyQHA_JXNVdg5DAktvReSm3PGHqQQ&oe=696F6E04&_nc_sid=4a2096,31,0,1633,43,0,[],,https://www.threads.net/@annemarieion5/post/DTieU_HkbAX,[],"{'likes': 1633, 'reposts': 42, 'quotes': 1}",threads,3810741618266451991,Anna Di Maso,,"Trump has accumulated so many reasons why he should be impeached yet nobody has done a damn thing about it. 
It’s like the constitution is just a myth.",threads,63292463225,annemarieion5
[],2026-01-16T09:39:35.926787+07:00,"It was a true honor to join kyriakos_ and Federal Reserve Governor Steve Miran in Athens and discuss Greece’s impressive economic recovery. During his visit to Greece this week, Dr. Miran has offered valuable insights into U.S. monetary policy, enriching 🇺🇸🇬🇷 dialogue on growth and opportunity.",2026-01-16T00:46:36+07:00,,3810769919198740413,threads,threads.com,threads_crawler_v1,https://www.threads.net/@kimberlyguilfoyle/post/DTikw0alb-9,https://instagram.fhan4-1.fna.fbcdn.net/v/t51.2885-19/358210534_1448718945886145_6085482576866146010_n.jpg?stp=dst-jpg_s150x150_tt6&efg=eyJ2ZW5jb2RlX3RhZyI6InByb2ZpbGVfcGljLmRqYW5nby4xMDgwLmMyIn0&_nc_ht=instagram.fhan4-1.fna.fbcdn.net&_nc_cat=105&_nc_oc=Q6cZ2QGvJ0rZ_wJIXW5iZ45NnK35WTPNrN3fxqseiI82xZGYtSL4GVAYqa4pJF28YPbHv3o&_nc_ohc=psi_KYN8HTMQ7kNvwEmb_Ov&_nc_gid=mNEQDh-uIkum-bUBsn544w&edm=AJhczIQBAAAA&ccb=7-5&oh=00_AfrYEImnkqdalkl-NTDVtTqX1rH0VBUpvOzaioyKS3ez3w&oe=696F5BF1&_nc_sid=4a2096,26,0,102,4,0,['https://instagram.fhan4-5.fna.fbcdn.net/v/t51.2885-15/616451741_18552741124058234_5374736166342800725_n.jpg?stp=dst-jpg_e35_tt6&efg=eyJ2ZW5jb2RlX3RhZyI6InRocmVhZHMuRkVFRC5pbWFnZV91cmxnZW4uOTU2eDgyMy5zZHIuZjgyNzg3LmRlZmF1bHRfaW1hZ2UuYzIifQ&_nc_ht=instagram.fhan4-5.fna.fbcdn.net&_nc_cat=102&_nc_oc=Q6cZ2QGvJ0rZ_wJIXW5iZ45NnK35WTPNrN3fxqseiI82xZGYtSL4GVAYqa4pJF28YPbHv3o&_nc_ohc=lQOWFW5Ie0sQ7kNvwFSP0cJ&_nc_gid=mNEQDh-uIkum-bUBsn544w&edm=AJhczIQBAAAA&ccb=7-5&ig_cache_key=MzgxMDc2OTkxOTE5ODc0MDQxMw%3D%3D.3-ccb7-5&oh=00_AfrYUYqAmkDLsnzkJQvod_EBJo_ivnt4PXuvIMHa8Mr2qQ&oe=696F7381&_nc_sid=4a2096'],,https://www.threads.net/@kimberlyguilfoyle/post/DTikw0alb-9,[],"{'likes': 102, 'reposts': 3, 'quotes': 1}",threads,3810769919198740413,Kimberly Guilfoyle,,"It was a true honor to join kyriakos_ and Federal Reserve Governor Steve Miran in Athens and discuss Greece’s impressive economic recovery. During his visit to Greece this week, Dr. Miran has offered valuable insights into U.S. monetary policy, enriching 🇺🇸🇬🇷 dialogue on growth and opportunity.",threads,63387103183,kimberlyguilfoyle
[],2026-01-16T09:39:35.926836+07:00,"🚨Alert! There are concerns about possible ICE presence in Dyckman. We’re sharing what residents are seeing and saying while facts continue to be confirmed. Protect each other, stay informed, and don’t panic. “Posible presencia de ICE en Dyckman.”",2026-01-15T21:54:44+07:00,,3810683403809931806,threads,threads.com,threads_crawler_v1,https://www.threads.net/@dyckmandiary/post/DTiRF2rkUIe,https://instagram.fhan4-5.fna.fbcdn.net/v/t51.2885-19/357654823_601708078481810_5754187534532286699_n.jpg?stp=dst-jpg_s150x150_tt6&efg=eyJ2ZW5jb2RlX3RhZyI6InByb2ZpbGVfcGljLmRqYW5nby41ODMuYzIifQ&_nc_ht=instagram.fhan4-5.fna.fbcdn.net&_nc_cat=102&_nc_oc=Q6cZ2QGvJ0rZ_wJIXW5iZ45NnK35WTPNrN3fxqseiI82xZGYtSL4GVAYqa4pJF28YPbHv3o&_nc_ohc=J6RcuUP07hQQ7kNvwFpN1Ee&_nc_gid=mNEQDh-uIkum-bUBsn544w&edm=AJhczIQBAAAA&ccb=7-5&oh=00_AfrfJPsy7uFvdBVc1aiCZNLm3OkjNq5qJKDvGnFHvP3ZQw&oe=696F5FD7&_nc_sid=4a2096,54,0,138,70,0,"['https://instagram.fhan4-5.fna.fbcdn.net/v/t51.2885-15/617378666_1968484877422407_7416736501193905806_n.jpg?stp=dst-jpg_e15_tt6&efg=eyJ2ZW5jb2RlX3RhZyI6InRocmVhZHMuRkVFRC5pbWFnZV91cmxnZW4uNjQweDExMzguc2RyLmY3MTg3OC5kZWZhdWx0X2NvdmVyX2ZyYW1lLmMyIn0&_nc_ht=instagram.fhan4-5.fna.fbcdn.net&_nc_cat=103&_nc_oc=Q6cZ2QGvJ0rZ_wJIXW5iZ45NnK35WTPNrN3fxqseiI82xZGYtSL4GVAYqa4pJF28YPbHv3o&_nc_ohc=Qj5O1OvSRSIQ7kNvwGQW5DU&_nc_gid=mNEQDh-uIkum-bUBsn544w&edm=AJhczIQBAAAA&ccb=7-5&ig_cache_key=MzgxMDY4MzQwMzgwOTkzMTgwNg%3D%3D.3-ccb7-5&oh=00_AfrSSU85LPhOlreIP3fXgeH700gk0n49KnRiRZ-vGQfK0w&oe=696F6600&_nc_sid=4a2096', 'https://instagram.fhan3-4.fna.fbcdn.net/o1/v/t16/f2/m69/AQNuWp0jSIMBBUPgK0oJSCuBY4FPh0Jl-IeGtsldMytpqMVwb4xOeTQ4DOYhlPYBKzXVTOpfTk7zzhotKR-1XmOD.mp4?strext=1&_nc_cat=106&_nc_oc=AdnbMFgPkO-VwSPa7Z6vCRCx1TXbGrJn0pxbhn8EfZYBt4khFfSHgM3IZ2gQjvGsTFE&_nc_sid=5e9851&_nc_ht=instagram.fhan3-4.fna.fbcdn.net&_nc_ohc=BEy7mvlAVloQ7kNvwEvU_XO&efg=eyJ2ZW5jb2RlX3RhZyI6Inhwdl9wcm9ncmVzc2l2ZS5JTlNUQUdSQU0uRkVFRC5DMy40ODAuZGFzaF9iYXNlbGluZV8xX3YxIiwieHB2X2Fzc2V0X2lkIjo4NTc4MzA1MDM2ODA0MjEsImFzc2V0X2FnZV9kYXlzIjowLCJ2aV91c2VjYXNlX2lkIjoxMDA5OSwiZHVyYXRpb25fcyI6MzEsInVybGdlbl9zb3VyY2UiOiJ3d3cifQ%3D%3D&ccb=17-1&_nc_gid=mNEQDh-uIkum-bUBsn544w&_nc_zt=28&vs=22592be4cf834c8d&_nc_vs=HBksFQIYOnBhc3N0aHJvdWdoX2V2ZXJzdG9yZS9HSTNVeXlRd0diTEtadzBEQUJraW5RSC05enQtYnNwVEFRQUYVAALIARIAFQIYOnBhc3N0aHJvdWdoX2V2ZXJzdG9yZS9HSVJRdlNRUU0tdFpRcDBGQU12eThMbHVxX3NXYnN0VEFRQUYVAgLIARIAKAAYABsCiAd1c2Vfb2lsATEScHJvZ3Jlc3NpdmVfcmVjaXBlATEVAAAmyqaYp6eMhgMVAigCQzMsF0A_7tkWhysCGBJkYXNoX2Jhc2VsaW5lXzFfdjERAHXqB2XmnQEA&oh=00_Afp_dL-hKNPZ0RvrjtXnnkHktU92E_N56nGggVtLtpPrOQ&oe=696F692E']",,https://www.threads.net/@dyckmandiary/post/DTiRF2rkUIe,[],"{'likes': 138, 'reposts': 65, 'quotes': 5}",threads,3810683403809931806,Dyckman’s Diary,,"🚨Alert! There are concerns about possible ICE presence in Dyckman. We’re sharing what residents are seeing and saying while facts continue to be confirmed. Protect each other, stay informed, and don’t panic. “Posible presencia de ICE en Dyckman.”",threads,63446604137,dyckmandiary
[],2026-01-16T09:39:35.926885+07:00,"You don’t get that elections haven’t worked? I vote and my votes are cancelled out by the idiots that vote for criminals and incompetent politicians. I don’t trust corporations but profit motive is at least a reliable indicator of intentions. Most of  snake politicians get bought, bribed, blackmailed and gate kept by our enemies. I want independence from the intrenched corruption and undue influence of the organized crime cartel…👇",2026-01-16T00:35:37+07:00,,3810764388312254021,threads,threads.com,threads_crawler_v1,https://www.threads.net/@d.wall.1690/post/DTijgVYD4ZF,https://instagram.fhan4-6.fna.fbcdn.net/v/t51.2885-19/471299344_1109063880915789_902975330941608619_n.jpg?stp=dst-jpg_s150x150_tt6&efg=eyJ2ZW5jb2RlX3RhZyI6InByb2ZpbGVfcGljLmRqYW5nby43NDguYzIifQ&_nc_ht=instagram.fhan4-6.fna.fbcdn.net&_nc_cat=109&_nc_oc=Q6cZ2QGvJ0rZ_wJIXW5iZ45NnK35WTPNrN3fxqseiI82xZGYtSL4GVAYqa4pJF28YPbHv3o&_nc_ohc=ATIGHm0U1KsQ7kNvwGas0ms&_nc_gid=mNEQDh-uIkum-bUBsn544w&edm=AJhczIQBAAAA&ccb=7-5&oh=00_Afo7J6N4ve2tz6zKT61Foufv3EEoFWr1T7sV--6Tel5kBw&oe=696F7208&_nc_sid=4a2096,2,0,0,0,0,[],,https://www.threads.net/@d.wall.1690/post/DTijgVYD4ZF,[],"{'likes': 0, 'reposts': 0, 'quotes': 0}",threads,3810764388312254021,D Wall,,"You don’t get that elections haven’t worked? I vote and my votes are cancelled out by the idiots that vote for criminals and incompetent politicians. I don’t trust corporations but profit motive is at least a reliable indicator of intentions. Most of  snake politicians get bought, bribed, blackmailed and gate kept by our enemies. I want independence from the intrenched corruption and undue influence of the organized crime cartel…👇",threads,71170574020,d.wall.1690
[],2026-01-16T09:39:35.926932+07:00,I bet US banks sure would like that capital infusion￼ to add to their balance sheets￼.,2026-01-15T22:31:56+07:00,,3810702140311376170,threads,threads.com,threads_crawler_v1,https://www.threads.net/@pbjusti/post/DTiVWgaFJEq,https://instagram.fhan4-3.fna.fbcdn.net/v/t51.2885-19/358213822_2556374481191820_277362923785429647_n.jpg?stp=dst-jpg_s150x150_tt6&efg=eyJ2ZW5jb2RlX3RhZyI6InByb2ZpbGVfcGljLmRqYW5nby4xMDgwLmMyIn0&_nc_ht=instagram.fhan4-3.fna.fbcdn.net&_nc_cat=100&_nc_oc=Q6cZ2QGvJ0rZ_wJIXW5iZ45NnK35WTPNrN3fxqseiI82xZGYtSL4GVAYqa4pJF28YPbHv3o&_nc_ohc=FRz5u2I2ms4Q7kNvwE_ORzo&_nc_gid=mNEQDh-uIkum-bUBsn544w&edm=AJhczIQBAAAA&ccb=7-5&oh=00_Afo2GLfgaO7PKOvaxV77MrmlI-7pI4-SOVDhfwL2PxwwIw&oe=696F70F2&_nc_sid=4a2096,1,0,1,0,0,[],,https://www.threads.net/@pbjusti/post/DTiVWgaFJEq,[],"{'likes': 1, 'reposts': 0, 'quotes': 0}",threads,3810702140311376170,Paul B. Justi,,I bet US banks sure would like that capital infusion￼ to add to their balance sheets￼.,threads,63455940822,pbjusti
[],2026-01-16T09:39:35.926983+07:00,Behinds the scenes of Federal Reserve 🔥 #graimmythesoh,2026-01-16T00:30:23+07:00,,3810761737444870061,threads,threads.com,threads_crawler_v1,https://www.threads.net/@soh.musicx/post/DTii5wkDUet,https://instagram.fhan3-3.fna.fbcdn.net/v/t51.2885-19/520800550_18159861871373867_2402681850264505782_n.jpg?stp=dst-jpg_s150x150_tt6&efg=eyJ2ZW5jb2RlX3RhZyI6InByb2ZpbGVfcGljLmRqYW5nby45NDIuYzIifQ&_nc_ht=instagram.fhan3-3.fna.fbcdn.net&_nc_cat=111&_nc_oc=Q6cZ2QGvJ0rZ_wJIXW5iZ45NnK35WTPNrN3fxqseiI82xZGYtSL4GVAYqa4pJF28YPbHv3o&_nc_ohc=68Ny0mEGgE0Q7kNvwHKF8lt&_nc_gid=mNEQDh-uIkum-bUBsn544w&edm=AJhczIQBAAAA&ccb=7-5&oh=00_Afoz3FKw8_oMz1zW2Yzw0_GEfmarK_T9GTvdpDejSDmJoQ&oe=696F6D6F&_nc_sid=4a2096,0,0,0,0,0,"['https://instagram.fhan4-3.fna.fbcdn.net/v/t51.2885-15/616594512_1426454385504540_5817925679784627250_n.jpg?stp=dst-jpg_e15_tt6&efg=eyJ2ZW5jb2RlX3RhZyI6InRocmVhZHMuRkVFRC5pbWFnZV91cmxnZW4uNjQweDcyNC5zZHIuZjcxODc4LmRlZmF1bHRfY292ZXJfZnJhbWUuYzIifQ&_nc_ht=instagram.fhan4-3.fna.fbcdn.net&_nc_cat=100&_nc_oc=Q6cZ2QGvJ0rZ_wJIXW5iZ45NnK35WTPNrN3fxqseiI82xZGYtSL4GVAYqa4pJF28YPbHv3o&_nc_ohc=z1L37QDLMNEQ7kNvwFUeSOi&_nc_gid=mNEQDh-uIkum-bUBsn544w&edm=AJhczIQBAAAA&ccb=7-5&ig_cache_key=MzgxMDc2MTczNzQ0NDg3MDA2MQ%3D%3D.3-ccb7-5&oh=00_Afp1rpRxSIgvznBLLL01NGwg30av0VSjxp9A1CN_OkXhbw&oe=696F768F&_nc_sid=4a2096', 'https://instagram.fhan4-1.fna.fbcdn.net/o1/v/t16/f2/m69/AQOUx3qeR88sg0wvkpmVOU6evyAQscgxeDJu96HrQ0cin6FDuiryt8wv_HSYrDjZNxVjag38JAJJguEhzIFvj1q9.mp4?strext=1&_nc_cat=105&_nc_oc=Admqgufbli5bz3aMDE6uGhsBCP4zTvz-ATDtnMSDOySkfjc84oMVlSHWDIusmB3Lyqw&_nc_sid=5e9851&_nc_ht=instagram.fhan4-1.fna.fbcdn.net&_nc_ohc=AruNVwdTZQMQ7kNvwG14gOl&efg=eyJ2ZW5jb2RlX3RhZyI6Inhwdl9wcm9ncmVzc2l2ZS5JTlNUQUdSQU0uRkVFRC5DMy42ODguZGFzaF9iYXNlbGluZV8xX3YxIiwieHB2X2Fzc2V0X2lkIjo0MzAwODE1MjEwMjQxOTcwLCJhc3NldF9hZ2VfZGF5cyI6MCwidmlfdXNlY2FzZV9pZCI6MTAwOTksImR1cmF0aW9uX3MiOjEwLCJ1cmxnZW5fc291cmNlIjoid3d3In0%3D&ccb=17-1&_nc_gid=mNEQDh-uIkum-bUBsn544w&_nc_zt=28&vs=fedd3517c03ccd1d&_nc_vs=HBksFQIYOnBhc3N0aHJvdWdoX2V2ZXJzdG9yZS9HSnJLdVNSSGFvcVZhTUFFQU9sNllwRkRGZVE0YnNwVEFRQUYVAALIARIAFQIYOnBhc3N0aHJvdWdoX2V2ZXJzdG9yZS9HSXVXalNRRVBBTm1haHNEQUp5MGZueXFMX3g0YnN0VEFRQUYVAgLIARIAKAAYABsCiAd1c2Vfb2lsATEScHJvZ3Jlc3NpdmVfcmVjaXBlATEVAAAm5P7OrbLkow8VAigCQzMsF0AkZmZmZmZmGBJkYXNoX2Jhc2VsaW5lXzFfdjERAHXqB2XmnQEA&oh=00_AfoMJTNOzhNXG0Aho898IOis7CdaXfagIelURADfO9mrpw&oe=696F7437']",,https://www.threads.net/@soh.musicx/post/DTii5wkDUet,[],"{'likes': 0, 'reposts': 0, 'quotes': 0}",threads,3810761737444870061,SOH music,,Behinds the scenes of Federal Reserve 🔥 #graimmythesoh,threads,76162992070,soh.musicx
[],2026-01-16T09:39:35.927041+07:00,"How Jerome Powell Thwarted MAGA Lawfare: The chairman of the Federal Reserve played a savvy game publicly and privately | John McCormack

",2026-01-16T00:30:04+07:00,,3810761574939892625,threads,threads.com,threads_crawler_v1,https://www.threads.net/@thedispatchmedia/post/DTii3ZOABuR,https://instagram.fhan3-4.fna.fbcdn.net/v/t51.2885-19/540395077_17922671100112576_7170777341132825829_n.jpg?stp=dst-jpg_s150x150_tt6&efg=eyJ2ZW5jb2RlX3RhZyI6InByb2ZpbGVfcGljLmRqYW5nby4xMDgwLmMyIn0&_nc_ht=instagram.fhan3-4.fna.fbcdn.net&_nc_cat=104&_nc_oc=Q6cZ2QGvJ0rZ_wJIXW5iZ45NnK35WTPNrN3fxqseiI82xZGYtSL4GVAYqa4pJF28YPbHv3o&_nc_ohc=xpjuf-TDIgIQ7kNvwHllBAc&_nc_gid=mNEQDh-uIkum-bUBsn544w&edm=AJhczIQBAAAA&ccb=7-5&oh=00_AfrYmIUvze88CtZVS8O09Aw2TgEWtPaE6SrT9w2ectm0Rw&oe=696F92A6&_nc_sid=4a2096,0,0,10,0,0,[],,https://www.threads.net/@thedispatchmedia/post/DTii3ZOABuR,[],"{'likes': 10, 'reposts': 0, 'quotes': 0}",threads,3810761574939892625,The Dispatch,,"How Jerome Powell Thwarted MAGA Lawfare: The chairman of the Federal Reserve played a savvy game publicly and privately | John McCormack

https://thedispatch.com/article/jerome-powell-donald-trump-federal-reserve-senate/",threads,63473136575,thedispatchmedia
[],2026-01-16T09:39:35.927101+07:00,"A story of Nixon and the Federal Reserve. 

Very interesting history.",2026-01-16T00:28:59+07:00,,3810761053018354156,threads,threads.com,threads_crawler_v1,https://www.threads.net/@blindwaveaaron/post/DTiivzJDXHs,https://instagram.fhan4-6.fna.fbcdn.net/v/t51.2885-19/402975867_717861870212588_6448593661925260145_n.jpg?stp=dst-jpg_s150x150_tt6&efg=eyJ2ZW5jb2RlX3RhZyI6InByb2ZpbGVfcGljLmRqYW5nby4xMDgwLmMyIn0&_nc_ht=instagram.fhan4-6.fna.fbcdn.net&_nc_cat=108&_nc_oc=Q6cZ2QGvJ0rZ_wJIXW5iZ45NnK35WTPNrN3fxqseiI82xZGYtSL4GVAYqa4pJF28YPbHv3o&_nc_ohc=JKNSEBg1yHkQ7kNvwGfLGXt&_nc_gid=mNEQDh-uIkum-bUBsn544w&edm=AJhczIQBAAAA&ccb=7-5&oh=00_AfpeBK2uuNjto5DtBkmZDxIfMpOuqcmNtPOusM2qsJ5gKw&oe=696F853B&_nc_sid=4a2096,0,0,0,0,0,[],,https://www.threads.net/@blindwaveaaron/post/DTiivzJDXHs,[],"{'likes': 0, 'reposts': 0, 'quotes': 0}",threads,3810761053018354156,Aaron L. Elliott,,"A story of Nixon and the Federal Reserve. 

Very interesting history.",threads,62826748919,blindwaveaaron
[],2026-01-16T09:39:35.927142+07:00,The next meetings of the Federal Reserve are scheduled for January 27th & 28th. Are we looking at another possible rate cut? Are you hawkish or dovish?,2026-01-16T00:15:55+07:00,,3810754479033973356,threads,threads.com,threads_crawler_v1,https://www.threads.net/@cryp.tocracy/post/DTihQIpDHps,https://instagram.fhan3-4.fna.fbcdn.net/v/t51.2885-19/603916536_17866900818517410_2987950174713436316_n.jpg?stp=dst-jpg_s150x150_tt6&efg=eyJ2ZW5jb2RlX3RhZyI6InByb2ZpbGVfcGljLmRqYW5nby41ODcuYzIifQ&_nc_ht=instagram.fhan3-4.fna.fbcdn.net&_nc_cat=106&_nc_oc=Q6cZ2QGvJ0rZ_wJIXW5iZ45NnK35WTPNrN3fxqseiI82xZGYtSL4GVAYqa4pJF28YPbHv3o&_nc_ohc=wHrCZFmo31YQ7kNvwEPDKEQ&_nc_gid=mNEQDh-uIkum-bUBsn544w&edm=AJhczIQBAAAA&ccb=7-5&oh=00_Afobf0TgHOH-D25N8oD9yAp0ONEWhcTOSZ0nraCretsjOQ&oe=696F650E&_nc_sid=4a2096,0,0,0,0,0,[],,https://www.threads.net/@cryp.tocracy/post/DTihQIpDHps,[],"{'likes': 0, 'reposts': 0, 'quotes': 0}",threads,3810754479033973356,CRYPTOCRACY,FederalReserve,The next meetings of the Federal Reserve are scheduled for January 27th & 28th. Are we looking at another possible rate cut? Are you hawkish or dovish?,threads,75552325409,cryp.tocracy
[],2026-01-16T10:04:36.510323+07:00,"Jerome Powell is being investigated for over inflating the cost of renovations to the Federal Reserve building.
I’m sorry, but how much is that White House ballroom costing?",2026-01-16T09:55:34+07:00,,3811046223965473408,threads,threads.com,threads_crawler_v1,https://www.threads.net/@thelittlenme/post/DTjjllSDkqA,https://instagram.fblr2-3.fna.fbcdn.net/v/t51.2885-19/573323465_1219825463302212_7278921664109726296_n.png?stp=dst-jpg_e0_s150x150_tt6&efg=eyJ2ZW5jb2RlX3RhZyI6InByb2ZpbGVfcGljLmRqYW5nby4xNTAuZXhwZXJpbWVudGFsIn0&_nc_ht=instagram.fblr2-3.fna.fbcdn.net&_nc_cat=1&_nc_oc=Q6cZ2QFiwhtGgKMIq8T1sttXgV3RUnriVnJq45h5tn_cXic3S5ju_2VBFfmW0TaiE9StfTA&_nc_ohc=Vz-r0K6PSJQQ7kNvwE1VMjo&_nc_gid=xI67awO78J0gOudY0ILS0w&edm=AJ1X7eQBAAAA&ccb=7-5&ig_cache_key=YW5vbnltb3VzX3Byb2ZpbGVfcGlj.3-ccb7-5&oh=00_Afq-83fAKk2kc7FrCaV_uvZ6euPlnItaEBRyDb0asoGlzA&oe=696F72AA&_nc_sid=1cea78,0,0,2,0,0,[],,https://www.threads.net/@thelittlenme/post/DTjjllSDkqA,[],"{'likes': 2, 'reposts': 0, 'quotes': 0}",threads,3811046223965473408,Marie Vickers,,"Jerome Powell is being investigated for over inflating the cost of renovations to the Federal Reserve building.
I’m sorry, but how much is that White House ballroom costing?",threads,68453525298,thelittlenme
[],2026-01-16T10:04:36.510736+07:00,"The criminal investigation into Federal Reserve Chair Jerome Powell threatens to upend the contest over whom President Trump will choose to succeed him
",2026-01-16T09:55:07+07:00,,3811045993740028135,threads,threads.com,threads_crawler_v1,https://www.threads.net/@backstorymom1/post/DTjjiO3jMjn,https://instagram.fhan4-5.fna.fbcdn.net/v/t51.2885-19/358341336_1325748598010307_4489204410957688006_n.jpg?stp=dst-jpg_s150x150_tt6&efg=eyJ2ZW5jb2RlX3RhZyI6InByb2ZpbGVfcGljLmRqYW5nby40MDAuZXhwZXJpbWVudGFsIn0&_nc_ht=instagram.fhan4-5.fna.fbcdn.net&_nc_cat=103&_nc_oc=Q6cZ2QFMcLau8bnqxungmIlP7U9WmzdjtkQXcdFDa-g-bOhdUIZRvYQdVdajLNjRHLp5gX0&_nc_ohc=Dl1U-VkuSgIQ7kNvwF8uscA&_nc_gid=OUdeXfg3BU39fVPLq_AqsQ&edm=AJhczIQBAAAA&ccb=7-5&oh=00_AfpesI3IeljCE9M1i3GlSFLxIRP1PfqQz_KcvS0O193anA&oe=696F950B&_nc_sid=4a2096,0,0,0,0,0,[],,https://www.threads.net/@backstorymom1/post/DTjjiO3jMjn,[],"{'likes': 0, 'reposts': 0, 'quotes': 0}",threads,3811045993740028135,O'Dea Bowen-Hawkins,𝑻𝒉𝒆 𝑭𝒆𝒅,"The criminal investigation into Federal Reserve Chair Jerome Powell threatens to upend the contest over whom President Trump will choose to succeed him
https://www.wsj.com/economy/central-banking/trump-fed-chair-nominee-search-powell-bb5dba1d?st=EwofFF&reflink=article_copyURL_share",threads,63255406296,backstorymom1
[],2026-01-16T10:04:36.510941+07:00,"Jekyll Island wasn’t just a secret meeting of bankers. It sat on stolen land, built by enslaved Black labor, funded by plantation wealth. While Black bodies made the leisure possible, elites met behind closed doors to design the Federal Reserve. Slavery underwrote the system. Exclusion shaped it. Power was never neutral here.

#genocide #fyp #ashleytheebarroness #americanhistory #hiddenhistory",2026-01-16T09:41:18+07:00,,3811039021875633340,threads,threads.com,threads_crawler_v1,https://www.threads.net/@ashleytheebarroness/post/DTjh8x0DJy8,https://instagram.fhan4-6.fna.fbcdn.net/v/t51.2885-19/498312519_17842725531489945_4398780523006760638_n.jpg?stp=dst-jpg_s150x150_tt6&efg=eyJ2ZW5jb2RlX3RhZyI6InByb2ZpbGVfcGljLmRqYW5nby4xMDgwLmV4cGVyaW1lbnRhbCJ9&_nc_ht=instagram.fhan4-6.fna.fbcdn.net&_nc_cat=109&_nc_oc=Q6cZ2QFMcLau8bnqxungmIlP7U9WmzdjtkQXcdFDa-g-bOhdUIZRvYQdVdajLNjRHLp5gX0&_nc_ohc=a0Yu-3bOSp8Q7kNvwHMikWb&_nc_gid=OUdeXfg3BU39fVPLq_AqsQ&edm=AJhczIQBAAAA&ccb=7-5&oh=00_Afqz2t137rXpOiJaoo145Bo28qnWPs8z8ZbF7bRZWVB-UA&oe=696F6562&_nc_sid=4a2096,0,0,51,13,0,"['https://instagram.fhan3-3.fna.fbcdn.net/v/t51.2885-15/616395625_1161000319186943_3118435314707180036_n.jpg?stp=dst-jpg_e15_tt6&efg=eyJ2ZW5jb2RlX3RhZyI6InRocmVhZHMuRkVFRC5pbWFnZV91cmxnZW4uNjQweDExMzYuc2RyLmY3MTg3OC5kZWZhdWx0X2NvdmVyX2ZyYW1lLmV4cGVyaW1lbnRhbCJ9&_nc_ht=instagram.fhan3-3.fna.fbcdn.net&_nc_cat=111&_nc_oc=Q6cZ2QFMcLau8bnqxungmIlP7U9WmzdjtkQXcdFDa-g-bOhdUIZRvYQdVdajLNjRHLp5gX0&_nc_ohc=X5dDfnSWmg0Q7kNvwEuXvNJ&_nc_gid=OUdeXfg3BU39fVPLq_AqsQ&edm=AJhczIQBAAAA&ccb=7-5&ig_cache_key=MzgxMTAzOTAyMTg3NTYzMzM0MA%3D%3D.3-ccb7-5&oh=00_Afo4mWJQZ3WErso1oJdDN3iL4QWGdHbb_n9k-7hehM30xg&oe=696F686B&_nc_sid=4a2096', 'https://instagram.fhan4-5.fna.fbcdn.net/o1/v/t16/f2/m69/AQMcbC7xSEyRn4WKkat6KGSsqNvPyoCTHQUyKsZL6otXvtIv8ajKmQbG4N9tC8LfD1UK7Ivtywoq5fBKlpXqeHX0.mp4?strext=1&_nc_cat=102&_nc_oc=AdlxtUqCg-H4XrMRViKLvn_OzUeneIlroasTKMvWZRf-FJoXhkBvLm6Df-Gib9sEtGs&_nc_sid=5e9851&_nc_ht=instagram.fhan4-5.fna.fbcdn.net&_nc_ohc=uvHt1M31QL0Q7kNvwFJ6D_8&efg=eyJ2ZW5jb2RlX3RhZyI6Inhwdl9wcm9ncmVzc2l2ZS5JTlNUQUdSQU0uRkVFRC5DMy43MjAuZGFzaF9iYXNlbGluZV8xX3YxIiwieHB2X2Fzc2V0X2lkIjo5OTE1Mzg2MzczNjcwNTksImFzc2V0X2FnZV9kYXlzIjowLCJ2aV91c2VjYXNlX2lkIjoxMDA5OSwiZHVyYXRpb25fcyI6MTkzLCJ1cmxnZW5fc291cmNlIjoid3d3In0%3D&ccb=17-1&vs=e525849a7f7e1f9a&_nc_vs=HBksFQIYOnBhc3N0aHJvdWdoX2V2ZXJzdG9yZS9HRS0zMFNSbjdnYTZfQUVEQVA2TkpjYnItTkZQYnNwVEFRQUYVAALIARIAFQIYUWlnX3hwdl9wbGFjZW1lbnRfcGVybWFuZW50X3YyLzU5NEIwQUU1MTYwRDU1RDA4Mzk1QTdGNDQxM0M2QThFX2F1ZGlvX2Rhc2hpbml0Lm1wNBUCAsgBEgAoABgAGwKIB3VzZV9vaWwBMRJwcm9ncmVzc2l2ZV9yZWNpcGUBMRUAACamnJfEkvPCAxUCKAJDMywXQGg3dLxqfvoYEmRhc2hfYmFzZWxpbmVfMV92MREAdeoHZeadAQA&_nc_gid=OUdeXfg3BU39fVPLq_AqsQ&_nc_zt=28&oh=00_AfoGnFpm3u85-droYN7Sezf99HKEfAnUoRyqT8JR252G0Q&oe=696F6872']",,https://www.threads.net/@ashleytheebarroness/post/DTjh8x0DJy8,[],"{'likes': 51, 'reposts': 12, 'quotes': 1}",threads,3811039021875633340,Ashley B,,"Jekyll Island wasn’t just a secret meeting of bankers. It sat on stolen land, built by enslaved Black labor, funded by plantation wealth. While Black bodies made the leisure possible, elites met behind closed doors to design the Federal Reserve. Slavery underwrote the system. Exclusion shaped it. Power was never neutral here.

#genocide #fyp #ashleytheebarroness #americanhistory #hiddenhistory",threads,74579673250,ashleytheebarroness
[],2026-01-16T10:04:36.511104+07:00,"IMF’s Georgieva backs Fed chair Powell, underscores importance of central bank independence

International Monetary Fund chief Kristalina Georgieva on Thursday underscored the importance of keeping central banks independent and threw her support behind beleaguered Federal Reserve Chair Jerome Powell, who is ​facing a Trump…

",2026-01-16T09:39:23+07:00,,3811037977484733000,threads,threads.com,threads_crawler_v1,https://www.threads.net/@rmsjmd/post/DTjhtlJgCpI,https://instagram.fhan4-3.fna.fbcdn.net/v/t51.2885-19/475417204_2018401385304922_2407709155740324826_n.jpg?stp=dst-jpg_s150x150_tt6&efg=eyJ2ZW5jb2RlX3RhZyI6InByb2ZpbGVfcGljLmRqYW5nby42NDAuZXhwZXJpbWVudGFsIn0&_nc_ht=instagram.fhan4-3.fna.fbcdn.net&_nc_cat=110&_nc_oc=Q6cZ2QFMcLau8bnqxungmIlP7U9WmzdjtkQXcdFDa-g-bOhdUIZRvYQdVdajLNjRHLp5gX0&_nc_ohc=wAHi20sKuxAQ7kNvwEl3RUF&_nc_gid=OUdeXfg3BU39fVPLq_AqsQ&edm=AJhczIQBAAAA&ccb=7-5&oh=00_AfpA--Y25C8WmAABbCNIm8Z_KMFgqNin57lxOkzHQpQ5aw&oe=696F97FA&_nc_sid=4a2096,0,0,0,0,0,[],,https://www.threads.net/@rmsjmd/post/DTjhtlJgCpI,[],"{'likes': 0, 'reposts': 0, 'quotes': 0}",threads,3811037977484733000,JMD Invest -Master Trust (Authorized Partner),,"IMF’s Georgieva backs Fed chair Powell, underscores importance of central bank independence

International Monetary Fund chief Kristalina Georgieva on Thursday underscored the importance of keeping central banks independent and threw her support behind beleaguered Federal Reserve Chair Jerome Powell, who is ​facing a Trump…

https://news.jmdinvest.com/imfs-georgieva-backs-fed-chair-powell-underscores-importance-of-central-bank-independence/?utm_source=threads&utm_medium=jetpack_social",threads,72489198374,rmsjmd
[],2026-01-16T10:04:36.511265+07:00,The IRONY of equalization payments in Canada 🤔. Once again Alberta is Canada’s savior.,2026-01-13T05:58:10+07:00,,3808752398442328508,threads,threads.com,threads_crawler_v1,https://www.threads.net/@hrh_elliot/post/DTbaCByknG8,https://instagram.fhan3-3.fna.fbcdn.net/v/t51.2885-19/158208191_785361588757168_692901345048848058_n.jpg?stp=dst-jpg_s150x150_tt6&efg=eyJ2ZW5jb2RlX3RhZyI6InByb2ZpbGVfcGljLmRqYW5nby4xMDgwLmV4cGVyaW1lbnRhbCJ9&_nc_ht=instagram.fhan3-3.fna.fbcdn.net&_nc_cat=1&_nc_oc=Q6cZ2QFMcLau8bnqxungmIlP7U9WmzdjtkQXcdFDa-g-bOhdUIZRvYQdVdajLNjRHLp5gX0&_nc_ohc=4kLIdbSa5DgQ7kNvwFE6xNF&_nc_gid=OUdeXfg3BU39fVPLq_AqsQ&edm=AJhczIQBAAAA&ccb=7-5&oh=00_AfrAd-4x5vFVkgymLQrAQY-ChNC1A4VBauouEZlbvwz1eQ&oe=696F6734&_nc_sid=4a2096,41,0,35,7,0,"['https://instagram.fhan4-1.fna.fbcdn.net/v/t51.2885-15/615378734_1456646399380637_7700509905188296192_n.jpg?stp=dst-jpg_e15_tt6&efg=eyJ2ZW5jb2RlX3RhZyI6InRocmVhZHMuRkVFRC5pbWFnZV91cmxnZW4uNjQweDExMzYuc2RyLmY3MTg3OC5kZWZhdWx0X2NvdmVyX2ZyYW1lLmV4cGVyaW1lbnRhbCJ9&_nc_ht=instagram.fhan4-1.fna.fbcdn.net&_nc_cat=105&_nc_oc=Q6cZ2QFMcLau8bnqxungmIlP7U9WmzdjtkQXcdFDa-g-bOhdUIZRvYQdVdajLNjRHLp5gX0&_nc_ohc=u3ypEol7QKwQ7kNvwH-codo&_nc_gid=OUdeXfg3BU39fVPLq_AqsQ&edm=AJhczIQBAAAA&ccb=7-5&ig_cache_key=MzgwODc1MjM5ODQ0MjMyODUwOA%3D%3D.3-ccb7-5&oh=00_AfrcezUqV5vEaphEwvyA95aJX43_MxoQiAT2IFkP_3wlfw&oe=696F7859&_nc_sid=4a2096', 'https://instagram.fhan3-2.fna.fbcdn.net/o1/v/t16/f2/m69/AQP7cmfmWCaRvmR6xwMftG_w6Obn-TS31PY_innZ8N6nKuDRTlZ43Js7WPjnfhu-4E7YsnpJTvPpqizUjMBr9oi1.mp4?strext=1&_nc_cat=107&_nc_oc=Adnf6PMLMP7N1Vy6kV-eFiLOAidxbkqchbMVT-5ixmgkDZGumbtH1Wj2mRPIekCDSeY&_nc_sid=5e9851&_nc_ht=instagram.fhan3-2.fna.fbcdn.net&_nc_ohc=Le1K--Jc55QQ7kNvwGGUt6d&efg=eyJ2ZW5jb2RlX3RhZyI6Inhwdl9wcm9ncmVzc2l2ZS5JTlNUQUdSQU0uRkVFRC5DMy43MjAuZGFzaF9iYXNlbGluZV8xX3YxIiwieHB2X2Fzc2V0X2lkIjoxNTc5NjYwMTk5ODg2ODI0LCJhc3NldF9hZ2VfZGF5cyI6MywidmlfdXNlY2FzZV9pZCI6MTAwOTksImR1cmF0aW9uX3MiOjc1LCJ1cmxnZW5fc291cmNlIjoid3d3In0%3D&ccb=17-1&_nc_gid=OUdeXfg3BU39fVPLq_AqsQ&_nc_zt=28&vs=8a7b937bdd112f3b&_nc_vs=HBksFQIYOnBhc3N0aHJvdWdoX2V2ZXJzdG9yZS9HTlJ5cnlOdE91ZnpmUndEQUdXMVFtNTJ1RFFQYnNwVEFRQUYVAALIARIAFQIYOnBhc3N0aHJvdWdoX2V2ZXJzdG9yZS9HR3VkbFNSWjd4c3BnNVVFQUNkaC10S1lZY2c0YnN0VEFRQUYVAgLIARIAKAAYABsCiAd1c2Vfb2lsATEScHJvZ3Jlc3NpdmVfcmVjaXBlATEVAAAm0P-j0amszgUVAigCQzMsF0BS6p--dsi0GBJkYXNoX2Jhc2VsaW5lXzFfdjERAHXqB2XmnQEA&oh=00_Afrw4d44U6cj4N1C-LgGwwkm6Rki9BrA_1KYowb9nxbzMw&oe=696F72E5']",,https://www.threads.net/@hrh_elliot/post/DTbaCByknG8,[],"{'likes': 35, 'reposts': 5, 'quotes': 2}",threads,3808752398442328508,Elliot Daigneault,,The IRONY of equalization payments in Canada 🤔. Once again Alberta is Canada’s savior.,threads,63095990016,hrh_elliot
[],2026-01-16T10:04:36.511426+07:00,@CNBC interesting to watch Judy L. Shelton ignore the obvious about the Federal Reserve Chair with a straight face. Like saying that’s not yellow it’s blue. 🤯,2026-01-15T22:31:08+07:00,,3810701739939673660,threads,threads.com,threads_crawler_v1,https://www.threads.net/@tm40plus/post/DTiVQriETY8,https://instagram.fhan4-5.fna.fbcdn.net/v/t51.2885-19/357836192_924161848684562_9095220835092425122_n.jpg?stp=dst-jpg_s150x150_tt6&efg=eyJ2ZW5jb2RlX3RhZyI6InByb2ZpbGVfcGljLmRqYW5nby45NjAuZXhwZXJpbWVudGFsIn0&_nc_ht=instagram.fhan4-5.fna.fbcdn.net&_nc_cat=102&_nc_oc=Q6cZ2QFMcLau8bnqxungmIlP7U9WmzdjtkQXcdFDa-g-bOhdUIZRvYQdVdajLNjRHLp5gX0&_nc_ohc=sV9f9sM6UxYQ7kNvwFpjmeM&_nc_gid=OUdeXfg3BU39fVPLq_AqsQ&edm=AJhczIQBAAAA&ccb=7-5&oh=00_AfqU8j0IVU-U3qw_6JCkaTdzEfYhKaX39TrPzFUncE58BA&oe=696F7FEC&_nc_sid=4a2096,1,0,4,0,0,[],,https://www.threads.net/@tm40plus/post/DTiVQriETY8,[],"{'likes': 4, 'reposts': 0, 'quotes': 0}",threads,3810701739939673660,Tammi Terpenning Milewski,,@CNBC interesting to watch Judy L. Shelton ignore the obvious about the Federal Reserve Chair with a straight face. Like saying that’s not yellow it’s blue. 🤯,threads,63464522250,tm40plus
[],2026-01-16T10:04:36.511581+07:00,"🚨‼️ MINNEAPOLIS, MN - Last night, January 14/15, Federal Agents deployed HC (hexachloroethane) smoke into a residential neighbourhood. 

This highly toxic chlorine-based compound is inhaled or absorbed through the skin. It compromises the central nervous system and irritates the lungs. Moderate exposure is harmful. It’s “reasonably anticipated to be a human carcinogen.”

This is VERY dangerous. This is a tool of war. Please share for everyone’s safety.",2026-01-15T23:56:37+07:00,,3810742461026973611,threads,threads.com,threads_crawler_v1,https://www.threads.net/@itsmemaudeholly/post/DTiehQAArer,https://instagram.fhan3-3.fna.fbcdn.net/v/t51.2885-19/506401722_18016054712719794_3004056246870368800_n.jpg?stp=dst-jpg_s150x150_tt6&efg=eyJ2ZW5jb2RlX3RhZyI6InByb2ZpbGVfcGljLmRqYW5nby4xMDgwLmV4cGVyaW1lbnRhbCJ9&_nc_ht=instagram.fhan3-3.fna.fbcdn.net&_nc_cat=1&_nc_oc=Q6cZ2QFMcLau8bnqxungmIlP7U9WmzdjtkQXcdFDa-g-bOhdUIZRvYQdVdajLNjRHLp5gX0&_nc_ohc=5Omg-yFYM6MQ7kNvwH66CGr&_nc_gid=OUdeXfg3BU39fVPLq_AqsQ&edm=AJhczIQBAAAA&ccb=7-5&oh=00_AfpXisTYk_nfXvEjhun9p6kofDWNHo56lGAYYoFfy7D6sA&oe=696F76E9&_nc_sid=4a2096,421,0,7489,3295,0,"['https://instagram.fhan3-3.fna.fbcdn.net/v/t51.2885-15/616542899_4373566669592515_2707123621409851286_n.jpg?stp=dst-jpg_e15_tt6&efg=eyJ2ZW5jb2RlX3RhZyI6InRocmVhZHMuRkVFRC5pbWFnZV91cmxnZW4uNjQweDM1OC5zZHIuZjcxODc4LmRlZmF1bHRfY292ZXJfZnJhbWUuZXhwZXJpbWVudGFsIn0&_nc_ht=instagram.fhan3-3.fna.fbcdn.net&_nc_cat=1&_nc_oc=Q6cZ2QFMcLau8bnqxungmIlP7U9WmzdjtkQXcdFDa-g-bOhdUIZRvYQdVdajLNjRHLp5gX0&_nc_ohc=_PMhHaeRoXkQ7kNvwESRT_i&_nc_gid=OUdeXfg3BU39fVPLq_AqsQ&edm=AJhczIQBAAAA&ccb=7-5&ig_cache_key=MzgxMDc0MjQ2MTAyNjk3MzYxMQ%3D%3D.3-ccb7-5&oh=00_AfoSXHDlCymcRv3dyF-bAUCZfh-bq2IwA5brLUm1HYw5Ww&oe=696F646A&_nc_sid=4a2096', 'https://instagram.fhan4-3.fna.fbcdn.net/o1/v/t16/f2/m84/AQORMNwYH6p4EyZ12DzJQUBWEUIbo_uLBuMUQ5A2zAJFZxJ8_fARejsK5oFa4UgSMflynWHvZZwUNFCJxQoA3LwrkMH_mndf5on_lWY.mp4?_nc_cat=100&_nc_oc=AdlROfGt8Q7zReMFfv9NGjfWkjd2OFNWlgok-wTVKBMrCmGujQ0sJ1YNk2Xtt0G7SAQ&_nc_sid=5e9851&_nc_ht=instagram.fhan4-3.fna.fbcdn.net&_nc_ohc=_HVHIyYSDrgQ7kNvwGSwugG&efg=eyJ2ZW5jb2RlX3RhZyI6Inhwdl9wcm9ncmVzc2l2ZS5JTlNUQUdSQU0uRkVFRC5DMy44ODguZGFzaF9iYXNlbGluZV8xX3YxIiwieHB2X2Fzc2V0X2lkIjo4NjgwMTA0MjU4NDQ2MjEsImFzc2V0X2FnZV9kYXlzIjowLCJ2aV91c2VjYXNlX2lkIjoxMDE2NCwiZHVyYXRpb25fcyI6MTgsInVybGdlbl9zb3VyY2UiOiJ3d3cifQ%3D%3D&ccb=17-1&_nc_gid=OUdeXfg3BU39fVPLq_AqsQ&_nc_zt=28&vs=db228da253020009&_nc_vs=HBksFQIYTGlnX2JhY2tmaWxsX3RpbWVsaW5lX3ZvZC85NTQ2NTg1QjYzODA5NjY3MDc1MkY2MEQ5NjgxNTc4MV92aWRlb19kYXNoaW5pdC5tcDQVAALIARIAFQIYOnBhc3N0aHJvdWdoX2V2ZXJzdG9yZS9HQU1PeHlRX1BRcDNOenNFQUYtY19nekZqaU1vYnNwVEFRQUYVAgLIARIAKAAYABsCiAd1c2Vfb2lsATEScHJvZ3Jlc3NpdmVfcmVjaXBlATEVAAAmmo7A0e3cigMVAigCQzMsF0AyogxJul41GBJkYXNoX2Jhc2VsaW5lXzFfdjERAHXqB2XongEA&oh=00_AfrsaJGRrLgi-KfRYuyjMBvlTw4hN_PwZYz4Eg48crMXLw&oe=696B8160']",,https://www.threads.net/@itsmemaudeholly/post/DTiehQAArer,[],"{'likes': 7489, 'reposts': 3084, 'quotes': 211}",threads,3810742461026973611,Maude Holly,,"🚨‼️ MINNEAPOLIS, MN - Last night, January 14/15, Federal Agents deployed HC (hexachloroethane) smoke into a residential neighbourhood. 

This highly toxic chlorine-based compound is inhaled or absorbed through the skin. It compromises the central nervous system and irritates the lungs. Moderate exposure is harmful. It’s “reasonably anticipated to be a human carcinogen.”

This is VERY dangerous. This is a tool of war. Please share for everyone’s safety.",threads,63452152717,itsmemaudeholly
[],2026-01-16T10:04:36.511763+07:00,Time to impeach Trump,2026-01-12T09:33:43+07:00,,3808136124993483497,threads,threads.com,threads_crawler_v1,https://www.threads.net/@mffortgang/post/DTZN6EakbLp,https://instagram.fhan4-5.fna.fbcdn.net/v/t51.2885-19/396629622_1072038554138570_7567270833856539425_n.jpg?stp=dst-jpg_s150x150_tt6&efg=eyJ2ZW5jb2RlX3RhZyI6InByb2ZpbGVfcGljLmRqYW5nby43NDcuZXhwZXJpbWVudGFsIn0&_nc_ht=instagram.fhan4-5.fna.fbcdn.net&_nc_cat=102&_nc_oc=Q6cZ2QFMcLau8bnqxungmIlP7U9WmzdjtkQXcdFDa-g-bOhdUIZRvYQdVdajLNjRHLp5gX0&_nc_ohc=XG1BA4xOJaYQ7kNvwEkhEal&_nc_gid=OUdeXfg3BU39fVPLq_AqsQ&edm=AJhczIQBAAAA&ccb=7-5&oh=00_AfoKTQoEf5rnE2lxcOpAiRlIIe3CfZUxUMBnozUXO8fSqw&oe=696F8B95&_nc_sid=4a2096,1,0,4,0,0,[],,https://www.threads.net/@mffortgang/post/DTZN6EakbLp,[],"{'likes': 4, 'reposts': 0, 'quotes': 0}",threads,3808136124993483497,Matt Fortgang,,Time to impeach Trump,threads,63451125220,mffortgang
[],2026-01-16T10:04:36.511936+07:00,This needs to be blocked. Trump should not be able to come close to our federal reserve. Ever. Get him out.,2026-01-15T23:21:04+07:00,,3810726872032856169,threads,threads.com,threads_crawler_v1,https://www.threads.net/@jodellsadler/post/DTia-Znjchp,https://instagram.fhan4-1.fna.fbcdn.net/v/t51.2885-19/417777248_1424956005083609_2913646131249623698_n.jpg?stp=dst-jpg_s150x150_tt6&efg=eyJ2ZW5jb2RlX3RhZyI6InByb2ZpbGVfcGljLmRqYW5nby41MDguZXhwZXJpbWVudGFsIn0&_nc_ht=instagram.fhan4-1.fna.fbcdn.net&_nc_cat=105&_nc_oc=Q6cZ2QFMcLau8bnqxungmIlP7U9WmzdjtkQXcdFDa-g-bOhdUIZRvYQdVdajLNjRHLp5gX0&_nc_ohc=dUK_QM8gKg8Q7kNvwEdzUun&_nc_gid=OUdeXfg3BU39fVPLq_AqsQ&edm=AJhczIQBAAAA&ccb=7-5&oh=00_Afr-Q5dEA-v-ykuw4fZv8au_gAi4B98XU1gI_I7RkOWDAg&oe=696F894D&_nc_sid=4a2096,0,0,0,0,0,[],,https://www.threads.net/@jodellsadler/post/DTia-Znjchp,[],"{'likes': 0, 'reposts': 0, 'quotes': 0}",threads,3810726872032856169,Jodell Sadler,,This needs to be blocked. Trump should not be able to come close to our federal reserve. Ever. Get him out.,threads,64019096944,jodellsadler
[],2026-01-16T10:04:36.512257+07:00,You’re collapsing a wide space that exists between having standards of learning to ensure everyone acquires basic knowledge and skills and a factory that produces unindividuated groupthink,2026-01-15T05:01:24+07:00,,3810173391417111313,threads,threads.com,threads_crawler_v1,https://www.threads.net/@the_madprof/post/DTgdIMoD_MR,https://instagram.fhan4-3.fna.fbcdn.net/v/t51.2885-19/575611430_17935569210098472_3949507753087639453_n.jpg?stp=dst-jpg_s150x150_tt6&efg=eyJ2ZW5jb2RlX3RhZyI6InByb2ZpbGVfcGljLmRqYW5nby4xMDgwLmV4cGVyaW1lbnRhbCJ9&_nc_ht=instagram.fhan4-3.fna.fbcdn.net&_nc_cat=100&_nc_oc=Q6cZ2QFMcLau8bnqxungmIlP7U9WmzdjtkQXcdFDa-g-bOhdUIZRvYQdVdajLNjRHLp5gX0&_nc_ohc=9FF39XUg5lEQ7kNvwGXbn8M&_nc_gid=OUdeXfg3BU39fVPLq_AqsQ&edm=AJhczIQBAAAA&ccb=7-5&oh=00_AfrQ4ODDCw-iHNG6FHhWk6ArE3VfEUaXZrKsj7TboVeRcQ&oe=696F628F&_nc_sid=4a2096,1,0,1,0,0,[],,https://www.threads.net/@the_madprof/post/DTgdIMoD_MR,[],"{'likes': 1, 'reposts': 0, 'quotes': 0}",threads,3810173391417111313,Mark A. DeYoung,,You’re collapsing a wide space that exists between having standards of learning to ensure everyone acquires basic knowledge and skills and a factory that produces unindividuated groupthink,threads,63100354471,the_madprof
[],2026-01-16T10:04:36.512424+07:00,"Whst concerns me is what this signals about the U.S. system and what it means for Canada. 

When the Chair of the Federal Reserve feels compelled to retain a “scorched earth” legal team in anticipation of political conflict, it suggests the central bank is being pulled into open political warfare. 

That is not normal. 

The Federal Reserve’s independence is one of the core stabilizing pillars of the global financial system.
🧵",2026-01-15T23:06:53+07:00,,3810719728965599665,threads,threads.com,threads_crawler_v1,https://www.threads.net/@realestateiswhatido/post/DTiZWdHkUGx,https://instagram.fhan4-5.fna.fbcdn.net/v/t51.2885-19/334750957_6100377000026630_4911155385837639297_n.jpg?stp=dst-jpg_s150x150_tt6&efg=eyJ2ZW5jb2RlX3RhZyI6InByb2ZpbGVfcGljLmRqYW5nby44MDIuYzIifQ&_nc_ht=instagram.fhan4-5.fna.fbcdn.net&_nc_cat=102&_nc_oc=Q6cZ2QF4xFm1qp-7LcG7VXds4kYpS4SSu5uBUOMh9MJ9hJpI2u_OI2OKaOIDeccNl8LT68A&_nc_ohc=Mn2G80TvLAYQ7kNvwFFakWm&_nc_gid=BATemZCDv-FTdHE7_5QM3Q&edm=AJhczIQBAAAA&ccb=7-5&oh=00_AfqhQz1wpecM4D9fSbyiQbN-AKfuE3fmq2PXqUDeTYmkjg&oe=696F7C6E&_nc_sid=4a2096,6,0,19,2,0,['https://instagram.fhan4-3.fna.fbcdn.net/v/t51.2885-15/617235393_17936818275107628_3672089233146066367_n.jpg?stp=dst-jpg_e35_tt6&efg=eyJ2ZW5jb2RlX3RhZyI6InRocmVhZHMuQ0FST1VTRUxfSVRFTS5pbWFnZV91cmxnZW4uMTExNngyMTYwLnNkci5mODI3ODcuZGVmYXVsdF9pbWFnZS5jMiJ9&_nc_ht=instagram.fhan4-3.fna.fbcdn.net&_nc_cat=100&_nc_oc=Q6cZ2QF4xFm1qp-7LcG7VXds4kYpS4SSu5uBUOMh9MJ9hJpI2u_OI2OKaOIDeccNl8LT68A&_nc_ohc=ij1-7Jg9aOsQ7kNvwE38jUv&_nc_gid=BATemZCDv-FTdHE7_5QM3Q&edm=AJhczIQBAAAA&ccb=7-5&ig_cache_key=MzgxMDcxOTcyNDU2MTU2ODM4OQ%3D%3D.3-ccb7-5&oh=00_Afq6LSPCICUg8B-GWlhp6zRZUtsbGlbpG-L02opGwCs_yQ&oe=696F826E&_nc_sid=4a2096'],,https://www.threads.net/@realestateiswhatido/post/DTiZWdHkUGx,[],"{'likes': 19, 'reposts': 2, 'quotes': 0}",threads,3810719728965599665,James Dwyer FRI,,"Whst concerns me is what this signals about the U.S. system and what it means for Canada. 

When the Chair of the Federal Reserve feels compelled to retain a “scorched earth” legal team in anticipation of political conflict, it suggests the central bank is being pulled into open political warfare. 

That is not normal. 

The Federal Reserve’s independence is one of the core stabilizing pillars of the global financial system.
🧵",threads,63270083627,realestateiswhatido
[],2026-01-16T10:04:36.512583+07:00,"MUFG said its US broker-dealer will join the ranks of lenders designated as a primary dealer by the Federal Reserve Bank of New York, one of the bond market’s most exclusive clubs.",2026-01-15T22:55:38+07:00,,3810713963189901497,threads,threads.com,threads_crawler_v1,https://www.threads.net/@bloombergbusiness/post/DTiYCjUjhi5,https://instagram.fhan3-2.fna.fbcdn.net/v/t51.2885-19/357734277_946614906601615_6170135375116345194_n.jpg?stp=dst-jpg_s150x150_tt6&efg=eyJ2ZW5jb2RlX3RhZyI6InByb2ZpbGVfcGljLmRqYW5nby44MDAuYzIifQ&_nc_ht=instagram.fhan3-2.fna.fbcdn.net&_nc_cat=107&_nc_oc=Q6cZ2QF4xFm1qp-7LcG7VXds4kYpS4SSu5uBUOMh9MJ9hJpI2u_OI2OKaOIDeccNl8LT68A&_nc_ohc=bXpW7Z30KSQQ7kNvwHb5CbF&_nc_gid=BATemZCDv-FTdHE7_5QM3Q&edm=AJhczIQBAAAA&ccb=7-5&oh=00_Afo3IwPXlRypwTzTMnB4HTv2p95IPpjIMw9BZ8N_uoBqTA&oe=696F87DE&_nc_sid=4a2096,0,0,2,0,0,[],,https://www.threads.net/@bloombergbusiness/post/DTiYCjUjhi5,[],"{'likes': 2, 'reposts': 0, 'quotes': 0}",threads,3810713963189901497,Bloomberg Business,,"MUFG said its US broker-dealer will join the ranks of lenders designated as a primary dealer by the Federal Reserve Bank of New York, one of the bond market’s most exclusive clubs.",threads,63446973422,bloombergbusiness
[],2026-01-16T10:04:36.512762+07:00,Estarías de acuerdo con acciones militares en estado unidos para acabar con los carteles en México ?🇲🇽 🇺🇸,2026-01-15T19:48:57+07:00,,3810620103239752176,threads,threads.com,threads_crawler_v1,https://www.threads.net/@hector_kutchers/post/DTiCstbkVnw,https://instagram.fhan4-3.fna.fbcdn.net/v/t51.2885-19/452309589_1776241069574472_9055346520705318053_n.jpg?stp=dst-jpg_s150x150_tt6&efg=eyJ2ZW5jb2RlX3RhZyI6InByb2ZpbGVfcGljLmRqYW5nby43NjguYzIifQ&_nc_ht=instagram.fhan4-3.fna.fbcdn.net&_nc_cat=100&_nc_oc=Q6cZ2QF4xFm1qp-7LcG7VXds4kYpS4SSu5uBUOMh9MJ9hJpI2u_OI2OKaOIDeccNl8LT68A&_nc_ohc=bynIhpkileQQ7kNvwES8lkB&_nc_gid=BATemZCDv-FTdHE7_5QM3Q&edm=AJhczIQBAAAA&ccb=7-5&oh=00_Afr6eRHRDpXnEAiFFD46WKo6fzfreAahe44u69jNXR5RSg&oe=696F7C63&_nc_sid=4a2096,381,0,2976,78,0,['https://instagram.fhan3-2.fna.fbcdn.net/v/t51.2885-15/616357738_17910884250277471_7796787904358937919_n.jpg?stp=cp6_dst-jpg_e35_tt6&efg=eyJ2ZW5jb2RlX3RhZyI6InRocmVhZHMuRkVFRC5pbWFnZV91cmxnZW4uMTA4MHgxMzUwLnNkci5mODI3ODcuZGVmYXVsdF9pbWFnZS5jMiJ9&_nc_ht=instagram.fhan3-2.fna.fbcdn.net&_nc_cat=107&_nc_oc=Q6cZ2QF4xFm1qp-7LcG7VXds4kYpS4SSu5uBUOMh9MJ9hJpI2u_OI2OKaOIDeccNl8LT68A&_nc_ohc=3xp2IXu95vgQ7kNvwHL2VZO&_nc_gid=BATemZCDv-FTdHE7_5QM3Q&edm=AJhczIQBAAAA&ccb=7-5&ig_cache_key=MzgxMDYyMDEwMzIzOTc1MjE3Ng%3D%3D.3-ccb7-5&oh=00_Afq0gUSWCP68RFKEtInZo6KCCjcuflbIDhl1SawA6ljZuQ&oe=696F6325&_nc_sid=4a2096'],,https://www.threads.net/@hector_kutchers/post/DTiCstbkVnw,[],"{'likes': 2976, 'reposts': 76, 'quotes': 2}",threads,3810620103239752176,Hector Kutchers,,Estarías de acuerdo con acciones militares en estado unidos para acabar con los carteles en México ?🇲🇽 🇺🇸,threads,68169061470,hector_kutchers
[],2026-01-16T10:04:36.513048+07:00,So how does a private organization have such power over economy of this nation.,2026-01-15T19:44:38+07:00,,3810617932360106934,threads,threads.com,threads_crawler_v1,https://www.threads.net/@viking_marine_69/post/DTiCNHpDsO2,https://instagram.fhan4-3.fna.fbcdn.net/v/t51.2885-19/413883010_352503330850860_6316576628873061789_n.jpg?stp=dst-jpg_s150x150_tt6&efg=eyJ2ZW5jb2RlX3RhZyI6InByb2ZpbGVfcGljLmRqYW5nby41NTEuYzIifQ&_nc_ht=instagram.fhan4-3.fna.fbcdn.net&_nc_cat=100&_nc_oc=Q6cZ2QF4xFm1qp-7LcG7VXds4kYpS4SSu5uBUOMh9MJ9hJpI2u_OI2OKaOIDeccNl8LT68A&_nc_ohc=bmVYAQW8Vj0Q7kNvwHFtFQk&_nc_gid=BATemZCDv-FTdHE7_5QM3Q&edm=AJhczIQBAAAA&ccb=7-5&oh=00_AfqAht3qDv4XvZFYAqwdsoBxLpwPmwZmDnobgQSdccXkqQ&oe=696F8ACA&_nc_sid=4a2096,2,0,1,0,0,[],,https://www.threads.net/@viking_marine_69/post/DTiCNHpDsO2,[],"{'likes': 1, 'reposts': 0, 'quotes': 0}",threads,3810617932360106934,Dwayne G Haines,,So how does a private organization have such power over economy of this nation.,threads,63775127509,viking_marine_69
[],2026-01-16T10:04:36.513207+07:00,"FFS Thune, Trump demolished half the White House, without getting YOUR APPROVAL, declared war, without getting YOUR APPROVAL, implemented tariffs, without getting YOUR APPROVAL, and sent troops into US cities, without getting YOUR APPROVAL! Smoking guns all around your ass!",2026-01-14T04:35:57+07:00,,3809435806491194005,threads,threads.com,threads_crawler_v1,https://www.threads.net/@link_mike/post/DTd1a7Ij7KV,https://instagram.fhan3-2.fna.fbcdn.net/v/t51.2885-19/452817201_869085308608123_5781872550604899387_n.jpg?stp=dst-jpg_s150x150_tt6&efg=eyJ2ZW5jb2RlX3RhZyI6InByb2ZpbGVfcGljLmRqYW5nby45NjAuYzIifQ&_nc_ht=instagram.fhan3-2.fna.fbcdn.net&_nc_cat=107&_nc_oc=Q6cZ2QF4xFm1qp-7LcG7VXds4kYpS4SSu5uBUOMh9MJ9hJpI2u_OI2OKaOIDeccNl8LT68A&_nc_ohc=pYgb_tX1FlUQ7kNvwHhZxoA&_nc_gid=BATemZCDv-FTdHE7_5QM3Q&edm=AJhczIQBAAAA&ccb=7-5&oh=00_AfocR6KAqgAfZWDV1L_k3YF9zG1StW06kODXj36o06T0Fg&oe=696F7677&_nc_sid=4a2096,6,0,315,18,0,[],,https://www.threads.net/@link_mike/post/DTd1a7Ij7KV,[],"{'likes': 315, 'reposts': 18, 'quotes': 0}",threads,3809435806491194005,Mike Link,,"FFS Thune, Trump demolished half the White House, without getting YOUR APPROVAL, declared war, without getting YOUR APPROVAL, implemented tariffs, without getting YOUR APPROVAL, and sent troops into US cities, without getting YOUR APPROVAL! Smoking guns all around your ass!",threads,63305325649,link_mike
[],2026-01-16T10:04:36.513365+07:00,"Till the time of the crisis, the U.S. Federal Reserve kept pumping money into the banking system so that banks could survive. During the crisis, the U.S. government provided bailouts to these banks, after which mergers and acquisitions began in the Western banking sector. This had a direct impact on the U.S. IT sector, and the combined effect of both events led to layoffs in the Indian IT sector as well. @teamtrump",2026-01-15T22:11:29+07:00,,3810691845601142987,threads,threads.com,threads_crawler_v1,https://www.threads.net/@shivam.singh_10/post/DTiTAstiKjL,https://instagram.fhan4-3.fna.fbcdn.net/v/t51.2885-19/471398511_3220323211441968_470585145330558881_n.jpg?stp=dst-jpg_s150x150_tt6&efg=eyJ2ZW5jb2RlX3RhZyI6InByb2ZpbGVfcGljLmRqYW5nby4xMDgwLmMyIn0&_nc_ht=instagram.fhan4-3.fna.fbcdn.net&_nc_cat=100&_nc_oc=Q6cZ2QF4xFm1qp-7LcG7VXds4kYpS4SSu5uBUOMh9MJ9hJpI2u_OI2OKaOIDeccNl8LT68A&_nc_ohc=6w5nMztPef8Q7kNvwGYP18_&_nc_gid=BATemZCDv-FTdHE7_5QM3Q&edm=AJhczIQBAAAA&ccb=7-5&oh=00_AfrfETp3JfVnHUjf5EsjgT0CMPCxKeC8i2fyx8Wg7TXqEg&oe=696F9125&_nc_sid=4a2096,0,0,0,0,0,['https://instagram.fhan4-6.fna.fbcdn.net/v/t51.2885-15/617261907_17894413152387392_1830341416410839195_n.webp?efg=eyJ2ZW5jb2RlX3RhZyI6InRocmVhZHMuRkVFRC5pbWFnZV91cmxnZW4uMTA4MHg1ODIuc2RyLmY4Mjc4Ny5kZWZhdWx0X2ltYWdlLmMyIn0&_nc_ht=instagram.fhan4-6.fna.fbcdn.net&_nc_cat=108&_nc_oc=Q6cZ2QF4xFm1qp-7LcG7VXds4kYpS4SSu5uBUOMh9MJ9hJpI2u_OI2OKaOIDeccNl8LT68A&_nc_ohc=a1bE3OZcSWsQ7kNvwFSijkt&_nc_gid=BATemZCDv-FTdHE7_5QM3Q&edm=AJhczIQBAAAA&ccb=7-5&ig_cache_key=MzgxMDY5MTg0NTYwMTE0Mjk4Nw%3D%3D.3-ccb7-5&oh=00_AfodH5AFYw9qAscDmQpXmvAe6M43Wn2fyCl3dzNrmfdUHg&oe=696F6B96&_nc_sid=4a2096'],,https://www.threads.net/@shivam.singh_10/post/DTiTAstiKjL,[],"{'likes': 0, 'reposts': 0, 'quotes': 0}",threads,3810691845601142987,Shivam Singh,,"Till the time of the crisis, the U.S. Federal Reserve kept pumping money into the banking system so that banks could survive. During the crisis, the U.S. government provided bailouts to these banks, after which mergers and acquisitions began in the Western banking sector. This had a direct impact on the U.S. IT sector, and the combined effect of both events led to layoffs in the Indian IT sector as well. @teamtrump",threads,71585971391,shivam.singh_10
[],2026-01-16T10:04:36.513518+07:00,"POWELL STAYS: President Trump said he has no plans to fire Jerome Powell despite a Justice Department criminal investigation into the Federal Reserve chair, but it was ""too early"" to say what he would ultimately do.
MORE: ",2026-01-15T22:05:41+07:00,,3810688841448437906,threads,threads.com,threads_crawler_v1,https://www.threads.net/@newsmax/post/DTiSU-4FDiS,https://instagram.fhan3-3.fna.fbcdn.net/v/t51.2885-19/358045613_788636779657886_8882033279929735129_n.jpg?stp=dst-jpg_s150x150_tt6&efg=eyJ2ZW5jb2RlX3RhZyI6InByb2ZpbGVfcGljLmRqYW5nby4xMDAwLmMyIn0&_nc_ht=instagram.fhan3-3.fna.fbcdn.net&_nc_cat=1&_nc_oc=Q6cZ2QF4xFm1qp-7LcG7VXds4kYpS4SSu5uBUOMh9MJ9hJpI2u_OI2OKaOIDeccNl8LT68A&_nc_ohc=YXR39otMK_EQ7kNvwGZSNpq&_nc_gid=BATemZCDv-FTdHE7_5QM3Q&edm=AJhczIQBAAAA&ccb=7-5&oh=00_Afr9jvC-4VXrI_322IUFsgBCXADt1fmA0iZxToHQaBVUpA&oe=696F70AE&_nc_sid=4a2096,0,0,9,0,0,['https://instagram.fhan3-3.fna.fbcdn.net/v/t51.2885-15/616365904_17943759753099191_1325903292601205755_n.jpg?stp=dst-jpg_e35_tt6&efg=eyJ2ZW5jb2RlX3RhZyI6InRocmVhZHMuRkVFRC5pbWFnZV91cmxnZW4uMTA4MHgxMzUwLnNkci5mODI3ODcuZGVmYXVsdF9pbWFnZS5jMiJ9&_nc_ht=instagram.fhan3-3.fna.fbcdn.net&_nc_cat=111&_nc_oc=Q6cZ2QF4xFm1qp-7LcG7VXds4kYpS4SSu5uBUOMh9MJ9hJpI2u_OI2OKaOIDeccNl8LT68A&_nc_ohc=cTxIs2ItYfcQ7kNvwFehOvV&_nc_gid=BATemZCDv-FTdHE7_5QM3Q&edm=AJhczIQBAAAA&ccb=7-5&ig_cache_key=MzgxMDY4ODg0MTQ0ODQzNzkwNg%3D%3D.3-ccb7-5&oh=00_AfrpquySYN0VkbydWuiQDUrh319_FAILcw0MN_pnOa8d-A&oe=696F66C5&_nc_sid=4a2096'],,https://www.threads.net/@newsmax/post/DTiSU-4FDiS,[],"{'likes': 9, 'reposts': 0, 'quotes': 0}",threads,3810688841448437906,Newsmax,,"POWELL STAYS: President Trump said he has no plans to fire Jerome Powell despite a Justice Department criminal investigation into the Federal Reserve chair, but it was ""too early"" to say what he would ultimately do.
MORE: https://bit.ly/49WjVKg",threads,63065795190,newsmax
[],2026-01-16T10:04:36.513697+07:00,Short-term Treasury yields rose after a sign of labor-market strength slightly eroded expectations for Federal Reserve interest-rate cuts this year.,2026-01-15T22:05:40+07:00,,3810688811374885331,threads,threads.com,threads_crawler_v1,https://www.threads.net/@bloombergbusiness/post/DTiSUi3jjnT,https://instagram.fhan3-2.fna.fbcdn.net/v/t51.2885-19/357734277_946614906601615_6170135375116345194_n.jpg?stp=dst-jpg_s150x150_tt6&efg=eyJ2ZW5jb2RlX3RhZyI6InByb2ZpbGVfcGljLmRqYW5nby44MDAuYzIifQ&_nc_ht=instagram.fhan3-2.fna.fbcdn.net&_nc_cat=107&_nc_oc=Q6cZ2QF4xFm1qp-7LcG7VXds4kYpS4SSu5uBUOMh9MJ9hJpI2u_OI2OKaOIDeccNl8LT68A&_nc_ohc=bXpW7Z30KSQQ7kNvwHb5CbF&_nc_gid=BATemZCDv-FTdHE7_5QM3Q&edm=AJhczIQBAAAA&ccb=7-5&oh=00_Afo3IwPXlRypwTzTMnB4HTv2p95IPpjIMw9BZ8N_uoBqTA&oe=696F87DE&_nc_sid=4a2096,0,0,3,0,0,[],,https://www.threads.net/@bloombergbusiness/post/DTiSUi3jjnT,[],"{'likes': 3, 'reposts': 0, 'quotes': 0}",threads,3810688811374885331,Bloomberg Business,,Short-term Treasury yields rose after a sign of labor-market strength slightly eroded expectations for Federal Reserve interest-rate cuts this year.,threads,63446973422,bloombergbusiness
[],2026-01-16T10:04:36.513866+07:00,"From a FB poster: FedEx told its workers the truth about Trump’s “no tax on overtime” promise — IT WAS A LIE! 
Per a leaked memo to fedex employees, the fine print of this provision says that the law only applies to OT required under federal labor rules, not state laws or company policies. Since FedEx, like most major employers, pays OT under state rules & internal policies, its workers get nothing. No tax break, no bigger paycheck. Just a scam.
Of course, repubs now say this was never promised",2026-01-16T08:22:32+07:00,,3810999397153280730,threads,threads.com,threads_crawler_v1,https://www.threads.net/@judipood/post/DTjY8KajJLa,https://scontent-sin6-1.cdninstagram.com/v/t51.2885-19/573323465_1219825463302212_7278921664109726296_n.png?stp=dst-jpg_s150x150_tt6&efg=eyJ2ZW5jb2RlX3RhZyI6InByb2ZpbGVfcGljLmRqYW5nby4xNTAuYzIifQ&_nc_ht=scontent-sin6-1.cdninstagram.com&_nc_cat=1&_nc_oc=Q6cZ2QGpfmqE4Vi-lUAzUUcWCc_ApFRLaJ8nnc8FOcm4YPgCYFgK0LfCnLf86OjIZYTZ5jI&_nc_ohc=Vz-r0K6PSJQQ7kNvwGGLcNp&_nc_gid=AIij9FtH3nc8TtB-bei2dA&edm=AOmzUmYBAAAA&ccb=7-5&ig_cache_key=YW5vbnltb3VzX3Byb2ZpbGVfcGlj.3-ccb7-5&oh=00_Afpo-328OtOl1n3d5Wf3YzPVIb2zcwrXsutj6exJK6HKpg&oe=696F72AA&_nc_sid=13eb94,0,0,1,0,0,[],,https://www.threads.net/@judipood/post/DTjY8KajJLa,[],"{'likes': 1, 'reposts': 0, 'quotes': 0}",threads,3810999397153280730,JUDITH GREIF,,"From a FB poster: FedEx told its workers the truth about Trump’s “no tax on overtime” promise — IT WAS A LIE! 
Per a leaked memo to fedex employees, the fine print of this provision says that the law only applies to OT required under federal labor rules, not state laws or company policies. Since FedEx, like most major employers, pays OT under state rules & internal policies, its workers get nothing. No tax break, no bigger paycheck. Just a scam.
Of course, repubs now say this was never promised",threads,63624304247,judipood
[],2026-01-16T10:04:36.514091+07:00,"NEW Politics War Room with James Carville & Al Hunt ""Trump Flips the Bird"" w/ Franklin Foer

James & Al sound the alarm over Trump’s authoritarian streak,  his attacks on the Federal Reserve + DOJ. The Atlantic’s Franklin Foer discusses Trump’s mass reductions in the federal workforce.",2026-01-16T08:16:44+07:00,,3810996480467603039,threads,threads.com,threads_crawler_v1,https://www.threads.net/@politicon/post/DTjYRuCiQ5f,https://instagram.fhan3-4.fna.fbcdn.net/v/t51.2885-19/483497748_987318806306394_6652231096477763168_n.jpg?stp=dst-jpg_s150x150_tt6&efg=eyJ2ZW5jb2RlX3RhZyI6InByb2ZpbGVfcGljLmRqYW5nby4xMDgwLmMyIn0&_nc_ht=instagram.fhan3-4.fna.fbcdn.net&_nc_cat=106&_nc_oc=Q6cZ2QGCAUITqo3nsToTIv1UmhDNTIMlus98jNcAPrAnVL6GaKARraZ3zvwVahAyJr2vRVo&_nc_ohc=OeK0qlVPzBsQ7kNvwG9fTQ0&_nc_gid=7rmADxqykrU4_vJJoc8D3Q&edm=AJhczIQBAAAA&ccb=7-5&oh=00_AfqOw32SRMXyxARqe4upM1qQqk2hHTALUK_57KXvyyhTog&oe=696F6A77&_nc_sid=4a2096,0,0,0,0,0,[],,https://www.threads.net/@politicon/post/DTjYRuCiQ5f,[],"{'likes': 0, 'reposts': 0, 'quotes': 0}",threads,3810996480467603039,Politicon,,"NEW Politics War Room with James Carville & Al Hunt ""Trump Flips the Bird"" w/ Franklin Foer

James & Al sound the alarm over Trump’s authoritarian streak,  his attacks on the Federal Reserve + DOJ. The Atlantic’s Franklin Foer discusses Trump’s mass reductions in the federal workforce.",threads,63286114065,politicon
[],2026-01-16T10:04:36.514300+07:00,"Someone please 🙏 tell me WHY Minnesota Republicans are NOT up in arms about the government taking over a State Investigation? 
WHY are they SILENT???",2026-01-16T05:32:22+07:00,,3810913754405775688,threads,threads.com,threads_crawler_v1,https://www.threads.net/@judith.sama.51/post/DTjFd5ZAalI,https://scontent-sin6-1.cdninstagram.com/v/t51.2885-19/573323465_1219825463302212_7278921664109726296_n.png?stp=dst-jpg_s150x150_tt6&efg=eyJ2ZW5jb2RlX3RhZyI6InByb2ZpbGVfcGljLmRqYW5nby4xNTAuYzIifQ&_nc_ht=scontent-sin6-1.cdninstagram.com&_nc_cat=1&_nc_oc=Q6cZ2QGpfmqE4Vi-lUAzUUcWCc_ApFRLaJ8nnc8FOcm4YPgCYFgK0LfCnLf86OjIZYTZ5jI&_nc_ohc=Vz-r0K6PSJQQ7kNvwGGLcNp&_nc_gid=AIij9FtH3nc8TtB-bei2dA&edm=AOmzUmYBAAAA&ccb=7-5&ig_cache_key=YW5vbnltb3VzX3Byb2ZpbGVfcGlj.3-ccb7-5&oh=00_Afpo-328OtOl1n3d5Wf3YzPVIb2zcwrXsutj6exJK6HKpg&oe=696F72AA&_nc_sid=13eb94,53,0,125,4,0,[],,https://www.threads.net/@judith.sama.51/post/DTjFd5ZAalI,[],"{'likes': 125, 'reposts': 4, 'quotes': 0}",threads,3810913754405775688,Judi Sama,,"Someone please 🙏 tell me WHY Minnesota Republicans are NOT up in arms about the government taking over a State Investigation? 
WHY are they SILENT???",threads,63258583831,judith.sama.51
[],2026-01-16T10:04:36.514476+07:00,"If we lose NATO because Trump wants to put boots on Greenland, that means we lose Denmark.

Denmark is the creator and supplier for synthesized insulin.

The diabetics in this country will die if this happens. I am one of them.",2026-01-15T22:28:38+07:00,,3810700475466111813,threads,threads.com,threads_crawler_v1,https://www.threads.net/@goodgriefgeorge/post/DTiU-R5kdtF,https://instagram.fhan4-1.fna.fbcdn.net/v/t51.2885-19/474756803_829124369339633_2099754708499806784_n.jpg?stp=dst-jpg_s150x150_tt6&efg=eyJ2ZW5jb2RlX3RhZyI6InByb2ZpbGVfcGljLmRqYW5nby41NDQuYzIifQ&_nc_ht=instagram.fhan4-1.fna.fbcdn.net&_nc_cat=105&_nc_oc=Q6cZ2QGCAUITqo3nsToTIv1UmhDNTIMlus98jNcAPrAnVL6GaKARraZ3zvwVahAyJr2vRVo&_nc_ohc=tJMTd93y58UQ7kNvwFbURjY&_nc_gid=7rmADxqykrU4_vJJoc8D3Q&edm=AJhczIQBAAAA&ccb=7-5&oh=00_AfqkuVWwMyDupt6ypvgZK2Sv-ne0GvCsCQ_VKKeakeEnIg&oe=696F63C0&_nc_sid=4a2096,389,0,4628,454,0,[],,https://www.threads.net/@goodgriefgeorge/post/DTiU-R5kdtF,[],"{'likes': 4628, 'reposts': 441, 'quotes': 13}",threads,3810700475466111813,Matt Devus,,"If we lose NATO because Trump wants to put boots on Greenland, that means we lose Denmark.

Denmark is the creator and supplier for synthesized insulin.

The diabetics in this country will die if this happens. I am one of them.",threads,68201464856,goodgriefgeorge
[],2026-01-16T10:04:36.514832+07:00,Literally no proof. There is no event. Go ask AI go search all the news. This is factually wrong.,2026-01-16T06:59:15+07:00,,3810957484420562534,threads,threads.com,threads_crawler_v1,https://www.threads.net/@_o_will_o_/post/DTjPaQJAP5m,https://instagram.fhan4-5.fna.fbcdn.net/v/t51.2885-19/542862158_17845328556560966_4317470273676995488_n.jpg?stp=dst-jpg_s150x150_tt6&efg=eyJ2ZW5jb2RlX3RhZyI6InByb2ZpbGVfcGljLmRqYW5nby4xMDgwLmMyIn0&_nc_ht=instagram.fhan4-5.fna.fbcdn.net&_nc_cat=102&_nc_oc=Q6cZ2QGCAUITqo3nsToTIv1UmhDNTIMlus98jNcAPrAnVL6GaKARraZ3zvwVahAyJr2vRVo&_nc_ohc=nECG7EU_1loQ7kNvwHQPH8w&_nc_gid=7rmADxqykrU4_vJJoc8D3Q&edm=AJhczIQBAAAA&ccb=7-5&oh=00_Afrepz1oYeyspT6MpwxXU3YbKW_997NSZBgxyped8pnDxQ&oe=696F6AEA&_nc_sid=4a2096,2,0,7,0,0,[],,https://www.threads.net/@_o_will_o_/post/DTjPaQJAP5m,[],"{'likes': 7, 'reposts': 0, 'quotes': 0}",threads,3810957484420562534,William OConnell,,Literally no proof. There is no event. Go ask AI go search all the news. This is factually wrong.,threads,76923024965,_o_will_o_
