categories,collectDate,content,createDate,description,docId,docType,domain,fromCrawler,link,logoLink,numComments,numDislikes,numLikes,numShares,numViews,pictures,postId,postLink,provinces,reactions,source,sourceId,sourceName,tags,title,type,userId,userName
[],2026-01-20T14:51:27.513466+07:00,"🇫🇷💥 France quietly says “no” to Trump’s Peace Council — and that silence is louder than any press release.
Paris doesn’t trust a “peace architecture” designed in Washington, chaired by Trump, and built outside the UN.
For Macron, this smells less like diplomacy — and more like leverage.
Europe isn’t rejecting peace.
It’s rejecting who defines it.",2026-01-19T23:10:29+07:00,,3813620644953239505,threads,threads.com,threads_crawler_v1,https://www.threads.net/@the_capital_order/post/DTss8VqiK_R,https://instagram.fhan4-3.fna.fbcdn.net/v/t51.2885-19/616634361_17909668029302388_7053126129306477484_n.jpg?stp=dst-jpg_s150x150_tt6&efg=eyJ2ZW5jb2RlX3RhZyI6InByb2ZpbGVfcGljLmRqYW5nby4xMDgwLmMyIn0&_nc_ht=instagram.fhan4-3.fna.fbcdn.net&_nc_cat=100&_nc_oc=Q6cZ2QHXQob8KJJjhKDH4q9U3EScZlmu8yR7XRZTgqWnntmnIqrLSq6Ysjo5kJvkCYjbSns&_nc_ohc=Q-lIEGTJgn4Q7kNvwH-jMil&_nc_gid=lw6WfSN9-soISorZ8SwXmw&edm=AJhczIQBAAAA&ccb=7-5&oh=00_Afrv2X_7QWibtaXuH3SbGLCg9oEGwc0ZGkKSKcrhN3RBkw&oe=6975067A&_nc_sid=4a2096,51,0,2065,190,0,['https://instagram.fhan4-3.fna.fbcdn.net/v/t51.2885-15/619459889_17909830971302388_7048650342816456838_n.webp?efg=eyJ2ZW5jb2RlX3RhZyI6InRocmVhZHMuRkVFRC5pbWFnZV91cmxnZW4uMTUzNngxMDI0LnNkci5mODI3ODcuZGVmYXVsdF9pbWFnZS5jMiJ9&_nc_ht=instagram.fhan4-3.fna.fbcdn.net&_nc_cat=100&_nc_oc=Q6cZ2QHXQob8KJJjhKDH4q9U3EScZlmu8yR7XRZTgqWnntmnIqrLSq6Ysjo5kJvkCYjbSns&_nc_ohc=K6qJ4rBkFPQQ7kNvwFoiKLM&_nc_gid=lw6WfSN9-soISorZ8SwXmw&edm=AJhczIQBAAAA&ccb=7-5&ig_cache_key=MzgxMzYyMDY0NDk1MzIzOTUwNQ%3D%3D.3-ccb7-5&oh=00_Afr68HK7WPoLYoqngl7Iu00P3fuBp4E2svwdpAuPeuiYLA&oe=697515C6&_nc_sid=4a2096'],,https://www.threads.net/@the_capital_order/post/DTss8VqiK_R,[],"{'likes': 2065, 'reposts': 184, 'quotes': 6}",threads,3813620644953239505,The Capital Order,,"🇫🇷💥 France quietly says “no” to Trump’s Peace Council — and that silence is louder than any press release.
Paris doesn’t trust a “peace architecture” designed in Washington, chaired by Trump, and built outside the UN.
For Macron, this smells less like diplomacy — and more like leverage.
Europe isn’t rejecting peace.
It’s rejecting who defines it.",threads,69087550387,the_capital_order
[],2026-01-20T14:51:27.513599+07:00,"A “peace board” where nations must pay $1B for a seat isn’t diplomacy — it’s extortion dressed up as foreign policy. Turning global stability into a pay‑to‑play scheme is reckless, corrupt, and dangerous.",2026-01-18T07:52:51+07:00,,3812434011676216017,threads,threads.com,threads_crawler_v1,https://www.threads.net/@andrewjweinstein/post/DTofIjTlArR,https://instagram.fhan3-2.fna.fbcdn.net/v/t51.2885-19/314298409_139550005520407_6598670620407522597_n.jpg?stp=dst-jpg_s150x150_tt6&efg=eyJ2ZW5jb2RlX3RhZyI6InByb2ZpbGVfcGljLmRqYW5nby4xMDgwLmMyIn0&_nc_ht=instagram.fhan3-2.fna.fbcdn.net&_nc_cat=107&_nc_oc=Q6cZ2QHXQob8KJJjhKDH4q9U3EScZlmu8yR7XRZTgqWnntmnIqrLSq6Ysjo5kJvkCYjbSns&_nc_ohc=YQn0DPmhAAwQ7kNvwHWeUkW&_nc_gid=lw6WfSN9-soISorZ8SwXmw&edm=AJhczIQBAAAA&ccb=7-5&oh=00_AfoQ6rpkhM6Pwxw-5K-BUO8RIY3vlltnUgfruBZ-HbXuUQ&oe=6974FEDD&_nc_sid=4a2096,143,0,2843,385,0,[],,https://www.threads.net/@andrewjweinstein/post/DTofIjTlArR,[],"{'likes': 2843, 'reposts': 370, 'quotes': 15}",threads,3812434011676216017,Andrew Weinstein,,"A “peace board” where nations must pay $1B for a seat isn’t diplomacy — it’s extortion dressed up as foreign policy. Turning global stability into a pay‑to‑play scheme is reckless, corrupt, and dangerous.",threads,63128461185,andrewjweinstein
[],2026-01-20T14:51:27.513644+07:00,"Global power dynamics are shifting fast. 🌍⚡
When major nations push back, the world watches closely.

#BreakingNews #WorldPolitics #GlobalAffairs #Geopolitics #InternationalRelations PowerPolitics GlobalNews PoliticalUpdate WorldOrder Diplomacy NewsUpdate",2026-01-06T16:38:49+07:00,,3804001429552705565,threads,threads.com,threads_crawler_v1,https://www.threads.net/@the.financial.info/post/DTKhyVNkTAd,https://instagram.fhan3-3.fna.fbcdn.net/v/t51.2885-19/563045984_17862413670492141_5974254754237380257_n.jpg?stp=dst-jpg_s150x150_tt6&efg=eyJ2ZW5jb2RlX3RhZyI6InByb2ZpbGVfcGljLmRqYW5nby40OTMuYzIifQ&_nc_ht=instagram.fhan3-3.fna.fbcdn.net&_nc_cat=1&_nc_oc=Q6cZ2QHXQob8KJJjhKDH4q9U3EScZlmu8yR7XRZTgqWnntmnIqrLSq6Ysjo5kJvkCYjbSns&_nc_ohc=1P53bE_uTc8Q7kNvwELS96o&_nc_gid=lw6WfSN9-soISorZ8SwXmw&edm=AJhczIQBAAAA&ccb=7-5&oh=00_Afrov2xkUkHQnI-TmKFtgH_95NeH2ZICxTa5DM8eoO4U7Q&oe=69750CBD&_nc_sid=4a2096,120,0,2447,75,0,['https://instagram.fhan4-6.fna.fbcdn.net/v/t51.2885-15/611719004_17872010901492141_8366744423490309012_n.jpg?stp=dst-jpg_e35_tt6&efg=eyJ2ZW5jb2RlX3RhZyI6InRocmVhZHMuRkVFRC5pbWFnZV91cmxnZW4uMTQ0MHgxODAwLnNkci5mODI3ODcuZGVmYXVsdF9pbWFnZS5jMiJ9&_nc_ht=instagram.fhan4-6.fna.fbcdn.net&_nc_cat=109&_nc_oc=Q6cZ2QHXQob8KJJjhKDH4q9U3EScZlmu8yR7XRZTgqWnntmnIqrLSq6Ysjo5kJvkCYjbSns&_nc_ohc=qxWk0GZG_bUQ7kNvwGWZrwe&_nc_gid=lw6WfSN9-soISorZ8SwXmw&edm=AJhczIQBAAAA&ccb=7-5&ig_cache_key=MzgwNDAwMTQyOTU1MjcwNTU2NQ%3D%3D.3-ccb7-5&oh=00_Afo1IW2s0RZ6y_0ZymR8m1mnTjHTq8wNXG3wDGkWObsrhQ&oe=69751937&_nc_sid=4a2096'],,https://www.threads.net/@the.financial.info/post/DTKhyVNkTAd,[],"{'likes': 2447, 'reposts': 70, 'quotes': 5}",threads,3804001429552705565,Santosh | Finance,,"Global power dynamics are shifting fast. 🌍⚡
When major nations push back, the world watches closely.

#BreakingNews #WorldPolitics #GlobalAffairs #Geopolitics #InternationalRelations PowerPolitics GlobalNews PoliticalUpdate WorldOrder Diplomacy NewsUpdate",threads,74825823128,the.financial.info
[],2026-01-20T14:51:27.513685+07:00,"Threads seems to be divided over Starmer’s response to Trump’s Greenland tariff threats. He called the tariffs “wrong” and urged calm discussions to avoid a trade war.

Smart diplomacy?
OR
Painfully inadequate?",2026-01-19T21:32:52+07:00,,3813571511961839193,threads,threads.com,threads_crawler_v1,https://www.threads.net/@booklovergeorge/post/DTshxXACOZZ,https://instagram.fhan3-4.fna.fbcdn.net/v/t51.2885-19/606977518_17899085661357052_6739560389590551777_n.jpg?stp=dst-jpg_s150x150_tt6&efg=eyJ2ZW5jb2RlX3RhZyI6InByb2ZpbGVfcGljLmRqYW5nby4zMjAuYzIifQ&_nc_ht=instagram.fhan3-4.fna.fbcdn.net&_nc_cat=104&_nc_oc=Q6cZ2QHXQob8KJJjhKDH4q9U3EScZlmu8yR7XRZTgqWnntmnIqrLSq6Ysjo5kJvkCYjbSns&_nc_ohc=xXArZHR6nXgQ7kNvwEwj1eb&_nc_gid=lw6WfSN9-soISorZ8SwXmw&edm=AJhczIQBAAAA&ccb=7-5&oh=00_Afrj5ysv3v-7JqCtQ7cDf4v87JfSbJJM7TZHoStRGvz95A&oe=69750FFE&_nc_sid=4a2096,4,0,3,0,0,['https://instagram.fhan3-4.fna.fbcdn.net/v/t51.2885-15/619231103_17901844149357052_850297189970849379_n.jpg?stp=cp6_dst-jpg_e35_tt6&efg=eyJ2ZW5jb2RlX3RhZyI6InRocmVhZHMuRkVFRC5pbWFnZV91cmxnZW4uMTE3MHg2MDIuc2RyLmY4Mjc4Ny5kZWZhdWx0X2ltYWdlLmMyIn0&_nc_ht=instagram.fhan3-4.fna.fbcdn.net&_nc_cat=104&_nc_oc=Q6cZ2QHXQob8KJJjhKDH4q9U3EScZlmu8yR7XRZTgqWnntmnIqrLSq6Ysjo5kJvkCYjbSns&_nc_ohc=JTMnYx5KsE8Q7kNvwHblaqY&_nc_gid=lw6WfSN9-soISorZ8SwXmw&edm=AJhczIQBAAAA&ccb=7-5&ig_cache_key=MzgxMzU3MTUxMTk2MTgzOTE5Mw%3D%3D.3-ccb7-5&oh=00_AfrnLlRJKVZGOOXs26r1hivedvPHG8Uwr_UEo-3xXTsK9w&oe=69751884&_nc_sid=4a2096'],,https://www.threads.net/@booklovergeorge/post/DTshxXACOZZ,[],"{'likes': 3, 'reposts': 0, 'quotes': 0}",threads,3813571511961839193,Georgina Nicholls,UK Threads,"Threads seems to be divided over Starmer’s response to Trump’s Greenland tariff threats. He called the tariffs “wrong” and urged calm discussions to avoid a trade war.

Smart diplomacy?
OR
Painfully inadequate?",threads,70714605051,booklovergeorge
[],2026-01-20T14:51:27.513722+07:00,"As Trump doubles down on his Greenland ultimatum, the mask has finally slipped completely. For years we’ve been gaslit into thinking his ambitions were just a ""real estate deal"" or a joke, but after this week, nobody in Europe is laughing. 

The reality is stark: The US is effectively moving to annex the territory of a NATO ally to ""secure"" (steal) rare earth minerals. This isn't diplomacy, it's the Monroe Doctrine on steroids. It forces every nation in Europe to confront a terrifying question:",2026-01-10T21:03:47+07:00,,3807033896672692566,threads,threads.com,threads_crawler_v1,https://www.threads.net/@cal.monty/post/DTVTSiTDAlW,https://instagram.fhan4-6.fna.fbcdn.net/v/t51.2885-19/618709442_17940566289106040_6106039962542280771_n.jpg?stp=dst-jpg_s150x150_tt6&efg=eyJ2ZW5jb2RlX3RhZyI6InByb2ZpbGVfcGljLmRqYW5nby41MTIuYzIifQ&_nc_ht=instagram.fhan4-6.fna.fbcdn.net&_nc_cat=108&_nc_oc=Q6cZ2QHXQob8KJJjhKDH4q9U3EScZlmu8yR7XRZTgqWnntmnIqrLSq6Ysjo5kJvkCYjbSns&_nc_ohc=5vBq5PA_SVcQ7kNvwHeRk-q&_nc_gid=lw6WfSN9-soISorZ8SwXmw&edm=AJhczIQBAAAA&ccb=7-5&oh=00_AfpEaf7GbSBRZTnyUg1chfB7yaCrBwuB47RY7o_4ywHzYg&oe=69751C70&_nc_sid=4a2096,187,0,2898,463,0,[],,https://www.threads.net/@cal.monty/post/DTVTSiTDAlW,[],"{'likes': 2898, 'reposts': 427, 'quotes': 36}",threads,3807033896672692566,Calum McGregor,Greenland,"As Trump doubles down on his Greenland ultimatum, the mask has finally slipped completely. For years we’ve been gaslit into thinking his ambitions were just a ""real estate deal"" or a joke, but after this week, nobody in Europe is laughing. 

The reality is stark: The US is effectively moving to annex the territory of a NATO ally to ""secure"" (steal) rare earth minerals. This isn't diplomacy, it's the Monroe Doctrine on steroids. It forces every nation in Europe to confront a terrifying question:",threads,63127130039,cal.monty
[],2026-01-20T14:51:27.513757+07:00,"Russia, China and the US are competing for influence in the Arctic. 

The Arctic should not be militarised.

Diplomacy and EU-NATO cooperation are crucial.",2025-12-14T19:26:10+07:00,,3787415815382117620,threads,threads.com,threads_crawler_v1,https://www.threads.net/@europeanparliament/post/DSPmp4UjCz0,https://instagram.fhan4-1.fna.fbcdn.net/v/t51.2885-19/410783501_1010526473368973_5913498680179141684_n.jpg?stp=dst-jpg_s150x150_tt6&efg=eyJ2ZW5jb2RlX3RhZyI6InByb2ZpbGVfcGljLmRqYW5nby40MDAuYzIifQ&_nc_ht=instagram.fhan4-1.fna.fbcdn.net&_nc_cat=105&_nc_oc=Q6cZ2QHXQob8KJJjhKDH4q9U3EScZlmu8yR7XRZTgqWnntmnIqrLSq6Ysjo5kJvkCYjbSns&_nc_ohc=ev6VKEl7SWgQ7kNvwEn-XqV&_nc_gid=lw6WfSN9-soISorZ8SwXmw&edm=AJhczIQBAAAA&ccb=7-5&oh=00_AfqeT7XZIDq3oz3fsMgLJJWrTcy8R6NXstjDDjZGvj3jyA&oe=69750C17&_nc_sid=4a2096,60,0,3306,197,0,[],,https://www.threads.net/@europeanparliament/post/DSPmp4UjCz0,[],"{'likes': 3306, 'reposts': 187, 'quotes': 10}",threads,3787415815382117620,European Parliament,,"Russia, China and the US are competing for influence in the Arctic. 

The Arctic should not be militarised.

Diplomacy and EU-NATO cooperation are crucial.",threads,63217537084,europeanparliament
[],2026-01-20T14:51:27.513788+07:00,"To my Republican colleagues: ENOUGH. It's time for the Senate to vote to block these tariffs and to block the use of military force against Greenland.

Trump is tearing apart our alliances in real time and the economic & diplomatic consequences will be catastrophic.",2026-01-18T02:02:19+07:00,,3812257577473182319,threads,threads.com,threads_crawler_v1,https://www.threads.net/@senpattymurray/post/DTn3BGJlIpv,https://instagram.fhan3-3.fna.fbcdn.net/v/t51.2885-19/358784646_668526677992957_8506339491682612316_n.jpg?stp=dst-jpg_s150x150_tt6&efg=eyJ2ZW5jb2RlX3RhZyI6InByb2ZpbGVfcGljLmRqYW5nby4xNTAuYzIifQ&_nc_ht=instagram.fhan3-3.fna.fbcdn.net&_nc_cat=101&_nc_oc=Q6cZ2QHXQob8KJJjhKDH4q9U3EScZlmu8yR7XRZTgqWnntmnIqrLSq6Ysjo5kJvkCYjbSns&_nc_ohc=-npB_T_vUTsQ7kNvwH6h27Q&_nc_gid=lw6WfSN9-soISorZ8SwXmw&edm=AJhczIQBAAAA&ccb=7-5&oh=00_Afp19Geftq140woniMFmDfyfYiSReH8HQ38r0seJXfX63g&oe=6974EC71&_nc_sid=4a2096,739,0,11859,1135,0,[],,https://www.threads.net/@senpattymurray/post/DTn3BGJlIpv,[],"{'likes': 11859, 'reposts': 1092, 'quotes': 43}",threads,3812257577473182319,Senator Patty Murray,,"To my Republican colleagues: ENOUGH. It's time for the Senate to vote to block these tariffs and to block the use of military force against Greenland.

Trump is tearing apart our alliances in real time and the economic & diplomatic consequences will be catastrophic.",threads,63070401981,senpattymurray
[],2026-01-20T14:51:27.513833+07:00,"Do you know when a country imposed sanctions on Norway because of the Nobel Peace Prize? It happened after the imprisoned dissident Liu Xiaobo was awarded the Peace Prize in 2010. For six years, there was a deep diplomatic freeze between China and Norway, which halted negotiations on a free trade agreement and harmed Norwegian exports, especially seafood.",2026-01-19T18:25:04+07:00,,3813476993296162631,threads,threads.com,threads_crawler_v1,https://www.threads.net/@ufotog1/post/DTsMR7oit9H,https://instagram.fhan4-6.fna.fbcdn.net/v/t51.2885-19/590923223_17934324750133868_4888593645628278405_n.jpg?stp=dst-jpg_s150x150_tt6&efg=eyJ2ZW5jb2RlX3RhZyI6InByb2ZpbGVfcGljLmRqYW5nby4zMjAuYzIifQ&_nc_ht=instagram.fhan4-6.fna.fbcdn.net&_nc_cat=108&_nc_oc=Q6cZ2QHXQob8KJJjhKDH4q9U3EScZlmu8yR7XRZTgqWnntmnIqrLSq6Ysjo5kJvkCYjbSns&_nc_ohc=sY9YI1SpTAEQ7kNvwHY9OHv&_nc_gid=lw6WfSN9-soISorZ8SwXmw&edm=AJhczIQBAAAA&ccb=7-5&oh=00_AfpixKRBEcHJ4o43SUE-RqqYOeZabx78lq5zq2ncQ1iweg&oe=6974FC0B&_nc_sid=4a2096,10,0,225,12,0,[],,https://www.threads.net/@ufotog1/post/DTsMR7oit9H,[],"{'likes': 225, 'reposts': 12, 'quotes': 0}",threads,3813476993296162631,Jeanette Fjeldheim,,"Do you know when a country imposed sanctions on Norway because of the Nobel Peace Prize? It happened after the imprisoned dissident Liu Xiaobo was awarded the Peace Prize in 2010. For six years, there was a deep diplomatic freeze between China and Norway, which halted negotiations on a free trade agreement and harmed Norwegian exports, especially seafood.",threads,63865029867,ufotog1
[],2026-01-20T14:51:27.513865+07:00,"The announcement by US Secretary of State Marco Rubio that Thierry Breton and four other European citizens are “not welcome” in the United States is more than a diplomatic incident. It is a political signal – and a worrying one.
Europe’s digital rules, including the Digital Services Act, were approved by over 90% of the European Parliament in the last legislature and unanimously by all 27 Member States. They are democratic law. Defending them means defending European sovereignty.",2025-12-24T15:17:51+07:00,,3794538595261199114,threads,threads.com,threads_crawler_v1,https://www.threads.net/@europeandemocrats/post/DSo6L-BDbMK,https://instagram.fhan4-5.fna.fbcdn.net/v/t51.2885-19/469437442_9635009706514071_6853395980896304167_n.jpg?stp=dst-jpg_s150x150_tt6&efg=eyJ2ZW5jb2RlX3RhZyI6InByb2ZpbGVfcGljLmRqYW5nby4xMDgwLmMyIn0&_nc_ht=instagram.fhan4-5.fna.fbcdn.net&_nc_cat=103&_nc_oc=Q6cZ2QHXQob8KJJjhKDH4q9U3EScZlmu8yR7XRZTgqWnntmnIqrLSq6Ysjo5kJvkCYjbSns&_nc_ohc=NQrRhtgA21AQ7kNvwFQG-Pm&_nc_gid=lw6WfSN9-soISorZ8SwXmw&edm=AJhczIQBAAAA&ccb=7-5&oh=00_AfpWCntArbrwbzOchF_ky7_yHR9YPG1UtBvTfr9YbgCGhw&oe=69750C16&_nc_sid=4a2096,58,0,991,90,0,['https://instagram.fhan4-5.fna.fbcdn.net/v/t51.2885-15/604895578_17934135744126015_6021256100895761642_n.jpg?stp=dst-jpg_e35_tt6&efg=eyJ2ZW5jb2RlX3RhZyI6InRocmVhZHMuRkVFRC5pbWFnZV91cmxnZW4uMTA4MHgxMzUwLnNkci5mODI3ODcuZGVmYXVsdF9pbWFnZS5jMiJ9&_nc_ht=instagram.fhan4-5.fna.fbcdn.net&_nc_cat=103&_nc_oc=Q6cZ2QHXQob8KJJjhKDH4q9U3EScZlmu8yR7XRZTgqWnntmnIqrLSq6Ysjo5kJvkCYjbSns&_nc_ohc=1xZSwbiebjgQ7kNvwELNZYN&_nc_gid=lw6WfSN9-soISorZ8SwXmw&edm=AJhczIQBAAAA&ccb=7-5&ig_cache_key=Mzc5NDUzODU5NTI2MTE5OTExNA%3D%3D.3-ccb7-5&oh=00_Afov_nOlqPe6CxsXWUaUxWhEFy9JLwJxBVAvc-D0iEqcEQ&oe=69751CC2&_nc_sid=4a2096'],,https://www.threads.net/@europeandemocrats/post/DSo6L-BDbMK,[],"{'likes': 991, 'reposts': 88, 'quotes': 2}",threads,3794538595261199114,European Democratic Party,,"The announcement by US Secretary of State Marco Rubio that Thierry Breton and four other European citizens are “not welcome” in the United States is more than a diplomatic incident. It is a political signal – and a worrying one.
Europe’s digital rules, including the Digital Services Act, were approved by over 90% of the European Parliament in the last legislature and unanimously by all 27 Member States. They are democratic law. Defending them means defending European sovereignty.",threads,63678294014,europeandemocrats
[],2026-01-20T14:51:27.513900+07:00,"Hey guys!. In JECREC, jaipur there is going to be a MUN diplomacy, on 31 jan and 1 feb. So if you want friends, please message me. 

About me btw: 
 13
Girl
Dirty minded but perfect in front of teachers. 
Funny
Yapper but can be a listener also
Straight
Loves drama unless untill I am not into it

Let's be friends!",2026-01-14T00:27:03+07:00,,3809310527722773356,threads,threads.com,threads_crawler_v1,https://www.threads.net/@_i_just._exist/post/DTdY74MElts,https://instagram.fhan3-3.fna.fbcdn.net/v/t51.2885-19/613119426_17852956191605269_9123512814827063955_n.jpg?stp=dst-jpg_s150x150_tt6&efg=eyJ2ZW5jb2RlX3RhZyI6InByb2ZpbGVfcGljLmRqYW5nby41ODAuYzIifQ&_nc_ht=instagram.fhan3-3.fna.fbcdn.net&_nc_cat=101&_nc_oc=Q6cZ2QHXQob8KJJjhKDH4q9U3EScZlmu8yR7XRZTgqWnntmnIqrLSq6Ysjo5kJvkCYjbSns&_nc_ohc=GGA0jzMv988Q7kNvwEYm_TW&_nc_gid=lw6WfSN9-soISorZ8SwXmw&edm=AJhczIQBAAAA&ccb=7-5&oh=00_AfrJul0v_7h-f3PdwSXHaEThkafkvA5WvrpIuVr0DiPjgA&oe=69751091&_nc_sid=4a2096,5,0,4,0,0,[],,https://www.threads.net/@_i_just._exist/post/DTdY74MElts,[],"{'likes': 4, 'reposts': 0, 'quotes': 0}",threads,3809310527722773356,someone chaotic,,"Hey guys!. In JECREC, jaipur there is going to be a MUN diplomacy, on 31 jan and 1 feb. So if you want friends, please message me. 

About me btw: 
 13
Girl
Dirty minded but perfect in front of teachers. 
Funny
Yapper but can be a listener also
Straight
Loves drama unless untill I am not into it

Let's be friends!",threads,78209925268,_i_just._exist
[],2026-01-20T14:51:27.513958+07:00,"Trump is trying to sell Palestinian sovereignty for $1 billion per seat while Palestinians are still being bombed and starved under the so-called “ceasefire.”

This isn’t diplomacy, it’s profiteering off genocide. Australia better not touch this with a 10-foot pole.",2026-01-19T05:19:01+07:00,,3813081358089294747,threads,threads.com,threads_crawler_v1,https://www.threads.net/@davidshoebridge/post/DTqyUrok5Ob,https://instagram.fhan3-2.fna.fbcdn.net/v/t51.2885-19/357825622_1611839055991555_6046476778969100424_n.jpg?stp=dst-jpg_s150x150_tt6&efg=eyJ2ZW5jb2RlX3RhZyI6InByb2ZpbGVfcGljLmRqYW5nby42NTQuYzIifQ&_nc_ht=instagram.fhan3-2.fna.fbcdn.net&_nc_cat=107&_nc_oc=Q6cZ2QHXQob8KJJjhKDH4q9U3EScZlmu8yR7XRZTgqWnntmnIqrLSq6Ysjo5kJvkCYjbSns&_nc_ohc=nqp6l0i8GVQQ7kNvwHVjO0W&_nc_gid=lw6WfSN9-soISorZ8SwXmw&edm=AJhczIQBAAAA&ccb=7-5&oh=00_Afo-aphEterpVyxuwqh3gJ0iuWnmBC6c-zRQEo_HkkWwkQ&oe=69750B15&_nc_sid=4a2096,52,0,992,146,0,[],,https://www.threads.net/@davidshoebridge/post/DTqyUrok5Ob,[],"{'likes': 992, 'reposts': 141, 'quotes': 5}",threads,3813081358089294747,David Shoebridge,,"Trump is trying to sell Palestinian sovereignty for $1 billion per seat while Palestinians are still being bombed and starved under the so-called “ceasefire.”

This isn’t diplomacy, it’s profiteering off genocide. Australia better not touch this with a 10-foot pole.",threads,63663160373,davidshoebridge
[],2026-01-20T14:51:27.513988+07:00,"Russian President Vladimir Putin has alleged that 95% of global terrorist attacks are orchestrated by the U.S. Central Intelligence Agency (CIA). The claim, reported by Brics News, adds fuel to ongoing tensions surrounding intelligence operations and could further strain international diplomatic relations.

#Putin #Russia #CIA #Terrorism #GlobalNews #Brics #Geopolitics #Intelligence #Diplomacy #WorldNews #BreakingNews",2025-08-30T20:02:35+07:00,,3710607912579151449,threads,threads.com,threads_crawler_v1,https://www.threads.net/@observerdiplomatmag/post/DN-ujyiCLZZ,https://instagram.fhan3-4.fna.fbcdn.net/v/t51.2885-19/358385059_6571221322942816_8081785947465930083_n.jpg?stp=dst-jpg_s150x150_tt6&efg=eyJ2ZW5jb2RlX3RhZyI6InByb2ZpbGVfcGljLmRqYW5nby4zMjAuYzIifQ&_nc_ht=instagram.fhan3-4.fna.fbcdn.net&_nc_cat=104&_nc_oc=Q6cZ2QHXQob8KJJjhKDH4q9U3EScZlmu8yR7XRZTgqWnntmnIqrLSq6Ysjo5kJvkCYjbSns&_nc_ohc=HJmgZi3xvucQ7kNvwEDA2PQ&_nc_gid=lw6WfSN9-soISorZ8SwXmw&edm=AJhczIQBAAAA&ccb=7-5&oh=00_AfqPHacPyxlebAr7vQW4A10Ofgq9CxGCBVHxunw89B5pgg&oe=69750FC4&_nc_sid=4a2096,8,0,145,4,0,['https://instagram.fhan4-5.fna.fbcdn.net/v/t51.2885-15/539857697_17991778544834786_2757092204322188442_n.jpg?stp=dst-jpg_e35_tt6&efg=eyJ2ZW5jb2RlX3RhZyI6InRocmVhZHMuRkVFRC5pbWFnZV91cmxnZW4uMTA4MHgxMDgwLnNkci5mODI3ODcuZGVmYXVsdF9pbWFnZS5jMiJ9&_nc_ht=instagram.fhan4-5.fna.fbcdn.net&_nc_cat=102&_nc_oc=Q6cZ2QHXQob8KJJjhKDH4q9U3EScZlmu8yR7XRZTgqWnntmnIqrLSq6Ysjo5kJvkCYjbSns&_nc_ohc=3PV9EqzJtgAQ7kNvwHvG2UK&_nc_gid=lw6WfSN9-soISorZ8SwXmw&edm=AJhczIQBAAAA&ccb=7-5&ig_cache_key=MzcxMDYwNzkxMjU3OTE1MTQ0OQ%3D%3D.3-ccb7-5&oh=00_AfptCRz-zViTdUzPmB1wdQwYlBPIGLj1UK545L1Abka_SA&oe=6974F276&_nc_sid=4a2096'],,https://www.threads.net/@observerdiplomatmag/post/DN-ujyiCLZZ,[],"{'likes': 145, 'reposts': 4, 'quotes': 0}",threads,3710607912579151449,Observer Diplomat,,"Russian President Vladimir Putin has alleged that 95% of global terrorist attacks are orchestrated by the U.S. Central Intelligence Agency (CIA). The claim, reported by Brics News, adds fuel to ongoing tensions surrounding intelligence operations and could further strain international diplomatic relations.

#Putin #Russia #CIA #Terrorism #GlobalNews #Brics #Geopolitics #Intelligence #Diplomacy #WorldNews #BreakingNews",threads,63301236291,observerdiplomatmag
[],2026-01-20T14:51:27.514026+07:00,"If reports are true, Ukraine attacking Putin’s residence is a disastrous misread of power. You don’t drone a leader’s home and expect diplomacy after. This shift from battlefield war to fear tactics risks global sympathy—and sets Zelensky up for brutal blowback.",2025-12-30T00:01:52+07:00,,3798426214931632757,threads,threads.com,threads_crawler_v1,https://www.threads.net/@dsmasinde/post/DS2uIR-iBJ1,https://instagram.fhan3-3.fna.fbcdn.net/v/t51.2885-19/434661861_406577545406291_182914634674694371_n.jpg?stp=dst-jpg_s150x150_tt6&efg=eyJ2ZW5jb2RlX3RhZyI6InByb2ZpbGVfcGljLmRqYW5nby42NDMuYzIifQ&_nc_ht=instagram.fhan3-3.fna.fbcdn.net&_nc_cat=111&_nc_oc=Q6cZ2QHXQob8KJJjhKDH4q9U3EScZlmu8yR7XRZTgqWnntmnIqrLSq6Ysjo5kJvkCYjbSns&_nc_ohc=kYNsrv6SW4cQ7kNvwFiaUu_&_nc_gid=lw6WfSN9-soISorZ8SwXmw&edm=AJhczIQBAAAA&ccb=7-5&oh=00_Afq2iWz15BQ080wL0Mr9ZF4siJd6pmhtYncm0-ciuzYdBw&oe=69750092&_nc_sid=4a2096,602,0,366,14,0,['https://instagram.fhan4-1.fna.fbcdn.net/v/t51.2885-15/607234929_17933283534115577_2053145957313508894_n.webp?efg=eyJ2ZW5jb2RlX3RhZyI6InRocmVhZHMuRkVFRC5pbWFnZV91cmxnZW4uOTU5eDU0MC5zZHIuZjgyNzg3LmRlZmF1bHRfaW1hZ2UuYzIifQ&_nc_ht=instagram.fhan4-1.fna.fbcdn.net&_nc_cat=105&_nc_oc=Q6cZ2QHXQob8KJJjhKDH4q9U3EScZlmu8yR7XRZTgqWnntmnIqrLSq6Ysjo5kJvkCYjbSns&_nc_ohc=B2B0yYoULaIQ7kNvwH7PTpv&_nc_gid=lw6WfSN9-soISorZ8SwXmw&edm=AJhczIQBAAAA&ccb=7-5&ig_cache_key=Mzc5ODQyNjIxNDkzMTYzMjc1Nw%3D%3D.3-ccb7-5&oh=00_AfrOr3M64W1oM5QhgxXAegdhYFbgu09CqBB6eQAwHEjFeQ&oe=697506CE&_nc_sid=4a2096'],,https://www.threads.net/@dsmasinde/post/DS2uIR-iBJ1,[],"{'likes': 366, 'reposts': 12, 'quotes': 2}",threads,3798426214931632757,David Soita Masinde,,"If reports are true, Ukraine attacking Putin’s residence is a disastrous misread of power. You don’t drone a leader’s home and expect diplomacy after. This shift from battlefield war to fear tactics risks global sympathy—and sets Zelensky up for brutal blowback.",threads,63404923576,dsmasinde
[],2026-01-20T14:51:27.514058+07:00,"‼️ CHẮC GÌ BẠN ĐÃ BIẾT HẾT NHỮNG TỪ NÀY
1) diplomacy (n): ngoại giao.
2) sovereignty (n): chủ quyền.
3) belligerent (adj): hiếu chiến, gây chiến.
4) treaty (n): hiệp ước.
5) intervention (n): sự can thiệp.
6) hegemony (n): quyền bá chủ.
7) sanction (n/v): sự cấm vận, trừng phạt.
8) ratify (v): phê chuẩn, thông qua (hiệp ước).",2026-01-10T21:57:00+07:00,,3807060677933355707,threads,threads.com,threads_crawler_v1,https://www.threads.net/@luyuna_0511/post/DTVZYQSk1K7,https://instagram.fhan4-6.fna.fbcdn.net/v/t51.2885-19/588948395_17849003700609140_1966342582238456918_n.jpg?stp=dst-jpg_s150x150_tt6&efg=eyJ2ZW5jb2RlX3RhZyI6InByb2ZpbGVfcGljLmRqYW5nby4xMDgwLmMyIn0&_nc_ht=instagram.fhan4-6.fna.fbcdn.net&_nc_cat=108&_nc_oc=Q6cZ2QHXQob8KJJjhKDH4q9U3EScZlmu8yR7XRZTgqWnntmnIqrLSq6Ysjo5kJvkCYjbSns&_nc_ohc=lxAHoaat474Q7kNvwHsRBIb&_nc_gid=lw6WfSN9-soISorZ8SwXmw&edm=AJhczIQBAAAA&ccb=7-5&oh=00_AfroapAskAfdJgH2hgMP44w1RgcTcOXuKnGaIM-uG9SK_A&oe=69750B4E&_nc_sid=4a2096,2,0,654,100,0,[],,https://www.threads.net/@luyuna_0511/post/DTVZYQSk1K7,[],"{'likes': 654, 'reposts': 100, 'quotes': 0}",threads,3807060677933355707,Vũ Phương Nga,,"‼️ CHẮC GÌ BẠN ĐÃ BIẾT HẾT NHỮNG TỪ NÀY
1) diplomacy (n): ngoại giao.
2) sovereignty (n): chủ quyền.
3) belligerent (adj): hiếu chiến, gây chiến.
4) treaty (n): hiệp ước.
5) intervention (n): sự can thiệp.
6) hegemony (n): quyền bá chủ.
7) sanction (n/v): sự cấm vận, trừng phạt.
8) ratify (v): phê chuẩn, thông qua (hiệp ước).",threads,78241465139,luyuna_0511
[],2026-01-20T14:51:27.514107+07:00,"Học Global Studies mất 2 năm xong năm sau trường đẻ thêm cái ngành Diplomacy & International Studies, chẳng nhẽ t lại đổi ngành",2025-10-02T16:28:21+07:00,,3734417694214314938,threads,threads.com,threads_crawler_v1,https://www.threads.net/@hhanah0420/post/DPTURtqk9u6,https://instagram.fhan4-3.fna.fbcdn.net/v/t51.2885-19/605134367_17935663869112356_7653090192176040726_n.jpg?stp=dst-jpg_s150x150_tt6&efg=eyJ2ZW5jb2RlX3RhZyI6InByb2ZpbGVfcGljLmRqYW5nby4xMDgwLmMyIn0&_nc_ht=instagram.fhan4-3.fna.fbcdn.net&_nc_cat=100&_nc_oc=Q6cZ2QHXQob8KJJjhKDH4q9U3EScZlmu8yR7XRZTgqWnntmnIqrLSq6Ysjo5kJvkCYjbSns&_nc_ohc=wXQbyV8h688Q7kNvwFlEqO1&_nc_gid=lw6WfSN9-soISorZ8SwXmw&edm=AJhczIQBAAAA&ccb=7-5&oh=00_Afpg5px-ELUJIGkwUFtrby3k_26q3N2-rgMz-4fdycDJUg&oe=697519ED&_nc_sid=4a2096,12,0,50,1,0,[],,https://www.threads.net/@hhanah0420/post/DPTURtqk9u6,[],"{'likes': 50, 'reposts': 1, 'quotes': 0}",threads,3734417694214314938,Vũ Thanh Thanh Hiền,,"Học Global Studies mất 2 năm xong năm sau trường đẻ thêm cái ngành Diplomacy & International Studies, chẳng nhẽ t lại đổi ngành",threads,63502344355,hhanah0420
[],2026-01-20T14:51:27.514152+07:00,Cách Bộ sản phẩm “The Winter Diplomacy 2025” giúp mình sống sót tại DAV,2025-12-10T23:50:48+07:00,,3784649908663045643,threads,threads.com,threads_crawler_v1,https://www.threads.net/@_miumiu.102_/post/DSFxwo9E04L,https://instagram.fhan4-1.fna.fbcdn.net/v/t51.2885-19/598025655_17919946707213005_7282183093559666468_n.jpg?stp=dst-jpg_s150x150_tt6&efg=eyJ2ZW5jb2RlX3RhZyI6InByb2ZpbGVfcGljLmRqYW5nby4xMDgwLmMyIn0&_nc_ht=instagram.fhan4-1.fna.fbcdn.net&_nc_cat=105&_nc_oc=Q6cZ2QHXQob8KJJjhKDH4q9U3EScZlmu8yR7XRZTgqWnntmnIqrLSq6Ysjo5kJvkCYjbSns&_nc_ohc=D5qI0i5pZoAQ7kNvwHydGmS&_nc_gid=lw6WfSN9-soISorZ8SwXmw&edm=AJhczIQBAAAA&ccb=7-5&oh=00_AfrRpj43jz0ssb23_35eZDMJVL-dUkYqUyR_Jn7TP8wxZQ&oe=6974FF45&_nc_sid=4a2096,7,0,19,0,0,['https://instagram.fhan4-1.fna.fbcdn.net/v/t51.2885-15/598233191_17919905172213005_3939082758733164030_n.jpg?stp=dst-jpg_e35_tt6&efg=eyJ2ZW5jb2RlX3RhZyI6InRocmVhZHMuQ0FST1VTRUxfSVRFTS5pbWFnZV91cmxnZW4uMTIxNXgyMTYwLnNkci5mODI3ODcuZGVmYXVsdF9pbWFnZS5jMiJ9&_nc_ht=instagram.fhan4-1.fna.fbcdn.net&_nc_cat=105&_nc_oc=Q6cZ2QHXQob8KJJjhKDH4q9U3EScZlmu8yR7XRZTgqWnntmnIqrLSq6Ysjo5kJvkCYjbSns&_nc_ohc=fE15yRZm3QkQ7kNvwHI9UJI&_nc_gid=lw6WfSN9-soISorZ8SwXmw&edm=AJhczIQBAAAA&ccb=7-5&ig_cache_key=Mzc4NDY0OTkwMjc3NDI4MzQyOA%3D%3D.3-ccb7-5&oh=00_AfozgTqkWnFyAWpW6b2ulv-bBFRCf0UKlv_bKVV5I8SFAg&oe=697504E9&_nc_sid=4a2096'],,https://www.threads.net/@_miumiu.102_/post/DSFxwo9E04L,[],"{'likes': 19, 'reposts': 0, 'quotes': 0}",threads,3784649908663045643,Miuchinh,,Cách Bộ sản phẩm “The Winter Diplomacy 2025” giúp mình sống sót tại DAV,threads,66296453004,_miumiu.102_
[],2026-01-20T14:51:27.514194+07:00,"Tổ chức của mình sẽ có 1 buổi thăm ĐSQ Vương Quốc Bahrain ở Tokyo vào thứ ba tuần tới. Ngôn ngữ sử dụng là tiếng Anh/Nhật. Nếu có hứng thú với Bahrain, international relations hay climate/environmental diplomacy thì các bạn có thể nhắn mình/comment bên dưới mình gửi chi tiết và link đăng ký nha",2025-11-19T10:58:05+07:00,,3769040697627182587,threads,threads.com,threads_crawler_v1,https://www.threads.net/@hihidorothie/post/DROUouWDwX7,https://instagram.fhan4-6.fna.fbcdn.net/v/t51.2885-19/434987040_434865768998828_1933640673511159691_n.jpg?stp=dst-jpg_s150x150_tt6&efg=eyJ2ZW5jb2RlX3RhZyI6InByb2ZpbGVfcGljLmRqYW5nby4xMDgwLmMyIn0&_nc_ht=instagram.fhan4-6.fna.fbcdn.net&_nc_cat=108&_nc_oc=Q6cZ2QHXQob8KJJjhKDH4q9U3EScZlmu8yR7XRZTgqWnntmnIqrLSq6Ysjo5kJvkCYjbSns&_nc_ohc=PxT6TCuHVDcQ7kNvwFcSLRC&_nc_gid=lw6WfSN9-soISorZ8SwXmw&edm=AJhczIQBAAAA&ccb=7-5&oh=00_Afo5zfc9NCQmsBX5_DKzaWTGS7dhHGbFcUv1Xh4-ZtQRfw&oe=6974EB8D&_nc_sid=4a2096,6,0,24,0,0,[],,https://www.threads.net/@hihidorothie/post/DROUouWDwX7,[],"{'likes': 24, 'reposts': 0, 'quotes': 0}",threads,3769040697627182587,Hihi Dorothie,du hoc sinh nhat,"Tổ chức của mình sẽ có 1 buổi thăm ĐSQ Vương Quốc Bahrain ở Tokyo vào thứ ba tuần tới. Ngôn ngữ sử dụng là tiếng Anh/Nhật. Nếu có hứng thú với Bahrain, international relations hay climate/environmental diplomacy thì các bạn có thể nhắn mình/comment bên dưới mình gửi chi tiết và link đăng ký nha",threads,65649211731,hihidorothie
[],2026-01-20T14:51:27.514257+07:00,"📌 Nhật ký biên dịch - D40

1. Đối ngoại Đảng: Party Diplomacy
2. Hội nghị sơ kết 6 tháng đầu năm: mid-year review conference
3. Công nghiệp chế biến: processing industry
4. Giá trị gia tăng: added value
5. Khảo sát thực địa: field survey 
6. Được nâng tầm: grow in substance
7. Là điểm sáng: stand out
8. Đạt được kết quả: yield results
9. Theo hình thức cá nhân: on an individual basis",2025-09-29T20:02:29+07:00,,3732351140794351334,threads,threads.com,threads_crawler_v1,https://www.threads.net/@heyyachuu/post/DPL-ZZ0Ej7m,https://instagram.fhan3-3.fna.fbcdn.net/v/t51.2885-19/481597210_1430656957913113_6220893387493041730_n.jpg?stp=dst-jpg_s150x150_tt6&efg=eyJ2ZW5jb2RlX3RhZyI6InByb2ZpbGVfcGljLmRqYW5nby4xMDgwLmMyIn0&_nc_ht=instagram.fhan3-3.fna.fbcdn.net&_nc_cat=101&_nc_oc=Q6cZ2QHXQob8KJJjhKDH4q9U3EScZlmu8yR7XRZTgqWnntmnIqrLSq6Ysjo5kJvkCYjbSns&_nc_ohc=eF2wq1bqMTIQ7kNvwEpbV2t&_nc_gid=lw6WfSN9-soISorZ8SwXmw&edm=AJhczIQBAAAA&ccb=7-5&oh=00_AfqTExm47fPMCsEqEF0SdtxblHRtF4URZl9sfw5aJ_ocIg&oe=6974FD24&_nc_sid=4a2096,2,0,838,101,0,[],,https://www.threads.net/@heyyachuu/post/DPL-ZZ0Ej7m,[],"{'likes': 838, 'reposts': 101, 'quotes': 0}",threads,3732351140794351334,Kha,,"📌 Nhật ký biên dịch - D40

1. Đối ngoại Đảng: Party Diplomacy
2. Hội nghị sơ kết 6 tháng đầu năm: mid-year review conference
3. Công nghiệp chế biến: processing industry
4. Giá trị gia tăng: added value
5. Khảo sát thực địa: field survey 
6. Được nâng tầm: grow in substance
7. Là điểm sáng: stand out
8. Đạt được kết quả: yield results
9. Theo hình thức cá nhân: on an individual basis",threads,63233895775,heyyachuu
[],2026-01-20T14:51:27.514304+07:00,"Trump threatening nations and telling India to “make him happy” is not diplomacy, it’s bullying.
Shameful silence from India’s opposition—busy attacking Modi ji instead of defending India’s sovereignty.
Time for Indians to unite and stand with Modi ji.
India is not subordinate. 🇮🇳",2026-01-06T09:57:25+07:00,,3803799399692868794,threads,threads.com,threads_crawler_v1,https://www.threads.net/@san63pat/post/DTJz2aPiZy6,https://instagram.fhan4-3.fna.fbcdn.net/v/t51.2885-19/367993524_1707407756348974_5936435046016705506_n.jpg?stp=dst-jpg_s150x150_tt6&efg=eyJ2ZW5jb2RlX3RhZyI6InByb2ZpbGVfcGljLmRqYW5nby43MjcuYzIifQ&_nc_ht=instagram.fhan4-3.fna.fbcdn.net&_nc_cat=110&_nc_oc=Q6cZ2QHXQob8KJJjhKDH4q9U3EScZlmu8yR7XRZTgqWnntmnIqrLSq6Ysjo5kJvkCYjbSns&_nc_ohc=5rRzKlWmvbMQ7kNvwGycgZe&_nc_gid=lw6WfSN9-soISorZ8SwXmw&edm=AJhczIQBAAAA&ccb=7-5&oh=00_AfpKVSCSlExlVLtFDlUZ2tWdHpJn8zmH92TmhTXMkjKeDw&oe=6974E9AC&_nc_sid=4a2096,703,0,5213,125,0,['https://instagram.fhan3-3.fna.fbcdn.net/v/t51.2885-15/610431165_17933843394119579_3220264526104135849_n.webp?efg=eyJ2ZW5jb2RlX3RhZyI6InRocmVhZHMuRkVFRC5pbWFnZV91cmxnZW4uMTAyNHgxNTM2LnNkci5mODI3ODcuZGVmYXVsdF9pbWFnZS5jMiJ9&_nc_ht=instagram.fhan3-3.fna.fbcdn.net&_nc_cat=111&_nc_oc=Q6cZ2QHXQob8KJJjhKDH4q9U3EScZlmu8yR7XRZTgqWnntmnIqrLSq6Ysjo5kJvkCYjbSns&_nc_ohc=CCHDYeASkyUQ7kNvwFBlfBd&_nc_gid=lw6WfSN9-soISorZ8SwXmw&edm=AJhczIQBAAAA&ccb=7-5&ig_cache_key=MzgwMzc5OTM5OTY5Mjg2ODc5NA%3D%3D.3-ccb7-5&oh=00_AfrXjfWSD_A1VU8PtgF95aSsAxyhe8gQ_58mtyDYeYDTIA&oe=6974F02A&_nc_sid=4a2096'],,https://www.threads.net/@san63pat/post/DTJz2aPiZy6,[],"{'likes': 5213, 'reposts': 114, 'quotes': 11}",threads,3803799399692868794,Sanjay Patankar,,"Trump threatening nations and telling India to “make him happy” is not diplomacy, it’s bullying.
Shameful silence from India’s opposition—busy attacking Modi ji instead of defending India’s sovereignty.
Time for Indians to unite and stand with Modi ji.
India is not subordinate. 🇮🇳",threads,63380519578,san63pat
[],2026-01-20T14:51:27.514351+07:00,This might be my favourite Diaper Diplomacy episode yet.,2025-10-01T15:42:40+07:00,,3733668876740602881,threads,threads.com,threads_crawler_v1,https://www.threads.net/@writtenbymeaghan/post/DPQqA_DDiwB,https://instagram.fhan4-1.fna.fbcdn.net/v/t51.2885-19/452381417_1214334826658033_3848834352357912203_n.jpg?stp=dst-jpg_s150x150_tt6&efg=eyJ2ZW5jb2RlX3RhZyI6InByb2ZpbGVfcGljLmRqYW5nby4xMDgwLmMyIn0&_nc_ht=instagram.fhan4-1.fna.fbcdn.net&_nc_cat=105&_nc_oc=Q6cZ2QH5LrGq379-7F7op1ChcEWZay5ThBviJk8PBQQWq6DgLgXMPQpsT8Mb3pNrpRoAtRY&_nc_ohc=NFoN4vdqXf4Q7kNvwGDAhtD&_nc_gid=tQahpJLh-6utkKEzhJCZxg&edm=AJhczIQBAAAA&ccb=7-5&oh=00_AfogfMoipOdWYc9YLijJuHwJCb7kq7Qj3EF8HQFffK3xNw&oe=69751587&_nc_sid=4a2096,1643,0,20037,3517,0,"['https://instagram.fhan4-5.fna.fbcdn.net/v/t51.2885-15/557442078_1524034752372303_5313237897807777277_n.jpg?stp=dst-jpg_e15_tt6&efg=eyJ2ZW5jb2RlX3RhZyI6InRocmVhZHMuRkVFRC5pbWFnZV91cmxnZW4uNjQweDM1Ni5zZHIuZjcxODc4LmRlZmF1bHRfY292ZXJfZnJhbWUuYzIifQ&_nc_ht=instagram.fhan4-5.fna.fbcdn.net&_nc_cat=103&_nc_oc=Q6cZ2QH5LrGq379-7F7op1ChcEWZay5ThBviJk8PBQQWq6DgLgXMPQpsT8Mb3pNrpRoAtRY&_nc_ohc=X8huRQprKMwQ7kNvwEh1ioV&_nc_gid=tQahpJLh-6utkKEzhJCZxg&edm=AJhczIQBAAAA&ccb=7-5&ig_cache_key=MzczMzY2ODg3Njc0MDYwMjg4MQ%3D%3D.3-ccb7-5&oh=00_AfrmC1VTbQtktQRRm129UPZBrY6JOR8Plazr_muFA34Ydg&oe=6974EEF8&_nc_sid=4a2096', 'https://instagram.fhan3-2.fna.fbcdn.net/o1/v/t16/f2/m84/AQNQJSzUMqG2X6D-B2sF5RkRnlh_Dhcsu12zo5hWdrMsN0UWAGUcKzlUPoxFowazgJDnH3vo0Fmv2BwcZGAbXna8IOFgwBGLS03R6-c.mp4?_nc_cat=107&_nc_oc=AdnLZNSDVx3mjwVFjMC6xis2qCKF6-72oUkG7OU83JSADpLQvVESV4mTnu1gRCqW3S0&_nc_sid=5e9851&_nc_ht=instagram.fhan3-2.fna.fbcdn.net&_nc_ohc=fuf-f_KBqNEQ7kNvwFsD1kg&efg=eyJ2ZW5jb2RlX3RhZyI6Inhwdl9wcm9ncmVzc2l2ZS5JTlNUQUdSQU0uRkVFRC5DMy44ODQuZGFzaF9iYXNlbGluZV8xX3YxIiwieHB2X2Fzc2V0X2lkIjoxMTUzOTAxOTMzMjk5MjM5LCJhc3NldF9hZ2VfZGF5cyI6MTEwLCJ2aV91c2VjYXNlX2lkIjoxMDE2NCwiZHVyYXRpb25fcyI6MTQ2LCJ1cmxnZW5fc291cmNlIjoid3d3In0%3D&ccb=17-1&_nc_gid=tQahpJLh-6utkKEzhJCZxg&_nc_zt=28&vs=23d8f7e2bfaff88d&_nc_vs=HBksFQIYTGlnX2JhY2tmaWxsX3RpbWVsaW5lX3ZvZC9BMzQ5OTY4Mzg2MjIxMDM0MDE5MDIzQTc0NkM1MUU4OF92aWRlb19kYXNoaW5pdC5tcDQVAALIARIAFQIYOnBhc3N0aHJvdWdoX2V2ZXJzdG9yZS9HUEw3UVNHUGxBclRqSlFDQUFLV1FGUlRQREIyYmtZTEFBQUYVAgLIARIAKAAYABsCiAd1c2Vfb2lsATEScHJvZ3Jlc3NpdmVfcmVjaXBlATEVAAAmzpi4rffdjAQVAigCQzMsF0BiUzMzMzMzGBJkYXNoX2Jhc2VsaW5lXzFfdjERAHXqB2XongEA&oh=00_AfoCNEhaaCp_JYbSYv8TuCue3JpH8XEzc-6RKg2Hhew2Sg&oe=697128FD']",,https://www.threads.net/@writtenbymeaghan/post/DPQqA_DDiwB,[],"{'likes': 20037, 'reposts': 3127, 'quotes': 390}",threads,3733668876740602881,Meaghan Wilson Anastasios,,This might be my favourite Diaper Diplomacy episode yet.,threads,67640059710,writtenbymeaghan
[],2026-01-20T14:51:27.514392+07:00,People need to understand that flashy reels and airport spectacles are not diplomacy.,2026-01-11T20:00:12+07:00,,3807726665905135246,threads,threads.com,threads_crawler_v1,https://www.threads.net/@aniltiwari69/post/DTXwzp7Dt6O,https://instagram.fhan4-1.fna.fbcdn.net/v/t51.2885-19/470910179_504293918732513_7146916217065778870_n.jpg?stp=dst-jpg_s150x150_tt6&efg=eyJ2ZW5jb2RlX3RhZyI6InByb2ZpbGVfcGljLmRqYW5nby4yMTIuYzIifQ&_nc_ht=instagram.fhan4-1.fna.fbcdn.net&_nc_cat=105&_nc_oc=Q6cZ2QH5LrGq379-7F7op1ChcEWZay5ThBviJk8PBQQWq6DgLgXMPQpsT8Mb3pNrpRoAtRY&_nc_ohc=I2HJVGB00NcQ7kNvwEbBklL&_nc_gid=tQahpJLh-6utkKEzhJCZxg&edm=AJhczIQBAAAA&ccb=7-5&oh=00_AfreETlexh_6-xytnGuq-xo9DFekWK6j17F8RwQLn9uOjw&oe=6974EDC9&_nc_sid=4a2096,91,0,525,50,0,['https://instagram.fhan4-5.fna.fbcdn.net/v/t39.30808-6/613933382_3257633331079203_5728288209589195365_n.jpg?stp=dst-jpg_e35_tt6&efg=eyJ2ZW5jb2RlX3RhZyI6InRocmVhZHMuRkVFRC5pbWFnZV91cmxnZW4uMTIwMHgxNTAwLnNkci5mMzA4MDguZGVmYXVsdF9pbWFnZS5jMiJ9&_nc_ht=instagram.fhan4-5.fna.fbcdn.net&_nc_cat=103&_nc_oc=Q6cZ2QH5LrGq379-7F7op1ChcEWZay5ThBviJk8PBQQWq6DgLgXMPQpsT8Mb3pNrpRoAtRY&_nc_ohc=d6yZnQJrmf0Q7kNvwFI80CO&_nc_gid=tQahpJLh-6utkKEzhJCZxg&edm=AJhczIQAAAAA&ccb=7-5&ig_cache_key=MzgwNzcyNjY2NTkwNTEzNTI0Ng%3D%3D.3-ccb7-5&oh=00_Afo92aYqR4zJVB0d-QbGHqwozTxPjGP2rgGghv9QbZMdNA&oe=6974F21E&_nc_sid=4a2096'],,https://www.threads.net/@aniltiwari69/post/DTXwzp7Dt6O,[],"{'likes': 525, 'reposts': 46, 'quotes': 4}",threads,3807726665905135246,Anil Tiwari,,People need to understand that flashy reels and airport spectacles are not diplomacy.,threads,71796272092,aniltiwari69
[],2026-01-20T14:51:27.514436+07:00,"Global power dynamics are shifting fast.🌍⚡When major nations push back, the world watches closely.

#BreakingNews #WorldPolitics #GlobalAffairs #Geopolitics #International Relations

PowerPolitics GlobalNews PoliticalUpdate WorldOrder Diplomacy NewsUpdate",2026-01-07T13:17:35+07:00,,3804624916037369012,threads,threads.com,threads_crawler_v1,https://www.threads.net/@marketadvisor_/post/DTMvjQQAfy0,https://instagram.fhan4-3.fna.fbcdn.net/v/t51.2885-19/591164134_17842975182626758_665155129771663737_n.jpg?stp=dst-jpg_s150x150_tt6&efg=eyJ2ZW5jb2RlX3RhZyI6InByb2ZpbGVfcGljLmRqYW5nby4xMDgwLmMyIn0&_nc_ht=instagram.fhan4-3.fna.fbcdn.net&_nc_cat=110&_nc_oc=Q6cZ2QH5LrGq379-7F7op1ChcEWZay5ThBviJk8PBQQWq6DgLgXMPQpsT8Mb3pNrpRoAtRY&_nc_ohc=W5UZNuJBV9cQ7kNvwELc4G2&_nc_gid=tQahpJLh-6utkKEzhJCZxg&edm=AJhczIQBAAAA&ccb=7-5&oh=00_AfqP-MU3F_2dXr0fLjl4rDqJtIHfsnU19isKBkU2gsyMTw&oe=6974F19A&_nc_sid=4a2096,48,0,846,31,0,['https://instagram.fhan3-3.fna.fbcdn.net/v/t51.2885-15/609215488_17920155414232741_8000845777772315049_n.webp?efg=eyJ2ZW5jb2RlX3RhZyI6InRocmVhZHMuRkVFRC5pbWFnZV91cmxnZW4uMTIyOXgxNDQwLnNkci5mODI3ODcuZGVmYXVsdF9pbWFnZS5jMiJ9&_nc_ht=instagram.fhan3-3.fna.fbcdn.net&_nc_cat=101&_nc_oc=Q6cZ2QH5LrGq379-7F7op1ChcEWZay5ThBviJk8PBQQWq6DgLgXMPQpsT8Mb3pNrpRoAtRY&_nc_ohc=wg-uoOcHHfgQ7kNvwGWwbMz&_nc_gid=tQahpJLh-6utkKEzhJCZxg&edm=AJhczIQBAAAA&ccb=7-5&ig_cache_key=MzgwNDYyNDkxNjAzNzM2OTAxMg%3D%3D.3-ccb7-5&oh=00_Afoorw2RyOM987xp09I61VsOr59GEKYXxr-tXyNdR2dXgg&oe=6974EFEE&_nc_sid=4a2096'],,https://www.threads.net/@marketadvisor_/post/DTMvjQQAfy0,[],"{'likes': 846, 'reposts': 28, 'quotes': 3}",threads,3804624916037369012,Share | Mutual fund | Finance,,"Global power dynamics are shifting fast.🌍⚡When major nations push back, the world watches closely.

#BreakingNews #WorldPolitics #GlobalAffairs #Geopolitics #International Relations

PowerPolitics GlobalNews PoliticalUpdate WorldOrder Diplomacy NewsUpdate",threads,78728858757,marketadvisor_
[],2026-01-20T14:51:27.514477+07:00,"Maria Corina Machado handing over the peace prize to Trump shows that she is endorsing his fascist takeover of the United States by deeming him worthy of the (hand-me-down) honor.
This will be remembered as one of the most perverse charades of diplomacy in history. 

Have some self respect. And iron your shirt.",2026-01-16T09:24:48+07:00,,3811030738125812718,threads,threads.com,threads_crawler_v1,https://www.threads.net/@flowersintheflesh/post/DTjgEO-FXPu,https://instagram.fhan4-5.fna.fbcdn.net/v/t51.2885-19/454615756_867548641455447_3914957455296011792_n.jpg?stp=dst-jpg_s150x150_tt6&efg=eyJ2ZW5jb2RlX3RhZyI6InByb2ZpbGVfcGljLmRqYW5nby4xMDgwLmMyIn0&_nc_ht=instagram.fhan4-5.fna.fbcdn.net&_nc_cat=103&_nc_oc=Q6cZ2QH5LrGq379-7F7op1ChcEWZay5ThBviJk8PBQQWq6DgLgXMPQpsT8Mb3pNrpRoAtRY&_nc_ohc=x30o7W9FYy0Q7kNvwGpxt8r&_nc_gid=tQahpJLh-6utkKEzhJCZxg&edm=AJhczIQBAAAA&ccb=7-5&oh=00_AfrV1aM6ZttBQCUEmEve3s-saDOur8opH5yBug4q2fs0Zg&oe=69750B65&_nc_sid=4a2096,30,0,94,9,0,['https://instagram.fhan3-3.fna.fbcdn.net/v/t51.2885-15/588709087_17924275890209111_3360865668795920573_n.jpg?stp=cp6_dst-jpg_e35_tt6&efg=eyJ2ZW5jb2RlX3RhZyI6InRocmVhZHMuRkVFRC5pbWFnZV91cmxnZW4uNzUweDYyNC5zZHIuZjgyNzg3LmRlZmF1bHRfaW1hZ2UuYzIifQ&_nc_ht=instagram.fhan3-3.fna.fbcdn.net&_nc_cat=111&_nc_oc=Q6cZ2QH5LrGq379-7F7op1ChcEWZay5ThBviJk8PBQQWq6DgLgXMPQpsT8Mb3pNrpRoAtRY&_nc_ohc=zXl7Vj62GkAQ7kNvwGVo5Oi&_nc_gid=tQahpJLh-6utkKEzhJCZxg&edm=AJhczIQBAAAA&ccb=7-5&ig_cache_key=MzgxMTAzMDczODEyNTgxMjcxOA%3D%3D.3-ccb7-5&oh=00_AfogWNZ9ZRETBGyS61u_mpeT5v4u7ZJax7caWw92gsHeVg&oe=6974F231&_nc_sid=4a2096'],,https://www.threads.net/@flowersintheflesh/post/DTjgEO-FXPu,[],"{'likes': 94, 'reposts': 6, 'quotes': 3}",threads,3811030738125812718,Kimberly,,"Maria Corina Machado handing over the peace prize to Trump shows that she is endorsing his fascist takeover of the United States by deeming him worthy of the (hand-me-down) honor.
This will be remembered as one of the most perverse charades of diplomacy in history. 

Have some self respect. And iron your shirt.",threads,66295169110,flowersintheflesh
[],2026-01-20T14:51:27.514526+07:00,"Atmakaraka series:

VENUS

1. Soul’s Evolution Through Love, Beauty & Creativity, aesthetics, & artistic expression like painting, music, design, fashion, or any creative pursuit are central.
2. Relationships serve as Catalysts:
Partnerships aren’t optional but essential. They are about so much giving & receiving love even if Venus is afflicted or weak.
3. Negotiation, diplomacy, harmony are major growth areas indicating a potential career guiding others in relationships. Don’t overdo however.",2025-06-20T23:19:54+07:00,,3659248151040971370,threads,threads.com,threads_crawler_v1,https://www.threads.net/@astroscience_world/post/DLIQs5LzVJq,https://instagram.fhan3-4.fna.fbcdn.net/v/t51.2885-19/503033277_17845411203495160_1562670446290239945_n.jpg?stp=dst-jpg_s150x150_tt6&efg=eyJ2ZW5jb2RlX3RhZyI6InByb2ZpbGVfcGljLmRqYW5nby4xMDgwLmMyIn0&_nc_ht=instagram.fhan3-4.fna.fbcdn.net&_nc_cat=104&_nc_oc=Q6cZ2QH5LrGq379-7F7op1ChcEWZay5ThBviJk8PBQQWq6DgLgXMPQpsT8Mb3pNrpRoAtRY&_nc_ohc=TcgPSWsvYEoQ7kNvwER3AEJ&_nc_gid=tQahpJLh-6utkKEzhJCZxg&edm=AJhczIQBAAAA&ccb=7-5&oh=00_Afo9XJ6-f4ys0Rx4vYhG4Sz70eU3ZinJpIqeyhAA0bHlKQ&oe=69750F50&_nc_sid=4a2096,3,0,20,1,0,[],,https://www.threads.net/@astroscience_world/post/DLIQs5LzVJq,[],"{'likes': 20, 'reposts': 1, 'quotes': 0}",threads,3659248151040971370,AstroScience,,"Atmakaraka series:

VENUS

1. Soul’s Evolution Through Love, Beauty & Creativity, aesthetics, & artistic expression like painting, music, design, fashion, or any creative pursuit are central.
2. Relationships serve as Catalysts:
Partnerships aren’t optional but essential. They are about so much giving & receiving love even if Venus is afflicted or weak.
3. Negotiation, diplomacy, harmony are major growth areas indicating a potential career guiding others in relationships. Don’t overdo however.",threads,74971619656,astroscience_world
[],2026-01-20T14:51:27.514572+07:00,"JD Vance just admitted the quiet part out loud.

He confirmed on camera that Jared Kushner—who holds no official government role—is ""the investor"" behind their Middle East peace plans.

They aren't conducting diplomacy. They are closing a family business deal.",2025-12-29T13:55:32+07:00,,3798120506038501243,threads,threads.com,threads_crawler_v1,https://www.threads.net/@beingliberal/post/DS1onoYjT97,https://instagram.fhan3-3.fna.fbcdn.net/v/t51.2885-19/524328149_17915777040119040_8699361297172719242_n.jpg?stp=dst-jpg_s150x150_tt6&efg=eyJ2ZW5jb2RlX3RhZyI6InByb2ZpbGVfcGljLmRqYW5nby4zMjAuYzIifQ&_nc_ht=instagram.fhan3-3.fna.fbcdn.net&_nc_cat=1&_nc_oc=Q6cZ2QH5LrGq379-7F7op1ChcEWZay5ThBviJk8PBQQWq6DgLgXMPQpsT8Mb3pNrpRoAtRY&_nc_ohc=PlHpizLsXGoQ7kNvwHBGRnK&_nc_gid=tQahpJLh-6utkKEzhJCZxg&edm=AJhczIQBAAAA&ccb=7-5&oh=00_Afp-hJcPo0ht_G2YKArLMqOxAtbFDeMx6nQoZ9Bo_dpuow&oe=69750B62&_nc_sid=4a2096,159,0,11193,1302,0,[],,https://www.threads.net/@beingliberal/post/DS1onoYjT97,[],"{'likes': 11193, 'reposts': 1259, 'quotes': 43}",threads,3798120506038501243,Being Liberal ®,,"JD Vance just admitted the quiet part out loud.

He confirmed on camera that Jared Kushner—who holds no official government role—is ""the investor"" behind their Middle East peace plans.

They aren't conducting diplomacy. They are closing a family business deal.",threads,63448031039,beingliberal
[],2026-01-20T14:51:27.514686+07:00,"Sorry to say, @chedetofficial.
DSAI shows stronger diplomacy and leadership than you.
I feel sorry you need to witness this. You should not have to.",2025-10-31T11:32:54+07:00,,3755287478140670384,threads,threads.com,threads_crawler_v1,https://www.threads.net/@zarfeykasim/post/DQddhCkDBGw,https://instagram.fhan3-3.fna.fbcdn.net/v/t51.2885-19/606021673_17937819360103823_3388365152869614236_n.jpg?stp=dst-jpg_s150x150_tt6&efg=eyJ2ZW5jb2RlX3RhZyI6InByb2ZpbGVfcGljLmRqYW5nby4xMDI0LmMyIn0&_nc_ht=instagram.fhan3-3.fna.fbcdn.net&_nc_cat=111&_nc_oc=Q6cZ2QH5LrGq379-7F7op1ChcEWZay5ThBviJk8PBQQWq6DgLgXMPQpsT8Mb3pNrpRoAtRY&_nc_ohc=8Kyw8BCZs8AQ7kNvwGruecl&_nc_gid=tQahpJLh-6utkKEzhJCZxg&edm=AJhczIQBAAAA&ccb=7-5&oh=00_AfpzccrBsHp86MhRm0qSI194-97UGVZWmYsgOsxIm3dXfw&oe=6974EC4F&_nc_sid=4a2096,523,0,2883,235,0,[],,https://www.threads.net/@zarfeykasim/post/DQddhCkDBGw,[],"{'likes': 2883, 'reposts': 222, 'quotes': 13}",threads,3755287478140670384,Zeg Ryan,,"Sorry to say, @chedetofficial.
DSAI shows stronger diplomacy and leadership than you.
I feel sorry you need to witness this. You should not have to.",threads,63044575822,zarfeykasim
[],2026-01-20T14:51:27.514734+07:00,"Joking is one of the ways of diplomacy.. 
Not many top national leaders possess the skill of humor in bilateral relations.. 
Our leader has that skill🫵☺️

Boss Nvidia.. 
PMX ❌
PMAI✅",2025-11-01T11:57:36+07:00,,3756019156908147316,threads,threads.com,threads_crawler_v1,https://www.threads.net/@aznee.co/post/DQgD4XhEoJ0,https://instagram.fhan3-3.fna.fbcdn.net/v/t51.2885-19/588645920_17902681056319199_5679410527993044893_n.jpg?stp=dst-jpg_s150x150_tt6&efg=eyJ2ZW5jb2RlX3RhZyI6InByb2ZpbGVfcGljLmRqYW5nby4xMDgwLmMyIn0&_nc_ht=instagram.fhan3-3.fna.fbcdn.net&_nc_cat=111&_nc_oc=Q6cZ2QH5LrGq379-7F7op1ChcEWZay5ThBviJk8PBQQWq6DgLgXMPQpsT8Mb3pNrpRoAtRY&_nc_ohc=-tjdBZWnExsQ7kNvwFA2-zI&_nc_gid=tQahpJLh-6utkKEzhJCZxg&edm=AJhczIQBAAAA&ccb=7-5&oh=00_AfoHsrWeO1P-QsTgZGak41uyRe6X-vsQesabwj68QDiuSQ&oe=6974EF0E&_nc_sid=4a2096,125,0,5187,667,0,"['https://instagram.fhan4-6.fna.fbcdn.net/v/t51.2885-15/572505270_801376006050921_1404216999065469329_n.jpg?stp=dst-jpg_e15_tt6&efg=eyJ2ZW5jb2RlX3RhZyI6InRocmVhZHMuRkVFRC5pbWFnZV91cmxnZW4uNjQweDM2OC5zZHIuZjcxODc4LmRlZmF1bHRfY292ZXJfZnJhbWUuYzIifQ&_nc_ht=instagram.fhan4-6.fna.fbcdn.net&_nc_cat=109&_nc_oc=Q6cZ2QH5LrGq379-7F7op1ChcEWZay5ThBviJk8PBQQWq6DgLgXMPQpsT8Mb3pNrpRoAtRY&_nc_ohc=lwQf5xJQshsQ7kNvwH4EzFV&_nc_gid=tQahpJLh-6utkKEzhJCZxg&edm=AJhczIQBAAAA&ccb=7-5&ig_cache_key=Mzc1NjAxOTE1NjkwODE0NzMxNg%3D%3D.3-ccb7-5&oh=00_AfrD1ZSRwUqRHOMaJl58LZN14FgiO1L1nnv3xodoNTu5gQ&oe=69750CD0&_nc_sid=4a2096', 'https://instagram.fhan4-5.fna.fbcdn.net/o1/v/t16/f2/m84/AQOuqIEAvA1IQAFqPyLfSkbk8ZZXnGfO1QcGIWLyERfSpIGPLice1vc_U5yBMkzQlU5HK7g66Op_yh3yHEi0QtfiQ8qAXMJPVo0LP1Y.mp4?_nc_cat=103&_nc_oc=AdlH-Olt5IuaXAVidaTk4WpbCNkWIBl4hXUwJM53w_vrdPlwStY-P1GQi6p8h3D6yd8&_nc_sid=5e9851&_nc_ht=instagram.fhan4-5.fna.fbcdn.net&_nc_ohc=CqdZrIcNmpgQ7kNvwEE3PnQ&efg=eyJ2ZW5jb2RlX3RhZyI6Inhwdl9wcm9ncmVzc2l2ZS5JTlNUQUdSQU0uRkVFRC5DMy4xMjUyLmRhc2hfYmFzZWxpbmVfMV92MSIsInhwdl9hc3NldF9pZCI6MTE1MTU1ODA5MzE3OTM0NiwiYXNzZXRfYWdlX2RheXMiOjgwLCJ2aV91c2VjYXNlX2lkIjoxMDE2NCwiZHVyYXRpb25fcyI6MzYsInVybGdlbl9zb3VyY2UiOiJ3d3cifQ%3D%3D&ccb=17-1&_nc_gid=tQahpJLh-6utkKEzhJCZxg&_nc_zt=28&vs=c38778fd57a41491&_nc_vs=HBksFQIYTGlnX2JhY2tmaWxsX3RpbWVsaW5lX3ZvZC8zMjQ5MkFGNTYwRkUyQTBDQjE5ODQ4MjEyRkRBMTU5NV92aWRlb19kYXNoaW5pdC5tcDQVAALIARIAFQIYOnBhc3N0aHJvdWdoX2V2ZXJzdG9yZS9HSDktR3lMUXlGM3k5YVVDQUk2dTRtS01YMUlOYnNwVEFRQUYVAgLIARIAKAAYABsCiAd1c2Vfb2lsATEScHJvZ3Jlc3NpdmVfcmVjaXBlATEVAAAmpKeoscDViwQVAigCQzMsF0BCMzMzMzMzGBJkYXNoX2Jhc2VsaW5lXzFfdjERAHXqB2XongEA&oh=00_Afr5vSjFVQN0wp9-0XjlhAfvWD4ATc7Opn-ZD_4dqck52g&oe=697102B5']",,https://www.threads.net/@aznee.co/post/DQgD4XhEoJ0,[],"{'likes': 5187, 'reposts': 629, 'quotes': 38}",threads,3756019156908147316,@znee.Co,APEC2025,"Joking is one of the ways of diplomacy.. 
Not many top national leaders possess the skill of humor in bilateral relations.. 
Our leader has that skill🫵☺️

Boss Nvidia.. 
PMX ❌
PMAI✅",threads,69455039198,aznee.co
[],2026-01-20T14:51:27.514777+07:00,Oh Canada! Canadian Diplomacy at play here.,2026-01-16T02:04:54+07:00,,3810809332183972643,threads,threads.com,threads_crawler_v1,https://www.threads.net/@roddoris/post/DTituWnkbsj,https://instagram.fhan3-2.fna.fbcdn.net/v/t51.2885-19/539510850_17842216419570667_6044576291962417906_n.jpg?stp=dst-jpg_s150x150_tt6&efg=eyJ2ZW5jb2RlX3RhZyI6InByb2ZpbGVfcGljLmRqYW5nby4xMDgwLmMyIn0&_nc_ht=instagram.fhan3-2.fna.fbcdn.net&_nc_cat=107&_nc_oc=Q6cZ2QH5LrGq379-7F7op1ChcEWZay5ThBviJk8PBQQWq6DgLgXMPQpsT8Mb3pNrpRoAtRY&_nc_ohc=D2YU3N58wRsQ7kNvwFIRKHt&_nc_gid=tQahpJLh-6utkKEzhJCZxg&edm=AJhczIQBAAAA&ccb=7-5&oh=00_AfpOQsXn7EGaW3rvxhw3qSkqycMiUK27zof8toEPslJaMQ&oe=6975053F&_nc_sid=4a2096,12,0,243,10,0,[],,https://www.threads.net/@roddoris/post/DTituWnkbsj,[],"{'likes': 243, 'reposts': 10, 'quotes': 0}",threads,3810809332183972643,Rod Doris,,Oh Canada! Canadian Diplomacy at play here.,threads,77060578666,roddoris
[],2026-01-20T14:51:27.514821+07:00,"Hello! I am from the USA and I will be attending Strathclyde University in Glasgow, Scotland in September. Im a ballet artist and an intellect. I will be studying International Diplomacy and Security. I am looking for others  to discuss classic literature and Scottish traditions.",2026-01-15T21:06:35+07:00,,3810659182157351704,threads,threads.com,threads_crawler_v1,https://www.threads.net/@kymber6159/post/DTiLlYgkcsY,https://instagram.fhan4-5.fna.fbcdn.net/v/t51.2885-19/612436034_17842491987674054_3596614380394468796_n.jpg?stp=dst-jpg_s150x150_tt6&efg=eyJ2ZW5jb2RlX3RhZyI6InByb2ZpbGVfcGljLmRqYW5nby4xMDgwLmMyIn0&_nc_ht=instagram.fhan4-5.fna.fbcdn.net&_nc_cat=102&_nc_oc=Q6cZ2QH5LrGq379-7F7op1ChcEWZay5ThBviJk8PBQQWq6DgLgXMPQpsT8Mb3pNrpRoAtRY&_nc_ohc=2g_EZMydAIwQ7kNvwEC5WBn&_nc_gid=tQahpJLh-6utkKEzhJCZxg&edm=AJhczIQBAAAA&ccb=7-5&oh=00_Afp7-1mdjDE-7ltrPz_Axr6z06hrit5WCV2dYSCPXvU37w&oe=69750AD1&_nc_sid=4a2096,236,0,74,1,0,[],,https://www.threads.net/@kymber6159/post/DTiLlYgkcsY,[],"{'likes': 74, 'reposts': 1, 'quotes': 0}",threads,3810659182157351704,Kimberly Norato,,"Hello! I am from the USA and I will be attending Strathclyde University in Glasgow, Scotland in September. Im a ballet artist and an intellect. I will be studying International Diplomacy and Security. I am looking for others  to discuss classic literature and Scottish traditions.",threads,80183554053,kymber6159
[],2026-01-20T14:51:27.514868+07:00,"PMX diplomacy skill memang top notch! 
Birthday celebration President Brazil during ASEAN Gala Dinner.  Legendary!",2025-10-27T21:14:02+07:00,,3752679920824832851,threads,threads.com,threads_crawler_v1,https://www.threads.net/@aizzatnordin/post/DQUMoFkgVNT,https://instagram.fhan3-4.fna.fbcdn.net/v/t51.2885-19/530334814_18539339209032690_2288075694143046215_n.jpg?stp=dst-jpg_s150x150_tt6&efg=eyJ2ZW5jb2RlX3RhZyI6InByb2ZpbGVfcGljLmRqYW5nby4xMDgwLmMyIn0&_nc_ht=instagram.fhan3-4.fna.fbcdn.net&_nc_cat=106&_nc_oc=Q6cZ2QH5LrGq379-7F7op1ChcEWZay5ThBviJk8PBQQWq6DgLgXMPQpsT8Mb3pNrpRoAtRY&_nc_ohc=zVB5F1VW1sgQ7kNvwFS_7Cd&_nc_gid=tQahpJLh-6utkKEzhJCZxg&edm=AJhczIQBAAAA&ccb=7-5&oh=00_AfpNErJxfggQNjqdmEOCfZwWhJzRxhJmG2bMv4wB1R-lUg&oe=6974EB18&_nc_sid=4a2096,115,0,5967,604,0,"['https://instagram.fhan4-3.fna.fbcdn.net/v/t51.2885-15/572571060_1837570256967336_8938799208507887525_n.jpg?stp=dst-jpg_e15_tt6&efg=eyJ2ZW5jb2RlX3RhZyI6InRocmVhZHMuRkVFRC5pbWFnZV91cmxnZW4uNjQweDExMzYuc2RyLmY3MTg3OC5kZWZhdWx0X2NvdmVyX2ZyYW1lLmMyIn0&_nc_ht=instagram.fhan4-3.fna.fbcdn.net&_nc_cat=100&_nc_oc=Q6cZ2QH5LrGq379-7F7op1ChcEWZay5ThBviJk8PBQQWq6DgLgXMPQpsT8Mb3pNrpRoAtRY&_nc_ohc=gCGPkt6V9ZMQ7kNvwGhMnHP&_nc_gid=tQahpJLh-6utkKEzhJCZxg&edm=AJhczIQBAAAA&ccb=7-5&ig_cache_key=Mzc1MjY3OTkyMDgyNDgzMjg1MQ%3D%3D.3-ccb7-5&oh=00_AfpoTeuQtSbmNzbVSLeo100RayhocHLx6peqKMZjqVa4Sw&oe=6974FBC9&_nc_sid=4a2096', 'https://instagram.fhan3-3.fna.fbcdn.net/o1/v/t16/f2/m84/AQM-hTGDck8BWu_4yJoX86THxMnolkw-3bzN0rGLhdm_0eFKR8gB2JdWl2fhocxYUwfGCnvOtShfrpfv4WnmJdIa8o_aJykx_49rT8w.mp4?_nc_cat=111&_nc_oc=Adk8HjcDtp03k_5HFgPVGYmlWAPBCXqCLFzH08inyOIbIMuSChBSQ4Esj6oZh3cF9Ik&_nc_sid=5e9851&_nc_ht=instagram.fhan3-3.fna.fbcdn.net&_nc_ohc=evgsI8Ba65wQ7kNvwGoYL0I&efg=eyJ2ZW5jb2RlX3RhZyI6Inhwdl9wcm9ncmVzc2l2ZS5JTlNUQUdSQU0uRkVFRC5DMy43MjAuZGFzaF9iYXNlbGluZV8xX3YxIiwieHB2X2Fzc2V0X2lkIjoyOTQ4NTM1ODEyMDAwNTI1LCJhc3NldF9hZ2VfZGF5cyI6ODQsInZpX3VzZWNhc2VfaWQiOjEwMTY0LCJkdXJhdGlvbl9zIjoxOCwidXJsZ2VuX3NvdXJjZSI6Ind3dyJ9&ccb=17-1&_nc_gid=tQahpJLh-6utkKEzhJCZxg&_nc_zt=28&vs=34e94e2aa061d54c&_nc_vs=HBksFQIYTGlnX2JhY2tmaWxsX3RpbWVsaW5lX3ZvZC8yMDQ4RjQzNjc1M0YxODQzMzgyMUE2QkE5OUJBOUI5RV92aWRlb19kYXNoaW5pdC5tcDQVAALIARIAFQIYOnBhc3N0aHJvdWdoX2V2ZXJzdG9yZS9HR0hHSmlMdnZjQkR2UkFMQUhXYnIzSV80amxLYnNwVEFRQUYVAgLIARIAKAAYABsCiAd1c2Vfb2lsATEScHJvZ3Jlc3NpdmVfcmVjaXBlATEVAAAmmqz02q_rvAoVAigCQzMsF0AyXbItDlYEGBJkYXNoX2Jhc2VsaW5lXzFfdjERAHXqB2XongEA&oh=00_AfoBQwJw6kCQEIMxHklNWPa-VnXlcauMTYELUnEihhWH8w&oe=69710D95']",,https://www.threads.net/@aizzatnordin/post/DQUMoFkgVNT,[],"{'likes': 5967, 'reposts': 589, 'quotes': 15}",threads,3752679920824832851,Aizzat Nordin,ASEAN47,"PMX diplomacy skill memang top notch! 
Birthday celebration President Brazil during ASEAN Gala Dinner.  Legendary!",threads,63295272689,aizzatnordin
[],2026-01-20T14:51:27.514923+07:00,"Vibes toả sáng 🦊🐰

EMIBONNIE DIPLOMACY AWARD
#GMMTVxTPDA2025
#emibonnie #emiamily #bonnie  #เอมี่บอนนี่",2025-12-02T19:49:20+07:00,,3778730170749233251,threads,threads.com,threads_crawler_v1,https://www.threads.net/@eb.us_/post/DRwvxHZjyhj,https://instagram.fhan4-6.fna.fbcdn.net/v/t51.2885-19/610852215_17897756547367640_8108313134171747040_n.jpg?stp=dst-jpg_s150x150_tt6&efg=eyJ2ZW5jb2RlX3RhZyI6InByb2ZpbGVfcGljLmRqYW5nby4xMDAwLmMyIn0&_nc_ht=instagram.fhan4-6.fna.fbcdn.net&_nc_cat=108&_nc_oc=Q6cZ2QH5LrGq379-7F7op1ChcEWZay5ThBviJk8PBQQWq6DgLgXMPQpsT8Mb3pNrpRoAtRY&_nc_ohc=ddAaVkGm0W4Q7kNvwHBJX-Q&_nc_gid=tQahpJLh-6utkKEzhJCZxg&edm=AJhczIQBAAAA&ccb=7-5&oh=00_AfoeHCw7s8uqsoTmnu9fK-FE9aUA1-06CNVMOBcuEfQqlg&oe=69751F02&_nc_sid=4a2096,2,0,127,9,0,['https://instagram.fhan4-3.fna.fbcdn.net/v/t51.2885-15/587809660_17905877946297000_6343434184536892552_n.jpg?stp=dst-jpg_e35_tt6&efg=eyJ2ZW5jb2RlX3RhZyI6InRocmVhZHMuQ0FST1VTRUxfSVRFTS5pbWFnZV91cmxnZW4uMTAzNngxMzgxLnNkci5mODI3ODcuZGVmYXVsdF9pbWFnZS5jMiJ9&_nc_ht=instagram.fhan4-3.fna.fbcdn.net&_nc_cat=100&_nc_oc=Q6cZ2QH5LrGq379-7F7op1ChcEWZay5ThBviJk8PBQQWq6DgLgXMPQpsT8Mb3pNrpRoAtRY&_nc_ohc=Ecvxr5xKG0sQ7kNvwF__b69&_nc_gid=tQahpJLh-6utkKEzhJCZxg&edm=AJhczIQBAAAA&ccb=7-5&ig_cache_key=Mzc3ODczMDE2MzI4MzM4NTU2MQ%3D%3D.3-ccb7-5&oh=00_AfoheQwr-WxrUxCxT35L-JHC19mO0ccmI2QQW4-TGqi4lA&oe=69750C01&_nc_sid=4a2096'],,https://www.threads.net/@eb.us_/post/DRwvxHZjyhj,[],"{'likes': 127, 'reposts': 8, 'quotes': 1}",threads,3778730170749233251,𝙀𝘽𝙪𝙨_𝟵𝟴𝟬𝟰,EmiBonnie,"Vibes toả sáng 🦊🐰

EMIBONNIE DIPLOMACY AWARD
#GMMTVxTPDA2025
#emibonnie #emiamily #bonnie  #เอมี่บอนนี่",threads,70931167639,eb.us_
[],2026-01-20T14:51:27.514975+07:00,"Canada declares it will arrest Netanyahu “with all forces” if he enters the country — a dramatic stance putting international justice above diplomacy.

#Canada",2025-09-29T20:45:39+07:00,,3732372867473266605,threads,threads.com,threads_crawler_v1,https://www.threads.net/@syedburhanrizvi/post/DPMDVkXDNet,https://instagram.fhan3-3.fna.fbcdn.net/v/t51.2885-19/576380677_17931914205111059_1789863076182643087_n.jpg?stp=dst-jpg_s150x150_tt6&efg=eyJ2ZW5jb2RlX3RhZyI6InByb2ZpbGVfcGljLmRqYW5nby43ODQuYzIifQ&_nc_ht=instagram.fhan3-3.fna.fbcdn.net&_nc_cat=111&_nc_oc=Q6cZ2QH5LrGq379-7F7op1ChcEWZay5ThBviJk8PBQQWq6DgLgXMPQpsT8Mb3pNrpRoAtRY&_nc_ohc=RkwBheAgfmIQ7kNvwGbvHYO&_nc_gid=tQahpJLh-6utkKEzhJCZxg&edm=AJhczIQBAAAA&ccb=7-5&oh=00_Afq1D49Yg4l44lVccUJlHhYkxJWDyTvUu3zadPBN9b2mgg&oe=69751D20&_nc_sid=4a2096,877,0,11995,722,0,['https://instagram.fhan3-3.fna.fbcdn.net/v/t51.2885-15/557761669_17926866492111059_8047289967841234316_n.jpg?stp=dst-jpg_e35_tt6&efg=eyJ2ZW5jb2RlX3RhZyI6InRocmVhZHMuQ0FST1VTRUxfSVRFTS5pbWFnZV91cmxnZW4uMTA4MHg3MjYuc2RyLmY4Mjc4Ny5kZWZhdWx0X2ltYWdlLmMyIn0&_nc_ht=instagram.fhan3-3.fna.fbcdn.net&_nc_cat=111&_nc_oc=Q6cZ2QH5LrGq379-7F7op1ChcEWZay5ThBviJk8PBQQWq6DgLgXMPQpsT8Mb3pNrpRoAtRY&_nc_ohc=R2TsH2DZSscQ7kNvwHAY82y&_nc_gid=tQahpJLh-6utkKEzhJCZxg&edm=AJhczIQBAAAA&ccb=7-5&ig_cache_key=MzczMjM3Mjg2MjcwODUyODA3Mg%3D%3D.3-ccb7-5&oh=00_AfosryxoCVqiy5VkTlsEdHV1qqYMvDVSaUqcJa0BPL8Xag&oe=6974FD8A&_nc_sid=4a2096'],,https://www.threads.net/@syedburhanrizvi/post/DPMDVkXDNet,[],"{'likes': 11995, 'reposts': 669, 'quotes': 53}",threads,3732372867473266605,Syed Burhan Rizvi,,"Canada declares it will arrest Netanyahu “with all forces” if he enters the country — a dramatic stance putting international justice above diplomacy.

#Canada",threads,63243183058,syedburhanrizvi
[],2026-01-20T14:51:27.515031+07:00,"Zelensky, barely holding back laughter, responds to the strikes on the “Druzhba” pipeline: 
“We’ve always supported friendship between Ukraine and Hungary. Now, that friendship depends on Hungary’s stance.” 🤝🔥 
What do you think?",2025-08-25T00:14:17+07:00,,3706385771442382203,threads,threads.com,threads_crawler_v1,https://www.threads.net/@ceanmedia/post/DNvujjLYqV7,https://instagram.fhan3-3.fna.fbcdn.net/v/t51.2885-19/516231298_18054533744527829_2727005556179792588_n.jpg?stp=dst-jpg_s150x150_tt6&efg=eyJ2ZW5jb2RlX3RhZyI6InByb2ZpbGVfcGljLmRqYW5nby4xMDI0LmMyIn0&_nc_ht=instagram.fhan3-3.fna.fbcdn.net&_nc_cat=1&_nc_oc=Q6cZ2QH5LrGq379-7F7op1ChcEWZay5ThBviJk8PBQQWq6DgLgXMPQpsT8Mb3pNrpRoAtRY&_nc_ohc=cSpcTOuUZeoQ7kNvwFMHFgP&_nc_gid=tQahpJLh-6utkKEzhJCZxg&edm=AJhczIQBAAAA&ccb=7-5&oh=00_AfrMLyaJKaQps5mJu5jdSoBMVPdN7roOIbSLZGSW-Gffxw&oe=69751028&_nc_sid=4a2096,1116,0,2940,96,0,"['https://instagram.fhan4-5.fna.fbcdn.net/v/t51.2885-15/539002484_1193573642812742_738912506301427136_n.jpg?stp=dst-jpg_e15_tt6&efg=eyJ2ZW5jb2RlX3RhZyI6InRocmVhZHMuRkVFRC5pbWFnZV91cmxnZW4uNjQweDM1OC5zZHIuZjcxODc4LmRlZmF1bHRfY292ZXJfZnJhbWUuYzIifQ&_nc_ht=instagram.fhan4-5.fna.fbcdn.net&_nc_cat=102&_nc_oc=Q6cZ2QH5LrGq379-7F7op1ChcEWZay5ThBviJk8PBQQWq6DgLgXMPQpsT8Mb3pNrpRoAtRY&_nc_ohc=iZBaENnP7sEQ7kNvwE8pYeS&_nc_gid=tQahpJLh-6utkKEzhJCZxg&edm=AJhczIQBAAAA&ccb=7-5&ig_cache_key=MzcwNjM4NTc3MTQ0MjM4MjIwMw%3D%3D.3-ccb7-5&oh=00_AfqCiwTxg3ybTosZT9gXGaiDwa_LBMS5wFZdKZIMEAntLw&oe=69751469&_nc_sid=4a2096', 'https://instagram.fhan3-2.fna.fbcdn.net/o1/v/t16/f2/m69/AQPG4tCgWIYnTnVJroUxDmCl4OnKUBotQG99Ud1teZYkF7u9wwJCkoIqtbeBXwUffFmlHgdB4f8UkUTDKPpupujs.mp4?strext=1&_nc_cat=107&_nc_oc=AdlOdzb_uR3DTSiPQphbF45mfyOSsHWhOnVmmu61h8-0oUcZNKYRqlMnqzyHoV5UGZc&_nc_sid=8bf8fe&_nc_ht=instagram.fhan3-2.fna.fbcdn.net&_nc_ohc=vPB-JXDS65MQ7kNvwFGXSzA&efg=eyJ2ZW5jb2RlX3RhZyI6Inhwdl9wcm9ncmVzc2l2ZS5JTlNUQUdSQU0uRkVFRC5DMy44NTQucHJvZ3Jlc3NpdmVfaDI2NC1iYXNpYy1nZW4yXzcyMHAiLCJ4cHZfYXNzZXRfaWQiOjExMTc5NzY3MjMxMDAwMzQsImFzc2V0X2FnZV9kYXlzIjoxNDgsInZpX3VzZWNhc2VfaWQiOjEwMTY0LCJkdXJhdGlvbl9zIjoxNywidXJsZ2VuX3NvdXJjZSI6Ind3dyJ9&ccb=17-1&_nc_gid=tQahpJLh-6utkKEzhJCZxg&_nc_zt=28&oh=00_AfqsdbZ0nFCbPzzlaFi5qOjcTMG8owwe1MHQPZuViy1oXw&oe=69751349']",,https://www.threads.net/@ceanmedia/post/DNvujjLYqV7,[],"{'likes': 2940, 'reposts': 93, 'quotes': 3}",threads,3706385771442382203,CEAN,Ukraine #Hungary #Diplomacy #Geopolitics,"Zelensky, barely holding back laughter, responds to the strikes on the “Druzhba” pipeline: 
“We’ve always supported friendship between Ukraine and Hungary. Now, that friendship depends on Hungary’s stance.” 🤝🔥 
What do you think?",threads,63158934689,ceanmedia
[],2026-01-20T14:51:27.515081+07:00,I can't laugh alone. Enjoy this episode of diaper diplomacy,2025-09-10T21:45:19+07:00,,3718628066415630661,threads,threads.com,threads_crawler_v1,https://www.threads.net/@mbiydzela.digital/post/DObOIY2gFlF,https://instagram.fhan3-4.fna.fbcdn.net/v/t51.2885-19/587066441_17933040990110538_1325369355178667919_n.jpg?stp=dst-jpg_s150x150_tt6&efg=eyJ2ZW5jb2RlX3RhZyI6InByb2ZpbGVfcGljLmRqYW5nby4xMDgwLmMyIn0&_nc_ht=instagram.fhan3-4.fna.fbcdn.net&_nc_cat=106&_nc_oc=Q6cZ2QH5LrGq379-7F7op1ChcEWZay5ThBviJk8PBQQWq6DgLgXMPQpsT8Mb3pNrpRoAtRY&_nc_ohc=KSEMPDZKC9sQ7kNvwG22bK7&_nc_gid=tQahpJLh-6utkKEzhJCZxg&edm=AJhczIQBAAAA&ccb=7-5&oh=00_AfpnFM5CBviOUzqBQW96rMdQb8KMbbg4lqc2bu9ML44SfA&oe=6974F11B&_nc_sid=4a2096,42,0,794,158,0,"['https://instagram.fhan3-4.fna.fbcdn.net/v/t51.2885-15/542599393_17923931811110538_5317832805337418379_n.jpg?stp=dst-jpg_e15_tt6&efg=eyJ2ZW5jb2RlX3RhZyI6InRocmVhZHMuRkVFRC5pbWFnZV91cmxnZW4uNzIweDQwNi5zZHIuZjgyNzg3LmRlZmF1bHRfY292ZXJfZnJhbWUuYzIifQ&_nc_ht=instagram.fhan3-4.fna.fbcdn.net&_nc_cat=106&_nc_oc=Q6cZ2QH5LrGq379-7F7op1ChcEWZay5ThBviJk8PBQQWq6DgLgXMPQpsT8Mb3pNrpRoAtRY&_nc_ohc=YnW4JOgyNlAQ7kNvwFNtno7&_nc_gid=tQahpJLh-6utkKEzhJCZxg&edm=AJhczIQBAAAA&ccb=7-5&ig_cache_key=MzcxODYyODA2NjQxNTYzMDY2MQ%3D%3D.3-ccb7-5&oh=00_Afqb8y2PZ3rBrJQzaR8Y-5g89AUUxaolPJ6aJbsjA_Pdqw&oe=6974ED5F&_nc_sid=4a2096', 'https://instagram.fhan3-3.fna.fbcdn.net/o1/v/t16/f2/m69/AQNwoYO6oaOspJOh_VJxVsuAkf3-VZ3GGhXiGWQfUuRCDg4T0jfq7BcIVc7lBzTCQBnEgq0PveskdCN3OmAr6pun.mp4?strext=1&_nc_cat=101&_nc_oc=Adm1g12MKR9mbok6hDiNTzC9vYu5et4bq-p0hMsHIgNHSsKbI8nlheItwJmyis7BgPc&_nc_sid=8bf8fe&_nc_ht=instagram.fhan3-3.fna.fbcdn.net&_nc_ohc=ffz_MXQzlBwQ7kNvwG-Pifp&efg=eyJ2ZW5jb2RlX3RhZyI6Inhwdl9wcm9ncmVzc2l2ZS5JTlNUQUdSQU0uRkVFRC5DMy4xMjgwLnByb2dyZXNzaXZlX2gyNjQtYmFzaWMtZ2VuMl83MjBwIiwieHB2X2Fzc2V0X2lkIjoxMDg0MDQ0NjQwMzgxNzI4LCJhc3NldF9hZ2VfZGF5cyI6MTMxLCJ2aV91c2VjYXNlX2lkIjoxMDE2NCwiZHVyYXRpb25fcyI6MTMxLCJ1cmxnZW5fc291cmNlIjoid3d3In0%3D&ccb=17-1&_nc_gid=tQahpJLh-6utkKEzhJCZxg&_nc_zt=28&oh=00_Afr2yGitjWXtLGLAZ9bh9SbOOvOV8MkshHK73GopOrtoNw&oe=697518D7']",,https://www.threads.net/@mbiydzela.digital/post/DObOIY2gFlF,[],"{'likes': 794, 'reposts': 142, 'quotes': 16}",threads,3718628066415630661,MBIYDZELA DIGITAL 📈📉🟣💻,,I can't laugh alone. Enjoy this episode of diaper diplomacy,threads,63222766537,mbiydzela.digital
[],2026-01-20T14:51:27.515129+07:00,Enjoy another episode of diaper diplomacy 😀😂,2025-08-21T14:38:12+07:00,,3703917238311533803,threads,threads.com,threads_crawler_v1,https://www.threads.net/@mbiydzela.digital/post/DNm9RqjATzr,https://instagram.fhan3-4.fna.fbcdn.net/v/t51.2885-19/587066441_17933040990110538_1325369355178667919_n.jpg?stp=dst-jpg_s150x150_tt6&efg=eyJ2ZW5jb2RlX3RhZyI6InByb2ZpbGVfcGljLmRqYW5nby4xMDgwLmMyIn0&_nc_ht=instagram.fhan3-4.fna.fbcdn.net&_nc_cat=106&_nc_oc=Q6cZ2QH5LrGq379-7F7op1ChcEWZay5ThBviJk8PBQQWq6DgLgXMPQpsT8Mb3pNrpRoAtRY&_nc_ohc=KSEMPDZKC9sQ7kNvwG22bK7&_nc_gid=tQahpJLh-6utkKEzhJCZxg&edm=AJhczIQBAAAA&ccb=7-5&oh=00_AfpnFM5CBviOUzqBQW96rMdQb8KMbbg4lqc2bu9ML44SfA&oe=6974F11B&_nc_sid=4a2096,177,0,3743,549,0,"['https://instagram.fhan3-4.fna.fbcdn.net/v/t51.2885-15/537024886_17921521722110538_7152938006123714017_n.jpg?stp=dst-jpg_e15_tt6&efg=eyJ2ZW5jb2RlX3RhZyI6InRocmVhZHMuRkVFRC5pbWFnZV91cmxnZW4uNzIweDQwNi5zZHIuZjgyNzg3LmRlZmF1bHRfY292ZXJfZnJhbWUuYzIifQ&_nc_ht=instagram.fhan3-4.fna.fbcdn.net&_nc_cat=106&_nc_oc=Q6cZ2QH5LrGq379-7F7op1ChcEWZay5ThBviJk8PBQQWq6DgLgXMPQpsT8Mb3pNrpRoAtRY&_nc_ohc=vZWJ86Vs_y8Q7kNvwGQUywl&_nc_gid=tQahpJLh-6utkKEzhJCZxg&edm=AJhczIQBAAAA&ccb=7-5&ig_cache_key=MzcwMzkxNzIzODMxMTUzMzgwMw%3D%3D.3-ccb7-5&oh=00_Afo3bUN2q_5U6zILxJnJwUZotZPjIoGP7BaSg_RtwxKtaw&oe=69750CFE&_nc_sid=4a2096', 'https://instagram.fhan4-3.fna.fbcdn.net/o1/v/t16/f2/m69/AQNvPE42yvJ86QyKRvfHW24MbEby9hdH3-gbADHBiGzvTfzDYY00PkYogsKdTKeGVvQAqbrmRwBED-CmjROuS5ub.mp4?strext=1&_nc_cat=100&_nc_oc=AdkMq-Qy5WZUxtvM3iJjkMOGHlvJ-cdSSnIQFgF_E3O8cLoRh9UPlkFzyruKL2BQuvk&_nc_sid=8bf8fe&_nc_ht=instagram.fhan4-3.fna.fbcdn.net&_nc_ohc=sSiwZHc_zCIQ7kNvwEUs0nT&efg=eyJ2ZW5jb2RlX3RhZyI6Inhwdl9wcm9ncmVzc2l2ZS5JTlNUQUdSQU0uRkVFRC5DMy4xMjcwLnByb2dyZXNzaXZlX2gyNjQtYmFzaWMtZ2VuMl83MjBwIiwieHB2X2Fzc2V0X2lkIjoxMTM1OTA5MTcxNzY5MTY4LCJhc3NldF9hZ2VfZGF5cyI6MTUyLCJ2aV91c2VjYXNlX2lkIjoxMDE2NCwiZHVyYXRpb25fcyI6MjA4LCJ1cmxnZW5fc291cmNlIjoid3d3In0%3D&ccb=17-1&_nc_gid=tQahpJLh-6utkKEzhJCZxg&_nc_zt=28&oh=00_AfomPbO6v3mX8Y0neQgTUCIq0XUfkhR_JJMmpkne3ACuqg&oe=69750340']",,https://www.threads.net/@mbiydzela.digital/post/DNm9RqjATzr,[],"{'likes': 3743, 'reposts': 497, 'quotes': 52}",threads,3703917238311533803,MBIYDZELA DIGITAL 📈📉🟣💻,,Enjoy another episode of diaper diplomacy 😀😂,threads,63222766537,mbiydzela.digital
[],2026-01-20T14:51:27.515178+07:00,"PMX diplomacy with Trump & the Hudaibiyah strategy comparison

Some people are angry that PMX welcomed Trump.They say it’s “hypocrisy” and “tunduk”. But that’s emotional thinking, not strategic thinking.

PMX followed diplomatic protocol as a host. That’s not “sujud to Trump”. That’s called civilization. Malaysia beradat. Period.

But the real move was here 👇
PMX spoke about Gaza in front of Trump. Not behind his back. Not keyboard warrior style. Face to face.",2025-10-26T23:15:30+07:00,,3752017236178470104,threads,threads.com,threads_crawler_v1,https://www.threads.net/@pandalien/post/DQR18wZj4TY,https://instagram.fhan4-3.fna.fbcdn.net/v/t51.2885-19/469700689_596707119492046_8626359181031223617_n.jpg?stp=dst-jpg_s150x150_tt6&efg=eyJ2ZW5jb2RlX3RhZyI6InByb2ZpbGVfcGljLmRqYW5nby4xMDgwLmMyIn0&_nc_ht=instagram.fhan4-3.fna.fbcdn.net&_nc_cat=110&_nc_oc=Q6cZ2QH5LrGq379-7F7op1ChcEWZay5ThBviJk8PBQQWq6DgLgXMPQpsT8Mb3pNrpRoAtRY&_nc_ohc=TJKT5_63kgwQ7kNvwErFpYe&_nc_gid=tQahpJLh-6utkKEzhJCZxg&edm=AJhczIQBAAAA&ccb=7-5&oh=00_AfoxkdI3ZpH0CAYgNX2DNWDnZAImSisI1KZHGU_wsQvO6A&oe=69750C80&_nc_sid=4a2096,35,0,2283,1074,0,[],,https://www.threads.net/@pandalien/post/DQR18wZj4TY,[],"{'likes': 2283, 'reposts': 1057, 'quotes': 17}",threads,3752017236178470104,Zafira Des,,"PMX diplomacy with Trump & the Hudaibiyah strategy comparison

Some people are angry that PMX welcomed Trump.They say it’s “hypocrisy” and “tunduk”. But that’s emotional thinking, not strategic thinking.

PMX followed diplomatic protocol as a host. That’s not “sujud to Trump”. That’s called civilization. Malaysia beradat. Period.

But the real move was here 👇
PMX spoke about Gaza in front of Trump. Not behind his back. Not keyboard warrior style. Face to face.",threads,70972400932,pandalien
[],2026-01-20T14:51:27.515226+07:00,"Diplomacy at Downing Street today — with an unscheduled appearance from Larry the Cat.
The Polish president in London, pausing to comment on No.10’s most famous resident. 📸 Photos by me. #london #downingstreet #larrythecat #poland #lo_january2026",2026-01-14T01:10:14+07:00,,3809332264694493700,threads,threads.com,threads_crawler_v1,https://www.threads.net/@alexseale/post/DTdd4MUjLIE,https://instagram.fhan3-2.fna.fbcdn.net/v/t51.2885-19/358112200_2224105124646475_2023965046364926761_n.jpg?stp=dst-jpg_s150x150_tt6&efg=eyJ2ZW5jb2RlX3RhZyI6InByb2ZpbGVfcGljLmRqYW5nby43MzMuYzIifQ&_nc_ht=instagram.fhan3-2.fna.fbcdn.net&_nc_cat=107&_nc_oc=Q6cZ2QH5LrGq379-7F7op1ChcEWZay5ThBviJk8PBQQWq6DgLgXMPQpsT8Mb3pNrpRoAtRY&_nc_ohc=c1efgiQQNs4Q7kNvwGmpyZc&_nc_gid=tQahpJLh-6utkKEzhJCZxg&edm=AJhczIQBAAAA&ccb=7-5&oh=00_AfoMUNRAgypXTf9SPrPTLd-uYco7akDS2--k6jN_c8CTHA&oe=697516EE&_nc_sid=4a2096,11,0,490,12,0,['https://instagram.fhan4-6.fna.fbcdn.net/v/t51.2885-15/615397247_18548973319040937_3613917030312349903_n.jpg?se=-1&stp=dst-jpegr_e35_tt6&efg=eyJ2ZW5jb2RlX3RhZyI6InRocmVhZHMuQ0FST1VTRUxfSVRFTS5pbWFnZV91cmxnZW4uMTQ0MHgxMDgwLmhkci5mODI3ODcuZGVmYXVsdF9pbWFnZS5jMiJ9&_nc_ht=instagram.fhan4-6.fna.fbcdn.net&_nc_cat=109&_nc_oc=Q6cZ2QH5LrGq379-7F7op1ChcEWZay5ThBviJk8PBQQWq6DgLgXMPQpsT8Mb3pNrpRoAtRY&_nc_ohc=deaWfz_Y8sMQ7kNvwHtRjvc&_nc_gid=tQahpJLh-6utkKEzhJCZxg&edm=AJhczIQBAAAA&ccb=7-5&ig_cache_key=MzgwOTMzMjI1NTI0ODg5OTA1OA%3D%3D.3-ccb7-5&oh=00_AfpZdBMYN7v4epwDSSv8yXOtVsM8NCHHx4tB80Mv8pGdaA&oe=6974F9A9&_nc_sid=4a2096'],,https://www.threads.net/@alexseale/post/DTdd4MUjLIE,[],"{'likes': 490, 'reposts': 12, 'quotes': 0}",threads,3809332264694493700,Alexander Seale,,"Diplomacy at Downing Street today — with an unscheduled appearance from Larry the Cat.
The Polish president in London, pausing to comment on No.10’s most famous resident. 📸 Photos by me. #london #downingstreet #larrythecat #poland #lo_january2026",threads,63287982428,alexseale
[],2026-01-20T14:51:27.515275+07:00,"And just like that, Trump’s UK visit has wrapped up! ✈️🇺🇸 After two busy days, Air Force One takes off from Stansted, leaving a lasting impression. What moments stood out most for you?",2025-09-19T00:31:53+07:00,,3724514030519429335,threads,threads.com,threads_crawler_v1,https://www.threads.net/@ceanmedia/post/DOwIccGEajX,https://instagram.fhan3-3.fna.fbcdn.net/v/t51.2885-19/516231298_18054533744527829_2727005556179792588_n.jpg?stp=dst-jpg_s150x150_tt6&efg=eyJ2ZW5jb2RlX3RhZyI6InByb2ZpbGVfcGljLmRqYW5nby4xMDI0LmMyIn0&_nc_ht=instagram.fhan3-3.fna.fbcdn.net&_nc_cat=1&_nc_oc=Q6cZ2QH5LrGq379-7F7op1ChcEWZay5ThBviJk8PBQQWq6DgLgXMPQpsT8Mb3pNrpRoAtRY&_nc_ohc=cSpcTOuUZeoQ7kNvwFMHFgP&_nc_gid=tQahpJLh-6utkKEzhJCZxg&edm=AJhczIQBAAAA&ccb=7-5&oh=00_AfrMLyaJKaQps5mJu5jdSoBMVPdN7roOIbSLZGSW-Gffxw&oe=69751028&_nc_sid=4a2096,711,0,557,6,0,"['https://instagram.fhan4-5.fna.fbcdn.net/v/t51.2885-15/551397818_718108531248051_4150419815075175921_n.jpg?stp=dst-jpg_e15_tt6&efg=eyJ2ZW5jb2RlX3RhZyI6InRocmVhZHMuRkVFRC5pbWFnZV91cmxnZW4uNjQweDM2MC5zZHIuZjcxODc4LmRlZmF1bHRfY292ZXJfZnJhbWUuYzIifQ&_nc_ht=instagram.fhan4-5.fna.fbcdn.net&_nc_cat=103&_nc_oc=Q6cZ2QH5LrGq379-7F7op1ChcEWZay5ThBviJk8PBQQWq6DgLgXMPQpsT8Mb3pNrpRoAtRY&_nc_ohc=zcVf3PBvw-UQ7kNvwFQYeQh&_nc_gid=tQahpJLh-6utkKEzhJCZxg&edm=AJhczIQBAAAA&ccb=7-5&ig_cache_key=MzcyNDUxNDAzMDUxOTQyOTMzNQ%3D%3D.3-ccb7-5&oh=00_AfpmM32Br573anIGylRzH_cxm1SULJHRxL1Ukq-flKeJ4g&oe=6974FAC9&_nc_sid=4a2096', 'https://instagram.fhan4-3.fna.fbcdn.net/o1/v/t16/f2/m69/AQOsQ_cLxI3lckGYfHEICTKf2sY4BNIpn4yH2AER4z-idlMDFXXdJyzAkSc1XFUmsiRrI4RPn1BgcFrG64xlW5Tg.mp4?strext=1&_nc_cat=100&_nc_oc=AdkZHOeAjYdS2RncWvki4eqFXQqJ_xhIKTzhPuXuUbyLo2cKOSZzaX7afn9gSDLhrKQ&_nc_sid=8bf8fe&_nc_ht=instagram.fhan4-3.fna.fbcdn.net&_nc_ohc=ayCCojgDhaAQ7kNvwE11YX0&efg=eyJ2ZW5jb2RlX3RhZyI6Inhwdl9wcm9ncmVzc2l2ZS5JTlNUQUdSQU0uRkVFRC5DMy4xMjgwLnByb2dyZXNzaXZlX2gyNjQtYmFzaWMtZ2VuMl83MjBwIiwieHB2X2Fzc2V0X2lkIjoxMzIxNzkzOTUyNzg5NDI4LCJhc3NldF9hZ2VfZGF5cyI6MTIzLCJ2aV91c2VjYXNlX2lkIjoxMDE2NCwiZHVyYXRpb25fcyI6MTksInVybGdlbl9zb3VyY2UiOiJ3d3cifQ%3D%3D&ccb=17-1&_nc_gid=tQahpJLh-6utkKEzhJCZxg&_nc_zt=28&oh=00_AfrWM0JdV34YQkbbRQR7mGO-6l8uuu743i4hmOeRVTZgJw&oe=69752200']",,https://www.threads.net/@ceanmedia/post/DOwIccGEajX,[],"{'likes': 557, 'reposts': 4, 'quotes': 2}",threads,3724514030519429335,CEAN,UKVisit #Diplomacy #AirForceOne,"And just like that, Trump’s UK visit has wrapped up! ✈️🇺🇸 After two busy days, Air Force One takes off from Stansted, leaving a lasting impression. What moments stood out most for you?",threads,63158934689,ceanmedia
[],2026-01-20T14:57:03.502026+07:00,I bet you have not seen this episode of diaper diplomacy 😂😂,2025-08-22T14:26:29+07:00,,3704637127094670698,threads,threads.com,threads_crawler_v1,https://www.threads.net/@mbiydzela.digital/post/DNpg9bOM5Vq,https://instagram.fhan3-4.fna.fbcdn.net/v/t51.2885-19/587066441_17933040990110538_1325369355178667919_n.jpg?stp=dst-jpg_s150x150_tt6&efg=eyJ2ZW5jb2RlX3RhZyI6InByb2ZpbGVfcGljLmRqYW5nby4xMDgwLmMyIn0&_nc_ht=instagram.fhan3-4.fna.fbcdn.net&_nc_cat=106&_nc_oc=Q6cZ2QH9FHY7aKlVKosYgBq-_RbV59ibZ66L8YKF7M7DsiCJucWEXpP4j3dFGV0hmKx4Q6w&_nc_ohc=KSEMPDZKC9sQ7kNvwG22bK7&_nc_gid=xDx7znxprigyK0VdTv9y0w&edm=AJhczIQBAAAA&ccb=7-5&oh=00_AfoXrLHdwwWKqx60yE__6yCF8vdxx9rD7eQKs_o6JNUpHw&oe=6974F11B&_nc_sid=4a2096,66,0,1397,225,0,"['https://instagram.fhan3-4.fna.fbcdn.net/v/t51.2885-15/533578970_17921644764110538_1523291300935821642_n.jpg?stp=dst-jpg_e15_tt6&efg=eyJ2ZW5jb2RlX3RhZyI6InRocmVhZHMuRkVFRC5pbWFnZV91cmxnZW4uNzIweDQwNi5zZHIuZjgyNzg3LmRlZmF1bHRfY292ZXJfZnJhbWUuYzIifQ&_nc_ht=instagram.fhan3-4.fna.fbcdn.net&_nc_cat=106&_nc_oc=Q6cZ2QH9FHY7aKlVKosYgBq-_RbV59ibZ66L8YKF7M7DsiCJucWEXpP4j3dFGV0hmKx4Q6w&_nc_ohc=6l5aT2Q3_pMQ7kNvwFTq9_Y&_nc_gid=xDx7znxprigyK0VdTv9y0w&edm=AJhczIQBAAAA&ccb=7-5&ig_cache_key=MzcwNDYzNzEyNzA5NDY3MDY5OA%3D%3D.3-ccb7-5&oh=00_AfqT_kA0fwErTFlr-34W2Sn7mBCtjSd2N-wmQxiObjLX8A&oe=6974FD85&_nc_sid=4a2096', 'https://instagram.fhan4-1.fna.fbcdn.net/o1/v/t16/f2/m69/AQOi3syZ--4p6_llo0gUaHO-tG4aeh-nO_85iKFrf0Ogou-hMTP4MgSesjxRB7I1xEQQAL2miYFBoFJBDnANKuPe.mp4?strext=1&_nc_cat=105&_nc_oc=AdkZxPuLMXzDde6XpBOQKVD2cKANqyHHsFuy0BW52cIcrwx1x_DDcmLM-ywQo8ZUnQg&_nc_sid=8bf8fe&_nc_ht=instagram.fhan4-1.fna.fbcdn.net&_nc_ohc=5VPS1WxHi7QQ7kNvwHTY1Av&efg=eyJ2ZW5jb2RlX3RhZyI6Inhwdl9wcm9ncmVzc2l2ZS5JTlNUQUdSQU0uRkVFRC5DMy4xMjcwLnByb2dyZXNzaXZlX2gyNjQtYmFzaWMtZ2VuMl83MjBwIiwieHB2X2Fzc2V0X2lkIjoxNTgxMDc5NjIzMjc4MjE4LCJhc3NldF9hZ2VfZGF5cyI6MTUxLCJ2aV91c2VjYXNlX2lkIjoxMDE2NCwiZHVyYXRpb25fcyI6MTM3LCJ1cmxnZW5fc291cmNlIjoid3d3In0%3D&ccb=17-1&_nc_gid=xDx7znxprigyK0VdTv9y0w&_nc_zt=28&oh=00_Afpsyf8TT6Jf9nuKBdbebfVwzXUH_O9OAMH2g2A9XOHxcA&oe=69751E73']",,https://www.threads.net/@mbiydzela.digital/post/DNpg9bOM5Vq,[],"{'likes': 1397, 'reposts': 205, 'quotes': 20}",threads,3704637127094670698,MBIYDZELA DIGITAL 📈📉🟣💻,,I bet you have not seen this episode of diaper diplomacy 😂😂,threads,63222766537,mbiydzela.digital
[],2026-01-20T14:57:03.502198+07:00,"Indian Diplomacy Vs Modi Diplomacy 

#Congress #BJP #Modi #Trump #RSS",2026-01-12T14:44:46+07:00,,3808292659815038943,threads,threads.com,threads_crawler_v1,https://www.threads.net/@shyammeerasingh/post/DTZxf81AL_f,https://instagram.fhan4-6.fna.fbcdn.net/v/t51.2885-19/358005065_925934685166424_3877413145512669107_n.jpg?stp=dst-jpg_s150x150_tt6&efg=eyJ2ZW5jb2RlX3RhZyI6InByb2ZpbGVfcGljLmRqYW5nby4xMDgwLmMyIn0&_nc_ht=instagram.fhan4-6.fna.fbcdn.net&_nc_cat=108&_nc_oc=Q6cZ2QH9FHY7aKlVKosYgBq-_RbV59ibZ66L8YKF7M7DsiCJucWEXpP4j3dFGV0hmKx4Q6w&_nc_ohc=oJCMqt28rD4Q7kNvwEBWTzg&_nc_gid=xDx7znxprigyK0VdTv9y0w&edm=AJhczIQBAAAA&ccb=7-5&oh=00_AfqDy7tdJ-W1BvTqi5MQhzhaPRhjhPgYdBV8PQUOF6Rgdw&oe=69750BC2&_nc_sid=4a2096,77,0,1099,107,0,"['https://instagram.fhan4-3.fna.fbcdn.net/v/t51.2885-15/615279489_1576036180301100_4316799449556474465_n.jpg?se=-1&stp=dst-jpegr_e15_tt6&efg=eyJ2ZW5jb2RlX3RhZyI6InRocmVhZHMuRkVFRC5pbWFnZV91cmxnZW4uNjQweDExMzYuaGRyLmY3MTg3OC5kZWZhdWx0X2NvdmVyX2ZyYW1lLmMyIn0&_nc_ht=instagram.fhan4-3.fna.fbcdn.net&_nc_cat=100&_nc_oc=Q6cZ2QH9FHY7aKlVKosYgBq-_RbV59ibZ66L8YKF7M7DsiCJucWEXpP4j3dFGV0hmKx4Q6w&_nc_ohc=hw24gx2QxPYQ7kNvwH_1TV_&_nc_gid=xDx7znxprigyK0VdTv9y0w&edm=AJhczIQBAAAA&ccb=7-5&ig_cache_key=MzgwODI5MjY1OTgxNTAzODk0Mw%3D%3D.3-ccb7-5&oh=00_Afpr0Ij3Aav0sBaeDUxetar4aUkY3Mo5P9FY9g6iBHrfbg&oe=69750780&_nc_sid=4a2096', 'https://instagram.fhan4-1.fna.fbcdn.net/o1/v/t16/f2/m69/AQPfCm1y6Nyiie4wICu5pMjVhKfVzF0w87CZU3nKbd76-sG33ahTyIjz-YfUhgV-TNAkwh7EoA74n4n94UAPP1e3.mp4?strext=1&_nc_cat=105&_nc_oc=AdkhUbb1DPa6vFg9FvJ2xdkP4fhUMZ8cwmSoK-19j7bVPYbWY5xcf26ZuQohHkJwDjw&_nc_sid=5e9851&_nc_ht=instagram.fhan4-1.fna.fbcdn.net&_nc_ohc=T0ih52opJ_cQ7kNvwHO2oKO&efg=eyJ2ZW5jb2RlX3RhZyI6Inhwdl9wcm9ncmVzc2l2ZS5JTlNUQUdSQU0uRkVFRC5DMy43MjAuZGFzaF9iYXNlbGluZV8xX3YxIiwieHB2X2Fzc2V0X2lkIjoxMTY4NTk5NTY4NTk1NzEyLCJhc3NldF9hZ2VfZGF5cyI6OCwidmlfdXNlY2FzZV9pZCI6MTAwOTksImR1cmF0aW9uX3MiOjg1LCJ1cmxnZW5fc291cmNlIjoid3d3In0%3D&ccb=17-1&_nc_gid=xDx7znxprigyK0VdTv9y0w&_nc_zt=28&vs=17956923e108aeab&_nc_vs=HBksFQIYOnBhc3N0aHJvdWdoX2V2ZXJzdG9yZS9HUG9saENSTlQ5dEt5T0VGQU9FVEdHalNrSmhpYnNwVEFRQUYVAALIARIAFQIYOnBhc3N0aHJvdWdoX2V2ZXJzdG9yZS9HQ1ZYaWlRWVFDWUt5SndJQUlaTENxdkNHb2c1YnN0VEFRQUYVAgLIARIAKAAYABsCiAd1c2Vfb2lsATEScHJvZ3Jlc3NpdmVfcmVjaXBlATEVAAAmgOzdorm1kwQVAigCQzMsF0BVSp--dsi0GBJkYXNoX2Jhc2VsaW5lXzFfdjERAHXqB2XmnQEA&oh=00_AfoEi9pCy-t115O2h5IJ6Gg8pF1pe3DUmcK7ssL27lcVrg&oe=6974F443']",,https://www.threads.net/@shyammeerasingh/post/DTZxf81AL_f,[],"{'likes': 1099, 'reposts': 101, 'quotes': 6}",threads,3808292659815038943,Shyam Meera Singh,,"Indian Diplomacy Vs Modi Diplomacy 

#Congress #BJP #Modi #Trump #RSS",threads,63614408792,shyammeerasingh
[],2026-01-20T14:57:03.502264+07:00,"Mỹ vị nhân gian, xinh đẹp tuyệt trần, xuất sắc, 100 điểm.
Pí xảo khun suẩy 😭😭😭

EMIBONNIE DIPLOMACY AWARD
#GMMTVxTPDA2025
#emibonnie #emiamily #bonnie  #เอมี่บอนนี่",2025-12-02T21:47:52+07:00,,3778789826024660822,threads,threads.com,threads_crawler_v1,https://www.threads.net/@eb.us_/post/DRw9VNtD19W,https://instagram.fhan4-6.fna.fbcdn.net/v/t51.2885-19/610852215_17897756547367640_8108313134171747040_n.jpg?stp=dst-jpg_s150x150_tt6&efg=eyJ2ZW5jb2RlX3RhZyI6InByb2ZpbGVfcGljLmRqYW5nby4xMDAwLmMyIn0&_nc_ht=instagram.fhan4-6.fna.fbcdn.net&_nc_cat=108&_nc_oc=Q6cZ2QH9FHY7aKlVKosYgBq-_RbV59ibZ66L8YKF7M7DsiCJucWEXpP4j3dFGV0hmKx4Q6w&_nc_ohc=ddAaVkGm0W4Q7kNvwHBJX-Q&_nc_gid=xDx7znxprigyK0VdTv9y0w&edm=AJhczIQBAAAA&ccb=7-5&oh=00_Afod20Qvvyt-U06e64MJSyBV28SHbTbjbothnmy2MTmIQA&oe=69751F02&_nc_sid=4a2096,2,0,57,3,0,['https://instagram.fhan4-3.fna.fbcdn.net/v/t51.2885-15/588016426_17905890327297000_4066342770038496634_n.jpg?stp=dst-jpg_e35_tt6&efg=eyJ2ZW5jb2RlX3RhZyI6InRocmVhZHMuQ0FST1VTRUxfSVRFTS5pbWFnZV91cmxnZW4uMTM2NngxODIxLnNkci5mODI3ODcuZGVmYXVsdF9pbWFnZS5jMiJ9&_nc_ht=instagram.fhan4-3.fna.fbcdn.net&_nc_cat=100&_nc_oc=Q6cZ2QH9FHY7aKlVKosYgBq-_RbV59ibZ66L8YKF7M7DsiCJucWEXpP4j3dFGV0hmKx4Q6w&_nc_ohc=RYHIRjsxXoYQ7kNvwEbJAXW&_nc_gid=xDx7znxprigyK0VdTv9y0w&edm=AJhczIQBAAAA&ccb=7-5&ig_cache_key=Mzc3ODc4OTgxNjU2MjMyNzkxNQ%3D%3D.3-ccb7-5&oh=00_Afoj2H-jLT8-oGT5Iql2oueBuAzJ5kS4ScyO4jXtZgZK1g&oe=6974FA0E&_nc_sid=4a2096'],,https://www.threads.net/@eb.us_/post/DRw9VNtD19W,[],"{'likes': 57, 'reposts': 3, 'quotes': 0}",threads,3778789826024660822,𝙀𝘽𝙪𝙨_𝟵𝟴𝟬𝟰,EmiThasorn,"Mỹ vị nhân gian, xinh đẹp tuyệt trần, xuất sắc, 100 điểm.
Pí xảo khun suẩy 😭😭😭

EMIBONNIE DIPLOMACY AWARD
#GMMTVxTPDA2025
#emibonnie #emiamily #bonnie  #เอมี่บอนนี่",threads,70931167639,eb.us_
[],2026-01-20T14:57:03.502324+07:00,"When you have good diplomacy and good relations with countries, then you get to see scenes like this.Malaysia has good relations with every country in the world.@malaysiakini @Presidentmalaysia @scmpnews",2025-10-29T08:05:09+07:00,,3753731358364726162,threads,threads.com,threads_crawler_v1,https://www.threads.net/@raufamir8132025/post/DQX7shFkvOS,https://instagram.fhan4-5.fna.fbcdn.net/v/t51.2885-19/612357262_17874886224471470_1143491446513385999_n.jpg?stp=dst-jpg_s150x150_tt6&efg=eyJ2ZW5jb2RlX3RhZyI6InByb2ZpbGVfcGljLmRqYW5nby4xMDgwLmMyIn0&_nc_ht=instagram.fhan4-5.fna.fbcdn.net&_nc_cat=102&_nc_oc=Q6cZ2QH9FHY7aKlVKosYgBq-_RbV59ibZ66L8YKF7M7DsiCJucWEXpP4j3dFGV0hmKx4Q6w&_nc_ohc=K38eG7gaGAAQ7kNvwHsEOLW&_nc_gid=xDx7znxprigyK0VdTv9y0w&edm=AJhczIQBAAAA&ccb=7-5&oh=00_Afr0ik1KxJpzF78diT0hpEvAHNaMNnf36ML8ay9N9xwiVw&oe=69751706&_nc_sid=4a2096,67,0,3059,181,0,"['https://instagram.fhan4-5.fna.fbcdn.net/v/t51.2885-15/572082894_17866602765471470_5176509641927443934_n.jpg?stp=dst-jpg_e15_tt6&efg=eyJ2ZW5jb2RlX3RhZyI6InRocmVhZHMuRkVFRC5pbWFnZV91cmxnZW4uNzIweDQwNi5zZHIuZjgyNzg3LmRlZmF1bHRfY292ZXJfZnJhbWUuYzIifQ&_nc_ht=instagram.fhan4-5.fna.fbcdn.net&_nc_cat=102&_nc_oc=Q6cZ2QH9FHY7aKlVKosYgBq-_RbV59ibZ66L8YKF7M7DsiCJucWEXpP4j3dFGV0hmKx4Q6w&_nc_ohc=CNkEs1EOew4Q7kNvwEIfbLl&_nc_gid=xDx7znxprigyK0VdTv9y0w&edm=AJhczIQBAAAA&ccb=7-5&ig_cache_key=Mzc1MzczMTM1ODM2NDcyNjE2Mg%3D%3D.3-ccb7-5&oh=00_AfrCBRWt38XyuRFH-JN7CtVLSkJDn7jjc3FK_XHvm4I-Qw&oe=697516E9&_nc_sid=4a2096', 'https://instagram.fhan3-3.fna.fbcdn.net/o1/v/t16/f2/m84/AQOoQfP_rYdbb7Yo5FsQ2Cg0-jRqq4MAWdknZpXwnA94ZV93m_6DPZfcWDej33PDj_FV83vO45_MtXeXQbqP_7e7n88wkiqcnYa3cWw.mp4?_nc_cat=101&_nc_oc=AdloQ9fmNHFq0YyF-K-qYHvYM5H9O0Pqo_KZFjwP6_L0wTDN6ZbMRAfIulEXXg671p8&_nc_sid=5e9851&_nc_ht=instagram.fhan3-3.fna.fbcdn.net&_nc_ohc=wDZn43ORPfIQ7kNvwE21PhQ&efg=eyJ2ZW5jb2RlX3RhZyI6Inhwdl9wcm9ncmVzc2l2ZS5JTlNUQUdSQU0uRkVFRC5DMy4xMDI0LmRhc2hfYmFzZWxpbmVfMV92MSIsInhwdl9hc3NldF9pZCI6ODM0NTI0OTA5NTE4MzA4LCJhc3NldF9hZ2VfZGF5cyI6ODMsInZpX3VzZWNhc2VfaWQiOjEwMTY0LCJkdXJhdGlvbl9zIjoyNywidXJsZ2VuX3NvdXJjZSI6Ind3dyJ9&ccb=17-1&_nc_gid=xDx7znxprigyK0VdTv9y0w&_nc_zt=28&vs=e6d12599f51c3caf&_nc_vs=HBksFQIYTGlnX2JhY2tmaWxsX3RpbWVsaW5lX3ZvZC81MTRBOUE3N0YzOEQwMDI1M0U3NkI1QTM3OEM5QkZBRl92aWRlb19kYXNoaW5pdC5tcDQVAALIARIAFQIYOnBhc3N0aHJvdWdoX2V2ZXJzdG9yZS9HTXpOQ0NLalB2TzdrSmNEQUNseDRVZGU2bkl4YnNwVEFRQUYVAgLIARIAKAAYABsCiAd1c2Vfb2lsATEScHJvZ3Jlc3NpdmVfcmVjaXBlATEVAAAmyPfNjN-_-wIVAigCQzMsF0A7XCj1wo9cGBJkYXNoX2Jhc2VsaW5lXzFfdjERAHXqB2XongEA&oh=00_Afpa8WeIxgau4XTJ72cfdzfLSXjegz2E4uTPUdfheFbAeA&oe=69711873']",,https://www.threads.net/@raufamir8132025/post/DQX7shFkvOS,[],"{'likes': 3059, 'reposts': 177, 'quotes': 4}",threads,3753731358364726162,lopA,,"When you have good diplomacy and good relations with countries, then you get to see scenes like this.Malaysia has good relations with every country in the world.@malaysiakini Presidentmalaysia @scmpnews",threads,73968375469,raufamir8132025
[],2026-01-20T14:57:03.502378+07:00,"Modi’s diplomacy with Trump is letting India down. India could learn a thing or two from Denmark. Start with self-respect. The nation comes first, and no matter who you are, threats — military or economic — shouldn’t be tolerated. Also at this moment, India needs Indira Gandhi–style firmness to deal with a Nixonian Trump, not silence dressed up as diplomacy.",2026-01-10T23:15:22+07:00,,3807100119388621990,threads,threads.com,threads_crawler_v1,https://www.threads.net/@spotlight_withpradhi/post/DTViWNAgYym,https://instagram.fhan4-5.fna.fbcdn.net/v/t51.2885-19/477629207_923459539824939_553381131100541110_n.jpg?stp=dst-jpg_s150x150_tt6&efg=eyJ2ZW5jb2RlX3RhZyI6InByb2ZpbGVfcGljLmRqYW5nby4xMDgwLmMyIn0&_nc_ht=instagram.fhan4-5.fna.fbcdn.net&_nc_cat=103&_nc_oc=Q6cZ2QH9FHY7aKlVKosYgBq-_RbV59ibZ66L8YKF7M7DsiCJucWEXpP4j3dFGV0hmKx4Q6w&_nc_ohc=jp4x7xmFYq8Q7kNvwHc_uEc&_nc_gid=xDx7znxprigyK0VdTv9y0w&edm=AJhczIQBAAAA&ccb=7-5&oh=00_AfoljIDrc35RbvDL5gGGv2AbVHpRu8QCLfU3avglZR0iqQ&oe=6974F76E&_nc_sid=4a2096,71,0,71,2,0,['https://instagram.fhan3-2.fna.fbcdn.net/v/t51.2885-15/610787863_17887585551419551_4320088136816060577_n.jpg?stp=dst-jpg_e35_tt6&efg=eyJ2ZW5jb2RlX3RhZyI6InRocmVhZHMuQ0FST1VTRUxfSVRFTS5pbWFnZV91cmxnZW4uMTA4MHgxMzQ2LnNkci5mODI3ODcuZGVmYXVsdF9pbWFnZS5jMiJ9&_nc_ht=instagram.fhan3-2.fna.fbcdn.net&_nc_cat=107&_nc_oc=Q6cZ2QH9FHY7aKlVKosYgBq-_RbV59ibZ66L8YKF7M7DsiCJucWEXpP4j3dFGV0hmKx4Q6w&_nc_ohc=r4D0QmmvUx8Q7kNvwGw8Azr&_nc_gid=xDx7znxprigyK0VdTv9y0w&edm=AJhczIQBAAAA&ccb=7-5&ig_cache_key=MzgwNzEwMDEwODgyNzM4MjQ5Mw%3D%3D.3-ccb7-5&oh=00_AfokbyCuL-Odzm-qV0puIyKZKpquxgPmUacRglHcVThuKA&oe=6975223D&_nc_sid=4a2096'],,https://www.threads.net/@spotlight_withpradhi/post/DTViWNAgYym,[],"{'likes': 71, 'reposts': 2, 'quotes': 0}",threads,3807100119388621990,Pranav Pradhi,,"Modi’s diplomacy with Trump is letting India down. India could learn a thing or two from Denmark. Start with self-respect. The nation comes first, and no matter who you are, threats — military or economic — shouldn’t be tolerated. Also at this moment, India needs Indira Gandhi–style firmness to deal with a Nixonian Trump, not silence dressed up as diplomacy.",threads,76959453353,spotlight_withpradhi
[],2026-01-20T14:57:03.502431+07:00,"* Yes, I’m Ukrainian.
* Yes, I speak 5 languages (no, “sarcasm” is not officially one of them, but I’m fluent 😁) 
* Yes, I studied diplomacy — shocking, Ukrainians actually go to universities, not just trenches.
* Yes, I know history of the world well and this why loving my own country Do not make me Nazz*
* Yes, I have buy it my own apartement in Kyiv at the age of 28, not OF money was involved (I don’t have OF)
Also:
* I have lost my aunty this summer due to war and fact changed me forever 💔",2025-09-17T21:54:57+07:00,,3723710440980208223,threads,threads.com,threads_crawler_v1,https://www.threads.net/@maskrim/post/DOtRurBCdpf,https://instagram.fhan4-5.fna.fbcdn.net/v/t51.2885-19/468803644_1079284033838234_3063430081026732838_n.jpg?stp=dst-jpg_s150x150_tt6&efg=eyJ2ZW5jb2RlX3RhZyI6InByb2ZpbGVfcGljLmRqYW5nby4xMDgwLmMyIn0&_nc_ht=instagram.fhan4-5.fna.fbcdn.net&_nc_cat=102&_nc_oc=Q6cZ2QH9FHY7aKlVKosYgBq-_RbV59ibZ66L8YKF7M7DsiCJucWEXpP4j3dFGV0hmKx4Q6w&_nc_ohc=061GhgjkNbsQ7kNvwF9sCVC&_nc_gid=xDx7znxprigyK0VdTv9y0w&edm=AJhczIQBAAAA&ccb=7-5&oh=00_AfoqqpqYma4yOww1eAwJniKHwHSQ10Uew9vs6tHRCt6L6Q&oe=69750959&_nc_sid=4a2096,279,0,3734,25,0,['https://instagram.fhan4-3.fna.fbcdn.net/v/t51.2885-15/550223293_17884783047367008_6655521805590242116_n.jpg?stp=dst-jpg_e35_tt6&efg=eyJ2ZW5jb2RlX3RhZyI6InRocmVhZHMuRkVFRC5pbWFnZV91cmxnZW4uMTE3OXgxNDY2LnNkci5mODI3ODcuZGVmYXVsdF9pbWFnZS5jMiJ9&_nc_ht=instagram.fhan4-3.fna.fbcdn.net&_nc_cat=100&_nc_oc=Q6cZ2QH9FHY7aKlVKosYgBq-_RbV59ibZ66L8YKF7M7DsiCJucWEXpP4j3dFGV0hmKx4Q6w&_nc_ohc=UZjE9NuxfYMQ7kNvwEdEz5A&_nc_gid=xDx7znxprigyK0VdTv9y0w&edm=AJhczIQBAAAA&ccb=7-5&ig_cache_key=MzcyMzcxMDQ0MDk4MDIwODIyMw%3D%3D.3-ccb7-5&oh=00_Afp4hj140veP2wS9qID7ykCg-hw3RHreSCoSx0l8ZKAmmQ&oe=6974FF6B&_nc_sid=4a2096'],,https://www.threads.net/@maskrim/post/DOtRurBCdpf,[],"{'likes': 3734, 'reposts': 24, 'quotes': 1}",threads,3723710440980208223,maskrim,,"* Yes, I’m Ukrainian.
* Yes, I speak 5 languages (no, “sarcasm” is not officially one of them, but I’m fluent 😁) 
* Yes, I studied diplomacy — shocking, Ukrainians actually go to universities, not just trenches.
* Yes, I know history of the world well and this why loving my own country Do not make me Nazz*
* Yes, I have buy it my own apartement in Kyiv at the age of 28, not OF money was involved (I don’t have OF)
Also:
* I have lost my aunty this summer due to war and fact changed me forever 💔",threads,70859455007,maskrim
[],2026-01-20T14:57:03.502484+07:00,"“Keep your voice low. You are a UN official, not a king.""

That one line from Dr. S. Jaishankar says everything about the new India.

Where diplomacy is often about appeasement, Jaishankar has redefined it with clarity, composure and courage. Every time he speaks, the message is clear, India will engage, but never bow.",2025-10-19T18:43:29+07:00,,3746806889314182627,threads,threads.com,threads_crawler_v1,https://www.threads.net/@a.arunbarathi/post/DP_VQOvjuXj,https://instagram.fhan4-1.fna.fbcdn.net/v/t51.2885-19/515680265_17914048416115565_6255259636933553625_n.jpg?stp=dst-jpg_s150x150_tt6&efg=eyJ2ZW5jb2RlX3RhZyI6InByb2ZpbGVfcGljLmRqYW5nby4xMDI0LmMyIn0&_nc_ht=instagram.fhan4-1.fna.fbcdn.net&_nc_cat=105&_nc_oc=Q6cZ2QH9FHY7aKlVKosYgBq-_RbV59ibZ66L8YKF7M7DsiCJucWEXpP4j3dFGV0hmKx4Q6w&_nc_ohc=fx2eUilz-6wQ7kNvwGap0Wf&_nc_gid=xDx7znxprigyK0VdTv9y0w&edm=AJhczIQBAAAA&ccb=7-5&oh=00_AfrSh4TdZ6omGkUJxR7nH_WP7W3CQVu40IqVuA2tAag_hQ&oe=69750815&_nc_sid=4a2096,142,0,1067,20,0,['https://instagram.fhan3-3.fna.fbcdn.net/v/t39.30808-6/561914431_4206543802994963_2819298725687212267_n.jpg?stp=dst-jpg_e35_tt6&efg=eyJ2ZW5jb2RlX3RhZyI6InRocmVhZHMuRkVFRC5pbWFnZV91cmxnZW4uNzY4eDk2MC5zZHIuZjMwODA4LmRlZmF1bHRfaW1hZ2UuYzIifQ&_nc_ht=instagram.fhan3-3.fna.fbcdn.net&_nc_cat=111&_nc_oc=Q6cZ2QH9FHY7aKlVKosYgBq-_RbV59ibZ66L8YKF7M7DsiCJucWEXpP4j3dFGV0hmKx4Q6w&_nc_ohc=brfFxs8KoIAQ7kNvwHHxiql&_nc_gid=xDx7znxprigyK0VdTv9y0w&edm=AJhczIQAAAAA&ccb=7-5&ig_cache_key=Mzc0NjgwNjg4OTMxNDE4MjYyNw%3D%3D.3-ccb7-5&oh=00_AfoWL9m4ifpsweFitr4bUANeWOkwMe1c4q-lPljDt9stOw&oe=6974F38C&_nc_sid=4a2096'],,https://www.threads.net/@a.arunbarathi/post/DP_VQOvjuXj,[],"{'likes': 1067, 'reposts': 20, 'quotes': 0}",threads,3746806889314182627,Arun Barathi,,"“Keep your voice low. You are a UN official, not a king.""

That one line from Dr. S. Jaishankar says everything about the new India.

Where diplomacy is often about appeasement, Jaishankar has redefined it with clarity, composure and courage. Every time he speaks, the message is clear, India will engage, but never bow.",threads,63429627564,a.arunbarathi
[],2026-01-20T14:57:03.502536+07:00,"The idea that Carney needs to get something out of Trump to be successful on this next trip is nonsense. Trump is a lunatic, a certifiable babbling idiot. Anything he promises is not worth a roll of toilet paper, any thing he gets in return is never enough. The trip is a matter of diplomacy, trying to minimize the damage to our economy. Carney has done an amazing job so far, and does not need to meet some news cycle expectation or CPC timeline.",2025-10-06T10:33:20+07:00,,3737138105762592621,threads,threads.com,threads_crawler_v1,https://www.threads.net/@jamesthomsonwpg_art/post/DPc-06Wjjdt,https://instagram.fhan4-6.fna.fbcdn.net/v/t51.2885-19/358167172_121464194328921_49985034899004140_n.jpg?stp=dst-jpg_s150x150_tt6&efg=eyJ2ZW5jb2RlX3RhZyI6InByb2ZpbGVfcGljLmRqYW5nby4xMDAxLmMyIn0&_nc_ht=instagram.fhan4-6.fna.fbcdn.net&_nc_cat=109&_nc_oc=Q6cZ2QH9FHY7aKlVKosYgBq-_RbV59ibZ66L8YKF7M7DsiCJucWEXpP4j3dFGV0hmKx4Q6w&_nc_ohc=WzVfWmxMdPkQ7kNvwHQNRMQ&_nc_gid=xDx7znxprigyK0VdTv9y0w&edm=AJhczIQBAAAA&ccb=7-5&oh=00_AfotutsTNITYD1dHGCChOh1XZD-aAk_GZ1iZ-ksAEC7NrA&oe=6974FB38&_nc_sid=4a2096,147,0,2463,238,0,[],,https://www.threads.net/@jamesthomsonwpg_art/post/DPc-06Wjjdt,[],"{'likes': 2463, 'reposts': 228, 'quotes': 10}",threads,3737138105762592621,Jim Thomson,Canadiannews,"The idea that Carney needs to get something out of Trump to be successful on this next trip is nonsense. Trump is a lunatic, a certifiable babbling idiot. Anything he promises is not worth a roll of toilet paper, any thing he gets in return is never enough. The trip is a matter of diplomacy, trying to minimize the damage to our economy. Carney has done an amazing job so far, and does not need to meet some news cycle expectation or CPC timeline.",threads,63096960540,jamesthomsonwpg_art
[],2026-01-20T14:57:03.502600+07:00,"MAGA spent years calling Obama a terrorist.
Now Trump’s grinning through a photo-op
with a man who planted bombs under our troops in Iraq.

That’s not diplomacy.
That’s spitting on every veteran who served.
And calling it “peace” doesn’t make it less disgraceful.",2025-11-12T02:48:07+07:00,,3763720657591416896,threads,threads.com,threads_crawler_v1,https://www.threads.net/@h4ckedreality/post/DQ7a_89iThA,https://instagram.fhan3-3.fna.fbcdn.net/v/t51.2885-19/583436488_17901848334314558_1153688725454448640_n.jpg?stp=dst-jpg_s150x150_tt6&efg=eyJ2ZW5jb2RlX3RhZyI6InByb2ZpbGVfcGljLmRqYW5nby45NTYuYzIifQ&_nc_ht=instagram.fhan3-3.fna.fbcdn.net&_nc_cat=1&_nc_oc=Q6cZ2QH9FHY7aKlVKosYgBq-_RbV59ibZ66L8YKF7M7DsiCJucWEXpP4j3dFGV0hmKx4Q6w&_nc_ohc=MXLmAB7cprYQ7kNvwGmN6vg&_nc_gid=xDx7znxprigyK0VdTv9y0w&edm=AJhczIQBAAAA&ccb=7-5&oh=00_AfowdY6WZmrko5GgkYrccIBp20Aej-HmLC0rRhahDYWkXQ&oe=697516B2&_nc_sid=4a2096,376,0,10394,2131,0,['https://instagram.fhan4-5.fna.fbcdn.net/v/t51.2885-15/581186754_17901112686314558_6079052346875564083_n.jpg?stp=dst-jpg_e35_tt6&efg=eyJ2ZW5jb2RlX3RhZyI6InRocmVhZHMuRkVFRC5pbWFnZV91cmxnZW4uMTYwMHg5MDAuc2RyLmY4Mjc4Ny5kZWZhdWx0X2ltYWdlLmMyIn0&_nc_ht=instagram.fhan4-5.fna.fbcdn.net&_nc_cat=102&_nc_oc=Q6cZ2QH9FHY7aKlVKosYgBq-_RbV59ibZ66L8YKF7M7DsiCJucWEXpP4j3dFGV0hmKx4Q6w&_nc_ohc=1rtMeuS7U94Q7kNvwGwgEQx&_nc_gid=xDx7znxprigyK0VdTv9y0w&edm=AJhczIQBAAAA&ccb=7-5&ig_cache_key=Mzc2MzcyMDY1NzU5MTQxNjg5Ng%3D%3D.3-ccb7-5&oh=00_AfpXhmwn0fvuQ-naKD6c66s0DFrniaNNybqsHVbD4PenZw&oe=6974F574&_nc_sid=4a2096'],,https://www.threads.net/@h4ckedreality/post/DQ7a_89iThA,[],"{'likes': 10394, 'reposts': 2045, 'quotes': 86}",threads,3763720657591416896,Ronan V.,,"MAGA spent years calling Obama a terrorist.
Now Trump’s grinning through a photo-op
with a man who planted bombs under our troops in Iraq.

That’s not diplomacy.
That’s spitting on every veteran who served.
And calling it “peace” doesn’t make it less disgraceful.",threads,69411442557,h4ckedreality
[],2026-01-20T14:57:03.502684+07:00,"Pakistan at UN You can bomb mediators, but you can’t bomb diplomacy. Accountability is coming no veto can block history.🔥💀",2025-09-12T15:03:07+07:00,,3719879278964893442,threads,threads.com,threads_crawler_v1,https://www.threads.net/@connectwithibbi/post/DOfqn7WCecC,https://instagram.fhan3-4.fna.fbcdn.net/v/t51.2885-19/574528480_18539023633018734_6793438789214468829_n.jpg?stp=dst-jpg_s150x150_tt6&efg=eyJ2ZW5jb2RlX3RhZyI6InByb2ZpbGVfcGljLmRqYW5nby4xMDI0LmMyIn0&_nc_ht=instagram.fhan3-4.fna.fbcdn.net&_nc_cat=106&_nc_oc=Q6cZ2QH9FHY7aKlVKosYgBq-_RbV59ibZ66L8YKF7M7DsiCJucWEXpP4j3dFGV0hmKx4Q6w&_nc_ohc=fHMlxy0_DlkQ7kNvwFPFyq1&_nc_gid=xDx7znxprigyK0VdTv9y0w&edm=AJhczIQBAAAA&ccb=7-5&oh=00_AfpK-hKrCBTRaB6n0cIJADvj-7GDqTh484SzTAGdNCdutA&oe=6974FE4D&_nc_sid=4a2096,29,0,2128,213,0,['https://instagram.fhan3-4.fna.fbcdn.net/v/t51.2885-15/544345226_1434628934460714_1925248516010935273_n.jpg?stp=dst-jpg_e15_tt6&efg=eyJ2ZW5jb2RlX3RhZyI6InRocmVhZHMuQ0FST1VTRUxfSVRFTS5pbWFnZV91cmxnZW4uNjQweDM2MC5zZHIuZjcxODc4LmRlZmF1bHRfY292ZXJfZnJhbWUuYzIifQ&_nc_ht=instagram.fhan3-4.fna.fbcdn.net&_nc_cat=106&_nc_oc=Q6cZ2QH9FHY7aKlVKosYgBq-_RbV59ibZ66L8YKF7M7DsiCJucWEXpP4j3dFGV0hmKx4Q6w&_nc_ohc=Zza-S5lmXV8Q7kNvwGjSqKZ&_nc_gid=xDx7znxprigyK0VdTv9y0w&edm=AJhczIQBAAAA&ccb=7-5&ig_cache_key=MzcxOTg3ODc5MzE5NzM3MzM5Mg%3D%3D.3-ccb7-5&oh=00_Afrhd2IYCZggfMDFZwFd3BLQD_BqCp9KcHRXRMrL-goqig&oe=6975211F&_nc_sid=4a2096'],,https://www.threads.net/@connectwithibbi/post/DOfqn7WCecC,[],"{'likes': 2128, 'reposts': 205, 'quotes': 8}",threads,3719879278964893442,Ibrahim Ovic,,"Pakistan at UN You can bomb mediators, but you can’t bomb diplomacy. Accountability is coming no veto can block history.🔥💀",threads,63295544709,connectwithibbi
[],2026-01-20T14:57:03.502765+07:00,"Planets in 10th house 🪙👮🏽🧑🏽‍💻

PART 2:

♀️ Venus in the 10th house

Venus graces the 10th house with beauty and harmony. Their careers and reputations bloom through charm, artistry, and diplomacy. They may become known for their sense of style, grace, or ability to create peace.

Careers: art, fashion, design, music, diplomacy, luxury industries, event planning, or relationship counseling🎨🎭",2025-09-16T03:44:38+07:00,,3722436883462169555,threads,threads.com,threads_crawler_v1,https://www.threads.net/@cosmic_transcendence1111/post/DOowJ-JkyPT,https://instagram.fhan3-4.fna.fbcdn.net/v/t51.2885-19/566055562_17889972432358108_8811520141962752820_n.jpg?stp=dst-jpg_s150x150_tt6&efg=eyJ2ZW5jb2RlX3RhZyI6InByb2ZpbGVfcGljLmRqYW5nby4xMDgwLmMyIn0&_nc_ht=instagram.fhan3-4.fna.fbcdn.net&_nc_cat=104&_nc_oc=Q6cZ2QH9FHY7aKlVKosYgBq-_RbV59ibZ66L8YKF7M7DsiCJucWEXpP4j3dFGV0hmKx4Q6w&_nc_ohc=u1WQdZZNphgQ7kNvwEjmLPY&_nc_gid=xDx7znxprigyK0VdTv9y0w&edm=AJhczIQBAAAA&ccb=7-5&oh=00_Afp1GQvVYuEfINyEfE85jfhkCVf3OsWW7WFBxDrSLI-YhA&oe=69750192&_nc_sid=4a2096,7,0,49,1,0,[],,https://www.threads.net/@cosmic_transcendence1111/post/DOowJ-JkyPT,[],"{'likes': 49, 'reposts': 1, 'quotes': 0}",threads,3722436883462169555,Pandora's Box 🔮,vedicastrology,"Planets in 10th house 🪙👮🏽🧑🏽‍💻

PART 2:

♀️ Venus in the 10th house

Venus graces the 10th house with beauty and harmony. Their careers and reputations bloom through charm, artistry, and diplomacy. They may become known for their sense of style, grace, or ability to create peace.

Careers: art, fashion, design, music, diplomacy, luxury industries, event planning, or relationship counseling🎨🎭",threads,70698750107,cosmic_transcendence1111
[],2026-01-20T14:57:03.502849+07:00,"VP SARA DUTERTE LEADERSHIP:
1.) Bad Governance 
2.) Zero Accountability 
3.) Zero Transparency 
4.) Zero Credibility 
5.) Incompetence In Duty 
6.) Negligence In Duty 
7.) Abuse of Power & Authority
8.) Inarticulate In Public Speaking 
9.) Lack of Diplomacy 
10.) Poor Judgment & Wisdom",2025-12-20T17:16:50+07:00,,3791699378105682329,threads,threads.com,threads_crawler_v1,https://www.threads.net/@boyd_batts/post/DSe0n6_DwmZ,https://instagram.fsse2-1.fna.fbcdn.net/v/t51.2885-19/573323465_1219825463302212_7278921664109726296_n.png?stp=dst-jpg_e0_s150x150_tt6&efg=eyJ2ZW5jb2RlX3RhZyI6InByb2ZpbGVfcGljLmRqYW5nby4xNTAuYzIifQ&_nc_ht=instagram.fsse2-1.fna.fbcdn.net&_nc_cat=1&_nc_oc=Q6cZ2QH1XoyDWiETUFuNB11OQQDXdoaSBHLT-WbvO0mH3W7hVIuZeZEjqVrOYiys0nqtlwTFs1MH6Ecf5uUyXENjMr7V&_nc_ohc=I-OAmjM3FnMQ7kNvwF6YURb&_nc_gid=NNat-AG11AAdMbq_djB7_A&edm=AOc7dhkBAAAA&ccb=7-5&ig_cache_key=YW5vbnltb3VzX3Byb2ZpbGVfcGlj.3-ccb7-5&oh=00_AfqE7J0grMNyh09qEJlbrRM4A4wkH50WAkv2pAioQxOldQ&oe=6974F0EA&_nc_sid=7a57f6,455,0,1651,123,0,[],,https://www.threads.net/@boyd_batts/post/DSe0n6_DwmZ,[],"{'likes': 1651, 'reposts': 115, 'quotes': 8}",threads,3791699378105682329,boyd batts,Philippines Threads,"VP SARA DUTERTE LEADERSHIP:
1.) Bad Governance 
2.) Zero Accountability 
3.) Zero Transparency 
4.) Zero Credibility 
5.) Incompetence In Duty 
6.) Negligence In Duty 
7.) Abuse of Power & Authority
8.) Inarticulate In Public Speaking 
9.) Lack of Diplomacy 
10.) Poor Judgment & Wisdom",threads,69947593356,boyd_batts
[],2026-01-20T14:57:03.502934+07:00,"Sauli Niinistö (Finland) 🇫🇮
President known for steady leadership, promoting diplomacy, and representing Finland globally.
Lesson: Calm, consistent action builds trust and lasting impact.",2026-01-18T22:02:11+07:00,,3812861493000040296,threads,threads.com,threads_crawler_v1,https://www.threads.net/@histotrend_studios/post/DTqAVOUCG9o,https://instagram.fhan4-1.fna.fbcdn.net/v/t51.2885-19/587401241_17864574060555305_6554099769473814090_n.jpg?stp=dst-jpg_s150x150_tt6&efg=eyJ2ZW5jb2RlX3RhZyI6InByb2ZpbGVfcGljLmRqYW5nby4xMDgwLmMyIn0&_nc_ht=instagram.fhan4-1.fna.fbcdn.net&_nc_cat=105&_nc_oc=Q6cZ2QH9FHY7aKlVKosYgBq-_RbV59ibZ66L8YKF7M7DsiCJucWEXpP4j3dFGV0hmKx4Q6w&_nc_ohc=bAn3gzIUFfUQ7kNvwHIP8MF&_nc_gid=xDx7znxprigyK0VdTv9y0w&edm=AJhczIQBAAAA&ccb=7-5&oh=00_AfozEpyWGqzuZxlg19dsZHBLPAXmizuaB1n9jfu-iYp56g&oe=6974FE1B&_nc_sid=4a2096,2,0,54,2,0,['https://instagram.fhan4-1.fna.fbcdn.net/v/t51.2885-15/618494174_17865492978555305_2209146658777547956_n.webp?efg=eyJ2ZW5jb2RlX3RhZyI6InRocmVhZHMuQ0FST1VTRUxfSVRFTS5pbWFnZV91cmxnZW4uNzM2eDExMDQuc2RyLmY4Mjc4Ny5kZWZhdWx0X2ltYWdlLmMyIn0&_nc_ht=instagram.fhan4-1.fna.fbcdn.net&_nc_cat=105&_nc_oc=Q6cZ2QH9FHY7aKlVKosYgBq-_RbV59ibZ66L8YKF7M7DsiCJucWEXpP4j3dFGV0hmKx4Q6w&_nc_ohc=tQFKo_gNt70Q7kNvwGAvK6w&_nc_gid=xDx7znxprigyK0VdTv9y0w&edm=AJhczIQBAAAA&ccb=7-5&ig_cache_key=MzgxMjg2MTQ4MjQ4MDcwNTYyMQ%3D%3D.3-ccb7-5&oh=00_AfqBoFtMGapfksh45dZYlsTV5NSq4Nu3pK-f-Il7mt8jNw&oe=6975159F&_nc_sid=4a2096'],,https://www.threads.net/@histotrend_studios/post/DTqAVOUCG9o,[],"{'likes': 54, 'reposts': 1, 'quotes': 1}",threads,3812861493000040296,Jessee Waiti,,"Sauli Niinistö (Finland) 🇫🇮
President known for steady leadership, promoting diplomacy, and representing Finland globally.
Lesson: Calm, consistent action builds trust and lasting impact.",threads,76758619304,histotrend_studios
[],2026-01-20T14:57:03.503039+07:00,"UN, tonight 09-22-25 : recognition of the State of Palestine. A message of peace and hope for humanity. The Palestinian delegation stands and rejoices; the Israeli delegation is not in the room. Two images facing each other—history leaning toward peace. Proud of France ! 

#un #unitednations #palestine #israel #recognition #france #macron #peace #diplomacy #twostates #middleeast",2025-09-23T04:23:51+07:00,,3727530037563214930,threads,threads.com,threads_crawler_v1,https://www.threads.net/@thegargaratchi/post/DO62NHijcxS,https://instagram.fhan4-5.fna.fbcdn.net/v/t51.2885-19/459028474_434561059054527_1533446144255915263_n.jpg?stp=dst-jpg_s150x150_tt6&efg=eyJ2ZW5jb2RlX3RhZyI6InByb2ZpbGVfcGljLmRqYW5nby43ODkuYzIifQ&_nc_ht=instagram.fhan4-5.fna.fbcdn.net&_nc_cat=103&_nc_oc=Q6cZ2QH9FHY7aKlVKosYgBq-_RbV59ibZ66L8YKF7M7DsiCJucWEXpP4j3dFGV0hmKx4Q6w&_nc_ohc=yiKMRJ4K0nEQ7kNvwGV3usy&_nc_gid=xDx7znxprigyK0VdTv9y0w&edm=AJhczIQBAAAA&ccb=7-5&oh=00_AfqePGmH30W5rdfwKyEGaUZCXIZCF4B8AEJKdS9jc957ZA&oe=6974ECAA&_nc_sid=4a2096,286,0,13769,664,0,"['https://instagram.fhan3-3.fna.fbcdn.net/v/t51.2885-15/603951659_18524085454064437_414424003655648669_n.jpg?stp=dst-jpg_e15_tt6&efg=eyJ2ZW5jb2RlX3RhZyI6InRocmVhZHMuRkVFRC5pbWFnZV91cmxnZW4uMTI5MHgyMjkyLnNkci5mODI3ODcuZGVmYXVsdF9jb3Zlcl9mcmFtZS5jMiJ9&_nc_ht=instagram.fhan3-3.fna.fbcdn.net&_nc_cat=101&_nc_oc=Q6cZ2QH9FHY7aKlVKosYgBq-_RbV59ibZ66L8YKF7M7DsiCJucWEXpP4j3dFGV0hmKx4Q6w&_nc_ohc=30WOk1AUOvgQ7kNvwGg9LTE&_nc_gid=xDx7znxprigyK0VdTv9y0w&edm=AJhczIQBAAAA&ccb=7-5&ig_cache_key=MzcyNzUzMDAzNzU2MzIxNDkzMA%3D%3D.3-ccb7-5&oh=00_AfqG5vjZslFLqcj9sv_KB_7xrj9XX6vAfd3_XtMz6xjOvA&oe=69751C22&_nc_sid=4a2096', 'https://instagram.fhan4-6.fna.fbcdn.net/o1/v/t2/f2/m86/AQNEb7I-2c45k3_TWQOMPxeIzOjnAE6M7yUA08XX9dzRDgnTZIzjkeydR_K73CDrGtI0witopvzs9ovUl2QPCW5nx9hHRRi3SQpdODo.mp4?_nc_cat=109&_nc_oc=Adlh054ccQ5ICyJpLNXoOfILIF4PsuqJlG1amtrLBuwvvh8Sk2ghwN76gzuUYjYjbHQ&_nc_sid=5e9851&_nc_ht=instagram.fhan4-6.fna.fbcdn.net&_nc_ohc=rIB-5DkbKggQ7kNvwELrLRW&efg=eyJ2ZW5jb2RlX3RhZyI6Inhwdl9wcm9ncmVzc2l2ZS5JTlNUQUdSQU0uRkVFRC5DMy43MjAuZGFzaF9iYXNlbGluZV8xX3YxIiwieHB2X2Fzc2V0X2lkIjo0MTQwOTk1MzIyODI1ODk1LCJhc3NldF9hZ2VfZGF5cyI6MTE5LCJ2aV91c2VjYXNlX2lkIjoxMDA5OSwiZHVyYXRpb25fcyI6NDYsInVybGdlbl9zb3VyY2UiOiJ3d3cifQ%3D%3D&ccb=17-1&_nc_gid=xDx7znxprigyK0VdTv9y0w&_nc_zt=28&vs=782210f090c910a1&_nc_vs=HBksFQIYUmlnX3hwdl9yZWVsc19wZXJtYW5lbnRfc3JfcHJvZC8xQjQ5NjVCOTE5NkFENzNGNzUxMjYwMTBEMEJEMTlBOF92aWRlb19kYXNoaW5pdC5tcDQVAALIARIAFQIYR2lnX3hwdl9yZWVsc19wZXJtYW5lbnRfc3JfcHJvZC8xNDY3ODkzOTk3Nzc3NDk3XzI5NzI2ODM5OTYzNzgzNjUwOTcubXA0FQICyAESACgAGAAbAogHdXNlX29pbAExEnByb2dyZXNzaXZlX3JlY2lwZQExFQAAJs6y3rPTjdsOFQIoAkMzLBdARwAAAAAAABgSZGFzaF9iYXNlbGluZV8xX3YxEQB16gdl5p0BAA&oh=00_AfoWE_akOPO9FcSXsa-8pIityKoJOsOd7Rc-uE90d_ieKA&oe=69710126']",,https://www.threads.net/@thegargaratchi/post/DO62NHijcxS,[],"{'likes': 13769, 'reposts': 638, 'quotes': 26}",threads,3727530037563214930,thegargaratchi,,"UN, tonight 09-22-25 : recognition of the State of Palestine. A message of peace and hope for humanity. The Palestinian delegation stands and rejoices; the Israeli delegation is not in the room. Two images facing each other—history leaning toward peace. Proud of France ! 

#un #unitednations #palestine #israel #recognition #france #macron #peace #diplomacy #twostates #middleeast",threads,68995646618,thegargaratchi
[],2026-01-20T14:57:03.503134+07:00,"FACTS ABOUT DR. S JAI SHANKAR :-

Dr S Jaishankar married to a Japanese woman Kyoko., has two sons—Dhruva and Arjun—and a daughter, Medha.

He is the son of K Subrahmanyam, Ex-IAS and topper of his batch. A strategic thinker and doyen of nuclear diplomacy.

Aged 67 , he speaks Tamil, Hindi, English, Russian, Japanese, Chinese and some Hungarian.",2025-09-11T16:29:58+07:00,,3719198211857972004,threads,threads.com,threads_crawler_v1,https://www.threads.net/@anurag.decodes/post/DOdPxGLD_sk,https://instagram.fhan4-6.fna.fbcdn.net/v/t51.2885-19/552492005_17851749255552788_5204480796209453850_n.jpg?stp=dst-jpg_s150x150_tt6&efg=eyJ2ZW5jb2RlX3RhZyI6InByb2ZpbGVfcGljLmRqYW5nby4xMDgwLmMyIn0&_nc_ht=instagram.fhan4-6.fna.fbcdn.net&_nc_cat=108&_nc_oc=Q6cZ2QH9FHY7aKlVKosYgBq-_RbV59ibZ66L8YKF7M7DsiCJucWEXpP4j3dFGV0hmKx4Q6w&_nc_ohc=xB0siXdibgkQ7kNvwE_yyl9&_nc_gid=xDx7znxprigyK0VdTv9y0w&edm=AJhczIQBAAAA&ccb=7-5&oh=00_Afo-uin8tpxmE14FdAq3H86dBJrKrzGpBEcqSXoVAdDXnw&oe=6975072C&_nc_sid=4a2096,379,0,7563,89,0,['https://instagram.fhan4-6.fna.fbcdn.net/v/t51.2885-15/543840099_17849546784552788_6738568616784803126_n.webp?efg=eyJ2ZW5jb2RlX3RhZyI6InRocmVhZHMuRkVFRC5pbWFnZV91cmxnZW4uMTA4MHgxMjg1LnNkci5mODI3ODcuZGVmYXVsdF9pbWFnZS5jMiJ9&_nc_ht=instagram.fhan4-6.fna.fbcdn.net&_nc_cat=108&_nc_oc=Q6cZ2QH9FHY7aKlVKosYgBq-_RbV59ibZ66L8YKF7M7DsiCJucWEXpP4j3dFGV0hmKx4Q6w&_nc_ohc=yYFQ7vY2-RoQ7kNvwG6Jv5U&_nc_gid=xDx7znxprigyK0VdTv9y0w&edm=AJhczIQBAAAA&ccb=7-5&ig_cache_key=MzcxOTE5ODIxMTg1Nzk3MjAwNA%3D%3D.3-ccb7-5&oh=00_AfphReqCHLXMZni52bfT8hWRYO32aF4-zNP5-yquKAx3ZQ&oe=697505AB&_nc_sid=4a2096'],,https://www.threads.net/@anurag.decodes/post/DOdPxGLD_sk,[],"{'likes': 7563, 'reposts': 82, 'quotes': 7}",threads,3719198211857972004,Anurag Sharma,,"FACTS ABOUT DR. S JAI SHANKAR :-

Dr S Jaishankar married to a Japanese woman Kyoko., has two sons—Dhruva and Arjun—and a daughter, Medha.

He is the son of K Subrahmanyam, Ex-IAS and topper of his batch. A strategic thinker and doyen of nuclear diplomacy.

Aged 67 , he speaks Tamil, Hindi, English, Russian, Japanese, Chinese and some Hungarian.",threads,76781776787,anurag.decodes
[],2026-01-20T14:57:03.503227+07:00,"This is torture for President Zelenskyy, look at his face. He has so much self control. Today was a lesson in diplomacy 💙🇺🇦💛",2025-08-19T07:30:23+07:00,,3702256788338399484,threads,threads.com,threads_crawler_v1,https://www.threads.net/@ohhenrylove/post/DNhDu8AMFj8,https://instagram.fhan4-1.fna.fbcdn.net/v/t51.2885-19/607265008_17937650865126413_5915308386916094915_n.jpg?stp=dst-jpg_s150x150_tt6&efg=eyJ2ZW5jb2RlX3RhZyI6InByb2ZpbGVfcGljLmRqYW5nby43MTYuYzIifQ&_nc_ht=instagram.fhan4-1.fna.fbcdn.net&_nc_cat=105&_nc_oc=Q6cZ2QH9FHY7aKlVKosYgBq-_RbV59ibZ66L8YKF7M7DsiCJucWEXpP4j3dFGV0hmKx4Q6w&_nc_ohc=Wy7GZfY53PUQ7kNvwHNaG2S&_nc_gid=xDx7znxprigyK0VdTv9y0w&edm=AJhczIQBAAAA&ccb=7-5&oh=00_AfoIFTZi60vznTv2_dwRz5CZRc35FXKr73_mJEv8Awk6Aw&oe=6974FAAA&_nc_sid=4a2096,385,0,303,36,0,[],,https://www.threads.net/@ohhenrylove/post/DNhDu8AMFj8,[],"{'likes': 303, 'reposts': 32, 'quotes': 4}",threads,3702256788338399484,Tammy,,"This is torture for President Zelenskyy, look at his face. He has so much self control. Today was a lesson in diplomacy 💙🇺🇦💛",threads,63679534412,ohhenrylove
[],2026-01-20T14:57:03.503330+07:00,"BREAKING: A wave of defections begins. Alireza Jirani Hokmabad, a senior diplomat at Iran’s UN mission in Geneva, has quit and asked for asylum in Switzerland. This could be a turning point. 🕊️🇨🇭

#Iran #Diplomacy #AsylumSeeking #Geneva #HumanRights #NewsUPDATE",2026-01-18T23:14:03+07:00,,3812897664694755071,threads,threads.com,threads_crawler_v1,https://www.threads.net/@ceanmedia/post/DTqIjl1DB7_,https://instagram.fhan3-3.fna.fbcdn.net/v/t51.2885-19/516231298_18054533744527829_2727005556179792588_n.jpg?stp=dst-jpg_s150x150_tt6&efg=eyJ2ZW5jb2RlX3RhZyI6InByb2ZpbGVfcGljLmRqYW5nby4xMDI0LmMyIn0&_nc_ht=instagram.fhan3-3.fna.fbcdn.net&_nc_cat=1&_nc_oc=Q6cZ2QH9FHY7aKlVKosYgBq-_RbV59ibZ66L8YKF7M7DsiCJucWEXpP4j3dFGV0hmKx4Q6w&_nc_ohc=cSpcTOuUZeoQ7kNvwFMHFgP&_nc_gid=xDx7znxprigyK0VdTv9y0w&edm=AJhczIQBAAAA&ccb=7-5&oh=00_AfpSpDyBuxCM42A3G3r23bzQW6FQAzvERw6dFSeyy-h1Fg&oe=69751028&_nc_sid=4a2096,6,0,34,12,0,['https://instagram.fhan4-5.fna.fbcdn.net/v/t51.2885-15/618921424_17940074961110690_1263353799146407983_n.jpg?stp=dst-jpg_e35_tt6&efg=eyJ2ZW5jb2RlX3RhZyI6InRocmVhZHMuRkVFRC5pbWFnZV91cmxnZW4uNTc2eDU3Ni5zZHIuZjgyNzg3LmRlZmF1bHRfaW1hZ2UuYzIifQ&_nc_ht=instagram.fhan4-5.fna.fbcdn.net&_nc_cat=102&_nc_oc=Q6cZ2QH9FHY7aKlVKosYgBq-_RbV59ibZ66L8YKF7M7DsiCJucWEXpP4j3dFGV0hmKx4Q6w&_nc_ohc=OFhfFCDvEIwQ7kNvwFjE7v7&_nc_gid=xDx7znxprigyK0VdTv9y0w&edm=AJhczIQBAAAA&ccb=7-5&ig_cache_key=MzgxMjg5NzY2NDY5NDc1NTA3MQ%3D%3D.3-ccb7-5&oh=00_AfpixqM-tOiul8yeko_9uhCHMPW0O5aZ-FR_ETUJ58gDqw&oe=6974FDC1&_nc_sid=4a2096'],,https://www.threads.net/@ceanmedia/post/DTqIjl1DB7_,[],"{'likes': 34, 'reposts': 8, 'quotes': 4}",threads,3812897664694755071,CEAN,,"BREAKING: A wave of defections begins. Alireza Jirani Hokmabad, a senior diplomat at Iran’s UN mission in Geneva, has quit and asked for asylum in Switzerland. This could be a turning point. 🕊️🇨🇭

#Iran #Diplomacy #AsylumSeeking #Geneva #HumanRights #NewsUPDATE",threads,63158934689,ceanmedia
[],2026-01-20T14:57:03.503424+07:00,"Many thanks to Inside Taiwan for this insightful interview. Culture has the power to connect people beyond language, borders, and politics, and to build genuine understanding. I truly appreciated the opportunity to share my reflections on how culture can contribute to diplomacy with Francophone communities.",2026-01-12T22:42:14+07:00,,3808532994593116522,threads,threads.com,threads_crawler_v1,https://www.threads.net/@freddylimtt/post/DTaoJSCE9Fq,https://instagram.fhan3-4.fna.fbcdn.net/v/t51.2885-19/432308332_7689672867709314_6447498334098232809_n.jpg?stp=dst-jpg_s150x150_tt6&efg=eyJ2ZW5jb2RlX3RhZyI6InByb2ZpbGVfcGljLmRqYW5nby4xMDgwLmMyIn0&_nc_ht=instagram.fhan3-4.fna.fbcdn.net&_nc_cat=106&_nc_oc=Q6cZ2QH9FHY7aKlVKosYgBq-_RbV59ibZ66L8YKF7M7DsiCJucWEXpP4j3dFGV0hmKx4Q6w&_nc_ohc=E9RKX5ObUdUQ7kNvwEymjLI&_nc_gid=xDx7znxprigyK0VdTv9y0w&edm=AJhczIQBAAAA&ccb=7-5&oh=00_Afo5qwqWT3dKfwQAidl76-qrV8-F3GXKLnrhM3m57mh09A&oe=69750822&_nc_sid=4a2096,5,0,1041,50,0,['https://instagram.fhan3-3.fna.fbcdn.net/v/t51.2885-15/615771843_17945503131098605_7597171493803882115_n.jpg?stp=dst-jpg_e35_tt6&efg=eyJ2ZW5jb2RlX3RhZyI6InRocmVhZHMuRkVFRC5pbWFnZV91cmxnZW4uMTI5MHgxNjA5LnNkci5mODI3ODcuZGVmYXVsdF9pbWFnZS5jMiJ9&_nc_ht=instagram.fhan3-3.fna.fbcdn.net&_nc_cat=101&_nc_oc=Q6cZ2QH9FHY7aKlVKosYgBq-_RbV59ibZ66L8YKF7M7DsiCJucWEXpP4j3dFGV0hmKx4Q6w&_nc_ohc=YaQt2yUpnPEQ7kNvwHuOJ6L&_nc_gid=xDx7znxprigyK0VdTv9y0w&edm=AJhczIQBAAAA&ccb=7-5&ig_cache_key=MzgwODUzMjk5NDU5MzExNjUyMg%3D%3D.3-ccb7-5&oh=00_AfrTILOZALbn5iNGd_Zsc6pi3AZRSZvlUt0VG15Cgxhbsw&oe=69751D98&_nc_sid=4a2096'],,https://www.threads.net/@freddylimtt/post/DTaoJSCE9Fq,[],"{'likes': 1041, 'reposts': 48, 'quotes': 2}",threads,3808532994593116522,Freddy Lim 林昶佐,,"Many thanks to Inside Taiwan for this insightful interview. Culture has the power to connect people beyond language, borders, and politics, and to build genuine understanding. I truly appreciated the opportunity to share my reflections on how culture can contribute to diplomacy with Francophone communities.",threads,63104338604,freddylimtt
[],2026-01-20T14:57:03.503517+07:00,"Trời ơi tôi yêu 2 người này quá đi mất. Đẹp quáaaa

EMIBONNIE DIPLOMACY AWARD
#GMMTVxTPDA2025",2025-12-02T17:48:30+07:00,,3778669354683412729,threads,threads.com,threads_crawler_v1,https://www.threads.net/@eb.us_/post/DRwh8IBjzD5,https://instagram.fhan4-6.fna.fbcdn.net/v/t51.2885-19/610852215_17897756547367640_8108313134171747040_n.jpg?stp=dst-jpg_s150x150_tt6&efg=eyJ2ZW5jb2RlX3RhZyI6InByb2ZpbGVfcGljLmRqYW5nby4xMDAwLmMyIn0&_nc_ht=instagram.fhan4-6.fna.fbcdn.net&_nc_cat=108&_nc_oc=Q6cZ2QH9FHY7aKlVKosYgBq-_RbV59ibZ66L8YKF7M7DsiCJucWEXpP4j3dFGV0hmKx4Q6w&_nc_ohc=ddAaVkGm0W4Q7kNvwHBJX-Q&_nc_gid=xDx7znxprigyK0VdTv9y0w&edm=AJhczIQBAAAA&ccb=7-5&oh=00_Afod20Qvvyt-U06e64MJSyBV28SHbTbjbothnmy2MTmIQA&oe=69751F02&_nc_sid=4a2096,0,0,112,13,0,['https://instagram.fhan4-3.fna.fbcdn.net/v/t51.2885-15/587809715_17905868097297000_124796586855438363_n.jpg?stp=dst-jpg_e35_tt6&efg=eyJ2ZW5jb2RlX3RhZyI6InRocmVhZHMuQ0FST1VTRUxfSVRFTS5pbWFnZV91cmxnZW4uMTQ0MHgxOTIwLnNkci5mODI3ODcuZGVmYXVsdF9pbWFnZS5jMiJ9&_nc_ht=instagram.fhan4-3.fna.fbcdn.net&_nc_cat=100&_nc_oc=Q6cZ2QH9FHY7aKlVKosYgBq-_RbV59ibZ66L8YKF7M7DsiCJucWEXpP4j3dFGV0hmKx4Q6w&_nc_ohc=iyL4qDggpBEQ7kNvwHP-vsP&_nc_gid=xDx7znxprigyK0VdTv9y0w&edm=AJhczIQBAAAA&ccb=7-5&ig_cache_key=Mzc3ODY2OTM0MzMwODQ4MDU1Ng%3D%3D.3-ccb7-5&oh=00_Afou5QYSG7MCt9fmsn_njBYITHIwgPm0WxI76HSCEwnkyA&oe=697509C8&_nc_sid=4a2096'],,https://www.threads.net/@eb.us_/post/DRwh8IBjzD5,[],"{'likes': 112, 'reposts': 12, 'quotes': 1}",threads,3778669354683412729,𝙀𝘽𝙪𝙨_𝟵𝟴𝟬𝟰,EmiBonnie,"Trời ơi tôi yêu 2 người này quá đi mất. Đẹp quáaaa

EMIBONNIE DIPLOMACY AWARD
#GMMTVxTPDA2025",threads,70931167639,eb.us_
[],2026-01-20T14:57:03.503615+07:00,"Travel Boycott Tensions

Many Israelis are declaring they will never travel to any place that recognizes Palestine as a state.
This growing sentiment reflects rising political tensions and deepening divisions in the ongoing conflict.

#israel #palestine #travelboycott #worldnews #diplomacy #israrlnews #GlobalNews",2025-08-02T19:17:28+07:00,,3690291487669971441,threads,threads.com,threads_crawler_v1,https://www.threads.net/@woxmaxcom/post/DM2jI5YN2nx,https://instagram.fhan4-5.fna.fbcdn.net/v/t51.2885-19/481662095_8817962764974266_1888243519303585172_n.jpg?stp=dst-jpg_s150x150_tt6&efg=eyJ2ZW5jb2RlX3RhZyI6InByb2ZpbGVfcGljLmRqYW5nby4xMDgwLmMyIn0&_nc_ht=instagram.fhan4-5.fna.fbcdn.net&_nc_cat=102&_nc_oc=Q6cZ2QH9FHY7aKlVKosYgBq-_RbV59ibZ66L8YKF7M7DsiCJucWEXpP4j3dFGV0hmKx4Q6w&_nc_ohc=iTaT1fG4khgQ7kNvwHf6jaI&_nc_gid=xDx7znxprigyK0VdTv9y0w&edm=AJhczIQBAAAA&ccb=7-5&oh=00_Afr44VQdJ_yytpQEkpWXTA_zH2h-IbPtoHDvFAn7UbVV_A&oe=69750888&_nc_sid=4a2096,2237,0,3141,146,0,['https://instagram.fhan4-5.fna.fbcdn.net/v/t51.2885-15/527494526_17870172993410150_3949759557794825442_n.webp?efg=eyJ2ZW5jb2RlX3RhZyI6InRocmVhZHMuRkVFRC5pbWFnZV91cmxnZW4uMTY4N3gyMTA5LnNkci5mODI3ODcuZGVmYXVsdF9pbWFnZS5jMiJ9&_nc_ht=instagram.fhan4-5.fna.fbcdn.net&_nc_cat=102&_nc_oc=Q6cZ2QH9FHY7aKlVKosYgBq-_RbV59ibZ66L8YKF7M7DsiCJucWEXpP4j3dFGV0hmKx4Q6w&_nc_ohc=siyepV8skLcQ7kNvwEbIjBb&_nc_gid=xDx7znxprigyK0VdTv9y0w&edm=AJhczIQBAAAA&ccb=7-5&ig_cache_key=MzY5MDI5MTQ4NzY2OTk3MTQ0MQ%3D%3D.3-ccb7-5&oh=00_AfpKb3kxN0eV8krixhymV-AYx7jL2UDFJyvHLIWANZ1Qaw&oe=6974FA0F&_nc_sid=4a2096'],,https://www.threads.net/@woxmaxcom/post/DM2jI5YN2nx,[],"{'likes': 3141, 'reposts': 105, 'quotes': 41}",threads,3690291487669971441,Woxmax,,"Travel Boycott Tensions

Many Israelis are declaring they will never travel to any place that recognizes Palestine as a state.
This growing sentiment reflects rising political tensions and deepening divisions in the ongoing conflict.

#israel #palestine #travelboycott #worldnews #diplomacy #israrlnews #GlobalNews",threads,72439546149,woxmaxcom
[],2026-01-20T14:59:02.708212+07:00,"Iran was the first country to officially recognize Pakistan in 1947, soon after its independence. This historic step laid the foundation for strong diplomatic and brotherly relations between Pakistan and Iran.

Disclaimer: This content is shared for informational, educational, and public awareness purposes only.

#PakSphere #PakistanHistory #IranPakistanRelations #OnThisDay #HistoricalFacts Pakistan Diplomacy Independence1947",2026-01-19T01:52:13+07:00,,3812977274606420963,threads,threads.com,threads_crawler_v1,https://www.threads.net/@paksphereofficial/post/DTqaqEVjYPj,https://instagram.fhan4-3.fna.fbcdn.net/v/t51.2885-19/503552999_17864681532403020_849208447412308803_n.jpg?stp=dst-jpg_s150x150_tt6&efg=eyJ2ZW5jb2RlX3RhZyI6InByb2ZpbGVfcGljLmRqYW5nby4xMDgwLmMyIn0&_nc_ht=instagram.fhan4-3.fna.fbcdn.net&_nc_cat=100&_nc_oc=Q6cZ2QEuwxDlvbf3sAx3i33QIyxBM3G2hWwt5LKUk7D7Xmbl_ZeSSOyJ2AcKorGo_eDEDi4&_nc_ohc=9i0w3InIRfQQ7kNvwHieAYJ&_nc_gid=hMG9UG9tzyOOqEUUoeJAkQ&edm=AJhczIQBAAAA&ccb=7-5&oh=00_AfoFuyST1iSoPFAPFnvuJ74YL9eshicqT_WA9GihfLBejw&oe=6975093A&_nc_sid=4a2096,44,0,1364,32,0,['https://instagram.fhan4-3.fna.fbcdn.net/v/t51.2885-15/619504712_17892475542403020_7631566967442209659_n.webp?efg=eyJ2ZW5jb2RlX3RhZyI6InRocmVhZHMuRkVFRC5pbWFnZV91cmxnZW4uMTA4MHgxMzUwLnNkci5mODI3ODcuZGVmYXVsdF9pbWFnZS5jMiJ9&_nc_ht=instagram.fhan4-3.fna.fbcdn.net&_nc_cat=100&_nc_oc=Q6cZ2QEuwxDlvbf3sAx3i33QIyxBM3G2hWwt5LKUk7D7Xmbl_ZeSSOyJ2AcKorGo_eDEDi4&_nc_ohc=a_dlPV5gCN8Q7kNvwG6V1wj&_nc_gid=hMG9UG9tzyOOqEUUoeJAkQ&edm=AJhczIQBAAAA&ccb=7-5&ig_cache_key=MzgxMjk3NzI3NDYwNjQyMDk2Mw%3D%3D.3-ccb7-5&oh=00_AfrP5vRAM2Mj0j2cP1zO8Puayzjr36EevVjFnf6SZpiLcQ&oe=697516F5&_nc_sid=4a2096'],,https://www.threads.net/@paksphereofficial/post/DTqaqEVjYPj,[],"{'likes': 1364, 'reposts': 31, 'quotes': 1}",threads,3812977274606420963,PakSphere,,"Iran was the first country to officially recognize Pakistan in 1947, soon after its independence. This historic step laid the foundation for strong diplomatic and brotherly relations between Pakistan and Iran.

Disclaimer: This content is shared for informational, educational, and public awareness purposes only.

#PakSphere #PakistanHistory #IranPakistanRelations #OnThisDay #HistoricalFacts Pakistan Diplomacy Independence1947",threads,71973237914,paksphereofficial
[],2026-01-20T14:59:02.708343+07:00,The Sinai Peninsula's story is unique—captured by Israel in 1967 and returned to Egypt after the 1979 peace agreement. A rare example of conflict leading to lasting resolution. How does this impact regional dynamics today? 🌍,2025-08-24T01:08:13+07:00,,3705688321004972353,threads,threads.com,threads_crawler_v1,https://www.threads.net/@ceanmedia/post/DNtP-T10KlB,https://instagram.fhan3-3.fna.fbcdn.net/v/t51.2885-19/516231298_18054533744527829_2727005556179792588_n.jpg?stp=dst-jpg_s150x150_tt6&efg=eyJ2ZW5jb2RlX3RhZyI6InByb2ZpbGVfcGljLmRqYW5nby4xMDI0LmMyIn0&_nc_ht=instagram.fhan3-3.fna.fbcdn.net&_nc_cat=1&_nc_oc=Q6cZ2QEuwxDlvbf3sAx3i33QIyxBM3G2hWwt5LKUk7D7Xmbl_ZeSSOyJ2AcKorGo_eDEDi4&_nc_ohc=cSpcTOuUZeoQ7kNvwFMHFgP&_nc_gid=hMG9UG9tzyOOqEUUoeJAkQ&edm=AJhczIQBAAAA&ccb=7-5&oh=00_AfoLfIO3ch1rKGfBtP12UnaXLhHrXFrUJGRJ-9OzSJKQYg&oe=69751028&_nc_sid=4a2096,38,0,25,0,0,['https://instagram.fhan4-5.fna.fbcdn.net/v/t51.2885-15/537323129_17922900912110690_7252405013373041667_n.jpg?stp=cp6_dst-jpg_e35_tt6&efg=eyJ2ZW5jb2RlX3RhZyI6InRocmVhZHMuRkVFRC5pbWFnZV91cmxnZW4uNTcweDY4MC5zZHIuZjgyNzg3LmRlZmF1bHRfaW1hZ2UuYzIifQ&_nc_ht=instagram.fhan4-5.fna.fbcdn.net&_nc_cat=102&_nc_oc=Q6cZ2QEuwxDlvbf3sAx3i33QIyxBM3G2hWwt5LKUk7D7Xmbl_ZeSSOyJ2AcKorGo_eDEDi4&_nc_ohc=D1pQkHJLyIoQ7kNvwGJt8W4&_nc_gid=hMG9UG9tzyOOqEUUoeJAkQ&edm=AJhczIQBAAAA&ccb=7-5&ig_cache_key=MzcwNTY4ODMyMTAwNDk3MjM1Mw%3D%3D.3-ccb7-5&oh=00_AfrFCNJtXw4C1YERNY4EaDWPDT4XKuhEiM1ZO6MTh9Z25g&oe=69750121&_nc_sid=4a2096'],,https://www.threads.net/@ceanmedia/post/DNtP-T10KlB,[],"{'likes': 25, 'reposts': 0, 'quotes': 0}",threads,3705688321004972353,CEAN,MiddleEast #Peace #History #Diplomacy,The Sinai Peninsula's story is unique—captured by Israel in 1967 and returned to Egypt after the 1979 peace agreement. A rare example of conflict leading to lasting resolution. How does this impact regional dynamics today? 🌍,threads,63158934689,ceanmedia
[],2026-01-20T14:59:02.708389+07:00,"Today:

• Zina is romance.
• Riba is profit. 
• lies are diplomacy. 
• Bribery is a tip. 
• Modesty is outdated.
. Cheating is smartness.
. Morality is old-fashioned.

And if someone questions this, he is an extremist.",2025-09-02T09:14:42+07:00,,3712456156753955713,threads,threads.com,threads_crawler_v1,https://www.threads.net/@yusufpsychology/post/DOFSzSDiAuB,https://instagram.fhan4-5.fna.fbcdn.net/v/t51.2885-19/504430346_17918563401098319_1019183634724938618_n.jpg?stp=dst-jpg_s150x150_tt6&efg=eyJ2ZW5jb2RlX3RhZyI6InByb2ZpbGVfcGljLmRqYW5nby43MTYuYzIifQ&_nc_ht=instagram.fhan4-5.fna.fbcdn.net&_nc_cat=103&_nc_oc=Q6cZ2QEuwxDlvbf3sAx3i33QIyxBM3G2hWwt5LKUk7D7Xmbl_ZeSSOyJ2AcKorGo_eDEDi4&_nc_ohc=9YqPg0wqCsMQ7kNvwHJrpjZ&_nc_gid=hMG9UG9tzyOOqEUUoeJAkQ&edm=AJhczIQBAAAA&ccb=7-5&oh=00_AfoUEmbEEEslYAv6Bri46CPc9qjrZSALkYXyWnXXjsxpqw&oe=697504BD&_nc_sid=4a2096,1,0,10,1,0,[],,https://www.threads.net/@yusufpsychology/post/DOFSzSDiAuB,[],"{'likes': 10, 'reposts': 0, 'quotes': 1}",threads,3712456156753955713,Yusuf Azeez | Muslim Psychology Student,,"Today:

• Zina is romance.
• Riba is profit. 
• lies are diplomacy. 
• Bribery is a tip. 
• Modesty is outdated.
. Cheating is smartness.
. Morality is old-fashioned.

And if someone questions this, he is an extremist.",threads,75201820174,yusufpsychology
[],2026-01-20T14:59:02.708423+07:00,"“In the past 100 years, Russia has attacked at least 19 countries. None of them ever attacked Russia.”
With this striking statement, Estonian Prime Minister Kaja Kallas reminds us of a truth that diplomacy often tries to soften: there is one aggressor and one victim, and it is Ukraine — not Russia — that needs security guarantees.  1/2",2025-12-15T18:39:33+07:00,,3788117125735733509,threads,threads.com,threads_crawler_v1,https://www.threads.net/@europeandemocrats/post/DSSGHSfDVkF,https://instagram.fhan4-5.fna.fbcdn.net/v/t51.2885-19/469437442_9635009706514071_6853395980896304167_n.jpg?stp=dst-jpg_s150x150_tt6&efg=eyJ2ZW5jb2RlX3RhZyI6InByb2ZpbGVfcGljLmRqYW5nby4xMDgwLmMyIn0&_nc_ht=instagram.fhan4-5.fna.fbcdn.net&_nc_cat=103&_nc_oc=Q6cZ2QEuwxDlvbf3sAx3i33QIyxBM3G2hWwt5LKUk7D7Xmbl_ZeSSOyJ2AcKorGo_eDEDi4&_nc_ohc=NQrRhtgA21AQ7kNvwFQG-Pm&_nc_gid=hMG9UG9tzyOOqEUUoeJAkQ&edm=AJhczIQBAAAA&ccb=7-5&oh=00_Afq132HSoqRInHcIs9hIJt0wTWhZbbVaf6KJ2kSm9IBbuQ&oe=69750C16&_nc_sid=4a2096,267,0,4966,647,0,['https://instagram.fhan4-5.fna.fbcdn.net/v/t51.2885-15/601021734_17933149341126015_1452392037773688896_n.jpg?stp=dst-jpg_e35_tt6&efg=eyJ2ZW5jb2RlX3RhZyI6InRocmVhZHMuQ0FST1VTRUxfSVRFTS5pbWFnZV91cmxnZW4uMTA4MHgxMzUwLnNkci5mODI3ODcuZGVmYXVsdF9pbWFnZS5jMiJ9&_nc_ht=instagram.fhan4-5.fna.fbcdn.net&_nc_cat=103&_nc_oc=Q6cZ2QEuwxDlvbf3sAx3i33QIyxBM3G2hWwt5LKUk7D7Xmbl_ZeSSOyJ2AcKorGo_eDEDi4&_nc_ohc=xU253WohcVsQ7kNvwEXo3qK&_nc_gid=hMG9UG9tzyOOqEUUoeJAkQ&edm=AJhczIQBAAAA&ccb=7-5&ig_cache_key=Mzc4ODExNzExOTU4Njg3OTk3Nw%3D%3D.3-ccb7-5&oh=00_AfoVdOV9ErwK2tPXmXpDUf9wmSQyuTc-t5f4q8zdusaEeQ&oe=6974EC14&_nc_sid=4a2096'],,https://www.threads.net/@europeandemocrats/post/DSSGHSfDVkF,[],"{'likes': 4966, 'reposts': 619, 'quotes': 28}",threads,3788117125735733509,European Democratic Party,,"“In the past 100 years, Russia has attacked at least 19 countries. None of them ever attacked Russia.”
With this striking statement, Estonian Prime Minister Kaja Kallas reminds us of a truth that diplomacy often tries to soften: there is one aggressor and one victim, and it is Ukraine — not Russia — that needs security guarantees.  1/2",threads,63678294014,europeandemocrats
[],2026-01-20T14:59:02.708456+07:00,"In diplomacy, even the smallest details hold significant importance. 

In the official SCO family photo, Modi was positioned three national leaders away from Xi, while Sharif stood two national leaders away.",2025-09-01T15:14:25+07:00,,3711912427291235891,threads,threads.com,threads_crawler_v1,https://www.threads.net/@faisxy.khan/post/DODXK-iDVYz,https://instagram.fhan3-3.fna.fbcdn.net/v/t51.2885-19/470900688_1104115534582621_2890791982191361532_n.jpg?stp=dst-jpg_s150x150_tt6&efg=eyJ2ZW5jb2RlX3RhZyI6InByb2ZpbGVfcGljLmRqYW5nby4xMDgwLmMyIn0&_nc_ht=instagram.fhan3-3.fna.fbcdn.net&_nc_cat=101&_nc_oc=Q6cZ2QEuwxDlvbf3sAx3i33QIyxBM3G2hWwt5LKUk7D7Xmbl_ZeSSOyJ2AcKorGo_eDEDi4&_nc_ohc=63gizwOcZDkQ7kNvwGxsPB5&_nc_gid=hMG9UG9tzyOOqEUUoeJAkQ&edm=AJhczIQBAAAA&ccb=7-5&oh=00_AfqIbPVFK7nBuuEogSUO9DEynuvepUJ2cq365Af8w4NOLQ&oe=6975008C&_nc_sid=4a2096,120,0,49,0,0,['https://instagram.fhan4-6.fna.fbcdn.net/v/t39.30808-6/540372017_24124274490607989_2325461328484661540_n.jpg?stp=dst-jpg_e35_tt6&efg=eyJ2ZW5jb2RlX3RhZyI6InRocmVhZHMuRkVFRC5pbWFnZV91cmxnZW4uMjk0OHgxNDIxLnNkci5mMzA4MDguZGVmYXVsdF9pbWFnZS5jMiJ9&_nc_ht=instagram.fhan4-6.fna.fbcdn.net&_nc_cat=109&_nc_oc=Q6cZ2QEuwxDlvbf3sAx3i33QIyxBM3G2hWwt5LKUk7D7Xmbl_ZeSSOyJ2AcKorGo_eDEDi4&_nc_ohc=rsIq6YKFwRMQ7kNvwHDlJyL&_nc_gid=hMG9UG9tzyOOqEUUoeJAkQ&edm=AJhczIQAAAAA&ccb=7-5&ig_cache_key=MzcxMTkxMjQyNzI5MTIzNTg5MQ%3D%3D.3-ccb7-5&oh=00_Afo6y3SHGyHGvvtRjoVU7hard84pOSsxWB6CPFfHDBxaFw&oe=6974F1B5&_nc_sid=4a2096'],,https://www.threads.net/@faisxy.khan/post/DODXK-iDVYz,[],"{'likes': 49, 'reposts': 0, 'quotes': 0}",threads,3711912427291235891,Muhammad Faisal,,"In diplomacy, even the smallest details hold significant importance. 

In the official SCO family photo, Modi was positioned three national leaders away from Xi, while Sharif stood two national leaders away.",threads,71411156632,faisxy.khan
[],2026-01-20T14:59:02.708488+07:00,"The social media account @DiaperDiplomacy brilliantly captures the infantile absurdity of American politics. 

As Oscar Wilde once put it, “life imitates art far more than art imitates life.” In the age of Trump, politics has devolved into perpetual psychodrama and performance art.",2025-07-27T03:02:57+07:00,,3685452332977310844,threads,threads.com,threads_crawler_v1,https://www.threads.net/@ritchietorresny15/post/DMlW17Xv0x8,https://instagram.fhan4-6.fna.fbcdn.net/v/t51.2885-19/358521634_609303008010885_4623974319836272702_n.jpg?stp=dst-jpg_s150x150_tt6&efg=eyJ2ZW5jb2RlX3RhZyI6InByb2ZpbGVfcGljLmRqYW5nby4xMDgwLmMyIn0&_nc_ht=instagram.fhan4-6.fna.fbcdn.net&_nc_cat=109&_nc_oc=Q6cZ2QEuwxDlvbf3sAx3i33QIyxBM3G2hWwt5LKUk7D7Xmbl_ZeSSOyJ2AcKorGo_eDEDi4&_nc_ohc=vxT44F8rRtwQ7kNvwGP01sy&_nc_gid=hMG9UG9tzyOOqEUUoeJAkQ&edm=AJhczIQBAAAA&ccb=7-5&oh=00_AfoyJUFsyD-LlaLuvFt03VVDnJnhSdpTBtsh15jPLEbwpw&oe=6974F533&_nc_sid=4a2096,3,0,105,13,0,"['https://instagram.fhan4-5.fna.fbcdn.net/v/t51.2885-15/523097858_788364943540550_5614701839611219019_n.jpg?stp=dst-jpg_e15_tt6&efg=eyJ2ZW5jb2RlX3RhZyI6InRocmVhZHMuRkVFRC5pbWFnZV91cmxnZW4uNjQweDM2MC5zZHIuZjcxODc4LmRlZmF1bHRfY292ZXJfZnJhbWUuYzIifQ&_nc_ht=instagram.fhan4-5.fna.fbcdn.net&_nc_cat=102&_nc_oc=Q6cZ2QEuwxDlvbf3sAx3i33QIyxBM3G2hWwt5LKUk7D7Xmbl_ZeSSOyJ2AcKorGo_eDEDi4&_nc_ohc=-vUCItxQQE8Q7kNvwFZssWD&_nc_gid=hMG9UG9tzyOOqEUUoeJAkQ&edm=AJhczIQBAAAA&ccb=7-5&ig_cache_key=MzY4NTQ1MjMzMjk3NzMxMDg0NA%3D%3D.3-ccb7-5&oh=00_AfoJwj4dXNymO1AU7xcZegjbW2_RfLDFJpxDLeqlxhA5KQ&oe=69751805&_nc_sid=4a2096', 'https://instagram.fhan3-3.fna.fbcdn.net/o1/v/t2/f2/m86/AQPIzXElAWGsfXtBtlZNe3TMTJU0OGYBBfDzYb8VNQiOO5euF_zWyZqo4Yn9gFEHtK5WZcrfetS7401vJvp4aq1a3EoSOb5pmMQuNo4.mp4?_nc_cat=111&_nc_oc=Adnw9us4bdhYkFoa54u0lCVTQpucAsqONG1ErKnajZJ4jyDP0Nge-_fopCK8AL8160c&_nc_sid=5e9851&_nc_ht=instagram.fhan3-3.fna.fbcdn.net&_nc_ohc=fl4G9NgTopEQ7kNvwFbAaqW&efg=eyJ2ZW5jb2RlX3RhZyI6Inhwdl9wcm9ncmVzc2l2ZS5JTlNUQUdSQU0uRkVFRC5DMy42NDAuZGFzaF9iYXNlbGluZV8zX3YxIiwieHB2X2Fzc2V0X2lkIjoxMTA3MzQ5MjU0NjQ5MDc2LCJhc3NldF9hZ2VfZGF5cyI6MTc3LCJ2aV91c2VjYXNlX2lkIjoxMDA5OSwiZHVyYXRpb25fcyI6MTA0LCJ1cmxnZW5fc291cmNlIjoid3d3In0%3D&ccb=17-1&_nc_gid=hMG9UG9tzyOOqEUUoeJAkQ&_nc_zt=28&vs=9761ee33ce62e667&_nc_vs=HBksFQIYUmlnX3hwdl9yZWVsc19wZXJtYW5lbnRfc3JfcHJvZC84NTRDOUZENDA3N0VDRjlGQUQ0NzY2RDNCMjdCRjNCRV92aWRlb19kYXNoaW5pdC5tcDQVAALIARIAFQIYR2lnX3hwdl9yZWVsc19wZXJtYW5lbnRfc3JfcHJvZC8xNDU3OTA5ODExOTE3NTk1XzE3NzY4MDI0MjU5NjMxNDY1NzAubXA0FQICyAESACgAGAAbAogHdXNlX29pbAExEnByb2dyZXNzaXZlX3JlY2lwZQExFQAAJujTue-ayPcDFQIoAkMzLBdAWjKfvnbItBgSZGFzaF9iYXNlbGluZV8zX3YxEQB16gdl5p0BAA&oh=00_AfrpgeXZx6zfvhihJxKY0Na3wdk911NMjTDl8gdLSQavjw&oe=6970FD78']",,https://www.threads.net/@ritchietorresny15/post/DMlW17Xv0x8,[],"{'likes': 105, 'reposts': 12, 'quotes': 1}",threads,3685452332977310844,Ritchie Torres,,"The social media account DiaperDiplomacy brilliantly captures the infantile absurdity of American politics. 

As Oscar Wilde once put it, “life imitates art far more than art imitates life.” In the age of Trump, politics has devolved into perpetual psychodrama and performance art.",threads,63123325278,ritchietorresny15
[],2026-01-20T14:59:02.708519+07:00,"Dignity over diplomacy.
We are Tigers. 🇧🇩🐅

#WeAreTigers
#BangladeshCricket
#StandForDignity
#NoJusticeNoGame
#CricketWithRespect
#BoycottWithPride",2026-01-05T12:07:26+07:00,,3803140062057709157,threads,threads.com,threads_crawler_v1,https://www.threads.net/@arif_haque75/post/DTHd7yOAb5l,https://instagram.fhan3-2.fna.fbcdn.net/v/t51.2885-19/560123801_17895389406325759_3969555837432695428_n.jpg?stp=dst-jpg_s150x150_tt6&efg=eyJ2ZW5jb2RlX3RhZyI6InByb2ZpbGVfcGljLmRqYW5nby4xMDgwLmMyIn0&_nc_ht=instagram.fhan3-2.fna.fbcdn.net&_nc_cat=107&_nc_oc=Q6cZ2QEuwxDlvbf3sAx3i33QIyxBM3G2hWwt5LKUk7D7Xmbl_ZeSSOyJ2AcKorGo_eDEDi4&_nc_ohc=4J8S7jRbwP4Q7kNvwH2L9rb&_nc_gid=hMG9UG9tzyOOqEUUoeJAkQ&edm=AJhczIQBAAAA&ccb=7-5&oh=00_AfpUZAVK5TuJZeyi7rqfNxYryEzTE9rlBdHE_Qz86hORmA&oe=69750F2A&_nc_sid=4a2096,246,0,225,4,0,['https://instagram.fhan4-3.fna.fbcdn.net/v/t39.30808-6/611258792_4213520105528508_4384233265115915650_n.jpg?stp=dst-jpg_e35_tt6&efg=eyJ2ZW5jb2RlX3RhZyI6InRocmVhZHMuRkVFRC5pbWFnZV91cmxnZW4uMTUzNngxMDI0LnNkci5mMzA4MDguZGVmYXVsdF9pbWFnZS5jMiJ9&_nc_ht=instagram.fhan4-3.fna.fbcdn.net&_nc_cat=100&_nc_oc=Q6cZ2QEuwxDlvbf3sAx3i33QIyxBM3G2hWwt5LKUk7D7Xmbl_ZeSSOyJ2AcKorGo_eDEDi4&_nc_ohc=1eHhDx1VZZ8Q7kNvwE1jRQN&_nc_gid=hMG9UG9tzyOOqEUUoeJAkQ&edm=AJhczIQAAAAA&ccb=7-5&ig_cache_key=MzgwMzE0MDA2MjA1NzcwOTE1Nw%3D%3D.3-ccb7-5&oh=00_AfpakQvH-WXoD3NoaRmud5yaHHXKE6mCfvnrdSTV1bQ0AQ&oe=69751921&_nc_sid=4a2096'],,https://www.threads.net/@arif_haque75/post/DTHd7yOAb5l,[],"{'likes': 225, 'reposts': 2, 'quotes': 2}",threads,3803140062057709157,Ariful Hoque,,"Dignity over diplomacy.
We are Tigers. 🇧🇩🐅

#WeAreTigers
#BangladeshCricket
#StandForDignity
#NoJusticeNoGame
#CricketWithRespect
#BoycottWithPride",threads,69717773758,arif_haque75
[],2026-01-20T14:59:02.708550+07:00,"Star Trek: Starfleet Academy finds its heart in diplomacy and young idealism with ""Beta Test""

Our review: ",2026-01-16T00:17:06+07:00,,3810755071738686161,threads,threads.com,threads_crawler_v1,https://www.threads.net/@treknews/post/DTihYwpAKrR,https://instagram.fhan3-4.fna.fbcdn.net/v/t51.2885-19/357773511_1337903453464650_5996407334863199232_n.jpg?stp=dst-jpg_s150x150_tt6&efg=eyJ2ZW5jb2RlX3RhZyI6InByb2ZpbGVfcGljLmRqYW5nby41MDAuYzIifQ&_nc_ht=instagram.fhan3-4.fna.fbcdn.net&_nc_cat=106&_nc_oc=Q6cZ2QEuwxDlvbf3sAx3i33QIyxBM3G2hWwt5LKUk7D7Xmbl_ZeSSOyJ2AcKorGo_eDEDi4&_nc_ohc=ZXCUqg9_m8wQ7kNvwH8FDHt&_nc_gid=hMG9UG9tzyOOqEUUoeJAkQ&edm=AJhczIQBAAAA&ccb=7-5&oh=00_Afo7xbvrC7Qq85nkOOnCU1VgvyzsRdH4tVrFl__d1U8wxA&oe=6974F632&_nc_sid=4a2096,0,0,54,2,0,['https://instagram.fhan3-2.fna.fbcdn.net/v/t51.2885-15/616327682_17940119688108799_6675290025395477276_n.jpg?stp=dst-jpg_e35_tt6&efg=eyJ2ZW5jb2RlX3RhZyI6InRocmVhZHMuRkVFRC5pbWFnZV91cmxnZW4uMTA4MHgxMzUwLnNkci5mODI3ODcuZGVmYXVsdF9pbWFnZS5jMiJ9&_nc_ht=instagram.fhan3-2.fna.fbcdn.net&_nc_cat=107&_nc_oc=Q6cZ2QEuwxDlvbf3sAx3i33QIyxBM3G2hWwt5LKUk7D7Xmbl_ZeSSOyJ2AcKorGo_eDEDi4&_nc_ohc=vT_mBhphr9IQ7kNvwHHPTgQ&_nc_gid=hMG9UG9tzyOOqEUUoeJAkQ&edm=AJhczIQBAAAA&ccb=7-5&ig_cache_key=MzgxMDc1NTA3MTczODY4NjE2MQ%3D%3D.3-ccb7-5&oh=00_AfqGaCNNIEK9vfzoO9FDxlQpi0Y8FJOTtfa1nbjTDxWcMQ&oe=69751536&_nc_sid=4a2096'],,https://www.threads.net/@treknews/post/DTihYwpAKrR,[],"{'likes': 54, 'reposts': 2, 'quotes': 0}",threads,3810755071738686161,TrekNews.net,,"Star Trek: Starfleet Academy finds its heart in diplomacy and young idealism with ""Beta Test""

Our review: https://treknews.net/2026/01/15/review-star-trek-starfleet-academy-102-beta-test/",threads,63154244798,treknews
[],2026-01-20T14:59:02.708582+07:00,"If you're going to quote the Founding Fathers, include this one: “I study war and diplomacy, so that my son may study trade and commerce, so that his son may study art and music."" — John Adams",2025-10-24T01:20:59+07:00,,3749906065363491060,threads,threads.com,threads_crawler_v1,https://www.threads.net/@stefaniyasd/post/DQKV7LXEtj0,https://instagram.fhan4-1.fna.fbcdn.net/v/t51.2885-19/357828931_7292756014087325_7009597180506668502_n.jpg?stp=dst-jpg_s150x150_tt6&efg=eyJ2ZW5jb2RlX3RhZyI6InByb2ZpbGVfcGljLmRqYW5nby43NTAuYzIifQ&_nc_ht=instagram.fhan4-1.fna.fbcdn.net&_nc_cat=105&_nc_oc=Q6cZ2QEuwxDlvbf3sAx3i33QIyxBM3G2hWwt5LKUk7D7Xmbl_ZeSSOyJ2AcKorGo_eDEDi4&_nc_ohc=T5E0k4nF4V8Q7kNvwFuMhnA&_nc_gid=hMG9UG9tzyOOqEUUoeJAkQ&edm=AJhczIQBAAAA&ccb=7-5&oh=00_AfqmfDRQwLmqbZR6s5N8ru1uanNBMTyUPExc0faB2XtEnA&oe=6975075A&_nc_sid=4a2096,183,0,46745,3309,0,[],,https://www.threads.net/@stefaniyasd/post/DQKV7LXEtj0,[],"{'likes': 46745, 'reposts': 3257, 'quotes': 52}",threads,3749906065363491060,Stephanie Saad,,"If you're going to quote the Founding Fathers, include this one: “I study war and diplomacy, so that my son may study trade and commerce, so that his son may study art and music."" — John Adams",threads,63611648797,stefaniyasd
[],2026-01-20T14:59:02.708613+07:00,"Ukrainian President Zelenskyy: ""If the Russians seriously wanted to end the war, they'd focus on diplomacy—not on missile strikes, blackouts, and even attempts to damage our nuclear power plants.
 
We have information about the sites Russia reconnoitered in preparation for strikes. Everything clearly shows that diplomacy is not a priority for Russia.
 
This must be acknowledged. And pressure on the aggressor and the real cause of this war must continue. The cause is in Moscow.""",2026-01-19T03:19:46+07:00,,3813021338253305871,threads,threads.com,threads_crawler_v1,https://www.threads.net/@ash.renee411/post/DTqkrRzkqgP,https://instagram.fhan3-3.fna.fbcdn.net/v/t51.2885-19/500943322_18118407148458732_4948149287861452257_n.jpg?stp=dst-jpg_s150x150_tt6&efg=eyJ2ZW5jb2RlX3RhZyI6InByb2ZpbGVfcGljLmRqYW5nby4xMDgwLmMyIn0&_nc_ht=instagram.fhan3-3.fna.fbcdn.net&_nc_cat=1&_nc_oc=Q6cZ2QEuwxDlvbf3sAx3i33QIyxBM3G2hWwt5LKUk7D7Xmbl_ZeSSOyJ2AcKorGo_eDEDi4&_nc_ohc=OM76oyBhbkMQ7kNvwE8-u_G&_nc_gid=hMG9UG9tzyOOqEUUoeJAkQ&edm=AJhczIQBAAAA&ccb=7-5&oh=00_AfrbJUbu6toVnpO_csMUVwPyxcmYvVuayq1DZBNEajphRQ&oe=6974EFA4&_nc_sid=4a2096,4,0,367,57,0,[],,https://www.threads.net/@ash.renee411/post/DTqkrRzkqgP,[],"{'likes': 367, 'reposts': 57, 'quotes': 0}",threads,3813021338253305871,Ashley Renee,,"Ukrainian President Zelenskyy: ""If the Russians seriously wanted to end the war, they'd focus on diplomacy—not on missile strikes, blackouts, and even attempts to damage our nuclear power plants.
 
We have information about the sites Russia reconnoitered in preparation for strikes. Everything clearly shows that diplomacy is not a priority for Russia.
 
This must be acknowledged. And pressure on the aggressor and the real cause of this war must continue. The cause is in Moscow.""",threads,63408997484,ash.renee411
[],2026-01-20T14:59:02.708643+07:00,Trump was completely steamrolled by Putin today. No deal on anything was done. AND…when they both came out to speak to the press after the meeting Putin just started talking before Trump. This is extremely disrespectful in international diplomacy. Putin was a guest of the US President. The HOST leader ALWAYS gets to speak first. Every American should be humiliated by that alone today. Such a disgrace.,2025-08-16T09:35:15+07:00,,3700145308840621524,threads,threads.com,threads_crawler_v1,https://www.threads.net/@abel.gil.56/post/DNZjo3exfXU,https://instagram.fbek1-4.fna.fbcdn.net/v/t51.2885-19/573323465_1219825463302212_7278921664109726296_n.png?stp=dst-jpg_e0_s150x150_tt6&efg=eyJ2ZW5jb2RlX3RhZyI6InByb2ZpbGVfcGljLmRqYW5nby4xNTAuYzIifQ&_nc_ht=instagram.fbek1-4.fna.fbcdn.net&_nc_cat=1&_nc_oc=Q6cZ2QGZl1H3e5uSOMLyvKu1RpYlY6LIWcP9u7Et7IuTSWgsytgnlUVF-olTEEUcK3NbKQ2ljplnL7CrfDuBmOBDTt-h&_nc_ohc=I-OAmjM3FnMQ7kNvwF4Z3J0&_nc_gid=wQsGNVNYASFjActMb7-QTA&edm=AFFDd_gBAAAA&ccb=7-5&ig_cache_key=YW5vbnltb3VzX3Byb2ZpbGVfcGlj.3-ccb7-5&oh=00_Afp5CvENTUZakQ-UXWOS9Cs4jH8-fd92B-t0-21QLgFB0A&oe=6974F0EA&_nc_sid=421beb,56,0,610,42,0,[],,https://www.threads.net/@abel.gil.56/post/DNZjo3exfXU,[],"{'likes': 610, 'reposts': 41, 'quotes': 1}",threads,3700145308840621524,Abel Gil,,Trump was completely steamrolled by Putin today. No deal on anything was done. AND…when they both came out to speak to the press after the meeting Putin just started talking before Trump. This is extremely disrespectful in international diplomacy. Putin was a guest of the US President. The HOST leader ALWAYS gets to speak first. Every American should be humiliated by that alone today. Such a disgrace.,threads,63098656630,abel.gil.56
[],2026-01-20T14:59:02.708702+07:00,"After 8 years of silence, Prime Minister Mark Carney met President Xi Jinping and told reporters after that officials have been “instructed to work at pace.”

#MarkCarney #XiJinping #CanadaChinaRelations #Diplomacy #TradePolicy #ForeignPolicy #G7 #APEC",2025-10-31T20:31:22+07:00,,3755558290835999024,threads,threads.com,threads_crawler_v1,https://www.threads.net/@valerie_tbd/post/DQebF4ijYkw,https://instagram.fhan3-2.fna.fbcdn.net/v/t51.2885-19/587019755_17863815486530959_2534597412374080289_n.jpg?stp=dst-jpg_s150x150_tt6&efg=eyJ2ZW5jb2RlX3RhZyI6InByb2ZpbGVfcGljLmRqYW5nby41NDAuYzIifQ&_nc_ht=instagram.fhan3-2.fna.fbcdn.net&_nc_cat=107&_nc_oc=Q6cZ2QEuwxDlvbf3sAx3i33QIyxBM3G2hWwt5LKUk7D7Xmbl_ZeSSOyJ2AcKorGo_eDEDi4&_nc_ohc=MFecv-OUt9wQ7kNvwGnxTBU&_nc_gid=hMG9UG9tzyOOqEUUoeJAkQ&edm=AJhczIQBAAAA&ccb=7-5&oh=00_AfojmpCVSqEgLju0DvUzA1CgO_3562c2vRIEAiiVFOsdmQ&oe=6974FEAB&_nc_sid=4a2096,41,0,912,61,0,"['https://instagram.fhan3-4.fna.fbcdn.net/v/t51.2885-15/574366124_1322241485738848_2376423052867942236_n.jpg?stp=dst-jpg_e15_tt6&efg=eyJ2ZW5jb2RlX3RhZyI6InRocmVhZHMuRkVFRC5pbWFnZV91cmxnZW4uNjQweDM0Ni5zZHIuZjcxODc4LmRlZmF1bHRfY292ZXJfZnJhbWUuYzIifQ&_nc_ht=instagram.fhan3-4.fna.fbcdn.net&_nc_cat=104&_nc_oc=Q6cZ2QEuwxDlvbf3sAx3i33QIyxBM3G2hWwt5LKUk7D7Xmbl_ZeSSOyJ2AcKorGo_eDEDi4&_nc_ohc=3-QhkCKqpVcQ7kNvwEoCbzA&_nc_gid=hMG9UG9tzyOOqEUUoeJAkQ&edm=AJhczIQBAAAA&ccb=7-5&ig_cache_key=Mzc1NTU1ODI5MDgzNTk5OTAyNA%3D%3D.3-ccb7-5&oh=00_AfoN1C_3jAmZcwGZ7V6Gn-yUkiWZwPPMCCl9kScwjudadQ&oe=69751541&_nc_sid=4a2096', 'https://instagram.fhan4-3.fna.fbcdn.net/o1/v/t16/f2/m84/AQOGRKzc72p5akbbCtAk4dqFKeres_6Rpj1XyiEu4p84WSeJ5IVQcFJu-6hfYhYjtkzRQHsLnBl0tsEqNHqRhzxn27hXMn8HuDtIP9I.mp4?_nc_cat=110&_nc_oc=AdlZuXI1mFNonhYTLJySYIU-H9uSIm4d51fnZvigFD62oeKT39BSERStGP4vOXhBdfU&_nc_sid=5e9851&_nc_ht=instagram.fhan4-3.fna.fbcdn.net&_nc_ohc=_94vcd84HEMQ7kNvwHTV6Ab&efg=eyJ2ZW5jb2RlX3RhZyI6Inhwdl9wcm9ncmVzc2l2ZS5JTlNUQUdSQU0uRkVFRC5DMy4xMjgwLmRhc2hfYmFzZWxpbmVfMV92MSIsInhwdl9hc3NldF9pZCI6NjQ4NzA4MTUxNjU0ODA5LCJhc3NldF9hZ2VfZGF5cyI6ODAsInZpX3VzZWNhc2VfaWQiOjEwMTY0LCJkdXJhdGlvbl9zIjo2OCwidXJsZ2VuX3NvdXJjZSI6Ind3dyJ9&ccb=17-1&_nc_gid=hMG9UG9tzyOOqEUUoeJAkQ&_nc_zt=28&vs=e72792b08e3a762b&_nc_vs=HBksFQIYTGlnX2JhY2tmaWxsX3RpbWVsaW5lX3ZvZC9GRDQ4RjlBQTE4OURGQjJEQ0I4NzI3NTExMUY3NkRCRl92aWRlb19kYXNoaW5pdC5tcDQVAALIARIAFQIYOnBhc3N0aHJvdWdoX2V2ZXJzdG9yZS9HQXJBVENMdVlnMkRCZzRFQUVVcDVtb0xpN0FTYnNwVEFRQUYVAgLIARIAKAAYABsCiAd1c2Vfb2lsATEScHJvZ3Jlc3NpdmVfcmVjaXBlATEVAAAmsuaJr-T_pgIVAigCQzMsF0BRNU_fO2RaGBJkYXNoX2Jhc2VsaW5lXzFfdjERAHXqB2XongEA&oh=00_AfpgRc3rf1dUlVYieqPK6ni4H23S35tTX4IGWC6o-wIEAw&oe=6971088E']",,https://www.threads.net/@valerie_tbd/post/DQebF4ijYkw,[],"{'likes': 912, 'reposts': 57, 'quotes': 4}",threads,3755558290835999024,Valerie,CDNpoli,"After 8 years of silence, Prime Minister Mark Carney met President Xi Jinping and told reporters after that officials have been “instructed to work at pace.”

#MarkCarney #XiJinping #CanadaChinaRelations #Diplomacy #TradePolicy #ForeignPolicy #G7 #APEC",threads,75988882958,valerie_tbd
[],2026-01-20T14:59:02.708748+07:00,"The International Forum for Peace and Diplomacy (IFPD) is pleased to formally announce the appointment of Benedicta Wokocha, Esq. as Special Envoy on International Human Rights. 

In this capacity, she will leverage her legal expertise and advocacy experience to promote, protect, and advance equitable human rights frameworks across Africa.",2026-01-19T00:01:31+07:00,,3812921555383258195,threads,threads.com,threads_crawler_v1,https://www.threads.net/@benedicta_wokocha/post/DTqN_PxDIxT,https://instagram.fhan4-3.fna.fbcdn.net/v/t51.2885-19/422650938_760650695974992_3357726030155123170_n.jpg?stp=dst-jpg_s150x150_tt6&efg=eyJ2ZW5jb2RlX3RhZyI6InByb2ZpbGVfcGljLmRqYW5nby4xMDgwLmMyIn0&_nc_ht=instagram.fhan4-3.fna.fbcdn.net&_nc_cat=100&_nc_oc=Q6cZ2QEuwxDlvbf3sAx3i33QIyxBM3G2hWwt5LKUk7D7Xmbl_ZeSSOyJ2AcKorGo_eDEDi4&_nc_ohc=yvdpkS0MJKkQ7kNvwGXzy8U&_nc_gid=hMG9UG9tzyOOqEUUoeJAkQ&edm=AJhczIQBAAAA&ccb=7-5&oh=00_AfpoXz7eRsiTi6Ai9lI3LUQp4S8RU4WwcwaQv1TeYmo_wg&oe=6974F6D6&_nc_sid=4a2096,21,0,77,6,0,['https://instagram.fhan3-3.fna.fbcdn.net/v/t51.2885-15/619554351_18088215788126101_4957977579865450688_n.jpg?stp=dst-jpg_e35_tt6&efg=eyJ2ZW5jb2RlX3RhZyI6InRocmVhZHMuQ0FST1VTRUxfSVRFTS5pbWFnZV91cmxnZW4uMTQ0MHgxNzc5LnNkci5mODI3ODcuZGVmYXVsdF9pbWFnZS5jMiJ9&_nc_ht=instagram.fhan3-3.fna.fbcdn.net&_nc_cat=101&_nc_oc=Q6cZ2QEuwxDlvbf3sAx3i33QIyxBM3G2hWwt5LKUk7D7Xmbl_ZeSSOyJ2AcKorGo_eDEDi4&_nc_ohc=5f1lRRizuRQQ7kNvwETLAoq&_nc_gid=hMG9UG9tzyOOqEUUoeJAkQ&edm=AJhczIQBAAAA&ccb=7-5&ig_cache_key=MzgxMjkyMTU1MDUzNDY3MDQ4Mg%3D%3D.3-ccb7-5&oh=00_AfoD0FMJ8YlWmJueASu2Wl_R4O90BBUBbKRFus2E1gGyFA&oe=69751039&_nc_sid=4a2096'],,https://www.threads.net/@benedicta_wokocha/post/DTqN_PxDIxT,[],"{'likes': 77, 'reposts': 6, 'quotes': 0}",threads,3812921555383258195,Benedicta Wokocha Gracious,,"The International Forum for Peace and Diplomacy (IFPD) is pleased to formally announce the appointment of Benedicta Wokocha, Esq. as Special Envoy on International Human Rights. 

In this capacity, she will leverage her legal expertise and advocacy experience to promote, protect, and advance equitable human rights frameworks across Africa.",threads,63300698664,benedicta_wokocha
[],2026-01-20T14:59:02.708782+07:00,"As much as I am a fan of @pete.buttigieg, I think he would be best served as US Sec of State. He has the ability to rebuild diplomacy worldwide. It is arguably one of the most powerful positions in the cabinet. I would vote for Newsom as President, but we need another Vice so Pete can steady our position in the world. Pete is that guy.",2025-12-28T08:12:35+07:00,,3797223654254571756,threads,threads.com,threads_crawler_v1,https://www.threads.net/@kateogknitter/post/DSycsuEjfDs,https://instagram.fhan3-2.fna.fbcdn.net/v/t51.2885-19/480242925_8559482187486715_6364471190193206710_n.jpg?stp=dst-jpg_s150x150_tt6&efg=eyJ2ZW5jb2RlX3RhZyI6InByb2ZpbGVfcGljLmRqYW5nby4xMDgwLmMyIn0&_nc_ht=instagram.fhan3-2.fna.fbcdn.net&_nc_cat=107&_nc_oc=Q6cZ2QEuwxDlvbf3sAx3i33QIyxBM3G2hWwt5LKUk7D7Xmbl_ZeSSOyJ2AcKorGo_eDEDi4&_nc_ohc=DBzwkocRMJ0Q7kNvwEBZSUt&_nc_gid=hMG9UG9tzyOOqEUUoeJAkQ&edm=AJhczIQBAAAA&ccb=7-5&oh=00_AfoUFVYLo0hbS2b7qN6lje8DXgxE6YhEZP-3Nkqn5TpQBg&oe=6974F9EC&_nc_sid=4a2096,282,0,3351,128,0,[],,https://www.threads.net/@kateogknitter/post/DSycsuEjfDs,[],"{'likes': 3351, 'reposts': 122, 'quotes': 6}",threads,3797223654254571756,Kate Wright,,"As much as I am a fan of @pete.buttigieg, I think he would be best served as US Sec of State. He has the ability to rebuild diplomacy worldwide. It is arguably one of the most powerful positions in the cabinet. I would vote for Newsom as President, but we need another Vice so Pete can steady our position in the world. Pete is that guy.",threads,63426797545,kateogknitter
[],2026-01-20T14:59:02.708816+07:00,"I’m not an expert on foreign diplomacy, but as a 40-year-old woman who listens to scandal podcasts, I *am* an expert on scammers.

If/when S. Korea pulls out of the Hyundai investment, El*n is going to come in and take it over as a T3sl@ factory. He gets an EV factory for FREE, to build cars that no one wants to buy, and he’ll get a government subsidy later on when the cars don’t sell.

S. Korea got scammed by the 🤡 administration, and we’re going to get more of our taxes stolen by billionaires.",2025-09-09T19:09:14+07:00,,3717828820239016091,threads,threads.com,threads_crawler_v1,https://www.threads.net/@anaisgalang/post/DOYYZ02DmCb,https://instagram.fhan3-4.fna.fbcdn.net/v/t51.2885-19/540094166_17919978555113850_3578123337338322197_n.jpg?stp=dst-jpg_s150x150_tt6&efg=eyJ2ZW5jb2RlX3RhZyI6InByb2ZpbGVfcGljLmRqYW5nby41NjIuYzIifQ&_nc_ht=instagram.fhan3-4.fna.fbcdn.net&_nc_cat=106&_nc_oc=Q6cZ2QEuwxDlvbf3sAx3i33QIyxBM3G2hWwt5LKUk7D7Xmbl_ZeSSOyJ2AcKorGo_eDEDi4&_nc_ohc=k6N3oU8UITUQ7kNvwFBRyOS&_nc_gid=hMG9UG9tzyOOqEUUoeJAkQ&edm=AJhczIQBAAAA&ccb=7-5&oh=00_Afq-WC8UEhvlNDtNUH-B7xJ98g7nnurH0K7XlC7L81b7vg&oe=6975085A&_nc_sid=4a2096,11,0,302,35,0,[],,https://www.threads.net/@anaisgalang/post/DOYYZ02DmCb,[],"{'likes': 302, 'reposts': 31, 'quotes': 4}",threads,3717828820239016091,Abortion Is Healthcare 💁🏽‍♀️,Hyundai,"I’m not an expert on foreign diplomacy, but as a 40-year-old woman who listens to scandal podcasts, I *am* an expert on scammers.

If/when S. Korea pulls out of the Hyundai investment, El*n is going to come in and take it over as a T3sl@ factory. He gets an EV factory for FREE, to build cars that no one wants to buy, and he’ll get a government subsidy later on when the cars don’t sell.

S. Korea got scammed by the 🤡 administration, and we’re going to get more of our taxes stolen by billionaires.",threads,63496217849,anaisgalang
[],2026-01-20T14:59:02.708857+07:00,"BREAKING: Trump says military actions underway against Mexico. 🪖🇺🇸 The claim: 97% of drugs blocked by water, now targeting land with cartels. Heavy implications for diplomacy, security, and lives on both sides of the border. What does this mean for civilians and regional stability? 💥🌍

#News #Trump #BorderSecurity #Mexico #Cartels #Geopolitics",2026-01-09T14:49:31+07:00,,3806120470064998309,threads,threads.com,threads_crawler_v1,https://www.threads.net/@ceanmedia/post/DTSDmbekSel,https://instagram.fhan3-3.fna.fbcdn.net/v/t51.2885-19/516231298_18054533744527829_2727005556179792588_n.jpg?stp=dst-jpg_s150x150_tt6&efg=eyJ2ZW5jb2RlX3RhZyI6InByb2ZpbGVfcGljLmRqYW5nby4xMDI0LmMyIn0&_nc_ht=instagram.fhan3-3.fna.fbcdn.net&_nc_cat=1&_nc_oc=Q6cZ2QEuwxDlvbf3sAx3i33QIyxBM3G2hWwt5LKUk7D7Xmbl_ZeSSOyJ2AcKorGo_eDEDi4&_nc_ohc=cSpcTOuUZeoQ7kNvwFMHFgP&_nc_gid=hMG9UG9tzyOOqEUUoeJAkQ&edm=AJhczIQBAAAA&ccb=7-5&oh=00_AfoLfIO3ch1rKGfBtP12UnaXLhHrXFrUJGRJ-9OzSJKQYg&oe=69751028&_nc_sid=4a2096,7,0,14,2,0,"['https://instagram.fhan3-4.fna.fbcdn.net/v/t51.2885-15/610562860_1447771293364420_946767782091948251_n.jpg?stp=dst-jpg_e15_tt6&efg=eyJ2ZW5jb2RlX3RhZyI6InRocmVhZHMuRkVFRC5pbWFnZV91cmxnZW4uNjQweDgwMC5zZHIuZjcxODc4LmRlZmF1bHRfY292ZXJfZnJhbWUuYzIifQ&_nc_ht=instagram.fhan3-4.fna.fbcdn.net&_nc_cat=104&_nc_oc=Q6cZ2QEuwxDlvbf3sAx3i33QIyxBM3G2hWwt5LKUk7D7Xmbl_ZeSSOyJ2AcKorGo_eDEDi4&_nc_ohc=lJm82ipbagAQ7kNvwFgP36j&_nc_gid=hMG9UG9tzyOOqEUUoeJAkQ&edm=AJhczIQBAAAA&ccb=7-5&ig_cache_key=MzgwNjEyMDQ3MDA2NDk5ODMwOQ%3D%3D.3-ccb7-5&oh=00_AfoiQpk59dp_C2TM0DsfqVZdf8dU7-AnM4dok7wYH_r_nA&oe=69751049&_nc_sid=4a2096', 'https://instagram.fhan4-6.fna.fbcdn.net/o1/v/t16/f2/m84/AQP_k7Kju1IQuYEQ97893YP2cDGWvfX6mMyhkGnnTyTeaf8Eb7lhJbmxIzFmPEQztdp3wjK47amFXkplVPN1NWQbExfv11eZ2GCQ1bU.mp4?_nc_cat=108&_nc_oc=AdmHiN-1VwV_v4JBh0ij7XgRhetSXdX4KgoLbSI1JvtcH_KEyaE_f1rSb9EoG7JOBng&_nc_sid=5e9851&_nc_ht=instagram.fhan4-6.fna.fbcdn.net&_nc_ohc=NIsZTBsF9mEQ7kNvwGVbQkm&efg=eyJ2ZW5jb2RlX3RhZyI6Inhwdl9wcm9ncmVzc2l2ZS5JTlNUQUdSQU0uRkVFRC5DMy43MjAuZGFzaF9iYXNlbGluZV8xX3YxIiwieHB2X2Fzc2V0X2lkIjo5Mzk5MzAzODgzNjA1NjgsImFzc2V0X2FnZV9kYXlzIjoxMSwidmlfdXNlY2FzZV9pZCI6MTAxNjQsImR1cmF0aW9uX3MiOjM3LCJ1cmxnZW5fc291cmNlIjoid3d3In0%3D&ccb=17-1&_nc_gid=hMG9UG9tzyOOqEUUoeJAkQ&_nc_zt=28&vs=8db8d90ec383d5d&_nc_vs=HBksFQIYTGlnX2JhY2tmaWxsX3RpbWVsaW5lX3ZvZC8xRTRBMkVGODJDNkMzNjc5MDEyNUIxMzExMDFDQUJCOF92aWRlb19kYXNoaW5pdC5tcDQVAALIARIAFQIYOnBhc3N0aHJvdWdoX2V2ZXJzdG9yZS9HTmdrVmlSUElrXzIyaW9EQU5qVlVqNXdLZDlKYnNwVEFRQUYVAgLIARIAKAAYABsCiAd1c2Vfb2lsATEScHJvZ3Jlc3NpdmVfcmVjaXBlATEVAAAm8LXLjpO3qwMVAigCQzMsF0BCiHKwIMScGBJkYXNoX2Jhc2VsaW5lXzFfdjERAHXqB2XongEA&oh=00_AfqhLuln9zlAdLwcJfjk_-7V6i5vhqdP7nCM_XxEoDpS2Q&oe=6971045C']",,https://www.threads.net/@ceanmedia/post/DTSDmbekSel,[],"{'likes': 14, 'reposts': 2, 'quotes': 0}",threads,3806120470064998309,CEAN,,"BREAKING: Trump says military actions underway against Mexico. 🪖🇺🇸 The claim: 97% of drugs blocked by water, now targeting land with cartels. Heavy implications for diplomacy, security, and lives on both sides of the border. What does this mean for civilians and regional stability? 💥🌍

#News #Trump #BorderSecurity #Mexico #Cartels #Geopolitics",threads,63158934689,ceanmedia
[],2026-01-20T14:59:02.708889+07:00,"France eyes a dramatic shift: La France Insoumise drafts a plan for France to leave NATO. 🧭🇫🇷

What does a “planned withdrawal” mean for security, EU ties, and global stance? 🤔

#NATO #France #Geopolitics #EU #Security #Diplomacy",2026-01-09T21:49:31+07:00,,3806332132579366108,threads,threads.com,threads_crawler_v1,https://www.threads.net/@ceanmedia/post/DTSzuhjjFTc,https://instagram.fhan3-3.fna.fbcdn.net/v/t51.2885-19/516231298_18054533744527829_2727005556179792588_n.jpg?stp=dst-jpg_s150x150_tt6&efg=eyJ2ZW5jb2RlX3RhZyI6InByb2ZpbGVfcGljLmRqYW5nby4xMDI0LmMyIn0&_nc_ht=instagram.fhan3-3.fna.fbcdn.net&_nc_cat=1&_nc_oc=Q6cZ2QEuwxDlvbf3sAx3i33QIyxBM3G2hWwt5LKUk7D7Xmbl_ZeSSOyJ2AcKorGo_eDEDi4&_nc_ohc=cSpcTOuUZeoQ7kNvwFMHFgP&_nc_gid=hMG9UG9tzyOOqEUUoeJAkQ&edm=AJhczIQBAAAA&ccb=7-5&oh=00_AfoLfIO3ch1rKGfBtP12UnaXLhHrXFrUJGRJ-9OzSJKQYg&oe=69751028&_nc_sid=4a2096,17,0,11,0,0,['https://instagram.fhan4-5.fna.fbcdn.net/v/t51.2885-15/610761265_17938993077110690_568636033482122378_n.jpg?stp=dst-jpg_e35_tt6&efg=eyJ2ZW5jb2RlX3RhZyI6InRocmVhZHMuRkVFRC5pbWFnZV91cmxnZW4uMTEwOHgxMzc4LnNkci5mODI3ODcuZGVmYXVsdF9pbWFnZS5jMiJ9&_nc_ht=instagram.fhan4-5.fna.fbcdn.net&_nc_cat=102&_nc_oc=Q6cZ2QEuwxDlvbf3sAx3i33QIyxBM3G2hWwt5LKUk7D7Xmbl_ZeSSOyJ2AcKorGo_eDEDi4&_nc_ohc=bG6oJfhvSRcQ7kNvwE-hkuS&_nc_gid=hMG9UG9tzyOOqEUUoeJAkQ&edm=AJhczIQBAAAA&ccb=7-5&ig_cache_key=MzgwNjMzMjEzMjU3OTM2NjEwOA%3D%3D.3-ccb7-5&oh=00_Afrm3JdzhaHvQbcdVR0DXsoawSsrN7oUr5MnDQLzuBGEBw&oe=69751091&_nc_sid=4a2096'],,https://www.threads.net/@ceanmedia/post/DTSzuhjjFTc,[],"{'likes': 11, 'reposts': 0, 'quotes': 0}",threads,3806332132579366108,CEAN,,"France eyes a dramatic shift: La France Insoumise drafts a plan for France to leave NATO. 🧭🇫🇷

What does a “planned withdrawal” mean for security, EU ties, and global stance? 🤔

#NATO #France #Geopolitics #EU #Security #Diplomacy",threads,63158934689,ceanmedia
[],2026-01-20T14:59:02.708920+07:00,Diplomacy isnt for the faint of heart. Doors were slammed. Voices were raised. The tension was real. Overall the game day in Virginia was fun.,2025-11-25T21:49:25+07:00,,3773717180325120848,threads,threads.com,threads_crawler_v1,https://www.threads.net/@bully80/post/DRe78gQEUtQ,https://instagram.fhan4-1.fna.fbcdn.net/v/t51.2885-19/616327426_17910172542291125_4924182318543090364_n.jpg?stp=dst-jpg_s150x150_tt6&efg=eyJ2ZW5jb2RlX3RhZyI6InByb2ZpbGVfcGljLmRqYW5nby4xMDgwLmMyIn0&_nc_ht=instagram.fhan4-1.fna.fbcdn.net&_nc_cat=105&_nc_oc=Q6cZ2QEuwxDlvbf3sAx3i33QIyxBM3G2hWwt5LKUk7D7Xmbl_ZeSSOyJ2AcKorGo_eDEDi4&_nc_ohc=nR4xiXrVFCEQ7kNvwGAdGo5&_nc_gid=hMG9UG9tzyOOqEUUoeJAkQ&edm=AJhczIQBAAAA&ccb=7-5&oh=00_Afr_8QqA7EnVDETZ4pa_OB4GN29X8A4Yr9uaDbQsx9HxVQ&oe=69751839&_nc_sid=4a2096,2,0,191,0,0,['https://instagram.fhan3-4.fna.fbcdn.net/v/t51.2885-15/587400674_18539573104029088_4458582695762003007_n.jpg?se=-1&stp=dst-jpegr_e35_tt6&efg=eyJ2ZW5jb2RlX3RhZyI6InRocmVhZHMuQ0FST1VTRUxfSVRFTS5pbWFnZV91cmxnZW4uMTQ0MHgxNDQwLmhkci5mODI3ODcuZGVmYXVsdF9pbWFnZS5jMiJ9&_nc_ht=instagram.fhan3-4.fna.fbcdn.net&_nc_cat=104&_nc_oc=Q6cZ2QEuwxDlvbf3sAx3i33QIyxBM3G2hWwt5LKUk7D7Xmbl_ZeSSOyJ2AcKorGo_eDEDi4&_nc_ohc=zRbWJL_PxW0Q7kNvwFnfhNX&_nc_gid=hMG9UG9tzyOOqEUUoeJAkQ&edm=AJhczIQBAAAA&ccb=7-5&ig_cache_key=Mzc3MzcxNzE2MzA2MTM4NzA3OQ%3D%3D.3-ccb7-5&oh=00_AfptBzp-JhNeRwAj367YNZ2JURRgzZbni7NBYmlBMgrisw&oe=697504B8&_nc_sid=4a2096'],,https://www.threads.net/@bully80/post/DRe78gQEUtQ,[],"{'likes': 191, 'reposts': 0, 'quotes': 0}",threads,3773717180325120848,Keith Worstell,,Diplomacy isnt for the faint of heart. Doors were slammed. Voices were raised. The tension was real. Overall the game day in Virginia was fun.,threads,68830195124,bully80
[],2026-01-20T14:59:02.708952+07:00,"Don't have a boring evening. Enjoy this episode of Diaper diplomacy 😂😂
Don't laugh alone. Share with someone to put a smile on their faces",2025-09-25T04:17:06+07:00,,3728974390328650641,threads,threads.com,threads_crawler_v1,https://www.threads.net/@mbiydzela.digital/post/DO_-nN4EWuR,https://instagram.fhan3-4.fna.fbcdn.net/v/t51.2885-19/587066441_17933040990110538_1325369355178667919_n.jpg?stp=dst-jpg_s150x150_tt6&efg=eyJ2ZW5jb2RlX3RhZyI6InByb2ZpbGVfcGljLmRqYW5nby4xMDgwLmMyIn0&_nc_ht=instagram.fhan3-4.fna.fbcdn.net&_nc_cat=106&_nc_oc=Q6cZ2QEuwxDlvbf3sAx3i33QIyxBM3G2hWwt5LKUk7D7Xmbl_ZeSSOyJ2AcKorGo_eDEDi4&_nc_ohc=KSEMPDZKC9sQ7kNvwG22bK7&_nc_gid=hMG9UG9tzyOOqEUUoeJAkQ&edm=AJhczIQBAAAA&ccb=7-5&oh=00_Afr3-iT24HVT1SeJpdDus7C1U3om0clYCt9TVyFwcGHRWA&oe=6974F11B&_nc_sid=4a2096,289,0,6359,1303,0,"['https://instagram.fhan3-4.fna.fbcdn.net/v/t51.2885-15/552613241_17925685995110538_3024412910448076993_n.jpg?stp=dst-jpg_e15_tt6&efg=eyJ2ZW5jb2RlX3RhZyI6InRocmVhZHMuRkVFRC5pbWFnZV91cmxnZW4uNzIweDQwNi5zZHIuZjgyNzg3LmRlZmF1bHRfY292ZXJfZnJhbWUuYzIifQ&_nc_ht=instagram.fhan3-4.fna.fbcdn.net&_nc_cat=106&_nc_oc=Q6cZ2QEuwxDlvbf3sAx3i33QIyxBM3G2hWwt5LKUk7D7Xmbl_ZeSSOyJ2AcKorGo_eDEDi4&_nc_ohc=v07QSDzJ0iIQ7kNvwFuOH2A&_nc_gid=hMG9UG9tzyOOqEUUoeJAkQ&edm=AJhczIQBAAAA&ccb=7-5&ig_cache_key=MzcyODk3NDM5MDMyODY1MDY0MQ%3D%3D.3-ccb7-5&oh=00_AfrakkSTmHasqC5iZYKABiG5NcM2Z470P0tGIZY3wQ5SHw&oe=69751D4C&_nc_sid=4a2096', 'https://instagram.fhan4-5.fna.fbcdn.net/o1/v/t16/f2/m84/AQO76abH_FUY6pwVUzDpAWcdI3FimZK2QJC-nGMHoUXLIRZRJkDmzhXx6bzRHOBfPlr5TwyuDglbJ8IZUejizCsbIcn4qI-qRgClbgI.mp4?_nc_cat=102&_nc_oc=Adn0II2Sg-wPq2__nHhC38_b4E1xHqzc0TWTAfptRO_PxcCbaCX32jV3hiTJKsZ8Dzs&_nc_sid=5e9851&_nc_ht=instagram.fhan4-5.fna.fbcdn.net&_nc_ohc=hHCdSi_DbQMQ7kNvwEtlcYr&efg=eyJ2ZW5jb2RlX3RhZyI6Inhwdl9wcm9ncmVzc2l2ZS5JTlNUQUdSQU0uRkVFRC5DMy4xMjgwLmRhc2hfYmFzZWxpbmVfMV92MSIsInhwdl9hc3NldF9pZCI6MjIxOTQ4MjA3NTE2MDc4OCwiYXNzZXRfYWdlX2RheXMiOjExNywidmlfdXNlY2FzZV9pZCI6MTAxNjQsImR1cmF0aW9uX3MiOjEzMSwidXJsZ2VuX3NvdXJjZSI6Ind3dyJ9&ccb=17-1&_nc_gid=hMG9UG9tzyOOqEUUoeJAkQ&_nc_zt=28&vs=2f6d60606d98b0f7&_nc_vs=HBksFQIYTGlnX2JhY2tmaWxsX3RpbWVsaW5lX3ZvZC85OTQ5MjAxRTYxQ0E3RkEwMDEzNTUzNDAzMjM0RUM4RV92aWRlb19kYXNoaW5pdC5tcDQVAALIARIAFQIYOnBhc3N0aHJvdWdoX2V2ZXJzdG9yZS9HT21SOFNCamRTN2c1dDRDQUdpa0V1dEFzbFlEYmtZTEFBQUYVAgLIARIAKAAYABsCiAd1c2Vfb2lsATEScHJvZ3Jlc3NpdmVfcmVjaXBlATEVAAAmqIPniu6m8QcVAigCQzMsF0Bgadsi0OVgGBJkYXNoX2Jhc2VsaW5lXzFfdjERAHXqB2XongEA&oh=00_AfqPSs_zFGbxOAjhj5QJfOLAJupEae42a6qlBGIQdTKTHA&oe=69711C9E']",,https://www.threads.net/@mbiydzela.digital/post/DO_-nN4EWuR,[],"{'likes': 6359, 'reposts': 1170, 'quotes': 133}",threads,3728974390328650641,MBIYDZELA DIGITAL 📈📉🟣💻,,"Don't have a boring evening. Enjoy this episode of Diaper diplomacy 😂😂
Don't laugh alone. Share with someone to put a smile on their faces",threads,63222766537,mbiydzela.digital
[],2026-01-20T14:59:02.708984+07:00,"Where diplomacy leads, force follows only when necessary. Leadership demands balance, precision, and the courage to choose peace even when power is within reach.",2025-12-09T06:40:16+07:00,,3783406448638723926,threads,threads.com,threads_crawler_v1,https://www.threads.net/@genl.aura45/post/DSBXB6kCIdW,https://instagram.fhan4-3.fna.fbcdn.net/v/t51.2885-19/590411283_17842472430641880_8951977496306219330_n.jpg?stp=dst-jpg_s150x150_tt6&efg=eyJ2ZW5jb2RlX3RhZyI6InByb2ZpbGVfcGljLmRqYW5nby41NTAuYzIifQ&_nc_ht=instagram.fhan4-3.fna.fbcdn.net&_nc_cat=100&_nc_oc=Q6cZ2QEuwxDlvbf3sAx3i33QIyxBM3G2hWwt5LKUk7D7Xmbl_ZeSSOyJ2AcKorGo_eDEDi4&_nc_ohc=vyeyU_mzwCYQ7kNvwGBv76j&_nc_gid=hMG9UG9tzyOOqEUUoeJAkQ&edm=AJhczIQBAAAA&ccb=7-5&oh=00_AfrakMFpMqNTwobfg2GLbvoMAsefRhEzBYrdR9tVLJ42Bw&oe=69751EC8&_nc_sid=4a2096,1,0,6,0,0,['https://instagram.fhan4-3.fna.fbcdn.net/v/t51.2885-15/587552161_17842524384641880_4312726078639924461_n.jpg?stp=dst-jpg_e35_tt6&efg=eyJ2ZW5jb2RlX3RhZyI6InRocmVhZHMuQ0FST1VTRUxfSVRFTS5pbWFnZV91cmxnZW4uMTA4MHg3MjEuc2RyLmY4Mjc4Ny5kZWZhdWx0X2ltYWdlLmMyIn0&_nc_ht=instagram.fhan4-3.fna.fbcdn.net&_nc_cat=100&_nc_oc=Q6cZ2QEuwxDlvbf3sAx3i33QIyxBM3G2hWwt5LKUk7D7Xmbl_ZeSSOyJ2AcKorGo_eDEDi4&_nc_ohc=yBevzPH2fdMQ7kNvwF4l5As&_nc_gid=hMG9UG9tzyOOqEUUoeJAkQ&edm=AJhczIQBAAAA&ccb=7-5&ig_cache_key=Mzc4MzQwNjQzNTQwOTg2MjgwNg%3D%3D.3-ccb7-5&oh=00_AfpYVeuPiAoU5ogyQMXYxt6tfX6GC_njptcHooYI6vSf5Q&oe=6974F370&_nc_sid=4a2096'],,https://www.threads.net/@genl.aura45/post/DSBXB6kCIdW,[],"{'likes': 6, 'reposts': 0, 'quotes': 0}",threads,3783406448638723926,Laura Jane Richardson,,"Where diplomacy leads, force follows only when necessary. Leadership demands balance, precision, and the courage to choose peace even when power is within reach.",threads,79278689879,genl.aura45
[],2026-01-20T15:01:05.559999+07:00,"Shahbaz Sharif’s flattering diplomacy at its finest, a spectacle unmatched in modern history. 
Even Trump had to say, “Oh, I wasn’t expecting that.”
Bro, when Shahbaz Sharif is around, you can expect anything!

#ShahbazSharif #Trump #Gaza",2025-10-14T12:37:36+07:00,,3742998829315745406,threads,threads.com,threads_crawler_v1,https://www.threads.net/@abbas.mumtaz/post/DPxzZqgEWZ-,https://instagram.fhan4-6.fna.fbcdn.net/v/t51.2885-19/487221787_1295989908160089_1022570886394794388_n.jpg?stp=dst-jpg_s150x150_tt6&efg=eyJ2ZW5jb2RlX3RhZyI6InByb2ZpbGVfcGljLmRqYW5nby4xMDgwLmMyIn0&_nc_ht=instagram.fhan4-6.fna.fbcdn.net&_nc_cat=109&_nc_oc=Q6cZ2QGEGJEtelr-1sEQ89YhLhAUBb13AV8ULnDMK4P-AUlW1wsqdlF4gc03Fgn0ic0kPI4&_nc_ohc=Cu6MjgxejIoQ7kNvwH7tOJJ&_nc_gid=oSTj5H9s21Q7GC1GKa7ydw&edm=AJhczIQBAAAA&ccb=7-5&oh=00_AfquSorX3BOrL4l1qp-AnzA83G57mMLoSjPDP2SNrYKuyw&oe=69750C1E&_nc_sid=4a2096,12,0,13,0,0,"['https://instagram.fhan4-6.fna.fbcdn.net/v/t15.5256-10/563368186_1885277345353881_6281236888437004901_n.jpg?stp=dst-jpg_e15_tt6&efg=eyJ2ZW5jb2RlX3RhZyI6InRocmVhZHMuRkVFRC5pbWFnZV91cmxnZW4uNjQweDM2MC5zZHIuZjUyNTYuZmlyc3RfZnJhbWVfdGh1bWJuYWlsLmMyIn0&_nc_ht=instagram.fhan4-6.fna.fbcdn.net&_nc_cat=109&_nc_oc=Q6cZ2QGEGJEtelr-1sEQ89YhLhAUBb13AV8ULnDMK4P-AUlW1wsqdlF4gc03Fgn0ic0kPI4&_nc_ohc=hKqoWfjIXewQ7kNvwEIaIFu&_nc_gid=oSTj5H9s21Q7GC1GKa7ydw&edm=AJhczIQAAAAA&ccb=7-5&ig_cache_key=Mzc0Mjk5ODgyOTMxNTc0NTQwNg%3D%3D.3-ccb7-5&oh=00_AfpjijC5LqLpqRBR0RTGFLe6TnG9I2FrSZ_WAosPWUzOmQ&oe=69750388&_nc_sid=4a2096', 'https://instagram.fhan4-6.fna.fbcdn.net/o1/v/t2/f2/m412/AQNb6p5OkDd9Fmu4QQRCu9hhRdl_PWj4bqJikPMMkmmsUidKTUY_i7KBMFdIf5NqLySp0UWiBYKn1lN6bw6wZaQu8IZDDfmKg1ykC0RSNw.mp4?_nc_cat=109&_nc_oc=Adk2knXRK5otclMb7gEuK4OS15Wb2QcOu6m7wX8XOy5QJIzVaHeAMkW40LV5VAM_-ZA&_nc_sid=8bf8fe&_nc_ht=instagram.fhan4-6.fna.fbcdn.net&_nc_ohc=9B8nX5HxKcEQ7kNvwGtNjvS&efg=eyJ2ZW5jb2RlX3RhZyI6Inhwdl9wcm9ncmVzc2l2ZS5JTlNUQUdSQU0uRkVFRC5DMy42NDAuc3ZlX3NkIiwieHB2X2Fzc2V0X2lkIjo4MzU2MjAyNDg5MDE2NDksImFzc2V0X2FnZV9kYXlzIjo5OCwidmlfdXNlY2FzZV9pZCI6MTAxMjMsImR1cmF0aW9uX3MiOjE0OCwidXJsZ2VuX3NvdXJjZSI6Ind3dyJ9&ccb=17-1&_nc_gid=oSTj5H9s21Q7GC1GKa7ydw&_nc_zt=28&oh=00_AfpDgMQmg-sH1htSRPm5sDyMAj_k_3aw8AnQmOerhqVC1A&oe=6974F155']",,https://www.threads.net/@abbas.mumtaz/post/DPxzZqgEWZ-,[],"{'likes': 13, 'reposts': 0, 'quotes': 0}",threads,3742998829315745406,Abbas Mumtaz,,"Shahbaz Sharif’s flattering diplomacy at its finest, a spectacle unmatched in modern history. 
Even Trump had to say, “Oh, I wasn’t expecting that.”
Bro, when Shahbaz Sharif is around, you can expect anything!

#ShahbazSharif #Trump #Gaza",threads,65409324284,abbas.mumtaz
[],2026-01-20T15:01:05.560144+07:00,"PMX, Tok Mat, Wisma Putra! Your diplomacy skills are beyond excellent!! Tak perlu buat PC beropol-ropol, tau-tau within 48hours although we can see tak cukup tidor langsung , non stop calls here and there, hantar legal team etc etc - now Alhamdulillah issues can be settled. Thanks to Turkeyè 🇹🇷 too!! 🥹🇵🇸🇲🇾🍉",2025-10-05T02:03:20+07:00,,3736156644112829862,threads,threads.com,threads_crawler_v1,https://www.threads.net/@iwa_petite/post/DPZfqw9j42m,https://instagram.fhan4-6.fna.fbcdn.net/v/t51.2885-19/584077982_17929728108119253_1297165261110863201_n.jpg?stp=dst-jpg_s150x150_tt6&efg=eyJ2ZW5jb2RlX3RhZyI6InByb2ZpbGVfcGljLmRqYW5nby4xMDgwLmMyIn0&_nc_ht=instagram.fhan4-6.fna.fbcdn.net&_nc_cat=109&_nc_oc=Q6cZ2QGEGJEtelr-1sEQ89YhLhAUBb13AV8ULnDMK4P-AUlW1wsqdlF4gc03Fgn0ic0kPI4&_nc_ohc=kx4W7c-LPMEQ7kNvwENqe6C&_nc_gid=oSTj5H9s21Q7GC1GKa7ydw&edm=AJhczIQBAAAA&ccb=7-5&oh=00_AfrQz0YIJvIcKQ0DSDWNemwudswAG5tlI6ySYyTkLkEjdw&oe=6974F893&_nc_sid=4a2096,1,0,918,221,0,[],,https://www.threads.net/@iwa_petite/post/DPZfqw9j42m,[],"{'likes': 918, 'reposts': 218, 'quotes': 3}",threads,3736156644112829862,Salwa Abd Ghani - Iwa,,"PMX, Tok Mat, Wisma Putra! Your diplomacy skills are beyond excellent!! Tak perlu buat PC beropol-ropol, tau-tau within 48hours although we can see tak cukup tidor langsung , non stop calls here and there, hantar legal team etc etc - now Alhamdulillah issues can be settled. Thanks to Turkeyè 🇹🇷 too!! 🥹🇵🇸🇲🇾🍉",threads,63434999252,iwa_petite
[],2026-01-20T15:01:05.560187+07:00,"🚨DEVELOPING: Denmark probes Trump-linked influence in Greenland, per NPR / Transparent diplomacy is key to maintaining international trust.",2025-08-29T12:07:59+07:00,,3709644252285631606,threads,threads.com,threads_crawler_v1,https://www.threads.net/@lunanewstoday/post/DN7Tcr8jfx2,https://instagram.fhan3-3.fna.fbcdn.net/v/t51.2885-19/581464921_17883756759405563_5867775697834627256_n.jpg?stp=dst-jpg_s150x150_tt6&efg=eyJ2ZW5jb2RlX3RhZyI6InByb2ZpbGVfcGljLmRqYW5nby4zMjAuYzIifQ&_nc_ht=instagram.fhan3-3.fna.fbcdn.net&_nc_cat=111&_nc_oc=Q6cZ2QGEGJEtelr-1sEQ89YhLhAUBb13AV8ULnDMK4P-AUlW1wsqdlF4gc03Fgn0ic0kPI4&_nc_ohc=yLNs9Sd3Nb4Q7kNvwEoujrp&_nc_gid=oSTj5H9s21Q7GC1GKa7ydw&edm=AJhczIQBAAAA&ccb=7-5&oh=00_AfoMKdgqI9yyibJn6kWa61Qdt9vEcOr6kzfhCfWkUq0tRg&oe=6975063B&_nc_sid=4a2096,2,0,20,4,0,[],,https://www.threads.net/@lunanewstoday/post/DN7Tcr8jfx2,[],"{'likes': 20, 'reposts': 4, 'quotes': 0}",threads,3709644252285631606,Luna News,,"🚨DEVELOPING: Denmark probes Trump-linked influence in Greenland, per NPR / Transparent diplomacy is key to maintaining international trust.",threads,72009485562,lunanewstoday
[],2026-01-20T15:01:05.560220+07:00,"Russia is showing the full extent of its contempt for diplomacy and international law.

So we're increasing the pressure.

With our 19th package of sanctions covering energy, financial services and trade restrictions.

We want to ban imports of Russian LNG into European markets. It is time to turn off the tap.

I want to be clear: Europeans will be safe this winter. Because we have been preparing for this under REPowerEU. Our efforts are paying off today.",2025-09-19T19:21:46+07:00,,3725082692233728572,threads,threads.com,threads_crawler_v1,https://www.threads.net/@ursulavonderleyen/post/DOyJvjljBI8,https://instagram.fhan4-1.fna.fbcdn.net/v/t51.2885-19/419101328_977595113714441_6434459247322879841_n.jpg?stp=dst-jpg_s150x150_tt6&efg=eyJ2ZW5jb2RlX3RhZyI6InByb2ZpbGVfcGljLmRqYW5nby43MjAuYzIifQ&_nc_ht=instagram.fhan4-1.fna.fbcdn.net&_nc_cat=105&_nc_oc=Q6cZ2QGEGJEtelr-1sEQ89YhLhAUBb13AV8ULnDMK4P-AUlW1wsqdlF4gc03Fgn0ic0kPI4&_nc_ohc=0Dkp8srzAF0Q7kNvwHXwqBb&_nc_gid=oSTj5H9s21Q7GC1GKa7ydw&edm=AJhczIQBAAAA&ccb=7-5&oh=00_Afoyo2gudJ2iiaYWVEmf8MbCB4pioGaCbdGTOJi1YRLJ3w&oe=6974F02F&_nc_sid=4a2096,249,0,2708,253,0,"['https://instagram.fhan4-5.fna.fbcdn.net/v/t51.2885-15/551500710_2274170086381682_1992993278644780199_n.jpg?stp=dst-jpg_e15_tt6&efg=eyJ2ZW5jb2RlX3RhZyI6InRocmVhZHMuRkVFRC5pbWFnZV91cmxnZW4uNjQweDY0MC5zZHIuZjcxODc4LmRlZmF1bHRfY292ZXJfZnJhbWUuYzIifQ&_nc_ht=instagram.fhan4-5.fna.fbcdn.net&_nc_cat=102&_nc_oc=Q6cZ2QGEGJEtelr-1sEQ89YhLhAUBb13AV8ULnDMK4P-AUlW1wsqdlF4gc03Fgn0ic0kPI4&_nc_ohc=fb9vWSmDNsIQ7kNvwFXRsvi&_nc_gid=oSTj5H9s21Q7GC1GKa7ydw&edm=AJhczIQBAAAA&ccb=7-5&ig_cache_key=MzcyNTA4MjY5MjIzMzcyODU3Mg%3D%3D.3-ccb7-5&oh=00_AfpHLZ0QIJSu0AjNRKNVYcf9h1Dgmaw4vsAnB2eI4ab-7g&oe=6975185D&_nc_sid=4a2096', 'https://instagram.fhan3-3.fna.fbcdn.net/o1/v/t16/f2/m69/AQMpsNT3vGHPWr4esjLNk0b7UVGkFXFJ-zm5PJnxNT2Pv2cIZpMsK1-VR-S_-0H_83vZuv24OuK_5VkxsEaOUJs6.mp4?strext=1&_nc_cat=111&_nc_oc=AdnfUE92SPdH-BIRG1AkqCFvbObgKrzSb5-LkoZ1Dumkt0gkSI5KeBAPLKWovq3I8_Y&_nc_sid=8bf8fe&_nc_ht=instagram.fhan3-3.fna.fbcdn.net&_nc_ohc=FQHjP-yk_FkQ7kNvwEKMzT8&efg=eyJ2ZW5jb2RlX3RhZyI6Inhwdl9wcm9ncmVzc2l2ZS5JTlNUQUdSQU0uRkVFRC5DMy43MjAucHJvZ3Jlc3NpdmVfaDI2NC1iYXNpYy1nZW4yXzcyMHAiLCJ4cHZfYXNzZXRfaWQiOjk2NTI5MjYxNTc1NDY0OSwiYXNzZXRfYWdlX2RheXMiOjEyMiwidmlfdXNlY2FzZV9pZCI6MTAxNjQsImR1cmF0aW9uX3MiOjQwLCJ1cmxnZW5fc291cmNlIjoid3d3In0%3D&ccb=17-1&_nc_gid=oSTj5H9s21Q7GC1GKa7ydw&_nc_zt=28&oh=00_Afo6h8bTN11KR2nGnd5lQatkx4-ExOxUOQFSsooc7gFX2w&oe=69750E65']",,https://www.threads.net/@ursulavonderleyen/post/DOyJvjljBI8,[],"{'likes': 2708, 'reposts': 235, 'quotes': 18}",threads,3725082692233728572,Ursula von der Leyen,,"Russia is showing the full extent of its contempt for diplomacy and international law.

So we're increasing the pressure.

With our 19th package of sanctions covering energy, financial services and trade restrictions.

We want to ban imports of Russian LNG into European markets. It is time to turn off the tap.

I want to be clear: Europeans will be safe this winter. Because we have been preparing for this under REPowerEU. Our efforts are paying off today.",threads,64041142848,ursulavonderleyen
[],2026-01-20T15:01:05.560253+07:00,"Sending Voltemand and Cornelius to Norway. diplomacy through non-violent means.

#diplomacy #norway #denmark #peace #international",2026-01-17T00:33:09+07:00,,3811487925892893260,threads,threads.com,threads_crawler_v1,https://www.threads.net/@king_claudius_real_one/post/DTlIBMQiUpM,https://instagram.fhan4-5.fna.fbcdn.net/v/t51.2885-19/618078069_17849820222657279_5659702792966244044_n.jpg?stp=dst-jpg_s150x150_tt6&efg=eyJ2ZW5jb2RlX3RhZyI6InByb2ZpbGVfcGljLmRqYW5nby41NTEuYzIifQ&_nc_ht=instagram.fhan4-5.fna.fbcdn.net&_nc_cat=103&_nc_oc=Q6cZ2QGEGJEtelr-1sEQ89YhLhAUBb13AV8ULnDMK4P-AUlW1wsqdlF4gc03Fgn0ic0kPI4&_nc_ohc=qVFTisJP2IMQ7kNvwEaxyKZ&_nc_gid=oSTj5H9s21Q7GC1GKa7ydw&edm=AJhczIQBAAAA&ccb=7-5&oh=00_Afqdb19kFO0AFFX0GDB0i37OV2vlxfFr2GjtnBtXOzxRLg&oe=697518B1&_nc_sid=4a2096,0,0,2,0,0,['https://instagram.fhan4-5.fna.fbcdn.net/v/t51.2885-15/618082660_17849825025657279_6827877413332067449_n.jpg?stp=dst-jpg_e35_tt6&efg=eyJ2ZW5jb2RlX3RhZyI6InRocmVhZHMuRkVFRC5pbWFnZV91cmxnZW4uMTEyOXg4MTIuc2RyLmY4Mjc4Ny5kZWZhdWx0X2ltYWdlLmMyIn0&_nc_ht=instagram.fhan4-5.fna.fbcdn.net&_nc_cat=103&_nc_oc=Q6cZ2QGEGJEtelr-1sEQ89YhLhAUBb13AV8ULnDMK4P-AUlW1wsqdlF4gc03Fgn0ic0kPI4&_nc_ohc=Wb4tXFtVXJoQ7kNvwHt1WY3&_nc_gid=oSTj5H9s21Q7GC1GKa7ydw&edm=AJhczIQBAAAA&ccb=7-5&ig_cache_key=MzgxMTQ4NzkyNTg5Mjg5MzI2MA%3D%3D.3-ccb7-5&oh=00_AfqI7UF_IL_VZhp6LrK54jFzXs0uEgMao_KIW_OAmKMtsg&oe=6974FDB7&_nc_sid=4a2096'],,https://www.threads.net/@king_claudius_real_one/post/DTlIBMQiUpM,[],"{'likes': 2, 'reposts': 0, 'quotes': 0}",threads,3811487925892893260,King Claudius,#diplomacy,"Sending Voltemand and Cornelius to Norway. diplomacy through non-violent means.

#diplomacy #norway #denmark #peace #international",threads,79879241278,king_claudius_real_one
[],2026-01-20T15:01:05.560287+07:00,"The Gray Zone refers to actions taken below the threshold of open war, but beyond normal diplomacy. 

The Capricorn New Moon is on the degree of Mars's exaltation. Expect excessive government force. Things are going to get worse before they get better, but I have faith we will get to the other side. 

This Aquarius season is reminiscent of the 60s. The people are rising again and demanding a better future.",2026-01-19T00:40:25+07:00,,3812941132683264980,threads,threads.com,threads_crawler_v1,https://www.threads.net/@astrologybyceleste/post/DTqScIjD8PU,https://instagram.fhan4-6.fna.fbcdn.net/v/t51.2885-19/192720385_1037227703475740_3017439011293787816_n.jpg?stp=dst-jpg_s150x150_tt6&efg=eyJ2ZW5jb2RlX3RhZyI6InByb2ZpbGVfcGljLmRqYW5nby4xODAuYzIifQ&_nc_ht=instagram.fhan4-6.fna.fbcdn.net&_nc_cat=108&_nc_oc=Q6cZ2QGEGJEtelr-1sEQ89YhLhAUBb13AV8ULnDMK4P-AUlW1wsqdlF4gc03Fgn0ic0kPI4&_nc_ohc=nkGYkJI62f8Q7kNvwFZIHB8&_nc_gid=oSTj5H9s21Q7GC1GKa7ydw&edm=AJhczIQBAAAA&ccb=7-5&oh=00_Afov_cdSlD405Cuw6yTOgxs25eHP58JUFyYcDQMnHNMTcQ&oe=6975049D&_nc_sid=4a2096,2,0,20,0,0,[],,https://www.threads.net/@astrologybyceleste/post/DTqScIjD8PU,[],"{'likes': 20, 'reposts': 0, 'quotes': 0}",threads,3812941132683264980,"Celeste Brooks, Astrologer, Cosmic Coach & Intuitive",Astrology,"The Gray Zone refers to actions taken below the threshold of open war, but beyond normal diplomacy. 

The Capricorn New Moon is on the degree of Mars's exaltation. Expect excessive government force. Things are going to get worse before they get better, but I have faith we will get to the other side. 

This Aquarius season is reminiscent of the 60s. The people are rising again and demanding a better future.",threads,63037055595,astrologybyceleste
[],2026-01-20T15:01:05.560317+07:00,"Lisa Nandy was asked several times about her attitude to Farage and Fascism,
She woudn’t rise to the bait…good for her.
She said..”if it walks like a duck and quacks like a duck….then it probably IS a duck”
Admire her for her diplomacy",2026-01-19T03:08:21+07:00,,3813015589758048648,threads,threads.com,threads_crawler_v1,https://www.threads.net/@carolinefairfaxscott/post/DTqjXoGjhmI,https://instagram.fhan3-3.fna.fbcdn.net/v/t51.2885-19/486674396_1210892400566401_7083639297959443764_n.jpg?stp=dst-jpg_s150x150_tt6&efg=eyJ2ZW5jb2RlX3RhZyI6InByb2ZpbGVfcGljLmRqYW5nby45NjAuYzIifQ&_nc_ht=instagram.fhan3-3.fna.fbcdn.net&_nc_cat=101&_nc_oc=Q6cZ2QGEGJEtelr-1sEQ89YhLhAUBb13AV8ULnDMK4P-AUlW1wsqdlF4gc03Fgn0ic0kPI4&_nc_ohc=uViYQ6lM1SAQ7kNvwFyDgrh&_nc_gid=oSTj5H9s21Q7GC1GKa7ydw&edm=AJhczIQBAAAA&ccb=7-5&oh=00_AfquDwyTgse3eYdoDE-Z1VC-Kjv9pD-FCg2W7A5pwGFyhA&oe=69750F10&_nc_sid=4a2096,5,0,1128,62,0,[],,https://www.threads.net/@carolinefairfaxscott/post/DTqjXoGjhmI,[],"{'likes': 1128, 'reposts': 62, 'quotes': 0}",threads,3813015589758048648,Caroline,,"Lisa Nandy was asked several times about her attitude to Farage and Fascism,
She woudn’t rise to the bait…good for her.
She said..”if it walks like a duck and quacks like a duck….then it probably IS a duck”
Admire her for her diplomacy",threads,73367624627,carolinefairfaxscott
[],2026-01-20T15:01:05.560347+07:00,The left is nuts.  Trump is building a ballroom for foreign diplomacy visits.  Obama spent $375 million on a basketball ball court in the White House.  Zero outrage,2025-10-24T23:18:08+07:00,,3750569005796246349,threads,threads.com,threads_crawler_v1,https://www.threads.net/@djshawnmellon/post/DQMsqOwE0NN,https://instagram.fhan3-3.fna.fbcdn.net/v/t51.2885-19/573323465_1219825463302212_7278921664109726296_n.png?stp=dst-jpg_s150x150_tt6&efg=eyJ2ZW5jb2RlX3RhZyI6InByb2ZpbGVfcGljLmRqYW5nby4xNTAuYzIifQ&_nc_ht=instagram.fhan3-3.fna.fbcdn.net&_nc_cat=1&_nc_oc=Q6cZ2QGEGJEtelr-1sEQ89YhLhAUBb13AV8ULnDMK4P-AUlW1wsqdlF4gc03Fgn0ic0kPI4&_nc_ohc=I-OAmjM3FnMQ7kNvwEH-bjS&_nc_gid=oSTj5H9s21Q7GC1GKa7ydw&edm=AJhczIQBAAAA&ccb=7-5&ig_cache_key=YW5vbnltb3VzX3Byb2ZpbGVfcGlj.3-ccb7-5&oh=00_AfrCWqskOY-JYOmC2Ia5y4-FwfDvO4s2ksl3xvOAF6PalQ&oe=6974F0EA&_nc_sid=4a2096,1326,0,286,16,0,[],,https://www.threads.net/@djshawnmellon/post/DQMsqOwE0NN,[],"{'likes': 286, 'reposts': 10, 'quotes': 6}",threads,3750569005796246349,Shawn Ritchie,,The left is nuts.  Trump is building a ballroom for foreign diplomacy visits.  Obama spent $375 million on a basketball ball court in the White House.  Zero outrage,threads,68365414864,djshawnmellon
[],2026-01-20T15:01:05.560386+07:00,"No warships. No protection. Just rusted yachts and fishing boats carrying food and medicine—sailing into danger because Gaza is bleeding and every government has failed. Israel has broken every international law, and the UN is useless. Arab leaders stay silent. Western powers fund the bombs. When diplomacy dies, when law collapses, when humanity is betrayed—Sumud Flotilla rises. This is the resistance. Gaza, we are coming for you. #SumudFlotilla  #GlobalSumudFlotilla",2025-10-04T15:58:31+07:00,,3735850897420215168,threads,threads.com,threads_crawler_v1,https://www.threads.net/@fetzkim/post/DPYaJkKjmOA,https://instagram.fhan4-1.fna.fbcdn.net/v/t51.2885-19/511259770_17847608694505997_2384873624724657925_n.jpg?stp=dst-jpg_s150x150_tt6&efg=eyJ2ZW5jb2RlX3RhZyI6InByb2ZpbGVfcGljLmRqYW5nby4xMDgwLmMyIn0&_nc_ht=instagram.fhan4-1.fna.fbcdn.net&_nc_cat=105&_nc_oc=Q6cZ2QGEGJEtelr-1sEQ89YhLhAUBb13AV8ULnDMK4P-AUlW1wsqdlF4gc03Fgn0ic0kPI4&_nc_ohc=nd7GLVYhoRkQ7kNvwE3bh65&_nc_gid=oSTj5H9s21Q7GC1GKa7ydw&edm=AJhczIQBAAAA&ccb=7-5&oh=00_Afp-pZ9z0ViatGxkmELLu0wZiTbNPjYl5mlaJld5nLxPLA&oe=697519D5&_nc_sid=4a2096,7,0,472,74,0,"['https://instagram.fhan3-3.fna.fbcdn.net/v/t51.2885-15/560513008_800130789272041_8946028019755158416_n.jpg?stp=dst-jpg_e15_tt6&efg=eyJ2ZW5jb2RlX3RhZyI6InRocmVhZHMuRkVFRC5pbWFnZV91cmxnZW4uNjQweDExMzYuc2RyLmY3MTg3OC5kZWZhdWx0X2NvdmVyX2ZyYW1lLmMyIn0&_nc_ht=instagram.fhan3-3.fna.fbcdn.net&_nc_cat=101&_nc_oc=Q6cZ2QGEGJEtelr-1sEQ89YhLhAUBb13AV8ULnDMK4P-AUlW1wsqdlF4gc03Fgn0ic0kPI4&_nc_ohc=COGmprED2dcQ7kNvwGwEkA4&_nc_gid=oSTj5H9s21Q7GC1GKa7ydw&edm=AJhczIQBAAAA&ccb=7-5&ig_cache_key=MzczNTg1MDg5NzQyMDIxNTE2OA%3D%3D.3-ccb7-5&oh=00_Afqk2Uh3326IVS2ZF89KGHEOm5fTBiRNgN0VsyTiHa6Cag&oe=697515A3&_nc_sid=4a2096', 'https://instagram.fhan3-4.fna.fbcdn.net/o1/v/t16/f2/m84/AQOXHGn8r86TXxUVrhdyH4uwXH2ebux_d6-z8vAjrJRUk3ahfXqo2EX7OuoH48TJoSHhy073o8gA1mXWIF1wzR8S34_jiNvJjN4XVdQ.mp4?_nc_cat=104&_nc_oc=AdnzaVezblMyrzJ_xPEyF11fJUmltHzZfkR92zts73_2oyuguAWghbjLgLJehPssSDs&_nc_sid=5e9851&_nc_ht=instagram.fhan3-4.fna.fbcdn.net&_nc_ohc=hIi5bLQZGK0Q7kNvwFPTSfG&efg=eyJ2ZW5jb2RlX3RhZyI6Inhwdl9wcm9ncmVzc2l2ZS5JTlNUQUdSQU0uRkVFRC5DMy43MjAuZGFzaF9iYXNlbGluZV8xX3YxIiwieHB2X2Fzc2V0X2lkIjoxODc5NTM4MjAyNjAyMTQzLCJhc3NldF9hZ2VfZGF5cyI6MTA3LCJ2aV91c2VjYXNlX2lkIjoxMDE2NCwiZHVyYXRpb25fcyI6NTMsInVybGdlbl9zb3VyY2UiOiJ3d3cifQ%3D%3D&ccb=17-1&_nc_gid=oSTj5H9s21Q7GC1GKa7ydw&_nc_zt=28&vs=e3ab858b04b6f98b&_nc_vs=HBksFQIYTGlnX2JhY2tmaWxsX3RpbWVsaW5lX3ZvZC9ERTQyODBCRDhDQjAxNkFDMDY1MkU2MjY4RjQzOTY4OF92aWRlb19kYXNoaW5pdC5tcDQVAALIARIAFQIYOnBhc3N0aHJvdWdoX2V2ZXJzdG9yZS9HRDBNWFNIbE1EekNWeEFFQUtMRFZ4RVRtMzVoYmtZTEFBQUYVAgLIARIAKAAYABsCiAd1c2Vfb2lsATEScHJvZ3Jlc3NpdmVfcmVjaXBlATEVAAAmvqrD7sLb1gYVAigCQzMsF0BKe6XjU_fPGBJkYXNoX2Jhc2VsaW5lXzFfdjERAHXqB2XongEA&oh=00_AfqNXl_d-iYByKnSg9IRlmFU4-XCMcVX8jCAQ92CGqqqpw&oe=6971014C']",,https://www.threads.net/@fetzkim/post/DPYaJkKjmOA,[],"{'likes': 472, 'reposts': 73, 'quotes': 1}",threads,3735850897420215168,Hafetz,GlobalSumudFlotilla,"No warships. No protection. Just rusted yachts and fishing boats carrying food and medicine—sailing into danger because Gaza is bleeding and every government has failed. Israel has broken every international law, and the UN is useless. Arab leaders stay silent. Western powers fund the bombs. When diplomacy dies, when law collapses, when humanity is betrayed—Sumud Flotilla rises. This is the resistance. Gaza, we are coming for you. #SumudFlotilla  #GlobalSumudFlotilla",threads,75338969996,fetzkim
[],2026-01-20T15:01:05.560435+07:00,"“The Witkoff diplomacy so far has been a dramatic failure""

@camanpour & Jamie discuss Steve Witkoff attending the men's US Open final despite both Russia and Israel massively escalating their wars

Watch Christiane Amanpour Presents: The Ex Files 🗂️ on @globalplayer 🎧",2025-09-10T23:58:09+07:00,,3718697615795017876,threads,threads.com,threads_crawler_v1,https://www.threads.net/@amanpourpod/post/DObd8dwjdiU,https://instagram.fhan4-3.fna.fbcdn.net/v/t51.2885-19/496746744_17848144041464770_4124819287654875702_n.jpg?stp=dst-jpg_s150x150_tt6&efg=eyJ2ZW5jb2RlX3RhZyI6InByb2ZpbGVfcGljLmRqYW5nby4xMDgwLmMyIn0&_nc_ht=instagram.fhan4-3.fna.fbcdn.net&_nc_cat=110&_nc_oc=Q6cZ2QGEGJEtelr-1sEQ89YhLhAUBb13AV8ULnDMK4P-AUlW1wsqdlF4gc03Fgn0ic0kPI4&_nc_ohc=jI_tlwA84eUQ7kNvwFddj07&_nc_gid=oSTj5H9s21Q7GC1GKa7ydw&edm=AJhczIQBAAAA&ccb=7-5&oh=00_AfruJxz5JlY-xu8lYPw4KYx-y9oQ9jkLbOiQgn7Om_6IDw&oe=6974F762&_nc_sid=4a2096,12,0,674,120,0,"['https://instagram.fhan4-1.fna.fbcdn.net/v/t51.2885-15/543771432_1207495391137253_3814291390055167045_n.jpg?stp=dst-jpg_e15_tt6&efg=eyJ2ZW5jb2RlX3RhZyI6InRocmVhZHMuRkVFRC5pbWFnZV91cmxnZW4uNjQweDExMzYuc2RyLmY3MTg3OC5kZWZhdWx0X2NvdmVyX2ZyYW1lLmMyIn0&_nc_ht=instagram.fhan4-1.fna.fbcdn.net&_nc_cat=105&_nc_oc=Q6cZ2QGEGJEtelr-1sEQ89YhLhAUBb13AV8ULnDMK4P-AUlW1wsqdlF4gc03Fgn0ic0kPI4&_nc_ohc=6m6S1h3efdsQ7kNvwF3PEc0&_nc_gid=oSTj5H9s21Q7GC1GKa7ydw&edm=AJhczIQBAAAA&ccb=7-5&ig_cache_key=MzcxODY5NzYxNTc5NTAxNzg3Ng%3D%3D.3-ccb7-5&oh=00_AfpZM5x4s4Vi4fdFgMp5xbRNlVuDbBtO_52Felt2Ydcniw&oe=69750CDA&_nc_sid=4a2096', 'https://instagram.fhan4-5.fna.fbcdn.net/o1/v/t16/f2/m69/AQMLR5sDGTh7KxjsryMsUPIledqzuIEgNKaN-nyjFb5uz_a2cQk2JEky0QCVNhvlLHPsk3LmHqol86cVvVW28LFj.mp4?strext=1&_nc_cat=102&_nc_oc=AdnVOYHDS-yWaFoGNWAsTRdmxbG9UbkmGxIK1Hza4D3gBRm5qhrkOJfEboXbDB7tye8&_nc_sid=8bf8fe&_nc_ht=instagram.fhan4-5.fna.fbcdn.net&_nc_ohc=QLmPSrfFAVkQ7kNvwEPgSUA&efg=eyJ2ZW5jb2RlX3RhZyI6Inhwdl9wcm9ncmVzc2l2ZS5JTlNUQUdSQU0uRkVFRC5DMy43MjAucHJvZ3Jlc3NpdmVfaDI2NC1iYXNpYy1nZW4yXzcyMHAiLCJ4cHZfYXNzZXRfaWQiOjE0Mjg5MTE2MTQ4MzU4NjcsImFzc2V0X2FnZV9kYXlzIjoxMzEsInZpX3VzZWNhc2VfaWQiOjEwMTY0LCJkdXJhdGlvbl9zIjo1OSwidXJsZ2VuX3NvdXJjZSI6Ind3dyJ9&ccb=17-1&_nc_gid=oSTj5H9s21Q7GC1GKa7ydw&_nc_zt=28&oh=00_Afr_y-R0tAnyv5tbp-KCI5zDaCXBgPHnWQfzuji9LcCsNQ&oe=6975166E']",,https://www.threads.net/@amanpourpod/post/DObd8dwjdiU,[],"{'likes': 674, 'reposts': 117, 'quotes': 3}",threads,3718697615795017876,Christiane Amanpour Presents: The Ex Files,US Open,"“The Witkoff diplomacy so far has been a dramatic failure""

@camanpour & Jamie discuss Steve Witkoff attending the men's US Open final despite both Russia and Israel massively escalating their wars

Watch Christiane Amanpour Presents: The Ex Files 🗂️ on @globalplayer 🎧",threads,74119616769,amanpourpod
[],2026-01-20T15:01:05.560500+07:00,"Being a Ukranian is like:
Fluent in 5 languages.
Degree in diplomacy.
Love art, history, culture, politics yet…
But one Russian missile — and suddenly, I’m just “the refugee girl.”
Wow, thanks for the rebranding, world. 🙃",2025-09-20T23:27:09+07:00,,3725931168760660321,threads,threads.com,threads_crawler_v1,https://www.threads.net/@maskrim/post/DO1Kqg7iQFh,https://instagram.fhan4-5.fna.fbcdn.net/v/t51.2885-19/468803644_1079284033838234_3063430081026732838_n.jpg?stp=dst-jpg_s150x150_tt6&efg=eyJ2ZW5jb2RlX3RhZyI6InByb2ZpbGVfcGljLmRqYW5nby4xMDgwLmMyIn0&_nc_ht=instagram.fhan4-5.fna.fbcdn.net&_nc_cat=102&_nc_oc=Q6cZ2QGEGJEtelr-1sEQ89YhLhAUBb13AV8ULnDMK4P-AUlW1wsqdlF4gc03Fgn0ic0kPI4&_nc_ohc=061GhgjkNbsQ7kNvwF9sCVC&_nc_gid=oSTj5H9s21Q7GC1GKa7ydw&edm=AJhczIQBAAAA&ccb=7-5&oh=00_Afq2gMsPtHNYBuWvO96P3kg7lQ_d32l7xn4FjuZ5vreyVg&oe=69750959&_nc_sid=4a2096,126,0,1718,35,0,['https://instagram.fhan4-3.fna.fbcdn.net/v/t51.2885-15/551004093_17885137266367008_4881621715554285300_n.jpg?stp=dst-jpg_e35_tt6&efg=eyJ2ZW5jb2RlX3RhZyI6InRocmVhZHMuRkVFRC5pbWFnZV91cmxnZW4uMTM4N3gxOTIwLnNkci5mODI3ODcuZGVmYXVsdF9pbWFnZS5jMiJ9&_nc_ht=instagram.fhan4-3.fna.fbcdn.net&_nc_cat=100&_nc_oc=Q6cZ2QGEGJEtelr-1sEQ89YhLhAUBb13AV8ULnDMK4P-AUlW1wsqdlF4gc03Fgn0ic0kPI4&_nc_ohc=O2O1yo6DP-8Q7kNvwEUNeOx&_nc_gid=oSTj5H9s21Q7GC1GKa7ydw&edm=AJhczIQBAAAA&ccb=7-5&ig_cache_key=MzcyNTkzMTE2ODc2MDY2MDMyMQ%3D%3D.3-ccb7-5&oh=00_AfqtsJWeD_yQmy2rul7QG5h6uDj7JK0qcWWHNMs0Hk7gNw&oe=69750B3F&_nc_sid=4a2096'],,https://www.threads.net/@maskrim/post/DO1Kqg7iQFh,[],"{'likes': 1718, 'reposts': 34, 'quotes': 1}",threads,3725931168760660321,maskrim,,"Being a Ukranian is like:
Fluent in 5 languages.
Degree in diplomacy.
Love art, history, culture, politics yet…
But one Russian missile — and suddenly, I’m just “the refugee girl.”
Wow, thanks for the rebranding, world. 🙃",threads,70859455007,maskrim
[],2026-01-20T15:01:05.560549+07:00,"If Anwar feels the urge to dance with Trump, better he remembers Gaza is still burning.
Malaysia doesn’t need a clown show in the name of diplomacy.
Formality is fine. Pretending like nothing’s happening in Palestine? That’s an insult.",2025-10-26T15:39:03+07:00,,3751787494300569508,threads,threads.com,threads_crawler_v1,https://www.threads.net/@bujasudirman/post/DQRBtkmic-k,https://instagram.fhan4-6.fna.fbcdn.net/v/t51.2885-19/364981334_819262893224576_688995774332520193_n.jpg?stp=dst-jpg_s150x150_tt6&efg=eyJ2ZW5jb2RlX3RhZyI6InByb2ZpbGVfcGljLmRqYW5nby45NTMuYzIifQ&_nc_ht=instagram.fhan4-6.fna.fbcdn.net&_nc_cat=108&_nc_oc=Q6cZ2QGEGJEtelr-1sEQ89YhLhAUBb13AV8ULnDMK4P-AUlW1wsqdlF4gc03Fgn0ic0kPI4&_nc_ohc=niKoYwmZEzMQ7kNvwFAI2ls&_nc_gid=oSTj5H9s21Q7GC1GKa7ydw&edm=AJhczIQBAAAA&ccb=7-5&oh=00_AfpCF5f3_yOYerxuei7SCNb8zL_OW8FZd-uubw8wdAX77A&oe=6974F6F4&_nc_sid=4a2096,530,0,514,84,0,[],,https://www.threads.net/@bujasudirman/post/DQRBtkmic-k,[],"{'likes': 514, 'reposts': 79, 'quotes': 5}",threads,3751787494300569508,Buja Rizal Sudirman,,"If Anwar feels the urge to dance with Trump, better he remembers Gaza is still burning.
Malaysia doesn’t need a clown show in the name of diplomacy.
Formality is fine. Pretending like nothing’s happening in Palestine? That’s an insult.",threads,63270823091,bujasudirman
[],2026-01-20T15:01:05.560635+07:00,They’ve been telling us exactly what they were going to do…. And we keep letting them do it.  Wake up & rise up. #jaredkushner #thegreattrust #gaza #diplomacy #criminals #bibi #dumpy #lockthemup,2025-10-16T05:42:45+07:00,,3744239596134293647,threads,threads.com,threads_crawler_v1,https://www.threads.net/@kikihq_/post/DP2NhMpiWCP,https://instagram.fhan3-2.fna.fbcdn.net/v/t51.2885-19/508694877_17864018010410083_7959561528682511519_n.jpg?stp=dst-jpg_s150x150_tt6&efg=eyJ2ZW5jb2RlX3RhZyI6InByb2ZpbGVfcGljLmRqYW5nby45NzguYzIifQ&_nc_ht=instagram.fhan3-2.fna.fbcdn.net&_nc_cat=107&_nc_oc=Q6cZ2QGEGJEtelr-1sEQ89YhLhAUBb13AV8ULnDMK4P-AUlW1wsqdlF4gc03Fgn0ic0kPI4&_nc_ohc=ELPp5y47xiYQ7kNvwH8Revd&_nc_gid=oSTj5H9s21Q7GC1GKa7ydw&edm=AJhczIQBAAAA&ccb=7-5&oh=00_Afp0pyDz9GptrONXu8OggvYYL1te5Yg2Bo6ik6FPDpahcw&oe=6974EDF0&_nc_sid=4a2096,2,0,43,18,0,"['https://instagram.fhan4-5.fna.fbcdn.net/v/t51.2885-15/565435932_1254136183426622_4998009422187444508_n.jpg?stp=dst-jpg_e15_tt6&efg=eyJ2ZW5jb2RlX3RhZyI6InRocmVhZHMuRkVFRC5pbWFnZV91cmxnZW4uNjQweDExMzYuc2RyLmY3MTg3OC5kZWZhdWx0X2NvdmVyX2ZyYW1lLmMyIn0&_nc_ht=instagram.fhan4-5.fna.fbcdn.net&_nc_cat=102&_nc_oc=Q6cZ2QGEGJEtelr-1sEQ89YhLhAUBb13AV8ULnDMK4P-AUlW1wsqdlF4gc03Fgn0ic0kPI4&_nc_ohc=cM8jLJ2MGF8Q7kNvwFHIYeL&_nc_gid=oSTj5H9s21Q7GC1GKa7ydw&edm=AJhczIQBAAAA&ccb=7-5&ig_cache_key=Mzc0NDIzOTU5NjEzNDI5MzY0Nw%3D%3D.3-ccb7-5&oh=00_AfqK_Qtzn8jZ6LTU1lVp50_Sf8RXojBcww3hXvV67-sStg&oe=69750CC7&_nc_sid=4a2096', 'https://instagram.fhan4-6.fna.fbcdn.net/o1/v/t2/f2/m86/AQNqHXpZEJTU-CFDTwF_tsJjtHicrzugJLNaxSeefECoKGPuu_2EvR0pDxBuwwFoH1B9wy0Bv_bFeCta3kQjRSEyhUUbuMrIiKhkX-o.mp4?_nc_cat=108&_nc_oc=Adm4TnY_Tqs0ZfPql31I40cObJhywHJmqNuMXt9QPUFH2FIvE7km0rPaixrB0nAv5Bg&_nc_sid=5e9851&_nc_ht=instagram.fhan4-6.fna.fbcdn.net&_nc_ohc=GnC9T0fWfZsQ7kNvwHh3eDJ&efg=eyJ2ZW5jb2RlX3RhZyI6Inhwdl9wcm9ncmVzc2l2ZS5JTlNUQUdSQU0uRkVFRC5DMy43MjAuZGFzaF9iYXNlbGluZV8xX3YxIiwieHB2X2Fzc2V0X2lkIjoyNTI5MjY0ODQxNzAyNjUyMCwiYXNzZXRfYWdlX2RheXMiOjk2LCJ2aV91c2VjYXNlX2lkIjoxMDA5OSwiZHVyYXRpb25fcyI6MjI5LCJ1cmxnZW5fc291cmNlIjoid3d3In0%3D&ccb=17-1&_nc_gid=oSTj5H9s21Q7GC1GKa7ydw&_nc_zt=28&vs=576dade913efbe14&_nc_vs=HBksFQIYUmlnX3hwdl9yZWVsc19wZXJtYW5lbnRfc3JfcHJvZC9DMTQwMENENjQyMzIxQ0EzQjFFQ0U3RDIwOTFFNzc4Ml92aWRlb19kYXNoaW5pdC5tcDQVAALIARIAFQIYOnBhc3N0aHJvdWdoX2V2ZXJzdG9yZS9HR05pcHlHM1F3bW9WLTBEQVBKa1BaYmUzS3BhYnN0VEFRQUYVAgLIARIAKAAYABsCiAd1c2Vfb2lsATEScHJvZ3Jlc3NpdmVfcmVjaXBlATEVAAAmsIebxfPh7VkVAigCQzMsF0BsoQ5WBBiTGBJkYXNoX2Jhc2VsaW5lXzFfdjERAHXqB2XmnQEA&oh=00_AfoEFbztOSc8XOVZg5tF9TCuQSpHd0hXiUkksri9CId5MA&oe=6971174D']",,https://www.threads.net/@kikihq_/post/DP2NhMpiWCP,[],"{'likes': 43, 'reposts': 17, 'quotes': 1}",threads,3744239596134293647,KIKI HQ,,They’ve been telling us exactly what they were going to do…. And we keep letting them do it.  Wake up & rise up. #jaredkushner #thegreattrust #gaza #diplomacy #criminals #bibi #dumpy #lockthemup,threads,75468161178,kikihq_
[],2026-01-20T15:01:05.560690+07:00,"Today all the living hostages were reunited with their families. The images were deeply moving — the tears, the hugs, the relief, the love — it was something to behold. President Trump, who was in Israel to mark the occasion, deserves credit. He said, “We gather on a day of profound joy, of soaring hope,” and he went on to say that international pressure had played a part in bringing about the ceasefire, illustrating the role of diplomacy.",2025-10-13T22:48:55+07:00,,3742581769276328133,threads,threads.com,threads_crawler_v1,https://www.threads.net/@mariashriver/post/DPwUkpEkYjF,https://instagram.fhan3-2.fna.fbcdn.net/v/t51.2885-19/582016556_17932880943109747_1365245665563066333_n.jpg?stp=dst-jpg_s150x150_tt6&efg=eyJ2ZW5jb2RlX3RhZyI6InByb2ZpbGVfcGljLmRqYW5nby42NzUuYzIifQ&_nc_ht=instagram.fhan3-2.fna.fbcdn.net&_nc_cat=107&_nc_oc=Q6cZ2QGEGJEtelr-1sEQ89YhLhAUBb13AV8ULnDMK4P-AUlW1wsqdlF4gc03Fgn0ic0kPI4&_nc_ohc=rVn_9PQz2UQQ7kNvwEODnUq&_nc_gid=oSTj5H9s21Q7GC1GKa7ydw&edm=AJhczIQBAAAA&ccb=7-5&oh=00_AfrN1aDJ1GLjcesqe7OFFQXIhIo19Gw9WCfJUlReIFOR0Q&oe=69750698&_nc_sid=4a2096,139,0,846,18,0,['https://instagram.fhan3-2.fna.fbcdn.net/v/t51.2885-15/564753770_17928924741109747_7508404047198830876_n.jpg?stp=dst-jpg_e35_tt6&efg=eyJ2ZW5jb2RlX3RhZyI6InRocmVhZHMuRkVFRC5pbWFnZV91cmxnZW4uMTA4MHgxMzUwLnNkci5mODI3ODcuZGVmYXVsdF9pbWFnZS5jMiJ9&_nc_ht=instagram.fhan3-2.fna.fbcdn.net&_nc_cat=107&_nc_oc=Q6cZ2QGEGJEtelr-1sEQ89YhLhAUBb13AV8ULnDMK4P-AUlW1wsqdlF4gc03Fgn0ic0kPI4&_nc_ohc=PPU18IDUp_gQ7kNvwFo4FRS&_nc_gid=oSTj5H9s21Q7GC1GKa7ydw&edm=AJhczIQBAAAA&ccb=7-5&ig_cache_key=Mzc0MjU4MTc2OTI3NjMyODEzMw%3D%3D.3-ccb7-5&oh=00_AfqJvEU_JVT0HB3MZiGQmIMOCGpbf3RScjgtGbpoB_PoDw&oe=6974EC98&_nc_sid=4a2096'],,https://www.threads.net/@mariashriver/post/DPwUkpEkYjF,[],"{'likes': 846, 'reposts': 18, 'quotes': 0}",threads,3742581769276328133,Maria Shriver,,"Today all the living hostages were reunited with their families. The images were deeply moving — the tears, the hugs, the relief, the love — it was something to behold. President Trump, who was in Israel to mark the occasion, deserves credit. He said, “We gather on a day of profound joy, of soaring hope,” and he went on to say that international pressure had played a part in bringing about the ceasefire, illustrating the role of diplomacy.",threads,63262861746,mariashriver
[],2026-01-20T15:01:05.560748+07:00,"Chia sẻ với cho các bạn du học sinh ở Tokyo/Nhật nói chung Japan Model ASEAN Meeting (JMAM). Deadline apply hnay. Mình ko thgia đc vì event lại vào đúng Tết

The event is supported by the ASEAN Foundation, Japanese Mission to ASEAN, and JAIF (Japan-ASEAN Integration Fund).

Students interested in diplomacy and international cooperation, or those eager to challenge themselves with discussions in English, are encouraged to take advantage of this opportunity.",2025-12-17T15:14:00+07:00,,3789463225461855081,threads,threads.com,threads_crawler_v1,https://www.threads.net/@hihidorothie/post/DSW4LnjD1Np,https://instagram.fhan4-6.fna.fbcdn.net/v/t51.2885-19/434987040_434865768998828_1933640673511159691_n.jpg?stp=dst-jpg_s150x150_tt6&efg=eyJ2ZW5jb2RlX3RhZyI6InByb2ZpbGVfcGljLmRqYW5nby4xMDgwLmMyIn0&_nc_ht=instagram.fhan4-6.fna.fbcdn.net&_nc_cat=108&_nc_oc=Q6cZ2QGEGJEtelr-1sEQ89YhLhAUBb13AV8ULnDMK4P-AUlW1wsqdlF4gc03Fgn0ic0kPI4&_nc_ohc=PxT6TCuHVDcQ7kNvwFcSLRC&_nc_gid=oSTj5H9s21Q7GC1GKa7ydw&edm=AJhczIQBAAAA&ccb=7-5&oh=00_AfrKnJpnon_SZ2ks-_T6Hy1cvjOvMQGfXDizIfUfcoFP3A&oe=697523CD&_nc_sid=4a2096,1,0,14,2,0,['https://instagram.fhan3-4.fna.fbcdn.net/v/t51.2885-15/589901113_17925745080187732_5451431725525555802_n.jpg?stp=dst-jpg_e35_tt6&efg=eyJ2ZW5jb2RlX3RhZyI6InRocmVhZHMuRkVFRC5pbWFnZV91cmxnZW4uMTQ0MHgyMDM2LnNkci5mODI3ODcuZGVmYXVsdF9pbWFnZS5jMiJ9&_nc_ht=instagram.fhan3-4.fna.fbcdn.net&_nc_cat=104&_nc_oc=Q6cZ2QGEGJEtelr-1sEQ89YhLhAUBb13AV8ULnDMK4P-AUlW1wsqdlF4gc03Fgn0ic0kPI4&_nc_ohc=gxsiBIWJXwEQ7kNvwFxN-j7&_nc_gid=oSTj5H9s21Q7GC1GKa7ydw&edm=AJhczIQBAAAA&ccb=7-5&ig_cache_key=Mzc4OTQ2MzIyNTQ2MTg1NTA4MQ%3D%3D.3-ccb7-5&oh=00_AfoeG-MkecjQTpMuWp-kOVgjuoIL4j5z-qEEE_m7r7Voww&oe=69750AEA&_nc_sid=4a2096'],,https://www.threads.net/@hihidorothie/post/DSW4LnjD1Np,[],"{'likes': 14, 'reposts': 2, 'quotes': 0}",threads,3789463225461855081,Hihi Dorothie,du hoc nhat,"Chia sẻ với cho các bạn du học sinh ở Tokyo/Nhật nói chung Japan Model ASEAN Meeting (JMAM). Deadline apply hnay. Mình ko thgia đc vì event lại vào đúng Tết

The event is supported by the ASEAN Foundation, Japanese Mission to ASEAN, and JAIF (Japan-ASEAN Integration Fund).

Students interested in diplomacy and international cooperation, or those eager to challenge themselves with discussions in English, are encouraged to take advantage of this opportunity.",threads,65649211731,hihidorothie
[],2026-01-20T15:01:05.560815+07:00,"🇸🇦 JUST IN: Saudi Arabia states it will not permit its territory or airspace to be used for any military strike against Iran.

#SaudiArabia #Iran #MiddleEast #Geopolitics #Security #RegionalStability #BRICS #BreakingNews #Diplomacy #ForeignPolicy",2026-01-15T04:35:36+07:00,,3810160402244324451,threads,threads.com,threads_crawler_v1,https://www.threads.net/@zenthagodx_x/post/DTgaLLhCExj,https://instagram.fhan3-3.fna.fbcdn.net/v/t51.2885-19/618480356_17937318339118847_7486959474733503198_n.jpg?stp=dst-jpg_s150x150_tt6&efg=eyJ2ZW5jb2RlX3RhZyI6InByb2ZpbGVfcGljLmRqYW5nby43NTAuYzIifQ&_nc_ht=instagram.fhan3-3.fna.fbcdn.net&_nc_cat=111&_nc_oc=Q6cZ2QGEGJEtelr-1sEQ89YhLhAUBb13AV8ULnDMK4P-AUlW1wsqdlF4gc03Fgn0ic0kPI4&_nc_ohc=wtrj5D9h3bIQ7kNvwEr0T_G&_nc_gid=oSTj5H9s21Q7GC1GKa7ydw&edm=AJhczIQBAAAA&ccb=7-5&oh=00_Afqomtlmk4Q9FV0-cHwtjbIrAdZoA1jA192yW0OX678_eQ&oe=697506BF&_nc_sid=4a2096,0,0,3,0,0,['https://instagram.fhan3-3.fna.fbcdn.net/v/t51.2885-15/614986662_17936671932118847_3915051896721265464_n.jpg?stp=dst-jpg_e35_tt6&efg=eyJ2ZW5jb2RlX3RhZyI6InRocmVhZHMuQ0FST1VTRUxfSVRFTS5pbWFnZV91cmxnZW4uMTAzMngxMTY1LnNkci5mODI3ODcuZGVmYXVsdF9pbWFnZS5jMiJ9&_nc_ht=instagram.fhan3-3.fna.fbcdn.net&_nc_cat=111&_nc_oc=Q6cZ2QGEGJEtelr-1sEQ89YhLhAUBb13AV8ULnDMK4P-AUlW1wsqdlF4gc03Fgn0ic0kPI4&_nc_ohc=OkRVpae8lMEQ7kNvwFau_s6&_nc_gid=oSTj5H9s21Q7GC1GKa7ydw&edm=AJhczIQBAAAA&ccb=7-5&ig_cache_key=MzgxMDE2MDM5MTIxMzMyMTQ5Ng%3D%3D.3-ccb7-5&oh=00_AfrRLkFawfADB-YH8IvvA2hQNeH47_jULl3LKyROcDsQyw&oe=69750276&_nc_sid=4a2096'],,https://www.threads.net/@zenthagodx_x/post/DTgaLLhCExj,[],"{'likes': 3, 'reposts': 0, 'quotes': 0}",threads,3810160402244324451,ZenThaGod,,"🇸🇦 JUST IN: Saudi Arabia states it will not permit its territory or airspace to be used for any military strike against Iran.

#SaudiArabia #Iran #MiddleEast #Geopolitics #Security #RegionalStability #BRICS #BreakingNews #Diplomacy #ForeignPolicy",threads,63395862846,zenthagodx_x
[],2026-01-20T15:01:05.560881+07:00,"Donald Trump calling Ilhan Omar and her friends ""garbage"" during a cabinet meeting is unacceptable. 

The President of the United States should be held the highest standards of decorum.

Donald Trump has zero decorum, diplomacy, or basic manners.",2025-12-03T20:44:33+07:00,,3779482734692703990,threads,threads.com,threads_crawler_v1,https://www.threads.net/@babb2thebone4/post/DRza4XMFJ72,https://instagram.fhan4-6.fna.fbcdn.net/v/t51.2885-19/608933275_17936286852112844_39423633230082991_n.jpg?stp=dst-jpg_s150x150_tt6&efg=eyJ2ZW5jb2RlX3RhZyI6InByb2ZpbGVfcGljLmRqYW5nby44MjYuYzIifQ&_nc_ht=instagram.fhan4-6.fna.fbcdn.net&_nc_cat=108&_nc_oc=Q6cZ2QGEGJEtelr-1sEQ89YhLhAUBb13AV8ULnDMK4P-AUlW1wsqdlF4gc03Fgn0ic0kPI4&_nc_ohc=7Df-VbKiSXIQ7kNvwFJZQGj&_nc_gid=oSTj5H9s21Q7GC1GKa7ydw&edm=AJhczIQBAAAA&ccb=7-5&oh=00_AfrYhkW3So5vqZzi5VR-DCRqUkFlQS_RsGhKn5Pexysaaw&oe=6974FCD5&_nc_sid=4a2096,69,0,346,29,0,[],,https://www.threads.net/@babb2thebone4/post/DRza4XMFJ72,[],"{'likes': 346, 'reposts': 29, 'quotes': 0}",threads,3779482734692703990,Taylor Babb,Donald J Trump,"Donald Trump calling Ilhan Omar and her friends ""garbage"" during a cabinet meeting is unacceptable. 

The President of the United States should be held the highest standards of decorum.

Donald Trump has zero decorum, diplomacy, or basic manners.",threads,63459848843,babb2thebone4
[],2026-01-20T15:01:05.560937+07:00,"🇮🇳🫱🏾‍🫲🏽🇦🇺 When tradition meets diplomacy!
During his visit, the Indian Defence Minister received a traditional Australian welcome, and it beautifully mirrored Indian customs — a gesture of mutual respect and shared heritage 🌏✨
Moments like these show how cultures connect beyond borders.

.
.
#indiaaustralia #indiantradition #austrália #culturalexchange #diplomacy #softpower #culturalbond #internationalrelations #worldaffairs #upsc #ias #ips #pragnyaias",2025-10-10T13:13:31+07:00,,3740117058471082974,threads,threads.com,threads_crawler_v1,https://www.threads.net/@pragnya.ias.academy/post/DPnkKYQjDve,https://instagram.fhan4-5.fna.fbcdn.net/v/t51.2885-19/497090856_18049351649604614_3079483277259743173_n.jpg?stp=dst-jpg_s150x150_tt6&efg=eyJ2ZW5jb2RlX3RhZyI6InByb2ZpbGVfcGljLmRqYW5nby4xMDgwLmMyIn0&_nc_ht=instagram.fhan4-5.fna.fbcdn.net&_nc_cat=102&_nc_oc=Q6cZ2QGEGJEtelr-1sEQ89YhLhAUBb13AV8ULnDMK4P-AUlW1wsqdlF4gc03Fgn0ic0kPI4&_nc_ohc=O7huuEiVp7EQ7kNvwGRTl1A&_nc_gid=oSTj5H9s21Q7GC1GKa7ydw&edm=AJhczIQBAAAA&ccb=7-5&oh=00_Afoa4-vwMhjzoDwkJrjXX4FpJKdSe59BXNcqhLApcAdahA&oe=6974FE5F&_nc_sid=4a2096,8,0,787,11,0,"['https://instagram.fhan3-4.fna.fbcdn.net/v/t51.2885-15/561593482_1141855187372562_8142749565317596172_n.jpg?stp=dst-jpg_e15_tt6&efg=eyJ2ZW5jb2RlX3RhZyI6InRocmVhZHMuRkVFRC5pbWFnZV91cmxnZW4uNjQweDExMzYuc2RyLmY3MTg3OC5kZWZhdWx0X2NvdmVyX2ZyYW1lLmMyIn0&_nc_ht=instagram.fhan3-4.fna.fbcdn.net&_nc_cat=106&_nc_oc=Q6cZ2QGEGJEtelr-1sEQ89YhLhAUBb13AV8ULnDMK4P-AUlW1wsqdlF4gc03Fgn0ic0kPI4&_nc_ohc=y18zkHZxzvkQ7kNvwFxcSCK&_nc_gid=oSTj5H9s21Q7GC1GKa7ydw&edm=AJhczIQBAAAA&ccb=7-5&ig_cache_key=Mzc0MDExNzA1ODQ3MTA4Mjk3NA%3D%3D.3-ccb7-5&oh=00_AfoA-5XxiB7T9IrlocCdtc6eBXYNm3mBOJaqv49FnFMyZQ&oe=6974F7E4&_nc_sid=4a2096', 'https://instagram.fhan3-2.fna.fbcdn.net/o1/v/t16/f2/m84/AQMIdOotYajNYYc05GkfuVRMpFoGSMF_H5c7Pie6YkqrKz_3C1YN_nTC8a8Oi5WwDwPiZxqSChqEoCq5-itPv_XxO6PcyRgV_PZXKTM.mp4?_nc_cat=107&_nc_oc=Adldl6VxxA9bM66aQGpmyjeJ-W6-K80w7bJ_YhL1BZjDKpGUXGRHJ6_1ZQW2CYuO-LU&_nc_sid=5e9851&_nc_ht=instagram.fhan3-2.fna.fbcdn.net&_nc_ohc=PEGDUuVeFb8Q7kNvwE0l62o&efg=eyJ2ZW5jb2RlX3RhZyI6Inhwdl9wcm9ncmVzc2l2ZS5JTlNUQUdSQU0uRkVFRC5DMy43MjAuZGFzaF9iYXNlbGluZV8xX3YxIiwieHB2X2Fzc2V0X2lkIjoyNTczNzM1MTAyOTk1NzcwLCJhc3NldF9hZ2VfZGF5cyI6MTAyLCJ2aV91c2VjYXNlX2lkIjoxMDE2NCwiZHVyYXRpb25fcyI6MjUsInVybGdlbl9zb3VyY2UiOiJ3d3cifQ%3D%3D&ccb=17-1&_nc_gid=oSTj5H9s21Q7GC1GKa7ydw&_nc_zt=28&vs=cb0f29c8c59a5a7d&_nc_vs=HBksFQIYTGlnX2JhY2tmaWxsX3RpbWVsaW5lX3ZvZC9DQzQ3RjE1RUIzOUU1Rjg3N0Q4MThDMzUxRjZBMzNBMV92aWRlb19kYXNoaW5pdC5tcDQVAALIARIAFQIYOnBhc3N0aHJvdWdoX2V2ZXJzdG9yZS9HRDJjV0NFM2k4QkhrWG9DQUFiWXdnaUJkLWgxYnNwVEFRQUYVAgLIARIAKAAYABsCiAd1c2Vfb2lsATEScHJvZ3Jlc3NpdmVfcmVjaXBlATEVAAAm9PT66IyzkgkVAigCQzMsF0A5RBiTdLxqGBJkYXNoX2Jhc2VsaW5lXzFfdjERAHXqB2XongEA&oh=00_AfquXoCYhNXaHl-dmzaAIeiZzkCXJyMwWeiyL5YrsMtSkw&oe=69710CDD']",,https://www.threads.net/@pragnya.ias.academy/post/DPnkKYQjDve,[],"{'likes': 787, 'reposts': 11, 'quotes': 0}",threads,3740117058471082974,Pragnya IAS Academy,geopoltics,"🇮🇳🫱🏾‍🫲🏽🇦🇺 When tradition meets diplomacy!
During his visit, the Indian Defence Minister received a traditional Australian welcome, and it beautifully mirrored Indian customs — a gesture of mutual respect and shared heritage 🌏✨
Moments like these show how cultures connect beyond borders.

.
.
#indiaaustralia #indiantradition #austrália #culturalexchange #diplomacy #softpower #culturalbond #internationalrelations #worldaffairs #upsc #ias #ips #pragnyaias",threads,74643942569,pragnya.ias.academy
[],2026-01-20T15:01:05.560999+07:00,"Diplomacy over division. 
Europe’s made its choice.",2025-09-25T22:03:44+07:00,,3729513061955681281,threads,threads.com,threads_crawler_v1,https://www.threads.net/@europeancommission/post/DPB5F67DDwB,https://instagram.fhan4-6.fna.fbcdn.net/v/t51.2885-19/538974664_17920559520129489_3059485823195671933_n.jpg?stp=dst-jpg_s150x150_tt6&efg=eyJ2ZW5jb2RlX3RhZyI6InByb2ZpbGVfcGljLmRqYW5nby4xMDgwLmMyIn0&_nc_ht=instagram.fhan4-6.fna.fbcdn.net&_nc_cat=109&_nc_oc=Q6cZ2QGEGJEtelr-1sEQ89YhLhAUBb13AV8ULnDMK4P-AUlW1wsqdlF4gc03Fgn0ic0kPI4&_nc_ohc=PZE6_vf7jKMQ7kNvwHDPT_O&_nc_gid=oSTj5H9s21Q7GC1GKa7ydw&edm=AJhczIQBAAAA&ccb=7-5&oh=00_AfpOgpkuU8lEuHfK8D9ukMZQke3hUThJmZKRQnyIvaQEhQ&oe=6974FEA3&_nc_sid=4a2096,9,0,810,28,0,['https://instagram.fhan4-6.fna.fbcdn.net/v/t51.2885-15/553369723_17924174514129489_7587297954283338294_n.jpg?stp=dst-jpg_e35_tt6&efg=eyJ2ZW5jb2RlX3RhZyI6InRocmVhZHMuQ0FST1VTRUxfSVRFTS5pbWFnZV91cmxnZW4uMTA4MHgxMDgwLnNkci5mODI3ODcuZGVmYXVsdF9pbWFnZS5jMiJ9&_nc_ht=instagram.fhan4-6.fna.fbcdn.net&_nc_cat=109&_nc_oc=Q6cZ2QGEGJEtelr-1sEQ89YhLhAUBb13AV8ULnDMK4P-AUlW1wsqdlF4gc03Fgn0ic0kPI4&_nc_ohc=Wh4eC7uPh0IQ7kNvwE-s__A&_nc_gid=oSTj5H9s21Q7GC1GKa7ydw&edm=AJhczIQBAAAA&ccb=7-5&ig_cache_key=MzcyOTUxMzA1NzM5MjMxOTM2MA%3D%3D.3-ccb7-5&oh=00_Afpuur1lPRLvG7txWPb1UQkro0MegSieOqj4iZtCkHdFAA&oe=6974F12F&_nc_sid=4a2096'],,https://www.threads.net/@europeancommission/post/DPB5F67DDwB,[],"{'likes': 810, 'reposts': 26, 'quotes': 2}",threads,3729513061955681281,European Commission 🇪🇺,,"Diplomacy over division. 
Europe’s made its choice.",threads,63900513488,europeancommission
[],2026-01-20T15:07:17.583888+07:00,"📛❌Why the UN Sat Up Straighter: The Peace Board Proposal and the Beginning of a Reckoning📛❌

By Annie Koshy

The UN didn’t suddenly “wake up” by accident. The moment a Peace Board idea was floated, it forced an uncomfortable truth into the open: the current UN Security Council is no longer fit for purpose.

UN Secretary-General António Guterres has been explicit about this. He has said the Security Council no longer reflects today’s global realities and has become increasingly ineffective.",2026-01-20T05:04:24+07:00,,3813798778814709029,threads,threads.com,threads_crawler_v1,https://www.threads.net/@anniejkoshy/post/DTtVchwEb0l,https://instagram.fhan4-6.fna.fbcdn.net/v/t51.2885-19/491444082_17903987736119001_3044098481637579384_n.jpg?stp=dst-jpg_s150x150_tt6&efg=eyJ2ZW5jb2RlX3RhZyI6InByb2ZpbGVfcGljLmRqYW5nby4zMjAuYzIifQ&_nc_ht=instagram.fhan4-6.fna.fbcdn.net&_nc_cat=109&_nc_oc=Q6cZ2QFpkqY_-gqWGJjZt01yDZYls-T8h0bhHoIOtnCtDDJc3dgLLUhgSyAFF2xPCrrcZOw&_nc_ohc=jQSoAUuFpJcQ7kNvwFfiSWK&_nc_gid=9dtx-xfYZpAvh3ERul0byA&edm=AJhczIQBAAAA&ccb=7-5&oh=00_Afq3-dVJNISRM6MeFzLbbLyOfSzLL2IRyVhHUcIpD8sJzA&oe=6974F0D4&_nc_sid=4a2096,11,0,145,19,0,[],,https://www.threads.net/@anniejkoshy/post/DTtVchwEb0l,[],"{'likes': 145, 'reposts': 17, 'quotes': 2}",threads,3813798778814709029,Annie J Koshy,Canada Threads,"📛❌Why the UN Sat Up Straighter: The Peace Board Proposal and the Beginning of a Reckoning📛❌

By Annie Koshy

The UN didn’t suddenly “wake up” by accident. The moment a Peace Board idea was floated, it forced an uncomfortable truth into the open: the current UN Security Council is no longer fit for purpose.

UN Secretary-General António Guterres has been explicit about this. He has said the Security Council no longer reflects today’s global realities and has become increasingly ineffective.",threads,63392583000,anniejkoshy
[],2026-01-20T15:07:17.584043+07:00,"Many may not remember the controversial summit between Trump and Putin in Helsinki in 2018. During that meeting, the U.S. president publicly questioned his own intelligence services and appeared disturbingly deferential towards the Russian leader. The backlash in Washington was immediate and bipartisan.
Now, newly released emails reveal that, before that summit, Jeffrey Epstein offered himself as a secret channel to the Kremlin, claiming he had helped Russian diplomats “understand Trump.” 1/2",2025-11-13T20:28:37+07:00,,3764979202245038944,threads,threads.com,threads_crawler_v1,https://www.threads.net/@europeandemocrats/post/DQ_5KMAjJNg,https://instagram.fhan4-5.fna.fbcdn.net/v/t51.2885-19/469437442_9635009706514071_6853395980896304167_n.jpg?stp=dst-jpg_s150x150_tt6&efg=eyJ2ZW5jb2RlX3RhZyI6InByb2ZpbGVfcGljLmRqYW5nby4xMDgwLmMyIn0&_nc_ht=instagram.fhan4-5.fna.fbcdn.net&_nc_cat=103&_nc_oc=Q6cZ2QFpkqY_-gqWGJjZt01yDZYls-T8h0bhHoIOtnCtDDJc3dgLLUhgSyAFF2xPCrrcZOw&_nc_ohc=NQrRhtgA21AQ7kNvwFQG-Pm&_nc_gid=9dtx-xfYZpAvh3ERul0byA&edm=AJhczIQBAAAA&ccb=7-5&oh=00_AfoHcdXKgkS7FvDgJU65XXFu0OV1RrySB2uC5sHgC0sf5w&oe=69750C16&_nc_sid=4a2096,77,0,1669,371,0,['https://instagram.fhan4-5.fna.fbcdn.net/v/t51.2885-15/580593058_17929876245126015_2051432303832905771_n.jpg?stp=dst-jpg_e35_tt6&efg=eyJ2ZW5jb2RlX3RhZyI6InRocmVhZHMuRkVFRC5pbWFnZV91cmxnZW4uMTA4MHgxMzUwLnNkci5mODI3ODcuZGVmYXVsdF9pbWFnZS5jMiJ9&_nc_ht=instagram.fhan4-5.fna.fbcdn.net&_nc_cat=103&_nc_oc=Q6cZ2QFpkqY_-gqWGJjZt01yDZYls-T8h0bhHoIOtnCtDDJc3dgLLUhgSyAFF2xPCrrcZOw&_nc_ohc=yjmAYBLX2-4Q7kNvwHA539J&_nc_gid=9dtx-xfYZpAvh3ERul0byA&edm=AJhczIQBAAAA&ccb=7-5&ig_cache_key=Mzc2NDk3OTIwMjI0NTAzODk0NA%3D%3D.3-ccb7-5&oh=00_AfreLR2TfvY5InBv5Or9C_o-W61MLgA2_n-8M3mSZ7leJg&oe=697505E1&_nc_sid=4a2096'],,https://www.threads.net/@europeandemocrats/post/DQ_5KMAjJNg,[],"{'likes': 1669, 'reposts': 357, 'quotes': 14}",threads,3764979202245038944,European Democratic Party,,"Many may not remember the controversial summit between Trump and Putin in Helsinki in 2018. During that meeting, the U.S. president publicly questioned his own intelligence services and appeared disturbingly deferential towards the Russian leader. The backlash in Washington was immediate and bipartisan.
Now, newly released emails reveal that, before that summit, Jeffrey Epstein offered himself as a secret channel to the Kremlin, claiming he had helped Russian diplomats “understand Trump.” 1/2",threads,63678294014,europeandemocrats
[],2026-01-20T15:07:17.584091+07:00,"🔥 StarTrek's ""War College"" In Starfleet!

Star Trek has a “War College”. Yes, you heard right. Typicaly Starfleet is about exploration and diplomacy, with combat being a last resort. Still, the new #StarfleetAcademy series mentions the Starfleet War College. We see them a lot in the second episode of the series.

It appears Starfleet established the War College to defend the Federation's borders following the Burn.",2026-01-18T01:30:51+07:00,,3812241447463413133,threads,threads.com,threads_crawler_v1,https://www.threads.net/@trekcentral/post/DTnzWX6E-WN,https://instagram.fhan4-5.fna.fbcdn.net/v/t51.2885-19/357895951_297176669414127_4995140432822370764_n.jpg?stp=dst-jpg_s150x150_tt6&efg=eyJ2ZW5jb2RlX3RhZyI6InByb2ZpbGVfcGljLmRqYW5nby45OTEuYzIifQ&_nc_ht=instagram.fhan4-5.fna.fbcdn.net&_nc_cat=103&_nc_oc=Q6cZ2QFpkqY_-gqWGJjZt01yDZYls-T8h0bhHoIOtnCtDDJc3dgLLUhgSyAFF2xPCrrcZOw&_nc_ohc=kW4roAtuem8Q7kNvwEicAJF&_nc_gid=9dtx-xfYZpAvh3ERul0byA&edm=AJhczIQBAAAA&ccb=7-5&oh=00_Afp_TvsnKtQr4MzaZB9Gut3u6j0Jew_2nNrMc2AynVTHNw&oe=69751427&_nc_sid=4a2096,9,0,83,10,0,"['https://instagram.fhan3-4.fna.fbcdn.net/v/t51.2885-15/619115083_1582521845985498_9175927071942414704_n.jpg?stp=dst-jpg_e15_tt6&efg=eyJ2ZW5jb2RlX3RhZyI6InRocmVhZHMuRkVFRC5pbWFnZV91cmxnZW4uNjQweDExMzYuc2RyLmY3MTg3OC5kZWZhdWx0X2NvdmVyX2ZyYW1lLmMyIn0&_nc_ht=instagram.fhan3-4.fna.fbcdn.net&_nc_cat=106&_nc_oc=Q6cZ2QFpkqY_-gqWGJjZt01yDZYls-T8h0bhHoIOtnCtDDJc3dgLLUhgSyAFF2xPCrrcZOw&_nc_ohc=ZRGVOUeNxQUQ7kNvwGFpBXj&_nc_gid=9dtx-xfYZpAvh3ERul0byA&edm=AJhczIQBAAAA&ccb=7-5&ig_cache_key=MzgxMjI0MTQ0NzQ2MzQxMzEzMw%3D%3D.3-ccb7-5&oh=00_AfqlXcUr1wpZoNoAp3PRcvH1gbeS5oM8VRijuEpKSPCr2Q&oe=6974FAD3&_nc_sid=4a2096', 'https://instagram.fhan3-3.fna.fbcdn.net/o1/v/t16/f2/m84/AQNoe-nYcBGIZntbqzFxSuUK_luhmZGZmxxykFDElZnVi3R7bNhQ1XDTCHhbAa5ur0QYFmZjzRnWbTUI0xwD9Ms2FJHbeadJtdJMYP0.mp4?_nc_cat=101&_nc_oc=Adlnwq8-0FEvw6qBN5WTnNF3TMWCL6qMhkcda42fhf0CHqQLLw_wm5vXbKxjqBs0HaM&_nc_sid=5e9851&_nc_ht=instagram.fhan3-3.fna.fbcdn.net&_nc_ohc=ndqJ3E578jYQ7kNvwE8n0JA&efg=eyJ2ZW5jb2RlX3RhZyI6Inhwdl9wcm9ncmVzc2l2ZS5JTlNUQUdSQU0uRkVFRC5DMy43MjAuZGFzaF9iYXNlbGluZV8xX3YxIiwieHB2X2Fzc2V0X2lkIjoxNzc1MzA1MTQ2NDc2NzcyLCJhc3NldF9hZ2VfZGF5cyI6MiwidmlfdXNlY2FzZV9pZCI6MTAxNjQsImR1cmF0aW9uX3MiOjMzLCJ1cmxnZW5fc291cmNlIjoid3d3In0%3D&ccb=17-1&_nc_gid=9dtx-xfYZpAvh3ERul0byA&_nc_zt=28&vs=54c59f70ca457314&_nc_vs=HBksFQIYTGlnX2JhY2tmaWxsX3RpbWVsaW5lX3ZvZC84ODRFOTg3RDcwOThEOUJFMzE1MjU1OEIyQzk0MTdBRl92aWRlb19kYXNoaW5pdC5tcDQVAALIARIAFQIYUWlnX3hwdl9wbGFjZW1lbnRfcGVybWFuZW50X3YyLzdBNDAzMTMxOUJEM0UxNzczNDlBM0JDNEEyMERBOEEzX2F1ZGlvX2Rhc2hpbml0Lm1wNBUCAsgBEgAoABgAGwKIB3VzZV9vaWwBMRJwcm9ncmVzc2l2ZV9yZWNpcGUBMRUAACbIo_2JrqinBhUCKAJDMywXQEDZmZmZmZoYEmRhc2hfYmFzZWxpbmVfMV92MREAdeoHZeieAQA&oh=00_AfpveerInkuOLVucyk0pDkPS4Xn0_T3QRtO2fIbmTB7b5A&oe=6970FEA3']",,https://www.threads.net/@trekcentral/post/DTnzWX6E-WN,[],"{'likes': 83, 'reposts': 10, 'quotes': 0}",threads,3812241447463413133,Trek Central,StarTrek's,"🔥 StarTrek's ""War College"" In Starfleet!

Star Trek has a “War College”. Yes, you heard right. Typicaly Starfleet is about exploration and diplomacy, with combat being a last resort. Still, the new #StarfleetAcademy series mentions the Starfleet War College. We see them a lot in the second episode of the series.

It appears Starfleet established the War College to defend the Federation's borders following the Burn.",threads,63260334405,trekcentral
[],2026-01-20T15:07:17.584130+07:00,"Trump’s obsession with Greenland isn’t about diplomacy, it’s about greed. Greenland is still scarred by Denmark’s colonial rule, the last thing it needs is America stripping it for parts.",2025-10-26T22:40:57+07:00,,3751999403809735486,threads,threads.com,threads_crawler_v1,https://www.threads.net/@shiona.not.fiona/post/DQRx5QtjoM-,https://instagram.fhan3-3.fna.fbcdn.net/v/t51.2885-19/491439190_1175153204346624_2552885420940814191_n.jpg?stp=dst-jpg_s150x150_tt6&efg=eyJ2ZW5jb2RlX3RhZyI6InByb2ZpbGVfcGljLmRqYW5nby4xMDgwLmMyIn0&_nc_ht=instagram.fhan3-3.fna.fbcdn.net&_nc_cat=1&_nc_oc=Q6cZ2QFpkqY_-gqWGJjZt01yDZYls-T8h0bhHoIOtnCtDDJc3dgLLUhgSyAFF2xPCrrcZOw&_nc_ohc=W4nF_aewN78Q7kNvwHt60va&_nc_gid=9dtx-xfYZpAvh3ERul0byA&edm=AJhczIQBAAAA&ccb=7-5&oh=00_AfprQAR-DDFey2UeXpfWQ2PPf_gjRndUg7CM18C2JBdKUg&oe=6974F169&_nc_sid=4a2096,6,0,181,14,0,"['https://instagram.fhan3-3.fna.fbcdn.net/v/t51.2885-15/570639394_811254208278613_1929030075921328578_n.jpg?stp=dst-jpg_e15_tt6&efg=eyJ2ZW5jb2RlX3RhZyI6InRocmVhZHMuRkVFRC5pbWFnZV91cmxnZW4uNjQweDExMzYuc2RyLmY3MTg3OC5kZWZhdWx0X2NvdmVyX2ZyYW1lLmMyIn0&_nc_ht=instagram.fhan3-3.fna.fbcdn.net&_nc_cat=101&_nc_oc=Q6cZ2QFpkqY_-gqWGJjZt01yDZYls-T8h0bhHoIOtnCtDDJc3dgLLUhgSyAFF2xPCrrcZOw&_nc_ohc=LdkGOtG53pEQ7kNvwE2KNAp&_nc_gid=9dtx-xfYZpAvh3ERul0byA&edm=AJhczIQBAAAA&ccb=7-5&ig_cache_key=Mzc1MTk5OTQwMzgwOTczNTQ4Ng%3D%3D.3-ccb7-5&oh=00_Afq9jWboFuHcR8W1nKEaKaCHfbLhUhH08ZMFa1fQDMHmIw&oe=69750AA3&_nc_sid=4a2096', 'https://instagram.fhan4-5.fna.fbcdn.net/o1/v/t16/f2/m84/AQO2zgLmrjQ4-VqHzPKQcrhOcaQxzD5-fyvyZ5YqnLaxVldClGtCJHdmioUxK-YhXF9U0LfGnEre9PRJILQYBpT67UXdZIzpK3r9x_8.mp4?_nc_cat=103&_nc_oc=Adm8nTK-SAtxbGy1Tj2wRW9aq-3ZOJI8tGj8-KDw1aowBpZHPGqzwkS_B64apzRb8rI&_nc_sid=5e9851&_nc_ht=instagram.fhan4-5.fna.fbcdn.net&_nc_ohc=_8XMCtLMhR4Q7kNvwEzUQ04&efg=eyJ2ZW5jb2RlX3RhZyI6Inhwdl9wcm9ncmVzc2l2ZS5JTlNUQUdSQU0uRkVFRC5DMy43MjAuZGFzaF9iYXNlbGluZV8xX3YxIiwieHB2X2Fzc2V0X2lkIjoxMTM0NzAyNjY1MDM0MTk3LCJhc3NldF9hZ2VfZGF5cyI6ODUsInZpX3VzZWNhc2VfaWQiOjEwMTY0LCJkdXJhdGlvbl9zIjoxMjcsInVybGdlbl9zb3VyY2UiOiJ3d3cifQ%3D%3D&ccb=17-1&_nc_gid=9dtx-xfYZpAvh3ERul0byA&_nc_zt=28&vs=1a36f4149af2553&_nc_vs=HBksFQIYTGlnX2JhY2tmaWxsX3RpbWVsaW5lX3ZvZC82MzRGNUY1NDMwNzc1MkI0NjcxMzFBOTg3Mzc0NkE5OV92aWRlb19kYXNoaW5pdC5tcDQVAALIARIAFQIYOnBhc3N0aHJvdWdoX2V2ZXJzdG9yZS9HQjU5OENGcE5hR3VBaDRNQVB0OVdacVFxWUF5YnNwVEFRQUYVAgLIARIAKAAYABsCiAd1c2Vfb2lsATEScHJvZ3Jlc3NpdmVfcmVjaXBlATEVAAAmqqez1LGAhAQVAigCQzMsF0Bf27ZFocrBGBJkYXNoX2Jhc2VsaW5lXzFfdjERAHXqB2XongEA&oh=00_AfqezibyPkv-z7QI67LLqThnFLVpmHXQgw7YGAhVGGeh0Q&oe=69710A79']",,https://www.threads.net/@shiona.not.fiona/post/DQRx5QtjoM-,[],"{'likes': 181, 'reposts': 13, 'quotes': 1}",threads,3751999403809735486,Shiona 🍉,,"Trump’s obsession with Greenland isn’t about diplomacy, it’s about greed. Greenland is still scarred by Denmark’s colonial rule, the last thing it needs is America stripping it for parts.",threads,63079407063,shiona.not.fiona
[],2026-01-20T15:07:17.584166+07:00,🇦🇺🇸🇾 Australian Prime Minister Anthony Albanese clears up the confusion: The Sydney terror attack is NOT linked to Australia's recognition of Palestine. He disagrees with Netanyahu's connection. Clarity on security and diplomacy.,2025-12-15T19:46:38+07:00,,3788150891753562726,threads,threads.com,threads_crawler_v1,https://www.threads.net/@ceanmedia/post/DSSNypijOJm,https://instagram.fhan3-3.fna.fbcdn.net/v/t51.2885-19/516231298_18054533744527829_2727005556179792588_n.jpg?stp=dst-jpg_s150x150_tt6&efg=eyJ2ZW5jb2RlX3RhZyI6InByb2ZpbGVfcGljLmRqYW5nby4xMDI0LmMyIn0&_nc_ht=instagram.fhan3-3.fna.fbcdn.net&_nc_cat=1&_nc_oc=Q6cZ2QFpkqY_-gqWGJjZt01yDZYls-T8h0bhHoIOtnCtDDJc3dgLLUhgSyAFF2xPCrrcZOw&_nc_ohc=cSpcTOuUZeoQ7kNvwFMHFgP&_nc_gid=9dtx-xfYZpAvh3ERul0byA&edm=AJhczIQBAAAA&ccb=7-5&oh=00_Afo4_2LluYfjkcUTGv5ttU7mpuB47wKgTly931E92OrM7g&oe=69751028&_nc_sid=4a2096,2106,0,3132,191,0,['https://instagram.fhan4-5.fna.fbcdn.net/v/t51.2885-15/590424171_17935994121110690_6104948371682105301_n.jpg?stp=dst-jpg_e35_tt6&efg=eyJ2ZW5jb2RlX3RhZyI6InRocmVhZHMuRkVFRC5pbWFnZV91cmxnZW4uNjgweDQ3NC5zZHIuZjgyNzg3LmRlZmF1bHRfaW1hZ2UuYzIifQ&_nc_ht=instagram.fhan4-5.fna.fbcdn.net&_nc_cat=102&_nc_oc=Q6cZ2QFpkqY_-gqWGJjZt01yDZYls-T8h0bhHoIOtnCtDDJc3dgLLUhgSyAFF2xPCrrcZOw&_nc_ohc=XA6pV6y8UFQQ7kNvwFN8dHv&_nc_gid=9dtx-xfYZpAvh3ERul0byA&edm=AJhczIQBAAAA&ccb=7-5&ig_cache_key=Mzc4ODE1MDg5MTc1MzU2MjcyNg%3D%3D.3-ccb7-5&oh=00_AfqYYeb9HEJJcRY8gCiphd0YWk51gJBbXrrLTwuPatC9sA&oe=697517F8&_nc_sid=4a2096'],,https://www.threads.net/@ceanmedia/post/DSSNypijOJm,[],"{'likes': 3132, 'reposts': 179, 'quotes': 12}",threads,3788150891753562726,CEAN,Sydney #Australia #MiddleEastPeace #SecurityFirst,🇦🇺🇸🇾 Australian Prime Minister Anthony Albanese clears up the confusion: The Sydney terror attack is NOT linked to Australia's recognition of Palestine. He disagrees with Netanyahu's connection. Clarity on security and diplomacy.,threads,63158934689,ceanmedia
[],2026-01-20T15:07:17.584201+07:00,"A quick reality check for all Conservative Party MP’s that will be attending the upcoming leadership convention in January.  Poilievre appears to be doing a fine job wining and dining supporters in a bid to show that he is still relevant. But reality speaks differently. Nationally, he is frowned upon. Poilievre is seen as a disruption in the House, lacks business acumen and practical experience in economics, Intl. relations, and diplomacy, etc. Time to put someone in that believes in Canada 🇨🇦",2026-01-12T03:19:52+07:00,,3807947957459930263,threads,threads.com,threads_crawler_v1,https://www.threads.net/@bfclark777/post/DTYjH3vksyX,https://instagram.fhan4-5.fna.fbcdn.net/v/t51.2885-19/357897140_228119790047546_2798288714573298110_n.jpg?stp=dst-jpg_s150x150_tt6&efg=eyJ2ZW5jb2RlX3RhZyI6InByb2ZpbGVfcGljLmRqYW5nby4xMDgwLmMyIn0&_nc_ht=instagram.fhan4-5.fna.fbcdn.net&_nc_cat=102&_nc_oc=Q6cZ2QFpkqY_-gqWGJjZt01yDZYls-T8h0bhHoIOtnCtDDJc3dgLLUhgSyAFF2xPCrrcZOw&_nc_ohc=Vy3X2j56PCUQ7kNvwGrP_fY&_nc_gid=9dtx-xfYZpAvh3ERul0byA&edm=AJhczIQBAAAA&ccb=7-5&oh=00_Afp9roze_saemUcy8D6se2ku90Le1yJ4E3HgaopJrkDL3w&oe=697522CF&_nc_sid=4a2096,104,0,691,76,0,[],,https://www.threads.net/@bfclark777/post/DTYjH3vksyX,[],"{'likes': 691, 'reposts': 72, 'quotes': 4}",threads,3807947957459930263,B F Clark,,"A quick reality check for all Conservative Party MP’s that will be attending the upcoming leadership convention in January.  Poilievre appears to be doing a fine job wining and dining supporters in a bid to show that he is still relevant. But reality speaks differently. Nationally, he is frowned upon. Poilievre is seen as a disruption in the House, lacks business acumen and practical experience in economics, Intl. relations, and diplomacy, etc. Time to put someone in that believes in Canada 🇨🇦",threads,63617416907,bfclark777
[],2026-01-20T15:07:17.584234+07:00,Ghida Fakhry interviews Francesca Albanese on the breakdown of diplomacy and the rise of people-led movements stepping into the gap.,2025-11-30T00:43:40+07:00,,3776703971021803160,threads,threads.com,threads_crawler_v1,https://www.threads.net/@ghidafakhry/post/DRpjEB2j86Y,https://instagram.fhan3-3.fna.fbcdn.net/v/t51.2885-19/450573155_494238729952213_8988822956673068823_n.jpg?stp=dst-jpg_s150x150_tt6&efg=eyJ2ZW5jb2RlX3RhZyI6InByb2ZpbGVfcGljLmRqYW5nby4xMDgwLmMyIn0&_nc_ht=instagram.fhan3-3.fna.fbcdn.net&_nc_cat=101&_nc_oc=Q6cZ2QFpkqY_-gqWGJjZt01yDZYls-T8h0bhHoIOtnCtDDJc3dgLLUhgSyAFF2xPCrrcZOw&_nc_ohc=gmS5nsOCpZsQ7kNvwHYGIAq&_nc_gid=9dtx-xfYZpAvh3ERul0byA&edm=AJhczIQBAAAA&ccb=7-5&oh=00_AfpqQANRZIgMFDnDMcevRgmTFEjGk0W2ZPMSmuml0uOyEQ&oe=697500B9&_nc_sid=4a2096,3,0,42,12,0,"['https://instagram.fhan4-6.fna.fbcdn.net/v/t51.2885-15/591109254_1426672365650277_1792766818759011963_n.jpg?stp=dst-jpg_e15_tt6&efg=eyJ2ZW5jb2RlX3RhZyI6InRocmVhZHMuRkVFRC5pbWFnZV91cmxnZW4uNjQweDExMzYuc2RyLmY3MTg3OC5kZWZhdWx0X2NvdmVyX2ZyYW1lLmMyIn0&_nc_ht=instagram.fhan4-6.fna.fbcdn.net&_nc_cat=109&_nc_oc=Q6cZ2QFpkqY_-gqWGJjZt01yDZYls-T8h0bhHoIOtnCtDDJc3dgLLUhgSyAFF2xPCrrcZOw&_nc_ohc=mK17Mtmqw5YQ7kNvwHVBnox&_nc_gid=9dtx-xfYZpAvh3ERul0byA&edm=AJhczIQBAAAA&ccb=7-5&ig_cache_key=Mzc3NjcwMzk3MTAyMTgwMzE2MA%3D%3D.3-ccb7-5&oh=00_AfoguDDmy7-j5rX25oGMpYOickDnGdAOGgL7ipDjRFXk9g&oe=6974FE90&_nc_sid=4a2096', 'https://instagram.fhan4-5.fna.fbcdn.net/o1/v/t2/f2/m86/AQONgJHaAl3Pu3XoQTbaM8CicjZIAoDpPhCjNBBEmEiXkyzIcnJEGkrBAj6PEHbWvUZ1P3VYuRzhbFyq3BHsV3co5EW5y6V1cgKjzBo.mp4?_nc_cat=102&_nc_oc=Admpmm0_Svp2Tp3LSWn1mJZYJAj6FBp2crWksG7n-3IVdDgAxcBxmrH2n0wJTSm-NqI&_nc_sid=5e9851&_nc_ht=instagram.fhan4-5.fna.fbcdn.net&_nc_ohc=FT9SshZBglEQ7kNvwFtqkNL&efg=eyJ2ZW5jb2RlX3RhZyI6Inhwdl9wcm9ncmVzc2l2ZS5JTlNUQUdSQU0uRkVFRC5DMy43MjAuZGFzaF9iYXNlbGluZV8xX3YxIiwieHB2X2Fzc2V0X2lkIjoxMjIxODYwMTA2MTM3NjMzLCJhc3NldF9hZ2VfZGF5cyI6NTEsInZpX3VzZWNhc2VfaWQiOjEwMDk5LCJkdXJhdGlvbl9zIjo2MywidXJsZ2VuX3NvdXJjZSI6Ind3dyJ9&ccb=17-1&_nc_gid=9dtx-xfYZpAvh3ERul0byA&_nc_zt=28&vs=c033a93eacc25725&_nc_vs=HBksFQIYUmlnX3hwdl9yZWVsc19wZXJtYW5lbnRfc3JfcHJvZC9BQjQzMDM1MTU5NUE0ODkzNUY2NjgyNjI4QUZDQzA4QV92aWRlb19kYXNoaW5pdC5tcDQVAALIARIAFQIYOnBhc3N0aHJvdWdoX2V2ZXJzdG9yZS9HRUlDQXlPbGlOclZIcjRGQUdqLWk2NGJMNkJOYnN0VEFRQUYVAgLIARIAKAAYABsCiAd1c2Vfb2lsATEScHJvZ3Jlc3NpdmVfcmVjaXBlATEVAAAmwsC7mc_RqwQVAigCQzMsF0BPwo9cKPXDGBJkYXNoX2Jhc2VsaW5lXzFfdjERAHXqB2XmnQEA&oh=00_AfqtZWs4YL_hVJkxvbILomYKqtor3J2USDVswBdHUNGQvA&oe=69712E97']",,https://www.threads.net/@ghidafakhry/post/DRpjEB2j86Y,[],"{'likes': 42, 'reposts': 12, 'quotes': 0}",threads,3776703971021803160,Ghida Fakhry,,Ghida Fakhry interviews Francesca Albanese on the breakdown of diplomacy and the rise of people-led movements stepping into the gap.,threads,67518934371,ghidafakhry
[],2026-01-20T15:07:17.584273+07:00,"🚨 BREAKING: France, Germany, the UK, and Ukraine are collaborating on a new joint counter-proposal to the Russo-American 28-point peace plan. Huge developments in diplomatic efforts—stay tuned for updates! 🌍✌️ #Diplomacy #PeaceTalks #Ukraine #Europe #GlobalSecurity",2025-11-22T01:58:02+07:00,,3770943205081377228,threads,threads.com,threads_crawler_v1,https://www.threads.net/@ceanmedia/post/DRVFN2fDGnM,https://instagram.fhan3-3.fna.fbcdn.net/v/t51.2885-19/516231298_18054533744527829_2727005556179792588_n.jpg?stp=dst-jpg_s150x150_tt6&efg=eyJ2ZW5jb2RlX3RhZyI6InByb2ZpbGVfcGljLmRqYW5nby4xMDI0LmMyIn0&_nc_ht=instagram.fhan3-3.fna.fbcdn.net&_nc_cat=1&_nc_oc=Q6cZ2QFpkqY_-gqWGJjZt01yDZYls-T8h0bhHoIOtnCtDDJc3dgLLUhgSyAFF2xPCrrcZOw&_nc_ohc=cSpcTOuUZeoQ7kNvwFMHFgP&_nc_gid=9dtx-xfYZpAvh3ERul0byA&edm=AJhczIQBAAAA&ccb=7-5&oh=00_Afo4_2LluYfjkcUTGv5ttU7mpuB47wKgTly931E92OrM7g&oe=69751028&_nc_sid=4a2096,36,0,1192,111,0,['https://instagram.fhan4-5.fna.fbcdn.net/v/t51.2885-15/584401686_17933348823110690_3321809148267279395_n.jpg?stp=cp6_dst-jpg_e35_tt6&efg=eyJ2ZW5jb2RlX3RhZyI6InRocmVhZHMuRkVFRC5pbWFnZV91cmxnZW4uNjc5eDQ0MC5zZHIuZjgyNzg3LmRlZmF1bHRfaW1hZ2UuYzIifQ&_nc_ht=instagram.fhan4-5.fna.fbcdn.net&_nc_cat=102&_nc_oc=Q6cZ2QFpkqY_-gqWGJjZt01yDZYls-T8h0bhHoIOtnCtDDJc3dgLLUhgSyAFF2xPCrrcZOw&_nc_ohc=fjOIXaU-OkQQ7kNvwF5kkDg&_nc_gid=9dtx-xfYZpAvh3ERul0byA&edm=AJhczIQBAAAA&ccb=7-5&ig_cache_key=Mzc3MDk0MzIwNTA4MTM3NzIyOA%3D%3D.3-ccb7-5&oh=00_AfqoEfrnAqG721W0r7WASHUWTe2paVMPLgtSMZvfcrBAvw&oe=6975144A&_nc_sid=4a2096'],,https://www.threads.net/@ceanmedia/post/DRVFN2fDGnM,[],"{'likes': 1192, 'reposts': 106, 'quotes': 5}",threads,3770943205081377228,CEAN,,"🚨 BREAKING: France, Germany, the UK, and Ukraine are collaborating on a new joint counter-proposal to the Russo-American 28-point peace plan. Huge developments in diplomatic efforts—stay tuned for updates! 🌍✌️ #Diplomacy #PeaceTalks #Ukraine #Europe #GlobalSecurity",threads,63158934689,ceanmedia
[],2026-01-20T15:07:17.584306+07:00,"Rhetoric from allies triggers panic. Aggression from China gets diplomacy? Trump hasn’t moved a tank… China has. 

End of comparison.

#canada #politics #liberal #conservative #trump",2026-01-14T04:51:44+07:00,,3809443740805590726,threads,threads.com,threads_crawler_v1,https://www.threads.net/@jasminlaine/post/DTd3OYijW7G,https://instagram.fhan4-5.fna.fbcdn.net/v/t51.2885-19/569761874_18011970416798978_7151683583038531380_n.jpg?stp=dst-jpg_s150x150_tt6&efg=eyJ2ZW5jb2RlX3RhZyI6InByb2ZpbGVfcGljLmRqYW5nby4xMDgwLmMyIn0&_nc_ht=instagram.fhan4-5.fna.fbcdn.net&_nc_cat=102&_nc_oc=Q6cZ2QFpkqY_-gqWGJjZt01yDZYls-T8h0bhHoIOtnCtDDJc3dgLLUhgSyAFF2xPCrrcZOw&_nc_ohc=s9AwJaPWvhkQ7kNvwF0na08&_nc_gid=9dtx-xfYZpAvh3ERul0byA&edm=AJhczIQBAAAA&ccb=7-5&oh=00_Afq9ZjRpbnMdP37oWM9X0JzNX1bgMjgECCybYbJol1U5Xw&oe=697504E4&_nc_sid=4a2096,80,0,144,22,0,"['https://instagram.fhan4-6.fna.fbcdn.net/v/t51.2885-15/615884244_1202961291398745_6721222253096547927_n.jpg?stp=dst-jpg_e15_tt6&efg=eyJ2ZW5jb2RlX3RhZyI6InRocmVhZHMuRkVFRC5pbWFnZV91cmxnZW4uNjQweDExMzYuc2RyLmY3MTg3OC5kZWZhdWx0X2NvdmVyX2ZyYW1lLmMyIn0&_nc_ht=instagram.fhan4-6.fna.fbcdn.net&_nc_cat=109&_nc_oc=Q6cZ2QFpkqY_-gqWGJjZt01yDZYls-T8h0bhHoIOtnCtDDJc3dgLLUhgSyAFF2xPCrrcZOw&_nc_ohc=oR1hTDvm7z8Q7kNvwGnRmkT&_nc_gid=9dtx-xfYZpAvh3ERul0byA&edm=AJhczIQBAAAA&ccb=7-5&ig_cache_key=MzgwOTQ0Mzc0MDgwNTU5MDcyNg%3D%3D.3-ccb7-5&oh=00_AfrD0A3UAtgz88dQZwa1ZW3VKPPdz_yTLlvV_wLpMb-9kQ&oe=69750F49&_nc_sid=4a2096', 'https://instagram.fhan4-3.fna.fbcdn.net/o1/v/t2/f2/m86/AQOuok7T6SWkPzFtSL3A_YMYWuK7Zflssj-7o4Jeih6nGfWcG2Glis3zjMXurq3TTI40T9U0jz6egygDFQCOWxYkrrs7Qj7kRwj6QTQ.mp4?_nc_cat=100&_nc_oc=AdnTrRrUSiVEF1HaYzmIkaCroUPYFxV67raG5Eukhw9J3YNxXvhTrvM2SDQU_EEHqqE&_nc_sid=5e9851&_nc_ht=instagram.fhan4-3.fna.fbcdn.net&_nc_ohc=l0PQOOsGA2sQ7kNvwGTzyTM&efg=eyJ2ZW5jb2RlX3RhZyI6Inhwdl9wcm9ncmVzc2l2ZS5JTlNUQUdSQU0uRkVFRC5DMy43MjAuZGFzaF9iYXNlbGluZV8xX3YxIiwieHB2X2Fzc2V0X2lkIjoxNjIzNjA4NjY1NTUwNjI5LCJhc3NldF9hZ2VfZGF5cyI6NiwidmlfdXNlY2FzZV9pZCI6MTAwOTksImR1cmF0aW9uX3MiOjE3MCwidXJsZ2VuX3NvdXJjZSI6Ind3dyJ9&ccb=17-1&_nc_gid=9dtx-xfYZpAvh3ERul0byA&_nc_zt=28&vs=d355dd7b6dfdf4a0&_nc_vs=HBksFQIYUmlnX3hwdl9yZWVsc19wZXJtYW5lbnRfc3JfcHJvZC8yRDRBRTc3OEEwQTEwNTM1NUYxREM3MzJGNkE4OEI4RF92aWRlb19kYXNoaW5pdC5tcDQVAALIARIAFQIYOnBhc3N0aHJvdWdoX2V2ZXJzdG9yZS9HT3pGZ2lSOEh1aFhGLThFQUI5Rm9PbjVVblZYYnN0VEFRQUYVAgLIARIAKAAYABsCiAd1c2Vfb2lsATEScHJvZ3Jlc3NpdmVfcmVjaXBlATEVAAAmyrydnLuq4gUVAigCQzMsF0BlWZmZmZmaGBJkYXNoX2Jhc2VsaW5lXzFfdjERAHXqB2XmnQEA&oh=00_AfoyzCMzGF3qMZshJqbUUskaKqaQRqWmb4dNyZ5P7MPqYg&oe=697120A1']",,https://www.threads.net/@jasminlaine/post/DTd3OYijW7G,[],"{'likes': 144, 'reposts': 21, 'quotes': 1}",threads,3809443740805590726,Jasmin Laine,,"Rhetoric from allies triggers panic. Aggression from China gets diplomacy? Trump hasn’t moved a tank… China has. 

End of comparison.

#canada #politics #liberal #conservative #trump",threads,63492624670,jasminlaine
[],2026-01-20T15:07:17.584339+07:00,"I find analysis by Bloomberg is more credible than pentaksub PMO 😜

Key Takeaways 🇺🇸📊
• Winners: The United States gains leverage and market access.
• Losers: Southeast Asia’s benefit is limited, with trade conditions favoring the US.
• Impact on Malaysia: Only minor gains in exports most exemptions come with restrictions.
• Overall tone: A symbolic win for US diplomacy, but ASEAN’s real economic benefits remain modest and uncertain.",2025-10-29T16:26:50+07:00,,3753985872396620288,threads,threads.com,threads_crawler_v1,https://www.threads.net/@a.faris.suhail/post/DQY1kLwCRIA,https://instagram.fhan4-5.fna.fbcdn.net/v/t51.2885-19/508889496_17918177166100527_1932153395195757379_n.jpg?stp=dst-jpg_s150x150_tt6&efg=eyJ2ZW5jb2RlX3RhZyI6InByb2ZpbGVfcGljLmRqYW5nby45OTIuYzIifQ&_nc_ht=instagram.fhan4-5.fna.fbcdn.net&_nc_cat=103&_nc_oc=Q6cZ2QFpkqY_-gqWGJjZt01yDZYls-T8h0bhHoIOtnCtDDJc3dgLLUhgSyAFF2xPCrrcZOw&_nc_ohc=y2F4qlHuywcQ7kNvwFU27t4&_nc_gid=9dtx-xfYZpAvh3ERul0byA&edm=AJhczIQBAAAA&ccb=7-5&oh=00_AfpESfl1obM4xxZu-eNVKXVzbEM5yfqDEPWz4zwOlqsrEw&oe=697501CF&_nc_sid=4a2096,106,0,160,55,0,['https://instagram.fhan3-3.fna.fbcdn.net/v/t39.30808-6/574290885_10238671134546553_1517002260655268570_n.jpg?stp=dst-jpg_e35_tt6&efg=eyJ2ZW5jb2RlX3RhZyI6InRocmVhZHMuRkVFRC5pbWFnZV91cmxnZW4uMTM1NXgxMTM1LnNkci5mMzA4MDguZGVmYXVsdF9pbWFnZS5jMiJ9&_nc_ht=instagram.fhan3-3.fna.fbcdn.net&_nc_cat=101&_nc_oc=Q6cZ2QFpkqY_-gqWGJjZt01yDZYls-T8h0bhHoIOtnCtDDJc3dgLLUhgSyAFF2xPCrrcZOw&_nc_ohc=ZLE3cwM52lAQ7kNvwHPsyfc&_nc_gid=9dtx-xfYZpAvh3ERul0byA&edm=AJhczIQAAAAA&ccb=7-5&ig_cache_key=Mzc1Mzk4NTg3MjM5NjYyMDI4OA%3D%3D.3-ccb7-5&oh=00_AfrpEIFRqZHWGxlkJ1rIW_s8SkexyfIrcWT90a0jwENFmw&oe=697525B0&_nc_sid=4a2096'],,https://www.threads.net/@a.faris.suhail/post/DQY1kLwCRIA,[],"{'likes': 160, 'reposts': 53, 'quotes': 2}",threads,3753985872396620288,A.Faris.Suhail,,"I find analysis by Bloomberg is more credible than pentaksub PMO 😜

Key Takeaways 🇺🇸📊
• Winners: The United States gains leverage and market access.
• Losers: Southeast Asia’s benefit is limited, with trade conditions favoring the US.
• Impact on Malaysia: Only minor gains in exports most exemptions come with restrictions.
• Overall tone: A symbolic win for US diplomacy, but ASEAN’s real economic benefits remain modest and uncertain.",threads,63104892526,a.faris.suhail
[],2026-01-20T15:07:17.584370+07:00,"I have to go to New Zealand & Australia soon for climate work. 

Have to say I’m not excited about the suspicion I will face as an American.

But I am looking forward to showing there are Americans who believe in freedom, dignity, diplomacy, & peace.",2026-01-11T03:57:41+07:00,,3807242219104155001,threads,threads.com,threads_crawler_v1,https://www.threads.net/@peter_fights_for_climate/post/DTWCqBrkrV5,https://instagram.fhan4-5.fna.fbcdn.net/v/t51.2885-19/574247567_17929842390129483_230884979018419698_n.jpg?stp=dst-jpg_s150x150_tt6&efg=eyJ2ZW5jb2RlX3RhZyI6InByb2ZpbGVfcGljLmRqYW5nby4xMDgwLmMyIn0&_nc_ht=instagram.fhan4-5.fna.fbcdn.net&_nc_cat=103&_nc_oc=Q6cZ2QFpkqY_-gqWGJjZt01yDZYls-T8h0bhHoIOtnCtDDJc3dgLLUhgSyAFF2xPCrrcZOw&_nc_ohc=BjFZivUuQHEQ7kNvwFeeVb0&_nc_gid=9dtx-xfYZpAvh3ERul0byA&edm=AJhczIQBAAAA&ccb=7-5&oh=00_AfpHcipEXLMLX0HybjvYo9la_TwnJm-UIsaQ9l2ymEXiZw&oe=69751DCF&_nc_sid=4a2096,476,0,802,4,0,[],,https://www.threads.net/@peter_fights_for_climate/post/DTWCqBrkrV5,[],"{'likes': 802, 'reposts': 4, 'quotes': 0}",threads,3807242219104155001,Peter Buck,,"I have to go to New Zealand & Australia soon for climate work. 

Have to say I’m not excited about the suspicion I will face as an American.

But I am looking forward to showing there are Americans who believe in freedom, dignity, diplomacy, & peace.",threads,63939937482,peter_fights_for_climate
[],2026-01-20T15:07:17.584404+07:00,Peace through diplomacy. Security through readiness. Service through discipline.🇺🇸,2025-12-09T06:45:04+07:00,,3783408864432016436,threads,threads.com,threads_crawler_v1,https://www.threads.net/@genl.aura45/post/DSBXlEciMw0,https://instagram.fhan4-3.fna.fbcdn.net/v/t51.2885-19/590411283_17842472430641880_8951977496306219330_n.jpg?stp=dst-jpg_s150x150_tt6&efg=eyJ2ZW5jb2RlX3RhZyI6InByb2ZpbGVfcGljLmRqYW5nby41NTAuYzIifQ&_nc_ht=instagram.fhan4-3.fna.fbcdn.net&_nc_cat=100&_nc_oc=Q6cZ2QFpkqY_-gqWGJjZt01yDZYls-T8h0bhHoIOtnCtDDJc3dgLLUhgSyAFF2xPCrrcZOw&_nc_ohc=vyeyU_mzwCYQ7kNvwGBv76j&_nc_gid=9dtx-xfYZpAvh3ERul0byA&edm=AJhczIQBAAAA&ccb=7-5&oh=00_AforiShu65Z-vGOTl4JI8-ZiKim7-f9n-t7Cbde-lw3g0Q&oe=69751EC8&_nc_sid=4a2096,0,0,7,0,0,['https://instagram.fhan4-3.fna.fbcdn.net/v/t51.2885-15/586679731_17842524750641880_6308622586015101714_n.jpg?stp=dst-jpg_e35_tt6&efg=eyJ2ZW5jb2RlX3RhZyI6InRocmVhZHMuQ0FST1VTRUxfSVRFTS5pbWFnZV91cmxnZW4uMTA4MHg4MTAuc2RyLmY4Mjc4Ny5kZWZhdWx0X2ltYWdlLmMyIn0&_nc_ht=instagram.fhan4-3.fna.fbcdn.net&_nc_cat=100&_nc_oc=Q6cZ2QFpkqY_-gqWGJjZt01yDZYls-T8h0bhHoIOtnCtDDJc3dgLLUhgSyAFF2xPCrrcZOw&_nc_ohc=myQAAm6MANQQ7kNvwF2j0lY&_nc_gid=9dtx-xfYZpAvh3ERul0byA&edm=AJhczIQBAAAA&ccb=7-5&ig_cache_key=Mzc4MzQwODg1NDEzOTE4MTY4Nw%3D%3D.3-ccb7-5&oh=00_AfrlWurKi-KuolApqovf8zPc7F7hS5pM7GCK9aP1aX20sQ&oe=6974FDB5&_nc_sid=4a2096'],,https://www.threads.net/@genl.aura45/post/DSBXlEciMw0,[],"{'likes': 7, 'reposts': 0, 'quotes': 0}",threads,3783408864432016436,Laura Jane Richardson,,Peace through diplomacy. Security through readiness. Service through discipline.🇺🇸,threads,79278689879,genl.aura45
[],2026-01-20T15:07:17.584437+07:00,"Teachers today need degrees in education… and diplomacy, psychology, public relations, and patience for grown-up tantrums (parents).",2025-12-13T11:31:47+07:00,,3786452275725267995,threads,threads.com,threads_crawler_v1,https://www.threads.net/@nxvshaa/post/DSMLkiFkvQb,https://instagram.fhan4-3.fna.fbcdn.net/v/t51.2885-19/472297078_627033373009294_6076678826109691350_n.jpg?stp=dst-jpg_s150x150_tt6&efg=eyJ2ZW5jb2RlX3RhZyI6InByb2ZpbGVfcGljLmRqYW5nby4xMDMyLmMyIn0&_nc_ht=instagram.fhan4-3.fna.fbcdn.net&_nc_cat=110&_nc_oc=Q6cZ2QFpkqY_-gqWGJjZt01yDZYls-T8h0bhHoIOtnCtDDJc3dgLLUhgSyAFF2xPCrrcZOw&_nc_ohc=-dOD3xSRwCgQ7kNvwHBIIZi&_nc_gid=9dtx-xfYZpAvh3ERul0byA&edm=AJhczIQBAAAA&ccb=7-5&oh=00_Afrmjbp7KjCw-6ONV0vMgjFbqGPP-pgFEPEMWQNZYRxpDQ&oe=69750BD9&_nc_sid=4a2096,5,0,372,64,0,[],,https://www.threads.net/@nxvshaa/post/DSMLkiFkvQb,[],"{'likes': 372, 'reposts': 64, 'quotes': 0}",threads,3786452275725267995,Nvsha,cikgulife,"Teachers today need degrees in education… and diplomacy, psychology, public relations, and patience for grown-up tantrums (parents).",threads,66908821237,nxvshaa
[],2026-01-20T15:07:17.584472+07:00,"BREAKING: Macron, Starmer and Zelensky sign a declaration of intent on future multinational force deployment in Ukraine. 🇺🇦🌍

Merz and Germany noticeably missing from the table. 🤔🇩🇪

What does this mean for the balance of power and on-the-ground protection? 💬

#Ukraine #NATO #Europe #Diplomacy #Security #Geopolitics",2026-01-07T01:49:02+07:00,,3804278076357068332,threads,threads.com,threads_crawler_v1,https://www.threads.net/@ceanmedia/post/DTLgsEoEcYs,https://instagram.fhan3-3.fna.fbcdn.net/v/t51.2885-19/516231298_18054533744527829_2727005556179792588_n.jpg?stp=dst-jpg_s150x150_tt6&efg=eyJ2ZW5jb2RlX3RhZyI6InByb2ZpbGVfcGljLmRqYW5nby4xMDI0LmMyIn0&_nc_ht=instagram.fhan3-3.fna.fbcdn.net&_nc_cat=1&_nc_oc=Q6cZ2QFpkqY_-gqWGJjZt01yDZYls-T8h0bhHoIOtnCtDDJc3dgLLUhgSyAFF2xPCrrcZOw&_nc_ohc=cSpcTOuUZeoQ7kNvwFMHFgP&_nc_gid=9dtx-xfYZpAvh3ERul0byA&edm=AJhczIQBAAAA&ccb=7-5&oh=00_Afo4_2LluYfjkcUTGv5ttU7mpuB47wKgTly931E92OrM7g&oe=69751028&_nc_sid=4a2096,14,0,39,3,0,"['https://instagram.fhan4-5.fna.fbcdn.net/v/t51.2885-15/612206307_1410566687436891_3184895135751861559_n.jpg?stp=dst-jpg_e15_tt6&efg=eyJ2ZW5jb2RlX3RhZyI6InRocmVhZHMuRkVFRC5pbWFnZV91cmxnZW4uNjQweDQwNC5zZHIuZjcxODc4LmRlZmF1bHRfY292ZXJfZnJhbWUuYzIifQ&_nc_ht=instagram.fhan4-5.fna.fbcdn.net&_nc_cat=103&_nc_oc=Q6cZ2QFpkqY_-gqWGJjZt01yDZYls-T8h0bhHoIOtnCtDDJc3dgLLUhgSyAFF2xPCrrcZOw&_nc_ohc=i8jbXQT6Yw4Q7kNvwGMFsmZ&_nc_gid=9dtx-xfYZpAvh3ERul0byA&edm=AJhczIQBAAAA&ccb=7-5&ig_cache_key=MzgwNDI3ODA3NjM1NzA2ODMzMg%3D%3D.3-ccb7-5&oh=00_AfrZGldugm9pml6oAWIjPp8PNDVbkBTnv5ur0k6wsCEVBQ&oe=697500CE&_nc_sid=4a2096', 'https://instagram.fhan3-3.fna.fbcdn.net/o1/v/t16/f2/m84/AQN23dJBVf7ckObkhfZ0Pqs57Eoj7RD5F4FAoxmFccsSncedddVg4aODIgYoLdQXt7dktqjLW-yb7HUW-rU4iVVi4DhvLoxlJl9Oh4E.mp4?_nc_cat=101&_nc_oc=Adn3WzvNoKPBacQS37CxCGw9_fP8aDBFqwa1wc1rPR5AifXTlyBx-lRO_0Js1ZuQQE8&_nc_sid=5e9851&_nc_ht=instagram.fhan3-3.fna.fbcdn.net&_nc_ohc=ZHnpB9HgfxoQ7kNvwF2h2ul&efg=eyJ2ZW5jb2RlX3RhZyI6Inhwdl9wcm9ncmVzc2l2ZS5JTlNUQUdSQU0uRkVFRC5DMy4xMTM2LmRhc2hfYmFzZWxpbmVfMV92MSIsInhwdl9hc3NldF9pZCI6Mjc1OTIxMjM5MDk1Mjg5MCwiYXNzZXRfYWdlX2RheXMiOjEzLCJ2aV91c2VjYXNlX2lkIjoxMDE2NCwiZHVyYXRpb25fcyI6MjksInVybGdlbl9zb3VyY2UiOiJ3d3cifQ%3D%3D&ccb=17-1&_nc_gid=9dtx-xfYZpAvh3ERul0byA&_nc_zt=28&vs=f92e0a4e933c45f5&_nc_vs=HBksFQIYTGlnX2JhY2tmaWxsX3RpbWVsaW5lX3ZvZC8xNzQzRTgwQTE4N0I2MjRDMzdEQ0E0NTI2MjcwRkRCQl92aWRlb19kYXNoaW5pdC5tcDQVAALIARIAFQIYOnBhc3N0aHJvdWdoX2V2ZXJzdG9yZS9HTzlLZXlRV28zeG9FcmhZQUxwbkpINHFyNU1UYnNwVEFRQUYVAgLIARIAKAAYABsCiAd1c2Vfb2lsATEScHJvZ3Jlc3NpdmVfcmVjaXBlATEVAAAm9L7hpqbf5gkVAigCQzMsF0A9u6XjU_fPGBJkYXNoX2Jhc2VsaW5lXzFfdjERAHXqB2XongEA&oh=00_Afrx8ywuL0lDEIYjhw2nKNJdGtfuC-zg4X-eIsjpViAo3A&oe=69711317']",,https://www.threads.net/@ceanmedia/post/DTLgsEoEcYs,[],"{'likes': 39, 'reposts': 3, 'quotes': 0}",threads,3804278076357068332,CEAN,,"BREAKING: Macron, Starmer and Zelensky sign a declaration of intent on future multinational force deployment in Ukraine. 🇺🇦🌍

Merz and Germany noticeably missing from the table. 🤔🇩🇪

What does this mean for the balance of power and on-the-ground protection? 💬

#Ukraine #NATO #Europe #Diplomacy #Security #Geopolitics",threads,63158934689,ceanmedia
[],2026-01-20T15:07:17.584506+07:00,"🚨 Putin warns: Russia won't sign any documents with Ukraine's current leadership, blaming Kyiv for a ""strategic mistake"" by skipping presidential elections. 
Is this escalation or a call for change? Stay tuned. 🇷🇺🇺🇦",2025-11-27T21:55:12+07:00,,3775169639496872203,threads,threads.com,threads_crawler_v1,https://www.threads.net/@ceanmedia/post/DRkGMkRDPEL,https://instagram.fhan3-3.fna.fbcdn.net/v/t51.2885-19/516231298_18054533744527829_2727005556179792588_n.jpg?stp=dst-jpg_s150x150_tt6&efg=eyJ2ZW5jb2RlX3RhZyI6InByb2ZpbGVfcGljLmRqYW5nby4xMDI0LmMyIn0&_nc_ht=instagram.fhan3-3.fna.fbcdn.net&_nc_cat=1&_nc_oc=Q6cZ2QFpkqY_-gqWGJjZt01yDZYls-T8h0bhHoIOtnCtDDJc3dgLLUhgSyAFF2xPCrrcZOw&_nc_ohc=cSpcTOuUZeoQ7kNvwFMHFgP&_nc_gid=9dtx-xfYZpAvh3ERul0byA&edm=AJhczIQBAAAA&ccb=7-5&oh=00_Afo4_2LluYfjkcUTGv5ttU7mpuB47wKgTly931E92OrM7g&oe=69751028&_nc_sid=4a2096,127,0,112,3,0,['https://instagram.fhan4-5.fna.fbcdn.net/v/t51.2885-15/590901839_17933991348110690_2488545250241445840_n.jpg?stp=dst-jpg_e35_tt6&efg=eyJ2ZW5jb2RlX3RhZyI6InRocmVhZHMuRkVFRC5pbWFnZV91cmxnZW4uNjgweDQyMC5zZHIuZjgyNzg3LmRlZmF1bHRfaW1hZ2UuYzIifQ&_nc_ht=instagram.fhan4-5.fna.fbcdn.net&_nc_cat=102&_nc_oc=Q6cZ2QFpkqY_-gqWGJjZt01yDZYls-T8h0bhHoIOtnCtDDJc3dgLLUhgSyAFF2xPCrrcZOw&_nc_ohc=hSkLkFfcy14Q7kNvwH05t3a&_nc_gid=9dtx-xfYZpAvh3ERul0byA&edm=AJhczIQBAAAA&ccb=7-5&ig_cache_key=Mzc3NTE2OTYzOTQ5Njg3MjIwMw%3D%3D.3-ccb7-5&oh=00_AfrzWDqrtVZm_v225lxurJRnZ2DbT26phKbhCnIubRQQhw&oe=697522BB&_nc_sid=4a2096'],,https://www.threads.net/@ceanmedia/post/DRkGMkRDPEL,[],"{'likes': 112, 'reposts': 2, 'quotes': 1}",threads,3775169639496872203,CEAN,Ukraine #Russia #Diplomacy #Geopolitics,"🚨 Putin warns: Russia won't sign any documents with Ukraine's current leadership, blaming Kyiv for a ""strategic mistake"" by skipping presidential elections. 
Is this escalation or a call for change? Stay tuned. 🇷🇺🇺🇦",threads,63158934689,ceanmedia
[],2026-01-20T15:07:17.584539+07:00,"EUROPE JUST THREATENED TO DETONATE THE GLOBAL FINANCIAL SYSTEM

European officials are quietly discussing the unthinkable: dumping $2.3 trillion in US Treasury holdings if Trump cuts a Ukraine deal without them.

This is not diplomacy. This is mutually assured financial destruction.

The numbers are staggering.

The EU and UK combined hold more US debt than China. Enough to spike 10-year yield",2025-12-09T18:24:43+07:00,,3783761009581394388,threads,threads.com,threads_crawler_v1,https://www.threads.net/@joanloubot/post/DSCnpdLEonU,https://instagram.fhan4-3.fna.fbcdn.net/v/t51.2885-19/358813454_652268013602172_8853968849758956449_n.jpg?stp=dst-jpg_s150x150_tt6&efg=eyJ2ZW5jb2RlX3RhZyI6InByb2ZpbGVfcGljLmRqYW5nby45NTMuYzIifQ&_nc_ht=instagram.fhan4-3.fna.fbcdn.net&_nc_cat=100&_nc_oc=Q6cZ2QFpkqY_-gqWGJjZt01yDZYls-T8h0bhHoIOtnCtDDJc3dgLLUhgSyAFF2xPCrrcZOw&_nc_ohc=-Nr3wQK0QkkQ7kNvwGmB30J&_nc_gid=9dtx-xfYZpAvh3ERul0byA&edm=AJhczIQBAAAA&ccb=7-5&oh=00_AfoQ8HL_8p5xrvfVFTmMcRbzuQOQLxRcBld4SOPz3_Tq9w&oe=69752463&_nc_sid=4a2096,767,0,2423,194,0,[],,https://www.threads.net/@joanloubot/post/DSCnpdLEonU,[],"{'likes': 2423, 'reposts': 177, 'quotes': 17}",threads,3783761009581394388,Joan Loubot,,"EUROPE JUST THREATENED TO DETONATE THE GLOBAL FINANCIAL SYSTEM

European officials are quietly discussing the unthinkable: dumping $2.3 trillion in US Treasury holdings if Trump cuts a Ukraine deal without them.

This is not diplomacy. This is mutually assured financial destruction.

The numbers are staggering.

The EU and UK combined hold more US debt than China. Enough to spike 10-year yield",threads,63262443486,joanloubot
[],2026-01-20T15:07:17.584572+07:00,STATEMENT: Secretary of War Pete Hegseth issued a blunt warning to anyone targeting Americans: there will be consequences. This is deterrence — not diplomacy theatre.,2025-12-14T06:43:36+07:00,,3787032003918167219,threads,threads.com,threads_crawler_v1,https://www.threads.net/@aussiepulsenews/post/DSOPYsCk_yz,https://instagram.fhan3-3.fna.fbcdn.net/v/t51.2885-19/554964170_17848748511566365_6331706652333386455_n.jpg?stp=dst-jpg_s150x150_tt6&efg=eyJ2ZW5jb2RlX3RhZyI6InByb2ZpbGVfcGljLmRqYW5nby4xMDI0LmMyIn0&_nc_ht=instagram.fhan3-3.fna.fbcdn.net&_nc_cat=1&_nc_oc=Q6cZ2QFpkqY_-gqWGJjZt01yDZYls-T8h0bhHoIOtnCtDDJc3dgLLUhgSyAFF2xPCrrcZOw&_nc_ohc=9f2_Am_si_AQ7kNvwFYkrp6&_nc_gid=9dtx-xfYZpAvh3ERul0byA&edm=AJhczIQBAAAA&ccb=7-5&oh=00_AfoTdjOPgx-GWFnTZdz9tj47q5JLs0t9qghq82COQ-fE_w&oe=69752157&_nc_sid=4a2096,18,0,192,12,0,['https://instagram.fhan3-3.fna.fbcdn.net/v/t51.2885-15/600166885_17858422455566365_9016458923512875329_n.jpg?stp=dst-jpg_e35_tt6&efg=eyJ2ZW5jb2RlX3RhZyI6InRocmVhZHMuQ0FST1VTRUxfSVRFTS5pbWFnZV91cmxnZW4uNTc2eDQzMi5zZHIuZjgyNzg3LmRlZmF1bHRfaW1hZ2UuYzIifQ&_nc_ht=instagram.fhan3-3.fna.fbcdn.net&_nc_cat=101&_nc_oc=Q6cZ2QFpkqY_-gqWGJjZt01yDZYls-T8h0bhHoIOtnCtDDJc3dgLLUhgSyAFF2xPCrrcZOw&_nc_ohc=K5UIqw6mFnwQ7kNvwFIUvz7&_nc_gid=9dtx-xfYZpAvh3ERul0byA&edm=AJhczIQBAAAA&ccb=7-5&ig_cache_key=Mzc4NzAzMTk5NzgwMjgyNjk5Mg%3D%3D.3-ccb7-5&oh=00_AfpVl6lB35RV22aIO6UUuLr_cM-mcMt8SpRUgbmOj_NN_g&oe=6974FF8D&_nc_sid=4a2096'],,https://www.threads.net/@aussiepulsenews/post/DSOPYsCk_yz,[],"{'likes': 192, 'reposts': 12, 'quotes': 0}",threads,3787032003918167219,AussiePulse ❤️ News,,STATEMENT: Secretary of War Pete Hegseth issued a blunt warning to anyone targeting Americans: there will be consequences. This is deterrence — not diplomacy theatre.,threads,76993734364,aussiepulsenews
[],2026-01-20T15:07:17.584605+07:00,"🇦🇿🤝🇵🇰
Today I had the honor to interview H.E. Syed Yousaf Raza Gillani, Chairman of the Senate of Pakistan and former Prime Minister.
We discussed Pakistan–Azerbaijan relations, parliamentary diplomacy, and the importance of the trilateral brotherhood between Türkiye, Pakistan, and Azerbaijan.
🎥 #BakuTV #officials #Pakistan #Azerbaijan #Diplomacy",2025-10-31T20:53:59+07:00,,3755569880536771396,threads,threads.com,threads_crawler_v1,https://www.threads.net/@sevinjgulmammadova/post/DQeduiSjOtE,https://instagram.fhan4-3.fna.fbcdn.net/v/t51.2885-19/491442210_2061133604364622_3958669977600049222_n.jpg?stp=dst-jpg_s150x150_tt6&efg=eyJ2ZW5jb2RlX3RhZyI6InByb2ZpbGVfcGljLmRqYW5nby4xMDgwLmMyIn0&_nc_ht=instagram.fhan4-3.fna.fbcdn.net&_nc_cat=110&_nc_oc=Q6cZ2QFpkqY_-gqWGJjZt01yDZYls-T8h0bhHoIOtnCtDDJc3dgLLUhgSyAFF2xPCrrcZOw&_nc_ohc=_ioQx87A7K0Q7kNvwGF6C6V&_nc_gid=9dtx-xfYZpAvh3ERul0byA&edm=AJhczIQBAAAA&ccb=7-5&oh=00_AfrhhpGV8nluc6ViljVye_ZOEPo8LVlewc7cpCC1hkj6Ag&oe=6974F146&_nc_sid=4a2096,26,0,239,1,0,['https://instagram.fhan4-3.fna.fbcdn.net/v/t51.2885-15/573533315_18532340299035670_7710142867374922378_n.jpg?stp=dst-jpg_e35_tt6&efg=eyJ2ZW5jb2RlX3RhZyI6InRocmVhZHMuRkVFRC5pbWFnZV91cmxnZW4uMTE3MXgxMTcxLnNkci5mODI3ODcuZGVmYXVsdF9pbWFnZS5jMiJ9&_nc_ht=instagram.fhan4-3.fna.fbcdn.net&_nc_cat=110&_nc_oc=Q6cZ2QFpkqY_-gqWGJjZt01yDZYls-T8h0bhHoIOtnCtDDJc3dgLLUhgSyAFF2xPCrrcZOw&_nc_ohc=T8q-ZQzkF6gQ7kNvwGhpbzV&_nc_gid=9dtx-xfYZpAvh3ERul0byA&edm=AJhczIQBAAAA&ccb=7-5&ig_cache_key=Mzc1NTU2OTg4MDUzNjc3MTM5Ng%3D%3D.3-ccb7-5&oh=00_AfqHeeAJhvEkwZzGXo60474p5KwgUYxVFo2kD6pF3YXuKQ&oe=6974F414&_nc_sid=4a2096'],,https://www.threads.net/@sevinjgulmammadova/post/DQeduiSjOtE,[],"{'likes': 239, 'reposts': 1, 'quotes': 0}",threads,3755569880536771396,Sevinc Gülməmmədova,,"🇦🇿🤝🇵🇰
Today I had the honor to interview H.E. Syed Yousaf Raza Gillani, Chairman of the Senate of Pakistan and former Prime Minister.
We discussed Pakistan–Azerbaijan relations, parliamentary diplomacy, and the importance of the trilateral brotherhood between Türkiye, Pakistan, and Azerbaijan.
🎥 #BakuTV #officials #Pakistan #Azerbaijan #Diplomacy",threads,63318073465,sevinjgulmammadova
[],2026-01-20T15:07:17.584642+07:00,"🚨BREAKING: Poland cites 19 Russian drone violations, invokes NATO Article 4 / Escalating tensions demand careful diplomacy, per CNN.",2025-09-12T04:01:38+07:00,,3719546317229099340,threads,threads.com,threads_crawler_v1,https://www.threads.net/@lunanewstoday/post/DOee6skDYlM,https://instagram.fhan3-3.fna.fbcdn.net/v/t51.2885-19/581464921_17883756759405563_5867775697834627256_n.jpg?stp=dst-jpg_s150x150_tt6&efg=eyJ2ZW5jb2RlX3RhZyI6InByb2ZpbGVfcGljLmRqYW5nby4zMjAuYzIifQ&_nc_ht=instagram.fhan3-3.fna.fbcdn.net&_nc_cat=111&_nc_oc=Q6cZ2QFpkqY_-gqWGJjZt01yDZYls-T8h0bhHoIOtnCtDDJc3dgLLUhgSyAFF2xPCrrcZOw&_nc_ohc=yLNs9Sd3Nb4Q7kNvwEoujrp&_nc_gid=9dtx-xfYZpAvh3ERul0byA&edm=AJhczIQBAAAA&ccb=7-5&oh=00_Afq_wjXlLnjzAaiYn9g-bkLPgnDU-Gxjuqa3VzPvFOH8bA&oe=6975063B&_nc_sid=4a2096,2,0,52,4,0,[],,https://www.threads.net/@lunanewstoday/post/DOee6skDYlM,[],"{'likes': 52, 'reposts': 4, 'quotes': 0}",threads,3719546317229099340,Luna News,,"🚨BREAKING: Poland cites 19 Russian drone violations, invokes NATO Article 4 / Escalating tensions demand careful diplomacy, per CNN.",threads,72009485562,lunanewstoday
[],2026-01-20T15:07:17.584676+07:00,"🇦🇪🤝🇮🇱 Major Diplomatic Move!
The UAE has officially purchased land in Israel to build its first permanent embassy, marking a new chapter in Middle East relations. 🌍
This step further strengthens the Abraham Accords and deepens UAE–Israel ties.

#UAE #Israel #Embassy #MiddleEast #BreakingNews #Diplomacy #explore #fyp #feed #news",2025-10-21T01:32:55+07:00,,3747737730873566551,threads,threads.com,threads_crawler_v1,https://www.threads.net/@universalecho957/post/DQCo5wgDCVX,https://instagram.fhan4-6.fna.fbcdn.net/v/t51.2885-19/523959027_17843724801539468_912421038179967255_n.jpg?stp=dst-jpg_s150x150_tt6&efg=eyJ2ZW5jb2RlX3RhZyI6InByb2ZpbGVfcGljLmRqYW5nby4xMDgwLmMyIn0&_nc_ht=instagram.fhan4-6.fna.fbcdn.net&_nc_cat=108&_nc_oc=Q6cZ2QFpkqY_-gqWGJjZt01yDZYls-T8h0bhHoIOtnCtDDJc3dgLLUhgSyAFF2xPCrrcZOw&_nc_ohc=VOuUrk6rlCAQ7kNvwF-n1Zm&_nc_gid=9dtx-xfYZpAvh3ERul0byA&edm=AJhczIQBAAAA&ccb=7-5&oh=00_Afp-NC4V3jwGmCa8STmxIt0QlKxWqnuVn9b8gGFS07fpHQ&oe=6974FDC9&_nc_sid=4a2096,2,0,23,1,0,['https://instagram.fhan4-1.fna.fbcdn.net/v/t51.2885-15/567801026_17858267070536489_6689140268779177628_n.heic?stp=dst-jpg_e35_tt6&efg=eyJ2ZW5jb2RlX3RhZyI6InRocmVhZHMuRkVFRC5pbWFnZV91cmxnZW4uMTE1MXgxNDQwLnNkci5mODI3ODcuZGVmYXVsdF9pbWFnZS5jMiJ9&_nc_ht=instagram.fhan4-1.fna.fbcdn.net&_nc_cat=105&_nc_oc=Q6cZ2QFpkqY_-gqWGJjZt01yDZYls-T8h0bhHoIOtnCtDDJc3dgLLUhgSyAFF2xPCrrcZOw&_nc_ohc=V2tJ00R0Dp0Q7kNvwHx6pAn&_nc_gid=9dtx-xfYZpAvh3ERul0byA&edm=AJhczIQBAAAA&ccb=7-5&ig_cache_key=Mzc0NzczNzczMDg3MzU2NjU1MQ%3D%3D.3-ccb7-5&oh=00_Afqcw2_OcRSApaONL5QesiVAdZIjINBk9TbZtYACOUZ8NA&oe=6974FE9B&_nc_sid=4a2096'],,https://www.threads.net/@universalecho957/post/DQCo5wgDCVX,[],"{'likes': 23, 'reposts': 1, 'quotes': 0}",threads,3747737730873566551,Universal Echo,,"🇦🇪🤝🇮🇱 Major Diplomatic Move!
The UAE has officially purchased land in Israel to build its first permanent embassy, marking a new chapter in Middle East relations. 🌍
This step further strengthens the Abraham Accords and deepens UAE–Israel ties.

#UAE #Israel #Embassy #MiddleEast #BreakingNews #Diplomacy #explore #fyp #feed #news",threads,76192536488,universalecho957
[],2026-01-20T15:07:17.584717+07:00,"In an official letter from Donald Trump to the Prime Minister of Norway, Jonas Gahr Støre, the US President writes that, because he did not receive the Nobel Peace Prize, he no longer feels bound to “think exclusively about peace”. In the same document, he links that grievance to threats over Greenland, questions Denmark’s sovereignty and pressures NATO to act in America’s interest.",2026-01-19T23:55:37+07:00,,3813643360708404796,threads,threads.com,threads_crawler_v1,https://www.threads.net/@europeandemocrats/post/DTsyG5XDSY8,https://instagram.fhan4-5.fna.fbcdn.net/v/t51.2885-19/469437442_9635009706514071_6853395980896304167_n.jpg?stp=dst-jpg_s150x150_tt6&efg=eyJ2ZW5jb2RlX3RhZyI6InByb2ZpbGVfcGljLmRqYW5nby4xMDgwLmMyIn0&_nc_ht=instagram.fhan4-5.fna.fbcdn.net&_nc_cat=103&_nc_oc=Q6cZ2QGtyaQfZIGomMcrA9tdGSj2RzW5gesx-xLz9w2cXRRZwszkSMi9K-CgdDliWKVOF0s&_nc_ohc=NQrRhtgA21AQ7kNvwFQG-Pm&_nc_gid=uRBlhagy4OWY8dMxlthJYg&edm=AJhczIQBAAAA&ccb=7-5&oh=00_AfqWaol_RDtgOrAIg6WHllfiSeWbOMRaAEr5TLAzbpwaLQ&oe=69750C16&_nc_sid=4a2096,7,0,31,3,0,['https://instagram.fhan4-5.fna.fbcdn.net/v/t51.2885-15/619633421_17937140262126015_151778891179322809_n.jpg?stp=dst-jpg_e35_tt6&efg=eyJ2ZW5jb2RlX3RhZyI6InRocmVhZHMuRkVFRC5pbWFnZV91cmxnZW4uMTAyNHgxMjgwLnNkci5mODI3ODcuZGVmYXVsdF9pbWFnZS5jMiJ9&_nc_ht=instagram.fhan4-5.fna.fbcdn.net&_nc_cat=103&_nc_oc=Q6cZ2QGtyaQfZIGomMcrA9tdGSj2RzW5gesx-xLz9w2cXRRZwszkSMi9K-CgdDliWKVOF0s&_nc_ohc=g48xqGRxcEgQ7kNvwHXVtQ8&_nc_gid=uRBlhagy4OWY8dMxlthJYg&edm=AJhczIQBAAAA&ccb=7-5&ig_cache_key=MzgxMzY0MzM2MDcwODQwNDc5Ng%3D%3D.3-ccb7-5&oh=00_AfpzGyTJmn6YFCP1DVqUTSFoAEKoooMwKCyIROr_GuMAVQ&oe=6975029D&_nc_sid=4a2096'],,https://www.threads.net/@europeandemocrats/post/DTsyG5XDSY8,[],"{'likes': 31, 'reposts': 3, 'quotes': 0}",threads,3813643360708404796,European Democratic Party,,"In an official letter from Donald Trump to the Prime Minister of Norway, Jonas Gahr Støre, the US President writes that, because he did not receive the Nobel Peace Prize, he no longer feels bound to “think exclusively about peace”. In the same document, he links that grievance to threats over Greenland, questions Denmark’s sovereignty and pressures NATO to act in America’s interest.",threads,63678294014,europeandemocrats
[],2026-01-20T15:07:17.584762+07:00,"This is an excellent clip. I’m also not thrilled we have to go in with China, but the point Carney makes about operating in the world we have versus the world we want is absolutely key. 

We didn’t ask for this. 

America wants to fuck around?

America’s finding out. 

That comment about the megaphone is a dig at Trump’s “diplomacy”, which is apt.",2026-01-17T00:02:12+07:00,,3811472348164701029,threads,threads.com,threads_crawler_v1,https://www.threads.net/@snarkysteff/post/DTlEegXlLtl,https://instagram.fhan4-6.fna.fbcdn.net/v/t51.2885-19/459064230_1567139267214092_6145290267764366983_n.jpg?stp=dst-jpg_s150x150_tt6&efg=eyJ2ZW5jb2RlX3RhZyI6InByb2ZpbGVfcGljLmRqYW5nby4xMDgwLmMyIn0&_nc_ht=instagram.fhan4-6.fna.fbcdn.net&_nc_cat=108&_nc_oc=Q6cZ2QGtyaQfZIGomMcrA9tdGSj2RzW5gesx-xLz9w2cXRRZwszkSMi9K-CgdDliWKVOF0s&_nc_ohc=6jdBRvkB10wQ7kNvwFQQG5l&_nc_gid=uRBlhagy4OWY8dMxlthJYg&edm=AJhczIQBAAAA&ccb=7-5&oh=00_Afp_Jqy1SXXpUG7OpC6QX39x23ntvSG_v1_TvYhb9u47rw&oe=69751E68&_nc_sid=4a2096,1,0,10,2,0,[],,https://www.threads.net/@snarkysteff/post/DTlEegXlLtl,[],"{'likes': 10, 'reposts': 2, 'quotes': 0}",threads,3811472348164701029,Steffani Cameron,,"This is an excellent clip. I’m also not thrilled we have to go in with China, but the point Carney makes about operating in the world we have versus the world we want is absolutely key. 

We didn’t ask for this. 

America wants to fuck around?

America’s finding out. 

That comment about the megaphone is a dig at Trump’s “diplomacy”, which is apt.",threads,62905366863,snarkysteff
[],2026-01-20T15:07:17.584816+07:00,"In a society where alcohol is beverage, zina is romance, riba is profit, cheating is smartness, lies are diplomacy and modesty is outdated. Of course, Islam is definitely the problem, not usury, not drugs, not broken homes, and definitely not wars.",2026-01-17T03:54:36+07:00,,3811589320188933302,threads,threads.com,threads_crawler_v1,https://www.threads.net/@yusufpsychology/post/DTlfErDiLS2,https://instagram.fhan4-5.fna.fbcdn.net/v/t51.2885-19/504430346_17918563401098319_1019183634724938618_n.jpg?stp=dst-jpg_s150x150_tt6&efg=eyJ2ZW5jb2RlX3RhZyI6InByb2ZpbGVfcGljLmRqYW5nby43MTYuYzIifQ&_nc_ht=instagram.fhan4-5.fna.fbcdn.net&_nc_cat=103&_nc_oc=Q6cZ2QGtyaQfZIGomMcrA9tdGSj2RzW5gesx-xLz9w2cXRRZwszkSMi9K-CgdDliWKVOF0s&_nc_ohc=9YqPg0wqCsMQ7kNvwHJrpjZ&_nc_gid=uRBlhagy4OWY8dMxlthJYg&edm=AJhczIQBAAAA&ccb=7-5&oh=00_Afq_mz7KTqeSH3hbPp2c77bCd33sk5QVErPL5gNhcvotwg&oe=697504BD&_nc_sid=4a2096,4,0,14,1,0,[],,https://www.threads.net/@yusufpsychology/post/DTlfErDiLS2,[],"{'likes': 14, 'reposts': 1, 'quotes': 0}",threads,3811589320188933302,Yusuf Azeez | Muslim Psychology Student,,"In a society where alcohol is beverage, zina is romance, riba is profit, cheating is smartness, lies are diplomacy and modesty is outdated. Of course, Islam is definitely the problem, not usury, not drugs, not broken homes, and definitely not wars.",threads,75201820174,yusufpsychology
[],2026-01-20T15:07:17.584854+07:00,"President Putin holds diplomatic accreditation ceremony, welcoming ambassadors including those from 11 nations deemed ""unfriendly."" A significant moment in global diplomacy. #BRICS #Russia #Diplomacy #Geopolitics #MultipolarWorld",2026-01-16T00:41:06+07:00,,3810767032518480828,threads,threads.com,threads_crawler_v1,https://www.threads.net/@zenthagodx_x/post/DTikGz_CJO8,https://instagram.fhan3-3.fna.fbcdn.net/v/t51.2885-19/618480356_17937318339118847_7486959474733503198_n.jpg?stp=dst-jpg_s150x150_tt6&efg=eyJ2ZW5jb2RlX3RhZyI6InByb2ZpbGVfcGljLmRqYW5nby43NTAuYzIifQ&_nc_ht=instagram.fhan3-3.fna.fbcdn.net&_nc_cat=111&_nc_oc=Q6cZ2QGtyaQfZIGomMcrA9tdGSj2RzW5gesx-xLz9w2cXRRZwszkSMi9K-CgdDliWKVOF0s&_nc_ohc=wtrj5D9h3bIQ7kNvwEr0T_G&_nc_gid=uRBlhagy4OWY8dMxlthJYg&edm=AJhczIQBAAAA&ccb=7-5&oh=00_Afq43q92ZX7UzyX7xuZ8YzHrN4jz6XcmTGTHOEiUpPMbLw&oe=697506BF&_nc_sid=4a2096,40,0,1177,37,0,"['https://instagram.fhan3-4.fna.fbcdn.net/v/t51.2885-15/617181660_2704256316577410_9009879956379662296_n.jpg?stp=dst-jpg_e15_tt6&efg=eyJ2ZW5jb2RlX3RhZyI6InRocmVhZHMuRkVFRC5pbWFnZV91cmxnZW4uNjQweDM2MC5zZHIuZjcxODc4LmRlZmF1bHRfY292ZXJfZnJhbWUuYzIifQ&_nc_ht=instagram.fhan3-4.fna.fbcdn.net&_nc_cat=106&_nc_oc=Q6cZ2QGtyaQfZIGomMcrA9tdGSj2RzW5gesx-xLz9w2cXRRZwszkSMi9K-CgdDliWKVOF0s&_nc_ohc=tPIY6jNckRUQ7kNvwFnHfD4&_nc_gid=uRBlhagy4OWY8dMxlthJYg&edm=AJhczIQBAAAA&ccb=7-5&ig_cache_key=MzgxMDc2NzAzMjUxODQ4MDgyOA%3D%3D.3-ccb7-5&oh=00_AfrFwDhI46rlLXV7gamU9NybCQXVxz9LIbw-O21iFWboyQ&oe=6974FF60&_nc_sid=4a2096', 'https://instagram.fhan4-5.fna.fbcdn.net/o1/v/t16/f2/m84/AQOYfIywXmEVu_AtJyVr2ywyxlVu0cfISZIsppVEVVOb_9q9_nhg4sBW7rni9-u91mUkO5EAu1QHu3nQGBVnfYQhp1JEZX8alM4kPYQ.mp4?_nc_cat=102&_nc_oc=Adk2bSmwWHcLvY1Ggolul4JA2V9RUHxEzyd3Z5aRbi-IjufB9v1QCgnyTlvBk9aAKOY&_nc_sid=5e9851&_nc_ht=instagram.fhan4-5.fna.fbcdn.net&_nc_ohc=PhdfncRqPWAQ7kNvwE-Cezl&efg=eyJ2ZW5jb2RlX3RhZyI6Inhwdl9wcm9ncmVzc2l2ZS5JTlNUQUdSQU0uRkVFRC5DMy4xMjgwLmRhc2hfYmFzZWxpbmVfMV92MSIsInhwdl9hc3NldF9pZCI6MTQzNjEzMTU4NDU0MjgxMiwiYXNzZXRfYWdlX2RheXMiOjQsInZpX3VzZWNhc2VfaWQiOjEwMTY0LCJkdXJhdGlvbl9zIjoyNCwidXJsZ2VuX3NvdXJjZSI6Ind3dyJ9&ccb=17-1&_nc_gid=uRBlhagy4OWY8dMxlthJYg&_nc_zt=28&vs=227227765b61549f&_nc_vs=HBksFQIYTGlnX2JhY2tmaWxsX3RpbWVsaW5lX3ZvZC85RDRGQ0E1OTU3N0U0NEE0RUNFRjIxMzI5M0Q3OURCNF92aWRlb19kYXNoaW5pdC5tcDQVAALIARIAFQIYOnBhc3N0aHJvdWdoX2V2ZXJzdG9yZS9HSHB6ZXlTZnBLNE1oMGtIQUZVWGFlaTRoMmxxYnNwVEFRQUYVAgLIARIAKAAYABsCiAd1c2Vfb2lsATEScHJvZ3Jlc3NpdmVfcmVjaXBlATEVAAAmuKGUj-6JjQUVAigCQzMsF0A4rhR64UeuGBJkYXNoX2Jhc2VsaW5lXzFfdjERAHXqB2XongEA&oh=00_AfqKrqa7DgZcnSNCmc1W6o0KtSEF-z021dm7Sg3U0FhsZA&oe=69712676']",,https://www.threads.net/@zenthagodx_x/post/DTikGz_CJO8,[],"{'likes': 1177, 'reposts': 32, 'quotes': 5}",threads,3810767032518480828,ZenThaGod,,"President Putin holds diplomatic accreditation ceremony, welcoming ambassadors including those from 11 nations deemed ""unfriendly."" A significant moment in global diplomacy. #BRICS #Russia #Diplomacy #Geopolitics #MultipolarWorld",threads,63395862846,zenthagodx_x
[],2026-01-20T15:07:17.584892+07:00,#diplomacy,2025-12-30T18:43:35+07:00,,3798990798985908213,threads,threads.com,threads_crawler_v1,https://www.threads.net/@juri_hb99/post/DS4ugD2iE_1,https://instagram.fhan3-3.fna.fbcdn.net/v/t51.2885-19/553589472_17847249801568691_1693241728515995566_n.jpg?stp=dst-jpg_s150x150_tt6&efg=eyJ2ZW5jb2RlX3RhZyI6InByb2ZpbGVfcGljLmRqYW5nby4xMDgwLmMyIn0&_nc_ht=instagram.fhan3-3.fna.fbcdn.net&_nc_cat=111&_nc_oc=Q6cZ2QGtyaQfZIGomMcrA9tdGSj2RzW5gesx-xLz9w2cXRRZwszkSMi9K-CgdDliWKVOF0s&_nc_ohc=syxI7lkMzfYQ7kNvwGJNWbD&_nc_gid=uRBlhagy4OWY8dMxlthJYg&edm=AJhczIQBAAAA&ccb=7-5&oh=00_AfoCxtJKoLXDqIXRqtfi732pOm2_L22eQepm_AH2XUwJRg&oe=6974F54F&_nc_sid=4a2096,6,0,116,1,0,['https://instagram.fhan4-3.fna.fbcdn.net/v/t51.2885-15/609136309_18045393251709694_7321283356533434705_n.jpg?se=-1&stp=dst-jpegr_e35_tt6&efg=eyJ2ZW5jb2RlX3RhZyI6InRocmVhZHMuQ0FST1VTRUxfSVRFTS5pbWFnZV91cmxnZW4uMTQ0MHgxOTIwLmhkci5mODI3ODcuZGVmYXVsdF9pbWFnZS5jMiJ9&_nc_ht=instagram.fhan4-3.fna.fbcdn.net&_nc_cat=110&_nc_oc=Q6cZ2QGtyaQfZIGomMcrA9tdGSj2RzW5gesx-xLz9w2cXRRZwszkSMi9K-CgdDliWKVOF0s&_nc_ohc=QxkOXtTmtyAQ7kNvwE9yw8c&_nc_gid=uRBlhagy4OWY8dMxlthJYg&edm=AJhczIQBAAAA&ccb=7-5&ig_cache_key=Mzc5ODk5MDc4MTgyMjgwNDc5NA%3D%3D.3-ccb7-5&oh=00_Afq9_Unc0WwxWWlccz3eVPUbFwSIO-ttWzA7nl5FR30wOw&oe=6974FA7B&_nc_sid=4a2096'],,https://www.threads.net/@juri_hb99/post/DS4ugD2iE_1,[],"{'likes': 116, 'reposts': 1, 'quotes': 0}",threads,3798990798985908213,Juri 💎,,#diplomacy,threads,77223152690,juri_hb99
[],2026-01-20T15:07:17.584930+07:00,"To young leaders everywhere: take note. The anniversary of Jason Rezaian’s release 10 years ago reminds us that diplomacy matters—and that journalism takes courage. History shows us that progress belongs to those willing to speak truth, protect democratic values, and do the hard work when it counts.",2026-01-16T22:19:16+07:00,,3811420317386874207,threads,threads.com,threads_crawler_v1,https://www.threads.net/@obamafoundation/post/DTk4pW7jR1f,https://instagram.fhan3-3.fna.fbcdn.net/v/t51.2885-19/361684608_291044836802099_3700351314983078008_n.jpg?stp=dst-jpg_s150x150_tt6&efg=eyJ2ZW5jb2RlX3RhZyI6InByb2ZpbGVfcGljLmRqYW5nby4xMDgwLmMyIn0&_nc_ht=instagram.fhan3-3.fna.fbcdn.net&_nc_cat=111&_nc_oc=Q6cZ2QGtyaQfZIGomMcrA9tdGSj2RzW5gesx-xLz9w2cXRRZwszkSMi9K-CgdDliWKVOF0s&_nc_ohc=7ppIDAKkDqQQ7kNvwEsJZzR&_nc_gid=uRBlhagy4OWY8dMxlthJYg&edm=AJhczIQBAAAA&ccb=7-5&oh=00_AfphHjRUpmQ9K2_mAkpqYtimzb0Mi8DDEO_3hDSqstw00w&oe=6974F330&_nc_sid=4a2096,4,0,106,15,0,"['https://instagram.fhan4-1.fna.fbcdn.net/v/t51.2885-15/616105512_2720037695006549_2973234009633561168_n.jpg?stp=dst-jpg_e15_tt6&efg=eyJ2ZW5jb2RlX3RhZyI6InRocmVhZHMuRkVFRC5pbWFnZV91cmxnZW4uNjQweDExMzYuc2RyLmY3MTg3OC5kZWZhdWx0X2NvdmVyX2ZyYW1lLmMyIn0&_nc_ht=instagram.fhan4-1.fna.fbcdn.net&_nc_cat=105&_nc_oc=Q6cZ2QGtyaQfZIGomMcrA9tdGSj2RzW5gesx-xLz9w2cXRRZwszkSMi9K-CgdDliWKVOF0s&_nc_ohc=yY7yd0kF8fQQ7kNvwGOtAr_&_nc_gid=uRBlhagy4OWY8dMxlthJYg&edm=AJhczIQBAAAA&ccb=7-5&ig_cache_key=MzgxMTQyMDMxNzM4Njg3NDIwNw%3D%3D.3-ccb7-5&oh=00_Afqv7odJAf6p4X5HLB7s9bTTwNucz0Am64IPygyCJp7eHA&oe=6974F815&_nc_sid=4a2096', 'https://instagram.fhan3-3.fna.fbcdn.net/o1/v/t16/f2/m84/AQNLafOiOMYRS_-47ildKZ9vfBKjeS1xh1oAf3KVsXmY6r4dF9v0IGPzNPCX-loN6rbr2fzG1rU7Oh1PggAigZGNrAaVzU26P21zQdg.mp4?_nc_cat=111&_nc_oc=AdnHhNOX1S1yk6YX3jF0LXg1g72Xofba5Udl8hz10hZstK6hNjmy2X3lB_-M6VeDfkQ&_nc_sid=5e9851&_nc_ht=instagram.fhan3-3.fna.fbcdn.net&_nc_ohc=Wg6m-LIrF8EQ7kNvwH0jk9q&efg=eyJ2ZW5jb2RlX3RhZyI6Inhwdl9wcm9ncmVzc2l2ZS5JTlNUQUdSQU0uRkVFRC5DMy43MjAuZGFzaF9iYXNlbGluZV8xX3YxIiwieHB2X2Fzc2V0X2lkIjoyOTcwNjk1MDU2NjUzNDcyLCJhc3NldF9hZ2VfZGF5cyI6MywidmlfdXNlY2FzZV9pZCI6MTAxNjQsImR1cmF0aW9uX3MiOjQwLCJ1cmxnZW5fc291cmNlIjoid3d3In0%3D&ccb=17-1&_nc_gid=uRBlhagy4OWY8dMxlthJYg&_nc_zt=28&vs=36a2a64fef8688db&_nc_vs=HBksFQIYTGlnX2JhY2tmaWxsX3RpbWVsaW5lX3ZvZC9DNjQxQTVGRTI1NzNERDk4MDdGNzlCOTRCNUFCNDI5Ml92aWRlb19kYXNoaW5pdC5tcDQVAALIARIAFQIYUWlnX3hwdl9wbGFjZW1lbnRfcGVybWFuZW50X3YyLzk0NDdFNjBDMjFGNkZCMDhBQ0UwNUQ3QjQxQTdDQzhEX2F1ZGlvX2Rhc2hpbml0Lm1wNBUCAsgBEgAoABgAGwKIB3VzZV9vaWwBMRJwcm9ncmVzc2l2ZV9yZWNpcGUBMRUAACbA8rP5mvXGChUCKAJDMywXQEQnKwIMSboYEmRhc2hfYmFzZWxpbmVfMV92MREAdeoHZeieAQA&oh=00_AfoHi6R1inSyQ83wuOd-ezYVIhSfiCI1OAzW-_d1mOUuSA&oe=69713141']",,https://www.threads.net/@obamafoundation/post/DTk4pW7jR1f,[],"{'likes': 106, 'reposts': 15, 'quotes': 0}",threads,3811420317386874207,Obama Foundation,,"To young leaders everywhere: take note. The anniversary of Jason Rezaian’s release 10 years ago reminds us that diplomacy matters—and that journalism takes courage. History shows us that progress belongs to those willing to speak truth, protect democratic values, and do the hard work when it counts.",threads,63369647281,obamafoundation
[],2026-01-20T15:07:17.584966+07:00,"Eight months ago at the leaders’ debate, Carney said China was the greatest security threat to Canada. Today, he’s in Beijing calling China a partner in the “new world order.” 

Canadians deserve consistency, not globalist doublespeak dressed up as diplomacy.

#canada #china #cdnpoli",2026-01-16T05:54:00+07:00,,3810924620547191891,threads,threads.com,threads_crawler_v1,https://www.threads.net/@michael_guglielmin/post/DTjH8BRgXRT,https://instagram.fhan4-5.fna.fbcdn.net/v/t51.2885-19/551460384_17842317573583539_8005720666845443696_n.jpg?stp=dst-jpg_s150x150_tt6&efg=eyJ2ZW5jb2RlX3RhZyI6InByb2ZpbGVfcGljLmRqYW5nby4xMDgwLmMyIn0&_nc_ht=instagram.fhan4-5.fna.fbcdn.net&_nc_cat=103&_nc_oc=Q6cZ2QGtyaQfZIGomMcrA9tdGSj2RzW5gesx-xLz9w2cXRRZwszkSMi9K-CgdDliWKVOF0s&_nc_ohc=N_JB9joTVpYQ7kNvwH0VS-c&_nc_gid=uRBlhagy4OWY8dMxlthJYg&edm=AJhczIQBAAAA&ccb=7-5&oh=00_Afo_RT_qG4qP9YNwi-qUTmofF0YpuHzHaIgJHNjvtZE4nA&oe=69751AE6&_nc_sid=4a2096,58,0,18,3,0,"['https://instagram.fhan4-6.fna.fbcdn.net/v/t51.2885-15/615886156_18094871564506149_6871979293376665864_n.jpg?stp=dst-jpg_e15_tt6&efg=eyJ2ZW5jb2RlX3RhZyI6InRocmVhZHMuRkVFRC5pbWFnZV91cmxnZW4uNTQweDk2MC5zZHIuZjgyNzg3LmRlZmF1bHRfY292ZXJfZnJhbWUuYzIifQ&_nc_ht=instagram.fhan4-6.fna.fbcdn.net&_nc_cat=109&_nc_oc=Q6cZ2QGtyaQfZIGomMcrA9tdGSj2RzW5gesx-xLz9w2cXRRZwszkSMi9K-CgdDliWKVOF0s&_nc_ohc=14_oTB1I3uoQ7kNvwH3sMC6&_nc_gid=uRBlhagy4OWY8dMxlthJYg&edm=AJhczIQBAAAA&ccb=7-5&ig_cache_key=MzgxMDkyNDYyMDU0NzE5MTg5MQ%3D%3D.3-ccb7-5&oh=00_AfoNR63HjiY5irnc-_teYNp-BMCULCEd8j15f7Gap_fzbw&oe=697503CD&_nc_sid=4a2096', 'https://instagram.fhan3-3.fna.fbcdn.net/o1/v/t16/f2/m69/AQP5ROb7etsexVS-uEpfQ2EMcTTykticvGJfH5Mg-WXiVgXVafBCH1eF_SPIdowMFLUGHNo88E-zgzQ3HLewCbZu.mp4?strext=1&_nc_cat=111&_nc_oc=Adm5i2gDhN5xAUW5SZ0Nsi2hAS3pCvDiIRZROdqPYEANcQh1OsGak9lLVI9qQ9gSUAE&_nc_sid=5e9851&_nc_ht=instagram.fhan3-3.fna.fbcdn.net&_nc_ohc=pRtlonZmGZ8Q7kNvwGUTono&efg=eyJ2ZW5jb2RlX3RhZyI6Inhwdl9wcm9ncmVzc2l2ZS5JTlNUQUdSQU0uRkVFRC5DMy43MjAuZGFzaF9iYXNlbGluZV8xX3YxIiwieHB2X2Fzc2V0X2lkIjoxODk1MjM0NzI0NDEwMjAzLCJhc3NldF9hZ2VfZGF5cyI6NCwidmlfdXNlY2FzZV9pZCI6MTAwOTksImR1cmF0aW9uX3MiOjE4LCJ1cmxnZW5fc291cmNlIjoid3d3In0%3D&ccb=17-1&_nc_gid=uRBlhagy4OWY8dMxlthJYg&_nc_zt=28&vs=401f87b53d45de7&_nc_vs=HBksFQIYOnBhc3N0aHJvdWdoX2V2ZXJzdG9yZS9HUDhNd0NUTnBJdnpZYkFGQUoxNk9RTDVra2t0YnNwVEFRQUYVAALIARIAFQIYUWlnX3hwdl9wbGFjZW1lbnRfcGVybWFuZW50X3YyLzAyNDYyMUM1RTBBQ0QyQzlDOTk1NzA0MzVBQTI5OTg0X2F1ZGlvX2Rhc2hpbml0Lm1wNBUCAsgBEgAoABgAGwKIB3VzZV9vaWwBMRJwcm9ncmVzc2l2ZV9yZWNpcGUBMRUAACa2zZ2Il-3dBhUCKAJDMywXQDIvnbItDlYYEmRhc2hfYmFzZWxpbmVfMV92MREAdeoHZeadAQA&oh=00_Afr_41A8sXIq4Wjo44fLBBIGzuXCAzCcCZLrp6EQcLLtLg&oe=69752515']",,https://www.threads.net/@michael_guglielmin/post/DTjH8BRgXRT,[],"{'likes': 18, 'reposts': 2, 'quotes': 1}",threads,3810924620547191891,Michael Guglielmin,,"Eight months ago at the leaders’ debate, Carney said China was the greatest security threat to Canada. Today, he’s in Beijing calling China a partner in the “new world order.” 

Canadians deserve consistency, not globalist doublespeak dressed up as diplomacy.

#canada #china #cdnpoli",threads,77308999538,michael_guglielmin
[],2026-01-20T15:07:17.585003+07:00,"Propaganda I am falling for:

- education over everything
- learning languages
- knowing history politics and diplomacy
- travelling
- overdressing
- coffee dates",2025-08-10T07:12:29+07:00,,3695724796228424133,threads,threads.com,threads_crawler_v1,https://www.threads.net/@marcelleemendess/post/DNJ2h8SzFHF,https://instagram.fhan4-5.fna.fbcdn.net/v/t51.2885-19/618649056_18553425643022018_6724400499329526743_n.jpg?stp=dst-jpg_s150x150_tt6&efg=eyJ2ZW5jb2RlX3RhZyI6InByb2ZpbGVfcGljLmRqYW5nby4xMDgwLmMyIn0&_nc_ht=instagram.fhan4-5.fna.fbcdn.net&_nc_cat=102&_nc_oc=Q6cZ2QGtyaQfZIGomMcrA9tdGSj2RzW5gesx-xLz9w2cXRRZwszkSMi9K-CgdDliWKVOF0s&_nc_ohc=IAx-HFRdqFgQ7kNvwEvdjmj&_nc_gid=uRBlhagy4OWY8dMxlthJYg&edm=AJhczIQBAAAA&ccb=7-5&oh=00_AfoeC9adEn2xvrpZdfeY6i2z1gYxp8fW4cWNzNh8RNaASg&oe=69751287&_nc_sid=4a2096,16,0,3879,584,0,[],,https://www.threads.net/@marcelleemendess/post/DNJ2h8SzFHF,[],"{'likes': 3879, 'reposts': 575, 'quotes': 9}",threads,3695724796228424133,MARCELLE MENDES,,"Propaganda I am falling for:

- education over everything
- learning languages
- knowing history politics and diplomacy
- travelling
- overdressing
- coffee dates",threads,71302521905,marcelleemendess
[],2026-01-20T15:07:17.585054+07:00,"We'd surely be wise to properly consider that the world as we knew it has been  broken and possibly lost for ever.

In a time of war in a sea of world leaders intent on war mongering, death and destruction, there is no better man to be at the head of UK Government.

Keir Starmer.

I have no doubt that he will define history & place Britain at the head of international diplomacy.",2026-01-04T15:09:11+07:00,,3802506759232034357,threads,threads.com,threads_crawler_v1,https://www.threads.net/@saying_it_101/post/DTFN8BADBY1,https://instagram.fhan3-4.fna.fbcdn.net/v/t51.2885-19/465452499_451661047938954_1587304224083627560_n.jpg?stp=dst-jpg_s150x150_tt6&efg=eyJ2ZW5jb2RlX3RhZyI6InByb2ZpbGVfcGljLmRqYW5nby4xMDgwLmMyIn0&_nc_ht=instagram.fhan3-4.fna.fbcdn.net&_nc_cat=106&_nc_oc=Q6cZ2QGtyaQfZIGomMcrA9tdGSj2RzW5gesx-xLz9w2cXRRZwszkSMi9K-CgdDliWKVOF0s&_nc_ohc=MUgjp-_pClkQ7kNvwELplXm&_nc_gid=uRBlhagy4OWY8dMxlthJYg&edm=AJhczIQBAAAA&ccb=7-5&oh=00_AfpCX8qFRjV-EosmwauPIxWlWTqtZqgU06o4OuElynQaQw&oe=69751828&_nc_sid=4a2096,646,0,1385,109,0,['https://instagram.fhan4-5.fna.fbcdn.net/v/t51.2885-15/609224732_17905145466335643_1043158555285168794_n.jpg?stp=dst-jpg_e35_tt6&efg=eyJ2ZW5jb2RlX3RhZyI6InRocmVhZHMuRkVFRC5pbWFnZV91cmxnZW4uNDQ3eDYxMi5zZHIuZjgyNzg3LmRlZmF1bHRfaW1hZ2UuYzIifQ&_nc_ht=instagram.fhan4-5.fna.fbcdn.net&_nc_cat=103&_nc_oc=Q6cZ2QGtyaQfZIGomMcrA9tdGSj2RzW5gesx-xLz9w2cXRRZwszkSMi9K-CgdDliWKVOF0s&_nc_ohc=qrk8-p-WwHAQ7kNvwFScmY2&_nc_gid=uRBlhagy4OWY8dMxlthJYg&edm=AJhczIQBAAAA&ccb=7-5&ig_cache_key=MzgwMjUwNjc1OTIzMjAzNDM1Nw%3D%3D.3-ccb7-5&oh=00_Afp7ANxCwlTS4wPRRfXvFQbdQT0cDQPImj2XswBtQlugcQ&oe=697514FD&_nc_sid=4a2096'],,https://www.threads.net/@saying_it_101/post/DTFN8BADBY1,[],"{'likes': 1385, 'reposts': 105, 'quotes': 4}",threads,3802506759232034357,Ashley Chaplin,,"We'd surely be wise to properly consider that the world as we knew it has been  broken and possibly lost for ever.

In a time of war in a sea of world leaders intent on war mongering, death and destruction, there is no better man to be at the head of UK Government.

Keir Starmer.

I have no doubt that he will define history & place Britain at the head of international diplomacy.",threads,69941455642,saying_it_101
[],2026-01-20T15:07:17.585102+07:00,"🚨 Bold words from Trump: “If Zelensky doesn’t accept our peace plan, he can keep fighting his little heart out.” ❤️🗣️ 
What does this mean for the future of peace talks? 🤔",2025-11-23T03:50:04+07:00,,3771724206833777153,threads,threads.com,threads_crawler_v1,https://www.threads.net/@ceanmedia/post/DRX2y7DEboB,https://instagram.fhan3-3.fna.fbcdn.net/v/t51.2885-19/516231298_18054533744527829_2727005556179792588_n.jpg?stp=dst-jpg_s150x150_tt6&efg=eyJ2ZW5jb2RlX3RhZyI6InByb2ZpbGVfcGljLmRqYW5nby4xMDI0LmMyIn0&_nc_ht=instagram.fhan3-3.fna.fbcdn.net&_nc_cat=1&_nc_oc=Q6cZ2QGtyaQfZIGomMcrA9tdGSj2RzW5gesx-xLz9w2cXRRZwszkSMi9K-CgdDliWKVOF0s&_nc_ohc=cSpcTOuUZeoQ7kNvwFMHFgP&_nc_gid=uRBlhagy4OWY8dMxlthJYg&edm=AJhczIQBAAAA&ccb=7-5&oh=00_Afrh3_KGSUdZWb1XHzMrS6gr86hZYe6nWU5BcwglwGziHA&oe=69751028&_nc_sid=4a2096,76,0,42,3,0,"['https://instagram.fhan4-5.fna.fbcdn.net/v/t51.2885-15/587226893_1529851031422910_8216475690926968126_n.jpg?stp=dst-jpg_e15_tt6&efg=eyJ2ZW5jb2RlX3RhZyI6InRocmVhZHMuRkVFRC5pbWFnZV91cmxnZW4uNjQweDM2MC5zZHIuZjcxODc4LmRlZmF1bHRfY292ZXJfZnJhbWUuYzIifQ&_nc_ht=instagram.fhan4-5.fna.fbcdn.net&_nc_cat=102&_nc_oc=Q6cZ2QGtyaQfZIGomMcrA9tdGSj2RzW5gesx-xLz9w2cXRRZwszkSMi9K-CgdDliWKVOF0s&_nc_ohc=1WQ-MaZZVeoQ7kNvwHvc2XG&_nc_gid=uRBlhagy4OWY8dMxlthJYg&edm=AJhczIQBAAAA&ccb=7-5&ig_cache_key=Mzc3MTcyNDIwNjgzMzc3NzE1Mw%3D%3D.3-ccb7-5&oh=00_AfoVijp-XOPdKE9oBf6c7Np0dYfMQIvOEkgQixvd-T7RuQ&oe=6975126F&_nc_sid=4a2096', 'https://instagram.fhan4-3.fna.fbcdn.net/o1/v/t16/f2/m84/AQM4_VGaDqG0In9XjOe0Sy2N5jTydCgyS5V7hdtdO9YBnHOwL67C6MV3KG0Xkz7-qhbqWGjtMW9eQgDlBN0rvrdLBJt_oPXksoPqlXg.mp4?_nc_cat=110&_nc_oc=AdleiE2qB5NTgvYr_-yNlA72NQHxkMnEpC-jP7oLz9Z_hYoyh6n_2NDlYBz3aqz-wts&_nc_sid=5e9851&_nc_ht=instagram.fhan4-3.fna.fbcdn.net&_nc_ohc=KF2V8xSIpN8Q7kNvwGLL-1x&efg=eyJ2ZW5jb2RlX3RhZyI6Inhwdl9wcm9ncmVzc2l2ZS5JTlNUQUdSQU0uRkVFRC5DMy4xMjgwLmRhc2hfYmFzZWxpbmVfMV92MSIsInhwdl9hc3NldF9pZCI6NzgxMDU3NDE0ODkzNDgzLCJhc3NldF9hZ2VfZGF5cyI6NTgsInZpX3VzZWNhc2VfaWQiOjEwMTY0LCJkdXJhdGlvbl9zIjo4LCJ1cmxnZW5fc291cmNlIjoid3d3In0%3D&ccb=17-1&_nc_gid=uRBlhagy4OWY8dMxlthJYg&_nc_zt=28&vs=3502767e65703455&_nc_vs=HBksFQIYTGlnX2JhY2tmaWxsX3RpbWVsaW5lX3ZvZC9CRDQ4OUI0NzQ3QzM0RDQyOUZGQjg1OTYyODI2Qzc4Q192aWRlb19kYXNoaW5pdC5tcDQVAALIARIAFQIYOnBhc3N0aHJvdWdoX2V2ZXJzdG9yZS9HRTdNOGlJcHZRM1paRFFFQU1TMUxzaXJ2NHhFYnNwVEFRQUYVAgLIARIAKAAYABsCiAd1c2Vfb2lsATEScHJvZ3Jlc3NpdmVfcmVjaXBlATEVAAAm1r6cnMOX4wIVAigCQzMsF0AhRBiTdLxqGBJkYXNoX2Jhc2VsaW5lXzFfdjERAHXqB2XongEA&oh=00_AfoSe8gX0rXSzLqEDXcCidg3mCm-okDoLgRterCIUl1B6g&oe=6971010E']",,https://www.threads.net/@ceanmedia/post/DRX2y7DEboB,[],"{'likes': 42, 'reposts': 1, 'quotes': 2}",threads,3771724206833777153,CEAN,Ukraine #PeaceProcess #Geopolitics #Diplomacy,"🚨 Bold words from Trump: “If Zelensky doesn’t accept our peace plan, he can keep fighting his little heart out.” ❤️🗣️ 
What does this mean for the future of peace talks? 🤔",threads,63158934689,ceanmedia
[],2026-01-20T15:07:17.585152+07:00,"As a former U.S. Public Delegate to the UN, Trump's speech was deeply concerning. He treats alliances as transactions and diplomacy as a reality show. This isn't strength; it's a reckless retreat from the world stage. My thoughts:",2025-09-24T02:29:20+07:00,,3728197196652304611,threads,threads.com,threads_crawler_v1,https://www.threads.net/@andrewjweinstein/post/DO9N5j3EVjj,https://instagram.fhan3-2.fna.fbcdn.net/v/t51.2885-19/314298409_139550005520407_6598670620407522597_n.jpg?stp=dst-jpg_s150x150_tt6&efg=eyJ2ZW5jb2RlX3RhZyI6InByb2ZpbGVfcGljLmRqYW5nby4xMDgwLmMyIn0&_nc_ht=instagram.fhan3-2.fna.fbcdn.net&_nc_cat=107&_nc_oc=Q6cZ2QGtyaQfZIGomMcrA9tdGSj2RzW5gesx-xLz9w2cXRRZwszkSMi9K-CgdDliWKVOF0s&_nc_ohc=YQn0DPmhAAwQ7kNvwHWeUkW&_nc_gid=uRBlhagy4OWY8dMxlthJYg&edm=AJhczIQBAAAA&ccb=7-5&oh=00_AfqWvTzGAd_HjaKW8lS7_ee1lXrmHJZa6LUNphfZHj0eNQ&oe=6974FEDD&_nc_sid=4a2096,53,0,2381,310,0,[],,https://www.threads.net/@andrewjweinstein/post/DO9N5j3EVjj,[],"{'likes': 2381, 'reposts': 301, 'quotes': 9}",threads,3728197196652304611,Andrew Weinstein,,"As a former U.S. Public Delegate to the UN, Trump's speech was deeply concerning. He treats alliances as transactions and diplomacy as a reality show. This isn't strength; it's a reckless retreat from the world stage. My thoughts:",threads,63128461185,andrewjweinstein
[],2026-01-20T15:07:17.585203+07:00,"Big setback for Pakistan at the UN. The whole UN General Assembly broke into loud applause when India’s External Affairs Minister called Pakistan the global epicentre of terrorism. He also called the Pahalgam terror attack “cross-border barbarism.” By not naming Pakistan directly, Jaishankar sent a strong message, treat them as irrelevant, isolated, and on a self-destructive path

#UNGA #IndiaAtUN #Jaishankar #Pakistan #Terrorism #IndiaFightsTerror #GlobalSupport #Diplomacy",2025-09-28T01:58:26+07:00,,3731080731008244061,threads,threads.com,threads_crawler_v1,https://www.threads.net/@theexclusiveminds/post/DPHdiggDRld,https://instagram.fhan3-3.fna.fbcdn.net/v/t51.2885-19/334424766_938829627272797_3452305516185406403_n.jpg?stp=dst-jpg_s150x150_tt6&efg=eyJ2ZW5jb2RlX3RhZyI6InByb2ZpbGVfcGljLmRqYW5nby4xMDgwLmMyIn0&_nc_ht=instagram.fhan3-3.fna.fbcdn.net&_nc_cat=1&_nc_oc=Q6cZ2QGtyaQfZIGomMcrA9tdGSj2RzW5gesx-xLz9w2cXRRZwszkSMi9K-CgdDliWKVOF0s&_nc_ohc=x983NUaDyq0Q7kNvwHNszeZ&_nc_gid=uRBlhagy4OWY8dMxlthJYg&edm=AJhczIQBAAAA&ccb=7-5&oh=00_AfpScIK5PtYiF_KSBO389NVHZcu-Sz_rZgpRNFB3I_YR9w&oe=6974EFBA&_nc_sid=4a2096,186,0,732,19,0,"['https://instagram.fhan3-2.fna.fbcdn.net/v/t51.2885-15/554362274_817664757590599_2220231494275675449_n.jpg?stp=dst-jpg_e15_tt6&efg=eyJ2ZW5jb2RlX3RhZyI6InRocmVhZHMuRkVFRC5pbWFnZV91cmxnZW4uNjQweDExMzYuc2RyLmY3MTg3OC5kZWZhdWx0X2NvdmVyX2ZyYW1lLmMyIn0&_nc_ht=instagram.fhan3-2.fna.fbcdn.net&_nc_cat=107&_nc_oc=Q6cZ2QGtyaQfZIGomMcrA9tdGSj2RzW5gesx-xLz9w2cXRRZwszkSMi9K-CgdDliWKVOF0s&_nc_ohc=2siyaNZZAfcQ7kNvwGiHE6D&_nc_gid=uRBlhagy4OWY8dMxlthJYg&edm=AJhczIQBAAAA&ccb=7-5&ig_cache_key=MzczMTA4MDczMTAwODI0NDA2MQ%3D%3D.3-ccb7-5&oh=00_AfoHUUGYWrxjQ5VqptBF9xbnAhhEkg2KZo-iVJalK9i7QQ&oe=69750751&_nc_sid=4a2096', 'https://instagram.fhan4-3.fna.fbcdn.net/o1/v/t2/f2/m86/AQMaX9vS5mvevSsJZc6azHMLuqMcskBJc6Um3-_STxe7XgRsbkOROpgHmkSlBnPILF9H8tizupaFIAiXnBE_JFrg4P8TOzr_7bMfKYM.mp4?_nc_cat=110&_nc_oc=AdnieB9vaI7TEfnuulusjPm60pGRWNjP0hGD-N1KC5dCxn-CtzP6y9T-9vUqYI-Bxws&_nc_sid=5e9851&_nc_ht=instagram.fhan4-3.fna.fbcdn.net&_nc_ohc=4SUdHx2sQgQQ7kNvwEckKCT&efg=eyJ2ZW5jb2RlX3RhZyI6Inhwdl9wcm9ncmVzc2l2ZS5JTlNUQUdSQU0uRkVFRC5DMy43MjAuZGFzaF9iYXNlbGluZV8xX3YxIiwieHB2X2Fzc2V0X2lkIjoyMjIxNzI4Nzc4MzI3MzAxLCJhc3NldF9hZ2VfZGF5cyI6MTE0LCJ2aV91c2VjYXNlX2lkIjoxMDA5OSwiZHVyYXRpb25fcyI6OTcsInVybGdlbl9zb3VyY2UiOiJ3d3cifQ%3D%3D&ccb=17-1&_nc_gid=uRBlhagy4OWY8dMxlthJYg&_nc_zt=28&vs=2f272e37f8b00e0b&_nc_vs=HBksFQIYUmlnX3hwdl9yZWVsc19wZXJtYW5lbnRfc3JfcHJvZC8xRDQ0OERFNEVEOENBQ0U2NzVDRkQ5OEZERDI5MkM4Ml92aWRlb19kYXNoaW5pdC5tcDQVAALIARIAFQIYR2lnX3hwdl9yZWVsc19wZXJtYW5lbnRfc3JfcHJvZC8xMjA2MTkzMTM0ODYxOTYyXzc1MTYyNzU3NzU1ODE5OTY0NjMubXA0FQICyAESACgAGAAbAogHdXNlX29pbAExEnByb2dyZXNzaXZlX3JlY2lwZQExFQAAJorU9KnRqfIHFQIoAkMzLBdAWHVP3ztkWhgSZGFzaF9iYXNlbGluZV8xX3YxEQB16gdl5p0BAA&oh=00_AfqpDhSAKcaVOJt3YiHzQWLyYC2IMMvBKuumtZt3vahP0Q&oe=69711AB3']",,https://www.threads.net/@theexclusiveminds/post/DPHdiggDRld,[],"{'likes': 732, 'reposts': 17, 'quotes': 2}",threads,3731080731008244061,Exclusive Minds,,"Big setback for Pakistan at the UN. The whole UN General Assembly broke into loud applause when India’s External Affairs Minister called Pakistan the global epicentre of terrorism. He also called the Pahalgam terror attack “cross-border barbarism.” By not naming Pakistan directly, Jaishankar sent a strong message, treat them as irrelevant, isolated, and on a self-destructive path

#UNGA #IndiaAtUN #Jaishankar #Pakistan #Terrorism #IndiaFightsTerror #GlobalSupport #Diplomacy",threads,63421964798,theexclusiveminds
[],2026-01-20T15:07:17.585265+07:00,"🚨 China’s Double Game Exposed!

While Beijing speaks of “peace and improved ties” with India, new satellite images reveal massive air defence infrastructure and retractable missile shelters being built near the LAC.

This is not diplomacy, it’s deception cloaked in dialogue.

Bharat must stay vigilant, for behind every Chinese handshake lies a strategic move on the chessboard. 🇮🇳

 - credit owned by shri om karkera ji 🙏

#China #LAC #IndianArmy #NationalSecurity #IndiaFirst",2025-10-24T20:09:14+07:00,,3750473927517940871,threads,threads.com,threads_crawler_v1,https://www.threads.net/@bvrraju3/post/DQMXCqNEiyH,https://instagram.fhan3-3.fna.fbcdn.net/v/t51.2885-19/571055239_18070730432205456_2373270078888835818_n.jpg?stp=dst-jpg_s150x150_tt6&efg=eyJ2ZW5jb2RlX3RhZyI6InByb2ZpbGVfcGljLmRqYW5nby40MDAuYzIifQ&_nc_ht=instagram.fhan3-3.fna.fbcdn.net&_nc_cat=1&_nc_oc=Q6cZ2QGtyaQfZIGomMcrA9tdGSj2RzW5gesx-xLz9w2cXRRZwszkSMi9K-CgdDliWKVOF0s&_nc_ohc=pxBpzWpyghoQ7kNvwGs4McG&_nc_gid=uRBlhagy4OWY8dMxlthJYg&edm=AJhczIQBAAAA&ccb=7-5&oh=00_Afoh5chcisiEox31WGFRPp5Gk2Mx1HPgED-_6NRSqtYKWw&oe=697525BA&_nc_sid=4a2096,155,0,260,13,0,['https://instagram.fhan4-3.fna.fbcdn.net/v/t51.2885-15/572482566_18070617710205456_1376162681977671621_n.webp?efg=eyJ2ZW5jb2RlX3RhZyI6InRocmVhZHMuRkVFRC5pbWFnZV91cmxnZW4uMTQ0MHgxNDQwLnNkci5mODI3ODcuZGVmYXVsdF9pbWFnZS5jMiJ9&_nc_ht=instagram.fhan4-3.fna.fbcdn.net&_nc_cat=100&_nc_oc=Q6cZ2QGtyaQfZIGomMcrA9tdGSj2RzW5gesx-xLz9w2cXRRZwszkSMi9K-CgdDliWKVOF0s&_nc_ohc=72AcUccu1qkQ7kNvwFCn8QO&_nc_gid=uRBlhagy4OWY8dMxlthJYg&edm=AJhczIQBAAAA&ccb=7-5&ig_cache_key=Mzc1MDQ3MzkyNzUxNzk0MDg3MQ%3D%3D.3-ccb7-5&oh=00_Afqfquoihn9lFswarDGa56H3M1CUxe59FDJoIZWkYWWnbg&oe=6974F7FC&_nc_sid=4a2096'],,https://www.threads.net/@bvrraju3/post/DQMXCqNEiyH,[],"{'likes': 260, 'reposts': 13, 'quotes': 0}",threads,3750473927517940871,Venkata Raghavaraju Budharaju,,"🚨 China’s Double Game Exposed!

While Beijing speaks of “peace and improved ties” with India, new satellite images reveal massive air defence infrastructure and retractable missile shelters being built near the LAC.

This is not diplomacy, it’s deception cloaked in dialogue.

Bharat must stay vigilant, for behind every Chinese handshake lies a strategic move on the chessboard. 🇮🇳

 - credit owned by shri om karkera ji 🙏

#China #LAC #IndianArmy #NationalSecurity #IndiaFirst",threads,63388015895,bvrraju3
[],2026-01-20T15:07:17.585321+07:00,"Meghan Sussex’s Record of Success❣️❣️

Meghan graduated from Northwestern University with a double major in theatre and international relations. Her studies didn’t just stop at a degree—she worked as an intern at the US Embassy in Buenos Aires, Argentina. This experience gave her insight into global diplomacy. 

As  an actress, Meghan starred in seven seasons of the legal drama Suits, Meghan appeared in 23 television shows and 8 films. She built a strong resume far beyond celebrity status. 💚💚",2026-01-08T20:22:54+07:00,,3805563765530609967,threads,threads.com,threads_crawler_v1,https://www.threads.net/@susan._1_kkkkk/post/DTQFBT-jMkv,https://instagram.fhan3-3.fna.fbcdn.net/v/t51.2885-19/517152947_17866683357412081_6895159333186129990_n.jpg?stp=dst-jpg_s150x150_tt6&efg=eyJ2ZW5jb2RlX3RhZyI6InByb2ZpbGVfcGljLmRqYW5nby40NTEuYzIifQ&_nc_ht=instagram.fhan3-3.fna.fbcdn.net&_nc_cat=101&_nc_oc=Q6cZ2QGtyaQfZIGomMcrA9tdGSj2RzW5gesx-xLz9w2cXRRZwszkSMi9K-CgdDliWKVOF0s&_nc_ohc=70cr3h4SHPwQ7kNvwH6gtR9&_nc_gid=uRBlhagy4OWY8dMxlthJYg&edm=AJhczIQBAAAA&ccb=7-5&oh=00_Afqjxe_8CmQqI07yuiJn_ZISmNrEx83xwyGQ_6Gv5mWI1Q&oe=6975055A&_nc_sid=4a2096,73,0,173,8,0,['https://instagram.fhan3-4.fna.fbcdn.net/v/t51.2885-15/613636323_17869205562530838_8682983536962415977_n.webp?efg=eyJ2ZW5jb2RlX3RhZyI6InRocmVhZHMuQ0FST1VTRUxfSVRFTS5pbWFnZV91cmxnZW4uNjM0eDg0NS5zZHIuZjgyNzg3LmRlZmF1bHRfaW1hZ2UuYzIifQ&_nc_ht=instagram.fhan3-4.fna.fbcdn.net&_nc_cat=106&_nc_oc=Q6cZ2QGtyaQfZIGomMcrA9tdGSj2RzW5gesx-xLz9w2cXRRZwszkSMi9K-CgdDliWKVOF0s&_nc_ohc=_Dqo-yRnwrAQ7kNvwEfB3t4&_nc_gid=uRBlhagy4OWY8dMxlthJYg&edm=AJhczIQBAAAA&ccb=7-5&ig_cache_key=MzgwNTU2Mzc1OTAxMjY2NDY0OQ%3D%3D.3-ccb7-5&oh=00_Afodo4S4jJNWrqq4egbjv2O6VYXLh9NpjCp14PCVKkETwA&oe=69751A38&_nc_sid=4a2096'],,https://www.threads.net/@susan._1_kkkkk/post/DTQFBT-jMkv,[],"{'likes': 173, 'reposts': 8, 'quotes': 0}",threads,3805563765530609967,Susan Sue,,"Meghan Sussex’s Record of Success❣️❣️

Meghan graduated from Northwestern University with a double major in theatre and international relations. Her studies didn’t just stop at a degree—she worked as an intern at the US Embassy in Buenos Aires, Argentina. This experience gave her insight into global diplomacy. 

As  an actress, Meghan starred in seven seasons of the legal drama Suits, Meghan appeared in 23 television shows and 8 films. She built a strong resume far beyond celebrity status. 💚💚",threads,75902434837,susan._1_kkkkk
[],2026-01-20T15:07:17.585378+07:00,"2026 isn’t a resolution. It’s a responsibility.

Global diplomacy begins with preparation —
conversation, negotiation, and the courage to engage beyond borders.
This is the diplomat’s toolkit for the year ahead:
Ideas that shape policy, dialogue that builds consensus, and experiences that turn intent into impact.

🌍 Which city are you adding to your passport this year — Bengaluru, India or Bangkok, Thailand?

🔗 Apply now, Step into the global conversation.",2026-01-03T19:06:54+07:00,,3801901637288677909,threads,threads.com,threads_crawler_v1,https://www.threads.net/@globaldiplomatsofficial/post/DTDEWVRkVIV,https://instagram.fhan3-2.fna.fbcdn.net/v/t51.2885-19/582732584_17843717418615127_6931812683545113457_n.jpg?stp=dst-jpg_s150x150_tt6&efg=eyJ2ZW5jb2RlX3RhZyI6InByb2ZpbGVfcGljLmRqYW5nby4xMDgwLmMyIn0&_nc_ht=instagram.fhan3-2.fna.fbcdn.net&_nc_cat=107&_nc_oc=Q6cZ2QGtyaQfZIGomMcrA9tdGSj2RzW5gesx-xLz9w2cXRRZwszkSMi9K-CgdDliWKVOF0s&_nc_ohc=VsfU-8dXv6EQ7kNvwF9B2G0&_nc_gid=uRBlhagy4OWY8dMxlthJYg&edm=AJhczIQBAAAA&ccb=7-5&oh=00_AfoRb2LCJ9dm5P1LSWHUBA7tFUUY9YSXVJx5FD4ZWe_4xg&oe=6975026D&_nc_sid=4a2096,0,0,2,0,0,['https://instagram.fhan3-2.fna.fbcdn.net/v/t51.2885-15/609792346_17851079085615127_8215872435106002302_n.jpg?stp=dst-jpg_e35_tt6&efg=eyJ2ZW5jb2RlX3RhZyI6InRocmVhZHMuRkVFRC5pbWFnZV91cmxnZW4uMTA4MHgxMzUwLnNkci5mODI3ODcuZGVmYXVsdF9pbWFnZS5jMiJ9&_nc_ht=instagram.fhan3-2.fna.fbcdn.net&_nc_cat=107&_nc_oc=Q6cZ2QGtyaQfZIGomMcrA9tdGSj2RzW5gesx-xLz9w2cXRRZwszkSMi9K-CgdDliWKVOF0s&_nc_ohc=FWs3l-gf7pgQ7kNvwFUHGFX&_nc_gid=uRBlhagy4OWY8dMxlthJYg&edm=AJhczIQBAAAA&ccb=7-5&ig_cache_key=MzgwMTkwMTYzNzI4ODY3NzkwOQ%3D%3D.3-ccb7-5&oh=00_Afo238ftzDrVL8HO4aH4HEYWClU54IA1hccKyioleLsqdw&oe=697517C7&_nc_sid=4a2096'],,https://www.threads.net/@globaldiplomatsofficial/post/DTDEWVRkVIV,[],"{'likes': 2, 'reposts': 0, 'quotes': 0}",threads,3801901637288677909,GLOBAL DIPLOMATS,,"2026 isn’t a resolution. It’s a responsibility.

Global diplomacy begins with preparation —
conversation, negotiation, and the courage to engage beyond borders.
This is the diplomat’s toolkit for the year ahead:
Ideas that shape policy, dialogue that builds consensus, and experiences that turn intent into impact.

🌍 Which city are you adding to your passport this year — Bengaluru, India or Bangkok, Thailand?

🔗 Apply now, Step into the global conversation.",threads,78309327126,globaldiplomatsofficial
[],2026-01-20T15:07:17.585434+07:00,My wife takes screen shots of the baby expressions in Diaper Diplomacy and then uses them as her reaction GIFs to our nonsense in the family group chat.,2025-10-02T04:14:31+07:00,,3734048339517437952,threads,threads.com,threads_crawler_v1,https://www.threads.net/@sierracascadia/post/DPSAS5TEvgA,https://instagram.fhan3-3.fna.fbcdn.net/v/t51.2885-19/543838986_17921959785114712_4668842227456566355_n.jpg?stp=dst-jpg_s150x150_tt6&efg=eyJ2ZW5jb2RlX3RhZyI6InByb2ZpbGVfcGljLmRqYW5nby4xMDU2LmMyIn0&_nc_ht=instagram.fhan3-3.fna.fbcdn.net&_nc_cat=1&_nc_oc=Q6cZ2QGtyaQfZIGomMcrA9tdGSj2RzW5gesx-xLz9w2cXRRZwszkSMi9K-CgdDliWKVOF0s&_nc_ohc=wGq96e0j6oEQ7kNvwEKL2Hb&_nc_gid=uRBlhagy4OWY8dMxlthJYg&edm=AJhczIQBAAAA&ccb=7-5&oh=00_AfqgmnKCz-KNERB2nC_bbqAXMytMeDYYQwIw1U5aEOH7-Q&oe=697521D2&_nc_sid=4a2096,3,0,73,4,0,['https://instagram.fhan3-4.fna.fbcdn.net/v/t51.2885-15/557299252_17924878206114712_399488533476917125_n.jpg?stp=dst-jpg_e35_tt6&efg=eyJ2ZW5jb2RlX3RhZyI6InRocmVhZHMuQ0FST1VTRUxfSVRFTS5pbWFnZV91cmxnZW4uNjM1eDY0OC5zZHIuZjgyNzg3LmRlZmF1bHRfaW1hZ2UuYzIifQ&_nc_ht=instagram.fhan3-4.fna.fbcdn.net&_nc_cat=104&_nc_oc=Q6cZ2QGtyaQfZIGomMcrA9tdGSj2RzW5gesx-xLz9w2cXRRZwszkSMi9K-CgdDliWKVOF0s&_nc_ohc=a-Pho9RIJPAQ7kNvwEQ4JM6&_nc_gid=uRBlhagy4OWY8dMxlthJYg&edm=AJhczIQBAAAA&ccb=7-5&ig_cache_key=MzczNDA0ODMzMzY3ODk2NjI4MQ%3D%3D.3-ccb7-5&oh=00_AfrqfnzuDcTPU3vLmztnJ-SRcLngAFce7gD2btYj-rEp_w&oe=69750563&_nc_sid=4a2096'],,https://www.threads.net/@sierracascadia/post/DPSAS5TEvgA,[],"{'likes': 73, 'reposts': 4, 'quotes': 0}",threads,3734048339517437952,Rajat Soni,,My wife takes screen shots of the baby expressions in Diaper Diplomacy and then uses them as her reaction GIFs to our nonsense in the family group chat.,threads,63382458711,sierracascadia
[],2026-01-20T15:07:17.585491+07:00,"Here for EmiBonnie 🤤🤤

EMIBONNIE DIPLOMACY AWARD
#GMMTVxTPDA2025
#emibonnie #emiamily #bonnie  #เอมี่บอนนี่",2025-12-02T17:34:43+07:00,,3778662397826242511,threads,threads.com,threads_crawler_v1,https://www.threads.net/@eb.us_/post/DRwgW48jxfP,https://instagram.fhan4-6.fna.fbcdn.net/v/t51.2885-19/610852215_17897756547367640_8108313134171747040_n.jpg?stp=dst-jpg_s150x150_tt6&efg=eyJ2ZW5jb2RlX3RhZyI6InByb2ZpbGVfcGljLmRqYW5nby4xMDAwLmMyIn0&_nc_ht=instagram.fhan4-6.fna.fbcdn.net&_nc_cat=108&_nc_oc=Q6cZ2QGtyaQfZIGomMcrA9tdGSj2RzW5gesx-xLz9w2cXRRZwszkSMi9K-CgdDliWKVOF0s&_nc_ohc=ddAaVkGm0W4Q7kNvwHBJX-Q&_nc_gid=uRBlhagy4OWY8dMxlthJYg&edm=AJhczIQBAAAA&ccb=7-5&oh=00_AfpZPox9gyJJJ--MCFwsuXf1pLKEs7Q-we6UiVH9Vu65Fg&oe=69751F02&_nc_sid=4a2096,0,0,94,3,0,"['https://instagram.fhan4-6.fna.fbcdn.net/v/t51.2885-15/588398102_1081656870625461_1323695664928018926_n.jpg?stp=dst-jpg_e15_tt6&efg=eyJ2ZW5jb2RlX3RhZyI6InRocmVhZHMuRkVFRC5pbWFnZV91cmxnZW4uNjQweDM2OC5zZHIuZjcxODc4LmRlZmF1bHRfY292ZXJfZnJhbWUuYzIifQ&_nc_ht=instagram.fhan4-6.fna.fbcdn.net&_nc_cat=109&_nc_oc=Q6cZ2QGtyaQfZIGomMcrA9tdGSj2RzW5gesx-xLz9w2cXRRZwszkSMi9K-CgdDliWKVOF0s&_nc_ohc=vCH-13q1MAEQ7kNvwFKoIxN&_nc_gid=uRBlhagy4OWY8dMxlthJYg&edm=AJhczIQBAAAA&ccb=7-5&ig_cache_key=Mzc3ODY2MjM5NzgyNjI0MjUxMQ%3D%3D.3-ccb7-5&oh=00_AfrLhG4-D_UT6fvazA3RF3kbLbQh660ZBIRb7MdiVnV0Kw&oe=69750AAD&_nc_sid=4a2096', 'https://instagram.fhan4-1.fna.fbcdn.net/o1/v/t2/f2/m86/AQOZiFPaXTCceaERbyNtK8Az1990fW9LiO6AndrUJMLI8NQJdhmDtlIo1Vtls4r9zKc34IFJpNlyRAYzbv5YayM6msnsAE5oVgq9nlI.mp4?_nc_cat=105&_nc_oc=AdlnTejbhuRFa6PzF_AgJtUp42AjOlxIG2AXEsOsIaKvosV4mDanD8uxDAKDblRJ0q0&_nc_sid=5e9851&_nc_ht=instagram.fhan4-1.fna.fbcdn.net&_nc_ohc=Y7O6Tv511KQQ7kNvwEUnkYn&efg=eyJ2ZW5jb2RlX3RhZyI6Inhwdl9wcm9ncmVzc2l2ZS5JTlNUQUdSQU0uRkVFRC5DMy4xMjQ4LmRhc2hfYmFzZWxpbmVfMV92MSIsInhwdl9hc3NldF9pZCI6MjUyOTA3MDA4NDA1NjI5MzcsImFzc2V0X2FnZV9kYXlzIjo0OCwidmlfdXNlY2FzZV9pZCI6MTAwOTksImR1cmF0aW9uX3MiOjE0LCJ1cmxnZW5fc291cmNlIjoid3d3In0%3D&ccb=17-1&_nc_gid=uRBlhagy4OWY8dMxlthJYg&_nc_zt=28&vs=3a85e4d27914e3d2&_nc_vs=HBksFQIYUmlnX3hwdl9yZWVsc19wZXJtYW5lbnRfc3JfcHJvZC8wNTQ2RjgyNTdFNEQ5RDAzREQ2RkRERjBDNzQ4Mjg4OV92aWRlb19kYXNoaW5pdC5tcDQVAALIARIAFQIYOnBhc3N0aHJvdWdoX2V2ZXJzdG9yZS9HUGJuUUNNWW93RE9CRXdHQU5TZWNGNlM0S2wxYnN0VEFRQUYVAgLIARIAKAAYABsCiAd1c2Vfb2lsATEScHJvZ3Jlc3NpdmVfcmVjaXBlATEVAAAm8sPH-8Tw7FkVAigCQzMsF0AsZmZmZmZmGBJkYXNoX2Jhc2VsaW5lXzFfdjERAHXqB2XmnQEA&oh=00_AfrqeyqeGLeUpLykgFW9XA62-5fLCYDs56n1J6UfH2SrHQ&oe=69711B1E']",,https://www.threads.net/@eb.us_/post/DRwgW48jxfP,[],"{'likes': 94, 'reposts': 3, 'quotes': 0}",threads,3778662397826242511,𝙀𝘽𝙪𝙨_𝟵𝟴𝟬𝟰,EmiBonnie,"Here for EmiBonnie 🤤🤤

EMIBONNIE DIPLOMACY AWARD
#GMMTVxTPDA2025
#emibonnie #emiamily #bonnie  #เอมี่บอนนี่",threads,70931167639,eb.us_
[],2026-01-20T15:07:17.585548+07:00,"Humanity’s Countdown: Connect or Collapse
China just announced an ICBM carrying 60 nuclear warheads — enough to erase humanity in 20 minutes.

“America First” divides. America Connected unites.
Only diplomacy and connection can keep us alive.

#Diplomacy #Peace #AmericaConnected",2025-09-27T09:19:11+07:00,,3730577707802752965,threads,threads.com,threads_crawler_v1,https://www.threads.net/@americaconnected/post/DPFrKjokvfF,https://instagram.fhan4-5.fna.fbcdn.net/v/t51.2885-19/448533718_979223043678254_8321481047365658389_n.jpg?stp=dst-jpg_s150x150_tt6&efg=eyJ2ZW5jb2RlX3RhZyI6InByb2ZpbGVfcGljLmRqYW5nby43MDEuYzIifQ&_nc_ht=instagram.fhan4-5.fna.fbcdn.net&_nc_cat=102&_nc_oc=Q6cZ2QGtyaQfZIGomMcrA9tdGSj2RzW5gesx-xLz9w2cXRRZwszkSMi9K-CgdDliWKVOF0s&_nc_ohc=v50CczxN0C0Q7kNvwE5e203&_nc_gid=uRBlhagy4OWY8dMxlthJYg&edm=AJhczIQBAAAA&ccb=7-5&oh=00_AfqoE2dcjfuqXRzscY8Jmlzb_msAtOBbb3FWtSU4jklpkw&oe=69751291&_nc_sid=4a2096,7,0,77,12,0,"['https://instagram.fhan4-5.fna.fbcdn.net/v/t51.2885-15/555040913_1858053584746083_7992587451265773023_n.jpg?stp=dst-jpg_e15_tt6&efg=eyJ2ZW5jb2RlX3RhZyI6InRocmVhZHMuRkVFRC5pbWFnZV91cmxnZW4uNjQweDExMzYuc2RyLmY3MTg3OC5kZWZhdWx0X2NvdmVyX2ZyYW1lLmMyIn0&_nc_ht=instagram.fhan4-5.fna.fbcdn.net&_nc_cat=103&_nc_oc=Q6cZ2QGtyaQfZIGomMcrA9tdGSj2RzW5gesx-xLz9w2cXRRZwszkSMi9K-CgdDliWKVOF0s&_nc_ohc=DEvzaTI3fgQQ7kNvwF-5BRI&_nc_gid=uRBlhagy4OWY8dMxlthJYg&edm=AJhczIQBAAAA&ccb=7-5&ig_cache_key=MzczMDU3NzcwNzgwMjc1Mjk2NQ%3D%3D.3-ccb7-5&oh=00_AfoaR6XzrwUV37sf4nbpMwyhvuz2hg_RpIiHY1F1PxYe3A&oe=69751153&_nc_sid=4a2096', 'https://instagram.fhan4-6.fna.fbcdn.net/o1/v/t16/f2/m84/AQNIVzDKxlZ9bEZo-Jpz6BzGspGNfkE_Wrv4GLgjPcgQQJmVqxuNAifDAzgov5MXSoXDzc0UwWETtD52eXTQ22cosqPh_NTcZksWDKk.mp4?_nc_cat=109&_nc_oc=AdmOR_j8XSk7Svp49S6KWqOEA7Xe6mWkYs3YW6tfmOKsxPKvopOOP3uaI1fSa8Eqvos&_nc_sid=5e9851&_nc_ht=instagram.fhan4-6.fna.fbcdn.net&_nc_ohc=MU0Us88f1PMQ7kNvwE1APaM&efg=eyJ2ZW5jb2RlX3RhZyI6Inhwdl9wcm9ncmVzc2l2ZS5JTlNUQUdSQU0uRkVFRC5DMy41NzYuZGFzaF9iYXNlbGluZV8xX3YxIiwieHB2X2Fzc2V0X2lkIjoxMTA4OTU2MDM0Njg4MTkwLCJhc3NldF9hZ2VfZGF5cyI6MTE1LCJ2aV91c2VjYXNlX2lkIjoxMDE2NCwiZHVyYXRpb25fcyI6MTYsInVybGdlbl9zb3VyY2UiOiJ3d3cifQ%3D%3D&ccb=17-1&_nc_gid=uRBlhagy4OWY8dMxlthJYg&_nc_zt=28&vs=3136d39279e7bddf&_nc_vs=HBksFQIYTGlnX2JhY2tmaWxsX3RpbWVsaW5lX3ZvZC8yNjRBNDc0MkJCN0QyM0UzMjMwNDcyQjhFNTU3MThBNF92aWRlb19kYXNoaW5pdC5tcDQVAALIARIAFQIYOnBhc3N0aHJvdWdoX2V2ZXJzdG9yZS9HUGxhMFNCc3ZwTFdBMEFFQUdicjZWUnZMVklOYmtZTEFBQUYVAgLIARIAKAAYABsCiAd1c2Vfb2lsATEScHJvZ3Jlc3NpdmVfcmVjaXBlATEVAAAm_JKnqN6l-AMVAigCQzMsF0AwTMzMzMzNGBJkYXNoX2Jhc2VsaW5lXzFfdjERAHXqB2XongEA&oh=00_Afp8bZp6oRGqaRkBfZcEcrlnzqfC6u40mF3_F7ns5OwOtQ&oe=697127AF']",,https://www.threads.net/@americaconnected/post/DPFrKjokvfF,[],"{'likes': 77, 'reposts': 10, 'quotes': 2}",threads,3730577707802752965,America Connected,,"Humanity’s Countdown: Connect or Collapse
China just announced an ICBM carrying 60 nuclear warheads — enough to erase humanity in 20 minutes.

“America First” divides. America Connected unites.
Only diplomacy and connection can keep us alive.

#Diplomacy #Peace #AmericaConnected",threads,63281291118,americaconnected
[],2026-01-20T15:07:17.585607+07:00,Maryam Nawaz sharif Pakistan's Diplomacy to New Level 🔥💯 @maryamnawazofficial,2025-10-17T01:50:51+07:00,,3744847301375310254,threads,threads.com,threads_crawler_v1,https://www.threads.net/@teamcmmaryamnawazsharif/post/DP4XseQjjmu,https://instagram.fhan4-3.fna.fbcdn.net/v/t51.2885-19/619353487_17893671720403246_5146259776990759414_n.jpg?stp=dst-jpg_s150x150_tt6&efg=eyJ2ZW5jb2RlX3RhZyI6InByb2ZpbGVfcGljLmRqYW5nby44NjQuYzIifQ&_nc_ht=instagram.fhan4-3.fna.fbcdn.net&_nc_cat=110&_nc_oc=Q6cZ2QGtyaQfZIGomMcrA9tdGSj2RzW5gesx-xLz9w2cXRRZwszkSMi9K-CgdDliWKVOF0s&_nc_ohc=PTBBGEiW9nsQ7kNvwElveyQ&_nc_gid=uRBlhagy4OWY8dMxlthJYg&edm=AJhczIQBAAAA&ccb=7-5&oh=00_AfrqBKLMaa9w1yI18IRu0kzyR7boNsIl5M8_XKHEqxeWfg&oe=6974F1EA&_nc_sid=4a2096,10,0,104,3,0,"['https://instagram.fhan4-3.fna.fbcdn.net/v/t51.2885-15/565590015_17882513823403246_6187791874301461167_n.jpg?stp=dst-jpg_e15_tt6&efg=eyJ2ZW5jb2RlX3RhZyI6InRocmVhZHMuRkVFRC5pbWFnZV91cmxnZW4uNzIweDEyODAuc2RyLmY4Mjc4Ny5kZWZhdWx0X2NvdmVyX2ZyYW1lLmMyIn0&_nc_ht=instagram.fhan4-3.fna.fbcdn.net&_nc_cat=110&_nc_oc=Q6cZ2QGtyaQfZIGomMcrA9tdGSj2RzW5gesx-xLz9w2cXRRZwszkSMi9K-CgdDliWKVOF0s&_nc_ohc=-GgDykWoerYQ7kNvwHuCUYI&_nc_gid=uRBlhagy4OWY8dMxlthJYg&edm=AJhczIQBAAAA&ccb=7-5&ig_cache_key=Mzc0NDg0NzMwMTM3NTMxMDI1NA%3D%3D.3-ccb7-5&oh=00_Afo79qrv51b-B5SohbqZrhtLExkNQX15bu5w4qIOdSS7UQ&oe=6975193D&_nc_sid=4a2096', 'https://instagram.fhan4-6.fna.fbcdn.net/o1/v/t16/f2/m84/AQM1MjuqIlPRnVDVGhj_lIcbA1FiUf7y01Ke5z1wv4sX1kF57lk2OxPgDhZ__KsLDIPFugVbCfACyGpeAPI1MDjSORAR-jwDSTXq3bs.mp4?_nc_cat=109&_nc_oc=Adnpc-x-MiJ20nMwK08JQ_fUKzfxudgGQS8vND_wjmJmjM504cYLG7b5Gam5Vxm0eiE&_nc_sid=5e9851&_nc_ht=instagram.fhan4-6.fna.fbcdn.net&_nc_ohc=uqwgi7xk778Q7kNvwFqhHrR&efg=eyJ2ZW5jb2RlX3RhZyI6Inhwdl9wcm9ncmVzc2l2ZS5JTlNUQUdSQU0uRkVFRC5DMy43MjAuZGFzaF9iYXNlbGluZV8xX3YxIiwieHB2X2Fzc2V0X2lkIjoyMDI1MjQyOTc0OTE0MDIyLCJhc3NldF9hZ2VfZGF5cyI6OTUsInZpX3VzZWNhc2VfaWQiOjEwMTY0LCJkdXJhdGlvbl9zIjoyOCwidXJsZ2VuX3NvdXJjZSI6Ind3dyJ9&ccb=17-1&_nc_gid=uRBlhagy4OWY8dMxlthJYg&_nc_zt=28&vs=e1983165fef0d069&_nc_vs=HBksFQIYTGlnX2JhY2tmaWxsX3RpbWVsaW5lX3ZvZC9EOTQ0NEMwREQ3OUNFOUU3OERFRDRBNTVDMkRENjRBMV92aWRlb19kYXNoaW5pdC5tcDQVAALIARIAFQIYOnBhc3N0aHJvdWdoX2V2ZXJzdG9yZS9HRm9hcnlFck12a3ZWZElFQUwyTDZ5NEpzNzVJYnNwVEFRQUYVAgLIARIAKAAYABsCiAd1c2Vfb2lsATEScHJvZ3Jlc3NpdmVfcmVjaXBlATEVAAAmzJfUgdT8mAcVAigCQzMsF0A81T987ZFoGBJkYXNoX2Jhc2VsaW5lXzFfdjERAHXqB2XongEA&oh=00_AfrZQsqA6D7vEr86Cifciq7U5V5EnOnzeEIAiDZn8tg1hw&oe=69710EDB']",,https://www.threads.net/@teamcmmaryamnawazsharif/post/DP4XseQjjmu,[],"{'likes': 104, 'reposts': 2, 'quotes': 1}",threads,3744847301375310254,Team CM Maryam Nawaz Sharif,,Maryam Nawaz sharif Pakistan's Diplomacy to New Level 🔥💯 @maryamnawazofficial,threads,72133931245,teamcmmaryamnawazsharif
[],2026-01-20T15:07:17.585659+07:00,"🚫🇨🇳🇵🇱 Despite three hours of talks, China couldn't persuade Poland to reopen the border with Belarus. Warsaw remains firm, highlighting ongoing tensions in EU-China relations. What's next? #InternationalRelations #China #Poland #Belarus #Diplomacy",2025-09-15T23:07:47+07:00,,3722297541921622670,threads,threads.com,threads_crawler_v1,https://www.threads.net/@ceanmedia/post/DOoQeSOjEqO,https://instagram.fhan3-3.fna.fbcdn.net/v/t51.2885-19/516231298_18054533744527829_2727005556179792588_n.jpg?stp=dst-jpg_s150x150_tt6&efg=eyJ2ZW5jb2RlX3RhZyI6InByb2ZpbGVfcGljLmRqYW5nby4xMDI0LmMyIn0&_nc_ht=instagram.fhan3-3.fna.fbcdn.net&_nc_cat=1&_nc_oc=Q6cZ2QGtyaQfZIGomMcrA9tdGSj2RzW5gesx-xLz9w2cXRRZwszkSMi9K-CgdDliWKVOF0s&_nc_ohc=cSpcTOuUZeoQ7kNvwFMHFgP&_nc_gid=uRBlhagy4OWY8dMxlthJYg&edm=AJhczIQBAAAA&ccb=7-5&oh=00_Afrh3_KGSUdZWb1XHzMrS6gr86hZYe6nWU5BcwglwGziHA&oe=69751028&_nc_sid=4a2096,96,0,710,14,0,['https://instagram.fhan4-5.fna.fbcdn.net/v/t51.2885-15/549207327_17925588105110690_1516266167312781554_n.jpg?stp=cp6_dst-jpg_e35_tt6&efg=eyJ2ZW5jb2RlX3RhZyI6InRocmVhZHMuRkVFRC5pbWFnZV91cmxnZW4uNjgweDMxNC5zZHIuZjgyNzg3LmRlZmF1bHRfaW1hZ2UuYzIifQ&_nc_ht=instagram.fhan4-5.fna.fbcdn.net&_nc_cat=102&_nc_oc=Q6cZ2QGtyaQfZIGomMcrA9tdGSj2RzW5gesx-xLz9w2cXRRZwszkSMi9K-CgdDliWKVOF0s&_nc_ohc=xppTpQyR3WEQ7kNvwH5peI3&_nc_gid=uRBlhagy4OWY8dMxlthJYg&edm=AJhczIQBAAAA&ccb=7-5&ig_cache_key=MzcyMjI5NzU0MTkyMTYyMjY3MA%3D%3D.3-ccb7-5&oh=00_AfoIMlmgOpQx1OvUeYJ7eKdpMsqKJMHnMArlTtdNurWOdg&oe=6974F63C&_nc_sid=4a2096'],,https://www.threads.net/@ceanmedia/post/DOoQeSOjEqO,[],"{'likes': 710, 'reposts': 11, 'quotes': 3}",threads,3722297541921622670,CEAN,,"🚫🇨🇳🇵🇱 Despite three hours of talks, China couldn't persuade Poland to reopen the border with Belarus. Warsaw remains firm, highlighting ongoing tensions in EU-China relations. What's next? #InternationalRelations #China #Poland #Belarus #Diplomacy",threads,63158934689,ceanmedia
[],2026-01-20T15:13:50.380341+07:00,If you understand British diplomacy you will understand Keir Starmer's address as the monumental warning it is. It's a masterclass in diplomacy and a recognition of the severity of the situation.,2026-01-19T20:48:42+07:00,,3813549281538602129,threads,threads.com,threads_crawler_v1,https://www.threads.net/@thewitchtree/post/DTsct3TjfSR,https://instagram.fhan4-5.fna.fbcdn.net/v/t51.2885-19/491511125_17906406069109923_2821349243420601249_n.jpg?stp=dst-jpg_s150x150_tt6&efg=eyJ2ZW5jb2RlX3RhZyI6InByb2ZpbGVfcGljLmRqYW5nby4xMDc5LmMyIn0&_nc_ht=instagram.fhan4-5.fna.fbcdn.net&_nc_cat=103&_nc_oc=Q6cZ2QEuxjkGxxV4_P3NQErWvYmDjjwvAq_t9l_c8exHyL8xG1KdRiJGbMcoPqGKdwmyCLM&_nc_ohc=Y7rXTMgcQxwQ7kNvwEw8mex&_nc_gid=nLhE6zz6cdvvHjcBrOShUQ&edm=AJhczIQBAAAA&ccb=7-5&oh=00_AfpFoB4EVDTLmMYMPOpygM2OKaaXaWZoH7q37hycPUkxlg&oe=69750891&_nc_sid=4a2096,97,0,2950,158,0,[],,https://www.threads.net/@thewitchtree/post/DTsct3TjfSR,[],"{'likes': 2950, 'reposts': 156, 'quotes': 2}",threads,3813549281538602129,The Witch Tree,,If you understand British diplomacy you will understand Keir Starmer's address as the monumental warning it is. It's a masterclass in diplomacy and a recognition of the severity of the situation.,threads,63211613922,thewitchtree
[],2026-01-20T15:13:50.380533+07:00,"🤣🤣🤣

 Qatar warns the United States against overconfidence regarding the Al-Udeid air base.
""You are merely tenants of a military base in Qatar, so don't act as if you're doing us a favor. If Qatar decides to close the American base on its territory, it won't hurt us too much, but for you, it would mean losing a hand in the Middle East,"" the message reads.",2026-01-20T05:31:20+07:00,,3813812332817184122,threads,threads.com,threads_crawler_v1,https://www.threads.net/@mike61549/post/DTtYhw5knV6,https://instagram.ftkg1-1.fna.fbcdn.net/v/t51.2885-19/573323465_1219825463302212_7278921664109726296_n.png?stp=dst-jpg_e0_s150x150_tt6&efg=eyJ2ZW5jb2RlX3RhZyI6InByb2ZpbGVfcGljLmRqYW5nby4xNTAuYzIifQ&_nc_ht=instagram.ftkg1-1.fna.fbcdn.net&_nc_cat=1&_nc_oc=Q6cZ2QHG5IPgMZS2hjKB5lUe1LPFOngau1TaIdpw2ZD9vd6RuiWCORe7aey4Qc6tI-xaDnM&_nc_ohc=I-OAmjM3FnMQ7kNvwGQO8PM&_nc_gid=ILm20I1PHNrcXIbjTpkR8w&edm=AJ9x6zYBAAAA&ccb=7-5&ig_cache_key=YW5vbnltb3VzX3Byb2ZpbGVfcGlj.3-ccb7-5&oh=00_AfqilXRxg5PdmnM-PexVAPVJqJXB-2rMCpnemlvKaHQWPQ&oe=6974F0EA&_nc_sid=65462d,458,0,5647,587,0,['https://instagram.fhan3-3.fna.fbcdn.net/v/t51.2885-15/619254434_17908097028302733_2709951169067174768_n.jpg?stp=dst-jpg_e35_tt6&efg=eyJ2ZW5jb2RlX3RhZyI6InRocmVhZHMuQ0FST1VTRUxfSVRFTS5pbWFnZV91cmxnZW4uNTM3eDU3MS5zZHIuZjgyNzg3LmRlZmF1bHRfaW1hZ2UuYzIifQ&_nc_ht=instagram.fhan3-3.fna.fbcdn.net&_nc_cat=1&_nc_oc=Q6cZ2QEuxjkGxxV4_P3NQErWvYmDjjwvAq_t9l_c8exHyL8xG1KdRiJGbMcoPqGKdwmyCLM&_nc_ohc=XCiHHkiyuBAQ7kNvwGo6ZvN&_nc_gid=nLhE6zz6cdvvHjcBrOShUQ&edm=AJhczIQBAAAA&ccb=7-5&ig_cache_key=MzgxMzgxMjMyODgyNDIyOTkyNQ%3D%3D.3-ccb7-5&oh=00_AfpcUNGhOp89DyhMPnVGD-tBJtsoLiWojW1nMameF-MpIQ&oe=697512F1&_nc_sid=4a2096'],,https://www.threads.net/@mike61549/post/DTtYhw5knV6,[],"{'likes': 5647, 'reposts': 546, 'quotes': 41}",threads,3813812332817184122,Michael Donato,,"🤣🤣🤣

 Qatar warns the United States against overconfidence regarding the Al-Udeid air base.
""You are merely tenants of a military base in Qatar, so don't act as if you're doing us a favor. If Qatar decides to close the American base on its territory, it won't hurt us too much, but for you, it would mean losing a hand in the Middle East,"" the message reads.",threads,69006214732,mike61549
[],2026-01-20T15:13:50.380592+07:00,"I began the new year with a phone conversation with US President Donald Trump, as we look ahead to 60 years of diplomatic ties between Singapore and the United States in 2026.

I thanked President Trump for his leadership in advancing peace efforts globally, including in helping to secure the recent ceasefire between Thailand and Cambodia.",2026-01-02T22:09:53+07:00,,3801268956897144100,threads,threads.com,threads_crawler_v1,https://www.threads.net/@lawrencewongst/post/DTA0fnvku0k,https://instagram.fhan4-6.fna.fbcdn.net/v/t51.2885-19/610260771_17936249004115592_2160345653895472082_n.jpg?stp=dst-jpg_s150x150_tt6&efg=eyJ2ZW5jb2RlX3RhZyI6InByb2ZpbGVfcGljLmRqYW5nby4xMDgwLmMyIn0&_nc_ht=instagram.fhan4-6.fna.fbcdn.net&_nc_cat=108&_nc_oc=Q6cZ2QEuxjkGxxV4_P3NQErWvYmDjjwvAq_t9l_c8exHyL8xG1KdRiJGbMcoPqGKdwmyCLM&_nc_ohc=0v9zL-eQEuEQ7kNvwE2DJtp&_nc_gid=nLhE6zz6cdvvHjcBrOShUQ&edm=AJhczIQBAAAA&ccb=7-5&oh=00_AfrkEB0Zd6gSrZqpEn6slUBPn8BaSGBbL_evORfIcSMBUA&oe=697527D5&_nc_sid=4a2096,41,0,413,12,0,['https://instagram.fhan4-6.fna.fbcdn.net/v/t51.2885-15/609847364_17936486676115592_3382869255427036565_n.jpg?stp=cp6_dst-jpg_e35_tt6&efg=eyJ2ZW5jb2RlX3RhZyI6InRocmVhZHMuRkVFRC5pbWFnZV91cmxnZW4uMTA4MHgxMzUwLnNkci5mODI3ODcuZGVmYXVsdF9pbWFnZS5jMiJ9&_nc_ht=instagram.fhan4-6.fna.fbcdn.net&_nc_cat=108&_nc_oc=Q6cZ2QEuxjkGxxV4_P3NQErWvYmDjjwvAq_t9l_c8exHyL8xG1KdRiJGbMcoPqGKdwmyCLM&_nc_ohc=Y0ZoHLzLdIsQ7kNvwGgiZN1&_nc_gid=nLhE6zz6cdvvHjcBrOShUQ&edm=AJhczIQBAAAA&ccb=7-5&ig_cache_key=MzgwMTI2ODk1Njg5NzE0NDEwMA%3D%3D.3-ccb7-5&oh=00_AfobnZZR5fTclpVoL6ZnyxNZM6hCPom_r_-Xs8Y6U2OqJw&oe=6974F05A&_nc_sid=4a2096'],,https://www.threads.net/@lawrencewongst/post/DTA0fnvku0k,[],"{'likes': 413, 'reposts': 10, 'quotes': 2}",threads,3801268956897144100,Lawrence Wong,,"I began the new year with a phone conversation with US President Donald Trump, as we look ahead to 60 years of diplomatic ties between Singapore and the United States in 2026.

I thanked President Trump for his leadership in advancing peace efforts globally, including in helping to secure the recent ceasefire between Thailand and Cambodia.",threads,63447715591,lawrencewongst
[],2026-01-20T15:13:50.380644+07:00,"At the German Embassy in Cairo 🇩🇪
Diplomacy in action 🤍

germanembassyegypt 

#germany #berlin #embassy #travel #travelgram 

Lovely suit from @anoosh_by_enas_gouda",2025-12-20T00:19:10+07:00,,3791187166034944613,threads,threads.com,threads_crawler_v1,https://www.threads.net/@manal_elwarraky/post/DSdAKQUiGJl,https://instagram.fhan4-5.fna.fbcdn.net/v/t51.2885-19/551115518_18527927686033202_6599247018364040941_n.jpg?stp=dst-jpg_s150x150_tt6&efg=eyJ2ZW5jb2RlX3RhZyI6InByb2ZpbGVfcGljLmRqYW5nby4xMDgwLmMyIn0&_nc_ht=instagram.fhan4-5.fna.fbcdn.net&_nc_cat=102&_nc_oc=Q6cZ2QEuxjkGxxV4_P3NQErWvYmDjjwvAq_t9l_c8exHyL8xG1KdRiJGbMcoPqGKdwmyCLM&_nc_ohc=TCdwEdOJ1Y4Q7kNvwGY_YqS&_nc_gid=nLhE6zz6cdvvHjcBrOShUQ&edm=AJhczIQBAAAA&ccb=7-5&oh=00_Afq9DfmSPFx7mz9m4IiJY1u-nhttx-ZDlFRue-WX-gh_9g&oe=69750922&_nc_sid=4a2096,9,0,69,1,0,['https://instagram.fhan4-5.fna.fbcdn.net/v/t51.2885-15/587814342_18546729322033202_1152733593914349219_n.jpg?se=-1&stp=dst-jpegr_e35_tt6&efg=eyJ2ZW5jb2RlX3RhZyI6InRocmVhZHMuQ0FST1VTRUxfSVRFTS5pbWFnZV91cmxnZW4uMTQ0MHgxOTIwLmhkci5mODI3ODcuZGVmYXVsdF9pbWFnZS5jMiJ9&_nc_ht=instagram.fhan4-5.fna.fbcdn.net&_nc_cat=102&_nc_oc=Q6cZ2QEuxjkGxxV4_P3NQErWvYmDjjwvAq_t9l_c8exHyL8xG1KdRiJGbMcoPqGKdwmyCLM&_nc_ohc=N5t3in466TwQ7kNvwGljF2x&_nc_gid=nLhE6zz6cdvvHjcBrOShUQ&edm=AJhczIQBAAAA&ccb=7-5&ig_cache_key=Mzc5MTE4NzExNTY1Mjk2Nzk0MA%3D%3D.3-ccb7-5&oh=00_Afocdrb3ssldqAkp-fBtE0ALHLM-MkkoZuH7krKh92_zyQ&oe=69750E30&_nc_sid=4a2096'],,https://www.threads.net/@manal_elwarraky/post/DSdAKQUiGJl,[],"{'likes': 69, 'reposts': 1, 'quotes': 0}",threads,3791187166034944613,Manal El Warraky | منال الوراقي,,"At the German Embassy in Cairo 🇩🇪
Diplomacy in action 🤍

germanembassyegypt 

#germany #berlin #embassy #travel #travelgram 

Lovely suit from @anoosh_by_enas_gouda",threads,63047311708,manal_elwarraky
[],2026-01-20T15:13:50.380691+07:00,"Obama won the Nobel Peace Prize for inspiring unity and diplomacy — for giving the world hope after years of chaos. 🌍
Trump wanted the Nobel Peace Prize for doing photo ops and tweeting threats at world leaders. 💣

Obama built coalitions.
Trump built walls.

Obama’s words moved nations.
Trump’s words divided his own.",2025-10-10T18:53:52+07:00,,3740289136998950927,threads,threads.com,threads_crawler_v1,https://www.threads.net/@movewithinder/post/DPoLSc4EygP,https://instagram.fhan4-6.fna.fbcdn.net/v/t51.2885-19/609624980_17936771982120860_4754315923900188690_n.jpg?stp=dst-jpg_s150x150_tt6&efg=eyJ2ZW5jb2RlX3RhZyI6InByb2ZpbGVfcGljLmRqYW5nby4xMDgwLmMyIn0&_nc_ht=instagram.fhan4-6.fna.fbcdn.net&_nc_cat=108&_nc_oc=Q6cZ2QEuxjkGxxV4_P3NQErWvYmDjjwvAq_t9l_c8exHyL8xG1KdRiJGbMcoPqGKdwmyCLM&_nc_ohc=Chq2fFwG5o0Q7kNvwFXEOj_&_nc_gid=nLhE6zz6cdvvHjcBrOShUQ&edm=AJhczIQBAAAA&ccb=7-5&oh=00_AfqyKfDYrRLzBHYbjBUJwd_KglE2Y64gxPS7JePwtlIYLw&oe=6975005F&_nc_sid=4a2096,25,0,45,2,0,[],,https://www.threads.net/@movewithinder/post/DPoLSc4EygP,[],"{'likes': 45, 'reposts': 2, 'quotes': 0}",threads,3740289136998950927,Inderjeet Yadav | Home & Online Fitness Coach,,"Obama won the Nobel Peace Prize for inspiring unity and diplomacy — for giving the world hope after years of chaos. 🌍
Trump wanted the Nobel Peace Prize for doing photo ops and tweeting threats at world leaders. 💣

Obama built coalitions.
Trump built walls.

Obama’s words moved nations.
Trump’s words divided his own.",threads,63627072859,movewithinder
[],2026-01-20T15:13:50.380737+07:00,"This is how it happens — not with a coup, but with a slow handoff of power:

• funding shifts from Congress to private donors
• diplomacy shifts from institutions to personalities
• law shifts from process to retaliation
• oversight shifts into silence

By the time people notice the system changed,
the system is already owned.",2025-10-27T19:39:48+07:00,,3752633440673007638,threads,threads.com,threads_crawler_v1,https://www.threads.net/@ash.renee411/post/DQUCDtjkQgW,https://instagram.fhan3-3.fna.fbcdn.net/v/t51.2885-19/500943322_18118407148458732_4948149287861452257_n.jpg?stp=dst-jpg_s150x150_tt6&efg=eyJ2ZW5jb2RlX3RhZyI6InByb2ZpbGVfcGljLmRqYW5nby4xMDgwLmMyIn0&_nc_ht=instagram.fhan3-3.fna.fbcdn.net&_nc_cat=1&_nc_oc=Q6cZ2QEuxjkGxxV4_P3NQErWvYmDjjwvAq_t9l_c8exHyL8xG1KdRiJGbMcoPqGKdwmyCLM&_nc_ohc=OM76oyBhbkMQ7kNvwE8-u_G&_nc_gid=nLhE6zz6cdvvHjcBrOShUQ&edm=AJhczIQBAAAA&ccb=7-5&oh=00_Afrvyib80bzANcC08HDSEGD0jtakvQyTSYznV6wMhxfOXg&oe=697527E4&_nc_sid=4a2096,25,0,1119,221,0,[],,https://www.threads.net/@ash.renee411/post/DQUCDtjkQgW,[],"{'likes': 1119, 'reposts': 210, 'quotes': 11}",threads,3752633440673007638,Ashley Renee,,"This is how it happens — not with a coup, but with a slow handoff of power:

• funding shifts from Congress to private donors
• diplomacy shifts from institutions to personalities
• law shifts from process to retaliation
• oversight shifts into silence

By the time people notice the system changed,
the system is already owned.",threads,63408997484,ash.renee411
[],2026-01-20T15:13:50.380781+07:00,"Canada needs to request a new ambassador from the USA. This guy is such a clown, and a vulgar one at that. He lacks all diplomacy. Then again if they send somebody else, who’s to say that person won’t be worse. After all, we are dealing with.the 🍊💩 administration.

",2025-10-29T18:11:03+07:00,,3754038325012413456,threads,threads.com,threads_crawler_v1,https://www.threads.net/@nancydoukas/post/DQZBfeDkTwQ,https://instagram.fhan3-2.fna.fbcdn.net/v/t51.2885-19/475989028_1319032059520903_3921355863390367056_n.jpg?stp=dst-jpg_s150x150_tt6&efg=eyJ2ZW5jb2RlX3RhZyI6InByb2ZpbGVfcGljLmRqYW5nby4zOTguYzIifQ&_nc_ht=instagram.fhan3-2.fna.fbcdn.net&_nc_cat=107&_nc_oc=Q6cZ2QEuxjkGxxV4_P3NQErWvYmDjjwvAq_t9l_c8exHyL8xG1KdRiJGbMcoPqGKdwmyCLM&_nc_ohc=qdHEsF5CSPoQ7kNvwELcLTe&_nc_gid=nLhE6zz6cdvvHjcBrOShUQ&edm=AJhczIQBAAAA&ccb=7-5&oh=00_AfrX73ebx_RLf0iAU3xbPCyYL2VLpDhNZQbtDloxR1HeTw&oe=69750F7B&_nc_sid=4a2096,18,0,155,22,0,[],,https://www.threads.net/@nancydoukas/post/DQZBfeDkTwQ,[],"{'likes': 155, 'reposts': 22, 'quotes': 0}",threads,3754038325012413456,Nancy Doukas,,"Canada needs to request a new ambassador from the USA. This guy is such a clown, and a vulgar one at that. He lacks all diplomacy. Then again if they send somebody else, who’s to say that person won’t be worse. After all, we are dealing with.the 🍊💩 administration.

https://apple.news/A4RP8gi-HQf6D8EfA-3un2Q",threads,63898458471,nancydoukas
[],2026-01-20T15:13:50.380830+07:00,"🚨 BREAKING: Ukraine has agreed to the peace proposal, with only ""minor details"" remaining, reports CBS News citing a US official. Russia's response is imminent. Could this mark a turning point? 🤝🌍",2025-11-25T20:04:24+07:00,,3773664320232933131,threads,threads.com,threads_crawler_v1,https://www.threads.net/@ceanmedia/post/DRev7SdDMcL,https://instagram.fhan3-3.fna.fbcdn.net/v/t51.2885-19/516231298_18054533744527829_2727005556179792588_n.jpg?stp=dst-jpg_s150x150_tt6&efg=eyJ2ZW5jb2RlX3RhZyI6InByb2ZpbGVfcGljLmRqYW5nby4xMDI0LmMyIn0&_nc_ht=instagram.fhan3-3.fna.fbcdn.net&_nc_cat=1&_nc_oc=Q6cZ2QEuxjkGxxV4_P3NQErWvYmDjjwvAq_t9l_c8exHyL8xG1KdRiJGbMcoPqGKdwmyCLM&_nc_ohc=cSpcTOuUZeoQ7kNvwFMHFgP&_nc_gid=nLhE6zz6cdvvHjcBrOShUQ&edm=AJhczIQBAAAA&ccb=7-5&oh=00_Afoui3K-DmSclqeGNw-bl1nkEXL0CciJYnJxCgtTZRkWfQ&oe=69751028&_nc_sid=4a2096,30,0,22,5,0,['https://instagram.fhan4-5.fna.fbcdn.net/v/t51.2885-15/590415762_17933764473110690_3651346040771815361_n.jpg?stp=cp6_dst-jpg_e35_tt6&efg=eyJ2ZW5jb2RlX3RhZyI6InRocmVhZHMuRkVFRC5pbWFnZV91cmxnZW4uNjgweDQzMS5zZHIuZjgyNzg3LmRlZmF1bHRfaW1hZ2UuYzIifQ&_nc_ht=instagram.fhan4-5.fna.fbcdn.net&_nc_cat=102&_nc_oc=Q6cZ2QEuxjkGxxV4_P3NQErWvYmDjjwvAq_t9l_c8exHyL8xG1KdRiJGbMcoPqGKdwmyCLM&_nc_ohc=sdRR206XZswQ7kNvwHwH6S6&_nc_gid=nLhE6zz6cdvvHjcBrOShUQ&edm=AJhczIQBAAAA&ccb=7-5&ig_cache_key=Mzc3MzY2NDMyMDIzMjkzMzEzMQ%3D%3D.3-ccb7-5&oh=00_Afp_lKnStehPZPJhom3R4xnQ-bzDThkcDrsILnfpbN86VA&oe=69751084&_nc_sid=4a2096'],,https://www.threads.net/@ceanmedia/post/DRev7SdDMcL,[],"{'likes': 22, 'reposts': 4, 'quotes': 1}",threads,3773664320232933131,CEAN,UkrainePeace #GlobalNews #Diplomacy,"🚨 BREAKING: Ukraine has agreed to the peace proposal, with only ""minor details"" remaining, reports CBS News citing a US official. Russia's response is imminent. Could this mark a turning point? 🤝🌍",threads,63158934689,ceanmedia
[],2026-01-20T15:13:50.380878+07:00,"🚨 BREAKING: Trump vows to impose ""very powerful"" sanctions on Russia, keeps oil sanctions intact. 🇷🇺⚖️ He demands Ukraine accept a peace plan by Nov 27, citing territorial losses and Putin’s reluctance to continue. The stakes are rising.",2025-11-21T23:08:04+07:00,,3770857660464504083,threads,threads.com,threads_crawler_v1,https://www.threads.net/@ceanmedia/post/DRUxxA2jB0T,https://instagram.fhan3-3.fna.fbcdn.net/v/t51.2885-19/516231298_18054533744527829_2727005556179792588_n.jpg?stp=dst-jpg_s150x150_tt6&efg=eyJ2ZW5jb2RlX3RhZyI6InByb2ZpbGVfcGljLmRqYW5nby4xMDI0LmMyIn0&_nc_ht=instagram.fhan3-3.fna.fbcdn.net&_nc_cat=1&_nc_oc=Q6cZ2QEuxjkGxxV4_P3NQErWvYmDjjwvAq_t9l_c8exHyL8xG1KdRiJGbMcoPqGKdwmyCLM&_nc_ohc=cSpcTOuUZeoQ7kNvwFMHFgP&_nc_gid=nLhE6zz6cdvvHjcBrOShUQ&edm=AJhczIQBAAAA&ccb=7-5&oh=00_Afoui3K-DmSclqeGNw-bl1nkEXL0CciJYnJxCgtTZRkWfQ&oe=69751028&_nc_sid=4a2096,30,0,29,3,0,['https://instagram.fhan4-5.fna.fbcdn.net/v/t51.2885-15/584757402_17933333118110690_2391072851299661376_n.jpg?stp=dst-jpg_e35_tt6&efg=eyJ2ZW5jb2RlX3RhZyI6InRocmVhZHMuRkVFRC5pbWFnZV91cmxnZW4uNjgweDM1Ny5zZHIuZjgyNzg3LmRlZmF1bHRfaW1hZ2UuYzIifQ&_nc_ht=instagram.fhan4-5.fna.fbcdn.net&_nc_cat=102&_nc_oc=Q6cZ2QEuxjkGxxV4_P3NQErWvYmDjjwvAq_t9l_c8exHyL8xG1KdRiJGbMcoPqGKdwmyCLM&_nc_ohc=cUDSZ7Ky7vMQ7kNvwF8EBxi&_nc_gid=nLhE6zz6cdvvHjcBrOShUQ&edm=AJhczIQBAAAA&ccb=7-5&ig_cache_key=Mzc3MDg1NzY2MDQ2NDUwNDA4Mw%3D%3D.3-ccb7-5&oh=00_Afo4gU3HX5Cn0QMVpWV14ihA13t0nigABxsKe7WTBJHd8Q&oe=6974F5B7&_nc_sid=4a2096'],,https://www.threads.net/@ceanmedia/post/DRUxxA2jB0T,[],"{'likes': 29, 'reposts': 3, 'quotes': 0}",threads,3770857660464504083,CEAN,Ukraine #Russia #Diplomacy #Geopolitics,"🚨 BREAKING: Trump vows to impose ""very powerful"" sanctions on Russia, keeps oil sanctions intact. 🇷🇺⚖️ He demands Ukraine accept a peace plan by Nov 27, citing territorial losses and Putin’s reluctance to continue. The stakes are rising.",threads,63158934689,ceanmedia
[],2026-01-20T15:13:50.380933+07:00,"🚨BREAKING: President Trump has officially announced that Israel and Hamas have signed the first phase of his historic Middle East Peace Plan.

Hostages will soon be released. Troops will withdraw to agreed lines. A lasting peace is finally within reach.

This is leadership on the world stage — diplomacy through strength, not weakness. President Trump continues to deliver where others failed.

Follow @KarolineLeavittHQ for more unfiltered updates straight from the White House. 🇺🇸",2025-10-09T06:02:54+07:00,,3739176321843772072,threads,threads.com,threads_crawler_v1,https://www.threads.net/@karolineleavitthq/post/DPkOQ3ADLqo,https://instagram.fhan3-3.fna.fbcdn.net/v/t51.2885-19/501068077_17876283402344327_4526072562580473518_n.jpg?stp=dst-jpg_s150x150_tt6&efg=eyJ2ZW5jb2RlX3RhZyI6InByb2ZpbGVfcGljLmRqYW5nby44NzcuYzIifQ&_nc_ht=instagram.fhan3-3.fna.fbcdn.net&_nc_cat=111&_nc_oc=Q6cZ2QEuxjkGxxV4_P3NQErWvYmDjjwvAq_t9l_c8exHyL8xG1KdRiJGbMcoPqGKdwmyCLM&_nc_ohc=ljt42nju3wMQ7kNvwF6ivYA&_nc_gid=nLhE6zz6cdvvHjcBrOShUQ&edm=AJhczIQBAAAA&ccb=7-5&oh=00_Afp--I9pz0caF_nSQa4MxEgmeycHe7OXxl5gE4s7vAFeWg&oe=6974FA32&_nc_sid=4a2096,224,0,1935,77,0,['https://instagram.fhan3-3.fna.fbcdn.net/v/t51.2885-15/562847056_17893150221344327_9105027949813008595_n.jpg?stp=dst-jpg_e35_tt6&efg=eyJ2ZW5jb2RlX3RhZyI6InRocmVhZHMuRkVFRC5pbWFnZV91cmxnZW4uMTQ0MHgxODAwLnNkci5mODI3ODcuZGVmYXVsdF9pbWFnZS5jMiJ9&_nc_ht=instagram.fhan3-3.fna.fbcdn.net&_nc_cat=111&_nc_oc=Q6cZ2QEuxjkGxxV4_P3NQErWvYmDjjwvAq_t9l_c8exHyL8xG1KdRiJGbMcoPqGKdwmyCLM&_nc_ohc=2_zS9DdcIh4Q7kNvwGEVhx-&_nc_gid=nLhE6zz6cdvvHjcBrOShUQ&edm=AJhczIQBAAAA&ccb=7-5&ig_cache_key=MzczOTE3NjMyMTg0Mzc3MjA3Mg%3D%3D.3-ccb7-5&oh=00_AfofW1rkhXSNhYZcxmXrqiqn1fkFzdRo5tRCoPCZ0SdVBQ&oe=6975146F&_nc_sid=4a2096'],,https://www.threads.net/@karolineleavitthq/post/DPkOQ3ADLqo,[],"{'likes': 1935, 'reposts': 68, 'quotes': 9}",threads,3739176321843772072,Karoline Leavitt HQ 🇺🇸,,"🚨BREAKING: President Trump has officially announced that Israel and Hamas have signed the first phase of his historic Middle East Peace Plan.

Hostages will soon be released. Troops will withdraw to agreed lines. A lasting peace is finally within reach.

This is leadership on the world stage — diplomacy through strength, not weakness. President Trump continues to deliver where others failed.

Follow @KarolineLeavittHQ for more unfiltered updates straight from the White House. 🇺🇸",threads,74975896873,karolineleavitthq
[],2026-01-20T15:13:50.380991+07:00,"Indian diplomat Petal Gahlot, a St. Xavier’s College (Grad) and Lady Shri Ram College (MA) alumna, joined the Indian Foreign Service in 2015. She has served in Delhi, the Indian Mission in France, and the Indian Consulate in San Francisco. 

#India #Diplomacy #UNGA",2025-09-27T10:28:03+07:00,,3730612463634371143,threads,threads.com,threads_crawler_v1,https://www.threads.net/@iansahilhaq/post/DPFzEUhklJH,https://instagram.fhan4-3.fna.fbcdn.net/v/t51.2885-19/570983368_17899771581320412_2004863687881773580_n.jpg?stp=dst-jpg_s150x150_tt6&efg=eyJ2ZW5jb2RlX3RhZyI6InByb2ZpbGVfcGljLmRqYW5nby4xMDgwLmMyIn0&_nc_ht=instagram.fhan4-3.fna.fbcdn.net&_nc_cat=100&_nc_oc=Q6cZ2QEuxjkGxxV4_P3NQErWvYmDjjwvAq_t9l_c8exHyL8xG1KdRiJGbMcoPqGKdwmyCLM&_nc_ohc=OhPtkE93ECIQ7kNvwFXQWDm&_nc_gid=nLhE6zz6cdvvHjcBrOShUQ&edm=AJhczIQBAAAA&ccb=7-5&oh=00_AfptaOJc8G3vw6sLr6UjY9uus_opHYYRSzNovBDiAC9_5w&oe=6974F755&_nc_sid=4a2096,41,0,202,5,0,['https://instagram.fhan4-3.fna.fbcdn.net/v/t51.2885-15/556395204_17895792468320412_6632665998650810981_n.webp?efg=eyJ2ZW5jb2RlX3RhZyI6InRocmVhZHMuRkVFRC5pbWFnZV91cmxnZW4uNDAweDQwMC5zZHIuZjgyNzg3LmRlZmF1bHRfaW1hZ2UuYzIifQ&_nc_ht=instagram.fhan4-3.fna.fbcdn.net&_nc_cat=100&_nc_oc=Q6cZ2QEuxjkGxxV4_P3NQErWvYmDjjwvAq_t9l_c8exHyL8xG1KdRiJGbMcoPqGKdwmyCLM&_nc_ohc=uP6y5Ev5nEkQ7kNvwETMbzb&_nc_gid=nLhE6zz6cdvvHjcBrOShUQ&edm=AJhczIQBAAAA&ccb=7-5&ig_cache_key=MzczMDYxMjQ2MzYzNDM3MTE0Mw%3D%3D.3-ccb7-5&oh=00_AfqlN0taA1Q0xWn8T0Egm2UQNNxq8K7hMnhUsS1X_d0haQ&oe=6974F8A8&_nc_sid=4a2096'],,https://www.threads.net/@iansahilhaq/post/DPFzEUhklJH,[],"{'likes': 202, 'reposts': 5, 'quotes': 0}",threads,3730612463634371143,Sahil Haq,India,"Indian diplomat Petal Gahlot, a St. Xavier’s College (Grad) and Lady Shri Ram College (MA) alumna, joined the Indian Foreign Service in 2015. She has served in Delhi, the Indian Mission in France, and the Indian Consulate in San Francisco. 

#India #Diplomacy #UNGA",threads,69625592411,iansahilhaq
[],2026-01-20T15:13:50.381066+07:00,"🚨 Trump just: ✈️ Took a $400M jet from Qatar — labeled an “unconditional gift.” Legal experts say it violates the Emoluments Clause.
🇶🇦 Approved a Qatari Air Force base in Idaho — the first ever on U.S. soil.
⛳ Secured a $5.5B Trump-branded golf resort deal in Qatar.
If Obama did this, MAGA would’ve called it treason.
This isn’t diplomacy — it’s selling out America",2025-10-11T02:54:57+07:00,,3740531278103068160,threads,threads.com,threads_crawler_v1,https://www.threads.net/@jerryxenos/post/DPpCWEWkj4A,https://instagram.fhan3-3.fna.fbcdn.net/v/t51.2885-19/520233025_17914489332119339_7940916087085253567_n.jpg?stp=dst-jpg_s150x150_tt6&efg=eyJ2ZW5jb2RlX3RhZyI6InByb2ZpbGVfcGljLmRqYW5nby42ODAuYzIifQ&_nc_ht=instagram.fhan3-3.fna.fbcdn.net&_nc_cat=111&_nc_oc=Q6cZ2QEuxjkGxxV4_P3NQErWvYmDjjwvAq_t9l_c8exHyL8xG1KdRiJGbMcoPqGKdwmyCLM&_nc_ohc=Jq0FBD6085AQ7kNvwFWXGEa&_nc_gid=nLhE6zz6cdvvHjcBrOShUQ&edm=AJhczIQBAAAA&ccb=7-5&oh=00_AfrfeABAFl0oXefqueC9IUueCNkZ6isp14bqE-o5fpWmyA&oe=6974F20D&_nc_sid=4a2096,105,0,2511,344,0,[],,https://www.threads.net/@jerryxenos/post/DPpCWEWkj4A,[],"{'likes': 2511, 'reposts': 331, 'quotes': 13}",threads,3740531278103068160,Jerry Xenos,,"🚨 Trump just: ✈️ Took a $400M jet from Qatar — labeled an “unconditional gift.” Legal experts say it violates the Emoluments Clause.
🇶🇦 Approved a Qatari Air Force base in Idaho — the first ever on U.S. soil.
⛳ Secured a $5.5B Trump-branded golf resort deal in Qatar.
If Obama did this, MAGA would’ve called it treason.
This isn’t diplomacy — it’s selling out America",threads,63432383338,jerryxenos
[],2026-01-20T15:13:50.381119+07:00,Minnie R Turner,2025-10-02T04:54:47+07:00,,3734068610202456436,threads,threads.com,threads_crawler_v1,https://www.threads.net/@minnieturner451/post/DPSE532DdF0,https://instagram.fhan4-3.fna.fbcdn.net/v/t51.2885-19/468388816_464619009565716_4585414864023827960_n.jpg?stp=dst-jpg_s150x150_tt6&efg=eyJ2ZW5jb2RlX3RhZyI6InByb2ZpbGVfcGljLmRqYW5nby43MTMuYzIifQ&_nc_ht=instagram.fhan4-3.fna.fbcdn.net&_nc_cat=100&_nc_oc=Q6cZ2QEuxjkGxxV4_P3NQErWvYmDjjwvAq_t9l_c8exHyL8xG1KdRiJGbMcoPqGKdwmyCLM&_nc_ohc=QTSPaTvXS0AQ7kNvwGU_CB0&_nc_gid=nLhE6zz6cdvvHjcBrOShUQ&edm=AJhczIQBAAAA&ccb=7-5&oh=00_AfpVlq7rv3BYzB7yQGPl5NykYL1UmTBAQEekGyPatksaHA&oe=6974F143&_nc_sid=4a2096,10,0,16,0,0,[],,https://www.threads.net/@minnieturner451/post/DPSE532DdF0,[],"{'likes': 16, 'reposts': 0, 'quotes': 0}",threads,3734068610202456436,Minnie Walter’s,Diaper Diplomacy,Minnie R Turner,threads,70841023940,minnieturner451
