categories,collectDate,content,createDate,description,docId,docType,domain,fromCrawler,link,logoLink,numComments,numDislikes,numLikes,numShares,numViews,pictures,postId,postLink,provinces,reactions,source,sourceId,sourceName,tags,title,type,userId,userName
[],2026-01-10T10:16:40.695301+07:00,JUST IN🚨: Ukraine’s Security Service says Russia’s hypersonic Oreshnik missile strike on Lviv targeted civilian infrastructure and is being treated as a war crime.,2026-01-09T19:22:39+07:00,,3806258213507893245,threads,threads.com,threads_crawler_v1,https://www.threads.net/@dnnposts/post/DTSi63DjQf9,https://instagram.fhan3-3.fna.fbcdn.net/v/t51.2885-19/470689291_882102614093204_5793133865832075153_n.jpg?stp=dst-jpg_s150x150_tt6&efg=eyJ2ZW5jb2RlX3RhZyI6InByb2ZpbGVfcGljLmRqYW5nby4xMDAwLmMyIn0&_nc_ht=instagram.fhan3-3.fna.fbcdn.net&_nc_cat=1&_nc_oc=Q6cZ2QGq14UMOzuyk0ifwLCD5YtF8nehRYlCZueo3J6NlS89XhTjNDJn9CTG4ASh7a_OBn4&_nc_ohc=k8TtgX8-13YQ7kNvwETUn2i&_nc_gid=qEqyH-pJtqK58V9VbPN-UA&edm=AJhczIQBAAAA&ccb=7-5&oh=00_Afr4ojhCXjmtpo5_0KnNwygFe8G7in7qUM23TdORfOER9Q&oe=696791E0&_nc_sid=4a2096,308,0,2659,281,0,['https://instagram.fhan3-3.fna.fbcdn.net/v/t51.2885-15/612565898_17902356174350726_7412240431861872379_n.webp?efg=eyJ2ZW5jb2RlX3RhZyI6InRocmVhZHMuRkVFRC5pbWFnZV91cmxnZW4uMTIwMHg4MDAuc2RyLmY4Mjc4Ny5kZWZhdWx0X2ltYWdlLmMyIn0&_nc_ht=instagram.fhan3-3.fna.fbcdn.net&_nc_cat=1&_nc_oc=Q6cZ2QGq14UMOzuyk0ifwLCD5YtF8nehRYlCZueo3J6NlS89XhTjNDJn9CTG4ASh7a_OBn4&_nc_ohc=etA_2pI4mYUQ7kNvwEnRm3a&_nc_gid=qEqyH-pJtqK58V9VbPN-UA&edm=AJhczIQBAAAA&ccb=7-5&ig_cache_key=MzgwNjI1ODIxMzUwNzg5MzI0NQ%3D%3D.3-ccb7-5&oh=00_AfpO0gIdMEycWRw6vepuncci2cn3CVyQkUmdG9rg1Icahg&oe=696799BA&_nc_sid=4a2096'],,https://www.threads.net/@dnnposts/post/DTSi63DjQf9,[],"{'likes': 2659, 'reposts': 272, 'quotes': 9}",threads,3806258213507893245,DNN POSTS,,JUST IN🚨: Ukraine’s Security Service says Russia’s hypersonic Oreshnik missile strike on Lviv targeted civilian infrastructure and is being treated as a war crime.,threads,70505718725,dnnposts
[],2026-01-10T10:16:40.695427+07:00,"By the way, if you’re on the side of thinking that ICE is going to win whatever this “war” against the people they talk about…. They aren’t

And the statute of limitations goes past three years for a lot of crimes",2026-01-10T05:51:49+07:00,,3806574881891581375,threads,threads.com,threads_crawler_v1,https://www.threads.net/@adam_kinzinger/post/DTTq6_eEn2_,https://instagram.fhan3-3.fna.fbcdn.net/v/t51.2885-19/358374011_662853928577059_1143443547272892566_n.jpg?stp=dst-jpg_s150x150_tt6&efg=eyJ2ZW5jb2RlX3RhZyI6InByb2ZpbGVfcGljLmRqYW5nby4xMDgwLmMyIn0&_nc_ht=instagram.fhan3-3.fna.fbcdn.net&_nc_cat=1&_nc_oc=Q6cZ2QGq14UMOzuyk0ifwLCD5YtF8nehRYlCZueo3J6NlS89XhTjNDJn9CTG4ASh7a_OBn4&_nc_ohc=_c8Kcr9MNtYQ7kNvwGf32GI&_nc_gid=qEqyH-pJtqK58V9VbPN-UA&edm=AJhczIQBAAAA&ccb=7-5&oh=00_Afq9LtTdzGIXVxRCgIE5MflHeu0uKpdrRb14tUVbf3Hfjg&oe=69679AA9&_nc_sid=4a2096,197,0,9562,579,0,[],,https://www.threads.net/@adam_kinzinger/post/DTTq6_eEn2_,[],"{'likes': 9562, 'reposts': 567, 'quotes': 12}",threads,3806574881891581375,Adam Kinzinger,,"By the way, if you’re on the side of thinking that ICE is going to win whatever this “war” against the people they talk about…. They aren’t

And the statute of limitations goes past three years for a lot of crimes",threads,63666944290,adam_kinzinger
[],2026-01-10T10:16:40.695468+07:00,"Trump: ""If we don't take Greenland, you're gonna have Russia or China as your next door neighbor. That's not going to happen.""",2026-01-10T03:55:25+07:00,,3806516158078190234,threads,threads.com,threads_crawler_v1,https://www.threads.net/@aaron.rupar/post/DTTdkcqCQKa,https://instagram.fhan3-3.fna.fbcdn.net/v/t51.2885-19/456465291_8343612382370345_8092768749465866765_n.jpg?stp=dst-jpg_s150x150_tt6&efg=eyJ2ZW5jb2RlX3RhZyI6InByb2ZpbGVfcGljLmRqYW5nby4yNjEuYzIifQ&_nc_ht=instagram.fhan3-3.fna.fbcdn.net&_nc_cat=1&_nc_oc=Q6cZ2QGq14UMOzuyk0ifwLCD5YtF8nehRYlCZueo3J6NlS89XhTjNDJn9CTG4ASh7a_OBn4&_nc_ohc=VLpaDUqCAVAQ7kNvwF5RN1g&_nc_gid=qEqyH-pJtqK58V9VbPN-UA&edm=AJhczIQBAAAA&ccb=7-5&oh=00_Afpo6_Jmj4f8eDXhb6wPEg8gycSGKmipNhCHII0UgYFLnA&oe=69677D80&_nc_sid=4a2096,563,0,777,107,0,"['https://instagram.fhan4-3.fna.fbcdn.net/v/t51.2885-15/610667380_825720370449084_9203516606396872178_n.jpg?stp=dst-jpg_e15_tt6&efg=eyJ2ZW5jb2RlX3RhZyI6InRocmVhZHMuRkVFRC5pbWFnZV91cmxnZW4uNjQweDM2MC5zZHIuZjcxODc4LmRlZmF1bHRfY292ZXJfZnJhbWUuYzIifQ&_nc_ht=instagram.fhan4-3.fna.fbcdn.net&_nc_cat=100&_nc_oc=Q6cZ2QGq14UMOzuyk0ifwLCD5YtF8nehRYlCZueo3J6NlS89XhTjNDJn9CTG4ASh7a_OBn4&_nc_ohc=Lp53TIk4jKsQ7kNvwGWhPFU&_nc_gid=qEqyH-pJtqK58V9VbPN-UA&edm=AJhczIQBAAAA&ccb=7-5&ig_cache_key=MzgwNjUxNjE1ODA3ODE5MDIzNA%3D%3D.3-ccb7-5&oh=00_AfqYGowHscoRqKhIqHgzMt1o--vLIK-yOUKtSV5kGJcdbQ&oe=6967ADEA&_nc_sid=4a2096', 'https://instagram.fhan3-2.fna.fbcdn.net/o1/v/t16/f2/m84/AQNuD2sEBidAntU6o953EUxyfkEbJRCNUkGYKSDLliebKGWdCJ1wor418t9Ffnm_8v30yMkRNxIT7ERrNq5gXl0wnoWn1mPMuYPywsk.mp4?_nc_cat=107&_nc_oc=AdnXHj-3ILPNTn0hU2RXJ2QvuK6J3zK0utWUoD_CHiLx0o7fGOln-650dwn59E9gB7A&_nc_sid=5e9851&_nc_ht=instagram.fhan3-2.fna.fbcdn.net&_nc_ohc=ai3p9QYwbYkQ7kNvwHhu2cY&efg=eyJ2ZW5jb2RlX3RhZyI6Inhwdl9wcm9ncmVzc2l2ZS5JTlNUQUdSQU0uRkVFRC5DMy4xMjgwLmRhc2hfYmFzZWxpbmVfMV92MSIsInhwdl9hc3NldF9pZCI6MjA4NjIyMjkzNTUwOTMzNSwiYXNzZXRfYWdlX2RheXMiOjAsInZpX3VzZWNhc2VfaWQiOjEwMTY0LCJkdXJhdGlvbl9zIjoxNywidXJsZ2VuX3NvdXJjZSI6Ind3dyJ9&ccb=17-1&_nc_gid=qEqyH-pJtqK58V9VbPN-UA&_nc_zt=28&vs=f607a77579f942bd&_nc_vs=HBksFQIYTGlnX2JhY2tmaWxsX3RpbWVsaW5lX3ZvZC9GNzRBODE3RUI4OEYwOTUzNTc5QThDN0VGNTkzMzY5MF92aWRlb19kYXNoaW5pdC5tcDQVAALIARIAFQIYOnBhc3N0aHJvdWdoX2V2ZXJzdG9yZS9HRW5Sa1NScExYUmllY3NPQUlIQUpFNHJ5X0o5YnNwVEFRQUYVAgLIARIAKAAYABsCiAd1c2Vfb2lsATEScHJvZ3Jlc3NpdmVfcmVjaXBlATEVAAAmrqXyj5TatAcVAigCQzMsF0AxwEGJN0vHGBJkYXNoX2Jhc2VsaW5lXzFfdjERAHXqB2XongEA&oh=00_Afq1VKGwX8eokMPlIdfCk6Txw0LXhB8ZBavRGD0UvWWH3w&oe=6963B58D']",,https://www.threads.net/@aaron.rupar/post/DTTdkcqCQKa,[],"{'likes': 777, 'reposts': 62, 'quotes': 45}",threads,3806516158078190234,Aaron Rupar,,"Trump: ""If we don't take Greenland, you're gonna have Russia or China as your next door neighbor. That's not going to happen.""",threads,63251498552,aaron.rupar
[],2026-01-10T10:16:40.695506+07:00,"The U.S. Senate has officially passed a War Powers resolution, reaffirming Congress’s war powers. Once again and louder for those Trump officials in the back: 📣 the President MUST GET CONGRESSIONAL APPROVAL 📣 before taking large-scale military action. What he has done in Venezuela is unlawful and must be reined in.",2026-01-09T02:15:08+07:00,,3805741015299396627,threads,threads.com,threads_crawler_v1,https://www.threads.net/@repstansbury/post/DTQtUosDhQT,https://instagram.fhan3-3.fna.fbcdn.net/v/t51.2885-19/358172437_656759776333690_3950871564583234573_n.jpg?stp=dst-jpg_s150x150_tt6&efg=eyJ2ZW5jb2RlX3RhZyI6InByb2ZpbGVfcGljLmRqYW5nby42MDEuYzIifQ&_nc_ht=instagram.fhan3-3.fna.fbcdn.net&_nc_cat=1&_nc_oc=Q6cZ2QGq14UMOzuyk0ifwLCD5YtF8nehRYlCZueo3J6NlS89XhTjNDJn9CTG4ASh7a_OBn4&_nc_ohc=3rFaqD29S9UQ7kNvwEfYH1v&_nc_gid=qEqyH-pJtqK58V9VbPN-UA&edm=AJhczIQBAAAA&ccb=7-5&oh=00_AfrKmO18vzUvyB2T77-QUrMnMuVzzWXXc1Yt4-LVbS5ZDw&oe=6967823E&_nc_sid=4a2096,485,0,6746,534,0,[],,https://www.threads.net/@repstansbury/post/DTQtUosDhQT,[],"{'likes': 6746, 'reposts': 504, 'quotes': 30}",threads,3805741015299396627,Rep. Melanie Stansbury,,"The U.S. Senate has officially passed a War Powers resolution, reaffirming Congress’s war powers. Once again and louder for those Trump officials in the back: 📣 the President MUST GET CONGRESSIONAL APPROVAL 📣 before taking large-scale military action. What he has done in Venezuela is unlawful and must be reined in.",threads,63367151595,repstansbury
[],2026-01-10T10:16:40.695539+07:00,"So World War II ended in 1945 after 12 years of Nazi rule. This was 80 years ago.  It then took 45 years until 1990 for the Berlin wall to fall. 

When you think about Germany, do you think the stigma of that Nazi rule still exists, 80 years later?  We clearly still all know about it, in the very least. 

So.  How long do you think the USA’s current actions will reverberate through time?",2026-01-10T07:13:37+07:00,,3806616060703143722,threads,threads.com,threads_crawler_v1,https://www.threads.net/@cthompsonyyc/post/DTT0SOOgfcq,https://instagram.fhan3-2.fna.fbcdn.net/v/t51.2885-19/606605719_17934068319117475_2725619882693098224_n.jpg?stp=dst-jpg_s150x150_tt6&efg=eyJ2ZW5jb2RlX3RhZyI6InByb2ZpbGVfcGljLmRqYW5nby43ODYuYzIifQ&_nc_ht=instagram.fhan3-2.fna.fbcdn.net&_nc_cat=107&_nc_oc=Q6cZ2QGq14UMOzuyk0ifwLCD5YtF8nehRYlCZueo3J6NlS89XhTjNDJn9CTG4ASh7a_OBn4&_nc_ohc=To1vjd0-sK0Q7kNvwFp4OVy&_nc_gid=qEqyH-pJtqK58V9VbPN-UA&edm=AJhczIQBAAAA&ccb=7-5&oh=00_AfoHOj-IW3gWv4oqWn9XePg03qu6CR5gBaotdvNI-Uz-hA&oe=69677EA8&_nc_sid=4a2096,37,0,107,6,0,[],,https://www.threads.net/@cthompsonyyc/post/DTT0SOOgfcq,[],"{'likes': 107, 'reposts': 5, 'quotes': 1}",threads,3806616060703143722,Chris Thompson | Director | Illustrator,,"So World War II ended in 1945 after 12 years of Nazi rule. This was 80 years ago.  It then took 45 years until 1990 for the Berlin wall to fall. 

When you think about Germany, do you think the stigma of that Nazi rule still exists, 80 years later?  We clearly still all know about it, in the very least. 

So.  How long do you think the USA’s current actions will reverberate through time?",threads,63429701474,cthompsonyyc
[],2026-01-10T10:16:40.695569+07:00,"Dane here.
If the United States tries to annex Greenland, it will be a direct and hostile attack on another NATO country.

It will be viewed as an act of war against Denmark - and therefore all other NATO countries. 

In the best case scenario - the US will get shunned by the whole western world.

In the worst case scenario - the US will set off World War III. 

Dear American politicians - both Liberals and Republicans:

GROW A FUCKING SPINE AND REMOVE HIM FROM OFFICE!",2026-01-05T02:24:18+07:00,,3802846562137964690,threads,threads.com,threads_crawler_v1,https://www.threads.net/@linmakron/post/DTGbMzHjICS,https://instagram.fhan3-3.fna.fbcdn.net/v/t51.2885-19/476138557_1015613563934909_840413739592105116_n.jpg?stp=dst-jpg_s150x150_tt6&efg=eyJ2ZW5jb2RlX3RhZyI6InByb2ZpbGVfcGljLmRqYW5nby45NTguYzIifQ&_nc_ht=instagram.fhan3-3.fna.fbcdn.net&_nc_cat=1&_nc_oc=Q6cZ2QGq14UMOzuyk0ifwLCD5YtF8nehRYlCZueo3J6NlS89XhTjNDJn9CTG4ASh7a_OBn4&_nc_ohc=M7adqQBL2M4Q7kNvwEVXSbA&_nc_gid=qEqyH-pJtqK58V9VbPN-UA&edm=AJhczIQBAAAA&ccb=7-5&oh=00_AfoqOFgc0-rS1qsX9F6pLoqXygU1dtlP7Sa0dpP_2MZDcw&oe=6967B129&_nc_sid=4a2096,861,0,24682,2114,0,[],,https://www.threads.net/@linmakron/post/DTGbMzHjICS,[],"{'likes': 24682, 'reposts': 2043, 'quotes': 71}",threads,3802846562137964690,Lin Makron,,"Dane here.
If the United States tries to annex Greenland, it will be a direct and hostile attack on another NATO country.

It will be viewed as an act of war against Denmark - and therefore all other NATO countries. 

In the best case scenario - the US will get shunned by the whole western world.

In the worst case scenario - the US will set off World War III. 

Dear American politicians - both Liberals and Republicans:

GROW A FUCKING SPINE AND REMOVE HIM FROM OFFICE!",threads,68542934953,linmakron
[],2026-01-10T10:16:40.695597+07:00,"I really should have read project 2025... I just saw a thread saying they want the US population down to 100mil?! 
We are 3 times that.

So this really is them trying to start a civil war.",2026-01-09T10:20:02+07:00,,3805985104666176321,threads,threads.com,threads_crawler_v1,https://www.threads.net/@rrrrrraaayyyyyy/post/DTRk0moDitB,https://instagram.fhan4-5.fna.fbcdn.net/v/t51.2885-19/548019494_17920260669118059_6969344911026310052_n.jpg?stp=dst-jpg_s150x150_tt6&efg=eyJ2ZW5jb2RlX3RhZyI6InByb2ZpbGVfcGljLmRqYW5nby4xMDgwLmMyIn0&_nc_ht=instagram.fhan4-5.fna.fbcdn.net&_nc_cat=103&_nc_oc=Q6cZ2QGq14UMOzuyk0ifwLCD5YtF8nehRYlCZueo3J6NlS89XhTjNDJn9CTG4ASh7a_OBn4&_nc_ohc=B6o2F0_ebz0Q7kNvwGz6Rwn&_nc_gid=qEqyH-pJtqK58V9VbPN-UA&edm=AJhczIQBAAAA&ccb=7-5&oh=00_Afov-rWJiNmEE2d4lGR7R6eWcyNfGnOublw_MbclAwpCQw&oe=69677D78&_nc_sid=4a2096,117,0,366,20,0,[],,https://www.threads.net/@rrrrrraaayyyyyy/post/DTRk0moDitB,[],"{'likes': 366, 'reposts': 20, 'quotes': 0}",threads,3805985104666176321,,,"I really should have read project 2025... I just saw a thread saying they want the US population down to 100mil?! 
We are 3 times that.

So this really is them trying to start a civil war.",threads,63435990058,rrrrrraaayyyyyy
[],2026-01-10T10:16:40.695623+07:00,"The U.K. and the E.U. should take swift action against Elon Musk. 

He’s been fomenting civil war in Europe for months. You don’t have to allow his child porn generator in your countries.",2026-01-10T04:27:38+07:00,,3806532487401838790,threads,threads.com,threads_crawler_v1,https://www.threads.net/@kolchak/post/DTThSEhkhjG,https://instagram.fhan3-3.fna.fbcdn.net/v/t51.2885-19/443513983_7246462938796131_2500572784274323111_n.jpg?stp=dst-jpg_s150x150_tt6&efg=eyJ2ZW5jb2RlX3RhZyI6InByb2ZpbGVfcGljLmRqYW5nby4xMDIyLmMyIn0&_nc_ht=instagram.fhan3-3.fna.fbcdn.net&_nc_cat=1&_nc_oc=Q6cZ2QGq14UMOzuyk0ifwLCD5YtF8nehRYlCZueo3J6NlS89XhTjNDJn9CTG4ASh7a_OBn4&_nc_ohc=TU9CeeQd_50Q7kNvwHCtUpo&_nc_gid=qEqyH-pJtqK58V9VbPN-UA&edm=AJhczIQBAAAA&ccb=7-5&oh=00_AfpzWcZT6xOxMz4g7se84MBcQTBHyNtYXYdBOwh4dmxZQg&oe=69677FEA&_nc_sid=4a2096,13,0,1120,124,0,[],,https://www.threads.net/@kolchak/post/DTThSEhkhjG,[],"{'likes': 1120, 'reposts': 120, 'quotes': 4}",threads,3806532487401838790,Ryan Anderson,,"The U.K. and the E.U. should take swift action against Elon Musk. 

He’s been fomenting civil war in Europe for months. You don’t have to allow his child porn generator in your countries.",threads,63653344449,kolchak
[],2026-01-10T10:16:40.695651+07:00,"Donald Trump is clear: he launched this war to remove a foreign leader and now he claims the U.S. will “run the country.”

In other words, Donald Trump wants the U.S. to be an occupying power and control the oil.",2026-01-04T03:05:52+07:00,,3802142580466125860,threads,threads.com,threads_crawler_v1,https://www.threads.net/@senadamschiff/post/DTD7IhGEgwk,https://instagram.fhan4-6.fna.fbcdn.net/v/t51.2885-19/412335690_1438358107114976_8683058769042435605_n.jpg?stp=dst-jpg_s150x150_tt6&efg=eyJ2ZW5jb2RlX3RhZyI6InByb2ZpbGVfcGljLmRqYW5nby4zNDIuYzIifQ&_nc_ht=instagram.fhan4-6.fna.fbcdn.net&_nc_cat=108&_nc_oc=Q6cZ2QGq14UMOzuyk0ifwLCD5YtF8nehRYlCZueo3J6NlS89XhTjNDJn9CTG4ASh7a_OBn4&_nc_ohc=QWaGKtQ9jboQ7kNvwGh-Q_D&_nc_gid=qEqyH-pJtqK58V9VbPN-UA&edm=AJhczIQBAAAA&ccb=7-5&oh=00_AfqVMdUI6825CQdzHyr9EvZgBRoKqJjUB27NQ0lDfelpyQ&oe=696796C7&_nc_sid=4a2096,955,0,5267,665,0,"['https://instagram.fhan4-5.fna.fbcdn.net/v/t51.2885-15/609459005_1227130786226702_7632024544541999993_n.jpg?stp=dst-jpg_e15_tt6&efg=eyJ2ZW5jb2RlX3RhZyI6InRocmVhZHMuRkVFRC5pbWFnZV91cmxnZW4uNjQweDM1OC5zZHIuZjcxODc4LmRlZmF1bHRfY292ZXJfZnJhbWUuYzIifQ&_nc_ht=instagram.fhan4-5.fna.fbcdn.net&_nc_cat=102&_nc_oc=Q6cZ2QGq14UMOzuyk0ifwLCD5YtF8nehRYlCZueo3J6NlS89XhTjNDJn9CTG4ASh7a_OBn4&_nc_ohc=bZrG84lO_r8Q7kNvwHcz1t6&_nc_gid=qEqyH-pJtqK58V9VbPN-UA&edm=AJhczIQBAAAA&ccb=7-5&ig_cache_key=MzgwMjE0MjU4MDQ2NjEyNTg2MA%3D%3D.3-ccb7-5&oh=00_Afr9odp7pyU9j4l1eNBdNTyVTPLhMX-2IZBV_h9oyyirGg&oe=6967A3AE&_nc_sid=4a2096', 'https://instagram.fhan3-3.fna.fbcdn.net/o1/v/t16/f2/m84/AQM9ZRKATwHYjQeJOanDVB7qYx18esBs844-iuk-BKXYk-B_xP9gyGQ7Y-SnxKn839F1LiJu_Z9ZK08GrhqKNMQufC1NX-8D-LI0obY.mp4?_nc_cat=101&_nc_oc=AdnM_XpFSAHTnXx_AQU7raiGxKUl0gOTskwEUOSJyYSKCAZc03z9OaFDkdQxSoJhWl4&_nc_sid=5e9851&_nc_ht=instagram.fhan3-3.fna.fbcdn.net&_nc_ohc=PvXcPg3ucdgQ7kNvwE4GThO&efg=eyJ2ZW5jb2RlX3RhZyI6Inhwdl9wcm9ncmVzc2l2ZS5JTlNUQUdSQU0uRkVFRC5DMy4xMjgwLmRhc2hfYmFzZWxpbmVfMV92MSIsInhwdl9hc3NldF9pZCI6MTE5MTkyNjY1OTY3MTk1MiwiYXNzZXRfYWdlX2RheXMiOjYsInZpX3VzZWNhc2VfaWQiOjEwMTY0LCJkdXJhdGlvbl9zIjozMywidXJsZ2VuX3NvdXJjZSI6Ind3dyJ9&ccb=17-1&_nc_gid=qEqyH-pJtqK58V9VbPN-UA&_nc_zt=28&vs=a054f01007f0b0f9&_nc_vs=HBksFQIYTGlnX2JhY2tmaWxsX3RpbWVsaW5lX3ZvZC9FOTQzMTE1REMxMzQzRTVFOEYwNDlGNzk2RDAxMzNBMV92aWRlb19kYXNoaW5pdC5tcDQVAALIARIAFQIYOnBhc3N0aHJvdWdoX2V2ZXJzdG9yZS9HQVBfUGlRVUdZWjFpazhEQUd4dmd5dVBuMHBSYnNwVEFRQUYVAgLIARIAKAAYABsCiAd1c2Vfb2lsATEScHJvZ3Jlc3NpdmVfcmVjaXBlATEVAAAmoJ6v0qGDngQVAigCQzMsF0BAlT987ZFoGBJkYXNoX2Jhc2VsaW5lXzFfdjERAHXqB2XongEA&oh=00_AfrWOe214CC5cVSYWqQgMMn_76Utcs4Uooy-iP2glkIMQQ&oe=69639267']",,https://www.threads.net/@senadamschiff/post/DTD7IhGEgwk,[],"{'likes': 5267, 'reposts': 613, 'quotes': 52}",threads,3802142580466125860,Senator Adam Schiff,,"Donald Trump is clear: he launched this war to remove a foreign leader and now he claims the U.S. will “run the country.”

In other words, Donald Trump wants the U.S. to be an occupying power and control the oil.",threads,63075542319,senadamschiff
[],2026-01-10T10:16:40.695682+07:00,"He’s threatened 6 countries in two days. 
War is coming.
Wake the fuck up.",2026-01-06T07:44:59+07:00,,3803732745037932712,threads,threads.com,threads_crawler_v1,https://www.threads.net/@titusnation/post/DTJksdQgeio,https://instagram.fhan3-3.fna.fbcdn.net/v/t51.2885-19/527384521_17922760359102571_8633720587347815500_n.jpg?stp=dst-jpg_s150x150_tt6&efg=eyJ2ZW5jb2RlX3RhZyI6InByb2ZpbGVfcGljLmRqYW5nby40NDQuYzIifQ&_nc_ht=instagram.fhan3-3.fna.fbcdn.net&_nc_cat=1&_nc_oc=Q6cZ2QGq14UMOzuyk0ifwLCD5YtF8nehRYlCZueo3J6NlS89XhTjNDJn9CTG4ASh7a_OBn4&_nc_ohc=jJno3nPfZi0Q7kNvwFlv4tx&_nc_gid=qEqyH-pJtqK58V9VbPN-UA&edm=AJhczIQBAAAA&ccb=7-5&oh=00_AfoVqdpx2AUiommvpf-3A0oWTrtKVrmcJrESqLszZkJM-A&oe=6967A7F5&_nc_sid=4a2096,632,0,26861,1589,0,[],,https://www.threads.net/@titusnation/post/DTJksdQgeio,[],"{'likes': 26861, 'reposts': 1552, 'quotes': 37}",threads,3803732745037932712,Christopher Titus,,"He’s threatened 6 countries in two days. 
War is coming.
Wake the fuck up.",threads,63085654570,titusnation
[],2026-01-10T10:16:40.695710+07:00,"Congress will reconvene in one week. 
 
When we return, we need four Republicans in Congress to stand with us and reassert that Congress, and only Congress, has the power to authorize military action against Venezuela. 
 
The new year cannot bring a new endless war over regime change.",2025-12-30T07:02:39+07:00,,3798638001547762503,threads,threads.com,threads_crawler_v1,https://www.threads.net/@senadamschiff/post/DS3eSLojdtH,https://instagram.fhan4-6.fna.fbcdn.net/v/t51.2885-19/412335690_1438358107114976_8683058769042435605_n.jpg?stp=dst-jpg_s150x150_tt6&efg=eyJ2ZW5jb2RlX3RhZyI6InByb2ZpbGVfcGljLmRqYW5nby4zNDIuYzIifQ&_nc_ht=instagram.fhan4-6.fna.fbcdn.net&_nc_cat=108&_nc_oc=Q6cZ2QGq14UMOzuyk0ifwLCD5YtF8nehRYlCZueo3J6NlS89XhTjNDJn9CTG4ASh7a_OBn4&_nc_ohc=QWaGKtQ9jboQ7kNvwGh-Q_D&_nc_gid=qEqyH-pJtqK58V9VbPN-UA&edm=AJhczIQBAAAA&ccb=7-5&oh=00_AfqVMdUI6825CQdzHyr9EvZgBRoKqJjUB27NQ0lDfelpyQ&oe=696796C7&_nc_sid=4a2096,5771,0,22442,1749,0,[],,https://www.threads.net/@senadamschiff/post/DS3eSLojdtH,[],"{'likes': 22442, 'reposts': 1478, 'quotes': 271}",threads,3798638001547762503,Senator Adam Schiff,,"Congress will reconvene in one week. 
 
When we return, we need four Republicans in Congress to stand with us and reassert that Congress, and only Congress, has the power to authorize military action against Venezuela. 
 
The new year cannot bring a new endless war over regime change.",threads,63075542319,senadamschiff
[],2026-01-10T10:16:40.695737+07:00,"That one person can drag us into a war without consulting or even notifying Congress, or our allies, or fully explaining to the American people why this is necessary, is absolutely bonkers. 

Reminder that Congress has the power to stop all of this. Where the hell are they?",2026-01-04T03:01:21+07:00,,3802140326680950530,threads,threads.com,threads_crawler_v1,https://www.threads.net/@rbreich/post/DTD6nuGAXcC,https://instagram.fhan3-3.fna.fbcdn.net/v/t51.2885-19/357765779_231441669706617_1504824624572521742_n.jpg?stp=dst-jpg_s150x150_tt6&efg=eyJ2ZW5jb2RlX3RhZyI6InByb2ZpbGVfcGljLmRqYW5nby4xMDgwLmMyIn0&_nc_ht=instagram.fhan3-3.fna.fbcdn.net&_nc_cat=1&_nc_oc=Q6cZ2QGq14UMOzuyk0ifwLCD5YtF8nehRYlCZueo3J6NlS89XhTjNDJn9CTG4ASh7a_OBn4&_nc_ohc=E6mvpC2_VFoQ7kNvwG77l91&_nc_gid=qEqyH-pJtqK58V9VbPN-UA&edm=AJhczIQBAAAA&ccb=7-5&oh=00_AfrJcrEOQTD2lQbkf2DIUBSlMkkIS5uBICv1sB0yh_xlQQ&oe=69677EF6&_nc_sid=4a2096,582,0,16097,1366,0,[],,https://www.threads.net/@rbreich/post/DTD6nuGAXcC,[],"{'likes': 16097, 'reposts': 1321, 'quotes': 45}",threads,3802140326680950530,Robert Reich,,"That one person can drag us into a war without consulting or even notifying Congress, or our allies, or fully explaining to the American people why this is necessary, is absolutely bonkers. 

Reminder that Congress has the power to stop all of this. Where the hell are they?",threads,63302668092,rbreich
[],2026-01-10T10:16:40.695766+07:00,"> THE FRIDAY FRACTURE. 📉🚨
While the world watches the kinetic war in Ukraine, the Empire just opened new fronts on every level.
1. The Sovereignty War:
Trump has announced bombing operations inside Mexico.
The signal is clear: Borders are now optional. Jurisdiction is kinetic.
The war is no longer ""over there""—it is at the doorstep.
(Data Continued below 👇)",2026-01-09T16:00:34+07:00,,3806156504278277178,threads,threads.com,threads_crawler_v1,https://www.threads.net/@umbrastrategy/post/DTSLyy9DJw6,https://instagram.fhan4-5.fna.fbcdn.net/v/t51.2885-19/611136290_17845601157666591_6450853006557162816_n.jpg?stp=dst-jpg_s150x150_tt6&efg=eyJ2ZW5jb2RlX3RhZyI6InByb2ZpbGVfcGljLmRqYW5nby4xMDgwLmMyIn0&_nc_ht=instagram.fhan4-5.fna.fbcdn.net&_nc_cat=103&_nc_oc=Q6cZ2QGq14UMOzuyk0ifwLCD5YtF8nehRYlCZueo3J6NlS89XhTjNDJn9CTG4ASh7a_OBn4&_nc_ohc=yTD1X623tfcQ7kNvwGhMpJL&_nc_gid=qEqyH-pJtqK58V9VbPN-UA&edm=AJhczIQBAAAA&ccb=7-5&oh=00_AfoI5am1-3aswtzuHnfa7SGB7NO4foNkXVuKgXPOzAINAQ&oe=6967946B&_nc_sid=4a2096,2,0,2,0,0,['https://instagram.fhan4-1.fna.fbcdn.net/v/t51.2885-15/612571826_26195012986759073_1025315752579756295_n.jpg?stp=dst-jpg_e15_tt6&efg=eyJ2ZW5jb2RlX3RhZyI6InRocmVhZHMuQ0FST1VTRUxfSVRFTS5pbWFnZV91cmxnZW4uNjQweDM2Mi5zZHIuZjcxODc4LmRlZmF1bHRfY292ZXJfZnJhbWUuYzIifQ&_nc_ht=instagram.fhan4-1.fna.fbcdn.net&_nc_cat=105&_nc_oc=Q6cZ2QGq14UMOzuyk0ifwLCD5YtF8nehRYlCZueo3J6NlS89XhTjNDJn9CTG4ASh7a_OBn4&_nc_ohc=9JF7NorMYO0Q7kNvwHj81RK&_nc_gid=qEqyH-pJtqK58V9VbPN-UA&edm=AJhczIQBAAAA&ccb=7-5&ig_cache_key=MzgwNjE1NjE0NTY1Njg4OTc0Ng%3D%3D.3-ccb7-5&oh=00_AfpaUvoxKB6pLzMj_WTqUyES93_nsMPhIEGtMkBbJMFr5Q&oe=6967A6A2&_nc_sid=4a2096'],,https://www.threads.net/@umbrastrategy/post/DTSLyy9DJw6,[],"{'likes': 2, 'reposts': 0, 'quotes': 0}",threads,3806156504278277178,Umbra Strategy,,"> THE FRIDAY FRACTURE. 📉🚨
While the world watches the kinetic war in Ukraine, the Empire just opened new fronts on every level.
1. The Sovereignty War:
Trump has announced bombing operations inside Mexico.
The signal is clear: Borders are now optional. Jurisdiction is kinetic.
The war is no longer ""over there""—it is at the doorstep.
(Data Continued below 👇)",threads,80014946590,umbrastrategy
[],2026-01-10T10:16:40.695796+07:00,I voted for Trump & if he could run for a 3rd election; I'd vote for him again. He's done more good for this country in almost a year than Obama & Biden the 12 yrs. they were in office. Take the blinders off & look at the overall pic.,2026-01-01T03:40:42+07:00,,3799985912944755869,threads,threads.com,threads_crawler_v1,https://www.threads.net/@kayewood81/post/DS8Qw38j4Sd,https://instagram.fhan4-5.fna.fbcdn.net/v/t51.2885-19/539028403_17844151785561158_9110021266124346644_n.jpg?stp=dst-jpg_s150x150_tt6&efg=eyJ2ZW5jb2RlX3RhZyI6InByb2ZpbGVfcGljLmRqYW5nby45NTMuYzIifQ&_nc_ht=instagram.fhan4-5.fna.fbcdn.net&_nc_cat=102&_nc_oc=Q6cZ2QGq14UMOzuyk0ifwLCD5YtF8nehRYlCZueo3J6NlS89XhTjNDJn9CTG4ASh7a_OBn4&_nc_ohc=H2WKfG5hsrAQ7kNvwG3kDxP&_nc_gid=qEqyH-pJtqK58V9VbPN-UA&edm=AJhczIQBAAAA&ccb=7-5&oh=00_AfpTEQSCeNGXKGU-0OpWyuDcfmiRMPx9dDbHBFJi1fHNHA&oe=6967A876&_nc_sid=4a2096,1805,0,449,13,0,[],,https://www.threads.net/@kayewood81/post/DS8Qw38j4Sd,[],"{'likes': 449, 'reposts': 8, 'quotes': 5}",threads,3799985912944755869,Kaye Woodard,,I voted for Trump & if he could run for a 3rd election; I'd vote for him again. He's done more good for this country in almost a year than Obama & Biden the 12 yrs. they were in office. Take the blinders off & look at the overall pic.,threads,76884321157,kayewood81
[],2026-01-10T10:16:40.695825+07:00,Exactly right.,2025-08-16T15:27:12+07:00,,3700322445830412434,threads,threads.com,threads_crawler_v1,https://www.threads.net/@joeymannarinous/post/DNaL6jKIFiS,https://instagram.fhan3-3.fna.fbcdn.net/v/t51.2885-19/527551925_18053057711570203_8697601701913754327_n.jpg?stp=dst-jpg_s150x150_tt6&efg=eyJ2ZW5jb2RlX3RhZyI6InByb2ZpbGVfcGljLmRqYW5nby4xMDI0LmMyIn0&_nc_ht=instagram.fhan3-3.fna.fbcdn.net&_nc_cat=1&_nc_oc=Q6cZ2QGq14UMOzuyk0ifwLCD5YtF8nehRYlCZueo3J6NlS89XhTjNDJn9CTG4ASh7a_OBn4&_nc_ohc=gpyrGt7w9SQQ7kNvwHRz2EW&_nc_gid=qEqyH-pJtqK58V9VbPN-UA&edm=AJhczIQBAAAA&ccb=7-5&oh=00_AfrkiO6_WmXhu2zw00yjN01HiMux25woNsKndj4-mDOKFQ&oe=6967A41D&_nc_sid=4a2096,4985,0,2347,82,0,['https://instagram.fhan3-2.fna.fbcdn.net/v/t51.2885-15/534798571_18054231509570203_5673471070731982306_n.jpg?stp=dst-jpg_e35_tt6&efg=eyJ2ZW5jb2RlX3RhZyI6InRocmVhZHMuRkVFRC5pbWFnZV91cmxnZW4uOTk3eDg1Ni5zZHIuZjgyNzg3LmRlZmF1bHRfaW1hZ2UuYzIifQ&_nc_ht=instagram.fhan3-2.fna.fbcdn.net&_nc_cat=107&_nc_oc=Q6cZ2QGq14UMOzuyk0ifwLCD5YtF8nehRYlCZueo3J6NlS89XhTjNDJn9CTG4ASh7a_OBn4&_nc_ohc=aCPQefVm6Y8Q7kNvwFPF6TA&_nc_gid=qEqyH-pJtqK58V9VbPN-UA&edm=AJhczIQBAAAA&ccb=7-5&ig_cache_key=MzcwMDMyMjQ0NTgzMDQxMjQzNA%3D%3D.3-ccb7-5&oh=00_AforVsloJe_g1u-rb-dC7Am63JYvQSj67We2GdV9AHSyfA&oe=6967952B&_nc_sid=4a2096'],,https://www.threads.net/@joeymannarinous/post/DNaL6jKIFiS,[],"{'likes': 2347, 'reposts': 57, 'quotes': 25}",threads,3700322445830412434,Joey Mannarino,,Exactly right.,threads,63251249674,joeymannarinous
[],2026-01-10T10:16:40.695867+07:00,"Never has a President wagged a dog harder than Donald Trump and MAGA right now.

To distract from the Epstein files, the explosion of health and homeowners insurance costs, and the tariffs that are decimating our small businesses, Trump is plunging this country into a foreign war and using our American soldiers as pawns.

Look at every promise Trump made when he ran for President - and see how he has done the exact opposite of what he said he would do. Time to call BS on the whole thing.",2026-01-05T00:14:38+07:00,,3802781297006439671,threads,threads.com,threads_crawler_v1,https://www.threads.net/@govpritzker/post/DTGMXEOkWz3,https://instagram.fhan3-3.fna.fbcdn.net/v/t51.2885-19/505139932_17909416449116910_6532007821198847508_n.jpg?stp=dst-jpg_s150x150_tt6&efg=eyJ2ZW5jb2RlX3RhZyI6InByb2ZpbGVfcGljLmRqYW5nby4zMjAuYzIifQ&_nc_ht=instagram.fhan3-3.fna.fbcdn.net&_nc_cat=1&_nc_oc=Q6cZ2QGq14UMOzuyk0ifwLCD5YtF8nehRYlCZueo3J6NlS89XhTjNDJn9CTG4ASh7a_OBn4&_nc_ohc=WVrC4Tkk4RcQ7kNvwFVkBJC&_nc_gid=qEqyH-pJtqK58V9VbPN-UA&edm=AJhczIQBAAAA&ccb=7-5&oh=00_AfrFHgXklmG7_qgX_3adpkaowTdfBev8qBKp_ka6s2MH6Q&oe=696794D9&_nc_sid=4a2096,972,0,25130,2925,0,[],,https://www.threads.net/@govpritzker/post/DTGMXEOkWz3,[],"{'likes': 25130, 'reposts': 2826, 'quotes': 99}",threads,3802781297006439671,Governor JB Pritzker,,"Never has a President wagged a dog harder than Donald Trump and MAGA right now.

To distract from the Epstein files, the explosion of health and homeowners insurance costs, and the tariffs that are decimating our small businesses, Trump is plunging this country into a foreign war and using our American soldiers as pawns.

Look at every promise Trump made when he ran for President - and see how he has done the exact opposite of what he said he would do. Time to call BS on the whole thing.",threads,63369588909,govpritzker
[],2026-01-10T10:16:40.695905+07:00,NEWS: The United States Senate will be voting on a war powers resolution to stop additional military action in Venezuela next week.,2026-01-04T02:11:35+07:00,,3802115385471339598,threads,threads.com,threads_crawler_v1,https://www.threads.net/@aaronparnas/post/DTD08xyEQxO,https://instagram.fhan3-3.fna.fbcdn.net/v/t51.2885-19/363308494_227453469765682_4538736073011655090_n.jpg?stp=dst-jpg_s150x150_tt6&efg=eyJ2ZW5jb2RlX3RhZyI6InByb2ZpbGVfcGljLmRqYW5nby4xMDgwLmMyIn0&_nc_ht=instagram.fhan3-3.fna.fbcdn.net&_nc_cat=1&_nc_oc=Q6cZ2QGq14UMOzuyk0ifwLCD5YtF8nehRYlCZueo3J6NlS89XhTjNDJn9CTG4ASh7a_OBn4&_nc_ohc=wGkFwgQgORYQ7kNvwGDL3Ek&_nc_gid=qEqyH-pJtqK58V9VbPN-UA&edm=AJhczIQBAAAA&ccb=7-5&oh=00_AfpnfeALhPbfHcgUI0UzSx3PqKFxQBGVDauLgOGUcgs-ig&oe=6967A23B&_nc_sid=4a2096,1912,0,22192,1130,0,[],,https://www.threads.net/@aaronparnas/post/DTD08xyEQxO,[],"{'likes': 22192, 'reposts': 1040, 'quotes': 90}",threads,3802115385471339598,Aaron Parnas,,NEWS: The United States Senate will be voting on a war powers resolution to stop additional military action in Venezuela next week.,threads,63265609167,aaronparnas
[],2026-01-10T10:16:40.695960+07:00,"@pete.buttigieg: ""When a president is growing unpopular and their economy is getting weaker, it's not unusual for them to turn to foreign war as an attempt to divert resources and attention from their failures at home.""",2026-01-09T23:56:40+07:00,,3805969716846994279,threads,threads.com,threads_crawler_v1,https://www.threads.net/@briantylercohen/post/DTRhUrmjyNn,https://instagram.fhan3-3.fna.fbcdn.net/v/t51.2885-19/358217245_774449531040315_2994135614949543139_n.jpg?stp=dst-jpg_s150x150_tt6&efg=eyJ2ZW5jb2RlX3RhZyI6InByb2ZpbGVfcGljLmRqYW5nby4xMDgwLmMyIn0&_nc_ht=instagram.fhan3-3.fna.fbcdn.net&_nc_cat=1&_nc_oc=Q6cZ2QGq14UMOzuyk0ifwLCD5YtF8nehRYlCZueo3J6NlS89XhTjNDJn9CTG4ASh7a_OBn4&_nc_ohc=NVXsmW18ZFUQ7kNvwEnbwgS&_nc_gid=qEqyH-pJtqK58V9VbPN-UA&edm=AJhczIQBAAAA&ccb=7-5&oh=00_AfqjndZLCQfSpLB8Om8FV8QsCqthqyM3Bryek6Eoohcc9Q&oe=69679795&_nc_sid=4a2096,10,0,719,86,0,"['https://instagram.fhan4-5.fna.fbcdn.net/v/t51.2885-15/610641141_927692906486042_2196499606161222682_n.jpg?stp=dst-jpg_e15_tt6&efg=eyJ2ZW5jb2RlX3RhZyI6InRocmVhZHMuRkVFRC5pbWFnZV91cmxnZW4uNjQweDM2MC5zZHIuZjcxODc4LmRlZmF1bHRfY292ZXJfZnJhbWUuYzIifQ&_nc_ht=instagram.fhan4-5.fna.fbcdn.net&_nc_cat=102&_nc_oc=Q6cZ2QGq14UMOzuyk0ifwLCD5YtF8nehRYlCZueo3J6NlS89XhTjNDJn9CTG4ASh7a_OBn4&_nc_ohc=PHrhNS0SpcwQ7kNvwHvJrqL&_nc_gid=qEqyH-pJtqK58V9VbPN-UA&edm=AJhczIQBAAAA&ccb=7-5&ig_cache_key=MzgwNTk2OTcxNjg0Njk5NDI3OQ%3D%3D.3-ccb7-5&oh=00_AfpDLJggZ_ePKhG_n3ntyihbJRhOcQeynLxLQjp0AahE9Q&oe=696797AF&_nc_sid=4a2096', 'https://instagram.fhan3-4.fna.fbcdn.net/o1/v/t16/f2/m84/AQMY7gYwaw6bREptZzqfSfh91A4w8DAd9alxmtmKlPI2eoZ8qXLigngB3C7J6GWPmMi_3zRO6IYWt6qq84vIRM5G4a6uKL9VsYac9Kc.mp4?_nc_cat=106&_nc_oc=AdnBW4QlMzRrdDDfj9CaGCYAyBlzpTejt6VljsSoR9fFZePL6W4UprsHzyo8wSU14ak&_nc_sid=5e9851&_nc_ht=instagram.fhan3-4.fna.fbcdn.net&_nc_ohc=i2gcLBqfLeUQ7kNvwE3icI3&efg=eyJ2ZW5jb2RlX3RhZyI6Inhwdl9wcm9ncmVzc2l2ZS5JTlNUQUdSQU0uRkVFRC5DMy4xMjgwLmRhc2hfYmFzZWxpbmVfMV92MSIsInhwdl9hc3NldF9pZCI6MTYzNDI5NTAzMDkxNjU5MiwiYXNzZXRfYWdlX2RheXMiOjEsInZpX3VzZWNhc2VfaWQiOjEwMTY0LCJkdXJhdGlvbl9zIjo0NiwidXJsZ2VuX3NvdXJjZSI6Ind3dyJ9&ccb=17-1&_nc_gid=qEqyH-pJtqK58V9VbPN-UA&_nc_zt=28&vs=3c0282d1732bb439&_nc_vs=HBksFQIYTGlnX2JhY2tmaWxsX3RpbWVsaW5lX3ZvZC80MDQ0NkNBMEJCRkQ2MEFDMzY1QjQ1MThDRkJGNTNBOV92aWRlb19kYXNoaW5pdC5tcDQVAALIARIAFQIYOnBhc3N0aHJvdWdoX2V2ZXJzdG9yZS9HTEdaWFNUeUF0UjM4Zm9FQUFKZHFtdDZSRGRIYnNwVEFRQUYVAgLIARIAKAAYABsCiAd1c2Vfb2lsATEScHJvZ3Jlc3NpdmVfcmVjaXBlATEVAAAm4Je17L6Y5wUVAigCQzMsF0BHdeNT987ZGBJkYXNoX2Jhc2VsaW5lXzFfdjERAHXqB2XongEA&oh=00_AfrB1fFT2PHH2FjTJWoOZvTLuCgE5tzMaVJXJoRZAWP47Q&oe=6963939E']",,https://www.threads.net/@briantylercohen/post/DTRhUrmjyNn,[],"{'likes': 719, 'reposts': 82, 'quotes': 4}",threads,3805969716846994279,Brian Tyler Cohen,,"@pete.buttigieg: ""When a president is growing unpopular and their economy is getting weaker, it's not unusual for them to turn to foreign war as an attempt to divert resources and attention from their failures at home.""",threads,63417587429,briantylercohen
[],2026-01-10T10:16:40.695993+07:00,"Germany says if Trump takes Greenland, “we take every single base of the Americans from Aviano to Ramstein, from Romania, to all the other military bases will be confiscated, and you will lose it, and the whole position of American power since World War II, if you take Greenland, you have to leave,” Fehlinger said in the clip.",2026-01-08T23:21:36+07:00,,3805653705954385336,threads,threads.com,threads_crawler_v1,https://www.threads.net/@holt.virginia/post/DTQZeHhj124,https://instagram.fpat3-2.fna.fbcdn.net/v/t51.2885-19/573323465_1219825463302212_7278921664109726296_n.png?stp=dst-jpg_e0_s150x150_tt6&efg=eyJ2ZW5jb2RlX3RhZyI6InByb2ZpbGVfcGljLmRqYW5nby4xNTAuYzIifQ&_nc_ht=instagram.fpat3-2.fna.fbcdn.net&_nc_cat=1&_nc_oc=Q6cZ2QHHEJvZTxOfcrLCshQMW_NWVGf3Qr5uBxjuPPVAJq1shCYDtHrcAG5zLMihHjHdWgU72IWimVYlIgLZga-Y35bl&_nc_ohc=jFezCB5ZvcgQ7kNvwH3m9Uk&_nc_gid=4WgwMnFK-b56pJcP-vshPg&edm=AFs-eF8BAAAA&ccb=7-5&ig_cache_key=YW5vbnltb3VzX3Byb2ZpbGVfcGlj.3-ccb7-5&oh=00_AfroKLMuxFnRE2LVgkUR2zkhPP1pKvcG_DPDL5bcrfTktw&oe=696789AA&_nc_sid=72eed0,143,0,4927,419,0,[],,https://www.threads.net/@holt.virginia/post/DTQZeHhj124,[],"{'likes': 4927, 'reposts': 403, 'quotes': 16}",threads,3805653705954385336,Virginia Holt,,"Germany says if Trump takes Greenland, “we take every single base of the Americans from Aviano to Ramstein, from Romania, to all the other military bases will be confiscated, and you will lose it, and the whole position of American power since World War II, if you take Greenland, you have to leave,” Fehlinger said in the clip.￼",threads,66897526584,holt.virginia
[],2026-01-10T10:16:40.696025+07:00,"Its obvious that the 3 major powers are going full Imperial mode. 

USA will take Denmark, and what it wants of South America.

In exchange, Russia will get Ukraine and likely re-absorb many of the Stans.

China will take Taiwan, keep expanding its dominance in the Ocean and likely cause trouble for its neighbors 

The EU will take nothing. They will spend the next 10 years, if allowed, building up a massive defense force to try and become relevant again in a world where power law",2026-01-08T23:27:26+07:00,,3805656645834449156,threads,threads.com,threads_crawler_v1,https://www.threads.net/@chefdizzy123/post/DTQaI5gESEE,https://instagram.fhan3-2.fna.fbcdn.net/v/t51.2885-19/530060428_18421065169103683_552690136754633144_n.jpg?stp=dst-jpg_s150x150_tt6&efg=eyJ2ZW5jb2RlX3RhZyI6InByb2ZpbGVfcGljLmRqYW5nby45NTYuYzIifQ&_nc_ht=instagram.fhan3-2.fna.fbcdn.net&_nc_cat=107&_nc_oc=Q6cZ2QErx4egxzWR37l6ZZqyOCNeiF5HHGJ-23Yw1823hptlX78G34dQs1EwutWQSiUK29c&_nc_ohc=mlStr0STOTEQ7kNvwG-35MT&_nc_gid=oaE9h3zi88lMeHlXp-xCGw&edm=AJhczIQBAAAA&ccb=7-5&oh=00_Afr-6LANMqBIpd8RYq8noLHU22HWTbrGridM7r5uyYETOw&oe=6967B07A&_nc_sid=4a2096,13,0,64,1,0,[],,https://www.threads.net/@chefdizzy123/post/DTQaI5gESEE,[],"{'likes': 64, 'reposts': 1, 'quotes': 0}",threads,3805656645834449156,Michael Diamond,World war 3,"Its obvious that the 3 major powers are going full Imperial mode. 

USA will take Denmark, and what it wants of South America.

In exchange, Russia will get Ukraine and likely re-absorb many of the Stans.

China will take Taiwan, keep expanding its dominance in the Ocean and likely cause trouble for its neighbors 

The EU will take nothing. They will spend the next 10 years, if allowed, building up a massive defense force to try and become relevant again in a world where power law",threads,76218254709,chefdizzy123
[],2026-01-10T10:16:40.696054+07:00,Is there anyone here from Ukraine. I would like to know what it’s really like at your place. There is so much misinformation on the internet.,2025-12-08T14:24:45+07:00,,3782915453908873126,threads,threads.com,threads_crawler_v1,https://www.threads.net/@whiskey_6545/post/DR_nZAFku-m,https://instagram.fhan3-4.fna.fbcdn.net/v/t51.2885-19/591174836_17850596487598662_5494307481302441963_n.jpg?stp=dst-jpg_s150x150_tt6&efg=eyJ2ZW5jb2RlX3RhZyI6InByb2ZpbGVfcGljLmRqYW5nby4xMDgwLmMyIn0&_nc_ht=instagram.fhan3-4.fna.fbcdn.net&_nc_cat=106&_nc_oc=Q6cZ2QErx4egxzWR37l6ZZqyOCNeiF5HHGJ-23Yw1823hptlX78G34dQs1EwutWQSiUK29c&_nc_ohc=QmorjlLofGYQ7kNvwH2enps&_nc_gid=oaE9h3zi88lMeHlXp-xCGw&edm=AJhczIQBAAAA&ccb=7-5&oh=00_AfpF9Ono8eOrHIIXobySIiMidrCMImI8qibMBQaIsCGCFQ&oe=6967A437&_nc_sid=4a2096,763,0,1504,28,0,[],,https://www.threads.net/@whiskey_6545/post/DR_nZAFku-m,[],"{'likes': 1504, 'reposts': 24, 'quotes': 4}",threads,3782915453908873126,snuffles,,Is there anyone here from Ukraine. I would like to know what it’s really like at your place. There is so much misinformation on the internet.,threads,77817630661,whiskey_6545
[],2026-01-10T10:16:40.696084+07:00,"Putin says he invaded Ukraine to stop the ""genocide"" in Donbas.

Here is UN data for documented civilian war deaths per month in 2021 (in brackets: including civilians killed by active fighting), on both sides:
- Jan: 0 (0)
- Feb: 4 (0)
- Mar: 5 (1)
- Apr: 3 (1)
- May: 3 (2)
- Jun: 0 (0)
- Jul: 0 (0)
- Aug: 7 (2)
- Sep: 0 (0)
- Oct: 2 (1)
- Nov: 0 (0)
- Dec: 1 (0).
A total of 25 (7) deaths.

UN documented civilian war deaths, after the invasion began, in March 2022: 4,163.

Let that sink in.",2026-01-10T00:07:06+07:00,,3806401381352136129,threads,threads.com,threads_crawler_v1,https://www.threads.net/@adi_from_orion/post/DTTDeOgDN3B,https://instagram.fhan4-6.fna.fbcdn.net/v/t51.2885-19/555488425_17843616228583280_1177191002605641963_n.jpg?stp=dst-jpg_s150x150_tt6&efg=eyJ2ZW5jb2RlX3RhZyI6InByb2ZpbGVfcGljLmRqYW5nby45NjAuYzIifQ&_nc_ht=instagram.fhan4-6.fna.fbcdn.net&_nc_cat=108&_nc_oc=Q6cZ2QErx4egxzWR37l6ZZqyOCNeiF5HHGJ-23Yw1823hptlX78G34dQs1EwutWQSiUK29c&_nc_ohc=yndi4acTdZsQ7kNvwEehfwe&_nc_gid=oaE9h3zi88lMeHlXp-xCGw&edm=AJhczIQBAAAA&ccb=7-5&oh=00_AfqKSJJY3Kc9w75Npn0dgrfI-I6bhdegQyyY_oqwabmIVw&oe=6967AF4A&_nc_sid=4a2096,7,0,36,2,0,[],,https://www.threads.net/@adi_from_orion/post/DTTDeOgDN3B,[],"{'likes': 36, 'reposts': 2, 'quotes': 0}",threads,3806401381352136129,Adrian Zarański,RussiaUkraineWar,"Putin says he invaded Ukraine to stop the ""genocide"" in Donbas.

Here is UN data for documented civilian war deaths per month in 2021 (in brackets: including civilians killed by active fighting), on both sides:
- Jan: 0 (0)
- Feb: 4 (0)
- Mar: 5 (1)
- Apr: 3 (1)
- May: 3 (2)
- Jun: 0 (0)
- Jul: 0 (0)
- Aug: 7 (2)
- Sep: 0 (0)
- Oct: 2 (1)
- Nov: 0 (0)
- Dec: 1 (0).
A total of 25 (7) deaths.

UN documented civilian war deaths, after the invasion began, in March 2022: 4,163.

Let that sink in.",threads,77346255279,adi_from_orion
[],2026-01-10T10:16:40.696131+07:00,"Given the option of being able to kidnap any world leader, U.K. Defense Secretary John Healey told the Kyiv Independent he would ""take (Russian President Vladimir) Putin into custody and hold him accountable for war crimes.”",2026-01-10T02:52:09+07:00,,3806484456354121497,threads,threads.com,threads_crawler_v1,https://www.threads.net/@kyivindependent_official/post/DTTWXIICIcZ,https://instagram.fhan3-2.fna.fbcdn.net/v/t51.2885-19/358018618_1033695304675483_3296316065792812035_n.jpg?stp=dst-jpg_s150x150_tt6&efg=eyJ2ZW5jb2RlX3RhZyI6InByb2ZpbGVfcGljLmRqYW5nby4zMjAuYzIifQ&_nc_ht=instagram.fhan3-2.fna.fbcdn.net&_nc_cat=107&_nc_oc=Q6cZ2QErx4egxzWR37l6ZZqyOCNeiF5HHGJ-23Yw1823hptlX78G34dQs1EwutWQSiUK29c&_nc_ohc=fdp5vx-9g1AQ7kNvwHK7O6w&_nc_gid=oaE9h3zi88lMeHlXp-xCGw&edm=AJhczIQBAAAA&ccb=7-5&oh=00_Afo5oSEbLO4HQaWkhgQqN8JmrXKGxxo_VoRSgUNowGYM4w&oe=6967947D&_nc_sid=4a2096,3,0,141,11,0,[],,https://www.threads.net/@kyivindependent_official/post/DTTWXIICIcZ,[],"{'likes': 141, 'reposts': 11, 'quotes': 0}",threads,3806484456354121497,Kyiv Independent,,"Given the option of being able to kidnap any world leader, U.K. Defense Secretary John Healey told the Kyiv Independent he would ""take (Russian President Vladimir) Putin into custody and hold him accountable for war crimes.”",threads,63461945294,kyivindependent_official
[],2026-01-10T10:16:40.696184+07:00,"Trump has threatened military action against 6 different countries in the past 24 hours. But no more war, right???",2026-01-06T06:26:12+07:00,,3803693086737031065,threads,threads.com,threads_crawler_v1,https://www.threads.net/@harryjsisson/post/DTJbrWlkd-Z,https://instagram.fhan3-3.fna.fbcdn.net/v/t51.2885-19/434463691_382760237960861_6068795526372649491_n.jpg?stp=dst-jpg_s150x150_tt6&efg=eyJ2ZW5jb2RlX3RhZyI6InByb2ZpbGVfcGljLmRqYW5nby4xMDgwLmMyIn0&_nc_ht=instagram.fhan3-3.fna.fbcdn.net&_nc_cat=1&_nc_oc=Q6cZ2QErx4egxzWR37l6ZZqyOCNeiF5HHGJ-23Yw1823hptlX78G34dQs1EwutWQSiUK29c&_nc_ohc=ZdA9MBDbmFkQ7kNvwFcZe0W&_nc_gid=oaE9h3zi88lMeHlXp-xCGw&edm=AJhczIQBAAAA&ccb=7-5&oh=00_AfrDJXVVNo-K7Zwt1KWilfOj2CrJc_qeLQm16-0gZcdo3Q&oe=6967A04F&_nc_sid=4a2096,503,0,10564,519,0,[],,https://www.threads.net/@harryjsisson/post/DTJbrWlkd-Z,[],"{'likes': 10564, 'reposts': 500, 'quotes': 19}",threads,3803693086737031065,Harry Sisson,,"Trump has threatened military action against 6 different countries in the past 24 hours. But no more war, right???",threads,63282452293,harryjsisson
[],2026-01-10T10:16:40.696226+07:00,How long do you think it’ll take Russia to invade Alaska if the US goes to war wwith NATO? Distractive opportunities like that don’t come around all that often.,2026-01-10T04:51:08+07:00,,3806544338877356475,threads,threads.com,threads_crawler_v1,https://www.threads.net/@kruchakcreative/post/DTTj-iEjxm7,https://instagram.fhan3-3.fna.fbcdn.net/v/t51.2885-19/358167030_1392187321629529_7609774247590525038_n.jpg?stp=dst-jpg_s150x150_tt6&efg=eyJ2ZW5jb2RlX3RhZyI6InByb2ZpbGVfcGljLmRqYW5nby43NzYuYzIifQ&_nc_ht=instagram.fhan3-3.fna.fbcdn.net&_nc_cat=101&_nc_oc=Q6cZ2QErx4egxzWR37l6ZZqyOCNeiF5HHGJ-23Yw1823hptlX78G34dQs1EwutWQSiUK29c&_nc_ohc=SWRVuQuWliMQ7kNvwFv62kW&_nc_gid=oaE9h3zi88lMeHlXp-xCGw&edm=AJhczIQBAAAA&ccb=7-5&oh=00_AfqNd-xstV7JF-F2G8iZ5nkZ2N9fETZkNkPoLy9a-Mp_Ow&oe=69679911&_nc_sid=4a2096,10,0,10,2,0,[],,https://www.threads.net/@kruchakcreative/post/DTTj-iEjxm7,[],"{'likes': 10, 'reposts': 2, 'quotes': 0}",threads,3806544338877356475,Bernie Kruchak,,How long do you think it’ll take Russia to invade Alaska if the US goes to war wwith NATO? Distractive opportunities like that don’t come around all that often.,threads,63279392227,kruchakcreative
[],2026-01-10T10:16:40.696256+07:00,"The United States under Trump is willing and ready to go to war with NATO. 
I can't believe what we are witnessing.",2026-01-07T08:25:40+07:00,,3804477989703520773,threads,threads.com,threads_crawler_v1,https://www.threads.net/@joshuaclements89/post/DTMOJMcEhIF,https://instagram.fhan4-1.fna.fbcdn.net/v/t51.2885-19/590571917_18545205955014797_5459280644070556715_n.jpg?stp=dst-jpg_s150x150_tt6&efg=eyJ2ZW5jb2RlX3RhZyI6InByb2ZpbGVfcGljLmRqYW5nby4xMDgwLmMyIn0&_nc_ht=instagram.fhan4-1.fna.fbcdn.net&_nc_cat=105&_nc_oc=Q6cZ2QErx4egxzWR37l6ZZqyOCNeiF5HHGJ-23Yw1823hptlX78G34dQs1EwutWQSiUK29c&_nc_ohc=7K1SPxYkqJAQ7kNvwHMNTrw&_nc_gid=oaE9h3zi88lMeHlXp-xCGw&edm=AJhczIQBAAAA&ccb=7-5&oh=00_AfoMt0Mk4MQyCppyWUlTzHN22BiQTs0uEEMuYJNAUK2hsA&oe=69677D8B&_nc_sid=4a2096,45,0,417,29,0,[],,https://www.threads.net/@joshuaclements89/post/DTMOJMcEhIF,[],"{'likes': 417, 'reposts': 28, 'quotes': 1}",threads,3804477989703520773,Josh Clements,,"The United States under Trump is willing and ready to go to war with NATO. 
I can't believe what we are witnessing.",threads,63244511227,joshuaclements89
[],2026-01-10T10:16:40.696284+07:00,"This DoD review is clearly designed to shrink the number of women who bravely serve in combat roles, which would be devastating to our military readiness.

Women have always made our military stronger—

And they're more qualified to serve in combat than Hegseth is to be SecDef.",2026-01-08T06:15:15+07:00,,3805137131514920145,threads,threads.com,threads_crawler_v1,https://www.threads.net/@senduckworth/post/DTOkA-FmHzR,https://instagram.fhan3-3.fna.fbcdn.net/v/t51.2885-19/358198252_1478384672938935_788614210220584613_n.jpg?stp=dst-jpg_s150x150_tt6&efg=eyJ2ZW5jb2RlX3RhZyI6InByb2ZpbGVfcGljLmRqYW5nby4xMDgwLmMyIn0&_nc_ht=instagram.fhan3-3.fna.fbcdn.net&_nc_cat=1&_nc_oc=Q6cZ2QErx4egxzWR37l6ZZqyOCNeiF5HHGJ-23Yw1823hptlX78G34dQs1EwutWQSiUK29c&_nc_ohc=O2K3d-BgpEUQ7kNvwGpJGMN&_nc_gid=oaE9h3zi88lMeHlXp-xCGw&edm=AJhczIQBAAAA&ccb=7-5&oh=00_Afr1ZV2_9OTDkCSrUcbbU-x0lc-niCeOaOchvv3Cu9TkWg&oe=69679294&_nc_sid=4a2096,75,0,1813,163,0,['https://instagram.fhan4-5.fna.fbcdn.net/v/t51.2885-15/613040644_17936781324114435_6530036028548462047_n.jpg?stp=cp6_dst-jpg_e35_tt6&efg=eyJ2ZW5jb2RlX3RhZyI6InRocmVhZHMuRkVFRC5pbWFnZV91cmxnZW4uMTE3OXg0NDcuc2RyLmY4Mjc4Ny5kZWZhdWx0X2ltYWdlLmMyIn0&_nc_ht=instagram.fhan4-5.fna.fbcdn.net&_nc_cat=103&_nc_oc=Q6cZ2QErx4egxzWR37l6ZZqyOCNeiF5HHGJ-23Yw1823hptlX78G34dQs1EwutWQSiUK29c&_nc_ohc=2ab69wailToQ7kNvwE3vMOQ&_nc_gid=oaE9h3zi88lMeHlXp-xCGw&edm=AJhczIQBAAAA&ccb=7-5&ig_cache_key=MzgwNTEzNzEzMTUxNDkyMDE0NQ%3D%3D.3-ccb7-5&oh=00_AfphIYGVhpDuXIWiFLdGansh8yG8yHaymPRth8ZOf_M9Zg&oe=6967A94A&_nc_sid=4a2096'],,https://www.threads.net/@senduckworth/post/DTOkA-FmHzR,[],"{'likes': 1813, 'reposts': 158, 'quotes': 5}",threads,3805137131514920145,Senator Tammy Duckworth,,"This DoD review is clearly designed to shrink the number of women who bravely serve in combat roles, which would be devastating to our military readiness.

Women have always made our military stronger—

And they're more qualified to serve in combat than Hegseth is to be SecDef.",threads,63450794434,senduckworth
[],2026-01-10T10:16:40.696325+07:00,Read more: ,2026-01-09T09:00:23+07:00,,3805944968054064580,threads,threads.com,threads_crawler_v1,https://www.threads.net/@thestudyofwar/post/DTRbsifjEXE,https://instagram.fhan4-1.fna.fbcdn.net/v/t51.2885-19/357858530_198386502866729_4961980658898134618_n.jpg?stp=dst-jpg_s150x150_tt6&efg=eyJ2ZW5jb2RlX3RhZyI6InByb2ZpbGVfcGljLmRqYW5nby40MDAuYzIifQ&_nc_ht=instagram.fhan4-1.fna.fbcdn.net&_nc_cat=105&_nc_oc=Q6cZ2QErx4egxzWR37l6ZZqyOCNeiF5HHGJ-23Yw1823hptlX78G34dQs1EwutWQSiUK29c&_nc_ohc=hNoAJ7LKDOEQ7kNvwEVI9kR&_nc_gid=oaE9h3zi88lMeHlXp-xCGw&edm=AJhczIQBAAAA&ccb=7-5&oh=00_AfrtNkIC1BKrXUfbLfk9Kq2YQOfQuS8XgXbHj9nr3b5dGw&oe=6967B172&_nc_sid=4a2096,0,0,4,0,0,['https://instagram.fhan3-4.fna.fbcdn.net/v/t51.2885-15/612110065_17936362047114856_636268953687410389_n.jpg?stp=dst-jpg_e35_tt6&efg=eyJ2ZW5jb2RlX3RhZyI6InRocmVhZHMuRkVFRC5pbWFnZV91cmxnZW4uMTA4MHgxMzUwLnNkci5mODI3ODcuZGVmYXVsdF9pbWFnZS5jMiJ9&_nc_ht=instagram.fhan3-4.fna.fbcdn.net&_nc_cat=104&_nc_oc=Q6cZ2QErx4egxzWR37l6ZZqyOCNeiF5HHGJ-23Yw1823hptlX78G34dQs1EwutWQSiUK29c&_nc_ohc=Onu41VL12M0Q7kNvwFZxR3_&_nc_gid=oaE9h3zi88lMeHlXp-xCGw&edm=AJhczIQBAAAA&ccb=7-5&ig_cache_key=MzgwNTk0NDk2ODA1NDA2NDU4MA%3D%3D.3-ccb7-5&oh=00_Afpwo33PxGnSkiRYk694m4M4yXPNaXeVC-1QyYzyj6JqVQ&oe=6967B0C9&_nc_sid=4a2096'],,https://www.threads.net/@thestudyofwar/post/DTRbsifjEXE,[],"{'likes': 4, 'reposts': 0, 'quotes': 0}",threads,3805944968054064580,Institute for the Study of War,,Read more: https://isw.pub/UkrWar010826,threads,63395018855,thestudyofwar
[],2026-01-10T10:16:40.696359+07:00,"Gaza has gas. 
Sudan has gold. 
Ukraine has titanium. 
Congo has cobalt.
Venezuela has oil.

We live in a society not an economy.

Stop the wars.",2026-01-03T16:16:34+07:00,,3801815899297394589,threads,threads.com,threads_crawler_v1,https://www.threads.net/@mhdksafa/post/DTCw2rjDa-d,https://instagram.fhan3-3.fna.fbcdn.net/v/t51.2885-19/476499833_1078727950605569_6775725023668856117_n.jpg?stp=dst-jpg_s150x150_tt6&efg=eyJ2ZW5jb2RlX3RhZyI6InByb2ZpbGVfcGljLmRqYW5nby42NDAuYzIifQ&_nc_ht=instagram.fhan3-3.fna.fbcdn.net&_nc_cat=1&_nc_oc=Q6cZ2QErx4egxzWR37l6ZZqyOCNeiF5HHGJ-23Yw1823hptlX78G34dQs1EwutWQSiUK29c&_nc_ohc=1gQW4jf6tzAQ7kNvwF91CfA&_nc_gid=oaE9h3zi88lMeHlXp-xCGw&edm=AJhczIQBAAAA&ccb=7-5&oh=00_Afob92rBvG9EfqanentqOW-c9ClF_y41PtUNNtNl1HaMZQ&oe=69677FC2&_nc_sid=4a2096,516,0,57731,8802,0,[],,https://www.threads.net/@mhdksafa/post/DTCw2rjDa-d,[],"{'likes': 57731, 'reposts': 8634, 'quotes': 168}",threads,3801815899297394589,mohamad Safa,,"Gaza has gas. 
Sudan has gold. 
Ukraine has titanium. 
Congo has cobalt.
Venezuela has oil.

We live in a society not an economy.

Stop the wars.",threads,63436336994,mhdksafa
[],2026-01-10T10:16:40.696390+07:00,"This is how wars actually begin — quietly, offshore, before the public is even told.
You don’t move amphibious assault ships next to Cuba unless you want the option to invade.
We’ve seen this movie before, and Americans paid for it with decades, trillions, and lives.
Pay attention now — not after it’s already started.
#venezuela #cuba #mexico #greenland #sb1",2026-01-10T01:42:05+07:00,,3806448969061600466,threads,threads.com,threads_crawler_v1,https://www.threads.net/@shaunasboard/post/DTTOSuAkYzS,https://instagram.fhan3-2.fna.fbcdn.net/v/t51.2885-19/583326076_17852756730581179_6108190821820033256_n.jpg?stp=dst-jpg_s150x150_tt6&efg=eyJ2ZW5jb2RlX3RhZyI6InByb2ZpbGVfcGljLmRqYW5nby45NTUuYzIifQ&_nc_ht=instagram.fhan3-2.fna.fbcdn.net&_nc_cat=107&_nc_oc=Q6cZ2QErx4egxzWR37l6ZZqyOCNeiF5HHGJ-23Yw1823hptlX78G34dQs1EwutWQSiUK29c&_nc_ohc=5lEGQvQ_tvgQ7kNvwFNtfX-&_nc_gid=oaE9h3zi88lMeHlXp-xCGw&edm=AJhczIQBAAAA&ccb=7-5&oh=00_Afo8Io_kf_noWj0pZxfjBpdWnm0Ze9CCGH48yn8mqiebYQ&oe=6967A079&_nc_sid=4a2096,32,0,202,58,0,"['https://instagram.fhan3-4.fna.fbcdn.net/v/t51.2885-15/612508406_1423321505806720_6605691629422407796_n.jpg?stp=dst-jpg_e15_tt6&efg=eyJ2ZW5jb2RlX3RhZyI6InRocmVhZHMuRkVFRC5pbWFnZV91cmxnZW4uNjQweDExMzYuc2RyLmY3MTg3OC5kZWZhdWx0X2NvdmVyX2ZyYW1lLmMyIn0&_nc_ht=instagram.fhan3-4.fna.fbcdn.net&_nc_cat=104&_nc_oc=Q6cZ2QErx4egxzWR37l6ZZqyOCNeiF5HHGJ-23Yw1823hptlX78G34dQs1EwutWQSiUK29c&_nc_ohc=-E0qjw-L8-kQ7kNvwHHv5xB&_nc_gid=oaE9h3zi88lMeHlXp-xCGw&edm=AJhczIQBAAAA&ccb=7-5&ig_cache_key=MzgwNjQ0ODk2OTA2MTYwMDQ2Ng%3D%3D.3-ccb7-5&oh=00_AfrM24GNezKjzyF-WVRRe_18rfLtO5yxfkiUqaiI6hLHBA&oe=69677CAC&_nc_sid=4a2096', 'https://instagram.fhan3-4.fna.fbcdn.net/o1/v/t16/f2/m84/AQPnnpueVRxsCxEs0bgJJ_gn_xihDGrkHgv5B0FR9THYguqsADuv1HNuwCfCyR2sQxhmp0ES_Jy3Mpr4D4lXeh0YTcnvbrERNOl7d4g.mp4?_nc_cat=106&_nc_oc=AdlVtql3x2Ts9VvAiyTMxsdwIqp8DdQq_3zTVOZbqqwVPQ0k1GBOf9KXJYIaCgUHpA8&_nc_sid=5e9851&_nc_ht=instagram.fhan3-4.fna.fbcdn.net&_nc_ohc=6dRONGPyFWEQ7kNvwE5aukX&efg=eyJ2ZW5jb2RlX3RhZyI6Inhwdl9wcm9ncmVzc2l2ZS5JTlNUQUdSQU0uRkVFRC5DMy43MjAuZGFzaF9iYXNlbGluZV8xX3YxIiwieHB2X2Fzc2V0X2lkIjoxNjA5Mjc4MjEwNTI1OTY4LCJhc3NldF9hZ2VfZGF5cyI6MCwidmlfdXNlY2FzZV9pZCI6MTAxNjQsImR1cmF0aW9uX3MiOjk4LCJ1cmxnZW5fc291cmNlIjoid3d3In0%3D&ccb=17-1&_nc_gid=oaE9h3zi88lMeHlXp-xCGw&_nc_zt=28&vs=c624f9536c2daa74&_nc_vs=HBksFQIYTGlnX2JhY2tmaWxsX3RpbWVsaW5lX3ZvZC81ODQxRjcyNzI5RjRDNDFFMjI1MTE5RTQ3OUEzNDhBMl92aWRlb19kYXNoaW5pdC5tcDQVAALIARIAFQIYOnBhc3N0aHJvdWdoX2V2ZXJzdG9yZS9HQm5VYWlTNTZXUmFfblFIQUNITExVY1hlZE1aYnNwVEFRQUYVAgLIARIAKAAYABsCiAd1c2Vfb2lsATEScHJvZ3Jlc3NpdmVfcmVjaXBlATEVAAAmoKyqgano2wUVAigCQzMsF0BYghysCDEnGBJkYXNoX2Jhc2VsaW5lXzFfdjERAHXqB2XongEA&oh=00_AfqL1CV-n8-2ttKepEx99lc5y0FqCGFCnAoDPmMo8qY4WQ&oe=69638916']",,https://www.threads.net/@shaunasboard/post/DTTOSuAkYzS,[],"{'likes': 202, 'reposts': 51, 'quotes': 7}",threads,3806448969061600466,Shaunas Board,,"This is how wars actually begin — quietly, offshore, before the public is even told.
You don’t move amphibious assault ships next to Cuba unless you want the option to invade.
We’ve seen this movie before, and Americans paid for it with decades, trillions, and lives.
Pay attention now — not after it’s already started.
#venezuela #cuba #mexico #greenland #sb1",threads,77292781178,shaunasboard
[],2026-01-10T10:16:40.696425+07:00,"Russia bombs maternity hospitals and is reduced to horseback warfare in Ukraine. To not kill horses, Ukraine spooks them with drones, then when the rider is thrown finishes the job. Ukraine cares more for horses in battle than Russia does for innocent newborns. What side should we be on?",2026-01-07T21:54:05+07:00,,3804884887120219873,threads,threads.com,threads_crawler_v1,https://www.threads.net/@senwhitehouse/post/DTNqqVMDY7h,https://instagram.fhan4-6.fna.fbcdn.net/v/t51.2885-19/358346921_818645929762857_6717000619522503724_n.jpg?stp=dst-jpg_s150x150_tt6&efg=eyJ2ZW5jb2RlX3RhZyI6InByb2ZpbGVfcGljLmRqYW5nby40ODUuYzIifQ&_nc_ht=instagram.fhan4-6.fna.fbcdn.net&_nc_cat=109&_nc_oc=Q6cZ2QErx4egxzWR37l6ZZqyOCNeiF5HHGJ-23Yw1823hptlX78G34dQs1EwutWQSiUK29c&_nc_ohc=57odhR05b5UQ7kNvwEtV411&_nc_gid=oaE9h3zi88lMeHlXp-xCGw&edm=AJhczIQBAAAA&ccb=7-5&oh=00_AfoyyLVxEXApyuN19L0EmcPdimif9htP87LTMD5e7LdiWQ&oe=69678DE7&_nc_sid=4a2096,69,0,12508,976,0,[],,https://www.threads.net/@senwhitehouse/post/DTNqqVMDY7h,[],"{'likes': 12508, 'reposts': 955, 'quotes': 21}",threads,3804884887120219873,US Senator Sheldon Whitehouse,,"Russia bombs maternity hospitals and is reduced to horseback warfare in Ukraine. To not kill horses, Ukraine spooks them with drones, then when the rider is thrown finishes the job. Ukraine cares more for horses in battle than Russia does for innocent newborns. What side should we be on?",threads,63397132378,senwhitehouse
[],2026-01-10T10:16:40.696461+07:00,"Constant wars and threats to other countries is one tactic used by the government to distract the masses in Fahrenheit 451. 

Crazy how all of their bullshit comes from books and that’s what the GOP is busy banning.",2026-01-09T13:05:52+07:00,,3806068578672990692,threads,threads.com,threads_crawler_v1,https://www.threads.net/@itsanickoleworld/post/DTR3zT2lFnk,https://instagram.fhan3-2.fna.fbcdn.net/v/t51.2885-19/500096190_17911254570131659_8280850940062397301_n.jpg?stp=dst-jpg_s150x150_tt6&efg=eyJ2ZW5jb2RlX3RhZyI6InByb2ZpbGVfcGljLmRqYW5nby4xMDgwLmMyIn0&_nc_ht=instagram.fhan3-2.fna.fbcdn.net&_nc_cat=107&_nc_oc=Q6cZ2QErx4egxzWR37l6ZZqyOCNeiF5HHGJ-23Yw1823hptlX78G34dQs1EwutWQSiUK29c&_nc_ohc=k0_987xnlncQ7kNvwEi282V&_nc_gid=oaE9h3zi88lMeHlXp-xCGw&edm=AJhczIQBAAAA&ccb=7-5&oh=00_AfryBiugDzbohtSu4zEgOacvYvO-EkWOH5yeZLpF1AxIeQ&oe=69678E2D&_nc_sid=4a2096,2,0,16,0,0,[],,https://www.threads.net/@itsanickoleworld/post/DTR3zT2lFnk,[],"{'likes': 16, 'reposts': 0, 'quotes': 0}",threads,3806068578672990692,Nickole Malloyd,,"Constant wars and threats to other countries is one tactic used by the government to distract the masses in Fahrenheit 451. 

Crazy how all of their bullshit comes from books and that’s what the GOP is busy banning.",threads,66503377653,itsanickoleworld
[],2026-01-10T10:16:40.696512+07:00,I still can’t get over that millions of Americans believe THIS is their savior.,2025-11-10T06:01:16+07:00,,3762368325448706832,threads,threads.com,threads_crawler_v1,https://www.threads.net/@lizdennery/post/DQ2ng7gjSsQ,https://instagram.fhan3-3.fna.fbcdn.net/v/t51.2885-19/357797452_798913751768834_839078059924469220_n.jpg?stp=dst-jpg_s150x150_tt6&efg=eyJ2ZW5jb2RlX3RhZyI6InByb2ZpbGVfcGljLmRqYW5nby44MDAuYzIifQ&_nc_ht=instagram.fhan3-3.fna.fbcdn.net&_nc_cat=1&_nc_oc=Q6cZ2QErx4egxzWR37l6ZZqyOCNeiF5HHGJ-23Yw1823hptlX78G34dQs1EwutWQSiUK29c&_nc_ohc=3gSXeQSbr6IQ7kNvwHNaUjD&_nc_gid=oaE9h3zi88lMeHlXp-xCGw&edm=AJhczIQBAAAA&ccb=7-5&oh=00_Afq3PStiM9XXscERMGjxhUInDCU4pyE1wfRAc_JdpGE9Tg&oe=6967A438&_nc_sid=4a2096,8926,0,31307,1241,0,['https://instagram.fhan4-5.fna.fbcdn.net/v/t51.2885-15/579374750_17928675408116606_3881127712478016244_n.jpg?stp=cp6_dst-jpg_e35_tt6&efg=eyJ2ZW5jb2RlX3RhZyI6InRocmVhZHMuRkVFRC5pbWFnZV91cmxnZW4uMTIyM3gxNjkwLnNkci5mODI3ODcuZGVmYXVsdF9pbWFnZS5jMiJ9&_nc_ht=instagram.fhan4-5.fna.fbcdn.net&_nc_cat=102&_nc_oc=Q6cZ2QErx4egxzWR37l6ZZqyOCNeiF5HHGJ-23Yw1823hptlX78G34dQs1EwutWQSiUK29c&_nc_ohc=_66tvHCc5HIQ7kNvwFxSs7i&_nc_gid=oaE9h3zi88lMeHlXp-xCGw&edm=AJhczIQBAAAA&ccb=7-5&ig_cache_key=Mzc2MjM2ODMyNTQ0ODcwNjgzMg%3D%3D.3-ccb7-5&oh=00_Afrt35kKdtoAcdlkKFrO7DGPZ3hI5xerOu7bBBhMPfgZ7w&oe=6967AF98&_nc_sid=4a2096'],,https://www.threads.net/@lizdennery/post/DQ2ng7gjSsQ,[],"{'likes': 31307, 'reposts': 1175, 'quotes': 66}",threads,3762368325448706832,Liz Dennery ⚡️,,I still can’t get over that millions of Americans believe THIS is their savior.,threads,63442092605,lizdennery
[],2026-01-10T10:16:40.696543+07:00,"Đang coi University War cái tưởng tượng ra mai mốt Việt Nam remake mời mấy trường FTU NEU YHN HUST YSG, với thêm mấy sinh viên VN học ở Harvard Oxford đồ chắc vui banh, tưởng tượng FTU đấu trực tiếp 1:1 với NEU chắc bùng lổ mạng xã hội=))))))))",2025-01-03T10:09:16+07:00,,3537087889882761530,threads,threads.com,threads_crawler_v1,https://www.threads.net/@1stmissing3rd/post/DEWQrIPzEk6,https://instagram.fhan3-2.fna.fbcdn.net/v/t51.2885-19/504378313_17913427767112891_3393229368299586001_n.jpg?stp=dst-jpg_s150x150_tt6&efg=eyJ2ZW5jb2RlX3RhZyI6InByb2ZpbGVfcGljLmRqYW5nby4xMDgwLmMyIn0&_nc_ht=instagram.fhan3-2.fna.fbcdn.net&_nc_cat=107&_nc_oc=Q6cZ2QErx4egxzWR37l6ZZqyOCNeiF5HHGJ-23Yw1823hptlX78G34dQs1EwutWQSiUK29c&_nc_ohc=KRcW1FK2h4cQ7kNvwFmMDth&_nc_gid=oaE9h3zi88lMeHlXp-xCGw&edm=AJhczIQBAAAA&ccb=7-5&oh=00_AfpIC9ECNpo06ikIX0YPvrPozDPw7uZWssmnarG4cQR_mw&oe=6967A0F5&_nc_sid=4a2096,74,0,4789,254,0,['https://instagram.fhan4-1.fna.fbcdn.net/v/t51.29350-15/472426439_586389174227477_7894981127078167069_n.webp?stp=dst-jpg_e35_tt6&efg=eyJ2ZW5jb2RlX3RhZyI6InRocmVhZHMuRkVFRC5pbWFnZV91cmxnZW4uMjQwMHgxMDgwLnNkci5mMjkzNTAuZGVmYXVsdF9pbWFnZS5jMiJ9&_nc_ht=instagram.fhan4-1.fna.fbcdn.net&_nc_cat=105&_nc_oc=Q6cZ2QErx4egxzWR37l6ZZqyOCNeiF5HHGJ-23Yw1823hptlX78G34dQs1EwutWQSiUK29c&_nc_ohc=dDKKA_XNM5gQ7kNvwGiHiME&_nc_gid=oaE9h3zi88lMeHlXp-xCGw&edm=AJhczIQBAAAA&ccb=7-5&ig_cache_key=MzUzNzA4Nzg4OTg4Mjc2MTUzMA%3D%3D.3-ccb7-5&oh=00_AfrhmftOU5agEcf5IxBMzU7SxNyF2NTTxMNFDOPrgSlT4Q&oe=6967A6AE&_nc_sid=4a2096'],,https://www.threads.net/@1stmissing3rd/post/DEWQrIPzEk6,[],"{'likes': 4789, 'reposts': 230, 'quotes': 24}",threads,3537087889882761530,Gia Khang,,"Đang coi University War cái tưởng tượng ra mai mốt Việt Nam remake mời mấy trường FTU NEU YHN HUST YSG, với thêm mấy sinh viên VN học ở Harvard Oxford đồ chắc vui banh, tưởng tượng FTU đấu trực tiếp 1:1 với NEU chắc bùng lổ mạng xã hội=))))))))",threads,63453704890,1stmissing3rd
[],2026-01-10T10:16:40.696573+07:00,"trước xem video ông kia người Mỹ nói về chiến tranh ở Việt Nam xong ổng gọi là ""Vietnam war"". Xong có ông người Việt vào chỉnh là ko phải ""Vietnam war"" nha m nó là ""Resistance war against America"". Xong ông người Mỹ rep là ""ok nếu m muốn v nhưng t nói thiệt cái war nào của Mỹ cũng là Resistance war against America hết t gọi v t ko phân biệt đc"" :)))))))))",2025-12-10T00:29:45+07:00,,3783944739726027896,threads,threads.com,threads_crawler_v1,https://www.threads.net/@ccccccccucai/post/DSDRbFNE-x4,https://instagram.fhan4-5.fna.fbcdn.net/v/t51.2885-19/432348171_267886349704251_599083442256430622_n.jpg?stp=dst-jpg_s150x150_tt6&efg=eyJ2ZW5jb2RlX3RhZyI6InByb2ZpbGVfcGljLmRqYW5nby4xMDgwLmMyIn0&_nc_ht=instagram.fhan4-5.fna.fbcdn.net&_nc_cat=103&_nc_oc=Q6cZ2QErx4egxzWR37l6ZZqyOCNeiF5HHGJ-23Yw1823hptlX78G34dQs1EwutWQSiUK29c&_nc_ohc=FTZ24SwnPBMQ7kNvwEK050w&_nc_gid=oaE9h3zi88lMeHlXp-xCGw&edm=AJhczIQBAAAA&ccb=7-5&oh=00_Afoy8YG-3GKZWR_dIo4Pi5YrCnVcmrOfHUL7A47bKRWp0w&oe=6967B0E5&_nc_sid=4a2096,700,0,27268,1831,0,[],,https://www.threads.net/@ccccccccucai/post/DSDRbFNE-x4,[],"{'likes': 27268, 'reposts': 1808, 'quotes': 23}",threads,3783944739726027896,Củ Cải,,"trước xem video ông kia người Mỹ nói về chiến tranh ở Việt Nam xong ổng gọi là ""Vietnam war"". Xong có ông người Việt vào chỉnh là ko phải ""Vietnam war"" nha m nó là ""Resistance war against America"". Xong ông người Mỹ rep là ""ok nếu m muốn v nhưng t nói thiệt cái war nào của Mỹ cũng là Resistance war against America hết t gọi v t ko phân biệt đc"" :)))))))))",threads,65220626324,ccccccccucai
[],2026-01-10T10:16:40.696606+07:00,"Oii sao University War ss3 flop vậy nhỉ, không có ai làm vietsub cũng không thấy mn trên thread ồn luôn. Tầm này năm ngoái cái thread của tôi đang bị uniwar phủ sóng. Ngoài lề thì t thấy năm nay chắc là năm có đội hình giỏi đồng đều nhất trong tất cả các mùa",2025-12-28T17:01:57+07:00,,3797490087836599631,threads,threads.com,threads_crawler_v1,https://www.threads.net/@htrang.lah/post/DSzZR1rkUVP,https://instagram.fgau2-1.fna.fbcdn.net/v/t51.2885-19/573323465_1219825463302212_7278921664109726296_n.png?stp=dst-jpg_e0_s150x150_tt6&efg=eyJ2ZW5jb2RlX3RhZyI6InByb2ZpbGVfcGljLmRqYW5nby4xNTAuYzIifQ&_nc_ht=instagram.fgau2-1.fna.fbcdn.net&_nc_cat=1&_nc_oc=Q6cZ2QGqCD0aA0sBli4fM2NUllOwNQ73gAljvCwRrUrzQ3LFku8HsasUTMdWueZhLZEYkvl1zUg22DubJg1LEcwMxtji&_nc_ohc=jFezCB5ZvcgQ7kNvwEa0pHU&_nc_gid=CqwnZt7keOvFqh_Sd52OUQ&edm=AL4D0a4BAAAA&ccb=7-5&ig_cache_key=YW5vbnltb3VzX3Byb2ZpbGVfcGlj.3-ccb7-5&oh=00_AfpuqG2jaTrh6dXedb1i8QPJG_ko74CkSSLJ3dl9GCgNqg&oe=696789AA&_nc_sid=9e8221,45,0,88,3,0,[],,https://www.threads.net/@htrang.lah/post/DSzZR1rkUVP,[],"{'likes': 88, 'reposts': 3, 'quotes': 0}",threads,3797490087836599631,Trang’s life,University war,"Oii sao University War ss3 flop vậy nhỉ, không có ai làm vietsub cũng không thấy mn trên thread ồn luôn. Tầm này năm ngoái cái thread của tôi đang bị uniwar phủ sóng. Ngoài lề thì t thấy năm nay chắc là năm có đội hình giỏi đồng đều nhất trong tất cả các mùa",threads,68031434982,htrang.lah
[],2026-01-10T10:16:40.696642+07:00,"TỤI BÂY GAN TRỜI RỒI, DÁM WAR VỚI FAN JENNIE 🤡",2025-12-20T02:54:36+07:00,,3791265399745772653,threads,threads.com,threads_crawler_v1,https://www.threads.net/@lovly_haeunchae/post/DSdR8tJE3xt,https://instagram.fhan4-3.fna.fbcdn.net/v/t51.2885-19/452605799_1174747500529546_2585817012933197702_n.jpg?stp=dst-jpg_s150x150_tt6&efg=eyJ2ZW5jb2RlX3RhZyI6InByb2ZpbGVfcGljLmRqYW5nby42MTIuYzIifQ&_nc_ht=instagram.fhan4-3.fna.fbcdn.net&_nc_cat=110&_nc_oc=Q6cZ2QErx4egxzWR37l6ZZqyOCNeiF5HHGJ-23Yw1823hptlX78G34dQs1EwutWQSiUK29c&_nc_ohc=33iP6Gdo6vAQ7kNvwHhLRjA&_nc_gid=oaE9h3zi88lMeHlXp-xCGw&edm=AJhczIQBAAAA&ccb=7-5&oh=00_AfpnGARxKGhVjYzhOYhvl9v-kOM9gvzg7HMzm3SpzhDk0Q&oe=69677D76&_nc_sid=4a2096,228,0,5438,509,0,[],,https://www.threads.net/@lovly_haeunchae/post/DSdR8tJE3xt,[],"{'likes': 5438, 'reposts': 489, 'quotes': 20}",threads,3791265399745772653,𝐡𝐚𝐞𝐮𝐧 ⭑.ᐟ,,"TỤI BÂY GAN TRỜI RỒI, DÁM WAR VỚI FAN JENNIE 🤡",threads,67829595419,lovly_haeunchae
[],2026-01-10T10:16:40.696672+07:00,không ai hỏi nma t sẽ làm một threads để nói về cảm nhận của t với từng team trong university war/ elite league mùa 2 vì họ quá hài,2025-01-18T22:12:35+07:00,,3548323584550667051,threads,threads.com,threads_crawler_v1,https://www.threads.net/@imazennn/post/DE-LYAVSIMr,https://instagram.fhan4-3.fna.fbcdn.net/v/t51.2885-19/448406709_962735965334832_274579627001091766_n.jpg?stp=dst-jpg_s150x150_tt6&efg=eyJ2ZW5jb2RlX3RhZyI6InByb2ZpbGVfcGljLmRqYW5nby41MjguYzIifQ&_nc_ht=instagram.fhan4-3.fna.fbcdn.net&_nc_cat=100&_nc_oc=Q6cZ2QErx4egxzWR37l6ZZqyOCNeiF5HHGJ-23Yw1823hptlX78G34dQs1EwutWQSiUK29c&_nc_ohc=9LksXirSkbgQ7kNvwFkgoVE&_nc_gid=oaE9h3zi88lMeHlXp-xCGw&edm=AJhczIQBAAAA&ccb=7-5&oh=00_AfpDi3EsUEpHnw8Ru7rCp4j_mGf3s41GwbCuF91HjkfqqA&oe=69679FE9&_nc_sid=4a2096,68,0,341,35,0,['https://instagram.fhan4-1.fna.fbcdn.net/v/t51.29350-15/473695427_3418623154940141_702014313444265290_n.jpg?stp=dst-jpg_e15_tt6&efg=eyJ2ZW5jb2RlX3RhZyI6InRocmVhZHMuRkVFRC5pbWFnZV91cmxnZW4uMTA4MHg4MDkuc2RyLmYyOTM1MC5kZWZhdWx0X2ltYWdlLmMyIn0&_nc_ht=instagram.fhan4-1.fna.fbcdn.net&_nc_cat=105&_nc_oc=Q6cZ2QErx4egxzWR37l6ZZqyOCNeiF5HHGJ-23Yw1823hptlX78G34dQs1EwutWQSiUK29c&_nc_ohc=Aym5VSsD0SgQ7kNvwHZhuIv&_nc_gid=oaE9h3zi88lMeHlXp-xCGw&edm=AJhczIQBAAAA&ccb=7-5&ig_cache_key=MzU0ODMyMzU4NDU1MDY2NzA1MQ%3D%3D.3-ccb7-5&oh=00_Afoqtj99iaP2xwGIj2X9G6nwkbLEAAh-Fu1LGM-coI-KdQ&oe=69677F03&_nc_sid=4a2096'],,https://www.threads.net/@imazennn/post/DE-LYAVSIMr,[],"{'likes': 341, 'reposts': 34, 'quotes': 1}",threads,3548323584550667051,tui là hpa / august,,không ai hỏi nma t sẽ làm một threads để nói về cảm nhận của t với từng team trong university war/ elite league mùa 2 vì họ quá hài,threads,66930366389,imazennn
[],2026-01-10T10:16:40.696701+07:00,University war nghĩ sao về một mùa all star? Mang ngay Hyunbin cà Gyumin về một đội cho tôi. Quét sạch ván cờ này điiiiii,2025-01-07T22:41:50+07:00,,3540365776526475638,threads,threads.com,threads_crawler_v1,https://www.threads.net/@eehoes.park/post/DEh5-qEz4F2,https://instagram.fhan3-3.fna.fbcdn.net/v/t51.2885-19/473759392_1695697931298937_5888312358281031785_n.jpg?stp=dst-jpg_s150x150_tt6&efg=eyJ2ZW5jb2RlX3RhZyI6InByb2ZpbGVfcGljLmRqYW5nby44MjYuYzIifQ&_nc_ht=instagram.fhan3-3.fna.fbcdn.net&_nc_cat=101&_nc_oc=Q6cZ2QErx4egxzWR37l6ZZqyOCNeiF5HHGJ-23Yw1823hptlX78G34dQs1EwutWQSiUK29c&_nc_ohc=MI9YH_ASKLkQ7kNvwGHR9dj&_nc_gid=oaE9h3zi88lMeHlXp-xCGw&edm=AJhczIQBAAAA&ccb=7-5&oh=00_AfoJvGtNxDndbn-ZEvxHvxOl62521zHwJ4QxwfHUMMabRw&oe=6967A242&_nc_sid=4a2096,12,0,430,39,0,[],,https://www.threads.net/@eehoes.park/post/DEh5-qEz4F2,[],"{'likes': 430, 'reposts': 35, 'quotes': 4}",threads,3540365776526475638,Hà Chi,,University war nghĩ sao về một mùa all star? Mang ngay Hyunbin cà Gyumin về một đội cho tôi. Quét sạch ván cờ này điiiiii,threads,69167032118,eehoes.park
[],2026-01-10T10:17:08.184623+07:00,Ukrainian soilder after 730 days at war with Russia… we aren’t talking about them enough,2026-01-02T08:06:28+07:00,,3800844447454610338,threads,threads.com,threads_crawler_v1,https://www.threads.net/@gabicakes91/post/DS_T-MhDEOi,https://instagram.fhan3-4.fna.fbcdn.net/v/t51.2885-19/557698560_17921788209140706_6272951382471966795_n.jpg?stp=dst-jpg_s150x150_tt6&efg=eyJ2ZW5jb2RlX3RhZyI6InByb2ZpbGVfcGljLmRqYW5nby44NTIuYzIifQ&_nc_ht=instagram.fhan3-4.fna.fbcdn.net&_nc_cat=106&_nc_oc=Q6cZ2QFkb8kwHrdpHLQbsB1wMa_t2lR5-GvXcELvNgK8kv0GstZVBq-HjL6mdV0EOAjDqUg&_nc_ohc=Di8q5QmlszwQ7kNvwFPDrvM&_nc_gid=4Y6NKXKV5wgQ4HMA_6upKg&edm=AJhczIQBAAAA&ccb=7-5&oh=00_AfqipXF7RtIDrVK9cBfpvq6cZnS1YFNWWtEjOaboCAQzzg&oe=69679E6C&_nc_sid=4a2096,1145,0,34697,1099,0,['https://instagram.fhan3-4.fna.fbcdn.net/v/t39.30808-6/606588438_10161729937945684_845771941557840035_n.jpg?stp=cp6_dst-jpg_e35_tt6&efg=eyJ2ZW5jb2RlX3RhZyI6InRocmVhZHMuRkVFRC5pbWFnZV91cmxnZW4uMTE3OXgxMjM3LnNkci5mMzA4MDguZGVmYXVsdF9pbWFnZS5jMiJ9&_nc_ht=instagram.fhan3-4.fna.fbcdn.net&_nc_cat=104&_nc_oc=Q6cZ2QFkb8kwHrdpHLQbsB1wMa_t2lR5-GvXcELvNgK8kv0GstZVBq-HjL6mdV0EOAjDqUg&_nc_ohc=CBqBgEjTvBgQ7kNvwHd8dx-&_nc_gid=4Y6NKXKV5wgQ4HMA_6upKg&edm=AJhczIQAAAAA&ccb=7-5&ig_cache_key=MzgwMDg0NDQ0NzQ1NDYxMDMzOA%3D%3D.3-ccb7-5&oh=00_AfqyDmas_h6QjFEv-HVTnda9a9ag1nVoS59uZcd4ARKMWQ&oe=6967845B&_nc_sid=4a2096'],,https://www.threads.net/@gabicakes91/post/DS_T-MhDEOi,[],"{'likes': 34697, 'reposts': 1074, 'quotes': 25}",threads,3800844447454610338,Gabrielle Parker,,Ukrainian soilder after 730 days at war with Russia… we aren’t talking about them enough,threads,64264780705,gabicakes91
[],2026-01-10T10:17:08.184985+07:00,"Lạy chúa team Trắng mùa 2 CulinaryClassWar mạnh khiếp hồn 😂 cái sự tự tin, chuẩn chỉnh và bài bản áp đảo vcl. Và tui thấy v3 team trắng cũng win mà kết quả giờ 50:50 là kịch bản ctr :)))))
Ý là tự nhiên mn không hề nhắc tới lát thịt dê trong món của team Đen nữa còn đĩa team Trắng không hề có ai nói tới vỏ chanh thêm vị chua điều hoà nước sốt?? :)))
Hầu hết mn team Trắng toả ra sự đáng tin bảo làm được là làm được 100% luôn 😂",2025-12-27T00:15:27+07:00,,3796258724043288940,threads,threads.com,threads_crawler_v1,https://www.threads.net/@lalalililalili_.__/post/DSvBTIyE_Fs,https://instagram.fhan4-1.fna.fbcdn.net/v/t51.2885-19/611755940_17920447734236633_8664910060217749131_n.jpg?stp=dst-jpg_s150x150_tt6&efg=eyJ2ZW5jb2RlX3RhZyI6InByb2ZpbGVfcGljLmRqYW5nby43NTAuYzIifQ&_nc_ht=instagram.fhan4-1.fna.fbcdn.net&_nc_cat=105&_nc_oc=Q6cZ2QFkb8kwHrdpHLQbsB1wMa_t2lR5-GvXcELvNgK8kv0GstZVBq-HjL6mdV0EOAjDqUg&_nc_ohc=v9G4huorb1IQ7kNvwGxAZ57&_nc_gid=4Y6NKXKV5wgQ4HMA_6upKg&edm=AJhczIQBAAAA&ccb=7-5&oh=00_Afqz37GNw9LQIfNy_y1C3mIPb23tSROQaMaCaWP58SOMhA&oe=696797B8&_nc_sid=4a2096,11,0,90,0,0,[],,https://www.threads.net/@lalalililalili_.__/post/DSvBTIyE_Fs,[],"{'likes': 90, 'reposts': 0, 'quotes': 0}",threads,3796258724043288940,to be a Baggins,,"Lạy chúa team Trắng mùa 2 CulinaryClassWar mạnh khiếp hồn 😂 cái sự tự tin, chuẩn chỉnh và bài bản áp đảo vcl. Và tui thấy v3 team trắng cũng win mà kết quả giờ 50:50 là kịch bản ctr :)))))
Ý là tự nhiên mn không hề nhắc tới lát thịt dê trong món của team Đen nữa còn đĩa team Trắng không hề có ai nói tới vỏ chanh thêm vị chua điều hoà nước sốt?? :)))
Hầu hết mn team Trắng toả ra sự đáng tin bảo làm được là làm được 100% luôn 😂",threads,67175460632,lalalililalili_.__
[],2026-01-10T10:17:08.185172+07:00,xem university war để còn biết tự ái mà chăm học =)),2025-01-03T18:43:40+07:00,,3537346797666954401,threads,threads.com,threads_crawler_v1,https://www.threads.net/@hniiizzz/post/DEXLiu6Teyh,https://instagram.fhan4-3.fna.fbcdn.net/v/t51.2885-19/473577990_993964412572006_3042119872632821922_n.jpg?stp=dst-jpg_s150x150_tt6&efg=eyJ2ZW5jb2RlX3RhZyI6InByb2ZpbGVfcGljLmRqYW5nby42MDguYzIifQ&_nc_ht=instagram.fhan4-3.fna.fbcdn.net&_nc_cat=110&_nc_oc=Q6cZ2QFkb8kwHrdpHLQbsB1wMa_t2lR5-GvXcELvNgK8kv0GstZVBq-HjL6mdV0EOAjDqUg&_nc_ohc=B75h_1pw2agQ7kNvwFiji3u&_nc_gid=4Y6NKXKV5wgQ4HMA_6upKg&edm=AJhczIQBAAAA&ccb=7-5&oh=00_AfqeUiFq5q3WiBHvUdFgT21YyJ_Ui4JIb3lODXRQdvu40g&oe=6967AC2E&_nc_sid=4a2096,8,0,361,47,0,['https://instagram.fhan4-5.fna.fbcdn.net/v/t51.29350-15/472491061_2048723115648471_1284966767877977362_n.jpg?stp=dst-jpg_e35_tt6&efg=eyJ2ZW5jb2RlX3RhZyI6InRocmVhZHMuRkVFRC5pbWFnZV91cmxnZW4uMjQzNngxMTI1LnNkci5mMjkzNTAuZGVmYXVsdF9pbWFnZS5jMiJ9&_nc_ht=instagram.fhan4-5.fna.fbcdn.net&_nc_cat=103&_nc_oc=Q6cZ2QFkb8kwHrdpHLQbsB1wMa_t2lR5-GvXcELvNgK8kv0GstZVBq-HjL6mdV0EOAjDqUg&_nc_ohc=9ayBPHPtMqQQ7kNvwEJOGZw&_nc_gid=4Y6NKXKV5wgQ4HMA_6upKg&edm=AJhczIQBAAAA&ccb=7-5&ig_cache_key=MzUzNzM0Njc5NzY2Njk1NDQwMQ%3D%3D.3-ccb7-5&oh=00_AfrqsbKY43H3j-9xSgCLBt_h1MN5opnrfRn2zbHqLIKP3g&oe=69677FFD&_nc_sid=4a2096'],,https://www.threads.net/@hniiizzz/post/DEXLiu6Teyh,[],"{'likes': 361, 'reposts': 47, 'quotes': 0}",threads,3537346797666954401,몽글몽글,,xem university war để còn biết tự ái mà chăm học =)),threads,63261853888,hniiizzz
[],2026-01-10T10:17:08.185363+07:00,"And If a man dies 
with no wounds on his body, 
But a war inside his head, 
Did he really die by his own hand, 
Or was he murdered by
everything he couldn't say? 

–Ticus poetry",2025-10-12T08:53:56+07:00,,3741436728301469972,threads,threads.com,threads_crawler_v1,https://www.threads.net/@ticus_poetry/post/DPsQOGkAkEU,https://instagram.fhan3-4.fna.fbcdn.net/v/t51.2885-19/612219601_17958453867043338_4803589820832263306_n.jpg?stp=dst-jpg_s150x150_tt6&efg=eyJ2ZW5jb2RlX3RhZyI6InByb2ZpbGVfcGljLmRqYW5nby4xMDgwLmMyIn0&_nc_ht=instagram.fhan3-4.fna.fbcdn.net&_nc_cat=106&_nc_oc=Q6cZ2QFkb8kwHrdpHLQbsB1wMa_t2lR5-GvXcELvNgK8kv0GstZVBq-HjL6mdV0EOAjDqUg&_nc_ohc=bWyUySii_TQQ7kNvwGSMwq4&_nc_gid=4Y6NKXKV5wgQ4HMA_6upKg&edm=AJhczIQBAAAA&ccb=7-5&oh=00_AfomfMiZvku28dHWT63mJ8kPtG7UU-l6bvtwhhpKmvxuzQ&oe=69677BBA&_nc_sid=4a2096,74,0,9305,1686,0,[],,https://www.threads.net/@ticus_poetry/post/DPsQOGkAkEU,[],"{'likes': 9305, 'reposts': 1643, 'quotes': 43}",threads,3741436728301469972,ticus,,"And If a man dies 
with no wounds on his body, 
But a war inside his head, 
Did he really die by his own hand, 
Or was he murdered by
everything he couldn't say? 

–Ticus poetry",threads,63459216188,ticus_poetry
[],2026-01-10T10:17:08.185516+07:00,"tròi ơi sang cái mùa này mới qua 3 ep thôi nhưng chemistry của 4 thằng tó con snu stem thực sự tốt. chúng nó cười đùa nhau, thả miếng rồi bắt miếng nhau, thoại sảng cùng nhau vô cùng mượt mà =)))))))))))) ôi c iu mí đứa lắm ý snu stem thẳng đường tiến vào chung kết cho c nháaaaa 🥺🫳🏻",2025-12-20T18:52:26+07:00,,3791746577179316949,threads,threads.com,threads_crawler_v1,https://www.threads.net/@capy_meiannn/post/DSe_WwjE5LV,https://instagram.fhan4-6.fna.fbcdn.net/v/t51.2885-19/476799006_449522934792945_8905427305227227175_n.jpg?stp=dst-jpg_s150x150_tt6&efg=eyJ2ZW5jb2RlX3RhZyI6InByb2ZpbGVfcGljLmRqYW5nby43NDguYzIifQ&_nc_ht=instagram.fhan4-6.fna.fbcdn.net&_nc_cat=109&_nc_oc=Q6cZ2QFkb8kwHrdpHLQbsB1wMa_t2lR5-GvXcELvNgK8kv0GstZVBq-HjL6mdV0EOAjDqUg&_nc_ohc=fzC1mRTAOMsQ7kNvwEDmuTO&_nc_gid=4Y6NKXKV5wgQ4HMA_6upKg&edm=AJhczIQBAAAA&ccb=7-5&oh=00_AfqqBqy2TCmFm8EAUjLXLUF5hZImIXFdWqu92qcbHOhF6Q&oe=696791F4&_nc_sid=4a2096,4,0,19,0,0,"['https://instagram.fhan3-3.fna.fbcdn.net/v/t51.2885-15/602909606_2023166108250601_3589517200520855114_n.jpg?stp=dst-jpg_e15_tt6&efg=eyJ2ZW5jb2RlX3RhZyI6InRocmVhZHMuRkVFRC5pbWFnZV91cmxnZW4uNjQweDQ4MC5zZHIuZjcxODc4LmRlZmF1bHRfY292ZXJfZnJhbWUuYzIifQ&_nc_ht=instagram.fhan3-3.fna.fbcdn.net&_nc_cat=101&_nc_oc=Q6cZ2QFkb8kwHrdpHLQbsB1wMa_t2lR5-GvXcELvNgK8kv0GstZVBq-HjL6mdV0EOAjDqUg&_nc_ohc=7UtG8iN3ZQYQ7kNvwHI6zPO&_nc_gid=4Y6NKXKV5wgQ4HMA_6upKg&edm=AJhczIQBAAAA&ccb=7-5&ig_cache_key=Mzc5MTc0NjU3NzE3OTMxNjk0OQ%3D%3D.3-ccb7-5&oh=00_Afo2Rb2cEGJ7Qss2qsDZMp8mj1AHFIcvD-uX3GyJKy9NFg&oe=69678B5F&_nc_sid=4a2096', 'https://instagram.fhan3-2.fna.fbcdn.net/o1/v/t16/f2/m84/AQNhciixOGcvSUi6_k0Pe2w228cUAomXTx4Dhn_Olm-4xSRXhNLbbOx9m-W7ts2pTf7J_BncEy09Z2lhPLw3bDZHJwyjRp-bUGKoX-g.mp4?_nc_cat=107&_nc_oc=Adlj-VJBtMMTUUTyBonJoRdcctVhZJSe8OoMG9-eiBA-gcslR6LYg7xSa8zqhbihQKw&_nc_sid=5e9851&_nc_ht=instagram.fhan3-2.fna.fbcdn.net&_nc_ohc=zqFHH2CSWDAQ7kNvwFaT74z&efg=eyJ2ZW5jb2RlX3RhZyI6Inhwdl9wcm9ncmVzc2l2ZS5JTlNUQUdSQU0uRkVFRC5DMy43NjguZGFzaF9iYXNlbGluZV8xX3YxIiwieHB2X2Fzc2V0X2lkIjoxNTI0MzQzNzU4ODQ1Nzc0LCJhc3NldF9hZ2VfZGF5cyI6MjAsInZpX3VzZWNhc2VfaWQiOjEwMTY0LCJkdXJhdGlvbl9zIjo1NiwidXJsZ2VuX3NvdXJjZSI6Ind3dyJ9&ccb=17-1&_nc_gid=4Y6NKXKV5wgQ4HMA_6upKg&_nc_zt=28&vs=a580ff17042da057&_nc_vs=HBksFQIYTGlnX2JhY2tmaWxsX3RpbWVsaW5lX3ZvZC8xQTQyM0MyMjhGOEFERTNFNDgwN0Y4Q0U2QjE4RERBNF92aWRlb19kYXNoaW5pdC5tcDQVAALIARIAFQIYOnBhc3N0aHJvdWdoX2V2ZXJzdG9yZS9HTmxwN2lOUlpvZEx1bHNFQUVoMWZQOVNPd2h6YnNwVEFRQUYVAgLIARIAKAAYABsCiAd1c2Vfb2lsATEScHJvZ3Jlc3NpdmVfcmVjaXBlATEVAAAmnN2XhL6YtQUVAigCQzMsF0BMIgxJul41GBJkYXNoX2Jhc2VsaW5lXzFfdjERAHXqB2XongEA&oh=00_AfqaV2NkKNVP372FJ4QwIZ7p-jOyPMZTHMG-zQTzOntgLA&oe=6963B851']",,https://www.threads.net/@capy_meiannn/post/DSe_WwjE5LV,[],"{'likes': 19, 'reposts': 0, 'quotes': 0}",threads,3791746577179316949,certified yapper about my faves,University war,"tròi ơi sang cái mùa này mới qua 3 ep thôi nhưng chemistry của 4 thằng tó con snu stem thực sự tốt. chúng nó cười đùa nhau, thả miếng rồi bắt miếng nhau, thoại sảng cùng nhau vô cùng mượt mà =)))))))))))) ôi c iu mí đứa lắm ý snu stem thẳng đường tiến vào chung kết cho c nháaaaa 🥺🫳🏻",threads,63476153886,capy_meiannn
[],2026-01-10T10:17:08.185671+07:00,"“Would YOU date YOU?” 

Honey, I’d go to WAR for a woman like me.",2025-06-28T22:54:16+07:00,,3665033459715650569,threads,threads.com,threads_crawler_v1,https://www.threads.net/@selflovebyjma/post/DLc0INwRbQJ,https://instagram.fhan4-1.fna.fbcdn.net/v/t51.2885-19/452928745_797992565832821_5117674592993501208_n.jpg?stp=dst-jpg_s150x150_tt6&efg=eyJ2ZW5jb2RlX3RhZyI6InByb2ZpbGVfcGljLmRqYW5nby43NzguYzIifQ&_nc_ht=instagram.fhan4-1.fna.fbcdn.net&_nc_cat=105&_nc_oc=Q6cZ2QFkb8kwHrdpHLQbsB1wMa_t2lR5-GvXcELvNgK8kv0GstZVBq-HjL6mdV0EOAjDqUg&_nc_ohc=ygETqzcHP1oQ7kNvwH2fLFK&_nc_gid=4Y6NKXKV5wgQ4HMA_6upKg&edm=AJhczIQBAAAA&ccb=7-5&oh=00_AfqkGxQ4sks2XZA5SVkXlvehwKpPNMKcaHL_2AZhPSvRiw&oe=6967805A&_nc_sid=4a2096,248,0,28327,5899,0,[],,https://www.threads.net/@selflovebyjma/post/DLc0INwRbQJ,[],"{'likes': 28327, 'reposts': 5540, 'quotes': 359}",threads,3665033459715650569,Joanna☀️♡🇨🇦,,"“Would YOU date YOU?” 

Honey, I’d go to WAR for a woman like me.",threads,63478545216,selflovebyjma
[],2026-01-10T10:17:08.185816+07:00,Là đến đoạn chia sẻ phương pháp chưa vậy❓,2025-04-24T18:21:00+07:00,,3617785493367770846,threads,threads.com,threads_crawler_v1,https://www.threads.net/@duadetoancho_kaist/post/DI09L0Fv07e,https://instagram.fhan4-1.fna.fbcdn.net/v/t51.2885-19/487423653_682024671449345_5524868951518762875_n.jpg?stp=dst-jpg_s150x150_tt6&efg=eyJ2ZW5jb2RlX3RhZyI6InByb2ZpbGVfcGljLmRqYW5nby4xMDgwLmMyIn0&_nc_ht=instagram.fhan4-1.fna.fbcdn.net&_nc_cat=105&_nc_oc=Q6cZ2QFkb8kwHrdpHLQbsB1wMa_t2lR5-GvXcELvNgK8kv0GstZVBq-HjL6mdV0EOAjDqUg&_nc_ohc=2dVn-B3SVk0Q7kNvwEc5HfI&_nc_gid=4Y6NKXKV5wgQ4HMA_6upKg&edm=AJhczIQBAAAA&ccb=7-5&oh=00_AfqNGlQkGAKX57I35tzz3dDpdHhslJD2xE51OW-X4sdnPA&oe=69677F94&_nc_sid=4a2096,8,0,75,10,0,['https://instagram.fhan4-3.fna.fbcdn.net/v/t51.2885-15/491427160_17849149278448906_4919946303297898942_n.jpg?stp=dst-jpg_e35_tt6&efg=eyJ2ZW5jb2RlX3RhZyI6InRocmVhZHMuRkVFRC5pbWFnZV91cmxnZW4uMTQ0MHgxNjgwLnNkci5mNzU3NjEuZGVmYXVsdF9pbWFnZS5jMiJ9&_nc_ht=instagram.fhan4-3.fna.fbcdn.net&_nc_cat=110&_nc_oc=Q6cZ2QFkb8kwHrdpHLQbsB1wMa_t2lR5-GvXcELvNgK8kv0GstZVBq-HjL6mdV0EOAjDqUg&_nc_ohc=3Lnv0QBMis8Q7kNvwGFa0Qx&_nc_gid=4Y6NKXKV5wgQ4HMA_6upKg&edm=AJhczIQBAAAA&ccb=7-5&ig_cache_key=MzYxNzc4NTQ5MzM2Nzc3MDg0Ng%3D%3D.3-ccb7-5&oh=00_AfrViQFdnYn7r8ihLozs_NhWHdQGhbl25UwEoPdj6mZqrw&oe=69679A55&_nc_sid=4a2096'],,https://www.threads.net/@duadetoancho_kaist/post/DI09L0Fv07e,[],"{'likes': 75, 'reposts': 10, 'quotes': 0}",threads,3617785493367770846,Đưa Đề Toán Cho KAIST,University war,Là đến đoạn chia sẻ phương pháp chưa vậy❓,threads,73552936905,duadetoancho_kaist
[],2026-01-10T10:17:08.185957+07:00,3/4 đứa snu stem hạng cao nhất pre-test bảng stem mà nỡ lòng nào kêu chúng nó ko giỏi...,2025-12-15T21:02:07+07:00,,3788188447895928129,threads,threads.com,threads_crawler_v1,https://www.threads.net/@capy_meiannn/post/DSSWVKbEz1B,https://instagram.fhan4-6.fna.fbcdn.net/v/t51.2885-19/476799006_449522934792945_8905427305227227175_n.jpg?stp=dst-jpg_s150x150_tt6&efg=eyJ2ZW5jb2RlX3RhZyI6InByb2ZpbGVfcGljLmRqYW5nby43NDguYzIifQ&_nc_ht=instagram.fhan4-6.fna.fbcdn.net&_nc_cat=109&_nc_oc=Q6cZ2QFkb8kwHrdpHLQbsB1wMa_t2lR5-GvXcELvNgK8kv0GstZVBq-HjL6mdV0EOAjDqUg&_nc_ohc=fzC1mRTAOMsQ7kNvwEDmuTO&_nc_gid=4Y6NKXKV5wgQ4HMA_6upKg&edm=AJhczIQBAAAA&ccb=7-5&oh=00_AfqqBqy2TCmFm8EAUjLXLUF5hZImIXFdWqu92qcbHOhF6Q&oe=696791F4&_nc_sid=4a2096,6,0,14,0,0,"['https://instagram.fhan4-5.fna.fbcdn.net/v/t51.2885-15/601008508_1157385723130670_8061654525663932867_n.jpg?stp=dst-jpg_e15_tt6&efg=eyJ2ZW5jb2RlX3RhZyI6InRocmVhZHMuRkVFRC5pbWFnZV91cmxnZW4uNjQweDM1Mi5zZHIuZjcxODc4LmRlZmF1bHRfY292ZXJfZnJhbWUuYzIifQ&_nc_ht=instagram.fhan4-5.fna.fbcdn.net&_nc_cat=102&_nc_oc=Q6cZ2QFkb8kwHrdpHLQbsB1wMa_t2lR5-GvXcELvNgK8kv0GstZVBq-HjL6mdV0EOAjDqUg&_nc_ohc=C6WqfR5AE4UQ7kNvwF0W5dL&_nc_gid=4Y6NKXKV5wgQ4HMA_6upKg&edm=AJhczIQBAAAA&ccb=7-5&ig_cache_key=Mzc4ODE4ODQ0Nzg5NTkyODEyOQ%3D%3D.3-ccb7-5&oh=00_AfpFx9OS1ejIV-OW86KFkQkI78XdawNjYtJuwlS4gN2SPg&oe=696780F2&_nc_sid=4a2096', 'https://instagram.fhan4-3.fna.fbcdn.net/o1/v/t16/f2/m84/AQOLyJU5t37FScxXQOANAz0I4NBYBhDuPLvCYI3hFvajCzDi2ywQOt-Ws6IfQnnDtQvTSki6hIAM9wuJHSTgkHmcitt8Jfe5_QTJyhw.mp4?_nc_cat=110&_nc_oc=Adnw7fNtEW9W_C442RopgYmALsj_lNaKLrcUWMRi0IYKpMC0JlCzmUM-wU9S_65drrc&_nc_sid=5e9851&_nc_ht=instagram.fhan4-3.fna.fbcdn.net&_nc_ohc=hdKmCf6H5WUQ7kNvwF4uGCj&efg=eyJ2ZW5jb2RlX3RhZyI6Inhwdl9wcm9ncmVzc2l2ZS5JTlNUQUdSQU0uRkVFRC5DMy4xMjgwLmRhc2hfYmFzZWxpbmVfMV92MSIsInhwdl9hc3NldF9pZCI6MTM5MzE0MjgxNTY4MTI5MSwiYXNzZXRfYWdlX2RheXMiOjI1LCJ2aV91c2VjYXNlX2lkIjoxMDE2NCwiZHVyYXRpb25fcyI6NjcsInVybGdlbl9zb3VyY2UiOiJ3d3cifQ%3D%3D&ccb=17-1&_nc_gid=4Y6NKXKV5wgQ4HMA_6upKg&_nc_zt=28&vs=546a89fdbfd1ac40&_nc_vs=HBksFQIYTGlnX2JhY2tmaWxsX3RpbWVsaW5lX3ZvZC81RTQzNDNCRjlCQTExQzQyM0FBNDNBNjRDQUE2MzY5Rl92aWRlb19kYXNoaW5pdC5tcDQVAALIARIAFQIYOnBhc3N0aHJvdWdoX2V2ZXJzdG9yZS9HQUliMlNNNVllMnJSWWdGQURJRThQU3JGWk5QYnNwVEFRQUYVAgLIARIAKAAYABsCiAd1c2Vfb2lsATEScHJvZ3Jlc3NpdmVfcmVjaXBlATEVAAAmlqyz6srD-QQVAigCQzMsF0BQwyLQ5WBCGBJkYXNoX2Jhc2VsaW5lXzFfdjERAHXqB2XongEA&oh=00_Afqb_kEFE2TxOGp5RrgFxMitQcDHMlg9No6LLdSfO8cNNA&oe=696389A2']",,https://www.threads.net/@capy_meiannn/post/DSSWVKbEz1B,[],"{'likes': 14, 'reposts': 0, 'quotes': 0}",threads,3788188447895928129,certified yapper about my faves,University war,3/4 đứa snu stem hạng cao nhất pre-test bảng stem mà nỡ lòng nào kêu chúng nó ko giỏi...,threads,63476153886,capy_meiannn
[],2026-01-10T10:17:08.186106+07:00,"Đang tưởng tượng University War/ Elite bản Việt mà sắp hấp hối tới nơi 😭

Mới kể thành tích 4 ông học trường MIT thôi mà cỡ đó.... 5 trường còn lại chắc tui khùm quá

Ai có chung idea, có lòng hảo tâm có thể giúp liệt kê thành tích với tui 👉👈 😋",2025-12-13T23:10:58+07:00,,3786804190220615827,threads,threads.com,threads_crawler_v1,https://www.threads.net/@nguyenhoanganhthu7ltver/post/DSNblkAD4CT,https://instagram.fhan3-4.fna.fbcdn.net/v/t51.2885-19/503962887_17846381493495294_2379709625632338009_n.jpg?stp=dst-jpg_s150x150_tt6&efg=eyJ2ZW5jb2RlX3RhZyI6InByb2ZpbGVfcGljLmRqYW5nby42NDAuYzIifQ&_nc_ht=instagram.fhan3-4.fna.fbcdn.net&_nc_cat=106&_nc_oc=Q6cZ2QFkb8kwHrdpHLQbsB1wMa_t2lR5-GvXcELvNgK8kv0GstZVBq-HjL6mdV0EOAjDqUg&_nc_ohc=fk3j9ZtqaAgQ7kNvwHNlaxw&_nc_gid=4Y6NKXKV5wgQ4HMA_6upKg&edm=AJhczIQBAAAA&ccb=7-5&oh=00_AfrpQwaw6phN0RV0VFjV9vS_wqoaaqpqwkLPpJNXkIUKZQ&oe=69678EEC&_nc_sid=4a2096,43,0,531,40,0,['https://instagram.fhan3-4.fna.fbcdn.net/v/t51.2885-15/587791029_17869458633495294_5631483088702496971_n.jpg?stp=cp6_dst-jpg_e35_tt6&efg=eyJ2ZW5jb2RlX3RhZyI6InRocmVhZHMuQ0FST1VTRUxfSVRFTS5pbWFnZV91cmxnZW4uMTA4MHgyMzQwLnNkci5mODI3ODcuZGVmYXVsdF9pbWFnZS5jMiJ9&_nc_ht=instagram.fhan3-4.fna.fbcdn.net&_nc_cat=106&_nc_oc=Q6cZ2QFkb8kwHrdpHLQbsB1wMa_t2lR5-GvXcELvNgK8kv0GstZVBq-HjL6mdV0EOAjDqUg&_nc_ohc=H49uMBceR10Q7kNvwHEOj5J&_nc_gid=4Y6NKXKV5wgQ4HMA_6upKg&edm=AJhczIQBAAAA&ccb=7-5&ig_cache_key=Mzc4NjgwNDE4NjMxMTUwNDY3MQ%3D%3D.3-ccb7-5&oh=00_AfrDs3zH5qGAS4mxvIlLMtEcrEFZTJwzLKZgHXaWXgOdZw&oe=69678F2D&_nc_sid=4a2096'],,https://www.threads.net/@nguyenhoanganhthu7ltver/post/DSNblkAD4CT,[],"{'likes': 531, 'reposts': 40, 'quotes': 0}",threads,3786804190220615827,Hoang Anh Thư,University war,"Đang tưởng tượng University War/ Elite bản Việt mà sắp hấp hối tới nơi 😭

Mới kể thành tích 4 ông học trường MIT thôi mà cỡ đó.... 5 trường còn lại chắc tui khùm quá

Ai có chung idea, có lòng hảo tâm có thể giúp liệt kê thành tích với tui 👉👈 😋",threads,74664319293,nguyenhoanganhthu7ltver
[],2026-01-10T10:17:08.186255+07:00,"WE NEED TO STOP THAILAND!!! Stop the war started by them now!!! Please protect Cambodia 🙏
@unesco @unescocambodia 
#ThailandOpenedFire
#ThailandInvadesCambodia
#CambodiaWantsPeace
#justiceforcambodia
#thailanddestoystemple",2025-07-27T15:15:14+07:00,,3685820908330123026,threads,threads.com,threads_crawler_v1,https://www.threads.net/@sovattey__sary/post/DMmqpZ6uX8S,https://instagram.fhan3-3.fna.fbcdn.net/v/t51.2885-19/488445267_1576429353271321_2658650789566481846_n.jpg?stp=dst-jpg_s150x150_tt6&efg=eyJ2ZW5jb2RlX3RhZyI6InByb2ZpbGVfcGljLmRqYW5nby41MjQuYzIifQ&_nc_ht=instagram.fhan3-3.fna.fbcdn.net&_nc_cat=101&_nc_oc=Q6cZ2QFkb8kwHrdpHLQbsB1wMa_t2lR5-GvXcELvNgK8kv0GstZVBq-HjL6mdV0EOAjDqUg&_nc_ohc=1RMDCPMJ22UQ7kNvwHK5Sat&_nc_gid=4Y6NKXKV5wgQ4HMA_6upKg&edm=AJhczIQBAAAA&ccb=7-5&oh=00_AfqJMbK4k2CwPFQdCCa2z-dbTOBHLqRgFCdVI8hovQ3hiw&oe=6967A96F&_nc_sid=4a2096,1918,0,5233,1446,0,"['https://instagram.fhan3-3.fna.fbcdn.net/v/t51.2885-15/524165755_1238840834604445_7696901632764609991_n.jpg?stp=dst-jpg_e15_tt6&efg=eyJ2ZW5jb2RlX3RhZyI6InRocmVhZHMuRkVFRC5pbWFnZV91cmxnZW4uNjQweDExMzYuc2RyLmY3MTg3OC5kZWZhdWx0X2NvdmVyX2ZyYW1lLmMyIn0&_nc_ht=instagram.fhan3-3.fna.fbcdn.net&_nc_cat=101&_nc_oc=Q6cZ2QFkb8kwHrdpHLQbsB1wMa_t2lR5-GvXcELvNgK8kv0GstZVBq-HjL6mdV0EOAjDqUg&_nc_ohc=DoE6JLBOUC8Q7kNvwF9tYIL&_nc_gid=4Y6NKXKV5wgQ4HMA_6upKg&edm=AJhczIQBAAAA&ccb=7-5&ig_cache_key=MzY4NTgyMDkwODMzMDEyMzAyNg%3D%3D.3-ccb7-5&oh=00_Afryd4NcvdsT6cdYGqdaS6T8rGXR0Y7h2VxBOmaqmvEGDg&oe=69677FC8&_nc_sid=4a2096', 'https://instagram.fhan4-6.fna.fbcdn.net/o1/v/t2/f2/m86/AQPyDW0snpKxX1Rx7SOwBe3pNzvxGAazrE3swW8sexXmz-lZAXEM-xHFa4UyiyXgcDbnPNtreS4CtV6yp18Ep8JpLv0fnRsaSHUAP64.mp4?_nc_cat=109&_nc_oc=AdnSLDq2ParqRv57ptgJP5CzOWkXIESyK0BB3ELU9gsQAl-GFijwn04o13ldpNmeDDo&_nc_sid=5e9851&_nc_ht=instagram.fhan4-6.fna.fbcdn.net&_nc_ohc=4dYcCjTEst8Q7kNvwE2iwiF&efg=eyJ2ZW5jb2RlX3RhZyI6Inhwdl9wcm9ncmVzc2l2ZS5JTlNUQUdSQU0uRkVFRC5DMy43MjAuZGFzaF9iYXNlbGluZV8xX3YxIiwieHB2X2Fzc2V0X2lkIjoxMTE3OTA0NjA3MDYyNTQ0LCJhc3NldF9hZ2VfZGF5cyI6MTY2LCJ2aV91c2VjYXNlX2lkIjoxMDA5OSwiZHVyYXRpb25fcyI6MTc5LCJ1cmxnZW5fc291cmNlIjoid3d3In0%3D&ccb=17-1&_nc_gid=4Y6NKXKV5wgQ4HMA_6upKg&_nc_zt=28&vs=33dda4d0adcd83c2&_nc_vs=HBksFQIYUmlnX3hwdl9yZWVsc19wZXJtYW5lbnRfc3JfcHJvZC8wMzRBQ0JDQTA5RUNDOUUzQTU5QTE0NTc2NjA4MTBBQ192aWRlb19kYXNoaW5pdC5tcDQVAALIARIAFQIYR2lnX3hwdl9yZWVsc19wZXJtYW5lbnRfc3JfcHJvZC8xMzM5NDY4Mjc0MzU2MzQxXzY0NjM0ODYzOTQxNTc1MTI5OTkubXA0FQICyAESACgAGAAbAogHdXNlX29pbAExEnByb2dyZXNzaXZlX3JlY2lwZQExFQAAJqCo-a_OrvwDFQIoAkMzLBdAZoAAAAAAABgSZGFzaF9iYXNlbGluZV8xX3YxEQB16gdl5p0BAA&oh=00_AfoJfuEbiDF62_9dIzCq9u8Vm1T_slBOpjbJ6YJvDDh4VQ&oe=69639742']",,https://www.threads.net/@sovattey__sary/post/DMmqpZ6uX8S,[],"{'likes': 5233, 'reposts': 1347, 'quotes': 99}",threads,3685820908330123026,សារី សុវត្តី • Sovattey Sary,,"WE NEED TO STOP THAILAND!!! Stop the war started by them now!!! Please protect Cambodia 🙏
@unesco unescocambodia 
#ThailandOpenedFire
#ThailandInvadesCambodia
#CambodiaWantsPeace
#justiceforcambodia
#thailanddestoystemple",threads,63410205635,sovattey__sary
[],2026-01-10T10:17:08.186421+07:00,"NYPrepper
@nyprepper1

⚠️⚠️⚠️⚠️⚠️⚠️CHANCES ARE WE WILL WAKE UP TO A BIG HEADLINE IN THE NEXT 24-72 HRS AS MORE THAN 20 U.S. NUCLEAR TARGETING CODES HAVE BEEN TRANSMITTED IN THE PAST 2 HOURS AND NOW AN ENCRYPTED DATA STREAM IS TRANSMITTING ON THE PRIMARY U.S. NUCLEAR WAR FREQUENCY IN POLAND!!",2026-01-03T00:52:57+07:00,,3801350920005047814,threads,threads.com,threads_crawler_v1,https://www.threads.net/@tommycavin3860/post/DTBHIV1gVYG,https://instagram.fhan4-6.fna.fbcdn.net/v/t51.2885-19/559203358_17858154309518396_6059898590624231479_n.jpg?stp=dst-jpg_s150x150_tt6&efg=eyJ2ZW5jb2RlX3RhZyI6InByb2ZpbGVfcGljLmRqYW5nby4xMDgwLmMyIn0&_nc_ht=instagram.fhan4-6.fna.fbcdn.net&_nc_cat=108&_nc_oc=Q6cZ2QFkb8kwHrdpHLQbsB1wMa_t2lR5-GvXcELvNgK8kv0GstZVBq-HjL6mdV0EOAjDqUg&_nc_ohc=L3b6n5D1LPAQ7kNvwEeNIRH&_nc_gid=4Y6NKXKV5wgQ4HMA_6upKg&edm=AJhczIQBAAAA&ccb=7-5&oh=00_AfrIvwp-zTB30PHBAiB16iTuZj0d8FsPCbdWnHOxPK_oHQ&oe=69678D81&_nc_sid=4a2096,296,0,1246,190,0,"['https://instagram.fhan4-5.fna.fbcdn.net/v/t51.2885-15/611239862_1174774364782502_8684703885212933064_n.jpg?stp=dst-jpg_e15_tt6&efg=eyJ2ZW5jb2RlX3RhZyI6InRocmVhZHMuRkVFRC5pbWFnZV91cmxnZW4uNjQweDQ1Ni5zZHIuZjcxODc4LmRlZmF1bHRfY292ZXJfZnJhbWUuYzIifQ&_nc_ht=instagram.fhan4-5.fna.fbcdn.net&_nc_cat=102&_nc_oc=Q6cZ2QFkb8kwHrdpHLQbsB1wMa_t2lR5-GvXcELvNgK8kv0GstZVBq-HjL6mdV0EOAjDqUg&_nc_ohc=zl6Ueeoc4PQQ7kNvwGDr2hA&_nc_gid=4Y6NKXKV5wgQ4HMA_6upKg&edm=AJhczIQBAAAA&ccb=7-5&ig_cache_key=MzgwMTM1MDkyMDAwNTA0NzgxNA%3D%3D.3-ccb7-5&oh=00_Afpo81BD_2qDcDZmL5IQTU_ITYHdJa88UjDQg0Ef0TBmWw&oe=6967AF18&_nc_sid=4a2096', 'https://instagram.fhan3-4.fna.fbcdn.net/o1/v/t16/f2/m84/AQM26fcZIQB3iShpa0tuHb3hfGvZATbQXOrdGLr1CLH_wH31nYZamobPcrNvpCOrlHMO3dIq2uU09Q_t1nt5dCLLQGxGFticX4XEYYs.mp4?_nc_cat=104&_nc_oc=Adm4vRlL50oPTOoK2XjYKEHz2XlGgUSGPt6BON6z5BDrCnKjdrMpUrAkgTLMwm1Qn6A&_nc_sid=5e9851&_nc_ht=instagram.fhan3-4.fna.fbcdn.net&_nc_ohc=gO7zF4pFK3cQ7kNvwEXMtUs&efg=eyJ2ZW5jb2RlX3RhZyI6Inhwdl9wcm9ncmVzc2l2ZS5JTlNUQUdSQU0uRkVFRC5DMy41MDQuZGFzaF9iYXNlbGluZV8zX3YxIiwieHB2X2Fzc2V0X2lkIjo4NTM0MTg1NjQxNDQ5NTMsImFzc2V0X2FnZV9kYXlzIjo3LCJ2aV91c2VjYXNlX2lkIjoxMDE2NCwiZHVyYXRpb25fcyI6MjcsInVybGdlbl9zb3VyY2UiOiJ3d3cifQ%3D%3D&ccb=17-1&_nc_gid=4Y6NKXKV5wgQ4HMA_6upKg&_nc_zt=28&vs=799450ac07ee7ddb&_nc_vs=HBksFQIYTGlnX2JhY2tmaWxsX3RpbWVsaW5lX3ZvZC8wMTQ3OTJCRDFCRjUzRjhBQTEwMzQ5OEY5NDg2MEJCRl92aWRlb19kYXNoaW5pdC5tcDQVAALIARIAFQIYOnBhc3N0aHJvdWdoX2V2ZXJzdG9yZS9HQnJuYUNRX0Y1cDZHWDRIQUhLX3YyeHhrZTBBYnNwVEFRQUYVAgLIARIAKAAYABsCiAd1c2Vfb2lsATEScHJvZ3Jlc3NpdmVfcmVjaXBlATEVAAAm8rzi5b-LhAMVAigCQzMsF0A7ZmZmZmZmGBJkYXNoX2Jhc2VsaW5lXzNfdjERAHXqB2XongEA&oh=00_Afq8mjZ3lVay6pNFtZWSnzF-4qULmvrn_nUGwAncOrzasw&oe=6963882C']",,https://www.threads.net/@tommycavin3860/post/DTBHIV1gVYG,[],"{'likes': 1246, 'reposts': 174, 'quotes': 16}",threads,3801350920005047814,Thomas Hart Cavin,,"NYPrepper
@nyprepper1

⚠️⚠️⚠️⚠️⚠️⚠️CHANCES ARE WE WILL WAKE UP TO A BIG HEADLINE IN THE NEXT 24-72 HRS AS MORE THAN 20 U.S. NUCLEAR TARGETING CODES HAVE BEEN TRANSMITTED IN THE PAST 2 HOURS AND NOW AN ENCRYPTED DATA STREAM IS TRANSMITTING ON THE PRIMARY U.S. NUCLEAR WAR FREQUENCY IN POLAND!!",threads,75478366395,tommycavin3860
[],2026-01-10T10:17:08.186586+07:00,"❌ Bộ đôi visual 
✅ Combo mỏ hỗn, chiến thần chọc quê, ông hoàng bắt chước =)))
University war",2025-01-05T22:59:45+07:00,,3538925240569223667,threads,threads.com,threads_crawler_v1,https://www.threads.net/@hynonnnnnn/post/DEcycGaytnz,https://instagram.fhan4-5.fna.fbcdn.net/v/t51.2885-19/472497044_1633876533876170_2827704017479614153_n.jpg?stp=dst-jpg_s150x150_tt6&efg=eyJ2ZW5jb2RlX3RhZyI6InByb2ZpbGVfcGljLmRqYW5nby4xMDgwLmMyIn0&_nc_ht=instagram.fhan4-5.fna.fbcdn.net&_nc_cat=102&_nc_oc=Q6cZ2QFkb8kwHrdpHLQbsB1wMa_t2lR5-GvXcELvNgK8kv0GstZVBq-HjL6mdV0EOAjDqUg&_nc_ohc=LGVJUHjz9IQQ7kNvwG7bZeA&_nc_gid=4Y6NKXKV5wgQ4HMA_6upKg&edm=AJhczIQBAAAA&ccb=7-5&oh=00_AfqjlERemVNF3W6mUPCO1IWtR679tzC5j7Ak3yWgrn6Wug&oe=6967B0CA&_nc_sid=4a2096,21,0,631,89,0,['https://instagram.fhan3-3.fna.fbcdn.net/v/t51.2885-15/471990098_1534586650456909_2665521878530162796_n.jpg?stp=dst-jpg_e15_tt6&efg=eyJ2ZW5jb2RlX3RhZyI6InRocmVhZHMuQ0FST1VTRUxfSVRFTS5pbWFnZV91cmxnZW4uNjQweDM2MC5zZHIuZjcxODc4LmRlZmF1bHRfY292ZXJfZnJhbWUuYzIifQ&_nc_ht=instagram.fhan3-3.fna.fbcdn.net&_nc_cat=101&_nc_oc=Q6cZ2QFkb8kwHrdpHLQbsB1wMa_t2lR5-GvXcELvNgK8kv0GstZVBq-HjL6mdV0EOAjDqUg&_nc_ohc=ipZSVl9MoLAQ7kNvwF5rZSG&_nc_gid=4Y6NKXKV5wgQ4HMA_6upKg&edm=AJhczIQBAAAA&ccb=7-5&ig_cache_key=MzUzODkyMzAxNzYxMzEyODI4OA%3D%3D.3-ccb7-5&oh=00_AfqnEiAOdlxkW6qhsVJlA4N7aUOBOA-rPOVbqS6Le69cLA&oe=69677DCD&_nc_sid=4a2096'],,https://www.threads.net/@hynonnnnnn/post/DEcycGaytnz,[],"{'likes': 631, 'reposts': 79, 'quotes': 10}",threads,3538925240569223667,,University war,"❌ Bộ đôi visual 
✅ Combo mỏ hỗn, chiến thần chọc quê, ông hoàng bắt chước =)))
University war",threads,67705976866,hynonnnnnn
[],2026-01-10T10:17:08.186774+07:00,"Kính thưa toàn thể công dân ULIS QH25 đang mồ côi lớp NN2 Tiếng Trung, do tử trận trước portal war nên mình cần tìm đồng đội cũng đang thất học lớp Trung NN2 để gom lại đủ số lượng thành viên 1 lớp rồi xin nhà trường mở thêm lớp mới ạ.
Mình cảm ưn✨
:))
:((((
#viral",2025-12-17T13:44:03+07:00,,3789417953126136193,threads,threads.com,threads_crawler_v1,https://www.threads.net/@yeongie_012/post/DSWt40ZkjmB,https://instagram.fhan3-4.fna.fbcdn.net/v/t51.2885-19/528357232_17923696584104058_6661965221548111902_n.jpg?stp=dst-jpg_s150x150_tt6&efg=eyJ2ZW5jb2RlX3RhZyI6InByb2ZpbGVfcGljLmRqYW5nby4xMDgwLmMyIn0&_nc_ht=instagram.fhan3-4.fna.fbcdn.net&_nc_cat=106&_nc_oc=Q6cZ2QFkb8kwHrdpHLQbsB1wMa_t2lR5-GvXcELvNgK8kv0GstZVBq-HjL6mdV0EOAjDqUg&_nc_ohc=6-oMN_SZo90Q7kNvwFfdG44&_nc_gid=4Y6NKXKV5wgQ4HMA_6upKg&edm=AJhczIQBAAAA&ccb=7-5&oh=00_Afo5pypgN2qp1xTyY6qRp9yeJJLKCybHKrMJzJliXy8QpA&oe=6967A42D&_nc_sid=4a2096,21,0,80,3,0,[],,https://www.threads.net/@yeongie_012/post/DSWt40ZkjmB,[],"{'likes': 80, 'reposts': 3, 'quotes': 0}",threads,3789417953126136193,𝓐,ulis,"Kính thưa toàn thể công dân ULIS QH25 đang mồ côi lớp NN2 Tiếng Trung, do tử trận trước portal war nên mình cần tìm đồng đội cũng đang thất học lớp Trung NN2 để gom lại đủ số lượng thành viên 1 lớp rồi xin nhà trường mở thêm lớp mới ạ.
Mình cảm ưn✨
:))
:((((
#viral",threads,63142176057,yeongie_012
[],2026-01-10T10:17:08.186951+07:00,"Today I’m struggling with so many haters
Who keeps talking about
Zelenskyy is the only problem
That stands in the way of Peace in Ukraine

Please don’t fall for propaganda 
Ukraine isn’t an Aggressor 
Ukrainian War began not in 2022 but in 2014
We are keep fighting more than 11 years 
It is painful, it is hard
But that’s our life as it is.

And I’m very grateful that bigger part
Of the World is not indifferent 
YOU are still supporting us
And YOU are amazing 
Thank you 💙💛🫂🫂",2025-04-09T21:33:38+07:00,,3607010812081878610,threads,threads.com,threads_crawler_v1,https://www.threads.net/@angelica.shalagina/post/DIOrTkLIjZS,https://instagram.fhan4-3.fna.fbcdn.net/v/t51.2885-19/467017574_1264282758040668_4230964611045770101_n.jpg?stp=dst-jpg_s150x150_tt6&efg=eyJ2ZW5jb2RlX3RhZyI6InByb2ZpbGVfcGljLmRqYW5nby4xMDgwLmMyIn0&_nc_ht=instagram.fhan4-3.fna.fbcdn.net&_nc_cat=100&_nc_oc=Q6cZ2QFkb8kwHrdpHLQbsB1wMa_t2lR5-GvXcELvNgK8kv0GstZVBq-HjL6mdV0EOAjDqUg&_nc_ohc=-nIOqCxTH58Q7kNvwFYV07Z&_nc_gid=4Y6NKXKV5wgQ4HMA_6upKg&edm=AJhczIQBAAAA&ccb=7-5&oh=00_AfpCjhtMUZ1i8Xm4l2ruUD5HXfSXlDfCj0svne4po-YY0w&oe=6967ADA8&_nc_sid=4a2096,437,0,3081,115,0,['https://instagram.fhan3-3.fna.fbcdn.net/v/t51.2885-15/488725188_17909393166101389_6865917585747032315_n.jpg?stp=dst-jpg_e35_tt6&efg=eyJ2ZW5jb2RlX3RhZyI6InRocmVhZHMuRkVFRC5pbWFnZV91cmxnZW4uMTQ0MHgxOTIwLnNkci5mNzU3NjEuZGVmYXVsdF9pbWFnZS5jMiJ9&_nc_ht=instagram.fhan3-3.fna.fbcdn.net&_nc_cat=101&_nc_oc=Q6cZ2QFkb8kwHrdpHLQbsB1wMa_t2lR5-GvXcELvNgK8kv0GstZVBq-HjL6mdV0EOAjDqUg&_nc_ohc=2j4-cKxW1k8Q7kNvwF4lMWc&_nc_gid=4Y6NKXKV5wgQ4HMA_6upKg&edm=AJhczIQBAAAA&ccb=7-5&ig_cache_key=MzYwNzAxMDgxMjA4MTg3ODYxMA%3D%3D.3-ccb7-5&oh=00_AfogPcItOfEZsVFB_hkE_-mam7tWoU6GQ_0ORCXh_dJJGw&oe=6967B270&_nc_sid=4a2096'],,https://www.threads.net/@angelica.shalagina/post/DIOrTkLIjZS,[],"{'likes': 3081, 'reposts': 112, 'quotes': 3}",threads,3607010812081878610,Angelica Shalagina🇺🇦,Ukraine diary,"Today I’m struggling with so many haters
Who keeps talking about
Zelenskyy is the only problem
That stands in the way of Peace in Ukraine

Please don’t fall for propaganda 
Ukraine isn’t an Aggressor 
Ukrainian War began not in 2022 but in 2014
We are keep fighting more than 11 years 
It is painful, it is hard
But that’s our life as it is.

And I’m very grateful that bigger part
Of the World is not indifferent 
YOU are still supporting us
And YOU are amazing 
Thank you 💙💛🫂🫂",threads,63068589388,angelica.shalagina
[],2026-01-10T10:17:08.187102+07:00,"I'm unemployed. As of 5PM today, I officially left my 35-year career as a civil servant with the Department of Defense. I still have years of work ahead, but I couldn't continue serving under this administration. I morally couldn't be a part of the ""Department of War."" My career was spent testing technologies to save our troops' lives, not killing people and invading sovereign nations. And I refuse to violate my oath to uphold and defend the Constitution from all enemies - foreign and DOMESTIC.",2025-10-01T05:31:26+07:00,,3733362279007252018,threads,threads.com,threads_crawler_v1,https://www.threads.net/@crucible_of_thought/post/DPPkTZqEe4y,https://instagram.fhan3-3.fna.fbcdn.net/v/t51.2885-19/459304680_495756886565099_4933002962082754954_n.jpg?stp=dst-jpg_s150x150_tt6&efg=eyJ2ZW5jb2RlX3RhZyI6InByb2ZpbGVfcGljLmRqYW5nby4xMDAxLmMyIn0&_nc_ht=instagram.fhan3-3.fna.fbcdn.net&_nc_cat=111&_nc_oc=Q6cZ2QFkb8kwHrdpHLQbsB1wMa_t2lR5-GvXcELvNgK8kv0GstZVBq-HjL6mdV0EOAjDqUg&_nc_ohc=57Ypa6RtIfgQ7kNvwG344IB&_nc_gid=4Y6NKXKV5wgQ4HMA_6upKg&edm=AJhczIQBAAAA&ccb=7-5&oh=00_Afr3s8iXZERsbtwcoaoFKVZL6NK7-l9WZDgCyboD8iH34Q&oe=69678D24&_nc_sid=4a2096,4131,0,100961,4042,0,['https://instagram.fhan4-1.fna.fbcdn.net/v/t51.2885-15/556800411_17926127082112505_825114732884105746_n.jpg?stp=dst-jpg_e35_tt6&efg=eyJ2ZW5jb2RlX3RhZyI6InRocmVhZHMuRkVFRC5pbWFnZV91cmxnZW4uMTAyNHgxNTM2LnNkci5mODI3ODcuZGVmYXVsdF9pbWFnZS5jMiJ9&_nc_ht=instagram.fhan4-1.fna.fbcdn.net&_nc_cat=105&_nc_oc=Q6cZ2QFkb8kwHrdpHLQbsB1wMa_t2lR5-GvXcELvNgK8kv0GstZVBq-HjL6mdV0EOAjDqUg&_nc_ohc=lnU1PI7y3gYQ7kNvwGHhWsV&_nc_gid=4Y6NKXKV5wgQ4HMA_6upKg&edm=AJhczIQBAAAA&ccb=7-5&ig_cache_key=MzczMzM2MjI3OTAwNzI1MjAxOA%3D%3D.3-ccb7-5&oh=00_AfpwIQlHDXqjLvaW6dnSnIxyOH_jPXCfT7RPOcuAYuG5tA&oe=6967A5C7&_nc_sid=4a2096'],,https://www.threads.net/@crucible_of_thought/post/DPPkTZqEe4y,[],"{'likes': 100961, 'reposts': 3890, 'quotes': 152}",threads,3733362279007252018,Brandon @ Crucible of Thought,,"I'm unemployed. As of 5PM today, I officially left my 35-year career as a civil servant with the Department of Defense. I still have years of work ahead, but I couldn't continue serving under this administration. I morally couldn't be a part of the ""Department of War."" My career was spent testing technologies to save our troops' lives, not killing people and invading sovereign nations. And I refuse to violate my oath to uphold and defend the Constitution from all enemies - foreign and DOMESTIC.",threads,63463208504,crucible_of_thought
[],2026-01-10T10:17:08.187263+07:00,"tạm biệt những cuộc fan war hơn năm rồi mà dạo này như được sống lại những trận chiến của 2020-2021. tôi nghĩ là mình đã dùng mxh đủ lâu để thấy 4 gái mẹ bị réo tên ở mảng fashion. giờ bốc đại 1 con tướng ""Người châu Á đầu tiên lên bìa đơn Vốc Pháp"" của 3 năm về trước thì cũng đủ nói lên một điều là riêng mảng này thì ngoài 4 ghẻ của các mẹ tự vả nhau ra, ít ai có thể dây vào =))))",2025-12-22T21:09:40+07:00,,3793266119495249917,threads,threads.com,threads_crawler_v1,https://www.threads.net/@nhidng.th/post/DSkY3AnCe_9,https://instagram.fhan3-3.fna.fbcdn.net/v/t51.2885-19/604381374_17937658956104375_8863681280999429910_n.jpg?stp=dst-jpg_s150x150_tt6&efg=eyJ2ZW5jb2RlX3RhZyI6InByb2ZpbGVfcGljLmRqYW5nby42NzQuYzIifQ&_nc_ht=instagram.fhan3-3.fna.fbcdn.net&_nc_cat=111&_nc_oc=Q6cZ2QFkb8kwHrdpHLQbsB1wMa_t2lR5-GvXcELvNgK8kv0GstZVBq-HjL6mdV0EOAjDqUg&_nc_ohc=kCaM7dzc7RAQ7kNvwEueMxj&_nc_gid=4Y6NKXKV5wgQ4HMA_6upKg&edm=AJhczIQBAAAA&ccb=7-5&oh=00_AfqoOn_FPnIC56CLEq0wmmsOgc1huo7ZHw2kCoRs_Y0fGA&oe=696783AE&_nc_sid=4a2096,46,0,1225,80,0,['https://instagram.fhan3-3.fna.fbcdn.net/v/t51.2885-15/604539369_17937641253104375_8045606152906238562_n.jpg?stp=dst-jpg_e35_tt6&efg=eyJ2ZW5jb2RlX3RhZyI6InRocmVhZHMuRkVFRC5pbWFnZV91cmxnZW4uMTIwMHgxNTAwLnNkci5mODI3ODcuZGVmYXVsdF9pbWFnZS5jMiJ9&_nc_ht=instagram.fhan3-3.fna.fbcdn.net&_nc_cat=111&_nc_oc=Q6cZ2QFkb8kwHrdpHLQbsB1wMa_t2lR5-GvXcELvNgK8kv0GstZVBq-HjL6mdV0EOAjDqUg&_nc_ohc=SYyXIFutOasQ7kNvwHzjwiN&_nc_gid=4Y6NKXKV5wgQ4HMA_6upKg&edm=AJhczIQBAAAA&ccb=7-5&ig_cache_key=Mzc5MzI2NjExOTQ5NTI0OTkxNw%3D%3D.3-ccb7-5&oh=00_Afpul5nUJhYtRzVb-evGqovjvg9dru8oIRp2uvXo8Vyh0A&oe=6967AE3E&_nc_sid=4a2096'],,https://www.threads.net/@nhidng.th/post/DSkY3AnCe_9,[],"{'likes': 1225, 'reposts': 78, 'quotes': 2}",threads,3793266119495249917,thảo nhi,BLACKPINK,"tạm biệt những cuộc fan war hơn năm rồi mà dạo này như được sống lại những trận chiến của 2020-2021. tôi nghĩ là mình đã dùng mxh đủ lâu để thấy 4 gái mẹ bị réo tên ở mảng fashion. giờ bốc đại 1 con tướng ""Người châu Á đầu tiên lên bìa đơn Vốc Pháp"" của 3 năm về trước thì cũng đủ nói lên một điều là riêng mảng này thì ngoài 4 ghẻ của các mẹ tự vả nhau ra, ít ai có thể dây vào =))))",threads,63271376374,nhidng.th
[],2026-01-10T10:17:08.187467+07:00,The anti war protest in Denver is just starting to kickoff.,2026-01-04T06:18:11+07:00,,3802237366359387195,threads,threads.com,threads_crawler_v1,https://www.threads.net/@allen.cowgill/post/DTEQr1VkWw7,https://instagram.fhan4-3.fna.fbcdn.net/v/t51.2885-19/357998329_1340395629849948_3666741886836377397_n.jpg?stp=dst-jpg_s150x150_tt6&efg=eyJ2ZW5jb2RlX3RhZyI6InByb2ZpbGVfcGljLmRqYW5nby4xMDgwLmMyIn0&_nc_ht=instagram.fhan4-3.fna.fbcdn.net&_nc_cat=100&_nc_oc=Q6cZ2QFkb8kwHrdpHLQbsB1wMa_t2lR5-GvXcELvNgK8kv0GstZVBq-HjL6mdV0EOAjDqUg&_nc_ohc=xlf_8o2O_CYQ7kNvwFP9EkX&_nc_gid=4Y6NKXKV5wgQ4HMA_6upKg&edm=AJhczIQBAAAA&ccb=7-5&oh=00_AfrIgigN2-ILXQypfsG1xvPACARhActJtnkJYG_C7rSQMg&oe=6967A8F4&_nc_sid=4a2096,114,0,4719,334,0,"['https://instagram.fhan3-3.fna.fbcdn.net/v/t51.2885-15/588000520_1450629066648959_113154852062986218_n.jpg?stp=dst-jpg_e15_tt6&efg=eyJ2ZW5jb2RlX3RhZyI6InRocmVhZHMuRkVFRC5pbWFnZV91cmxnZW4uNjQweDM2MC5zZHIuZjcxODc4LmRlZmF1bHRfY292ZXJfZnJhbWUuYzIifQ&_nc_ht=instagram.fhan3-3.fna.fbcdn.net&_nc_cat=111&_nc_oc=Q6cZ2QFkb8kwHrdpHLQbsB1wMa_t2lR5-GvXcELvNgK8kv0GstZVBq-HjL6mdV0EOAjDqUg&_nc_ohc=ZPFh_L3gQskQ7kNvwFNRjpJ&_nc_gid=4Y6NKXKV5wgQ4HMA_6upKg&edm=AJhczIQBAAAA&ccb=7-5&ig_cache_key=MzgwMjIzNzM2NjM1OTM4NzE5NQ%3D%3D.3-ccb7-5&oh=00_AfqMJ768p6JETmG0y19gf9khvUK4zNPw16IAOb42aLHamg&oe=6967A2F1&_nc_sid=4a2096', 'https://instagram.fhan4-6.fna.fbcdn.net/o1/v/t16/f2/m84/AQPyHefFf4ZsjRCD4kFEco5hpDw4Uhjn1wYNHIWo-q5qfFuHLnfxDSNQcioZP6OqRSiE2BhZbJxeH-tx0Bq-Ia83uNJOBmRpzUEOKH0.mp4?_nc_cat=108&_nc_oc=AdnoBDuyfgEwefspTi-uK1S1ZELi-PUSN_FDOFqfIGcU2gkLLdIsuwUdYIXpI8Op3vg&_nc_sid=5e9851&_nc_ht=instagram.fhan4-6.fna.fbcdn.net&_nc_ohc=cJwXX9wZp_8Q7kNvwEpSd73&efg=eyJ2ZW5jb2RlX3RhZyI6Inhwdl9wcm9ncmVzc2l2ZS5JTlNUQUdSQU0uRkVFRC5DMy4xMjc2LmRhc2hfYmFzZWxpbmVfMV92MSIsInhwdl9hc3NldF9pZCI6MTM1NDc4NDYxMjc5MTgwMywiYXNzZXRfYWdlX2RheXMiOjYsInZpX3VzZWNhc2VfaWQiOjEwMTY0LCJkdXJhdGlvbl9zIjo5LCJ1cmxnZW5fc291cmNlIjoid3d3In0%3D&ccb=17-1&_nc_gid=4Y6NKXKV5wgQ4HMA_6upKg&_nc_zt=28&vs=fcee45c14a4b00c2&_nc_vs=HBksFQIYTGlnX2JhY2tmaWxsX3RpbWVsaW5lX3ZvZC8yRDQ2MDA2MDhDODdGOTJCNTRBOTQ0OTc5QUU3MTdCMV92aWRlb19kYXNoaW5pdC5tcDQVAALIARIAFQIYOnBhc3N0aHJvdWdoX2V2ZXJzdG9yZS9HQVV0UGlTS3k2TlBtTUVKQUdRcHZSbi0yMzlFYnNwVEFRQUYVAgLIARIAKAAYABsCiAd1c2Vfb2lsATEScHJvZ3Jlc3NpdmVfcmVjaXBlATEVAAAm9te9-euK6AQVAigCQzMsF0AjZmZmZmZmGBJkYXNoX2Jhc2VsaW5lXzFfdjERAHXqB2XongEA&oh=00_AfqvBgnDtpPOUnBjXdjPG_X_0UpvYk0sPa77pmI19RStjQ&oe=6963A054']",,https://www.threads.net/@allen.cowgill/post/DTEQr1VkWw7,[],"{'likes': 4719, 'reposts': 320, 'quotes': 14}",threads,3802237366359387195,,,The anti war protest in Denver is just starting to kickoff.,threads,63244398033,allen.cowgill
[],2026-01-10T10:17:08.187652+07:00,"Kratos wallpaper 
God of War",2025-02-08T22:20:30+07:00,,3563547857490248275,threads,threads.com,threads_crawler_v1,https://www.threads.net/@gifsavvy/post/DF0Q-VZz4JT,https://instagram.fhan3-3.fna.fbcdn.net/v/t51.2885-19/514006856_17892280152257485_8114764232491586875_n.jpg?stp=dst-jpg_s150x150_tt6&efg=eyJ2ZW5jb2RlX3RhZyI6InByb2ZpbGVfcGljLmRqYW5nby4xMDgwLmMyIn0&_nc_ht=instagram.fhan3-3.fna.fbcdn.net&_nc_cat=101&_nc_oc=Q6cZ2QFkb8kwHrdpHLQbsB1wMa_t2lR5-GvXcELvNgK8kv0GstZVBq-HjL6mdV0EOAjDqUg&_nc_ohc=kAWWljTfaWUQ7kNvwHtWbEM&_nc_gid=4Y6NKXKV5wgQ4HMA_6upKg&edm=AJhczIQBAAAA&ccb=7-5&oh=00_Afr0aftiULj5jCCjuYEMhCGzlURHT0eiCAhKPqthcPX4rQ&oe=6967A3B4&_nc_sid=4a2096,2,0,443,10,0,['https://instagram.fhan4-5.fna.fbcdn.net/v/t51.2885-15/472479350_17883166809208718_2576455128672705430_n.jpg?stp=dst-jpg_e35_tt6&efg=eyJ2ZW5jb2RlX3RhZyI6InRocmVhZHMuQ0FST1VTRUxfSVRFTS5pbWFnZV91cmxnZW4uMTQ0MHgxNDQwLnNkci5mNzU3NjEuZGVmYXVsdF9pbWFnZS5jMiJ9&_nc_ht=instagram.fhan4-5.fna.fbcdn.net&_nc_cat=102&_nc_oc=Q6cZ2QFkb8kwHrdpHLQbsB1wMa_t2lR5-GvXcELvNgK8kv0GstZVBq-HjL6mdV0EOAjDqUg&_nc_ohc=Il9PP6p1tS4Q7kNvwFTM_ai&_nc_gid=4Y6NKXKV5wgQ4HMA_6upKg&edm=AJhczIQBAAAA&ccb=7-5&ig_cache_key=MzU2MzU0Nzg0ODMyOTcyMDg5NQ%3D%3D.3-ccb7-5&oh=00_AfryqgqKBwoER7i3lqmQ82_tXUFvjAXhmS2MsG9Cm0_YQQ&oe=69678831&_nc_sid=4a2096'],,https://www.threads.net/@gifsavvy/post/DF0Q-VZz4JT,[],"{'likes': 443, 'reposts': 10, 'quotes': 0}",threads,3563547857490248275,Perfect Shots,wallpaper,"Kratos wallpaper 
God of War",threads,67741481484,gifsavvy
[],2026-01-10T10:17:08.187805+07:00,"The president of Iran declared TOTAL WAR on the USA yesterday and no one is scared or talking about it? That means they will be attacking us soil, us civilians, and not just our military. Get ready to be in an active war zone people.",2025-12-30T00:33:55+07:00,,3798442351611036888,threads,threads.com,threads_crawler_v1,https://www.threads.net/@breebrah24/post/DS2xzGbk0TY,https://instagram.fhan3-4.fna.fbcdn.net/v/t51.2885-19/468896824_955206466459588_4544356185356007327_n.jpg?stp=dst-jpg_s150x150_tt6&efg=eyJ2ZW5jb2RlX3RhZyI6InByb2ZpbGVfcGljLmRqYW5nby43MjAuYzIifQ&_nc_ht=instagram.fhan3-4.fna.fbcdn.net&_nc_cat=104&_nc_oc=Q6cZ2QFkb8kwHrdpHLQbsB1wMa_t2lR5-GvXcELvNgK8kv0GstZVBq-HjL6mdV0EOAjDqUg&_nc_ohc=Szd8aK1sX0EQ7kNvwHnJzSG&_nc_gid=4Y6NKXKV5wgQ4HMA_6upKg&edm=AJhczIQBAAAA&ccb=7-5&oh=00_AfqQTlXyokjU3QX9NQmcdLjFX75jiWXrP7udK8l77niBuQ&oe=69678A15&_nc_sid=4a2096,1978,0,3384,319,0,[],,https://www.threads.net/@breebrah24/post/DS2xzGbk0TY,[],"{'likes': 3384, 'reposts': 300, 'quotes': 19}",threads,3798442351611036888,Breanna Ford,,"The president of Iran declared TOTAL WAR on the USA yesterday and no one is scared or talking about it? That means they will be attacking us soil, us civilians, and not just our military. Get ready to be in an active war zone people.",threads,70913162436,breebrah24
[],2026-01-10T10:17:08.187950+07:00,"You know, if we had President Harris, she’d probably be speaking at an all girls school or meeting with a head of state today. Not going to war with Venezuela. We are so lost. We have to find our way, you guys, we have to find our way again.",2026-01-04T06:01:14+07:00,,3802230972335920451,threads,threads.com,threads_crawler_v1,https://www.threads.net/@kathygriffin/post/DTEPOycEhVD,https://instagram.fhan3-3.fna.fbcdn.net/v/t51.2885-19/533094376_17921148873111729_4843156020444786859_n.jpg?stp=dst-jpg_s150x150_tt6&efg=eyJ2ZW5jb2RlX3RhZyI6InByb2ZpbGVfcGljLmRqYW5nby4xMDgwLmMyIn0&_nc_ht=instagram.fhan3-3.fna.fbcdn.net&_nc_cat=1&_nc_oc=Q6cZ2QFkb8kwHrdpHLQbsB1wMa_t2lR5-GvXcELvNgK8kv0GstZVBq-HjL6mdV0EOAjDqUg&_nc_ohc=DoE60Io9ImQQ7kNvwG90xg7&_nc_gid=4Y6NKXKV5wgQ4HMA_6upKg&edm=AJhczIQBAAAA&ccb=7-5&oh=00_AfrQv7aZE3gKLJx7fN-F3uqQ2VuTiwfZdusEHLx118tSFw&oe=6967AE1B&_nc_sid=4a2096,3807,0,8426,383,0,['https://instagram.fhan4-6.fna.fbcdn.net/v/t51.2885-15/610867159_18548441671030340_3560780498337766464_n.jpg?stp=dst-jpg_e35_tt6&efg=eyJ2ZW5jb2RlX3RhZyI6InRocmVhZHMuRkVFRC5pbWFnZV91cmxnZW4uNzM2eDczNi5zZHIuZjgyNzg3LmRlZmF1bHRfaW1hZ2UuYzIifQ&_nc_ht=instagram.fhan4-6.fna.fbcdn.net&_nc_cat=108&_nc_oc=Q6cZ2QFkb8kwHrdpHLQbsB1wMa_t2lR5-GvXcELvNgK8kv0GstZVBq-HjL6mdV0EOAjDqUg&_nc_ohc=Hr1bKPDENnQQ7kNvwFOlzMk&_nc_gid=4Y6NKXKV5wgQ4HMA_6upKg&edm=AJhczIQBAAAA&ccb=7-5&ig_cache_key=MzgwMjIzMDk3MjMzNTkyMDQ1MQ%3D%3D.3-ccb7-5&oh=00_AfreUmdsFf5vI331o9T8-MlEjAPmHuqIC7fdgW3SnaX_jg&oe=6967984D&_nc_sid=4a2096'],,https://www.threads.net/@kathygriffin/post/DTEPOycEhVD,[],"{'likes': 8426, 'reposts': 360, 'quotes': 23}",threads,3802230972335920451,Kathy Griffin,,"You know, if we had President Harris, she’d probably be speaking at an all girls school or meeting with a head of state today. Not going to war with Venezuela. We are so lost. We have to find our way, you guys, we have to find our way again.",threads,63221071728,kathygriffin
[],2026-01-10T10:17:34.552994+07:00,Curtis Jackson aka i went to war with him. It’s funny how a so called enemy can become an incredible friend. God bless you my brother 50 more hbd king @50cent,2025-07-06T22:10:36+07:00,,3670809683258646813,threads,threads.com,threads_crawler_v1,https://www.threads.net/@fatjoe/post/DLxVfVIsiEd,https://instagram.fhan4-5.fna.fbcdn.net/v/t51.2885-19/358384688_236891172528674_4653861085034169029_n.jpg?stp=dst-jpg_s150x150_tt6&efg=eyJ2ZW5jb2RlX3RhZyI6InByb2ZpbGVfcGljLmRqYW5nby4xMDgwLmMyIn0&_nc_ht=instagram.fhan4-5.fna.fbcdn.net&_nc_cat=102&_nc_oc=Q6cZ2QGYRtfNXqJZNl2mONINT_2N6Lg2Z6ktHoJuhQnUVcyXQZlP-N2ZLSOX4q20SLvh-10&_nc_ohc=oDe8QTSEUmYQ7kNvwFev7nH&_nc_gid=bpiq55W_c4xxrq6o5VNnDw&edm=AJhczIQBAAAA&ccb=7-5&oh=00_AfqRKqOQSGw9d8TECqSxIs0Y-Z642KzVOn5t-91ZHCpZAA&oe=6967AA5E&_nc_sid=4a2096,114,0,1754,21,0,['https://instagram.fhan3-2.fna.fbcdn.net/v/t51.2885-15/515678304_18524900506055455_10531381873658261_n.jpg?stp=dst-jpg_e35_tt6&efg=eyJ2ZW5jb2RlX3RhZyI6InRocmVhZHMuRkVFRC5pbWFnZV91cmxnZW4uMTQ0MHgxODEzLnNkci5mODI3ODcuZGVmYXVsdF9pbWFnZS5jMiJ9&_nc_ht=instagram.fhan3-2.fna.fbcdn.net&_nc_cat=107&_nc_oc=Q6cZ2QGYRtfNXqJZNl2mONINT_2N6Lg2Z6ktHoJuhQnUVcyXQZlP-N2ZLSOX4q20SLvh-10&_nc_ohc=06nZV4_tHHUQ7kNvwGoJvK0&_nc_gid=bpiq55W_c4xxrq6o5VNnDw&edm=AJhczIQBAAAA&ccb=7-5&ig_cache_key=MzY3MDgwOTY4MzI1ODY0NjgxMw%3D%3D.3-ccb7-5&oh=00_Afo9NwlE_etYHVxtRaNHmkuhgLaydN6B8hr-aj5t5j03cA&oe=6967974D&_nc_sid=4a2096'],,https://www.threads.net/@fatjoe/post/DLxVfVIsiEd,[],"{'likes': 1754, 'reposts': 21, 'quotes': 0}",threads,3670809683258646813,FAT JOE,,Curtis Jackson aka i went to war with him. It’s funny how a so called enemy can become an incredible friend. God bless you my brother 50 more hbd king 50cent,threads,63463424797,fatjoe
[],2026-01-10T10:17:34.553297+07:00,WAR IS OVER. I’M FINALLY PCOS FREE!!! 🥹🥹🥹🥹,2024-12-27T14:01:40+07:00,,3532131432124570147,threads,threads.com,threads_crawler_v1,https://www.threads.net/@innahnyo/post/DEEptLPxtoj,https://instagram.fhan3-3.fna.fbcdn.net/v/t51.2885-19/515096202_17916464397106631_6523042834045566654_n.jpg?stp=dst-jpg_s150x150_tt6&efg=eyJ2ZW5jb2RlX3RhZyI6InByb2ZpbGVfcGljLmRqYW5nby45MzIuYzIifQ&_nc_ht=instagram.fhan3-3.fna.fbcdn.net&_nc_cat=111&_nc_oc=Q6cZ2QGYRtfNXqJZNl2mONINT_2N6Lg2Z6ktHoJuhQnUVcyXQZlP-N2ZLSOX4q20SLvh-10&_nc_ohc=f93Ve_mgtQ4Q7kNvwH9Ezx6&_nc_gid=bpiq55W_c4xxrq6o5VNnDw&edm=AJhczIQBAAAA&ccb=7-5&oh=00_AfprRzsKfSdj-rDMRc9H81Cy_3vnlp0ZH4i5Z7w0b82etw&oe=6967AC38&_nc_sid=4a2096,241,0,5648,104,0,[],,https://www.threads.net/@innahnyo/post/DEEptLPxtoj,[],"{'likes': 5648, 'reposts': 71, 'quotes': 33}",threads,3532131432124570147,イ ナ Innah,,WAR IS OVER. I’M FINALLY PCOS FREE!!! 🥹🥹🥹🥹,threads,63149050630,innahnyo
[],2026-01-10T10:17:34.553482+07:00,"BREAKING:- Donald Trump attacked Venezuela without Congress—violating Article I, Section 8 and the War Powers Act. That’s illegal. That’s impeachable. Congress must act.

Raise your hand if you agree✋",2026-01-04T05:16:07+07:00,,3802208260196610156,threads,threads.com,threads_crawler_v1,https://www.threads.net/@vivekchaudhary2225/post/DTEKESHEzBs,https://instagram.fhan3-3.fna.fbcdn.net/v/t51.2885-19/475861416_1600435170862108_5874306127389032071_n.jpg?stp=dst-jpg_s150x150_tt6&efg=eyJ2ZW5jb2RlX3RhZyI6InByb2ZpbGVfcGljLmRqYW5nby43MTUuYzIifQ&_nc_ht=instagram.fhan3-3.fna.fbcdn.net&_nc_cat=1&_nc_oc=Q6cZ2QGYRtfNXqJZNl2mONINT_2N6Lg2Z6ktHoJuhQnUVcyXQZlP-N2ZLSOX4q20SLvh-10&_nc_ohc=RPGWDQi9JrYQ7kNvwGcMgj9&_nc_gid=bpiq55W_c4xxrq6o5VNnDw&edm=AJhczIQBAAAA&ccb=7-5&oh=00_AfpU1Nna2k2YEaOr5LXMUDnEz2eb6677jUOw24xSsgOgFw&oe=6967AFA5&_nc_sid=4a2096,7463,0,53592,3242,0,['https://instagram.fhan4-3.fna.fbcdn.net/v/t51.2885-15/610574143_17890952859400116_126629327913693601_n.webp?efg=eyJ2ZW5jb2RlX3RhZyI6InRocmVhZHMuRkVFRC5pbWFnZV91cmxnZW4uNzIweDM5MC5zZHIuZjgyNzg3LmRlZmF1bHRfaW1hZ2UuYzIifQ&_nc_ht=instagram.fhan4-3.fna.fbcdn.net&_nc_cat=100&_nc_oc=Q6cZ2QGYRtfNXqJZNl2mONINT_2N6Lg2Z6ktHoJuhQnUVcyXQZlP-N2ZLSOX4q20SLvh-10&_nc_ohc=aiga98Elc_kQ7kNvwGikgq5&_nc_gid=bpiq55W_c4xxrq6o5VNnDw&edm=AJhczIQBAAAA&ccb=7-5&ig_cache_key=MzgwMjIwODI2MDE5NjYxMDE1Ng%3D%3D.3-ccb7-5&oh=00_Afo-NryQ8CeBq60zhTororc4qSUiIiJcW8r4KdyBN2cIqA&oe=69679415&_nc_sid=4a2096'],,https://www.threads.net/@vivekchaudhary2225/post/DTEKESHEzBs,[],"{'likes': 53592, 'reposts': 3129, 'quotes': 113}",threads,3802208260196610156,vivek chaudhary,,"BREAKING:- Donald Trump attacked Venezuela without Congress—violating Article I, Section 8 and the War Powers Act. That’s illegal. That’s impeachable. Congress must act.

Raise your hand if you agree✋",threads,72181064115,vivekchaudhary2225
[],2026-01-10T10:17:34.553607+07:00,"mọi người ơi mình nhớ blackpink quá đi mất. Mình nhớ blackpink house, nhớ một jennie mandu hay cười năm ấy, một mean jennie với style chanel 24/7, nhớ lisa thời búp bê sống, cỗ máy nhảy, nhớ rosie còn để tóc nâu trong thời kỳ golden voice của cô ấy, nhớ jisoo tóc đỏ, jisoo ở sân bay, nhớ 4 cô gái cùng nhau quẩy 4du trên sân khấu, nhớ vibe 2018, nhớ bản thân hồi còn đi war với các fandom khác, hồi còn chụp màn hình ig đi edit các chị, một thời cuồng nhiệt đu fic trên wattpad😭😭",2025-07-01T10:47:16+07:00,,3666841875054565379,threads,threads.com,threads_crawler_v1,https://www.threads.net/@mhewnj/post/DLjPUHyJ5gD,https://instagram.fhan4-3.fna.fbcdn.net/v/t51.2885-19/610220074_17920274688220260_4583638468305834689_n.jpg?stp=dst-jpg_s150x150_tt6&efg=eyJ2ZW5jb2RlX3RhZyI6InByb2ZpbGVfcGljLmRqYW5nby41MzQuYzIifQ&_nc_ht=instagram.fhan4-3.fna.fbcdn.net&_nc_cat=100&_nc_oc=Q6cZ2QGYRtfNXqJZNl2mONINT_2N6Lg2Z6ktHoJuhQnUVcyXQZlP-N2ZLSOX4q20SLvh-10&_nc_ohc=oI1D46ue3P4Q7kNvwGFRhUm&_nc_gid=bpiq55W_c4xxrq6o5VNnDw&edm=AJhczIQBAAAA&ccb=7-5&oh=00_AfowFB0aSE4ByGd5Q4luF6wE74w1lo-wnER-t3vVaOF5AQ&oe=6967850A&_nc_sid=4a2096,68,0,1528,403,0,[],,https://www.threads.net/@mhewnj/post/DLjPUHyJ5gD,[],"{'likes': 1528, 'reposts': 391, 'quotes': 12}",threads,3666841875054565379,Minh Huyen,,"mọi người ơi mình nhớ blackpink quá đi mất. Mình nhớ blackpink house, nhớ một jennie mandu hay cười năm ấy, một mean jennie với style chanel 24/7, nhớ lisa thời búp bê sống, cỗ máy nhảy, nhớ rosie còn để tóc nâu trong thời kỳ golden voice của cô ấy, nhớ jisoo tóc đỏ, jisoo ở sân bay, nhớ 4 cô gái cùng nhau quẩy 4du trên sân khấu, nhớ vibe 2018, nhớ bản thân hồi còn đi war với các fandom khác, hồi còn chụp màn hình ig đi edit các chị, một thời cuồng nhiệt đu fic trên wattpad😭😭",threads,66498172259,mhewnj
[],2026-01-10T10:17:34.553725+07:00,"""Mẹ ơi cho con tiền đi concert Bigbang""
""Nhà mình có Bigbang rồi mà con""
University war",2025-01-14T09:55:59+07:00,,3545053630460254067,threads,threads.com,threads_crawler_v1,https://www.threads.net/@hynonnnnnn/post/DEyj36RStdz,https://instagram.fhan4-5.fna.fbcdn.net/v/t51.2885-19/472497044_1633876533876170_2827704017479614153_n.jpg?stp=dst-jpg_s150x150_tt6&efg=eyJ2ZW5jb2RlX3RhZyI6InByb2ZpbGVfcGljLmRqYW5nby4xMDgwLmMyIn0&_nc_ht=instagram.fhan4-5.fna.fbcdn.net&_nc_cat=102&_nc_oc=Q6cZ2QGYRtfNXqJZNl2mONINT_2N6Lg2Z6ktHoJuhQnUVcyXQZlP-N2ZLSOX4q20SLvh-10&_nc_ohc=LGVJUHjz9IQQ7kNvwG7bZeA&_nc_gid=bpiq55W_c4xxrq6o5VNnDw&edm=AJhczIQBAAAA&ccb=7-5&oh=00_AfrftlohDn1o7bFtFDFSyO9sxn9kpCO2_IhlaWjyFEMc1g&oe=6967B0CA&_nc_sid=4a2096,5,0,474,53,0,"['https://instagram.fhan4-5.fna.fbcdn.net/v/t51.2885-15/473679295_634200925608531_6441720991145200258_n.jpg?stp=dst-jpg_e15_tt6&efg=eyJ2ZW5jb2RlX3RhZyI6InRocmVhZHMuRkVFRC5pbWFnZV91cmxnZW4uNjQweDM1OC5zZHIuZjcxODc4LmRlZmF1bHRfY292ZXJfZnJhbWUuYzIifQ&_nc_ht=instagram.fhan4-5.fna.fbcdn.net&_nc_cat=103&_nc_oc=Q6cZ2QGYRtfNXqJZNl2mONINT_2N6Lg2Z6ktHoJuhQnUVcyXQZlP-N2ZLSOX4q20SLvh-10&_nc_ohc=6D9904EdsdIQ7kNvwFcElNa&_nc_gid=bpiq55W_c4xxrq6o5VNnDw&edm=AJhczIQBAAAA&ccb=7-5&ig_cache_key=MzU0NTA1MzYzMDQ2MDI1NDA2Nw%3D%3D.3-ccb7-5&oh=00_AfqGrULoCfmClNfSkpYmbyo4F2-bqtwMvxXt3929hNHCOQ&oe=6967ABBB&_nc_sid=4a2096', 'https://instagram.fhan3-3.fna.fbcdn.net/o1/v/t16/f2/m84/AQPWhUEs5VhF1V_GmRLrg2hDLJv-w3xrLHJNYX9O_8YAU5-S0Kfn-iDml2HmCloKVsvKckN3Ieotdy5zpRmUlCayahXCL0TlkIYqssM.mp4?_nc_cat=111&_nc_oc=AdmJ8q6wuW41tvfnLD5i3arfni_oJCILwzofP9tHVxjUBi791p3rsafGdFU1Nnsmq1g&_nc_sid=5e9851&_nc_ht=instagram.fhan3-3.fna.fbcdn.net&_nc_ohc=_MbPS-niGNcQ7kNvwEFwfnQ&efg=eyJ2ZW5jb2RlX3RhZyI6Inhwdl9wcm9ncmVzc2l2ZS5JTlNUQUdSQU0uRkVFRC5DMy44NTQuZGFzaF9iYXNlbGluZV8xX3YxIiwieHB2X2Fzc2V0X2lkIjoxMzI2NDEyNTc4NTE0NzA3LCJhc3NldF9hZ2VfZGF5cyI6MzYxLCJ2aV91c2VjYXNlX2lkIjoxMDE2NCwiZHVyYXRpb25fcyI6MzMsInVybGdlbl9zb3VyY2UiOiJ3d3cifQ%3D%3D&ccb=17-1&vs=5cbaf15575dc203&_nc_vs=HBksFQIYTGlnX2JhY2tmaWxsX3RpbWVsaW5lX3ZvZC9CRTQwRTQ1RDQyOUVBMzg5QTZDMUE5N0IyQ0FGNzRCNl92aWRlb19kYXNoaW5pdC5tcDQVAALIARIAFQIYOnBhc3N0aHJvdWdoX2V2ZXJzdG9yZS9HQ1JvTXh4SnBzZjdQemNDQUJib2Q0aHlMbm9jYmtZTEFBQUYVAgLIARIAKAAYABsCiAd1c2Vfb2lsATEScHJvZ3Jlc3NpdmVfcmVjaXBlATEVAAAmppyL6a-X2wQVAigCQzMsF0BA-ZmZmZmaGBJkYXNoX2Jhc2VsaW5lXzFfdjERAHXqB2XongEA&_nc_gid=bpiq55W_c4xxrq6o5VNnDw&_nc_zt=28&oh=00_AfqVM4nkyZuqTipUWmgmOyViOaALbrPDRduneq5_WU5BrQ&oe=6963B2C1']",,https://www.threads.net/@hynonnnnnn/post/DEyj36RStdz,[],"{'likes': 474, 'reposts': 52, 'quotes': 1}",threads,3545053630460254067,,University war,"""Mẹ ơi cho con tiền đi concert Bigbang""
""Nhà mình có Bigbang rồi mà con""
University war",threads,67705976866,hynonnnnnn
[],2026-01-10T10:17:34.553844+07:00,"And when the world goes to war against America JUST REMEMBER. 

LEAVE BLACK FOLKS AND POC OUTTA THIS. WE DID NOT VOTE FOR THIS. WE GOT NOTHING TO DO WITH THIS. 

this is wypipo shit. Please confine this to the white folks. Pls and thank you. 

“Yall Americans” no. Who is yall? WHITE. Americans. Voted for and support this madness. The rest of us want no parts of this mess.",2026-01-03T22:46:39+07:00,,3802012240128659722,threads,threads.com,threads_crawler_v1,https://www.threads.net/@rachelbaby374/post/DTDdf0MjlEK,https://instagram.fhan4-3.fna.fbcdn.net/v/t51.2885-19/412271592_344440228306968_7864092319336364749_n.jpg?stp=dst-jpg_s150x150_tt6&efg=eyJ2ZW5jb2RlX3RhZyI6InByb2ZpbGVfcGljLmRqYW5nby4xMDgwLmMyIn0&_nc_ht=instagram.fhan4-3.fna.fbcdn.net&_nc_cat=100&_nc_oc=Q6cZ2QGYRtfNXqJZNl2mONINT_2N6Lg2Z6ktHoJuhQnUVcyXQZlP-N2ZLSOX4q20SLvh-10&_nc_ohc=0vEx3rKFsvcQ7kNvwF-Zoxl&_nc_gid=bpiq55W_c4xxrq6o5VNnDw&edm=AJhczIQBAAAA&ccb=7-5&oh=00_AfpxkT7u7u0LC7_3t3sBf0XXKPKX356Y57lERh23SwWMRw&oe=6967AE91&_nc_sid=4a2096,45,0,32,4,0,[],,https://www.threads.net/@rachelbaby374/post/DTDdf0MjlEK,[],"{'likes': 32, 'reposts': 4, 'quotes': 0}",threads,3802012240128659722,Asha Grant,venezuela vs usa,"And when the world goes to war against America JUST REMEMBER. 

LEAVE BLACK FOLKS AND POC OUTTA THIS. WE DID NOT VOTE FOR THIS. WE GOT NOTHING TO DO WITH THIS. 

this is wypipo shit. Please confine this to the white folks. Pls and thank you. 

“Yall Americans” no. Who is yall? WHITE. Americans. Voted for and support this madness. The rest of us want no parts of this mess.",threads,63786472283,rachelbaby374
[],2026-01-10T10:17:34.553952+07:00,"tài khoản này ủng hộ: 
- Quyền kết hôn đối với người đồng tính và quyền bình đẳng cho cộng đồng LGBTQ+
- Bình đẳng giới
- Hoà bình
- Đảng Cộng Sản Việt Nam, nước Việt Nam
tài khoản này phản đối:
- Phân biệt vùng miền
- Phân biệt sắc tộc/màu da/tôn giáo/giới tính/...
- Homophobes và các nhánh anti-LGBTQ+
- Chiến tranh, war crimes, ...",2025-06-25T23:37:15+07:00,,3662880766482623357,threads,threads.com,threads_crawler_v1,https://www.threads.net/@dangaodieu/post/DLVKqZ8zqt9,https://instagram.fhan4-5.fna.fbcdn.net/v/t51.2885-19/454036592_2048907422195966_6849446211108424080_n.jpg?stp=dst-jpg_s150x150_tt6&efg=eyJ2ZW5jb2RlX3RhZyI6InByb2ZpbGVfcGljLmRqYW5nby44MDAuYzIifQ&_nc_ht=instagram.fhan4-5.fna.fbcdn.net&_nc_cat=102&_nc_oc=Q6cZ2QGYRtfNXqJZNl2mONINT_2N6Lg2Z6ktHoJuhQnUVcyXQZlP-N2ZLSOX4q20SLvh-10&_nc_ohc=nlSWAK_lmBEQ7kNvwF8s8ht&_nc_gid=bpiq55W_c4xxrq6o5VNnDw&edm=AJhczIQBAAAA&ccb=7-5&oh=00_AfrydQ5pcH6o4MK97NIl3Q5JiJDIbnhwylJA0_lLdQ8nVA&oe=69678F06&_nc_sid=4a2096,209,0,1548,158,0,[],,https://www.threads.net/@dangaodieu/post/DLVKqZ8zqt9,[],"{'likes': 1548, 'reposts': 151, 'quotes': 7}",threads,3662880766482623357,Mai Hải Đăng,,"tài khoản này ủng hộ: 
- Quyền kết hôn đối với người đồng tính và quyền bình đẳng cho cộng đồng LGBTQ+
- Bình đẳng giới
- Hoà bình
- Đảng Cộng Sản Việt Nam, nước Việt Nam
tài khoản này phản đối:
- Phân biệt vùng miền
- Phân biệt sắc tộc/màu da/tôn giáo/giới tính/...
- Homophobes và các nhánh anti-LGBTQ+
- Chiến tranh, war crimes, ...",threads,65832355663,dangaodieu
[],2026-01-10T10:17:34.554060+07:00,Not a single person voted for war with Venezuela.,2026-01-03T14:12:40+07:00,,3801753540574995845,threads,threads.com,threads_crawler_v1,https://www.threads.net/@greenberg5784/post/DTCirPdjmWF,https://instagram.fhan4-5.fna.fbcdn.net/v/t51.2885-19/357998328_229437173246606_260017923003894222_n.jpg?stp=dst-jpg_s150x150_tt6&efg=eyJ2ZW5jb2RlX3RhZyI6InByb2ZpbGVfcGljLmRqYW5nby4yMDAuYzIifQ&_nc_ht=instagram.fhan4-5.fna.fbcdn.net&_nc_cat=102&_nc_oc=Q6cZ2QGYRtfNXqJZNl2mONINT_2N6Lg2Z6ktHoJuhQnUVcyXQZlP-N2ZLSOX4q20SLvh-10&_nc_ohc=SEeSp2hzQkgQ7kNvwHWgOh7&_nc_gid=bpiq55W_c4xxrq6o5VNnDw&edm=AJhczIQBAAAA&ccb=7-5&oh=00_AfqvTKDTD-i3IALkFFyr4JDNMPL17QRmSSBGdOcH6IjhAA&oe=6967AF6B&_nc_sid=4a2096,450,0,814,43,0,[],,https://www.threads.net/@greenberg5784/post/DTCirPdjmWF,[],"{'likes': 814, 'reposts': 43, 'quotes': 0}",threads,3801753540574995845,Matt Greenberg,Venezuela,Not a single person voted for war with Venezuela.,threads,63440223704,greenberg5784
[],2026-01-10T10:17:34.554171+07:00,"Congress just voted down the Venezuela War Powers Resolution, 211–213.

A War Powers Resolution is Congress using its constitutional authority to say: the president does not have approval to engage US military forces in a conflict without explicit authorization. It is not a declaration of war. It is a leash. When passed, it limits or ends unauthorized military involvement, usually airstrikes, special operations, advisors, or “temporary” deployments that quietly turn into forever wars. 🧵⏬",2025-12-18T08:25:03+07:00,,3789982164533088634,threads,threads.com,threads_crawler_v1,https://www.threads.net/@fieldspells/post/DSYuLLOD5F6,https://instagram.fhan4-3.fna.fbcdn.net/v/t51.2885-19/589954707_17931118677117612_8367383987974208552_n.jpg?stp=dst-jpg_s150x150_tt6&efg=eyJ2ZW5jb2RlX3RhZyI6InByb2ZpbGVfcGljLmRqYW5nby4xMDgwLmMyIn0&_nc_ht=instagram.fhan4-3.fna.fbcdn.net&_nc_cat=100&_nc_oc=Q6cZ2QGYRtfNXqJZNl2mONINT_2N6Lg2Z6ktHoJuhQnUVcyXQZlP-N2ZLSOX4q20SLvh-10&_nc_ohc=A6m27w-43vEQ7kNvwEEUwIj&_nc_gid=bpiq55W_c4xxrq6o5VNnDw&edm=AJhczIQBAAAA&ccb=7-5&oh=00_Afr8UmxWbavd7mD4RJbvlCzozI8rJfL4OALXEGUo0tdGsA&oe=69677CB2&_nc_sid=4a2096,48,0,209,39,0,[],,https://www.threads.net/@fieldspells/post/DSYuLLOD5F6,[],"{'likes': 209, 'reposts': 34, 'quotes': 5}",threads,3789982164533088634,Sia 𖤓,Venezuela War,"Congress just voted down the Venezuela War Powers Resolution, 211–213.

A War Powers Resolution is Congress using its constitutional authority to say: the president does not have approval to engage US military forces in a conflict without explicit authorization. It is not a declaration of war. It is a leash. When passed, it limits or ends unauthorized military involvement, usually airstrikes, special operations, advisors, or “temporary” deployments that quietly turn into forever wars. 🧵⏬",threads,63416405611,fieldspells
[],2026-01-10T10:17:34.554279+07:00,tự tin đã từng gặp một trong những ng thuộc team snu của university war ở trường,2025-11-27T23:37:50+07:00,,3775221298617086044,threads,threads.com,threads_crawler_v1,https://www.threads.net/@goodthingboutme/post/DRkR8Tkj3Bc,https://instagram.fhan4-5.fna.fbcdn.net/v/t51.2885-19/476817025_1688033152074086_4402350745296911553_n.jpg?stp=dst-jpg_s150x150_tt6&efg=eyJ2ZW5jb2RlX3RhZyI6InByb2ZpbGVfcGljLmRqYW5nby4xMDgwLmMyIn0&_nc_ht=instagram.fhan4-5.fna.fbcdn.net&_nc_cat=102&_nc_oc=Q6cZ2QGYRtfNXqJZNl2mONINT_2N6Lg2Z6ktHoJuhQnUVcyXQZlP-N2ZLSOX4q20SLvh-10&_nc_ohc=0mKMNffEhAEQ7kNvwHXdcNf&_nc_gid=bpiq55W_c4xxrq6o5VNnDw&edm=AJhczIQBAAAA&ccb=7-5&oh=00_AfqQUwr-XhE0US0tO0ocpBYrb7N8nKKEsLupqsFhw-8G3g&oe=6967853F&_nc_sid=4a2096,17,0,72,0,0,['https://instagram.fhan4-5.fna.fbcdn.net/v/t51.2885-15/588239954_17882018574422895_6420382179066889723_n.jpg?se=-1&stp=cp6_dst-jpegr_e35_tt6&efg=eyJ2ZW5jb2RlX3RhZyI6InRocmVhZHMuQ0FST1VTRUxfSVRFTS5pbWFnZV91cmxnZW4uMTQ0MHgxOTIwLmhkci5mODI3ODcuZGVmYXVsdF9pbWFnZS5jMiJ9&_nc_ht=instagram.fhan4-5.fna.fbcdn.net&_nc_cat=103&_nc_oc=Q6cZ2QGYRtfNXqJZNl2mONINT_2N6Lg2Z6ktHoJuhQnUVcyXQZlP-N2ZLSOX4q20SLvh-10&_nc_ohc=TT6W4mAvFq0Q7kNvwFZYR8H&_nc_gid=bpiq55W_c4xxrq6o5VNnDw&edm=AJhczIQBAAAA&ccb=7-5&ig_cache_key=Mzc3NTIyMTI5MTAzMzc5NTY1OA%3D%3D.3-ccb7-5&oh=00_Afp27sSJ4GiIzRLgnKcj5t94y6TGRDUISMKx-kHHM177Lw&oe=69679656&_nc_sid=4a2096'],,https://www.threads.net/@goodthingboutme/post/DRkR8Tkj3Bc,[],"{'likes': 72, 'reposts': 0, 'quotes': 0}",threads,3775221298617086044,,,tự tin đã từng gặp một trong những ng thuộc team snu của university war ở trường,threads,72550182894,goodthingboutme
[],2026-01-10T10:17:34.554417+07:00,"I recently learned that after Joan of Arc was executed on charges of heresy, her mother spent 25 years clearing her name. Isabelle Romée trudged through war-torn France to petition kings and popes, risking her life at nearly 70 years old. She entered Notre-Dame Cathedral on crutches to testify before the tribunal and lived just long enough to hear her daughter declared innocent.",2025-03-30T00:37:58+07:00,,3599130756495979395,threads,threads.com,threads_crawler_v1,https://www.threads.net/@thehumanityarchive/post/DHyrlqhIDOD,https://instagram.fhan3-3.fna.fbcdn.net/v/t51.2885-19/337330694_771087761261092_2502814037578948875_n.jpg?stp=dst-jpg_s150x150_tt6&efg=eyJ2ZW5jb2RlX3RhZyI6InByb2ZpbGVfcGljLmRqYW5nby4xMDgwLmMyIn0&_nc_ht=instagram.fhan3-3.fna.fbcdn.net&_nc_cat=1&_nc_oc=Q6cZ2QGYRtfNXqJZNl2mONINT_2N6Lg2Z6ktHoJuhQnUVcyXQZlP-N2ZLSOX4q20SLvh-10&_nc_ohc=wJKAZht128QQ7kNvwErxf7x&_nc_gid=bpiq55W_c4xxrq6o5VNnDw&edm=AJhczIQBAAAA&ccb=7-5&oh=00_AfpE180Ei2rbx_xr9zEzeoPi8KkD86ECj4xDTabT89sgzg&oe=6967A959&_nc_sid=4a2096,69,0,12501,533,0,['https://instagram.fhan4-1.fna.fbcdn.net/v/t51.2885-15/486970173_18491772271027457_8245598621113607468_n.jpg?stp=dst-jpg_e35_tt6&efg=eyJ2ZW5jb2RlX3RhZyI6InRocmVhZHMuRkVFRC5pbWFnZV91cmxnZW4uNDgweDYzMS5zZHIuZjc1NzYxLmRlZmF1bHRfaW1hZ2UuYzIifQ&_nc_ht=instagram.fhan4-1.fna.fbcdn.net&_nc_cat=105&_nc_oc=Q6cZ2QGYRtfNXqJZNl2mONINT_2N6Lg2Z6ktHoJuhQnUVcyXQZlP-N2ZLSOX4q20SLvh-10&_nc_ohc=BF07lEzR3MsQ7kNvwF-eyaY&_nc_gid=bpiq55W_c4xxrq6o5VNnDw&edm=AJhczIQBAAAA&ccb=7-5&ig_cache_key=MzU5OTEzMDc1NjQ5NTk3OTM5NQ%3D%3D.3-ccb7-5&oh=00_AfqtNKYAjC0-JpDs5avaR5KCKv0Ew_4_1YUVhTonkPzuJA&oe=696791D2&_nc_sid=4a2096'],,https://www.threads.net/@thehumanityarchive/post/DHyrlqhIDOD,[],"{'likes': 12501, 'reposts': 512, 'quotes': 21}",threads,3599130756495979395,Jermaine Fowler | Public Historian,,"I recently learned that after Joan of Arc was executed on charges of heresy, her mother spent 25 years clearing her name. Isabelle Romée trudged through war-torn France to petition kings and popes, risking her life at nearly 70 years old. She entered Notre-Dame Cathedral on crutches to testify before the tribunal and lived just long enough to hear her daughter declared innocent.",threads,63282492714,thehumanityarchive
[],2026-01-10T10:17:34.554528+07:00,"Cuộc đời của nhóc này xoay quanh ""chỉ là"" ""bằng cách nào đó""

""SSHS cấm nhập học sớm mà em?"" ""Hồi lớp 8 em thi vào thì bằng cách nào đó được nhận""
""Sao em vào SSHS đc tuyển thẳng r thì còn thi SCAT chi nữa z?"" ""À thì chỉ là em muốn thi cho biết""
""Sao em biết được quy luật dãy số này?"" ""À thì chỉ là...""

Đến mức juyeong còn nói ẻm là ""nó không đơn giản để có thể nói câu ""chỉ là"" vậy đâu em...""

Hãy học giỏi vl để có thể tuôn ra những câu ko tưởng bằng trợ từ ""chỉ là"" như ẻm nhé
University war",2025-02-02T15:20:46+07:00,,3558987945203752565,threads,threads.com,threads_crawler_v1,https://www.threads.net/@sssisweird/post/DFkEK4JxF51,https://instagram.fhan3-4.fna.fbcdn.net/v/t51.2885-19/474911552_1126474279267708_1352000609901391602_n.jpg?stp=dst-jpg_s150x150_tt6&efg=eyJ2ZW5jb2RlX3RhZyI6InByb2ZpbGVfcGljLmRqYW5nby4xMDgwLmMyIn0&_nc_ht=instagram.fhan3-4.fna.fbcdn.net&_nc_cat=104&_nc_oc=Q6cZ2QGYRtfNXqJZNl2mONINT_2N6Lg2Z6ktHoJuhQnUVcyXQZlP-N2ZLSOX4q20SLvh-10&_nc_ohc=uHXyLZuWJREQ7kNvwEK5qBB&_nc_gid=bpiq55W_c4xxrq6o5VNnDw&edm=AJhczIQBAAAA&ccb=7-5&oh=00_AfogF2VSR2nP-o8DjQVft_YRqMmTlnWr5HTnjOE4ttneTw&oe=69679888&_nc_sid=4a2096,4,0,215,25,0,['https://instagram.fhan4-6.fna.fbcdn.net/v/t51.2885-15/474538556_18106439695468449_2434026767101925436_n.webp?efg=eyJ2ZW5jb2RlX3RhZyI6InRocmVhZHMuRkVFRC5pbWFnZV91cmxnZW4uMjM0MHgxMDgwLnNkci5mNzU3NjEuZGVmYXVsdF9pbWFnZS5jMiJ9&_nc_ht=instagram.fhan4-6.fna.fbcdn.net&_nc_cat=109&_nc_oc=Q6cZ2QGYRtfNXqJZNl2mONINT_2N6Lg2Z6ktHoJuhQnUVcyXQZlP-N2ZLSOX4q20SLvh-10&_nc_ohc=4llWboPx7boQ7kNvwF-U6NO&_nc_gid=bpiq55W_c4xxrq6o5VNnDw&edm=AJhczIQBAAAA&ccb=7-5&ig_cache_key=MzU1ODk4Nzk0NTIwMzc1MjU2NQ%3D%3D.3-ccb7-5&oh=00_AfoSTAGFNua-Fve-sqzYI3hOgkBni76Sy5CZK0OTaOeA8Q&oe=69679960&_nc_sid=4a2096'],,https://www.threads.net/@sssisweird/post/DFkEK4JxF51,[],"{'likes': 215, 'reposts': 23, 'quotes': 2}",threads,3558987945203752565,Soobin Sầm Sơn,University war,"Cuộc đời của nhóc này xoay quanh ""chỉ là"" ""bằng cách nào đó""

""SSHS cấm nhập học sớm mà em?"" ""Hồi lớp 8 em thi vào thì bằng cách nào đó được nhận""
""Sao em vào SSHS đc tuyển thẳng r thì còn thi SCAT chi nữa z?"" ""À thì chỉ là em muốn thi cho biết""
""Sao em biết được quy luật dãy số này?"" ""À thì chỉ là...""

Đến mức juyeong còn nói ẻm là ""nó không đơn giản để có thể nói câu ""chỉ là"" vậy đâu em...""

Hãy học giỏi vl để có thể tuôn ra những câu ko tưởng bằng trợ từ ""chỉ là"" như ẻm nhé
University war",threads,72279929399,sssisweird
[],2026-01-10T10:17:34.554638+07:00,An ugly reality many Americans are not prepared to face: In order to help prevent WW3 there’s gonna have to be an American Civil war. 😬,2026-01-05T02:16:17+07:00,,3802842523644165811,threads,threads.com,threads_crawler_v1,https://www.threads.net/@hennessywills/post/DTGaSB-j36z,https://instagram.fhan4-5.fna.fbcdn.net/v/t51.2885-19/565426935_18511513606066167_5636774589700746388_n.jpg?stp=dst-jpg_s150x150_tt6&efg=eyJ2ZW5jb2RlX3RhZyI6InByb2ZpbGVfcGljLmRqYW5nby4xMDgwLmMyIn0&_nc_ht=instagram.fhan4-5.fna.fbcdn.net&_nc_cat=103&_nc_oc=Q6cZ2QGYRtfNXqJZNl2mONINT_2N6Lg2Z6ktHoJuhQnUVcyXQZlP-N2ZLSOX4q20SLvh-10&_nc_ohc=5wkZN5KUny0Q7kNvwFLvkgi&_nc_gid=bpiq55W_c4xxrq6o5VNnDw&edm=AJhczIQBAAAA&ccb=7-5&oh=00_AfrVH8K8RdQCx9Zb7uI0-DyXk7xOC_B3Q0R6v3zGL7ihfA&oe=696782B1&_nc_sid=4a2096,887,0,7536,627,0,[],,https://www.threads.net/@hennessywills/post/DTGaSB-j36z,[],"{'likes': 7536, 'reposts': 590, 'quotes': 37}",threads,3802842523644165811,Artesse Hennessy Williams Lector,,An ugly reality many Americans are not prepared to face: In order to help prevent WW3 there’s gonna have to be an American Civil war. 😬,threads,63234399207,hennessywills
[],2026-01-10T10:17:34.554742+07:00,"I am 88 years old. I have lived through the Cuban Missile Crisis, the JFK assassination, the Vietnam War, the Turmoil of 1968, Watergate, the Hostage Crisis, two oil crisis, disco, Reaganomics, 9/11. The covid pandemic...

These past 11 months have been easily the most miserable era in America in my lifetime. The hatred, the bigotry, the lies, the racketeering and pedophilia are beyond anything I have ever seen.",2025-12-21T01:11:24+07:00,,3791938229911155134,threads,threads.com,threads_crawler_v1,https://www.threads.net/@donweinstein/post/DSfq7rEE_G-,https://instagram.fhan4-5.fna.fbcdn.net/v/t51.2885-19/357801800_964228861576803_6825618219704199650_n.jpg?stp=dst-jpg_s150x150_tt6&efg=eyJ2ZW5jb2RlX3RhZyI6InByb2ZpbGVfcGljLmRqYW5nby4xNTAuYzIifQ&_nc_ht=instagram.fhan4-5.fna.fbcdn.net&_nc_cat=103&_nc_oc=Q6cZ2QGYRtfNXqJZNl2mONINT_2N6Lg2Z6ktHoJuhQnUVcyXQZlP-N2ZLSOX4q20SLvh-10&_nc_ohc=-Zu65451gkEQ7kNvwElQeIK&_nc_gid=bpiq55W_c4xxrq6o5VNnDw&edm=AJhczIQBAAAA&ccb=7-5&oh=00_AfpQB9RT_iS_zmH2OqVVJFkV9JChdJ2g4tynV2nOm8T4Wg&oe=6967A8CB&_nc_sid=4a2096,1505,0,30573,1944,0,[],,https://www.threads.net/@donweinstein/post/DSfq7rEE_G-,[],"{'likes': 30573, 'reposts': 1867, 'quotes': 77}",threads,3791938229911155134,Don Weinstein,,"I am 88 years old. I have lived through the Cuban Missile Crisis, the JFK assassination, the Vietnam War, the Turmoil of 1968, Watergate, the Hostage Crisis, two oil crisis, disco, Reaganomics, 9/11. The covid pandemic...

These past 11 months have been easily the most miserable era in America in my lifetime. The hatred, the bigotry, the lies, the racketeering and pedophilia are beyond anything I have ever seen.",threads,63428654416,donweinstein
[],2026-01-10T10:17:34.554852+07:00,Open jasa war antrian antam. InsyaAllah amanah ya..,2025-12-04T20:50:11+07:00,,3780210345991361390,threads,threads.com,threads_crawler_v1,https://www.threads.net/@anggitanahda/post/DR2AUgBElNu,https://instagram.fhan4-5.fna.fbcdn.net/v/t51.2885-19/589087297_17917213431222914_2127687202764111543_n.jpg?stp=dst-jpg_s150x150_tt6&efg=eyJ2ZW5jb2RlX3RhZyI6InByb2ZpbGVfcGljLmRqYW5nby4xMDgwLmMyIn0&_nc_ht=instagram.fhan4-5.fna.fbcdn.net&_nc_cat=102&_nc_oc=Q6cZ2QGYRtfNXqJZNl2mONINT_2N6Lg2Z6ktHoJuhQnUVcyXQZlP-N2ZLSOX4q20SLvh-10&_nc_ohc=vRJ_1k743_AQ7kNvwHNtq1E&_nc_gid=bpiq55W_c4xxrq6o5VNnDw&edm=AJhczIQBAAAA&ccb=7-5&oh=00_AfqE09kOrjsCf4MMSYdJJBtaQuhOZcuTBD4fCrlNvUQRag&oe=696797C6&_nc_sid=4a2096,30,0,5,0,0,['https://instagram.fhan4-5.fna.fbcdn.net/v/t51.2885-15/588452291_17917213482222914_4637700930505815680_n.jpg?stp=dst-jpg_e35_tt6&efg=eyJ2ZW5jb2RlX3RhZyI6InRocmVhZHMuQ0FST1VTRUxfSVRFTS5pbWFnZV91cmxnZW4uMTE3OXgyMDk2LnNkci5mODI3ODcuZGVmYXVsdF9pbWFnZS5jMiJ9&_nc_ht=instagram.fhan4-5.fna.fbcdn.net&_nc_cat=102&_nc_oc=Q6cZ2QGYRtfNXqJZNl2mONINT_2N6Lg2Z6ktHoJuhQnUVcyXQZlP-N2ZLSOX4q20SLvh-10&_nc_ohc=n79dgYSFT-QQ7kNvwHFHerd&_nc_gid=bpiq55W_c4xxrq6o5VNnDw&edm=AJhczIQBAAAA&ccb=7-5&ig_cache_key=Mzc4MDIxMDM0MDk3NDk2MTYyNw%3D%3D.3-ccb7-5&oh=00_AfrgsXmWK8fIyqls0_4BzjHr9QE0wSwAzmi4oCj_a4ZnrA&oe=6967ABE0&_nc_sid=4a2096'],,https://www.threads.net/@anggitanahda/post/DR2AUgBElNu,[],"{'likes': 5, 'reposts': 0, 'quotes': 0}",threads,3780210345991361390,Nahda Anggita,Antamlogammulia,Open jasa war antrian antam. InsyaAllah amanah ya..,threads,66698582913,anggitanahda
[],2026-01-10T10:17:34.554957+07:00,"Let me be clear:
 
If Donald Trump continues his actions against Venezuela, we will immediately file a War Powers Resolution to block the deployment of U.S. forces to Venezuela.

The power to declare war lies solely in the hands of Congress—not Donald Trump.",2025-12-02T06:07:35+07:00,,3778316563938883936,threads,threads.com,threads_crawler_v1,https://www.threads.net/@senschumer/post/DRvRuWCjTlg,https://instagram.fhan4-3.fna.fbcdn.net/v/t51.2885-19/539579654_17923732545107184_182140213834035366_n.jpg?stp=dst-jpg_s150x150_tt6&efg=eyJ2ZW5jb2RlX3RhZyI6InByb2ZpbGVfcGljLmRqYW5nby42ODguYzIifQ&_nc_ht=instagram.fhan4-3.fna.fbcdn.net&_nc_cat=100&_nc_oc=Q6cZ2QGYRtfNXqJZNl2mONINT_2N6Lg2Z6ktHoJuhQnUVcyXQZlP-N2ZLSOX4q20SLvh-10&_nc_ohc=-IshNt9BKTsQ7kNvwGpXiYs&_nc_gid=bpiq55W_c4xxrq6o5VNnDw&edm=AJhczIQBAAAA&ccb=7-5&oh=00_Afov3TPE-evgceT15Qo3ctd-86yCZEzQlW19iqk9ixd1Pg&oe=6967A47F&_nc_sid=4a2096,3297,0,20459,1619,0,[],,https://www.threads.net/@senschumer/post/DRvRuWCjTlg,[],"{'likes': 20459, 'reposts': 1506, 'quotes': 113}",threads,3778316563938883936,Chuck Schumer,,"Let me be clear:
 
If Donald Trump continues his actions against Venezuela, we will immediately file a War Powers Resolution to block the deployment of U.S. forces to Venezuela.

The power to declare war lies solely in the hands of Congress—not Donald Trump.",threads,63289723183,senschumer
[],2026-01-10T10:17:34.555062+07:00,"đang đi stalk acc thì thấy bạn han jongyoon team snu có đăng về nmixx trên blog mấy mom ơi =))))) nhìn bio kia là t đã liên tưởng ngay đến lyrics podium rồi. hình như bạn í thích jiwoo, bảo là lần đầu mua album tại lần này cb đỉnh nóc quá 🤩🤩 viết review rất dài siêu có tâm luôn",2025-11-25T10:49:11+07:00,,3773384872481171079,threads,threads.com,threads_crawler_v1,https://www.threads.net/@128g__/post/DRdwYydEqaH,https://instagram.fhan4-5.fna.fbcdn.net/v/t51.2885-19/565926123_17925942198114674_5412111411411148673_n.jpg?stp=dst-jpg_s150x150_tt6&efg=eyJ2ZW5jb2RlX3RhZyI6InByb2ZpbGVfcGljLmRqYW5nby4zODAuYzIifQ&_nc_ht=instagram.fhan4-5.fna.fbcdn.net&_nc_cat=102&_nc_oc=Q6cZ2QGYRtfNXqJZNl2mONINT_2N6Lg2Z6ktHoJuhQnUVcyXQZlP-N2ZLSOX4q20SLvh-10&_nc_ohc=YO6waI4fnZUQ7kNvwH4yoJF&_nc_gid=bpiq55W_c4xxrq6o5VNnDw&edm=AJhczIQBAAAA&ccb=7-5&oh=00_Afoy8iDisQTGRNxYDZTT2UimAtmxSNf8Wy6UB5JSBqtu2A&oe=69677EF7&_nc_sid=4a2096,4,0,8,0,0,['https://instagram.fhan4-5.fna.fbcdn.net/v/t51.2885-15/587804883_17930107848114674_8654624712071270155_n.jpg?stp=cp6_dst-jpg_e35_tt6&efg=eyJ2ZW5jb2RlX3RhZyI6InRocmVhZHMuQ0FST1VTRUxfSVRFTS5pbWFnZV91cmxnZW4uODI4eDE1MjIuc2RyLmY4Mjc4Ny5kZWZhdWx0X2ltYWdlLmMyIn0&_nc_ht=instagram.fhan4-5.fna.fbcdn.net&_nc_cat=102&_nc_oc=Q6cZ2QGYRtfNXqJZNl2mONINT_2N6Lg2Z6ktHoJuhQnUVcyXQZlP-N2ZLSOX4q20SLvh-10&_nc_ohc=-D3cahnxAK0Q7kNvwF7Oq71&_nc_gid=bpiq55W_c4xxrq6o5VNnDw&edm=AJhczIQBAAAA&ccb=7-5&ig_cache_key=Mzc3MzM4NDg2NzYyNDE3NTg2Mw%3D%3D.3-ccb7-5&oh=00_AfpbgBZ0g_MtGI1PBrKpQ3x1PJ4ahywIXkUtVLyIVlgzZQ&oe=69679103&_nc_sid=4a2096'],,https://www.threads.net/@128g__/post/DRdwYydEqaH,[],"{'likes': 8, 'reposts': 0, 'quotes': 0}",threads,3773384872481171079,,university war 3,"đang đi stalk acc thì thấy bạn han jongyoon team snu có đăng về nmixx trên blog mấy mom ơi =))))) nhìn bio kia là t đã liên tưởng ngay đến lyrics podium rồi. hình như bạn í thích jiwoo, bảo là lần đầu mua album tại lần này cb đỉnh nóc quá 🤩🤩 viết review rất dài siêu có tâm luôn",threads,63371826673,128g__
[],2026-01-10T10:17:34.555165+07:00,War is over na jud 😭 naa nay bath & body works sa sm city,2026-01-05T18:29:20+07:00,,3803332274880079732,threads,threads.com,threads_crawler_v1,https://www.threads.net/@louiamae/post/DTIJo2XAWd0,https://instagram.fhan3-4.fna.fbcdn.net/v/t51.2885-19/611286649_17942495889097228_9025134648643325418_n.jpg?stp=dst-jpg_s150x150_tt6&efg=eyJ2ZW5jb2RlX3RhZyI6InByb2ZpbGVfcGljLmRqYW5nby4xMDgwLmMyIn0&_nc_ht=instagram.fhan3-4.fna.fbcdn.net&_nc_cat=104&_nc_oc=Q6cZ2QGYRtfNXqJZNl2mONINT_2N6Lg2Z6ktHoJuhQnUVcyXQZlP-N2ZLSOX4q20SLvh-10&_nc_ohc=NpaTM4C1PR8Q7kNvwEhsI7_&_nc_gid=bpiq55W_c4xxrq6o5VNnDw&edm=AJhczIQBAAAA&ccb=7-5&oh=00_AfpwpU6KnPoPGe-PSnZg3J8cnh95AiAQCzYIvD3K8xltTg&oe=696780BA&_nc_sid=4a2096,75,0,546,69,0,[],,https://www.threads.net/@louiamae/post/DTIJo2XAWd0,[],"{'likes': 546, 'reposts': 43, 'quotes': 26}",threads,3803332274880079732,Haven Louiam,Cebu City,War is over na jud 😭 naa nay bath & body works sa sm city,threads,63104849227,louiamae
[],2026-01-10T10:17:34.555294+07:00,"Prove me wrong?? 🤷🏻‍♀️ Imagine fighting during the “War on Terror” and then seeing a member of Al-Qaeda speak at the United Nations in New York City…

We are living inside of a scripted world my friends. Wake up.

#afghanistan #middleeast #newyorkcity #unitednations #trump #usatiktok🇺🇸 #fypシ",2025-10-04T01:23:07+07:00,,3735411608970330915,threads,threads.com,threads_crawler_v1,https://www.threads.net/@booksbehindborders/post/DPW2RE6jAMj,https://instagram.fhan4-1.fna.fbcdn.net/v/t51.2885-19/541953027_17879745642390185_5032471586705352952_n.jpg?stp=dst-jpg_s150x150_tt6&efg=eyJ2ZW5jb2RlX3RhZyI6InByb2ZpbGVfcGljLmRqYW5nby4xMDgwLmMyIn0&_nc_ht=instagram.fhan4-1.fna.fbcdn.net&_nc_cat=105&_nc_oc=Q6cZ2QGYRtfNXqJZNl2mONINT_2N6Lg2Z6ktHoJuhQnUVcyXQZlP-N2ZLSOX4q20SLvh-10&_nc_ohc=WePginKFEFEQ7kNvwEFtb7l&_nc_gid=bpiq55W_c4xxrq6o5VNnDw&edm=AJhczIQBAAAA&ccb=7-5&oh=00_Afq91bs6F73T0P3XaQs2uiNPz_rVcTNxr4p0JGz-lMRnCg&oe=6967AEFD&_nc_sid=4a2096,345,0,2802,574,0,"['https://instagram.fhan4-1.fna.fbcdn.net/v/t51.2885-15/559942792_17883054417390185_2474311266376923549_n.jpg?stp=dst-jpg_e15_tt6&efg=eyJ2ZW5jb2RlX3RhZyI6InRocmVhZHMuRkVFRC5pbWFnZV91cmxnZW4uMTIwNngyMTQ0LnNkci5mODI3ODcuZGVmYXVsdF9jb3Zlcl9mcmFtZS5jMiJ9&_nc_ht=instagram.fhan4-1.fna.fbcdn.net&_nc_cat=105&_nc_oc=Q6cZ2QGYRtfNXqJZNl2mONINT_2N6Lg2Z6ktHoJuhQnUVcyXQZlP-N2ZLSOX4q20SLvh-10&_nc_ohc=564PW-6OyksQ7kNvwFL8J2P&_nc_gid=bpiq55W_c4xxrq6o5VNnDw&edm=AJhczIQBAAAA&ccb=7-5&ig_cache_key=MzczNTQxMTYwODk3MDMzMDkxNQ%3D%3D.3-ccb7-5&oh=00_AfpJQjvL81kZpVpsMIt935vg2FH2VRnha8sMJNYvty1KKQ&oe=69678606&_nc_sid=4a2096', 'https://instagram.fhan4-1.fna.fbcdn.net/o1/v/t2/f2/m86/AQOxizAQLjHMVT6HFRvEKAmmIbcFjxIUy_7Ak-4-ca715gAgD9MWjfdZNHDeN-Hg7wbQ3TVDzq9Utis1E-zXRbpdBrKa3ZzNEWsdXC4.mp4?_nc_cat=105&_nc_oc=AdnPTKx0M34zlqtFKuVlegkagMTWhMHG4io3MPCcoPef2H_1GGbJr3H3zpM6JrHaEHs&_nc_sid=5e9851&_nc_ht=instagram.fhan4-1.fna.fbcdn.net&_nc_ohc=TktnuWNXp3EQ7kNvwHsRG67&efg=eyJ2ZW5jb2RlX3RhZyI6Inhwdl9wcm9ncmVzc2l2ZS5JTlNUQUdSQU0uRkVFRC5DMy43MjAuZGFzaF9iYXNlbGluZV8xX3YxIiwieHB2X2Fzc2V0X2lkIjoxODkxMjkzMTk4NDc5MTAyLCJhc3NldF9hZ2VfZGF5cyI6OTgsInZpX3VzZWNhc2VfaWQiOjEwMDk5LCJkdXJhdGlvbl9zIjoxNjcsInVybGdlbl9zb3VyY2UiOiJ3d3cifQ%3D%3D&ccb=17-1&vs=5302b36a09e552e9&_nc_vs=HBksFQIYUmlnX3hwdl9yZWVsc19wZXJtYW5lbnRfc3JfcHJvZC83QTREMjE2Q0U2NERGQkE4ODgzRDQ2QjFGNEJDRTU4Ml92aWRlb19kYXNoaW5pdC5tcDQVAALIARIAFQIYR2lnX3hwdl9yZWVsc19wZXJtYW5lbnRfc3JfcHJvZC8xMTY1MDY3MTEyMTgzNjg0XzQ2Mjg0ODQ4NDEwNjkyODEzNTUubXA0FQICyAESACgAGAAbAogHdXNlX29pbAExEnByb2dyZXNzaXZlX3JlY2lwZQExFQAAJvy7l7Tgh9wGFQIoAkMzLBdAZOzMzMzMzRgSZGFzaF9iYXNlbGluZV8xX3YxEQB16gdl5p0BAA&_nc_gid=bpiq55W_c4xxrq6o5VNnDw&_nc_zt=28&oh=00_AfoyqpXb8R67AdqySc6rKsHdLyKdDJA_NJILkXJhzUn6IA&oe=69638FAA']",,https://www.threads.net/@booksbehindborders/post/DPW2RE6jAMj,[],"{'likes': 2802, 'reposts': 531, 'quotes': 43}",threads,3735411608970330915,Maddie Hillman,,"Prove me wrong?? 🤷🏻‍♀️ Imagine fighting during the “War on Terror” and then seeing a member of Al-Qaeda speak at the United Nations in New York City…

We are living inside of a scripted world my friends. Wake up.

#afghanistan #middleeast #newyorkcity #unitednations #trump #usatiktok🇺🇸 #fypシ",threads,71556182453,booksbehindborders
[],2026-01-10T10:17:34.555431+07:00,"It's an old and obvious pattern. An unpopular president - failing on the economy and losing his grip on power at home - decides to launch a war for regime change abroad. 

The American people don’t want to “run” a foreign country while our leaders fail to improve life in this one.",2026-01-04T00:08:25+07:00,,3802053391251008699,threads,threads.com,threads_crawler_v1,https://www.threads.net/@pete.buttigieg/post/DTDm2pKley7,https://instagram.fhan3-3.fna.fbcdn.net/v/t51.2885-19/589167966_17937795582100488_5351381037228209123_n.jpg?stp=dst-jpg_s150x150_tt6&efg=eyJ2ZW5jb2RlX3RhZyI6InByb2ZpbGVfcGljLmRqYW5nby4xMDgwLmMyIn0&_nc_ht=instagram.fhan3-3.fna.fbcdn.net&_nc_cat=1&_nc_oc=Q6cZ2QGYRtfNXqJZNl2mONINT_2N6Lg2Z6ktHoJuhQnUVcyXQZlP-N2ZLSOX4q20SLvh-10&_nc_ohc=gRacKkWGLW0Q7kNvwEZ0kxp&_nc_gid=bpiq55W_c4xxrq6o5VNnDw&edm=AJhczIQBAAAA&ccb=7-5&oh=00_AfoBrSRG_7W14K0zJQFwD9HI2NcjCRfLGlg2TlT2GoN3bA&oe=6967A112&_nc_sid=4a2096,1117,0,62806,5453,0,[],,https://www.threads.net/@pete.buttigieg/post/DTDm2pKley7,[],"{'likes': 62806, 'reposts': 5297, 'quotes': 156}",threads,3802053391251008699,Pete Buttigieg,,"It's an old and obvious pattern. An unpopular president - failing on the economy and losing his grip on power at home - decides to launch a war for regime change abroad. 

The American people don’t want to “run” a foreign country while our leaders fail to improve life in this one.",threads,63086060487,pete.buttigieg
[],2026-01-10T10:18:05.041858+07:00,"Avengers: Doomsday leaks suggest Kang already won the Multiversal War, and Doom’s rise is the consequence. Anchor Beings like Wolverine, Franklin Richards, and Love are being targeted as reality collapses into Battleworld. Thor is broken, Iron Man may return from an altered past, and the Multiverse is already falling apart. Doom isn’t the beginning — he’s the result.
#AvengersDoomsday #MCU #SecretWars #voltv",2025-12-24T19:10:11+07:00,,3794655529353229073,threads,threads.com,threads_crawler_v1,https://www.threads.net/@voltv_01/post/DSpUxlYEjMR,https://instagram.fhan3-2.fna.fbcdn.net/v/t51.2885-19/500280772_17914102851099163_916594249632475903_n.jpg?stp=dst-jpg_s150x150_tt6&efg=eyJ2ZW5jb2RlX3RhZyI6InByb2ZpbGVfcGljLmRqYW5nby4zMTQuYzIifQ&_nc_ht=instagram.fhan3-2.fna.fbcdn.net&_nc_cat=107&_nc_oc=Q6cZ2QHRk4UKwch1Lvie88Tsw0CuBQ1PuzZeAeP-Byu3bRImeSkTucoiQbimQFJGHKZ2v7I&_nc_ohc=W0fnk6EFeC4Q7kNvwGbM1Z3&_nc_gid=a1e9DHMazoUg7ozqZo9aTg&edm=AJhczIQBAAAA&ccb=7-5&oh=00_AfociM2pI7WGuPbMNeDLNJl5gqSq2mFCMChcpK1ClIepXA&oe=6967A227&_nc_sid=4a2096,38,0,1487,147,0,['https://instagram.fhan3-2.fna.fbcdn.net/v/t51.2885-15/606347826_17938974957099163_6639022205922768519_n.heic?stp=dst-jpg_e35_tt6&efg=eyJ2ZW5jb2RlX3RhZyI6InRocmVhZHMuQ0FST1VTRUxfSVRFTS5pbWFnZV91cmxnZW4uMTQ0MHgxODAwLnNkci5mODI3ODcuZGVmYXVsdF9pbWFnZS5jMiJ9&_nc_ht=instagram.fhan3-2.fna.fbcdn.net&_nc_cat=107&_nc_oc=Q6cZ2QHRk4UKwch1Lvie88Tsw0CuBQ1PuzZeAeP-Byu3bRImeSkTucoiQbimQFJGHKZ2v7I&_nc_ohc=Rf4idFpTJjEQ7kNvwHQ8TNe&_nc_gid=a1e9DHMazoUg7ozqZo9aTg&edm=AJhczIQBAAAA&ccb=7-5&ig_cache_key=Mzc5NDY1NTUwODQ2NTYwNTU3Nw%3D%3D.3-ccb7-5&oh=00_AfrTH9tynsiedhiJ4lcue3SYR4jOioBKOJ7WuRU1X-nwcg&oe=69678977&_nc_sid=4a2096'],,https://www.threads.net/@voltv_01/post/DSpUxlYEjMR,[],"{'likes': 1487, 'reposts': 146, 'quotes': 1}",threads,3794655529353229073,VoltV,,"Avengers: Doomsday leaks suggest Kang already won the Multiversal War, and Doom’s rise is the consequence. Anchor Beings like Wolverine, Franklin Richards, and Love are being targeted as reality collapses into Battleworld. Thor is broken, Iron Man may return from an altered past, and the Multiverse is already falling apart. Doom isn’t the beginning — he’s the result.
#AvengersDoomsday #MCU #SecretWars #voltv",threads,63070907162,voltv_01
[],2026-01-10T10:18:05.042239+07:00,"cũng mấy anh chị nonfan chê nó mem chìm không nổi bật không viral nonfan cho đã xong nó viral được một ngày fan chưa kịp mừng đã thấy mấy anh chị nonfan kick war hộ nó để nó ăn chửi cho vui nhà vui cửa 🥹 quý hoá quá ạ, tấm lòng của mấy anh chị mấy nhỏ les này đéo dám nhận đâu ạ.

chính mấy nhỏ les hiểu rõ nhất cảm giác bias bị đạp xuống là ntn nên đ thể ngửi nổi đứa nào đi làm vậy với mđ nhỏ còn lại, hay là cm đéo nhớ “mem chìm nhất nhóm”, “bias wrecker mạnh nhất lịch sử”, còn t đ quên được.",2025-12-16T21:32:03+07:00,,3788928723560451868,threads,threads.com,threads_crawler_v1,https://www.threads.net/@_12thjul/post/DSU-pl3GE8c,https://instagram.fhan4-3.fna.fbcdn.net/v/t51.2885-19/610077552_17857315566591516_8928989525844822384_n.jpg?stp=dst-jpg_s150x150_tt6&efg=eyJ2ZW5jb2RlX3RhZyI6InByb2ZpbGVfcGljLmRqYW5nby4xMDgwLmMyIn0&_nc_ht=instagram.fhan4-3.fna.fbcdn.net&_nc_cat=100&_nc_oc=Q6cZ2QHRk4UKwch1Lvie88Tsw0CuBQ1PuzZeAeP-Byu3bRImeSkTucoiQbimQFJGHKZ2v7I&_nc_ohc=DnjyJl5CBsgQ7kNvwHEPlIJ&_nc_gid=a1e9DHMazoUg7ozqZo9aTg&edm=AJhczIQBAAAA&ccb=7-5&oh=00_Afoxqi0DD1B-wl6liNbkr1WmQ8uEHZTQRHzhh0kmwhlv1g&oe=69678293&_nc_sid=4a2096,72,0,437,75,0,[],,https://www.threads.net/@_12thjul/post/DSU-pl3GE8c,[],"{'likes': 437, 'reposts': 73, 'quotes': 2}",threads,3788928723560451868,nene chan,,"cũng mấy anh chị nonfan chê nó mem chìm không nổi bật không viral nonfan cho đã xong nó viral được một ngày fan chưa kịp mừng đã thấy mấy anh chị nonfan kick war hộ nó để nó ăn chửi cho vui nhà vui cửa 🥹 quý hoá quá ạ, tấm lòng của mấy anh chị mấy nhỏ les này đéo dám nhận đâu ạ.

chính mấy nhỏ les hiểu rõ nhất cảm giác bias bị đạp xuống là ntn nên đ thể ngửi nổi đứa nào đi làm vậy với mđ nhỏ còn lại, hay là cm đéo nhớ “mem chìm nhất nhóm”, “bias wrecker mạnh nhất lịch sử”, còn t đ quên được.",threads,77676575515,_12thjul
[],2026-01-10T10:18:05.042451+07:00,"History repeats itself. 

#Venezuela is #Iraq all over again, but without a full-scale war.",2026-01-03T23:55:11+07:00,,3802046728933864227,threads,threads.com,threads_crawler_v1,https://www.threads.net/@khaledbeydoun/post/DTDlVsZifMj,https://instagram.fhan4-6.fna.fbcdn.net/v/t51.2885-19/358003508_284971144021917_5673693727691007851_n.jpg?stp=dst-jpg_s150x150_tt6&efg=eyJ2ZW5jb2RlX3RhZyI6InByb2ZpbGVfcGljLmRqYW5nby4zMjAuYzIifQ&_nc_ht=instagram.fhan4-6.fna.fbcdn.net&_nc_cat=109&_nc_oc=Q6cZ2QHRk4UKwch1Lvie88Tsw0CuBQ1PuzZeAeP-Byu3bRImeSkTucoiQbimQFJGHKZ2v7I&_nc_ohc=IlrN9whAfbYQ7kNvwGoio6T&_nc_gid=a1e9DHMazoUg7ozqZo9aTg&edm=AJhczIQBAAAA&ccb=7-5&oh=00_AfpNTkqLQYqd9-CXzebXTEtXO6UPUUlAKoHz5jrM9WB1xQ&oe=69678168&_nc_sid=4a2096,546,0,24144,3493,0,['https://instagram.fhan4-3.fna.fbcdn.net/v/t51.2885-15/609889639_18545982016065528_6440968869774669954_n.jpg?stp=dst-jpg_e35_tt6&efg=eyJ2ZW5jb2RlX3RhZyI6InRocmVhZHMuRkVFRC5pbWFnZV91cmxnZW4uMTQ0MHgxNjcyLnNkci5mODI3ODcuZGVmYXVsdF9pbWFnZS5jMiJ9&_nc_ht=instagram.fhan4-3.fna.fbcdn.net&_nc_cat=100&_nc_oc=Q6cZ2QHRk4UKwch1Lvie88Tsw0CuBQ1PuzZeAeP-Byu3bRImeSkTucoiQbimQFJGHKZ2v7I&_nc_ohc=yKtKfQqep7IQ7kNvwE3ZD1X&_nc_gid=a1e9DHMazoUg7ozqZo9aTg&edm=AJhczIQBAAAA&ccb=7-5&ig_cache_key=MzgwMjA0NjcyODkzMzg2NDIyNw%3D%3D.3-ccb7-5&oh=00_Afp-P_ybyXCjzXka8tJlTHSjZ2B3isE75ARJBZ_DMcBP_Q&oe=69679200&_nc_sid=4a2096'],,https://www.threads.net/@khaledbeydoun/post/DTDlVsZifMj,[],"{'likes': 24144, 'reposts': 3415, 'quotes': 78}",threads,3802046728933864227,Khaled Beydoun,,"History repeats itself. 

#Venezuela is #Iraq all over again, but without a full-scale war.",threads,63104578678,khaledbeydoun
[],2026-01-10T10:18:05.042613+07:00,Trump is not distracting from the Epstein Files by waging war on the western hemisphere. He is not distracting from his war in the western hemisphere by causing an ICE agent to shoot (and potentially kill) a person in Minneapolis. He's just out of fucking control. He's a madman.,2026-01-08T00:31:03+07:00,,3804963885015874803,threads,threads.com,threads_crawler_v1,https://www.threads.net/@sierracascadia/post/DTN8n5tj7zz,https://instagram.fhan3-4.fna.fbcdn.net/v/t51.2885-19/543838986_17921959785114712_4668842227456566355_n.jpg?stp=dst-jpg_s150x150_tt6&efg=eyJ2ZW5jb2RlX3RhZyI6InByb2ZpbGVfcGljLmRqYW5nby4xMDU2LmMyIn0&_nc_ht=instagram.fhan3-4.fna.fbcdn.net&_nc_cat=104&_nc_oc=Q6cZ2QHRk4UKwch1Lvie88Tsw0CuBQ1PuzZeAeP-Byu3bRImeSkTucoiQbimQFJGHKZ2v7I&_nc_ohc=yMvMzWRlIx8Q7kNvwH6gz11&_nc_gid=a1e9DHMazoUg7ozqZo9aTg&edm=AJhczIQBAAAA&ccb=7-5&oh=00_Afpw5Bd2Mm9MOnM4pHfDDOfNg5rFnlhrjSjRU9oaJiWVZA&oe=69678252&_nc_sid=4a2096,9,0,138,14,0,[],,https://www.threads.net/@sierracascadia/post/DTN8n5tj7zz,[],"{'likes': 138, 'reposts': 14, 'quotes': 0}",threads,3804963885015874803,Rajat Soni,,Trump is not distracting from the Epstein Files by waging war on the western hemisphere. He is not distracting from his war in the western hemisphere by causing an ICE agent to shoot (and potentially kill) a person in Minneapolis. He's just out of fucking control. He's a madman.,threads,63382458711,sierracascadia
[],2026-01-10T10:18:05.042764+07:00,"“Communism always fails”

Who won the Vietnam War 😌",2025-10-31T21:43:55+07:00,,3755595014777778426,threads,threads.com,threads_crawler_v1,https://www.threads.net/@mikeymcdowell/post/DQejcSYDrD6,https://instagram.fhan3-3.fna.fbcdn.net/v/t51.2885-19/502361426_17920755216098281_9129226195350751283_n.jpg?stp=dst-jpg_s150x150_tt6&efg=eyJ2ZW5jb2RlX3RhZyI6InByb2ZpbGVfcGljLmRqYW5nby4xMDgwLmMyIn0&_nc_ht=instagram.fhan3-3.fna.fbcdn.net&_nc_cat=101&_nc_oc=Q6cZ2QHRk4UKwch1Lvie88Tsw0CuBQ1PuzZeAeP-Byu3bRImeSkTucoiQbimQFJGHKZ2v7I&_nc_ohc=QV6ObWje8bcQ7kNvwGtItlJ&_nc_gid=a1e9DHMazoUg7ozqZo9aTg&edm=AJhczIQBAAAA&ccb=7-5&oh=00_AfruibPn7C0ooPvsq_DiZMFdyB_YjdMBGXmVZ-B6Pn0o1Q&oe=6967AA16&_nc_sid=4a2096,742,0,399,19,0,[],,https://www.threads.net/@mikeymcdowell/post/DQejcSYDrD6,[],"{'likes': 399, 'reposts': 18, 'quotes': 1}",threads,3755595014777778426,Mikey McDowell II,,"“Communism always fails”

Who won the Vietnam War 😌",threads,63085170280,mikeymcdowell
[],2026-01-10T10:18:05.042915+07:00,Mẹ em war thẳng trên sân khấu luôn ạ =)))),2025-12-20T22:16:02+07:00,,3791849816960793986,threads,threads.com,threads_crawler_v1,https://www.threads.net/@virgyuvjn/post/DSfW1GFk_2C,https://instagram.fmaa16-1.fna.fbcdn.net/v/t51.2885-19/573323465_1219825463302212_7278921664109726296_n.png?stp=dst-jpg_e0_s150x150_tt6&efg=eyJ2ZW5jb2RlX3RhZyI6InByb2ZpbGVfcGljLmRqYW5nby4xNTAuYzIifQ&_nc_ht=instagram.fmaa16-1.fna.fbcdn.net&_nc_cat=1&_nc_oc=Q6cZ2QEhKPo1VHAWMSbDQ7ku2dDqGUBS-_1z5UYFXhpP5ZzGVGjqIllE9B-XrSqm1IwCFtR2n3_5Gmyfg6SzvPvsF25g&_nc_ohc=jFezCB5ZvcgQ7kNvwE2hT-q&_nc_gid=09tWI-KebNQ3jsTLtpEHSQ&edm=ALlQn9MBAAAA&ccb=7-5&ig_cache_key=YW5vbnltb3VzX3Byb2ZpbGVfcGlj.3-ccb7-5&oh=00_Afp5_NCK0NjPfMxtrQ7BjD13Qy8oO4RffyIuowHoSbft0Q&oe=696789AA&_nc_sid=e7f676,21,0,7135,855,0,"['https://instagram.fhan3-3.fna.fbcdn.net/v/t51.2885-15/603892993_1826422681360535_3559387599332166857_n.jpg?stp=dst-jpg_e15_tt6&efg=eyJ2ZW5jb2RlX3RhZyI6InRocmVhZHMuRkVFRC5pbWFnZV91cmxnZW4uNjQweDM2Mi5zZHIuZjcxODc4LmRlZmF1bHRfY292ZXJfZnJhbWUuYzIifQ&_nc_ht=instagram.fhan3-3.fna.fbcdn.net&_nc_cat=111&_nc_oc=Q6cZ2QHRk4UKwch1Lvie88Tsw0CuBQ1PuzZeAeP-Byu3bRImeSkTucoiQbimQFJGHKZ2v7I&_nc_ohc=fzWWkGAZhwoQ7kNvwHSQNAP&_nc_gid=a1e9DHMazoUg7ozqZo9aTg&edm=AJhczIQBAAAA&ccb=7-5&ig_cache_key=Mzc5MTg0OTgxNjk2MDc5Mzk4Ng%3D%3D.3-ccb7-5&oh=00_AforIRzfYC-JmiZClhrD-NSCYKBZY7DL9-pONyL0absT5Q&oe=69679FB7&_nc_sid=4a2096', 'https://instagram.fhan4-6.fna.fbcdn.net/o1/v/t16/f2/m84/AQPC3Dx2ZEstZ1q15omuwZzBp1jYOSgSgGJpUINJ-qHOc2zpm0RVox-SMxme1EnoygZ2rBlx0mt5Y8PqkHzGaGxtierNes-21M5X49Y.mp4?_nc_cat=109&_nc_oc=Adno0fV927YdYHJnRkmbrB_uLssXQKAMMVUMUHnuhGLnTtGMP88AbJpDuaVIoqw7bNA&_nc_sid=5e9851&_nc_ht=instagram.fhan4-6.fna.fbcdn.net&_nc_ohc=ML9jeT_aRTgQ7kNvwFCegGz&efg=eyJ2ZW5jb2RlX3RhZyI6Inhwdl9wcm9ncmVzc2l2ZS5JTlNUQUdSQU0uRkVFRC5DMy4xMjY4LmRhc2hfYmFzZWxpbmVfMV92MSIsInhwdl9hc3NldF9pZCI6MTUwNTg3MTY2MDY5NDAxMCwiYXNzZXRfYWdlX2RheXMiOjIwLCJ2aV91c2VjYXNlX2lkIjoxMDE2NCwiZHVyYXRpb25fcyI6MTUsInVybGdlbl9zb3VyY2UiOiJ3d3cifQ%3D%3D&ccb=17-1&_nc_gid=a1e9DHMazoUg7ozqZo9aTg&_nc_zt=28&vs=5f1cb5d9d84fc8fc&_nc_vs=HBksFQIYTGlnX2JhY2tmaWxsX3RpbWVsaW5lX3ZvZC80RDQ3RjQzNkY0ODNBODdCMDlDNjBCNkYxOTRDNjRBM192aWRlb19kYXNoaW5pdC5tcDQVAALIARIAFQIYOnBhc3N0aHJvdWdoX2V2ZXJzdG9yZS9HQ1ROeGlNeVJwTGxiUU1EQUZ6THhpQTNNbDFnYnNwVEFRQUYVAgLIARIAKAAYABsCiAd1c2Vfb2lsATEScHJvZ3Jlc3NpdmVfcmVjaXBlATEVAAAm9OfNlqLlrAUVAigCQzMsF0AvZmZmZmZmGBJkYXNoX2Jhc2VsaW5lXzFfdjERAHXqB2XongEA&oh=00_Afrm6Kr3OmzpZ131NVCmCOlxW-P_mNNK3SRrRd3uiSzhrQ&oe=6963A943']",,https://www.threads.net/@virgyuvjn/post/DSfW1GFk_2C,[],"{'likes': 7135, 'reposts': 848, 'quotes': 7}",threads,3791849816960793986,~김규빈~,Jennie,Mẹ em war thẳng trên sân khấu luôn ạ =)))),threads,64637387927,virgyuvjn
[],2026-01-10T10:18:05.043070+07:00,"THE USA HAS STRUCK FACILITIES IN/ON VENEZUELA! 🇻🇪 

THIS  IS CONSIDERED AN ACT OF WAR! 

IRAQ 🇮🇶 2.0?",2025-12-30T05:44:25+07:00,,3798598425588713861,threads,threads.com,threads_crawler_v1,https://www.threads.net/@anaffordableaccountant/post/DS3VSRpksmF,https://instagram.fhan4-1.fna.fbcdn.net/v/t51.2885-19/527669552_18025270886709053_5374809206654042462_n.jpg?stp=dst-jpg_s150x150_tt6&efg=eyJ2ZW5jb2RlX3RhZyI6InByb2ZpbGVfcGljLmRqYW5nby4xMDgwLmMyIn0&_nc_ht=instagram.fhan4-1.fna.fbcdn.net&_nc_cat=105&_nc_oc=Q6cZ2QHRk4UKwch1Lvie88Tsw0CuBQ1PuzZeAeP-Byu3bRImeSkTucoiQbimQFJGHKZ2v7I&_nc_ohc=kV6Podio8hwQ7kNvwGxRMc1&_nc_gid=a1e9DHMazoUg7ozqZo9aTg&edm=AJhczIQBAAAA&ccb=7-5&oh=00_AfoQ3NvWJQa9TrvWBabnSAZ3Y8sNUoDGHcJ_-C42Y104Wg&oe=69678F21&_nc_sid=4a2096,36,0,113,42,0,"['https://instagram.fhan4-3.fna.fbcdn.net/v/t51.2885-15/605889910_1801007210574840_8562805890964068281_n.jpg?stp=dst-jpg_e15_tt6&efg=eyJ2ZW5jb2RlX3RhZyI6InRocmVhZHMuRkVFRC5pbWFnZV91cmxnZW4uNjQweDExMzYuc2RyLmY3MTg3OC5kZWZhdWx0X2NvdmVyX2ZyYW1lLmMyIn0&_nc_ht=instagram.fhan4-3.fna.fbcdn.net&_nc_cat=100&_nc_oc=Q6cZ2QHRk4UKwch1Lvie88Tsw0CuBQ1PuzZeAeP-Byu3bRImeSkTucoiQbimQFJGHKZ2v7I&_nc_ohc=GkLDKF39S_AQ7kNvwF3Nqyv&_nc_gid=a1e9DHMazoUg7ozqZo9aTg&edm=AJhczIQBAAAA&ccb=7-5&ig_cache_key=Mzc5ODU5ODQyNTU4ODcxMzg2MQ%3D%3D.3-ccb7-5&oh=00_AfqSJT9HzxwKTnYvKY1jTuQ7eORlYF7ICPn_7gARYQBraQ&oe=69678501&_nc_sid=4a2096', 'https://instagram.fhan3-4.fna.fbcdn.net/o1/v/t16/f2/m84/AQPx15UyBjCRsddvzNRPRUu537fJ4r_d1sy8L_ojNQPYKz755GKwCiDMeE3-NCck_ZDhmPKfDX0REUMjYZn_2sigynGeGSGHyxZUVjY.mp4?_nc_cat=106&_nc_oc=AdkwNJBdKyjzQLIRFNe2xHJIcHbpaxjLsQvjUjW6ePOU3pqcZaWViWQlwjEOx-u4hsM&_nc_sid=5e9851&_nc_ht=instagram.fhan3-4.fna.fbcdn.net&_nc_ohc=FjxEZCJ6lToQ7kNvwEm3YqP&efg=eyJ2ZW5jb2RlX3RhZyI6Inhwdl9wcm9ncmVzc2l2ZS5JTlNUQUdSQU0uRkVFRC5DMy41NzYuZGFzaF9iYXNlbGluZV8xX3YxIiwieHB2X2Fzc2V0X2lkIjoxNjEzNzY2NzAzMTQyMzM2LCJhc3NldF9hZ2VfZGF5cyI6MTEsInZpX3VzZWNhc2VfaWQiOjEwMTY0LCJkdXJhdGlvbl9zIjo1MywidXJsZ2VuX3NvdXJjZSI6Ind3dyJ9&ccb=17-1&_nc_gid=a1e9DHMazoUg7ozqZo9aTg&_nc_zt=28&vs=9d0a5ae53c73d446&_nc_vs=HBksFQIYTGlnX2JhY2tmaWxsX3RpbWVsaW5lX3ZvZC9GRTRFNUJENDEyRTk0NUFDMDEyMjgyNzM0QjEwRTdBNF92aWRlb19kYXNoaW5pdC5tcDQVAALIARIAFQIYOnBhc3N0aHJvdWdoX2V2ZXJzdG9yZS9HQkJkQ3lSVVJabU14R29MQUJfS0NlMlBockpnYnNwVEFRQUYVAgLIARIAKAAYABsCiAd1c2Vfb2lsATEScHJvZ3Jlc3NpdmVfcmVjaXBlATEVAAAmgNe68crt3QUVAigCQzMsF0BKcWhysCDFGBJkYXNoX2Jhc2VsaW5lXzFfdjERAHXqB2XongEA&oh=00_AfoMMKIaMAH1YUyzNNrIAT8e3fjaaWLQOqBZigHZXUW3eA&oe=6963A5B6']",,https://www.threads.net/@anaffordableaccountant/post/DS3VSRpksmF,[],"{'likes': 113, 'reposts': 32, 'quotes': 10}",threads,3798598425588713861,MBA Economic News,Venezuela,"THE USA HAS STRUCK FACILITIES IN/ON VENEZUELA! 🇻🇪 

THIS  IS CONSIDERED AN ACT OF WAR! 

IRAQ 🇮🇶 2.0?",threads,71920819331,anaffordableaccountant
[],2026-01-10T10:18:05.043222+07:00,"Percy in Son of Neptune:

 “I know two things; I bagged a baddie named Annabeth, and the God of War can catch these fucking hands”",2026-01-04T02:06:58+07:00,,3802113059032527103,threads,threads.com,threads_crawler_v1,https://www.threads.net/@shelfie.pod/post/DTD0a7HgfD_,https://instagram.fhan3-2.fna.fbcdn.net/v/t51.2885-19/573615671_17886449100390775_2083282828258825819_n.jpg?stp=dst-jpg_s150x150_tt6&efg=eyJ2ZW5jb2RlX3RhZyI6InByb2ZpbGVfcGljLmRqYW5nby4xMDgwLmMyIn0&_nc_ht=instagram.fhan3-2.fna.fbcdn.net&_nc_cat=107&_nc_oc=Q6cZ2QHRk4UKwch1Lvie88Tsw0CuBQ1PuzZeAeP-Byu3bRImeSkTucoiQbimQFJGHKZ2v7I&_nc_ohc=BCVvAndr2fQQ7kNvwEPDrjJ&_nc_gid=a1e9DHMazoUg7ozqZo9aTg&edm=AJhczIQBAAAA&ccb=7-5&oh=00_AfqTeee4yYe7UMGlbtUMYonsV1HKNTj2HGNn8ela1LD1nA&oe=6967A9B5&_nc_sid=4a2096,11,0,3257,99,0,[],,https://www.threads.net/@shelfie.pod/post/DTD0a7HgfD_,[],"{'likes': 3257, 'reposts': 99, 'quotes': 0}",threads,3802113059032527103,Shelf Indulgence,Percy Jackson,"Percy in Son of Neptune:

 “I know two things; I bagged a baddie named Annabeth, and the God of War can catch these fucking hands”",threads,71593174774,shelfie.pod
[],2026-01-10T10:18:05.043421+07:00,"Donald Trump is a wartime president.

War on women.
War on voting rights.
War on Latinos.
War on California.
War on institutions.
War on history.",2025-10-14T06:25:54+07:00,,3742811694595638656,threads,threads.com,threads_crawler_v1,https://www.threads.net/@cagovernor/post/DPxI2ftjQWA,https://instagram.fhan3-3.fna.fbcdn.net/v/t51.2885-19/575240020_17935170774101320_8075879013835486900_n.jpg?stp=dst-jpg_s150x150_tt6&efg=eyJ2ZW5jb2RlX3RhZyI6InByb2ZpbGVfcGljLmRqYW5nby4xMDgwLmMyIn0&_nc_ht=instagram.fhan3-3.fna.fbcdn.net&_nc_cat=1&_nc_oc=Q6cZ2QHRk4UKwch1Lvie88Tsw0CuBQ1PuzZeAeP-Byu3bRImeSkTucoiQbimQFJGHKZ2v7I&_nc_ohc=ND9Bf0wu1I0Q7kNvwFwdGpm&_nc_gid=a1e9DHMazoUg7ozqZo9aTg&edm=AJhczIQBAAAA&ccb=7-5&oh=00_AfoangdxCyIWNFkorqlv14-SXt-zXmOrkXbjUfLQsB9VLQ&oe=6967ACFB&_nc_sid=4a2096,2594,0,57953,5920,0,"['https://instagram.fhan4-6.fna.fbcdn.net/v/t51.2885-15/564247840_1311610460642229_4103707715848964497_n.jpg?stp=dst-jpg_e15_tt6&efg=eyJ2ZW5jb2RlX3RhZyI6InRocmVhZHMuRkVFRC5pbWFnZV91cmxnZW4uNjQweDM2MC5zZHIuZjcxODc4LmRlZmF1bHRfY292ZXJfZnJhbWUuYzIifQ&_nc_ht=instagram.fhan4-6.fna.fbcdn.net&_nc_cat=109&_nc_oc=Q6cZ2QHRk4UKwch1Lvie88Tsw0CuBQ1PuzZeAeP-Byu3bRImeSkTucoiQbimQFJGHKZ2v7I&_nc_ohc=ZsOqZRmFrXQQ7kNvwHvy5U1&_nc_gid=a1e9DHMazoUg7ozqZo9aTg&edm=AJhczIQBAAAA&ccb=7-5&ig_cache_key=Mzc0MjgxMTY5NDU5NTYzODY1Ng%3D%3D.3-ccb7-5&oh=00_AfqxPxoz0nwQDYbKt148EwMdDwHd9LuHTZ-okk_qjhQlPQ&oe=69678E55&_nc_sid=4a2096', 'https://instagram.fhan4-3.fna.fbcdn.net/o1/v/t16/f2/m84/AQNOqIgthR8uokVYbzSRwqPEnxyNbpbU8WdqwK0Uj-C9THlZvqLPBqZS0RSE2hVajiAR4XoR3NXcHWax46VTagFfZu_D_LjCg1CbBpw.mp4?_nc_cat=110&_nc_oc=AdkwH7lMvhRKRC8PQRiXIxwyrPZ9E3SDTrKrUrh1yPgLetrk7hYE4FhMsbUfUi-4bdA&_nc_sid=5e9851&_nc_ht=instagram.fhan4-3.fna.fbcdn.net&_nc_ohc=je0BAj7TpMIQ7kNvwHejLGl&efg=eyJ2ZW5jb2RlX3RhZyI6Inhwdl9wcm9ncmVzc2l2ZS5JTlNUQUdSQU0uRkVFRC5DMy4xMjgwLmRhc2hfYmFzZWxpbmVfMV92MSIsInhwdl9hc3NldF9pZCI6MjQ4OTE2ODUxMjM3OTYzNTYsImFzc2V0X2FnZV9kYXlzIjo4OCwidmlfdXNlY2FzZV9pZCI6MTAxNjQsImR1cmF0aW9uX3MiOjQ3LCJ1cmxnZW5fc291cmNlIjoid3d3In0%3D&ccb=17-1&_nc_gid=a1e9DHMazoUg7ozqZo9aTg&_nc_zt=28&vs=a2dfa0ec55a0bf0&_nc_vs=HBksFQIYTGlnX2JhY2tmaWxsX3RpbWVsaW5lX3ZvZC82NDQzMTBGNjcxNDQzRUNERDlFQ0JDQjZENUJENUM4Rl92aWRlb19kYXNoaW5pdC5tcDQVAALIARIAFQIYOnBhc3N0aHJvdWdoX2V2ZXJzdG9yZS9HQTNNdVNHV2lEaWhNT1lDQU5pSlNMMlU0a2RnYnNwVEFRQUYVAgLIARIAKAAYABsCiAd1c2Vfb2lsATEScHJvZ3Jlc3NpdmVfcmVjaXBlATEVAAAmiLbRmuK2t1gVAigCQzMsF0BHu6XjU_fPGBJkYXNoX2Jhc2VsaW5lXzFfdjERAHXqB2XongEA&oh=00_Afp1iEBZPzYNAWu3sTtgE8kkbaC-JyAU8Hf4DPZqLbfHWQ&oe=6963AB9E']",,https://www.threads.net/@cagovernor/post/DPxI2ftjQWA,[],"{'likes': 57953, 'reposts': 5714, 'quotes': 206}",threads,3742811694595638656,Governor Gavin Newsom,,"Donald Trump is a wartime president.

War on women.
War on voting rights.
War on Latinos.
War on California.
War on institutions.
War on history.",threads,63068973319,cagovernor
[],2026-01-10T10:18:05.043585+07:00,"China is not to be bullied with like the rest of the world. They won’t put up with it so Thank you Mr. Trump for starting World War III even though you said you’re ending all wars unlike other presidents before you USA FAILED HARD IN VIETNAM AND CHINA WAS NOTHING BACK THEN IMAGINE TODAY WAKE UP USA… every empire comes to an end, all throughout history",2026-01-05T23:46:41+07:00,,3803491990537000696,threads,threads.com,threads_crawler_v1,https://www.threads.net/@moe_missad_alajji/post/DTIt9BKAFb4,https://instagram.fhan3-4.fna.fbcdn.net/v/t51.2885-19/509617945_17879442300342148_7317464950344678832_n.jpg?stp=dst-jpg_s150x150_tt6&efg=eyJ2ZW5jb2RlX3RhZyI6InByb2ZpbGVfcGljLmRqYW5nby45NTguYzIifQ&_nc_ht=instagram.fhan3-4.fna.fbcdn.net&_nc_cat=104&_nc_oc=Q6cZ2QHRk4UKwch1Lvie88Tsw0CuBQ1PuzZeAeP-Byu3bRImeSkTucoiQbimQFJGHKZ2v7I&_nc_ohc=qkbfvB4AL00Q7kNvwGNwGhx&_nc_gid=a1e9DHMazoUg7ozqZo9aTg&edm=AJhczIQBAAAA&ccb=7-5&oh=00_AfrPplZMM-AEw07p5uS74XD0XWX0wplAp7Eys7T9YVqT8w&oe=69678236&_nc_sid=4a2096,31,0,132,51,0,"['https://instagram.fhan3-4.fna.fbcdn.net/v/t51.2885-15/611278867_1524054655341940_1082899841910644448_n.jpg?stp=dst-jpg_e15_tt6&efg=eyJ2ZW5jb2RlX3RhZyI6InRocmVhZHMuRkVFRC5pbWFnZV91cmxnZW4uNjQweDExMzYuc2RyLmY3MTg3OC5kZWZhdWx0X2NvdmVyX2ZyYW1lLmMyIn0&_nc_ht=instagram.fhan3-4.fna.fbcdn.net&_nc_cat=104&_nc_oc=Q6cZ2QHRk4UKwch1Lvie88Tsw0CuBQ1PuzZeAeP-Byu3bRImeSkTucoiQbimQFJGHKZ2v7I&_nc_ohc=O4uUnhN2KgcQ7kNvwHproY_&_nc_gid=a1e9DHMazoUg7ozqZo9aTg&edm=AJhczIQBAAAA&ccb=7-5&ig_cache_key=MzgwMzQ5MTk5MDUzNzAwMDY5Ng%3D%3D.3-ccb7-5&oh=00_AfoIt7Vx3QUcRtZyrW7ZyqPlTbug6KQHp9OzGA584fM3ow&oe=69678938&_nc_sid=4a2096', 'https://instagram.fhan3-4.fna.fbcdn.net/o1/v/t2/f2/m86/AQM06mdlozhKgVQe_fsCI0bz7EtYw46xBAdO6LpDV8RgNp-bB6gNAZqBLNQH2PbMD75rZfQyIVYRJx3svKZIl6Uumt6vqSaXf2NIVEg.mp4?_nc_cat=104&_nc_oc=AdkY5lFVGEcX-OLjE_JGWdarQEp9y5fHgfwnu4wIKdA1Mvt6ExytedQWCebIwXqgiW0&_nc_sid=5e9851&_nc_ht=instagram.fhan3-4.fna.fbcdn.net&_nc_ohc=1wcoeZIws18Q7kNvwGoCSdK&efg=eyJ2ZW5jb2RlX3RhZyI6Inhwdl9wcm9ncmVzc2l2ZS5JTlNUQUdSQU0uRkVFRC5DMy41NzYuZGFzaF9iYXNlbGluZV8xX3YxIiwieHB2X2Fzc2V0X2lkIjoxNDIzNTU5NzEyNDY0NzAxLCJhc3NldF9hZ2VfZGF5cyI6NCwidmlfdXNlY2FzZV9pZCI6MTAwOTksImR1cmF0aW9uX3MiOjczLCJ1cmxnZW5fc291cmNlIjoid3d3In0%3D&ccb=17-1&_nc_gid=a1e9DHMazoUg7ozqZo9aTg&_nc_zt=28&vs=e026f1e1b2021454&_nc_vs=HBksFQIYUmlnX3hwdl9yZWVsc19wZXJtYW5lbnRfc3JfcHJvZC9FQTRGRTdGNjFCQTc2QUU2OTQ1NjhGNzMyQzU0MDI4Ql92aWRlb19kYXNoaW5pdC5tcDQVAALIARIAFQIYOnBhc3N0aHJvdWdoX2V2ZXJzdG9yZS9HTURGYmlSamhzcFdSR01FQUVLU0s1bmswLVE2YnN0VEFRQUYVAgLIARIAKAAYABsCiAd1c2Vfb2lsATEScHJvZ3Jlc3NpdmVfcmVjaXBlATEVAAAm-vzSr4quhwUVAigCQzMsF0BSTul41P30GBJkYXNoX2Jhc2VsaW5lXzFfdjERAHXqB2XmnQEA&oh=00_AfqQcDWi47eK1zh6U_yoxEJob_UHtnZSLiHDQ4z_hoOqTA&oe=696392C5']",,https://www.threads.net/@moe_missad_alajji/post/DTIt9BKAFb4,[],"{'likes': 132, 'reposts': 40, 'quotes': 11}",threads,3803491990537000696,Moe Missad Alajji,,"China is not to be bullied with like the rest of the world. They won’t put up with it so Thank you Mr. Trump for starting World War III even though you said you’re ending all wars unlike other presidents before you USA FAILED HARD IN VIETNAM AND CHINA WAS NOTHING BACK THEN IMAGINE TODAY WAKE UP USA… every empire comes to an end, all throughout history",threads,70244150147,moe_missad_alajji
[],2026-01-10T10:18:05.043738+07:00,God of war new wallpapers,2025-11-27T15:13:32+07:00,,3774967478398198496,threads,threads.com,threads_crawler_v1,https://www.threads.net/@infeterkamal/post/DRjYOvEk6Lg,https://instagram.fhan3-3.fna.fbcdn.net/v/t51.2885-19/588464490_17908127073273023_2384717208616567349_n.jpg?stp=dst-jpg_s150x150_tt6&efg=eyJ2ZW5jb2RlX3RhZyI6InByb2ZpbGVfcGljLmRqYW5nby4xMDgwLmMyIn0&_nc_ht=instagram.fhan3-3.fna.fbcdn.net&_nc_cat=111&_nc_oc=Q6cZ2QHRk4UKwch1Lvie88Tsw0CuBQ1PuzZeAeP-Byu3bRImeSkTucoiQbimQFJGHKZ2v7I&_nc_ohc=fqFJKDJ9jWYQ7kNvwG4MDlE&_nc_gid=a1e9DHMazoUg7ozqZo9aTg&edm=AJhczIQBAAAA&ccb=7-5&oh=00_AfqoPWTkeic5HfSZH9MmBz4qLzc5r-7oa-U43Es9Q4ZW1w&oe=6967A845&_nc_sid=4a2096,2,0,494,29,0,['https://instagram.fhan3-3.fna.fbcdn.net/v/t51.2885-15/588541637_17907280461273023_2300943620195567832_n.jpg?stp=dst-jpg_e15_tt6&efg=eyJ2ZW5jb2RlX3RhZyI6InRocmVhZHMuQ0FST1VTRUxfSVRFTS5pbWFnZV91cmxnZW4uNzIweDEwMjIuc2RyLmY4Mjc4Ny5kZWZhdWx0X2NvdmVyX2ZyYW1lLmMyIn0&_nc_ht=instagram.fhan3-3.fna.fbcdn.net&_nc_cat=111&_nc_oc=Q6cZ2QHRk4UKwch1Lvie88Tsw0CuBQ1PuzZeAeP-Byu3bRImeSkTucoiQbimQFJGHKZ2v7I&_nc_ohc=VkUB5b3sd5IQ7kNvwEwrqI6&_nc_gid=a1e9DHMazoUg7ozqZo9aTg&edm=AJhczIQBAAAA&ccb=7-5&ig_cache_key=Mzc3NDk2NzQwNDYwMzU5ODQ2Ng%3D%3D.3-ccb7-5&oh=00_AfoQMPnFFOWTCDNnV1iSaWMdMouSGshSqD8HfnSCe7m_4w&oe=6967AF7F&_nc_sid=4a2096'],,https://www.threads.net/@infeterkamal/post/DRjYOvEk6Lg,[],"{'likes': 494, 'reposts': 28, 'quotes': 1}",threads,3774967478398198496,Infeter Kamal,wallpaper,God of war new wallpapers,threads,68351761022,infeterkamal
[],2026-01-10T10:18:05.043889+07:00,Being a part of this war-crime regime was not on my 2026 card. Anyone knows why the US bombs Caracas?,2026-01-03T14:48:03+07:00,,3801769845159264910,threads,threads.com,threads_crawler_v1,https://www.threads.net/@aestheticsabotage/post/DTCmYgSgoKO,https://instagram.fhan4-3.fna.fbcdn.net/v/t51.2885-19/464234150_8339291869513978_7582022407484059821_n.jpg?stp=dst-jpg_s150x150_tt6&efg=eyJ2ZW5jb2RlX3RhZyI6InByb2ZpbGVfcGljLmRqYW5nby4xMDgwLmMyIn0&_nc_ht=instagram.fhan4-3.fna.fbcdn.net&_nc_cat=110&_nc_oc=Q6cZ2QHRk4UKwch1Lvie88Tsw0CuBQ1PuzZeAeP-Byu3bRImeSkTucoiQbimQFJGHKZ2v7I&_nc_ohc=0hvhoB3gMncQ7kNvwEkQCMa&_nc_gid=a1e9DHMazoUg7ozqZo9aTg&edm=AJhczIQBAAAA&ccb=7-5&oh=00_AfoJm2GpnzHBx6BurBVaDWceq-aNpX2KDUv0aRj9zFM1ZA&oe=69679FD8&_nc_sid=4a2096,29,0,21,4,0,"['https://instagram.fhan4-5.fna.fbcdn.net/v/t51.2885-15/611226564_1942180726644770_1457942233885646306_n.jpg?stp=dst-jpg_e15_tt6&efg=eyJ2ZW5jb2RlX3RhZyI6InRocmVhZHMuRkVFRC5pbWFnZV91cmxnZW4uNjQweDExNjIuc2RyLmY3MTg3OC5kZWZhdWx0X2NvdmVyX2ZyYW1lLmMyIn0&_nc_ht=instagram.fhan4-5.fna.fbcdn.net&_nc_cat=102&_nc_oc=Q6cZ2QHRk4UKwch1Lvie88Tsw0CuBQ1PuzZeAeP-Byu3bRImeSkTucoiQbimQFJGHKZ2v7I&_nc_ohc=ggdljw4lfDkQ7kNvwFrWe6M&_nc_gid=a1e9DHMazoUg7ozqZo9aTg&edm=AJhczIQBAAAA&ccb=7-5&ig_cache_key=MzgwMTc2OTg0NTE1OTI2NDkxMA%3D%3D.3-ccb7-5&oh=00_Afrj3xWiZKGuljkPKoonIoxJ-tWOdBLkJZ4zTV7t06YMQA&oe=69679450&_nc_sid=4a2096', 'https://instagram.fhan3-3.fna.fbcdn.net/o1/v/t16/f2/m84/AQNOqKOPLXmPyBoMOGcvve7yQHUjUcYatDbYh6b1cA40MnI-lCHZjoEHAYFKtcWlsJXL20ieS74aZ4LrOvHmpLI9obgrfXy8MXP7Dpc.mp4?_nc_cat=101&_nc_oc=AdmxndYLqalZo9Fg_hUJ627ED10_5k9VjaFGCWjayl-lnXWCt5WTGz-N63ajO_m1oeM&_nc_sid=5e9851&_nc_ht=instagram.fhan3-3.fna.fbcdn.net&_nc_ohc=MLPa9Yn5gWcQ7kNvwGtUXvv&efg=eyJ2ZW5jb2RlX3RhZyI6Inhwdl9wcm9ncmVzc2l2ZS5JTlNUQUdSQU0uRkVFRC5DMy40ODAuZGFzaF9iYXNlbGluZV8xX3YxIiwieHB2X2Fzc2V0X2lkIjoxNTg0NDM2NjI1OTAyNTYwLCJhc3NldF9hZ2VfZGF5cyI6NiwidmlfdXNlY2FzZV9pZCI6MTAxNjQsImR1cmF0aW9uX3MiOjcsInVybGdlbl9zb3VyY2UiOiJ3d3cifQ%3D%3D&ccb=17-1&_nc_gid=a1e9DHMazoUg7ozqZo9aTg&_nc_zt=28&vs=2b224698d8dedcf0&_nc_vs=HBksFQIYTGlnX2JhY2tmaWxsX3RpbWVsaW5lX3ZvZC9BMjRGOTRDMDI0QkM5QUE4QTExNUUzMDhDOTU1RDE4NV92aWRlb19kYXNoaW5pdC5tcDQVAALIARIAFQIYOnBhc3N0aHJvdWdoX2V2ZXJzdG9yZS9HSWdIWmlTaG1vZFdhZ0lEQUZwaG12U04wRjluYnNwVEFRQUYVAgLIARIAKAAYABsCiAd1c2Vfb2lsATEScHJvZ3Jlc3NpdmVfcmVjaXBlATEVAAAmwK-M5KzC0AUVAigCQzMsF0Ac7peNT987GBJkYXNoX2Jhc2VsaW5lXzFfdjERAHXqB2XongEA&oh=00_Afru_J3WqnpAxo6tsYd7RqaWsKYDyobZGZxL8pXix8P1LA&oe=69638707']",,https://www.threads.net/@aestheticsabotage/post/DTCmYgSgoKO,[],"{'likes': 21, 'reposts': 4, 'quotes': 0}",threads,3801769845159264910,Aesthetic Sabotage | wedding photographer,Venezuela,Being a part of this war-crime regime was not on my 2026 card. Anyone knows why the US bombs Caracas?,threads,69805960414,aestheticsabotage
[],2026-01-10T10:18:05.044040+07:00,"BMF?
16+ only pls 
Always tired, but often awake...
I really like to play DnD, League of Legends, and strategy games! I'm also a big fan of roleplaying, reading and creative writing! Rehabilitated WarThunder player btw
Socially inept so please take care of me.
I ALSO LOVE UMAMUSUME QwQ
just add me on discord: rinzenmate",2025-11-27T19:35:52+07:00,,3775099510751221349,threads,threads.com,threads_crawler_v1,https://www.threads.net/@puregem.redherring/post/DRj2QDyE9Zl,https://instagram.fhan3-4.fna.fbcdn.net/v/t51.2885-19/587473963_17875817520443380_391001187889926136_n.jpg?stp=dst-jpg_s150x150_tt6&efg=eyJ2ZW5jb2RlX3RhZyI6InByb2ZpbGVfcGljLmRqYW5nby42ODAuYzIifQ&_nc_ht=instagram.fhan3-4.fna.fbcdn.net&_nc_cat=104&_nc_oc=Q6cZ2QHRk4UKwch1Lvie88Tsw0CuBQ1PuzZeAeP-Byu3bRImeSkTucoiQbimQFJGHKZ2v7I&_nc_ohc=AXcTxiROZ5oQ7kNvwFpMZWk&_nc_gid=a1e9DHMazoUg7ozqZo9aTg&edm=AJhczIQBAAAA&ccb=7-5&oh=00_AfrCxYTn5uWW-hLiTdh6w6Ade7kxSA2ABC6TIIclGKQqlg&oe=69679F48&_nc_sid=4a2096,6,0,13,0,0,[],,https://www.threads.net/@puregem.redherring/post/DRj2QDyE9Zl,[],"{'likes': 13, 'reposts': 0, 'quotes': 0}",threads,3775099510751221349,Rin Alekseevna Ashen,,"BMF?
16+ only pls 
Always tired, but often awake...
I really like to play DnD, League of Legends, and strategy games! I'm also a big fan of roleplaying, reading and creative writing! Rehabilitated WarThunder player btw
Socially inept so please take care of me.
I ALSO LOVE UMAMUSUME QwQ
just add me on discord: rinzenmate",threads,73377019379,puregem.redherring
[],2026-01-10T10:18:05.044194+07:00,"Nếu những chiếc mũi đc phát hiện ở hàng ngàn năm trước, đây sẽ là di sản
Nếu những chiếc mũi đc phát hiện ở hàng trăm năm trước, đây sẽ là ý tưởng của cầu trượt
Nếu những chiếc mũi đc phát hiện ở chục năm trước, đây sẽ là F4 vườn sao băng
Nếu những chiếc mũi này đc phát hiện ở 100 năm sau, đây sẽ là sản phẩm AI 
Chỉ tiếc là nó được phát hiện ở hiện tại bởi chồng của tôi. Anh nhìn tôi, cười cay đắng: ""Em giỏi nhỉ. Hoá ra Park Jisung tôi chỉ là 1 trong 4 lựa chọn của em thôi sao?""
University war",2025-02-04T22:44:22+07:00,,3560660768788180901,threads,threads.com,threads_crawler_v1,https://www.threads.net/@hynonnnnnn/post/DFqAhqhSe-l,https://instagram.fhan4-5.fna.fbcdn.net/v/t51.2885-19/472497044_1633876533876170_2827704017479614153_n.jpg?stp=dst-jpg_s150x150_tt6&efg=eyJ2ZW5jb2RlX3RhZyI6InByb2ZpbGVfcGljLmRqYW5nby4xMDgwLmMyIn0&_nc_ht=instagram.fhan4-5.fna.fbcdn.net&_nc_cat=102&_nc_oc=Q6cZ2QHRk4UKwch1Lvie88Tsw0CuBQ1PuzZeAeP-Byu3bRImeSkTucoiQbimQFJGHKZ2v7I&_nc_ohc=LGVJUHjz9IQQ7kNvwG7bZeA&_nc_gid=a1e9DHMazoUg7ozqZo9aTg&edm=AJhczIQBAAAA&ccb=7-5&oh=00_AfqbNoacsfSiJJQPs9SRuQpX-VNctPgKAwe6rB1UZI6H_A&oe=6967B0CA&_nc_sid=4a2096,2,0,152,19,0,['https://instagram.fhan3-3.fna.fbcdn.net/v/t51.2885-15/476422387_17958065102906087_3906744121724000223_n.jpg?stp=dst-jpg_e35_tt6&efg=eyJ2ZW5jb2RlX3RhZyI6InRocmVhZHMuRkVFRC5pbWFnZV91cmxnZW4uMjUzMngxMTcwLnNkci5mNzU3NjEuZGVmYXVsdF9pbWFnZS5jMiJ9&_nc_ht=instagram.fhan3-3.fna.fbcdn.net&_nc_cat=111&_nc_oc=Q6cZ2QHRk4UKwch1Lvie88Tsw0CuBQ1PuzZeAeP-Byu3bRImeSkTucoiQbimQFJGHKZ2v7I&_nc_ohc=znN5vteyHk4Q7kNvwHZffay&_nc_gid=a1e9DHMazoUg7ozqZo9aTg&edm=AJhczIQBAAAA&ccb=7-5&ig_cache_key=MzU2MDY2MDc2ODc4ODE4MDkwMQ%3D%3D.3-ccb7-5&oh=00_AfoYSHAHB0AXjbP5pvBgEekR9PCMlEwdKRrkCnS4zQoeIA&oe=69679C89&_nc_sid=4a2096'],,https://www.threads.net/@hynonnnnnn/post/DFqAhqhSe-l,[],"{'likes': 152, 'reposts': 18, 'quotes': 1}",threads,3560660768788180901,,University war,"Nếu những chiếc mũi đc phát hiện ở hàng ngàn năm trước, đây sẽ là di sản
Nếu những chiếc mũi đc phát hiện ở hàng trăm năm trước, đây sẽ là ý tưởng của cầu trượt
Nếu những chiếc mũi đc phát hiện ở chục năm trước, đây sẽ là F4 vườn sao băng
Nếu những chiếc mũi này đc phát hiện ở 100 năm sau, đây sẽ là sản phẩm AI 
Chỉ tiếc là nó được phát hiện ở hiện tại bởi chồng của tôi. Anh nhìn tôi, cười cay đắng: ""Em giỏi nhỉ. Hoá ra Park Jisung tôi chỉ là 1 trong 4 lựa chọn của em thôi sao?""
University war",threads,67705976866,hynonnnnnn
[],2026-01-10T10:18:05.044380+07:00,Mình không định kick war ai hết. mình chỉ lên đính chính cho mấy bạn non fan hay những bạn chưa tìm hiểu rõ bài hát thì Mason Nguyễn có tham gia chấm bút viết lời. Xin các bạn hãy tìm hiểu rõ rồi hãy phát ngôn 🤦🏻🙏🏻🙏🏻,2025-12-30T21:18:24+07:00,,3799068716035105505,threads,threads.com,threads_crawler_v1,https://www.threads.net/@casmapp.08/post/DS5AN5wkmLh,https://instagram.fhan4-3.fna.fbcdn.net/v/t51.2885-19/583479076_17853659862574954_789953224165379823_n.jpg?stp=dst-jpg_s150x150_tt6&efg=eyJ2ZW5jb2RlX3RhZyI6InByb2ZpbGVfcGljLmRqYW5nby4xMDgwLmMyIn0&_nc_ht=instagram.fhan4-3.fna.fbcdn.net&_nc_cat=110&_nc_oc=Q6cZ2QHRk4UKwch1Lvie88Tsw0CuBQ1PuzZeAeP-Byu3bRImeSkTucoiQbimQFJGHKZ2v7I&_nc_ohc=NbGYA5gHFRoQ7kNvwGnmb0V&_nc_gid=a1e9DHMazoUg7ozqZo9aTg&edm=AJhczIQBAAAA&ccb=7-5&oh=00_AfqvXttga2u6pjVlkT8oxO6fjiJuQ9Bb6bunPfLOdUcmCw&oe=6967ACE1&_nc_sid=4a2096,69,0,4448,510,0,['https://instagram.fhan4-5.fna.fbcdn.net/v/t51.2885-15/607970751_835560346151307_3207590886662172295_n.jpg?stp=dst-jpg_e15_tt6&efg=eyJ2ZW5jb2RlX3RhZyI6InRocmVhZHMuQ0FST1VTRUxfSVRFTS5pbWFnZV91cmxnZW4uNjQweDEzOTAuc2RyLmY3MTg3OC5kZWZhdWx0X2NvdmVyX2ZyYW1lLmMyIn0&_nc_ht=instagram.fhan4-5.fna.fbcdn.net&_nc_cat=103&_nc_oc=Q6cZ2QHRk4UKwch1Lvie88Tsw0CuBQ1PuzZeAeP-Byu3bRImeSkTucoiQbimQFJGHKZ2v7I&_nc_ohc=tI4fIj4U340Q7kNvwG84JT-&_nc_gid=a1e9DHMazoUg7ozqZo9aTg&edm=AJhczIQBAAAA&ccb=7-5&ig_cache_key=Mzc5OTA2NTM0NTk1MzgyMTQ5MA%3D%3D.3-ccb7-5&oh=00_Afqpj9dIr-Vngk0giM-vUx-F9EkwcwP2EJecyCwvdEogfA&oe=69679774&_nc_sid=4a2096'],,https://www.threads.net/@casmapp.08/post/DS5AN5wkmLh,[],"{'likes': 4448, 'reposts': 508, 'quotes': 2}",threads,3799068716035105505,casmapp.08,MASON NGUYEN ANH TRAI SAY HI,Mình không định kick war ai hết. mình chỉ lên đính chính cho mấy bạn non fan hay những bạn chưa tìm hiểu rõ bài hát thì Mason Nguyễn có tham gia chấm bút viết lời. Xin các bạn hãy tìm hiểu rõ rồi hãy phát ngôn 🤦🏻🙏🏻🙏🏻,threads,77211422953,casmapp.08
[],2026-01-10T10:18:05.044592+07:00,"I am an Army combat veteran. 
I was a redneck from the mountains of NC. 
I am a straight white man. 
I went to church 3 times a week growing up. 
I am an anti-war now. 
I am anti-racist now. 
I am pro live your life now. 
I am an atheist now. 
Most importantly though -
I am antifa now.",2025-10-02T12:15:23+07:00,,3734290369421850389,threads,threads.com,threads_crawler_v1,https://www.threads.net/@jolly_good_ginger/post/DPS3U5NjTcV,https://instagram.fhan3-3.fna.fbcdn.net/v/t51.2885-19/359050137_823232072731683_6235070600986214785_n.jpg?stp=dst-jpg_s150x150_tt6&efg=eyJ2ZW5jb2RlX3RhZyI6InByb2ZpbGVfcGljLmRqYW5nby4xMDgwLmMyIn0&_nc_ht=instagram.fhan3-3.fna.fbcdn.net&_nc_cat=1&_nc_oc=Q6cZ2QHRk4UKwch1Lvie88Tsw0CuBQ1PuzZeAeP-Byu3bRImeSkTucoiQbimQFJGHKZ2v7I&_nc_ohc=qQqwm9lwHlsQ7kNvwFP4Vl3&_nc_gid=a1e9DHMazoUg7ozqZo9aTg&edm=AJhczIQBAAAA&ccb=7-5&oh=00_AfpPfPYGxZ45b7Ohv8aCzzHSeBo8qTCeSr1nZOROdpSilw&oe=69679E66&_nc_sid=4a2096,781,0,29003,1260,0,[],,https://www.threads.net/@jolly_good_ginger/post/DPS3U5NjTcV,[],"{'likes': 29003, 'reposts': 1231, 'quotes': 29}",threads,3734290369421850389,Jolly_Good_Ginger,,"I am an Army combat veteran. 
I was a redneck from the mountains of NC. 
I am a straight white man. 
I went to church 3 times a week growing up. 
I am an anti-war now. 
I am anti-racist now. 
I am pro live your life now. 
I am an atheist now. 
Most importantly though -
I am antifa now.",threads,63279341206,jolly_good_ginger
[],2026-01-10T10:18:05.044775+07:00,What is actually being done to Russia right now…  #ukraine🇺🇦 #war #petrol #europe #news,2025-09-09T07:22:22+07:00,,3717473031079169929,threads,threads.com,threads_crawler_v1,https://www.threads.net/@geohussar/post/DOXHgaXkY-J,https://instagram.fhan3-4.fna.fbcdn.net/v/t51.2885-19/358788663_278235818194120_8401815979589808011_n.jpg?stp=dst-jpg_s150x150_tt6&efg=eyJ2ZW5jb2RlX3RhZyI6InByb2ZpbGVfcGljLmRqYW5nby4xMDgwLmMyIn0&_nc_ht=instagram.fhan3-4.fna.fbcdn.net&_nc_cat=104&_nc_oc=Q6cZ2QHRk4UKwch1Lvie88Tsw0CuBQ1PuzZeAeP-Byu3bRImeSkTucoiQbimQFJGHKZ2v7I&_nc_ohc=P4VylH8RtREQ7kNvwEOc1X5&_nc_gid=a1e9DHMazoUg7ozqZo9aTg&edm=AJhczIQBAAAA&ccb=7-5&oh=00_Afp3kFYfVi3Jj4xrAHZx9hWsFpoTfJ-LCGnAsdNlPMJ8UA&oe=69678EC6&_nc_sid=4a2096,29,0,472,39,0,"['https://instagram.fhan4-3.fna.fbcdn.net/v/t51.2885-15/546482259_757523300484574_4478468521678759712_n.jpg?stp=dst-jpg_e15_tt6&efg=eyJ2ZW5jb2RlX3RhZyI6InRocmVhZHMuRkVFRC5pbWFnZV91cmxnZW4uNjQweDExMzYuc2RyLmY3MTg3OC5kZWZhdWx0X2NvdmVyX2ZyYW1lLmMyIn0&_nc_ht=instagram.fhan4-3.fna.fbcdn.net&_nc_cat=110&_nc_oc=Q6cZ2QHRk4UKwch1Lvie88Tsw0CuBQ1PuzZeAeP-Byu3bRImeSkTucoiQbimQFJGHKZ2v7I&_nc_ohc=z_D0ixTrj3oQ7kNvwEeYpYm&_nc_gid=a1e9DHMazoUg7ozqZo9aTg&edm=AJhczIQBAAAA&ccb=7-5&ig_cache_key=MzcxNzQ3MzAzMTA3OTE2OTkyOQ%3D%3D.3-ccb7-5&oh=00_Afp86vdKxxN-nkolx7ztg-l8xJw9-NLkdIoe_IcdB6S14g&oe=69678AF1&_nc_sid=4a2096', 'https://instagram.fhan4-6.fna.fbcdn.net/o1/v/t2/f2/m86/AQNFkNsQbQXaj8wVrNSxPslGFIZdYdgvIYLNpWauxjndoAFBqB_nKMJ23qI_ONVJRXgZBG6g-GADm7geRW_HtSv-XgYEWCYirrnCRA4.mp4?_nc_cat=109&_nc_oc=Admf8lpMFCJ5XvRpPmF6Y0lwTk31vO-icGFVervN82n_ztlLkH6S2fNTPDNs35wAyhE&_nc_sid=5e9851&_nc_ht=instagram.fhan4-6.fna.fbcdn.net&_nc_ohc=cgWVSZzpscwQ7kNvwEWxW_X&efg=eyJ2ZW5jb2RlX3RhZyI6Inhwdl9wcm9ncmVzc2l2ZS5JTlNUQUdSQU0uRkVFRC5DMy43MjAuZGFzaF9iYXNlbGluZV8xX3YxIiwieHB2X2Fzc2V0X2lkIjoxNTEyMTkwOTQ2NjIxMjAzLCJhc3NldF9hZ2VfZGF5cyI6MTIzLCJ2aV91c2VjYXNlX2lkIjoxMDA5OSwiZHVyYXRpb25fcyI6Mjk3LCJ1cmxnZW5fc291cmNlIjoid3d3In0%3D&ccb=17-1&_nc_gid=a1e9DHMazoUg7ozqZo9aTg&_nc_zt=28&vs=184bc8bc79b4919f&_nc_vs=HBksFQIYUmlnX3hwdl9yZWVsc19wZXJtYW5lbnRfc3JfcHJvZC8xMzRGQzM0Q0M2REQxMkVFMzM3QUJEOEVBNTVEQTNBMl92aWRlb19kYXNoaW5pdC5tcDQVAALIARIAFQIYRmlnX3hwdl9yZWVsc19wZXJtYW5lbnRfc3JfcHJvZC83NjI0NzA0NjMzNDU1NjNfNDk4NDc4NTUyNTQ5NTY3MTMwMy5tcDQVAgLIARIAKAAYABsCiAd1c2Vfb2lsATEScHJvZ3Jlc3NpdmVfcmVjaXBlATEVAAAmptylw4zVrwUVAigCQzMsF0BykIcrAgxKGBJkYXNoX2Jhc2VsaW5lXzFfdjERAHXqB2XmnQEA&oh=00_AfrqExzxZxOqCFaXP92tRRxt8Lw2Uv2YTQc_FazjUgr1ZQ&oe=69639F16']",,https://www.threads.net/@geohussar/post/DOXHgaXkY-J,[],"{'likes': 472, 'reposts': 36, 'quotes': 3}",threads,3717473031079169929,Geo Hussar,,What is actually being done to Russia right now…  #ukraine🇺🇦 #war #petrol #europe #news,threads,63212447891,geohussar
[],2026-01-10T10:18:05.044989+07:00,"2024 Trump: No more wars. I am the candidate of peace... 2025 Trump: Let's bomb Iran, strike Caribbean boats, start war with Venezuela, and bomb Nigeria on Christmas. 🤔 Trump voters: Feel like suckers yet?",2025-12-29T06:29:49+07:00,,3797896702615111303,threads,threads.com,threads_crawler_v1,https://www.threads.net/@howardocnnor0306/post/DS01u3NAEaH,https://instagram.fhan3-3.fna.fbcdn.net/v/t51.2885-19/608958778_17879029842444157_3584915787088479857_n.jpg?stp=dst-jpg_s150x150_tt6&efg=eyJ2ZW5jb2RlX3RhZyI6InByb2ZpbGVfcGljLmRqYW5nby4xMDgwLmMyIn0&_nc_ht=instagram.fhan3-3.fna.fbcdn.net&_nc_cat=101&_nc_oc=Q6cZ2QHRk4UKwch1Lvie88Tsw0CuBQ1PuzZeAeP-Byu3bRImeSkTucoiQbimQFJGHKZ2v7I&_nc_ohc=XqlFeBI6kwAQ7kNvwEyesvO&_nc_gid=a1e9DHMazoUg7ozqZo9aTg&edm=AJhczIQBAAAA&ccb=7-5&oh=00_AfrRRcEBFQV_lBD4aC07wRYhnETU9vlBABY25X7pame-4Q&oe=69679811&_nc_sid=4a2096,178,0,168,12,0,[],,https://www.threads.net/@howardocnnor0306/post/DS01u3NAEaH,[],"{'likes': 168, 'reposts': 11, 'quotes': 1}",threads,3797896702615111303,Howard Oconnor,,"2024 Trump: No more wars. I am the candidate of peace... 2025 Trump: Let's bomb Iran, strike Caribbean boats, start war with Venezuela, and bomb Nigeria on Christmas. 🤔 Trump voters: Feel like suckers yet?",threads,73291860156,howardocnnor0306
[],2026-01-10T10:18:05.045162+07:00,"Why is no one talking about the fact Iran has declared total war with the US, and Europe?! At 8AM THIS MORNING",2025-12-29T09:52:32+07:00,,3797998732198189686,threads,threads.com,threads_crawler_v1,https://www.threads.net/@goin.with.no.colon/post/DS1M7lqDpp2,https://instagram.fhan4-5.fna.fbcdn.net/v/t51.2885-19/448303763_498389015957138_7024153609001078528_n.jpg?stp=dst-jpg_s150x150_tt6&efg=eyJ2ZW5jb2RlX3RhZyI6InByb2ZpbGVfcGljLmRqYW5nby4xMDgwLmMyIn0&_nc_ht=instagram.fhan4-5.fna.fbcdn.net&_nc_cat=102&_nc_oc=Q6cZ2QHRk4UKwch1Lvie88Tsw0CuBQ1PuzZeAeP-Byu3bRImeSkTucoiQbimQFJGHKZ2v7I&_nc_ohc=dFtkNtxl_qAQ7kNvwFe_BXl&_nc_gid=a1e9DHMazoUg7ozqZo9aTg&edm=AJhczIQBAAAA&ccb=7-5&oh=00_Afqq6cMn47iO4_Bju5hcPcVfDKg3OlP2jorK5CdpeCPGgQ&oe=69678D97&_nc_sid=4a2096,15,0,170,27,0,[],,https://www.threads.net/@goin.with.no.colon/post/DS1M7lqDpp2,[],"{'likes': 170, 'reposts': 26, 'quotes': 1}",threads,3797998732198189686,Kimberly Gibbs,,"Why is no one talking about the fact Iran has declared total war with the US, and Europe?! At 8AM THIS MORNING",threads,66876637596,goin.with.no.colon
[],2026-01-10T10:18:36.620889+07:00,"Low rise jeans, starvation skinny, AND an unconstitutional war for oil? Early 2000s nostalgia is out of control",2026-01-04T04:50:52+07:00,,3802195554005600812,threads,threads.com,threads_crawler_v1,https://www.threads.net/@skinnerorsaint/post/DTEHLYjEsos,https://instagram.fhan3-4.fna.fbcdn.net/v/t51.2885-19/516753444_18496407136066144_6402934448983082803_n.jpg?stp=dst-jpg_s150x150_tt6&efg=eyJ2ZW5jb2RlX3RhZyI6InByb2ZpbGVfcGljLmRqYW5nby4xMDgwLmMyIn0&_nc_ht=instagram.fhan3-4.fna.fbcdn.net&_nc_cat=104&_nc_oc=Q6cZ2QE_3_RjEYdkFn3LrpYuLc0atP_CPhMsEi0IsfbudvIOUmYUh16fRoQMcl0iqAVJd1Q&_nc_ohc=NVQXwaR6CZkQ7kNvwHUSuVH&_nc_gid=YFPLksJ7erH9nFVl7ATKJw&edm=AJhczIQBAAAA&ccb=7-5&oh=00_AfrXlpCpR3500dLmgHK8oKszghhK1ekwcwuM6giBVFWxtg&oe=6967B37C&_nc_sid=4a2096,66,0,25651,2021,0,[],,https://www.threads.net/@skinnerorsaint/post/DTEHLYjEsos,[],"{'likes': 25651, 'reposts': 1988, 'quotes': 33}",threads,3802195554005600812,Amelia Skinner Saint,,"Low rise jeans, starvation skinny, AND an unconstitutional war for oil? Early 2000s nostalgia is out of control",threads,76099584401,skinnerorsaint
[],2026-01-10T10:18:36.621218+07:00,"It’s 1991, I’m 1 years old. A republican president is at war for oil.

It’s 2002, I’m 11 years old. A republican president is at war for oil.

It’s 2026, I’m 35 years old. A republican president is at war for oil.",2026-01-04T02:52:14+07:00,,3802135844447491267,threads,threads.com,threads_crawler_v1,https://www.threads.net/@heyshawnq/post/DTD5mfsEpTD,https://instagram.fhan4-5.fna.fbcdn.net/v/t51.2885-19/357998990_821946252818127_6939217173920556564_n.jpg?stp=dst-jpg_s150x150_tt6&efg=eyJ2ZW5jb2RlX3RhZyI6InByb2ZpbGVfcGljLmRqYW5nby40ODAuYzIifQ&_nc_ht=instagram.fhan4-5.fna.fbcdn.net&_nc_cat=103&_nc_oc=Q6cZ2QE_3_RjEYdkFn3LrpYuLc0atP_CPhMsEi0IsfbudvIOUmYUh16fRoQMcl0iqAVJd1Q&_nc_ohc=vYYzn48BY-sQ7kNvwGxMWsA&_nc_gid=YFPLksJ7erH9nFVl7ATKJw&edm=AJhczIQBAAAA&ccb=7-5&oh=00_AfrfY6i7r_Nab_SgRQnsLk5IdQCg_B69TnIQbsf2akpYDg&oe=69678552&_nc_sid=4a2096,139,0,17957,2523,0,[],,https://www.threads.net/@heyshawnq/post/DTD5mfsEpTD,[],"{'likes': 17957, 'reposts': 2466, 'quotes': 57}",threads,3802135844447491267,Shawn Quintero,,"It’s 1991, I’m 1 years old. A republican president is at war for oil.

It’s 2002, I’m 11 years old. A republican president is at war for oil.

It’s 2026, I’m 35 years old. A republican president is at war for oil.",threads,63096115706,heyshawnq
[],2026-01-10T10:18:36.621403+07:00,"I am 72 years old. I have lived through the Cuban Missile Crisis, the JFK assassination, the Vietnam War, the Turmoil of 1968, Watergate, the Hostage Crisis, two oil crises, disco, Reaganomics, the Oral Office, 9/11, Thanks Obama, Trump 45 and Cancer. These past 11 months have been easily the most miserable era in America in my lifetime. The hatred, the bigotry, the lies, the racketeering and pedophilia are beyond anything I have ever seen.
We are not going to hell as a nation.
We are IN hell.",2025-12-13T04:20:15+07:00,,3786235079606367760,threads,threads.com,threads_crawler_v1,https://www.threads.net/@fathero4hi/post/DSLaL6cD3YQ,https://instagram.fhan4-6.fna.fbcdn.net/v/t51.2885-19/587808718_17931727887136881_69152583905023914_n.jpg?stp=dst-jpg_s150x150_tt6&efg=eyJ2ZW5jb2RlX3RhZyI6InByb2ZpbGVfcGljLmRqYW5nby4xMDgwLmMyIn0&_nc_ht=instagram.fhan4-6.fna.fbcdn.net&_nc_cat=109&_nc_oc=Q6cZ2QE_3_RjEYdkFn3LrpYuLc0atP_CPhMsEi0IsfbudvIOUmYUh16fRoQMcl0iqAVJd1Q&_nc_ohc=t-WTY_MWkigQ7kNvwFfhYk3&_nc_gid=YFPLksJ7erH9nFVl7ATKJw&edm=AJhczIQBAAAA&ccb=7-5&oh=00_Afo8eCl9vz6ANaCMjGQX-q61qUyRsBalTKWbyBCpU9YPhA&oe=69679A74&_nc_sid=4a2096,2746,0,31849,2227,0,[],,https://www.threads.net/@fathero4hi/post/DSLaL6cD3YQ,[],"{'likes': 31849, 'reposts': 2114, 'quotes': 113}",threads,3786235079606367760,Richard Kenney,Hell,"I am 72 years old. I have lived through the Cuban Missile Crisis, the JFK assassination, the Vietnam War, the Turmoil of 1968, Watergate, the Hostage Crisis, two oil crises, disco, Reaganomics, the Oral Office, 9/11, Thanks Obama, Trump 45 and Cancer. These past 11 months have been easily the most miserable era in America in my lifetime. The hatred, the bigotry, the lies, the racketeering and pedophilia are beyond anything I have ever seen.
We are not going to hell as a nation.
We are IN hell.",threads,64092264880,fathero4hi
[],2026-01-10T10:18:36.621556+07:00,"Russia can not achieve a military victory in Ukraine. Its literally impossible.

This war is effectively over.",2025-12-28T18:08:18+07:00,,3797523487431954902,threads,threads.com,threads_crawler_v1,https://www.threads.net/@l._domenico/post/DSzg33elZHW,https://instagram.fhan4-1.fna.fbcdn.net/v/t51.2885-19/526611926_17901199914245993_6741614507568291500_n.jpg?stp=dst-jpg_s150x150_tt6&efg=eyJ2ZW5jb2RlX3RhZyI6InByb2ZpbGVfcGljLmRqYW5nby4xMDgwLmMyIn0&_nc_ht=instagram.fhan4-1.fna.fbcdn.net&_nc_cat=105&_nc_oc=Q6cZ2QE_3_RjEYdkFn3LrpYuLc0atP_CPhMsEi0IsfbudvIOUmYUh16fRoQMcl0iqAVJd1Q&_nc_ohc=RlzuA5FsCRgQ7kNvwEwAAmK&_nc_gid=YFPLksJ7erH9nFVl7ATKJw&edm=AJhczIQBAAAA&ccb=7-5&oh=00_AfpG775If8j6GlgYTBYSU2VKp-LbTHJ3R3LKDPfz2QN8mg&oe=69677E34&_nc_sid=4a2096,65,0,422,21,0,['https://instagram.fhan4-1.fna.fbcdn.net/v/t51.2885-15/607170289_17917660680245993_5702578179165919194_n.webp?efg=eyJ2ZW5jb2RlX3RhZyI6InRocmVhZHMuRkVFRC5pbWFnZV91cmxnZW4uOTU0eDEzMTQuc2RyLmY4Mjc4Ny5kZWZhdWx0X2ltYWdlLmMyIn0&_nc_ht=instagram.fhan4-1.fna.fbcdn.net&_nc_cat=105&_nc_oc=Q6cZ2QE_3_RjEYdkFn3LrpYuLc0atP_CPhMsEi0IsfbudvIOUmYUh16fRoQMcl0iqAVJd1Q&_nc_ohc=Ussx7d0iKugQ7kNvwGL99Kz&_nc_gid=YFPLksJ7erH9nFVl7ATKJw&edm=AJhczIQBAAAA&ccb=7-5&ig_cache_key=Mzc5NzUyMzQ4NzQzMTk1NDkwMg%3D%3D.3-ccb7-5&oh=00_Afpe5Gu7dR2T4mczWoL3nyK8_mQnMfQUaWw8aBagyhl06A&oe=6967AE3A&_nc_sid=4a2096'],,https://www.threads.net/@l._domenico/post/DSzg33elZHW,[],"{'likes': 422, 'reposts': 19, 'quotes': 2}",threads,3797523487431954902,Luiz Domenico,,"Russia can not achieve a military victory in Ukraine. Its literally impossible.

This war is effectively over.",threads,67240053992,l._domenico
[],2026-01-10T10:18:36.621698+07:00,"Heather Cox Richardson has pointed out something that should absolutely terrify everyone. By attacking Venezuela, the United States has thrown out the rules that have prevented the start of WW3. The safety net that has been in place since the 1940s to prevent another world war, this time on a nuclear level, has been eviscerated. We should not let this behavior be tolerated.",2026-01-04T20:15:53+07:00,,3802661130129423606,threads,threads.com,threads_crawler_v1,https://www.threads.net/@k.b3th/post/DTFxCaGjLz2,https://instagram.fhan3-3.fna.fbcdn.net/v/t51.2885-19/589312699_17899038240356950_2996847085580571394_n.jpg?stp=dst-jpg_s150x150_tt6&efg=eyJ2ZW5jb2RlX3RhZyI6InByb2ZpbGVfcGljLmRqYW5nby4xMDgwLmMyIn0&_nc_ht=instagram.fhan3-3.fna.fbcdn.net&_nc_cat=1&_nc_oc=Q6cZ2QE_3_RjEYdkFn3LrpYuLc0atP_CPhMsEi0IsfbudvIOUmYUh16fRoQMcl0iqAVJd1Q&_nc_ohc=od_jHFR09ggQ7kNvwH8lbyI&_nc_gid=YFPLksJ7erH9nFVl7ATKJw&edm=AJhczIQBAAAA&ccb=7-5&oh=00_AfoXG6fpmGpTOVJU3efpYBntRFGW_Y28i0DEZrbdRh0Gxg&oe=69679C91&_nc_sid=4a2096,455,0,34212,3920,0,[],,https://www.threads.net/@k.b3th/post/DTFxCaGjLz2,[],"{'likes': 34212, 'reposts': 3822, 'quotes': 98}",threads,3802661130129423606,𝒦. 𝐵𝑒𝓉𝒽,,"Heather Cox Richardson has pointed out something that should absolutely terrify everyone. By attacking Venezuela, the United States has thrown out the rules that have prevented the start of WW3. The safety net that has been in place since the 1940s to prevent another world war, this time on a nuclear level, has been eviscerated. We should not let this behavior be tolerated.",threads,70775004949,k.b3th
[],2026-01-10T10:18:36.621839+07:00,"Elder Millennial here. In my lifetime, a Republican president has started an illegal oil war THREE times now.",2026-01-04T03:58:41+07:00,,3802169292151262952,threads,threads.com,threads_crawler_v1,https://www.threads.net/@aronortega/post/DTEBNOSkw7o,https://instagram.fhan4-6.fna.fbcdn.net/v/t51.2885-19/483521720_1224366375968636_7156649679942360162_n.jpg?stp=dst-jpg_s150x150_tt6&efg=eyJ2ZW5jb2RlX3RhZyI6InByb2ZpbGVfcGljLmRqYW5nby4xMDgwLmMyIn0&_nc_ht=instagram.fhan4-6.fna.fbcdn.net&_nc_cat=108&_nc_oc=Q6cZ2QE_3_RjEYdkFn3LrpYuLc0atP_CPhMsEi0IsfbudvIOUmYUh16fRoQMcl0iqAVJd1Q&_nc_ohc=I0FwSyPdBXYQ7kNvwFBXb5S&_nc_gid=YFPLksJ7erH9nFVl7ATKJw&edm=AJhczIQBAAAA&ccb=7-5&oh=00_AfrsYQkT1LouW93dLvDvAu6L9F0qkQCwOUo4lnO83X7BxA&oe=6967AF6F&_nc_sid=4a2096,143,0,16085,1221,0,[],,https://www.threads.net/@aronortega/post/DTEBNOSkw7o,[],"{'likes': 16085, 'reposts': 1196, 'quotes': 25}",threads,3802169292151262952,Aron Ortega,Venezuela,"Elder Millennial here. In my lifetime, a Republican president has started an illegal oil war THREE times now.",threads,66872589955,aronortega
[],2026-01-10T10:18:36.621986+07:00,"Câu hỏi số một tôi nhận được khi là sinh viên SNU… là đã được gặp các bạn join University War bao giờ chưa 🤡
Gặp rồi nha, nhiều là đằng khác :)) đang ngồi học thì thấy dáng ai đang nằm ngủ quen quen, hoá ra là bạn đẹp zai ở mùa 1. Bạn đi dép lê mặc đồ mà mình suýt không nhận ra cơ mà :)))
Xong thỉnh thoảng ra gongcha snu là lại gặp em Gyumin mùa 2 nữa nè… xong đi date với một bạn snu thì bạn này là anh trai của một bạn cũng join uni war nhưng trường khác…
Thế giới tròn lắm",2025-12-13T18:51:55+07:00,,3786673804375326144,threads,threads.com,threads_crawler_v1,https://www.threads.net/@cest.hana_/post/DSM98MuEX3A,https://instagram.fhan4-3.fna.fbcdn.net/v/t51.2885-19/607638501_17885939073413338_3178533549762490309_n.jpg?stp=dst-jpg_s150x150_tt6&efg=eyJ2ZW5jb2RlX3RhZyI6InByb2ZpbGVfcGljLmRqYW5nby45NjAuYzIifQ&_nc_ht=instagram.fhan4-3.fna.fbcdn.net&_nc_cat=110&_nc_oc=Q6cZ2QE_3_RjEYdkFn3LrpYuLc0atP_CPhMsEi0IsfbudvIOUmYUh16fRoQMcl0iqAVJd1Q&_nc_ohc=G1pAfj0qRGIQ7kNvwHmMLr0&_nc_gid=YFPLksJ7erH9nFVl7ATKJw&edm=AJhczIQBAAAA&ccb=7-5&oh=00_Afr1XM32TW0zukGVKmD0Jtc1pSu6tmG_4ZcEgOIa_1xxKg&oe=69679AD4&_nc_sid=4a2096,2,0,525,21,0,['https://instagram.fhan4-3.fna.fbcdn.net/v/t51.2885-15/590401089_17884411485413338_7240693839260513402_n.jpg?stp=dst-jpg_e35_tt6&efg=eyJ2ZW5jb2RlX3RhZyI6InRocmVhZHMuQ0FST1VTRUxfSVRFTS5pbWFnZV91cmxnZW4uMTQ0MHgyMTYwLnNkci5mODI3ODcuZGVmYXVsdF9pbWFnZS5jMiJ9&_nc_ht=instagram.fhan4-3.fna.fbcdn.net&_nc_cat=110&_nc_oc=Q6cZ2QE_3_RjEYdkFn3LrpYuLc0atP_CPhMsEi0IsfbudvIOUmYUh16fRoQMcl0iqAVJd1Q&_nc_ohc=Cy_O_vc391kQ7kNvwGhgLE9&_nc_gid=YFPLksJ7erH9nFVl7ATKJw&edm=AJhczIQBAAAA&ccb=7-5&ig_cache_key=Mzc4NjY3MzgwMDU0MTcwNTYzMg%3D%3D.3-ccb7-5&oh=00_AfqWv-pm2ZJ3nRF0ituvSMP0bHfMamueyxIgFxU3F2LU3w&oe=696783DF&_nc_sid=4a2096'],,https://www.threads.net/@cest.hana_/post/DSM98MuEX3A,[],"{'likes': 525, 'reposts': 18, 'quotes': 3}",threads,3786673804375326144,hana,duhochan,"Câu hỏi số một tôi nhận được khi là sinh viên SNU… là đã được gặp các bạn join University War bao giờ chưa 🤡
Gặp rồi nha, nhiều là đằng khác :)) đang ngồi học thì thấy dáng ai đang nằm ngủ quen quen, hoá ra là bạn đẹp zai ở mùa 1. Bạn đi dép lê mặc đồ mà mình suýt không nhận ra cơ mà :)))
Xong thỉnh thoảng ra gongcha snu là lại gặp em Gyumin mùa 2 nữa nè… xong đi date với một bạn snu thì bạn này là anh trai của một bạn cũng join uni war nhưng trường khác…
Thế giới tròn lắm",threads,72449637337,cest.hana_
[],2026-01-10T10:18:36.622123+07:00,"The USA has murdered 80 Venezuelan civilians since the beginning of the illegal invasion of Venezuela.

Trump is a war criminal",2026-01-05T02:05:13+07:00,,3802836949631924378,threads,threads.com,threads_crawler_v1,https://www.threads.net/@xagreat_/post/DTGZA6xinia,https://instagram.fhan4-6.fna.fbcdn.net/v/t51.2885-19/357867337_3515683738676816_4692037819206371637_n.jpg?stp=dst-jpg_s150x150_tt6&efg=eyJ2ZW5jb2RlX3RhZyI6InByb2ZpbGVfcGljLmRqYW5nby44MjYuYzIifQ&_nc_ht=instagram.fhan4-6.fna.fbcdn.net&_nc_cat=108&_nc_oc=Q6cZ2QE_3_RjEYdkFn3LrpYuLc0atP_CPhMsEi0IsfbudvIOUmYUh16fRoQMcl0iqAVJd1Q&_nc_ohc=36cPWepsmSkQ7kNvwEM31dU&_nc_gid=YFPLksJ7erH9nFVl7ATKJw&edm=AJhczIQBAAAA&ccb=7-5&oh=00_Afrmqye7HGCn0hDrjCH-wAI8ZjtJFm5ZGscj6JAI2wsnAg&oe=6967B0ED&_nc_sid=4a2096,1701,0,24436,2433,0,['https://instagram.fhan3-3.fna.fbcdn.net/v/t39.30808-6/608508203_24719261371081211_6195536347890603221_n.jpg?stp=dst-jpg_e35_tt6&efg=eyJ2ZW5jb2RlX3RhZyI6InRocmVhZHMuRkVFRC5pbWFnZV91cmxnZW4uNjMweDQyMC5zZHIuZjMwODA4LmRlZmF1bHRfaW1hZ2UuYzIifQ&_nc_ht=instagram.fhan3-3.fna.fbcdn.net&_nc_cat=111&_nc_oc=Q6cZ2QE_3_RjEYdkFn3LrpYuLc0atP_CPhMsEi0IsfbudvIOUmYUh16fRoQMcl0iqAVJd1Q&_nc_ohc=Ts68ZbX99ikQ7kNvwHoODWs&_nc_gid=YFPLksJ7erH9nFVl7ATKJw&edm=AJhczIQAAAAA&ccb=7-5&ig_cache_key=MzgwMjgzNjk0OTYzMTkyNDM3OA%3D%3D.3-ccb7-5&oh=00_AfrMVODyrKk-BH_xenfBtollFY2QBWyQNRKKB9svJaCVZA&oe=69678849&_nc_sid=4a2096'],,https://www.threads.net/@xagreat_/post/DTGZA6xinia,[],"{'likes': 24436, 'reposts': 2365, 'quotes': 68}",threads,3802836949631924378,Haruna Lawal Sa'idu,,"The USA has murdered 80 Venezuelan civilians since the beginning of the illegal invasion of Venezuela.

Trump is a war criminal",threads,63438884600,xagreat_
[],2026-01-10T10:18:36.622288+07:00,"Thấy tranh cãi về NBCT của Bảo Ninh, t lại nhớ Chuông nguyện hồn ai (For whom the bell tolls, E.Hemingway) và Chiến tranh không có gương mặt phụ nữ (The unwomanly face of war, A.Svetlana). 
Nếu đọc mà đọng lại chỉ là cảnh làm tình hay chi tiết trần trụi thì bạn nên đi khám tâm lý. 

Chiến tranh luôn có một tỷ phương diện để khai thác. Có anh hùng thì chắc chắn có người thường. Việc có nên đưa vào SGK ko thì ko biết, nhưng chỉ trích tác phẩm vì nó 'ko bao quát' thì bạn... đừng nên đọc văn học.",2025-12-06T12:17:22+07:00,,3781401786629420957,threads,threads.com,threads_crawler_v1,https://www.threads.net/@liemaximun/post/DR6POPlEved,https://instagram.fhan4-6.fna.fbcdn.net/v/t51.2885-19/358406290_6757313137640408_2800689838007307549_n.jpg?stp=dst-jpg_s150x150_tt6&efg=eyJ2ZW5jb2RlX3RhZyI6InByb2ZpbGVfcGljLmRqYW5nby4xMDgwLmMyIn0&_nc_ht=instagram.fhan4-6.fna.fbcdn.net&_nc_cat=108&_nc_oc=Q6cZ2QE_3_RjEYdkFn3LrpYuLc0atP_CPhMsEi0IsfbudvIOUmYUh16fRoQMcl0iqAVJd1Q&_nc_ohc=LwUVRDtPFxAQ7kNvwFfAsMI&_nc_gid=YFPLksJ7erH9nFVl7ATKJw&edm=AJhczIQBAAAA&ccb=7-5&oh=00_AfrABkT9m6snDgSykBZ0Fw9X3wU7GuBx04DYHTwyxC7d8g&oe=6967869E&_nc_sid=4a2096,11,0,190,51,0,[],,https://www.threads.net/@liemaximun/post/DR6POPlEved,[],"{'likes': 190, 'reposts': 49, 'quotes': 2}",threads,3781401786629420957,Li-e Phạm,,"Thấy tranh cãi về NBCT của Bảo Ninh, t lại nhớ Chuông nguyện hồn ai (For whom the bell tolls, E.Hemingway) và Chiến tranh không có gương mặt phụ nữ (The unwomanly face of war, A.Svetlana). 
Nếu đọc mà đọng lại chỉ là cảnh làm tình hay chi tiết trần trụi thì bạn nên đi khám tâm lý. 

Chiến tranh luôn có một tỷ phương diện để khai thác. Có anh hùng thì chắc chắn có người thường. Việc có nên đưa vào SGK ko thì ko biết, nhưng chỉ trích tác phẩm vì nó 'ko bao quát' thì bạn... đừng nên đọc văn học.",threads,63106380476,liemaximun
[],2026-01-10T10:18:36.622448+07:00,"To all the americans watching the bombing of Venezuela: Trump didn't bomb Venezuela. You did. You did when you decided that it was worth living in a psychopathic nation that has committed war crimes from its inception, that has executed over 200 military invasions since 1945, that has a government now engaged in a systematic coverup of institutionalised pedophilia, & is showing no signs of relenting in the near future. Unless you are fighting to get out of america you are responsible.",2026-01-03T15:51:18+07:00,,3801803189037924438,threads,threads.com,threads_crawler_v1,https://www.threads.net/@bamikuti/post/DTCt9uMjYBW,https://instagram.fhan4-1.fna.fbcdn.net/v/t51.2885-19/533555979_17923591284101873_7601466128135243746_n.jpg?stp=dst-jpg_s150x150_tt6&efg=eyJ2ZW5jb2RlX3RhZyI6InByb2ZpbGVfcGljLmRqYW5nby4zMjAuYzIifQ&_nc_ht=instagram.fhan4-1.fna.fbcdn.net&_nc_cat=105&_nc_oc=Q6cZ2QE_3_RjEYdkFn3LrpYuLc0atP_CPhMsEi0IsfbudvIOUmYUh16fRoQMcl0iqAVJd1Q&_nc_ohc=ul3FffmrU_sQ7kNvwFLntFc&_nc_gid=YFPLksJ7erH9nFVl7ATKJw&edm=AJhczIQBAAAA&ccb=7-5&oh=00_AfpEczhXPph4zK4nM4f9q1j2d7fXVL8K7NwITHnSpxUAdA&oe=6967A07A&_nc_sid=4a2096,27,0,25,5,0,[],,https://www.threads.net/@bamikuti/post/DTCt9uMjYBW,[],"{'likes': 25, 'reposts': 4, 'quotes': 1}",threads,3801803189037924438,Bamidele Best (Baba Jahi),Venezuela,"To all the americans watching the bombing of Venezuela: Trump didn't bomb Venezuela. You did. You did when you decided that it was worth living in a psychopathic nation that has committed war crimes from its inception, that has executed over 200 military invasions since 1945, that has a government now engaged in a systematic coverup of institutionalised pedophilia, & is showing no signs of relenting in the near future. Unless you are fighting to get out of america you are responsible.",threads,63094341872,bamikuti
[],2026-01-10T10:18:36.622597+07:00,GOD OF WAR,2025-10-03T17:19:48+07:00,,3735168359211288016,threads,threads.com,threads_crawler_v1,https://www.threads.net/@nawaabsajid_786/post/DPV-9U7EUXQ,https://instagram.fhan4-3.fna.fbcdn.net/v/t51.2885-19/560542086_17930097201101782_8637528472562387673_n.jpg?stp=dst-jpg_s150x150_tt6&efg=eyJ2ZW5jb2RlX3RhZyI6InByb2ZpbGVfcGljLmRqYW5nby4xMDgwLmMyIn0&_nc_ht=instagram.fhan4-3.fna.fbcdn.net&_nc_cat=110&_nc_oc=Q6cZ2QE_3_RjEYdkFn3LrpYuLc0atP_CPhMsEi0IsfbudvIOUmYUh16fRoQMcl0iqAVJd1Q&_nc_ohc=FJZEnKTEUaQQ7kNvwFDawZk&_nc_gid=YFPLksJ7erH9nFVl7ATKJw&edm=AJhczIQBAAAA&ccb=7-5&oh=00_AfoclyKu7-Wz4y7E-APj7uMMlLfORdlS69BZcsYelJlMUg&oe=6967912C&_nc_sid=4a2096,0,0,119,2,0,['https://instagram.fhan4-3.fna.fbcdn.net/v/t51.2885-15/557777439_17929782684101782_1882797263069457800_n.jpg?stp=dst-jpg_e35_tt6&efg=eyJ2ZW5jb2RlX3RhZyI6InRocmVhZHMuQ0FST1VTRUxfSVRFTS5pbWFnZV91cmxnZW4uMTE1MngyMDQ4LnNkci5mODI3ODcuZGVmYXVsdF9pbWFnZS5jMiJ9&_nc_ht=instagram.fhan4-3.fna.fbcdn.net&_nc_cat=110&_nc_oc=Q6cZ2QE_3_RjEYdkFn3LrpYuLc0atP_CPhMsEi0IsfbudvIOUmYUh16fRoQMcl0iqAVJd1Q&_nc_ohc=kVpLWweb3d4Q7kNvwGnqDQw&_nc_gid=YFPLksJ7erH9nFVl7ATKJw&edm=AJhczIQBAAAA&ccb=7-5&ig_cache_key=MzczNTE2ODM1MjI1NzE0MzIwMg%3D%3D.3-ccb7-5&oh=00_AfoXP2OjGqMVLCJ18mGdyk2OXIralhc5TOKbx38KrZjCjg&oe=6967985A&_nc_sid=4a2096'],,https://www.threads.net/@nawaabsajid_786/post/DPV-9U7EUXQ,[],"{'likes': 119, 'reposts': 2, 'quotes': 0}",threads,3735168359211288016,Sajid Shaikh,wallpaper,GOD OF WAR,threads,63055701781,nawaabsajid_786
[],2026-01-10T10:18:36.622748+07:00,The United States is going to war with Venezuela because Donald Trump is in the Epstein files.,2026-01-03T14:06:07+07:00,,3801750241687375042,threads,threads.com,threads_crawler_v1,https://www.threads.net/@leahmdelaney/post/DTCh7PIiAzC,https://instagram.fhan3-3.fna.fbcdn.net/v/t51.2885-19/519917013_17843522517536523_5458311752639289259_n.jpg?stp=dst-jpg_s150x150_tt6&efg=eyJ2ZW5jb2RlX3RhZyI6InByb2ZpbGVfcGljLmRqYW5nby4xMDgwLmMyIn0&_nc_ht=instagram.fhan3-3.fna.fbcdn.net&_nc_cat=1&_nc_oc=Q6cZ2QE_3_RjEYdkFn3LrpYuLc0atP_CPhMsEi0IsfbudvIOUmYUh16fRoQMcl0iqAVJd1Q&_nc_ohc=PNef7UcI2QMQ7kNvwH0E9K6&_nc_gid=YFPLksJ7erH9nFVl7ATKJw&edm=AJhczIQBAAAA&ccb=7-5&oh=00_AfouBixBeuqznnTmrhclu2w_hNZXHj-j95T-6qTXLSQo-g&oe=69677DFB&_nc_sid=4a2096,122,0,10766,1032,0,[],,https://www.threads.net/@leahmdelaney/post/DTCh7PIiAzC,[],"{'likes': 10766, 'reposts': 1001, 'quotes': 31}",threads,3801750241687375042,Leah Delaney,Threads,The United States is going to war with Venezuela because Donald Trump is in the Epstein files.,threads,75745470909,leahmdelaney
[],2026-01-10T10:18:36.622903+07:00,"My Spotify wrapped says:

1. Fuck Spotify and its war profiteering
2. Fuck ICE
3. Fuck the AI takeover of the music industry
4. Find me on Bandcamp instead 
5. Transition to physical media",2025-12-04T11:46:51+07:00,,3779936880289738380,threads,threads.com,threads_crawler_v1,https://www.threads.net/@hitwiththestupid/post/DR1CJDPEW6M,https://instagram.fhan3-2.fna.fbcdn.net/v/t51.2885-19/525701863_17893731027271987_2774897621113345832_n.jpg?stp=dst-jpg_s150x150_tt6&efg=eyJ2ZW5jb2RlX3RhZyI6InByb2ZpbGVfcGljLmRqYW5nby4xMDgwLmMyIn0&_nc_ht=instagram.fhan3-2.fna.fbcdn.net&_nc_cat=107&_nc_oc=Q6cZ2QE_3_RjEYdkFn3LrpYuLc0atP_CPhMsEi0IsfbudvIOUmYUh16fRoQMcl0iqAVJd1Q&_nc_ohc=SpeObcgZjFkQ7kNvwG6AUks&_nc_gid=YFPLksJ7erH9nFVl7ATKJw&edm=AJhczIQBAAAA&ccb=7-5&oh=00_AfpQbvlABTUspQy4DMdp4_r3_XIodFk4eyzlwTezbnxUgg&oe=69679933&_nc_sid=4a2096,279,0,4650,526,0,[],,https://www.threads.net/@hitwiththestupid/post/DR1CJDPEW6M,[],"{'likes': 4650, 'reposts': 517, 'quotes': 9}",threads,3779936880289738380,Clayton King,,"My Spotify wrapped says:

1. Fuck Spotify and its war profiteering
2. Fuck ICE
3. Fuck the AI takeover of the music industry
4. Find me on Bandcamp instead 
5. Transition to physical media",threads,67959815986,hitwiththestupid
[],2026-01-10T10:18:36.623064+07:00,"NEW: Prime Minister of Denmark just responded to Trump's threat to annex Greenland (Which is part of Denmark) by invoking the NATO alliance's ""collective security guarantee"" to defend all members from attacks. We are now on the verge of war with a NATO ally because of Trump.",2026-01-05T05:23:56+07:00,,3802936975829327542,threads,threads.com,threads_crawler_v1,https://www.threads.net/@deanobeidallah/post/DTGvwfbgV62,https://instagram.fhan3-3.fna.fbcdn.net/v/t51.2885-19/124308677_3432759456817912_5004557321812950425_n.jpg?stp=dst-jpg_s150x150_tt6&efg=eyJ2ZW5jb2RlX3RhZyI6InByb2ZpbGVfcGljLmRqYW5nby43NDUuYzIifQ&_nc_ht=instagram.fhan3-3.fna.fbcdn.net&_nc_cat=1&_nc_oc=Q6cZ2QE_3_RjEYdkFn3LrpYuLc0atP_CPhMsEi0IsfbudvIOUmYUh16fRoQMcl0iqAVJd1Q&_nc_ohc=vHk0LKDLeP8Q7kNvwEk_vY8&_nc_gid=YFPLksJ7erH9nFVl7ATKJw&edm=AJhczIQBAAAA&ccb=7-5&oh=00_AfrZK4C3LtxfXg8hTG3XOpJ00ATy6Q2WOh76iQlwHYtODQ&oe=69679A53&_nc_sid=4a2096,658,0,18230,1644,0,[],,https://www.threads.net/@deanobeidallah/post/DTGvwfbgV62,[],"{'likes': 18230, 'reposts': 1583, 'quotes': 61}",threads,3802936975829327542,Dean Obeidallah,,"NEW: Prime Minister of Denmark just responded to Trump's threat to annex Greenland (Which is part of Denmark) by invoking the NATO alliance's ""collective security guarantee"" to defend all members from attacks. We are now on the verge of war with a NATO ally because of Trump.",threads,63269739105,deanobeidallah
[],2026-01-10T10:18:36.623214+07:00,"Dám  war với cả page đầu tàu của cô Jennie bay gan hùm mẹ rồi :)) , giặc nội ghẻ còn chiến được chứ huống gì là giặc ngoại , nói thẳng là bên BL chửi quá nhẹ chứ gặp phải mẹ khác là chửi vuốt mặt đ kịp rồi , Đéo phải tự nhiên mà ot4 cũng phải rén ghẻ của mấy mẹ đâu mấy con giời ạ 🙏🏻",2025-12-20T11:36:42+07:00,,3791528181329655008,threads,threads.com,threads_crawler_v1,https://www.threads.net/@daahnwoo_/post/DSeNsrkCXTg,https://instagram.fhan4-5.fna.fbcdn.net/v/t51.2885-19/609157764_17920987902218822_9042068836705307649_n.jpg?stp=dst-jpg_s150x150_tt6&efg=eyJ2ZW5jb2RlX3RhZyI6InByb2ZpbGVfcGljLmRqYW5nby4xMDgwLmMyIn0&_nc_ht=instagram.fhan4-5.fna.fbcdn.net&_nc_cat=102&_nc_oc=Q6cZ2QE_3_RjEYdkFn3LrpYuLc0atP_CPhMsEi0IsfbudvIOUmYUh16fRoQMcl0iqAVJd1Q&_nc_ohc=DR8iJLzSAI4Q7kNvwE0LW6P&_nc_gid=YFPLksJ7erH9nFVl7ATKJw&edm=AJhczIQBAAAA&ccb=7-5&oh=00_AfpgSt-gmKq8zqX9W7Pq2nDVKyItIVIwszVy879O_jZV7A&oe=696787F6&_nc_sid=4a2096,256,0,2696,280,0,['https://instagram.fhan4-5.fna.fbcdn.net/v/t51.2885-15/603924748_17919315414218822_3979300572872981884_n.jpg?stp=dst-jpg_e35_tt6&efg=eyJ2ZW5jb2RlX3RhZyI6InRocmVhZHMuQ0FST1VTRUxfSVRFTS5pbWFnZV91cmxnZW4uNjg2eDk2MC5zZHIuZjgyNzg3LmRlZmF1bHRfaW1hZ2UuYzIifQ&_nc_ht=instagram.fhan4-5.fna.fbcdn.net&_nc_cat=102&_nc_oc=Q6cZ2QE_3_RjEYdkFn3LrpYuLc0atP_CPhMsEi0IsfbudvIOUmYUh16fRoQMcl0iqAVJd1Q&_nc_ohc=h8ryuSU8MnIQ7kNvwHQTDDJ&_nc_gid=YFPLksJ7erH9nFVl7ATKJw&edm=AJhczIQBAAAA&ccb=7-5&ig_cache_key=Mzc5MTUyODE3NzE3NzMyMDk2NA%3D%3D.3-ccb7-5&oh=00_AfqHrqP3NRTFUMlFT8jtK6tu6-UO3ZMc4Y9XORgkUsbRxw&oe=69679689&_nc_sid=4a2096'],,https://www.threads.net/@daahnwoo_/post/DSeNsrkCXTg,[],"{'likes': 2696, 'reposts': 267, 'quotes': 13}",threads,3791528181329655008,nam joo hyuk's wifey,Jennie,"Dám  war với cả page đầu tàu của cô Jennie bay gan hùm mẹ rồi :)) , giặc nội ghẻ còn chiến được chứ huống gì là giặc ngoại , nói thẳng là bên BL chửi quá nhẹ chứ gặp phải mẹ khác là chửi vuốt mặt đ kịp rồi , Đéo phải tự nhiên mà ot4 cũng phải rén ghẻ của mấy mẹ đâu mấy con giời ạ 🙏🏻",threads,66690210821,daahnwoo_
[],2026-01-10T10:18:36.623402+07:00,It’s 6:30am Australia time.  Are we still on the verge of international war?,2026-01-08T02:52:14+07:00,,3805034944671220354,threads,threads.com,threads_crawler_v1,https://www.threads.net/@feminist_rant_2025/post/DTOMx9LE4KC,https://instagram.fhan4-6.fna.fbcdn.net/v/t51.2885-19/608843297_17938892442107708_4566407815620391328_n.jpg?stp=dst-jpg_s150x150_tt6&efg=eyJ2ZW5jb2RlX3RhZyI6InByb2ZpbGVfcGljLmRqYW5nby43MjAuYzIifQ&_nc_ht=instagram.fhan4-6.fna.fbcdn.net&_nc_cat=108&_nc_oc=Q6cZ2QE_3_RjEYdkFn3LrpYuLc0atP_CPhMsEi0IsfbudvIOUmYUh16fRoQMcl0iqAVJd1Q&_nc_ohc=Z8kTrjbhbFIQ7kNvwHIN922&_nc_gid=YFPLksJ7erH9nFVl7ATKJw&edm=AJhczIQBAAAA&ccb=7-5&oh=00_AfrkGCVTqcwxVLD9YUd3A0cwzq5h7DvkpVEiWHI0Gf16Yw&oe=69679CAE&_nc_sid=4a2096,41,0,209,1,0,[],,https://www.threads.net/@feminist_rant_2025/post/DTOMx9LE4KC,[],"{'likes': 209, 'reposts': 1, 'quotes': 0}",threads,3805034944671220354,Irina Irina,,It’s 6:30am Australia time.  Are we still on the verge of international war?,threads,63232739707,feminist_rant_2025
[],2026-01-10T10:18:36.623557+07:00,"giỡn vậy có nên không trời😳
University war",2025-01-21T01:18:36+07:00,,3549866647861832280,threads,threads.com,threads_crawler_v1,https://www.threads.net/@hynonnnnnn/post/DFDqOiBz6pY,https://instagram.fhan4-5.fna.fbcdn.net/v/t51.2885-19/472497044_1633876533876170_2827704017479614153_n.jpg?stp=dst-jpg_s150x150_tt6&efg=eyJ2ZW5jb2RlX3RhZyI6InByb2ZpbGVfcGljLmRqYW5nby4xMDgwLmMyIn0&_nc_ht=instagram.fhan4-5.fna.fbcdn.net&_nc_cat=102&_nc_oc=Q6cZ2QE_3_RjEYdkFn3LrpYuLc0atP_CPhMsEi0IsfbudvIOUmYUh16fRoQMcl0iqAVJd1Q&_nc_ohc=LGVJUHjz9IQQ7kNvwG7bZeA&_nc_gid=YFPLksJ7erH9nFVl7ATKJw&edm=AJhczIQBAAAA&ccb=7-5&oh=00_AfpeM-eVRQ7C2SIXpDttzBzFCKZ6d0Ylv2YrE-eM952dzA&oe=6967B0CA&_nc_sid=4a2096,3,0,124,21,0,"['https://instagram.fhan4-5.fna.fbcdn.net/v/t51.2885-15/472910179_8196279117141950_1168406367395613119_n.jpg?stp=dst-jpg_e15_tt6&efg=eyJ2ZW5jb2RlX3RhZyI6InRocmVhZHMuRkVFRC5pbWFnZV91cmxnZW4uNjQweDEwNzguc2RyLmY3MTg3OC5kZWZhdWx0X2NvdmVyX2ZyYW1lLmMyIn0&_nc_ht=instagram.fhan4-5.fna.fbcdn.net&_nc_cat=102&_nc_oc=Q6cZ2QE_3_RjEYdkFn3LrpYuLc0atP_CPhMsEi0IsfbudvIOUmYUh16fRoQMcl0iqAVJd1Q&_nc_ohc=34V98DdHHF4Q7kNvwHiNhYc&_nc_gid=YFPLksJ7erH9nFVl7ATKJw&edm=AJhczIQBAAAA&ccb=7-5&ig_cache_key=MzU0OTg2NjY0Nzg2MTgzMjI4MA%3D%3D.3-ccb7-5&oh=00_AfrWL3LJyzymknIYv3j6QFvRjZATQK_jUrf1wRLCnQuLzA&oe=6967A3B2&_nc_sid=4a2096', 'https://instagram.fhan4-3.fna.fbcdn.net/o1/v/t16/f2/m84/AQMubg5S0rzx7SS_HKiOuA3XQ-iSyHGJkNdhdMNcFTp1GB-GuXodcgdHGBs9zR1kDkz7D0lR2fUZ4onT-gCC9PkgXIgY4elPLKGInIo.mp4?_nc_cat=100&_nc_oc=AdkwGeIfm5NI6pE4CPH25fS0Jn1XEfTU26i8vixiCXuwSwSYE_krJY3_NSJ2uEvk1N8&_nc_sid=5e9851&_nc_ht=instagram.fhan4-3.fna.fbcdn.net&_nc_ohc=PhmuZAk8QXIQ7kNvwF-LpTC&efg=eyJ2ZW5jb2RlX3RhZyI6Inhwdl9wcm9ncmVzc2l2ZS5JTlNUQUdSQU0uRkVFRC5DMy43MjAuZGFzaF9iYXNlbGluZV8xX3YxIiwieHB2X2Fzc2V0X2lkIjo2MTIzNjAwNTgxNDgwNDAsImFzc2V0X2FnZV9kYXlzIjozNTQsInZpX3VzZWNhc2VfaWQiOjEwMTY0LCJkdXJhdGlvbl9zIjoxMiwidXJsZ2VuX3NvdXJjZSI6Ind3dyJ9&ccb=17-1&vs=4e2cd02a83c9415b&_nc_vs=HBksFQIYTGlnX2JhY2tmaWxsX3RpbWVsaW5lX3ZvZC80NDRFQUM0QzM5OTU1RkY3QkE3QkJCNjRGMkQ2QTU4RF92aWRlb19kYXNoaW5pdC5tcDQVAALIARIAFQIYOnBhc3N0aHJvdWdoX2V2ZXJzdG9yZS9HR2QzUmh4dHAzQlE0Z3dDQUZFMVVTT3NHcGx3YmtZTEFBQUYVAgLIARIAKAAYABsCiAd1c2Vfb2lsATEScHJvZ3Jlc3NpdmVfcmVjaXBlATEVAAAmkNPs-4W8lgIVAigCQzMsF0AoIcrAgxJvGBJkYXNoX2Jhc2VsaW5lXzFfdjERAHXqB2XongEA&_nc_gid=YFPLksJ7erH9nFVl7ATKJw&_nc_zt=28&oh=00_AfqQ9DLe7YIwPeOmIDU3A3qURHOAFFFNw76jw2SYLgbMbg&oe=6963ACB8']",,https://www.threads.net/@hynonnnnnn/post/DFDqOiBz6pY,[],"{'likes': 124, 'reposts': 21, 'quotes': 0}",threads,3549866647861832280,,University war,"giỡn vậy có nên không trời😳
University war",threads,67705976866,hynonnnnnn
[],2026-01-10T10:18:36.623712+07:00,Tôi biết một vài quốc gia với ngân sách quốc phòng không rủng rỉnh cho lắm dùng model game của War thunder và DCS để huấn luyện AI nhận dạng khí tài địch ta nhưng tôi ko thể chứng minh.,2026-01-06T21:27:26+07:00,,3804146694003199567,threads,threads.com,threads_crawler_v1,https://www.threads.net/@_caffeinaddiction_/post/DTLC0NRiY5P,https://instagram.fhan3-3.fna.fbcdn.net/v/t51.2885-19/448843270_813297720899879_8002163157124552004_n.jpg?stp=dst-jpg_s150x150_tt6&efg=eyJ2ZW5jb2RlX3RhZyI6InByb2ZpbGVfcGljLmRqYW5nby4xMDgwLmMyIn0&_nc_ht=instagram.fhan3-3.fna.fbcdn.net&_nc_cat=111&_nc_oc=Q6cZ2QE_3_RjEYdkFn3LrpYuLc0atP_CPhMsEi0IsfbudvIOUmYUh16fRoQMcl0iqAVJd1Q&_nc_ohc=sZ2pom3BWUAQ7kNvwEkqPXp&_nc_gid=YFPLksJ7erH9nFVl7ATKJw&edm=AJhczIQBAAAA&ccb=7-5&oh=00_AfoA8c3fdTYUDZps0t2nFHj3-OUf6OlnupiRftC7C_fr0g&oe=69677C32&_nc_sid=4a2096,14,0,74,3,0,['https://instagram.fhan4-5.fna.fbcdn.net/v/t51.2885-15/612137951_17938643508109682_3372952115498261740_n.jpg?stp=dst-jpg_e35_tt6&efg=eyJ2ZW5jb2RlX3RhZyI6InRocmVhZHMuRkVFRC5pbWFnZV91cmxnZW4uMjE2MHgxMjE0LnNkci5mODI3ODcuZGVmYXVsdF9pbWFnZS5jMiJ9&_nc_ht=instagram.fhan4-5.fna.fbcdn.net&_nc_cat=102&_nc_oc=Q6cZ2QE_3_RjEYdkFn3LrpYuLc0atP_CPhMsEi0IsfbudvIOUmYUh16fRoQMcl0iqAVJd1Q&_nc_ohc=I7glgTgr-RsQ7kNvwGbCXVx&_nc_gid=YFPLksJ7erH9nFVl7ATKJw&edm=AJhczIQBAAAA&ccb=7-5&ig_cache_key=MzgwNDE0NjY5NDAwMzE5OTU2Nw%3D%3D.3-ccb7-5&oh=00_AfpSxeTO0dTacNfzs6XIfiCfeM2s261PpH9Uw2FHZI6TmA&oe=696798BE&_nc_sid=4a2096'],,https://www.threads.net/@_caffeinaddiction_/post/DTLC0NRiY5P,[],"{'likes': 74, 'reposts': 3, 'quotes': 0}",threads,3804146694003199567,Ninh Hoàng,,Tôi biết một vài quốc gia với ngân sách quốc phòng không rủng rỉnh cho lắm dùng model game của War thunder và DCS để huấn luyện AI nhận dạng khí tài địch ta nhưng tôi ko thể chứng minh.,threads,63248349681,_caffeinaddiction_
[],2026-01-10T10:18:36.623869+07:00,Three criminals want a world war to take focus off of their crimes against humanity. They are willing to pay the price by sacrificing the bodies in the minds of soldiers thank God for this father‘s love he was able to talk his son off the edge. #usa #nowar #viral #america #ptsd #soldier #resist,2025-06-18T22:49:29+07:00,,3657783275420099215,threads,threads.com,threads_crawler_v1,https://www.threads.net/@layouleee/post/DLDDoJcx6KP,https://instagram.fhan4-5.fna.fbcdn.net/v/t51.2885-19/481662413_510754045348946_3138560254698185162_n.jpg?stp=dst-jpg_s150x150_tt6&efg=eyJ2ZW5jb2RlX3RhZyI6InByb2ZpbGVfcGljLmRqYW5nby41ODguYzIifQ&_nc_ht=instagram.fhan4-5.fna.fbcdn.net&_nc_cat=102&_nc_oc=Q6cZ2QE_3_RjEYdkFn3LrpYuLc0atP_CPhMsEi0IsfbudvIOUmYUh16fRoQMcl0iqAVJd1Q&_nc_ohc=C21uYPn2W7UQ7kNvwHHckGp&_nc_gid=YFPLksJ7erH9nFVl7ATKJw&edm=AJhczIQBAAAA&ccb=7-5&oh=00_Afr3pZoCu9mh6V35BOMDpVoL7q3rqPTrkAFHe1HRQoZGdA&oe=69677DE7&_nc_sid=4a2096,758,0,14993,1013,0,"['https://instagram.fhan3-4.fna.fbcdn.net/v/t51.2885-15/503950647_740405985098166_1507963835000084748_n.jpg?stp=dst-jpg_e15_tt6&efg=eyJ2ZW5jb2RlX3RhZyI6InRocmVhZHMuRkVFRC5pbWFnZV91cmxnZW4uNjQweDExMzYuc2RyLmY3MTg3OC5uZnJhbWVfY292ZXJfZnJhbWUuYzIifQ&_nc_ht=instagram.fhan3-4.fna.fbcdn.net&_nc_cat=106&_nc_oc=Q6cZ2QE_3_RjEYdkFn3LrpYuLc0atP_CPhMsEi0IsfbudvIOUmYUh16fRoQMcl0iqAVJd1Q&_nc_ohc=XjRffFu42vIQ7kNvwE-99BP&_nc_gid=YFPLksJ7erH9nFVl7ATKJw&edm=AJhczIQBAAAA&ccb=7-5&ig_cache_key=MzY1Nzc4MzI3NTQyMDA5OTIxNQ%3D%3D.3-ccb7-5&oh=00_AfrCxNtaMdO13cof2GEyhgPbMwCDIlHNSDddar5EU3NE5Q&oe=696795DD&_nc_sid=4a2096', 'https://instagram.fhan3-4.fna.fbcdn.net/o1/v/t2/f2/m367/AQP840fiX1_-ezcIkA3BP2bymXtx-9vKd3nT8LfAMjjHVTB9wes_kGapHzlcY1U0178W_ZcKyA0cZUqzvLAK-_nfg3WpcNLCMViWTzc.mp4?_nc_cat=106&_nc_oc=Adlx9wup0Clpsg383J1aJKosLVrQkc_IIxk8v0QjkpV6SV1fNSF_z1RVkdYmjiZ4TFE&_nc_sid=5e9851&_nc_ht=instagram.fhan3-4.fna.fbcdn.net&_nc_ohc=TSrjHiiEuD0Q7kNvwHoDl0s&efg=eyJ2ZW5jb2RlX3RhZyI6Inhwdl9wcm9ncmVzc2l2ZS5JTlNUQUdSQU0uRkVFRC5DMy41NzYuZGFzaF9iYXNlbGluZV8xX3YxIiwieHB2X2Fzc2V0X2lkIjoxMDQ3MTk5NzkwOTU4MDk5LCJhc3NldF9hZ2VfZGF5cyI6MjA1LCJ2aV91c2VjYXNlX2lkIjoxMDA5OSwiZHVyYXRpb25fcyI6MTc1LCJ1cmxnZW5fc291cmNlIjoid3d3In0%3D&ccb=17-1&_nc_gid=YFPLksJ7erH9nFVl7ATKJw&_nc_zt=28&vs=9205abc8415254c&_nc_vs=HBksFQIYQGlnX2VwaGVtZXJhbC85RjQ2QzE5NzgxNzQzNkVCQjIyODhFODI3OTY4QjA4OF92aWRlb19kYXNoaW5pdC5tcDQVAALIARIAFQIYRmlnX3hwdl9yZWVsc19wZXJtYW5lbnRfc3JfcHJvZC83MDE0OTIxMjI1MTUxMzRfNjYzMTc0Mzc3NDQwNTM1NDE5OC5tcDQVAgLIARIAKAAYABsCiAd1c2Vfb2lsATEScHJvZ3Jlc3NpdmVfcmVjaXBlATEVAAAmppjkuIab3AMVAigCQzMsF0Bl8hysCDEnGBJkYXNoX2Jhc2VsaW5lXzFfdjERAHXqB2XmnQEA&oh=00_AfpoJTOa7EN4TPu6eZNKolqXQ1yfOmWuQE-mXKaxxmQQ7g&oe=696792AB']",,https://www.threads.net/@layouleee/post/DLDDoJcx6KP,[],"{'likes': 14993, 'reposts': 891, 'quotes': 122}",threads,3657783275420099215,La YouLee,usa,Three criminals want a world war to take focus off of their crimes against humanity. They are willing to pay the price by sacrificing the bodies in the minds of soldiers thank God for this father‘s love he was able to talk his son off the edge. #usa #nowar #viral #america #ptsd #soldier #resist,threads,63275271572,layouleee
[],2026-01-10T10:18:36.624028+07:00,"Nick Shirley tried to troll me outside of the DNC back in 2024.
It became so embarrassing for him that his mother had to jump in.
This is the same guy who went to Ukraine and made a video claiming that there wasn’t actually a war going on, so yeah we should totally trust his new unverified youtube video.",2025-12-31T10:30:10+07:00,,3799467214752316955,threads,threads.com,threads_crawler_v1,https://www.threads.net/@waltermasterson/post/DS6a00nDf4b,https://instagram.fhan3-3.fna.fbcdn.net/v/t51.2885-19/358787817_3457375587858956_3905743385253716297_n.jpg?stp=dst-jpg_s150x150_tt6&efg=eyJ2ZW5jb2RlX3RhZyI6InByb2ZpbGVfcGljLmRqYW5nby45NDIuYzIifQ&_nc_ht=instagram.fhan3-3.fna.fbcdn.net&_nc_cat=1&_nc_oc=Q6cZ2QE_3_RjEYdkFn3LrpYuLc0atP_CPhMsEi0IsfbudvIOUmYUh16fRoQMcl0iqAVJd1Q&_nc_ohc=_Trf5E8-lUMQ7kNvwGQfksO&_nc_gid=YFPLksJ7erH9nFVl7ATKJw&edm=AJhczIQBAAAA&ccb=7-5&oh=00_AfrhPJsN4BTNOkiyg8uy-JJcTUcDLtfDu4uJfH-iFdhWJg&oe=6967993A&_nc_sid=4a2096,374,0,5463,588,0,"['https://instagram.fhan3-3.fna.fbcdn.net/v/t51.2885-15/608372572_871790495333267_787800816284134423_n.jpg?stp=dst-jpg_e15_tt6&efg=eyJ2ZW5jb2RlX3RhZyI6InRocmVhZHMuRkVFRC5pbWFnZV91cmxnZW4uNjQweDExMzYuc2RyLmY3MTg3OC5kZWZhdWx0X2NvdmVyX2ZyYW1lLmMyIn0&_nc_ht=instagram.fhan3-3.fna.fbcdn.net&_nc_cat=111&_nc_oc=Q6cZ2QE_3_RjEYdkFn3LrpYuLc0atP_CPhMsEi0IsfbudvIOUmYUh16fRoQMcl0iqAVJd1Q&_nc_ohc=pBn_UJpPOYYQ7kNvwFOR-K4&_nc_gid=YFPLksJ7erH9nFVl7ATKJw&edm=AJhczIQBAAAA&ccb=7-5&ig_cache_key=Mzc5OTQ2NzIxNDc1MjMxNjk1NQ%3D%3D.3-ccb7-5&oh=00_Afqacoeqv_xxJuLthBzuHKxREhlxHHDgxTbmFlul6ZxLLQ&oe=69678E24&_nc_sid=4a2096', 'https://instagram.fhan3-3.fna.fbcdn.net/o1/v/t2/f2/m86/AQN-9zF_gj-3sBXfDWx9Aehy3rXkpy6oMKUbuRRJV9uqvIvNv3Tfnp_NQgzLpTeaC0Zj3qHFBAQRVXWiJ9o5PHSdYgOu17b_Ej_pYbU.mp4?_nc_cat=101&_nc_oc=AdkKMoudLKla5pxb7l8NfInB6ROpLY_3_iKb6AriiqJ_mAuMtkdKfkUf9kGBc73sAME&_nc_sid=5e9851&_nc_ht=instagram.fhan3-3.fna.fbcdn.net&_nc_ohc=Podcu454dqoQ7kNvwEmUx2n&efg=eyJ2ZW5jb2RlX3RhZyI6Inhwdl9wcm9ncmVzc2l2ZS5JTlNUQUdSQU0uRkVFRC5DMy43MjAuZGFzaF9iYXNlbGluZV8xX3YxIiwieHB2X2Fzc2V0X2lkIjoxNDY3MDk0NzI0ODIwNzMzLCJhc3NldF9hZ2VfZGF5cyI6OSwidmlfdXNlY2FzZV9pZCI6MTAwOTksImR1cmF0aW9uX3MiOjM4OCwidXJsZ2VuX3NvdXJjZSI6Ind3dyJ9&ccb=17-1&vs=d10b2529833d97d1&_nc_vs=HBksFQIYUmlnX3hwdl9yZWVsc19wZXJtYW5lbnRfc3JfcHJvZC9BQTRDNDY2NDI3RDcwNERDMTQyODk0ODU1Q0MwMzQ4Ql92aWRlb19kYXNoaW5pdC5tcDQVAALIARIAFQIYOnBhc3N0aHJvdWdoX2V2ZXJzdG9yZS9HRWJGTlNROXFwRmlyY1FGQUVPank5MkJEak1ZYnN0VEFRQUYVAgLIARIAKAAYABsCiAd1c2Vfb2lsATEScHJvZ3Jlc3NpdmVfcmVjaXBlATEVAAAm-vvlvpOUmwUVAigCQzMsF0B4TMzMzMzNGBJkYXNoX2Jhc2VsaW5lXzFfdjERAHXqB2XmnQEA&_nc_gid=YFPLksJ7erH9nFVl7ATKJw&_nc_zt=28&oh=00_AfptedsLzyWBScCgUaZVDpXUwkGZxgYed7ykWEKb01B01A&oe=69638B52']",,https://www.threads.net/@waltermasterson/post/DS6a00nDf4b,[],"{'likes': 5463, 'reposts': 552, 'quotes': 36}",threads,3799467214752316955,,,"Nick Shirley tried to troll me outside of the DNC back in 2024.
It became so embarrassing for him that his mother had to jump in.
This is the same guy who went to Ukraine and made a video claiming that there wasn’t actually a war going on, so yeah we should totally trust his new unverified youtube video.",threads,63063775414,waltermasterson
[],2026-01-10T10:19:11.142871+07:00,"Rapist.
Pedophile.
War Criminal.
Dementia patient.
Synonyms for Trump.",2026-01-03T22:00:39+07:00,,3801989083997208889,threads,threads.com,threads_crawler_v1,https://www.threads.net/@fredchong.me/post/DTDYO2XkQE5,https://instagram.fhan4-5.fna.fbcdn.net/v/t51.2885-19/610613291_18551358229004858_8555742584717936212_n.jpg?stp=dst-jpg_s150x150_tt6&efg=eyJ2ZW5jb2RlX3RhZyI6InByb2ZpbGVfcGljLmRqYW5nby4xMDgwLmMyIn0&_nc_ht=instagram.fhan4-5.fna.fbcdn.net&_nc_cat=102&_nc_oc=Q6cZ2QExVJX4sFC4FlcsZFKHAhiDVT3onArXfdqcVyH7oiRgaaPTSkr23-mqlCYIp0iA7Cg&_nc_ohc=OlBdTq-0DcIQ7kNvwHbY_Gd&_nc_gid=IhcabetG-GE7SVmgOZfZsg&edm=AJhczIQBAAAA&ccb=7-5&oh=00_AfoJNFanZ0O70A0lw93gBYfs8zlVKRA9tU4Z9EOZeHwD3g&oe=69678B14&_nc_sid=4a2096,230,0,23783,2309,0,['https://instagram.fhan4-5.fna.fbcdn.net/v/t51.2885-15/611071539_17939604348101510_8777543365635503367_n.jpg?stp=dst-jpg_e35_tt6&efg=eyJ2ZW5jb2RlX3RhZyI6InRocmVhZHMuRkVFRC5pbWFnZV91cmxnZW4uMTQ0MHgxNDQwLnNkci5mODI3ODcuZGVmYXVsdF9pbWFnZS5jMiJ9&_nc_ht=instagram.fhan4-5.fna.fbcdn.net&_nc_cat=102&_nc_oc=Q6cZ2QExVJX4sFC4FlcsZFKHAhiDVT3onArXfdqcVyH7oiRgaaPTSkr23-mqlCYIp0iA7Cg&_nc_ohc=DQdx2qBgQMwQ7kNvwEHcBdg&_nc_gid=IhcabetG-GE7SVmgOZfZsg&edm=AJhczIQBAAAA&ccb=7-5&ig_cache_key=MzgwMTk4OTA4Mzk5NzIwODg4OQ%3D%3D.3-ccb7-5&oh=00_AfpdzrqCRbDXnsIZHuky9cjhHPP-2n490xkX5PDvkKQSTQ&oe=69678059&_nc_sid=4a2096'],,https://www.threads.net/@fredchong.me/post/DTDYO2XkQE5,[],"{'likes': 23783, 'reposts': 2286, 'quotes': 23}",threads,3801989083997208889,Fred Chong Rutherford,,"Rapist.
Pedophile.
War Criminal.
Dementia patient.
Synonyms for Trump.",threads,63075045509,fredchong.me
[],2026-01-10T10:19:11.143244+07:00,"We're already in WWIII.

You just don't recognize it because it's a war being waged through economics, technology, and ideology.",2025-05-27T23:09:36+07:00,,3641848354624503550,threads,threads.com,threads_crawler_v1,https://www.threads.net/@gwynnem/post/DKKcch_O_7-,https://instagram.fhan4-5.fna.fbcdn.net/v/t51.2885-19/437976688_1107096627171734_7926859793201421906_n.jpg?stp=dst-jpg_s150x150_tt6&efg=eyJ2ZW5jb2RlX3RhZyI6InByb2ZpbGVfcGljLmRqYW5nby4xMDgwLmMyIn0&_nc_ht=instagram.fhan4-5.fna.fbcdn.net&_nc_cat=102&_nc_oc=Q6cZ2QExVJX4sFC4FlcsZFKHAhiDVT3onArXfdqcVyH7oiRgaaPTSkr23-mqlCYIp0iA7Cg&_nc_ohc=-sQEKkrbg6AQ7kNvwGZibRg&_nc_gid=IhcabetG-GE7SVmgOZfZsg&edm=AJhczIQBAAAA&ccb=7-5&oh=00_AfpA3NmOBqZwxVpLeTTfAMcNEGm75GsM5J6AMYelFn8qsA&oe=6967820B&_nc_sid=4a2096,191,0,9735,843,0,[],,https://www.threads.net/@gwynnem/post/DKKcch_O_7-,[],"{'likes': 9735, 'reposts': 819, 'quotes': 24}",threads,3641848354624503550,Gwynne Michele,,"We're already in WWIII.

You just don't recognize it because it's a war being waged through economics, technology, and ideology.",threads,63277633812,gwynnem
[],2026-01-10T10:19:11.143455+07:00,"I’m pretty damn positive we JUST went to WAR with Venezuela…😳😳😳

WITHOUT CONGRESSIONAL APPROVAL.

Your eyes aren’t deceiving you…

Those are US AH-64 Apache and CH-47 Chinook helicopters attacking the capital city of Caracas.

Early reports suggest it’s just military installations, a naval base to be exact. Looks to be an attack on the grid, and Reuters is reporting there are US boots on the ground as well, that would explain the Chinooks.

“President of peace” ladies and gentlemen…",2026-01-03T14:27:56+07:00,,3801761229136629251,threads,threads.com,threads_crawler_v1,https://www.threads.net/@tpv_john/post/DTCkbH_io4D,https://instagram.fhan3-2.fna.fbcdn.net/v/t51.2885-19/470912682_1216916822707447_8391992145848882922_n.jpg?stp=dst-jpg_s150x150_tt6&efg=eyJ2ZW5jb2RlX3RhZyI6InByb2ZpbGVfcGljLmRqYW5nby4xMDgwLmMyIn0&_nc_ht=instagram.fhan3-2.fna.fbcdn.net&_nc_cat=107&_nc_oc=Q6cZ2QExVJX4sFC4FlcsZFKHAhiDVT3onArXfdqcVyH7oiRgaaPTSkr23-mqlCYIp0iA7Cg&_nc_ohc=4ShPI-MoRoYQ7kNvwFUpcLv&_nc_gid=IhcabetG-GE7SVmgOZfZsg&edm=AJhczIQBAAAA&ccb=7-5&oh=00_AfqcHfyqPaRp_HF7U59hoc3AMNg8yHdX7qxsKS0DsPmMNA&oe=696780C1&_nc_sid=4a2096,3,0,33,6,0,['https://instagram.fhan3-4.fna.fbcdn.net/v/t15.5256-10/611609031_1832371320744472_6840087599810581358_n.jpg?stp=dst-jpg_e15_tt6&efg=eyJ2ZW5jb2RlX3RhZyI6InRocmVhZHMuQ0FST1VTRUxfSVRFTS5pbWFnZV91cmxnZW4uMjg4eDY0MC5zZHIuZjUyNTYuZmlyc3RfZnJhbWVfdGh1bWJuYWlsLmMyIn0&_nc_ht=instagram.fhan3-4.fna.fbcdn.net&_nc_cat=104&_nc_oc=Q6cZ2QExVJX4sFC4FlcsZFKHAhiDVT3onArXfdqcVyH7oiRgaaPTSkr23-mqlCYIp0iA7Cg&_nc_ohc=y6XlW7oxddUQ7kNvwH4NeNR&_nc_gid=IhcabetG-GE7SVmgOZfZsg&edm=AJhczIQAAAAA&ccb=7-5&ig_cache_key=MzgwMTc2MTE1NDgwNTE0Mzc2Nw%3D%3D.3-ccb7-5&oh=00_AfqbI4T4przwYS825x_ziIERhyWuEa1b8ClPl1w9-9TcWg&oe=69679E4B&_nc_sid=4a2096'],,https://www.threads.net/@tpv_john/post/DTCkbH_io4D,[],"{'likes': 33, 'reposts': 5, 'quotes': 1}",threads,3801761229136629251,John Sabal,,"I’m pretty damn positive we JUST went to WAR with Venezuela…😳😳😳

WITHOUT CONGRESSIONAL APPROVAL.

Your eyes aren’t deceiving you…

Those are US AH-64 Apache and CH-47 Chinook helicopters attacking the capital city of Caracas.

Early reports suggest it’s just military installations, a naval base to be exact. Looks to be an attack on the grid, and Reuters is reporting there are US boots on the ground as well, that would explain the Chinooks.

“President of peace” ladies and gentlemen…",threads,65854563541,tpv_john
[],2026-01-10T10:19:11.143599+07:00,"TAPAI DIA SEDAP AND I WILLING TO GO AGAIN JUST TO EAT THIS TAPAI😭😭😭😭 
Can i order only tapai and sit outside😭
Cucur udang ? Yeah its delicious cause we got the crunchy one . Lucky ✌🏻

Best of luck bestie to those wanna war for the Slot~ 🤭",2026-01-07T23:36:03+07:00,,3804936208363634128,threads,threads.com,threads_crawler_v1,https://www.threads.net/@_sarasoon_/post/DTN2VJ0iT3Q,https://instagram.fhan4-5.fna.fbcdn.net/v/t51.2885-19/608145105_17933250699116631_6754845006411281482_n.jpg?stp=dst-jpg_s150x150_tt6&efg=eyJ2ZW5jb2RlX3RhZyI6InByb2ZpbGVfcGljLmRqYW5nby4xMDgwLmMyIn0&_nc_ht=instagram.fhan4-5.fna.fbcdn.net&_nc_cat=103&_nc_oc=Q6cZ2QExVJX4sFC4FlcsZFKHAhiDVT3onArXfdqcVyH7oiRgaaPTSkr23-mqlCYIp0iA7Cg&_nc_ohc=3CWKaOvGrH0Q7kNvwHVtDRu&_nc_gid=IhcabetG-GE7SVmgOZfZsg&edm=AJhczIQBAAAA&ccb=7-5&oh=00_Afo2vBimSL8OUDSxRWMB63t7p7Ht17qhc-G9x9px_iTYgQ&oe=6967A668&_nc_sid=4a2096,25,0,1072,28,0,['https://instagram.fhan4-5.fna.fbcdn.net/v/t51.2885-15/613115737_17934280203116631_351833390175321509_n.jpg?se=-1&stp=cp6_dst-jpegr_e35_tt6&efg=eyJ2ZW5jb2RlX3RhZyI6InRocmVhZHMuQ0FST1VTRUxfSVRFTS5pbWFnZV91cmxnZW4uMTQ0MHgxOTIwLmhkci5mODI3ODcuZGVmYXVsdF9pbWFnZS5jMiJ9&_nc_ht=instagram.fhan4-5.fna.fbcdn.net&_nc_cat=103&_nc_oc=Q6cZ2QExVJX4sFC4FlcsZFKHAhiDVT3onArXfdqcVyH7oiRgaaPTSkr23-mqlCYIp0iA7Cg&_nc_ohc=aBecURRd9ZgQ7kNvwF4OiE3&_nc_gid=IhcabetG-GE7SVmgOZfZsg&edm=AJhczIQBAAAA&ccb=7-5&ig_cache_key=MzgwNDkzNjIwMjM2NTgyMDQ1NA%3D%3D.3-ccb7-5&oh=00_AfottcsCX-Wl_1G3C5NAxXsLTkElxRFOPKqw59gLMqgY1w&oe=6967B1A9&_nc_sid=4a2096'],,https://www.threads.net/@_sarasoon_/post/DTN2VJ0iT3Q,[],"{'likes': 1072, 'reposts': 27, 'quotes': 1}",threads,3804936208363634128,SaraSoon,Rembayung,"TAPAI DIA SEDAP AND I WILLING TO GO AGAIN JUST TO EAT THIS TAPAI😭😭😭😭 
Can i order only tapai and sit outside😭
Cucur udang ? Yeah its delicious cause we got the crunchy one . Lucky ✌🏻

Best of luck bestie to those wanna war for the Slot~ 🤭",threads,63427236630,_sarasoon_
[],2026-01-10T10:19:11.143734+07:00,"Only ~1.5% of white Americans in 1860 owned slaves. Why do so many people act as if this was all white people?

Also around 300,000 white men died in the Civil War fighting to end it.

History is more complex than the narratives we’re being sold.",2025-08-10T03:03:55+07:00,,3695599673239942173,threads,threads.com,threads_crawler_v1,https://www.threads.net/@the_jefferymead/post/DNJaFKbhDQd,https://instagram.fhan3-3.fna.fbcdn.net/v/t51.2885-19/234387539_4454947441234423_4722648764093190710_n.jpg?stp=dst-jpg_s150x150_tt6&efg=eyJ2ZW5jb2RlX3RhZyI6InByb2ZpbGVfcGljLmRqYW5nby4xMDgwLmMyIn0&_nc_ht=instagram.fhan3-3.fna.fbcdn.net&_nc_cat=1&_nc_oc=Q6cZ2QExVJX4sFC4FlcsZFKHAhiDVT3onArXfdqcVyH7oiRgaaPTSkr23-mqlCYIp0iA7Cg&_nc_ohc=0EWuv7E_tPkQ7kNvwHJciBX&_nc_gid=IhcabetG-GE7SVmgOZfZsg&edm=AJhczIQBAAAA&ccb=7-5&oh=00_Afor7TBbI-O_wgEaJpk3EN-sOgTEdV4jjcaFg1vgoBULkw&oe=696796CC&_nc_sid=4a2096,1460,0,6452,501,0,"['https://instagram.fhan4-3.fna.fbcdn.net/v/t51.2885-15/530615642_660194063047810_7130591363820417694_n.jpg?stp=dst-jpg_e15_tt6&efg=eyJ2ZW5jb2RlX3RhZyI6InRocmVhZHMuRkVFRC5pbWFnZV91cmxnZW4uNjQweDExMzYuc2RyLmY3MTg3OC5kZWZhdWx0X2NvdmVyX2ZyYW1lLmMyIn0&_nc_ht=instagram.fhan4-3.fna.fbcdn.net&_nc_cat=110&_nc_oc=Q6cZ2QExVJX4sFC4FlcsZFKHAhiDVT3onArXfdqcVyH7oiRgaaPTSkr23-mqlCYIp0iA7Cg&_nc_ohc=iRWEgIgZRmgQ7kNvwGUL_J4&_nc_gid=IhcabetG-GE7SVmgOZfZsg&edm=AJhczIQBAAAA&ccb=7-5&ig_cache_key=MzY5NTU5OTY3MzIzOTk0MjE3Mw%3D%3D.3-ccb7-5&oh=00_AfrDYp6m2piD0uAPoLd_5vkqldBhxpeIZGxLGqte2d-BOw&oe=6967A3E0&_nc_sid=4a2096', 'https://instagram.fhan4-6.fna.fbcdn.net/o1/v/t2/f2/m86/AQPTHZYg3fKGcntXoc1DeUGugLz_SHgDXb2tGH9QlHyfk0n17mNr5R4ebLyOh1FKNhSMfdzuziVi8X9fFc6j5qH-tHwxTFkvb6pFb6Q.mp4?_nc_cat=109&_nc_oc=AdlnNnyF1ZCawlGMnAjd4XDc49jknFrYlmRP-xvKPfIB94ljRIuCSo5DY7sn63wJ2QU&_nc_sid=5e9851&_nc_ht=instagram.fhan4-6.fna.fbcdn.net&_nc_ohc=gJ_QNcZjr_wQ7kNvwG-nryJ&efg=eyJ2ZW5jb2RlX3RhZyI6Inhwdl9wcm9ncmVzc2l2ZS5JTlNUQUdSQU0uRkVFRC5DMy43MjAuZGFzaF9iYXNlbGluZV8xX3YxIiwieHB2X2Fzc2V0X2lkIjo3Nzc1ODA5MDgyNDg1MzgsImFzc2V0X2FnZV9kYXlzIjoxNTMsInZpX3VzZWNhc2VfaWQiOjEwMDk5LCJkdXJhdGlvbl9zIjoxOTksInVybGdlbl9zb3VyY2UiOiJ3d3cifQ%3D%3D&ccb=17-1&_nc_gid=IhcabetG-GE7SVmgOZfZsg&_nc_zt=28&vs=7c2b02cad8aaa06b&_nc_vs=HBksFQIYUmlnX3hwdl9yZWVsc19wZXJtYW5lbnRfc3JfcHJvZC9BRjREMTNEQThCMzE0N0VBMEZCREJCRUI4QTQ1QUM4NF92aWRlb19kYXNoaW5pdC5tcDQVAALIARIAFQIYR2lnX3hwdl9yZWVsc19wZXJtYW5lbnRfc3JfcHJvZC8yMTYwNjQ1MjM0NDE2MjI2XzU2MjM3ODYyODU2MzA4NjgyMzMubXA0FQICyAESACgAGAAbAogHdXNlX29pbAExEnByb2dyZXNzaXZlX3JlY2lwZQExFQAAJrT3j52VzeECFQIoAkMzLBdAaOd0vGp--hgSZGFzaF9iYXNlbGluZV8xX3YxEQB16gdl5p0BAA&oh=00_AfoPFx4zmheY4NN1goKAXyKabRdqryWYQSGJaBMyLjFMVw&oe=69639906']",,https://www.threads.net/@the_jefferymead/post/DNJaFKbhDQd,[],"{'likes': 6452, 'reposts': 448, 'quotes': 53}",threads,3695599673239942173,Jeffery Mead,,"Only ~1.5% of white Americans in 1860 owned slaves. Why do so many people act as if this was all white people?

Also around 300,000 white men died in the Civil War fighting to end it.

History is more complex than the narratives we’re being sold.",threads,63029998974,the_jefferymead
[],2026-01-10T10:19:11.143865+07:00,"NEWS: Maduro pleads 'not guilty' in court, telling the judge, “I'm innocent. I'm a decent man. I'm the President of Venezuela. I consider myself a prisoner of war. I was captured at my home in Caracas.”",2026-01-06T00:28:47+07:00,,3803513193323151238,threads,threads.com,threads_crawler_v1,https://www.threads.net/@meidastouch/post/DTIyxjyib-G,https://instagram.fhan3-3.fna.fbcdn.net/v/t51.2885-19/358355031_1519142135497486_6605009527406147878_n.jpg?stp=dst-jpg_s150x150_tt6&efg=eyJ2ZW5jb2RlX3RhZyI6InByb2ZpbGVfcGljLmRqYW5nby40MDAuYzIifQ&_nc_ht=instagram.fhan3-3.fna.fbcdn.net&_nc_cat=1&_nc_oc=Q6cZ2QExVJX4sFC4FlcsZFKHAhiDVT3onArXfdqcVyH7oiRgaaPTSkr23-mqlCYIp0iA7Cg&_nc_ohc=dPBSFzu6OwgQ7kNvwF9XR6E&_nc_gid=IhcabetG-GE7SVmgOZfZsg&edm=AJhczIQBAAAA&ccb=7-5&oh=00_AfpkXt1KmV4rjEXpWRFht9lE-tgtcpmg3j5lCOwWC1biKw&oe=6967A9FD&_nc_sid=4a2096,216,0,1963,145,0,['https://instagram.fhan4-5.fna.fbcdn.net/v/t51.2885-15/611353510_17940690072100011_5493076378165032142_n.jpg?stp=dst-jpg_e35_tt6&efg=eyJ2ZW5jb2RlX3RhZyI6InRocmVhZHMuRkVFRC5pbWFnZV91cmxnZW4uNzIzeDkwMC5zZHIuZjgyNzg3LmRlZmF1bHRfaW1hZ2UuYzIifQ&_nc_ht=instagram.fhan4-5.fna.fbcdn.net&_nc_cat=103&_nc_oc=Q6cZ2QExVJX4sFC4FlcsZFKHAhiDVT3onArXfdqcVyH7oiRgaaPTSkr23-mqlCYIp0iA7Cg&_nc_ohc=9MD6yMFPQr0Q7kNvwHy_ZYZ&_nc_gid=IhcabetG-GE7SVmgOZfZsg&edm=AJhczIQBAAAA&ccb=7-5&ig_cache_key=MzgwMzUxMzE5MzMyMzE1MTIzOA%3D%3D.3-ccb7-5&oh=00_Afrg8O0ysyrJPvoT10B6xoQUzVME2-NP3Lp3mgr04b-1oQ&oe=69677E67&_nc_sid=4a2096'],,https://www.threads.net/@meidastouch/post/DTIyxjyib-G,[],"{'likes': 1963, 'reposts': 135, 'quotes': 10}",threads,3803513193323151238,MeidasTouch,,"NEWS: Maduro pleads 'not guilty' in court, telling the judge, “I'm innocent. I'm a decent man. I'm the President of Venezuela. I consider myself a prisoner of war. I was captured at my home in Caracas.”",threads,63095236010,meidastouch
[],2026-01-10T10:19:11.143996+07:00,"❌❌ KHẨN CẤP ❌❌

Hiện tại acc @quail.4151543 này là cosfan đi kick war khắp nơi, dùng những lời không chuẩn mực nhằm mục đích để các fan chửi Fan Negav và cả Negav. Nhà Embes toàn xá lợi, không đụng chạm đến fandom nhà khác một ngu ngục như vậy ❌

Mọi người lưu ý thấy thì chung tay report giúp mình nha cả nhà ơi 🆘🆘",2025-12-30T12:43:01+07:00,,3798809316183646113,threads,threads.com,threads_crawler_v1,https://www.threads.net/@tuong_nguyen01/post/DS4FPI0kh-h,https://instagram.fhan4-5.fna.fbcdn.net/v/t51.2885-19/553304956_17889155301357278_4498475237162828830_n.jpg?stp=dst-jpg_s150x150_tt6&efg=eyJ2ZW5jb2RlX3RhZyI6InByb2ZpbGVfcGljLmRqYW5nby4xMDgwLmMyIn0&_nc_ht=instagram.fhan4-5.fna.fbcdn.net&_nc_cat=102&_nc_oc=Q6cZ2QExVJX4sFC4FlcsZFKHAhiDVT3onArXfdqcVyH7oiRgaaPTSkr23-mqlCYIp0iA7Cg&_nc_ohc=4N0YjQostrMQ7kNvwFboLCf&_nc_gid=IhcabetG-GE7SVmgOZfZsg&edm=AJhczIQBAAAA&ccb=7-5&oh=00_Afr0G0Mqb5MJv13kx4YJkJxEpGCSJ9HrEvZoJvwS6yZ64g&oe=6967B09E&_nc_sid=4a2096,11,0,131,22,0,['https://instagram.fhan4-5.fna.fbcdn.net/v/t51.2885-15/607360819_17900305611357278_6460842023999698086_n.jpg?stp=dst-jpg_e35_tt6&efg=eyJ2ZW5jb2RlX3RhZyI6InRocmVhZHMuRkVFRC5pbWFnZV91cmxnZW4uOTk2eDIxNjAuc2RyLmY4Mjc4Ny5kZWZhdWx0X2ltYWdlLmMyIn0&_nc_ht=instagram.fhan4-5.fna.fbcdn.net&_nc_cat=102&_nc_oc=Q6cZ2QExVJX4sFC4FlcsZFKHAhiDVT3onArXfdqcVyH7oiRgaaPTSkr23-mqlCYIp0iA7Cg&_nc_ohc=pdTJLEWv6M0Q7kNvwEFiY7S&_nc_gid=IhcabetG-GE7SVmgOZfZsg&edm=AJhczIQBAAAA&ccb=7-5&ig_cache_key=Mzc5ODgwOTMxNjE4MzY0NjExMw%3D%3D.3-ccb7-5&oh=00_AfpaTaqTixd_ihkmdHxPd-w61hjXU_Tdl7IclbWU5hGzSw&oe=69679600&_nc_sid=4a2096'],,https://www.threads.net/@tuong_nguyen01/post/DS4FPI0kh-h,[],"{'likes': 131, 'reposts': 22, 'quotes': 0}",threads,3798809316183646113,,,"❌❌ KHẨN CẤP ❌❌

Hiện tại acc @quail.4151543 này là cosfan đi kick war khắp nơi, dùng những lời không chuẩn mực nhằm mục đích để các fan chửi Fan Negav và cả Negav. Nhà Embes toàn xá lợi, không đụng chạm đến fandom nhà khác một ngu ngục như vậy ❌

Mọi người lưu ý thấy thì chung tay report giúp mình nha cả nhà ơi 🆘🆘",threads,70572037277,tuong_nguyen01
[],2026-01-10T10:19:11.144122+07:00,"Culinary Class War Season 2 totally brutal from beginning. But I love how humble the white spoon chef are, how they wish their opponent (black team) won against them on one to one battle. Based on the interview, seems like some of them join not to win but to find their passion again in cooking. 
All the white spoon chef are expert even legend with long experience. When you're considered the best in the industry, maybe joining the competition is like a fresh air for them wether they win or not.",2025-12-25T05:42:43+07:00,,3794973892444076795,threads,threads.com,threads_crawler_v1,https://www.threads.net/@xerockham/post/DSqdKYHArr7,https://instagram.fhan3-3.fna.fbcdn.net/v/t51.2885-19/463468097_3947959552098779_1113550201337694119_n.jpg?stp=dst-jpg_s150x150_tt6&efg=eyJ2ZW5jb2RlX3RhZyI6InByb2ZpbGVfcGljLmRqYW5nby4xMDgwLmMyIn0&_nc_ht=instagram.fhan3-3.fna.fbcdn.net&_nc_cat=111&_nc_oc=Q6cZ2QExVJX4sFC4FlcsZFKHAhiDVT3onArXfdqcVyH7oiRgaaPTSkr23-mqlCYIp0iA7Cg&_nc_ohc=DB_RVGYKAmsQ7kNvwEhi6Q9&_nc_gid=IhcabetG-GE7SVmgOZfZsg&edm=AJhczIQBAAAA&ccb=7-5&oh=00_AfqSnQmQPMFQFQXjff-zoJHWPeFBjoc6g9N4FTNj7YrZ1g&oe=69678421&_nc_sid=4a2096,0,0,61,5,0,[],,https://www.threads.net/@xerockham/post/DSqdKYHArr7,[],"{'likes': 61, 'reposts': 5, 'quotes': 0}",threads,3794973892444076795,Roxena,,"Culinary Class War Season 2 totally brutal from beginning. But I love how humble the white spoon chef are, how they wish their opponent (black team) won against them on one to one battle. Based on the interview, seems like some of them join not to win but to find their passion again in cooking. 
All the white spoon chef are expert even legend with long experience. When you're considered the best in the industry, maybe joining the competition is like a fresh air for them wether they win or not.",threads,69732157414,xerockham
[],2026-01-10T10:19:11.144254+07:00,If Europe goes to war with the USA everything is cooked,2026-01-08T04:28:16+07:00,,3805083280878372476,threads,threads.com,threads_crawler_v1,https://www.threads.net/@timothymcgaw/post/DTOXxVxiIZ8,https://instagram.fhan3-4.fna.fbcdn.net/v/t51.2885-19/424998537_1560297671426130_124771774771686842_n.jpg?stp=dst-jpg_s150x150_tt6&efg=eyJ2ZW5jb2RlX3RhZyI6InByb2ZpbGVfcGljLmRqYW5nby4xMDgwLmMyIn0&_nc_ht=instagram.fhan3-4.fna.fbcdn.net&_nc_cat=106&_nc_oc=Q6cZ2QExVJX4sFC4FlcsZFKHAhiDVT3onArXfdqcVyH7oiRgaaPTSkr23-mqlCYIp0iA7Cg&_nc_ohc=biJVN_8OqbMQ7kNvwErDVUk&_nc_gid=IhcabetG-GE7SVmgOZfZsg&edm=AJhczIQBAAAA&ccb=7-5&oh=00_AfrqO73fagna0tgOn6ERfYHnxHmceJdKqdlDPColNmtqzQ&oe=69679482&_nc_sid=4a2096,67,0,83,2,0,[],,https://www.threads.net/@timothymcgaw/post/DTOXxVxiIZ8,[],"{'likes': 83, 'reposts': 2, 'quotes': 0}",threads,3805083280878372476,Timothy McGaw,,If Europe goes to war with the USA everything is cooked,threads,63610008772,timothymcgaw
[],2026-01-10T10:19:11.144401+07:00,"Các em thực sự nghĩ fan Jennie quan tâm đến mấy cái react phản ứng của idol các em hả :)))
Bị knet nó dí cho từ mấy video react trên YouTube,
trên X một nùi, xong anti nó bê về kick war thì đổ cho Vảy???

Tất cả tại Jennie rồi giờ thêm Tất cả tại fan Jennie nữa 🙂

Bọn tao chỉ quan tâm idol tao viral như thế nào, stage view có cao không, stream có tăng không thôi, chứ rảnh dell đâu mà quan tâm mấy cái vớ vẩn 🙂‍↔️

Báo nhẹ là sau 24h thì Stage của Mẹ tao được 4M4 view, Spotify tăng 37 hạng 🔥🔥🔥",2025-12-21T21:45:40+07:00,,3792559461597685480,threads,threads.com,threads_crawler_v1,https://www.threads.net/@mandoo_kim1601/post/DSh4LyKE6bo,https://instagram.fhan3-3.fna.fbcdn.net/v/t51.2885-19/473417136_558229777198949_4899176853747241424_n.jpg?stp=dst-jpg_s150x150_tt6&efg=eyJ2ZW5jb2RlX3RhZyI6InByb2ZpbGVfcGljLmRqYW5nby4xMDgwLmMyIn0&_nc_ht=instagram.fhan3-3.fna.fbcdn.net&_nc_cat=1&_nc_oc=Q6cZ2QExVJX4sFC4FlcsZFKHAhiDVT3onArXfdqcVyH7oiRgaaPTSkr23-mqlCYIp0iA7Cg&_nc_ohc=WIlUY9ElLe0Q7kNvwFeX2_N&_nc_gid=IhcabetG-GE7SVmgOZfZsg&edm=AJhczIQBAAAA&ccb=7-5&oh=00_Afq4HMgmbLXzyQZ2-smKqcBq03M3lq8Lktd31oXpWFv9Aw&oe=696798C9&_nc_sid=4a2096,44,0,1257,95,0,['https://instagram.fhan3-3.fna.fbcdn.net/v/t51.2885-15/603936932_17906765511293987_7953040787653993569_n.jpg?stp=dst-jpg_e35_tt6&efg=eyJ2ZW5jb2RlX3RhZyI6InRocmVhZHMuQ0FST1VTRUxfSVRFTS5pbWFnZV91cmxnZW4uMTE3MHg4OTkuc2RyLmY4Mjc4Ny5kZWZhdWx0X2ltYWdlLmMyIn0&_nc_ht=instagram.fhan3-3.fna.fbcdn.net&_nc_cat=111&_nc_oc=Q6cZ2QExVJX4sFC4FlcsZFKHAhiDVT3onArXfdqcVyH7oiRgaaPTSkr23-mqlCYIp0iA7Cg&_nc_ohc=N6zAMSvNZb8Q7kNvwEPWcsF&_nc_gid=IhcabetG-GE7SVmgOZfZsg&edm=AJhczIQBAAAA&ccb=7-5&ig_cache_key=Mzc5MjU1OTQ1NTAyOTQxNDkxOQ%3D%3D.3-ccb7-5&oh=00_AfqvzL9uQwXYV_S-OKF6DDKBlLCJEzILUseO6h1N5THOLQ&oe=69677E30&_nc_sid=4a2096'],,https://www.threads.net/@mandoo_kim1601/post/DSh4LyKE6bo,[],"{'likes': 1257, 'reposts': 94, 'quotes': 1}",threads,3792559461597685480,Ko Tên,Jennie,"Các em thực sự nghĩ fan Jennie quan tâm đến mấy cái react phản ứng của idol các em hả :)))
Bị knet nó dí cho từ mấy video react trên YouTube,
trên X một nùi, xong anti nó bê về kick war thì đổ cho Vảy???

Tất cả tại Jennie rồi giờ thêm Tất cả tại fan Jennie nữa 🙂

Bọn tao chỉ quan tâm idol tao viral như thế nào, stage view có cao không, stream có tăng không thôi, chứ rảnh dell đâu mà quan tâm mấy cái vớ vẩn 🙂‍↔️

Báo nhẹ là sau 24h thì Stage của Mẹ tao được 4M4 view, Spotify tăng 37 hạng 🔥🔥🔥",threads,68844565986,mandoo_kim1601
[],2026-01-10T10:19:11.144559+07:00,"I wonder if the outside world knows. ￼Can people outside the United States see this post? ICE has executed a US citizen. Everyone is saying WW3 but Civil War is coming. I for one am terrified.

Justice for Renee Good",2026-01-08T07:41:31+07:00,,3805180545151921547,threads,threads.com,threads_crawler_v1,https://www.threads.net/@killswitch9096/post/DTOt4uMAe2L,https://instagram.fhan3-3.fna.fbcdn.net/v/t51.2885-19/589197159_17845355991627143_2530073444631186576_n.jpg?stp=dst-jpg_s150x150_tt6&efg=eyJ2ZW5jb2RlX3RhZyI6InByb2ZpbGVfcGljLmRqYW5nby4xMDgwLmMyIn0&_nc_ht=instagram.fhan3-3.fna.fbcdn.net&_nc_cat=111&_nc_oc=Q6cZ2QExVJX4sFC4FlcsZFKHAhiDVT3onArXfdqcVyH7oiRgaaPTSkr23-mqlCYIp0iA7Cg&_nc_ohc=Z4a4eOb0dn4Q7kNvwHe-wof&_nc_gid=IhcabetG-GE7SVmgOZfZsg&edm=AJhczIQBAAAA&ccb=7-5&oh=00_AfpRC_5gQY73G0blNbG4_VHIII5lbE5EaJ49BOPswchLrQ&oe=6967952C&_nc_sid=4a2096,9,0,19,2,0,[],,https://www.threads.net/@killswitch9096/post/DTOt4uMAe2L,[],"{'likes': 19, 'reposts': 2, 'quotes': 0}",threads,3805180545151921547,Kelsi Lynn Tift,Minneapolis,"I wonder if the outside world knows. ￼Can people outside the United States see this post? ICE has executed a US citizen. Everyone is saying WW3 but Civil War is coming. I for one am terrified.

Justice for Renee Good",threads,78731587142,killswitch9096
[],2026-01-10T10:19:11.144687+07:00,"By taking out Maduro, China has lost the ability to invade Taiwan 

China has sought for more than a decade to secure a supply of oil that would be immune from western sanctions should they choose to invade or blockade Taiwan. 

Venezuela and Iran are a key part of this strategy.  The bottom line is that if these governments fall, then China won’t have enough oil to wage war.

I am not a fan of Trump, but he got this correctly 👌",2026-01-05T05:17:09+07:00,,3802933560534141305,threads,threads.com,threads_crawler_v1,https://www.threads.net/@capt_dami_/post/DTGu-ysDIl5,https://instagram.fhan4-6.fna.fbcdn.net/v/t51.2885-19/510945855_17846730138509564_4193090793179967566_n.jpg?stp=dst-jpg_s150x150_tt6&efg=eyJ2ZW5jb2RlX3RhZyI6InByb2ZpbGVfcGljLmRqYW5nby4zMjAuYzIifQ&_nc_ht=instagram.fhan4-6.fna.fbcdn.net&_nc_cat=108&_nc_oc=Q6cZ2QExVJX4sFC4FlcsZFKHAhiDVT3onArXfdqcVyH7oiRgaaPTSkr23-mqlCYIp0iA7Cg&_nc_ohc=bt-MMKEP1r8Q7kNvwHLvs_N&_nc_gid=IhcabetG-GE7SVmgOZfZsg&edm=AJhczIQBAAAA&ccb=7-5&oh=00_Afph2g88OFTjyLLu9GUxRdgayAfX93dBLGNoE_4p88TXTA&oe=69677E26&_nc_sid=4a2096,667,0,4586,242,0,['https://instagram.fhan3-4.fna.fbcdn.net/v/t39.30808-6/611299687_10238878178949450_3060700442554635716_n.jpg?stp=dst-jpg_e35_tt6&efg=eyJ2ZW5jb2RlX3RhZyI6InRocmVhZHMuRkVFRC5pbWFnZV91cmxnZW4uMTkyMHgxMDgwLnNkci5mMzA4MDguZGVmYXVsdF9pbWFnZS5jMiJ9&_nc_ht=instagram.fhan3-4.fna.fbcdn.net&_nc_cat=106&_nc_oc=Q6cZ2QExVJX4sFC4FlcsZFKHAhiDVT3onArXfdqcVyH7oiRgaaPTSkr23-mqlCYIp0iA7Cg&_nc_ohc=8TtKT5dxNhUQ7kNvwE0pAWE&_nc_gid=IhcabetG-GE7SVmgOZfZsg&edm=AJhczIQAAAAA&ccb=7-5&ig_cache_key=MzgwMjkzMzU2MDUzNDE0MTMwNQ%3D%3D.3-ccb7-5&oh=00_Afo1lCBGm_2QZMNVGkr-ULBo4cZYoFho9J1R-94m-BDRPQ&oe=69677CC9&_nc_sid=4a2096'],,https://www.threads.net/@capt_dami_/post/DTGu-ysDIl5,[],"{'likes': 4586, 'reposts': 227, 'quotes': 15}",threads,3802933560534141305,Capt Dami,,"By taking out Maduro, China has lost the ability to invade Taiwan 

China has sought for more than a decade to secure a supply of oil that would be immune from western sanctions should they choose to invade or blockade Taiwan. 

Venezuela and Iran are a key part of this strategy.  The bottom line is that if these governments fall, then China won’t have enough oil to wage war.

I am not a fan of Trump, but he got this correctly 👌",threads,75626151763,capt_dami_
[],2026-01-10T10:19:11.144804+07:00,"I feel like this season wasn’t much as a “Class War” as it should have been. The show kinda lost its narrative for me during the all-or-nothing round. Why would you eliminate a whole class? 🤷🏻‍♀️ There were a lot of promising Black Spoons that could have shown more of what they’re capable of. But the limiting format ended their run abruptly. And with the death match, it all the more felt like we aren’t in a class war anymore.",2026-01-06T20:15:05+07:00,,3804110281781643698,threads,threads.com,threads_crawler_v1,https://www.threads.net/@howtofoodtrip/post/DTK6iVwAYmy,https://instagram.fhan4-6.fna.fbcdn.net/v/t51.2885-19/358519052_3462359130680276_1116529492530886637_n.jpg?stp=dst-jpg_s150x150_tt6&efg=eyJ2ZW5jb2RlX3RhZyI6InByb2ZpbGVfcGljLmRqYW5nby45MjkuYzIifQ&_nc_ht=instagram.fhan4-6.fna.fbcdn.net&_nc_cat=108&_nc_oc=Q6cZ2QExVJX4sFC4FlcsZFKHAhiDVT3onArXfdqcVyH7oiRgaaPTSkr23-mqlCYIp0iA7Cg&_nc_ohc=baEOgkRmjEMQ7kNvwEDNUUv&_nc_gid=IhcabetG-GE7SVmgOZfZsg&edm=AJhczIQBAAAA&ccb=7-5&oh=00_AfobenV4hPgpXaDHViGaut-y7kQFq0Hwt-46cmkOfUMPYA&oe=69679470&_nc_sid=4a2096,5,0,57,1,0,[],,https://www.threads.net/@howtofoodtrip/post/DTK6iVwAYmy,[],"{'likes': 57, 'reposts': 1, 'quotes': 0}",threads,3804110281781643698,Lena Boiser | Manila Food & Restaurants,Culinary Class Wars 2,"I feel like this season wasn’t much as a “Class War” as it should have been. The show kinda lost its narrative for me during the all-or-nothing round. Why would you eliminate a whole class? 🤷🏻‍♀️ There were a lot of promising Black Spoons that could have shown more of what they’re capable of. But the limiting format ended their run abruptly. And with the death match, it all the more felt like we aren’t in a class war anymore.",threads,63369325348,howtofoodtrip
[],2026-01-10T10:19:11.144919+07:00,"The US doesn’t invade countries for being “bad”. They invade countries for being valuable. Venezuela has over 300 billion barrels in oil reserves, the highest in the world. “War on drugs” my ass.",2025-12-03T07:18:10+07:00,,3779076870558845263,threads,threads.com,threads_crawler_v1,https://www.threads.net/@shiona.not.fiona/post/DRx-mQwjglP,https://instagram.fhan4-3.fna.fbcdn.net/v/t51.2885-19/491439190_1175153204346624_2552885420940814191_n.jpg?stp=dst-jpg_s150x150_tt6&efg=eyJ2ZW5jb2RlX3RhZyI6InByb2ZpbGVfcGljLmRqYW5nby4xMDgwLmMyIn0&_nc_ht=instagram.fhan4-3.fna.fbcdn.net&_nc_cat=100&_nc_oc=Q6cZ2QExVJX4sFC4FlcsZFKHAhiDVT3onArXfdqcVyH7oiRgaaPTSkr23-mqlCYIp0iA7Cg&_nc_ohc=OhpEgHE4VhIQ7kNvwGcs2lk&_nc_gid=IhcabetG-GE7SVmgOZfZsg&edm=AJhczIQBAAAA&ccb=7-5&oh=00_AfoWEeLOjvEURdWtVadr4UJy4wIDAXVGBpNwIrFhCOxjZA&oe=69678A29&_nc_sid=4a2096,141,0,6050,494,0,[],,https://www.threads.net/@shiona.not.fiona/post/DRx-mQwjglP,[],"{'likes': 6050, 'reposts': 487, 'quotes': 7}",threads,3779076870558845263,Shiona 🍉,,"The US doesn’t invade countries for being “bad”. They invade countries for being valuable. Venezuela has over 300 billion barrels in oil reserves, the highest in the world. “War on drugs” my ass.",threads,63079407063,shiona.not.fiona
[],2026-01-10T10:19:11.145048+07:00,"people who read the hunger games, you remember how in mockingjay they bomb the kids in front of Snow’s mansion and then the medics come in to help the kids and then bombs go off a second time, killing the medics and prim? An obvious war crime and tragedy?

That just happened at Nasser hospital in Palestine, today.",2025-08-26T02:05:58+07:00,,3707166935430130078,threads,threads.com,threads_crawler_v1,https://www.threads.net/@alyxj0crochet/post/DNygK-1Yume,https://instagram.fhan4-6.fna.fbcdn.net/v/t51.2885-19/473152018_628961719706900_5143553999579577415_n.jpg?stp=dst-jpg_s150x150_tt6&efg=eyJ2ZW5jb2RlX3RhZyI6InByb2ZpbGVfcGljLmRqYW5nby4xMDgwLmMyIn0&_nc_ht=instagram.fhan4-6.fna.fbcdn.net&_nc_cat=108&_nc_oc=Q6cZ2QExVJX4sFC4FlcsZFKHAhiDVT3onArXfdqcVyH7oiRgaaPTSkr23-mqlCYIp0iA7Cg&_nc_ohc=6iRkbaWUFoMQ7kNvwEC5us5&_nc_gid=IhcabetG-GE7SVmgOZfZsg&edm=AJhczIQBAAAA&ccb=7-5&oh=00_Afqw-HGSiZmFCOyZu3lAVPS1dasWqpbU9etojlYOcciNlg&oe=6967B21F&_nc_sid=4a2096,53,0,22878,4041,0,[],,https://www.threads.net/@alyxj0crochet/post/DNygK-1Yume,[],"{'likes': 22878, 'reposts': 4020, 'quotes': 21}",threads,3707166935430130078,Alyx,hunger games,"people who read the hunger games, you remember how in mockingjay they bomb the kids in front of Snow’s mansion and then the medics come in to help the kids and then bombs go off a second time, killing the medics and prim? An obvious war crime and tragedy?

That just happened at Nasser hospital in Palestine, today.",threads,72014260980,alyxj0crochet
[],2026-01-10T10:19:11.145167+07:00,God of war 👑 8k wallpaper,2025-08-16T22:59:13+07:00,,3700549964553461823,threads,threads.com,threads_crawler_v1,https://www.threads.net/@m_r_mikey_oo_/post/DNa_pYeyyA_,https://instagram.fhan3-4.fna.fbcdn.net/v/t51.2885-19/532236371_17922098466105150_3219685361838102575_n.jpg?stp=dst-jpg_s150x150_tt6&efg=eyJ2ZW5jb2RlX3RhZyI6InByb2ZpbGVfcGljLmRqYW5nby4xMDgwLmMyIn0&_nc_ht=instagram.fhan3-4.fna.fbcdn.net&_nc_cat=106&_nc_oc=Q6cZ2QExVJX4sFC4FlcsZFKHAhiDVT3onArXfdqcVyH7oiRgaaPTSkr23-mqlCYIp0iA7Cg&_nc_ohc=8hqT3hcHEKQQ7kNvwGu9s9x&_nc_gid=IhcabetG-GE7SVmgOZfZsg&edm=AJhczIQBAAAA&ccb=7-5&oh=00_AfpWs7ML-FgJXfwEZN9glgYWu0gM5JE_CKEryhS-u4z80A&oe=69679AB5&_nc_sid=4a2096,0,0,257,14,0,['https://instagram.fhan3-4.fna.fbcdn.net/v/t51.2885-15/534316314_17922287919105150_6749057850537957247_n.webp?efg=eyJ2ZW5jb2RlX3RhZyI6InRocmVhZHMuQ0FST1VTRUxfSVRFTS5pbWFnZV91cmxnZW4uNjQweDExMzYuc2RyLmY4Mjc4Ny5kZWZhdWx0X2ltYWdlLmMyIn0&_nc_ht=instagram.fhan3-4.fna.fbcdn.net&_nc_cat=106&_nc_oc=Q6cZ2QExVJX4sFC4FlcsZFKHAhiDVT3onArXfdqcVyH7oiRgaaPTSkr23-mqlCYIp0iA7Cg&_nc_ohc=Yhg30XJsshkQ7kNvwHV_J7a&_nc_gid=IhcabetG-GE7SVmgOZfZsg&edm=AJhczIQBAAAA&ccb=7-5&ig_cache_key=MzcwMDU0OTk1NzgwMDUxNzYzNg%3D%3D.3-ccb7-5&oh=00_AfoPosP69mmUXJzZ0fsA7toq05GZVhN5PNCP4eg4hz3D9w&oe=696793F9&_nc_sid=4a2096'],,https://www.threads.net/@m_r_mikey_oo_/post/DNa_pYeyyA_,[],"{'likes': 257, 'reposts': 14, 'quotes': 0}",threads,3700549964553461823,mikey  malik,,God of war 👑 8k wallpaper,threads,63319193149,m_r_mikey_oo_
[],2026-01-10T10:19:11.145281+07:00,"There is no justification for the United States to be at war with Venezuela.

I lived through the consequences of an illegal war sold to the American people with lies. We swore we would never repeat those mistakes. Yet here we are again.

The American people did not ask for this, Congress did not authorize this, and our service members should not be sent into harm’s way for another unnecessary conflict.",2026-01-03T19:46:20+07:00,,3801921485037217679,threads,threads.com,threads_crawler_v1,https://www.threads.net/@senrubengallego/post/DTDI3J7kaeP,https://instagram.fhan4-6.fna.fbcdn.net/v/t51.2885-19/474857508_1803239260419080_9221146210914499343_n.jpg?stp=dst-jpg_s150x150_tt6&efg=eyJ2ZW5jb2RlX3RhZyI6InByb2ZpbGVfcGljLmRqYW5nby4xMDgwLmMyIn0&_nc_ht=instagram.fhan4-6.fna.fbcdn.net&_nc_cat=108&_nc_oc=Q6cZ2QExVJX4sFC4FlcsZFKHAhiDVT3onArXfdqcVyH7oiRgaaPTSkr23-mqlCYIp0iA7Cg&_nc_ohc=Y65kRSVUg04Q7kNvwHoBZXn&_nc_gid=IhcabetG-GE7SVmgOZfZsg&edm=AJhczIQBAAAA&ccb=7-5&oh=00_AfrG4k0yB23Kcy8PtjUdannzVTDDlRp6Okp3w54RQ-zq0Q&oe=6967B237&_nc_sid=4a2096,579,0,6159,626,0,[],,https://www.threads.net/@senrubengallego/post/DTDI3J7kaeP,[],"{'likes': 6159, 'reposts': 601, 'quotes': 25}",threads,3801921485037217679,Senator Ruben Gallego,,"There is no justification for the United States to be at war with Venezuela.

I lived through the consequences of an illegal war sold to the American people with lies. We swore we would never repeat those mistakes. Yet here we are again.

The American people did not ask for this, Congress did not authorize this, and our service members should not be sent into harm’s way for another unnecessary conflict.",threads,63416306306,senrubengallego
[],2026-01-10T10:19:11.145442+07:00,"From the desk of Gavin Newsom

BREAKING: What happened in Venezuela is not a military operation. It’s an illegal act. By attacking a sovereign nation without Congress, Donald Trump violated Article I Sec 8 and the War Powers Act. That’s impeachable! Congress better act!

🙏🙏🙏🙏 do it now",2026-01-04T05:23:24+07:00,,3802211932107286007,threads,threads.com,threads_crawler_v1,https://www.threads.net/@vivikalicious/post/DTEK5t2AaX3,https://instagram.fhan4-3.fna.fbcdn.net/v/t51.2885-19/461430648_1057439909383596_1795725877336815036_n.jpg?stp=dst-jpg_s150x150_tt6&efg=eyJ2ZW5jb2RlX3RhZyI6InByb2ZpbGVfcGljLmRqYW5nby45NTYuYzIifQ&_nc_ht=instagram.fhan4-3.fna.fbcdn.net&_nc_cat=100&_nc_oc=Q6cZ2QExVJX4sFC4FlcsZFKHAhiDVT3onArXfdqcVyH7oiRgaaPTSkr23-mqlCYIp0iA7Cg&_nc_ohc=GSSdXUJS_z4Q7kNvwGvcsXY&_nc_gid=IhcabetG-GE7SVmgOZfZsg&edm=AJhczIQBAAAA&ccb=7-5&oh=00_AfrE0MQ8bzL2XbJvxEpNh7g8K6sZjMZGm0bPWfmPF15l3g&oe=6967B1A5&_nc_sid=4a2096,280,0,6859,652,0,[],,https://www.threads.net/@vivikalicious/post/DTEK5t2AaX3,[],"{'likes': 6859, 'reposts': 644, 'quotes': 8}",threads,3802211932107286007,Vivika D'Angelo Steele,,"From the desk of Gavin Newsom

BREAKING: What happened in Venezuela is not a military operation. It’s an illegal act. By attacking a sovereign nation without Congress, Donald Trump violated Article I Sec 8 and the War Powers Act. That’s impeachable! Congress better act!

🙏🙏🙏🙏 do it now",threads,63477683002,vivikalicious
[],2026-01-10T10:19:11.145584+07:00,Dấu hiệu của 1 mùa UW nữa lại đến =)))))),2025-11-27T14:36:48+07:00,,3774948986634585940,threads,threads.com,threads_crawler_v1,https://www.threads.net/@hynonnnnnn/post/DRjUBpRk0dU,https://instagram.fhan4-5.fna.fbcdn.net/v/t51.2885-19/472497044_1633876533876170_2827704017479614153_n.jpg?stp=dst-jpg_s150x150_tt6&efg=eyJ2ZW5jb2RlX3RhZyI6InByb2ZpbGVfcGljLmRqYW5nby4xMDgwLmMyIn0&_nc_ht=instagram.fhan4-5.fna.fbcdn.net&_nc_cat=102&_nc_oc=Q6cZ2QExVJX4sFC4FlcsZFKHAhiDVT3onArXfdqcVyH7oiRgaaPTSkr23-mqlCYIp0iA7Cg&_nc_ohc=LGVJUHjz9IQQ7kNvwG7bZeA&_nc_gid=IhcabetG-GE7SVmgOZfZsg&edm=AJhczIQBAAAA&ccb=7-5&oh=00_Afp9FBd5kFVOmxtjhvQUzGCoxMJVXt3Hb-eNQD_pcP21IA&oe=6967B0CA&_nc_sid=4a2096,17,0,48,6,0,['https://instagram.fhan3-2.fna.fbcdn.net/v/t51.2885-15/586445048_17909073795256867_345664298886290783_n.jpg?stp=dst-jpg_e35_tt6&efg=eyJ2ZW5jb2RlX3RhZyI6InRocmVhZHMuRkVFRC5pbWFnZV91cmxnZW4uMTA1NngyMTYwLnNkci5mODI3ODcuZGVmYXVsdF9pbWFnZS5jMiJ9&_nc_ht=instagram.fhan3-2.fna.fbcdn.net&_nc_cat=107&_nc_oc=Q6cZ2QExVJX4sFC4FlcsZFKHAhiDVT3onArXfdqcVyH7oiRgaaPTSkr23-mqlCYIp0iA7Cg&_nc_ohc=KbnZHTxgVFcQ7kNvwEFdPoR&_nc_gid=IhcabetG-GE7SVmgOZfZsg&edm=AJhczIQBAAAA&ccb=7-5&ig_cache_key=Mzc3NDk0ODk4NjYzNDU4NTk0MA%3D%3D.3-ccb7-5&oh=00_Afr3VZcyAyJP-Zw7WrqMrvjTSEojwQqvOjcw_s0Aq5agMQ&oe=69679C6A&_nc_sid=4a2096'],,https://www.threads.net/@hynonnnnnn/post/DRjUBpRk0dU,[],"{'likes': 48, 'reposts': 6, 'quotes': 0}",threads,3774948986634585940,,University war,Dấu hiệu của 1 mùa UW nữa lại đến =)))))),threads,67705976866,hynonnnnnn
[],2026-01-10T10:19:11.145717+07:00,"So let me get this straight, Maduro is so bad that we have to go and invade Venezuela to arrest him/bring him to New York by force but Netanyahu who has an INTERNATIONAL WAR CRIMINAL WARRANT for his arrest can speak at Congress with open arms

Right no this makes so much sense!!!!",2026-01-04T05:44:44+07:00,,3802222663654539015,threads,threads.com,threads_crawler_v1,https://www.threads.net/@arianajasmine___/post/DTENV4YEX8H,https://instagram.fhan3-3.fna.fbcdn.net/v/t51.2885-19/565509478_18533274787038680_6666600375946463022_n.jpg?stp=dst-jpg_s150x150_tt6&efg=eyJ2ZW5jb2RlX3RhZyI6InByb2ZpbGVfcGljLmRqYW5nby4xMDgwLmMyIn0&_nc_ht=instagram.fhan3-3.fna.fbcdn.net&_nc_cat=1&_nc_oc=Q6cZ2QExVJX4sFC4FlcsZFKHAhiDVT3onArXfdqcVyH7oiRgaaPTSkr23-mqlCYIp0iA7Cg&_nc_ohc=GSjpu_9-7LsQ7kNvwF_s5iU&_nc_gid=IhcabetG-GE7SVmgOZfZsg&edm=AJhczIQBAAAA&ccb=7-5&oh=00_AfqsVRFfp5nI6EknsU1LIApj4vqpRN5Bcz7Ok9aq1bXb_Q&oe=69679892&_nc_sid=4a2096,699,0,21657,2438,0,[],,https://www.threads.net/@arianajasmine___/post/DTENV4YEX8H,[],"{'likes': 21657, 'reposts': 2412, 'quotes': 26}",threads,3802222663654539015,اريانا,,"So let me get this straight, Maduro is so bad that we have to go and invade Venezuela to arrest him/bring him to New York by force but Netanyahu who has an INTERNATIONAL WAR CRIMINAL WARRANT for his arrest can speak at Congress with open arms

Right no this makes so much sense!!!!",threads,63464888755,arianajasmine___
[],2026-01-10T10:19:42.706172+07:00,"BREAKING: U.S. Senator Ruben Gallego, a Marine Corps veteran who served in the Iraq War, posted on social media: ""NO MATTER THE OUTCOME WE ARE IN THE WRONG FOR STARTING THIS WAR IN VENEZUELA."" He added, ""THIS WAR IS ILLEGAL, IT'S EMBARRASSING THAT WE WENT FROM THE WORLD COP TO THE WORLD BULLY IN LESS THAN ONE YEAR. THERE IS NO REASON FOR US TO BE AT WAR WITH VENEZUELA.""",2026-01-03T19:51:38+07:00,,3801924150131676938,threads,threads.com,threads_crawler_v1,https://www.threads.net/@real_liangshengwen/post/DTDJd7_k9cK,https://instagram.fhan3-3.fna.fbcdn.net/v/t51.2885-19/591169607_18414475123189741_5013102611493962003_n.jpg?stp=dst-jpg_s150x150_tt6&efg=eyJ2ZW5jb2RlX3RhZyI6InByb2ZpbGVfcGljLmRqYW5nby4xMDgwLmMyIn0&_nc_ht=instagram.fhan3-3.fna.fbcdn.net&_nc_cat=1&_nc_oc=Q6cZ2QFtAkK6gUKOYNh0PNi2f2CueRIe3B9X9KzkmNXDXza4Sdj5_Vjx1DLriR6d3m1SM5A&_nc_ohc=kn3uEd5wfdUQ7kNvwGbFdnF&_nc_gid=EbRnF-lV95QeuWMPPW3Thw&edm=AJhczIQBAAAA&ccb=7-5&oh=00_AfoicZY7o3IUt37OM2YhhOJmpll7rUuSd2FhFAM-ceifXQ&oe=69677F94&_nc_sid=4a2096,1940,0,35807,3622,0,['https://instagram.fhan4-1.fna.fbcdn.net/v/t51.2885-15/610189455_17930027652177401_4602231818464762149_n.jpg?stp=dst-jpg_e35_tt6&efg=eyJ2ZW5jb2RlX3RhZyI6InRocmVhZHMuRkVFRC5pbWFnZV91cmxnZW4uNjc4eDQ1Mi5zZHIuZjgyNzg3LmRlZmF1bHRfaW1hZ2UuYzIifQ&_nc_ht=instagram.fhan4-1.fna.fbcdn.net&_nc_cat=105&_nc_oc=Q6cZ2QFtAkK6gUKOYNh0PNi2f2CueRIe3B9X9KzkmNXDXza4Sdj5_Vjx1DLriR6d3m1SM5A&_nc_ohc=ofoo0eThi9cQ7kNvwGuHdqr&_nc_gid=EbRnF-lV95QeuWMPPW3Thw&edm=AJhczIQBAAAA&ccb=7-5&ig_cache_key=MzgwMTkyNDE1MDEzMTY3NjkzOA%3D%3D.3-ccb7-5&oh=00_Afo-JpS5F7HEToPXM5dUwGB-WKe_aMasBA8W-_X3WMJriA&oe=6967802C&_nc_sid=4a2096'],,https://www.threads.net/@real_liangshengwen/post/DTDJd7_k9cK,[],"{'likes': 35807, 'reposts': 3492, 'quotes': 130}",threads,3801924150131676938,LIANG SHENGWEN,Venezuela under attack,"BREAKING: U.S. Senator Ruben Gallego, a Marine Corps veteran who served in the Iraq War, posted on social media: ""NO MATTER THE OUTCOME WE ARE IN THE WRONG FOR STARTING THIS WAR IN VENEZUELA."" He added, ""THIS WAR IS ILLEGAL, IT'S EMBARRASSING THAT WE WENT FROM THE WORLD COP TO THE WORLD BULLY IN LESS THAN ONE YEAR. THERE IS NO REASON FOR US TO BE AT WAR WITH VENEZUELA.""",threads,65308049400,real_liangshengwen
[],2026-01-10T10:19:42.706644+07:00,"Epstein files, Epstein files, Epstein files. 
Trump was recently recorded screaming “those files cannot become public! If I go down, you’re going down with me!! I don’t care what you do -start a f#%^ing  war if you have to. “",2026-01-04T19:43:17+07:00,,3802644724319643805,threads,threads.com,threads_crawler_v1,https://www.threads.net/@laraleialder/post/DTFtTrAFeid,https://instagram.fhan4-6.fna.fbcdn.net/v/t51.2885-19/420105236_400920622470392_4691749780636840693_n.jpg?stp=dst-jpg_s150x150_tt6&efg=eyJ2ZW5jb2RlX3RhZyI6InByb2ZpbGVfcGljLmRqYW5nby4xMDgwLmMyIn0&_nc_ht=instagram.fhan4-6.fna.fbcdn.net&_nc_cat=108&_nc_oc=Q6cZ2QFtAkK6gUKOYNh0PNi2f2CueRIe3B9X9KzkmNXDXza4Sdj5_Vjx1DLriR6d3m1SM5A&_nc_ohc=F9JptZ4-s7UQ7kNvwGQJZbN&_nc_gid=EbRnF-lV95QeuWMPPW3Thw&edm=AJhczIQBAAAA&ccb=7-5&oh=00_AfrRA8kyCU4W2rOxM54ABBBy0r02DmhDoR5QmXgD0Ky-ZA&oe=6967B195&_nc_sid=4a2096,239,0,4540,819,0,[],,https://www.threads.net/@laraleialder/post/DTFtTrAFeid,[],"{'likes': 4540, 'reposts': 796, 'quotes': 23}",threads,3802644724319643805,Lynn Alderman,,"Epstein files, Epstein files, Epstein files. 
Trump was recently recorded screaming “those files cannot become public! If I go down, you’re going down with me!! I don’t care what you do -start a f#%^ing  war if you have to. “",threads,64563758111,laraleialder
[],2026-01-10T10:19:42.706880+07:00,"Scenes from Atlanta—residents protesting war in Venezuela. 

pslatlanta",2026-01-04T06:07:59+07:00,,3802234366735222109,threads,threads.com,threads_crawler_v1,https://www.threads.net/@kalamhunter/post/DTEQALuCQVd,https://instagram.fhan3-2.fna.fbcdn.net/v/t51.2885-19/362787413_714983270438239_5410156133313408221_n.jpg?stp=dst-jpg_s150x150_tt6&efg=eyJ2ZW5jb2RlX3RhZyI6InByb2ZpbGVfcGljLmRqYW5nby4xMDgwLmMyIn0&_nc_ht=instagram.fhan3-2.fna.fbcdn.net&_nc_cat=107&_nc_oc=Q6cZ2QFtAkK6gUKOYNh0PNi2f2CueRIe3B9X9KzkmNXDXza4Sdj5_Vjx1DLriR6d3m1SM5A&_nc_ohc=S1bKQYo89agQ7kNvwHgujUi&_nc_gid=EbRnF-lV95QeuWMPPW3Thw&edm=AJhczIQBAAAA&ccb=7-5&oh=00_AfrQ98caM71CkAeE-vAcolKG4w1Y7X8qxrUASZ4reFHHVQ&oe=6967B229&_nc_sid=4a2096,589,0,4488,491,0,['https://instagram.fhan4-6.fna.fbcdn.net/v/t51.2885-15/609716628_18550955647059177_7341372290233884527_n.jpg?stp=dst-jpg_e15_tt6&efg=eyJ2ZW5jb2RlX3RhZyI6InRocmVhZHMuQ0FST1VTRUxfSVRFTS5pbWFnZV91cmxnZW4uNzIweDQwNS5zZHIuZjgyNzg3LmRlZmF1bHRfY292ZXJfZnJhbWUuYzIifQ&_nc_ht=instagram.fhan4-6.fna.fbcdn.net&_nc_cat=109&_nc_oc=Q6cZ2QFtAkK6gUKOYNh0PNi2f2CueRIe3B9X9KzkmNXDXza4Sdj5_Vjx1DLriR6d3m1SM5A&_nc_ohc=K5SsmowKPP0Q7kNvwGJejEa&_nc_gid=EbRnF-lV95QeuWMPPW3Thw&edm=AJhczIQBAAAA&ccb=7-5&ig_cache_key=MzgwMjIzNDM0NDExMTE4OTMxOQ%3D%3D.3-ccb7-5&oh=00_AfokVo4xEBKNJrJ65xzC77HfPjZl0Md0cAV592Xd-9BLJg&oe=69679C44&_nc_sid=4a2096'],,https://www.threads.net/@kalamhunter/post/DTEQALuCQVd,[],"{'likes': 4488, 'reposts': 472, 'quotes': 19}",threads,3802234366735222109,Kala Hunter,,"Scenes from Atlanta—residents protesting war in Venezuela. 

pslatlanta",threads,63600672349,kalamhunter
[],2026-01-10T10:19:42.707059+07:00,"Let’s design God of War game UI in Figma but in 100x speed 👾
Total time ~ 2h 
#gameui #godofwarragnarok #speeddesign",2026-01-03T20:46:44+07:00,,3801951876393297926,threads,threads.com,threads_crawler_v1,https://www.threads.net/@thedesignely/post/DTDPxaFjWgG,https://instagram.fhan4-1.fna.fbcdn.net/v/t51.2885-19/557473088_18077874116287397_730242302759697724_n.jpg?stp=dst-jpg_s150x150_tt6&efg=eyJ2ZW5jb2RlX3RhZyI6InByb2ZpbGVfcGljLmRqYW5nby42MTcuYzIifQ&_nc_ht=instagram.fhan4-1.fna.fbcdn.net&_nc_cat=105&_nc_oc=Q6cZ2QFtAkK6gUKOYNh0PNi2f2CueRIe3B9X9KzkmNXDXza4Sdj5_Vjx1DLriR6d3m1SM5A&_nc_ohc=defV6TI_z0AQ7kNvwE6hIae&_nc_gid=EbRnF-lV95QeuWMPPW3Thw&edm=AJhczIQBAAAA&ccb=7-5&oh=00_AfoOzWnJrw4vK9S316mcuNLeB5LiE2szWejWRvS5TJTkoQ&oe=69677D67&_nc_sid=4a2096,6,0,376,4,0,"['https://instagram.fhan4-1.fna.fbcdn.net/v/t51.2885-15/612057768_18088155578287397_8208113395181564413_n.jpg?stp=dst-jpg_e15_tt6&efg=eyJ2ZW5jb2RlX3RhZyI6InRocmVhZHMuRkVFRC5pbWFnZV91cmxnZW4uNzIweDEyODAuc2RyLmY4Mjc4Ny5kZWZhdWx0X2NvdmVyX2ZyYW1lLmMyIn0&_nc_ht=instagram.fhan4-1.fna.fbcdn.net&_nc_cat=105&_nc_oc=Q6cZ2QFtAkK6gUKOYNh0PNi2f2CueRIe3B9X9KzkmNXDXza4Sdj5_Vjx1DLriR6d3m1SM5A&_nc_ohc=mTFcAX_nlC4Q7kNvwFkRnJu&_nc_gid=EbRnF-lV95QeuWMPPW3Thw&edm=AJhczIQBAAAA&ccb=7-5&ig_cache_key=MzgwMTk1MTg3NjM5MzI5NzkyNg%3D%3D.3-ccb7-5&oh=00_AfoA4vTIdLbfDG1LoBLGY_srMnQUyXPa9QFmCo4HI5spOw&oe=6967AB69&_nc_sid=4a2096', 'https://instagram.fhan3-3.fna.fbcdn.net/o1/v/t2/f2/m86/AQO6Agid-Msj_BJ8W-gCvWa9DARhA8LtZB0f8wfrMliF3d8ZF3bA1FkGOO27-RE0kiOgaWAGjRvt6SXbq8JV2QpPwFLYBYz7MMgt2os.mp4?_nc_cat=111&_nc_oc=AdneNKY3FcCUJEE1oe-7x9dTiYMNsGTGVBXELGEgmwojGB9UjhlygmXAnIvj7qbkdfA&_nc_sid=5e9851&_nc_ht=instagram.fhan3-3.fna.fbcdn.net&_nc_ohc=q-Eku_VSyOEQ7kNvwHAVrCW&efg=eyJ2ZW5jb2RlX3RhZyI6Inhwdl9wcm9ncmVzc2l2ZS5JTlNUQUdSQU0uRkVFRC5DMy43MjAuZGFzaF9iYXNlbGluZV8xX3YxIiwieHB2X2Fzc2V0X2lkIjoxNTY4MjUyMTg0MjExMzU2LCJhc3NldF9hZ2VfZGF5cyI6NiwidmlfdXNlY2FzZV9pZCI6MTAwOTksImR1cmF0aW9uX3MiOjMxLCJ1cmxnZW5fc291cmNlIjoid3d3In0%3D&ccb=17-1&_nc_gid=EbRnF-lV95QeuWMPPW3Thw&_nc_zt=28&vs=fade1548a82b2ee2&_nc_vs=HBksFQIYUmlnX3hwdl9yZWVsc19wZXJtYW5lbnRfc3JfcHJvZC9EMzQ3NEJGNzFGNTk1NEQ2NjZDRURENEZDNjE4N0M5Nl92aWRlb19kYXNoaW5pdC5tcDQVAALIARIAFQIYOnBhc3N0aHJvdWdoX2V2ZXJzdG9yZS9HT3V6VnlTaTFJSTU1QW9EQUkyc0xFRTc5WVJZYnN0VEFRQUYVAgLIARIAKAAYABsCiAd1c2Vfb2lsATEScHJvZ3Jlc3NpdmVfcmVjaXBlATEVAAAmuL7dpaWUyQUVAigCQzMsF0A_qn752yLRGBJkYXNoX2Jhc2VsaW5lXzFfdjERAHXqB2XmnQEA&oh=00_Afqy3RNZG2i-jAa-tAMvzdz9vtE7MOcRqFjRbUNcLBHjxg&oe=6963A980']",,https://www.threads.net/@thedesignely/post/DTDPxaFjWgG,[],"{'likes': 376, 'reposts': 3, 'quotes': 1}",threads,3801951876393297926,Agatha | UI UX Designer,,"Let’s design God of War game UI in Figma but in 100x speed 👾
Total time ~ 2h 
#gameui #godofwarragnarok #speeddesign",threads,68940086958,thedesignely
[],2026-01-10T10:19:42.707223+07:00,"We are about to invade Venezuela for two reasons: 
1. Oil
2. To distract from the Epstein files imminent release
Neither of these are a justification for sending American troops into war.",2025-11-25T07:31:29+07:00,,3773285363784479071,threads,threads.com,threads_crawler_v1,https://www.threads.net/@brooke.talks.politics/post/DRdZwvwjfFf,https://instagram.fhan4-3.fna.fbcdn.net/v/t51.2885-19/495033086_17853989538430224_9097758018271994927_n.jpg?stp=dst-jpg_s150x150_tt6&efg=eyJ2ZW5jb2RlX3RhZyI6InByb2ZpbGVfcGljLmRqYW5nby45NzUuYzIifQ&_nc_ht=instagram.fhan4-3.fna.fbcdn.net&_nc_cat=100&_nc_oc=Q6cZ2QFtAkK6gUKOYNh0PNi2f2CueRIe3B9X9KzkmNXDXza4Sdj5_Vjx1DLriR6d3m1SM5A&_nc_ohc=q2gEhPAInzEQ7kNvwF4RbyI&_nc_gid=EbRnF-lV95QeuWMPPW3Thw&edm=AJhczIQBAAAA&ccb=7-5&oh=00_AfqRiWjlVu0pcJqjemuUxdTlE7S3f1XcyL8TVCvn6MvVNw&oe=6967AFF7&_nc_sid=4a2096,188,0,5203,559,0,[],,https://www.threads.net/@brooke.talks.politics/post/DRdZwvwjfFf,[],"{'likes': 5203, 'reposts': 536, 'quotes': 23}",threads,3773285363784479071,Brooke Talks,Venezuela,"We are about to invade Venezuela for two reasons: 
1. Oil
2. To distract from the Epstein files imminent release
Neither of these are a justification for sending American troops into war.",threads,72923907938,brooke.talks.politics
[],2026-01-10T10:19:42.707424+07:00,"Feel free to read my digital hand-drawn comics.
Title: Dark Chrono War - 


Daphne from Dark Chrono War
""These are my party outfit!""",2025-12-28T11:30:25+07:00,,3797323228265016323,threads,threads.com,threads_crawler_v1,https://www.threads.net/@dark_chrono_war/post/DSyzVtmE2wD,https://instagram.fhan3-4.fna.fbcdn.net/v/t51.2885-19/608679161_17910572874278718_340736583096350965_n.jpg?stp=dst-jpg_s150x150_tt6&efg=eyJ2ZW5jb2RlX3RhZyI6InByb2ZpbGVfcGljLmRqYW5nby4xMDgwLmMyIn0&_nc_ht=instagram.fhan3-4.fna.fbcdn.net&_nc_cat=106&_nc_oc=Q6cZ2QFtAkK6gUKOYNh0PNi2f2CueRIe3B9X9KzkmNXDXza4Sdj5_Vjx1DLriR6d3m1SM5A&_nc_ohc=ApGKDeNsiHoQ7kNvwEBjnyB&_nc_gid=EbRnF-lV95QeuWMPPW3Thw&edm=AJhczIQBAAAA&ccb=7-5&oh=00_AfoO0j9rktSOBoo2uqe9TRVy3O2hnyEmC5GdNs4sguJU-g&oe=6967B29F&_nc_sid=4a2096,8,0,958,3,0,['https://instagram.fhan3-4.fna.fbcdn.net/v/t51.2885-15/606516578_17910423822278718_8348066892969564259_n.webp?efg=eyJ2ZW5jb2RlX3RhZyI6InRocmVhZHMuRkVFRC5pbWFnZV91cmxnZW4uODMyeDEyNDguc2RyLmY4Mjc4Ny5kZWZhdWx0X2ltYWdlLmMyIn0&_nc_ht=instagram.fhan3-4.fna.fbcdn.net&_nc_cat=106&_nc_oc=Q6cZ2QFtAkK6gUKOYNh0PNi2f2CueRIe3B9X9KzkmNXDXza4Sdj5_Vjx1DLriR6d3m1SM5A&_nc_ohc=TLdWsYWkcLoQ7kNvwEMB3p9&_nc_gid=EbRnF-lV95QeuWMPPW3Thw&edm=AJhczIQBAAAA&ccb=7-5&ig_cache_key=Mzc5NzMyMzIyODI2NTAxNjMyMw%3D%3D.3-ccb7-5&oh=00_AfqE1Q75t6TLN-nj_gc7ORkCCF59Mkeuh1BWVGHLwNMUdA&oe=69678966&_nc_sid=4a2096'],,https://www.threads.net/@dark_chrono_war/post/DSyzVtmE2wD,[],"{'likes': 958, 'reposts': 3, 'quotes': 0}",threads,3797323228265016323,Gray ✍️,Aiart️,"Feel free to read my digital hand-drawn comics.
Title: Dark Chrono War - 
m.tapas.io/episode/3427505

Daphne from Dark Chrono War
""These are my party outfit!""",threads,68169734717,dark_chrono_war
[],2026-01-10T10:19:42.707624+07:00,"Nó thản nhiên thở ra từng đó câu trong vòng 2 phút 🥰
University war",2025-02-05T23:04:55+07:00,,3561395891448008758,threads,threads.com,threads_crawler_v1,https://www.threads.net/@sssisweird/post/DFsnrG2S1A2,https://instagram.fhan3-4.fna.fbcdn.net/v/t51.2885-19/474911552_1126474279267708_1352000609901391602_n.jpg?stp=dst-jpg_s150x150_tt6&efg=eyJ2ZW5jb2RlX3RhZyI6InByb2ZpbGVfcGljLmRqYW5nby4xMDgwLmMyIn0&_nc_ht=instagram.fhan3-4.fna.fbcdn.net&_nc_cat=104&_nc_oc=Q6cZ2QFtAkK6gUKOYNh0PNi2f2CueRIe3B9X9KzkmNXDXza4Sdj5_Vjx1DLriR6d3m1SM5A&_nc_ohc=uHXyLZuWJREQ7kNvwEK5qBB&_nc_gid=EbRnF-lV95QeuWMPPW3Thw&edm=AJhczIQBAAAA&ccb=7-5&oh=00_AfonDN_-0iioW46mB0kyll8iNQ1xuQsqb5w_IhbJOg0zSg&oe=69679888&_nc_sid=4a2096,1,0,165,14,0,['https://instagram.fhan4-6.fna.fbcdn.net/v/t51.2885-15/476605793_18106767250468449_3027878762250996502_n.webp?efg=eyJ2ZW5jb2RlX3RhZyI6InRocmVhZHMuQ0FST1VTRUxfSVRFTS5pbWFnZV91cmxnZW4uMTgzOHgxMDM0LnNkci5mNzU3NjEuZGVmYXVsdF9pbWFnZS5jMiJ9&_nc_ht=instagram.fhan4-6.fna.fbcdn.net&_nc_cat=109&_nc_oc=Q6cZ2QFtAkK6gUKOYNh0PNi2f2CueRIe3B9X9KzkmNXDXza4Sdj5_Vjx1DLriR6d3m1SM5A&_nc_ohc=a3L6tyw9oNQQ7kNvwGJAYJD&_nc_gid=EbRnF-lV95QeuWMPPW3Thw&edm=AJhczIQBAAAA&ccb=7-5&ig_cache_key=MzU2MTM5NTg4NDc2MjMyMDg2Mg%3D%3D.3-ccb7-5&oh=00_AfqP6Q2y-ZMQl6A6-ULCyROTIddt946Z0njcY0yKrX8eOg&oe=696794F4&_nc_sid=4a2096'],,https://www.threads.net/@sssisweird/post/DFsnrG2S1A2,[],"{'likes': 165, 'reposts': 14, 'quotes': 0}",threads,3561395891448008758,Soobin Sầm Sơn,University war,"Nó thản nhiên thở ra từng đó câu trong vòng 2 phút 🥰
University war",threads,72279929399,sssisweird
[],2026-01-10T10:19:42.707863+07:00,"bây giờ mà Hiếu lên ""vãi cả day9"" 1 cái thì trận war sẽ đổi thành Vạn Phúc và Mỹ Đình =)))))))))))))))))",2025-12-01T23:46:20+07:00,,3778124675521090192,threads,threads.com,threads_crawler_v1,https://www.threads.net/@cheeberry.26/post/DRumGABkpKQ,https://instagram.fhan3-3.fna.fbcdn.net/v/t51.2885-19/505180580_17906301723168467_5142834699072286444_n.jpg?stp=dst-jpg_s150x150_tt6&efg=eyJ2ZW5jb2RlX3RhZyI6InByb2ZpbGVfcGljLmRqYW5nby4xMDgwLmMyIn0&_nc_ht=instagram.fhan3-3.fna.fbcdn.net&_nc_cat=111&_nc_oc=Q6cZ2QFtAkK6gUKOYNh0PNi2f2CueRIe3B9X9KzkmNXDXza4Sdj5_Vjx1DLriR6d3m1SM5A&_nc_ohc=CDHEUUArdkMQ7kNvwGhbkPA&_nc_gid=EbRnF-lV95QeuWMPPW3Thw&edm=AJhczIQBAAAA&ccb=7-5&oh=00_Afpk4y8GDEyFAKFhNVUDvImMKvfBWfSL_79V83O7NglM-Q&oe=6967A630&_nc_sid=4a2096,122,0,4829,506,0,[],,https://www.threads.net/@cheeberry.26/post/DRumGABkpKQ,[],"{'likes': 4829, 'reposts': 500, 'quotes': 6}",threads,3778124675521090192,,Anh Trai Say Hi Mùa 1,"bây giờ mà Hiếu lên ""vãi cả day9"" 1 cái thì trận war sẽ đổi thành Vạn Phúc và Mỹ Đình =)))))))))))))))))",threads,65051488466,cheeberry.26
[],2026-01-10T10:19:42.708095+07:00,"Dear Canada, now that Australia has officially entered the trade war,  we are getting our emus battle-ready to fight alongside your geese. The history of war between emus & humans is thus far emus 2 - humans 0. 
We've got this!",2025-03-12T15:54:20+07:00,,3586546321294504100,threads,threads.com,threads_crawler_v1,https://www.threads.net/@lucyvs16/post/DHF-OB7PjCk,https://instagram.fhan3-2.fna.fbcdn.net/v/t51.2885-19/484293803_641672161792303_5432452012631989418_n.jpg?stp=dst-jpg_s150x150_tt6&efg=eyJ2ZW5jb2RlX3RhZyI6InByb2ZpbGVfcGljLmRqYW5nby4xMDgwLmMyIn0&_nc_ht=instagram.fhan3-2.fna.fbcdn.net&_nc_cat=107&_nc_oc=Q6cZ2QFtAkK6gUKOYNh0PNi2f2CueRIe3B9X9KzkmNXDXza4Sdj5_Vjx1DLriR6d3m1SM5A&_nc_ohc=5-KORz5vR6cQ7kNvwHZZ6wu&_nc_gid=EbRnF-lV95QeuWMPPW3Thw&edm=AJhczIQBAAAA&ccb=7-5&oh=00_Afp4kQsuUgMMEFL4g-gmQaFKVzqEkRBrZg_btBSfU56Maw&oe=6967B152&_nc_sid=4a2096,1825,0,18311,556,0,['https://instagram.fhan4-6.fna.fbcdn.net/v/t51.2885-15/483911148_17899291074116768_3357738078339937454_n.webp?efg=eyJ2ZW5jb2RlX3RhZyI6InRocmVhZHMuRkVFRC5pbWFnZV91cmxnZW4uMzI1NngyMjM2LnNkci5mNzU3NjEuZGVmYXVsdF9pbWFnZS5jMiJ9&_nc_ht=instagram.fhan4-6.fna.fbcdn.net&_nc_cat=108&_nc_oc=Q6cZ2QFtAkK6gUKOYNh0PNi2f2CueRIe3B9X9KzkmNXDXza4Sdj5_Vjx1DLriR6d3m1SM5A&_nc_ohc=GAjOnp3QGdcQ7kNvwHDn_jA&_nc_gid=EbRnF-lV95QeuWMPPW3Thw&edm=AJhczIQBAAAA&ccb=7-5&ig_cache_key=MzU4NjU0NjMyMTI5NDUwNDEwMA%3D%3D.3-ccb7-5&oh=00_AfqshHItjVwM9j5_gbc1OTgrChxo1dLS3h79uJ0JFrZR9A&oe=69679B42&_nc_sid=4a2096'],,https://www.threads.net/@lucyvs16/post/DHF-OB7PjCk,[],"{'likes': 18311, 'reposts': 503, 'quotes': 53}",threads,3586546321294504100,Lucy Smailes,Canada,"Dear Canada, now that Australia has officially entered the trade war,  we are getting our emus battle-ready to fight alongside your geese. The history of war between emus & humans is thus far emus 2 - humans 0. 
We've got this!",threads,63472436767,lucyvs16
[],2026-01-10T10:19:42.708360+07:00,"Hi new followers!
A bit about me:
I was born in Iran. I spent my childhood living through the Iran-Iraq war—a bloody ordeal that killed ≈1M ppl.
At 7 I was used to going to funerals. 
At 13 I was stitching up wounds in a hospital as a volunteer. 
At 14 I escaped to the U.S. as an unaccompanied minor.
I’ve spent my adult life here sharing joy & building spaces of belonging w/refugees—focusing on children. 
I’ve seen what war does—it lives in me, & I recognize its echoes in every face I meet⤵️",2025-06-22T01:30:55+07:00,,3660038872035347927,threads,threads.com,threads_crawler_v1,https://www.threads.net/@rumiwithaview/post/DLLEfZfyc3X,https://instagram.fhan3-3.fna.fbcdn.net/v/t51.2885-19/340728458_616931313223139_6970489017923437606_n.jpg?stp=dst-jpg_s150x150_tt6&efg=eyJ2ZW5jb2RlX3RhZyI6InByb2ZpbGVfcGljLmRqYW5nby4xMDgwLmMyIn0&_nc_ht=instagram.fhan3-3.fna.fbcdn.net&_nc_cat=111&_nc_oc=Q6cZ2QFtAkK6gUKOYNh0PNi2f2CueRIe3B9X9KzkmNXDXza4Sdj5_Vjx1DLriR6d3m1SM5A&_nc_ohc=KwOaXUak4BIQ7kNvwFdlXEL&_nc_gid=EbRnF-lV95QeuWMPPW3Thw&edm=AJhczIQBAAAA&ccb=7-5&oh=00_AfqJ30KrTQxssWoK8OLmVGkkgsi_MZjQPAkoBo-K7jmPkA&oe=69679AF3&_nc_sid=4a2096,122,0,5966,331,0,[],,https://www.threads.net/@rumiwithaview/post/DLLEfZfyc3X,[],"{'likes': 5966, 'reposts': 314, 'quotes': 17}",threads,3660038872035347927,Ari Honarvar,,"Hi new followers!
A bit about me:
I was born in Iran. I spent my childhood living through the Iran-Iraq war—a bloody ordeal that killed ≈1M ppl.
At 7 I was used to going to funerals. 
At 13 I was stitching up wounds in a hospital as a volunteer. 
At 14 I escaped to the U.S. as an unaccompanied minor.
I’ve spent my adult life here sharing joy & building spaces of belonging w/refugees—focusing on children. 
I’ve seen what war does—it lives in me, & I recognize its echoes in every face I meet⤵️",threads,63308769277,rumiwithaview
[],2026-01-10T10:19:42.708648+07:00,"Lilith refused to kneel. Hecate lit the path. Sekhmet turned rage into fire.

Kali destroyed to create. The Morrigan crowned warriors in blood. Artemis ran free.

Freyja took love and war in equal measure. Aphrodite didn’t just inspire desire—she commanded it.

Venus never settled. Medusa never forgave. Persephone walked into the underworld and made it her throne.

You cannot invoke goddesses like these and stay small. You were meant to be untamed.",2025-02-20T23:04:59+07:00,,3572267556889293190,threads,threads.com,threads_crawler_v1,https://www.threads.net/@the_magick_lounge/post/DGTPmqTCfGG,https://instagram.fhan3-4.fna.fbcdn.net/v/t51.2885-19/559133346_17895185046319348_1064532326794689513_n.jpg?stp=dst-jpg_s150x150_tt6&efg=eyJ2ZW5jb2RlX3RhZyI6InByb2ZpbGVfcGljLmRqYW5nby4xMDgwLmMyIn0&_nc_ht=instagram.fhan3-4.fna.fbcdn.net&_nc_cat=104&_nc_oc=Q6cZ2QFtAkK6gUKOYNh0PNi2f2CueRIe3B9X9KzkmNXDXza4Sdj5_Vjx1DLriR6d3m1SM5A&_nc_ohc=ok3x0w7viQUQ7kNvwFlqyUZ&_nc_gid=EbRnF-lV95QeuWMPPW3Thw&edm=AJhczIQBAAAA&ccb=7-5&oh=00_AfoP5NzIVx2KhxjSrOirnht_-kdTFTVtYebP3LD68ZG7Qg&oe=6967B21A&_nc_sid=4a2096,50,0,9911,1260,0,[],,https://www.threads.net/@the_magick_lounge/post/DGTPmqTCfGG,[],"{'likes': 9911, 'reposts': 1209, 'quotes': 51}",threads,3572267556889293190,The Magick Lounge | Witchcraft & Tarot Readings,,"Lilith refused to kneel. Hecate lit the path. Sekhmet turned rage into fire.

Kali destroyed to create. The Morrigan crowned warriors in blood. Artemis ran free.

Freyja took love and war in equal measure. Aphrodite didn’t just inspire desire—she commanded it.

Venus never settled. Medusa never forgave. Persephone walked into the underworld and made it her throne.

You cannot invoke goddesses like these and stay small. You were meant to be untamed.",threads,69474455347,the_magick_lounge
[],2026-01-10T10:19:42.708919+07:00,Bị kick war 1 phát mà nhà mình vote cháy bỏng dữ vậyyy,2025-12-17T13:19:24+07:00,,3789405547381529425,threads,threads.com,threads_crawler_v1,https://www.threads.net/@kockoo9987/post/DSWrESpkhtR,https://instagram.fhan3-3.fna.fbcdn.net/v/t51.2885-19/610021954_17859976260575423_6785248820256915275_n.jpg?stp=dst-jpg_s150x150_tt6&efg=eyJ2ZW5jb2RlX3RhZyI6InByb2ZpbGVfcGljLmRqYW5nby4xMDgwLmMyIn0&_nc_ht=instagram.fhan3-3.fna.fbcdn.net&_nc_cat=111&_nc_oc=Q6cZ2QFtAkK6gUKOYNh0PNi2f2CueRIe3B9X9KzkmNXDXza4Sdj5_Vjx1DLriR6d3m1SM5A&_nc_ohc=By4-fFKs8YkQ7kNvwGcrCdo&_nc_gid=EbRnF-lV95QeuWMPPW3Thw&edm=AJhczIQBAAAA&ccb=7-5&oh=00_AfqeJe6ZBZdEh6axSP6F9qMq-q6-w-Y19XgvXq-hzIe8lQ&oe=6967A157&_nc_sid=4a2096,92,0,2734,161,0,['https://instagram.fhan3-3.fna.fbcdn.net/v/t51.2885-15/591156461_17857700577575423_9119183387220743643_n.jpg?stp=dst-jpg_e35_tt6&efg=eyJ2ZW5jb2RlX3RhZyI6InRocmVhZHMuRkVFRC5pbWFnZV91cmxnZW4uMTA4MHgyNjEuc2RyLmY4Mjc4Ny5kZWZhdWx0X2ltYWdlLmMyIn0&_nc_ht=instagram.fhan3-3.fna.fbcdn.net&_nc_cat=111&_nc_oc=Q6cZ2QFtAkK6gUKOYNh0PNi2f2CueRIe3B9X9KzkmNXDXza4Sdj5_Vjx1DLriR6d3m1SM5A&_nc_ohc=dYn5gLpktJgQ7kNvwEGxnYI&_nc_gid=EbRnF-lV95QeuWMPPW3Thw&edm=AJhczIQBAAAA&ccb=7-5&ig_cache_key=Mzc4OTQwNTU0NzM4MTUyOTQyNQ%3D%3D.3-ccb7-5&oh=00_AfrEeUFxz9Jkr-RmxZL-iUt0edqu7DetFi_gWwVrxHnEJg&oe=6967B379&_nc_sid=4a2096'],,https://www.threads.net/@kockoo9987/post/DSWrESpkhtR,[],"{'likes': 2734, 'reposts': 158, 'quotes': 3}",threads,3789405547381529425,elmmm,CONGB ANH TRAI SAY HI 2025,Bị kick war 1 phát mà nhà mình vote cháy bỏng dữ vậyyy,threads,77221007422,kockoo9987
