categories,collectDate,content,createDate,description,docId,docType,domain,fromCrawler,link,logoLink,numComments,numDislikes,numLikes,numShares,numViews,pictures,postId,postLink,provinces,reactions,source,sourceId,sourceName,tags,title,type,userId,userName
[],2026-01-10T08:18:31.939787+07:00,"Global power dynamics are shifting fast. 🌍⚡
When major nations push back, the world watches closely.

#BreakingNews #WorldPolitics #GlobalAffairs #Geopolitics #InternationalRelations PowerPolitics GlobalNews PoliticalUpdate WorldOrder Diplomacy NewsUpdate",2026-01-06T16:38:49+07:00,,3804001429552705565,threads,threads.com,threads_crawler_v1,https://www.threads.net/@the.financial.info/post/DTKhyVNkTAd,https://instagram.fhan3-3.fna.fbcdn.net/v/t51.2885-19/563045984_17862413670492141_5974254754237380257_n.jpg?stp=dst-jpg_s150x150_tt6&efg=eyJ2ZW5jb2RlX3RhZyI6InByb2ZpbGVfcGljLmRqYW5nby40OTMuYzIifQ&_nc_ht=instagram.fhan3-3.fna.fbcdn.net&_nc_cat=1&_nc_oc=Q6cZ2QGaW3_0Qzy1PZs7quLeIVPCvYNR8obvCK9FngqnyihmjCxIYvl7dcBJqJaTv1yt_cI&_nc_ohc=o-LZSZ2XOdkQ7kNvwE803z1&_nc_gid=dJmQEHLn6FVeqivcgzIw1Q&edm=AJhczIQBAAAA&ccb=7-5&oh=00_AfouWGT5zyumiz469M_Ut-7g19THynw5TOVMpFEJCMgyEQ&oe=69676D3D&_nc_sid=4a2096,121,0,2436,75,0,['https://instagram.fhan4-6.fna.fbcdn.net/v/t51.2885-15/611719004_17872010901492141_8366744423490309012_n.jpg?stp=dst-jpg_e35_tt6&efg=eyJ2ZW5jb2RlX3RhZyI6InRocmVhZHMuRkVFRC5pbWFnZV91cmxnZW4uMTQ0MHgxODAwLnNkci5mODI3ODcuZGVmYXVsdF9pbWFnZS5jMiJ9&_nc_ht=instagram.fhan4-6.fna.fbcdn.net&_nc_cat=109&_nc_oc=Q6cZ2QGaW3_0Qzy1PZs7quLeIVPCvYNR8obvCK9FngqnyihmjCxIYvl7dcBJqJaTv1yt_cI&_nc_ohc=NAvDoOTyZYkQ7kNvwFtdd2Q&_nc_gid=dJmQEHLn6FVeqivcgzIw1Q&edm=AJhczIQBAAAA&ccb=7-5&ig_cache_key=MzgwNDAwMTQyOTU1MjcwNTU2NQ%3D%3D.3-ccb7-5&oh=00_AfqUrp_BCtfnp3BUgtEt6yb7kL8fyUqNKAg6NdSLTTRx0Q&oe=696779B7&_nc_sid=4a2096'],,https://www.threads.net/@the.financial.info/post/DTKhyVNkTAd,[],"{'likes': 2436, 'reposts': 70, 'quotes': 5}",threads,3804001429552705565,Santosh | Finance,,"Global power dynamics are shifting fast. 🌍⚡
When major nations push back, the world watches closely.

#BreakingNews #WorldPolitics #GlobalAffairs #Geopolitics #InternationalRelations PowerPolitics GlobalNews PoliticalUpdate WorldOrder Diplomacy NewsUpdate",threads,74825823128,the.financial.info
[],2026-01-10T08:18:31.939897+07:00,"EU foreign policy chief Kaja Kallas said Russia’s strike on Ukraine using a new Oreshnik ballistic missile was meant to send a message to Europe and the United States. 

Russian President Vladimir Putin “doesn’t want peace, Russia’s reply to diplomacy is more missiles and destruction,” Kallas wrote on X.

",2026-01-09T21:13:44+07:00,,3806314128269407950,threads,threads.com,threads_crawler_v1,https://www.threads.net/@kyivpost.official/post/DTSvohvDHbO,https://instagram.fhan4-1.fna.fbcdn.net/v/t51.2885-19/449876353_796019769303209_5391820579776658073_n.jpg?stp=dst-jpg_s150x150_tt6&efg=eyJ2ZW5jb2RlX3RhZyI6InByb2ZpbGVfcGljLmRqYW5nby44MDAuYzIifQ&_nc_ht=instagram.fhan4-1.fna.fbcdn.net&_nc_cat=105&_nc_oc=Q6cZ2QGaW3_0Qzy1PZs7quLeIVPCvYNR8obvCK9FngqnyihmjCxIYvl7dcBJqJaTv1yt_cI&_nc_ohc=GSSeP-tYZlkQ7kNvwF8qqdg&_nc_gid=dJmQEHLn6FVeqivcgzIw1Q&edm=AJhczIQBAAAA&ccb=7-5&oh=00_AfoO56I1m_OFgcinkMmIwKMU9mN7SF4TH11J_Rxskw5oqg&oe=6967959D&_nc_sid=4a2096,21,0,69,8,0,[],,https://www.threads.net/@kyivpost.official/post/DTSvohvDHbO,[],"{'likes': 69, 'reposts': 8, 'quotes': 0}",threads,3806314128269407950,Kyiv Post,,"EU foreign policy chief Kaja Kallas said Russia’s strike on Ukraine using a new Oreshnik ballistic missile was meant to send a message to Europe and the United States. 

Russian President Vladimir Putin “doesn’t want peace, Russia’s reply to diplomacy is more missiles and destruction,” Kallas wrote on X.

https://www.kyivpost.com/post/67751",threads,63464450098,kyivpost.official
[],2026-01-10T08:18:31.939939+07:00,"China says no country should act as the world’s judge after US captures Venezuela’s leader 🚨🌍

Beijing argues such unilateral actions violate sovereignty and international law, weaken trust, and harm global cooperation. China calls for diplomacy, legal process, and respect for all nations’ dignity.

fblifestyle #InternationalLaw

References:
Reuters: China says it cannot accept any country acting as world judge",2026-01-09T03:23:08+07:00,,3805774731740565839,threads,threads.com,threads_crawler_v1,https://www.threads.net/@anonymousgroupinc/post/DTQ0_RkjdFP,https://instagram.fhan4-5.fna.fbcdn.net/v/t51.2885-19/459589429_549872147614191_9205970863127941456_n.jpg?stp=dst-jpg_s150x150_tt6&efg=eyJ2ZW5jb2RlX3RhZyI6InByb2ZpbGVfcGljLmRqYW5nby4xMDI0LmMyIn0&_nc_ht=instagram.fhan4-5.fna.fbcdn.net&_nc_cat=103&_nc_oc=Q6cZ2QGaW3_0Qzy1PZs7quLeIVPCvYNR8obvCK9FngqnyihmjCxIYvl7dcBJqJaTv1yt_cI&_nc_ohc=zZxsL5AYeO8Q7kNvwE30-aW&_nc_gid=dJmQEHLn6FVeqivcgzIw1Q&edm=AJhczIQBAAAA&ccb=7-5&oh=00_Afr44rDmkY6LBVIb8--JUFsrmIVfSNdLXbI7yx6v4kywcg&oe=69677B3E&_nc_sid=4a2096,10,0,208,10,0,['https://instagram.fhan3-4.fna.fbcdn.net/v/t51.2885-15/612091015_17952821442111628_2305593268216913834_n.jpg?stp=dst-jpg_e35_tt6&efg=eyJ2ZW5jb2RlX3RhZyI6InRocmVhZHMuRkVFRC5pbWFnZV91cmxnZW4uMTA4MHgxMzUxLnNkci5mODI3ODcuZGVmYXVsdF9pbWFnZS5jMiJ9&_nc_ht=instagram.fhan3-4.fna.fbcdn.net&_nc_cat=104&_nc_oc=Q6cZ2QGaW3_0Qzy1PZs7quLeIVPCvYNR8obvCK9FngqnyihmjCxIYvl7dcBJqJaTv1yt_cI&_nc_ohc=h9sYeNfXOjoQ7kNvwFZYNwe&_nc_gid=dJmQEHLn6FVeqivcgzIw1Q&edm=AJhczIQBAAAA&ccb=7-5&ig_cache_key=MzgwNTc3NDczMTc0MDU2NTgzOQ%3D%3D.3-ccb7-5&oh=00_Afrbvs2RS2W5dTPGNgcZazwSS2KnME27vL_Ir5Rhl_4JKQ&oe=696773E3&_nc_sid=4a2096'],,https://www.threads.net/@anonymousgroupinc/post/DTQ0_RkjdFP,[],"{'likes': 208, 'reposts': 10, 'quotes': 0}",threads,3805774731740565839,Anonymous,fblifestyle,"China says no country should act as the world’s judge after US captures Venezuela’s leader 🚨🌍

Beijing argues such unilateral actions violate sovereignty and international law, weaken trust, and harm global cooperation. China calls for diplomacy, legal process, and respect for all nations’ dignity.

fblifestyle #InternationalLaw

References:
Reuters: China says it cannot accept any country acting as world judge",threads,63229103627,anonymousgroupinc
[],2026-01-10T08:18:31.939981+07:00,"My danish PM just Said:
“If the US chooses to attack Greenland, which is protected by NATO, then any diplomatic alliance with the Americans will cease.”

YES. IM DANISH AND THIS IS HOW IT’S DONE.
Hands off !",2026-01-05T23:13:27+07:00,,3803475280195532147,threads,threads.com,threads_crawler_v1,https://www.threads.net/@mile.sini/post/DTIqJ2cCLVz,https://instagram.fhan3-3.fna.fbcdn.net/v/t51.2885-19/589924305_17934486288143796_2640898602984105177_n.jpg?stp=dst-jpg_s150x150_tt6&efg=eyJ2ZW5jb2RlX3RhZyI6InByb2ZpbGVfcGljLmRqYW5nby43NzkuYzIifQ&_nc_ht=instagram.fhan3-3.fna.fbcdn.net&_nc_cat=1&_nc_oc=Q6cZ2QGaW3_0Qzy1PZs7quLeIVPCvYNR8obvCK9FngqnyihmjCxIYvl7dcBJqJaTv1yt_cI&_nc_ohc=xH-BxD-wcTwQ7kNvwE3w5_D&_nc_gid=dJmQEHLn6FVeqivcgzIw1Q&edm=AJhczIQBAAAA&ccb=7-5&oh=00_Afq6fRnsvga51FxinLn6HaqpFIWlX2EOndRC6qwNSd2YEw&oe=696784FA&_nc_sid=4a2096,2558,0,30321,1118,0,['https://instagram.fhan4-3.fna.fbcdn.net/v/t51.2885-15/610621052_17934419973143796_4300681428312678000_n.jpg?stp=dst-jpg_e35_tt6&efg=eyJ2ZW5jb2RlX3RhZyI6InRocmVhZHMuRkVFRC5pbWFnZV91cmxnZW4uNzUweDQyMi5zZHIuZjgyNzg3LmRlZmF1bHRfaW1hZ2UuYzIifQ&_nc_ht=instagram.fhan4-3.fna.fbcdn.net&_nc_cat=100&_nc_oc=Q6cZ2QGaW3_0Qzy1PZs7quLeIVPCvYNR8obvCK9FngqnyihmjCxIYvl7dcBJqJaTv1yt_cI&_nc_ohc=ZyR6PoQkgA8Q7kNvwEnQRDk&_nc_gid=dJmQEHLn6FVeqivcgzIw1Q&edm=AJhczIQBAAAA&ccb=7-5&ig_cache_key=MzgwMzQ3NTI4MDE5NTUzMjE0Nw%3D%3D.3-ccb7-5&oh=00_AfrkNLitfb5ZNDaCQ-1OaA9B0oTR8tpUnAXl3FAVuBOUAg&oe=6967931B&_nc_sid=4a2096'],,https://www.threads.net/@mile.sini/post/DTIqJ2cCLVz,[],"{'likes': 30321, 'reposts': 1080, 'quotes': 38}",threads,3803475280195532147,Mille💫,,"My danish PM just Said:
“If the US chooses to attack Greenland, which is protected by NATO, then any diplomatic alliance with the Americans will cease.”

YES. IM DANISH AND THIS IS HOW IT’S DONE.
Hands off !",threads,64133119795,mile.sini
[],2026-01-10T08:18:31.940016+07:00,"EU countries have approved a huge but divisive trade deal with the South American bloc Mercosur, giving Brussels the green light to sign an agreement championed by business groups but loathed by many European farmers.
 
A majority of the European Union's 27 nations voted in favour of the pact at an ambassadors' meeting in Brussels, despite opposition from France, Ireland and others concerned about its impact on the agricultural sector, several diplomats told AFP.
 
📸 Emile Windal / Belga",2026-01-09T18:23:04+07:00,,3806228188524278501,threads,threads.com,threads_crawler_v1,https://www.threads.net/@afpnewsagency/post/DTScF8HEXLl,https://instagram.fhan4-3.fna.fbcdn.net/v/t51.2885-19/358354310_817101139666176_8217252603671293439_n.jpg?stp=dst-jpg_s150x150_tt6&efg=eyJ2ZW5jb2RlX3RhZyI6InByb2ZpbGVfcGljLmRqYW5nby4xNTAuYzIifQ&_nc_ht=instagram.fhan4-3.fna.fbcdn.net&_nc_cat=100&_nc_oc=Q6cZ2QGaW3_0Qzy1PZs7quLeIVPCvYNR8obvCK9FngqnyihmjCxIYvl7dcBJqJaTv1yt_cI&_nc_ohc=Y7J5P2eHClwQ7kNvwGVWiFi&_nc_gid=dJmQEHLn6FVeqivcgzIw1Q&edm=AJhczIQBAAAA&ccb=7-5&oh=00_AfpP6BwSF8RTxMFfRlovIO1VMOgW4zjDHbILHom0DNwBWw&oe=69677ACE&_nc_sid=4a2096,3,0,10,0,0,['https://instagram.fhan4-6.fna.fbcdn.net/v/t51.2885-15/612952637_17936169525117488_8471442813767704963_n.jpg?stp=dst-jpg_e35_tt6&efg=eyJ2ZW5jb2RlX3RhZyI6InRocmVhZHMuRkVFRC5pbWFnZV91cmxnZW4uMTA4MHgxMzUwLnNkci5mODI3ODcuZGVmYXVsdF9pbWFnZS5jMiJ9&_nc_ht=instagram.fhan4-6.fna.fbcdn.net&_nc_cat=108&_nc_oc=Q6cZ2QGaW3_0Qzy1PZs7quLeIVPCvYNR8obvCK9FngqnyihmjCxIYvl7dcBJqJaTv1yt_cI&_nc_ohc=fhBgHmSzo6AQ7kNvwEy5iW-&_nc_gid=dJmQEHLn6FVeqivcgzIw1Q&edm=AJhczIQBAAAA&ccb=7-5&ig_cache_key=MzgwNjIyODE4ODUyNDI3ODUwMQ%3D%3D.3-ccb7-5&oh=00_Afp2rzinIC2_3OeQhzh39jsELkPiETXx_u9Js-BbuRT-ow&oe=69677FB7&_nc_sid=4a2096'],,https://www.threads.net/@afpnewsagency/post/DTScF8HEXLl,[],"{'likes': 10, 'reposts': 0, 'quotes': 0}",threads,3806228188524278501,AFP News Agency,,"EU countries have approved a huge but divisive trade deal with the South American bloc Mercosur, giving Brussels the green light to sign an agreement championed by business groups but loathed by many European farmers.
 
A majority of the European Union's 27 nations voted in favour of the pact at an ambassadors' meeting in Brussels, despite opposition from France, Ireland and others concerned about its impact on the agricultural sector, several diplomats told AFP.
 
📸 Emile Windal / Belga",threads,63422989487,afpnewsagency
[],2026-01-10T08:18:31.940048+07:00,"The announcement by US Secretary of State Marco Rubio that Thierry Breton and four other European citizens are “not welcome” in the United States is more than a diplomatic incident. It is a political signal – and a worrying one.
Europe’s digital rules, including the Digital Services Act, were approved by over 90% of the European Parliament in the last legislature and unanimously by all 27 Member States. They are democratic law. Defending them means defending European sovereignty.",2025-12-24T15:17:51+07:00,,3794538595261199114,threads,threads.com,threads_crawler_v1,https://www.threads.net/@europeandemocrats/post/DSo6L-BDbMK,https://instagram.fhan4-5.fna.fbcdn.net/v/t51.2885-19/469437442_9635009706514071_6853395980896304167_n.jpg?stp=dst-jpg_s150x150_tt6&efg=eyJ2ZW5jb2RlX3RhZyI6InByb2ZpbGVfcGljLmRqYW5nby4xMDgwLmMyIn0&_nc_ht=instagram.fhan4-5.fna.fbcdn.net&_nc_cat=103&_nc_oc=Q6cZ2QGaW3_0Qzy1PZs7quLeIVPCvYNR8obvCK9FngqnyihmjCxIYvl7dcBJqJaTv1yt_cI&_nc_ohc=CpuS5B8mJYwQ7kNvwGNCwtv&_nc_gid=dJmQEHLn6FVeqivcgzIw1Q&edm=AJhczIQBAAAA&ccb=7-5&oh=00_AfomHGOc4LavBLT_Lq0pQPbXyhEZu_0k93fLVB8rLe91Dw&oe=69676C96&_nc_sid=4a2096,58,0,992,90,0,['https://instagram.fhan4-5.fna.fbcdn.net/v/t51.2885-15/604895578_17934135744126015_6021256100895761642_n.jpg?stp=dst-jpg_e35_tt6&efg=eyJ2ZW5jb2RlX3RhZyI6InRocmVhZHMuRkVFRC5pbWFnZV91cmxnZW4uMTA4MHgxMzUwLnNkci5mODI3ODcuZGVmYXVsdF9pbWFnZS5jMiJ9&_nc_ht=instagram.fhan4-5.fna.fbcdn.net&_nc_cat=103&_nc_oc=Q6cZ2QGaW3_0Qzy1PZs7quLeIVPCvYNR8obvCK9FngqnyihmjCxIYvl7dcBJqJaTv1yt_cI&_nc_ohc=745GCzQVP88Q7kNvwGMUBC6&_nc_gid=dJmQEHLn6FVeqivcgzIw1Q&edm=AJhczIQBAAAA&ccb=7-5&ig_cache_key=Mzc5NDUzODU5NTI2MTE5OTExNA%3D%3D.3-ccb7-5&oh=00_Afo4KrjvjNJMGIOhMoLpFj9eGJ6xgbHxU3psxiFbfAx29w&oe=69677D42&_nc_sid=4a2096'],,https://www.threads.net/@europeandemocrats/post/DSo6L-BDbMK,[],"{'likes': 992, 'reposts': 88, 'quotes': 2}",threads,3794538595261199114,European Democratic Party,,"The announcement by US Secretary of State Marco Rubio that Thierry Breton and four other European citizens are “not welcome” in the United States is more than a diplomatic incident. It is a political signal – and a worrying one.
Europe’s digital rules, including the Digital Services Act, were approved by over 90% of the European Parliament in the last legislature and unanimously by all 27 Member States. They are democratic law. Defending them means defending European sovereignty.",threads,63678294014,europeandemocrats
[],2026-01-10T08:18:31.940078+07:00,"YOUR CAREER BY DOB

1, 10, 19, 28
CEO, Politics, Independent Business.

2, 11, 20, 29
Diplomacy, Counseling, Partnership firms

3, 12, 21, 30
Thrive in media, Arts, Finance, Advising

4, 13, 22, 31
Businesses, Technology, Electronics, Research

5, 14, 23
Shine in sales, Journalism, Accounting.

6, 15, 24
Excel in wellness, Fashion, Arts, Hospitality

7, 16, 25
Research & Decoding Patterns

8, 17, 26
Construction, Judiciary, Government jobs

9, 18, 27
Police, Engineering, Military, Sports.",2026-01-08T11:37:29+07:00,,3805299314587669248,threads,threads.com,threads_crawler_v1,https://www.threads.net/@reliveharmony/post/DTPI5C2CRMA,https://instagram.fhan3-3.fna.fbcdn.net/v/t51.2885-19/566637466_17915355429206546_5079431862749782967_n.jpg?stp=dst-jpg_s150x150_tt6&efg=eyJ2ZW5jb2RlX3RhZyI6InByb2ZpbGVfcGljLmRqYW5nby4xMDgwLmMyIn0&_nc_ht=instagram.fhan3-3.fna.fbcdn.net&_nc_cat=1&_nc_oc=Q6cZ2QGaW3_0Qzy1PZs7quLeIVPCvYNR8obvCK9FngqnyihmjCxIYvl7dcBJqJaTv1yt_cI&_nc_ohc=CedI8-rs874Q7kNvwEgLkjB&_nc_gid=dJmQEHLn6FVeqivcgzIw1Q&edm=AJhczIQBAAAA&ccb=7-5&oh=00_AfpinyxOwNgzT5Wkr_u2WRiiv4DB8d0JEwqiUIurDmzytw&oe=696795C9&_nc_sid=4a2096,25,0,582,22,0,[],,https://www.threads.net/@reliveharmony/post/DTPI5C2CRMA,[],"{'likes': 582, 'reposts': 21, 'quotes': 1}",threads,3805299314587669248,Dr-Tapasya Tiwari,Relatable,"YOUR CAREER BY DOB

1, 10, 19, 28
CEO, Politics, Independent Business.

2, 11, 20, 29
Diplomacy, Counseling, Partnership firms

3, 12, 21, 30
Thrive in media, Arts, Finance, Advising

4, 13, 22, 31
Businesses, Technology, Electronics, Research

5, 14, 23
Shine in sales, Journalism, Accounting.

6, 15, 24
Excel in wellness, Fashion, Arts, Hospitality

7, 16, 25
Research & Decoding Patterns

8, 17, 26
Construction, Judiciary, Government jobs

9, 18, 27
Police, Engineering, Military, Sports.",threads,66178462545,reliveharmony
[],2026-01-10T08:18:31.940107+07:00,"Học Global Studies mất 2 năm xong năm sau trường đẻ thêm cái ngành Diplomacy & International Studies, chẳng nhẽ t lại đổi ngành",2025-10-02T16:28:21+07:00,,3734417694214314938,threads,threads.com,threads_crawler_v1,https://www.threads.net/@hhanah0420/post/DPTURtqk9u6,https://instagram.fhan4-3.fna.fbcdn.net/v/t51.2885-19/605134367_17935663869112356_7653090192176040726_n.jpg?stp=dst-jpg_s150x150_tt6&efg=eyJ2ZW5jb2RlX3RhZyI6InByb2ZpbGVfcGljLmRqYW5nby4xMDgwLmMyIn0&_nc_ht=instagram.fhan4-3.fna.fbcdn.net&_nc_cat=100&_nc_oc=Q6cZ2QGaW3_0Qzy1PZs7quLeIVPCvYNR8obvCK9FngqnyihmjCxIYvl7dcBJqJaTv1yt_cI&_nc_ohc=blnJvjvMmrgQ7kNvwHmjpV0&_nc_gid=dJmQEHLn6FVeqivcgzIw1Q&edm=AJhczIQBAAAA&ccb=7-5&oh=00_AfqXfKX6POs7lksnZhTnCO0DATqOKP27lxjVUgN1lEiB4w&oe=69677A6D&_nc_sid=4a2096,12,0,50,1,0,[],,https://www.threads.net/@hhanah0420/post/DPTURtqk9u6,[],"{'likes': 50, 'reposts': 1, 'quotes': 0}",threads,3734417694214314938,Vũ Thanh Thanh Hiền,,"Học Global Studies mất 2 năm xong năm sau trường đẻ thêm cái ngành Diplomacy & International Studies, chẳng nhẽ t lại đổi ngành",threads,63502344355,hhanah0420
[],2026-01-10T08:18:31.940135+07:00,"Russian President Vladimir Putin has alleged that 95% of global terrorist attacks are orchestrated by the U.S. Central Intelligence Agency (CIA). The claim, reported by Brics News, adds fuel to ongoing tensions surrounding intelligence operations and could further strain international diplomatic relations.

#Putin #Russia #CIA #Terrorism #GlobalNews #Brics #Geopolitics #Intelligence #Diplomacy #WorldNews #BreakingNews",2025-08-30T20:02:35+07:00,,3710607912579151449,threads,threads.com,threads_crawler_v1,https://www.threads.net/@observerdiplomatmag/post/DN-ujyiCLZZ,https://instagram.fhan3-4.fna.fbcdn.net/v/t51.2885-19/358385059_6571221322942816_8081785947465930083_n.jpg?stp=dst-jpg_s150x150_tt6&efg=eyJ2ZW5jb2RlX3RhZyI6InByb2ZpbGVfcGljLmRqYW5nby4zMjAuYzIifQ&_nc_ht=instagram.fhan3-4.fna.fbcdn.net&_nc_cat=104&_nc_oc=Q6cZ2QGaW3_0Qzy1PZs7quLeIVPCvYNR8obvCK9FngqnyihmjCxIYvl7dcBJqJaTv1yt_cI&_nc_ohc=puSsL5VFJm4Q7kNvwEa3u7m&_nc_gid=dJmQEHLn6FVeqivcgzIw1Q&edm=AJhczIQBAAAA&ccb=7-5&oh=00_AfqSC_wW0XYZm5H9t7NFFJ7J_dkzknAQGqc1ItMh6aZsxA&oe=69677044&_nc_sid=4a2096,8,0,144,4,0,['https://instagram.fhan4-5.fna.fbcdn.net/v/t51.2885-15/539857697_17991778544834786_2757092204322188442_n.jpg?stp=dst-jpg_e35_tt6&efg=eyJ2ZW5jb2RlX3RhZyI6InRocmVhZHMuRkVFRC5pbWFnZV91cmxnZW4uMTA4MHgxMDgwLnNkci5mODI3ODcuZGVmYXVsdF9pbWFnZS5jMiJ9&_nc_ht=instagram.fhan4-5.fna.fbcdn.net&_nc_cat=102&_nc_oc=Q6cZ2QGaW3_0Qzy1PZs7quLeIVPCvYNR8obvCK9FngqnyihmjCxIYvl7dcBJqJaTv1yt_cI&_nc_ohc=sCSZV5E7AoAQ7kNvwF52o4w&_nc_gid=dJmQEHLn6FVeqivcgzIw1Q&edm=AJhczIQBAAAA&ccb=7-5&ig_cache_key=MzcxMDYwNzkxMjU3OTE1MTQ0OQ%3D%3D.3-ccb7-5&oh=00_Afr1y2o51oT_SUY0Nr0szpZf302ZVM5T_9a1EmDoslzwRQ&oe=69678B36&_nc_sid=4a2096'],,https://www.threads.net/@observerdiplomatmag/post/DN-ujyiCLZZ,[],"{'likes': 144, 'reposts': 4, 'quotes': 0}",threads,3710607912579151449,Observer Diplomat,,"Russian President Vladimir Putin has alleged that 95% of global terrorist attacks are orchestrated by the U.S. Central Intelligence Agency (CIA). The claim, reported by Brics News, adds fuel to ongoing tensions surrounding intelligence operations and could further strain international diplomatic relations.

#Putin #Russia #CIA #Terrorism #GlobalNews #Brics #Geopolitics #Intelligence #Diplomacy #WorldNews #BreakingNews",threads,63301236291,observerdiplomatmag
[],2026-01-10T08:18:31.940171+07:00,"📢 BREAKING NOW : SAN DIEGO STREETS ERUPT IN PROTEST!
Hundreds of San Diegans are flooding Waterfront Park and downtown corners right now — chanting “No War on Venezuela!” and demanding peace after the U.S. military operation in Venezuela sparked outrage locally 🇺🇸✌️🇻🇪. Voices from all walks of life are calling for diplomacy over conflict. Stay tuned for LIVE updates as the scene unfolds.

🎥 @morganhenry_18 
 #SanDiego #Breaking #Protest #NoWarOnVenezuela #PeaceNow",2026-01-08T10:06:46+07:00,,3805253642879258869,threads,threads.com,threads_crawler_v1,https://www.threads.net/@thebestofsandiegoca/post/DTO-gbwFFD1,https://instagram.fhan3-3.fna.fbcdn.net/v/t51.2885-19/461519427_1440852029921360_7353428703512135228_n.jpg?stp=dst-jpg_s150x150_tt6&efg=eyJ2ZW5jb2RlX3RhZyI6InByb2ZpbGVfcGljLmRqYW5nby43NjguYzIifQ&_nc_ht=instagram.fhan3-3.fna.fbcdn.net&_nc_cat=1&_nc_oc=Q6cZ2QGaW3_0Qzy1PZs7quLeIVPCvYNR8obvCK9FngqnyihmjCxIYvl7dcBJqJaTv1yt_cI&_nc_ohc=rRWfJwuVGaUQ7kNvwEZMdqn&_nc_gid=dJmQEHLn6FVeqivcgzIw1Q&edm=AJhczIQBAAAA&ccb=7-5&oh=00_AfqfpfAT561nEsAa4bbXvxAUb2MXQzjVfJWj89F-uTHweQ&oe=69678C37&_nc_sid=4a2096,16,0,139,12,0,"['https://instagram.fhan4-1.fna.fbcdn.net/v/t51.2885-15/612052612_737030726126309_2417375537780029958_n.jpg?se=-1&stp=dst-jpegr_e15_tt6&efg=eyJ2ZW5jb2RlX3RhZyI6InRocmVhZHMuRkVFRC5pbWFnZV91cmxnZW4uNjQweDExMzYuaGRyLmY3MTg3OC5uZnJhbWVfY292ZXJfZnJhbWUuYzIifQ&_nc_ht=instagram.fhan4-1.fna.fbcdn.net&_nc_cat=105&_nc_oc=Q6cZ2QGaW3_0Qzy1PZs7quLeIVPCvYNR8obvCK9FngqnyihmjCxIYvl7dcBJqJaTv1yt_cI&_nc_ohc=WD6s0r9NrAwQ7kNvwG3ktUL&_nc_gid=dJmQEHLn6FVeqivcgzIw1Q&edm=AJhczIQBAAAA&ccb=7-5&ig_cache_key=MzgwNTI1MzY0Mjg3OTI1ODg2OQ%3D%3D.3-ccb7-5&oh=00_Afr8KBAPcUqOxwkY4gY1ojGC5T7f0ZcDE7rnrlN5jJP40w&oe=696764BC&_nc_sid=4a2096', 'https://instagram.fhan4-6.fna.fbcdn.net/o1/v/t2/f2/m86/AQPOnuzG6NIa_uB2SfNOFqif06cBSvO9M989YQdcyH_Ai-g8ItKy9flQYn5XT-s7td84hEyuX5XRMqgnE4kEHzaVLheQxUCvjUAPY6c.mp4?_nc_cat=109&_nc_oc=Adm83zSU3SNbB-ncXEUSAyE9a1mPZGFlYsQwIBphIFwtOgHUxhvYJ_5PLNruoxesO0A&_nc_sid=5e9851&_nc_ht=instagram.fhan4-6.fna.fbcdn.net&_nc_ohc=6zXGv_0wmNQQ7kNvwFlCrXv&efg=eyJ2ZW5jb2RlX3RhZyI6Inhwdl9wcm9ncmVzc2l2ZS5JTlNUQUdSQU0uRkVFRC5DMy43MjAuZGFzaF9iYXNlbGluZV8xX3YxIiwieHB2X2Fzc2V0X2lkIjoxNjQ0NDAzMzMzNjAzMjc1LCJhc3NldF9hZ2VfZGF5cyI6MSwidmlfdXNlY2FzZV9pZCI6MTAwOTksImR1cmF0aW9uX3MiOjMxLCJ1cmxnZW5fc291cmNlIjoid3d3In0%3D&ccb=17-1&_nc_gid=dJmQEHLn6FVeqivcgzIw1Q&_nc_zt=28&vs=56f6a4b7dfd0d23d&_nc_vs=HBksFQIYUmlnX3hwdl9yZWVsc19wZXJtYW5lbnRfc3JfcHJvZC9FQjQzMzM2REYzOERCQjM5MkZBRTAxQUUwN0Q1RkM4Nl92aWRlb19kYXNoaW5pdC5tcDQVAALIARIAFQIYOnBhc3N0aHJvdWdoX2V2ZXJzdG9yZS9HTkJ6WWlRVUMwSzJyREphQU1zMG9TaXo5eFJxYnN0VEFRQUYVAgLIARIAKAAYABsCiAd1c2Vfb2lsATEScHJvZ3Jlc3NpdmVfcmVjaXBlATEVAAAmlv-Iye_k6wUVAigCQzMsF0BAAAAAAAAAGBJkYXNoX2Jhc2VsaW5lXzFfdjERAHXqB2XmnQEA&oh=00_AfqdC-jzksd3ErYfX8ofVyWqIfCPPBMDd1462Zp73OZqig&oe=69639C36']",,https://www.threads.net/@thebestofsandiegoca/post/DTO-gbwFFD1,[],"{'likes': 139, 'reposts': 12, 'quotes': 0}",threads,3805253642879258869,The Best of San Diego,,"📢 BREAKING NOW : SAN DIEGO STREETS ERUPT IN PROTEST!
Hundreds of San Diegans are flooding Waterfront Park and downtown corners right now — chanting “No War on Venezuela!” and demanding peace after the U.S. military operation in Venezuela sparked outrage locally 🇺🇸✌️🇻🇪. Voices from all walks of life are calling for diplomacy over conflict. Stay tuned for LIVE updates as the scene unfolds.

🎥 @morganhenry_18 
 #SanDiego #Breaking #Protest #NoWarOnVenezuela #PeaceNow",threads,63453797695,thebestofsandiegoca
[],2026-01-10T08:18:31.940199+07:00,"Mùa cuối kì ở ngôi trường mơ ước cùng 10% kiến thức và 100% sưu tầm ""the Winter Diplomacy 2025"" 
⛄❄",2025-12-10T22:22:24+07:00,,3784605416719259435,threads,threads.com,threads_crawler_v1,https://www.threads.net/@_yoru_0611/post/DSFnpMmkhcr,https://instagram.fhan4-3.fna.fbcdn.net/v/t51.2885-19/540269305_17915695569178824_5070667768177858048_n.jpg?stp=dst-jpg_s150x150_tt6&efg=eyJ2ZW5jb2RlX3RhZyI6InByb2ZpbGVfcGljLmRqYW5nby4xMDgwLmMyIn0&_nc_ht=instagram.fhan4-3.fna.fbcdn.net&_nc_cat=100&_nc_oc=Q6cZ2QGaW3_0Qzy1PZs7quLeIVPCvYNR8obvCK9FngqnyihmjCxIYvl7dcBJqJaTv1yt_cI&_nc_ohc=SEnYL6FT8LwQ7kNvwEVWLpE&_nc_gid=dJmQEHLn6FVeqivcgzIw1Q&edm=AJhczIQBAAAA&ccb=7-5&oh=00_Afo8DVJinn66iNONSicoo4WhR5vjWEUIvG9bL3sxiQyvgg&oe=69678A8C&_nc_sid=4a2096,8,0,66,1,0,['https://instagram.fhan4-3.fna.fbcdn.net/v/t51.2885-15/587828457_17927400831178824_4269193721046701132_n.webp?efg=eyJ2ZW5jb2RlX3RhZyI6InRocmVhZHMuQ0FST1VTRUxfSVRFTS5pbWFnZV91cmxnZW4uMjQzM3gxODk2LnNkci5mODI3ODcuZGVmYXVsdF9pbWFnZS5jMiJ9&_nc_ht=instagram.fhan4-3.fna.fbcdn.net&_nc_cat=100&_nc_oc=Q6cZ2QGaW3_0Qzy1PZs7quLeIVPCvYNR8obvCK9FngqnyihmjCxIYvl7dcBJqJaTv1yt_cI&_nc_ohc=-mzKeblIdkEQ7kNvwG1NTjw&_nc_gid=dJmQEHLn6FVeqivcgzIw1Q&edm=AJhczIQBAAAA&ccb=7-5&ig_cache_key=Mzc4NDYwNTQxMTIwNzk2OTA1OQ%3D%3D.3-ccb7-5&oh=00_Afo4-lvwvMkbyI2oWBkS-HWr6jpKDBdiiIwQTaTR0nCEAA&oe=6967905C&_nc_sid=4a2096'],,https://www.threads.net/@_yoru_0611/post/DSFnpMmkhcr,[],"{'likes': 66, 'reposts': 1, 'quotes': 0}",threads,3784605416719259435,Giang Bùi,DAV,"Mùa cuối kì ở ngôi trường mơ ước cùng 10% kiến thức và 100% sưu tầm ""the Winter Diplomacy 2025"" 
⛄❄",threads,65360482823,_yoru_0611
[],2026-01-10T08:18:31.940227+07:00,"Tổ chức của mình sẽ có 1 buổi thăm ĐSQ Vương Quốc Bahrain ở Tokyo vào thứ ba tuần tới. Ngôn ngữ sử dụng là tiếng Anh/Nhật. Nếu có hứng thú với Bahrain, international relations hay climate/environmental diplomacy thì các bạn có thể nhắn mình/comment bên dưới mình gửi chi tiết và link đăng ký nha",2025-11-19T10:58:05+07:00,,3769040697627182587,threads,threads.com,threads_crawler_v1,https://www.threads.net/@hihidorothie/post/DROUouWDwX7,https://instagram.fhan4-6.fna.fbcdn.net/v/t51.2885-19/434987040_434865768998828_1933640673511159691_n.jpg?stp=dst-jpg_s150x150_tt6&efg=eyJ2ZW5jb2RlX3RhZyI6InByb2ZpbGVfcGljLmRqYW5nby4xMDgwLmMyIn0&_nc_ht=instagram.fhan4-6.fna.fbcdn.net&_nc_cat=108&_nc_oc=Q6cZ2QGaW3_0Qzy1PZs7quLeIVPCvYNR8obvCK9FngqnyihmjCxIYvl7dcBJqJaTv1yt_cI&_nc_ohc=qReOymzwjp0Q7kNvwHOVRgC&_nc_gid=dJmQEHLn6FVeqivcgzIw1Q&edm=AJhczIQBAAAA&ccb=7-5&oh=00_Afo3yUlCqhukrSszpOxVy8aPUcCt8FDXodkZCL1m4od0iw&oe=6967844D&_nc_sid=4a2096,6,0,24,0,0,[],,https://www.threads.net/@hihidorothie/post/DROUouWDwX7,[],"{'likes': 24, 'reposts': 0, 'quotes': 0}",threads,3769040697627182587,Hihi Dorothie,du hoc sinh nhat,"Tổ chức của mình sẽ có 1 buổi thăm ĐSQ Vương Quốc Bahrain ở Tokyo vào thứ ba tuần tới. Ngôn ngữ sử dụng là tiếng Anh/Nhật. Nếu có hứng thú với Bahrain, international relations hay climate/environmental diplomacy thì các bạn có thể nhắn mình/comment bên dưới mình gửi chi tiết và link đăng ký nha",threads,65649211731,hihidorothie
[],2026-01-10T08:18:31.940255+07:00,"JD Vance just admitted the quiet part out loud.

He confirmed on camera that Jared Kushner—who holds no official government role—is ""the investor"" behind their Middle East peace plans.

They aren't conducting diplomacy. They are closing a family business deal.",2025-12-29T13:55:32+07:00,,3798120506038501243,threads,threads.com,threads_crawler_v1,https://www.threads.net/@beingliberal/post/DS1onoYjT97,https://instagram.fhan3-3.fna.fbcdn.net/v/t51.2885-19/524328149_17915777040119040_8699361297172719242_n.jpg?stp=dst-jpg_s150x150_tt6&efg=eyJ2ZW5jb2RlX3RhZyI6InByb2ZpbGVfcGljLmRqYW5nby4zMjAuYzIifQ&_nc_ht=instagram.fhan3-3.fna.fbcdn.net&_nc_cat=1&_nc_oc=Q6cZ2QGaW3_0Qzy1PZs7quLeIVPCvYNR8obvCK9FngqnyihmjCxIYvl7dcBJqJaTv1yt_cI&_nc_ohc=ispEgeRPbegQ7kNvwH6nmpX&_nc_gid=dJmQEHLn6FVeqivcgzIw1Q&edm=AJhczIQBAAAA&ccb=7-5&oh=00_AfqDWxCEQRiMHDp1LGIWS3bVbKMOXizrpWPuKnoo3vw-OA&oe=69676BE2&_nc_sid=4a2096,159,0,11192,1302,0,[],,https://www.threads.net/@beingliberal/post/DS1onoYjT97,[],"{'likes': 11192, 'reposts': 1259, 'quotes': 43}",threads,3798120506038501243,Being Liberal ®,,"JD Vance just admitted the quiet part out loud.

He confirmed on camera that Jared Kushner—who holds no official government role—is ""the investor"" behind their Middle East peace plans.

They aren't conducting diplomacy. They are closing a family business deal.",threads,63448031039,beingliberal
[],2026-01-10T08:18:31.940286+07:00,"📌 Nhật ký biên dịch - D40

1. Đối ngoại Đảng: Party Diplomacy
2. Hội nghị sơ kết 6 tháng đầu năm: mid-year review conference
3. Công nghiệp chế biến: processing industry
4. Giá trị gia tăng: added value
5. Khảo sát thực địa: field survey 
6. Được nâng tầm: grow in substance
7. Là điểm sáng: stand out
8. Đạt được kết quả: yield results
9. Theo hình thức cá nhân: on an individual basis",2025-09-29T20:02:29+07:00,,3732351140794351334,threads,threads.com,threads_crawler_v1,https://www.threads.net/@heyyachuu/post/DPL-ZZ0Ej7m,https://instagram.fhan3-3.fna.fbcdn.net/v/t51.2885-19/481597210_1430656957913113_6220893387493041730_n.jpg?stp=dst-jpg_s150x150_tt6&efg=eyJ2ZW5jb2RlX3RhZyI6InByb2ZpbGVfcGljLmRqYW5nby4xMDgwLmMyIn0&_nc_ht=instagram.fhan3-3.fna.fbcdn.net&_nc_cat=101&_nc_oc=Q6cZ2QGaW3_0Qzy1PZs7quLeIVPCvYNR8obvCK9FngqnyihmjCxIYvl7dcBJqJaTv1yt_cI&_nc_ohc=N3CyIKIPCMMQ7kNvwHStq2C&_nc_gid=dJmQEHLn6FVeqivcgzIw1Q&edm=AJhczIQBAAAA&ccb=7-5&oh=00_Afr_zVgNWd7hg_0ziziJje6I5ePdAksk56r7HtFHIfB6rg&oe=696795E4&_nc_sid=4a2096,2,0,838,101,0,[],,https://www.threads.net/@heyyachuu/post/DPL-ZZ0Ej7m,[],"{'likes': 838, 'reposts': 101, 'quotes': 0}",threads,3732351140794351334,Kha,,"📌 Nhật ký biên dịch - D40

1. Đối ngoại Đảng: Party Diplomacy
2. Hội nghị sơ kết 6 tháng đầu năm: mid-year review conference
3. Công nghiệp chế biến: processing industry
4. Giá trị gia tăng: added value
5. Khảo sát thực địa: field survey 
6. Được nâng tầm: grow in substance
7. Là điểm sáng: stand out
8. Đạt được kết quả: yield results
9. Theo hình thức cá nhân: on an individual basis",threads,63233895775,heyyachuu
[],2026-01-10T08:18:31.940325+07:00,"EUROPE JUST THREATENED TO DETONATE THE GLOBAL FINANCIAL SYSTEM

European officials are quietly discussing the unthinkable: dumping $2.3 trillion in US Treasury holdings if Trump cuts a Ukraine deal without them.

This is not diplomacy. This is mutually assured financial destruction.

The numbers are staggering.

The EU and UK combined hold more US debt than China. Enough to spike 10-year yield",2025-12-09T18:24:43+07:00,,3783761009581394388,threads,threads.com,threads_crawler_v1,https://www.threads.net/@joanloubot/post/DSCnpdLEonU,https://instagram.fhan4-3.fna.fbcdn.net/v/t51.2885-19/358813454_652268013602172_8853968849758956449_n.jpg?stp=dst-jpg_s150x150_tt6&efg=eyJ2ZW5jb2RlX3RhZyI6InByb2ZpbGVfcGljLmRqYW5nby45NTMuYzIifQ&_nc_ht=instagram.fhan4-3.fna.fbcdn.net&_nc_cat=100&_nc_oc=Q6cZ2QGaW3_0Qzy1PZs7quLeIVPCvYNR8obvCK9FngqnyihmjCxIYvl7dcBJqJaTv1yt_cI&_nc_ohc=ZKcuqfYMSkoQ7kNvwE-8lzW&_nc_gid=dJmQEHLn6FVeqivcgzIw1Q&edm=AJhczIQBAAAA&ccb=7-5&oh=00_Afq-RKe2SAE65kPW4zb4uxlkhjhWR6g-EsaJP8lFbuHthA&oe=696784E3&_nc_sid=4a2096,782,0,2424,194,0,[],,https://www.threads.net/@joanloubot/post/DSCnpdLEonU,[],"{'likes': 2424, 'reposts': 177, 'quotes': 17}",threads,3783761009581394388,Joan Loubot,,"EUROPE JUST THREATENED TO DETONATE THE GLOBAL FINANCIAL SYSTEM

European officials are quietly discussing the unthinkable: dumping $2.3 trillion in US Treasury holdings if Trump cuts a Ukraine deal without them.

This is not diplomacy. This is mutually assured financial destruction.

The numbers are staggering.

The EU and UK combined hold more US debt than China. Enough to spike 10-year yield",threads,63262443486,joanloubot
[],2026-01-10T08:18:31.940356+07:00,"Atmakaraka series:

VENUS

1. Soul’s Evolution Through Love, Beauty & Creativity, aesthetics, & artistic expression like painting, music, design, fashion, or any creative pursuit are central.
2. Relationships serve as Catalysts:
Partnerships aren’t optional but essential. They are about so much giving & receiving love even if Venus is afflicted or weak.
3. Negotiation, diplomacy, harmony are major growth areas indicating a potential career guiding others in relationships. Don’t overdo however.",2025-06-20T23:19:54+07:00,,3659248151040971370,threads,threads.com,threads_crawler_v1,https://www.threads.net/@astroscience_world/post/DLIQs5LzVJq,https://instagram.fhan3-4.fna.fbcdn.net/v/t51.2885-19/503033277_17845411203495160_1562670446290239945_n.jpg?stp=dst-jpg_s150x150_tt6&efg=eyJ2ZW5jb2RlX3RhZyI6InByb2ZpbGVfcGljLmRqYW5nby4xMDgwLmMyIn0&_nc_ht=instagram.fhan3-4.fna.fbcdn.net&_nc_cat=104&_nc_oc=Q6cZ2QGaW3_0Qzy1PZs7quLeIVPCvYNR8obvCK9FngqnyihmjCxIYvl7dcBJqJaTv1yt_cI&_nc_ohc=m0I1JEsBHzIQ7kNvwF5HEeM&_nc_gid=dJmQEHLn6FVeqivcgzIw1Q&edm=AJhczIQBAAAA&ccb=7-5&oh=00_AfrKkFDOk5QUC0cNycgL3GeMSNYF-_fbtGBsKTnkUhliTw&oe=69676FD0&_nc_sid=4a2096,3,0,20,1,0,[],,https://www.threads.net/@astroscience_world/post/DLIQs5LzVJq,[],"{'likes': 20, 'reposts': 1, 'quotes': 0}",threads,3659248151040971370,AstroScience,,"Atmakaraka series:

VENUS

1. Soul’s Evolution Through Love, Beauty & Creativity, aesthetics, & artistic expression like painting, music, design, fashion, or any creative pursuit are central.
2. Relationships serve as Catalysts:
Partnerships aren’t optional but essential. They are about so much giving & receiving love even if Venus is afflicted or weak.
3. Negotiation, diplomacy, harmony are major growth areas indicating a potential career guiding others in relationships. Don’t overdo however.",threads,74971619656,astroscience_world
[],2026-01-10T08:18:31.940384+07:00,Diplomacy on Peaked? Yaa phir!!,2026-01-08T17:10:27+07:00,,3805466887627893944,threads,threads.com,threads_crawler_v1,https://www.threads.net/@shyammeerasingh/post/DTPu_jZkmy4,https://instagram.fhan4-6.fna.fbcdn.net/v/t51.2885-19/358005065_925934685166424_3877413145512669107_n.jpg?stp=dst-jpg_s150x150_tt6&efg=eyJ2ZW5jb2RlX3RhZyI6InByb2ZpbGVfcGljLmRqYW5nby4xMDgwLmMyIn0&_nc_ht=instagram.fhan4-6.fna.fbcdn.net&_nc_cat=108&_nc_oc=Q6cZ2QGaW3_0Qzy1PZs7quLeIVPCvYNR8obvCK9FngqnyihmjCxIYvl7dcBJqJaTv1yt_cI&_nc_ohc=TFx3Prcf86AQ7kNvwFS3yFL&_nc_gid=dJmQEHLn6FVeqivcgzIw1Q&edm=AJhczIQBAAAA&ccb=7-5&oh=00_AfpySMVQXqAD0YlCmIXidiO_ekBr0GgQzFxWMrDBCaRy3Q&oe=69676C42&_nc_sid=4a2096,65,0,478,28,0,"['https://instagram.fhan4-1.fna.fbcdn.net/v/t51.2885-15/610560159_807659128953293_3719306454050432562_n.jpg?se=-1&stp=dst-jpegr_e15_tt6&efg=eyJ2ZW5jb2RlX3RhZyI6InRocmVhZHMuRkVFRC5pbWFnZV91cmxnZW4uNjQweDExMzYuaGRyLmY3MTg3OC5kZWZhdWx0X2NvdmVyX2ZyYW1lLmMyIn0&_nc_ht=instagram.fhan4-1.fna.fbcdn.net&_nc_cat=105&_nc_oc=Q6cZ2QGaW3_0Qzy1PZs7quLeIVPCvYNR8obvCK9FngqnyihmjCxIYvl7dcBJqJaTv1yt_cI&_nc_ohc=49KtITn37KcQ7kNvwFnHOik&_nc_gid=dJmQEHLn6FVeqivcgzIw1Q&edm=AJhczIQBAAAA&ccb=7-5&ig_cache_key=MzgwNTQ2Njg4NzYyNzg5Mzk0NA%3D%3D.3-ccb7-5&oh=00_AfrbmzsUAAlvjk3R259M9uPMGYEJr8YoxXoUT-FCorBl9A&oe=696790B2&_nc_sid=4a2096', 'https://instagram.fhan3-2.fna.fbcdn.net/o1/v/t2/f2/m86/AQPeobh-Od1TzWXiwCdUoRxmw6G7QY4G6oPmeO3KFk_genvZguo-fzchRtulr4LrThKnbWQhO_aNrV5IDPYaOucFw2zxN1c5T1VFSSU.mp4?_nc_cat=107&_nc_oc=AdksGL5Ca8a_t_ZPWt_fJleM8A-vAc-EKjc_985k0eYqFzXUVLAw5ji2hF_rp0TjT7Q&_nc_sid=5e9851&_nc_ht=instagram.fhan3-2.fna.fbcdn.net&_nc_ohc=udeLDBohDmkQ7kNvwEZ3om2&efg=eyJ2ZW5jb2RlX3RhZyI6Inhwdl9wcm9ncmVzc2l2ZS5JTlNUQUdSQU0uRkVFRC5DMy43MjAuZGFzaF9iYXNlbGluZV8xX3YxIiwieHB2X2Fzc2V0X2lkIjoxNzkzNjUyNTA5MTEyMDc5MywiYXNzZXRfYWdlX2RheXMiOjEsInZpX3VzZWNhc2VfaWQiOjEwMDk5LCJkdXJhdGlvbl9zIjo3MSwidXJsZ2VuX3NvdXJjZSI6Ind3dyJ9&ccb=17-1&vs=bbd0799148af276b&_nc_vs=HBksFQIYUmlnX3hwdl9yZWVsc19wZXJtYW5lbnRfc3JfcHJvZC84MTRCNDVFQjI3NzI2REZCMURBQ0RGQjk2NDFGRjU4RF92aWRlb19kYXNoaW5pdC5tcDQVAALIARIAFQIYOnBhc3N0aHJvdWdoX2V2ZXJzdG9yZS9HR2pWZlNSbDlWdk5rYzROQUJSR3FCczBydE1qYnN0VEFRQUYVAgLIARIAKAAYABsCiAd1c2Vfb2lsATEScHJvZ3Jlc3NpdmVfcmVjaXBlATEVAAAmspr96JXL3D8VAigCQzMsF0BR5DlYEGJOGBJkYXNoX2Jhc2VsaW5lXzFfdjERAHXqB2XmnQEA&_nc_gid=dJmQEHLn6FVeqivcgzIw1Q&_nc_zt=28&oh=00_Afr2pxAkf9sljU6DLyKS4C7Kdkt_aKBt6-uwYlxtu27f2A&oe=69638934']",,https://www.threads.net/@shyammeerasingh/post/DTPu_jZkmy4,[],"{'likes': 478, 'reposts': 28, 'quotes': 0}",threads,3805466887627893944,Shyam Meera Singh,,Diplomacy on Peaked? Yaa phir!!,threads,63614408792,shyammeerasingh
[],2026-01-10T08:18:31.940412+07:00,"1. Jared Kushner's trip to Moscow yesterday was not just unethical; it was illegal. 

You cannot accept tens of millions of dollars from foreign governments and simultaneously conduct high-level diplomacy for the federal government. 

It says it right in the Constitution.",2025-12-03T20:45:59+07:00,,3779483431626180961,threads,threads.com,threads_crawler_v1,https://www.threads.net/@realjuddlegum/post/DRzbCgQjYlh,https://instagram.fhan4-3.fna.fbcdn.net/v/t51.2885-19/358168850_1528643217543420_2907506892547880087_n.jpg?stp=dst-jpg_s150x150_tt6&efg=eyJ2ZW5jb2RlX3RhZyI6InByb2ZpbGVfcGljLmRqYW5nby40MDAuYzIifQ&_nc_ht=instagram.fhan4-3.fna.fbcdn.net&_nc_cat=100&_nc_oc=Q6cZ2QGaW3_0Qzy1PZs7quLeIVPCvYNR8obvCK9FngqnyihmjCxIYvl7dcBJqJaTv1yt_cI&_nc_ohc=7_j_t0bVFaIQ7kNvwHqiqas&_nc_gid=dJmQEHLn6FVeqivcgzIw1Q&edm=AJhczIQBAAAA&ccb=7-5&oh=00_AfoyqMVyOgZ9hZYuBtrF5w1IRDqtZ4dfMAWq3q1ydA-J8w&oe=69678685&_nc_sid=4a2096,226,0,17221,2227,0,[],,https://www.threads.net/@realjuddlegum/post/DRzbCgQjYlh,[],"{'likes': 17221, 'reposts': 2148, 'quotes': 79}",threads,3779483431626180961,Judd Legum,,"1. Jared Kushner's trip to Moscow yesterday was not just unethical; it was illegal. 

You cannot accept tens of millions of dollars from foreign governments and simultaneously conduct high-level diplomacy for the federal government. 

It says it right in the Constitution.",threads,63100305727,realjuddlegum
[],2026-01-10T08:18:31.940440+07:00,"To make it perfectly clear once again: my compatriots were shackled by the Americans and paraded publicly — as is the U.S. tradition. 

For anyone, but especially for East Asians, this is profoundly humiliating. We will not forget this insult anytime soon, and we will be recalculating our investments there.

We are not imperial Japan, upon whom you may drop your discriminatory bombs.
We… we do not want this, but we can live without you.",2025-09-10T21:50:42+07:00,,3718634872295607585,threads,threads.com,threads_crawler_v1,https://www.threads.net/@pyj.rok/post/DObPrbUj00h,https://instagram.fhan4-1.fna.fbcdn.net/v/t51.2885-19/591164134_17938267374099401_7517521728046473802_n.jpg?stp=dst-jpg_s150x150_tt6&efg=eyJ2ZW5jb2RlX3RhZyI6InByb2ZpbGVfcGljLmRqYW5nby4xMDgwLmMyIn0&_nc_ht=instagram.fhan4-1.fna.fbcdn.net&_nc_cat=105&_nc_oc=Q6cZ2QGaW3_0Qzy1PZs7quLeIVPCvYNR8obvCK9FngqnyihmjCxIYvl7dcBJqJaTv1yt_cI&_nc_ohc=tAUiIqtXMXIQ7kNvwHWoYT3&_nc_gid=dJmQEHLn6FVeqivcgzIw1Q&edm=AJhczIQBAAAA&ccb=7-5&oh=00_Afplksfc6tJnt7TmPT_KqtE0uVndOaKbgKOlq93QAWlyBQ&oe=6967785A&_nc_sid=4a2096,576,0,9244,856,0,['https://instagram.fhan4-1.fna.fbcdn.net/v/t51.2885-15/543032589_17929132419099401_5489685316122430034_n.webp?efg=eyJ2ZW5jb2RlX3RhZyI6InRocmVhZHMuRkVFRC5pbWFnZV91cmxnZW4uOTcyeDY0OC5zZHIuZjgyNzg3LmRlZmF1bHRfaW1hZ2UuYzIifQ&_nc_ht=instagram.fhan4-1.fna.fbcdn.net&_nc_cat=105&_nc_oc=Q6cZ2QGaW3_0Qzy1PZs7quLeIVPCvYNR8obvCK9FngqnyihmjCxIYvl7dcBJqJaTv1yt_cI&_nc_ohc=65O1fceZcf8Q7kNvwE3UQON&_nc_gid=dJmQEHLn6FVeqivcgzIw1Q&edm=AJhczIQBAAAA&ccb=7-5&ig_cache_key=MzcxODYzNDg3MjI5NTYwNzU4NQ%3D%3D.3-ccb7-5&oh=00_AfptNzHS9J0NoUwLN4uZrJ-SBGO66ADNiargdjUl4bQJRg&oe=69677109&_nc_sid=4a2096'],,https://www.threads.net/@pyj.rok/post/DObPrbUj00h,[],"{'likes': 9244, 'reposts': 798, 'quotes': 58}",threads,3718634872295607585,박영재,Diplomacy,"To make it perfectly clear once again: my compatriots were shackled by the Americans and paraded publicly — as is the U.S. tradition. 

For anyone, but especially for East Asians, this is profoundly humiliating. We will not forget this insult anytime soon, and we will be recalculating our investments there.

We are not imperial Japan, upon whom you may drop your discriminatory bombs.
We… we do not want this, but we can live without you.",threads,63075515400,pyj.rok
[],2026-01-10T08:18:31.940501+07:00,"🔺6th House: The Sign That Reveals Your Enemies

Your 6th house shows
who challenges you…
and what you must overcome to rise.

⸻

♈ Aries Ascendant — Virgo 6H
Enemies are calculating, intelligent, perfectionist.
They attack through criticism, flaws, and routine disruptions.

♉ Taurus Ascendant — Libra 6H
Enemies act sweet but play politics.
People who wear diplomacy as a mask.

♊ Gemini Ascendant — Scorpio 6H
Hidden haters, jealousy, manipulation.
Power struggles and secret plots.
⬇️",2025-12-10T17:29:39+07:00,,3784458066390488697,threads,threads.com,threads_crawler_v1,https://www.threads.net/@sts.astro/post/DSFGI96kRZ5,https://instagram.fhan3-3.fna.fbcdn.net/v/t51.2885-19/602171341_17859061824568451_7507069071270765162_n.jpg?stp=dst-jpg_s150x150_tt6&efg=eyJ2ZW5jb2RlX3RhZyI6InByb2ZpbGVfcGljLmRqYW5nby45NzIuYzIifQ&_nc_ht=instagram.fhan3-3.fna.fbcdn.net&_nc_cat=111&_nc_oc=Q6cZ2QGaW3_0Qzy1PZs7quLeIVPCvYNR8obvCK9FngqnyihmjCxIYvl7dcBJqJaTv1yt_cI&_nc_ohc=jHE50HWrpscQ7kNvwE_UpVY&_nc_gid=dJmQEHLn6FVeqivcgzIw1Q&edm=AJhczIQBAAAA&ccb=7-5&oh=00_AfrVSEf2voBspjbcXsP0cASNS-16h1W7LTMoszsFzkZOhw&oe=69678B92&_nc_sid=4a2096,24,0,99,11,0,[],,https://www.threads.net/@sts.astro/post/DSFGI96kRZ5,[],"{'likes': 99, 'reposts': 10, 'quotes': 1}",threads,3784458066390488697,ShadowsToSun Astro by Swayam,Astrology Threads,"🔺6th House: The Sign That Reveals Your Enemies

Your 6th house shows
who challenges you…
and what you must overcome to rise.

⸻

♈ Aries Ascendant — Virgo 6H
Enemies are calculating, intelligent, perfectionist.
They attack through criticism, flaws, and routine disruptions.

♉ Taurus Ascendant — Libra 6H
Enemies act sweet but play politics.
People who wear diplomacy as a mask.

♊ Gemini Ascendant — Scorpio 6H
Hidden haters, jealousy, manipulation.
Power struggles and secret plots.
⬇️",threads,77149544450,sts.astro
[],2026-01-10T08:18:31.940535+07:00,"Russia, China and the US are competing for influence in the Arctic. 

The Arctic should not be militarised.

Diplomacy and EU-NATO cooperation are crucial.",2025-12-14T19:26:10+07:00,,3787415815382117620,threads,threads.com,threads_crawler_v1,https://www.threads.net/@europeanparliament/post/DSPmp4UjCz0,https://instagram.fhan4-1.fna.fbcdn.net/v/t51.2885-19/410783501_1010526473368973_5913498680179141684_n.jpg?stp=dst-jpg_s150x150_tt6&efg=eyJ2ZW5jb2RlX3RhZyI6InByb2ZpbGVfcGljLmRqYW5nby40MDAuYzIifQ&_nc_ht=instagram.fhan4-1.fna.fbcdn.net&_nc_cat=105&_nc_oc=Q6cZ2QGquq4vm3EiLWvZhYvcL5uJgdOgNttta0sburF1Tk34-BC3lvcHk00oIJIgdOhIYz4&_nc_ohc=7f3H7NrW7qcQ7kNvwFb-BPU&_nc_gid=E1As0y_FjvkgnN8J1n62-Q&edm=AJhczIQBAAAA&ccb=7-5&oh=00_Afom1ctP2GOaFzbDjrya0PAmlE6qUw1lMZBjNTdJdPgwSQ&oe=69676C97&_nc_sid=4a2096,60,0,3307,197,0,[],,https://www.threads.net/@europeanparliament/post/DSPmp4UjCz0,[],"{'likes': 3307, 'reposts': 187, 'quotes': 10}",threads,3787415815382117620,European Parliament,,"Russia, China and the US are competing for influence in the Arctic. 

The Arctic should not be militarised.

Diplomacy and EU-NATO cooperation are crucial.",threads,63217537084,europeanparliament
[],2026-01-10T08:18:31.940564+07:00,"PMX diplomacy skill memang top notch! 
Birthday celebration President Brazil during ASEAN Gala Dinner.  Legendary!",2025-10-27T21:14:02+07:00,,3752679920824832851,threads,threads.com,threads_crawler_v1,https://www.threads.net/@aizzatnordin/post/DQUMoFkgVNT,https://instagram.fhan3-4.fna.fbcdn.net/v/t51.2885-19/530334814_18539339209032690_2288075694143046215_n.jpg?stp=dst-jpg_s150x150_tt6&efg=eyJ2ZW5jb2RlX3RhZyI6InByb2ZpbGVfcGljLmRqYW5nby4xMDgwLmMyIn0&_nc_ht=instagram.fhan3-4.fna.fbcdn.net&_nc_cat=106&_nc_oc=Q6cZ2QGquq4vm3EiLWvZhYvcL5uJgdOgNttta0sburF1Tk34-BC3lvcHk00oIJIgdOhIYz4&_nc_ohc=LxISNOi9JUYQ7kNvwEO6JnH&_nc_gid=E1As0y_FjvkgnN8J1n62-Q&edm=AJhczIQBAAAA&ccb=7-5&oh=00_AfoKf9rdWRGXb9uexnNX0kt9XFn9fFrkAQCUo2reqFoLOQ&oe=696783D8&_nc_sid=4a2096,115,0,5968,604,0,"['https://instagram.fhan4-3.fna.fbcdn.net/v/t51.2885-15/572571060_1837570256967336_8938799208507887525_n.jpg?stp=dst-jpg_e15_tt6&efg=eyJ2ZW5jb2RlX3RhZyI6InRocmVhZHMuRkVFRC5pbWFnZV91cmxnZW4uNjQweDExMzYuc2RyLmY3MTg3OC5kZWZhdWx0X2NvdmVyX2ZyYW1lLmMyIn0&_nc_ht=instagram.fhan4-3.fna.fbcdn.net&_nc_cat=100&_nc_oc=Q6cZ2QGquq4vm3EiLWvZhYvcL5uJgdOgNttta0sburF1Tk34-BC3lvcHk00oIJIgdOhIYz4&_nc_ohc=5zIN6hSr8oEQ7kNvwG66ECn&_nc_gid=E1As0y_FjvkgnN8J1n62-Q&edm=AJhczIQBAAAA&ccb=7-5&ig_cache_key=Mzc1MjY3OTkyMDgyNDgzMjg1MQ%3D%3D.3-ccb7-5&oh=00_AfpZt7xJQGmqyWl1HGrpH8lGBFYbQGP3_6uehk99-Uktzw&oe=69679489&_nc_sid=4a2096', 'https://instagram.fhan3-3.fna.fbcdn.net/o1/v/t16/f2/m84/AQM-hTGDck8BWu_4yJoX86THxMnolkw-3bzN0rGLhdm_0eFKR8gB2JdWl2fhocxYUwfGCnvOtShfrpfv4WnmJdIa8o_aJykx_49rT8w.mp4?_nc_cat=111&_nc_oc=Adk500rWYLy7LMancM2GbsRJQq6NSm1UtKncSAaE-impEXJFLTAtmyJPMQo0voQVI5E&_nc_sid=5e9851&_nc_ht=instagram.fhan3-3.fna.fbcdn.net&_nc_ohc=uEy73n_-B_cQ7kNvwHvnWhn&efg=eyJ2ZW5jb2RlX3RhZyI6Inhwdl9wcm9ncmVzc2l2ZS5JTlNUQUdSQU0uRkVFRC5DMy43MjAuZGFzaF9iYXNlbGluZV8xX3YxIiwieHB2X2Fzc2V0X2lkIjoyOTQ4NTM1ODEyMDAwNTI1LCJhc3NldF9hZ2VfZGF5cyI6NzQsInZpX3VzZWNhc2VfaWQiOjEwMTY0LCJkdXJhdGlvbl9zIjoxOCwidXJsZ2VuX3NvdXJjZSI6Ind3dyJ9&ccb=17-1&_nc_gid=E1As0y_FjvkgnN8J1n62-Q&_nc_zt=28&vs=34e94e2aa061d54c&_nc_vs=HBksFQIYTGlnX2JhY2tmaWxsX3RpbWVsaW5lX3ZvZC8yMDQ4RjQzNjc1M0YxODQzMzgyMUE2QkE5OUJBOUI5RV92aWRlb19kYXNoaW5pdC5tcDQVAALIARIAFQIYOnBhc3N0aHJvdWdoX2V2ZXJzdG9yZS9HR0hHSmlMdnZjQkR2UkFMQUhXYnIzSV80amxLYnNwVEFRQUYVAgLIARIAKAAYABsCiAd1c2Vfb2lsATEScHJvZ3Jlc3NpdmVfcmVjaXBlATEVAAAmmqz02q_rvAoVAigCQzMsF0AyXbItDlYEGBJkYXNoX2Jhc2VsaW5lXzFfdjERAHXqB2XongEA&oh=00_AfpTyJgb__P58cTO44BgN2sTuVQ_BLXYzYvloH3M9fm0oA&oe=69636E15']",,https://www.threads.net/@aizzatnordin/post/DQUMoFkgVNT,[],"{'likes': 5968, 'reposts': 589, 'quotes': 15}",threads,3752679920824832851,Aizzat Nordin,ASEAN47,"PMX diplomacy skill memang top notch! 
Birthday celebration President Brazil during ASEAN Gala Dinner.  Legendary!",threads,63295272689,aizzatnordin
[],2026-01-10T08:18:31.940592+07:00,"Từ vựng về: Hòa bình và Chiến tranh 🌏

1. Peace /piːs/ – hòa bình
2. Harmony /ˈhɑːrməni/ – sự hài hòa
3. Treaty /ˈtriːti/ – hiệp ước
4. Alliance /əˈlaɪəns/ – liên minh
5. Diplomacy /dɪˈploʊməsi/ – ngoại giao
6. Negotiation /nɪˌɡoʊʃiˈeɪʃn/ – đàm phán
7. Agreement /əˈɡriːmənt/ – thỏa thuận
8. Reconciliation /ˌrekənsɪliˈeɪʃn/ – sự hòa giải
9. Ceasefire /ˈsiːsfaɪər/ – lệnh ngừng bắn
10. Disarmament /dɪsˈɑːrməmənt/ – giải trừ vũ khí",2025-08-24T22:41:12+07:00,,3706339101841311468,threads,threads.com,threads_crawler_v1,https://www.threads.net/@ieltsonlinetestsvn/post/DNvj8auZEbs,https://instagram.fhan3-4.fna.fbcdn.net/v/t51.2885-19/435256012_969600558107248_8900008687267046861_n.jpg?stp=dst-jpg_s150x150_tt6&efg=eyJ2ZW5jb2RlX3RhZyI6InByb2ZpbGVfcGljLmRqYW5nby4zNjAuYzIifQ&_nc_ht=instagram.fhan3-4.fna.fbcdn.net&_nc_cat=104&_nc_oc=Q6cZ2QGquq4vm3EiLWvZhYvcL5uJgdOgNttta0sburF1Tk34-BC3lvcHk00oIJIgdOhIYz4&_nc_ohc=CSXLwv-MCh4Q7kNvwF8V--3&_nc_gid=E1As0y_FjvkgnN8J1n62-Q&edm=AJhczIQBAAAA&ccb=7-5&oh=00_AfocpHFThoGyc9SjEsWRm_mKby3PQy_TdJC3iFW943uwmA&oe=6967922E&_nc_sid=4a2096,2,0,156,17,0,[],,https://www.threads.net/@ieltsonlinetestsvn/post/DNvj8auZEbs,[],"{'likes': 156, 'reposts': 17, 'quotes': 0}",threads,3706339101841311468,IELTS Online Tests,,"Từ vựng về: Hòa bình và Chiến tranh 🌏

1. Peace /piːs/ – hòa bình
2. Harmony /ˈhɑːrməni/ – sự hài hòa
3. Treaty /ˈtriːti/ – hiệp ước
4. Alliance /əˈlaɪəns/ – liên minh
5. Diplomacy /dɪˈploʊməsi/ – ngoại giao
6. Negotiation /nɪˌɡoʊʃiˈeɪʃn/ – đàm phán
7. Agreement /əˈɡriːmənt/ – thỏa thuận
8. Reconciliation /ˌrekənsɪliˈeɪʃn/ – sự hòa giải
9. Ceasefire /ˈsiːsfaɪər/ – lệnh ngừng bắn
10. Disarmament /dɪsˈɑːrməmənt/ – giải trừ vũ khí",threads,65806398639,ieltsonlinetestsvn
[],2026-01-10T08:18:31.940621+07:00,"🚨This Is  HUGE: Denmark Just Called an Emergency Meeting Over Trump & Greenland 🚨
The Danish Foreign Affairs Committee held a classified, closed-door emergency session today in response to Trump’s statements about Greenland.
This isn’t diplomacy theater — it’s Europe taking real action to stop potential U.S. moves before they escalate.
⚡ Why it matters:
Greenland = strategic Arctic territory.
Denmark’s swift, secret meeting = serious international pushback.",2026-01-07T06:43:21+07:00,,3804426498941725562,threads,threads.com,threads_crawler_v1,https://www.threads.net/@seachele420/post/DTMCb57gSt6,https://instagram.fhan3-3.fna.fbcdn.net/v/t51.2885-19/604381439_17937904701105875_6559735143727612320_n.jpg?stp=dst-jpg_s150x150_tt6&efg=eyJ2ZW5jb2RlX3RhZyI6InByb2ZpbGVfcGljLmRqYW5nby4xMDc2LmMyIn0&_nc_ht=instagram.fhan3-3.fna.fbcdn.net&_nc_cat=111&_nc_oc=Q6cZ2QGquq4vm3EiLWvZhYvcL5uJgdOgNttta0sburF1Tk34-BC3lvcHk00oIJIgdOhIYz4&_nc_ohc=boh8cAWicOsQ7kNvwGcRtb3&_nc_gid=E1As0y_FjvkgnN8J1n62-Q&edm=AJhczIQBAAAA&ccb=7-5&oh=00_AfodsRVseW1xl4gJloqc0Ypjlg_yUX6uATs8Nm4A2sbAXw&oe=69678AB6&_nc_sid=4a2096,2,0,17,4,0,[],,https://www.threads.net/@seachele420/post/DTMCb57gSt6,[],"{'likes': 17, 'reposts': 4, 'quotes': 0}",threads,3804426498941725562,Stephanie Michele Walker-Harmon,BreakingNews,"🚨This Is  HUGE: Denmark Just Called an Emergency Meeting Over Trump & Greenland 🚨
The Danish Foreign Affairs Committee held a classified, closed-door emergency session today in response to Trump’s statements about Greenland.
This isn’t diplomacy theater — it’s Europe taking real action to stop potential U.S. moves before they escalate.
⚡ Why it matters:
Greenland = strategic Arctic territory.
Denmark’s swift, secret meeting = serious international pushback.",threads,63280513874,seachele420
[],2026-01-10T08:18:31.940649+07:00,"Từ vựng chủ đề chính trị, lưu ngay còn đọc tin tức cho dễ hiểu nè 🫣
1.	Democracy (n) - dân chủ
2.	Election (n) - bầu cử
3.	Candidate (n) - ứng cử viên
4.	Policy (n) - chính sách
5.	Government (n) - chính phủ
6.	Parliament (n) - quốc hội
7.	Diplomacy (n) - ngoại giao
8.	Opposition (n) - phe đối lập
9.	Reform (n/v) - cải cách
10.	Constitution (n) - hiến pháp",2025-09-16T21:33:59+07:00,,3722975108714697075,threads,threads.com,threads_crawler_v1,https://www.threads.net/@iac.english/post/DOqqiLej5Fz,https://instagram.fhan4-5.fna.fbcdn.net/v/t51.2885-19/588025885_17915102928238395_6345705940293042159_n.jpg?stp=dst-jpg_s150x150_tt6&efg=eyJ2ZW5jb2RlX3RhZyI6InByb2ZpbGVfcGljLmRqYW5nby4xMDgwLmMyIn0&_nc_ht=instagram.fhan4-5.fna.fbcdn.net&_nc_cat=103&_nc_oc=Q6cZ2QGquq4vm3EiLWvZhYvcL5uJgdOgNttta0sburF1Tk34-BC3lvcHk00oIJIgdOhIYz4&_nc_ohc=PZJE8fs_HlcQ7kNvwGaTvQn&_nc_gid=E1As0y_FjvkgnN8J1n62-Q&edm=AJhczIQBAAAA&ccb=7-5&oh=00_Afp-hHGBZRbagKrNE-OeMM1ZcYazXAzNXG2F7To6x3HgAw&oe=69675FB5&_nc_sid=4a2096,0,0,116,22,0,[],,https://www.threads.net/@iac.english/post/DOqqiLej5Fz,[],"{'likes': 116, 'reposts': 22, 'quotes': 0}",threads,3722975108714697075,IAC English,,"Từ vựng chủ đề chính trị, lưu ngay còn đọc tin tức cho dễ hiểu nè 🫣
1.	Democracy (n) - dân chủ
2.	Election (n) - bầu cử
3.	Candidate (n) - ứng cử viên
4.	Policy (n) - chính sách
5.	Government (n) - chính phủ
6.	Parliament (n) - quốc hội
7.	Diplomacy (n) - ngoại giao
8.	Opposition (n) - phe đối lập
9.	Reform (n/v) - cải cách
10.	Constitution (n) - hiến pháp",threads,67105318394,iac.english
[],2026-01-10T08:18:31.940685+07:00,"FACTS ABOUT DR. S JAI SHANKAR :-

Dr S Jaishankar married to a Japanese woman Kyoko., has two sons—Dhruva and Arjun—and a daughter, Medha.

He is the son of K Subrahmanyam, Ex-IAS and topper of his batch. A strategic thinker and doyen of nuclear diplomacy.

Aged 67 , he speaks Tamil, Hindi, English, Russian, Japanese, Chinese and some Hungarian.",2025-09-11T16:29:58+07:00,,3719198211857972004,threads,threads.com,threads_crawler_v1,https://www.threads.net/@anurag.decodes/post/DOdPxGLD_sk,https://instagram.fhan4-6.fna.fbcdn.net/v/t51.2885-19/552492005_17851749255552788_5204480796209453850_n.jpg?stp=dst-jpg_s150x150_tt6&efg=eyJ2ZW5jb2RlX3RhZyI6InByb2ZpbGVfcGljLmRqYW5nby4xMDgwLmMyIn0&_nc_ht=instagram.fhan4-6.fna.fbcdn.net&_nc_cat=108&_nc_oc=Q6cZ2QGquq4vm3EiLWvZhYvcL5uJgdOgNttta0sburF1Tk34-BC3lvcHk00oIJIgdOhIYz4&_nc_ohc=mFo1hRowj-gQ7kNvwEl3pIv&_nc_gid=E1As0y_FjvkgnN8J1n62-Q&edm=AJhczIQBAAAA&ccb=7-5&oh=00_Afq11FqoKf2RFqHj24mcgdefiNYuQnIhuTwub4cUgVd7yg&oe=696767AC&_nc_sid=4a2096,379,0,7564,90,0,['https://instagram.fhan4-6.fna.fbcdn.net/v/t51.2885-15/543840099_17849546784552788_6738568616784803126_n.webp?efg=eyJ2ZW5jb2RlX3RhZyI6InRocmVhZHMuRkVFRC5pbWFnZV91cmxnZW4uMTA4MHgxMjg1LnNkci5mODI3ODcuZGVmYXVsdF9pbWFnZS5jMiJ9&_nc_ht=instagram.fhan4-6.fna.fbcdn.net&_nc_cat=108&_nc_oc=Q6cZ2QGquq4vm3EiLWvZhYvcL5uJgdOgNttta0sburF1Tk34-BC3lvcHk00oIJIgdOhIYz4&_nc_ohc=Y6Ic0T7pYqgQ7kNvwH3q3Qd&_nc_gid=E1As0y_FjvkgnN8J1n62-Q&edm=AJhczIQBAAAA&ccb=7-5&ig_cache_key=MzcxOTE5ODIxMTg1Nzk3MjAwNA%3D%3D.3-ccb7-5&oh=00_AfqO4x-vkmKK8cvDjUinRdDi7aWfttwZMfhGc4x1MaLSAA&oe=6967662B&_nc_sid=4a2096'],,https://www.threads.net/@anurag.decodes/post/DOdPxGLD_sk,[],"{'likes': 7564, 'reposts': 83, 'quotes': 7}",threads,3719198211857972004,Anurag Sharma,,"FACTS ABOUT DR. S JAI SHANKAR :-

Dr S Jaishankar married to a Japanese woman Kyoko., has two sons—Dhruva and Arjun—and a daughter, Medha.

He is the son of K Subrahmanyam, Ex-IAS and topper of his batch. A strategic thinker and doyen of nuclear diplomacy.

Aged 67 , he speaks Tamil, Hindi, English, Russian, Japanese, Chinese and some Hungarian.",threads,76781776787,anurag.decodes
[],2026-01-10T08:18:31.940712+07:00,"“We will fix India.”
“India will say sorry in 2 months.”
“India should leave BRICS.”
These are not casual remarks infact statements coming straight from the US Commerce Ministry.
India believes in diplomacy, yes. But how long do we keep swallowing insults in silence? Why the soft approach every single time?
Isn’t it time New Delhi responds with equal, if not stronger, words? Or are we still stuck believing that silence is some magic policy that protects national interest?",2025-09-28T17:30:49+07:00,,3731550031657816882,threads,threads.com,threads_crawler_v1,https://www.threads.net/@ravi_ranjan_12/post/DPJIPuyj9My,https://instagram.fhan4-3.fna.fbcdn.net/v/t51.2885-19/588636948_17932057152170856_643721462573394009_n.jpg?stp=dst-jpg_s150x150_tt6&efg=eyJ2ZW5jb2RlX3RhZyI6InByb2ZpbGVfcGljLmRqYW5nby4xMDgwLmMyIn0&_nc_ht=instagram.fhan4-3.fna.fbcdn.net&_nc_cat=100&_nc_oc=Q6cZ2QGquq4vm3EiLWvZhYvcL5uJgdOgNttta0sburF1Tk34-BC3lvcHk00oIJIgdOhIYz4&_nc_ohc=F4L78FWeMxMQ7kNvwG73y77&_nc_gid=E1As0y_FjvkgnN8J1n62-Q&edm=AJhczIQBAAAA&ccb=7-5&oh=00_Afq-_egXo5zPK0KzFeXByyqC_-1VudZhxuNexN9fZzB8XQ&oe=69677A91&_nc_sid=4a2096,658,0,1306,29,0,['https://instagram.fhan4-3.fna.fbcdn.net/v/t51.2885-15/555429283_17923045518170856_1039633865862396987_n.jpg?stp=dst-jpg_e35_tt6&efg=eyJ2ZW5jb2RlX3RhZyI6InRocmVhZHMuRkVFRC5pbWFnZV91cmxnZW4uMTIwMHg2NzUuc2RyLmY4Mjc4Ny5kZWZhdWx0X2ltYWdlLmMyIn0&_nc_ht=instagram.fhan4-3.fna.fbcdn.net&_nc_cat=100&_nc_oc=Q6cZ2QGquq4vm3EiLWvZhYvcL5uJgdOgNttta0sburF1Tk34-BC3lvcHk00oIJIgdOhIYz4&_nc_ohc=NXY3l5cULb8Q7kNvwH4o5m1&_nc_gid=E1As0y_FjvkgnN8J1n62-Q&edm=AJhczIQBAAAA&ccb=7-5&ig_cache_key=MzczMTU1MDAzMTY1NzgxNjg4Mg%3D%3D.3-ccb7-5&oh=00_Afppy7U7c_pKbsdouS1j-KAeIY9FxYhnGmiPA-N3UvVkXg&oe=69677404&_nc_sid=4a2096'],,https://www.threads.net/@ravi_ranjan_12/post/DPJIPuyj9My,[],"{'likes': 1306, 'reposts': 28, 'quotes': 1}",threads,3731550031657816882,Ravi Ranjan,India,"“We will fix India.”
“India will say sorry in 2 months.”
“India should leave BRICS.”
These are not casual remarks infact statements coming straight from the US Commerce Ministry.
India believes in diplomacy, yes. But how long do we keep swallowing insults in silence? Why the soft approach every single time?
Isn’t it time New Delhi responds with equal, if not stronger, words? Or are we still stuck believing that silence is some magic policy that protects national interest?",threads,65221650855,ravi_ranjan_12
[],2026-01-10T08:18:31.940762+07:00,"Joking is one of the ways of diplomacy.. 
Not many top national leaders possess the skill of humor in bilateral relations.. 
Our leader has that skill🫵☺️

Boss Nvidia.. 
PMX ❌
PMAI✅",2025-11-01T11:57:36+07:00,,3756019156908147316,threads,threads.com,threads_crawler_v1,https://www.threads.net/@aznee.co/post/DQgD4XhEoJ0,https://instagram.fhan3-3.fna.fbcdn.net/v/t51.2885-19/588645920_17902681056319199_5679410527993044893_n.jpg?stp=dst-jpg_s150x150_tt6&efg=eyJ2ZW5jb2RlX3RhZyI6InByb2ZpbGVfcGljLmRqYW5nby4xMDgwLmMyIn0&_nc_ht=instagram.fhan3-3.fna.fbcdn.net&_nc_cat=111&_nc_oc=Q6cZ2QGquq4vm3EiLWvZhYvcL5uJgdOgNttta0sburF1Tk34-BC3lvcHk00oIJIgdOhIYz4&_nc_ohc=WFhydk_PAIwQ7kNvwFb9kMo&_nc_gid=E1As0y_FjvkgnN8J1n62-Q&edm=AJhczIQBAAAA&ccb=7-5&oh=00_AfpPAj_hOoX5hamFuHR26UEP3cAxFfZy4sH93JU4KJwIOw&oe=696787CE&_nc_sid=4a2096,126,0,5187,667,0,"['https://instagram.fhan4-6.fna.fbcdn.net/v/t51.2885-15/572505270_801376006050921_1404216999065469329_n.jpg?stp=dst-jpg_e15_tt6&efg=eyJ2ZW5jb2RlX3RhZyI6InRocmVhZHMuRkVFRC5pbWFnZV91cmxnZW4uNjQweDM2OC5zZHIuZjcxODc4LmRlZmF1bHRfY292ZXJfZnJhbWUuYzIifQ&_nc_ht=instagram.fhan4-6.fna.fbcdn.net&_nc_cat=109&_nc_oc=Q6cZ2QGquq4vm3EiLWvZhYvcL5uJgdOgNttta0sburF1Tk34-BC3lvcHk00oIJIgdOhIYz4&_nc_ohc=dupsFnQxfu4Q7kNvwFTutKv&_nc_gid=E1As0y_FjvkgnN8J1n62-Q&edm=AJhczIQBAAAA&ccb=7-5&ig_cache_key=Mzc1NjAxOTE1NjkwODE0NzMxNg%3D%3D.3-ccb7-5&oh=00_Afq1VD3zehZ4H1l97QCU8WV7WkQwScSlZOIxGu-UP4l7jQ&oe=69676D50&_nc_sid=4a2096', 'https://instagram.fhan4-5.fna.fbcdn.net/o1/v/t16/f2/m84/AQOuqIEAvA1IQAFqPyLfSkbk8ZZXnGfO1QcGIWLyERfSpIGPLice1vc_U5yBMkzQlU5HK7g66Op_yh3yHEi0QtfiQ8qAXMJPVo0LP1Y.mp4?_nc_cat=103&_nc_oc=AdmALjVvOyv6P0MtMXxtpU8sL3gduiXec2YbKiXpfZDVSWsHVx65ygqklMyRewbxj48&_nc_sid=5e9851&_nc_ht=instagram.fhan4-5.fna.fbcdn.net&_nc_ohc=VPGSK1DWPzcQ7kNvwFuyM8F&efg=eyJ2ZW5jb2RlX3RhZyI6Inhwdl9wcm9ncmVzc2l2ZS5JTlNUQUdSQU0uRkVFRC5DMy4xMjUyLmRhc2hfYmFzZWxpbmVfMV92MSIsInhwdl9hc3NldF9pZCI6MTE1MTU1ODA5MzE3OTM0NiwiYXNzZXRfYWdlX2RheXMiOjY5LCJ2aV91c2VjYXNlX2lkIjoxMDE2NCwiZHVyYXRpb25fcyI6MzYsInVybGdlbl9zb3VyY2UiOiJ3d3cifQ%3D%3D&ccb=17-1&_nc_gid=E1As0y_FjvkgnN8J1n62-Q&_nc_zt=28&vs=c38778fd57a41491&_nc_vs=HBksFQIYTGlnX2JhY2tmaWxsX3RpbWVsaW5lX3ZvZC8zMjQ5MkFGNTYwRkUyQTBDQjE5ODQ4MjEyRkRBMTU5NV92aWRlb19kYXNoaW5pdC5tcDQVAALIARIAFQIYOnBhc3N0aHJvdWdoX2V2ZXJzdG9yZS9HSDktR3lMUXlGM3k5YVVDQUk2dTRtS01YMUlOYnNwVEFRQUYVAgLIARIAKAAYABsCiAd1c2Vfb2lsATEScHJvZ3Jlc3NpdmVfcmVjaXBlATEVAAAmpKeoscDViwQVAigCQzMsF0BCMzMzMzMzGBJkYXNoX2Jhc2VsaW5lXzFfdjERAHXqB2XongEA&oh=00_AfqfwbnRBCGwCImNjj1GDqAMx33fV5dTQUtlqw4e9CCatQ&oe=69639B75']",,https://www.threads.net/@aznee.co/post/DQgD4XhEoJ0,[],"{'likes': 5187, 'reposts': 629, 'quotes': 38}",threads,3756019156908147316,@znee.Co,APEC2025,"Joking is one of the ways of diplomacy.. 
Not many top national leaders possess the skill of humor in bilateral relations.. 
Our leader has that skill🫵☺️

Boss Nvidia.. 
PMX ❌
PMAI✅",threads,69455039198,aznee.co
[],2026-01-10T08:18:31.940790+07:00,"Tuần lễ Cấp cao APEC 2025
Words. Diplomacy. Magic.
An interpreter’s dream. 🎧",2025-10-31T21:36:46+07:00,,3755591418967668222,threads,threads.com,threads_crawler_v1,https://www.threads.net/@vandzungmofa/post/DQein9hErX-,https://instagram.fhan3-4.fna.fbcdn.net/v/t51.2885-19/435302178_1361865894523410_7018641749926585721_n.jpg?stp=dst-jpg_s150x150_tt6&efg=eyJ2ZW5jb2RlX3RhZyI6InByb2ZpbGVfcGljLmRqYW5nby45NjAuYzIifQ&_nc_ht=instagram.fhan3-4.fna.fbcdn.net&_nc_cat=106&_nc_oc=Q6cZ2QGquq4vm3EiLWvZhYvcL5uJgdOgNttta0sburF1Tk34-BC3lvcHk00oIJIgdOhIYz4&_nc_ohc=QF2ZuX5krPYQ7kNvwE6nm11&_nc_gid=E1As0y_FjvkgnN8J1n62-Q&edm=AJhczIQBAAAA&ccb=7-5&oh=00_Afrvx0VKsOD2r4LkEokfFEhyW7JqkwTSNx7hGpjmc8sXFg&oe=69677CA4&_nc_sid=4a2096,0,0,67,0,0,['https://instagram.fhan4-3.fna.fbcdn.net/v/t39.30808-6/574478338_10161449692362382_8144817318987445653_n.jpg?stp=dst-jpg_e35_tt6&efg=eyJ2ZW5jb2RlX3RhZyI6InRocmVhZHMuQ0FST1VTRUxfSVRFTS5pbWFnZV91cmxnZW4uODU0eDY0MC5zZHIuZjMwODA4LmRlZmF1bHRfaW1hZ2UuYzIifQ&_nc_ht=instagram.fhan4-3.fna.fbcdn.net&_nc_cat=110&_nc_oc=Q6cZ2QGquq4vm3EiLWvZhYvcL5uJgdOgNttta0sburF1Tk34-BC3lvcHk00oIJIgdOhIYz4&_nc_ohc=KiwFPnmp2dwQ7kNvwGOPNxK&_nc_gid=E1As0y_FjvkgnN8J1n62-Q&edm=AJhczIQAAAAA&ccb=7-5&ig_cache_key=Mzc1NTU5MTQwOTAyNzE2NjY5Nw%3D%3D.3-ccb7-5&oh=00_AfpbqhqcgiBjU8jF-fh_wHof077HnVhHOD6hez86osWXSw&oe=69676F23&_nc_sid=4a2096'],,https://www.threads.net/@vandzungmofa/post/DQein9hErX-,[],"{'likes': 67, 'reposts': 0, 'quotes': 0}",threads,3755591418967668222,Nguyễn Văn Dũng,,"Tuần lễ Cấp cao APEC 2025
Words. Diplomacy. Magic.
An interpreter’s dream. 🎧",threads,65829771847,vandzungmofa
[],2026-01-10T08:18:31.940819+07:00,"PMX diplomacy with Trump & the Hudaibiyah strategy comparison

Some people are angry that PMX welcomed Trump.They say it’s “hypocrisy” and “tunduk”. But that’s emotional thinking, not strategic thinking.

PMX followed diplomatic protocol as a host. That’s not “sujud to Trump”. That’s called civilization. Malaysia beradat. Period.

But the real move was here 👇
PMX spoke about Gaza in front of Trump. Not behind his back. Not keyboard warrior style. Face to face.",2025-10-26T23:15:30+07:00,,3752017236178470104,threads,threads.com,threads_crawler_v1,https://www.threads.net/@pandalien/post/DQR18wZj4TY,https://instagram.fhan4-3.fna.fbcdn.net/v/t51.2885-19/469700689_596707119492046_8626359181031223617_n.jpg?stp=dst-jpg_s150x150_tt6&efg=eyJ2ZW5jb2RlX3RhZyI6InByb2ZpbGVfcGljLmRqYW5nby4xMDgwLmMyIn0&_nc_ht=instagram.fhan4-3.fna.fbcdn.net&_nc_cat=110&_nc_oc=Q6cZ2QGquq4vm3EiLWvZhYvcL5uJgdOgNttta0sburF1Tk34-BC3lvcHk00oIJIgdOhIYz4&_nc_ohc=K6bZ3n2tUKUQ7kNvwFfXG9a&_nc_gid=E1As0y_FjvkgnN8J1n62-Q&edm=AJhczIQBAAAA&ccb=7-5&oh=00_AfrTIcUwNRItfe2-0evfyUsxEpkNkUIM1ngpCaBk4ikFxA&oe=69676D00&_nc_sid=4a2096,35,0,2283,1076,0,[],,https://www.threads.net/@pandalien/post/DQR18wZj4TY,[],"{'likes': 2283, 'reposts': 1059, 'quotes': 17}",threads,3752017236178470104,Zafira Des,,"PMX diplomacy with Trump & the Hudaibiyah strategy comparison

Some people are angry that PMX welcomed Trump.They say it’s “hypocrisy” and “tunduk”. But that’s emotional thinking, not strategic thinking.

PMX followed diplomatic protocol as a host. That’s not “sujud to Trump”. That’s called civilization. Malaysia beradat. Period.

But the real move was here 👇
PMX spoke about Gaza in front of Trump. Not behind his back. Not keyboard warrior style. Face to face.",threads,70972400932,pandalien
[],2026-01-10T08:18:31.940853+07:00,"“In the past 100 years, Russia has attacked at least 19 countries. None of them ever attacked Russia.”
With this striking statement, Estonian Prime Minister Kaja Kallas reminds us of a truth that diplomacy often tries to soften: there is one aggressor and one victim, and it is Ukraine — not Russia — that needs security guarantees.  1/2",2025-12-15T18:39:33+07:00,,3788117125735733509,threads,threads.com,threads_crawler_v1,https://www.threads.net/@europeandemocrats/post/DSSGHSfDVkF,https://instagram.fhan4-5.fna.fbcdn.net/v/t51.2885-19/469437442_9635009706514071_6853395980896304167_n.jpg?stp=dst-jpg_s150x150_tt6&efg=eyJ2ZW5jb2RlX3RhZyI6InByb2ZpbGVfcGljLmRqYW5nby4xMDgwLmMyIn0&_nc_ht=instagram.fhan4-5.fna.fbcdn.net&_nc_cat=103&_nc_oc=Q6cZ2QGquq4vm3EiLWvZhYvcL5uJgdOgNttta0sburF1Tk34-BC3lvcHk00oIJIgdOhIYz4&_nc_ohc=CpuS5B8mJYwQ7kNvwGNCwtv&_nc_gid=E1As0y_FjvkgnN8J1n62-Q&edm=AJhczIQBAAAA&ccb=7-5&oh=00_Afr40tTON1IXKNfMDTQ6jHXx9_vLTr-AB2qoEj16g8QTQQ&oe=69676C96&_nc_sid=4a2096,270,0,4966,648,0,['https://instagram.fhan4-5.fna.fbcdn.net/v/t51.2885-15/601021734_17933149341126015_1452392037773688896_n.jpg?stp=dst-jpg_e35_tt6&efg=eyJ2ZW5jb2RlX3RhZyI6InRocmVhZHMuQ0FST1VTRUxfSVRFTS5pbWFnZV91cmxnZW4uMTA4MHgxMzUwLnNkci5mODI3ODcuZGVmYXVsdF9pbWFnZS5jMiJ9&_nc_ht=instagram.fhan4-5.fna.fbcdn.net&_nc_cat=103&_nc_oc=Q6cZ2QGquq4vm3EiLWvZhYvcL5uJgdOgNttta0sburF1Tk34-BC3lvcHk00oIJIgdOhIYz4&_nc_ohc=Ld1kNPiqToQQ7kNvwG8Nudy&_nc_gid=E1As0y_FjvkgnN8J1n62-Q&edm=AJhczIQBAAAA&ccb=7-5&ig_cache_key=Mzc4ODExNzExOTU4Njg3OTk3Nw%3D%3D.3-ccb7-5&oh=00_AfoofSC73MF-yDQaQNWGukSYLfqpfg3ouWwusUOLoc8oBw&oe=696784D4&_nc_sid=4a2096'],,https://www.threads.net/@europeandemocrats/post/DSSGHSfDVkF,[],"{'likes': 4966, 'reposts': 620, 'quotes': 28}",threads,3788117125735733509,European Democratic Party,,"“In the past 100 years, Russia has attacked at least 19 countries. None of them ever attacked Russia.”
With this striking statement, Estonian Prime Minister Kaja Kallas reminds us of a truth that diplomacy often tries to soften: there is one aggressor and one victim, and it is Ukraine — not Russia — that needs security guarantees.  1/2",threads,63678294014,europeandemocrats
[],2026-01-10T08:18:31.940895+07:00,"Canada declares it will arrest Netanyahu “with all forces” if he enters the country — a dramatic stance putting international justice above diplomacy.

#Canada",2025-09-29T20:45:39+07:00,,3732372867473266605,threads,threads.com,threads_crawler_v1,https://www.threads.net/@syedburhanrizvi/post/DPMDVkXDNet,https://instagram.fhan3-3.fna.fbcdn.net/v/t51.2885-19/576380677_17931914205111059_1789863076182643087_n.jpg?stp=dst-jpg_s150x150_tt6&efg=eyJ2ZW5jb2RlX3RhZyI6InByb2ZpbGVfcGljLmRqYW5nby43ODQuYzIifQ&_nc_ht=instagram.fhan3-3.fna.fbcdn.net&_nc_cat=111&_nc_oc=Q6cZ2QGquq4vm3EiLWvZhYvcL5uJgdOgNttta0sburF1Tk34-BC3lvcHk00oIJIgdOhIYz4&_nc_ohc=Q1VC7OL8PFYQ7kNvwFPGO_8&_nc_gid=E1As0y_FjvkgnN8J1n62-Q&edm=AJhczIQBAAAA&ccb=7-5&oh=00_AfqpE_2dUw18UNRiYnsWBUvw4MCQ72xXSAcs0RhY7uR36A&oe=69677DA0&_nc_sid=4a2096,878,0,11997,724,0,['https://instagram.fhan3-3.fna.fbcdn.net/v/t51.2885-15/557761669_17926866492111059_8047289967841234316_n.jpg?stp=dst-jpg_e35_tt6&efg=eyJ2ZW5jb2RlX3RhZyI6InRocmVhZHMuQ0FST1VTRUxfSVRFTS5pbWFnZV91cmxnZW4uMTA4MHg3MjYuc2RyLmY4Mjc4Ny5kZWZhdWx0X2ltYWdlLmMyIn0&_nc_ht=instagram.fhan3-3.fna.fbcdn.net&_nc_cat=111&_nc_oc=Q6cZ2QGquq4vm3EiLWvZhYvcL5uJgdOgNttta0sburF1Tk34-BC3lvcHk00oIJIgdOhIYz4&_nc_ohc=FfkpI35WmjkQ7kNvwEYAk28&_nc_gid=E1As0y_FjvkgnN8J1n62-Q&edm=AJhczIQBAAAA&ccb=7-5&ig_cache_key=MzczMjM3Mjg2MjcwODUyODA3Mg%3D%3D.3-ccb7-5&oh=00_AfooqPGkbraL4SYPogzOg69ClQDhieqzygV9N0cxHS8CwA&oe=6967964A&_nc_sid=4a2096'],,https://www.threads.net/@syedburhanrizvi/post/DPMDVkXDNet,[],"{'likes': 11997, 'reposts': 671, 'quotes': 53}",threads,3732372867473266605,Syed Burhan Rizvi,,"Canada declares it will arrest Netanyahu “with all forces” if he enters the country — a dramatic stance putting international justice above diplomacy.

#Canada",threads,63243183058,syedburhanrizvi
[],2026-01-10T08:18:31.940931+07:00,"MAGA spent years calling Obama a terrorist.
Now Trump’s grinning through a photo-op
with a man who planted bombs under our troops in Iraq.

That’s not diplomacy.
That’s spitting on every veteran who served.
And calling it “peace” doesn’t make it less disgraceful.",2025-11-12T02:48:07+07:00,,3763720657591416896,threads,threads.com,threads_crawler_v1,https://www.threads.net/@h4ckedreality/post/DQ7a_89iThA,https://instagram.fhan4-5.fna.fbcdn.net/v/t51.2885-19/583436488_17901848334314558_1153688725454448640_n.jpg?stp=dst-jpg_s150x150_tt6&efg=eyJ2ZW5jb2RlX3RhZyI6InByb2ZpbGVfcGljLmRqYW5nby45NTYuYzIifQ&_nc_ht=instagram.fhan4-5.fna.fbcdn.net&_nc_cat=102&_nc_oc=Q6cZ2QGquq4vm3EiLWvZhYvcL5uJgdOgNttta0sburF1Tk34-BC3lvcHk00oIJIgdOhIYz4&_nc_ohc=LAkrqkCOfS0Q7kNvwGcaRoX&_nc_gid=E1As0y_FjvkgnN8J1n62-Q&edm=AJhczIQBAAAA&ccb=7-5&oh=00_AfrT-kiS1T-zrNYhkb394hgBKya-tM8MSMFw_HfcPyhcIw&oe=69677732&_nc_sid=4a2096,376,0,10402,2135,0,['https://instagram.fhan4-5.fna.fbcdn.net/v/t51.2885-15/581186754_17901112686314558_6079052346875564083_n.jpg?stp=dst-jpg_e35_tt6&efg=eyJ2ZW5jb2RlX3RhZyI6InRocmVhZHMuRkVFRC5pbWFnZV91cmxnZW4uMTYwMHg5MDAuc2RyLmY4Mjc4Ny5kZWZhdWx0X2ltYWdlLmMyIn0&_nc_ht=instagram.fhan4-5.fna.fbcdn.net&_nc_cat=102&_nc_oc=Q6cZ2QGquq4vm3EiLWvZhYvcL5uJgdOgNttta0sburF1Tk34-BC3lvcHk00oIJIgdOhIYz4&_nc_ohc=Q9a2PkPVNYQQ7kNvwFK0r5C&_nc_gid=E1As0y_FjvkgnN8J1n62-Q&edm=AJhczIQBAAAA&ccb=7-5&ig_cache_key=Mzc2MzcyMDY1NzU5MTQxNjg5Ng%3D%3D.3-ccb7-5&oh=00_Afp38oNEBCoRgBEJXcJGDVzrT-zxrRGwA52eQfDuA8D27A&oe=69678E34&_nc_sid=4a2096'],,https://www.threads.net/@h4ckedreality/post/DQ7a_89iThA,[],"{'likes': 10402, 'reposts': 2049, 'quotes': 86}",threads,3763720657591416896,Ronan V.,,"MAGA spent years calling Obama a terrorist.
Now Trump’s grinning through a photo-op
with a man who planted bombs under our troops in Iraq.

That’s not diplomacy.
That’s spitting on every veteran who served.
And calling it “peace” doesn’t make it less disgraceful.",threads,69411442557,h4ckedreality
[],2026-01-10T08:18:31.940960+07:00,This might be my favourite Diaper Diplomacy episode yet.,2025-10-01T15:42:40+07:00,,3733668876740602881,threads,threads.com,threads_crawler_v1,https://www.threads.net/@writtenbymeaghan/post/DPQqA_DDiwB,https://instagram.fhan4-1.fna.fbcdn.net/v/t51.2885-19/452381417_1214334826658033_3848834352357912203_n.jpg?stp=dst-jpg_s150x150_tt6&efg=eyJ2ZW5jb2RlX3RhZyI6InByb2ZpbGVfcGljLmRqYW5nby4xMDgwLmMyIn0&_nc_ht=instagram.fhan4-1.fna.fbcdn.net&_nc_cat=105&_nc_oc=Q6cZ2QGquq4vm3EiLWvZhYvcL5uJgdOgNttta0sburF1Tk34-BC3lvcHk00oIJIgdOhIYz4&_nc_ohc=EUZTD3QaCcsQ7kNvwFxC5dj&_nc_gid=E1As0y_FjvkgnN8J1n62-Q&edm=AJhczIQBAAAA&ccb=7-5&oh=00_Afp4dICwhOv4aFOxjyXQBSiMNSQ4xAlM21gpjYQIJiRVKQ&oe=69677607&_nc_sid=4a2096,1643,0,20040,3519,0,"['https://instagram.fhan4-5.fna.fbcdn.net/v/t51.2885-15/557442078_1524034752372303_5313237897807777277_n.jpg?stp=dst-jpg_e15_tt6&efg=eyJ2ZW5jb2RlX3RhZyI6InRocmVhZHMuRkVFRC5pbWFnZV91cmxnZW4uNjQweDM1Ni5zZHIuZjcxODc4LmRlZmF1bHRfY292ZXJfZnJhbWUuYzIifQ&_nc_ht=instagram.fhan4-5.fna.fbcdn.net&_nc_cat=103&_nc_oc=Q6cZ2QGquq4vm3EiLWvZhYvcL5uJgdOgNttta0sburF1Tk34-BC3lvcHk00oIJIgdOhIYz4&_nc_ohc=tRbtTDrvO-EQ7kNvwGfSoGN&_nc_gid=E1As0y_FjvkgnN8J1n62-Q&edm=AJhczIQBAAAA&ccb=7-5&ig_cache_key=MzczMzY2ODg3Njc0MDYwMjg4MQ%3D%3D.3-ccb7-5&oh=00_Afp1cO2L8WMirbllk-8knPDf06ilFoV9YLxKslqSP4Hkyw&oe=696787B8&_nc_sid=4a2096', 'https://instagram.fhan3-2.fna.fbcdn.net/o1/v/t16/f2/m84/AQNQJSzUMqG2X6D-B2sF5RkRnlh_Dhcsu12zo5hWdrMsN0UWAGUcKzlUPoxFowazgJDnH3vo0Fmv2BwcZGAbXna8IOFgwBGLS03R6-c.mp4?_nc_cat=107&_nc_oc=AdmnR5i44sf8DSWrHhQk8xUqFYLX_ONrPsNdYcUiH4rK8px6NEL_whbDZD_0ILv3kPc&_nc_sid=5e9851&_nc_ht=instagram.fhan3-2.fna.fbcdn.net&_nc_ohc=iblEb0Sgi04Q7kNvwG_x4JZ&efg=eyJ2ZW5jb2RlX3RhZyI6Inhwdl9wcm9ncmVzc2l2ZS5JTlNUQUdSQU0uRkVFRC5DMy44ODQuZGFzaF9iYXNlbGluZV8xX3YxIiwieHB2X2Fzc2V0X2lkIjoxMTUzOTAxOTMzMjk5MjM5LCJhc3NldF9hZ2VfZGF5cyI6MTAwLCJ2aV91c2VjYXNlX2lkIjoxMDE2NCwiZHVyYXRpb25fcyI6MTQ2LCJ1cmxnZW5fc291cmNlIjoid3d3In0%3D&ccb=17-1&_nc_gid=E1As0y_FjvkgnN8J1n62-Q&_nc_zt=28&vs=23d8f7e2bfaff88d&_nc_vs=HBksFQIYTGlnX2JhY2tmaWxsX3RpbWVsaW5lX3ZvZC9BMzQ5OTY4Mzg2MjIxMDM0MDE5MDIzQTc0NkM1MUU4OF92aWRlb19kYXNoaW5pdC5tcDQVAALIARIAFQIYOnBhc3N0aHJvdWdoX2V2ZXJzdG9yZS9HUEw3UVNHUGxBclRqSlFDQUFLV1FGUlRQREIyYmtZTEFBQUYVAgLIARIAKAAYABsCiAd1c2Vfb2lsATEScHJvZ3Jlc3NpdmVfcmVjaXBlATEVAAAmzpi4rffdjAQVAigCQzMsF0BiUzMzMzMzGBJkYXNoX2Jhc2VsaW5lXzFfdjERAHXqB2XongEA&oh=00_AfqVIy0hlVdAynCTM6iny_W0ZImGAnXFH8TALr-gaxjOYg&oe=6963897D']",,https://www.threads.net/@writtenbymeaghan/post/DPQqA_DDiwB,[],"{'likes': 20040, 'reposts': 3129, 'quotes': 390}",threads,3733668876740602881,Meaghan Wilson Anastasios,,This might be my favourite Diaper Diplomacy episode yet.,threads,67640059710,writtenbymeaghan
[],2026-01-10T08:18:31.940988+07:00,"“Keep your voice low. You are a UN official, not a king.""

That one line from Dr. S. Jaishankar says everything about the new India.

Where diplomacy is often about appeasement, Jaishankar has redefined it with clarity, composure and courage. Every time he speaks, the message is clear, India will engage, but never bow.",2025-10-19T18:43:29+07:00,,3746806889314182627,threads,threads.com,threads_crawler_v1,https://www.threads.net/@a.arunbarathi/post/DP_VQOvjuXj,https://instagram.fhan4-1.fna.fbcdn.net/v/t51.2885-19/515680265_17914048416115565_6255259636933553625_n.jpg?stp=dst-jpg_s150x150_tt6&efg=eyJ2ZW5jb2RlX3RhZyI6InByb2ZpbGVfcGljLmRqYW5nby4xMDI0LmMyIn0&_nc_ht=instagram.fhan4-1.fna.fbcdn.net&_nc_cat=105&_nc_oc=Q6cZ2QGquq4vm3EiLWvZhYvcL5uJgdOgNttta0sburF1Tk34-BC3lvcHk00oIJIgdOhIYz4&_nc_ohc=-xoFQAjC2MwQ7kNvwGREByp&_nc_gid=E1As0y_FjvkgnN8J1n62-Q&edm=AJhczIQBAAAA&ccb=7-5&oh=00_Afpk4SDu0BUG3ZsWDlyDjbF634-nxI05tsFivoCBoGhLHg&oe=69676895&_nc_sid=4a2096,142,0,1067,20,0,['https://instagram.fhan3-3.fna.fbcdn.net/v/t39.30808-6/561914431_4206543802994963_2819298725687212267_n.jpg?stp=dst-jpg_e35_tt6&efg=eyJ2ZW5jb2RlX3RhZyI6InRocmVhZHMuRkVFRC5pbWFnZV91cmxnZW4uNzY4eDk2MC5zZHIuZjMwODA4LmRlZmF1bHRfaW1hZ2UuYzIifQ&_nc_ht=instagram.fhan3-3.fna.fbcdn.net&_nc_cat=111&_nc_oc=Q6cZ2QGquq4vm3EiLWvZhYvcL5uJgdOgNttta0sburF1Tk34-BC3lvcHk00oIJIgdOhIYz4&_nc_ohc=_rlkAuuS3xIQ7kNvwF3s0V6&_nc_gid=E1As0y_FjvkgnN8J1n62-Q&edm=AJhczIQAAAAA&ccb=7-5&ig_cache_key=Mzc0NjgwNjg4OTMxNDE4MjYyNw%3D%3D.3-ccb7-5&oh=00_AfpUaD_bawlwuvdAea0Yagb__DOiI_vSe2QN2-J0KeXc7w&oe=69678C4C&_nc_sid=4a2096'],,https://www.threads.net/@a.arunbarathi/post/DP_VQOvjuXj,[],"{'likes': 1067, 'reposts': 20, 'quotes': 0}",threads,3746806889314182627,Arun Barathi,,"“Keep your voice low. You are a UN official, not a king.""

That one line from Dr. S. Jaishankar says everything about the new India.

Where diplomacy is often about appeasement, Jaishankar has redefined it with clarity, composure and courage. Every time he speaks, the message is clear, India will engage, but never bow.",threads,63429627564,a.arunbarathi
[],2026-01-10T08:18:31.941015+07:00,"VP SARA DUTERTE LEADERSHIP:
1.) Bad Governance 
2.) Zero Accountability 
3.) Zero Transparency 
4.) Zero Credibility 
5.) Incompetence In Duty 
6.) Negligence In Duty 
7.) Abuse of Power & Authority
8.) Inarticulate In Public Speaking 
9.) Lack of Diplomacy 
10.) Poor Judgment & Wisdom",2025-12-20T17:16:50+07:00,,3791699378105682329,threads,threads.com,threads_crawler_v1,https://www.threads.net/@boyd_batts/post/DSe0n6_DwmZ,https://scontent-atl3-2.cdninstagram.com/v/t51.2885-19/573323465_1219825463302212_7278921664109726296_n.png?stp=dst-jpg_e0_s150x150_tt6&efg=eyJ2ZW5jb2RlX3RhZyI6InByb2ZpbGVfcGljLmRqYW5nby4xNTAuYzIifQ&_nc_ht=scontent-atl3-2.cdninstagram.com&_nc_cat=1&_nc_oc=Q6cZ2QGRg4kzihc6sbqnrbwCI0St95TGGGqPJh9k2Z2QIlXMl-uVX-VgVIxkDL4L1hEohpTdi6ZCkKfwZymgKrnESa66&_nc_ohc=jFezCB5ZvcgQ7kNvwF_t_9Y&_nc_gid=s9GldF1x3cglolIxzAicJw&edm=AJ9x6zYBAAAA&ccb=7-5&ig_cache_key=YW5vbnltb3VzX3Byb2ZpbGVfcGlj.3-ccb7-5&oh=00_AfqmWoBJKhMuoVl73ugKYJdvLJ_GkNmenT_2q9SfQm3Oiw&oe=696789AA&_nc_sid=65462d,457,0,1651,123,0,[],,https://www.threads.net/@boyd_batts/post/DSe0n6_DwmZ,[],"{'likes': 1651, 'reposts': 115, 'quotes': 8}",threads,3791699378105682329,boyd batts,Philippines Threads,"VP SARA DUTERTE LEADERSHIP:
1.) Bad Governance 
2.) Zero Accountability 
3.) Zero Transparency 
4.) Zero Credibility 
5.) Incompetence In Duty 
6.) Negligence In Duty 
7.) Abuse of Power & Authority
8.) Inarticulate In Public Speaking 
9.) Lack of Diplomacy 
10.) Poor Judgment & Wisdom",threads,69947593356,boyd_batts
[],2026-01-10T08:18:31.941046+07:00,"We'd surely be wise to properly consider that the world as we knew it has been  broken and possibly lost for ever.

In a time of war in a sea of world leaders intent on war mongering, death and destruction, there is no better man to be at the head of UK Government.

Keir Starmer.

I have no doubt that he will define history & place Britain at the head of international diplomacy.",2026-01-04T15:09:11+07:00,,3802506759232034357,threads,threads.com,threads_crawler_v1,https://www.threads.net/@saying_it_101/post/DTFN8BADBY1,https://instagram.fhan3-4.fna.fbcdn.net/v/t51.2885-19/465452499_451661047938954_1587304224083627560_n.jpg?stp=dst-jpg_s150x150_tt6&efg=eyJ2ZW5jb2RlX3RhZyI6InByb2ZpbGVfcGljLmRqYW5nby4xMDgwLmMyIn0&_nc_ht=instagram.fhan3-4.fna.fbcdn.net&_nc_cat=106&_nc_oc=Q6cZ2QGquq4vm3EiLWvZhYvcL5uJgdOgNttta0sburF1Tk34-BC3lvcHk00oIJIgdOhIYz4&_nc_ohc=4TDIYhu_AWMQ7kNvwFZ9OQ3&_nc_gid=E1As0y_FjvkgnN8J1n62-Q&edm=AJhczIQBAAAA&ccb=7-5&oh=00_AfpG5hg4DufhfmJmv2-ALvaLvEatJdDcVgJKw4wnNosIpA&oe=696778A8&_nc_sid=4a2096,647,0,1386,109,0,['https://instagram.fhan4-5.fna.fbcdn.net/v/t51.2885-15/609224732_17905145466335643_1043158555285168794_n.jpg?stp=dst-jpg_e35_tt6&efg=eyJ2ZW5jb2RlX3RhZyI6InRocmVhZHMuRkVFRC5pbWFnZV91cmxnZW4uNDQ3eDYxMi5zZHIuZjgyNzg3LmRlZmF1bHRfaW1hZ2UuYzIifQ&_nc_ht=instagram.fhan4-5.fna.fbcdn.net&_nc_cat=103&_nc_oc=Q6cZ2QGquq4vm3EiLWvZhYvcL5uJgdOgNttta0sburF1Tk34-BC3lvcHk00oIJIgdOhIYz4&_nc_ohc=aeOwCH1EWHQQ7kNvwE3CYJS&_nc_gid=E1As0y_FjvkgnN8J1n62-Q&edm=AJhczIQBAAAA&ccb=7-5&ig_cache_key=MzgwMjUwNjc1OTIzMjAzNDM1Nw%3D%3D.3-ccb7-5&oh=00_Afq2aXT2ysHjJjEfwMoYsyfAbPi1HlRYYCCvQ5Wgo-ntDg&oe=6967757D&_nc_sid=4a2096'],,https://www.threads.net/@saying_it_101/post/DTFN8BADBY1,[],"{'likes': 1386, 'reposts': 105, 'quotes': 4}",threads,3802506759232034357,Ashley Chaplin,,"We'd surely be wise to properly consider that the world as we knew it has been  broken and possibly lost for ever.

In a time of war in a sea of world leaders intent on war mongering, death and destruction, there is no better man to be at the head of UK Government.

Keir Starmer.

I have no doubt that he will define history & place Britain at the head of international diplomacy.",threads,69941455642,saying_it_101
[],2026-01-10T08:18:31.941077+07:00,Follow ⚡ #geopolitics #india #brics #usa #globalpolitics #diplomacy #worldnews #foreignpolicy #geopoliticalupdates #indiandiplomacy #brics2025 #usaforeignpolicy #internationalrelations #newworldorder #geostrategy #geopoliticalanalysis #modiinternational #bricsunity #globalalliances #geopoliticaltensions,2025-07-12T16:16:27+07:00,,3674980076866636195,threads,threads.com,threads_crawler_v1,https://www.threads.net/@basedgeopolitics/post/DMAJui2Rgmj,https://instagram.fhan4-5.fna.fbcdn.net/v/t51.2885-19/503492698_17855393679454958_5184610054843915581_n.jpg?stp=dst-jpg_s150x150_tt6&efg=eyJ2ZW5jb2RlX3RhZyI6InByb2ZpbGVfcGljLmRqYW5nby4xMDgwLmMyIn0&_nc_ht=instagram.fhan4-5.fna.fbcdn.net&_nc_cat=102&_nc_oc=Q6cZ2QGquq4vm3EiLWvZhYvcL5uJgdOgNttta0sburF1Tk34-BC3lvcHk00oIJIgdOhIYz4&_nc_ohc=6Qn5_G9zYvIQ7kNvwEjmVZ_&_nc_gid=E1As0y_FjvkgnN8J1n62-Q&edm=AJhczIQBAAAA&ccb=7-5&oh=00_AfpcdaP3NFVKNbgMtpnoYAQ1QXR18FaOF1aAKWXlFf-7Uw&oe=696781A4&_nc_sid=4a2096,7,0,19,0,0,"['https://instagram.fhan4-6.fna.fbcdn.net/v/t51.2885-15/520143580_1262020375576989_1318227545680318596_n.jpg?stp=dst-jpg_e15_tt6&efg=eyJ2ZW5jb2RlX3RhZyI6InRocmVhZHMuRkVFRC5pbWFnZV91cmxnZW4uNjQweDY0MC5zZHIuZjcxODc4LmRlZmF1bHRfY292ZXJfZnJhbWUuYzIifQ&_nc_ht=instagram.fhan4-6.fna.fbcdn.net&_nc_cat=109&_nc_oc=Q6cZ2QGquq4vm3EiLWvZhYvcL5uJgdOgNttta0sburF1Tk34-BC3lvcHk00oIJIgdOhIYz4&_nc_ohc=dpJj8nIcgYQQ7kNvwFrGODn&_nc_gid=E1As0y_FjvkgnN8J1n62-Q&edm=AJhczIQBAAAA&ccb=7-5&ig_cache_key=MzY3NDk4MDA3Njg2NjYzNjE5NQ%3D%3D.3-ccb7-5&oh=00_AfrIxvCw-gej2zxff1nSNtNmhZ8ouVq7ztqsxWKxwcMZ1w&oe=69676EEC&_nc_sid=4a2096', 'https://instagram.fhan4-5.fna.fbcdn.net/o1/v/t2/f2/m367/AQPfEgqY_gKFsEeb_X40l0wmcz-3t46LaXysRFEERRgNiEGCYKSfAPDDly2vtZD77txMGqEqqAh3Ojya51ETJP3T48Cse_No0qPvQ3g.mp4?_nc_cat=103&_nc_oc=AdldywJ3t5eickhrWCqL65qpU1lAGjdoyUEq6EHOLmdWSkCAKb1wBh6nvksK0pe4WhU&_nc_sid=5e9851&_nc_ht=instagram.fhan4-5.fna.fbcdn.net&_nc_ohc=sMtpd69n0UkQ7kNvwHe92ZX&efg=eyJ2ZW5jb2RlX3RhZyI6Inhwdl9wcm9ncmVzc2l2ZS5JTlNUQUdSQU0uRkVFRC5DMy43MjAuZGFzaF9iYXNlbGluZV8xX3YxIiwieHB2X2Fzc2V0X2lkIjozMjUxNjk4ODY0OTg1Nzk3LCJhc3NldF9hZ2VfZGF5cyI6MTgxLCJ2aV91c2VjYXNlX2lkIjoxMDA5OSwiZHVyYXRpb25fcyI6NSwidXJsZ2VuX3NvdXJjZSI6Ind3dyJ9&ccb=17-1&_nc_gid=E1As0y_FjvkgnN8J1n62-Q&_nc_zt=28&vs=de248db1ca9afa17&_nc_vs=HBksFQIYQGlnX2VwaGVtZXJhbC84NjREMENEMzVENTcwNTQ3OThGMUY5MTFDQzkwMDg4OV92aWRlb19kYXNoaW5pdC5tcDQVAALIARIAFQIYRmlnX3hwdl9yZWVsc19wZXJtYW5lbnRfc3JfcHJvZC83NjA3NTcwODYyOTY3MjFfNjU0NjM2NDk0NzU2MjU3ODYwMS5tcDQVAgLIARIAKAAYABsCiAd1c2Vfb2lsATEScHJvZ3Jlc3NpdmVfcmVjaXBlATEVAAAmitucvOTZxgsVAigCQzMsF0AUIcrAgxJvGBJkYXNoX2Jhc2VsaW5lXzFfdjERAHXqB2XmnQEA&oh=00_AfqFyJJ10Re1oCnfdec_LAvM-gz4qtiWOUod-jFQW3NOmg&oe=69676878']",,https://www.threads.net/@basedgeopolitics/post/DMAJui2Rgmj,[],"{'likes': 19, 'reposts': 0, 'quotes': 0}",threads,3674980076866636195,𝐁𝐚𝐬𝐞𝐝 𝐆𝐞𝐨𝐩𝐨𝐥𝐢𝐭𝐢𝐜𝐬,geopolitics,Follow ⚡ #geopolitics #india #brics #usa #globalpolitics #diplomacy #worldnews #foreignpolicy #geopoliticalupdates #indiandiplomacy #brics2025 #usaforeignpolicy #internationalrelations #newworldorder #geostrategy #geopoliticalanalysis #modiinternational #bricsunity #globalalliances #geopoliticaltensions,threads,75315364520,basedgeopolitics
[],2026-01-10T08:18:31.941104+07:00,"I think the school syllabus needs to teach about diplomacy, because the people posting nonsense online clearly have no idea how diplomacy works. It’s sad, knowing that Malaysia gained its independence through diplomatic efforts, yet many citizens are still unaware of how important it is and how it actually works. 😒",2025-10-27T10:37:49+07:00,,3752360656545730783,threads,threads.com,threads_crawler_v1,https://www.threads.net/@dryiceburn/post/DQTECLij1Df,https://instagram.fhan4-6.fna.fbcdn.net/v/t51.2885-19/477002343_17868174132314984_7887247847528382465_n.jpg?stp=dst-jpg_s150x150_tt6&efg=eyJ2ZW5jb2RlX3RhZyI6InByb2ZpbGVfcGljLmRqYW5nby4zMjAuYzIifQ&_nc_ht=instagram.fhan4-6.fna.fbcdn.net&_nc_cat=108&_nc_oc=Q6cZ2QGquq4vm3EiLWvZhYvcL5uJgdOgNttta0sburF1Tk34-BC3lvcHk00oIJIgdOhIYz4&_nc_ohc=JFtzmK5Den8Q7kNvwEDsKff&_nc_gid=E1As0y_FjvkgnN8J1n62-Q&edm=AJhczIQBAAAA&ccb=7-5&oh=00_AfoNMbv12hxQcXuaxHN8BnR-H5mo8a0ub8li24ctMZetyQ&oe=69677D20&_nc_sid=4a2096,60,0,500,117,0,[],,https://www.threads.net/@dryiceburn/post/DQTECLij1Df,[],"{'likes': 500, 'reposts': 116, 'quotes': 1}",threads,3752360656545730783,枇杷膏,Malaysia Threads,"I think the school syllabus needs to teach about diplomacy, because the people posting nonsense online clearly have no idea how diplomacy works. It’s sad, knowing that Malaysia gained its independence through diplomatic efforts, yet many citizens are still unaware of how important it is and how it actually works. 😒",threads,69445178983,dryiceburn
[],2026-01-10T08:18:31.941132+07:00,"Sorry to say, @chedetofficial.
DSAI shows stronger diplomacy and leadership than you.
I feel sorry you need to witness this. You should not have to.",2025-10-31T11:32:54+07:00,,3755287478140670384,threads,threads.com,threads_crawler_v1,https://www.threads.net/@zarfeykasim/post/DQddhCkDBGw,https://instagram.fhan3-3.fna.fbcdn.net/v/t51.2885-19/606021673_17937819360103823_3388365152869614236_n.jpg?stp=dst-jpg_s150x150_tt6&efg=eyJ2ZW5jb2RlX3RhZyI6InByb2ZpbGVfcGljLmRqYW5nby4xMDI0LmMyIn0&_nc_ht=instagram.fhan3-3.fna.fbcdn.net&_nc_cat=111&_nc_oc=Q6cZ2QGquq4vm3EiLWvZhYvcL5uJgdOgNttta0sburF1Tk34-BC3lvcHk00oIJIgdOhIYz4&_nc_ohc=qWR8S1SAIfQQ7kNvwEtz76r&_nc_gid=E1As0y_FjvkgnN8J1n62-Q&edm=AJhczIQBAAAA&ccb=7-5&oh=00_Afo7vovBmVYue6J8OGpax0Z56-Mj4QnYDtQKPMrMCY1j1Q&oe=6967850F&_nc_sid=4a2096,527,0,2884,236,0,[],,https://www.threads.net/@zarfeykasim/post/DQddhCkDBGw,[],"{'likes': 2884, 'reposts': 222, 'quotes': 14}",threads,3755287478140670384,Zeg Ryan,,"Sorry to say, @chedetofficial.
DSAI shows stronger diplomacy and leadership than you.
I feel sorry you need to witness this. You should not have to.",threads,63044575822,zarfeykasim
[],2026-01-10T08:22:35.425535+07:00,"🇨🇦🇨🇳 Canada and China working together on potential deals opens a new era of friendship.

Canada and China are exploring positive, cooperative deals focused on trade, clean energy, education, and long-term stability.

This is about building bridges, not conflict, choosing dialogue, respect, and shared growth.

A better tomorrow is built together, through cooperation we can make a difference.🫂

#Canada #China #Diplomacy #Trade #SharedProsperity #cndpoli #EUpol #USPolitics #StrongerTogether",2026-01-10T02:18:50+07:00,,3806467666396716061,threads,threads.com,threads_crawler_v1,https://www.threads.net/@legendsunitedcanada/post/DTTSizQlhwd,https://instagram.fhan3-3.fna.fbcdn.net/v/t51.2885-19/590421825_17923331928192765_5373637471684712709_n.jpg?stp=dst-jpg_s150x150_tt6&efg=eyJ2ZW5jb2RlX3RhZyI6InByb2ZpbGVfcGljLmRqYW5nby43MjAuYzIifQ&_nc_ht=instagram.fhan3-3.fna.fbcdn.net&_nc_cat=1&_nc_oc=Q6cZ2QGvqXkCFE-SFA15FRbCP93uX_z9kOTz2varvYRblfs1RUS60guDQUzOcoP1pYotLUI&_nc_ohc=5eZN942wsooQ7kNvwFsy3MJ&_nc_gid=1Ta7E9GZvf0dXOCNuhyJqA&edm=AJhczIQBAAAA&ccb=7-5&oh=00_AfqNFrNPU8lRUSYkcq7Nt2KwRr_zESPKLJ9g5jREmfQqxg&oe=69678F3F&_nc_sid=4a2096,8,0,37,1,0,"['https://instagram.fhan4-5.fna.fbcdn.net/v/t51.2885-15/610987562_911923671422067_4721954245347854487_n.jpg?stp=dst-jpg_e15_tt6&efg=eyJ2ZW5jb2RlX3RhZyI6InRocmVhZHMuRkVFRC5pbWFnZV91cmxnZW4uNjQweDExMzguc2RyLmY3MTg3OC5kZWZhdWx0X2NvdmVyX2ZyYW1lLmMyIn0&_nc_ht=instagram.fhan4-5.fna.fbcdn.net&_nc_cat=103&_nc_oc=Q6cZ2QGvqXkCFE-SFA15FRbCP93uX_z9kOTz2varvYRblfs1RUS60guDQUzOcoP1pYotLUI&_nc_ohc=LSbvmd__y_YQ7kNvwGkua9E&_nc_gid=1Ta7E9GZvf0dXOCNuhyJqA&edm=AJhczIQBAAAA&ccb=7-5&ig_cache_key=MzgwNjQ2NzY2NjM5NjcxNjA2MQ%3D%3D.3-ccb7-5&oh=00_Afo59aScbVC5YQxZfENOh02LJJXVEVzHmFhB9shJPK86Eg&oe=6967949F&_nc_sid=4a2096', 'https://instagram.fhan4-3.fna.fbcdn.net/o1/v/t2/f2/m86/AQOM-c9UqrQYB7U_OtgOiON8PUGQB7nJfT7iAlI_1RSUAe8TEg_mkHJ66vKd9743tvN6Lwkq9bpP2y0ed3xwcHtcyAplLRKJyjkot0I.mp4?_nc_cat=110&_nc_oc=Adnpkz6QWclgDE7jqWFY4I7l3OaMc5shY5MWGcmgJv4Hs4r9tsI29t8O3XhOr5V3tQg&_nc_sid=5e9851&_nc_ht=instagram.fhan4-3.fna.fbcdn.net&_nc_ohc=okk2jTzmkIcQ7kNvwGBNMWZ&efg=eyJ2ZW5jb2RlX3RhZyI6Inhwdl9wcm9ncmVzc2l2ZS5JTlNUQUdSQU0uRkVFRC5DMy40ODAuZGFzaF9iYXNlbGluZV8xX3YxIiwieHB2X2Fzc2V0X2lkIjoxNjA1MDk5NjA3MzM1MjAyLCJhc3NldF9hZ2VfZGF5cyI6MCwidmlfdXNlY2FzZV9pZCI6MTAwOTksImR1cmF0aW9uX3MiOjE1LCJ1cmxnZW5fc291cmNlIjoid3d3In0%3D&ccb=17-1&_nc_gid=1Ta7E9GZvf0dXOCNuhyJqA&_nc_zt=28&vs=bfb3d237d3d28d99&_nc_vs=HBksFQIYUmlnX3hwdl9yZWVsc19wZXJtYW5lbnRfc3JfcHJvZC8zNTQ4QkMyRUFDOTMwREUwMDNCQjYzNEE4OThFODE4Q192aWRlb19kYXNoaW5pdC5tcDQVAALIARIAFQIYOnBhc3N0aHJvdWdoX2V2ZXJzdG9yZS9HRS04WlNUeVRvWGY5M0VIQUxMOG5mTklfMWxtYnN0VEFRQUYVAgLIARIAKAAYABsCiAd1c2Vfb2lsATEScHJvZ3Jlc3NpdmVfcmVjaXBlATEVAAAmxITl_ov12QUVAigCQzMsF0AuAAAAAAAAGBJkYXNoX2Jhc2VsaW5lXzFfdjERAHXqB2XmnQEA&oh=00_Afq4vuOaVur-Hl8eIVY5F-oGFaUvskBx1FahMq6137lDcA&oe=69637267']",,https://www.threads.net/@legendsunitedcanada/post/DTTSizQlhwd,[],"{'likes': 37, 'reposts': 1, 'quotes': 0}",threads,3806467666396716061,Chris Spalanca,,"🇨🇦🇨🇳 Canada and China working together on potential deals opens a new era of friendship.

Canada and China are exploring positive, cooperative deals focused on trade, clean energy, education, and long-term stability.

This is about building bridges, not conflict, choosing dialogue, respect, and shared growth.

A better tomorrow is built together, through cooperation we can make a difference.🫂

#Canada #China #Diplomacy #Trade #SharedProsperity #cndpoli #EUpol #USPolitics #StrongerTogether",threads,65764920764,legendsunitedcanada
[],2026-01-10T08:22:35.425680+07:00,"NATO countries asked the alliance to beef up its presence in the Arctic after the US ramped up threats to seize Greenland, three NATO diplomats told POLITICO.

",2026-01-09T00:50:54+07:00,,3805698609853799282,threads,threads.com,threads_crawler_v1,https://www.threads.net/@politicoeurope/post/DTQjrjiiJty,https://instagram.fhan3-3.fna.fbcdn.net/v/t51.2885-19/494376001_17908591941102767_6041814734543304185_n.jpg?stp=dst-jpg_s150x150_tt6&efg=eyJ2ZW5jb2RlX3RhZyI6InByb2ZpbGVfcGljLmRqYW5nby4xMDgwLmMyIn0&_nc_ht=instagram.fhan3-3.fna.fbcdn.net&_nc_cat=111&_nc_oc=Q6cZ2QGvqXkCFE-SFA15FRbCP93uX_z9kOTz2varvYRblfs1RUS60guDQUzOcoP1pYotLUI&_nc_ohc=RUSICmjhTuEQ7kNvwEqHHd0&_nc_gid=1Ta7E9GZvf0dXOCNuhyJqA&edm=AJhczIQBAAAA&ccb=7-5&oh=00_Afof8mamrveV1RgdxhtaKoBvnaOMljWlZ_V2tsvRogRRGQ&oe=69676532&_nc_sid=4a2096,1,0,20,4,0,[],,https://www.threads.net/@politicoeurope/post/DTQjrjiiJty,[],"{'likes': 20, 'reposts': 4, 'quotes': 0}",threads,3805698609853799282,POLITICO Europe,,"NATO countries asked the alliance to beef up its presence in the Arctic after the US ramped up threats to seize Greenland, three NATO diplomats told POLITICO.

https://www.politico.eu/article/nato-weighs-boosting-arctic-security-donald-trump-escalates-greenland-claims/",threads,63038038766,politicoeurope
[],2026-01-10T08:22:35.425830+07:00,"Từ vựng về Diplomacy (Ngoại giao):
1. Ambassador (n): Đại sứ
2. Embassy (n): Đại sứ quán
3. Consulate (n): Lãnh sự quán
4. Foreign policy (n): Chính sách đối ngoại
5. Negotiation (n): Đàm phán
6. Treaty (n): Điều ước
7. International relations (n): Quan hệ quốc tế
8. Trade agreement (n): Hiệp định thương mại
9. Bilateral relations (n): Quan hệ song phương
10. Multilateral diplomacy (n): Ngoại giao đa phương
11. Foreign aid (n): Viện trợ nước ngoài
12. Neutrality (n): Trạng thái trung lập",2024-07-25T17:08:35+07:00,,3419885270347303477,threads,threads.com,threads_crawler_v1,https://www.threads.net/@dachwee_/post/C9134i3pEo1,https://instagram.fhan3-4.fna.fbcdn.net/v/t51.2885-19/456489710_1741788123224668_3843499637344769467_n.jpg?stp=dst-jpg_s150x150_tt6&efg=eyJ2ZW5jb2RlX3RhZyI6InByb2ZpbGVfcGljLmRqYW5nby4xMDgwLmMyIn0&_nc_ht=instagram.fhan3-4.fna.fbcdn.net&_nc_cat=104&_nc_oc=Q6cZ2QGvqXkCFE-SFA15FRbCP93uX_z9kOTz2varvYRblfs1RUS60guDQUzOcoP1pYotLUI&_nc_ohc=SbSHNjpEFwcQ7kNvwFM8mdM&_nc_gid=1Ta7E9GZvf0dXOCNuhyJqA&edm=AJhczIQBAAAA&ccb=7-5&oh=00_AfrpSALAp1tLOdqhaCvBPRsShL5Rn25uo3WXDxe3zJEhVw&oe=696774DB&_nc_sid=4a2096,2,0,271,36,0,[],,https://www.threads.net/@dachwee_/post/C9134i3pEo1,[],"{'likes': 271, 'reposts': 36, 'quotes': 0}",threads,3419885270347303477,Hwee | IELTS Teacher,,"Từ vựng về Diplomacy (Ngoại giao):
1. Ambassador (n): Đại sứ
2. Embassy (n): Đại sứ quán
3. Consulate (n): Lãnh sự quán
4. Foreign policy (n): Chính sách đối ngoại
5. Negotiation (n): Đàm phán
6. Treaty (n): Điều ước
7. International relations (n): Quan hệ quốc tế
8. Trade agreement (n): Hiệp định thương mại
9. Bilateral relations (n): Quan hệ song phương
10. Multilateral diplomacy (n): Ngoại giao đa phương
11. Foreign aid (n): Viện trợ nước ngoài
12. Neutrality (n): Trạng thái trung lập",threads,63091606150,dachwee_
[],2026-01-10T08:22:35.425874+07:00,"Từ vựng chủ đề News:
1. Current affairs (n): Thời sự
2. Headline (n): Tiêu đề
3. Crisis (n): Khủng hoảng
4. Conflict (n): Xung đột 
5. Election (n): Cuộc bầu cử
6. Budget (n): Ngân sách
7. Corruption (n): Tham nhũng
8. Terrorism (n): Khủng bố
9. Diplomacy (n): Ngoại giao
10. Discrimination (n): Phân biệt đối xử 
11. Recession (n): Suy thoái kinh tế
12. Market volatility (n): Biến động thị trường 
13. Trade deficit (n): Thâm hụt thương mại",2024-08-18T17:04:23+07:00,,3437277774879325092,threads,threads.com,threads_crawler_v1,https://www.threads.net/@dachwee_/post/C-zqey-Bvuk,https://instagram.fhan3-4.fna.fbcdn.net/v/t51.2885-19/456489710_1741788123224668_3843499637344769467_n.jpg?stp=dst-jpg_s150x150_tt6&efg=eyJ2ZW5jb2RlX3RhZyI6InByb2ZpbGVfcGljLmRqYW5nby4xMDgwLmMyIn0&_nc_ht=instagram.fhan3-4.fna.fbcdn.net&_nc_cat=104&_nc_oc=Q6cZ2QGvqXkCFE-SFA15FRbCP93uX_z9kOTz2varvYRblfs1RUS60guDQUzOcoP1pYotLUI&_nc_ohc=SbSHNjpEFwcQ7kNvwFM8mdM&_nc_gid=1Ta7E9GZvf0dXOCNuhyJqA&edm=AJhczIQBAAAA&ccb=7-5&oh=00_AfrpSALAp1tLOdqhaCvBPRsShL5Rn25uo3WXDxe3zJEhVw&oe=696774DB&_nc_sid=4a2096,23,0,4742,434,0,[],,https://www.threads.net/@dachwee_/post/C-zqey-Bvuk,[],"{'likes': 4742, 'reposts': 433, 'quotes': 1}",threads,3437277774879325092,Hwee | IELTS Teacher,,"Từ vựng chủ đề News:
1. Current affairs (n): Thời sự
2. Headline (n): Tiêu đề
3. Crisis (n): Khủng hoảng
4. Conflict (n): Xung đột 
5. Election (n): Cuộc bầu cử
6. Budget (n): Ngân sách
7. Corruption (n): Tham nhũng
8. Terrorism (n): Khủng bố
9. Diplomacy (n): Ngoại giao
10. Discrimination (n): Phân biệt đối xử 
11. Recession (n): Suy thoái kinh tế
12. Market volatility (n): Biến động thị trường 
13. Trade deficit (n): Thâm hụt thương mại",threads,63091606150,dachwee_
[],2026-01-10T08:44:45.162969+07:00,"* Yes, I’m Ukrainian.
* Yes, I speak 5 languages (no, “sarcasm” is not officially one of them, but I’m fluent 😁) 
* Yes, I studied diplomacy — shocking, Ukrainians actually go to universities, not just trenches.
* Yes, I know history of the world well and this why loving my own country Do not make me Nazz*
* Yes, I have buy it my own apartement in Kyiv at the age of 28, not OF money was involved (I don’t have OF)
Also:
* I have lost my aunty this summer due to war and fact changed me forever 💔",2025-09-17T21:54:57+07:00,,3723710440980208223,threads,threads.com,threads_crawler_v1,https://www.threads.net/@maskrim/post/DOtRurBCdpf,https://instagram.fhan4-5.fna.fbcdn.net/v/t51.2885-19/468803644_1079284033838234_3063430081026732838_n.jpg?stp=dst-jpg_s150x150_tt6&efg=eyJ2ZW5jb2RlX3RhZyI6InByb2ZpbGVfcGljLmRqYW5nby4xMDgwLmMyIn0&_nc_ht=instagram.fhan4-5.fna.fbcdn.net&_nc_cat=102&_nc_oc=Q6cZ2QE0u4g769KzTDwnoUT-WCU9MMzGruUhwQ_ihcTm3HxMfASYZZ-JVqZNwXGpLa9Jago&_nc_ohc=MVE6I-CazgMQ7kNvwHrWLNK&_nc_gid=fa12LYlB0LLxkeQrfL-yKA&edm=AJhczIQBAAAA&ccb=7-5&oh=00_AfpWx-ZjvBVwPQ1jv2Mh4Do9KbRw3UcfD5ZV0cSqDnpREg&oe=696769D9&_nc_sid=4a2096,277,0,3732,25,0,['https://instagram.fhan4-3.fna.fbcdn.net/v/t51.2885-15/550223293_17884783047367008_6655521805590242116_n.jpg?stp=dst-jpg_e35_tt6&efg=eyJ2ZW5jb2RlX3RhZyI6InRocmVhZHMuRkVFRC5pbWFnZV91cmxnZW4uMTE3OXgxNDY2LnNkci5mODI3ODcuZGVmYXVsdF9pbWFnZS5jMiJ9&_nc_ht=instagram.fhan4-3.fna.fbcdn.net&_nc_cat=100&_nc_oc=Q6cZ2QE0u4g769KzTDwnoUT-WCU9MMzGruUhwQ_ihcTm3HxMfASYZZ-JVqZNwXGpLa9Jago&_nc_ohc=sNW77l_rozEQ7kNvwHE7T0K&_nc_gid=fa12LYlB0LLxkeQrfL-yKA&edm=AJhczIQBAAAA&ccb=7-5&ig_cache_key=MzcyMzcxMDQ0MDk4MDIwODIyMw%3D%3D.3-ccb7-5&oh=00_AfrYI8oZi9KTc0pL0D5-1FgVczF2vOHIUGsKRlhzn40ATQ&oe=6967982B&_nc_sid=4a2096'],,https://www.threads.net/@maskrim/post/DOtRurBCdpf,[],"{'likes': 3732, 'reposts': 24, 'quotes': 1}",threads,3723710440980208223,maskrim,,"* Yes, I’m Ukrainian.
* Yes, I speak 5 languages (no, “sarcasm” is not officially one of them, but I’m fluent 😁) 
* Yes, I studied diplomacy — shocking, Ukrainians actually go to universities, not just trenches.
* Yes, I know history of the world well and this why loving my own country Do not make me Nazz*
* Yes, I have buy it my own apartement in Kyiv at the age of 28, not OF money was involved (I don’t have OF)
Also:
* I have lost my aunty this summer due to war and fact changed me forever 💔",threads,70859455007,maskrim
[],2026-01-10T08:44:45.163286+07:00,"*** Scheduled content ***

“Small-Tie Diplomacy:”
In the first photo, the President is wearing what’s affectionately known as the *Unity Tie*. 

Striped in white, blue, and red — the colors of the Korean flag — it’s more than just a patriotic fashion choice.

The colors also tell a story: blue for the Democrats, red for the Conservatives, and white for the independents and everyone in between.",2026-01-08T01:43:54+07:00,,3805000554826155746,threads,threads.com,threads_crawler_v1,https://www.threads.net/@pyj.rok/post/DTOE9hIk8bi,https://instagram.fhan4-1.fna.fbcdn.net/v/t51.2885-19/591164134_17938267374099401_7517521728046473802_n.jpg?stp=dst-jpg_s150x150_tt6&efg=eyJ2ZW5jb2RlX3RhZyI6InByb2ZpbGVfcGljLmRqYW5nby4xMDgwLmMyIn0&_nc_ht=instagram.fhan4-1.fna.fbcdn.net&_nc_cat=105&_nc_oc=Q6cZ2QE0u4g769KzTDwnoUT-WCU9MMzGruUhwQ_ihcTm3HxMfASYZZ-JVqZNwXGpLa9Jago&_nc_ohc=tAUiIqtXMXIQ7kNvwHWoYT3&_nc_gid=fa12LYlB0LLxkeQrfL-yKA&edm=AJhczIQBAAAA&ccb=7-5&oh=00_AfrgSBHhBZBgObw3zl3w38FHDeMeO-tSZ45iij8O7ljWAg&oe=6967785A&_nc_sid=4a2096,2,0,24,1,0,['https://instagram.fhan4-1.fna.fbcdn.net/v/t51.2885-15/612130226_17942531958099401_8069744987407834180_n.webp?efg=eyJ2ZW5jb2RlX3RhZyI6InRocmVhZHMuRkVFRC5pbWFnZV91cmxnZW4uMTcyOHgyMDgwLnNkci5mODI3ODcuZGVmYXVsdF9pbWFnZS5jMiJ9&_nc_ht=instagram.fhan4-1.fna.fbcdn.net&_nc_cat=105&_nc_oc=Q6cZ2QE0u4g769KzTDwnoUT-WCU9MMzGruUhwQ_ihcTm3HxMfASYZZ-JVqZNwXGpLa9Jago&_nc_ohc=FvY4AiaJcxIQ7kNvwHrSUNU&_nc_gid=fa12LYlB0LLxkeQrfL-yKA&edm=AJhczIQBAAAA&ccb=7-5&ig_cache_key=MzgwNTAwMDU1NDgyNjE1NTc0Ng%3D%3D.3-ccb7-5&oh=00_AfrV_dTuckK0QhZwiDoYRkR3a_xz5d12aar-JYq_DOZ3sw&oe=6967674E&_nc_sid=4a2096'],,https://www.threads.net/@pyj.rok/post/DTOE9hIk8bi,[],"{'likes': 24, 'reposts': 1, 'quotes': 0}",threads,3805000554826155746,박영재,Korea,"*** Scheduled content ***

“Small-Tie Diplomacy:”
In the first photo, the President is wearing what’s affectionately known as the *Unity Tie*. 

Striped in white, blue, and red — the colors of the Korean flag — it’s more than just a patriotic fashion choice.

The colors also tell a story: blue for the Democrats, red for the Conservatives, and white for the independents and everyone in between.",threads,63075515400,pyj.rok
[],2026-01-10T08:44:45.163509+07:00,"Bravo...you voted to collapse the country.  They gutted the economy, they gutted the education system, they gutted the health and safety departments, they gutted democracy, theyre gutting media, they ripped apart diplomacy, now they're gutting  industry…. the collapse will soon follow.",2025-09-20T17:10:28+07:00,,3725741583468761998,threads,threads.com,threads_crawler_v1,https://www.threads.net/@llong83/post/DO0fjr3jpOO,https://instagram.fhan4-6.fna.fbcdn.net/v/t51.2885-19/496469809_17910026511135993_6052796731063918923_n.jpg?stp=dst-jpg_s150x150_tt6&efg=eyJ2ZW5jb2RlX3RhZyI6InByb2ZpbGVfcGljLmRqYW5nby4xMDM2LmMyIn0&_nc_ht=instagram.fhan4-6.fna.fbcdn.net&_nc_cat=109&_nc_oc=Q6cZ2QE0u4g769KzTDwnoUT-WCU9MMzGruUhwQ_ihcTm3HxMfASYZZ-JVqZNwXGpLa9Jago&_nc_ohc=aLFL_G-5s8YQ7kNvwHYZHtw&_nc_gid=fa12LYlB0LLxkeQrfL-yKA&edm=AJhczIQBAAAA&ccb=7-5&oh=00_AfqXEa426dp54kiRtJwtvi4E_QQnZhG-S1nSDIMA846LnQ&oe=696766F2&_nc_sid=4a2096,294,0,1371,227,0,[],,https://www.threads.net/@llong83/post/DO0fjr3jpOO,[],"{'likes': 1371, 'reposts': 218, 'quotes': 9}",threads,3725741583468761998,Long Lw,Project 2025,"Bravo...you voted to collapse the country.  They gutted the economy, they gutted the education system, they gutted the health and safety departments, they gutted democracy, theyre gutting media, they ripped apart diplomacy, now they're gutting  industry…. the collapse will soon follow.",threads,63939903992,llong83
[],2026-01-10T08:44:45.163667+07:00,"Master’s Degree in International Relations and Diplomacy with a 5.0 CGPA! All Glory to Jesus🥹This isn’t just a certificate, it’s a story of faith, discipline and grace. My heart is full of gratitude to You God 💜",2025-11-08T23:30:19+07:00,,3761446773936965929,threads,threads.com,threads_crawler_v1,https://www.threads.net/@loveth.ugele/post/DQzV-lyDUkp,https://instagram.fhan3-3.fna.fbcdn.net/v/t51.2885-19/465283458_934941298540223_4932144519425700586_n.jpg?stp=dst-jpg_s150x150_tt6&efg=eyJ2ZW5jb2RlX3RhZyI6InByb2ZpbGVfcGljLmRqYW5nby4xMDgwLmMyIn0&_nc_ht=instagram.fhan3-3.fna.fbcdn.net&_nc_cat=111&_nc_oc=Q6cZ2QE0u4g769KzTDwnoUT-WCU9MMzGruUhwQ_ihcTm3HxMfASYZZ-JVqZNwXGpLa9Jago&_nc_ohc=VgFQPAA31-MQ7kNvwErcC0-&_nc_gid=fa12LYlB0LLxkeQrfL-yKA&edm=AJhczIQBAAAA&ccb=7-5&oh=00_AfrJ6ou3whxZJo8L-LZ6CkHUuzAM5LDywm6SVC7K0L2Szw&oe=69679044&_nc_sid=4a2096,15,0,90,0,0,['https://instagram.fhan3-3.fna.fbcdn.net/v/t51.2885-15/575435980_18546384313037387_4132866567113381233_n.jpg?stp=dst-jpg_e35_tt6&efg=eyJ2ZW5jb2RlX3RhZyI6InRocmVhZHMuQ0FST1VTRUxfSVRFTS5pbWFnZV91cmxnZW4uNzEyeDk0OS5zZHIuZjgyNzg3LmRlZmF1bHRfaW1hZ2UuYzIifQ&_nc_ht=instagram.fhan3-3.fna.fbcdn.net&_nc_cat=111&_nc_oc=Q6cZ2QE0u4g769KzTDwnoUT-WCU9MMzGruUhwQ_ihcTm3HxMfASYZZ-JVqZNwXGpLa9Jago&_nc_ohc=FNhuXZ-NJHoQ7kNvwGr9TUW&_nc_gid=fa12LYlB0LLxkeQrfL-yKA&edm=AJhczIQBAAAA&ccb=7-5&ig_cache_key=Mzc2MTQ0Njc2MzU2MDI2MzQ0Ng%3D%3D.3-ccb7-5&oh=00_AfpjY9syk2fsAMti-atmTroj0OEtu3G6jfmVnW9Qu-7seA&oe=69679573&_nc_sid=4a2096'],,https://www.threads.net/@loveth.ugele/post/DQzV-lyDUkp,[],"{'likes': 90, 'reposts': 0, 'quotes': 0}",threads,3761446773936965929,Loveth Ugele,,"Master’s Degree in International Relations and Diplomacy with a 5.0 CGPA! All Glory to Jesus🥹This isn’t just a certificate, it’s a story of faith, discipline and grace. My heart is full of gratitude to You God 💜",threads,70238160796,loveth.ugele
[],2026-01-10T08:44:45.163817+07:00,"This what you liberals don't understand. The world hates us no matter what do. Diplomacy won't do anything. Canada thinks you're worse than Satan despite all you screaming ""orange man bad"". Denmark wants to wipe you out. We saved Venezuela and they hate us for it. Still want to send them money? Still want to help them out? This is why we're America First!",2026-01-05T22:51:18+07:00,,3803464129638679960,threads,threads.com,threads_crawler_v1,https://www.threads.net/@totalprofessional23/post/DTInnlrDcWY,https://instagram.fhan4-6.fna.fbcdn.net/v/t51.2885-19/545239257_17846224524563853_1446071814219108212_n.jpg?stp=dst-jpg_s150x150_tt6&efg=eyJ2ZW5jb2RlX3RhZyI6InByb2ZpbGVfcGljLmRqYW5nby41NjMuYzIifQ&_nc_ht=instagram.fhan4-6.fna.fbcdn.net&_nc_cat=109&_nc_oc=Q6cZ2QE0u4g769KzTDwnoUT-WCU9MMzGruUhwQ_ihcTm3HxMfASYZZ-JVqZNwXGpLa9Jago&_nc_ohc=01EplOTXv80Q7kNvwGCJ1Jw&_nc_gid=fa12LYlB0LLxkeQrfL-yKA&edm=AJhczIQBAAAA&ccb=7-5&oh=00_Afo7TsXtdjCx7A6EU0ER6zX0KRLskvteBHqBUylje1bQow&oe=696784C3&_nc_sid=4a2096,18,0,3,0,0,[],,https://www.threads.net/@totalprofessional23/post/DTInnlrDcWY,[],"{'likes': 3, 'reposts': 0, 'quotes': 0}",threads,3803464129638679960,Adam Langford,AmericanThreads,"This what you liberals don't understand. The world hates us no matter what do. Diplomacy won't do anything. Canada thinks you're worse than Satan despite all you screaming ""orange man bad"". Denmark wants to wipe you out. We saved Venezuela and they hate us for it. Still want to send them money? Still want to help them out? This is why we're America First!",threads,76946939852,totalprofessional23
[],2026-01-10T08:44:45.163960+07:00,"Trump’s idea of diplomacy: fund the fascists, starve the poor, and dance on the ashes.",2025-11-09T03:05:17+07:00,,3761554973121920839,threads,threads.com,threads_crawler_v1,https://www.threads.net/@ash.renee411/post/DQzulGICT9H,https://instagram.fhan4-3.fna.fbcdn.net/v/t51.2885-19/500943322_18118407148458732_4948149287861452257_n.jpg?stp=dst-jpg_s150x150_tt6&efg=eyJ2ZW5jb2RlX3RhZyI6InByb2ZpbGVfcGljLmRqYW5nby4xMDgwLmMyIn0&_nc_ht=instagram.fhan4-3.fna.fbcdn.net&_nc_cat=100&_nc_oc=Q6cZ2QE0u4g769KzTDwnoUT-WCU9MMzGruUhwQ_ihcTm3HxMfASYZZ-JVqZNwXGpLa9Jago&_nc_ohc=2xplrpMhBBoQ7kNvwH404Ib&_nc_gid=fa12LYlB0LLxkeQrfL-yKA&edm=AJhczIQBAAAA&ccb=7-5&oh=00_Afr6F-37pvgX6YEpPz-xOBger_ApbkKWQ1lUsyvWxvUXZQ&oe=69678864&_nc_sid=4a2096,59,0,520,60,0,[],,https://www.threads.net/@ash.renee411/post/DQzulGICT9H,[],"{'likes': 520, 'reposts': 57, 'quotes': 3}",threads,3761554973121920839,Ashley Renee,,"Trump’s idea of diplomacy: fund the fascists, starve the poor, and dance on the ashes.",threads,63408997484,ash.renee411
[],2026-01-10T08:44:45.164104+07:00,"It’s January 5th. Every feed is Venezuela, Maduro, Trump’s tantrum diplomacy. No one mentions Jack Smith’s sealed testimony. No one cares the Epstein redaction deadline came and went. He illegally bombed Caracas and abducted a foreign head of state to bury the crimes that still haunt him. The child-rape blackmail network. The constitutional coup. We are ruled by a fugitive doing crimes to escape older ones. And the feeds are still arguing about curtains.",2026-01-06T00:51:37+07:00,,3803524684248611611,threads,threads.com,threads_crawler_v1,https://www.threads.net/@grapeylyle/post/DTI1YxjEXsb,https://instagram.fhan3-3.fna.fbcdn.net/v/t51.2885-19/558445627_17923302846117943_6897814544778056931_n.jpg?stp=dst-jpg_s150x150_tt6&efg=eyJ2ZW5jb2RlX3RhZyI6InByb2ZpbGVfcGljLmRqYW5nby4xMDgwLmMyIn0&_nc_ht=instagram.fhan3-3.fna.fbcdn.net&_nc_cat=1&_nc_oc=Q6cZ2QE0u4g769KzTDwnoUT-WCU9MMzGruUhwQ_ihcTm3HxMfASYZZ-JVqZNwXGpLa9Jago&_nc_ohc=0R5EgpAyVsoQ7kNvwHOizdq&_nc_gid=fa12LYlB0LLxkeQrfL-yKA&edm=AJhczIQBAAAA&ccb=7-5&oh=00_AfqfqMo2jBrRmsEJ0_xZ9hFnGAL1ylaSFO6XNyzJRhV4xA&oe=69677405&_nc_sid=4a2096,49,0,2473,397,0,[],,https://www.threads.net/@grapeylyle/post/DTI1YxjEXsb,[],"{'likes': 2473, 'reposts': 384, 'quotes': 13}",threads,3803524684248611611,Lyle Fass 🔹,,"It’s January 5th. Every feed is Venezuela, Maduro, Trump’s tantrum diplomacy. No one mentions Jack Smith’s sealed testimony. No one cares the Epstein redaction deadline came and went. He illegally bombed Caracas and abducted a foreign head of state to bury the crimes that still haunt him. The child-rape blackmail network. The constitutional coup. We are ruled by a fugitive doing crimes to escape older ones. And the feeds are still arguing about curtains.",threads,63446517942,grapeylyle
[],2026-01-10T08:44:45.164249+07:00,"As much as I am a fan of @pete.buttigieg, I think he would be best served as US Sec of State. He has the ability to rebuild diplomacy worldwide. It is arguably one of the most powerful positions in the cabinet. I would vote for Newsom as President, but we need another Vice so Pete can steady our position in the world. Pete is that guy.",2025-12-28T08:12:35+07:00,,3797223654254571756,threads,threads.com,threads_crawler_v1,https://www.threads.net/@kateogknitter/post/DSycsuEjfDs,https://instagram.fhan3-2.fna.fbcdn.net/v/t51.2885-19/480242925_8559482187486715_6364471190193206710_n.jpg?stp=dst-jpg_s150x150_tt6&efg=eyJ2ZW5jb2RlX3RhZyI6InByb2ZpbGVfcGljLmRqYW5nby4xMDgwLmMyIn0&_nc_ht=instagram.fhan3-2.fna.fbcdn.net&_nc_cat=107&_nc_oc=Q6cZ2QE0u4g769KzTDwnoUT-WCU9MMzGruUhwQ_ihcTm3HxMfASYZZ-JVqZNwXGpLa9Jago&_nc_ohc=WDDVGSQUUWcQ7kNvwH8bqWY&_nc_gid=fa12LYlB0LLxkeQrfL-yKA&edm=AJhczIQBAAAA&ccb=7-5&oh=00_Afq_xhimPwN0OHhpglmy0BbiCjAL-aKHQBlFzlQpMHbkqQ&oe=696792AC&_nc_sid=4a2096,282,0,3351,128,0,[],,https://www.threads.net/@kateogknitter/post/DSycsuEjfDs,[],"{'likes': 3351, 'reposts': 122, 'quotes': 6}",threads,3797223654254571756,Kate Wright,,"As much as I am a fan of @pete.buttigieg, I think he would be best served as US Sec of State. He has the ability to rebuild diplomacy worldwide. It is arguably one of the most powerful positions in the cabinet. I would vote for Newsom as President, but we need another Vice so Pete can steady our position in the world. Pete is that guy.",threads,63426797545,kateogknitter
[],2026-01-10T08:44:45.164413+07:00,"Wow… things just escalated fast.

Russia is now demanding that the U.S. release Nicolás Maduro and his wife after Trump announced they were captured during the strikes on Caracas. Russia is calling it an attack on the sovereignty of Venezuela and says this should be handled through diplomacy not military force.

Their foreign minister even called Venezuela’s vice president to show “solidarity,” and Russia is warning about escalation while saying they’ll continue backing Venezuela’s leadership.",2026-01-04T03:05:49+07:00,,3802142676834479487,threads,threads.com,threads_crawler_v1,https://www.threads.net/@ryanjamesleegoodman/post/DTD7J62Em1_,https://instagram.fhan3-2.fna.fbcdn.net/v/t51.2885-19/591167558_18545246050051267_6376829659564536708_n.jpg?stp=dst-jpg_s150x150_tt6&efg=eyJ2ZW5jb2RlX3RhZyI6InByb2ZpbGVfcGljLmRqYW5nby4xMDgwLmMyIn0&_nc_ht=instagram.fhan3-2.fna.fbcdn.net&_nc_cat=107&_nc_oc=Q6cZ2QE0u4g769KzTDwnoUT-WCU9MMzGruUhwQ_ihcTm3HxMfASYZZ-JVqZNwXGpLa9Jago&_nc_ohc=SwSjJ4BUEngQ7kNvwEyW4zU&_nc_gid=fa12LYlB0LLxkeQrfL-yKA&edm=AJhczIQBAAAA&ccb=7-5&oh=00_Afp9cRjQxDaNWN6tIfAnb2ZtfTGXnIPZM-EL2INMmkfLLQ&oe=6967862F&_nc_sid=4a2096,382,0,1968,228,0,[],,https://www.threads.net/@ryanjamesleegoodman/post/DTD7J62Em1_,[],"{'likes': 1968, 'reposts': 202, 'quotes': 26}",threads,3802142676834479487,Ryan James Lee-Goodman,,"Wow… things just escalated fast.

Russia is now demanding that the U.S. release Nicolás Maduro and his wife after Trump announced they were captured during the strikes on Caracas. Russia is calling it an attack on the sovereignty of Venezuela and says this should be handled through diplomacy not military force.

Their foreign minister even called Venezuela’s vice president to show “solidarity,” and Russia is warning about escalation while saying they’ll continue backing Venezuela’s leadership.",threads,63308075098,ryanjamesleegoodman
[],2026-01-10T08:44:45.164556+07:00,All of US diplomacy has collapsed before our eyes. The entire structure on which it was built. It will not be recovered again in any truly durable way in our lifetimes. We’ll just muddle along from hear on out materially worse off for absolutely no good reason because psychopaths run our county. That’s a bitter pill to swallow in midlife.,2026-01-07T13:32:15+07:00,,3804632303474734651,threads,threads.com,threads_crawler_v1,https://www.threads.net/@sierracascadia/post/DTMxOwVlnY7,https://instagram.fhan3-4.fna.fbcdn.net/v/t51.2885-19/543838986_17921959785114712_4668842227456566355_n.jpg?stp=dst-jpg_s150x150_tt6&efg=eyJ2ZW5jb2RlX3RhZyI6InByb2ZpbGVfcGljLmRqYW5nby4xMDU2LmMyIn0&_nc_ht=instagram.fhan3-4.fna.fbcdn.net&_nc_cat=104&_nc_oc=Q6cZ2QE0u4g769KzTDwnoUT-WCU9MMzGruUhwQ_ihcTm3HxMfASYZZ-JVqZNwXGpLa9Jago&_nc_ohc=yMvMzWRlIx8Q7kNvwH6gz11&_nc_gid=fa12LYlB0LLxkeQrfL-yKA&edm=AJhczIQBAAAA&ccb=7-5&oh=00_AfrFoHhEsImlybEnHHI_XjzGYrca2BOi1_ZzXgjGZJahbA&oe=69678252&_nc_sid=4a2096,12,0,105,7,0,[],,https://www.threads.net/@sierracascadia/post/DTMxOwVlnY7,[],"{'likes': 105, 'reposts': 6, 'quotes': 1}",threads,3804632303474734651,Rajat Soni,,All of US diplomacy has collapsed before our eyes. The entire structure on which it was built. It will not be recovered again in any truly durable way in our lifetimes. We’ll just muddle along from hear on out materially worse off for absolutely no good reason because psychopaths run our county. That’s a bitter pill to swallow in midlife.,threads,63382458711,sierracascadia
[],2026-01-10T08:44:45.164695+07:00,"US diplomacy from the State Department effectively ended yesterday with the literal high seas theft of Venezuelan oil that does not belong to us and an announcement by our President that he will sell it and keep the money himself. 

CBS Evening News with Tony Burgundy and Bari Corningstone: “Marco Rubio we salute you!”",2026-01-07T20:25:14+07:00,,3804840164045676167,threads,threads.com,threads_crawler_v1,https://www.threads.net/@sierracascadia/post/DTNgfhlFN6H,https://instagram.fhan3-4.fna.fbcdn.net/v/t51.2885-19/543838986_17921959785114712_4668842227456566355_n.jpg?stp=dst-jpg_s150x150_tt6&efg=eyJ2ZW5jb2RlX3RhZyI6InByb2ZpbGVfcGljLmRqYW5nby4xMDU2LmMyIn0&_nc_ht=instagram.fhan3-4.fna.fbcdn.net&_nc_cat=104&_nc_oc=Q6cZ2QE0u4g769KzTDwnoUT-WCU9MMzGruUhwQ_ihcTm3HxMfASYZZ-JVqZNwXGpLa9Jago&_nc_ohc=yMvMzWRlIx8Q7kNvwH6gz11&_nc_gid=fa12LYlB0LLxkeQrfL-yKA&edm=AJhczIQBAAAA&ccb=7-5&oh=00_AfrFoHhEsImlybEnHHI_XjzGYrca2BOi1_ZzXgjGZJahbA&oe=69678252&_nc_sid=4a2096,0,0,41,3,0,[],,https://www.threads.net/@sierracascadia/post/DTNgfhlFN6H,[],"{'likes': 41, 'reposts': 3, 'quotes': 0}",threads,3804840164045676167,Rajat Soni,,"US diplomacy from the State Department effectively ended yesterday with the literal high seas theft of Venezuelan oil that does not belong to us and an announcement by our President that he will sell it and keep the money himself. 

CBS Evening News with Tony Burgundy and Bari Corningstone: “Marco Rubio we salute you!”",threads,63382458711,sierracascadia
[],2026-01-10T08:44:45.164907+07:00,"So this is what the Nobel Peace Prize era looks like now?
Airstrikes. Smoke-filled skies.
And it’s still called “peacekeeping”.
History will decide who deserved medals
—and who mistook bombs for diplomacy.
💭🌍
#NobelPeacePrize
#WorldPolitics
#Venezuela
#PeaceOrPower
#GlobalDebate",2026-01-03T14:50:57+07:00,,3801772814105647725,threads,threads.com,threads_crawler_v1,https://www.threads.net/@bunny_acharjya/post/DTCnDtVgRpt,https://instagram.fhan4-1.fna.fbcdn.net/v/t51.2885-19/471852409_1588876841755913_6329139022051053104_n.jpg?stp=dst-jpg_s150x150_tt6&efg=eyJ2ZW5jb2RlX3RhZyI6InByb2ZpbGVfcGljLmRqYW5nby4xMDgwLmMyIn0&_nc_ht=instagram.fhan4-1.fna.fbcdn.net&_nc_cat=105&_nc_oc=Q6cZ2QE0u4g769KzTDwnoUT-WCU9MMzGruUhwQ_ihcTm3HxMfASYZZ-JVqZNwXGpLa9Jago&_nc_ohc=9RKfCd503BcQ7kNvwE4mWEQ&_nc_gid=fa12LYlB0LLxkeQrfL-yKA&edm=AJhczIQBAAAA&ccb=7-5&oh=00_Afq-FXq936VA_hqu8WH6r---CSTRoBIt82piakHcBgUVnA&oe=6967660B&_nc_sid=4a2096,2,0,5,1,0,['https://instagram.fhan4-5.fna.fbcdn.net/v/t51.2885-15/610639894_17934867747119846_1935455143006202_n.webp?efg=eyJ2ZW5jb2RlX3RhZyI6InRocmVhZHMuRkVFRC5pbWFnZV91cmxnZW4uMTAyNHgxNTM2LnNkci5mODI3ODcuZGVmYXVsdF9pbWFnZS5jMiJ9&_nc_ht=instagram.fhan4-5.fna.fbcdn.net&_nc_cat=102&_nc_oc=Q6cZ2QE0u4g769KzTDwnoUT-WCU9MMzGruUhwQ_ihcTm3HxMfASYZZ-JVqZNwXGpLa9Jago&_nc_ohc=XZYpOAirMtUQ7kNvwFWReeI&_nc_gid=fa12LYlB0LLxkeQrfL-yKA&edm=AJhczIQBAAAA&ccb=7-5&ig_cache_key=MzgwMTc3MjgxNDEwNTY0NzcyNQ%3D%3D.3-ccb7-5&oh=00_AfpeNqL8p2MfWeMatZBcqP1TfSpkbI1K39B19SCvqx4FCw&oe=69679354&_nc_sid=4a2096'],,https://www.threads.net/@bunny_acharjya/post/DTCnDtVgRpt,[],"{'likes': 5, 'reposts': 1, 'quotes': 0}",threads,3801772814105647725,ODISHA CREATIVE CONTENT CREATOR,Air Strike,"So this is what the Nobel Peace Prize era looks like now?
Airstrikes. Smoke-filled skies.
And it’s still called “peacekeeping”.
History will decide who deserved medals
—and who mistook bombs for diplomacy.
💭🌍
#NobelPeacePrize
#WorldPolitics
#Venezuela
#PeaceOrPower
#GlobalDebate",threads,63427151845,bunny_acharjya
[],2026-01-10T08:44:45.165054+07:00,"📛When Gas-lighting Becomes Diplomacy: Why Pete Hoekstra’s Words Should Alarm Canadians📛 
(Coffee Read) 

Canada’s relationship with the USA is getting tested, not just by tariffs and trade wars but by rhetoric, condescension, and outright dismissiveness from a man who claims to serve as a partner. Pete Hoekstra isn’t just loud. He’s undermining the dignity of Canada.

“If Canada wants to assert itself and create a new precedent that you’re going to participate in our electoral politics …⬇️",2025-11-20T20:53:58+07:00,,3770065394422658322,threads,threads.com,threads_crawler_v1,https://www.threads.net/@anniejkoshy/post/DRR9oBmjjUS,https://instagram.fhan4-6.fna.fbcdn.net/v/t51.2885-19/491444082_17903987736119001_3044098481637579384_n.jpg?stp=dst-jpg_s150x150_tt6&efg=eyJ2ZW5jb2RlX3RhZyI6InByb2ZpbGVfcGljLmRqYW5nby4zMjAuYzIifQ&_nc_ht=instagram.fhan4-6.fna.fbcdn.net&_nc_cat=109&_nc_oc=Q6cZ2QE0u4g769KzTDwnoUT-WCU9MMzGruUhwQ_ihcTm3HxMfASYZZ-JVqZNwXGpLa9Jago&_nc_ohc=f5EwX510k2wQ7kNvwHCY-Dv&_nc_gid=fa12LYlB0LLxkeQrfL-yKA&edm=AJhczIQBAAAA&ccb=7-5&oh=00_AfqbvwfRLIIM9zgf5oxkbSp1B9rtiRA1vlSyAbhgJbKKrQ&oe=69678994&_nc_sid=4a2096,55,0,207,37,0,[],,https://www.threads.net/@anniejkoshy/post/DRR9oBmjjUS,[],"{'likes': 207, 'reposts': 35, 'quotes': 2}",threads,3770065394422658322,Annie J Koshy,MediaThreads,"📛When Gas-lighting Becomes Diplomacy: Why Pete Hoekstra’s Words Should Alarm Canadians📛 
(Coffee Read) 

Canada’s relationship with the USA is getting tested, not just by tariffs and trade wars but by rhetoric, condescension, and outright dismissiveness from a man who claims to serve as a partner. Pete Hoekstra isn’t just loud. He’s undermining the dignity of Canada.

“If Canada wants to assert itself and create a new precedent that you’re going to participate in our electoral politics …⬇️",threads,63392583000,anniejkoshy
[],2026-01-10T08:44:45.165198+07:00,"Trump proudly says the U.S. gave Israel “so many weapons” that it became “strong and powerful,” bringing peace.

When a genocider praises another, it’s not diplomacy.
It’s complicity. 
It’s empire protecting empire. Fuck you satan.",2025-10-14T12:04:05+07:00,,3742981816530973789,threads,threads.com,threads_crawler_v1,https://www.threads.net/@wzalehazyan/post/DPxviGHEzRd,https://instagram.fhan3-3.fna.fbcdn.net/v/t51.2885-19/375413501_1478450306241685_4327987128714161229_n.jpg?stp=dst-jpg_s150x150_tt6&efg=eyJ2ZW5jb2RlX3RhZyI6InByb2ZpbGVfcGljLmRqYW5nby4xMDgwLmMyIn0&_nc_ht=instagram.fhan3-3.fna.fbcdn.net&_nc_cat=101&_nc_oc=Q6cZ2QE0u4g769KzTDwnoUT-WCU9MMzGruUhwQ_ihcTm3HxMfASYZZ-JVqZNwXGpLa9Jago&_nc_ohc=mJhKRz47ohkQ7kNvwHprnBF&_nc_gid=fa12LYlB0LLxkeQrfL-yKA&edm=AJhczIQBAAAA&ccb=7-5&oh=00_AfoNq0LBS6oa2w0V3IaSj--DZV2dKKZeWaYSQ6KfuM7c2A&oe=6967970F&_nc_sid=4a2096,57,0,583,119,0,"['https://instagram.fhan3-4.fna.fbcdn.net/v/t51.2885-15/566237596_1177952697533118_1210399318967528253_n.jpg?stp=dst-jpg_e15_tt6&efg=eyJ2ZW5jb2RlX3RhZyI6InRocmVhZHMuRkVFRC5pbWFnZV91cmxnZW4uNjQweDM0OC5zZHIuZjcxODc4LmRlZmF1bHRfY292ZXJfZnJhbWUuYzIifQ&_nc_ht=instagram.fhan3-4.fna.fbcdn.net&_nc_cat=106&_nc_oc=Q6cZ2QE0u4g769KzTDwnoUT-WCU9MMzGruUhwQ_ihcTm3HxMfASYZZ-JVqZNwXGpLa9Jago&_nc_ohc=_GfG1OX0kEEQ7kNvwEXsYfG&_nc_gid=fa12LYlB0LLxkeQrfL-yKA&edm=AJhczIQBAAAA&ccb=7-5&ig_cache_key=Mzc0Mjk4MTgxNjUzMDk3Mzc4OQ%3D%3D.3-ccb7-5&oh=00_Afr3-fFxfH9Bd9az30GcCTZks4dC6UJbo1NwpZidwLQVVA&oe=696784ED&_nc_sid=4a2096', 'https://instagram.fhan3-2.fna.fbcdn.net/o1/v/t16/f2/m84/AQNVCS5LnbiwktYpYRJs2DNzXwTfTdhSwOnkf1LE0wF2Rw8Dt_W-DrphYv3OT1VUemckPI4zNi6vWYv458QudXzfAc4FapKzD89F-Ps.mp4?_nc_cat=107&_nc_oc=AdliJMq6lS8X7Tm16qNW-8sGh35_woWT_m-hiddIb1qeEzkkL8EASPhfVJ14ZuLhZA4&_nc_sid=5e9851&_nc_ht=instagram.fhan3-2.fna.fbcdn.net&_nc_ohc=-pUNsBHAiRcQ7kNvwGHN5eV&efg=eyJ2ZW5jb2RlX3RhZyI6Inhwdl9wcm9ncmVzc2l2ZS5JTlNUQUdSQU0uRkVFRC5DMy40ODAuZGFzaF9iYXNlbGluZV8zX3YxIiwieHB2X2Fzc2V0X2lkIjoxMzExMTMzOTY0MDc0NDc5LCJhc3NldF9hZ2VfZGF5cyI6ODcsInZpX3VzZWNhc2VfaWQiOjEwMTY0LCJkdXJhdGlvbl9zIjo5MSwidXJsZ2VuX3NvdXJjZSI6Ind3dyJ9&ccb=17-1&_nc_gid=fa12LYlB0LLxkeQrfL-yKA&_nc_zt=28&vs=fa17dcea8cfa09d5&_nc_vs=HBksFQIYTGlnX2JhY2tmaWxsX3RpbWVsaW5lX3ZvZC82NjQyN0VDMEExOTk1QzU1NkJBOURDQTU0ODk5MkFBMV92aWRlb19kYXNoaW5pdC5tcDQVAALIARIAFQIYOnBhc3N0aHJvdWdoX2V2ZXJzdG9yZS9HT0NEaFNIMTFFdXNqandGQURMbFY0Qi0zb1kwYnNwVEFRQUYVAgLIARIAKAAYABsCiAd1c2Vfb2lsATEScHJvZ3Jlc3NpdmVfcmVjaXBlATEVAAAm3vfzooWe1AQVAigCQzMsF0BW7MzMzMzNGBJkYXNoX2Jhc2VsaW5lXzNfdjERAHXqB2XongEA&oh=00_AfrmtFEb49b4yJsBcaWx9_hjsgBMVoTn06P--lygqmVaTA&oe=696382F1']",,https://www.threads.net/@wzalehazyan/post/DPxviGHEzRd,[],"{'likes': 583, 'reposts': 118, 'quotes': 1}",threads,3742981816530973789,wzalehazyan,,"Trump proudly says the U.S. gave Israel “so many weapons” that it became “strong and powerful,” bringing peace.

When a genocider praises another, it’s not diplomacy.
It’s complicity. 
It’s empire protecting empire. Fuck you satan.",threads,63442542055,wzalehazyan
[],2026-01-10T08:44:45.165350+07:00,"If you're going to quote the Founding Fathers, include this one: “I study war and diplomacy, so that my son may study trade and commerce, so that his son may study art and music."" — John Adams",2025-10-24T01:20:59+07:00,,3749906065363491060,threads,threads.com,threads_crawler_v1,https://www.threads.net/@stefaniyasd/post/DQKV7LXEtj0,https://instagram.fhan3-3.fna.fbcdn.net/v/t51.2885-19/357828931_7292756014087325_7009597180506668502_n.jpg?stp=dst-jpg_s150x150_tt6&efg=eyJ2ZW5jb2RlX3RhZyI6InByb2ZpbGVfcGljLmRqYW5nby43NTAuYzIifQ&_nc_ht=instagram.fhan3-3.fna.fbcdn.net&_nc_cat=1&_nc_oc=Q6cZ2QE0u4g769KzTDwnoUT-WCU9MMzGruUhwQ_ihcTm3HxMfASYZZ-JVqZNwXGpLa9Jago&_nc_ohc=Qmu9cdsdSzEQ7kNvwGAW5Ui&_nc_gid=fa12LYlB0LLxkeQrfL-yKA&edm=AJhczIQBAAAA&ccb=7-5&oh=00_AfqlXg9bank0ueWJXG9LaY_t3Z-1IgWUEnEgMXf2EF9Tow&oe=696767DA&_nc_sid=4a2096,183,0,46768,3312,0,[],,https://www.threads.net/@stefaniyasd/post/DQKV7LXEtj0,[],"{'likes': 46768, 'reposts': 3260, 'quotes': 52}",threads,3749906065363491060,Stephanie Saad,,"If you're going to quote the Founding Fathers, include this one: “I study war and diplomacy, so that my son may study trade and commerce, so that his son may study art and music."" — John Adams",threads,63611648797,stefaniyasd
[],2026-01-10T08:44:45.165494+07:00,"Don't have a boring evening. Enjoy this episode of Diaper diplomacy 😂😂
Don't laugh alone. Share with someone to put a smile on their faces",2025-09-25T04:17:06+07:00,,3728974390328650641,threads,threads.com,threads_crawler_v1,https://www.threads.net/@mbiydzela.digital/post/DO_-nN4EWuR,https://instagram.fhan3-4.fna.fbcdn.net/v/t51.2885-19/587066441_17933040990110538_1325369355178667919_n.jpg?stp=dst-jpg_s150x150_tt6&efg=eyJ2ZW5jb2RlX3RhZyI6InByb2ZpbGVfcGljLmRqYW5nby4xMDgwLmMyIn0&_nc_ht=instagram.fhan3-4.fna.fbcdn.net&_nc_cat=106&_nc_oc=Q6cZ2QE0u4g769KzTDwnoUT-WCU9MMzGruUhwQ_ihcTm3HxMfASYZZ-JVqZNwXGpLa9Jago&_nc_ohc=tFO9hqWUARkQ7kNvwEV_TVS&_nc_gid=fa12LYlB0LLxkeQrfL-yKA&edm=AJhczIQBAAAA&ccb=7-5&oh=00_Afo5OD7jNVeDZs8YrSzJXPa7ZJLQGGln3XRUTGYHVbtEuA&oe=696789DB&_nc_sid=4a2096,289,0,6360,1302,0,"['https://instagram.fhan3-4.fna.fbcdn.net/v/t51.2885-15/552613241_17925685995110538_3024412910448076993_n.jpg?stp=dst-jpg_e15_tt6&efg=eyJ2ZW5jb2RlX3RhZyI6InRocmVhZHMuRkVFRC5pbWFnZV91cmxnZW4uNzIweDQwNi5zZHIuZjgyNzg3LmRlZmF1bHRfY292ZXJfZnJhbWUuYzIifQ&_nc_ht=instagram.fhan3-4.fna.fbcdn.net&_nc_cat=106&_nc_oc=Q6cZ2QE0u4g769KzTDwnoUT-WCU9MMzGruUhwQ_ihcTm3HxMfASYZZ-JVqZNwXGpLa9Jago&_nc_ohc=z_hc6kpmrCIQ7kNvwG7y9ux&_nc_gid=fa12LYlB0LLxkeQrfL-yKA&edm=AJhczIQBAAAA&ccb=7-5&ig_cache_key=MzcyODk3NDM5MDMyODY1MDY0MQ%3D%3D.3-ccb7-5&oh=00_Afq820XZQzc9K0mglLN0LP-YAf2t02kz7zBJArD1kzPxdA&oe=69677DCC&_nc_sid=4a2096', 'https://instagram.fhan4-5.fna.fbcdn.net/o1/v/t16/f2/m84/AQO76abH_FUY6pwVUzDpAWcdI3FimZK2QJC-nGMHoUXLIRZRJkDmzhXx6bzRHOBfPlr5TwyuDglbJ8IZUejizCsbIcn4qI-qRgClbgI.mp4?_nc_cat=102&_nc_oc=AdnUwBUdD27qB-B4_6KWfQMhJfODnQ5Jfo9IDvEtE1g2u0vTTS4Gt-ZsCDm7UvgKYS4&_nc_sid=5e9851&_nc_ht=instagram.fhan4-5.fna.fbcdn.net&_nc_ohc=yC864Bg-tIYQ7kNvwG0WsWm&efg=eyJ2ZW5jb2RlX3RhZyI6Inhwdl9wcm9ncmVzc2l2ZS5JTlNUQUdSQU0uRkVFRC5DMy4xMjgwLmRhc2hfYmFzZWxpbmVfMV92MSIsInhwdl9hc3NldF9pZCI6MjIxOTQ4MjA3NTE2MDc4OCwiYXNzZXRfYWdlX2RheXMiOjEwNywidmlfdXNlY2FzZV9pZCI6MTAxNjQsImR1cmF0aW9uX3MiOjEzMSwidXJsZ2VuX3NvdXJjZSI6Ind3dyJ9&ccb=17-1&_nc_gid=fa12LYlB0LLxkeQrfL-yKA&_nc_zt=28&vs=2f6d60606d98b0f7&_nc_vs=HBksFQIYTGlnX2JhY2tmaWxsX3RpbWVsaW5lX3ZvZC85OTQ5MjAxRTYxQ0E3RkEwMDEzNTUzNDAzMjM0RUM4RV92aWRlb19kYXNoaW5pdC5tcDQVAALIARIAFQIYOnBhc3N0aHJvdWdoX2V2ZXJzdG9yZS9HT21SOFNCamRTN2c1dDRDQUdpa0V1dEFzbFlEYmtZTEFBQUYVAgLIARIAKAAYABsCiAd1c2Vfb2lsATEScHJvZ3Jlc3NpdmVfcmVjaXBlATEVAAAmqIPniu6m8QcVAigCQzMsF0Bgadsi0OVgGBJkYXNoX2Jhc2VsaW5lXzFfdjERAHXqB2XongEA&oh=00_AfqPXLVgkH60zofH4hcnrBzThWU_oCW-7B9nE22n9NNkgw&oe=69637D1E']",,https://www.threads.net/@mbiydzela.digital/post/DO_-nN4EWuR,[],"{'likes': 6360, 'reposts': 1169, 'quotes': 133}",threads,3728974390328650641,MBIYDZELA DIGITAL 📈📉🟣💻,,"Don't have a boring evening. Enjoy this episode of Diaper diplomacy 😂😂
Don't laugh alone. Share with someone to put a smile on their faces",threads,63222766537,mbiydzela.digital
[],2026-01-10T08:44:45.165633+07:00,"Ok people, THAT is how you make progress with the USA.  We all hate Trump, but Carney’s diplomacy and charisma is winning the long game here.  TRUMP *likes* Carney. He respects him.  This will open doors. Yes it’s chaotic and we’re still making new trade routes and investing in ourselves, but maintaining decorum with the USA as we head into CUSMA talks will benefit us. 

Well played, Carney.  This is the reason we hired you.",2025-10-08T09:52:07+07:00,,3738566914068298489,threads,threads.com,threads_crawler_v1,https://www.threads.net/@cthompsonyyc/post/DPiDszyEbr5,https://instagram.fhan3-2.fna.fbcdn.net/v/t51.2885-19/606605719_17934068319117475_2725619882693098224_n.jpg?stp=dst-jpg_s150x150_tt6&efg=eyJ2ZW5jb2RlX3RhZyI6InByb2ZpbGVfcGljLmRqYW5nby43ODYuYzIifQ&_nc_ht=instagram.fhan3-2.fna.fbcdn.net&_nc_cat=107&_nc_oc=Q6cZ2QE0u4g769KzTDwnoUT-WCU9MMzGruUhwQ_ihcTm3HxMfASYZZ-JVqZNwXGpLa9Jago&_nc_ohc=To1vjd0-sK0Q7kNvwFp4OVy&_nc_gid=fa12LYlB0LLxkeQrfL-yKA&edm=AJhczIQBAAAA&ccb=7-5&oh=00_Afo3qLwxz0V7yJbvapNn366UuF4NTQtNpsH6bOzo2DKSAA&oe=69677EA8&_nc_sid=4a2096,89,0,2449,118,0,[],,https://www.threads.net/@cthompsonyyc/post/DPiDszyEbr5,[],"{'likes': 2449, 'reposts': 116, 'quotes': 2}",threads,3738566914068298489,Chris Thompson | Director | Illustrator,,"Ok people, THAT is how you make progress with the USA.  We all hate Trump, but Carney’s diplomacy and charisma is winning the long game here.  TRUMP *likes* Carney. He respects him.  This will open doors. Yes it’s chaotic and we’re still making new trade routes and investing in ourselves, but maintaining decorum with the USA as we head into CUSMA talks will benefit us. 

Well played, Carney.  This is the reason we hired you.",threads,63429701474,cthompsonyyc
[],2026-01-10T08:55:08.418500+07:00,"Donald Trump at the UN showing off that American intelligence and diplomacy: ""I'm really good at this stuff. Your countries are going to hell."" Not only is he a president, he’s also a prophet.",2025-09-23T22:53:12+07:00,,3728087923674947437,threads,threads.com,threads_crawler_v1,https://www.threads.net/@ryanshrime/post/DO81DbeEZ9t,https://instagram.fhan4-5.fna.fbcdn.net/v/t51.2885-19/467108401_1026495872494646_5825038912624126398_n.jpg?stp=dst-jpg_s150x150_tt6&efg=eyJ2ZW5jb2RlX3RhZyI6InByb2ZpbGVfcGljLmRqYW5nby45NTguYzIifQ&_nc_ht=instagram.fhan4-5.fna.fbcdn.net&_nc_cat=102&_nc_oc=Q6cZ2QGI3vNHchQgZp8_C32ylMl-H7f41MKFtiSRxE5MSRy-A9XMEQmUHQ_zXh7Q3Oexm1o&_nc_ohc=G6pqlbPyqtsQ7kNvwHA6o-H&_nc_gid=kaTaHjFPC8K6Zq-XlQe9CQ&edm=AJhczIQBAAAA&ccb=7-5&oh=00_AfpwHHtDbQ2Mf5w_tIkvoA6iwmH0jag22ccfRYlH_BqZng&oe=69679D28&_nc_sid=4a2096,39,0,133,20,0,"['https://instagram.fhan3-2.fna.fbcdn.net/v/t51.2885-15/553077424_2054339345396575_4867309426324282537_n.jpg?stp=dst-jpg_e15_tt6&efg=eyJ2ZW5jb2RlX3RhZyI6InRocmVhZHMuRkVFRC5pbWFnZV91cmxnZW4uNjQweDM1Mi5zZHIuZjcxODc4LmRlZmF1bHRfY292ZXJfZnJhbWUuYzIifQ&_nc_ht=instagram.fhan3-2.fna.fbcdn.net&_nc_cat=107&_nc_oc=Q6cZ2QGI3vNHchQgZp8_C32ylMl-H7f41MKFtiSRxE5MSRy-A9XMEQmUHQ_zXh7Q3Oexm1o&_nc_ohc=ZymplVKGW4QQ7kNvwFHQ0Zh&_nc_gid=kaTaHjFPC8K6Zq-XlQe9CQ&edm=AJhczIQBAAAA&ccb=7-5&ig_cache_key=MzcyODA4NzkyMzY3NDk0NzQzNw%3D%3D.3-ccb7-5&oh=00_AfoQptAfYkvsb8_qol1zYcaIDUayLOM7lwbulOsDInuQWw&oe=69677C10&_nc_sid=4a2096', 'https://instagram.fhan4-3.fna.fbcdn.net/o1/v/t16/f2/m84/AQM5CsHrClMbaPc_BhQ_eYDv6_aGakmIF2oqUK6lgSkbmeBhdzXBqLrsr_UkCmMjIU9iqV6OEwPp855HfKkj3a59UxOw5G8Aq9Z9kdE.mp4?_nc_cat=110&_nc_oc=AdnzVOuCLWchFHWDbKsLQmdhmqN8vEjJ9Pw5jyJjASLPKIw9G9TY4Kfy0Jf6Js44oj4&_nc_sid=5e9851&_nc_ht=instagram.fhan4-3.fna.fbcdn.net&_nc_ohc=v5XYGUSI6y8Q7kNvwHIB_jb&efg=eyJ2ZW5jb2RlX3RhZyI6Inhwdl9wcm9ncmVzc2l2ZS5JTlNUQUdSQU0uRkVFRC5DMy44ODYuZGFzaF9iYXNlbGluZV8xX3YxIiwieHB2X2Fzc2V0X2lkIjoxOTAzODc0Nzk2ODI3ODAxLCJhc3NldF9hZ2VfZGF5cyI6MTA4LCJ2aV91c2VjYXNlX2lkIjoxMDE2NCwiZHVyYXRpb25fcyI6NywidXJsZ2VuX3NvdXJjZSI6Ind3dyJ9&ccb=17-1&_nc_gid=kaTaHjFPC8K6Zq-XlQe9CQ&_nc_zt=28&vs=d521bb95a0a48390&_nc_vs=HBksFQIYTGlnX2JhY2tmaWxsX3RpbWVsaW5lX3ZvZC80QTRERjU2OEYzMERGQzU2QkMxOThEOUZGRDlEQTJBRF92aWRlb19kYXNoaW5pdC5tcDQVAALIARIAFQIYOnBhc3N0aHJvdWdoX2V2ZXJzdG9yZS9HR2lTQVNHX1Z3ZEZNRFFGQUZ4TFQtTFhfV0U1YmtZTEFBQUYVAgLIARIAKAAYABsCiAd1c2Vfb2lsATEScHJvZ3Jlc3NpdmVfcmVjaXBlATEVAAAmstKxz4zk4QYVAigCQzMsF0AdmZmZmZmaGBJkYXNoX2Jhc2VsaW5lXzFfdjERAHXqB2XongEA&oh=00_AfogJuNrqwnFjjTKCKg7U8z-eeBIeB2kO96FhMcZKhFxWQ&oe=696388C2']",,https://www.threads.net/@ryanshrime/post/DO81DbeEZ9t,[],"{'likes': 133, 'reposts': 19, 'quotes': 1}",threads,3728087923674947437,Ryan Shrime,,"Donald Trump at the UN showing off that American intelligence and diplomacy: ""I'm really good at this stuff. Your countries are going to hell."" Not only is he a president, he’s also a prophet.",threads,69237131407,ryanshrime
[],2026-01-10T08:55:08.418901+07:00,"Your Thoughts? Former Canadian deputy prime minister Chrystia Freeland has been named an economic adviser to Ukrainian President Volodymyr Zelenskyy.

Zelenskyy says Ukraine must strengthen its “internal resilience”, not just for post-war recovery, but to withstand a longer conflict if diplomacy stalls.

Freeland is no stranger to Ukraine., She has Ukrainian ancestry Has been one of Kyiv’s strongest voices in Western governments",2026-01-05T20:53:45+07:00,,3803404964316738774,threads,threads.com,threads_crawler_v1,https://www.threads.net/@capolitt/post/DTIaKnrDnTW,https://instagram.fhan4-5.fna.fbcdn.net/v/t51.2885-19/558411691_17899592799288975_3822671809515857275_n.jpg?stp=dst-jpg_s150x150_tt6&efg=eyJ2ZW5jb2RlX3RhZyI6InByb2ZpbGVfcGljLmRqYW5nby4xMDgwLmMyIn0&_nc_ht=instagram.fhan4-5.fna.fbcdn.net&_nc_cat=103&_nc_oc=Q6cZ2QGI3vNHchQgZp8_C32ylMl-H7f41MKFtiSRxE5MSRy-A9XMEQmUHQ_zXh7Q3Oexm1o&_nc_ohc=PojkwTxZ4m4Q7kNvwH_xcZZ&_nc_gid=kaTaHjFPC8K6Zq-XlQe9CQ&edm=AJhczIQBAAAA&ccb=7-5&oh=00_Afq7EUYJHlBBT_6LkxjghAigE9N4_kyyjVvR8-eQwMHVgQ&oe=69679173&_nc_sid=4a2096,78,0,195,11,0,['https://instagram.fhan4-5.fna.fbcdn.net/v/t51.2885-15/609366049_17910032310288975_842104426194291779_n.webp?efg=eyJ2ZW5jb2RlX3RhZyI6InRocmVhZHMuQ0FST1VTRUxfSVRFTS5pbWFnZV91cmxnZW4uMTQ0MHgxOTE5LnNkci5mODI3ODcuZGVmYXVsdF9pbWFnZS5jMiJ9&_nc_ht=instagram.fhan4-5.fna.fbcdn.net&_nc_cat=103&_nc_oc=Q6cZ2QGI3vNHchQgZp8_C32ylMl-H7f41MKFtiSRxE5MSRy-A9XMEQmUHQ_zXh7Q3Oexm1o&_nc_ohc=8FfTdUo1IWIQ7kNvwEuzb-V&_nc_gid=kaTaHjFPC8K6Zq-XlQe9CQ&edm=AJhczIQBAAAA&ccb=7-5&ig_cache_key=MzgwMzQwNDk1ODY4ODAwNzM1OA%3D%3D.3-ccb7-5&oh=00_AfoHV5MYcRxWU4IjKidANzUGsWq7O-njlTeuq3TzauTRpg&oe=696795E2&_nc_sid=4a2096'],,https://www.threads.net/@capolitt/post/DTIaKnrDnTW,[],"{'likes': 195, 'reposts': 10, 'quotes': 1}",threads,3803404964316738774,Politt Canada,Canadian Threads,"Your Thoughts? Former Canadian deputy prime minister Chrystia Freeland has been named an economic adviser to Ukrainian President Volodymyr Zelenskyy.

Zelenskyy says Ukraine must strengthen its “internal resilience”, not just for post-war recovery, but to withstand a longer conflict if diplomacy stalls.

Freeland is no stranger to Ukraine., She has Ukrainian ancestry Has been one of Kyiv’s strongest voices in Western governments",threads,68722736974,capolitt
[],2026-01-10T08:55:08.419089+07:00,"Not a political post 

but aren’t we lucky that Anwar Ibrahim is the current Prime Minister of Malaysia? I could never have imagined, not in a million years, if it were Ismail Sabri or TSMY (we’d probably still be under MCO month after month). Love him or hate him, Anwar Ibrahim is a political genius, especially when it comes to diplomacy, something we haven’t seen since Mahathir’s early days. I may not agree with all his moves or decisions, but I’m genuinely grateful he’s our PM right now.",2025-10-04T21:17:34+07:00,,3736012812973146127,threads,threads.com,threads_crawler_v1,https://www.threads.net/@mrarm4n/post/DPY-9vxkoAP,https://instagram.fhan3-2.fna.fbcdn.net/v/t51.2885-19/612429197_17940139332112663_4181789117239018840_n.jpg?stp=dst-jpg_s150x150_tt6&efg=eyJ2ZW5jb2RlX3RhZyI6InByb2ZpbGVfcGljLmRqYW5nby4xMDgwLmMyIn0&_nc_ht=instagram.fhan3-2.fna.fbcdn.net&_nc_cat=107&_nc_oc=Q6cZ2QGI3vNHchQgZp8_C32ylMl-H7f41MKFtiSRxE5MSRy-A9XMEQmUHQ_zXh7Q3Oexm1o&_nc_ohc=QYc9yTf6pZoQ7kNvwHaFS5M&_nc_gid=kaTaHjFPC8K6Zq-XlQe9CQ&edm=AJhczIQBAAAA&ccb=7-5&oh=00_AfrdbPqz38LuzvUIkqLO3Rksa9cGxzFETLMALfutLT_zdw&oe=69676BA3&_nc_sid=4a2096,8,0,536,79,0,['https://instagram.fhan3-2.fna.fbcdn.net/v/t51.2885-15/559035921_17928809436112663_8519873196966462037_n.jpg?stp=dst-jpg_e35_tt6&efg=eyJ2ZW5jb2RlX3RhZyI6InRocmVhZHMuRkVFRC5pbWFnZV91cmxnZW4uMTI5MHgxMTgzLnNkci5mODI3ODcuZGVmYXVsdF9pbWFnZS5jMiJ9&_nc_ht=instagram.fhan3-2.fna.fbcdn.net&_nc_cat=107&_nc_oc=Q6cZ2QGI3vNHchQgZp8_C32ylMl-H7f41MKFtiSRxE5MSRy-A9XMEQmUHQ_zXh7Q3Oexm1o&_nc_ohc=25xM2yURhkoQ7kNvwFcd-Cs&_nc_gid=kaTaHjFPC8K6Zq-XlQe9CQ&edm=AJhczIQBAAAA&ccb=7-5&ig_cache_key=MzczNjAxMjgxMjk3MzE0NjEyNw%3D%3D.3-ccb7-5&oh=00_AfoMklDKLhxBxPoiDqRsBXjZXqTxzuIs2oWE1X7BWNLkHA&oe=69676828&_nc_sid=4a2096'],,https://www.threads.net/@mrarm4n/post/DPY-9vxkoAP,[],"{'likes': 536, 'reposts': 77, 'quotes': 2}",threads,3736012812973146127,Tao Xu,,"Not a political post 

but aren’t we lucky that Anwar Ibrahim is the current Prime Minister of Malaysia? I could never have imagined, not in a million years, if it were Ismail Sabri or TSMY (we’d probably still be under MCO month after month). Love him or hate him, Anwar Ibrahim is a political genius, especially when it comes to diplomacy, something we haven’t seen since Mahathir’s early days. I may not agree with all his moves or decisions, but I’m genuinely grateful he’s our PM right now.",threads,63448992662,mrarm4n
[],2026-01-10T08:55:08.419245+07:00,"The Last Jedi gets a lot of hate from Star Wars fans, but this scene offers some philosophical insight on how diplomacy and empire actually work.",2026-01-03T02:26:52+07:00,,3801395542568869973,threads,threads.com,threads_crawler_v1,https://www.threads.net/@elpithanatos/post/DTBRRr1kiBV,https://instagram.fhan3-3.fna.fbcdn.net/v/t51.2885-19/416675756_3125858177547208_5159682118589851200_n.jpg?stp=dst-jpg_s150x150_tt6&efg=eyJ2ZW5jb2RlX3RhZyI6InByb2ZpbGVfcGljLmRqYW5nby43NDUuYzIifQ&_nc_ht=instagram.fhan3-3.fna.fbcdn.net&_nc_cat=1&_nc_oc=Q6cZ2QGI3vNHchQgZp8_C32ylMl-H7f41MKFtiSRxE5MSRy-A9XMEQmUHQ_zXh7Q3Oexm1o&_nc_ohc=Iq8FNcJbK-sQ7kNvwFrvxi1&_nc_gid=kaTaHjFPC8K6Zq-XlQe9CQ&edm=AJhczIQBAAAA&ccb=7-5&oh=00_AfqlSqSrIfvVM9BE6zhqG4LXFKXNiYuKphX_eTISHuAm0Q&oe=696777DB&_nc_sid=4a2096,75,0,586,39,0,"['https://instagram.fhan3-4.fna.fbcdn.net/v/t51.2885-15/608693705_1201741391924524_1482887620114785698_n.jpg?stp=dst-jpg_e15_tt6&efg=eyJ2ZW5jb2RlX3RhZyI6InRocmVhZHMuRkVFRC5pbWFnZV91cmxnZW4uNjQweDM0MC5zZHIuZjcxODc4LmRlZmF1bHRfY292ZXJfZnJhbWUuYzIifQ&_nc_ht=instagram.fhan3-4.fna.fbcdn.net&_nc_cat=104&_nc_oc=Q6cZ2QGI3vNHchQgZp8_C32ylMl-H7f41MKFtiSRxE5MSRy-A9XMEQmUHQ_zXh7Q3Oexm1o&_nc_ohc=JNj_Eu-tVjYQ7kNvwHf5EJp&_nc_gid=kaTaHjFPC8K6Zq-XlQe9CQ&edm=AJhczIQBAAAA&ccb=7-5&ig_cache_key=MzgwMTM5NTU0MjU2ODg2OTk3Mw%3D%3D.3-ccb7-5&oh=00_AfqgTx1A-pz_1Xg7wqEMNer5D5_qcVK88toPdhSzu3e8Rw&oe=69677496&_nc_sid=4a2096', 'https://instagram.fhan3-3.fna.fbcdn.net/o1/v/t16/f2/m84/AQPqn0VfDmQ8x3lzD-1pT4F_P2PL5oZDCKfoR0F-0PvELP17cfLw9bErdvW1hGRVe3S3q21d72NKx8sYvVVaNkIpN4wqxMKSw_SxMvE.mp4?_nc_cat=111&_nc_oc=AdkIhc_XX7wdZRiRNSR9R6ZgXUfJ4g9ALnuAslxR65D0VYRDILvj0h6xaXhOPxCxbvk&_nc_sid=5e9851&_nc_ht=instagram.fhan3-3.fna.fbcdn.net&_nc_ohc=tLtk3buE2SIQ7kNvwG4GSNv&efg=eyJ2ZW5jb2RlX3RhZyI6Inhwdl9wcm9ncmVzc2l2ZS5JTlNUQUdSQU0uRkVFRC5DMy44ODguZGFzaF9iYXNlbGluZV8xX3YxIiwieHB2X2Fzc2V0X2lkIjo4MTI3NzM3MDE3Mjg4MDUsImFzc2V0X2FnZV9kYXlzIjo3LCJ2aV91c2VjYXNlX2lkIjoxMDE2NCwiZHVyYXRpb25fcyI6NDAsInVybGdlbl9zb3VyY2UiOiJ3d3cifQ%3D%3D&ccb=17-1&_nc_gid=kaTaHjFPC8K6Zq-XlQe9CQ&_nc_zt=28&vs=d3cc93cf447cc824&_nc_vs=HBksFQIYTGlnX2JhY2tmaWxsX3RpbWVsaW5lX3ZvZC9EQjQwNThDQzkwQkQzRDNGNTgyMjYwNjI1MUU2OUM5RF92aWRlb19kYXNoaW5pdC5tcDQVAALIARIAFQIYOnBhc3N0aHJvdWdoX2V2ZXJzdG9yZS9HSElSUlNTXzZ0NzlLQVlEQVB0Y1lQelh1NkZZYnNwVEFRQUYVAgLIARIAKAAYABsCiAd1c2Vfb2lsATEScHJvZ3Jlc3NpdmVfcmVjaXBlATEVAAAmyuix_NPN8QIVAigCQzMsF0BEIgxJul41GBJkYXNoX2Jhc2VsaW5lXzFfdjERAHXqB2XongEA&oh=00_AfqA8o3ZlYod8WBAWYPCIO_OKZo9lVm6Ov5Ba697VzWVCQ&oe=69638149']",,https://www.threads.net/@elpithanatos/post/DTBRRr1kiBV,[],"{'likes': 586, 'reposts': 34, 'quotes': 5}",threads,3801395542568869973,Einar J. Agnarsson,,"The Last Jedi gets a lot of hate from Star Wars fans, but this scene offers some philosophical insight on how diplomacy and empire actually work.",threads,64362680790,elpithanatos
[],2026-01-10T08:55:08.419420+07:00,India is desperate for diplomacy. It’s reduced itself to sit on table with taliban,2025-10-11T04:28:04+07:00,,3740578139030453481,threads,threads.com,threads_crawler_v1,https://www.threads.net/@asadhusxain/post/DPpM_-_gHzp,https://instagram.fhan4-5.fna.fbcdn.net/v/t51.2885-19/464146108_537415335742262_3091165918770076840_n.jpg?stp=dst-jpg_s150x150_tt6&efg=eyJ2ZW5jb2RlX3RhZyI6InByb2ZpbGVfcGljLmRqYW5nby4xMDc3LmMyIn0&_nc_ht=instagram.fhan4-5.fna.fbcdn.net&_nc_cat=102&_nc_oc=Q6cZ2QGI3vNHchQgZp8_C32ylMl-H7f41MKFtiSRxE5MSRy-A9XMEQmUHQ_zXh7Q3Oexm1o&_nc_ohc=623HU50xIaEQ7kNvwH0vHob&_nc_gid=kaTaHjFPC8K6Zq-XlQe9CQ&edm=AJhczIQBAAAA&ccb=7-5&oh=00_AfrhAzsYmzs-3sN8C1v2gCUnY0QvyHhnQhE_Nzie7vEWvg&oe=69676966&_nc_sid=4a2096,13,0,10,1,0,['https://instagram.fhan4-6.fna.fbcdn.net/v/t51.2885-15/563676245_17895297822325461_9045600638873350445_n.webp?efg=eyJ2ZW5jb2RlX3RhZyI6InRocmVhZHMuRkVFRC5pbWFnZV91cmxnZW4uMTE3MHgxNDAxLnNkci5mODI3ODcuZGVmYXVsdF9pbWFnZS5jMiJ9&_nc_ht=instagram.fhan4-6.fna.fbcdn.net&_nc_cat=109&_nc_oc=Q6cZ2QGI3vNHchQgZp8_C32ylMl-H7f41MKFtiSRxE5MSRy-A9XMEQmUHQ_zXh7Q3Oexm1o&_nc_ohc=D5-HozfKZtUQ7kNvwHE9bKt&_nc_gid=kaTaHjFPC8K6Zq-XlQe9CQ&edm=AJhczIQBAAAA&ccb=7-5&ig_cache_key=Mzc0MDU3ODEzOTAzMDQ1MzQ4MQ%3D%3D.3-ccb7-5&oh=00_Afqx3g8IsXP_DsghojmFieALVCqXQx_V1gvvAarJ5QqU2Q&oe=69678123&_nc_sid=4a2096'],,https://www.threads.net/@asadhusxain/post/DPpM_-_gHzp,[],"{'likes': 10, 'reposts': 1, 'quotes': 0}",threads,3740578139030453481,Asad,India Threads,India is desperate for diplomacy. It’s reduced itself to sit on table with taliban,threads,69751957460,asadhusxain
[],2026-01-10T08:55:08.419572+07:00,"Ireland is pulling out of Eurovision 2026 because Israel is allowed to participate. This isn’t cultural diplomacy — it’s cultural antisemitism. Singling out the world’s only Jewish state.
A contest meant to unite nations is now being twisted into a boycott stage against Jews.",2025-09-12T05:37:14+07:00,,3719594453192754355,threads,threads.com,threads_crawler_v1,https://www.threads.net/@antisemitismwatch/post/DOep3KrEUSz,https://instagram.fhan3-4.fna.fbcdn.net/v/t51.2885-19/462218820_555512443520200_7181969577346507761_n.jpg?stp=dst-jpg_s150x150_tt6&efg=eyJ2ZW5jb2RlX3RhZyI6InByb2ZpbGVfcGljLmRqYW5nby4xMDgwLmMyIn0&_nc_ht=instagram.fhan3-4.fna.fbcdn.net&_nc_cat=104&_nc_oc=Q6cZ2QGI3vNHchQgZp8_C32ylMl-H7f41MKFtiSRxE5MSRy-A9XMEQmUHQ_zXh7Q3Oexm1o&_nc_ohc=ftgIWHH4DScQ7kNvwEqX9-7&_nc_gid=kaTaHjFPC8K6Zq-XlQe9CQ&edm=AJhczIQBAAAA&ccb=7-5&oh=00_AfrJEz0xqI-s7qdZm3zZUAnbEeCjgm9TaLyBaqrWX2crNQ&oe=696788D9&_nc_sid=4a2096,1447,0,939,37,0,['https://instagram.fhan3-4.fna.fbcdn.net/v/t51.2885-15/545137204_17982218417885008_8015875757581293700_n.jpg?stp=dst-jpg_e35_tt6&efg=eyJ2ZW5jb2RlX3RhZyI6InRocmVhZHMuRkVFRC5pbWFnZV91cmxnZW4uMjE1NngxNDQwLnNkci5mODI3ODcuZGVmYXVsdF9pbWFnZS5jMiJ9&_nc_ht=instagram.fhan3-4.fna.fbcdn.net&_nc_cat=104&_nc_oc=Q6cZ2QGI3vNHchQgZp8_C32ylMl-H7f41MKFtiSRxE5MSRy-A9XMEQmUHQ_zXh7Q3Oexm1o&_nc_ohc=-7Zrgtdl2DEQ7kNvwHj9lNp&_nc_gid=kaTaHjFPC8K6Zq-XlQe9CQ&edm=AJhczIQBAAAA&ccb=7-5&ig_cache_key=MzcxOTU5NDQ1MzE5Mjc1NDM1NQ%3D%3D.3-ccb7-5&oh=00_Afp1bbX2LQlCm8xJU32rXXuHe1Y8BkUndDMlwo0uuPzYhQ&oe=696770AD&_nc_sid=4a2096'],,https://www.threads.net/@antisemitismwatch/post/DOep3KrEUSz,[],"{'likes': 939, 'reposts': 32, 'quotes': 5}",threads,3719594453192754355,Antisemitism Watch,,"Ireland is pulling out of Eurovision 2026 because Israel is allowed to participate. This isn’t cultural diplomacy — it’s cultural antisemitism. Singling out the world’s only Jewish state.
A contest meant to unite nations is now being twisted into a boycott stage against Jews.",threads,69519357228,antisemitismwatch
[],2026-01-10T08:55:08.419719+07:00,"Four Prime Ministers — Nehru, Indira Gandhi, Atal Bihari Vajpayee, and Narendra Modi — played key roles in shaping India’s global standing across generations. A legacy of diplomacy, strength, and leadership.",2025-12-27T18:51:24+07:00,,3796820399741260022,threads,threads.com,threads_crawler_v1,https://www.threads.net/@onevisionmedia.in/post/DSxBAmCiND2,https://instagram.fhan3-4.fna.fbcdn.net/v/t51.2885-19/473527494_912967797659488_7872358588870100111_n.jpg?stp=dst-jpg_s150x150_tt6&efg=eyJ2ZW5jb2RlX3RhZyI6InByb2ZpbGVfcGljLmRqYW5nby4xMDgwLmMyIn0&_nc_ht=instagram.fhan3-4.fna.fbcdn.net&_nc_cat=104&_nc_oc=Q6cZ2QGI3vNHchQgZp8_C32ylMl-H7f41MKFtiSRxE5MSRy-A9XMEQmUHQ_zXh7Q3Oexm1o&_nc_ohc=s-0pf74FgjMQ7kNvwGcngxT&_nc_gid=kaTaHjFPC8K6Zq-XlQe9CQ&edm=AJhczIQBAAAA&ccb=7-5&oh=00_Afp9Bw2RD3zadtBMgcxX68fKhtec9Ulx-0dN7WA36liT3w&oe=69677F9D&_nc_sid=4a2096,233,0,179,0,0,['https://instagram.fhan3-3.fna.fbcdn.net/v/t51.2885-15/607273973_17940706509101303_758138222879874980_n.webp?efg=eyJ2ZW5jb2RlX3RhZyI6InRocmVhZHMuRkVFRC5pbWFnZV91cmxnZW4uMTU4M3gyMTA5LnNkci5mODI3ODcuZGVmYXVsdF9pbWFnZS5jMiJ9&_nc_ht=instagram.fhan3-3.fna.fbcdn.net&_nc_cat=111&_nc_oc=Q6cZ2QGI3vNHchQgZp8_C32ylMl-H7f41MKFtiSRxE5MSRy-A9XMEQmUHQ_zXh7Q3Oexm1o&_nc_ohc=K62dN-I_YisQ7kNvwEnPLNm&_nc_gid=kaTaHjFPC8K6Zq-XlQe9CQ&edm=AJhczIQBAAAA&ccb=7-5&ig_cache_key=Mzc5NjgyMDM5OTc0MTI2MDAyMg%3D%3D.3-ccb7-5&oh=00_AfrPFkLEI69zCcjyf--dmiWjCBczln4qy7Gl9aEVx32kvQ&oe=69676D14&_nc_sid=4a2096'],,https://www.threads.net/@onevisionmedia.in/post/DSxBAmCiND2,[],"{'likes': 179, 'reposts': 0, 'quotes': 0}",threads,3796820399741260022,Onevision Media,,"Four Prime Ministers — Nehru, Indira Gandhi, Atal Bihari Vajpayee, and Narendra Modi — played key roles in shaping India’s global standing across generations. A legacy of diplomacy, strength, and leadership.",threads,63096837302,onevisionmedia.in
[],2026-01-10T08:55:08.419867+07:00,"PMX, Tok Mat, Wisma Putra! Your diplomacy skills are beyond excellent!! Tak perlu buat PC beropol-ropol, tau-tau within 48hours although we can see tak cukup tidor langsung , non stop calls here and there, hantar legal team etc etc - now Alhamdulillah issues can be settled. Thanks to Turkeyè 🇹🇷 too!! 🥹🇵🇸🇲🇾🍉",2025-10-05T02:03:20+07:00,,3736156644112829862,threads,threads.com,threads_crawler_v1,https://www.threads.net/@iwa_petite/post/DPZfqw9j42m,https://instagram.fhan4-6.fna.fbcdn.net/v/t51.2885-19/584077982_17929728108119253_1297165261110863201_n.jpg?stp=dst-jpg_s150x150_tt6&efg=eyJ2ZW5jb2RlX3RhZyI6InByb2ZpbGVfcGljLmRqYW5nby4xMDgwLmMyIn0&_nc_ht=instagram.fhan4-6.fna.fbcdn.net&_nc_cat=109&_nc_oc=Q6cZ2QGI3vNHchQgZp8_C32ylMl-H7f41MKFtiSRxE5MSRy-A9XMEQmUHQ_zXh7Q3Oexm1o&_nc_ohc=0n3WwaOLcx0Q7kNvwFoYauv&_nc_gid=kaTaHjFPC8K6Zq-XlQe9CQ&edm=AJhczIQBAAAA&ccb=7-5&oh=00_AfqPLZn4idwTalNQhwqLTjAvL61daVAwNYsBjVzT8OQQdA&oe=69679153&_nc_sid=4a2096,1,0,918,221,0,[],,https://www.threads.net/@iwa_petite/post/DPZfqw9j42m,[],"{'likes': 918, 'reposts': 218, 'quotes': 3}",threads,3736156644112829862,Salwa Abd Ghani - Iwa,,"PMX, Tok Mat, Wisma Putra! Your diplomacy skills are beyond excellent!! Tak perlu buat PC beropol-ropol, tau-tau within 48hours although we can see tak cukup tidor langsung , non stop calls here and there, hantar legal team etc etc - now Alhamdulillah issues can be settled. Thanks to Turkeyè 🇹🇷 too!! 🥹🇵🇸🇲🇾🍉",threads,63434999252,iwa_petite
[],2026-01-10T08:55:08.420013+07:00,Where’s the lie? The diplomacy ish is out the window. What’s next?! And quit telling people “tHaTs NoT how GoV’t wOrKs” well no sh*t Sherlock! Just look at the administration we’re dealing with! Do you think they care that “this isn’t how the government works” 😐BFFR,2026-01-08T04:43:38+07:00,,3805091019880999627,threads,threads.com,threads_crawler_v1,https://www.threads.net/@blocksandblessings/post/DTOZh9SCSrL,https://instagram.fhan3-2.fna.fbcdn.net/v/t51.2885-19/584395222_17888860179386239_4888580789567277161_n.jpg?stp=dst-jpg_s150x150_tt6&efg=eyJ2ZW5jb2RlX3RhZyI6InByb2ZpbGVfcGljLmRqYW5nby42NjMuYzIifQ&_nc_ht=instagram.fhan3-2.fna.fbcdn.net&_nc_cat=107&_nc_oc=Q6cZ2QGI3vNHchQgZp8_C32ylMl-H7f41MKFtiSRxE5MSRy-A9XMEQmUHQ_zXh7Q3Oexm1o&_nc_ohc=JLXwAdFdT0sQ7kNvwHixAvz&_nc_gid=kaTaHjFPC8K6Zq-XlQe9CQ&edm=AJhczIQBAAAA&ccb=7-5&oh=00_Afr8OEIIKz_55PQzc97KuuONreTllUrbU879ylf6VpUIgA&oe=69677E4D&_nc_sid=4a2096,2,0,2,0,0,[],,https://www.threads.net/@blocksandblessings/post/DTOZh9SCSrL,[],"{'likes': 2, 'reposts': 0, 'quotes': 0}",threads,3805091019880999627,BlocksandBlessings,,Where’s the lie? The diplomacy ish is out the window. What’s next?! And quit telling people “tHaTs NoT how GoV’t wOrKs” well no sh*t Sherlock! Just look at the administration we’re dealing with! Do you think they care that “this isn’t how the government works” 😐BFFR,threads,71646778238,blocksandblessings
[],2026-01-10T08:55:08.420171+07:00,"Chia sẻ với cho các bạn du học sinh ở Tokyo/Nhật nói chung Japan Model ASEAN Meeting (JMAM). Deadline apply hnay. Mình ko thgia đc vì event lại vào đúng Tết

The event is supported by the ASEAN Foundation, Japanese Mission to ASEAN, and JAIF (Japan-ASEAN Integration Fund).

Students interested in diplomacy and international cooperation, or those eager to challenge themselves with discussions in English, are encouraged to take advantage of this opportunity.",2025-12-17T15:14:00+07:00,,3789463225461855081,threads,threads.com,threads_crawler_v1,https://www.threads.net/@hihidorothie/post/DSW4LnjD1Np,https://instagram.fhan4-6.fna.fbcdn.net/v/t51.2885-19/434987040_434865768998828_1933640673511159691_n.jpg?stp=dst-jpg_s150x150_tt6&efg=eyJ2ZW5jb2RlX3RhZyI6InByb2ZpbGVfcGljLmRqYW5nby4xMDgwLmMyIn0&_nc_ht=instagram.fhan4-6.fna.fbcdn.net&_nc_cat=108&_nc_oc=Q6cZ2QGI3vNHchQgZp8_C32ylMl-H7f41MKFtiSRxE5MSRy-A9XMEQmUHQ_zXh7Q3Oexm1o&_nc_ohc=qReOymzwjp0Q7kNvwHOVRgC&_nc_gid=kaTaHjFPC8K6Zq-XlQe9CQ&edm=AJhczIQBAAAA&ccb=7-5&oh=00_AfpcLwDb1F1HDm3ciIl6lTzYzfClGXexqeLRrioPcizwNQ&oe=6967844D&_nc_sid=4a2096,1,0,14,1,0,['https://instagram.fhan3-4.fna.fbcdn.net/v/t51.2885-15/589901113_17925745080187732_5451431725525555802_n.jpg?stp=dst-jpg_e35_tt6&efg=eyJ2ZW5jb2RlX3RhZyI6InRocmVhZHMuRkVFRC5pbWFnZV91cmxnZW4uMTQ0MHgyMDM2LnNkci5mODI3ODcuZGVmYXVsdF9pbWFnZS5jMiJ9&_nc_ht=instagram.fhan3-4.fna.fbcdn.net&_nc_cat=104&_nc_oc=Q6cZ2QGI3vNHchQgZp8_C32ylMl-H7f41MKFtiSRxE5MSRy-A9XMEQmUHQ_zXh7Q3Oexm1o&_nc_ohc=-sntBREGEEMQ7kNvwE4YXFN&_nc_gid=kaTaHjFPC8K6Zq-XlQe9CQ&edm=AJhczIQBAAAA&ccb=7-5&ig_cache_key=Mzc4OTQ2MzIyNTQ2MTg1NTA4MQ%3D%3D.3-ccb7-5&oh=00_AfqU0CX7utfCz85VEh7FdsCVgVsq9G4M1UfY_xp-7wC6YA&oe=69676B6A&_nc_sid=4a2096'],,https://www.threads.net/@hihidorothie/post/DSW4LnjD1Np,[],"{'likes': 14, 'reposts': 1, 'quotes': 0}",threads,3789463225461855081,Hihi Dorothie,du hoc nhat,"Chia sẻ với cho các bạn du học sinh ở Tokyo/Nhật nói chung Japan Model ASEAN Meeting (JMAM). Deadline apply hnay. Mình ko thgia đc vì event lại vào đúng Tết

The event is supported by the ASEAN Foundation, Japanese Mission to ASEAN, and JAIF (Japan-ASEAN Integration Fund).

Students interested in diplomacy and international cooperation, or those eager to challenge themselves with discussions in English, are encouraged to take advantage of this opportunity.",threads,65649211731,hihidorothie
[],2026-01-10T08:55:08.420351+07:00,"I want to say this about all the negative comments still unhappy about ASEAN inviting Trump. Korang mmg lurus betul. The real world is far more complex than you imagined.

Look at the whole picture. Malaysia is a tiny nation, a small developing economy. Our fire power isn’t even top three among ASEAN nations - but our strength is in diplomacy. From our founding days - our leaders understood our weaknesses and leverages well, and chose the diplomatic route - always. Option lain - tak ada.",2025-10-27T10:57:56+07:00,,3752370777770368720,threads,threads.com,threads_crawler_v1,https://www.threads.net/@sofizelismel/post/DQTGVdqjx7Q,https://instagram.fhan3-4.fna.fbcdn.net/v/t51.2885-19/534303795_17866537326436564_6889739681836785284_n.jpg?stp=dst-jpg_s150x150_tt6&efg=eyJ2ZW5jb2RlX3RhZyI6InByb2ZpbGVfcGljLmRqYW5nby4xMDgwLmMyIn0&_nc_ht=instagram.fhan3-4.fna.fbcdn.net&_nc_cat=104&_nc_oc=Q6cZ2QGI3vNHchQgZp8_C32ylMl-H7f41MKFtiSRxE5MSRy-A9XMEQmUHQ_zXh7Q3Oexm1o&_nc_ohc=hL1nNL3vMxwQ7kNvwGYJw7C&_nc_gid=kaTaHjFPC8K6Zq-XlQe9CQ&edm=AJhczIQBAAAA&ccb=7-5&oh=00_AfpIsgxbE9kwOs6PoOu8KtvXBEO216QB306IfHKVgfVFCA&oe=69678098&_nc_sid=4a2096,70,0,860,172,0,[],,https://www.threads.net/@sofizelismel/post/DQTGVdqjx7Q,[],"{'likes': 860, 'reposts': 166, 'quotes': 6}",threads,3752370777770368720,Iza Sofia,,"I want to say this about all the negative comments still unhappy about ASEAN inviting Trump. Korang mmg lurus betul. The real world is far more complex than you imagined.

Look at the whole picture. Malaysia is a tiny nation, a small developing economy. Our fire power isn’t even top three among ASEAN nations - but our strength is in diplomacy. From our founding days - our leaders understood our weaknesses and leverages well, and chose the diplomatic route - always. Option lain - tak ada.",threads,73060372563,sofizelismel
[],2026-01-10T08:55:08.420502+07:00,Na Watin king Solomon Dey do then way make them call am the wisest Man✅💯 no be fight Dey solve problem but wisdom & diplomacy is a win,2025-10-03T17:06:41+07:00,,3735161729090576496,threads,threads.com,threads_crawler_v1,https://www.threads.net/@afrimoda/post/DPV9c2JE-Bw,https://scontent-itm1-1.cdninstagram.com/v/t51.2885-19/573323465_1219825463302212_7278921664109726296_n.png?stp=dst-jpg_s150x150_tt6&efg=eyJ2ZW5jb2RlX3RhZyI6InByb2ZpbGVfcGljLmRqYW5nby4xNTAuYzIifQ&_nc_ht=scontent-itm1-1.cdninstagram.com&_nc_cat=1&_nc_oc=Q6cZ2QGOYFpblTtV4IvDACsDTO-G_KiLps7kxkyi6QCUDLJhaSNvuJjHVgDOXERJAZeMgfoLShlfqbgWBxOWg7851xHc&_nc_ohc=jFezCB5ZvcgQ7kNvwFEBR_a&_nc_gid=9MsvcHMfyU9QyIT0j1Q0yg&edm=AOmzUmYBAAAA&ccb=7-5&ig_cache_key=YW5vbnltb3VzX3Byb2ZpbGVfcGlj.3-ccb7-5&oh=00_Afobl4u_iX_SJ7vOFKfnB3E5OA_cKYUB2o8waqBY9l0FTg&oe=696789AA&_nc_sid=13eb94,20,0,342,24,0,"['https://instagram.fhan3-3.fna.fbcdn.net/v/t15.5256-10/558016671_3169449176552821_3639477792731594707_n.jpg?stp=dst-jpg_e15_tt6&efg=eyJ2ZW5jb2RlX3RhZyI6InRocmVhZHMuRkVFRC5pbWFnZV91cmxnZW4uNzIweDEyODAuc2RyLmY1MjU2LmZpcnN0X2ZyYW1lX3RodW1ibmFpbC5jMiJ9&_nc_ht=instagram.fhan3-3.fna.fbcdn.net&_nc_cat=101&_nc_oc=Q6cZ2QGI3vNHchQgZp8_C32ylMl-H7f41MKFtiSRxE5MSRy-A9XMEQmUHQ_zXh7Q3Oexm1o&_nc_ohc=4yh9yNJh-T4Q7kNvwHhaAqL&_nc_gid=kaTaHjFPC8K6Zq-XlQe9CQ&edm=AJhczIQAAAAA&ccb=7-5&ig_cache_key=MzczNTE2MTcyOTA5MDU3NjQ5Ng%3D%3D.3-ccb7-5&oh=00_AfosvevMEJXxg7t7HU_RhBs_aHo4PtcAwhDx1Zr_5ZrUmQ&oe=696779B4&_nc_sid=4a2096', 'https://instagram.fhan3-3.fna.fbcdn.net/o1/v/t2/f2/m412/AQNOFxK1m0jJ0-4nwrt1v5haHm83-wejA5rfbWnpDWCoq_zJYOjD_Xm55VHiiQ1IGWSd0xOup0ABjJDA6cfyzanCBPpJ43T6Vvg0eXdHXA.mp4?_nc_cat=111&_nc_oc=Admyll7M1In2wklnkQ7uJ-yMyX9hCi7aGyeul-T9TaUqQgpse_Np-g7Bl3mVbkM3JDM&_nc_sid=8bf8fe&_nc_ht=instagram.fhan3-3.fna.fbcdn.net&_nc_ohc=Bcp4sextfHEQ7kNvwE7cI7w&efg=eyJ2ZW5jb2RlX3RhZyI6Inhwdl9wcm9ncmVzc2l2ZS5JTlNUQUdSQU0uRkVFRC5DMy4zNjAuc3ZlX3NkIiwieHB2X2Fzc2V0X2lkIjoxMTM5MjkwNDM1MDQwNDMwLCJhc3NldF9hZ2VfZGF5cyI6OTgsInZpX3VzZWNhc2VfaWQiOjEwMTIzLCJkdXJhdGlvbl9zIjo4OCwidXJsZ2VuX3NvdXJjZSI6Ind3dyJ9&ccb=17-1&_nc_gid=kaTaHjFPC8K6Zq-XlQe9CQ&_nc_zt=28&oh=00_AfqjsrDeP3K_u0PDTViA2-phz7KpIRy5cUnDNTrs_W6MJg&oe=696775B7']",,https://www.threads.net/@afrimoda/post/DPV9c2JE-Bw,[],"{'likes': 342, 'reposts': 20, 'quotes': 4}",threads,3735161729090576496,Fabric Vendor/Enterpreneur,,Na Watin king Solomon Dey do then way make them call am the wisest Man✅💯 no be fight Dey solve problem but wisdom & diplomacy is a win,threads,63380717258,afrimoda
[],2026-01-10T08:55:08.420648+07:00,"As Trump’s business and diplomacy fuse, critics warn that his approach risks trading stability – and US democracy – for leverage",2025-12-29T23:04:02+07:00,,3798397070122770662,threads,threads.com,threads_crawler_v1,https://www.threads.net/@guardian/post/DS2ngKwjWDm,https://instagram.fhan4-6.fna.fbcdn.net/v/t51.2885-19/357992413_658664692970481_6581864141066149247_n.jpg?stp=dst-jpg_s150x150_tt6&efg=eyJ2ZW5jb2RlX3RhZyI6InByb2ZpbGVfcGljLmRqYW5nby43MDguYzIifQ&_nc_ht=instagram.fhan4-6.fna.fbcdn.net&_nc_cat=109&_nc_oc=Q6cZ2QGI3vNHchQgZp8_C32ylMl-H7f41MKFtiSRxE5MSRy-A9XMEQmUHQ_zXh7Q3Oexm1o&_nc_ohc=iD2GYmOXzJQQ7kNvwHzl940&_nc_gid=kaTaHjFPC8K6Zq-XlQe9CQ&edm=AJhczIQBAAAA&ccb=7-5&oh=00_AfrEgtlMCh2dk_ZuBmqI98oI0I12iPkMK_1x42uyCk-JKQ&oe=696773C4&_nc_sid=4a2096,1,0,32,4,0,[],,https://www.threads.net/@guardian/post/DS2ngKwjWDm,[],"{'likes': 32, 'reposts': 4, 'quotes': 0}",threads,3798397070122770662,The Guardian,,"As Trump’s business and diplomacy fuse, critics warn that his approach risks trading stability – and US democracy – for leverage",threads,63295371043,guardian
[],2026-01-10T08:55:08.420794+07:00,"Pakistan’s smart diplomacy with Trump paid off - India struggled, exposing the limits of its middle-power ambitions.

-- Financial Times.",2025-12-23T23:30:48+07:00,,3794061918593083763,threads,threads.com,threads_crawler_v1,https://www.threads.net/@mansurqr/post/DSnNzaRk-lz,https://instagram.fhan3-3.fna.fbcdn.net/v/t51.2885-19/449038584_417229201311455_3131882929466856344_n.jpg?stp=dst-jpg_s150x150_tt6&efg=eyJ2ZW5jb2RlX3RhZyI6InByb2ZpbGVfcGljLmRqYW5nby42MzEuYzIifQ&_nc_ht=instagram.fhan3-3.fna.fbcdn.net&_nc_cat=111&_nc_oc=Q6cZ2QGI3vNHchQgZp8_C32ylMl-H7f41MKFtiSRxE5MSRy-A9XMEQmUHQ_zXh7Q3Oexm1o&_nc_ohc=wKHsf-C6NvQQ7kNvwGUXItM&_nc_gid=kaTaHjFPC8K6Zq-XlQe9CQ&edm=AJhczIQBAAAA&ccb=7-5&oh=00_AfqgfqPBE7HxRH8NXd_sp-EiB3AgRo0n685dcddWCTV1Kw&oe=69679266&_nc_sid=4a2096,15,0,36,0,0,['https://instagram.fhan4-3.fna.fbcdn.net/v/t51.2885-15/605536483_18339863704226722_6300308660983507069_n.jpg?stp=dst-jpg_e35_tt6&efg=eyJ2ZW5jb2RlX3RhZyI6InRocmVhZHMuRkVFRC5pbWFnZV91cmxnZW4uNjY2eDQ2MC5zZHIuZjgyNzg3LmRlZmF1bHRfaW1hZ2UuYzIifQ&_nc_ht=instagram.fhan4-3.fna.fbcdn.net&_nc_cat=110&_nc_oc=Q6cZ2QGI3vNHchQgZp8_C32ylMl-H7f41MKFtiSRxE5MSRy-A9XMEQmUHQ_zXh7Q3Oexm1o&_nc_ohc=BWzuCxC_kykQ7kNvwHzGpIz&_nc_gid=kaTaHjFPC8K6Zq-XlQe9CQ&edm=AJhczIQBAAAA&ccb=7-5&ig_cache_key=Mzc5NDA2MTkxODU5MzA4Mzc2Mw%3D%3D.3-ccb7-5&oh=00_AfrjEmDdhUlC4wmqFwkjFA-IEgV1oh1bxUNl0-nJvwmFRA&oe=6967738A&_nc_sid=4a2096'],,https://www.threads.net/@mansurqr/post/DSnNzaRk-lz,[],"{'likes': 36, 'reposts': 0, 'quotes': 0}",threads,3794061918593083763,Mansoor Ahmed Qureshi,,"Pakistan’s smart diplomacy with Trump paid off - India struggled, exposing the limits of its middle-power ambitions.

-- Financial Times.",threads,63231141158,mansurqr
[],2026-01-10T08:55:08.420945+07:00,"​> THE GREAT DECOUPLING. 🇺🇸✂️
​The United States has officially announced its withdrawal from 66 International Treaties and Organizations.
This is not a policy change. This is a demolition.
​The Umbra Assessment:
For 80 years, the US ruled via ""Soft Power"" (Diplomacy & Aid). Today, the Architect is dismantling the house he built.
​(Swipe Left to see the Casualty List ⬅️)
(Analysis continued 👇)",2026-01-08T15:43:53+07:00,,3805423328555700831,threads,threads.com,threads_crawler_v1,https://www.threads.net/@umbrastrategy/post/DTPlFr2jBJf,https://instagram.fhan4-5.fna.fbcdn.net/v/t51.2885-19/611136290_17845601157666591_6450853006557162816_n.jpg?stp=dst-jpg_s150x150_tt6&efg=eyJ2ZW5jb2RlX3RhZyI6InByb2ZpbGVfcGljLmRqYW5nby4xMDgwLmMyIn0&_nc_ht=instagram.fhan4-5.fna.fbcdn.net&_nc_cat=103&_nc_oc=Q6cZ2QGI3vNHchQgZp8_C32ylMl-H7f41MKFtiSRxE5MSRy-A9XMEQmUHQ_zXh7Q3Oexm1o&_nc_ohc=yTD1X623tfcQ7kNvwGhMpJL&_nc_gid=kaTaHjFPC8K6Zq-XlQe9CQ&edm=AJhczIQBAAAA&ccb=7-5&oh=00_AfrcbN_Dns0e6ZPmjLEmK4-odo5ieGFoSbhjL-Ub8nJ9Qg&oe=6967946B&_nc_sid=4a2096,2,0,2,0,0,['https://instagram.fhan4-5.fna.fbcdn.net/v/t51.2885-15/611336302_17845974237666591_4050061194146135084_n.webp?efg=eyJ2ZW5jb2RlX3RhZyI6InRocmVhZHMuQ0FST1VTRUxfSVRFTS5pbWFnZV91cmxnZW4uMTAyNHgxNTM2LnNkci5mODI3ODcuZGVmYXVsdF9pbWFnZS5jMiJ9&_nc_ht=instagram.fhan4-5.fna.fbcdn.net&_nc_cat=103&_nc_oc=Q6cZ2QGI3vNHchQgZp8_C32ylMl-H7f41MKFtiSRxE5MSRy-A9XMEQmUHQ_zXh7Q3Oexm1o&_nc_ohc=mEjdWCPZqRgQ7kNvwGbOtA9&_nc_gid=kaTaHjFPC8K6Zq-XlQe9CQ&edm=AJhczIQBAAAA&ccb=7-5&ig_cache_key=MzgwNTQyMzMyMzQ4MDYxNzU0Mw%3D%3D.3-ccb7-5&oh=00_AfqkoZDi_W7XUfCSDsVLWg5F5brENwjgHagKbyE_R0UqTw&oe=6967966E&_nc_sid=4a2096'],,https://www.threads.net/@umbrastrategy/post/DTPlFr2jBJf,[],"{'likes': 2, 'reposts': 0, 'quotes': 0}",threads,3805423328555700831,Umbra Strategy,,"​> THE GREAT DECOUPLING. 🇺🇸✂️
​The United States has officially announced its withdrawal from 66 International Treaties and Organizations.
This is not a policy change. This is a demolition.
​The Umbra Assessment:
For 80 years, the US ruled via ""Soft Power"" (Diplomacy & Aid). Today, the Architect is dismantling the house he built.
​(Swipe Left to see the Casualty List ⬅️)
(Analysis continued 👇)",threads,80014946590,umbrastrategy
[],2026-01-10T08:55:08.421093+07:00,"Princess Catherine’s ‘soft diplomacy’ had President Donald Trump under her spell at the State Banquet on September 17, 2025. Her Royal Highness will make a wonderful queen when it’s her time. 💛👑",2025-09-20T21:57:07+07:00,,3725885855111179872,threads,threads.com,threads_crawler_v1,https://www.threads.net/@walesroyalfans/post/DO1AXHTje5g,https://instagram.fhan3-3.fna.fbcdn.net/v/t51.2885-19/518664180_18128062504451875_334427978297652317_n.jpg?stp=dst-jpg_s150x150_tt6&efg=eyJ2ZW5jb2RlX3RhZyI6InByb2ZpbGVfcGljLmRqYW5nby4xMDQ0LmMyIn0&_nc_ht=instagram.fhan3-3.fna.fbcdn.net&_nc_cat=1&_nc_oc=Q6cZ2QGI3vNHchQgZp8_C32ylMl-H7f41MKFtiSRxE5MSRy-A9XMEQmUHQ_zXh7Q3Oexm1o&_nc_ohc=z9JzB2OqCqgQ7kNvwEGahg4&_nc_gid=kaTaHjFPC8K6Zq-XlQe9CQ&edm=AJhczIQBAAAA&ccb=7-5&oh=00_AfqAAQsraw2L-w0Li3fRv7oq9Bk54JzOSJabCuFlBkUfNg&oe=696771E6&_nc_sid=4a2096,81,0,1890,41,0,['https://instagram.fhan3-2.fna.fbcdn.net/v/t51.2885-15/551482900_18135730261451875_3873955409423131317_n.jpg?stp=dst-jpg_e35_tt6&efg=eyJ2ZW5jb2RlX3RhZyI6InRocmVhZHMuQ0FST1VTRUxfSVRFTS5pbWFnZV91cmxnZW4uMTAwMngxMzM2LnNkci5mODI3ODcuZGVmYXVsdF9pbWFnZS5jMiJ9&_nc_ht=instagram.fhan3-2.fna.fbcdn.net&_nc_cat=107&_nc_oc=Q6cZ2QGI3vNHchQgZp8_C32ylMl-H7f41MKFtiSRxE5MSRy-A9XMEQmUHQ_zXh7Q3Oexm1o&_nc_ohc=kyJaM4XH-oIQ7kNvwGiG__d&_nc_gid=kaTaHjFPC8K6Zq-XlQe9CQ&edm=AJhczIQBAAAA&ccb=7-5&ig_cache_key=MzcyNTg4NTg0NzIyNTg1MjI1Ng%3D%3D.3-ccb7-5&oh=00_AfoLjaTU3hNpMZT4lOPHxfz0gIqLdajdZ7oEZiT29RTAsg&oe=696778B7&_nc_sid=4a2096'],,https://www.threads.net/@walesroyalfans/post/DO1AXHTje5g,[],"{'likes': 1890, 'reposts': 39, 'quotes': 2}",threads,3725885855111179872,Prince William & Princess Catherine of Wales,,"Princess Catherine’s ‘soft diplomacy’ had President Donald Trump under her spell at the State Banquet on September 17, 2025. Her Royal Highness will make a wonderful queen when it’s her time. 💛👑",threads,63073447487,walesroyalfans
[],2026-01-10T08:55:08.421292+07:00,PM Modi skips ASEAN Summit in Malaysia but not diplomacy. Reports suggest India is recalibrating its stand between the US and Russia as trade talks and oil imports take center stage. Sometimes real power is in knowing when not to show up.,2025-10-25T00:35:45+07:00,,3750608056820502063,threads,threads.com,threads_crawler_v1,https://www.threads.net/@praffulgarg/post/DQM1if2gQ4v,https://instagram.fhan3-3.fna.fbcdn.net/v/t51.2885-19/432355046_948307866688092_7735641367311632233_n.jpg?stp=dst-jpg_s150x150_tt6&efg=eyJ2ZW5jb2RlX3RhZyI6InByb2ZpbGVfcGljLmRqYW5nby4xMDY2LmMyIn0&_nc_ht=instagram.fhan3-3.fna.fbcdn.net&_nc_cat=1&_nc_oc=Q6cZ2QGI3vNHchQgZp8_C32ylMl-H7f41MKFtiSRxE5MSRy-A9XMEQmUHQ_zXh7Q3Oexm1o&_nc_ohc=BHYS2WyWhdUQ7kNvwFJSJ3Y&_nc_gid=kaTaHjFPC8K6Zq-XlQe9CQ&edm=AJhczIQBAAAA&ccb=7-5&oh=00_Afr5usQlGK5qlh9Lr6hZmWSo8RNvf_7eBbheM-WkKtBwbQ&oe=69677C3E&_nc_sid=4a2096,16,0,338,8,0,"['https://instagram.fhan3-4.fna.fbcdn.net/v/t51.2885-15/569834071_18535105213022898_6000780806526935417_n.jpg?stp=dst-jpg_e15_tt6&efg=eyJ2ZW5jb2RlX3RhZyI6InRocmVhZHMuRkVFRC5pbWFnZV91cmxnZW4uODY0eDE1MzYuc2RyLmY4Mjc4Ny5kZWZhdWx0X2NvdmVyX2ZyYW1lLmMyIn0&_nc_ht=instagram.fhan3-4.fna.fbcdn.net&_nc_cat=106&_nc_oc=Q6cZ2QGI3vNHchQgZp8_C32ylMl-H7f41MKFtiSRxE5MSRy-A9XMEQmUHQ_zXh7Q3Oexm1o&_nc_ohc=S_qe8RAgy84Q7kNvwGEyKB5&_nc_gid=kaTaHjFPC8K6Zq-XlQe9CQ&edm=AJhczIQBAAAA&ccb=7-5&ig_cache_key=Mzc1MDYwODA1NjgyMDUwMjA2Mw%3D%3D.3-ccb7-5&oh=00_AfqODIJL76a6YOqgBOYpiDFQrs9f_EdfUY72vZ3x_O57mA&oe=69677E4C&_nc_sid=4a2096', 'https://instagram.fhan3-4.fna.fbcdn.net/o1/v/t2/f2/m86/AQMhL1pNFbvfy4UwlwyVwdKxT9BCzD560gnyf0N-1OPN9_c3mbtzE2Y_B0SFAi6ci2hiNJZ5Ps5K-HHkhbV7ijvm_BuT7B3kao5ca20.mp4?_nc_cat=104&_nc_oc=Adm65pFVZhkD0sQpXjdqItmx37LgHWuODSOWPFmtT9LmmR_phK33ofmXtxM0zPIALJk&_nc_sid=5e9851&_nc_ht=instagram.fhan3-4.fna.fbcdn.net&_nc_ohc=kDEakfI9r4AQ7kNvwGK0N0R&efg=eyJ2ZW5jb2RlX3RhZyI6Inhwdl9wcm9ncmVzc2l2ZS5JTlNUQUdSQU0uRkVFRC5DMy43MjAuZGFzaF9iYXNlbGluZV8xX3YxIiwieHB2X2Fzc2V0X2lkIjoyMzA1MDYyNzkzMjcxMzAzLCJhc3NldF9hZ2VfZGF5cyI6NzcsInZpX3VzZWNhc2VfaWQiOjEwMDk5LCJkdXJhdGlvbl9zIjoxNTksInVybGdlbl9zb3VyY2UiOiJ3d3cifQ%3D%3D&ccb=17-1&_nc_gid=kaTaHjFPC8K6Zq-XlQe9CQ&_nc_zt=28&vs=b9bc842294ccba3b&_nc_vs=HBksFQIYUmlnX3hwdl9yZWVsc19wZXJtYW5lbnRfc3JfcHJvZC8yOTQ2REJBRDg3Q0Q5MzhDQ0QxMkFGREIzRUY1MTc4MV92aWRlb19kYXNoaW5pdC5tcDQVAALIARIAFQIYOnBhc3N0aHJvdWdoX2V2ZXJzdG9yZS9HSXFaSGlJaGsxZnRFWG9HQUd5MUE3YlpvNWRFYnN0VEFRQUYVAgLIARIAKAAYABsCiAd1c2Vfb2lsATEScHJvZ3Jlc3NpdmVfcmVjaXBlATEVAAAmjuDSj6icmAgVAigCQzMsF0Bj6IMSbpeNGBJkYXNoX2Jhc2VsaW5lXzFfdjERAHXqB2XmnQEA&oh=00_AfpTloP7AE9MZOBqmrtHkb2va98iGMl99NTBP0cjrSK3cg&oe=696395DD']",,https://www.threads.net/@praffulgarg/post/DQM1if2gQ4v,[],"{'likes': 338, 'reposts': 8, 'quotes': 0}",threads,3750608056820502063,Prafful Garg,,PM Modi skips ASEAN Summit in Malaysia but not diplomacy. Reports suggest India is recalibrating its stand between the US and Russia as trade talks and oil imports take center stage. Sometimes real power is in knowing when not to show up.,threads,63432757320,praffulgarg
[],2026-01-10T08:55:08.421466+07:00,"China✅
India✅
Which country's next?
Diplomacy",2024-11-15T17:19:43+07:00,,3501790532470702100,threads,threads.com,threads_crawler_v1,https://www.threads.net/@indrapsaputra/post/DCY2--dvgAU,https://instagram.fhan4-5.fna.fbcdn.net/v/t51.2885-19/468786825_609956594735534_5037174407813847924_n.jpg?stp=dst-jpg_s150x150_tt6&efg=eyJ2ZW5jb2RlX3RhZyI6InByb2ZpbGVfcGljLmRqYW5nby4xMDgwLmMyIn0&_nc_ht=instagram.fhan4-5.fna.fbcdn.net&_nc_cat=102&_nc_oc=Q6cZ2QGI3vNHchQgZp8_C32ylMl-H7f41MKFtiSRxE5MSRy-A9XMEQmUHQ_zXh7Q3Oexm1o&_nc_ohc=75rck9LRLrwQ7kNvwGdQSS3&_nc_gid=kaTaHjFPC8K6Zq-XlQe9CQ&edm=AJhczIQBAAAA&ccb=7-5&oh=00_Afom6RAZWl3Io1j6TB3Jsmf8GNrIkdhJ2OG9ynG-qg62fg&oe=6967781F&_nc_sid=4a2096,7,0,46,0,0,['https://instagram.fhan4-6.fna.fbcdn.net/v/t51.29350-15/466802525_1335460170805556_116682352506214301_n.jpg?stp=dst-jpg_e35_tt6&efg=eyJ2ZW5jb2RlX3RhZyI6InRocmVhZHMuQ0FST1VTRUxfSVRFTS5pbWFnZV91cmxnZW4uMjU2MHgxNDQwLnNkci5mMjkzNTAuZGVmYXVsdF9pbWFnZS5jMiJ9&_nc_ht=instagram.fhan4-6.fna.fbcdn.net&_nc_cat=108&_nc_oc=Q6cZ2QGI3vNHchQgZp8_C32ylMl-H7f41MKFtiSRxE5MSRy-A9XMEQmUHQ_zXh7Q3Oexm1o&_nc_ohc=BpCVoI9Fh3IQ7kNvwFihbC1&_nc_gid=kaTaHjFPC8K6Zq-XlQe9CQ&edm=AJhczIQBAAAA&ccb=7-5&ig_cache_key=MzUwMTc5MDUyNTM4MjM0NDQyMA%3D%3D.3-ccb7-5&oh=00_AfoqbXtBgbHptauieSbw7OpDbJ9RRxJz2WNSgHAhI7_h1g&oe=6967743B&_nc_sid=4a2096'],,https://www.threads.net/@indrapsaputra/post/DCY2--dvgAU,[],"{'likes': 46, 'reposts': 0, 'quotes': 0}",threads,3501790532470702100,Indra,Diplomacy,"China✅
India✅
Which country's next?
Diplomacy",threads,63611625175,indrapsaputra
[],2026-01-10T08:55:08.421620+07:00,"THIS. Idk why leftists sem to think diplomacy is unimportant. You dont want to lose the forest for the trees, but you cant forget the forest is made of trees. 
Who are you fighting for if you dont care about the actual individuals that make up the collective “people”?
At the end of the day, you can choose to do whatever you please, but if you alienate everyone around you who care about reciprocal respect, you may have “allies” but not comrades.",2026-01-08T12:35:37+07:00,,3805328572400197595,threads,threads.com,threads_crawler_v1,https://www.threads.net/@semicolonexpected/post/DTPPizTjt_b,https://instagram.fhan4-5.fna.fbcdn.net/v/t51.2885-19/573713868_17930276133111339_3307507982626287315_n.jpg?stp=dst-jpg_s150x150_tt6&efg=eyJ2ZW5jb2RlX3RhZyI6InByb2ZpbGVfcGljLmRqYW5nby4xMDgwLmMyIn0&_nc_ht=instagram.fhan4-5.fna.fbcdn.net&_nc_cat=103&_nc_oc=Q6cZ2QGI3vNHchQgZp8_C32ylMl-H7f41MKFtiSRxE5MSRy-A9XMEQmUHQ_zXh7Q3Oexm1o&_nc_ohc=ilx4vbeg51sQ7kNvwFxff4q&_nc_gid=kaTaHjFPC8K6Zq-XlQe9CQ&edm=AJhczIQBAAAA&ccb=7-5&oh=00_AfqsBiginzhxLWy4E3LamljR7LWZ9sSp_HRRErbwR412zQ&oe=6967709F&_nc_sid=4a2096,2,0,11,2,0,[],,https://www.threads.net/@semicolonexpected/post/DTPPizTjt_b,[],"{'likes': 11, 'reposts': 2, 'quotes': 0}",threads,3805328572400197595,SemicolonExpected 🐍,,"THIS. Idk why leftists sem to think diplomacy is unimportant. You dont want to lose the forest for the trees, but you cant forget the forest is made of trees. 
Who are you fighting for if you dont care about the actual individuals that make up the collective “people”?
At the end of the day, you can choose to do whatever you please, but if you alienate everyone around you who care about reciprocal respect, you may have “allies” but not comrades.",threads,63127663338,semicolonexpected
[],2026-01-10T08:55:08.421771+07:00,I bet you have not seen this episode of diaper diplomacy 😂😂,2025-08-22T14:26:29+07:00,,3704637127094670698,threads,threads.com,threads_crawler_v1,https://www.threads.net/@mbiydzela.digital/post/DNpg9bOM5Vq,https://instagram.fhan3-4.fna.fbcdn.net/v/t51.2885-19/587066441_17933040990110538_1325369355178667919_n.jpg?stp=dst-jpg_s150x150_tt6&efg=eyJ2ZW5jb2RlX3RhZyI6InByb2ZpbGVfcGljLmRqYW5nby4xMDgwLmMyIn0&_nc_ht=instagram.fhan3-4.fna.fbcdn.net&_nc_cat=106&_nc_oc=Q6cZ2QGI3vNHchQgZp8_C32ylMl-H7f41MKFtiSRxE5MSRy-A9XMEQmUHQ_zXh7Q3Oexm1o&_nc_ohc=tFO9hqWUARkQ7kNvwEV_TVS&_nc_gid=kaTaHjFPC8K6Zq-XlQe9CQ&edm=AJhczIQBAAAA&ccb=7-5&oh=00_Afq-vPBWOv4yBAN0YfxPezwU5lNEqDwvDEAeQt-9JXIMyQ&oe=696789DB&_nc_sid=4a2096,66,0,1397,225,0,"['https://instagram.fhan3-4.fna.fbcdn.net/v/t51.2885-15/533578970_17921644764110538_1523291300935821642_n.jpg?stp=dst-jpg_e15_tt6&efg=eyJ2ZW5jb2RlX3RhZyI6InRocmVhZHMuRkVFRC5pbWFnZV91cmxnZW4uNzIweDQwNi5zZHIuZjgyNzg3LmRlZmF1bHRfY292ZXJfZnJhbWUuYzIifQ&_nc_ht=instagram.fhan3-4.fna.fbcdn.net&_nc_cat=106&_nc_oc=Q6cZ2QGI3vNHchQgZp8_C32ylMl-H7f41MKFtiSRxE5MSRy-A9XMEQmUHQ_zXh7Q3Oexm1o&_nc_ohc=Z0cS2IaDSRYQ7kNvwFGUFnu&_nc_gid=kaTaHjFPC8K6Zq-XlQe9CQ&edm=AJhczIQBAAAA&ccb=7-5&ig_cache_key=MzcwNDYzNzEyNzA5NDY3MDY5OA%3D%3D.3-ccb7-5&oh=00_Afr4ScDeK5M1BcGPIJINMdmakiQEjkmpzBu3LxLu10Za3g&oe=69679645&_nc_sid=4a2096', 'https://instagram.fhan4-1.fna.fbcdn.net/o1/v/t16/f2/m69/AQOi3syZ--4p6_llo0gUaHO-tG4aeh-nO_85iKFrf0Ogou-hMTP4MgSesjxRB7I1xEQQAL2miYFBoFJBDnANKuPe.mp4?strext=1&_nc_cat=105&_nc_oc=Adk9n-w10dI-z1BINgTNy0gNq-p2uMIezPNlo9rOf8gPpjmUYpLl1XSItJ7Ied-tW2Q&_nc_sid=8bf8fe&_nc_ht=instagram.fhan4-1.fna.fbcdn.net&_nc_ohc=TCNYqnLyqyQQ7kNvwGoO1F9&efg=eyJ2ZW5jb2RlX3RhZyI6Inhwdl9wcm9ncmVzc2l2ZS5JTlNUQUdSQU0uRkVFRC5DMy4xMjcwLnByb2dyZXNzaXZlX2gyNjQtYmFzaWMtZ2VuMl83MjBwIiwieHB2X2Fzc2V0X2lkIjoxNTgxMDc5NjIzMjc4MjE4LCJhc3NldF9hZ2VfZGF5cyI6MTQwLCJ2aV91c2VjYXNlX2lkIjoxMDE2NCwiZHVyYXRpb25fcyI6MTM3LCJ1cmxnZW5fc291cmNlIjoid3d3In0%3D&ccb=17-1&_nc_gid=kaTaHjFPC8K6Zq-XlQe9CQ&_nc_zt=28&oh=00_AfpyXwxUdyVYvVrOYrmtF7LsVj8PABvNUSRTDi1LJTnxlg&oe=69677EF3']",,https://www.threads.net/@mbiydzela.digital/post/DNpg9bOM5Vq,[],"{'likes': 1397, 'reposts': 205, 'quotes': 20}",threads,3704637127094670698,MBIYDZELA DIGITAL 📈📉🟣💻,,I bet you have not seen this episode of diaper diplomacy 😂😂,threads,63222766537,mbiydzela.digital
[],2026-01-10T08:55:08.421922+07:00,"📢 I am going to say what many Canadians and likely many MPs across party lines, are thinking but may be hesitant to voice. There is absolutely no way Pierre or anyone in his camp could have navigated global diplomacy at this level or secured agreements of this magnitude while maintaining stability at home.

From the budget to international relations, PM Carney and his cabinet have kept a steady hand and delivered consistently. They have not missed a single beat.",2025-11-22T22:36:13+07:00,,3771566405717174963,threads,threads.com,threads_crawler_v1,https://www.threads.net/@anniejkoshy/post/DRXS6nTkaqz,https://instagram.fhan4-6.fna.fbcdn.net/v/t51.2885-19/491444082_17903987736119001_3044098481637579384_n.jpg?stp=dst-jpg_s150x150_tt6&efg=eyJ2ZW5jb2RlX3RhZyI6InByb2ZpbGVfcGljLmRqYW5nby4zMjAuYzIifQ&_nc_ht=instagram.fhan4-6.fna.fbcdn.net&_nc_cat=109&_nc_oc=Q6cZ2QHQknTWOKNBqRFr_YJRQjm98dfODJBnQbXu1rKczjsDUi0ClrtGfEsb0j5eb2-rsX0&_nc_ohc=f5EwX510k2wQ7kNvwHCY-Dv&_nc_gid=rbwF5CyS1JGwTuuG5fq8hQ&edm=AJhczIQBAAAA&ccb=7-5&oh=00_Afp333igJe1TcblBiy4sYAKjwsOqFSY9CZHeH9JhGkHhFQ&oe=69678994&_nc_sid=4a2096,112,0,2645,196,0,[],,https://www.threads.net/@anniejkoshy/post/DRXS6nTkaqz,[],"{'likes': 2645, 'reposts': 189, 'quotes': 7}",threads,3771566405717174963,Annie J Koshy,MediaThreads,"📢 I am going to say what many Canadians and likely many MPs across party lines, are thinking but may be hesitant to voice. There is absolutely no way Pierre or anyone in his camp could have navigated global diplomacy at this level or secured agreements of this magnitude while maintaining stability at home.

From the budget to international relations, PM Carney and his cabinet have kept a steady hand and delivered consistently. They have not missed a single beat.",threads,63392583000,anniejkoshy
[],2026-01-10T08:55:08.422072+07:00,"Radical left scum has arrived for duty from California. As a multicultural family (Persian, Mexican, Philippino and Irish), we represent what makes America wonderful! We will always fight for our democracy, human rights, women’s rights, freedom of speech and diplomacy.",2025-12-27T13:27:25+07:00,,3796657334388010325,threads,threads.com,threads_crawler_v1,https://www.threads.net/@zhoooman/post/DSwb7rmFC1V,https://instagram.fhan4-1.fna.fbcdn.net/v/t51.2885-19/467605861_906936204965225_5989041490402161102_n.jpg?stp=dst-jpg_s150x150_tt6&efg=eyJ2ZW5jb2RlX3RhZyI6InByb2ZpbGVfcGljLmRqYW5nby4xMDgwLmMyIn0&_nc_ht=instagram.fhan4-1.fna.fbcdn.net&_nc_cat=105&_nc_oc=Q6cZ2QHQknTWOKNBqRFr_YJRQjm98dfODJBnQbXu1rKczjsDUi0ClrtGfEsb0j5eb2-rsX0&_nc_ohc=osKRQ_Z7hh4Q7kNvwGvqLj1&_nc_gid=rbwF5CyS1JGwTuuG5fq8hQ&edm=AJhczIQBAAAA&ccb=7-5&oh=00_AfrD4ht-kOHwvJYAvRto1MHRtI9lf-zzLJAqeOj7KHnw9g&oe=69677D99&_nc_sid=4a2096,43,0,897,14,0,['https://instagram.fhan4-3.fna.fbcdn.net/v/t51.2885-15/607212262_17895778293369514_1993172380836515463_n.jpg?stp=dst-jpg_e35_tt6&efg=eyJ2ZW5jb2RlX3RhZyI6InRocmVhZHMuRkVFRC5pbWFnZV91cmxnZW4uMTQ0MHgxOTIwLnNkci5mODI3ODcuZGVmYXVsdF9pbWFnZS5jMiJ9&_nc_ht=instagram.fhan4-3.fna.fbcdn.net&_nc_cat=110&_nc_oc=Q6cZ2QHQknTWOKNBqRFr_YJRQjm98dfODJBnQbXu1rKczjsDUi0ClrtGfEsb0j5eb2-rsX0&_nc_ohc=mJ8ArEEHrtYQ7kNvwFvljRR&_nc_gid=rbwF5CyS1JGwTuuG5fq8hQ&edm=AJhczIQBAAAA&ccb=7-5&ig_cache_key=Mzc5NjY1NzMzNDM4ODAxMDMyNQ%3D%3D.3-ccb7-5&oh=00_AfrYhZ3QddriEk55pHTrlTnkZatBjWE__g1FtpFaPZG4tA&oe=69677397&_nc_sid=4a2096'],,https://www.threads.net/@zhoooman/post/DSwb7rmFC1V,[],"{'likes': 897, 'reposts': 14, 'quotes': 0}",threads,3796657334388010325,Zee,radical leftist scum,"Radical left scum has arrived for duty from California. As a multicultural family (Persian, Mexican, Philippino and Irish), we represent what makes America wonderful! We will always fight for our democracy, human rights, women’s rights, freedom of speech and diplomacy.",threads,71045745513,zhoooman
[],2026-01-10T08:55:08.422220+07:00,"Trump at the UN wasn’t a speech, it was a tantrum in a suit. Telling world leaders their countries are “going to hell” isn’t diplomacy, it’s projection from a man watching his own relevance rot. This wasn’t strength, it was insecurity broadcast globally. The UN stage is for vision, unity, and leadership — what we got was bitterness, blame, and a reminder of why he is unfit to lead anywhere.

The Storm",2025-09-24T11:00:29+07:00,,3728454463263990585,threads,threads.com,threads_crawler_v1,https://www.threads.net/@theitalchemist/post/DO-IZSEEeM5,https://instagram.fhan4-3.fna.fbcdn.net/v/t51.2885-19/589217043_17888015067400666_2353945959716931950_n.jpg?stp=dst-jpg_s150x150_tt6&efg=eyJ2ZW5jb2RlX3RhZyI6InByb2ZpbGVfcGljLmRqYW5nby43NTAuYzIifQ&_nc_ht=instagram.fhan4-3.fna.fbcdn.net&_nc_cat=110&_nc_oc=Q6cZ2QHQknTWOKNBqRFr_YJRQjm98dfODJBnQbXu1rKczjsDUi0ClrtGfEsb0j5eb2-rsX0&_nc_ohc=XIpiyysGFT0Q7kNvwHv1oyD&_nc_gid=rbwF5CyS1JGwTuuG5fq8hQ&edm=AJhczIQBAAAA&ccb=7-5&oh=00_AfoRjaoUz60jkeB5bz5UfVCQBKdJpUp2rSfnmlgIvEtIjg&oe=69677630&_nc_sid=4a2096,6,0,417,26,0,[],,https://www.threads.net/@theitalchemist/post/DO-IZSEEeM5,[],"{'likes': 417, 'reposts': 26, 'quotes': 0}",threads,3728454463263990585,The Storm,UN,"Trump at the UN wasn’t a speech, it was a tantrum in a suit. Telling world leaders their countries are “going to hell” isn’t diplomacy, it’s projection from a man watching his own relevance rot. This wasn’t strength, it was insecurity broadcast globally. The UN stage is for vision, unity, and leadership — what we got was bitterness, blame, and a reminder of why he is unfit to lead anywhere.

The Storm",threads,72175648665,theitalchemist
[],2026-01-10T08:55:08.422374+07:00,"If you are serious about working in diplomacy, there is basic knowledge you must master.
Diplomacy is not a title. It is a discipline.
Before speaking, you must understand:
• How governments function
• The role of international organizations
• Diplomatic protocol and etiquette
• Negotiation and dialogue
• Conflict prevention and resolution
• Cultural intelligence and respect
• Policy language and decision making
• Multilateral cooperation",2026-01-08T05:57:21+07:00,,3805128101513585055,threads,threads.com,threads_crawler_v1,https://www.threads.net/@dr.andrisebass/post/DTOh9kPkuGf,https://instagram.fhan4-3.fna.fbcdn.net/v/t51.2885-19/339173253_149816724409932_1087385937124826423_n.jpg?stp=dst-jpg_s150x150_tt6&efg=eyJ2ZW5jb2RlX3RhZyI6InByb2ZpbGVfcGljLmRqYW5nby4xMDgwLmMyIn0&_nc_ht=instagram.fhan4-3.fna.fbcdn.net&_nc_cat=100&_nc_oc=Q6cZ2QHQknTWOKNBqRFr_YJRQjm98dfODJBnQbXu1rKczjsDUi0ClrtGfEsb0j5eb2-rsX0&_nc_ohc=sd3rChPLE2IQ7kNvwFau6iw&_nc_gid=rbwF5CyS1JGwTuuG5fq8hQ&edm=AJhczIQBAAAA&ccb=7-5&oh=00_AfrfNbjCxMIsH7-rDozTbo5U7p4Q7nHPHMtq5jjP2L7rLQ&oe=69679A8B&_nc_sid=4a2096,0,0,2,1,0,"['https://instagram.fhan4-5.fna.fbcdn.net/v/t51.2885-15/610090101_880390807738010_5694324165212737086_n.jpg?stp=dst-jpg_e15_tt6&efg=eyJ2ZW5jb2RlX3RhZyI6InRocmVhZHMuRkVFRC5pbWFnZV91cmxnZW4uNjQweDM2MC5zZHIuZjcxODc4LmRlZmF1bHRfY292ZXJfZnJhbWUuYzIifQ&_nc_ht=instagram.fhan4-5.fna.fbcdn.net&_nc_cat=102&_nc_oc=Q6cZ2QHQknTWOKNBqRFr_YJRQjm98dfODJBnQbXu1rKczjsDUi0ClrtGfEsb0j5eb2-rsX0&_nc_ohc=83y3fWWBgxcQ7kNvwFgjTkD&_nc_gid=rbwF5CyS1JGwTuuG5fq8hQ&edm=AJhczIQBAAAA&ccb=7-5&ig_cache_key=MzgwNTEyODEwMTUxMzU4NTA1NQ%3D%3D.3-ccb7-5&oh=00_AfpzrLZONRq9O8GLGj0Jgl2XJyCnQkxqODKl4idWY8GTwA&oe=69678FAC&_nc_sid=4a2096', 'https://instagram.fhan4-1.fna.fbcdn.net/o1/v/t2/f2/m86/AQPAhy4FCgald7ALxVqAxUte0kxXFXETaMzEL43FrlYmmGCRrvCOZwE1bxaRGWI3NzIwfnraC38CgWiJpqU_VU2j2PXikLurGOJAggs.mp4?_nc_cat=105&_nc_oc=AdlxTyJGFQGhozc-GMVOpgUvaOvVIdFEnzWAlApmw-Y0--roZIJNAvSscapdDk2jSHc&_nc_sid=5e9851&_nc_ht=instagram.fhan4-1.fna.fbcdn.net&_nc_ohc=RpB5BS10YVcQ7kNvwE3IfxO&efg=eyJ2ZW5jb2RlX3RhZyI6Inhwdl9wcm9ncmVzc2l2ZS5JTlNUQUdSQU0uRkVFRC5DMy4xMjgwLmRhc2hfYmFzZWxpbmVfMV92MSIsInhwdl9hc3NldF9pZCI6MjQxNTcwNjM0NTU0NTYxMiwiYXNzZXRfYWdlX2RheXMiOjIsInZpX3VzZWNhc2VfaWQiOjEwMDk5LCJkdXJhdGlvbl9zIjo1MCwidXJsZ2VuX3NvdXJjZSI6Ind3dyJ9&ccb=17-1&_nc_gid=rbwF5CyS1JGwTuuG5fq8hQ&_nc_zt=28&vs=7cb425bb04051018&_nc_vs=HBksFQIYUmlnX3hwdl9yZWVsc19wZXJtYW5lbnRfc3JfcHJvZC85MDQ0Njg3MkI5OTZBNzYwOTYwMjlGOTk1RjdFMjZCMF92aWRlb19kYXNoaW5pdC5tcDQVAALIARIAFQIYOnBhc3N0aHJvdWdoX2V2ZXJzdG9yZS9HSXBEWnlRa2hyLTdTdm9FQUt0WmQ0Y3NhUFE5YnN0VEFRQUYVAgLIARIAKAAYABsCiAd1c2Vfb2lsATEScHJvZ3Jlc3NpdmVfcmVjaXBlATEVAAAmmP7c6c7EyggVAigCQzMsF0BJN2yLQ5WBGBJkYXNoX2Jhc2VsaW5lXzFfdjERAHXqB2XmnQEA&oh=00_AfpCyfEkEymzaMUpvpfpRd7UYTvdIQ-BgDhCMoj_b7904Q&oe=69638D52']",,https://www.threads.net/@dr.andrisebass/post/DTOh9kPkuGf,[],"{'likes': 2, 'reposts': 1, 'quotes': 0}",threads,3805128101513585055,Andrise Bass,,"If you are serious about working in diplomacy, there is basic knowledge you must master.
Diplomacy is not a title. It is a discipline.
Before speaking, you must understand:
• How governments function
• The role of international organizations
• Diplomatic protocol and etiquette
• Negotiation and dialogue
• Conflict prevention and resolution
• Cultural intelligence and respect
• Policy language and decision making
• Multilateral cooperation",threads,62988775985,dr.andrisebass
[],2026-01-10T08:55:08.422558+07:00,"Con gái t mau lớn quá 😭🫶🏻🫶🏻🫶🏻

EMIBONNIE DIPLOMACY AWARD
#GMMTVxTPDA2025
#emibonnie #emiamily #bonnie  #เอมี่บอนนี่",2025-12-02T20:09:52+07:00,,3778740500850268108,threads,threads.com,threads_crawler_v1,https://www.threads.net/@eb.us_/post/DRwyHcDj9fM,https://instagram.fhan4-6.fna.fbcdn.net/v/t51.2885-19/610852215_17897756547367640_8108313134171747040_n.jpg?stp=dst-jpg_s150x150_tt6&efg=eyJ2ZW5jb2RlX3RhZyI6InByb2ZpbGVfcGljLmRqYW5nby4xMDAwLmMyIn0&_nc_ht=instagram.fhan4-6.fna.fbcdn.net&_nc_cat=108&_nc_oc=Q6cZ2QHQknTWOKNBqRFr_YJRQjm98dfODJBnQbXu1rKczjsDUi0ClrtGfEsb0j5eb2-rsX0&_nc_ohc=shWrDHXugBgQ7kNvwFIGsWR&_nc_gid=rbwF5CyS1JGwTuuG5fq8hQ&edm=AJhczIQBAAAA&ccb=7-5&oh=00_AfqdQMm7SHXfCb6RVB7POFjPwn0YjE1AOhJ5nQCjGFyR4g&oe=69677F82&_nc_sid=4a2096,0,0,66,0,0,['https://instagram.fhan4-3.fna.fbcdn.net/v/t51.2885-15/587812910_17905880727297000_5944431897945980981_n.jpg?stp=dst-jpg_e35_tt6&efg=eyJ2ZW5jb2RlX3RhZyI6InRocmVhZHMuQ0FST1VTRUxfSVRFTS5pbWFnZV91cmxnZW4uMTA4MHgxNDQwLnNkci5mODI3ODcuZGVmYXVsdF9pbWFnZS5jMiJ9&_nc_ht=instagram.fhan4-3.fna.fbcdn.net&_nc_cat=100&_nc_oc=Q6cZ2QHQknTWOKNBqRFr_YJRQjm98dfODJBnQbXu1rKczjsDUi0ClrtGfEsb0j5eb2-rsX0&_nc_ohc=ZB5GXtDtQxwQ7kNvwFdfKl9&_nc_gid=rbwF5CyS1JGwTuuG5fq8hQ&edm=AJhczIQBAAAA&ccb=7-5&ig_cache_key=Mzc3ODc0MDQ5MjMxMDY2OTkzMA%3D%3D.3-ccb7-5&oh=00_Afo4myHTYt3Emrd8DHEVVzzUvDP1sFk49-E4SDTsLIl09g&oe=696781E4&_nc_sid=4a2096'],,https://www.threads.net/@eb.us_/post/DRwyHcDj9fM,[],"{'likes': 66, 'reposts': 0, 'quotes': 0}",threads,3778740500850268108,𝙀𝘽𝙪𝙨_𝟵𝟴𝟬𝟰,Bonnie Pattraphus,"Con gái t mau lớn quá 😭🫶🏻🫶🏻🫶🏻

EMIBONNIE DIPLOMACY AWARD
#GMMTVxTPDA2025
#emibonnie #emiamily #bonnie  #เอมี่บอนนี่",threads,70931167639,eb.us_
[],2026-01-10T08:55:08.422792+07:00,"Thank you PM Mark Carney for handling US diplomacy in such a mature and respectable way. If you vomited in your mouth a little as you interacted with the orange toddler and his pack of fascist fools, I swear you hid that well. I know the job of leading Canada has to be a challenge but never has that been so obvious as it has this week. Thanks again!",2025-10-14T02:54:44+07:00,,3742705494986436275,threads,threads.com,threads_crawler_v1,https://www.threads.net/@kaptnk8phc/post/DPwwtFnka6z,https://instagram.fhan4-1.fna.fbcdn.net/v/t51.2885-19/557747519_17898469494298205_7897879616189595573_n.jpg?stp=dst-jpg_s150x150_tt6&efg=eyJ2ZW5jb2RlX3RhZyI6InByb2ZpbGVfcGljLmRqYW5nby4zMjAuYzIifQ&_nc_ht=instagram.fhan4-1.fna.fbcdn.net&_nc_cat=105&_nc_oc=Q6cZ2QHQknTWOKNBqRFr_YJRQjm98dfODJBnQbXu1rKczjsDUi0ClrtGfEsb0j5eb2-rsX0&_nc_ohc=NfgmNncK5wUQ7kNvwE7GljN&_nc_gid=rbwF5CyS1JGwTuuG5fq8hQ&edm=AJhczIQBAAAA&ccb=7-5&oh=00_AfpIKpoeovcBsMRvadl1LL2s0AZl95ALzQTVeKI3jGHa7w&oe=696779D3&_nc_sid=4a2096,7,0,580,34,0,[],,https://www.threads.net/@kaptnk8phc/post/DPwwtFnka6z,[],"{'likes': 580, 'reposts': 32, 'quotes': 2}",threads,3742705494986436275,Kate,,"Thank you PM Mark Carney for handling US diplomacy in such a mature and respectable way. If you vomited in your mouth a little as you interacted with the orange toddler and his pack of fascist fools, I swear you hid that well. I know the job of leading Canada has to be a challenge but never has that been so obvious as it has this week. Thanks again!",threads,68995154204,kaptnk8phc
[],2026-01-10T08:55:08.423028+07:00,"Being a Ukranian is like:
Fluent in 5 languages.
Degree in diplomacy.
Love art, history, culture, politics yet…
But one Russian missile — and suddenly, I’m just “the refugee girl.”
Wow, thanks for the rebranding, world. 🙃",2025-09-20T23:27:09+07:00,,3725931168760660321,threads,threads.com,threads_crawler_v1,https://www.threads.net/@maskrim/post/DO1Kqg7iQFh,https://instagram.fhan4-5.fna.fbcdn.net/v/t51.2885-19/468803644_1079284033838234_3063430081026732838_n.jpg?stp=dst-jpg_s150x150_tt6&efg=eyJ2ZW5jb2RlX3RhZyI6InByb2ZpbGVfcGljLmRqYW5nby4xMDgwLmMyIn0&_nc_ht=instagram.fhan4-5.fna.fbcdn.net&_nc_cat=102&_nc_oc=Q6cZ2QHQknTWOKNBqRFr_YJRQjm98dfODJBnQbXu1rKczjsDUi0ClrtGfEsb0j5eb2-rsX0&_nc_ohc=MVE6I-CazgMQ7kNvwHrWLNK&_nc_gid=rbwF5CyS1JGwTuuG5fq8hQ&edm=AJhczIQBAAAA&ccb=7-5&oh=00_AfpWfVdqe3uUHcJrwI3RkE1yRclmxCS_vL_zZjU3Xl_vBA&oe=696769D9&_nc_sid=4a2096,126,0,1720,35,0,['https://instagram.fhan4-3.fna.fbcdn.net/v/t51.2885-15/551004093_17885137266367008_4881621715554285300_n.jpg?stp=dst-jpg_e35_tt6&efg=eyJ2ZW5jb2RlX3RhZyI6InRocmVhZHMuRkVFRC5pbWFnZV91cmxnZW4uMTM4N3gxOTIwLnNkci5mODI3ODcuZGVmYXVsdF9pbWFnZS5jMiJ9&_nc_ht=instagram.fhan4-3.fna.fbcdn.net&_nc_cat=100&_nc_oc=Q6cZ2QHQknTWOKNBqRFr_YJRQjm98dfODJBnQbXu1rKczjsDUi0ClrtGfEsb0j5eb2-rsX0&_nc_ohc=F0F7kUUoHuwQ7kNvwG7xkbt&_nc_gid=rbwF5CyS1JGwTuuG5fq8hQ&edm=AJhczIQBAAAA&ccb=7-5&ig_cache_key=MzcyNTkzMTE2ODc2MDY2MDMyMQ%3D%3D.3-ccb7-5&oh=00_Afr4S2aDWOK7nf77VQ9q3MRJXc3ZOH5Q6aym9gLU_TLxHw&oe=69676BBF&_nc_sid=4a2096'],,https://www.threads.net/@maskrim/post/DO1Kqg7iQFh,[],"{'likes': 1720, 'reposts': 34, 'quotes': 1}",threads,3725931168760660321,maskrim,,"Being a Ukranian is like:
Fluent in 5 languages.
Degree in diplomacy.
Love art, history, culture, politics yet…
But one Russian missile — and suddenly, I’m just “the refugee girl.”
Wow, thanks for the rebranding, world. 🙃",threads,70859455007,maskrim
[],2026-01-10T08:55:08.423271+07:00,"🇮🇳 Even Americans are waking up to reality — India can’t be bullied anymore.
From Trump’s reckless tariff war to US arrogance, Dr. S. Jaishankar’s strong diplomacy proves that Bharat stands firm.
No more lectures. No more pressure. India deals with the world on equal terms now. 🌍🔥

#India #Jaishankar #DrSJaishankar #Trump #TariffWar #USA #Russia #Modi #generalknowledge #pragnyaias",2025-09-09T20:03:41+07:00,,3717856010712141874,threads,threads.com,threads_crawler_v1,https://www.threads.net/@pragnya.ias.academy/post/DOYelf8jFAy,https://instagram.fhan4-5.fna.fbcdn.net/v/t51.2885-19/497090856_18049351649604614_3079483277259743173_n.jpg?stp=dst-jpg_s150x150_tt6&efg=eyJ2ZW5jb2RlX3RhZyI6InByb2ZpbGVfcGljLmRqYW5nby4xMDgwLmMyIn0&_nc_ht=instagram.fhan4-5.fna.fbcdn.net&_nc_cat=102&_nc_oc=Q6cZ2QHQknTWOKNBqRFr_YJRQjm98dfODJBnQbXu1rKczjsDUi0ClrtGfEsb0j5eb2-rsX0&_nc_ohc=7jAZxHFEU_IQ7kNvwEgKc75&_nc_gid=rbwF5CyS1JGwTuuG5fq8hQ&edm=AJhczIQBAAAA&ccb=7-5&oh=00_AfrVVj3Efqp-iO7-H6wbHKV6tNnSbTTI2lKbnquwx73nEQ&oe=6967971F&_nc_sid=4a2096,12,0,425,12,0,"['https://instagram.fhan4-3.fna.fbcdn.net/v/t51.2885-15/542760489_4248862068680998_4860177951214352043_n.jpg?stp=dst-jpg_e15_tt6&efg=eyJ2ZW5jb2RlX3RhZyI6InRocmVhZHMuRkVFRC5pbWFnZV91cmxnZW4uNjQweDExMzYuc2RyLmY3MTg3OC5kZWZhdWx0X2NvdmVyX2ZyYW1lLmMyIn0&_nc_ht=instagram.fhan4-3.fna.fbcdn.net&_nc_cat=110&_nc_oc=Q6cZ2QHQknTWOKNBqRFr_YJRQjm98dfODJBnQbXu1rKczjsDUi0ClrtGfEsb0j5eb2-rsX0&_nc_ohc=ctKLPuFJuFwQ7kNvwE1c-Lb&_nc_gid=rbwF5CyS1JGwTuuG5fq8hQ&edm=AJhczIQBAAAA&ccb=7-5&ig_cache_key=MzcxNzg1NjAxMDcxMjE0MTg3NA%3D%3D.3-ccb7-5&oh=00_AfrgE1lj9BznjrodKXrSMyBD7n2sEJ2_uKRghilMfACrlA&oe=69676963&_nc_sid=4a2096', 'https://instagram.fhan4-6.fna.fbcdn.net/o1/v/t16/f2/m69/AQOck61lP45U4MnW3L6n8ikY9CJPU4GY6Bal-mCDoC00YJJSXkFgn5I1xn4No-dDwAElWPgfoMBsdMCfaDHPUMKy.mp4?strext=1&_nc_cat=108&_nc_oc=AdlrX8jB6Kef17MnRM-C02n15648pba9msLMu9Hm1aTMStkjO--ptb32w7x9HNW613k&_nc_sid=8bf8fe&_nc_ht=instagram.fhan4-6.fna.fbcdn.net&_nc_ohc=Lp1eomgadsYQ7kNvwHCq3kP&efg=eyJ2ZW5jb2RlX3RhZyI6Inhwdl9wcm9ncmVzc2l2ZS5JTlNUQUdSQU0uRkVFRC5DMy43MjAucHJvZ3Jlc3NpdmVfaDI2NC1iYXNpYy1nZW4yXzcyMHAiLCJ4cHZfYXNzZXRfaWQiOjEzMDM5ODIzOTQ3ODY1NDgsImFzc2V0X2FnZV9kYXlzIjoxMjIsInZpX3VzZWNhc2VfaWQiOjEwMTY0LCJkdXJhdGlvbl9zIjo0NiwidXJsZ2VuX3NvdXJjZSI6Ind3dyJ9&ccb=17-1&_nc_gid=rbwF5CyS1JGwTuuG5fq8hQ&_nc_zt=28&oh=00_AfoJ27HKwD7_Y2IFN1bUJ5VISF1iesMpLNRz2LgKnBo7Ew&oe=69676D40']",,https://www.threads.net/@pragnya.ias.academy/post/DOYelf8jFAy,[],"{'likes': 425, 'reposts': 12, 'quotes': 0}",threads,3717856010712141874,Pragnya IAS Academy,geopoltics,"🇮🇳 Even Americans are waking up to reality — India can’t be bullied anymore.
From Trump’s reckless tariff war to US arrogance, Dr. S. Jaishankar’s strong diplomacy proves that Bharat stands firm.
No more lectures. No more pressure. India deals with the world on equal terms now. 🌍🔥

#India #Jaishankar #DrSJaishankar #Trump #TariffWar #USA #Russia #Modi #generalknowledge #pragnyaias",threads,74643942569,pragnya.ias.academy
[],2026-01-10T08:55:08.423528+07:00,Diplomacy isnt for the faint of heart. Doors were slammed. Voices were raised. The tension was real. Overall the game day in Virginia was fun.,2025-11-25T21:49:25+07:00,,3773717180325120848,threads,threads.com,threads_crawler_v1,https://www.threads.net/@bully80/post/DRe78gQEUtQ,https://instagram.fhan3-3.fna.fbcdn.net/v/t51.2885-19/465573248_921900289789355_6709013829893978655_n.jpg?stp=dst-jpg_s150x150_tt6&efg=eyJ2ZW5jb2RlX3RhZyI6InByb2ZpbGVfcGljLmRqYW5nby42NTkuYzIifQ&_nc_ht=instagram.fhan3-3.fna.fbcdn.net&_nc_cat=111&_nc_oc=Q6cZ2QHQknTWOKNBqRFr_YJRQjm98dfODJBnQbXu1rKczjsDUi0ClrtGfEsb0j5eb2-rsX0&_nc_ohc=HDYwYWBMEs8Q7kNvwErUI6w&_nc_gid=rbwF5CyS1JGwTuuG5fq8hQ&edm=AJhczIQBAAAA&ccb=7-5&oh=00_AfqFYU8ZKJ9K-Z_z_50Zq9vI_HitF-kDf5MGzCO1RF_Vsw&oe=696791D5&_nc_sid=4a2096,2,0,190,0,0,['https://instagram.fhan3-4.fna.fbcdn.net/v/t51.2885-15/587400674_18539573104029088_4458582695762003007_n.jpg?se=-1&stp=dst-jpegr_e35_tt6&efg=eyJ2ZW5jb2RlX3RhZyI6InRocmVhZHMuQ0FST1VTRUxfSVRFTS5pbWFnZV91cmxnZW4uMTQ0MHgxNDQwLmhkci5mODI3ODcuZGVmYXVsdF9pbWFnZS5jMiJ9&_nc_ht=instagram.fhan3-4.fna.fbcdn.net&_nc_cat=104&_nc_oc=Q6cZ2QHQknTWOKNBqRFr_YJRQjm98dfODJBnQbXu1rKczjsDUi0ClrtGfEsb0j5eb2-rsX0&_nc_ohc=OG4sVTTOhJQQ7kNvwFJKA7K&_nc_gid=rbwF5CyS1JGwTuuG5fq8hQ&edm=AJhczIQBAAAA&ccb=7-5&ig_cache_key=Mzc3MzcxNzE2MzA2MTM4NzA3OQ%3D%3D.3-ccb7-5&oh=00_Afp9vfIM2gTFnJSohyVRaQlFpzV2QZDUi4V7tDWPbAbnUg&oe=69679D78&_nc_sid=4a2096'],,https://www.threads.net/@bully80/post/DRe78gQEUtQ,[],"{'likes': 190, 'reposts': 0, 'quotes': 0}",threads,3773717180325120848,Keith Worstell,,Diplomacy isnt for the faint of heart. Doors were slammed. Voices were raised. The tension was real. Overall the game day in Virginia was fun.,threads,68830195124,bully80
[],2026-01-10T08:55:08.423741+07:00,"Man I miss our President @barackobama and the leadership, integrity, dignity, diplomacy, grace and class he and @joebiden brought to our country. michelleobama drbiden @kamalaharris 
#Democracy #Liberation #Justice #Activism",2026-01-08T02:44:34+07:00,,3805031085424845831,threads,threads.com,threads_crawler_v1,https://www.threads.net/@jenniferemabry/post/DTOL5y-ESQH,https://instagram.fhan3-3.fna.fbcdn.net/v/t51.2885-19/467603857_597931089371291_5185838347028858349_n.jpg?stp=dst-jpg_s150x150_tt6&efg=eyJ2ZW5jb2RlX3RhZyI6InByb2ZpbGVfcGljLmRqYW5nby42MDAuYzIifQ&_nc_ht=instagram.fhan3-3.fna.fbcdn.net&_nc_cat=111&_nc_oc=Q6cZ2QHQknTWOKNBqRFr_YJRQjm98dfODJBnQbXu1rKczjsDUi0ClrtGfEsb0j5eb2-rsX0&_nc_ohc=5ma11lT8BooQ7kNvwFyfOlH&_nc_gid=rbwF5CyS1JGwTuuG5fq8hQ&edm=AJhczIQBAAAA&ccb=7-5&oh=00_AfqF_hsnpry3N08ujop1-qJ_wN24PuMzSG9nSqZHalPSig&oe=69677972&_nc_sid=4a2096,17,0,5,1,0,['https://instagram.fhan4-3.fna.fbcdn.net/v/t51.2885-15/609556999_18078571334350894_5608759006219010399_n.jpg?stp=dst-jpg_e35_tt6&efg=eyJ2ZW5jb2RlX3RhZyI6InRocmVhZHMuRkVFRC5pbWFnZV91cmxnZW4uNzY4eDc2OC5zZHIuZjgyNzg3LmRlZmF1bHRfaW1hZ2UuYzIifQ&_nc_ht=instagram.fhan4-3.fna.fbcdn.net&_nc_cat=110&_nc_oc=Q6cZ2QHQknTWOKNBqRFr_YJRQjm98dfODJBnQbXu1rKczjsDUi0ClrtGfEsb0j5eb2-rsX0&_nc_ohc=k09QnMgqU0kQ7kNvwEKoGhO&_nc_gid=rbwF5CyS1JGwTuuG5fq8hQ&edm=AJhczIQBAAAA&ccb=7-5&ig_cache_key=MzgwNTAzMTA4NTQyNDg0NTgzMQ%3D%3D.3-ccb7-5&oh=00_Afpg7vjgBwVWAHTS91KnygfSLKdh8woSIiyAdi1oYcOGSQ&oe=696799BF&_nc_sid=4a2096'],,https://www.threads.net/@jenniferemabry/post/DTOL5y-ESQH,[],"{'likes': 5, 'reposts': 1, 'quotes': 0}",threads,3805031085424845831,Jennifer E Mabry,,"Man I miss our President @barackobama and the leadership, integrity, dignity, diplomacy, grace and class he and @joebiden brought to our country. michelleobama drbiden @kamalaharris 
#Democracy #Liberation #Justice #Activism",threads,70615149297,jenniferemabry
[],2026-01-10T08:55:08.423918+07:00,"Listen up! America isn’t losing its standing in the world because of foreign enemies — it’s losing it because too many Americans have been convinced that sabotaging their own institutions is “patriotism.” When a country treats expertise as elitism, diplomacy as weakness, allies as burdens, and authoritarianism as strength, it doesn’t get defeated. It collapses from the inside.",2025-12-07T19:03:00+07:00,,3782330723294953693,threads,threads.com,threads_crawler_v1,https://www.threads.net/@chuck.w.davisii/post/DR9icDRCsDd,https://instagram.fhan4-3.fna.fbcdn.net/v/t51.2885-19/468039526_839891968090822_4630318467665095927_n.jpg?stp=dst-jpg_s150x150_tt6&efg=eyJ2ZW5jb2RlX3RhZyI6InByb2ZpbGVfcGljLmRqYW5nby4xMDgwLmMyIn0&_nc_ht=instagram.fhan4-3.fna.fbcdn.net&_nc_cat=110&_nc_oc=Q6cZ2QHQknTWOKNBqRFr_YJRQjm98dfODJBnQbXu1rKczjsDUi0ClrtGfEsb0j5eb2-rsX0&_nc_ohc=Ry_NLMWGSW4Q7kNvwEX9Oo1&_nc_gid=rbwF5CyS1JGwTuuG5fq8hQ&edm=AJhczIQBAAAA&ccb=7-5&oh=00_AfrEo3eL5faKyJaCNgfmvGXBdPAMFbk_mDQnQrvPEGSpEQ&oe=696769C1&_nc_sid=4a2096,92,0,2000,299,0,[],,https://www.threads.net/@chuck.w.davisii/post/DR9icDRCsDd,[],"{'likes': 2000, 'reposts': 287, 'quotes': 12}",threads,3782330723294953693,Chuck Davis,,"Listen up! America isn’t losing its standing in the world because of foreign enemies — it’s losing it because too many Americans have been convinced that sabotaging their own institutions is “patriotism.” When a country treats expertise as elitism, diplomacy as weakness, allies as burdens, and authoritarianism as strength, it doesn’t get defeated. It collapses from the inside.",threads,63434965015,chuck.w.davisii
[],2026-01-10T08:55:08.424092+07:00,"I find analysis by Bloomberg is more credible than pentaksub PMO 😜

Key Takeaways 🇺🇸📊
• Winners: The United States gains leverage and market access.
• Losers: Southeast Asia’s benefit is limited, with trade conditions favoring the US.
• Impact on Malaysia: Only minor gains in exports most exemptions come with restrictions.
• Overall tone: A symbolic win for US diplomacy, but ASEAN’s real economic benefits remain modest and uncertain.",2025-10-29T16:26:50+07:00,,3753985872396620288,threads,threads.com,threads_crawler_v1,https://www.threads.net/@a.faris.suhail/post/DQY1kLwCRIA,https://instagram.fhan4-5.fna.fbcdn.net/v/t51.2885-19/508889496_17918177166100527_1932153395195757379_n.jpg?stp=dst-jpg_s150x150_tt6&efg=eyJ2ZW5jb2RlX3RhZyI6InByb2ZpbGVfcGljLmRqYW5nby45OTIuYzIifQ&_nc_ht=instagram.fhan4-5.fna.fbcdn.net&_nc_cat=103&_nc_oc=Q6cZ2QHQknTWOKNBqRFr_YJRQjm98dfODJBnQbXu1rKczjsDUi0ClrtGfEsb0j5eb2-rsX0&_nc_ohc=ZFFGofc0OUUQ7kNvwFnaurM&_nc_gid=rbwF5CyS1JGwTuuG5fq8hQ&edm=AJhczIQBAAAA&ccb=7-5&oh=00_Afrw7qwpRCicOf7DeytyUA3bv94Sp7_XW_X8YXu_mHKCYw&oe=69679A8F&_nc_sid=4a2096,106,0,160,55,0,['https://instagram.fhan3-3.fna.fbcdn.net/v/t39.30808-6/574290885_10238671134546553_1517002260655268570_n.jpg?stp=dst-jpg_e35_tt6&efg=eyJ2ZW5jb2RlX3RhZyI6InRocmVhZHMuRkVFRC5pbWFnZV91cmxnZW4uMTM1NXgxMTM1LnNkci5mMzA4MDguZGVmYXVsdF9pbWFnZS5jMiJ9&_nc_ht=instagram.fhan3-3.fna.fbcdn.net&_nc_cat=101&_nc_oc=Q6cZ2QHQknTWOKNBqRFr_YJRQjm98dfODJBnQbXu1rKczjsDUi0ClrtGfEsb0j5eb2-rsX0&_nc_ohc=6d0dudOU8DMQ7kNvwGtaYpg&_nc_gid=rbwF5CyS1JGwTuuG5fq8hQ&edm=AJhczIQAAAAA&ccb=7-5&ig_cache_key=Mzc1Mzk4NTg3MjM5NjYyMDI4OA%3D%3D.3-ccb7-5&oh=00_AfoLN5sd54YzmPsWIYUHzJSgygqEjK0gxLkQYan_iGXZ-w&oe=69678630&_nc_sid=4a2096'],,https://www.threads.net/@a.faris.suhail/post/DQY1kLwCRIA,[],"{'likes': 160, 'reposts': 53, 'quotes': 2}",threads,3753985872396620288,A.Faris.Suhail,,"I find analysis by Bloomberg is more credible than pentaksub PMO 😜

Key Takeaways 🇺🇸📊
• Winners: The United States gains leverage and market access.
• Losers: Southeast Asia’s benefit is limited, with trade conditions favoring the US.
• Impact on Malaysia: Only minor gains in exports most exemptions come with restrictions.
• Overall tone: A symbolic win for US diplomacy, but ASEAN’s real economic benefits remain modest and uncertain.",threads,63104892526,a.faris.suhail
[],2026-01-10T08:55:08.424253+07:00,"In a rare moment of subtle diplomacy, President Xi’s bodyguard and President Putin’s bodyguard exchange a simple nod, a silent acknowledgment that speaks louder than words. Sometimes, even the smallest gestures between protectors reflect the deep trust and coordination between their leaders.

#XiJinping #VladimirPutin #Bodyguards #SilentDiplomacy #Geopolitics #WorldStage #BRICS #GlobalOrder #StrategicAllies #LeadershipInAction",2025-08-16T23:23:47+07:00,,3700562316374714705,threads,threads.com,threads_crawler_v1,https://www.threads.net/@moh_in_shenzhen/post/DNbCdIAtilR,https://instagram.fhan3-3.fna.fbcdn.net/v/t51.2885-19/470955144_3030440977094389_6992148839930118077_n.jpg?stp=dst-jpg_s150x150_tt6&efg=eyJ2ZW5jb2RlX3RhZyI6InByb2ZpbGVfcGljLmRqYW5nby4xMDgwLmMyIn0&_nc_ht=instagram.fhan3-3.fna.fbcdn.net&_nc_cat=101&_nc_oc=Q6cZ2QHQknTWOKNBqRFr_YJRQjm98dfODJBnQbXu1rKczjsDUi0ClrtGfEsb0j5eb2-rsX0&_nc_ohc=xK6xJXGstDoQ7kNvwG3T344&_nc_gid=rbwF5CyS1JGwTuuG5fq8hQ&edm=AJhczIQBAAAA&ccb=7-5&oh=00_AfqyMsBuQHdpw8ZC32pc8jR_73iHE1oDTFWrphCVreFD3w&oe=69678470&_nc_sid=4a2096,2,0,225,3,0,"['https://instagram.fhan4-6.fna.fbcdn.net/v/t51.2885-15/534134839_1786839576047720_1626745417169675266_n.jpg?stp=dst-jpg_e15_tt6&efg=eyJ2ZW5jb2RlX3RhZyI6InRocmVhZHMuRkVFRC5pbWFnZV91cmxnZW4uNjQweDExMzYuc2RyLmY3MTg3OC5kZWZhdWx0X2NvdmVyX2ZyYW1lLmMyIn0&_nc_ht=instagram.fhan4-6.fna.fbcdn.net&_nc_cat=108&_nc_oc=Q6cZ2QHQknTWOKNBqRFr_YJRQjm98dfODJBnQbXu1rKczjsDUi0ClrtGfEsb0j5eb2-rsX0&_nc_ohc=SK-3FezXPo8Q7kNvwEwXxqa&_nc_gid=rbwF5CyS1JGwTuuG5fq8hQ&edm=AJhczIQBAAAA&ccb=7-5&ig_cache_key=MzcwMDU2MjMxNjM3NDcxNDcwNQ%3D%3D.3-ccb7-5&oh=00_Afq5P6QGiZsiiIvEK1J2trseWlreootUH46G-Xez4hu3eg&oe=6967684B&_nc_sid=4a2096', 'https://instagram.fhan4-6.fna.fbcdn.net/o1/v/t2/f2/m367/AQPPbhyyJq_VAno1t2-SEgcs8FAOJWSuNmRkzDSaWcd85dyZ6z_soC-Z6Vir-sJK-lXzJome4pHyKL-pm51ih0z62Sq2zdblwachfUI.mp4?_nc_cat=108&_nc_oc=Adk1hsrnLNAjjrv81NF40MK1SXx4Xy4tC9vR9zkhXyY1VQ5nd9kG-lWGUf2bxdngrHA&_nc_sid=5e9851&_nc_ht=instagram.fhan4-6.fna.fbcdn.net&_nc_ohc=mbS6g83DBfAQ7kNvwFTdOCQ&efg=eyJ2ZW5jb2RlX3RhZyI6Inhwdl9wcm9ncmVzc2l2ZS5JTlNUQUdSQU0uRkVFRC5DMy43MjAuZGFzaF9iYXNlbGluZV8xX3YxIiwieHB2X2Fzc2V0X2lkIjoxMTYyNjY5MTQyMzU3ODYyLCJhc3NldF9hZ2VfZGF5cyI6MTQ2LCJ2aV91c2VjYXNlX2lkIjoxMDA5OSwiZHVyYXRpb25fcyI6MTEsInVybGdlbl9zb3VyY2UiOiJ3d3cifQ%3D%3D&ccb=17-1&_nc_gid=rbwF5CyS1JGwTuuG5fq8hQ&_nc_zt=28&vs=906536b81d46dac7&_nc_vs=HBksFQIYQGlnX2VwaGVtZXJhbC8xNjQxMTM3QjNCQTE2NzAxMEJEMkNGNEE0QzY1QTlBOV92aWRlb19kYXNoaW5pdC5tcDQVAALIARIAFQIYRmlnX3hwdl9yZWVsc19wZXJtYW5lbnRfc3JfcHJvZC8xMzE0MzE5OTQ2OTUxMTk1XzY5NjM4MDA3MzE1Nzk1OTYyNy5tcDQVAgLIARIAKAAYABsCiAd1c2Vfb2lsATEScHJvZ3Jlc3NpdmVfcmVjaXBlATEVAAAmzN3Fk6DckAQVAigCQzMsF0AmiDEm6XjVGBJkYXNoX2Jhc2VsaW5lXzFfdjERAHXqB2XmnQEA&oh=00_AfqjAoMXhU_RTSlJPfHh_Sa_e_eiKrtQQ-hlCD9Wi65S0g&oe=6967692D']",,https://www.threads.net/@moh_in_shenzhen/post/DNbCdIAtilR,[],"{'likes': 225, 'reposts': 3, 'quotes': 0}",threads,3700562316374714705,"Moh | AI + Robotics & Automation Solutions📍Shenzhen, China 🇨🇳",,"In a rare moment of subtle diplomacy, President Xi’s bodyguard and President Putin’s bodyguard exchange a simple nod, a silent acknowledgment that speaks louder than words. Sometimes, even the smallest gestures between protectors reflect the deep trust and coordination between their leaders.

#XiJinping #VladimirPutin #Bodyguards #SilentDiplomacy #Geopolitics #WorldStage #BRICS #GlobalOrder #StrategicAllies #LeadershipInAction",threads,69367511896,moh_in_shenzhen
[],2026-01-10T08:55:08.424486+07:00,"Laughing at Modi Diplomacy. China, Trump, and Geopolitics.",2025-08-23T15:33:42+07:00,,3705399101019691846,threads,threads.com,threads_crawler_v1,https://www.threads.net/@zahacktanvir/post/DNsONmvVJtG,https://instagram.fhan4-5.fna.fbcdn.net/v/t51.2885-19/358189880_1967555566925031_5621118229814815903_n.jpg?stp=dst-jpg_s150x150_tt6&efg=eyJ2ZW5jb2RlX3RhZyI6InByb2ZpbGVfcGljLmRqYW5nby40MDAuYzIifQ&_nc_ht=instagram.fhan4-5.fna.fbcdn.net&_nc_cat=103&_nc_oc=Q6cZ2QHQknTWOKNBqRFr_YJRQjm98dfODJBnQbXu1rKczjsDUi0ClrtGfEsb0j5eb2-rsX0&_nc_ohc=D7cMN-HTy0QQ7kNvwFI2qAE&_nc_gid=rbwF5CyS1JGwTuuG5fq8hQ&edm=AJhczIQBAAAA&ccb=7-5&oh=00_AfpzQUZzHfw0oyDxZ3fTO_NVgwMU28t2T18q4tpVFXALEw&oe=69678024&_nc_sid=4a2096,11,0,60,2,0,"['https://instagram.fhan4-6.fna.fbcdn.net/v/t51.2885-15/536950526_18400181512138676_2288904581176708419_n.jpg?stp=dst-jpg_e15_tt6&efg=eyJ2ZW5jb2RlX3RhZyI6InRocmVhZHMuRkVFRC5pbWFnZV91cmxnZW4uMTQ0MHgyNTYwLnNkci5mODI3ODcuZGVmYXVsdF9jb3Zlcl9mcmFtZS5jMiJ9&_nc_ht=instagram.fhan4-6.fna.fbcdn.net&_nc_cat=108&_nc_oc=Q6cZ2QHQknTWOKNBqRFr_YJRQjm98dfODJBnQbXu1rKczjsDUi0ClrtGfEsb0j5eb2-rsX0&_nc_ohc=umxuZkj7_kMQ7kNvwHxewxh&_nc_gid=rbwF5CyS1JGwTuuG5fq8hQ&edm=AJhczIQBAAAA&ccb=7-5&ig_cache_key=MzcwNTM5OTEwMTAxOTY5MTg0Ng%3D%3D.3-ccb7-5&oh=00_AfrZuwPi34GmFyVeV5PtPuo8RuoZGFbx6mvcbXw7osnZsw&oe=69678C46&_nc_sid=4a2096', 'https://instagram.fhan3-3.fna.fbcdn.net/o1/v/t2/f2/m412/AQPhuhWIlyMIgYJYbzJkwrQ_QGyOo_a3nZjCBvSY5VK0ESMo4myW4b3Jn7wd_jWiaOz5tKN6fUHZCHyMHlG51TypE38n0MG4VMrnab1j7UsjYA.mp4?_nc_cat=101&_nc_oc=Admbn_b8OUjnuZXV-PtWBAMmIJVxeG513mX-apfxD1CDYAS6qCJ5AXGU5LQQTL3KuZM&_nc_sid=5e9851&_nc_ht=instagram.fhan3-3.fna.fbcdn.net&_nc_ohc=8V0FkJJwsXoQ7kNvwGPGx2M&efg=eyJ2ZW5jb2RlX3RhZyI6Inhwdl9wcm9ncmVzc2l2ZS5JTlNUQUdSQU0uRkVFRC5DMy4xMDgwLmRhc2hfaDI2NC1iYXNpYy1nZW4yXzEwODBwIiwieHB2X2Fzc2V0X2lkIjoxNDA3ODM0OTUwMzIxOTgxLCJhc3NldF9hZ2VfZGF5cyI6MTM5LCJ2aV91c2VjYXNlX2lkIjoxMDgyNywiZHVyYXRpb25fcyI6MzMxLCJ1cmxnZW5fc291cmNlIjoid3d3In0%3D&ccb=17-1&_nc_gid=rbwF5CyS1JGwTuuG5fq8hQ&_nc_zt=28&vs=a612fb1a0922c1f&_nc_vs=HBksFQIYRWZiX3Blcm1hbmVudC83QjQ4MDkwNDc5RTI0QUUyNDUyQTI3N0Q3N0U4N0M4Rl9tdF8wX3ZpZGVvX2Rhc2hpbml0Lm1wNBUAAsgBEgAVAhg6cGFzc3Rocm91Z2hfZXZlcnN0b3JlL0dQNmRCU0NQSkVjYkUyMEdBRVZMTS1welVKTVVicV9FQUFBRhUCAsgBEgAoABgAGwKIB3VzZV9vaWwBMRJwcm9ncmVzc2l2ZV9yZWNpcGUBMRUAACb6nO7h45qABRUCKAJDMywXQHS6p--dsi0YGmRhc2hfaDI2NC1iYXNpYy1nZW4yXzEwODBwEQB16gdllqkBAA&oh=00_Afqx2XJPAiReCBIXlxb24JWxo6PfdvCr8ceS6ck9SPzcUw&oe=696777BF']",,https://www.threads.net/@zahacktanvir/post/DNsONmvVJtG,[],"{'likes': 60, 'reposts': 2, 'quotes': 0}",threads,3705399101019691846,Zahack Tanvir,,"Laughing at Modi Diplomacy. China, Trump, and Geopolitics.",threads,63083316250,zahacktanvir
[],2026-01-10T08:55:08.424652+07:00,"Kamala had a health care plan. A housing plan. An economic plan. a diplomacy plan. A peace plan. A climate plan.

Trump still has bupkis.",2025-11-27T00:50:48+07:00,,3774533246299114602,threads,threads.com,threads_crawler_v1,https://www.threads.net/@phoenixrisingdead/post/DRh1f06j4xq,https://instagram.fhan3-3.fna.fbcdn.net/v/t51.2885-19/485928536_630506759843129_8795656309603793779_n.jpg?stp=dst-jpg_s150x150_tt6&efg=eyJ2ZW5jb2RlX3RhZyI6InByb2ZpbGVfcGljLmRqYW5nby4xMDgwLmMyIn0&_nc_ht=instagram.fhan3-3.fna.fbcdn.net&_nc_cat=1&_nc_oc=Q6cZ2QHQknTWOKNBqRFr_YJRQjm98dfODJBnQbXu1rKczjsDUi0ClrtGfEsb0j5eb2-rsX0&_nc_ohc=cJmG20oP9ioQ7kNvwG7IsCI&_nc_gid=rbwF5CyS1JGwTuuG5fq8hQ&edm=AJhczIQBAAAA&ccb=7-5&oh=00_AfqzEgw4_3Oc3LQ9M1tcz-Mkidczladp035U7CBa_zteTQ&oe=69678ADE&_nc_sid=4a2096,836,0,15378,928,0,[],,https://www.threads.net/@phoenixrisingdead/post/DRh1f06j4xq,[],"{'likes': 15378, 'reposts': 912, 'quotes': 16}",threads,3774533246299114602,Eric Gipson,,"Kamala had a health care plan. A housing plan. An economic plan. a diplomacy plan. A peace plan. A climate plan.

Trump still has bupkis.",threads,63434920778,phoenixrisingdead
[],2026-01-10T08:55:08.424821+07:00,"If playing Diplomacy taught me anything, it’s not to freak out when Russia gets weird.

Just… check if Italy still likes you.
Be concerned if France and England become best friends.
You can freak out when Germany gets quiet.

You’re probably gonna die in Belgium anyway",2025-09-10T07:55:26+07:00,,3718214468489843121,threads,threads.com,threads_crawler_v1,https://www.threads.net/@danielleinkc_aesthetic/post/DOZwFvxDhGx,https://instagram.fhan4-6.fna.fbcdn.net/v/t51.2885-19/589912816_17935329327108081_2146275074112104164_n.jpg?stp=dst-jpg_s150x150_tt6&efg=eyJ2ZW5jb2RlX3RhZyI6InByb2ZpbGVfcGljLmRqYW5nby45MDYuYzIifQ&_nc_ht=instagram.fhan4-6.fna.fbcdn.net&_nc_cat=109&_nc_oc=Q6cZ2QHQknTWOKNBqRFr_YJRQjm98dfODJBnQbXu1rKczjsDUi0ClrtGfEsb0j5eb2-rsX0&_nc_ohc=aKb3AQao8c4Q7kNvwGjUAMd&_nc_gid=rbwF5CyS1JGwTuuG5fq8hQ&edm=AJhczIQBAAAA&ccb=7-5&oh=00_AfoEyGu8G5CUe1cm-zMLPH8fnxDMS9rvbxm6Gv2_t3L4JQ&oe=696796C3&_nc_sid=4a2096,55,0,366,5,0,[],,https://www.threads.net/@danielleinkc_aesthetic/post/DOZwFvxDhGx,[],"{'likes': 366, 'reposts': 5, 'quotes': 0}",threads,3718214468489843121,Danielle Molloy,,"If playing Diplomacy taught me anything, it’s not to freak out when Russia gets weird.

Just… check if Italy still likes you.
Be concerned if France and England become best friends.
You can freak out when Germany gets quiet.

You’re probably gonna die in Belgium anyway",threads,63300476080,danielleinkc_aesthetic
[],2026-01-10T08:55:08.424965+07:00,hegseth telling the world’s top brass “F-A-F-O” is peak ✨cringe diplomacy✨ like imagine pulling up to the UN and your big closer is a Live Laugh Love sign.,2025-10-01T06:19:27+07:00,,3733386367876455902,threads,threads.com,threads_crawler_v1,https://www.threads.net/@med.ley/post/DPPpx8Kj93e,https://instagram.fhan3-3.fna.fbcdn.net/v/t51.2885-19/510968398_17915746164102671_2910086335681260294_n.jpg?stp=dst-jpg_s150x150_tt6&efg=eyJ2ZW5jb2RlX3RhZyI6InByb2ZpbGVfcGljLmRqYW5nby43NzYuYzIifQ&_nc_ht=instagram.fhan3-3.fna.fbcdn.net&_nc_cat=111&_nc_oc=Q6cZ2QHQknTWOKNBqRFr_YJRQjm98dfODJBnQbXu1rKczjsDUi0ClrtGfEsb0j5eb2-rsX0&_nc_ohc=5bElU8bug5QQ7kNvwERQX-7&_nc_gid=rbwF5CyS1JGwTuuG5fq8hQ&edm=AJhczIQBAAAA&ccb=7-5&oh=00_AfpS2s9-zH5MqbUGUDBXseg4b79LkZ7JqmbYtCMxwHeJEw&oe=69677934&_nc_sid=4a2096,69,0,179,8,0,"['https://instagram.fhan4-5.fna.fbcdn.net/v/t51.2885-15/557409474_827446996479590_6614808022787799188_n.jpg?stp=dst-jpg_e15_tt6&efg=eyJ2ZW5jb2RlX3RhZyI6InRocmVhZHMuRkVFRC5pbWFnZV91cmxnZW4uNjQweDM1OC5zZHIuZjcxODc4LmRlZmF1bHRfY292ZXJfZnJhbWUuYzIifQ&_nc_ht=instagram.fhan4-5.fna.fbcdn.net&_nc_cat=102&_nc_oc=Q6cZ2QHQknTWOKNBqRFr_YJRQjm98dfODJBnQbXu1rKczjsDUi0ClrtGfEsb0j5eb2-rsX0&_nc_ohc=0p-oT27IGm4Q7kNvwHBoaSw&_nc_gid=rbwF5CyS1JGwTuuG5fq8hQ&edm=AJhczIQBAAAA&ccb=7-5&ig_cache_key=MzczMzM4NjM2Nzg3NjQ1NTkwMg%3D%3D.3-ccb7-5&oh=00_Afoo4ozDsmp6Rj_YpVLh9eLh2pamuIPgWlZpUDyCdj4hEw&oe=69677CC2&_nc_sid=4a2096', 'https://instagram.fhan4-6.fna.fbcdn.net/o1/v/t16/f2/m84/AQOFtd7UFIZJ45vJg1rvZ-BAslY4y7HQesH4vcJmoaMOWJmzXdils2ZWq9hox0nQkm7zU1zZPHZcZcs5ILh4Fkpt35UaVuTsMtnxJIE.mp4?_nc_cat=108&_nc_oc=Adngz4-hxK2q9GlN-LcCEpUsRJ3NnC-QIzYjg90UlFsORn12JXUfPSQ1lPk7jcpN9Kw&_nc_sid=5e9851&_nc_ht=instagram.fhan4-6.fna.fbcdn.net&_nc_ohc=91mlQIXyjWsQ7kNvwH_YCOR&efg=eyJ2ZW5jb2RlX3RhZyI6Inhwdl9wcm9ncmVzc2l2ZS5JTlNUQUdSQU0uRkVFRC5DMy44ODIuZGFzaF9iYXNlbGluZV8xX3YxIiwieHB2X2Fzc2V0X2lkIjoxMjkzMTY1MDc1MzU2Mzg5LCJhc3NldF9hZ2VfZGF5cyI6MTAxLCJ2aV91c2VjYXNlX2lkIjoxMDE2NCwiZHVyYXRpb25fcyI6MTIsInVybGdlbl9zb3VyY2UiOiJ3d3cifQ%3D%3D&ccb=17-1&_nc_gid=rbwF5CyS1JGwTuuG5fq8hQ&_nc_zt=28&vs=28e95d1dcf9ffbdc&_nc_vs=HBksFQIYTGlnX2JhY2tmaWxsX3RpbWVsaW5lX3ZvZC81ODRBMTQ5N0I3OUE2RUE2OTYyOUE0OEY2NzUyQjFBRV92aWRlb19kYXNoaW5pdC5tcDQVAALIARIAFQIYOnBhc3N0aHJvdWdoX2V2ZXJzdG9yZS9HSm5iRXlFTEdYZ0ZpU2NIQUVKZFFpRFFxWEVkYmtZTEFBQUYVAgLIARIAKAAYABsCiAd1c2Vfb2lsATEScHJvZ3Jlc3NpdmVfcmVjaXBlATEVAAAmyuuez46IzAQVAigCQzMsF0AoiDEm6XjVGBJkYXNoX2Jhc2VsaW5lXzFfdjERAHXqB2XongEA&oh=00_Afqm0_BFSYhzTYEs9NmU_quEiE_CL2cerfl53ZOEjNuxmg&oe=69638138']",,https://www.threads.net/@med.ley/post/DPPpx8Kj93e,[],"{'likes': 179, 'reposts': 6, 'quotes': 2}",threads,3733386367876455902,AKA Medley,,hegseth telling the world’s top brass “F-A-F-O” is peak ✨cringe diplomacy✨ like imagine pulling up to the UN and your big closer is a Live Laugh Love sign.,threads,63038190670,med.ley
[],2026-01-10T08:55:08.425148+07:00,"India is the only country where its diplomacy is strong with both rival powers, Russia and the USA. I still wonder how they manage to maintain it. The USA supports India’s development and GDP; on the other hand, Russia has a deep-rooted strategic and defence partnership with India. Indian diplomats must be literally walking on a tightrope, where one wrong move and everything could fall apart.",2026-01-06T10:08:32+07:00,,3803804993846380049,threads,threads.com,threads_crawler_v1,https://www.threads.net/@aditya_richard_/post/DTJ1H0NEgYR,https://instagram.fhan4-6.fna.fbcdn.net/v/t51.2885-19/610298747_17933942385118701_5294998564604108646_n.jpg?stp=dst-jpg_s150x150_tt6&efg=eyJ2ZW5jb2RlX3RhZyI6InByb2ZpbGVfcGljLmRqYW5nby4xMDgwLmMyIn0&_nc_ht=instagram.fhan4-6.fna.fbcdn.net&_nc_cat=109&_nc_oc=Q6cZ2QHQknTWOKNBqRFr_YJRQjm98dfODJBnQbXu1rKczjsDUi0ClrtGfEsb0j5eb2-rsX0&_nc_ohc=dFk2yVz2qJwQ7kNvwGQQGjW&_nc_gid=rbwF5CyS1JGwTuuG5fq8hQ&edm=AJhczIQBAAAA&ccb=7-5&oh=00_AfrNjuI1MMZBlwjaAf4n6S3vAooXdnT3XXgCFTxihUyLHQ&oe=69678351&_nc_sid=4a2096,8,0,13,0,0,[],,https://www.threads.net/@aditya_richard_/post/DTJ1H0NEgYR,[],"{'likes': 13, 'reposts': 0, 'quotes': 0}",threads,3803804993846380049,Aditya Richard,,"India is the only country where its diplomacy is strong with both rival powers, Russia and the USA. I still wonder how they manage to maintain it. The USA supports India’s development and GDP; on the other hand, Russia has a deep-rooted strategic and defence partnership with India. Indian diplomats must be literally walking on a tightrope, where one wrong move and everything could fall apart.",threads,63395382700,aditya_richard_
[],2026-01-10T08:55:08.425327+07:00,"When Obama dropped innumerable bombs on everyone and their mother with no congress auth., it was diplomacy. Trump removes a dictator without any bloodshed-  he’s dictator!🙄",2026-01-05T19:43:43+07:00,,3803369717575828184,threads,threads.com,threads_crawler_v1,https://www.threads.net/@fink.marianne/post/DTISJtllcLY,https://instagram.fhan4-1.fna.fbcdn.net/v/t51.2885-19/549731860_17847321831563321_1580188900702973682_n.jpg?stp=dst-jpg_s150x150_tt6&efg=eyJ2ZW5jb2RlX3RhZyI6InByb2ZpbGVfcGljLmRqYW5nby4xMDgwLmMyIn0&_nc_ht=instagram.fhan4-1.fna.fbcdn.net&_nc_cat=105&_nc_oc=Q6cZ2QHQknTWOKNBqRFr_YJRQjm98dfODJBnQbXu1rKczjsDUi0ClrtGfEsb0j5eb2-rsX0&_nc_ohc=gMqqazq2qhIQ7kNvwGzQ0Vd&_nc_gid=rbwF5CyS1JGwTuuG5fq8hQ&edm=AJhczIQBAAAA&ccb=7-5&oh=00_Afp8ynXUesrgd8xBLTB8CivW5RLMxer9EHECY8fyw0uKiQ&oe=69677FE4&_nc_sid=4a2096,49,0,24,0,0,[],,https://www.threads.net/@fink.marianne/post/DTISJtllcLY,[],"{'likes': 24, 'reposts': 0, 'quotes': 0}",threads,3803369717575828184,Marianne Wasser Fink,,"When Obama dropped innumerable bombs on everyone and their mother with no congress auth., it was diplomacy. Trump removes a dictator without any bloodshed-  he’s dictator!🙄",threads,76980715320,fink.marianne
