categories,collectDate,content,createDate,description,docId,docType,domain,fromCrawler,link,logoLink,numComments,numDislikes,numLikes,numShares,numViews,pictures,postId,postLink,provinces,reactions,source,sourceId,sourceName,tags,title,type,userId,userName
[],2026-01-10T14:21:12.283701+07:00,"BREAKING 🚨 : 60% chance Iran’s Supreme leader is out this year

#Iran #IranProtests #Geopolitics",2026-01-10T00:52:51+07:00,,3806424411738280330,threads,threads.com,threads_crawler_v1,https://www.threads.net/@medianedge/post/DTTItXOCRGK,https://instagram.fhan3-4.fna.fbcdn.net/v/t51.2885-19/611287046_17847844344655722_2606253253124134462_n.jpg?stp=dst-jpg_s150x150_tt6&efg=eyJ2ZW5jb2RlX3RhZyI6InByb2ZpbGVfcGljLmRqYW5nby4zMjAuYzIifQ&_nc_ht=instagram.fhan3-4.fna.fbcdn.net&_nc_cat=106&_nc_oc=Q6cZ2QFl4KqT1LNa0tbyeR8WwFsbZ5175AV_ZdZdhrN5urqcqYM1C1RAgltA_UKILplRofk&_nc_ohc=-D5SJcnHrfwQ7kNvwHoXxOL&_nc_gid=fkNC3eaL0pAUHuWZvLE7Ng&edm=AJhczIQBAAAA&ccb=7-5&oh=00_AfpzpZvAz47noYb7CL0mvx6AAj8G5Nw5mCJvR8_nzNfFFg&oe=6967C958&_nc_sid=4a2096,1,0,87,2,0,['https://instagram.fhan3-4.fna.fbcdn.net/v/t51.2885-15/610837630_17848222536655722_5348949165708224686_n.jpg?stp=dst-jpg_e35_tt6&efg=eyJ2ZW5jb2RlX3RhZyI6InRocmVhZHMuRkVFRC5pbWFnZV91cmxnZW4uMTE3MHg3MzMuc2RyLmY4Mjc4Ny5kZWZhdWx0X2ltYWdlLmMyIn0&_nc_ht=instagram.fhan3-4.fna.fbcdn.net&_nc_cat=106&_nc_oc=Q6cZ2QFl4KqT1LNa0tbyeR8WwFsbZ5175AV_ZdZdhrN5urqcqYM1C1RAgltA_UKILplRofk&_nc_ohc=_rW48770OVcQ7kNvwHrg6Nv&_nc_gid=fkNC3eaL0pAUHuWZvLE7Ng&edm=AJhczIQBAAAA&ccb=7-5&ig_cache_key=MzgwNjQyNDQxMTczODI4MDMzMA%3D%3D.3-ccb7-5&oh=00_AfomtewKzAGLXr_Icg8ok66HBaNvAVP0oFPuF3-kqq1bpg&oe=6967BB38&_nc_sid=4a2096'],,https://www.threads.net/@medianedge/post/DTTItXOCRGK,[],"{'likes': 87, 'reposts': 2, 'quotes': 0}",threads,3806424411738280330,MedianEdge 🇺🇸🇨🇦,news,"BREAKING 🚨 : 60% chance Iran’s Supreme leader is out this year

#Iran #IranProtests #Geopolitics",threads,79641887721,medianedge
[],2026-01-10T14:21:12.284063+07:00,"Global power dynamics are shifting fast. 🌍⚡
When major nations push back, the world watches closely.

#BreakingNews #WorldPolitics #GlobalAffairs #Geopolitics #InternationalRelations PowerPolitics GlobalNews PoliticalUpdate WorldOrder Diplomacy NewsUpdate",2026-01-06T16:38:49+07:00,,3804001429552705565,threads,threads.com,threads_crawler_v1,https://www.threads.net/@the.financial.info/post/DTKhyVNkTAd,https://instagram.fhan3-3.fna.fbcdn.net/v/t51.2885-19/563045984_17862413670492141_5974254754237380257_n.jpg?stp=dst-jpg_s150x150_tt6&efg=eyJ2ZW5jb2RlX3RhZyI6InByb2ZpbGVfcGljLmRqYW5nby40OTMuYzIifQ&_nc_ht=instagram.fhan3-3.fna.fbcdn.net&_nc_cat=1&_nc_oc=Q6cZ2QFl4KqT1LNa0tbyeR8WwFsbZ5175AV_ZdZdhrN5urqcqYM1C1RAgltA_UKILplRofk&_nc_ohc=o-LZSZ2XOdkQ7kNvwE803z1&_nc_gid=fkNC3eaL0pAUHuWZvLE7Ng&edm=AJhczIQBAAAA&ccb=7-5&oh=00_AfogKJ2Pz8ag5lbpXXZ7eJSM8o2Nx9ocQp_MDVUzBmO1oA&oe=6967DDBD&_nc_sid=4a2096,121,0,2436,75,0,['https://instagram.fhan4-6.fna.fbcdn.net/v/t51.2885-15/611719004_17872010901492141_8366744423490309012_n.jpg?stp=dst-jpg_e35_tt6&efg=eyJ2ZW5jb2RlX3RhZyI6InRocmVhZHMuRkVFRC5pbWFnZV91cmxnZW4uMTQ0MHgxODAwLnNkci5mODI3ODcuZGVmYXVsdF9pbWFnZS5jMiJ9&_nc_ht=instagram.fhan4-6.fna.fbcdn.net&_nc_cat=109&_nc_oc=Q6cZ2QFl4KqT1LNa0tbyeR8WwFsbZ5175AV_ZdZdhrN5urqcqYM1C1RAgltA_UKILplRofk&_nc_ohc=NAvDoOTyZYkQ7kNvwFtdd2Q&_nc_gid=fkNC3eaL0pAUHuWZvLE7Ng&edm=AJhczIQBAAAA&ccb=7-5&ig_cache_key=MzgwNDAwMTQyOTU1MjcwNTU2NQ%3D%3D.3-ccb7-5&oh=00_AfoEkhssxZJz54V-S4qIpdMKhq3car6KtWe_VwlMy3QLRA&oe=6967EA37&_nc_sid=4a2096'],,https://www.threads.net/@the.financial.info/post/DTKhyVNkTAd,[],"{'likes': 2436, 'reposts': 70, 'quotes': 5}",threads,3804001429552705565,Santosh | Finance,,"Global power dynamics are shifting fast. 🌍⚡
When major nations push back, the world watches closely.

#BreakingNews #WorldPolitics #GlobalAffairs #Geopolitics #InternationalRelations PowerPolitics GlobalNews PoliticalUpdate WorldOrder Diplomacy NewsUpdate",threads,74825823128,the.financial.info
[],2026-01-10T14:21:12.284265+07:00,"Trump has just decoupled South America from Russia, Iran, and China.
If you fail to see this, you’re either paid or don’t understand geopolitics.For a decade, Maduro’s survival relied on the implication of Russian protection (Wagner advisors, S-300 air defense systems).
The Reality: Tonight proved that Moscow is too overstretched in Ukraine to project power across the Atlantic. When US stealth assets entered Venezuelan airspace, the Russian-made air defenses were either silent or ineffective.",2026-01-03T16:49:42+07:00,,3801832583374341617,threads,threads.com,threads_crawler_v1,https://www.threads.net/@londonchristopherm/post/DTC0pdziIXx,https://instagram.fhan4-5.fna.fbcdn.net/v/t51.2885-19/489524190_1178820073898439_4934627141805886796_n.jpg?stp=dst-jpg_s150x150_tt6&efg=eyJ2ZW5jb2RlX3RhZyI6InByb2ZpbGVfcGljLmRqYW5nby4xMDgwLmMyIn0&_nc_ht=instagram.fhan4-5.fna.fbcdn.net&_nc_cat=103&_nc_oc=Q6cZ2QFl4KqT1LNa0tbyeR8WwFsbZ5175AV_ZdZdhrN5urqcqYM1C1RAgltA_UKILplRofk&_nc_ohc=24ypECefWwIQ7kNvwGl063i&_nc_gid=fkNC3eaL0pAUHuWZvLE7Ng&edm=AJhczIQBAAAA&ccb=7-5&oh=00_AfoaCmO74zHhqnfCKFNhSlmtZAzpNqbCKlc4okK3ZegYlQ&oe=6967DF45&_nc_sid=4a2096,53,0,16,1,0,[],,https://www.threads.net/@londonchristopherm/post/DTC0pdziIXx,[],"{'likes': 16, 'reposts': 0, 'quotes': 1}",threads,3801832583374341617,Christopher Marriott,Venezuela,"Trump has just decoupled South America from Russia, Iran, and China.
If you fail to see this, you’re either paid or don’t understand geopolitics.For a decade, Maduro’s survival relied on the implication of Russian protection (Wagner advisors, S-300 air defense systems).
The Reality: Tonight proved that Moscow is too overstretched in Ukraine to project power across the Atlantic. When US stealth assets entered Venezuelan airspace, the Russian-made air defenses were either silent or ineffective.",threads,63614976530,londonchristopherm
[],2026-01-10T14:21:12.284501+07:00,"Global tensions are rising ⚠️
Russia issues a direct warning to the U.S. over Maduro’s release, escalating fears of a wider geopolitical conflict. The world watches closely as power politics take center stage.
#RussiaUS #GlobalTensions #Geopolitics #WorldNews #breakingnews",2026-01-06T15:01:13+07:00,,3803952302508802554,threads,threads.com,threads_crawler_v1,https://www.threads.net/@the.financial.info/post/DTKWncFkQH6,https://instagram.fhan3-3.fna.fbcdn.net/v/t51.2885-19/563045984_17862413670492141_5974254754237380257_n.jpg?stp=dst-jpg_s150x150_tt6&efg=eyJ2ZW5jb2RlX3RhZyI6InByb2ZpbGVfcGljLmRqYW5nby40OTMuYzIifQ&_nc_ht=instagram.fhan3-3.fna.fbcdn.net&_nc_cat=1&_nc_oc=Q6cZ2QFl4KqT1LNa0tbyeR8WwFsbZ5175AV_ZdZdhrN5urqcqYM1C1RAgltA_UKILplRofk&_nc_ohc=o-LZSZ2XOdkQ7kNvwE803z1&_nc_gid=fkNC3eaL0pAUHuWZvLE7Ng&edm=AJhczIQBAAAA&ccb=7-5&oh=00_AfogKJ2Pz8ag5lbpXXZ7eJSM8o2Nx9ocQp_MDVUzBmO1oA&oe=6967DDBD&_nc_sid=4a2096,289,0,1057,26,0,['https://instagram.fhan4-6.fna.fbcdn.net/v/t51.2885-15/610961701_17872004787492141_5183443314590028812_n.jpg?stp=dst-jpg_e35_tt6&efg=eyJ2ZW5jb2RlX3RhZyI6InRocmVhZHMuRkVFRC5pbWFnZV91cmxnZW4uMTQ0MHgxODAwLnNkci5mODI3ODcuZGVmYXVsdF9pbWFnZS5jMiJ9&_nc_ht=instagram.fhan4-6.fna.fbcdn.net&_nc_cat=109&_nc_oc=Q6cZ2QFl4KqT1LNa0tbyeR8WwFsbZ5175AV_ZdZdhrN5urqcqYM1C1RAgltA_UKILplRofk&_nc_ohc=tyhrHsWqQSsQ7kNvwGdeQ8l&_nc_gid=fkNC3eaL0pAUHuWZvLE7Ng&edm=AJhczIQBAAAA&ccb=7-5&ig_cache_key=MzgwMzk1MjMwMjUwODgwMjU1NA%3D%3D.3-ccb7-5&oh=00_AfrHxMKMpwfhbXHJZhWHkcKIgD_KgLT4hMaBJ4rOIFySLQ&oe=6967D267&_nc_sid=4a2096'],,https://www.threads.net/@the.financial.info/post/DTKWncFkQH6,[],"{'likes': 1057, 'reposts': 23, 'quotes': 3}",threads,3803952302508802554,Santosh | Finance,,"Global tensions are rising ⚠️
Russia issues a direct warning to the U.S. over Maduro’s release, escalating fears of a wider geopolitical conflict. The world watches closely as power politics take center stage.
#RussiaUS #GlobalTensions #Geopolitics #WorldNews #breakingnews",threads,74825823128,the.financial.info
[],2026-01-10T14:21:12.284674+07:00,"BREAKING: Macron, Starmer and Zelensky sign a declaration of intent on future multinational force deployment in Ukraine. 🇺🇦🌍

Merz and Germany noticeably missing from the table. 🤔🇩🇪

What does this mean for the balance of power and on-the-ground protection? 💬

#Ukraine #NATO #Europe #Diplomacy #Security #Geopolitics",2026-01-07T01:49:02+07:00,,3804278076357068332,threads,threads.com,threads_crawler_v1,https://www.threads.net/@ceanmedia/post/DTLgsEoEcYs,https://instagram.fhan4-1.fna.fbcdn.net/v/t51.2885-19/516231298_18054533744527829_2727005556179792588_n.jpg?stp=dst-jpg_s150x150_tt6&efg=eyJ2ZW5jb2RlX3RhZyI6InByb2ZpbGVfcGljLmRqYW5nby4xMDI0LmMyIn0&_nc_ht=instagram.fhan4-1.fna.fbcdn.net&_nc_cat=105&_nc_oc=Q6cZ2QFl4KqT1LNa0tbyeR8WwFsbZ5175AV_ZdZdhrN5urqcqYM1C1RAgltA_UKILplRofk&_nc_ohc=MPLTYR0OGMUQ7kNvwH3QJc5&_nc_gid=fkNC3eaL0pAUHuWZvLE7Ng&edm=AJhczIQBAAAA&ccb=7-5&oh=00_AfoSIPGgBFroGrbZVyAarIZNYEqvjz2V1ULlx5Dhd9Qrkg&oe=6967E128&_nc_sid=4a2096,14,0,39,3,0,"['https://instagram.fhan4-5.fna.fbcdn.net/v/t51.2885-15/612206307_1410566687436891_3184895135751861559_n.jpg?stp=dst-jpg_e15_tt6&efg=eyJ2ZW5jb2RlX3RhZyI6InRocmVhZHMuRkVFRC5pbWFnZV91cmxnZW4uNjQweDQwNC5zZHIuZjcxODc4LmRlZmF1bHRfY292ZXJfZnJhbWUuYzIifQ&_nc_ht=instagram.fhan4-5.fna.fbcdn.net&_nc_cat=103&_nc_oc=Q6cZ2QFl4KqT1LNa0tbyeR8WwFsbZ5175AV_ZdZdhrN5urqcqYM1C1RAgltA_UKILplRofk&_nc_ohc=OPmL2O-o9jsQ7kNvwElD3CH&_nc_gid=fkNC3eaL0pAUHuWZvLE7Ng&edm=AJhczIQBAAAA&ccb=7-5&ig_cache_key=MzgwNDI3ODA3NjM1NzA2ODMzMg%3D%3D.3-ccb7-5&oh=00_AfrISk9K-PzwxLY9d85Ou01X_nAlUeoD6Wt7OuLLsT1ENw&oe=6967D1CE&_nc_sid=4a2096', 'https://instagram.fhan3-3.fna.fbcdn.net/o1/v/t16/f2/m84/AQN23dJBVf7ckObkhfZ0Pqs57Eoj7RD5F4FAoxmFccsSncedddVg4aODIgYoLdQXt7dktqjLW-yb7HUW-rU4iVVi4DhvLoxlJl9Oh4E.mp4?_nc_cat=101&_nc_oc=Adll2PJc31LhDEq80ExaFo-mHX-HExPG7v2_poTxqLR9nr_L_7kGbbep4UhzAutxnOU&_nc_sid=5e9851&_nc_ht=instagram.fhan3-3.fna.fbcdn.net&_nc_ohc=EFDb4EW8srgQ7kNvwFUf_1S&efg=eyJ2ZW5jb2RlX3RhZyI6Inhwdl9wcm9ncmVzc2l2ZS5JTlNUQUdSQU0uRkVFRC5DMy4xMTM2LmRhc2hfYmFzZWxpbmVfMV92MSIsInhwdl9hc3NldF9pZCI6Mjc1OTIxMjM5MDk1Mjg5MCwiYXNzZXRfYWdlX2RheXMiOjMsInZpX3VzZWNhc2VfaWQiOjEwMTY0LCJkdXJhdGlvbl9zIjoyOSwidXJsZ2VuX3NvdXJjZSI6Ind3dyJ9&ccb=17-1&_nc_gid=fkNC3eaL0pAUHuWZvLE7Ng&_nc_zt=28&vs=f92e0a4e933c45f5&_nc_vs=HBksFQIYTGlnX2JhY2tmaWxsX3RpbWVsaW5lX3ZvZC8xNzQzRTgwQTE4N0I2MjRDMzdEQ0E0NTI2MjcwRkRCQl92aWRlb19kYXNoaW5pdC5tcDQVAALIARIAFQIYOnBhc3N0aHJvdWdoX2V2ZXJzdG9yZS9HTzlLZXlRV28zeG9FcmhZQUxwbkpINHFyNU1UYnNwVEFRQUYVAgLIARIAKAAYABsCiAd1c2Vfb2lsATEScHJvZ3Jlc3NpdmVfcmVjaXBlATEVAAAm9L7hpqbf5gkVAigCQzMsF0A9u6XjU_fPGBJkYXNoX2Jhc2VsaW5lXzFfdjERAHXqB2XongEA&oh=00_AfoNxBwS_k9KohKwxFMhp8kYcGMd3bg-UXdrYsF5OmH_4Q&oe=6963E417']",,https://www.threads.net/@ceanmedia/post/DTLgsEoEcYs,[],"{'likes': 39, 'reposts': 3, 'quotes': 0}",threads,3804278076357068332,CEAN,,"BREAKING: Macron, Starmer and Zelensky sign a declaration of intent on future multinational force deployment in Ukraine. 🇺🇦🌍

Merz and Germany noticeably missing from the table. 🤔🇩🇪

What does this mean for the balance of power and on-the-ground protection? 💬

#Ukraine #NATO #Europe #Diplomacy #Security #Geopolitics",threads,63158934689,ceanmedia
[],2026-01-10T14:21:12.284828+07:00,"BREAKING: A Ukrainian suicide drone strikes another Russian shadow fleet oil tanker. The 274m Elbus, en route to Novorossiysk, hit 30 miles off Turkey’s Black Sea coast 🚢💥 Stay sharp, world watching. #Ukraine #Russia #BlackSea #WarNews #Terrorism #Geopolitics",2026-01-08T20:03:36+07:00,,3805554050591397644,threads,threads.com,threads_crawler_v1,https://www.threads.net/@ceanmedia/post/DTQCz8PDJcM,https://instagram.fhan4-1.fna.fbcdn.net/v/t51.2885-19/516231298_18054533744527829_2727005556179792588_n.jpg?stp=dst-jpg_s150x150_tt6&efg=eyJ2ZW5jb2RlX3RhZyI6InByb2ZpbGVfcGljLmRqYW5nby4xMDI0LmMyIn0&_nc_ht=instagram.fhan4-1.fna.fbcdn.net&_nc_cat=105&_nc_oc=Q6cZ2QFl4KqT1LNa0tbyeR8WwFsbZ5175AV_ZdZdhrN5urqcqYM1C1RAgltA_UKILplRofk&_nc_ohc=MPLTYR0OGMUQ7kNvwH3QJc5&_nc_gid=fkNC3eaL0pAUHuWZvLE7Ng&edm=AJhczIQBAAAA&ccb=7-5&oh=00_AfoSIPGgBFroGrbZVyAarIZNYEqvjz2V1ULlx5Dhd9Qrkg&oe=6967E128&_nc_sid=4a2096,6,0,468,20,0,['https://instagram.fhan4-5.fna.fbcdn.net/v/t51.2885-15/612116667_17938874526110690_7563076459530268434_n.jpg?stp=dst-jpg_e35_tt6&efg=eyJ2ZW5jb2RlX3RhZyI6InRocmVhZHMuRkVFRC5pbWFnZV91cmxnZW4uMTA3MHg3NDMuc2RyLmY4Mjc4Ny5kZWZhdWx0X2ltYWdlLmMyIn0&_nc_ht=instagram.fhan4-5.fna.fbcdn.net&_nc_cat=102&_nc_oc=Q6cZ2QFl4KqT1LNa0tbyeR8WwFsbZ5175AV_ZdZdhrN5urqcqYM1C1RAgltA_UKILplRofk&_nc_ohc=0Sb29uL2EbwQ7kNvwEhoJ-M&_nc_gid=fkNC3eaL0pAUHuWZvLE7Ng&edm=AJhczIQBAAAA&ccb=7-5&ig_cache_key=MzgwNTU1NDA1MDU5MTM5NzY0NA%3D%3D.3-ccb7-5&oh=00_AfoJOyvwqzGfSI8iXSIksXJHMhc_VdzmJMZ-WfFrRCEdeA&oe=6967BEC3&_nc_sid=4a2096'],,https://www.threads.net/@ceanmedia/post/DTQCz8PDJcM,[],"{'likes': 468, 'reposts': 19, 'quotes': 1}",threads,3805554050591397644,CEAN,,"BREAKING: A Ukrainian suicide drone strikes another Russian shadow fleet oil tanker. The 274m Elbus, en route to Novorossiysk, hit 30 miles off Turkey’s Black Sea coast 🚢💥 Stay sharp, world watching. #Ukraine #Russia #BlackSea #WarNews #Terrorism #Geopolitics",threads,63158934689,ceanmedia
[],2026-01-10T14:21:12.285004+07:00,"BREAKING: Moscow says it hit Ukraine with “Oreshnik” in retaliation for a spoofed attack on Putin’s residence — which never happened. The bluff, the bravado, the brinkmanship. What happens next? 🤔🔥

#Russia #Ukraine #Geopolitics #News #WarWatch #Conflict",2026-01-09T13:49:14+07:00,,3806090160262696576,threads,threads.com,threads_crawler_v1,https://www.threads.net/@ceanmedia/post/DTR8tXRkU6A,https://instagram.fhan4-1.fna.fbcdn.net/v/t51.2885-19/516231298_18054533744527829_2727005556179792588_n.jpg?stp=dst-jpg_s150x150_tt6&efg=eyJ2ZW5jb2RlX3RhZyI6InByb2ZpbGVfcGljLmRqYW5nby4xMDI0LmMyIn0&_nc_ht=instagram.fhan4-1.fna.fbcdn.net&_nc_cat=105&_nc_oc=Q6cZ2QFl4KqT1LNa0tbyeR8WwFsbZ5175AV_ZdZdhrN5urqcqYM1C1RAgltA_UKILplRofk&_nc_ohc=MPLTYR0OGMUQ7kNvwH3QJc5&_nc_gid=fkNC3eaL0pAUHuWZvLE7Ng&edm=AJhczIQBAAAA&ccb=7-5&oh=00_AfoSIPGgBFroGrbZVyAarIZNYEqvjz2V1ULlx5Dhd9Qrkg&oe=6967E128&_nc_sid=4a2096,0,0,10,2,0,"['https://instagram.fhan3-4.fna.fbcdn.net/v/t51.2885-15/612740284_898213452737956_5430399503083002771_n.jpg?stp=dst-jpg_e15_tt6&efg=eyJ2ZW5jb2RlX3RhZyI6InRocmVhZHMuRkVFRC5pbWFnZV91cmxnZW4uNjQweDgwMC5zZHIuZjcxODc4LmRlZmF1bHRfY292ZXJfZnJhbWUuYzIifQ&_nc_ht=instagram.fhan3-4.fna.fbcdn.net&_nc_cat=104&_nc_oc=Q6cZ2QFl4KqT1LNa0tbyeR8WwFsbZ5175AV_ZdZdhrN5urqcqYM1C1RAgltA_UKILplRofk&_nc_ohc=S9CBuGJR4mkQ7kNvwGrQ5tI&_nc_gid=fkNC3eaL0pAUHuWZvLE7Ng&edm=AJhczIQBAAAA&ccb=7-5&ig_cache_key=MzgwNjA5MDE2MDI2MjY5NjU3Ng%3D%3D.3-ccb7-5&oh=00_AfpqtRniJ8BmbJQZWZu3-cYwMTiiJIXbBiCvg5lKCH3kyg&oe=6967CCDD&_nc_sid=4a2096', 'https://instagram.fhan3-4.fna.fbcdn.net/o1/v/t16/f2/m84/AQNNFhHf6_6J2zicmGuM6cb9bnmIoIczc0ouEw0IHJxwmXi8SQofzoQDK_TZhyfIil9Ur8-wVKhng5JcZWKIBvBUBl2a1xYhAjbsKLg.mp4?_nc_cat=104&_nc_oc=AdlA4BZ1STjGRG2D8nxpifMK7WLtpEAh2zpGiphaoCCijJrsSdDr3Zyp-aRCFQt_ZfE&_nc_sid=5e9851&_nc_ht=instagram.fhan3-4.fna.fbcdn.net&_nc_ohc=d_UXxDXXD0kQ7kNvwG0BXAw&efg=eyJ2ZW5jb2RlX3RhZyI6Inhwdl9wcm9ncmVzc2l2ZS5JTlNUQUdSQU0uRkVFRC5DMy43MjAuZGFzaF9iYXNlbGluZV8xX3YxIiwieHB2X2Fzc2V0X2lkIjoyOTUzODgyMDE0ODAyODIwLCJhc3NldF9hZ2VfZGF5cyI6MSwidmlfdXNlY2FzZV9pZCI6MTAxNjQsImR1cmF0aW9uX3MiOjE1LCJ1cmxnZW5fc291cmNlIjoid3d3In0%3D&ccb=17-1&_nc_gid=fkNC3eaL0pAUHuWZvLE7Ng&_nc_zt=28&vs=5aaeb0344ac5f1e7&_nc_vs=HBksFQIYTGlnX2JhY2tmaWxsX3RpbWVsaW5lX3ZvZC9CRDQ4N0E1QTExRjBFM0E2Q0ZGOEE4OTczNDJCOUFBN192aWRlb19kYXNoaW5pdC5tcDQVAALIARIAFQIYOnBhc3N0aHJvdWdoX2V2ZXJzdG9yZS9HSXRIaVNRVTU1QjhPZzhGQUZrdlFxc0lScHNfYnNwVEFRQUYVAgLIARIAKAAYABsCiAd1c2Vfb2lsATEScHJvZ3Jlc3NpdmVfcmVjaXBlATEVAAAmiI6bg8iivwoVAigCQzMsF0Au3752yLQ5GBJkYXNoX2Jhc2VsaW5lXzFfdjERAHXqB2XongEA&oh=00_AfoaFXVY2H8BUAEuCPpfn_lhK23uSzmYqMDaldNsCcwrJw&oe=6963F378']",,https://www.threads.net/@ceanmedia/post/DTR8tXRkU6A,[],"{'likes': 10, 'reposts': 1, 'quotes': 1}",threads,3806090160262696576,CEAN,,"BREAKING: Moscow says it hit Ukraine with “Oreshnik” in retaliation for a spoofed attack on Putin’s residence — which never happened. The bluff, the bravado, the brinkmanship. What happens next? 🤔🔥

#Russia #Ukraine #Geopolitics #News #WarWatch #Conflict",threads,63158934689,ceanmedia
[],2026-01-10T14:21:12.285152+07:00,"Zelensky on Putin after Maduro’s capture: if it’s possible to deal with dictators like that, then America knows what to do next. 🇺🇦🇺🇸🗝️ #Geopolitics #Ukraine #Russia #Maduro #Policy #WorldNews",2026-01-04T02:30:42+07:00,,3802124723686594453,threads,threads.com,threads_crawler_v1,https://www.threads.net/@ceanmedia/post/DTD3EqrEdeV,https://instagram.fhan4-1.fna.fbcdn.net/v/t51.2885-19/516231298_18054533744527829_2727005556179792588_n.jpg?stp=dst-jpg_s150x150_tt6&efg=eyJ2ZW5jb2RlX3RhZyI6InByb2ZpbGVfcGljLmRqYW5nby4xMDI0LmMyIn0&_nc_ht=instagram.fhan4-1.fna.fbcdn.net&_nc_cat=105&_nc_oc=Q6cZ2QFl4KqT1LNa0tbyeR8WwFsbZ5175AV_ZdZdhrN5urqcqYM1C1RAgltA_UKILplRofk&_nc_ohc=MPLTYR0OGMUQ7kNvwH3QJc5&_nc_gid=fkNC3eaL0pAUHuWZvLE7Ng&edm=AJhczIQBAAAA&ccb=7-5&oh=00_AfoSIPGgBFroGrbZVyAarIZNYEqvjz2V1ULlx5Dhd9Qrkg&oe=6967E128&_nc_sid=4a2096,28,0,186,15,0,"['https://instagram.fhan4-3.fna.fbcdn.net/v/t51.2885-15/609551167_1750147935907318_2675369512663734205_n.jpg?stp=dst-jpg_e15_tt6&efg=eyJ2ZW5jb2RlX3RhZyI6InRocmVhZHMuRkVFRC5pbWFnZV91cmxnZW4uNjQweDM2MC5zZHIuZjcxODc4LmRlZmF1bHRfY292ZXJfZnJhbWUuYzIifQ&_nc_ht=instagram.fhan4-3.fna.fbcdn.net&_nc_cat=110&_nc_oc=Q6cZ2QFl4KqT1LNa0tbyeR8WwFsbZ5175AV_ZdZdhrN5urqcqYM1C1RAgltA_UKILplRofk&_nc_ohc=mKZzbgwx1WoQ7kNvwG2dZQO&_nc_gid=fkNC3eaL0pAUHuWZvLE7Ng&edm=AJhczIQBAAAA&ccb=7-5&ig_cache_key=MzgwMjEyNDcyMzY4NjU5NDQ1Mw%3D%3D.3-ccb7-5&oh=00_AfqPbZTl-RkinkQl-K7PZljg5AC7LgJNBb76zRcvIOhXnQ&oe=6967D90F&_nc_sid=4a2096', 'https://instagram.fhan3-4.fna.fbcdn.net/o1/v/t16/f2/m84/AQNmLOXD4xHLqiasTM4p3b1mMLaXbG6RIkmmQrATU4vDCAOUYo0BPHTX7c7HxclmuHLGit_Be0ZAel1hfOsiTwx55cUKnLryFKiMyd0.mp4?_nc_cat=104&_nc_oc=AdkCwnfV0cyeEBgkh4JLtnts3t9swfpmlmor7Cp6789nBx-24bX37qyBVaObxO2yqf4&_nc_sid=5e9851&_nc_ht=instagram.fhan3-4.fna.fbcdn.net&_nc_ohc=nryy7-Av4osQ7kNvwGtnuhe&efg=eyJ2ZW5jb2RlX3RhZyI6Inhwdl9wcm9ncmVzc2l2ZS5JTlNUQUdSQU0uRkVFRC5DMy4xMjgwLmRhc2hfYmFzZWxpbmVfMV92MSIsInhwdl9hc3NldF9pZCI6MTIxMjI3NDY3NzU0MTgyNSwiYXNzZXRfYWdlX2RheXMiOjYsInZpX3VzZWNhc2VfaWQiOjEwMTY0LCJkdXJhdGlvbl9zIjoxOSwidXJsZ2VuX3NvdXJjZSI6Ind3dyJ9&ccb=17-1&_nc_gid=fkNC3eaL0pAUHuWZvLE7Ng&_nc_zt=28&vs=617a5174cd95ca3d&_nc_vs=HBksFQIYTGlnX2JhY2tmaWxsX3RpbWVsaW5lX3ZvZC81RTQyMzZCRDZDQUQ0NTgwQTZFNkU5NkYzRDE1MDI5OF92aWRlb19kYXNoaW5pdC5tcDQVAALIARIAFQIYOnBhc3N0aHJvdWdoX2V2ZXJzdG9yZS9HSHdCWmlSWVo2VmxvRklFQUEwemJodGIxdzlPYnNwVEFRQUYVAgLIARIAKAAYABsCiAd1c2Vfb2lsATEScHJvZ3Jlc3NpdmVfcmVjaXBlATEVAAAmgq-zmNajpwQVAigCQzMsF0AzgAAAAAAAGBJkYXNoX2Jhc2VsaW5lXzFfdjERAHXqB2XongEA&oh=00_AfpfXKMf3KCPZPm11YftHlRt89tZAkBkoIHEJ37GM5Ur3A&oe=6963C3E4']",,https://www.threads.net/@ceanmedia/post/DTD3EqrEdeV,[],"{'likes': 186, 'reposts': 13, 'quotes': 2}",threads,3802124723686594453,CEAN,,"Zelensky on Putin after Maduro’s capture: if it’s possible to deal with dictators like that, then America knows what to do next. 🇺🇦🇺🇸🗝️ #Geopolitics #Ukraine #Russia #Maduro #Policy #WorldNews",threads,63158934689,ceanmedia
[],2026-01-10T14:21:12.285292+07:00,"You shouldn’t pretend you don’t know what Russia actually wants. Alexander Dugin spelled it out long ago — explicitly, in his book “The Foundations of Geopolitics”.

Here is the core of that blueprint:

1. Break up the European Union into weakened states unable to act collectively.
2. Push the United States out of Europe and undermine NATO from within.
3. Forge a “Berlin–Moscow axis,” pulling Germany away from the West.",2025-12-08T23:12:21+07:00,,3783181000109512822,threads,threads.com,threads_crawler_v1,https://www.threads.net/@olarhat/post/DSAjxNQiNh2,https://instagram.fhan3-4.fna.fbcdn.net/v/t51.2885-19/462404763_558424803303532_2423274879363084457_n.jpg?stp=dst-jpg_s150x150_tt6&efg=eyJ2ZW5jb2RlX3RhZyI6InByb2ZpbGVfcGljLmRqYW5nby42NDAuYzIifQ&_nc_ht=instagram.fhan3-4.fna.fbcdn.net&_nc_cat=104&_nc_oc=Q6cZ2QFl4KqT1LNa0tbyeR8WwFsbZ5175AV_ZdZdhrN5urqcqYM1C1RAgltA_UKILplRofk&_nc_ohc=_EVEdGQaw-0Q7kNvwEDceCY&_nc_gid=fkNC3eaL0pAUHuWZvLE7Ng&edm=AJhczIQBAAAA&ccb=7-5&oh=00_AfppcG8PyJ4s6XkRPyQqzB_TXLI88XDjMP2ojbBx_PxMNA&oe=6967D928&_nc_sid=4a2096,45,0,941,174,0,[],,https://www.threads.net/@olarhat/post/DSAjxNQiNh2,[],"{'likes': 941, 'reposts': 160, 'quotes': 14}",threads,3783181000109512822,Oleksandr Arhat,,"You shouldn’t pretend you don’t know what Russia actually wants. Alexander Dugin spelled it out long ago — explicitly, in his book “The Foundations of Geopolitics”.

Here is the core of that blueprint:

1. Break up the European Union into weakened states unable to act collectively.
2. Push the United States out of Europe and undermine NATO from within.
3. Forge a “Berlin–Moscow axis,” pulling Germany away from the West.",threads,63288643687,olarhat
[],2026-01-10T14:21:12.285466+07:00,"BREAKING NEWS: Trump just held a top-secret war council. UK jets are in the air. U.S. bombers are landing across Europe. Israel is pounding Tehran. Iran vows total retaliation.
This is not tension. This is preparation for war.
🚨 SHARE. SAVE. STAY AHEAD.

#WW3 #BreakingNews #Trump #IsraelIran #MiddleEastConflict #MilitaryAlert #WorldWar3 #UKJets #IranWar #SituationRoom #Geopolitics #PrepNow #NewsUpdate #USMilitary #GlobalCrisis #WWIII",2025-06-18T05:00:33+07:00,,3657245260435238732,threads,threads.com,threads_crawler_v1,https://www.threads.net/@appalachianprepper/post/DLBJS_8uS9M,https://instagram.fhan3-3.fna.fbcdn.net/v/t51.2885-19/328709986_3086671268298665_2987802572353862684_n.jpg?stp=dst-jpg_s150x150_tt6&efg=eyJ2ZW5jb2RlX3RhZyI6InByb2ZpbGVfcGljLmRqYW5nby41MDAuYzIifQ&_nc_ht=instagram.fhan3-3.fna.fbcdn.net&_nc_cat=1&_nc_oc=Q6cZ2QFl4KqT1LNa0tbyeR8WwFsbZ5175AV_ZdZdhrN5urqcqYM1C1RAgltA_UKILplRofk&_nc_ohc=OPZJqlfHuZ8Q7kNvwGbW-bz&_nc_gid=fkNC3eaL0pAUHuWZvLE7Ng&edm=AJhczIQBAAAA&ccb=7-5&oh=00_AfotOOix2P5yC-l6I0kgzIqDnAmZnbmJDv8V2VQhtgzAEw&oe=6967B8BF&_nc_sid=4a2096,136,0,1248,288,0,"['https://instagram.fhan3-2.fna.fbcdn.net/v/t51.2885-15/504479192_3693376170967375_6816820490666912610_n.jpg?stp=dst-jpg_e15_tt6&efg=eyJ2ZW5jb2RlX3RhZyI6InRocmVhZHMuRkVFRC5pbWFnZV91cmxnZW4uNjQweDExMzYuc2RyLmY3MTg3OC5kZWZhdWx0X2NvdmVyX2ZyYW1lLmMyIn0&_nc_ht=instagram.fhan3-2.fna.fbcdn.net&_nc_cat=107&_nc_oc=Q6cZ2QFl4KqT1LNa0tbyeR8WwFsbZ5175AV_ZdZdhrN5urqcqYM1C1RAgltA_UKILplRofk&_nc_ohc=E8JiB3w_JooQ7kNvwGOrHK3&_nc_gid=fkNC3eaL0pAUHuWZvLE7Ng&edm=AJhczIQBAAAA&ccb=7-5&ig_cache_key=MzY1NzI0NTI2MDQzNTIzODczMg%3D%3D.3-ccb7-5&oh=00_Afr2qtMjro7QBDsRfEwQNNkZjaDRYAgqonsScIBNSeXmaw&oe=6967E7C5&_nc_sid=4a2096', 'https://instagram.fhan4-6.fna.fbcdn.net/o1/v/t2/f2/m367/AQOlg-XGTlqRB19Lql8SxvRGWXROwu8G_riub-peLZnWbo4m4X23CWv3x9lleBf5mJ5i4Jj0YqWEpetIQbTcAiuOAQfHW-w-jCmIerI.mp4?_nc_cat=108&_nc_oc=AdnuncXM0QDvT8wMtRhqtfH1Ih9aQH288v-DKGks1D8mnb1aclrc-_Nl--dPtiqoHKI&_nc_sid=5e9851&_nc_ht=instagram.fhan4-6.fna.fbcdn.net&_nc_ohc=7jaT3CfCfSkQ7kNvwFxQz1U&efg=eyJ2ZW5jb2RlX3RhZyI6Inhwdl9wcm9ncmVzc2l2ZS5JTlNUQUdSQU0uRkVFRC5DMy43MjAuZGFzaF9iYXNlbGluZV8xX3YxIiwieHB2X2Fzc2V0X2lkIjoxNDI4MTY1MjIxNTMxMTgzLCJhc3NldF9hZ2VfZGF5cyI6MjA2LCJ2aV91c2VjYXNlX2lkIjoxMDA5OSwiZHVyYXRpb25fcyI6NjIsInVybGdlbl9zb3VyY2UiOiJ3d3cifQ%3D%3D&ccb=17-1&_nc_gid=fkNC3eaL0pAUHuWZvLE7Ng&_nc_zt=28&vs=ba2d9166dc465f29&_nc_vs=HBksFQIYQGlnX2VwaGVtZXJhbC9DODRBQUFBMUUyQjk1MUY4RTE1NTg4MEI3MThFNzhBQl92aWRlb19kYXNoaW5pdC5tcDQVAALIARIAFQIYOnBhc3N0aHJvdWdoX2V2ZXJzdG9yZS9HRHZoUGg1eVI1UFUwcUVDQUlUQjNuNDBvYUV5YnFfRUFBQUYVAgLIARIAKAAYABsCiAd1c2Vfb2lsATEScHJvZ3Jlc3NpdmVfcmVjaXBlATEVAAAm3viti5S6iQUVAigCQzMsF0BPZmZmZmZmGBJkYXNoX2Jhc2VsaW5lXzFfdjERAHXqB2XmnQEA&oh=00_AfpuM6a3yz-OOmRWy8i5PhnB5oX0Vfh-sxZx9DXi6auJxw&oe=6967CD35']",,https://www.threads.net/@appalachianprepper/post/DLBJS_8uS9M,[],"{'likes': 1248, 'reposts': 248, 'quotes': 40}",threads,3657245260435238732,Appalachian Prepper,,"BREAKING NEWS: Trump just held a top-secret war council. UK jets are in the air. U.S. bombers are landing across Europe. Israel is pounding Tehran. Iran vows total retaliation.
This is not tension. This is preparation for war.
🚨 SHARE. SAVE. STAY AHEAD.

#WW3 #BreakingNews #Trump #IsraelIran #MiddleEastConflict #MilitaryAlert #WorldWar3 #UKJets #IranWar #SituationRoom #Geopolitics #PrepNow #NewsUpdate #USMilitary #GlobalCrisis #WWIII",threads,69973118816,appalachianprepper
[],2026-01-10T14:21:12.285619+07:00,"""No CEO wants to go back in [to Venezuela].""

The Trump administration is urging oil executives to invest big in Venezuela. But so far, they don't seem convinced. @roninsana and Jeffrey Sonnenfeld explain why on the #11thHour with @stephruhle.",2026-01-06T12:10:52+07:00,,3803865956217740153,threads,threads.com,threads_crawler_v1,https://www.threads.net/@11thhourmsnow/post/DTKC-71j1t5,https://instagram.fhan4-1.fna.fbcdn.net/v/t51.2885-19/364285004_745022074304057_8945686898471170066_n.jpg?stp=dst-jpg_s150x150_tt6&efg=eyJ2ZW5jb2RlX3RhZyI6InByb2ZpbGVfcGljLmRqYW5nby40MDAuYzIifQ&_nc_ht=instagram.fhan4-1.fna.fbcdn.net&_nc_cat=105&_nc_oc=Q6cZ2QFl4KqT1LNa0tbyeR8WwFsbZ5175AV_ZdZdhrN5urqcqYM1C1RAgltA_UKILplRofk&_nc_ohc=MavE0jxwX1kQ7kNvwFcMnMo&_nc_gid=fkNC3eaL0pAUHuWZvLE7Ng&edm=AJhczIQBAAAA&ccb=7-5&oh=00_AfqvZIOxy9WS9vziHwd-r2_csrMZ1kO1MfGsrOFMm7OXQQ&oe=6967E0B7&_nc_sid=4a2096,138,0,2980,923,0,"['https://instagram.fhan3-3.fna.fbcdn.net/v/t51.2885-15/610238401_1185267686612569_4437120178686361053_n.jpg?stp=dst-jpg_e15_tt6&efg=eyJ2ZW5jb2RlX3RhZyI6InRocmVhZHMuRkVFRC5pbWFnZV91cmxnZW4uNjQweDM2MC5zZHIuZjcxODc4LmRlZmF1bHRfY292ZXJfZnJhbWUuYzIifQ&_nc_ht=instagram.fhan3-3.fna.fbcdn.net&_nc_cat=101&_nc_oc=Q6cZ2QFl4KqT1LNa0tbyeR8WwFsbZ5175AV_ZdZdhrN5urqcqYM1C1RAgltA_UKILplRofk&_nc_ohc=Rxlhtw2qPUoQ7kNvwHFMMSW&_nc_gid=fkNC3eaL0pAUHuWZvLE7Ng&edm=AJhczIQBAAAA&ccb=7-5&ig_cache_key=MzgwMzg2NTk1NjIxNzc0MDE1Mw%3D%3D.3-ccb7-5&oh=00_Afr0kY_6-GPbi_tOWTWOrTAqwHZgo_aN2J5uP5U2_H-_Sg&oe=6967E571&_nc_sid=4a2096', 'https://instagram.fhan4-1.fna.fbcdn.net/o1/v/t16/f2/m84/AQNDK26jXpulDGi815vGproF33DaGr-TvwHByFpd3aIlXT6cPijiYKRwrTxeTv5BmhpDhxhrT-neM71eiaZQoiYPqefJls8yzGomhKA.mp4?_nc_cat=105&_nc_oc=AdnJ66r-3MmZby3BjGozaj7MA7gMuMAEZLi43XG-kWgOEUtDOpdhZjfGFdscMBNwNSA&_nc_sid=5e9851&_nc_ht=instagram.fhan4-1.fna.fbcdn.net&_nc_ohc=rP6mRdAG7EAQ7kNvwE7oJdd&efg=eyJ2ZW5jb2RlX3RhZyI6Inhwdl9wcm9ncmVzc2l2ZS5JTlNUQUdSQU0uRkVFRC5DMy4xMjgwLmRhc2hfYmFzZWxpbmVfMV92MSIsInhwdl9hc3NldF9pZCI6MTQ1NTA2OTE2MjcxMjg2NSwiYXNzZXRfYWdlX2RheXMiOjQsInZpX3VzZWNhc2VfaWQiOjEwMTY0LCJkdXJhdGlvbl9zIjoxNDcsInVybGdlbl9zb3VyY2UiOiJ3d3cifQ%3D%3D&ccb=17-1&_nc_gid=fkNC3eaL0pAUHuWZvLE7Ng&_nc_zt=28&vs=97e3b171844932a2&_nc_vs=HBksFQIYTGlnX2JhY2tmaWxsX3RpbWVsaW5lX3ZvZC9FRjQ2MUFDMzJGNUJFNERCQkE2ODk2RDUyQzRDMzE4Q192aWRlb19kYXNoaW5pdC5tcDQVAALIARIAFQIYOnBhc3N0aHJvdWdoX2V2ZXJzdG9yZS9HTnhRTHlUbXNFTzZQajBFQUlQZjVRWHlLamhKYnNwVEFRQUYVAgLIARIAKAAYABsCiAd1c2Vfb2lsATEScHJvZ3Jlc3NpdmVfcmVjaXBlATEVAAAmwryJiZbYlQUVAigCQzMsF0Bico9cKPXDGBJkYXNoX2Jhc2VsaW5lXzFfdjERAHXqB2XongEA&oh=00_AfrFb9GhDAVQ0Z3WYkXDiZoLcxZpuunrBuskFkCKuCBtTw&oe=6963BF87']",,https://www.threads.net/@11thhourmsnow/post/DTKC-71j1t5,[],"{'likes': 2980, 'reposts': 836, 'quotes': 87}",threads,3803865956217740153,The 11th Hour,,"""No CEO wants to go back in [to Venezuela].""

The Trump administration is urging oil executives to invest big in Venezuela. But so far, they don't seem convinced. @roninsana and Jeffrey Sonnenfeld explain why on the #11thHour with @stephruhle.",threads,63459534209,11thhourmsnow
[],2026-01-10T14:21:12.285759+07:00,"Global tensions are rising fast 🌍
From missile launches to military strikes, the world is witnessing a major geopolitical shift.
Stay informed. Stay alert.

What do you think will happen next?

#BreakingNews #WorldNews #GlobalTensions #Geopolitics #internationalrelations",2026-01-05T09:27:42+07:00,,3803059661344755958,threads,threads.com,threads_crawler_v1,https://www.threads.net/@the.financial.info/post/DTHLpzOElD2,https://instagram.fhan3-3.fna.fbcdn.net/v/t51.2885-19/563045984_17862413670492141_5974254754237380257_n.jpg?stp=dst-jpg_s150x150_tt6&efg=eyJ2ZW5jb2RlX3RhZyI6InByb2ZpbGVfcGljLmRqYW5nby40OTMuYzIifQ&_nc_ht=instagram.fhan3-3.fna.fbcdn.net&_nc_cat=1&_nc_oc=Q6cZ2QFl4KqT1LNa0tbyeR8WwFsbZ5175AV_ZdZdhrN5urqcqYM1C1RAgltA_UKILplRofk&_nc_ohc=o-LZSZ2XOdkQ7kNvwE803z1&_nc_gid=fkNC3eaL0pAUHuWZvLE7Ng&edm=AJhczIQBAAAA&ccb=7-5&oh=00_AfogKJ2Pz8ag5lbpXXZ7eJSM8o2Nx9ocQp_MDVUzBmO1oA&oe=6967DDBD&_nc_sid=4a2096,25,0,588,45,0,['https://instagram.fhan4-6.fna.fbcdn.net/v/t51.2885-15/591758522_17871869781492141_2299546001250563197_n.jpg?stp=dst-jpg_e35_tt6&efg=eyJ2ZW5jb2RlX3RhZyI6InRocmVhZHMuRkVFRC5pbWFnZV91cmxnZW4uMTQ0MHgxODAwLnNkci5mODI3ODcuZGVmYXVsdF9pbWFnZS5jMiJ9&_nc_ht=instagram.fhan4-6.fna.fbcdn.net&_nc_cat=109&_nc_oc=Q6cZ2QFl4KqT1LNa0tbyeR8WwFsbZ5175AV_ZdZdhrN5urqcqYM1C1RAgltA_UKILplRofk&_nc_ohc=7I9Rc2MFa8QQ7kNvwGpMorv&_nc_gid=fkNC3eaL0pAUHuWZvLE7Ng&edm=AJhczIQBAAAA&ccb=7-5&ig_cache_key=MzgwMzA1OTY2MTM0NDc1NTk1OA%3D%3D.3-ccb7-5&oh=00_AfpucPD9HFx-iQkib_ZzjVMH1r--pizj-Og36IWm3Hd3cA&oe=6967CCF2&_nc_sid=4a2096'],,https://www.threads.net/@the.financial.info/post/DTHLpzOElD2,[],"{'likes': 588, 'reposts': 40, 'quotes': 5}",threads,3803059661344755958,Santosh | Finance,,"Global tensions are rising fast 🌍
From missile launches to military strikes, the world is witnessing a major geopolitical shift.
Stay informed. Stay alert.

What do you think will happen next?

#BreakingNews #WorldNews #GlobalTensions #Geopolitics #internationalrelations",threads,74825823128,the.financial.info
[],2026-01-10T14:21:12.285902+07:00,"Buổi học cuối năm cũ là bài Geopolitics (địa chính trị) của môn Economics, thì tình cờ vài ngày sau lại có 2 tình huống địa chính trị căng thẳng mới tầm cỡ thế giới:
-Biểu tình lớn nhất trong nhiều năm qua ở Iran
-Mỹ tấn công lật đổ Venezuela

Có ảnh hưởng đến giá dầu, vàng ko ? Có ảnh hưởng giá chứng khoán ko?",2026-01-04T09:55:15+07:00,,3802348752125256543,threads,threads.com,threads_crawler_v1,https://www.threads.net/@cfatogether/post/DTEqAtak2Nf,https://instagram.fhan3-4.fna.fbcdn.net/v/t51.2885-19/396582528_319638694109632_2913717183522796797_n.jpg?stp=dst-jpg_s150x150_tt6&efg=eyJ2ZW5jb2RlX3RhZyI6InByb2ZpbGVfcGljLmRqYW5nby43NTAuYzIifQ&_nc_ht=instagram.fhan3-4.fna.fbcdn.net&_nc_cat=104&_nc_oc=Q6cZ2QFl4KqT1LNa0tbyeR8WwFsbZ5175AV_ZdZdhrN5urqcqYM1C1RAgltA_UKILplRofk&_nc_ohc=jV8VK-AEyTgQ7kNvwGK9jMv&_nc_gid=fkNC3eaL0pAUHuWZvLE7Ng&edm=AJhczIQBAAAA&ccb=7-5&oh=00_AfqUK3Oh3UMJZMGIetd8L39f-sO-AhUpcyCiXQse1Fgv3g&oe=6967D922&_nc_sid=4a2096,1,0,47,0,0,[],,https://www.threads.net/@cfatogether/post/DTEqAtak2Nf,[],"{'likes': 47, 'reposts': 0, 'quotes': 0}",threads,3802348752125256543,CFA Together,,"Buổi học cuối năm cũ là bài Geopolitics (địa chính trị) của môn Economics, thì tình cờ vài ngày sau lại có 2 tình huống địa chính trị căng thẳng mới tầm cỡ thế giới:
-Biểu tình lớn nhất trong nhiều năm qua ở Iran
-Mỹ tấn công lật đổ Venezuela

Có ảnh hưởng đến giá dầu, vàng ko ? Có ảnh hưởng giá chứng khoán ko?",threads,63427999730,cfatogether
[],2026-01-10T14:21:12.286039+07:00,"I thought Palestine revealed people’s ignorance and lack of understanding of history, imperialism, systems, and geopolitics - but Venezuela has exposed a whole new level of ignorance and lack of literacy that is honestly overwhelming. Seeing people fall for such obvious US propaganda and misinformation is truly baffling.",2026-01-05T14:05:38+07:00,,3803199554897273544,threads,threads.com,threads_crawler_v1,https://www.threads.net/@mimmi_love/post/DTHrdhPk2LI,https://instagram.fhan4-5.fna.fbcdn.net/v/t51.2885-19/607607119_17934498900113018_6838495042443378123_n.jpg?stp=dst-jpg_s150x150_tt6&efg=eyJ2ZW5jb2RlX3RhZyI6InByb2ZpbGVfcGljLmRqYW5nby44ODIuYzIifQ&_nc_ht=instagram.fhan4-5.fna.fbcdn.net&_nc_cat=102&_nc_oc=Q6cZ2QFl4KqT1LNa0tbyeR8WwFsbZ5175AV_ZdZdhrN5urqcqYM1C1RAgltA_UKILplRofk&_nc_ohc=4W5JuxSys0UQ7kNvwHafyWJ&_nc_gid=fkNC3eaL0pAUHuWZvLE7Ng&edm=AJhczIQBAAAA&ccb=7-5&oh=00_AfpSphSAmj387oTZ4gc5jx7P34bxYCoFigs6MNCnSUxVoA&oe=6967B665&_nc_sid=4a2096,91,0,2787,491,0,[],,https://www.threads.net/@mimmi_love/post/DTHrdhPk2LI,[],"{'likes': 2787, 'reposts': 475, 'quotes': 16}",threads,3803199554897273544,Dommi D. 🌶🧿🤘🏼,,"I thought Palestine revealed people’s ignorance and lack of understanding of history, imperialism, systems, and geopolitics - but Venezuela has exposed a whole new level of ignorance and lack of literacy that is honestly overwhelming. Seeing people fall for such obvious US propaganda and misinformation is truly baffling.",threads,63452009017,mimmi_love
[],2026-01-10T14:21:12.286175+07:00,The dumbest people imaginable are treating geopolitics like a drunken game of Risk.,2026-01-05T07:51:19+07:00,,3803011157683163999,threads,threads.com,threads_crawler_v1,https://www.threads.net/@nadinejoliecourtney/post/DTHAn-qjVNf,https://instagram.fhan4-6.fna.fbcdn.net/v/t51.2885-19/464121855_914895623883620_9053464157397820390_n.jpg?stp=dst-jpg_s150x150_tt6&efg=eyJ2ZW5jb2RlX3RhZyI6InByb2ZpbGVfcGljLmRqYW5nby4xMDgwLmMyIn0&_nc_ht=instagram.fhan4-6.fna.fbcdn.net&_nc_cat=108&_nc_oc=Q6cZ2QFl4KqT1LNa0tbyeR8WwFsbZ5175AV_ZdZdhrN5urqcqYM1C1RAgltA_UKILplRofk&_nc_ohc=kWW0LX_GAE4Q7kNvwHfLLtq&_nc_gid=fkNC3eaL0pAUHuWZvLE7Ng&edm=AJhczIQBAAAA&ccb=7-5&oh=00_AfpmcN7LVTrLQqnfBc06zsBxievj12WVR2WBN8U3siEGmQ&oe=6967BA51&_nc_sid=4a2096,3,0,98,6,0,[],,https://www.threads.net/@nadinejoliecourtney/post/DTHAn-qjVNf,[],"{'likes': 98, 'reposts': 6, 'quotes': 0}",threads,3803011157683163999,Nadine Jolie Courtney,,The dumbest people imaginable are treating geopolitics like a drunken game of Risk.,threads,63058203039,nadinejoliecourtney
[],2026-01-10T14:21:12.286330+07:00,"Listen to this 2019 video of Venezuelan President Nicolas Maduro in his own words. What are your thoughts on this???

#Venezuela #NicolasMaduro #USMilitary #BreakingNews #LatinAmerica Geopolitics InternationalAffairs OilPolitics WorldNews",2026-01-04T05:32:14+07:00,,3802216335681966968,threads,threads.com,threads_crawler_v1,https://www.threads.net/@justsayjoshua/post/DTEL5y_gtN4,https://instagram.fhan3-2.fna.fbcdn.net/v/t51.2885-19/458471101_1983364358773507_3395994006634886791_n.jpg?stp=dst-jpg_s150x150_tt6&efg=eyJ2ZW5jb2RlX3RhZyI6InByb2ZpbGVfcGljLmRqYW5nby43MzMuYzIifQ&_nc_ht=instagram.fhan3-2.fna.fbcdn.net&_nc_cat=107&_nc_oc=Q6cZ2QFl4KqT1LNa0tbyeR8WwFsbZ5175AV_ZdZdhrN5urqcqYM1C1RAgltA_UKILplRofk&_nc_ohc=g2-vUJc_CygQ7kNvwGPTauy&_nc_gid=fkNC3eaL0pAUHuWZvLE7Ng&edm=AJhczIQBAAAA&ccb=7-5&oh=00_AfqIen-0CvzvrZa0iJhdRz9z0p-CCcIpcuHICI_FCitTyA&oe=6967E0E9&_nc_sid=4a2096,210,0,2294,583,0,"['https://instagram.fhan4-1.fna.fbcdn.net/v/t51.2885-15/610224186_866606182794353_471034656450819501_n.jpg?stp=dst-jpg_e15_tt6&efg=eyJ2ZW5jb2RlX3RhZyI6InRocmVhZHMuRkVFRC5pbWFnZV91cmxnZW4uNjQweDgwMC5zZHIuZjcxODc4LmRlZmF1bHRfY292ZXJfZnJhbWUuYzIifQ&_nc_ht=instagram.fhan4-1.fna.fbcdn.net&_nc_cat=105&_nc_oc=Q6cZ2QFl4KqT1LNa0tbyeR8WwFsbZ5175AV_ZdZdhrN5urqcqYM1C1RAgltA_UKILplRofk&_nc_ohc=5P2PsGDtpQ0Q7kNvwEip6Pi&_nc_gid=fkNC3eaL0pAUHuWZvLE7Ng&edm=AJhczIQBAAAA&ccb=7-5&ig_cache_key=MzgwMjIxNjMzNTY4MTk2Njk2OA%3D%3D.3-ccb7-5&oh=00_AfoCvFpjm0ndBsEBWHOYpUFOj5T_X6deYJG_jxAFDgPMig&oe=6967E7CB&_nc_sid=4a2096', 'https://instagram.fhan4-6.fna.fbcdn.net/o1/v/t2/f2/m86/AQNHPVCzcnutyjrj5jAi5d3m_RQaLwXHjy_ILZSSO819CBvqpR9RR7fTIJ4nXRbQ_BC1E7z5kL1aL5Hfku9KKjk2u1jTnj-9cXZ3dbs.mp4?_nc_cat=109&_nc_oc=AdnM_fpbDSoqaCDIl1c2ZaU2aQ2heKOkKC3-ybwYU0flgxkU4Ivb2zVx3WiA6EmW-vA&_nc_sid=5e9851&_nc_ht=instagram.fhan4-6.fna.fbcdn.net&_nc_ohc=BQPQudrLXEIQ7kNvwHiA73v&efg=eyJ2ZW5jb2RlX3RhZyI6Inhwdl9wcm9ncmVzc2l2ZS5JTlNUQUdSQU0uRkVFRC5DMy43MjAuZGFzaF9iYXNlbGluZV8xX3YxIiwieHB2X2Fzc2V0X2lkIjoxMzg0MjAwMTcwMzg3MDA2LCJhc3NldF9hZ2VfZGF5cyI6NiwidmlfdXNlY2FzZV9pZCI6MTAwOTksImR1cmF0aW9uX3MiOjE3OSwidXJsZ2VuX3NvdXJjZSI6Ind3dyJ9&ccb=17-1&_nc_gid=fkNC3eaL0pAUHuWZvLE7Ng&_nc_zt=28&vs=20192d5762d57693&_nc_vs=HBksFQIYUmlnX3hwdl9yZWVsc19wZXJtYW5lbnRfc3JfcHJvZC8yNDQ1NUI3MTdCMzJEQTk2NEQ3QUEwRjUxMEVBMTNBNl92aWRlb19kYXNoaW5pdC5tcDQVAALIARIAFQIYOnBhc3N0aHJvdWdoX2V2ZXJzdG9yZS9HTTZzVnlScUlNSWw4dllDQVBKNWgza3hPVWg2YnN0VEFRQUYVAgLIARIAKAAYABsCiAd1c2Vfb2lsATEScHJvZ3Jlc3NpdmVfcmVjaXBlATEVAAAm_Nih94a79QQVAigCQzMsF0BmeqfvnbItGBJkYXNoX2Jhc2VsaW5lXzFfdjERAHXqB2XmnQEA&oh=00_AfoBUPuvpCj-sbI7nFKg6KFWz0063-ueR2ciKHxGjB1HcQ&oe=6963E832']",,https://www.threads.net/@justsayjoshua/post/DTEL5y_gtN4,[],"{'likes': 2294, 'reposts': 516, 'quotes': 67}",threads,3802216335681966968,Joshua Isaiah,,"Listen to this 2019 video of Venezuelan President Nicolas Maduro in his own words. What are your thoughts on this???

#Venezuela #NicolasMaduro #USMilitary #BreakingNews #LatinAmerica Geopolitics InternationalAffairs OilPolitics WorldNews",threads,63234514766,justsayjoshua
[],2026-01-10T14:21:12.286537+07:00,Nicki Minaj talking about Geo-Politics…. THATS CARDI BAG,2025-11-19T03:34:57+07:00,,3768817661401813781,threads,threads.com,threads_crawler_v1,https://www.threads.net/@deante.kyle/post/DRNh7HrEtMV,https://instagram.fhan3-3.fna.fbcdn.net/v/t51.2885-19/466390638_1260806778393726_5716238311178392938_n.jpg?stp=dst-jpg_s150x150_tt6&efg=eyJ2ZW5jb2RlX3RhZyI6InByb2ZpbGVfcGljLmRqYW5nby4xMDgwLmMyIn0&_nc_ht=instagram.fhan3-3.fna.fbcdn.net&_nc_cat=1&_nc_oc=Q6cZ2QFl4KqT1LNa0tbyeR8WwFsbZ5175AV_ZdZdhrN5urqcqYM1C1RAgltA_UKILplRofk&_nc_ohc=pDobqH28yocQ7kNvwHpEYxF&_nc_gid=fkNC3eaL0pAUHuWZvLE7Ng&edm=AJhczIQBAAAA&ccb=7-5&oh=00_Afr0_kQw-6chQXD62lFkknwEK-PRfpUbOude4S7JimvTfg&oe=6967D4C7&_nc_sid=4a2096,101,0,1317,85,0,[],,https://www.threads.net/@deante.kyle/post/DRNh7HrEtMV,[],"{'likes': 1317, 'reposts': 81, 'quotes': 4}",threads,3768817661401813781,Grits & Eggs Podcast,,Nicki Minaj talking about Geo-Politics…. THATS CARDI BAG,threads,70840291287,deante.kyle
[],2026-01-10T14:21:12.286721+07:00,"Russian President Vladimir Putin has alleged that 95% of global terrorist attacks are orchestrated by the U.S. Central Intelligence Agency (CIA). The claim, reported by Brics News, adds fuel to ongoing tensions surrounding intelligence operations and could further strain international diplomatic relations.

#Putin #Russia #CIA #Terrorism #GlobalNews #Brics #Geopolitics #Intelligence #Diplomacy #WorldNews #BreakingNews",2025-08-30T20:02:35+07:00,,3710607912579151449,threads,threads.com,threads_crawler_v1,https://www.threads.net/@observerdiplomatmag/post/DN-ujyiCLZZ,https://instagram.fhan3-4.fna.fbcdn.net/v/t51.2885-19/358385059_6571221322942816_8081785947465930083_n.jpg?stp=dst-jpg_s150x150_tt6&efg=eyJ2ZW5jb2RlX3RhZyI6InByb2ZpbGVfcGljLmRqYW5nby4zMjAuYzIifQ&_nc_ht=instagram.fhan3-4.fna.fbcdn.net&_nc_cat=104&_nc_oc=Q6cZ2QFl4KqT1LNa0tbyeR8WwFsbZ5175AV_ZdZdhrN5urqcqYM1C1RAgltA_UKILplRofk&_nc_ohc=puSsL5VFJm4Q7kNvwEa3u7m&_nc_gid=fkNC3eaL0pAUHuWZvLE7Ng&edm=AJhczIQBAAAA&ccb=7-5&oh=00_AfocPhIQ6FknItrjId12ryCC-TrqACirm5uWcupq6A-UAQ&oe=6967E0C4&_nc_sid=4a2096,8,0,144,4,0,['https://instagram.fhan4-5.fna.fbcdn.net/v/t51.2885-15/539857697_17991778544834786_2757092204322188442_n.jpg?stp=dst-jpg_e35_tt6&efg=eyJ2ZW5jb2RlX3RhZyI6InRocmVhZHMuRkVFRC5pbWFnZV91cmxnZW4uMTA4MHgxMDgwLnNkci5mODI3ODcuZGVmYXVsdF9pbWFnZS5jMiJ9&_nc_ht=instagram.fhan4-5.fna.fbcdn.net&_nc_cat=102&_nc_oc=Q6cZ2QFl4KqT1LNa0tbyeR8WwFsbZ5175AV_ZdZdhrN5urqcqYM1C1RAgltA_UKILplRofk&_nc_ohc=sCSZV5E7AoAQ7kNvwF52o4w&_nc_gid=fkNC3eaL0pAUHuWZvLE7Ng&edm=AJhczIQBAAAA&ccb=7-5&ig_cache_key=MzcxMDYwNzkxMjU3OTE1MTQ0OQ%3D%3D.3-ccb7-5&oh=00_AfrL69Mdb2EHG05bFY4yVH2nTTMXNWbUcZ_A1qi-GM2-tg&oe=6967C376&_nc_sid=4a2096'],,https://www.threads.net/@observerdiplomatmag/post/DN-ujyiCLZZ,[],"{'likes': 144, 'reposts': 4, 'quotes': 0}",threads,3710607912579151449,Observer Diplomat,,"Russian President Vladimir Putin has alleged that 95% of global terrorist attacks are orchestrated by the U.S. Central Intelligence Agency (CIA). The claim, reported by Brics News, adds fuel to ongoing tensions surrounding intelligence operations and could further strain international diplomatic relations.

#Putin #Russia #CIA #Terrorism #GlobalNews #Brics #Geopolitics #Intelligence #Diplomacy #WorldNews #BreakingNews",threads,63301236291,observerdiplomatmag
[],2026-01-10T14:21:12.286881+07:00,"Global tensions rising 🌍🔥 When world leaders clash, the impact goes far beyond borders. Power, warnings, and geopolitics at play.

Hashtags:
#WorldPolitics #GlobalTensions #Geopolitics #BreakingNews #InternationalRelations",2026-01-04T11:49:14+07:00,,3802406123392289362,threads,threads.com,threads_crawler_v1,https://www.threads.net/@the.financial.info/post/DTE3DkkkUpS,https://instagram.fhan3-3.fna.fbcdn.net/v/t51.2885-19/563045984_17862413670492141_5974254754237380257_n.jpg?stp=dst-jpg_s150x150_tt6&efg=eyJ2ZW5jb2RlX3RhZyI6InByb2ZpbGVfcGljLmRqYW5nby40OTMuYzIifQ&_nc_ht=instagram.fhan3-3.fna.fbcdn.net&_nc_cat=1&_nc_oc=Q6cZ2QFl4KqT1LNa0tbyeR8WwFsbZ5175AV_ZdZdhrN5urqcqYM1C1RAgltA_UKILplRofk&_nc_ohc=o-LZSZ2XOdkQ7kNvwE803z1&_nc_gid=fkNC3eaL0pAUHuWZvLE7Ng&edm=AJhczIQBAAAA&ccb=7-5&oh=00_AfogKJ2Pz8ag5lbpXXZ7eJSM8o2Nx9ocQp_MDVUzBmO1oA&oe=6967DDBD&_nc_sid=4a2096,19,0,242,9,0,['https://instagram.fhan4-6.fna.fbcdn.net/v/t51.2885-15/610534769_17871766197492141_7888895081258820693_n.jpg?stp=dst-jpg_e35_tt6&efg=eyJ2ZW5jb2RlX3RhZyI6InRocmVhZHMuRkVFRC5pbWFnZV91cmxnZW4uMTQ0MHgxODAwLnNkci5mODI3ODcuZGVmYXVsdF9pbWFnZS5jMiJ9&_nc_ht=instagram.fhan4-6.fna.fbcdn.net&_nc_cat=109&_nc_oc=Q6cZ2QFl4KqT1LNa0tbyeR8WwFsbZ5175AV_ZdZdhrN5urqcqYM1C1RAgltA_UKILplRofk&_nc_ohc=shjv_y0Fo6kQ7kNvwFag7Qf&_nc_gid=fkNC3eaL0pAUHuWZvLE7Ng&edm=AJhczIQBAAAA&ccb=7-5&ig_cache_key=MzgwMjQwNjEyMzM5MjI4OTM2Mg%3D%3D.3-ccb7-5&oh=00_AfpDVQNEGGiFcv6W2gn3XiItA7JbMlbk0iO0K0F852Agdw&oe=6967BCF8&_nc_sid=4a2096'],,https://www.threads.net/@the.financial.info/post/DTE3DkkkUpS,[],"{'likes': 242, 'reposts': 6, 'quotes': 3}",threads,3802406123392289362,Santosh | Finance,,"Global tensions rising 🌍🔥 When world leaders clash, the impact goes far beyond borders. Power, warnings, and geopolitics at play.

Hashtags:
#WorldPolitics #GlobalTensions #Geopolitics #BreakingNews #InternationalRelations",threads,74825823128,the.financial.info
[],2026-01-10T14:21:12.287026+07:00,"The number of white people who are trying to explain Nigerian geopolitics to me, a Nigerian who was born in Nigeria to two Nigerian parents and — unlike some of my diaspora brethren — actually travels to Nigeria for reasons other than weddings and detty December — is astounding.

Anyways, the hide for everyone button is working overtime.",2025-12-27T03:13:06+07:00,,3796348140304101426,threads,threads.com,threads_crawler_v1,https://www.threads.net/@ijeomakola/post/DSvVoUKinAy,https://instagram.fhan4-3.fna.fbcdn.net/v/t51.2885-19/392890460_770640718114606_5479404096098986179_n.jpg?stp=dst-jpg_s150x150_tt6&efg=eyJ2ZW5jb2RlX3RhZyI6InByb2ZpbGVfcGljLmRqYW5nby4xMDgwLmMyIn0&_nc_ht=instagram.fhan4-3.fna.fbcdn.net&_nc_cat=110&_nc_oc=Q6cZ2QFl4KqT1LNa0tbyeR8WwFsbZ5175AV_ZdZdhrN5urqcqYM1C1RAgltA_UKILplRofk&_nc_ohc=6ocIfx0A5d0Q7kNvwEy-hKK&_nc_gid=fkNC3eaL0pAUHuWZvLE7Ng&edm=AJhczIQBAAAA&ccb=7-5&oh=00_AfrFwGbRlkgSD947aO5z2MsMVhfJxdEMaUgn1TAFdlLPYg&oe=6967C3DC&_nc_sid=4a2096,106,0,1431,61,0,[],,https://www.threads.net/@ijeomakola/post/DSvVoUKinAy,[],"{'likes': 1431, 'reposts': 58, 'quotes': 3}",threads,3796348140304101426,Dr. Ijeoma Kola,,"The number of white people who are trying to explain Nigerian geopolitics to me, a Nigerian who was born in Nigeria to two Nigerian parents and — unlike some of my diaspora brethren — actually travels to Nigeria for reasons other than weddings and detty December — is astounding.

Anyways, the hide for everyone button is working overtime.",threads,63083602959,ijeomakola
[],2026-01-10T14:21:12.287171+07:00,"If oil shaped geopolitics, can payments protocols do it too? An India-made standard other countries plug into is soft power by design. Should UPI be an export, not just a success?",2025-10-30T10:56:19+07:00,,3754544292166890567,threads,threads.com,threads_crawler_v1,https://www.threads.net/@nikhilkamathcio/post/DQa0iQsE_RH,https://instagram.fhan3-3.fna.fbcdn.net/v/t51.2885-19/482620664_1597884550904893_1716122961439352134_n.jpg?stp=dst-jpg_s150x150_tt6&efg=eyJ2ZW5jb2RlX3RhZyI6InByb2ZpbGVfcGljLmRqYW5nby4xMDgwLmMyIn0&_nc_ht=instagram.fhan3-3.fna.fbcdn.net&_nc_cat=101&_nc_oc=Q6cZ2QEcme4SMgGAC0z2vnATJAFAMftXFO3ZB28x6s8DmPU9Tjp0fGRytOVchEsSD4vkKc4&_nc_ohc=5DjdT6lePpwQ7kNvwFxDihr&_nc_gid=5MPEvS5cqoZC8ZfYRbYvug&edm=AJhczIQBAAAA&ccb=7-5&oh=00_AfpV6mrpyKHa79bpfHTGGC-YizcyN3reFt9lofhraQDO5A&oe=6967B9CE&_nc_sid=4a2096,53,0,73,1,0,['https://instagram.fhan4-6.fna.fbcdn.net/v/t51.2885-15/573045566_17931455901108393_9218869571496270108_n.jpg?stp=dst-jpg_e35_tt6&efg=eyJ2ZW5jb2RlX3RhZyI6InRocmVhZHMuQ0FST1VTRUxfSVRFTS5pbWFnZV91cmxnZW4uMTA4MHgxMzUwLnNkci5mODI3ODcuZGVmYXVsdF9pbWFnZS5jMiJ9&_nc_ht=instagram.fhan4-6.fna.fbcdn.net&_nc_cat=109&_nc_oc=Q6cZ2QEcme4SMgGAC0z2vnATJAFAMftXFO3ZB28x6s8DmPU9Tjp0fGRytOVchEsSD4vkKc4&_nc_ohc=AHwhxFiBkZcQ7kNvwHKaA6S&_nc_gid=5MPEvS5cqoZC8ZfYRbYvug&edm=AJhczIQBAAAA&ccb=7-5&ig_cache_key=Mzc1NDU0NDI4NTM4ODg1NTM1OQ%3D%3D.3-ccb7-5&oh=00_Afre2Oup2xugXCgUB9VYphHIIRRZDg47gACQTm4e3_b1Sw&oe=6967BFEC&_nc_sid=4a2096'],,https://www.threads.net/@nikhilkamathcio/post/DQa0iQsE_RH,[],"{'likes': 73, 'reposts': 1, 'quotes': 0}",threads,3754544292166890567,Nikhil Kamath,,"If oil shaped geopolitics, can payments protocols do it too? An India-made standard other countries plug into is soft power by design. Should UPI be an export, not just a success?",threads,63244644392,nikhilkamathcio
[],2026-01-10T14:21:12.287350+07:00,"Stay in your limit.🇧🇩
. 
. 
. 
. 
. 
. 

[India, Bangladesh, War, Threat, Geopolitics, Politics]

. 
.
. 
. 
. 
. 

#explore #explorepage #india #bangladesh #narendramodi",2025-12-19T21:27:40+07:00,,3791100830138207531,threads,threads.com,threads_crawler_v1,https://www.threads.net/@abhisekh.official/post/DScsh5wE40r,https://instagram.fhan4-1.fna.fbcdn.net/v/t51.2885-19/358793419_1967530510265645_919313171490287955_n.jpg?stp=dst-jpg_s150x150_tt6&efg=eyJ2ZW5jb2RlX3RhZyI6InByb2ZpbGVfcGljLmRqYW5nby45NTkuYzIifQ&_nc_ht=instagram.fhan4-1.fna.fbcdn.net&_nc_cat=105&_nc_oc=Q6cZ2QEcme4SMgGAC0z2vnATJAFAMftXFO3ZB28x6s8DmPU9Tjp0fGRytOVchEsSD4vkKc4&_nc_ohc=Qmep_9ohNa4Q7kNvwHIEWt1&_nc_gid=5MPEvS5cqoZC8ZfYRbYvug&edm=AJhczIQBAAAA&ccb=7-5&oh=00_AfrZOltAyRKOU84VszhQsOb9pbpSPy00IxWyHcdu1D7SwA&oe=6967DB12&_nc_sid=4a2096,9,0,164,2,0,"['https://instagram.fhan3-2.fna.fbcdn.net/v/t51.2885-15/602462496_18513898624068043_5393565457960328249_n.jpg?stp=dst-jpg_e15_tt6&efg=eyJ2ZW5jb2RlX3RhZyI6InRocmVhZHMuRkVFRC5pbWFnZV91cmxnZW4uNjMweDExMjAuc2RyLmY4Mjc4Ny5kZWZhdWx0X2NvdmVyX2ZyYW1lLmMyIn0&_nc_ht=instagram.fhan3-2.fna.fbcdn.net&_nc_cat=107&_nc_oc=Q6cZ2QEcme4SMgGAC0z2vnATJAFAMftXFO3ZB28x6s8DmPU9Tjp0fGRytOVchEsSD4vkKc4&_nc_ohc=4jPHm0AznvAQ7kNvwGQ6Tj2&_nc_gid=5MPEvS5cqoZC8ZfYRbYvug&edm=AJhczIQBAAAA&ccb=7-5&ig_cache_key=Mzc5MTEwMDgzMDEzODIwNzUzMQ%3D%3D.3-ccb7-5&oh=00_Afqbbd6J-ZzxPK7vGB0CDOU-Oh9R3aQ5G_bQCLK3zElz4w&oe=6967D871&_nc_sid=4a2096', 'https://instagram.fhan3-4.fna.fbcdn.net/o1/v/t2/f2/m86/AQPfNObVyBfWKmN43h0F6LeBKdg1iGMtIHtn7kcT8PURt5y6-OCSM0oviJIpji537Jq_DdTct-wBwdulO_qUxsCevtUsAvp0TrkRclA.mp4?_nc_cat=104&_nc_oc=AdkYvO2BR5YHrTEzgDiSVEulL3TxjeSvyEVrTEJlBSlItlOEFWR34KTa7kzZoDnuXw0&_nc_sid=5e9851&_nc_ht=instagram.fhan3-4.fna.fbcdn.net&_nc_ohc=Yjh1qvEB-T4Q7kNvwFrbM9k&efg=eyJ2ZW5jb2RlX3RhZyI6Inhwdl9wcm9ncmVzc2l2ZS5JTlNUQUdSQU0uRkVFRC5DMy43MjAuZGFzaF9iYXNlbGluZV8xX3YxIiwieHB2X2Fzc2V0X2lkIjo4Nzg5OTAwNTc5NzI0NDYsImFzc2V0X2FnZV9kYXlzIjoyMSwidmlfdXNlY2FzZV9pZCI6MTAwOTksImR1cmF0aW9uX3MiOjEwLCJ1cmxnZW5fc291cmNlIjoid3d3In0%3D&ccb=17-1&_nc_gid=5MPEvS5cqoZC8ZfYRbYvug&_nc_zt=28&vs=e4f3b71037c503c8&_nc_vs=HBksFQIYUmlnX3hwdl9yZWVsc19wZXJtYW5lbnRfc3JfcHJvZC8xRjQ0N0ExMTc2M0FDMEY3MzcwOTVDNTU1NEZGNTg5MV92aWRlb19kYXNoaW5pdC5tcDQVAALIARIAFQIYOnBhc3N0aHJvdWdoX2V2ZXJzdG9yZS9HT0E3cUNOaGlVb1A2SUFHQUpvSWgzS0JHNFFFYnN0VEFRQUYVAgLIARIAKAAYABsCiAd1c2Vfb2lsATEScHJvZ3Jlc3NpdmVfcmVjaXBlATEVAAAmvIvVovrbjwMVAigCQzMsF0Akd0vGp--eGBJkYXNoX2Jhc2VsaW5lXzFfdjERAHXqB2XmnQEA&oh=00_AfpinuofOx3qC5NSUpUTqxlGb95R5yg4E5HnIvr-UN_vIA&oe=6963ED01']",,https://www.threads.net/@abhisekh.official/post/DScsh5wE40r,[],"{'likes': 164, 'reposts': 1, 'quotes': 1}",threads,3791100830138207531,Abhisekh Panda,,"Stay in your limit.🇧🇩
. 
. 
. 
. 
. 
. 

[India, Bangladesh, War, Threat, Geopolitics, Politics]

. 
.
. 
. 
. 
. 

#explore #explorepage #india #bangladesh #narendramodi",threads,63221413196,abhisekh.official
[],2026-01-10T14:21:12.287561+07:00,"Indian men discussing geopolitics is pure fiction.
They debate countries they’ve never visited, cultures they’ve never lived in, and people they’ve never met—yet speak with absolute authority.",2025-12-24T21:48:37+07:00,,3794735271066675953,threads,threads.com,threads_crawler_v1,https://www.threads.net/@parmitajoshi/post/DSpm5-okyrx,https://instagram.fhan3-2.fna.fbcdn.net/v/t51.2885-19/481219889_1300657014539887_3327444999949476112_n.jpg?stp=dst-jpg_s150x150_tt6&efg=eyJ2ZW5jb2RlX3RhZyI6InByb2ZpbGVfcGljLmRqYW5nby4xMDgwLmMyIn0&_nc_ht=instagram.fhan3-2.fna.fbcdn.net&_nc_cat=107&_nc_oc=Q6cZ2QEcme4SMgGAC0z2vnATJAFAMftXFO3ZB28x6s8DmPU9Tjp0fGRytOVchEsSD4vkKc4&_nc_ohc=mVLe4OWoBe0Q7kNvwE2j79C&_nc_gid=5MPEvS5cqoZC8ZfYRbYvug&edm=AJhczIQBAAAA&ccb=7-5&oh=00_AfrlcmUaSBshpuU6M006jmTxWl38V-PTcCbbMtpZbh9qWg&oe=6967CEDD&_nc_sid=4a2096,376,0,473,14,0,[],,https://www.threads.net/@parmitajoshi/post/DSpm5-okyrx,[],"{'likes': 473, 'reposts': 11, 'quotes': 3}",threads,3794735271066675953,,India,"Indian men discussing geopolitics is pure fiction.
They debate countries they’ve never visited, cultures they’ve never lived in, and people they’ve never met—yet speak with absolute authority.",threads,72809272949,parmitajoshi
[],2026-01-10T14:21:12.287767+07:00,"U.S. forces seize the oil tanker Marinera in the Atlantic, a move tied to Russian flag and Venezuelan oil shipments. 🚢⚡️ 
Tensions rise as investigations unfold—what does this mean for global markets and security? #Oil #Geopolitics #USNews #Russia #Venezuela #AtlanticWatch",2026-01-07T20:30:45+07:00,,3804842939432720330,threads,threads.com,threads_crawler_v1,https://www.threads.net/@ceanmedia/post/DTNhH6XClfK,https://instagram.fhan4-1.fna.fbcdn.net/v/t51.2885-19/516231298_18054533744527829_2727005556179792588_n.jpg?stp=dst-jpg_s150x150_tt6&efg=eyJ2ZW5jb2RlX3RhZyI6InByb2ZpbGVfcGljLmRqYW5nby4xMDI0LmMyIn0&_nc_ht=instagram.fhan4-1.fna.fbcdn.net&_nc_cat=105&_nc_oc=Q6cZ2QEcme4SMgGAC0z2vnATJAFAMftXFO3ZB28x6s8DmPU9Tjp0fGRytOVchEsSD4vkKc4&_nc_ohc=MPLTYR0OGMUQ7kNvwH3QJc5&_nc_gid=5MPEvS5cqoZC8ZfYRbYvug&edm=AJhczIQBAAAA&ccb=7-5&oh=00_Afpv536-UKJP2ufqyFhyHkBab3zvzfZbC_Fh1GRlfovqvA&oe=6967E128&_nc_sid=4a2096,3,0,3,1,0,['https://instagram.fhan4-5.fna.fbcdn.net/v/t51.2885-15/612137952_17938764561110690_8304562202221315676_n.jpg?stp=dst-jpg_e35_tt6&efg=eyJ2ZW5jb2RlX3RhZyI6InRocmVhZHMuRkVFRC5pbWFnZV91cmxnZW4uNDczeDEwMjQuc2RyLmY4Mjc4Ny5kZWZhdWx0X2ltYWdlLmMyIn0&_nc_ht=instagram.fhan4-5.fna.fbcdn.net&_nc_cat=102&_nc_oc=Q6cZ2QEcme4SMgGAC0z2vnATJAFAMftXFO3ZB28x6s8DmPU9Tjp0fGRytOVchEsSD4vkKc4&_nc_ohc=MTniM8Uqw2EQ7kNvwFAUDs7&_nc_gid=5MPEvS5cqoZC8ZfYRbYvug&edm=AJhczIQBAAAA&ccb=7-5&ig_cache_key=MzgwNDg0MjkzOTQzMjcyMDMzMA%3D%3D.3-ccb7-5&oh=00_Afql3fRGH1ZMBmzAkMTTpeJJvGEfgXDWybAwXB4q-QpU9g&oe=6967D9E8&_nc_sid=4a2096'],,https://www.threads.net/@ceanmedia/post/DTNhH6XClfK,[],"{'likes': 3, 'reposts': 1, 'quotes': 0}",threads,3804842939432720330,CEAN,,"U.S. forces seize the oil tanker Marinera in the Atlantic, a move tied to Russian flag and Venezuelan oil shipments. 🚢⚡️ 
Tensions rise as investigations unfold—what does this mean for global markets and security? #Oil #Geopolitics #USNews #Russia #Venezuela #AtlanticWatch",threads,63158934689,ceanmedia
[],2026-01-10T14:21:12.287968+07:00,"1/6
Right now, Carnival is being impacted by geopolitics. As talk about what will happen to Trinidad Carnival brews, there are folks unable to fly home after St. Kitts carnival right now! 

Travel anxiety. 
Flight uncertainty. 
Regional ripple effects.

These aren’t hypotheticals.",2026-01-05T06:59:57+07:00,,3802985297987350397,threads,threads.com,threads_crawler_v1,https://www.threads.net/@mas4ward/post/DTG6vq8ka99,https://instagram.fhan4-5.fna.fbcdn.net/v/t51.2885-19/564360515_17843975850595815_4665263893597565267_n.jpg?stp=dst-jpg_s150x150_tt6&efg=eyJ2ZW5jb2RlX3RhZyI6InByb2ZpbGVfcGljLmRqYW5nby4xMDgwLmMyIn0&_nc_ht=instagram.fhan4-5.fna.fbcdn.net&_nc_cat=103&_nc_oc=Q6cZ2QEcme4SMgGAC0z2vnATJAFAMftXFO3ZB28x6s8DmPU9Tjp0fGRytOVchEsSD4vkKc4&_nc_ohc=mJMjcyyIyOgQ7kNvwEH67U6&_nc_gid=5MPEvS5cqoZC8ZfYRbYvug&edm=AJhczIQBAAAA&ccb=7-5&oh=00_Afo5H3fWXpGLitINxXwtqtg9WTJdkhJAAd9_DYhXA7tnFw&oe=6967EB3D&_nc_sid=4a2096,5,0,3,1,0,[],,https://www.threads.net/@mas4ward/post/DTG6vq8ka99,[],"{'likes': 3, 'reposts': 1, 'quotes': 0}",threads,3802985297987350397,,,"1/6
Right now, Carnival is being impacted by geopolitics. As talk about what will happen to Trinidad Carnival brews, there are folks unable to fly home after St. Kitts carnival right now! 

Travel anxiety. 
Flight uncertainty. 
Regional ripple effects.

These aren’t hypotheticals.",threads,77830515814,mas4ward
[],2026-01-10T14:21:12.288131+07:00,"EUROPEAN COUNTRIES NOT IN THE EUROPEAN UNION

Do you think the EU is a good idea? 

#geosimplified #geography #geo #politics #geopolitics #eu #europeanunion #uk #brexit #russia #geopolitics #instagram #fyp #explore",2025-12-27T21:21:25+07:00,,3796895910575830139,threads,threads.com,threads_crawler_v1,https://www.threads.net/@geo.simplified/post/DSxSLa_AXR7,https://instagram.fhan4-5.fna.fbcdn.net/v/t51.2885-19/571520389_17847127530594326_5284188021284242971_n.jpg?stp=dst-jpg_s150x150_tt6&efg=eyJ2ZW5jb2RlX3RhZyI6InByb2ZpbGVfcGljLmRqYW5nby41MDAuYzIifQ&_nc_ht=instagram.fhan4-5.fna.fbcdn.net&_nc_cat=102&_nc_oc=Q6cZ2QEcme4SMgGAC0z2vnATJAFAMftXFO3ZB28x6s8DmPU9Tjp0fGRytOVchEsSD4vkKc4&_nc_ohc=0wCauMp1H8EQ7kNvwFMw61J&_nc_gid=5MPEvS5cqoZC8ZfYRbYvug&edm=AJhczIQBAAAA&ccb=7-5&oh=00_Afr8dBaG8Ngtox264D2S6rwA3EATcJxztYPQaZHpcuZwhg&oe=6967BE39&_nc_sid=4a2096,91,0,88,5,0,['https://instagram.fhan3-3.fna.fbcdn.net/v/t51.2885-15/604479029_17905517532304561_1247875349932058875_n.jpg?stp=dst-jpg_e35_tt6&efg=eyJ2ZW5jb2RlX3RhZyI6InRocmVhZHMuQ0FST1VTRUxfSVRFTS5pbWFnZV91cmxnZW4uMTA4MHgxMzUwLnNkci5mODI3ODcuZGVmYXVsdF9pbWFnZS5jMiJ9&_nc_ht=instagram.fhan3-3.fna.fbcdn.net&_nc_cat=101&_nc_oc=Q6cZ2QEcme4SMgGAC0z2vnATJAFAMftXFO3ZB28x6s8DmPU9Tjp0fGRytOVchEsSD4vkKc4&_nc_ohc=C-FyNxr1Hd0Q7kNvwFhzRaA&_nc_gid=5MPEvS5cqoZC8ZfYRbYvug&edm=AJhczIQBAAAA&ccb=7-5&ig_cache_key=Mzc5Njg5NTkwNjMzOTU4ODk5OA%3D%3D.3-ccb7-5&oh=00_Afr0qbNfMcamWF7tBhuae__yFluDt0VJSK1wmqgMCxynIw&oe=6967E1C0&_nc_sid=4a2096'],,https://www.threads.net/@geo.simplified/post/DSxSLa_AXR7,[],"{'likes': 88, 'reposts': 5, 'quotes': 0}",threads,3796895910575830139,,,"EUROPEAN COUNTRIES NOT IN THE EUROPEAN UNION

Do you think the EU is a good idea? 

#geosimplified #geography #geo #politics #geopolitics #eu #europeanunion #uk #brexit #russia #geopolitics #instagram #fyp #explore",threads,77913666325,geo.simplified
[],2026-01-10T14:21:12.288295+07:00,"A Bangladeshi gas-laden truck heading towards India was stopped by local residents in Bodhjungnagar, Wakkinagar,Tripura, as tensions escalate following recent cross-border threats targeting India’s Northeast — the Seven Sisters.

#Tripura #NortheastIndia #SevenSisters
#IndiaFirst #BorderSecurity #NationalSecurity
#TripuraNews #NortheastAlert #IndiaBangladesh
#BreakingNews #IndianSovereignty
#NortheastStands #TrueNationalists
#BorderTension #IndianNews
#Geopolitics #SouthAsia",2025-12-28T00:30:29+07:00,,3796990822400092485,threads,threads.com,threads_crawler_v1,https://www.threads.net/@tiyari.haduk/post/DSxnwkgk2lF,https://instagram.fhan4-5.fna.fbcdn.net/v/t51.2885-19/608849206_18082449929518502_7621931584758753691_n.jpg?stp=dst-jpg_s150x150_tt6&efg=eyJ2ZW5jb2RlX3RhZyI6InByb2ZpbGVfcGljLmRqYW5nby4xMDgwLmMyIn0&_nc_ht=instagram.fhan4-5.fna.fbcdn.net&_nc_cat=102&_nc_oc=Q6cZ2QEcme4SMgGAC0z2vnATJAFAMftXFO3ZB28x6s8DmPU9Tjp0fGRytOVchEsSD4vkKc4&_nc_ohc=2lsCwYJHkaoQ7kNvwFt_06c&_nc_gid=5MPEvS5cqoZC8ZfYRbYvug&edm=AJhczIQBAAAA&ccb=7-5&oh=00_Afr7nItAl_WdDKCv0ubGlN3XLcQRnzybD3wlyvNgfqtyUw&oe=6967B5C5&_nc_sid=4a2096,71,0,5449,117,0,"['https://instagram.fhan4-6.fna.fbcdn.net/v/t51.2885-15/606096724_2004430190125676_3323287805912136913_n.jpg?stp=dst-jpg_e15_tt6&efg=eyJ2ZW5jb2RlX3RhZyI6InRocmVhZHMuRkVFRC5pbWFnZV91cmxnZW4uNjQweDExMzYuc2RyLmY3MTg3OC5kZWZhdWx0X2NvdmVyX2ZyYW1lLmMyIn0&_nc_ht=instagram.fhan4-6.fna.fbcdn.net&_nc_cat=108&_nc_oc=Q6cZ2QEcme4SMgGAC0z2vnATJAFAMftXFO3ZB28x6s8DmPU9Tjp0fGRytOVchEsSD4vkKc4&_nc_ohc=NBA3XcJhKTEQ7kNvwFck7Me&_nc_gid=5MPEvS5cqoZC8ZfYRbYvug&edm=AJhczIQBAAAA&ccb=7-5&ig_cache_key=Mzc5Njk5MDgyMjQwMDA5MjQ4NQ%3D%3D.3-ccb7-5&oh=00_Afou7aVpvP7H2MvfMeeY1OSEoZb60KjUNmr7F6ZBoyRNLQ&oe=6967DF62&_nc_sid=4a2096', 'https://instagram.fhan4-6.fna.fbcdn.net/o1/v/t16/f2/m84/AQOTA3cU-vQfsZMMl4-4QamZ7KI7NmHFGM6A0yv2biQXiledrFETYgCi7oYSO1OTh6KBU-cwh_4qc4Ogus08CUP_BFc6SnBxoEVtwpo.mp4?_nc_cat=108&_nc_oc=AdkTDDSJufTNqHe6bekMNtGImL2vv0PADgBBrW1d_zewmgcgrQwwTes_HmlN9TLkvrI&_nc_sid=5e9851&_nc_ht=instagram.fhan4-6.fna.fbcdn.net&_nc_ohc=8CpNLBMzapMQ7kNvwHpjBQz&efg=eyJ2ZW5jb2RlX3RhZyI6Inhwdl9wcm9ncmVzc2l2ZS5JTlNUQUdSQU0uRkVFRC5DMy43MjAuZGFzaF9iYXNlbGluZV8xX3YxIiwieHB2X2Fzc2V0X2lkIjoxNjEwNDY5NTcwMzY2NjY0LCJhc3NldF9hZ2VfZGF5cyI6MTMsInZpX3VzZWNhc2VfaWQiOjEwMTY0LCJkdXJhdGlvbl9zIjozNywidXJsZ2VuX3NvdXJjZSI6Ind3dyJ9&ccb=17-1&_nc_gid=5MPEvS5cqoZC8ZfYRbYvug&_nc_zt=28&vs=517fde5b7107e05d&_nc_vs=HBksFQIYTGlnX2JhY2tmaWxsX3RpbWVsaW5lX3ZvZC9GNDRFNUI3NkRFRDg4QTZENUM1NjE4QThCQkQ0NjFBMV92aWRlb19kYXNoaW5pdC5tcDQVAALIARIAFQIYOnBhc3N0aHJvdWdoX2V2ZXJzdG9yZS9HRlVhUGlRT2t5aVRrdVVFQU9RLXBiWlBQOW9xYnNwVEFRQUYVAgLIARIAKAAYABsCiAd1c2Vfb2lsATEScHJvZ3Jlc3NpdmVfcmVjaXBlATEVAAAmkLPOqtWt3AUVAigCQzMsF0BCrtkWhysCGBJkYXNoX2Jhc2VsaW5lXzFfdjERAHXqB2XongEA&oh=00_Afp3nYminQieICdOrmDroUo1igy1KA0jxAQaK9MJbm_ISQ&oe=6963C550']",,https://www.threads.net/@tiyari.haduk/post/DSxnwkgk2lF,[],"{'likes': 5449, 'reposts': 115, 'quotes': 2}",threads,3796990822400092485,Tiyari Haduk,,"A Bangladeshi gas-laden truck heading towards India was stopped by local residents in Bodhjungnagar, Wakkinagar,Tripura, as tensions escalate following recent cross-border threats targeting India’s Northeast — the Seven Sisters.

#Tripura #NortheastIndia #SevenSisters
#IndiaFirst #BorderSecurity #NationalSecurity
#TripuraNews #NortheastAlert #IndiaBangladesh
#BreakingNews #IndianSovereignty
#NortheastStands #TrueNationalists
#BorderTension #IndianNews
#Geopolitics #SouthAsia",threads,63413715021,tiyari.haduk
[],2026-01-10T14:21:12.288528+07:00,A little morning routine featuring Trump and Maduro #Venezuela #Trump #Maduro #MorningRoutine #PoliticalSatire  Satire Trending Music Dance Reels Funny WorldLeaders USPolitics VenezuelanPolitics Geopolitics Humor Viral,2026-01-06T05:52:57+07:00,,3803676336683354973,threads,threads.com,threads_crawler_v1,https://www.threads.net/@winwithbenjie/post/DTJX3m4kgtd,https://instagram.fhan3-2.fna.fbcdn.net/v/t51.2885-19/358513237_664415212214071_4456754815965066039_n.jpg?stp=dst-jpg_s150x150_tt6&efg=eyJ2ZW5jb2RlX3RhZyI6InByb2ZpbGVfcGljLmRqYW5nby4yMDAuYzIifQ&_nc_ht=instagram.fhan3-2.fna.fbcdn.net&_nc_cat=107&_nc_oc=Q6cZ2QEcme4SMgGAC0z2vnATJAFAMftXFO3ZB28x6s8DmPU9Tjp0fGRytOVchEsSD4vkKc4&_nc_ohc=7HMBlJL-Oz0Q7kNvwFFqc-U&_nc_gid=5MPEvS5cqoZC8ZfYRbYvug&edm=AJhczIQBAAAA&ccb=7-5&oh=00_AfqVEp_42tShhl92G4y6IJbwqA_bBq0VG3qJFhmAfKImMA&oe=6967C36A&_nc_sid=4a2096,0,0,2,1,0,"['https://instagram.fhan4-6.fna.fbcdn.net/v/t51.2885-15/610853959_1291811952990873_7415362490356771930_n.jpg?stp=dst-jpg_e15_tt6&efg=eyJ2ZW5jb2RlX3RhZyI6InRocmVhZHMuRkVFRC5pbWFnZV91cmxnZW4uNjQweDExMzguc2RyLmY3MTg3OC5kZWZhdWx0X2NvdmVyX2ZyYW1lLmMyIn0&_nc_ht=instagram.fhan4-6.fna.fbcdn.net&_nc_cat=109&_nc_oc=Q6cZ2QEcme4SMgGAC0z2vnATJAFAMftXFO3ZB28x6s8DmPU9Tjp0fGRytOVchEsSD4vkKc4&_nc_ohc=71J-OD0oAvoQ7kNvwGi799Q&_nc_gid=5MPEvS5cqoZC8ZfYRbYvug&edm=AJhczIQBAAAA&ccb=7-5&ig_cache_key=MzgwMzY3NjMzNjY4MzM1NDk3Mw%3D%3D.3-ccb7-5&oh=00_AfolKU1u7uVVW21Qjpd7y5NKoibWh5I8rUujXRLLnnBr4w&oe=6967E118&_nc_sid=4a2096', 'https://instagram.fhan3-4.fna.fbcdn.net/o1/v/t2/f2/m86/AQMNvGj5jMIoYK67qm7EKEOlRcByglK82a-BGzrUiBhPkXwyXjB_iY5IKGTIeptSxKSswgDz_na_BK3o0wg1VY1oW0QEsmIjPvD2KJI.mp4?_nc_cat=106&_nc_oc=AdnshFCKrpmqCiTCTEs0m4GRDaF5bWwxopBKbp6pANyFtax46QsnRg2o3dquhtE6JK0&_nc_sid=5e9851&_nc_ht=instagram.fhan3-4.fna.fbcdn.net&_nc_ohc=wJpwm4Hns_gQ7kNvwHw2kaR&efg=eyJ2ZW5jb2RlX3RhZyI6Inhwdl9wcm9ncmVzc2l2ZS5JTlNUQUdSQU0uRkVFRC5DMy43MjAuZGFzaF9iYXNlbGluZV8xX3YxIiwieHB2X2Fzc2V0X2lkIjoxNTkzODUxODEyMDM2NjMxLCJhc3NldF9hZ2VfZGF5cyI6NCwidmlfdXNlY2FzZV9pZCI6MTAwOTksImR1cmF0aW9uX3MiOjE0LCJ1cmxnZW5fc291cmNlIjoid3d3In0%3D&ccb=17-1&_nc_gid=5MPEvS5cqoZC8ZfYRbYvug&_nc_zt=28&vs=97c03b7ff4c9e1b5&_nc_vs=HBksFQIYUmlnX3hwdl9yZWVsc19wZXJtYW5lbnRfc3JfcHJvZC84NzQ5MzQ2REIxMDM2RjYwNTcwNTc5OEI2RTczOEE5Ml92aWRlb19kYXNoaW5pdC5tcDQVAALIARIAFQIYOnBhc3N0aHJvdWdoX2V2ZXJzdG9yZS9HT0JIYUNUU0IwSnpaUHNDQUxXamVWYmZTblJyYnN0VEFRQUYVAgLIARIAKAAYABsCiAd1c2Vfb2lsATEScHJvZ3Jlc3NpdmVfcmVjaXBlATEVAAAmroCmsbHm1AUVAigCQzMsF0As3bItDlYEGBJkYXNoX2Jhc2VsaW5lXzFfdjERAHXqB2XmnQEA&oh=00_AfrYXJnUuxvydeuliR1bjcZ0uNn5Bvm4CiVvjP8H49KLbQ&oe=6963F4CF']",,https://www.threads.net/@winwithbenjie/post/DTJX3m4kgtd,[],"{'likes': 2, 'reposts': 0, 'quotes': 1}",threads,3803676336683354973,Benjie San Juan,,A little morning routine featuring Trump and Maduro #Venezuela #Trump #Maduro #MorningRoutine #PoliticalSatire  Satire Trending Music Dance Reels Funny WorldLeaders USPolitics VenezuelanPolitics Geopolitics Humor Viral,threads,63305322304,winwithbenjie
[],2026-01-10T14:21:12.288762+07:00,"Anyone who plays chess ? Or is interested in debates over geopolitics,finance nd money laundering, universal theories or  psychological theories?",2025-12-26T14:56:25+07:00,,3795977355308132090,threads,threads.com,threads_crawler_v1,https://www.threads.net/@mrchaotic4/post/DSuBUrukWb6,https://instagram.fhan3-4.fna.fbcdn.net/v/t51.2885-19/605177479_17843569563665730_5387323027251548487_n.jpg?stp=dst-jpg_s150x150_tt6&efg=eyJ2ZW5jb2RlX3RhZyI6InByb2ZpbGVfcGljLmRqYW5nby4xMDgwLmMyIn0&_nc_ht=instagram.fhan3-4.fna.fbcdn.net&_nc_cat=106&_nc_oc=Q6cZ2QEcme4SMgGAC0z2vnATJAFAMftXFO3ZB28x6s8DmPU9Tjp0fGRytOVchEsSD4vkKc4&_nc_ohc=W-wcm_3bMOMQ7kNvwEiuAxi&_nc_gid=5MPEvS5cqoZC8ZfYRbYvug&edm=AJhczIQBAAAA&ccb=7-5&oh=00_AfqwoVwJ8vlZh9z4qBRxROIpH_KVD5IxEarKbzxOFOB0TQ&oe=6967D2D9&_nc_sid=4a2096,1,0,1,0,0,[],,https://www.threads.net/@mrchaotic4/post/DSuBUrukWb6,[],"{'likes': 1, 'reposts': 0, 'quotes': 0}",threads,3795977355308132090,,,"Anyone who plays chess ? Or is interested in debates over geopolitics,finance nd money laundering, universal theories or  psychological theories?",threads,79971193729,mrchaotic4
[],2026-01-10T14:21:12.289023+07:00,"Vladimir Putin is speaking out, stating clearly:
“Russia is not going to attack Europe. It’s funny for us. It’s laughable because we never wanted to attack Europe. This is a lie. This is a total lie. We don’t have any aggressive plans towards Europe.”

The Russian president emphasizes that claims of aggression are false and misleading, aiming to reassure Europe and counter widespread narratives of threat.

#Putin #RussiaEurope #Geopolitics #NoAggression #InternationalRelations",2026-01-02T05:10:07+07:00,,3800755690729965170,threads,threads.com,threads_crawler_v1,https://www.threads.net/@zyir_6k/post/DS-_ynYAQZy,https://instagram.fhan4-6.fna.fbcdn.net/v/t51.2885-19/358753368_836619727880816_2711909310904061729_n.jpg?stp=dst-jpg_s150x150_tt6&efg=eyJ2ZW5jb2RlX3RhZyI6InByb2ZpbGVfcGljLmRqYW5nby4xMDgwLmMyIn0&_nc_ht=instagram.fhan4-6.fna.fbcdn.net&_nc_cat=108&_nc_oc=Q6cZ2QEcme4SMgGAC0z2vnATJAFAMftXFO3ZB28x6s8DmPU9Tjp0fGRytOVchEsSD4vkKc4&_nc_ohc=umKL2nl0IKgQ7kNvwHX9TGg&_nc_gid=5MPEvS5cqoZC8ZfYRbYvug&edm=AJhczIQBAAAA&ccb=7-5&oh=00_AfpHRVQBGIN-CFc864YUOKR8O3-wwCotoIFOyKjsOn_ptg&oe=6967DA94&_nc_sid=4a2096,224,0,132,6,0,['https://instagram.fhan4-6.fna.fbcdn.net/v/t51.2885-15/609034381_18496847023075688_4161328443711597020_n.jpg?stp=dst-jpg_e35_tt6&efg=eyJ2ZW5jb2RlX3RhZyI6InRocmVhZHMuRkVFRC5pbWFnZV91cmxnZW4uMTM1MHgxNjg4LnNkci5mODI3ODcuZGVmYXVsdF9pbWFnZS5jMiJ9&_nc_ht=instagram.fhan4-6.fna.fbcdn.net&_nc_cat=108&_nc_oc=Q6cZ2QEcme4SMgGAC0z2vnATJAFAMftXFO3ZB28x6s8DmPU9Tjp0fGRytOVchEsSD4vkKc4&_nc_ohc=mg9QruWlhgAQ7kNvwEBVLK4&_nc_gid=5MPEvS5cqoZC8ZfYRbYvug&edm=AJhczIQBAAAA&ccb=7-5&ig_cache_key=MzgwMDc1NTY5MDcyOTk2NTE3MA%3D%3D.3-ccb7-5&oh=00_AfqC7bxj9o4S4k_JCLGK64Hp_fQEd2OpzC4-i1E1zj6tWQ&oe=6967DFF7&_nc_sid=4a2096'],,https://www.threads.net/@zyir_6k/post/DS-_ynYAQZy,[],"{'likes': 132, 'reposts': 6, 'quotes': 0}",threads,3800755690729965170,Mr Davenport,,"Vladimir Putin is speaking out, stating clearly:
“Russia is not going to attack Europe. It’s funny for us. It’s laughable because we never wanted to attack Europe. This is a lie. This is a total lie. We don’t have any aggressive plans towards Europe.”

The Russian president emphasizes that claims of aggression are false and misleading, aiming to reassure Europe and counter widespread narratives of threat.

#Putin #RussiaEurope #Geopolitics #NoAggression #InternationalRelations",threads,63387862162,zyir_6k
[],2026-01-10T14:21:12.289261+07:00,"🇵🇱🇷🇺 Poland shuts down Russia’s consulate in Krakow, accusing Moscow of sabotage in a Warsaw mall fire, escalating tensions between the two nations.

 Geopolitics",2025-05-12T18:31:58+07:00,,3630836620430176054,threads,threads.com,threads_crawler_v1,https://www.threads.net/@primemarket.terminal/post/DJjUqtWOG82,https://instagram.fhan3-2.fna.fbcdn.net/v/t51.2885-19/435250006_253659294408163_3519234919500658103_n.jpg?stp=dst-jpg_s150x150_tt6&efg=eyJ2ZW5jb2RlX3RhZyI6InByb2ZpbGVfcGljLmRqYW5nby4xMDgwLmMyIn0&_nc_ht=instagram.fhan3-2.fna.fbcdn.net&_nc_cat=107&_nc_oc=Q6cZ2QEcme4SMgGAC0z2vnATJAFAMftXFO3ZB28x6s8DmPU9Tjp0fGRytOVchEsSD4vkKc4&_nc_ohc=1XUXjAeZpo8Q7kNvwGiaObD&_nc_gid=5MPEvS5cqoZC8ZfYRbYvug&edm=AJhczIQBAAAA&ccb=7-5&oh=00_AfrncRp6vokMMLYq5mJFZZn8zrzshr9KQWRfdHTBvk9EsQ&oe=6967C682&_nc_sid=4a2096,391,0,4143,239,0,"['https://instagram.fhan4-1.fna.fbcdn.net/v/t51.2885-15/530366490_2868228433565165_3260934703562562490_n.jpg?stp=dst-jpg_e15_tt6&efg=eyJ2ZW5jb2RlX3RhZyI6InRocmVhZHMuRkVFRC5pbWFnZV91cmxnZW4uMTA4MHg2MDcuc2RyLmY3MTg3OC5kZWZhdWx0X2NvdmVyX2ZyYW1lLmMyIn0&_nc_ht=instagram.fhan4-1.fna.fbcdn.net&_nc_cat=105&_nc_oc=Q6cZ2QEcme4SMgGAC0z2vnATJAFAMftXFO3ZB28x6s8DmPU9Tjp0fGRytOVchEsSD4vkKc4&_nc_ohc=k82Y84gadIEQ7kNvwFuJN2r&_nc_gid=5MPEvS5cqoZC8ZfYRbYvug&edm=AJhczIQBAAAA&ccb=7-5&ig_cache_key=MzYzMDgzNjYyMDQzMDE3NjA1NA%3D%3D.3-ccb7-5&oh=00_AfofLs15jqiLclbGs4-3Xeqv_EoLiH1P77RSqIqDZy0g5Q&oe=6967E42B&_nc_sid=4a2096', 'https://instagram.fhan4-5.fna.fbcdn.net/o1/v/t16/f2/m69/AQOmzleJjqe_L9RAXFINebGEDBd571lOlcEgRu74HXrI7hVt-xA7zFQ4qCF83Ngs07lcHPFcbiUGFhGFGSaLGTmc.mp4?strext=1&_nc_cat=103&_nc_oc=AdlRVsoJKknQLXb330pEzjQ8SSLA6P3FMTodxJfSHZKihtbliW-Lr5HZ_8lmVsTe9uE&_nc_sid=8bf8fe&_nc_ht=instagram.fhan4-5.fna.fbcdn.net&_nc_ohc=KZ6had83RaoQ7kNvwEpm02S&efg=eyJ2ZW5jb2RlX3RhZyI6Inhwdl9wcm9ncmVzc2l2ZS5JTlNUQUdSQU0uRkVFRC5DMy4xMjgwLnByb2dyZXNzaXZlX2gyNjQtYmFzaWMtZ2VuMl83MjBwIiwieHB2X2Fzc2V0X2lkIjoyNzc2ODQxNjEyNzAzODQ4LCJhc3NldF9hZ2VfZGF5cyI6MjQyLCJ2aV91c2VjYXNlX2lkIjoxMDE2NCwiZHVyYXRpb25fcyI6ODYsInVybGdlbl9zb3VyY2UiOiJ3d3cifQ%3D%3D&ccb=17-1&_nc_gid=5MPEvS5cqoZC8ZfYRbYvug&_nc_zt=28&oh=00_AfpzvgeHt8viGudmuh7YAeSyS1nLX8mR4MSpHCOt46VUVg&oe=6967D885']",,https://www.threads.net/@primemarket.terminal/post/DJjUqtWOG82,[],"{'likes': 4143, 'reposts': 211, 'quotes': 28}",threads,3630836620430176054,PMT | Be Part of the Retail Trading Revolution,Geopolitics,"🇵🇱🇷🇺 Poland shuts down Russia’s consulate in Krakow, accusing Moscow of sabotage in a Warsaw mall fire, escalating tensions between the two nations.

 Geopolitics",threads,72508630363,primemarket.terminal
[],2026-01-10T14:21:12.289527+07:00,"Heyyy bmf? or more

- 17 (mentally 80 years old)
-Books
- I'm french
-introverted by choice, not by weakness
- Not dry, unless you're the first
- Hypersensitive, not cut out for throwaway relationships
- Overthinks everything, sleeps very poorly
-Photography
Don't talk to me just to ghost me three days later, I'm
not an Instagram story
- Gets attached quickly (too quickly, actually)
- dm on Ig (I never send the first message)
- Kdrama
- cold at first
-music
- glingy
- geopolitics",2025-12-19T00:39:16+07:00,,3790472506747233346,threads,threads.com,threads_crawler_v1,https://www.threads.net/@thv_alix/post/DSadql_jaRC,https://instagram.fhan4-6.fna.fbcdn.net/v/t51.2885-19/488655601_1217790289777965_3063104744520305436_n.jpg?stp=dst-jpg_s150x150_tt6&efg=eyJ2ZW5jb2RlX3RhZyI6InByb2ZpbGVfcGljLmRqYW5nby4xMDgwLmMyIn0&_nc_ht=instagram.fhan4-6.fna.fbcdn.net&_nc_cat=109&_nc_oc=Q6cZ2QEcme4SMgGAC0z2vnATJAFAMftXFO3ZB28x6s8DmPU9Tjp0fGRytOVchEsSD4vkKc4&_nc_ohc=vSPjyUHNEA0Q7kNvwGtqi-1&_nc_gid=5MPEvS5cqoZC8ZfYRbYvug&edm=AJhczIQBAAAA&ccb=7-5&oh=00_AfqJiq0P15sReij_OzW8IRPE2BYIdFnmXUIjwhI46uuSuw&oe=6967D998&_nc_sid=4a2096,70,0,96,0,0,[],,https://www.threads.net/@thv_alix/post/DSadql_jaRC,[],"{'likes': 96, 'reposts': 0, 'quotes': 0}",threads,3790472506747233346,alix 🍂,,"Heyyy bmf? or more

- 17 (mentally 80 years old)
-Books
- I'm french
-introverted by choice, not by weakness
- Not dry, unless you're the first
- Hypersensitive, not cut out for throwaway relationships
- Overthinks everything, sleeps very poorly
-Photography
Don't talk to me just to ghost me three days later, I'm
not an Instagram story
- Gets attached quickly (too quickly, actually)
- dm on Ig (I never send the first message)
- Kdrama
- cold at first
-music
- glingy
- geopolitics",threads,73541598923,thv_alix
[],2026-01-10T14:21:12.289760+07:00,"Six political ideologies, explained simply👀

These ideas influence how countries are run how power is used and how people live their daily lives. This series breaks them down in clear straightforward terms so anyone can understand what they really mean and why they matter today

#dhyeyaiasgorakhpur #communism #india #russia #geopolitics",2026-01-05T10:11:59+07:00,,3803081952988370533,threads,threads.com,threads_crawler_v1,https://www.threads.net/@dhyeyaiasgkp/post/DTHQuL7khZl,https://instagram.fhan3-4.fna.fbcdn.net/v/t51.2885-19/476383933_1374858577218292_6302334654300423835_n.jpg?stp=dst-jpg_s150x150_tt6&efg=eyJ2ZW5jb2RlX3RhZyI6InByb2ZpbGVfcGljLmRqYW5nby4xMDU5LmMyIn0&_nc_ht=instagram.fhan3-4.fna.fbcdn.net&_nc_cat=104&_nc_oc=Q6cZ2QEcme4SMgGAC0z2vnATJAFAMftXFO3ZB28x6s8DmPU9Tjp0fGRytOVchEsSD4vkKc4&_nc_ohc=IIA-OduHMKkQ7kNvwGPodST&_nc_gid=5MPEvS5cqoZC8ZfYRbYvug&edm=AJhczIQBAAAA&ccb=7-5&oh=00_AfrpHr0RqS9fqPuc4osONM2wO0uljbRCTtNDRWXNy-UGpA&oe=6967BE83&_nc_sid=4a2096,2,0,138,32,0,['https://instagram.fhan3-3.fna.fbcdn.net/v/t51.2885-15/611672252_18444529060100461_5048992908148049435_n.webp?efg=eyJ2ZW5jb2RlX3RhZyI6InRocmVhZHMuQ0FST1VTRUxfSVRFTS5pbWFnZV91cmxnZW4uMTQ0MHgxNDQwLnNkci5mODI3ODcuZGVmYXVsdF9pbWFnZS5jMiJ9&_nc_ht=instagram.fhan3-3.fna.fbcdn.net&_nc_cat=101&_nc_oc=Q6cZ2QEcme4SMgGAC0z2vnATJAFAMftXFO3ZB28x6s8DmPU9Tjp0fGRytOVchEsSD4vkKc4&_nc_ohc=U1HB-VGTujQQ7kNvwFAvmSB&_nc_gid=5MPEvS5cqoZC8ZfYRbYvug&edm=AJhczIQBAAAA&ccb=7-5&ig_cache_key=MzgwMzA4MTk0MTgzOTkyNjQ4OA%3D%3D.3-ccb7-5&oh=00_AfqV6VQysCCk8HZkSbCoAIpdha-EAAJx00HzBUQKgLnI4g&oe=6967BE57&_nc_sid=4a2096'],,https://www.threads.net/@dhyeyaiasgkp/post/DTHQuL7khZl,[],"{'likes': 138, 'reposts': 29, 'quotes': 3}",threads,3803081952988370533,Dhyeya Ias Gorakhpur,,"Six political ideologies, explained simply👀

These ideas influence how countries are run how power is used and how people live their daily lives. This series breaks them down in clear straightforward terms so anyone can understand what they really mean and why they matter today

#dhyeyaiasgorakhpur #communism #india #russia #geopolitics",threads,72169714614,dhyeyaiasgkp
[],2026-01-10T14:21:12.290016+07:00,"BMF???! 😱😱😱
- Name: Aaron ♟️
- Age: 17 yo 😌
- Pronouns: he/she 💫
- Country: France 🇫🇷
- Languages spoken: 🇫🇷🇬🇧 (learning 🇪🇸🇵🇹🇩🇪)
- Birthday: 18th of May ✨
- Looking for friends from anywhere‼️‼️
- Interests: Chess, Valorant, mangas, geopolitics 🌪️🌪️🌪️ 
and much more secrets to learn 😏 uwu

I need international friends 🥺🥺🥺 ADD ME
Where are you from?",2025-09-11T00:46:19+07:00,,3718723257345304479,threads,threads.com,threads_crawler_v1,https://www.threads.net/@aaron.ubuesque/post/DObjxmUDOef,https://instagram.fhan4-5.fna.fbcdn.net/v/t51.2885-19/541660061_17843424483570014_7106159836258102777_n.jpg?stp=dst-jpg_s150x150_tt6&efg=eyJ2ZW5jb2RlX3RhZyI6InByb2ZpbGVfcGljLmRqYW5nby4xMDgwLmMyIn0&_nc_ht=instagram.fhan4-5.fna.fbcdn.net&_nc_cat=102&_nc_oc=Q6cZ2QEcme4SMgGAC0z2vnATJAFAMftXFO3ZB28x6s8DmPU9Tjp0fGRytOVchEsSD4vkKc4&_nc_ohc=Bhw-QDBQ84gQ7kNvwF-RYUt&_nc_gid=5MPEvS5cqoZC8ZfYRbYvug&edm=AJhczIQBAAAA&ccb=7-5&oh=00_Afq1-W1KdJErWg5TZc2v8fQD_zbYa0tJrJ-JEdgUgX7a0w&oe=6967BEAF&_nc_sid=4a2096,208,0,294,1,0,['https://instagram.fhan4-5.fna.fbcdn.net/v/t51.2885-15/544284343_17844496107570014_5276961976843994934_n.webp?efg=eyJ2ZW5jb2RlX3RhZyI6InRocmVhZHMuQ0FST1VTRUxfSVRFTS5pbWFnZV91cmxnZW4uMTY2NngxNjY2LnNkci5mODI3ODcuZGVmYXVsdF9pbWFnZS5jMiJ9&_nc_ht=instagram.fhan4-5.fna.fbcdn.net&_nc_cat=102&_nc_oc=Q6cZ2QEcme4SMgGAC0z2vnATJAFAMftXFO3ZB28x6s8DmPU9Tjp0fGRytOVchEsSD4vkKc4&_nc_ohc=kKGjhg-VvksQ7kNvwFvm1GT&_nc_gid=5MPEvS5cqoZC8ZfYRbYvug&edm=AJhczIQBAAAA&ccb=7-5&ig_cache_key=MzcxODcyMzI1MTkwMTA5NzAxOA%3D%3D.3-ccb7-5&oh=00_AfoXjj-xTgBjz26eyvzSQM78LE16xTBK4sdRYzmSOjEPIA&oe=6967DE04&_nc_sid=4a2096'],,https://www.threads.net/@aaron.ubuesque/post/DObjxmUDOef,[],"{'likes': 294, 'reposts': 1, 'quotes': 0}",threads,3718723257345304479,Aaron 🌺🇦🇬💅🏻,BMF,"BMF???! 😱😱😱
- Name: Aaron ♟️
- Age: 17 yo 😌
- Pronouns: he/she 💫
- Country: France 🇫🇷
- Languages spoken: 🇫🇷🇬🇧 (learning 🇪🇸🇵🇹🇩🇪)
- Birthday: 18th of May ✨
- Looking for friends from anywhere‼️‼️
- Interests: Chess, Valorant, mangas, geopolitics 🌪️🌪️🌪️ 
and much more secrets to learn 😏 uwu

I need international friends 🥺🥺🥺 ADD ME
Where are you from?",threads,77099290013,aaron.ubuesque
[],2026-01-10T14:21:12.290264+07:00,"It’s not about America “taking oil.”
It’s about denying hostile regimes the fuel they use to project power.
Facts beat feelings. Receipts in the comments.
#Geopolitics #EnergySecurity #China #Venezuela #Iran #Russia",2026-01-06T07:19:15+07:00,,3803719373656498527,threads,threads.com,threads_crawler_v1,https://www.threads.net/@saltytattooedmomma1/post/DTJhp4MESFf,https://instagram.fhan3-3.fna.fbcdn.net/v/t51.2885-19/420061358_1088126562323385_817372846871907104_n.jpg?stp=dst-jpg_s150x150_tt6&efg=eyJ2ZW5jb2RlX3RhZyI6InByb2ZpbGVfcGljLmRqYW5nby4xMDc3LmMyIn0&_nc_ht=instagram.fhan3-3.fna.fbcdn.net&_nc_cat=1&_nc_oc=Q6cZ2QEcme4SMgGAC0z2vnATJAFAMftXFO3ZB28x6s8DmPU9Tjp0fGRytOVchEsSD4vkKc4&_nc_ohc=cFh4TZ18uEkQ7kNvwHBNzN2&_nc_gid=5MPEvS5cqoZC8ZfYRbYvug&edm=AJhczIQBAAAA&ccb=7-5&oh=00_AfqNjyD6t1M0f1tB0HknjzU9ptigCXH5aTuoOZCWB01Uzg&oe=6967C067&_nc_sid=4a2096,113,0,1008,115,0,"['https://instagram.fhan3-4.fna.fbcdn.net/v/t51.2885-15/607946863_816727001389744_1073004701046147135_n.jpg?stp=dst-jpg_e15_tt6&efg=eyJ2ZW5jb2RlX3RhZyI6InRocmVhZHMuRkVFRC5pbWFnZV91cmxnZW4uNjQweDExMzYuc2RyLmY3MTg3OC5kZWZhdWx0X2NvdmVyX2ZyYW1lLmMyIn0&_nc_ht=instagram.fhan3-4.fna.fbcdn.net&_nc_cat=104&_nc_oc=Q6cZ2QEcme4SMgGAC0z2vnATJAFAMftXFO3ZB28x6s8DmPU9Tjp0fGRytOVchEsSD4vkKc4&_nc_ohc=KhYJUvfr_JcQ7kNvwGt2ySD&_nc_gid=5MPEvS5cqoZC8ZfYRbYvug&edm=AJhczIQBAAAA&ccb=7-5&ig_cache_key=MzgwMzcxOTM3MzY1NjQ5ODUyNw%3D%3D.3-ccb7-5&oh=00_Afq4-4jkwm0yW2wv0mOd5omi2VzuabbruKvaJmCpmEXobA&oe=6967DBBC&_nc_sid=4a2096', 'https://instagram.fhan3-3.fna.fbcdn.net/o1/v/t16/f2/m84/AQN8aH7QDbWtFQ1Vhbl_sT83BFtl2IvRidxmmmWfMxSOTkR4YG0mLOY6aUG-yEHAJhoJ-hi-RJMHrN9wO4k8ecxhjER1FAvDOObpfY0.mp4?_nc_cat=111&_nc_oc=Adlk_AUsShixZcENXdy3zOTOsTUWDXrRFq5yl6eycRsXkbIir49RWImJFr48q5ywHpQ&_nc_sid=5e9851&_nc_ht=instagram.fhan3-3.fna.fbcdn.net&_nc_ohc=IrAPm4TckawQ7kNvwGwx1HL&efg=eyJ2ZW5jb2RlX3RhZyI6Inhwdl9wcm9ncmVzc2l2ZS5JTlNUQUdSQU0uRkVFRC5DMy43MjAuZGFzaF9iYXNlbGluZV8xX3YxIiwieHB2X2Fzc2V0X2lkIjo4ODYxNzAwNDM3NzcxNDYsImFzc2V0X2FnZV9kYXlzIjo0LCJ2aV91c2VjYXNlX2lkIjoxMDE2NCwiZHVyYXRpb25fcyI6MTE5LCJ1cmxnZW5fc291cmNlIjoid3d3In0%3D&ccb=17-1&_nc_gid=5MPEvS5cqoZC8ZfYRbYvug&_nc_zt=28&vs=4167d96f04e946d&_nc_vs=HBksFQIYTGlnX2JhY2tmaWxsX3RpbWVsaW5lX3ZvZC9ENzQ1RkM0N0M2NkM3QzcwMzhBMkFFRUI5Q0NGRUJCNl92aWRlb19kYXNoaW5pdC5tcDQVAALIARIAFQIYOnBhc3N0aHJvdWdoX2V2ZXJzdG9yZS9HT2pEWGlSZE1OZzNyTzhGQUxNNXJJMUlJMmdHYnNwVEFRQUYVAgLIARIAKAAYABsCiAd1c2Vfb2lsATEScHJvZ3Jlc3NpdmVfcmVjaXBlATEVAAAm9IHcqvH9kgMVAigCQzMsF0Bd3dLxqfvnGBJkYXNoX2Jhc2VsaW5lXzFfdjERAHXqB2XongEA&oh=00_Afr3IaOez7eXDFySMmwc7lxyFm_YyCd9vxmC7fg8nDnX-A&oe=6963F6FD']",,https://www.threads.net/@saltytattooedmomma1/post/DTJhp4MESFf,[],"{'likes': 1008, 'reposts': 100, 'quotes': 15}",threads,3803719373656498527,Saltytattooedmomma,,"It’s not about America “taking oil.”
It’s about denying hostile regimes the fuel they use to project power.
Facts beat feelings. Receipts in the comments.
#Geopolitics #EnergySecurity #China #Venezuela #Iran #Russia",threads,64496981949,saltytattooedmomma1
[],2026-01-10T14:21:12.290521+07:00,"BREAKING: Tension spikes as U.S. airstrikes hit targets in Caracas. Helicopters swarm the Venezuelan capital — what does this mean for civilians & regional stability? 🛰️🔥🇺🇸🇻🇪 Stay safe, stay informed. #Caracas #Venezuela #USForeignPolicy #BreakingNews #Geopolitics",2026-01-03T13:47:29+07:00,,3801740603429068517,threads,threads.com,threads_crawler_v1,https://www.threads.net/@ceanmedia/post/DTCfu-zkZ7l,https://instagram.fhan4-1.fna.fbcdn.net/v/t51.2885-19/516231298_18054533744527829_2727005556179792588_n.jpg?stp=dst-jpg_s150x150_tt6&efg=eyJ2ZW5jb2RlX3RhZyI6InByb2ZpbGVfcGljLmRqYW5nby4xMDI0LmMyIn0&_nc_ht=instagram.fhan4-1.fna.fbcdn.net&_nc_cat=105&_nc_oc=Q6cZ2QEcme4SMgGAC0z2vnATJAFAMftXFO3ZB28x6s8DmPU9Tjp0fGRytOVchEsSD4vkKc4&_nc_ohc=MPLTYR0OGMUQ7kNvwH3QJc5&_nc_gid=5MPEvS5cqoZC8ZfYRbYvug&edm=AJhczIQBAAAA&ccb=7-5&oh=00_Afpv536-UKJP2ufqyFhyHkBab3zvzfZbC_Fh1GRlfovqvA&oe=6967E128&_nc_sid=4a2096,0,0,15,6,0,"['https://instagram.fhan4-6.fna.fbcdn.net/v/t51.2885-15/610877898_947288124289076_4031053195056155296_n.jpg?stp=dst-jpg_e15_tt6&efg=eyJ2ZW5jb2RlX3RhZyI6InRocmVhZHMuRkVFRC5pbWFnZV91cmxnZW4uNjQweDExMzYuc2RyLmY3MTg3OC5kZWZhdWx0X2NvdmVyX2ZyYW1lLmMyIn0&_nc_ht=instagram.fhan4-6.fna.fbcdn.net&_nc_cat=108&_nc_oc=Q6cZ2QEcme4SMgGAC0z2vnATJAFAMftXFO3ZB28x6s8DmPU9Tjp0fGRytOVchEsSD4vkKc4&_nc_ohc=dPyo3KBp22IQ7kNvwHOfpLM&_nc_gid=5MPEvS5cqoZC8ZfYRbYvug&edm=AJhczIQBAAAA&ccb=7-5&ig_cache_key=MzgwMTc0MDYwMzQyOTA2ODUxNw%3D%3D.3-ccb7-5&oh=00_AfrLz3NYIhN2dF5raD18NRqZA4nqTvRExlA9-KeRjL1bZQ&oe=6967E799&_nc_sid=4a2096', 'https://instagram.fhan4-5.fna.fbcdn.net/o1/v/t16/f2/m84/AQNEfx0gDQpPOsYgBX8lomXUc401qzgYZ-Xq5PE_OvoOfV07v75R88ncS2uHB5ufgmCu2uomlomD4k8h64vHvvfPdq-clRbEkmN9EFw.mp4?_nc_cat=103&_nc_oc=AdkefjcvJPIhtdfBee9_U6EuYbn53YH7aJPKrru5pvheQBsVLVALObtzXbCeUjE6ajA&_nc_sid=5e9851&_nc_ht=instagram.fhan4-5.fna.fbcdn.net&_nc_ohc=I8lrcFG3uhQQ7kNvwFFaZ4b&efg=eyJ2ZW5jb2RlX3RhZyI6Inhwdl9wcm9ncmVzc2l2ZS5JTlNUQUdSQU0uRkVFRC5DMy4zNjAuZGFzaF9iYXNlbGluZV8zX3YxIiwieHB2X2Fzc2V0X2lkIjoxNzk0OTk3NjU3ODcyNDA0LCJhc3NldF9hZ2VfZGF5cyI6NywidmlfdXNlY2FzZV9pZCI6MTAxNjQsImR1cmF0aW9uX3MiOjE3LCJ1cmxnZW5fc291cmNlIjoid3d3In0%3D&ccb=17-1&_nc_gid=5MPEvS5cqoZC8ZfYRbYvug&_nc_zt=28&vs=cd11177909d74b42&_nc_vs=HBksFQIYTGlnX2JhY2tmaWxsX3RpbWVsaW5lX3ZvZC9GQjQ5NzUxREI3QTI4RjU3QzkwNTFFNDFCRTk3MzZCOV92aWRlb19kYXNoaW5pdC5tcDQVAALIARIAFQIYOnBhc3N0aHJvdWdoX2V2ZXJzdG9yZS9HR3gtU3lRbXJZOHc3ZmtHQUhYcnZzdUlxVUpGYnNwVEFRQUYVAgLIARIAKAAYABsCiAd1c2Vfb2lsATEScHJvZ3Jlc3NpdmVfcmVjaXBlATEVAAAmqKCp3M6isAYVAigCQzMsF0Ax1DlYEGJOGBJkYXNoX2Jhc2VsaW5lXzNfdjERAHXqB2XongEA&oh=00_AfpUI9Mrcn4HtI86WOHYntdMLpmIy2eUHxwurcVgM8J7Zg&oe=6963F2F9']",,https://www.threads.net/@ceanmedia/post/DTCfu-zkZ7l,[],"{'likes': 15, 'reposts': 6, 'quotes': 0}",threads,3801740603429068517,CEAN,,"BREAKING: Tension spikes as U.S. airstrikes hit targets in Caracas. Helicopters swarm the Venezuelan capital — what does this mean for civilians & regional stability? 🛰️🔥🇺🇸🇻🇪 Stay safe, stay informed. #Caracas #Venezuela #USForeignPolicy #BreakingNews #Geopolitics",threads,63158934689,ceanmedia
[],2026-01-10T14:21:12.290762+07:00,"This is the moment US Special Forces successfully boarded the RUSSIAN -flagged Iranian-linked oil tanker, Marinera, in the Atlantic ocean. 
 #usa #geopolitics #viralreels #newsreels #russia #usspecialforces #usarmy #iran #newsreels",2026-01-08T12:59:02+07:00,,3805340344964454419,threads,threads.com,threads_crawler_v1,https://www.threads.net/@ytereports/post/DTPSOHXEZgT,https://instagram.fhan4-3.fna.fbcdn.net/v/t51.2885-19/358199800_978630006816070_8876041038911808530_n.jpg?stp=dst-jpg_s150x150_tt6&efg=eyJ2ZW5jb2RlX3RhZyI6InByb2ZpbGVfcGljLmRqYW5nby40MDguYzIifQ&_nc_ht=instagram.fhan4-3.fna.fbcdn.net&_nc_cat=110&_nc_oc=Q6cZ2QEcme4SMgGAC0z2vnATJAFAMftXFO3ZB28x6s8DmPU9Tjp0fGRytOVchEsSD4vkKc4&_nc_ohc=crZaB5KRDckQ7kNvwGOYEq9&_nc_gid=5MPEvS5cqoZC8ZfYRbYvug&edm=AJhczIQBAAAA&ccb=7-5&oh=00_AfrOUsXYR9e4WQCNt8F3vOFy-92JDuM8LlXqM_fMvSdd-w&oe=6967D084&_nc_sid=4a2096,4,0,37,3,0,"['https://instagram.fhan4-3.fna.fbcdn.net/v/t51.2885-15/609248356_876488041791490_2394586637105409822_n.jpg?stp=dst-jpg_e15_tt6&efg=eyJ2ZW5jb2RlX3RhZyI6InRocmVhZHMuRkVFRC5pbWFnZV91cmxnZW4uNjQweDExMzguc2RyLmY3MTg3OC5kZWZhdWx0X2NvdmVyX2ZyYW1lLmMyIn0&_nc_ht=instagram.fhan4-3.fna.fbcdn.net&_nc_cat=110&_nc_oc=Q6cZ2QEcme4SMgGAC0z2vnATJAFAMftXFO3ZB28x6s8DmPU9Tjp0fGRytOVchEsSD4vkKc4&_nc_ohc=WaWTEX-1AFwQ7kNvwG5TS7A&_nc_gid=5MPEvS5cqoZC8ZfYRbYvug&edm=AJhczIQBAAAA&ccb=7-5&ig_cache_key=MzgwNTM0MDM0NDk2NDQ1NDQxOQ%3D%3D.3-ccb7-5&oh=00_AfrWk0M_zVoDVWQwMN3CiJEnH39Yrivn1OYGp_ItfO8c3w&oe=6967E2D8&_nc_sid=4a2096', 'https://instagram.fhan4-6.fna.fbcdn.net/o1/v/t2/f2/m86/AQO1HRPLvjq6gtWS24iHNeuxyDJHA6Z4EysZicSi_8lZ6OAjb_Jyz43CTt2LRPKGbGlBDDe_yEcEpVxc57FpknynvopCFpmPGz7Nh6o.mp4?_nc_cat=109&_nc_oc=AdmLLdYLOTpX_f4VURSangnYluGYwiF5Wc7Z81RiQrCRaeXK8zutGsbRde-ERESxyQg&_nc_sid=5e9851&_nc_ht=instagram.fhan4-6.fna.fbcdn.net&_nc_ohc=JT7RcMll4fsQ7kNvwHfsaSC&efg=eyJ2ZW5jb2RlX3RhZyI6Inhwdl9wcm9ncmVzc2l2ZS5JTlNUQUdSQU0uRkVFRC5DMy40ODAuZGFzaF9iYXNlbGluZV8xX3YxIiwieHB2X2Fzc2V0X2lkIjoxNDE4ODY3ODc5NjA1NjMxLCJhc3NldF9hZ2VfZGF5cyI6MiwidmlfdXNlY2FzZV9pZCI6MTAwOTksImR1cmF0aW9uX3MiOjEwLCJ1cmxnZW5fc291cmNlIjoid3d3In0%3D&ccb=17-1&_nc_gid=5MPEvS5cqoZC8ZfYRbYvug&_nc_zt=28&vs=e88d77f31576b782&_nc_vs=HBksFQIYUmlnX3hwdl9yZWVsc19wZXJtYW5lbnRfc3JfcHJvZC9GMTQxQTlFOTlFOUQ2ODBDQ0FEMjMyMjQwQjE3MzlBOV92aWRlb19kYXNoaW5pdC5tcDQVAALIARIAFQIYOnBhc3N0aHJvdWdoX2V2ZXJzdG9yZS9HSEViWmlUenhjOURSa2NFQUtLdGQwMWxXR1ZLYnN0VEFRQUYVAgLIARIAKAAYABsCiAd1c2Vfb2lsATEScHJvZ3Jlc3NpdmVfcmVjaXBlATEVAAAm_tWTv_2chQUVAigCQzMsF0Akd0vGp--eGBJkYXNoX2Jhc2VsaW5lXzFfdjERAHXqB2XmnQEA&oh=00_Afq9YyfjUbCTSyI6N_SbtoO8ooZmznlZjQA2hkf9bsUlsA&oe=6963D48A']",,https://www.threads.net/@ytereports/post/DTPSOHXEZgT,[],"{'likes': 37, 'reposts': 2, 'quotes': 1}",threads,3805340344964454419,YTE Reports,,"This is the moment US Special Forces successfully boarded the RUSSIAN -flagged Iranian-linked oil tanker, Marinera, in the Atlantic ocean. 
 #usa #geopolitics #viralreels #newsreels #russia #usspecialforces #usarmy #iran #newsreels",threads,63123626102,ytereports
[],2026-01-10T14:21:12.290990+07:00,"Who owns the world’s largest oil reserves? 

Oil is one of the world’s most import resources and accounts for 70% of global energy demand in spite of the energy transition. This underscores its importance in trade flows, geopolitics and industrial activity.

In fact, just 4 countries control half of the world’s proven oil reserves and Venezuela solely owns almost 20%.

(1/2)

#Oil #OilReserves #Venezuela #USA #OilReservesbyCountry",2026-01-04T14:04:11+07:00,,3802474049121815531,threads,threads.com,threads_crawler_v1,https://www.threads.net/@investorsight.co/post/DTFGgBVjAvr,https://instagram.fhan4-6.fna.fbcdn.net/v/t51.2885-19/540736965_17892093273322617_6113520225890606489_n.jpg?stp=dst-jpg_s150x150_tt6&efg=eyJ2ZW5jb2RlX3RhZyI6InByb2ZpbGVfcGljLmRqYW5nby41MDAuYzIifQ&_nc_ht=instagram.fhan4-6.fna.fbcdn.net&_nc_cat=109&_nc_oc=Q6cZ2QEcme4SMgGAC0z2vnATJAFAMftXFO3ZB28x6s8DmPU9Tjp0fGRytOVchEsSD4vkKc4&_nc_ohc=sru4C2SPGtIQ7kNvwFlPkDf&_nc_gid=5MPEvS5cqoZC8ZfYRbYvug&edm=AJhczIQBAAAA&ccb=7-5&oh=00_AfoglNfHUygHNd148pjDKZ6A5XuktfygvjvGHluIn8xrkg&oe=6967C331&_nc_sid=4a2096,2,0,5,2,0,['https://instagram.fhan3-3.fna.fbcdn.net/v/t51.2885-15/610666736_17892619347391165_4366242264605485529_n.jpg?stp=dst-jpg_e35_tt6&efg=eyJ2ZW5jb2RlX3RhZyI6InRocmVhZHMuRkVFRC5pbWFnZV91cmxnZW4uMTA4MHgxNDQwLnNkci5mODI3ODcuZGVmYXVsdF9pbWFnZS5jMiJ9&_nc_ht=instagram.fhan3-3.fna.fbcdn.net&_nc_cat=101&_nc_oc=Q6cZ2QEcme4SMgGAC0z2vnATJAFAMftXFO3ZB28x6s8DmPU9Tjp0fGRytOVchEsSD4vkKc4&_nc_ohc=s8SIXKpD9v4Q7kNvwFX7BeB&_nc_gid=5MPEvS5cqoZC8ZfYRbYvug&edm=AJhczIQBAAAA&ccb=7-5&ig_cache_key=MzgwMjQ3NDA0OTEyMTgxNTUzMQ%3D%3D.3-ccb7-5&oh=00_Afr-X0BjCdUL_h4rL07stCtb8ZJMVz_1Kk6yuq1Zb3eSGA&oe=6967E018&_nc_sid=4a2096'],,https://www.threads.net/@investorsight.co/post/DTFGgBVjAvr,[],"{'likes': 5, 'reposts': 2, 'quotes': 0}",threads,3802474049121815531,InvestorSight,Business Threads,"Who owns the world’s largest oil reserves? 

Oil is one of the world’s most import resources and accounts for 70% of global energy demand in spite of the energy transition. This underscores its importance in trade flows, geopolitics and industrial activity.

In fact, just 4 countries control half of the world’s proven oil reserves and Venezuela solely owns almost 20%.

(1/2)

#Oil #OilReserves #Venezuela #USA #OilReservesbyCountry",threads,71722591164,investorsight.co
[],2026-01-10T14:21:12.291218+07:00,"Zelensky, barely holding back laughter, responds to the strikes on the “Druzhba” pipeline: 
“We’ve always supported friendship between Ukraine and Hungary. Now, that friendship depends on Hungary’s stance.” 🤝🔥 
What do you think?",2025-08-25T00:14:17+07:00,,3706385771442382203,threads,threads.com,threads_crawler_v1,https://www.threads.net/@ceanmedia/post/DNvujjLYqV7,https://instagram.fhan4-1.fna.fbcdn.net/v/t51.2885-19/516231298_18054533744527829_2727005556179792588_n.jpg?stp=dst-jpg_s150x150_tt6&efg=eyJ2ZW5jb2RlX3RhZyI6InByb2ZpbGVfcGljLmRqYW5nby4xMDI0LmMyIn0&_nc_ht=instagram.fhan4-1.fna.fbcdn.net&_nc_cat=105&_nc_oc=Q6cZ2QEcme4SMgGAC0z2vnATJAFAMftXFO3ZB28x6s8DmPU9Tjp0fGRytOVchEsSD4vkKc4&_nc_ohc=MPLTYR0OGMUQ7kNvwH3QJc5&_nc_gid=5MPEvS5cqoZC8ZfYRbYvug&edm=AJhczIQBAAAA&ccb=7-5&oh=00_Afpv536-UKJP2ufqyFhyHkBab3zvzfZbC_Fh1GRlfovqvA&oe=6967E128&_nc_sid=4a2096,1119,0,2940,96,0,"['https://instagram.fhan4-5.fna.fbcdn.net/v/t51.2885-15/539002484_1193573642812742_738912506301427136_n.jpg?stp=dst-jpg_e15_tt6&efg=eyJ2ZW5jb2RlX3RhZyI6InRocmVhZHMuRkVFRC5pbWFnZV91cmxnZW4uNjQweDM1OC5zZHIuZjcxODc4LmRlZmF1bHRfY292ZXJfZnJhbWUuYzIifQ&_nc_ht=instagram.fhan4-5.fna.fbcdn.net&_nc_cat=102&_nc_oc=Q6cZ2QEcme4SMgGAC0z2vnATJAFAMftXFO3ZB28x6s8DmPU9Tjp0fGRytOVchEsSD4vkKc4&_nc_ohc=6c0_rqHjStEQ7kNvwHh7qHy&_nc_gid=5MPEvS5cqoZC8ZfYRbYvug&edm=AJhczIQBAAAA&ccb=7-5&ig_cache_key=MzcwNjM4NTc3MTQ0MjM4MjIwMw%3D%3D.3-ccb7-5&oh=00_AfqDqRzUHRbZ_2a4VXjnilpM87JkCvsG2WlsyIhBrLwA1w&oe=6967E569&_nc_sid=4a2096', 'https://instagram.fhan3-2.fna.fbcdn.net/o1/v/t16/f2/m69/AQPG4tCgWIYnTnVJroUxDmCl4OnKUBotQG99Ud1teZYkF7u9wwJCkoIqtbeBXwUffFmlHgdB4f8UkUTDKPpupujs.mp4?strext=1&_nc_cat=107&_nc_oc=Admd-LX7z3i3xNhXbJC_eJqBqYLIE0hRN5s5zM76QeEqXbxjhJOUwgHoloKw1Huo9ps&_nc_sid=8bf8fe&_nc_ht=instagram.fhan3-2.fna.fbcdn.net&_nc_ohc=DGRCuLTyWZUQ7kNvwG9CTIF&efg=eyJ2ZW5jb2RlX3RhZyI6Inhwdl9wcm9ncmVzc2l2ZS5JTlNUQUdSQU0uRkVFRC5DMy44NTQucHJvZ3Jlc3NpdmVfaDI2NC1iYXNpYy1nZW4yXzcyMHAiLCJ4cHZfYXNzZXRfaWQiOjExMTc5NzY3MjMxMDAwMzQsImFzc2V0X2FnZV9kYXlzIjoxMzgsInZpX3VzZWNhc2VfaWQiOjEwMTY0LCJkdXJhdGlvbl9zIjoxNywidXJsZ2VuX3NvdXJjZSI6Ind3dyJ9&ccb=17-1&_nc_gid=5MPEvS5cqoZC8ZfYRbYvug&_nc_zt=28&oh=00_AfoQEvJLfyMWsWSkLySthGwVT8VZZ6giROFw2rv0XVZLcA&oe=6967E449']",,https://www.threads.net/@ceanmedia/post/DNvujjLYqV7,[],"{'likes': 2940, 'reposts': 93, 'quotes': 3}",threads,3706385771442382203,CEAN,Ukraine #Hungary #Diplomacy #Geopolitics,"Zelensky, barely holding back laughter, responds to the strikes on the “Druzhba” pipeline: 
“We’ve always supported friendship between Ukraine and Hungary. Now, that friendship depends on Hungary’s stance.” 🤝🔥 
What do you think?",threads,63158934689,ceanmedia
[],2026-01-10T14:21:12.291472+07:00,"China Is Testing the World, Not Just Taiwan #ChinaTaiwan #Geopolitics #taiwan #china",2025-12-30T06:39:08+07:00,,3798626142043806876,threads,threads.com,threads_crawler_v1,https://www.threads.net/@mom_ocracy/post/DS3blmnCJyc,https://instagram.fhan4-6.fna.fbcdn.net/v/t51.2885-19/338572959_140800162270448_9027897077469742659_n.jpg?stp=dst-jpg_s150x150_tt6&efg=eyJ2ZW5jb2RlX3RhZyI6InByb2ZpbGVfcGljLmRqYW5nby4xMDgwLmMyIn0&_nc_ht=instagram.fhan4-6.fna.fbcdn.net&_nc_cat=108&_nc_oc=Q6cZ2QEcme4SMgGAC0z2vnATJAFAMftXFO3ZB28x6s8DmPU9Tjp0fGRytOVchEsSD4vkKc4&_nc_ohc=eWnMW9i30k8Q7kNvwGXZH5x&_nc_gid=5MPEvS5cqoZC8ZfYRbYvug&edm=AJhczIQBAAAA&ccb=7-5&oh=00_AfrQjk_Uwz9ngG_fDs2MymmqNAl11VSTv_c4kS3Cpr5rZw&oe=6967D028&_nc_sid=4a2096,7,0,37,6,0,"['https://instagram.fhan3-2.fna.fbcdn.net/v/t51.2885-15/609092712_1174639178215567_7920047083501451787_n.jpg?stp=dst-jpg_e15_tt6&efg=eyJ2ZW5jb2RlX3RhZyI6InRocmVhZHMuRkVFRC5pbWFnZV91cmxnZW4uNjQweDExMzYuc2RyLmY3MTg3OC5kZWZhdWx0X2NvdmVyX2ZyYW1lLmMyIn0&_nc_ht=instagram.fhan3-2.fna.fbcdn.net&_nc_cat=107&_nc_oc=Q6cZ2QEcme4SMgGAC0z2vnATJAFAMftXFO3ZB28x6s8DmPU9Tjp0fGRytOVchEsSD4vkKc4&_nc_ohc=6OoxwQKq1W0Q7kNvwEu_J60&_nc_gid=5MPEvS5cqoZC8ZfYRbYvug&edm=AJhczIQBAAAA&ccb=7-5&ig_cache_key=Mzc5ODYyNjE0MjA0MzgwNjg3Ng%3D%3D.3-ccb7-5&oh=00_Afo2ZUMM6yM1qHw1-E3d-iuZ6eAcBfPhT_5tC1WlxQszeQ&oe=6967E45C&_nc_sid=4a2096', 'https://instagram.fhan4-6.fna.fbcdn.net/o1/v/t2/f2/m86/AQN70_DYGci-CuklQU_SZ9p8p4mxsuX1PnE4hUF9c48V6a-2yI-pMRgJjYmwcUuvAetFH10CLc2zG9w9P0FPNkHkpry34HYBIjPCYg0.mp4?_nc_cat=109&_nc_oc=AdkNwldCoGj_Jw3X5dhpGwFfKtB7xvqzeazrAvLKZocvOcAfx5B4jEX0OxwF4FZ1orM&_nc_sid=5e9851&_nc_ht=instagram.fhan4-6.fna.fbcdn.net&_nc_ohc=YElPYhZZWjUQ7kNvwEqT2pZ&efg=eyJ2ZW5jb2RlX3RhZyI6Inhwdl9wcm9ncmVzc2l2ZS5JTlNUQUdSQU0uRkVFRC5DMy43MjAuZGFzaF9iYXNlbGluZV8xX3YxIiwieHB2X2Fzc2V0X2lkIjo0MTU1MzkyNDgxNDQ0NTMyLCJhc3NldF9hZ2VfZGF5cyI6MTEsInZpX3VzZWNhc2VfaWQiOjEwMDk5LCJkdXJhdGlvbl9zIjoxNTQsInVybGdlbl9zb3VyY2UiOiJ3d3cifQ%3D%3D&ccb=17-1&_nc_gid=5MPEvS5cqoZC8ZfYRbYvug&_nc_zt=28&vs=642bc8d889f1229d&_nc_vs=HBksFQIYUmlnX3hwdl9yZWVsc19wZXJtYW5lbnRfc3JfcHJvZC8wRTQ5RTUwNDRGMzlGQ0M5MEQwNEVFREQxNzgyNzJCOF92aWRlb19kYXNoaW5pdC5tcDQVAALIARIAFQIYOnBhc3N0aHJvdWdoX2V2ZXJzdG9yZS9HTnpNSGlUS1hLU3Jjam9IQUlZTi1ldmFVeU1aYnN0VEFRQUYVAgLIARIAKAAYABsCiAd1c2Vfb2lsATEScHJvZ3Jlc3NpdmVfcmVjaXBlATEVAAAm6IqSzNbT4Q4VAigCQzMsF0BjRU_fO2RaGBJkYXNoX2Jhc2VsaW5lXzFfdjERAHXqB2XmnQEA&oh=00_Afo9sYebPPiqLxTD3_aoZJY4U6cGk1EEXOgBvHR_oMgFhA&oe=6963CA02']",,https://www.threads.net/@mom_ocracy/post/DS3blmnCJyc,[],"{'likes': 37, 'reposts': 5, 'quotes': 1}",threads,3798626142043806876,Oleksandra Chorna,,"China Is Testing the World, Not Just Taiwan #ChinaTaiwan #Geopolitics #taiwan #china",threads,63407691622,mom_ocracy
[],2026-01-10T14:33:51.980414+07:00,"🚨 Tensions rising inside the Kremlin? The Telegraph suggests Putin fears a coup as his regime weakens. With the FSB eyeing antiwar factions, the sense of vulnerability is growing. Could Russia be on the brink of a power shakeup? 🔥",2025-10-26T21:02:08+07:00,,3751950105654860924,threads,threads.com,threads_crawler_v1,https://www.threads.net/@ceanmedia/post/DQRmr4OjBx8,https://instagram.fhan4-1.fna.fbcdn.net/v/t51.2885-19/516231298_18054533744527829_2727005556179792588_n.jpg?stp=dst-jpg_s150x150_tt6&efg=eyJ2ZW5jb2RlX3RhZyI6InByb2ZpbGVfcGljLmRqYW5nby4xMDI0LmMyIn0&_nc_ht=instagram.fhan4-1.fna.fbcdn.net&_nc_cat=105&_nc_oc=Q6cZ2QHrbF4VZOrsKl0PXZaeG8GAXoSCwXWpaQLkBTsOWaC12n4ZoYlbcdywOL_Us-yVMRA&_nc_ohc=MPLTYR0OGMUQ7kNvwH3QJc5&_nc_gid=i4SChN5FxsTboHd5MOc2Zg&edm=AJhczIQBAAAA&ccb=7-5&oh=00_AfrRSBHPMwOSUW4ER24CH7AVOoSwxKUYzkxuUK-EDZksRg&oe=6967E128&_nc_sid=4a2096,816,0,3927,285,0,['https://instagram.fhan4-5.fna.fbcdn.net/v/t51.2885-15/569205026_17930499417110690_1488141513240886318_n.jpg?stp=dst-jpg_e35_tt6&efg=eyJ2ZW5jb2RlX3RhZyI6InRocmVhZHMuRkVFRC5pbWFnZV91cmxnZW4uNjc5eDM4Mi5zZHIuZjgyNzg3LmRlZmF1bHRfaW1hZ2UuYzIifQ&_nc_ht=instagram.fhan4-5.fna.fbcdn.net&_nc_cat=102&_nc_oc=Q6cZ2QHrbF4VZOrsKl0PXZaeG8GAXoSCwXWpaQLkBTsOWaC12n4ZoYlbcdywOL_Us-yVMRA&_nc_ohc=TzDv01etSK4Q7kNvwH-5fYr&_nc_gid=i4SChN5FxsTboHd5MOc2Zg&edm=AJhczIQBAAAA&ccb=7-5&ig_cache_key=Mzc1MTk1MDEwNTY1NDg2MDkyNA%3D%3D.3-ccb7-5&oh=00_Afq0adXZtb8QLt3v_gy7JhK8Rl-E-1lITGE_7egQEU7KSg&oe=6967B85B&_nc_sid=4a2096'],,https://www.threads.net/@ceanmedia/post/DQRmr4OjBx8,[],"{'likes': 3927, 'reposts': 272, 'quotes': 13}",threads,3751950105654860924,CEAN,Russia #Putin #Kremlin #Geopolitics #BreakingNews,"🚨 Tensions rising inside the Kremlin? The Telegraph suggests Putin fears a coup as his regime weakens. With the FSB eyeing antiwar factions, the sense of vulnerability is growing. Could Russia be on the brink of a power shakeup? 🔥",threads,63158934689,ceanmedia
[],2026-01-10T14:33:51.980795+07:00,"By Dean Blundell.  Europe’s €210 Billion Kill Shot: The Day the EU Crushed the Trump–Putin Fantasy With One Financial Nuke
There are days in geopolitics when someone gives a speech, signs a treaty, or launches a missile, and history shifts by a few degrees.",2025-12-13T10:44:32+07:00,,3786428493659659033,threads,threads.com,threads_crawler_v1,https://www.threads.net/@deborahkopsteinburr/post/DSMGKdUAFsZ,https://instagram.fhan4-3.fna.fbcdn.net/v/t51.2885-19/472468311_1141076084045554_2408796043662464154_n.jpg?stp=dst-jpg_s150x150_tt6&efg=eyJ2ZW5jb2RlX3RhZyI6InByb2ZpbGVfcGljLmRqYW5nby4zMjAuYzIifQ&_nc_ht=instagram.fhan4-3.fna.fbcdn.net&_nc_cat=110&_nc_oc=Q6cZ2QHrbF4VZOrsKl0PXZaeG8GAXoSCwXWpaQLkBTsOWaC12n4ZoYlbcdywOL_Us-yVMRA&_nc_ohc=0LTQ4nv2sLwQ7kNvwGUPmN9&_nc_gid=i4SChN5FxsTboHd5MOc2Zg&edm=AJhczIQBAAAA&ccb=7-5&oh=00_AfoCp6BM2_HtIZQRYbmIbEEef334SfC_oEHYMK8rSf24Ww&oe=6967B9A3&_nc_sid=4a2096,68,0,3228,549,0,[],,https://www.threads.net/@deborahkopsteinburr/post/DSMGKdUAFsZ,[],"{'likes': 3228, 'reposts': 549, 'quotes': 0}",threads,3786428493659659033,Deborah Kopstein Burr,EU Threads,"By Dean Blundell.  Europe’s €210 Billion Kill Shot: The Day the EU Crushed the Trump–Putin Fantasy With One Financial Nuke
There are days in geopolitics when someone gives a speech, signs a treaty, or launches a missile, and history shifts by a few degrees.",threads,67374871473,deborahkopsteinburr
[],2026-01-10T14:33:51.980981+07:00,"*** Scheduled content ***
It's not just grand geopolitics that occupies the President's attention. 

During his visits to local markets, courageous women brought to his attention that menstrual pad prices in Korea are significantly higher than those abroad. 

Following his directive to investigate, the gov has now called on manufacturers to drastically reduce their prices, setting a 10-day deadline—after which immediate legislative action will be taken.",2026-01-07T00:54:08+07:00,,3804249803820233802,threads,threads.com,threads_crawler_v1,https://www.threads.net/@pyj.rok/post/DTLaQpxjfRK,https://instagram.fhan4-1.fna.fbcdn.net/v/t51.2885-19/591164134_17938267374099401_7517521728046473802_n.jpg?stp=dst-jpg_s150x150_tt6&efg=eyJ2ZW5jb2RlX3RhZyI6InByb2ZpbGVfcGljLmRqYW5nby4xMDgwLmMyIn0&_nc_ht=instagram.fhan4-1.fna.fbcdn.net&_nc_cat=105&_nc_oc=Q6cZ2QHrbF4VZOrsKl0PXZaeG8GAXoSCwXWpaQLkBTsOWaC12n4ZoYlbcdywOL_Us-yVMRA&_nc_ohc=tAUiIqtXMXIQ7kNvwHWoYT3&_nc_gid=i4SChN5FxsTboHd5MOc2Zg&edm=AJhczIQBAAAA&ccb=7-5&oh=00_AfohKFxErzax1-dSRNPmbzDTEEu5yPjUAdTOIrD6yPcOWA&oe=6967E8DA&_nc_sid=4a2096,8,0,44,1,0,"['https://instagram.fhan4-3.fna.fbcdn.net/v/t51.2885-15/610038337_1509490073457442_4977537682007349604_n.jpg?stp=dst-jpg_e15_tt6&efg=eyJ2ZW5jb2RlX3RhZyI6InRocmVhZHMuRkVFRC5pbWFnZV91cmxnZW4uNjQweDExMzYuc2RyLmY3MTg3OC5kZWZhdWx0X2NvdmVyX2ZyYW1lLmMyIn0&_nc_ht=instagram.fhan4-3.fna.fbcdn.net&_nc_cat=110&_nc_oc=Q6cZ2QHrbF4VZOrsKl0PXZaeG8GAXoSCwXWpaQLkBTsOWaC12n4ZoYlbcdywOL_Us-yVMRA&_nc_ohc=D-eDUSg7V2oQ7kNvwG7nIeu&_nc_gid=i4SChN5FxsTboHd5MOc2Zg&edm=AJhczIQBAAAA&ccb=7-5&ig_cache_key=MzgwNDI0OTgwMzgyMDIzMzgwMg%3D%3D.3-ccb7-5&oh=00_AfrQgx52jlUZH3AGkpcHIzTcDaEA_m_2pKJXpAkpVhXjKg&oe=6967D4DD&_nc_sid=4a2096', 'https://instagram.fhan4-3.fna.fbcdn.net/o1/v/t16/f2/m84/AQMCNqQxHDPtdkHoeZqWdTE5txZyImcq8XiiPuBVwQE-xBU2J7y5jpC64qltafR7WaOW0tTEJ-pbgm889AraAanHNREAORGjtLVESAc.mp4?_nc_cat=100&_nc_oc=AdkPpsbgAOFAjiNm6z9eR7Nk_XMcddGVvAcATDyq9ifFNUD0ed5ymOr-uwykpb6KJKE&_nc_sid=5e9851&_nc_ht=instagram.fhan4-3.fna.fbcdn.net&_nc_ohc=c9Hs04xlH7sQ7kNvwGPUgLV&efg=eyJ2ZW5jb2RlX3RhZyI6Inhwdl9wcm9ncmVzc2l2ZS5JTlNUQUdSQU0uRkVFRC5DMy43MjAuZGFzaF9iYXNlbGluZV8xX3YxIiwieHB2X2Fzc2V0X2lkIjo3MzEwNTUwMjYzMTg1OTMsImFzc2V0X2FnZV9kYXlzIjozLCJ2aV91c2VjYXNlX2lkIjoxMDE2NCwiZHVyYXRpb25fcyI6NTgsInVybGdlbl9zb3VyY2UiOiJ3d3cifQ%3D%3D&ccb=17-1&_nc_gid=i4SChN5FxsTboHd5MOc2Zg&_nc_zt=28&vs=c3996e74b9e86e73&_nc_vs=HBksFQIYTGlnX2JhY2tmaWxsX3RpbWVsaW5lX3ZvZC9BMTRBODJBMjA2NTRGMDg0Q0JCQzZEQjVCQTJBNDhBRF92aWRlb19kYXNoaW5pdC5tcDQVAALIARIAFQIYOnBhc3N0aHJvdWdoX2V2ZXJzdG9yZS9HRmlnWUNUa3hfLVNwS1VGQUlCd3pnb2ZhV1k3YnNwVEFRQUYVAgLIARIAKAAYABsCiAd1c2Vfb2lsATEScHJvZ3Jlc3NpdmVfcmVjaXBlATEVAAAmgrS9soC5zAIVAigCQzMsF0BNaBBiTdLyGBJkYXNoX2Jhc2VsaW5lXzFfdjERAHXqB2XongEA&oh=00_AfrWqY7H_d5ME2tOlFRBz5DMgx7RPx2M34x6_7PHIjghmw&oe=6963D138']",,https://www.threads.net/@pyj.rok/post/DTLaQpxjfRK,[],"{'likes': 44, 'reposts': 1, 'quotes': 0}",threads,3804249803820233802,박영재,Korea,"*** Scheduled content ***
It's not just grand geopolitics that occupies the President's attention. 

During his visits to local markets, courageous women brought to his attention that menstrual pad prices in Korea are significantly higher than those abroad. 

Following his directive to investigate, the gov has now called on manufacturers to drastically reduce their prices, setting a 10-day deadline—after which immediate legislative action will be taken.",threads,63075515400,pyj.rok
[],2026-01-10T14:33:51.981138+07:00,Ecoeurant.. #israel #geopolitics #onu  #cessezlefeu #espritcritique,2025-10-20T06:36:26+07:00,,3747165718648598245,threads,threads.com,threads_crawler_v1,https://www.threads.net/@le_fil_de_marty/post/DQAm14mki7l,https://instagram.fhan3-4.fna.fbcdn.net/v/t51.2885-19/468145864_1291342941876700_3202950862071256913_n.jpg?stp=dst-jpg_s150x150_tt6&efg=eyJ2ZW5jb2RlX3RhZyI6InByb2ZpbGVfcGljLmRqYW5nby41MDAuYzIifQ&_nc_ht=instagram.fhan3-4.fna.fbcdn.net&_nc_cat=104&_nc_oc=Q6cZ2QHrbF4VZOrsKl0PXZaeG8GAXoSCwXWpaQLkBTsOWaC12n4ZoYlbcdywOL_Us-yVMRA&_nc_ohc=tdSbw-ooqO0Q7kNvwExKkod&_nc_gid=i4SChN5FxsTboHd5MOc2Zg&edm=AJhczIQBAAAA&ccb=7-5&oh=00_AfoLhn3KzCiA2BK5YSjVsDShPmgKXyFLOZbGv_BfUbE_Ow&oe=6967CBA3&_nc_sid=4a2096,185,0,613,142,0,"['https://instagram.fhan4-6.fna.fbcdn.net/v/t51.2885-15/568286765_1330118021898644_2653228300104428014_n.jpg?stp=dst-jpg_e15_tt6&efg=eyJ2ZW5jb2RlX3RhZyI6InRocmVhZHMuRkVFRC5pbWFnZV91cmxnZW4uNjQweDExMzYuc2RyLmY3MTg3OC5kZWZhdWx0X2NvdmVyX2ZyYW1lLmMyIn0&_nc_ht=instagram.fhan4-6.fna.fbcdn.net&_nc_cat=108&_nc_oc=Q6cZ2QHrbF4VZOrsKl0PXZaeG8GAXoSCwXWpaQLkBTsOWaC12n4ZoYlbcdywOL_Us-yVMRA&_nc_ohc=w6_PKyG4Oh4Q7kNvwH_LQ3l&_nc_gid=i4SChN5FxsTboHd5MOc2Zg&edm=AJhczIQBAAAA&ccb=7-5&ig_cache_key=Mzc0NzE2NTcxODY0ODU5ODI0NQ%3D%3D.3-ccb7-5&oh=00_AfqQKwu-CqXPgTe3PUdYQYrhqosrxTVyYE_nO-I6is5I7g&oe=6967CD09&_nc_sid=4a2096', 'https://instagram.fhan3-4.fna.fbcdn.net/o1/v/t2/f2/m86/AQOe3TEf3D6Q7PLGUkdJ7NaHjFKoP1PAIRisgy8sGUdRNXyX26_74TnbeBFRJa_Y8fsYF4l1c-Hiqt8zqu_WkA5n-5sq_raXAo0zywY.mp4?_nc_cat=104&_nc_oc=Adk6FGGz4ZMNjjN5sExK8MEbwfe1xw4z1p8Sy077lB2RYIXfgOvmvStQgiThrtuAYTA&_nc_sid=5e9851&_nc_ht=instagram.fhan3-4.fna.fbcdn.net&_nc_ohc=uwJnuaOvhCoQ7kNvwEFXsYj&efg=eyJ2ZW5jb2RlX3RhZyI6Inhwdl9wcm9ncmVzc2l2ZS5JTlNUQUdSQU0uRkVFRC5DMy43MjAuZGFzaF9iYXNlbGluZV8xX3YxIiwieHB2X2Fzc2V0X2lkIjo3OTYyNjMxNTMzMjQ3NDAsImFzc2V0X2FnZV9kYXlzIjo4MiwidmlfdXNlY2FzZV9pZCI6MTAwOTksImR1cmF0aW9uX3MiOjc4LCJ1cmxnZW5fc291cmNlIjoid3d3In0%3D&ccb=17-1&_nc_gid=i4SChN5FxsTboHd5MOc2Zg&_nc_zt=28&vs=c45ed6dd4a5c15b3&_nc_vs=HBksFQIYUmlnX3hwdl9yZWVsc19wZXJtYW5lbnRfc3JfcHJvZC9ENDQ2MTlFNDBDMzIxNkY3RDVBNTdEM0U5RDYzOUE4Ml92aWRlb19kYXNoaW5pdC5tcDQVAALIARIAFQIYOnBhc3N0aHJvdWdoX2V2ZXJzdG9yZS9HRlRnenlFdGVvdG9ZM3NDQUhrVENyanJfTFpoYnN0VEFRQUYVAgLIARIAKAAYABsCiAd1c2Vfb2lsATEScHJvZ3Jlc3NpdmVfcmVjaXBlATEVAAAmiMu25s6M6gIVAigCQzMsF0BTqIMSbpeNGBJkYXNoX2Jhc2VsaW5lXzFfdjERAHXqB2XmnQEA&oh=00_AfopyHdlsHeCAW20DPUPSvyvBdMmXu0tymPEfAPEidF8RA&oe=6963F36D']",,https://www.threads.net/@le_fil_de_marty/post/DQAm14mki7l,[],"{'likes': 613, 'reposts': 132, 'quotes': 10}",threads,3747165718648598245,Le fil de Marty,,Ecoeurant.. #israel #geopolitics #onu  #cessezlefeu #espritcritique,threads,64096453129,le_fil_de_marty
[],2026-01-10T14:33:51.981286+07:00,What if the US peace plan was actually drafted in Russian first? 🤔 The Guardian reports some lines feel oddly out of place in English—like they were translated directly from Russian. Language can tell subtle stories.,2025-11-21T22:53:56+07:00,,3770850547017217399,threads,threads.com,threads_crawler_v1,https://www.threads.net/@ceanmedia/post/DRUwJf8DHV3,https://instagram.fhan4-1.fna.fbcdn.net/v/t51.2885-19/516231298_18054533744527829_2727005556179792588_n.jpg?stp=dst-jpg_s150x150_tt6&efg=eyJ2ZW5jb2RlX3RhZyI6InByb2ZpbGVfcGljLmRqYW5nby4xMDI0LmMyIn0&_nc_ht=instagram.fhan4-1.fna.fbcdn.net&_nc_cat=105&_nc_oc=Q6cZ2QHrbF4VZOrsKl0PXZaeG8GAXoSCwXWpaQLkBTsOWaC12n4ZoYlbcdywOL_Us-yVMRA&_nc_ohc=MPLTYR0OGMUQ7kNvwH3QJc5&_nc_gid=i4SChN5FxsTboHd5MOc2Zg&edm=AJhczIQBAAAA&ccb=7-5&oh=00_AfrRSBHPMwOSUW4ER24CH7AVOoSwxKUYzkxuUK-EDZksRg&oe=6967E128&_nc_sid=4a2096,146,0,2483,355,0,['https://instagram.fhan4-5.fna.fbcdn.net/v/t51.2885-15/584437731_17933332002110690_7031606135468440624_n.jpg?stp=dst-jpg_e35_tt6&efg=eyJ2ZW5jb2RlX3RhZyI6InRocmVhZHMuRkVFRC5pbWFnZV91cmxnZW4uNjgweDM4My5zZHIuZjgyNzg3LmRlZmF1bHRfaW1hZ2UuYzIifQ&_nc_ht=instagram.fhan4-5.fna.fbcdn.net&_nc_cat=102&_nc_oc=Q6cZ2QHrbF4VZOrsKl0PXZaeG8GAXoSCwXWpaQLkBTsOWaC12n4ZoYlbcdywOL_Us-yVMRA&_nc_ohc=ZUA8Cb2B_EsQ7kNvwHvaVV4&_nc_gid=i4SChN5FxsTboHd5MOc2Zg&edm=AJhczIQBAAAA&ccb=7-5&ig_cache_key=Mzc3MDg1MDU0NzAxNzIxNzM5OQ%3D%3D.3-ccb7-5&oh=00_AfoPstPKRZsKB_jVZvaUV5vozv8WzG6frQiLxhZu6qnF0Q&oe=6967D6F4&_nc_sid=4a2096'],,https://www.threads.net/@ceanmedia/post/DRUwJf8DHV3,[],"{'likes': 2483, 'reposts': 330, 'quotes': 25}",threads,3770850547017217399,CEAN,Geopolitics #PeacePlan #TranslationMysteries,What if the US peace plan was actually drafted in Russian first? 🤔 The Guardian reports some lines feel oddly out of place in English—like they were translated directly from Russian. Language can tell subtle stories.,threads,63158934689,ceanmedia
[],2026-01-10T14:33:51.981453+07:00,"Tense times: a Russian deputy suggests striking Europe with the Oreshnik missile and sinking Black Sea ships in response to a seized tanker. He frames US actions as a prelude to a bigger war and calls for a “mirror” approach. 🔥⚖️

#Geopolitics #Russia #Europe #BlackSea #Diplomacy #WWIIIWarning",2026-01-08T03:58:58+07:00,,3805068536012622166,threads,threads.com,threads_crawler_v1,https://www.threads.net/@ceanmedia/post/DTOUaxjDElW,https://instagram.fhan4-1.fna.fbcdn.net/v/t51.2885-19/516231298_18054533744527829_2727005556179792588_n.jpg?stp=dst-jpg_s150x150_tt6&efg=eyJ2ZW5jb2RlX3RhZyI6InByb2ZpbGVfcGljLmRqYW5nby4xMDI0LmMyIn0&_nc_ht=instagram.fhan4-1.fna.fbcdn.net&_nc_cat=105&_nc_oc=Q6cZ2QHrbF4VZOrsKl0PXZaeG8GAXoSCwXWpaQLkBTsOWaC12n4ZoYlbcdywOL_Us-yVMRA&_nc_ohc=MPLTYR0OGMUQ7kNvwH3QJc5&_nc_gid=i4SChN5FxsTboHd5MOc2Zg&edm=AJhczIQBAAAA&ccb=7-5&oh=00_AfrRSBHPMwOSUW4ER24CH7AVOoSwxKUYzkxuUK-EDZksRg&oe=6967E128&_nc_sid=4a2096,27,0,65,7,0,['https://instagram.fhan4-5.fna.fbcdn.net/v/t51.2885-15/613717246_17938804644110690_3331447925776255790_n.jpg?stp=dst-jpg_e35_tt6&efg=eyJ2ZW5jb2RlX3RhZyI6InRocmVhZHMuRkVFRC5pbWFnZV91cmxnZW4uNTg3eDMzMC5zZHIuZjgyNzg3LmRlZmF1bHRfaW1hZ2UuYzIifQ&_nc_ht=instagram.fhan4-5.fna.fbcdn.net&_nc_cat=102&_nc_oc=Q6cZ2QHrbF4VZOrsKl0PXZaeG8GAXoSCwXWpaQLkBTsOWaC12n4ZoYlbcdywOL_Us-yVMRA&_nc_ohc=EKW89rCgcHUQ7kNvwGkbmRN&_nc_gid=i4SChN5FxsTboHd5MOc2Zg&edm=AJhczIQBAAAA&ccb=7-5&ig_cache_key=MzgwNTA2ODUzNjAxMjYyMjE2Ng%3D%3D.3-ccb7-5&oh=00_Afoduoe76mHOP2YJ7ovSUDtQrSo9MkbNOHOmXieFMb_Pog&oe=6967E218&_nc_sid=4a2096'],,https://www.threads.net/@ceanmedia/post/DTOUaxjDElW,[],"{'likes': 65, 'reposts': 7, 'quotes': 0}",threads,3805068536012622166,CEAN,,"Tense times: a Russian deputy suggests striking Europe with the Oreshnik missile and sinking Black Sea ships in response to a seized tanker. He frames US actions as a prelude to a bigger war and calls for a “mirror” approach. 🔥⚖️

#Geopolitics #Russia #Europe #BlackSea #Diplomacy #WWIIIWarning",threads,63158934689,ceanmedia
[],2026-01-10T14:33:51.981600+07:00,Putin clarifies: Russia isn’t *seizing* territory—it's *taking back what’s rightfully ours*. A bold statement that reshapes the narrative. What are your thoughts on this perspective? 🇷🇺,2025-08-01T19:10:20+07:00,,3689563122628100623,threads,threads.com,threads_crawler_v1,https://www.threads.net/@ceanmedia/post/DMz9hykoQIP,https://instagram.fhan4-1.fna.fbcdn.net/v/t51.2885-19/516231298_18054533744527829_2727005556179792588_n.jpg?stp=dst-jpg_s150x150_tt6&efg=eyJ2ZW5jb2RlX3RhZyI6InByb2ZpbGVfcGljLmRqYW5nby4xMDI0LmMyIn0&_nc_ht=instagram.fhan4-1.fna.fbcdn.net&_nc_cat=105&_nc_oc=Q6cZ2QHrbF4VZOrsKl0PXZaeG8GAXoSCwXWpaQLkBTsOWaC12n4ZoYlbcdywOL_Us-yVMRA&_nc_ohc=MPLTYR0OGMUQ7kNvwH3QJc5&_nc_gid=i4SChN5FxsTboHd5MOc2Zg&edm=AJhczIQBAAAA&ccb=7-5&oh=00_AfrRSBHPMwOSUW4ER24CH7AVOoSwxKUYzkxuUK-EDZksRg&oe=6967E128&_nc_sid=4a2096,202,0,85,2,0,['https://instagram.fhan4-5.fna.fbcdn.net/v/t51.2885-15/527544196_17920187130110690_2677789735619696204_n.jpg?stp=dst-jpg_e35_tt6&efg=eyJ2ZW5jb2RlX3RhZyI6InRocmVhZHMuRkVFRC5pbWFnZV91cmxnZW4uNjgweDY4MC5zZHIuZjgyNzg3LmRlZmF1bHRfaW1hZ2UuYzIifQ&_nc_ht=instagram.fhan4-5.fna.fbcdn.net&_nc_cat=102&_nc_oc=Q6cZ2QHrbF4VZOrsKl0PXZaeG8GAXoSCwXWpaQLkBTsOWaC12n4ZoYlbcdywOL_Us-yVMRA&_nc_ohc=nnahRdVKPdcQ7kNvwHMPZTv&_nc_gid=i4SChN5FxsTboHd5MOc2Zg&edm=AJhczIQBAAAA&ccb=7-5&ig_cache_key=MzY4OTU2MzEyMjYyODEwMDYyMw%3D%3D.3-ccb7-5&oh=00_Afo8NPspycxbnYdGszM7vp1jMkM6QhwK6hJCxwRLE5_ZbA&oe=6967D827&_nc_sid=4a2096'],,https://www.threads.net/@ceanmedia/post/DMz9hykoQIP,[],"{'likes': 85, 'reposts': 1, 'quotes': 1}",threads,3689563122628100623,CEAN,Russia #Geopolitics #SpecialMilitaryOperation,Putin clarifies: Russia isn’t *seizing* territory—it's *taking back what’s rightfully ours*. A bold statement that reshapes the narrative. What are your thoughts on this perspective? 🇷🇺,threads,63158934689,ceanmedia
[],2026-01-10T14:33:51.981751+07:00,"Weirdest part of being Ukrainian?
I accidentally know more about geopolitics than half of European men who argue about football at the pub. 😁",2025-09-28T00:18:02+07:00,,3731030214046738108,threads,threads.com,threads_crawler_v1,https://www.threads.net/@maskrim/post/DPHSDY6gWa8,https://instagram.fhan4-5.fna.fbcdn.net/v/t51.2885-19/468803644_1079284033838234_3063430081026732838_n.jpg?stp=dst-jpg_s150x150_tt6&efg=eyJ2ZW5jb2RlX3RhZyI6InByb2ZpbGVfcGljLmRqYW5nby4xMDgwLmMyIn0&_nc_ht=instagram.fhan4-5.fna.fbcdn.net&_nc_cat=102&_nc_oc=Q6cZ2QHrbF4VZOrsKl0PXZaeG8GAXoSCwXWpaQLkBTsOWaC12n4ZoYlbcdywOL_Us-yVMRA&_nc_ohc=MVE6I-CazgMQ7kNvwHrWLNK&_nc_gid=i4SChN5FxsTboHd5MOc2Zg&edm=AJhczIQBAAAA&ccb=7-5&oh=00_AfqGCokh6O8Hwl3tRtjOkz0cZvHCCIYnwioCI6i1aAFO3Q&oe=6967DA59&_nc_sid=4a2096,108,0,1425,13,0,['https://instagram.fhan4-3.fna.fbcdn.net/v/t51.2885-15/556961290_17885945412367008_7090387225716009244_n.jpg?stp=dst-jpg_e35_tt6&efg=eyJ2ZW5jb2RlX3RhZyI6InRocmVhZHMuRkVFRC5pbWFnZV91cmxnZW4uMTQ0MHgxOTIyLnNkci5mODI3ODcuZGVmYXVsdF9pbWFnZS5jMiJ9&_nc_ht=instagram.fhan4-3.fna.fbcdn.net&_nc_cat=100&_nc_oc=Q6cZ2QHrbF4VZOrsKl0PXZaeG8GAXoSCwXWpaQLkBTsOWaC12n4ZoYlbcdywOL_Us-yVMRA&_nc_ohc=L_HjOLvC5OQQ7kNvwFB5KcT&_nc_gid=i4SChN5FxsTboHd5MOc2Zg&edm=AJhczIQBAAAA&ccb=7-5&ig_cache_key=MzczMTAzMDIxNDA0NjczODEwOA%3D%3D.3-ccb7-5&oh=00_Afrw3R1tI3URk6upizVMw7rpHKdvbRo_AVo0xgwp8Vm-GQ&oe=6967DC53&_nc_sid=4a2096'],,https://www.threads.net/@maskrim/post/DPHSDY6gWa8,[],"{'likes': 1425, 'reposts': 12, 'quotes': 1}",threads,3731030214046738108,maskrim,UkraineRussiaWar,"Weirdest part of being Ukrainian?
I accidentally know more about geopolitics than half of European men who argue about football at the pub. 😁",threads,70859455007,maskrim
[],2026-01-10T14:33:51.981899+07:00,"Wana discuss something like deep like psychology, geopolitics or anything cool?",2025-10-15T00:16:48+07:00,,3743350781340885974,threads,threads.com,threads_crawler_v1,https://www.threads.net/@_multiversewalker_/post/DPzDbPXgSPW,https://instagram.fhan4-3.fna.fbcdn.net/v/t51.2885-19/527552420_17891992710291202_2019492649581025668_n.jpg?stp=dst-jpg_s150x150_tt6&efg=eyJ2ZW5jb2RlX3RhZyI6InByb2ZpbGVfcGljLmRqYW5nby4xMDgwLmMyIn0&_nc_ht=instagram.fhan4-3.fna.fbcdn.net&_nc_cat=110&_nc_oc=Q6cZ2QHrbF4VZOrsKl0PXZaeG8GAXoSCwXWpaQLkBTsOWaC12n4ZoYlbcdywOL_Us-yVMRA&_nc_ohc=oDfKEwHE5pwQ7kNvwENJdeg&_nc_gid=i4SChN5FxsTboHd5MOc2Zg&edm=AJhczIQBAAAA&ccb=7-5&oh=00_AfqaHRVkQnKL8jIzYVFtjtfmQyDHYVuQkrRsIyRRIuzYFQ&oe=6967BFB7&_nc_sid=4a2096,10,0,4,0,0,[],,https://www.threads.net/@_multiversewalker_/post/DPzDbPXgSPW,[],"{'likes': 4, 'reposts': 0, 'quotes': 0}",threads,3743350781340885974,White rose,,"Wana discuss something like deep like psychology, geopolitics or anything cool?",threads,76565258673,_multiversewalker_
[],2026-01-10T14:33:51.982046+07:00,"Dear Western leftists,

Please stop explaining Venezuela to Venezuelans.
They know oil was part of the equation… they are not naive.
They also know what a dictatorship feels like…they lived it.

Two things can be true at once:
geopolitics has interests and ending authoritarian rule matters.

Your condescension isn’t solidarity.
It’s narcissism + savior complex.

Sit this one out.",2026-01-05T06:47:23+07:00,,3802978976600483617,threads,threads.com,threads_crawler_v1,https://www.threads.net/@graciously.grounded/post/DTG5TrsjOch,https://instagram.fhan4-3.fna.fbcdn.net/v/t51.2885-19/602244625_18547155535015078_3647447866368746977_n.jpg?stp=dst-jpg_s150x150_tt6&efg=eyJ2ZW5jb2RlX3RhZyI6InByb2ZpbGVfcGljLmRqYW5nby4xMDgwLmMyIn0&_nc_ht=instagram.fhan4-3.fna.fbcdn.net&_nc_cat=110&_nc_oc=Q6cZ2QHrbF4VZOrsKl0PXZaeG8GAXoSCwXWpaQLkBTsOWaC12n4ZoYlbcdywOL_Us-yVMRA&_nc_ohc=6G6kwWOjjI8Q7kNvwGRFqoD&_nc_gid=i4SChN5FxsTboHd5MOc2Zg&edm=AJhczIQBAAAA&ccb=7-5&oh=00_Afr2TfdEpQSLiSzbmJz7HqAia2tAbDcYFd0bpYJ-PG-mpA&oe=6967EBD7&_nc_sid=4a2096,206,0,753,74,0,[],,https://www.threads.net/@graciously.grounded/post/DTG5TrsjOch,[],"{'likes': 753, 'reposts': 72, 'quotes': 2}",threads,3802978976600483617,Camila Bronson,Venezuela,"Dear Western leftists,

Please stop explaining Venezuela to Venezuelans.
They know oil was part of the equation… they are not naive.
They also know what a dictatorship feels like…they lived it.

Two things can be true at once:
geopolitics has interests and ending authoritarian rule matters.

Your condescension isn’t solidarity.
It’s narcissism + savior complex.

Sit this one out.",threads,62808317186,graciously.grounded
[],2026-01-10T14:33:51.982192+07:00,Follow ⚡ #geopolitics #india #brics #usa #globalpolitics #diplomacy #worldnews #foreignpolicy #geopoliticalupdates #indiandiplomacy #brics2025 #usaforeignpolicy #internationalrelations #newworldorder #geostrategy #geopoliticalanalysis #modiinternational #bricsunity #globalalliances #geopoliticaltensions,2025-07-12T16:16:27+07:00,,3674980076866636195,threads,threads.com,threads_crawler_v1,https://www.threads.net/@basedgeopolitics/post/DMAJui2Rgmj,https://instagram.fhan4-5.fna.fbcdn.net/v/t51.2885-19/503492698_17855393679454958_5184610054843915581_n.jpg?stp=dst-jpg_s150x150_tt6&efg=eyJ2ZW5jb2RlX3RhZyI6InByb2ZpbGVfcGljLmRqYW5nby4xMDgwLmMyIn0&_nc_ht=instagram.fhan4-5.fna.fbcdn.net&_nc_cat=102&_nc_oc=Q6cZ2QHrbF4VZOrsKl0PXZaeG8GAXoSCwXWpaQLkBTsOWaC12n4ZoYlbcdywOL_Us-yVMRA&_nc_ohc=6Qn5_G9zYvIQ7kNvwEjmVZ_&_nc_gid=i4SChN5FxsTboHd5MOc2Zg&edm=AJhczIQBAAAA&ccb=7-5&oh=00_Afo8aznJO5MHulTRSBI7mY3djrKnrSQDGPnNhY1S94zSlA&oe=6967B9E4&_nc_sid=4a2096,7,0,19,0,0,"['https://instagram.fhan4-6.fna.fbcdn.net/v/t51.2885-15/520143580_1262020375576989_1318227545680318596_n.jpg?stp=dst-jpg_e15_tt6&efg=eyJ2ZW5jb2RlX3RhZyI6InRocmVhZHMuRkVFRC5pbWFnZV91cmxnZW4uNjQweDY0MC5zZHIuZjcxODc4LmRlZmF1bHRfY292ZXJfZnJhbWUuYzIifQ&_nc_ht=instagram.fhan4-6.fna.fbcdn.net&_nc_cat=109&_nc_oc=Q6cZ2QHrbF4VZOrsKl0PXZaeG8GAXoSCwXWpaQLkBTsOWaC12n4ZoYlbcdywOL_Us-yVMRA&_nc_ohc=dpJj8nIcgYQQ7kNvwFrGODn&_nc_gid=i4SChN5FxsTboHd5MOc2Zg&edm=AJhczIQBAAAA&ccb=7-5&ig_cache_key=MzY3NDk4MDA3Njg2NjYzNjE5NQ%3D%3D.3-ccb7-5&oh=00_AfplKlWnrm5wqy_sgwCXiSSjQmPyxB0MY8YG48q6OusRPg&oe=6967DF6C&_nc_sid=4a2096', 'https://instagram.fhan4-5.fna.fbcdn.net/o1/v/t2/f2/m367/AQPfEgqY_gKFsEeb_X40l0wmcz-3t46LaXysRFEERRgNiEGCYKSfAPDDly2vtZD77txMGqEqqAh3Ojya51ETJP3T48Cse_No0qPvQ3g.mp4?_nc_cat=103&_nc_oc=AdldywJ3t5eickhrWCqL65qpU1lAGjdoyUEq6EHOLmdWSkCAKb1wBh6nvksK0pe4WhU&_nc_sid=5e9851&_nc_ht=instagram.fhan4-5.fna.fbcdn.net&_nc_ohc=sMtpd69n0UkQ7kNvwHe92ZX&efg=eyJ2ZW5jb2RlX3RhZyI6Inhwdl9wcm9ncmVzc2l2ZS5JTlNUQUdSQU0uRkVFRC5DMy43MjAuZGFzaF9iYXNlbGluZV8xX3YxIiwieHB2X2Fzc2V0X2lkIjozMjUxNjk4ODY0OTg1Nzk3LCJhc3NldF9hZ2VfZGF5cyI6MTgxLCJ2aV91c2VjYXNlX2lkIjoxMDA5OSwiZHVyYXRpb25fcyI6NSwidXJsZ2VuX3NvdXJjZSI6Ind3dyJ9&ccb=17-1&_nc_gid=i4SChN5FxsTboHd5MOc2Zg&_nc_zt=28&vs=de248db1ca9afa17&_nc_vs=HBksFQIYQGlnX2VwaGVtZXJhbC84NjREMENEMzVENTcwNTQ3OThGMUY5MTFDQzkwMDg4OV92aWRlb19kYXNoaW5pdC5tcDQVAALIARIAFQIYRmlnX3hwdl9yZWVsc19wZXJtYW5lbnRfc3JfcHJvZC83NjA3NTcwODYyOTY3MjFfNjU0NjM2NDk0NzU2MjU3ODYwMS5tcDQVAgLIARIAKAAYABsCiAd1c2Vfb2lsATEScHJvZ3Jlc3NpdmVfcmVjaXBlATEVAAAmitucvOTZxgsVAigCQzMsF0AUIcrAgxJvGBJkYXNoX2Jhc2VsaW5lXzFfdjERAHXqB2XmnQEA&oh=00_AfopxmXDyTvE2KlN21TZHXlzkLldLZdSlmbF6Pd2nZZnbg&oe=6967D8F8']",,https://www.threads.net/@basedgeopolitics/post/DMAJui2Rgmj,[],"{'likes': 19, 'reposts': 0, 'quotes': 0}",threads,3674980076866636195,𝐁𝐚𝐬𝐞𝐝 𝐆𝐞𝐨𝐩𝐨𝐥𝐢𝐭𝐢𝐜𝐬,geopolitics,Follow ⚡ #geopolitics #india #brics #usa #globalpolitics #diplomacy #worldnews #foreignpolicy #geopoliticalupdates #indiandiplomacy #brics2025 #usaforeignpolicy #internationalrelations #newworldorder #geostrategy #geopoliticalanalysis #modiinternational #bricsunity #globalalliances #geopoliticaltensions,threads,75315364520,basedgeopolitics
[],2026-01-10T14:33:51.982351+07:00,"🇬🇧✈️ The UK’s top Air Force leader warns: Britain’s “sons and daughters” must be prepared for a potential conflict with Russia. The threat is real, and readiness is key. Are we truly prepared for what’s ahead?",2025-12-16T12:48:34+07:00,,3788665250166656908,threads,threads.com,threads_crawler_v1,https://www.threads.net/@ceanmedia/post/DSUCvjJDM-M,https://instagram.fhan4-1.fna.fbcdn.net/v/t51.2885-19/516231298_18054533744527829_2727005556179792588_n.jpg?stp=dst-jpg_s150x150_tt6&efg=eyJ2ZW5jb2RlX3RhZyI6InByb2ZpbGVfcGljLmRqYW5nby4xMDI0LmMyIn0&_nc_ht=instagram.fhan4-1.fna.fbcdn.net&_nc_cat=105&_nc_oc=Q6cZ2QHrbF4VZOrsKl0PXZaeG8GAXoSCwXWpaQLkBTsOWaC12n4ZoYlbcdywOL_Us-yVMRA&_nc_ohc=MPLTYR0OGMUQ7kNvwH3QJc5&_nc_gid=i4SChN5FxsTboHd5MOc2Zg&edm=AJhczIQBAAAA&ccb=7-5&oh=00_AfrRSBHPMwOSUW4ER24CH7AVOoSwxKUYzkxuUK-EDZksRg&oe=6967E128&_nc_sid=4a2096,198,0,99,8,0,['https://instagram.fhan4-5.fna.fbcdn.net/v/t51.2885-15/587790086_17936077347110690_588956869292819356_n.jpg?stp=dst-jpg_e35_tt6&efg=eyJ2ZW5jb2RlX3RhZyI6InRocmVhZHMuRkVFRC5pbWFnZV91cmxnZW4uNjgweDQyMC5zZHIuZjgyNzg3LmRlZmF1bHRfaW1hZ2UuYzIifQ&_nc_ht=instagram.fhan4-5.fna.fbcdn.net&_nc_cat=102&_nc_oc=Q6cZ2QHrbF4VZOrsKl0PXZaeG8GAXoSCwXWpaQLkBTsOWaC12n4ZoYlbcdywOL_Us-yVMRA&_nc_ohc=28H_g28woPcQ7kNvwFqMaOl&_nc_gid=i4SChN5FxsTboHd5MOc2Zg&edm=AJhczIQBAAAA&ccb=7-5&ig_cache_key=Mzc4ODY2NTI1MDE2NjY1NjkwOA%3D%3D.3-ccb7-5&oh=00_AfqOQSZ7LfFZe_F6gDq9PoV4m0KItftowbhwfTV0dE9DOg&oe=6967EE50&_nc_sid=4a2096'],,https://www.threads.net/@ceanmedia/post/DSUCvjJDM-M,[],"{'likes': 99, 'reposts': 6, 'quotes': 2}",threads,3788665250166656908,CEAN,UKDefense #GlobalSecurity #AirForce #Geopolitics,"🇬🇧✈️ The UK’s top Air Force leader warns: Britain’s “sons and daughters” must be prepared for a potential conflict with Russia. The threat is real, and readiness is key. Are we truly prepared for what’s ahead?",threads,63158934689,ceanmedia
[],2026-01-10T14:33:51.982521+07:00,"Dolaand Trump, the FIFA Peace Prize Winner 2026! 😇

#geopolitics #news",2026-01-04T17:59:52+07:00,,3802592653478029922,threads,threads.com,threads_crawler_v1,https://www.threads.net/@niharikachoudharyyy/post/DTFhd8QEWpi,https://instagram.fhan3-3.fna.fbcdn.net/v/t51.2885-19/526641952_18097881508720955_5456097883623558594_n.jpg?stp=dst-jpg_s150x150_tt6&efg=eyJ2ZW5jb2RlX3RhZyI6InByb2ZpbGVfcGljLmRqYW5nby4xMDgwLmMyIn0&_nc_ht=instagram.fhan3-3.fna.fbcdn.net&_nc_cat=1&_nc_oc=Q6cZ2QHrbF4VZOrsKl0PXZaeG8GAXoSCwXWpaQLkBTsOWaC12n4ZoYlbcdywOL_Us-yVMRA&_nc_ohc=zgNrofXM8XAQ7kNvwGIhWe9&_nc_gid=i4SChN5FxsTboHd5MOc2Zg&edm=AJhczIQBAAAA&ccb=7-5&oh=00_AfpbOQFz8_Ik2fKTMEEEwqyQnZAIP9upSA8JXCN-_Veu9g&oe=6967D917&_nc_sid=4a2096,4,0,221,16,0,"['https://instagram.fhan3-4.fna.fbcdn.net/v/t51.2885-15/589821329_889848503999212_5601646641071734904_n.jpg?se=-1&stp=dst-jpegr_e15_tt6&efg=eyJ2ZW5jb2RlX3RhZyI6InRocmVhZHMuRkVFRC5pbWFnZV91cmxnZW4uNjQweDExMzYuaGRyLmY3MTg3OC5kZWZhdWx0X2NvdmVyX2ZyYW1lLmMyIn0&_nc_ht=instagram.fhan3-4.fna.fbcdn.net&_nc_cat=104&_nc_oc=Q6cZ2QHrbF4VZOrsKl0PXZaeG8GAXoSCwXWpaQLkBTsOWaC12n4ZoYlbcdywOL_Us-yVMRA&_nc_ohc=QyY7naJInhQQ7kNvwG90h91&_nc_gid=i4SChN5FxsTboHd5MOc2Zg&edm=AJhczIQBAAAA&ccb=7-5&ig_cache_key=MzgwMjU5MjY1MzQ3ODAyOTkyMg%3D%3D.3-ccb7-5&oh=00_Afo7MEyTJMvOd682uZFQWCdrSReWL7b9fLRnTt3eUMOdFQ&oe=6967DB26&_nc_sid=4a2096', 'https://instagram.fhan4-5.fna.fbcdn.net/o1/v/t16/f2/m69/AQMICGlw8DhW9xHjo8ZGFEfZuSoK2qmiRGx8Q7K4klI4bqcGeMLjxM0Ufm8c4E_bCvPWemOWvc1_aV4U3JyVi2PM.mp4?strext=1&_nc_cat=102&_nc_oc=AdlBz6El9a-1f1upASu0D8cEVhvcKPR1XT5X5g1g9MZQP-4TMuTE5jxNueLTKD9FpqQ&_nc_sid=5e9851&_nc_ht=instagram.fhan4-5.fna.fbcdn.net&_nc_ohc=MLHRaYtyl64Q7kNvwFyjJbZ&efg=eyJ2ZW5jb2RlX3RhZyI6Inhwdl9wcm9ncmVzc2l2ZS5JTlNUQUdSQU0uRkVFRC5DMy43MjAuZGFzaF9iYXNlbGluZV8xX3YxIiwieHB2X2Fzc2V0X2lkIjoxNDAyODM1NjU0ODcxNTI3LCJhc3NldF9hZ2VfZGF5cyI6NSwidmlfdXNlY2FzZV9pZCI6MTAwOTksImR1cmF0aW9uX3MiOjg2LCJ1cmxnZW5fc291cmNlIjoid3d3In0%3D&ccb=17-1&_nc_gid=i4SChN5FxsTboHd5MOc2Zg&_nc_zt=28&vs=de31952e0712e52&_nc_vs=HBksFQIYOnBhc3N0aHJvdWdoX2V2ZXJzdG9yZS9HSGdnYnlTdWFaR1d1TUFGQUZyYV8xM1B5UEE4YnNwVEFRQUYVAALIARIAFQIYOnBhc3N0aHJvdWdoX2V2ZXJzdG9yZS9HT2ZJVnlSdW5WMnJsQklEQUQ2N2Z0WFlYcTFzYnN0VEFRQUYVAgLIARIAKAAYABsCiAd1c2Vfb2lsATEScHJvZ3Jlc3NpdmVfcmVjaXBlATEVAAAmzqeYjuT3_QQVAigCQzMsF0BViIMSbpeNGBJkYXNoX2Jhc2VsaW5lXzFfdjERAHXqB2XmnQEA&oh=00_AfrEiyKUyaDjsqVUitXQ0LrqlYK1aEp7GeOHE0yy5rnGqA&oe=6967E7D6']",,https://www.threads.net/@niharikachoudharyyy/post/DTFhd8QEWpi,[],"{'likes': 221, 'reposts': 15, 'quotes': 1}",threads,3802592653478029922,Niharika Choudhary,,"Dolaand Trump, the FIFA Peace Prize Winner 2026! 😇

#geopolitics #news",threads,63449787569,niharikachoudharyyy
[],2026-01-10T14:33:51.982675+07:00,"JAN 2026 RECEIPT LOG

This is not chaos.
It’s choreography.
While you’re fed sirens and shiny bullshit, power moves quietly through courts, contracts, and delays.
This log exists to track paper, not performances.
Receipts over rage.
Names over noise.
Let’s begin.",2026-01-05T20:43:11+07:00,,3803399650753422682,threads,threads.com,threads_crawler_v1,https://www.threads.net/@tichotajames/post/DTIY9TCAKVa,https://instagram.fhan4-3.fna.fbcdn.net/v/t51.2885-19/502958541_18271837006274436_2471877724202553430_n.jpg?stp=dst-jpg_s150x150_tt6&efg=eyJ2ZW5jb2RlX3RhZyI6InByb2ZpbGVfcGljLmRqYW5nby4xMDI0LmMyIn0&_nc_ht=instagram.fhan4-3.fna.fbcdn.net&_nc_cat=100&_nc_oc=Q6cZ2QHrbF4VZOrsKl0PXZaeG8GAXoSCwXWpaQLkBTsOWaC12n4ZoYlbcdywOL_Us-yVMRA&_nc_ohc=5egwqaZQ3LMQ7kNvwEdjycD&_nc_gid=i4SChN5FxsTboHd5MOc2Zg&edm=AJhczIQBAAAA&ccb=7-5&oh=00_Afqyc-cVkD8_ShIYXmnHCtLUFjlbPePngXLN_YQiyCeI6w&oe=6967D272&_nc_sid=4a2096,18,0,5,7,0,[],,https://www.threads.net/@tichotajames/post/DTIY9TCAKVa,[],"{'likes': 5, 'reposts': 2, 'quotes': 5}",threads,3803399650753422682,James Tichota,World Geopolitics,"JAN 2026 RECEIPT LOG

This is not chaos.
It’s choreography.
While you’re fed sirens and shiny bullshit, power moves quietly through courts, contracts, and delays.
This log exists to track paper, not performances.
Receipts over rage.
Names over noise.
Let’s begin.",threads,71414702731,tichotajames
[],2026-01-10T14:33:51.982824+07:00,"Day 15 of testing Downstream’s model against Polymarket. Will Nicolas Maduro be out of power by March 31, 2026?

#geopolitics #economics #finance #forecasting #Venezuela #usa #politics",2026-01-03T09:13:04+07:00,,3801602735666511721,threads,threads.com,threads_crawler_v1,https://www.threads.net/@downstreamintel/post/DTCAYvcjj9p,https://instagram.fhan4-1.fna.fbcdn.net/v/t51.2885-19/486785501_1368625600802573_3049113944512272262_n.jpg?stp=dst-jpg_s150x150_tt6&efg=eyJ2ZW5jb2RlX3RhZyI6InByb2ZpbGVfcGljLmRqYW5nby4xMDgwLmMyIn0&_nc_ht=instagram.fhan4-1.fna.fbcdn.net&_nc_cat=105&_nc_oc=Q6cZ2QHrbF4VZOrsKl0PXZaeG8GAXoSCwXWpaQLkBTsOWaC12n4ZoYlbcdywOL_Us-yVMRA&_nc_ohc=c-xUpsVbhQUQ7kNvwGh-k3F&_nc_gid=i4SChN5FxsTboHd5MOc2Zg&edm=AJhczIQBAAAA&ccb=7-5&oh=00_Afox_9__Yzwt18v6ekVcx7AlAWRj2vZ7V29Cyi9jPkVn5A&oe=6967D4D1&_nc_sid=4a2096,2,0,1,0,0,"['https://instagram.fhan4-5.fna.fbcdn.net/v/t51.2885-15/608844360_17882772933429218_3163976837073856423_n.jpg?stp=dst-jpg_e15_tt6&efg=eyJ2ZW5jb2RlX3RhZyI6InRocmVhZHMuRkVFRC5pbWFnZV91cmxnZW4uMTQ3NHgyNjE4LnNkci5mODI3ODcuZGVmYXVsdF9jb3Zlcl9mcmFtZS5jMiJ9&_nc_ht=instagram.fhan4-5.fna.fbcdn.net&_nc_cat=102&_nc_oc=Q6cZ2QHrbF4VZOrsKl0PXZaeG8GAXoSCwXWpaQLkBTsOWaC12n4ZoYlbcdywOL_Us-yVMRA&_nc_ohc=pjpPfOurvRoQ7kNvwGGquZ9&_nc_gid=i4SChN5FxsTboHd5MOc2Zg&edm=AJhczIQBAAAA&ccb=7-5&ig_cache_key=MzgwMTYwMjczNTY2NjUxMTcyMQ%3D%3D.3-ccb7-5&oh=00_AfrRSkP3_77MiMmkcQqoq7fmhcffzJDcEeyrasRNh8oevQ&oe=6967CDEF&_nc_sid=4a2096', 'https://instagram.fhan4-6.fna.fbcdn.net/o1/v/t2/f2/m86/AQPx-WF6T1DDlW9GmXHfYvRn1f6U1kNc9ewo-oOPMEK0_toaLpRMavgxSyQBDdZXR75MSUwg1h_gPo1XH-ywLp24jBS9sNNFEziBLOg.mp4?_nc_cat=109&_nc_oc=AdlAB4BNhvjOCnLz-QifA6xu5_OCurz1vgNKpUJVBr3XlKvw1zVSknYXGwAi0NyoPWo&_nc_sid=5e9851&_nc_ht=instagram.fhan4-6.fna.fbcdn.net&_nc_ohc=occfqUQysvYQ7kNvwEwrk_Q&efg=eyJ2ZW5jb2RlX3RhZyI6Inhwdl9wcm9ncmVzc2l2ZS5JTlNUQUdSQU0uRkVFRC5DMy43MjAuZGFzaF9iYXNlbGluZV8xX3YxIiwieHB2X2Fzc2V0X2lkIjo0MDQ3OTQyMTcyMTgyNTAwLCJhc3NldF9hZ2VfZGF5cyI6NywidmlfdXNlY2FzZV9pZCI6MTAwOTksImR1cmF0aW9uX3MiOjg3LCJ1cmxnZW5fc291cmNlIjoid3d3In0%3D&ccb=17-1&_nc_gid=i4SChN5FxsTboHd5MOc2Zg&_nc_zt=28&vs=83ab215ecc2135f5&_nc_vs=HBksFQIYUmlnX3hwdl9yZWVsc19wZXJtYW5lbnRfc3JfcHJvZC84RDQ3MEI3RDc4NkVGOUZFMTUzNEUwNzdFNjVEMzc5N192aWRlb19kYXNoaW5pdC5tcDQVAALIARIAFQIYOnBhc3N0aHJvdWdoX2V2ZXJzdG9yZS9HRUNhYVNReUMxS2JHbW9FQUhZTFZyZl9HSFVsYnN0VEFRQUYVAgLIARIAKAAYABsCiAd1c2Vfb2lsATEScHJvZ3Jlc3NpdmVfcmVjaXBlATEVAAAmyJ_0s5_lsA4VAigCQzMsF0BV3dLxqfvnGBJkYXNoX2Jhc2VsaW5lXzFfdjERAHXqB2XmnQEA&oh=00_AfpdwqEwdAzSOf5fHl5Pci61f0bHo8jalfKA23Gdn0rVRA&oe=6963D032']",,https://www.threads.net/@downstreamintel/post/DTCAYvcjj9p,[],"{'likes': 1, 'reposts': 0, 'quotes': 0}",threads,3801602735666511721,Downstream Intelligence,,"Day 15 of testing Downstream’s model against Polymarket. Will Nicolas Maduro be out of power by March 31, 2026?

#geopolitics #economics #finance #forecasting #Venezuela #usa #politics",threads,73300981847,downstreamintel
[],2026-01-10T14:33:51.982984+07:00,What if USSR will be restored? Will the west stand a chance?,2025-12-05T15:16:53+07:00,,3780767363152173425,threads,threads.com,threads_crawler_v1,https://www.threads.net/@spicey.doy/post/DR3--KrE1lx,https://instagram.fhan4-1.fna.fbcdn.net/v/t51.2885-19/420174119_409462708101077_3623398858772491050_n.jpg?stp=dst-jpg_s150x150_tt6&efg=eyJ2ZW5jb2RlX3RhZyI6InByb2ZpbGVfcGljLmRqYW5nby4xMDgwLmMyIn0&_nc_ht=instagram.fhan4-1.fna.fbcdn.net&_nc_cat=105&_nc_oc=Q6cZ2QHrbF4VZOrsKl0PXZaeG8GAXoSCwXWpaQLkBTsOWaC12n4ZoYlbcdywOL_Us-yVMRA&_nc_ohc=ft6scDOuMBAQ7kNvwHmj6-B&_nc_gid=i4SChN5FxsTboHd5MOc2Zg&edm=AJhczIQBAAAA&ccb=7-5&oh=00_AfrnLa9FzmNjCqGmzOgDTimyraSd4717gEPjCwTof0xGxw&oe=6967CFBA&_nc_sid=4a2096,15,0,1,0,0,[],,https://www.threads.net/@spicey.doy/post/DR3--KrE1lx,[],"{'likes': 1, 'reposts': 0, 'quotes': 0}",threads,3780767363152173425,Spice,Geopolitics,What if USSR will be restored? Will the west stand a chance?,threads,64597723426,spicey.doy
[],2026-01-10T14:33:51.983136+07:00,"🚨 Trump drops a bomb: ""Zelensky has to sign something."" 

During their Alaska meeting, Trump and Putin are set to discuss a ceasefire and possible ""territory exchange."" 

Big changes ahead? 🤔🕊️",2025-08-09T13:27:43+07:00,,3695188708451296122,threads,threads.com,threads_crawler_v1,https://www.threads.net/@ceanmedia/post/DNH8o1pRiN6,https://instagram.fhan4-1.fna.fbcdn.net/v/t51.2885-19/516231298_18054533744527829_2727005556179792588_n.jpg?stp=dst-jpg_s150x150_tt6&efg=eyJ2ZW5jb2RlX3RhZyI6InByb2ZpbGVfcGljLmRqYW5nby4xMDI0LmMyIn0&_nc_ht=instagram.fhan4-1.fna.fbcdn.net&_nc_cat=105&_nc_oc=Q6cZ2QHrbF4VZOrsKl0PXZaeG8GAXoSCwXWpaQLkBTsOWaC12n4ZoYlbcdywOL_Us-yVMRA&_nc_ohc=MPLTYR0OGMUQ7kNvwH3QJc5&_nc_gid=i4SChN5FxsTboHd5MOc2Zg&edm=AJhczIQBAAAA&ccb=7-5&oh=00_AfrRSBHPMwOSUW4ER24CH7AVOoSwxKUYzkxuUK-EDZksRg&oe=6967E128&_nc_sid=4a2096,696,0,357,14,0,"['https://instagram.fhan4-6.fna.fbcdn.net/v/t51.2885-15/527466161_1371923063925237_1090357451277463765_n.jpg?stp=dst-jpg_e15_tt6&efg=eyJ2ZW5jb2RlX3RhZyI6InRocmVhZHMuRkVFRC5pbWFnZV91cmxnZW4uNjQweDM2MC5zZHIuZjcxODc4LmRlZmF1bHRfY292ZXJfZnJhbWUuYzIifQ&_nc_ht=instagram.fhan4-6.fna.fbcdn.net&_nc_cat=109&_nc_oc=Q6cZ2QHrbF4VZOrsKl0PXZaeG8GAXoSCwXWpaQLkBTsOWaC12n4ZoYlbcdywOL_Us-yVMRA&_nc_ohc=39Dbf_37MVQQ7kNvwGw9Efh&_nc_gid=i4SChN5FxsTboHd5MOc2Zg&edm=AJhczIQBAAAA&ccb=7-5&ig_cache_key=MzY5NTE4ODcwODQ1MTI5NjEyMg%3D%3D.3-ccb7-5&oh=00_AfpThJhiXH0HE5bKkNecV2svWOkvwj2xn-KfHt3lqu01jw&oe=6967DD83&_nc_sid=4a2096', 'https://instagram.fhan4-5.fna.fbcdn.net/o1/v/t16/f2/m69/AQO6Y_emAEanvYx3--FzlhJcHjFHAsDtFU0vGlSbQ0tpqx-xARC2fj0Uyrv_3m0oROybQwMbEPUIl2c7xb4Ztesm.mp4?strext=1&_nc_cat=102&_nc_oc=AdkZXJwQaB1TI0JwDkZHWlCpVsyh6rEzNrQ3RjY9IIkXcKlaA1hmLPPIH3Xpw26B2HA&_nc_sid=8bf8fe&_nc_ht=instagram.fhan4-5.fna.fbcdn.net&_nc_ohc=025soDTGWtIQ7kNvwGIyBXy&efg=eyJ2ZW5jb2RlX3RhZyI6Inhwdl9wcm9ncmVzc2l2ZS5JTlNUQUdSQU0uRkVFRC5DMy4xMjgwLnByb2dyZXNzaXZlX2gyNjQtYmFzaWMtZ2VuMl83MjBwIiwieHB2X2Fzc2V0X2lkIjo2NjExODE3MTYyNzMxMjgsImFzc2V0X2FnZV9kYXlzIjoxNTQsInZpX3VzZWNhc2VfaWQiOjEwMTY0LCJkdXJhdGlvbl9zIjoxMSwidXJsZ2VuX3NvdXJjZSI6Ind3dyJ9&ccb=17-1&_nc_gid=i4SChN5FxsTboHd5MOc2Zg&_nc_zt=28&oh=00_AfrkBmobYzrIuK9sUyLdWAESgOdCeaoiODGBvyBVwWD0_A&oe=6967E04E']",,https://www.threads.net/@ceanmedia/post/DNH8o1pRiN6,[],"{'likes': 357, 'reposts': 12, 'quotes': 2}",threads,3695188708451296122,CEAN,Geopolitics #Ukraine #Diplomacy #AlaskaMeeting,"🚨 Trump drops a bomb: ""Zelensky has to sign something."" 

During their Alaska meeting, Trump and Putin are set to discuss a ceasefire and possible ""territory exchange."" 

Big changes ahead? 🤔🕊️",threads,63158934689,ceanmedia
[],2026-01-10T14:33:51.983286+07:00,South Korea is based. #southkorea #uspolitics #geopolitics #christian,2025-09-15T04:12:04+07:00,,3721725904969074621,threads,threads.com,threads_crawler_v1,https://www.threads.net/@amandatalksgeopolitics/post/DOmOf31DQe9,https://instagram.fhan3-3.fna.fbcdn.net/v/t51.2885-19/613186586_18552526468015854_6611129264664004002_n.jpg?stp=dst-jpg_s150x150_tt6&efg=eyJ2ZW5jb2RlX3RhZyI6InByb2ZpbGVfcGljLmRqYW5nby4zNTYuYzIifQ&_nc_ht=instagram.fhan3-3.fna.fbcdn.net&_nc_cat=1&_nc_oc=Q6cZ2QHrbF4VZOrsKl0PXZaeG8GAXoSCwXWpaQLkBTsOWaC12n4ZoYlbcdywOL_Us-yVMRA&_nc_ohc=PSOSXi8ZTQ0Q7kNvwFsBy-3&_nc_gid=i4SChN5FxsTboHd5MOc2Zg&edm=AJhczIQBAAAA&ccb=7-5&oh=00_Afp7gdqIclJLZRj77rRShr0DjNcre1IpEule-xqLJ3S2hQ&oe=6967EBDF&_nc_sid=4a2096,47,0,148,19,0,"['https://instagram.fhan4-5.fna.fbcdn.net/v/t51.2885-15/548831103_1116568036720934_7459348736818891563_n.jpg?stp=dst-jpg_e15_tt6&efg=eyJ2ZW5jb2RlX3RhZyI6InRocmVhZHMuRkVFRC5pbWFnZV91cmxnZW4uNjQweDExMzYuc2RyLmY3MTg3OC5kZWZhdWx0X2NvdmVyX2ZyYW1lLmMyIn0&_nc_ht=instagram.fhan4-5.fna.fbcdn.net&_nc_cat=102&_nc_oc=Q6cZ2QHrbF4VZOrsKl0PXZaeG8GAXoSCwXWpaQLkBTsOWaC12n4ZoYlbcdywOL_Us-yVMRA&_nc_ohc=MaxIzDdFCAsQ7kNvwHAwA7y&_nc_gid=i4SChN5FxsTboHd5MOc2Zg&edm=AJhczIQBAAAA&ccb=7-5&ig_cache_key=MzcyMTcyNTkwNDk2OTA3NDYyMQ%3D%3D.3-ccb7-5&oh=00_Afp0uYbTGf7GOwGzx8gTlMEq5OB9Pi3YvUkEooKKl2vp3w&oe=6967ED32&_nc_sid=4a2096', 'https://instagram.fhan4-1.fna.fbcdn.net/o1/v/t2/f2/m86/AQP55bU5hn3J8ehutD1wXoPCqCabKhCRJuoKcP5uBpglpx43zF7KYPWAQkf-WlAVcrXuYNf_AAVIhFhaaTJU34IHtDS22SKkn_VIWxc.mp4?_nc_cat=105&_nc_oc=AdlTkvFnrw9-OhH_cvUFZ9k8V1HOwJfqmOQGvOrjwi5fm-ryOSV4LDQtyIO0jT7kisc&_nc_sid=5e9851&_nc_ht=instagram.fhan4-1.fna.fbcdn.net&_nc_ohc=OgJwmKQR2RAQ7kNvwF2gpqx&efg=eyJ2ZW5jb2RlX3RhZyI6Inhwdl9wcm9ncmVzc2l2ZS5JTlNUQUdSQU0uRkVFRC5DMy43MjAuZGFzaF9iYXNlbGluZV8xX3YxIiwieHB2X2Fzc2V0X2lkIjoyNzYyNTQ2ODQzOTQyMTA5LCJhc3NldF9hZ2VfZGF5cyI6MTE3LCJ2aV91c2VjYXNlX2lkIjoxMDA5OSwiZHVyYXRpb25fcyI6MTQ1LCJ1cmxnZW5fc291cmNlIjoid3d3In0%3D&ccb=17-1&_nc_gid=i4SChN5FxsTboHd5MOc2Zg&_nc_zt=28&vs=f492833720124a6a&_nc_vs=HBksFQIYUmlnX3hwdl9yZWVsc19wZXJtYW5lbnRfc3JfcHJvZC9GMTRDMzQwMEFEQjA1MTBBMDY0RDQ3QjM2NzNFN0NCNl92aWRlb19kYXNoaW5pdC5tcDQVAALIARIAFQIYOnBhc3N0aHJvdWdoX2V2ZXJzdG9yZS9HT25RSXlEVC1CQnpSeHNGQUxQeTNSenNFQWtuYnFfRUFBQUYVAgLIARIAKAAYABsCiAd1c2Vfb2lsATEScHJvZ3Jlc3NpdmVfcmVjaXBlATEVAAAmuvP39LGh6AkVAigCQzMsF0BiLdsi0OVgGBJkYXNoX2Jhc2VsaW5lXzFfdjERAHXqB2XmnQEA&oh=00_AfpAJr_JdDC1nkwnAnCPCShOxQ8eeZCJzUKmwORJxV4CRg&oe=6963C916']",,https://www.threads.net/@amandatalksgeopolitics/post/DOmOf31DQe9,[],"{'likes': 148, 'reposts': 19, 'quotes': 0}",threads,3721725904969074621,amanda peterson,,South Korea is based. #southkorea #uspolitics #geopolitics #christian,threads,63398749785,amandatalksgeopolitics
[],2026-01-10T14:33:51.983477+07:00,"Who hates who - Geopolitics Version 

#geopolitics #explore #geopolitica #worldaffairs #politics #memes",2025-01-30T18:16:12+07:00,,3556901901775514895,threads,threads.com,threads_crawler_v1,https://www.threads.net/@sigma.politics/post/DFcp280Pa0P,https://instagram.fhan4-3.fna.fbcdn.net/v/t51.2885-19/358334168_292955649902304_3913733508528086870_n.jpg?stp=dst-jpg_s150x150_tt6&efg=eyJ2ZW5jb2RlX3RhZyI6InByb2ZpbGVfcGljLmRqYW5nby4zMjAuYzIifQ&_nc_ht=instagram.fhan4-3.fna.fbcdn.net&_nc_cat=100&_nc_oc=Q6cZ2QHrbF4VZOrsKl0PXZaeG8GAXoSCwXWpaQLkBTsOWaC12n4ZoYlbcdywOL_Us-yVMRA&_nc_ohc=bjxhsOWkStUQ7kNvwHoeqhE&_nc_gid=i4SChN5FxsTboHd5MOc2Zg&edm=AJhczIQBAAAA&ccb=7-5&oh=00_Afo02b0Zn1bstvoZpaUyvBA2he5aFHK0SXA4JSesx3Sqnw&oe=6967BD5C&_nc_sid=4a2096,121,0,1416,95,0,"['https://instagram.fhan4-5.fna.fbcdn.net/v/t51.2885-15/500247941_1139140128231074_8535068636509235810_n.jpg?stp=dst-jpg_e15_tt6&efg=eyJ2ZW5jb2RlX3RhZyI6InRocmVhZHMuRkVFRC5pbWFnZV91cmxnZW4uMTA4MHgxOTIwLnNkci5mNzE4NzguZGVmYXVsdF9jb3Zlcl9mcmFtZS5jMiJ9&_nc_ht=instagram.fhan4-5.fna.fbcdn.net&_nc_cat=102&_nc_oc=Q6cZ2QHrbF4VZOrsKl0PXZaeG8GAXoSCwXWpaQLkBTsOWaC12n4ZoYlbcdywOL_Us-yVMRA&_nc_ohc=ZHtI3btU3rIQ7kNvwGP38vz&_nc_gid=i4SChN5FxsTboHd5MOc2Zg&edm=AJhczIQBAAAA&ccb=7-5&ig_cache_key=MzU1NjkwMTkwMTc3NTUxNDg5NQ%3D%3D.3-ccb7-5&oh=00_AfozRqgQT3hPljnKY3YlPVFqoohafsqqvjvZWSI-_qVeWA&oe=6967DEB8&_nc_sid=4a2096', 'https://instagram.fhan4-6.fna.fbcdn.net/o1/v/t2/f2/m367/AQNPzUbBTDIQq-zfax2mPrEH7BYKvk0kQdio2_Ou0C0GCv_DkGnjd2GX-wixX_PIeBwBkzYComYdEvxOcznPE_bi__G9cwfVqoxmyvE.mp4?_nc_cat=109&_nc_oc=Adm3e7xp8zPvvYhYNHF-k-OTCgamo2cEhikzvg2mfVCdEOjN4IHHVKiNcFE3x1wXS5M&_nc_sid=5e9851&_nc_ht=instagram.fhan4-6.fna.fbcdn.net&_nc_ohc=zttNOvO9h70Q7kNvwHiVEbG&efg=eyJ2ZW5jb2RlX3RhZyI6Inhwdl9wcm9ncmVzc2l2ZS5JTlNUQUdSQU0uRkVFRC5DMy43MjAuZGFzaF9iYXNlbGluZV8xX3YxIiwieHB2X2Fzc2V0X2lkIjoxMDQ4NjAxNjQ3Mjg0OTIzLCJhc3NldF9hZ2VfZGF5cyI6MzQ0LCJ2aV91c2VjYXNlX2lkIjoxMDA5OSwiZHVyYXRpb25fcyI6ODAsInVybGdlbl9zb3VyY2UiOiJ3d3cifQ%3D%3D&ccb=17-1&_nc_gid=i4SChN5FxsTboHd5MOc2Zg&_nc_zt=28&vs=1690489f90f2bdc&_nc_vs=HBksFQIYQGlnX2VwaGVtZXJhbC9DQjQxMzc3RjczOTkzREIwMDZGODg1OERDRkQzMEI5Ml92aWRlb19kYXNoaW5pdC5tcDQVAALIARIAFQIYR2lnX3hwdl9yZWVsc19wZXJtYW5lbnRfc3JfcHJvZC8xNDI1MTQzNjg4NDQ2OTYxXzcwODk0ODQwMDYyNTQ0NTE0NTQubXA0FQICyAESACgAGAAbAogHdXNlX29pbAExEnByb2dyZXNzaXZlX3JlY2lwZQExFQAAJvaKlIvT7NwDFQIoAkMzLBdAVBMzMzMzMxgSZGFzaF9iYXNlbGluZV8xX3YxEQB16gdl5p0BAA&oh=00_AfqEhrmoKlYbrXt1K0IkCVYB806WkxafOVNfaj7czgPtJg&oe=6967DB26']",,https://www.threads.net/@sigma.politics/post/DFcp280Pa0P,[],"{'likes': 1416, 'reposts': 89, 'quotes': 6}",threads,3556901901775514895,Geopolitics,,"Who hates who - Geopolitics Version 

#geopolitics #explore #geopolitica #worldaffairs #politics #memes",threads,63136228864,sigma.politics
[],2026-01-10T14:33:51.983660+07:00,"🚨 Trump says: ""We’re ready!"" 🇺🇸
US nuclear submarines are moving into position. 

#trump #putus #geopolitics #usa",2025-08-03T12:17:21+07:00,,3690804802264395069,threads,threads.com,threads_crawler_v1,https://www.threads.net/@gist_central34/post/DM4X2m2Rm09,https://instagram.fhan4-6.fna.fbcdn.net/v/t51.2885-19/518491555_17895985218252224_8451691719405113606_n.jpg?stp=dst-jpg_s150x150_tt6&efg=eyJ2ZW5jb2RlX3RhZyI6InByb2ZpbGVfcGljLmRqYW5nby4xMDgwLmMyIn0&_nc_ht=instagram.fhan4-6.fna.fbcdn.net&_nc_cat=108&_nc_oc=Q6cZ2QHrbF4VZOrsKl0PXZaeG8GAXoSCwXWpaQLkBTsOWaC12n4ZoYlbcdywOL_Us-yVMRA&_nc_ohc=KTj8E_0q8OAQ7kNvwGEBQHh&_nc_gid=i4SChN5FxsTboHd5MOc2Zg&edm=AJhczIQBAAAA&ccb=7-5&oh=00_AfpMxyR2EOv6X2jcXXKFrgc74FxKcWPxN5E1zUHhHndjUA&oe=6967E00E&_nc_sid=4a2096,84,0,108,3,0,"['https://instagram.fhan4-6.fna.fbcdn.net/v/t51.2885-15/526035053_606502572514412_6496516373849193724_n.jpg?stp=dst-jpg_e15_tt6&efg=eyJ2ZW5jb2RlX3RhZyI6InRocmVhZHMuRkVFRC5pbWFnZV91cmxnZW4uNjQweDY0MC5zZHIuZjcxODc4LmRlZmF1bHRfY292ZXJfZnJhbWUuYzIifQ&_nc_ht=instagram.fhan4-6.fna.fbcdn.net&_nc_cat=108&_nc_oc=Q6cZ2QHrbF4VZOrsKl0PXZaeG8GAXoSCwXWpaQLkBTsOWaC12n4ZoYlbcdywOL_Us-yVMRA&_nc_ohc=m_Wyusy4t-kQ7kNvwEfifvy&_nc_gid=i4SChN5FxsTboHd5MOc2Zg&edm=AJhczIQBAAAA&ccb=7-5&ig_cache_key=MzY5MDgwNDgwMjI2NDM5NTA2OQ%3D%3D.3-ccb7-5&oh=00_AfonTbuVMce8WPu_7m4pfFqHUpeJDJsu_kttqUtM8-qySg&oe=6967D133&_nc_sid=4a2096', 'https://instagram.fhan3-2.fna.fbcdn.net/o1/v/t2/f2/m86/AQNkcWdsQ2ALdt9l-axcW27YMGh-3XEpwQipcJLHkHCRoNn7jujaisNQrucqNcfcXP-0zXpPpmlM-rZidYvYo_Nbw3_e7MIK1XggBMY.mp4?_nc_cat=107&_nc_oc=AdktJ9DLvAP8hGisVnENgGE-xBv-TeLchFbEqQ38qsWkjrRYsUnVD--MKeurD-6iKTQ&_nc_sid=5e9851&_nc_ht=instagram.fhan3-2.fna.fbcdn.net&_nc_ohc=PSHcLO49FVMQ7kNvwFbPWoY&efg=eyJ2ZW5jb2RlX3RhZyI6Inhwdl9wcm9ncmVzc2l2ZS5JTlNUQUdSQU0uRkVFRC5DMy4zNjAuZGFzaF9iYXNlbGluZV8zX3YxIiwieHB2X2Fzc2V0X2lkIjoxMjYwMTgyNTA1ODkxNTc2LCJhc3NldF9hZ2VfZGF5cyI6MTYwLCJ2aV91c2VjYXNlX2lkIjoxMDA5OSwiZHVyYXRpb25fcyI6NSwidXJsZ2VuX3NvdXJjZSI6Ind3dyJ9&ccb=17-1&_nc_gid=i4SChN5FxsTboHd5MOc2Zg&_nc_zt=28&vs=3b7d6a2782d5613a&_nc_vs=HBksFQIYUmlnX3hwdl9yZWVsc19wZXJtYW5lbnRfc3JfcHJvZC82NjRDRUVENTYxNUQwREQ5QkE0QTFENjU5NzlDMzJCNF92aWRlb19kYXNoaW5pdC5tcDQVAALIARIAFQIYRmlnX3hwdl9yZWVsc19wZXJtYW5lbnRfc3JfcHJvZC8xNzY1NjQ3OTAwNzA3NjgzXzk1OTU4Mjc5MTAzOTY5Mjg1Ni5tcDQVAgLIARIAKAAYABsCiAd1c2Vfb2lsATEScHJvZ3Jlc3NpdmVfcmVjaXBlATEVAAAm8JvtqaOIvQQVAigCQzMsF0AUIcrAgxJvGBJkYXNoX2Jhc2VsaW5lXzNfdjERAHXqB2XmnQEA&oh=00_Afod9blsKcwx8J_flx3WByIssg8FcR17vt_ez4kn9kb-pQ&oe=6963C7B8']",,https://www.threads.net/@gist_central34/post/DM4X2m2Rm09,[],"{'likes': 108, 'reposts': 2, 'quotes': 1}",threads,3690804802264395069,Gist central,,"🚨 Trump says: ""We’re ready!"" 🇺🇸
US nuclear submarines are moving into position. 

#trump #putus #geopolitics #usa",threads,75581122817,gist_central34
[],2026-01-10T14:51:32.500036+07:00,"Defence Minister Khawaja Asif said Pakistan’s air_craft were fully tested during the conf_lict with India, adding that strong international demand has followed, raising hopes the country may not need IMF support in the next six months. 

Disclaimer: This content is for informational purposes only. Image is AI Generated and is just for reference.

#KhawajaAsif #PakistanIndia #DefenseNews #PakistanMilitary #RegionalSecurity Geopolitics",2026-01-08T16:24:13+07:00,,3805443628601220806,threads,threads.com,threads_crawler_v1,https://www.threads.net/@therecorder.pk/post/DTPptFvjJ7G,https://instagram.fhan3-3.fna.fbcdn.net/v/t51.2885-19/441447238_1183719616407575_3312565183115465_n.jpg?stp=dst-jpg_s150x150_tt6&efg=eyJ2ZW5jb2RlX3RhZyI6InByb2ZpbGVfcGljLmRqYW5nby4xMDgwLmMyIn0&_nc_ht=instagram.fhan3-3.fna.fbcdn.net&_nc_cat=111&_nc_oc=Q6cZ2QEYQLQWQwe8qNDEluJxBncp2oXt4elOm04Rr1h5V7slbzqpuFCjqiHKQWffzilHPtU&_nc_ohc=naX-ekatv8gQ7kNvwE1Wd2n&_nc_gid=diKjxAkKvtvHuNl_bah0SA&edm=AJhczIQBAAAA&ccb=7-5&oh=00_AfqS88vZV9fEnwnr8rLvXJdg0uI-mkooPpbp_HdNFB6kaA&oe=6967E0CA&_nc_sid=4a2096,9,0,18,0,0,['https://instagram.fhan4-6.fna.fbcdn.net/v/t51.2885-15/612415884_18081095618185041_2275658087277386127_n.webp?efg=eyJ2ZW5jb2RlX3RhZyI6InRocmVhZHMuRkVFRC5pbWFnZV91cmxnZW4uMTQ0MHgxNzA3LnNkci5mODI3ODcuZGVmYXVsdF9pbWFnZS5jMiJ9&_nc_ht=instagram.fhan4-6.fna.fbcdn.net&_nc_cat=109&_nc_oc=Q6cZ2QEYQLQWQwe8qNDEluJxBncp2oXt4elOm04Rr1h5V7slbzqpuFCjqiHKQWffzilHPtU&_nc_ohc=uHJe_rU7oy0Q7kNvwHCk5sb&_nc_gid=diKjxAkKvtvHuNl_bah0SA&edm=AJhczIQBAAAA&ccb=7-5&ig_cache_key=MzgwNTQ0MzYyODYwMTIyMDgwNg%3D%3D.3-ccb7-5&oh=00_Afo9KAM8_vb_4vJuiP_Jx1w3BfjQd_dNmTw8f3Aaf-Z8Uw&oe=6967F011&_nc_sid=4a2096'],,https://www.threads.net/@therecorder.pk/post/DTPptFvjJ7G,[],"{'likes': 18, 'reposts': 0, 'quotes': 0}",threads,3805443628601220806,Verified Pakistan Recorder,,"Defence Minister Khawaja Asif said Pakistan’s air_craft were fully tested during the conf_lict with India, adding that strong international demand has followed, raising hopes the country may not need IMF support in the next six months. 

Disclaimer: This content is for informational purposes only. Image is AI Generated and is just for reference.

#KhawajaAsif #PakistanIndia #DefenseNews #PakistanMilitary #RegionalSecurity Geopolitics",threads,63083966435,therecorder.pk
[],2026-01-10T14:51:32.502843+07:00,"Make Your Stand Clear:
Do you support Palestine?

A. Absolutely
B. Not at all

#geopolitics #russiaukraine #isreal #europe",2025-08-05T20:40:54+07:00,,3692507799294428204,threads,threads.com,threads_crawler_v1,https://www.threads.net/@gist_central34/post/DM-bEebTcQs,https://instagram.fhan4-6.fna.fbcdn.net/v/t51.2885-19/518491555_17895985218252224_8451691719405113606_n.jpg?stp=dst-jpg_s150x150_tt6&efg=eyJ2ZW5jb2RlX3RhZyI6InByb2ZpbGVfcGljLmRqYW5nby4xMDgwLmMyIn0&_nc_ht=instagram.fhan4-6.fna.fbcdn.net&_nc_cat=108&_nc_oc=Q6cZ2QEYQLQWQwe8qNDEluJxBncp2oXt4elOm04Rr1h5V7slbzqpuFCjqiHKQWffzilHPtU&_nc_ohc=KTj8E_0q8OAQ7kNvwGEBQHh&_nc_gid=diKjxAkKvtvHuNl_bah0SA&edm=AJhczIQBAAAA&ccb=7-5&oh=00_Afq9umvK4t1dyyN91lT3ZD4C5QWt1zQNwfwT7qNUkBKnZw&oe=6967E00E&_nc_sid=4a2096,2568,0,880,28,0,"['https://instagram.fhan4-1.fna.fbcdn.net/v/t51.2885-15/527527252_788784630337937_6568824317027003342_n.jpg?stp=dst-jpg_e15_tt6&efg=eyJ2ZW5jb2RlX3RhZyI6InRocmVhZHMuRkVFRC5pbWFnZV91cmxnZW4uNjQweDY0MC5zZHIuZjcxODc4LmRlZmF1bHRfY292ZXJfZnJhbWUuYzIifQ&_nc_ht=instagram.fhan4-1.fna.fbcdn.net&_nc_cat=105&_nc_oc=Q6cZ2QEYQLQWQwe8qNDEluJxBncp2oXt4elOm04Rr1h5V7slbzqpuFCjqiHKQWffzilHPtU&_nc_ohc=bboyRWu-2yYQ7kNvwGXdv1q&_nc_gid=diKjxAkKvtvHuNl_bah0SA&edm=AJhczIQBAAAA&ccb=7-5&ig_cache_key=MzY5MjUwNzc5OTI5NDQyODIwNA%3D%3D.3-ccb7-5&oh=00_AfqtaKs6CArPZXkRJKnddimgv9Z5faRuJxgaSxeDzZc12w&oe=6967DF91&_nc_sid=4a2096', 'https://instagram.fhan3-4.fna.fbcdn.net/o1/v/t2/f2/m86/AQNS2dVvgcgEfo8Uk6TbUNBDe8NPJCIF2Nfq0lY2lzOt0cxP5VK4Kn0Lyy5UB-Lc5-yPd7igc-dKhlrJ-YfjjOVeoXl8KCWjAGU-Lfc.mp4?_nc_cat=104&_nc_oc=AdkTws2cGfqZ20XS8MMtTjQp5gdAQWxuNIqq26x4Joz7OsE65UrpeXOdFVJcA3Ni7z0&_nc_sid=5e9851&_nc_ht=instagram.fhan3-4.fna.fbcdn.net&_nc_ohc=MsPJgVqM8p4Q7kNvwHg_MSa&efg=eyJ2ZW5jb2RlX3RhZyI6Inhwdl9wcm9ncmVzc2l2ZS5JTlNUQUdSQU0uRkVFRC5DMy43MjAuZGFzaF9iYXNlbGluZV8xX3YxIiwieHB2X2Fzc2V0X2lkIjoxMjczNjA1NDU2OTQwODU0LCJhc3NldF9hZ2VfZGF5cyI6MTU3LCJ2aV91c2VjYXNlX2lkIjoxMDA5OSwiZHVyYXRpb25fcyI6NSwidXJsZ2VuX3NvdXJjZSI6Ind3dyJ9&ccb=17-1&_nc_gid=diKjxAkKvtvHuNl_bah0SA&_nc_zt=28&vs=56d36e700eb22d78&_nc_vs=HBksFQIYUmlnX3hwdl9yZWVsc19wZXJtYW5lbnRfc3JfcHJvZC8zMDQwRkFEREZGMUQzNkI2QUJFMDk0RURBNUY5OTA4RV92aWRlb19kYXNoaW5pdC5tcDQVAALIARIAFQIYR2lnX3hwdl9yZWVsc19wZXJtYW5lbnRfc3JfcHJvZC8xODA3NzM1ODc2Nzg1MjE1XzE0NzYwMjkyNjU2NzI0OTU2NzIubXA0FQICyAESACgAGAAbAogHdXNlX29pbAExEnByb2dyZXNzaXZlX3JlY2lwZQExFQAAJuy8wo3MlcMEFQIoAkMzLBdAFCHKwIMSbxgSZGFzaF9iYXNlbGluZV8xX3YxEQB16gdl5p0BAA&oh=00_AfrIii25BViaOoD53cgoDViCddPKJlTCScDVZk-5Mk6EHA&oe=6963C729']",,https://www.threads.net/@gist_central34/post/DM-bEebTcQs,[],"{'likes': 880, 'reposts': 27, 'quotes': 1}",threads,3692507799294428204,Gist central,,"Make Your Stand Clear:
Do you support Palestine?

A. Absolutely
B. Not at all

#geopolitics #russiaukraine #isreal #europe",threads,75581122817,gist_central34
[],2026-01-10T14:51:32.502902+07:00,"Morgan Stanley just built a “National Security Index.”

39 stocks.

4 industries.

This is what they’re watching as geopolitics heat up:

☢️ Nuclear & Uranium

$CCJ $UEC $UUUU $NXE $LEU $BWXT $LTBR $OKLO $EU

🔋 Batteries & Energy Storage

$TSLA $EOSE $BLDP $MVST $AMPX $ABAT $SEI

⚡ Lithium

$ALB $SGML $LAC $SLI $LAR

🪨 Rare Earths & Strategic Metals

$MP $CRML $METC $USAR $NB $FCX $FM $WPM",2026-01-05T20:38:07+07:00,,3803397093386924559,threads,threads.com,threads_crawler_v1,https://www.threads.net/@michael.kao1/post/DTIYYFTFLIP,https://instagram.fhan4-3.fna.fbcdn.net/v/t51.2885-19/580065721_17854850958563736_7930427245147087558_n.jpg?stp=dst-jpg_s150x150_tt6&efg=eyJ2ZW5jb2RlX3RhZyI6InByb2ZpbGVfcGljLmRqYW5nby45MzAuYzIifQ&_nc_ht=instagram.fhan4-3.fna.fbcdn.net&_nc_cat=100&_nc_oc=Q6cZ2QEYQLQWQwe8qNDEluJxBncp2oXt4elOm04Rr1h5V7slbzqpuFCjqiHKQWffzilHPtU&_nc_ohc=EGH6CYwpEXQQ7kNvwEZ5sjW&_nc_gid=diKjxAkKvtvHuNl_bah0SA&edm=AJhczIQBAAAA&ccb=7-5&oh=00_AfrbX_rOismr2SO1szagNwufOtzhPsYDUlPJ3xBHxiH5EQ&oe=6967D573&_nc_sid=4a2096,0,0,65,4,0,['https://instagram.fhan4-3.fna.fbcdn.net/v/t51.2885-15/610743547_17861761911563736_1048824773941900712_n.jpg?stp=dst-jpg_e35_tt6&efg=eyJ2ZW5jb2RlX3RhZyI6InRocmVhZHMuRkVFRC5pbWFnZV91cmxnZW4uMTQzOXgxNTcxLnNkci5mODI3ODcuZGVmYXVsdF9pbWFnZS5jMiJ9&_nc_ht=instagram.fhan4-3.fna.fbcdn.net&_nc_cat=100&_nc_oc=Q6cZ2QEYQLQWQwe8qNDEluJxBncp2oXt4elOm04Rr1h5V7slbzqpuFCjqiHKQWffzilHPtU&_nc_ohc=zA84oN1dFN8Q7kNvwFigr9D&_nc_gid=diKjxAkKvtvHuNl_bah0SA&edm=AJhczIQBAAAA&ccb=7-5&ig_cache_key=MzgwMzM5NzA5MzM4NjkyNDU1OQ%3D%3D.3-ccb7-5&oh=00_AfqWm-d0A4oIIFQ1WbjzC2EIDu8ZnxX9M_1wAIs3GxKuCA&oe=6967DEA9&_nc_sid=4a2096'],,https://www.threads.net/@michael.kao1/post/DTIYYFTFLIP,[],"{'likes': 65, 'reposts': 3, 'quotes': 1}",threads,3803397093386924559,Michael Kao,,"Morgan Stanley just built a “National Security Index.”

39 stocks.

4 industries.

This is what they’re watching as geopolitics heat up:

☢️ Nuclear & Uranium

$CCJ $UEC $UUUU $NXE $LEU $BWXT $LTBR $OKLO $EU

🔋 Batteries & Energy Storage

$TSLA $EOSE $BLDP $MVST $AMPX $ABAT $SEI

⚡ Lithium

$ALB $SGML $LAC $SLI $LAR

🪨 Rare Earths & Strategic Metals

$MP $CRML $METC $USAR $NB $FCX $FM $WPM",threads,76839691735,michael.kao1
[],2026-01-10T14:51:32.502938+07:00,"First, he secured the South (Venezuela 🇻🇪).
Now, he is coming for the North (Greenland 🇬🇱).
The Media thinks Trump is ""buying real estate.""
The Strategist knows he is building a Fortress.
America is locking down the entire Western Hemisphere before the global conflict escalates.

1/3 🧵 #Greenland #Trump #Geopolitics",2026-01-06T17:38:32+07:00,,3804029726759881819,threads,threads.com,threads_crawler_v1,https://www.threads.net/@umbrastrategy/post/DTKoOHCjIxb,https://instagram.fhan4-5.fna.fbcdn.net/v/t51.2885-19/611136290_17845601157666591_6450853006557162816_n.jpg?stp=dst-jpg_s150x150_tt6&efg=eyJ2ZW5jb2RlX3RhZyI6InByb2ZpbGVfcGljLmRqYW5nby4xMDgwLmMyIn0&_nc_ht=instagram.fhan4-5.fna.fbcdn.net&_nc_cat=103&_nc_oc=Q6cZ2QEYQLQWQwe8qNDEluJxBncp2oXt4elOm04Rr1h5V7slbzqpuFCjqiHKQWffzilHPtU&_nc_ohc=yTD1X623tfcQ7kNvwGhMpJL&_nc_gid=diKjxAkKvtvHuNl_bah0SA&edm=AJhczIQBAAAA&ccb=7-5&oh=00_Afqbt5Tfv0v6oSlK9gjLFrRfzEiQXS84hMtrygJFRZgapg&oe=6967CCAB&_nc_sid=4a2096,2,0,2,0,0,"['https://instagram.fhan4-3.fna.fbcdn.net/v/t51.2885-15/611281932_25463108103318274_8093372382008005355_n.jpg?stp=dst-jpg_e15_tt6&efg=eyJ2ZW5jb2RlX3RhZyI6InRocmVhZHMuRkVFRC5pbWFnZV91cmxnZW4uNjQweDM2MC5zZHIuZjcxODc4LmRlZmF1bHRfY292ZXJfZnJhbWUuYzIifQ&_nc_ht=instagram.fhan4-3.fna.fbcdn.net&_nc_cat=110&_nc_oc=Q6cZ2QEYQLQWQwe8qNDEluJxBncp2oXt4elOm04Rr1h5V7slbzqpuFCjqiHKQWffzilHPtU&_nc_ohc=DUhM_cXGafQQ7kNvwHXDORg&_nc_gid=diKjxAkKvtvHuNl_bah0SA&edm=AJhczIQBAAAA&ccb=7-5&ig_cache_key=MzgwNDAyOTcyNjc1OTg4MTgxOQ%3D%3D.3-ccb7-5&oh=00_AfrTL1q9ZCm1KDzpmJsD6FsBKqdwmC_KaAB_P3aAvKvzIQ&oe=6967E4D5&_nc_sid=4a2096', 'https://instagram.fhan3-3.fna.fbcdn.net/o1/v/t16/f2/m84/AQNRLPbra3nodbL5_k8IdWoWzhECmz_kuTYtIfCGdFTG5rOjFHomNqnp3EMIL5KcTYbVwZ-3kNZnut5U6ezf1X-2bWhcUuac_VLaWU0.mp4?_nc_cat=111&_nc_oc=AdmMmrXGjVEC88LvxkJ2lSDEO1eaIklUwn78JpIt0h43dqcHd5ELX6LVu3DsAme5dy4&_nc_sid=5e9851&_nc_ht=instagram.fhan3-3.fna.fbcdn.net&_nc_ohc=R7IaOqPzOO8Q7kNvwFTRMAs&efg=eyJ2ZW5jb2RlX3RhZyI6Inhwdl9wcm9ncmVzc2l2ZS5JTlNUQUdSQU0uRkVFRC5DMy4xMjgwLmRhc2hfYmFzZWxpbmVfMV92MSIsInhwdl9hc3NldF9pZCI6MTM5MDE5MDE3ODY5MjAwOSwiYXNzZXRfYWdlX2RheXMiOjMsInZpX3VzZWNhc2VfaWQiOjEwMTY0LCJkdXJhdGlvbl9zIjo3NCwidXJsZ2VuX3NvdXJjZSI6Ind3dyJ9&ccb=17-1&_nc_gid=diKjxAkKvtvHuNl_bah0SA&_nc_zt=28&vs=922b68fa91276698&_nc_vs=HBksFQIYTGlnX2JhY2tmaWxsX3RpbWVsaW5lX3ZvZC9ERDRBNzk5OTJCRDM2MzdBNTYxQUU3RTVEQjQ4RTg4Rl92aWRlb19kYXNoaW5pdC5tcDQVAALIARIAFQIYOnBhc3N0aHJvdWdoX2V2ZXJzdG9yZS9HT2F2T3lUQUt1REVUZVlFQUtLMUxiNW43YnRoYnNwVEFRQUYVAgLIARIAKAAYABsCiAd1c2Vfb2lsATEScHJvZ3Jlc3NpdmVfcmVjaXBlATEVAAAm0q6r_NuX-AQVAigCQzMsF0BSsYk3S8aoGBJkYXNoX2Jhc2VsaW5lXzFfdjERAHXqB2XongEA&oh=00_Afovx-QRlOs-pwoNBmlSk3Ws2xk0b2LA9fbGaNx0u9uWhQ&oe=6963F39D']",,https://www.threads.net/@umbrastrategy/post/DTKoOHCjIxb,[],"{'likes': 2, 'reposts': 0, 'quotes': 0}",threads,3804029726759881819,Umbra Strategy,Geopolitics,"First, he secured the South (Venezuela 🇻🇪).
Now, he is coming for the North (Greenland 🇬🇱).
The Media thinks Trump is ""buying real estate.""
The Strategist knows he is building a Fortress.
America is locking down the entire Western Hemisphere before the global conflict escalates.

1/3 🧵 #Greenland #Trump #Geopolitics",threads,80014946590,umbrastrategy
[],2026-01-10T14:51:32.502970+07:00,"Brainwashed so much so that your own start to feel like the enemy. 
Selective empathy to the level where a burning man didn’t make your blood boil. 

#Geopolitics #hindus",2025-12-21T18:14:07+07:00,,3792452967010707296,threads,threads.com,threads_crawler_v1,https://www.threads.net/@monikanegi.6/post/DShf-FWDKdg,https://instagram.fhan4-6.fna.fbcdn.net/v/t51.2885-19/560311091_17868782256451581_5720530001514055011_n.jpg?stp=dst-jpg_s150x150_tt6&efg=eyJ2ZW5jb2RlX3RhZyI6InByb2ZpbGVfcGljLmRqYW5nby4xMDgwLmMyIn0&_nc_ht=instagram.fhan4-6.fna.fbcdn.net&_nc_cat=109&_nc_oc=Q6cZ2QEYQLQWQwe8qNDEluJxBncp2oXt4elOm04Rr1h5V7slbzqpuFCjqiHKQWffzilHPtU&_nc_ohc=WkYEs0N8X98Q7kNvwFIR3W7&_nc_gid=diKjxAkKvtvHuNl_bah0SA&edm=AJhczIQBAAAA&ccb=7-5&oh=00_Afp9s_FCmuk_xSCWTzjTQqNuom2PnABjhwPCBPpgmNKP_w&oe=6967CF97&_nc_sid=4a2096,102,0,1163,60,0,"['https://instagram.fhan3-3.fna.fbcdn.net/v/t51.2885-15/608052281_17881587276433127_4388952252966887219_n.jpg?stp=dst-jpg_e15_tt6&efg=eyJ2ZW5jb2RlX3RhZyI6InRocmVhZHMuRkVFRC5pbWFnZV91cmxnZW4uMjM0MHg0MTYwLnNkci5mODI3ODcuZGVmYXVsdF9jb3Zlcl9mcmFtZS5jMiJ9&_nc_ht=instagram.fhan3-3.fna.fbcdn.net&_nc_cat=111&_nc_oc=Q6cZ2QEYQLQWQwe8qNDEluJxBncp2oXt4elOm04Rr1h5V7slbzqpuFCjqiHKQWffzilHPtU&_nc_ohc=7PP24kV1xjUQ7kNvwE56QTJ&_nc_gid=diKjxAkKvtvHuNl_bah0SA&edm=AJhczIQBAAAA&ccb=7-5&ig_cache_key=Mzc5MjQ1Mjk2NzAxMDcwNzI5Ng%3D%3D.3-ccb7-5&oh=00_Afp8EUJw4VwczK7tyJXfq8_aGwJ85IJZ0xtCIWAM0_AOXA&oe=6967C713&_nc_sid=4a2096', 'https://instagram.fhan4-5.fna.fbcdn.net/o1/v/t2/f2/m86/AQO4smzmO8ipgBZuBp-XrSOrYh1CSwUxkayk3GQp8FKSUrYRhiC3h0cM9NooTbT0FYITz2FsPaZ-a1EN4jupDHX8PDu2GRl90QtlFPc.mp4?_nc_cat=102&_nc_oc=AdnvdStNYCxNu7uGkphNMdvBTjom6wGL1BOl4lttpidhxeDBlhcBGuM-GxP37TmP1yc&_nc_sid=5e9851&_nc_ht=instagram.fhan4-5.fna.fbcdn.net&_nc_ohc=UKe5ptWg3_IQ7kNvwE_OfJd&efg=eyJ2ZW5jb2RlX3RhZyI6Inhwdl9wcm9ncmVzc2l2ZS5JTlNUQUdSQU0uRkVFRC5DMy43MjAuZGFzaF9iYXNlbGluZV8xX3YxIiwieHB2X2Fzc2V0X2lkIjoxMTk0ODM4NzU4NjkxOTY0LCJhc3NldF9hZ2VfZGF5cyI6MTksInZpX3VzZWNhc2VfaWQiOjEwMDk5LCJkdXJhdGlvbl9zIjo1LCJ1cmxnZW5fc291cmNlIjoid3d3In0%3D&ccb=17-1&vs=9ed8dd7ac919d72f&_nc_vs=HBksFQIYUmlnX3hwdl9yZWVsc19wZXJtYW5lbnRfc3JfcHJvZC9CMjQwRDZFM0JBRTBERkQ5OTZCN0Y1REVERjRFRUY5OF92aWRlb19kYXNoaW5pdC5tcDQVAALIARIAFQIYOnBhc3N0aHJvdWdoX2V2ZXJzdG9yZS9HUFFXNGlOckpjMkE0eWdEQUV6UjVZeUJDNjhwYnN0VEFRQUYVAgLIARIAKAAYABsCiAd1c2Vfb2lsATEScHJvZ3Jlc3NpdmVfcmVjaXBlATEVAAAm-NG0vOKsnwQVAigCQzMsF0AU7peNT987GBJkYXNoX2Jhc2VsaW5lXzFfdjERAHXqB2XmnQEA&_nc_gid=diKjxAkKvtvHuNl_bah0SA&_nc_zt=28&oh=00_AfoyjjR-gfmUICC6WSfAZnW7x0ShY-YR6OtALo_QoxKTVw&oe=6963EA3B']",,https://www.threads.net/@monikanegi.6/post/DShf-FWDKdg,[],"{'likes': 1163, 'reposts': 58, 'quotes': 2}",threads,3792452967010707296,Monika Negi,,"Brainwashed so much so that your own start to feel like the enemy. 
Selective empathy to the level where a burning man didn’t make your blood boil. 

#Geopolitics #hindus",threads,73661595580,monikanegi.6
[],2026-01-10T14:51:32.503003+07:00,#americafirst #geopolitics #maduro #venezuela🇻🇪 #maga,2026-01-08T00:12:27+07:00,,3804954514227793899,threads,threads.com,threads_crawler_v1,https://www.threads.net/@thelastguerilla/post/DTN6fifEQ_r,https://instagram.fhan3-3.fna.fbcdn.net/v/t51.2885-19/460372589_530870169886129_7979894545920171727_n.jpg?stp=dst-jpg_s150x150_tt6&efg=eyJ2ZW5jb2RlX3RhZyI6InByb2ZpbGVfcGljLmRqYW5nby4xMDgwLmMyIn0&_nc_ht=instagram.fhan3-3.fna.fbcdn.net&_nc_cat=101&_nc_oc=Q6cZ2QEYQLQWQwe8qNDEluJxBncp2oXt4elOm04Rr1h5V7slbzqpuFCjqiHKQWffzilHPtU&_nc_ohc=9NxQY3YNn7EQ7kNvwHZsN7R&_nc_gid=diKjxAkKvtvHuNl_bah0SA&edm=AJhczIQBAAAA&ccb=7-5&oh=00_AfoNhDKn08ZbBTls7EOsCA4XN_q5RPU30wzt9nCbG_eiNw&oe=6967CE59&_nc_sid=4a2096,1,0,2,1,0,"['https://instagram.fhan3-4.fna.fbcdn.net/v/t51.2885-15/610858076_18323510011222782_3934273750115561803_n.jpg?stp=dst-jpg_e15_tt6&efg=eyJ2ZW5jb2RlX3RhZyI6InRocmVhZHMuRkVFRC5pbWFnZV91cmxnZW4uMTEzNHgyMDE0LnNkci5mODI3ODcuZGVmYXVsdF9jb3Zlcl9mcmFtZS5jMiJ9&_nc_ht=instagram.fhan3-4.fna.fbcdn.net&_nc_cat=106&_nc_oc=Q6cZ2QEYQLQWQwe8qNDEluJxBncp2oXt4elOm04Rr1h5V7slbzqpuFCjqiHKQWffzilHPtU&_nc_ohc=y4KyUDSXofEQ7kNvwFlg0Pi&_nc_gid=diKjxAkKvtvHuNl_bah0SA&edm=AJhczIQBAAAA&ccb=7-5&ig_cache_key=MzgwNDk1NDUxNDIyNzc5Mzg5OQ%3D%3D.3-ccb7-5&oh=00_AfqHGvxtgB8sWCaSSq_oEmLUD4L4Zz10JB_Wx52aI5CkTA&oe=6967E55B&_nc_sid=4a2096', 'https://instagram.fhan4-3.fna.fbcdn.net/o1/v/t2/f2/m86/AQPFUJEltl4iAFFTQLzVKtywt0khjDLaG3LFNHpoPwm1Ly9znjsaSkZ897Cs7Ob24ysPztByvlf1jDj0AHLQRFoCwOtugs1ZBNRvVe8.mp4?_nc_cat=100&_nc_oc=AdkeEGocn4VUc80LmkqbsD-EYUonIQqdDdE1imTB3cSDtiZTCqNqiwNUnLP-GF0BJJA&_nc_sid=5e9851&_nc_ht=instagram.fhan4-3.fna.fbcdn.net&_nc_ohc=rXooFf7fBP8Q7kNvwGVc95P&efg=eyJ2ZW5jb2RlX3RhZyI6Inhwdl9wcm9ncmVzc2l2ZS5JTlNUQUdSQU0uRkVFRC5DMy43MjAuZGFzaF9iYXNlbGluZV8xX3YxIiwieHB2X2Fzc2V0X2lkIjoxMjA5NzkxNzE3OTU0NzkzLCJhc3NldF9hZ2VfZGF5cyI6MiwidmlfdXNlY2FzZV9pZCI6MTAwOTksImR1cmF0aW9uX3MiOjExNiwidXJsZ2VuX3NvdXJjZSI6Ind3dyJ9&ccb=17-1&_nc_gid=diKjxAkKvtvHuNl_bah0SA&_nc_zt=28&vs=33f403fd588f4d8b&_nc_vs=HBksFQIYUmlnX3hwdl9yZWVsc19wZXJtYW5lbnRfc3JfcHJvZC8wMDRBNTIwMDY5QkM4QTc5N0VFQzM3RTM4MkIwNERBQl92aWRlb19kYXNoaW5pdC5tcDQVAALIARIAFQIYOnBhc3N0aHJvdWdoX2V2ZXJzdG9yZS9HSUdXWVNRZDJDbkN3akFEQUQ3WUpTTElUTVFDYnN0VEFRQUYVAgLIARIAKAAYABsCiAd1c2Vfb2lsATEScHJvZ3Jlc3NpdmVfcmVjaXBlATEVAAAm0tPO2ZKTpgQVAigCQzMsF0BdIAAAAAAAGBJkYXNoX2Jhc2VsaW5lXzFfdjERAHXqB2XmnQEA&oh=00_AfqY9spS-UBHEHLFZEK5Oe391VHuaDM01M1FG05TkRlT-g&oe=6963FAB9']",,https://www.threads.net/@thelastguerilla/post/DTN6fifEQ_r,[],"{'likes': 2, 'reposts': 1, 'quotes': 0}",threads,3804954514227793899,Hussein Moussa,,#americafirst #geopolitics #maduro #venezuela🇻🇪 #maga,threads,70915986806,thelastguerilla
[],2026-01-10T14:51:32.503035+07:00,#middleeastern #arabs #arabgulf #northafrica #northafrican #moroc #algerians #muslimummah #geopolitics #i̇slam #dearborn #lebanon🇱🇧 #lebanontimes,2025-10-08T00:24:44+07:00,,3738281330434994681,threads,threads.com,threads_crawler_v1,https://www.threads.net/@thelastguerilla/post/DPhCxBTDXH5,https://instagram.fhan3-3.fna.fbcdn.net/v/t51.2885-19/460372589_530870169886129_7979894545920171727_n.jpg?stp=dst-jpg_s150x150_tt6&efg=eyJ2ZW5jb2RlX3RhZyI6InByb2ZpbGVfcGljLmRqYW5nby4xMDgwLmMyIn0&_nc_ht=instagram.fhan3-3.fna.fbcdn.net&_nc_cat=101&_nc_oc=Q6cZ2QEYQLQWQwe8qNDEluJxBncp2oXt4elOm04Rr1h5V7slbzqpuFCjqiHKQWffzilHPtU&_nc_ohc=9NxQY3YNn7EQ7kNvwHZsN7R&_nc_gid=diKjxAkKvtvHuNl_bah0SA&edm=AJhczIQBAAAA&ccb=7-5&oh=00_AfoNhDKn08ZbBTls7EOsCA4XN_q5RPU30wzt9nCbG_eiNw&oe=6967CE59&_nc_sid=4a2096,28,0,79,28,0,"['https://instagram.fhan3-4.fna.fbcdn.net/v/t51.2885-15/562432464_18311754307222782_5870396431589065752_n.jpg?stp=dst-jpg_e15_tt6&efg=eyJ2ZW5jb2RlX3RhZyI6InRocmVhZHMuRkVFRC5pbWFnZV91cmxnZW4uMTEzNngyMDE4LnNkci5mODI3ODcuZGVmYXVsdF9jb3Zlcl9mcmFtZS5jMiJ9&_nc_ht=instagram.fhan3-4.fna.fbcdn.net&_nc_cat=106&_nc_oc=Q6cZ2QEYQLQWQwe8qNDEluJxBncp2oXt4elOm04Rr1h5V7slbzqpuFCjqiHKQWffzilHPtU&_nc_ohc=fKvUd_iE81sQ7kNvwGtKMr7&_nc_gid=diKjxAkKvtvHuNl_bah0SA&edm=AJhczIQBAAAA&ccb=7-5&ig_cache_key=MzczODI4MTMzMDQzNDk5NDY4MQ%3D%3D.3-ccb7-5&oh=00_AfoOXNK9ywj-Y_OOb7LIEOO-eqVH87KIuGhOyhHOi_jlcQ&oe=6967D851&_nc_sid=4a2096', 'https://instagram.fhan3-2.fna.fbcdn.net/o1/v/t2/f2/m86/AQOWpenLXXgkU7TZNMl1y5_cbMiilbyzQsNaNFu_1tOeSIQ3ts7Ja8iRxdG0bMkQ0X6jN3jLNO_aSUs_Zo2HtBk3qeTEv2FdAtEOHA8.mp4?_nc_cat=107&_nc_oc=AdlKcN4xcNkhy3YPxsO1Ronph2vTGDsuTu72BTF1EMxk9DOM8Z2Bz9rry6OSQMq6HIg&_nc_sid=5e9851&_nc_ht=instagram.fhan3-2.fna.fbcdn.net&_nc_ohc=iLBXT1-PPr4Q7kNvwHMXmZZ&efg=eyJ2ZW5jb2RlX3RhZyI6Inhwdl9wcm9ncmVzc2l2ZS5JTlNUQUdSQU0uRkVFRC5DMy43MjAuZGFzaF9iYXNlbGluZV8xX3YxIiwieHB2X2Fzc2V0X2lkIjozMDUxMTAwOTAxNzY0MzI1LCJhc3NldF9hZ2VfZGF5cyI6OTQsInZpX3VzZWNhc2VfaWQiOjEwMDk5LCJkdXJhdGlvbl9zIjoxMDcsInVybGdlbl9zb3VyY2UiOiJ3d3cifQ%3D%3D&ccb=17-1&_nc_gid=diKjxAkKvtvHuNl_bah0SA&_nc_zt=28&vs=4dc33b203f27c360&_nc_vs=HBksFQIYUmlnX3hwdl9yZWVsc19wZXJtYW5lbnRfc3JfcHJvZC8wQzRFNEIwOTdCRTNEREY4M0Y4RkRFMDU1NzgyNDNCQ192aWRlb19kYXNoaW5pdC5tcDQVAALIARIAFQIYOnBhc3N0aHJvdWdoX2V2ZXJzdG9yZS9HRmgxWGlHUm8xdzVvUzVZQUY5YkNzbER6dmNQYnFfRUFBQUYVAgLIARIAKAAYABsCiAd1c2Vfb2lsATEScHJvZ3Jlc3NpdmVfcmVjaXBlATEVAAAmyrPjlrm96woVAigCQzMsF0Ba6p--dsi0GBJkYXNoX2Jhc2VsaW5lXzFfdjERAHXqB2XmnQEA&oh=00_AfpdNX63TKfGDbQ-uYHzD57k-JLFpuwgvYuHaTVhp8vnvA&oe=6963D33C']",,https://www.threads.net/@thelastguerilla/post/DPhCxBTDXH5,[],"{'likes': 79, 'reposts': 24, 'quotes': 4}",threads,3738281330434994681,Hussein Moussa,,#middleeastern #arabs #arabgulf #northafrica #northafrican #moroc #algerians #muslimummah #geopolitics #i̇slam #dearborn #lebanon🇱🇧 #lebanontimes,threads,70915986806,thelastguerilla
[],2026-01-10T14:51:32.503066+07:00,"🔥 South Africa just told the US “Nope.”
Washington sent a junior official to take over G20 presidency — SA refused the handover.
If you want a global seat, you show up with global-level respect. This move just shook geopolitics. 🌍🔥",2025-11-24T09:21:14+07:00,,3772615829939799990,threads,threads.com,threads_crawler_v1,https://www.threads.net/@wire_express_16/post/DRbBhvxk8e2,https://instagram.fhan3-3.fna.fbcdn.net/v/t51.2885-19/518508424_17872924011389989_4430912231129595623_n.jpg?stp=dst-jpg_s150x150_tt6&efg=eyJ2ZW5jb2RlX3RhZyI6InByb2ZpbGVfcGljLmRqYW5nby4xMDgwLmMyIn0&_nc_ht=instagram.fhan3-3.fna.fbcdn.net&_nc_cat=1&_nc_oc=Q6cZ2QEYQLQWQwe8qNDEluJxBncp2oXt4elOm04Rr1h5V7slbzqpuFCjqiHKQWffzilHPtU&_nc_ohc=YTupEbXpTnQQ7kNvwEH19ba&_nc_gid=diKjxAkKvtvHuNl_bah0SA&edm=AJhczIQBAAAA&ccb=7-5&oh=00_Afp3zW2F5VugVw57ksqIgJs-w7K7EqQnwv6Aummqr_gpug&oe=6967D32A&_nc_sid=4a2096,227,0,6510,435,0,['https://instagram.fhan3-3.fna.fbcdn.net/v/t51.2885-15/588213608_17888889567389989_3211047587341934890_n.webp?efg=eyJ2ZW5jb2RlX3RhZyI6InRocmVhZHMuRkVFRC5pbWFnZV91cmxnZW4uNDAwMHgyMjUwLnNkci5mODI3ODcuZGVmYXVsdF9pbWFnZS5jMiJ9&_nc_ht=instagram.fhan3-3.fna.fbcdn.net&_nc_cat=101&_nc_oc=Q6cZ2QEYQLQWQwe8qNDEluJxBncp2oXt4elOm04Rr1h5V7slbzqpuFCjqiHKQWffzilHPtU&_nc_ohc=GVCVZlUFOyMQ7kNvwFcavlw&_nc_gid=diKjxAkKvtvHuNl_bah0SA&edm=AJhczIQBAAAA&ccb=7-5&ig_cache_key=Mzc3MjYxNTgyOTkzOTc5OTk5MA%3D%3D.3-ccb7-5&oh=00_Afo7jksse3TeifWOn7gCGYNuxFduTembECo_nKxug6E0AQ&oe=6967ECDF&_nc_sid=4a2096'],,https://www.threads.net/@wire_express_16/post/DRbBhvxk8e2,[],"{'likes': 6510, 'reposts': 417, 'quotes': 18}",threads,3772615829939799990,Wire World,,"🔥 South Africa just told the US “Nope.”
Washington sent a junior official to take over G20 presidency — SA refused the handover.
If you want a global seat, you show up with global-level respect. This move just shook geopolitics. 🌍🔥",threads,71734405988,wire_express_16
[],2026-01-10T14:51:32.503097+07:00,"Russia has dispatched a submarine and additional naval forces to escort the Bella-1 oil tanker to prevent a potential U.S. attempt to seize it, the Wall Street Journal (WSJ) reports, raising tensions over energy security and naval positioning.

#BreakingNews #Russia #US #Bella1 #NavalTensions #EnergySecurity #Geopolitics #WSJ",2026-01-07T09:03:25+07:00,,3804496994296391213,threads,threads.com,threads_crawler_v1,https://www.threads.net/@mr_pintoosingh/post/DTMSdv2E-Yt,https://instagram.fhan4-3.fna.fbcdn.net/v/t51.2885-19/482639030_659875633365552_1635048134779077417_n.jpg?stp=dst-jpg_s150x150_tt6&efg=eyJ2ZW5jb2RlX3RhZyI6InByb2ZpbGVfcGljLmRqYW5nby4xMDgwLmMyIn0&_nc_ht=instagram.fhan4-3.fna.fbcdn.net&_nc_cat=100&_nc_oc=Q6cZ2QEYQLQWQwe8qNDEluJxBncp2oXt4elOm04Rr1h5V7slbzqpuFCjqiHKQWffzilHPtU&_nc_ohc=Krt4qHygABAQ7kNvwE7J3Nt&_nc_gid=diKjxAkKvtvHuNl_bah0SA&edm=AJhczIQBAAAA&ccb=7-5&oh=00_AfrBBXN27VDUD7FkrRKsM9Vw11c6KBjnur_uK-CZ7tCtZA&oe=6967CA28&_nc_sid=4a2096,0,0,10,0,0,['https://instagram.fhan4-5.fna.fbcdn.net/v/t39.30808-6/612397572_4220901021464331_3849682136368918337_n.jpg?stp=dst-jpg_e35_tt6&efg=eyJ2ZW5jb2RlX3RhZyI6InRocmVhZHMuQ0FST1VTRUxfSVRFTS5pbWFnZV91cmxnZW4uNjc4eDM4MS5zZHIuZjMwODA4LmRlZmF1bHRfaW1hZ2UuYzIifQ&_nc_ht=instagram.fhan4-5.fna.fbcdn.net&_nc_cat=103&_nc_oc=Q6cZ2QEYQLQWQwe8qNDEluJxBncp2oXt4elOm04Rr1h5V7slbzqpuFCjqiHKQWffzilHPtU&_nc_ohc=-dHPwpwkXC0Q7kNvwHJSpZG&_nc_gid=diKjxAkKvtvHuNl_bah0SA&edm=AJhczIQAAAAA&ccb=7-5&ig_cache_key=MzgwNDQ5Njk4NTQ0NjQxMDAwNw%3D%3D.3-ccb7-5&oh=00_AfpJENz5BuaqY69XO1vZ0foWoTvSYhCsX34wPWYsYy_RVQ&oe=6967CAC9&_nc_sid=4a2096'],,https://www.threads.net/@mr_pintoosingh/post/DTMSdv2E-Yt,[],"{'likes': 10, 'reposts': 0, 'quotes': 0}",threads,3804496994296391213,Mr_PintuSingh,,"Russia has dispatched a submarine and additional naval forces to escort the Bella-1 oil tanker to prevent a potential U.S. attempt to seize it, the Wall Street Journal (WSJ) reports, raising tensions over energy security and naval positioning.

#BreakingNews #Russia #US #Bella1 #NavalTensions #EnergySecurity #Geopolitics #WSJ",threads,73207171227,mr_pintoosingh
[],2026-01-10T14:51:32.503127+07:00,"Donald Trump called India a ""dead economy.""
The UK Prime Minister, on his visit to India, just fired back: ""Everything I've seen... is absolute proof you are on track to become the world's 3rd largest economy.""
The global narrative on India is being rewritten in real-time.
#India #IndianEconomy #UK #Geopolitics",2025-10-10T10:37:18+07:00,,3740039203750400007,threads,threads.com,threads_crawler_v1,https://www.threads.net/@wire_express_16/post/DPnSdcZk9AH,https://instagram.fhan3-3.fna.fbcdn.net/v/t51.2885-19/518508424_17872924011389989_4430912231129595623_n.jpg?stp=dst-jpg_s150x150_tt6&efg=eyJ2ZW5jb2RlX3RhZyI6InByb2ZpbGVfcGljLmRqYW5nby4xMDgwLmMyIn0&_nc_ht=instagram.fhan3-3.fna.fbcdn.net&_nc_cat=1&_nc_oc=Q6cZ2QEYQLQWQwe8qNDEluJxBncp2oXt4elOm04Rr1h5V7slbzqpuFCjqiHKQWffzilHPtU&_nc_ohc=YTupEbXpTnQQ7kNvwEH19ba&_nc_gid=diKjxAkKvtvHuNl_bah0SA&edm=AJhczIQBAAAA&ccb=7-5&oh=00_Afp3zW2F5VugVw57ksqIgJs-w7K7EqQnwv6Aummqr_gpug&oe=6967D32A&_nc_sid=4a2096,202,0,815,23,0,['https://instagram.fhan3-3.fna.fbcdn.net/v/t51.2885-15/560124053_17883804387389989_6311918405980010004_n.webp?efg=eyJ2ZW5jb2RlX3RhZyI6InRocmVhZHMuRkVFRC5pbWFnZV91cmxnZW4uMTAyNHg2ODMuc2RyLmY4Mjc4Ny5kZWZhdWx0X2ltYWdlLmMyIn0&_nc_ht=instagram.fhan3-3.fna.fbcdn.net&_nc_cat=101&_nc_oc=Q6cZ2QEYQLQWQwe8qNDEluJxBncp2oXt4elOm04Rr1h5V7slbzqpuFCjqiHKQWffzilHPtU&_nc_ohc=wi5hTFOvLSYQ7kNvwEaAAcc&_nc_gid=diKjxAkKvtvHuNl_bah0SA&edm=AJhczIQBAAAA&ccb=7-5&ig_cache_key=Mzc0MDAzOTIwMzc1MDQwMDAwNw%3D%3D.3-ccb7-5&oh=00_AfoCYJjirrq9KVs0hZ9O9SAHtbKXwgMlPIWRDHSV48zbsQ&oe=6967DE09&_nc_sid=4a2096'],,https://www.threads.net/@wire_express_16/post/DPnSdcZk9AH,[],"{'likes': 815, 'reposts': 21, 'quotes': 2}",threads,3740039203750400007,Wire World,Trump,"Donald Trump called India a ""dead economy.""
The UK Prime Minister, on his visit to India, just fired back: ""Everything I've seen... is absolute proof you are on track to become the world's 3rd largest economy.""
The global narrative on India is being rewritten in real-time.
#India #IndianEconomy #UK #Geopolitics",threads,71734405988,wire_express_16
[],2026-01-10T14:51:32.503158+07:00,"Trump and Maduro dancing together.
 Different flags. Same dance.

Don’t believe everything you see.

#PoliticalSatire #AI #AIArt #ArtificialIntelligence
#SyntheticMedia #Deepfake #PostTruth
#MediaCritique #ImageWeapon
#Trump #Maduro #WhosNext
#Geopolitics #Power
#ContemporaryArt #DigitalArt
#Reels #Explore #FYP
#Systaime #2026",2026-01-06T03:29:16+07:00,,3803604002630293462,threads,threads.com,threads_crawler_v1,https://www.threads.net/@systaime/post/DTJHbAjCFfW,https://instagram.fhan4-5.fna.fbcdn.net/v/t51.2885-19/572619642_18536410732043402_372476784695683331_n.jpg?stp=dst-jpg_s150x150_tt6&efg=eyJ2ZW5jb2RlX3RhZyI6InByb2ZpbGVfcGljLmRqYW5nby44OTAuYzIifQ&_nc_ht=instagram.fhan4-5.fna.fbcdn.net&_nc_cat=102&_nc_oc=Q6cZ2QEYQLQWQwe8qNDEluJxBncp2oXt4elOm04Rr1h5V7slbzqpuFCjqiHKQWffzilHPtU&_nc_ohc=Ftkqv1y48pkQ7kNvwH72ZRZ&_nc_gid=diKjxAkKvtvHuNl_bah0SA&edm=AJhczIQBAAAA&ccb=7-5&oh=00_Afrky0d2wonI_lyB5D5D47oir9jeSoQxUgaE0J7xieueqg&oe=6967E947&_nc_sid=4a2096,0,0,13,0,0,"['https://instagram.fhan4-1.fna.fbcdn.net/v/t51.2885-15/612396167_868455692775389_902288017562382628_n.jpg?stp=dst-jpg_e15_tt6&efg=eyJ2ZW5jb2RlX3RhZyI6InRocmVhZHMuRkVFRC5pbWFnZV91cmxnZW4uNjQweDExMzYuc2RyLmY3MTg3OC5kZWZhdWx0X2NvdmVyX2ZyYW1lLmMyIn0&_nc_ht=instagram.fhan4-1.fna.fbcdn.net&_nc_cat=105&_nc_oc=Q6cZ2QEYQLQWQwe8qNDEluJxBncp2oXt4elOm04Rr1h5V7slbzqpuFCjqiHKQWffzilHPtU&_nc_ohc=yqtJkSgac98Q7kNvwG-Uh0Z&_nc_gid=diKjxAkKvtvHuNl_bah0SA&edm=AJhczIQBAAAA&ccb=7-5&ig_cache_key=MzgwMzYwNDAwMjYzMDI5MzQ2Mg%3D%3D.3-ccb7-5&oh=00_AfpD65kpkJQbN9-MMmZaBqmMVTDB80zTvVYSvcS0ianSJQ&oe=6967D875&_nc_sid=4a2096', 'https://instagram.fhan4-6.fna.fbcdn.net/o1/v/t2/f2/m86/AQMFgdiGSMeb1yBrRY40HCnMTTntJGc_5m7_appfcYcQX32oHd5MVuDTyiTPFaiLOaKfetHjFDBl7SS5g-ESDqHSA84heISD0gRSVzk.mp4?_nc_cat=109&_nc_oc=AdlPrhEFUrJ2zCxaGs3W9I6xcFo3m52v1aAVfKYuyZy9IATWIp51WigNXQxrSQjQhTg&_nc_sid=5e9851&_nc_ht=instagram.fhan4-6.fna.fbcdn.net&_nc_ohc=GxgRy3Q3tDgQ7kNvwHhK8wn&efg=eyJ2ZW5jb2RlX3RhZyI6Inhwdl9wcm9ncmVzc2l2ZS5JTlNUQUdSQU0uRkVFRC5DMy43MTYuZGFzaF9iYXNlbGluZV8xX3YxIiwieHB2X2Fzc2V0X2lkIjo4OTA2MDM5MDAwMTg0NzQsImFzc2V0X2FnZV9kYXlzIjo0LCJ2aV91c2VjYXNlX2lkIjoxMDA5OSwiZHVyYXRpb25fcyI6MTcsInVybGdlbl9zb3VyY2UiOiJ3d3cifQ%3D%3D&ccb=17-1&vs=5298bf3d73aa93fd&_nc_vs=HBksFQIYUmlnX3hwdl9yZWVsc19wZXJtYW5lbnRfc3JfcHJvZC9BNDQ0MjY4NDNDMTY3RjFEMUJGODQ4RDAyOUI1OTFBMF92aWRlb19kYXNoaW5pdC5tcDQVAALIARIAFQIYOnBhc3N0aHJvdWdoX2V2ZXJzdG9yZS9HUE5wUnlUd21kTnRXMThIQUhRNzdNNHFFUzhoYnN0VEFRQUYVAgLIARIAKAAYABsCiAd1c2Vfb2lsATEScHJvZ3Jlc3NpdmVfcmVjaXBlATEVAAAm1PzEkfz_lAMVAigCQzMsF0AxgAAAAAAAGBJkYXNoX2Jhc2VsaW5lXzFfdjERAHXqB2XmnQEA&_nc_gid=diKjxAkKvtvHuNl_bah0SA&_nc_zt=28&oh=00_Afq9Cgxf1J7QqrsoXBAY8OGHgjukl7G9gE7kO1TcZsAlow&oe=6963E16E']",,https://www.threads.net/@systaime/post/DTJHbAjCFfW,[],"{'likes': 13, 'reposts': 0, 'quotes': 0}",threads,3803604002630293462,Systaime,,"Trump and Maduro dancing together.
 Different flags. Same dance.

Don’t believe everything you see.

#PoliticalSatire #AI #AIArt #ArtificialIntelligence
#SyntheticMedia #Deepfake #PostTruth
#MediaCritique #ImageWeapon
#Trump #Maduro #WhosNext
#Geopolitics #Power
#ContemporaryArt #DigitalArt
#Reels #Explore #FYP
#Systaime #2026",threads,63580318510,systaime
[],2026-01-10T14:51:32.503188+07:00,"Địa chính trị Geopolitics
Địa chính trị nghiên cứu cách vị trí địa lý, tài nguyên, tuyến hàng hải và không gian chiến lược ảnh hưởng đến sức mạnh và hành vi của các quốc gia. Những vùng đất có dầu mỏ, eo biển, hoặc nằm giữa các khối quyền lực lớn thường trở thành điểm nóng xung đột. Do đó, vận mệnh của nhiều quốc gia không chỉ do chính sách nội bộ, mà còn bị chi phối mạnh bởi vị trí trên bản đồ thế giới.",2026-01-06T12:25:55+07:00,,3803874142106880295,threads,threads.com,threads_crawler_v1,https://www.threads.net/@ripina/post/DTKE2Dikwkn,https://instagram.fhan3-3.fna.fbcdn.net/v/t51.2885-19/433036668_788296745960089_8728880579285262716_n.jpg?stp=dst-jpg_s150x150_tt6&efg=eyJ2ZW5jb2RlX3RhZyI6InByb2ZpbGVfcGljLmRqYW5nby4xMDgwLmMyIn0&_nc_ht=instagram.fhan3-3.fna.fbcdn.net&_nc_cat=101&_nc_oc=Q6cZ2QEYQLQWQwe8qNDEluJxBncp2oXt4elOm04Rr1h5V7slbzqpuFCjqiHKQWffzilHPtU&_nc_ohc=SPLP8_fZjJ8Q7kNvwGE2xjc&_nc_gid=diKjxAkKvtvHuNl_bah0SA&edm=AJhczIQBAAAA&ccb=7-5&oh=00_AfryfJaNj7Krv9rpr-EiTaBa2Q4BVTdgv50pMVjIb7J8VA&oe=6967E440&_nc_sid=4a2096,0,0,1,0,0,[],,https://www.threads.net/@ripina/post/DTKE2Dikwkn,[],"{'likes': 1, 'reposts': 0, 'quotes': 0}",threads,3803874142106880295,Ripina Nguyen,,"Địa chính trị Geopolitics
Địa chính trị nghiên cứu cách vị trí địa lý, tài nguyên, tuyến hàng hải và không gian chiến lược ảnh hưởng đến sức mạnh và hành vi của các quốc gia. Những vùng đất có dầu mỏ, eo biển, hoặc nằm giữa các khối quyền lực lớn thường trở thành điểm nóng xung đột. Do đó, vận mệnh của nhiều quốc gia không chỉ do chính sách nội bộ, mà còn bị chi phối mạnh bởi vị trí trên bản đồ thế giới.",threads,65183462895,ripina
[],2026-01-10T14:51:32.503218+07:00,"Geopolitics 101 + Whiteboard: Arctic Realpolitik in 90 seconds 

 #education #learning #arctic",2025-07-18T22:17:20+07:00,,3679510370872223653,threads,threads.com,threads_crawler_v1,https://www.threads.net/@biancanobilo/post/DMQPy_7NGel,https://instagram.fhan3-3.fna.fbcdn.net/v/t51.2885-19/588055573_18493730929077039_2130971047794302470_n.jpg?stp=dst-jpg_s150x150_tt6&efg=eyJ2ZW5jb2RlX3RhZyI6InByb2ZpbGVfcGljLmRqYW5nby4xMDgwLmMyIn0&_nc_ht=instagram.fhan3-3.fna.fbcdn.net&_nc_cat=1&_nc_oc=Q6cZ2QEYQLQWQwe8qNDEluJxBncp2oXt4elOm04Rr1h5V7slbzqpuFCjqiHKQWffzilHPtU&_nc_ohc=ZWcnnIhevfsQ7kNvwG2NQUz&_nc_gid=diKjxAkKvtvHuNl_bah0SA&edm=AJhczIQBAAAA&ccb=7-5&oh=00_Afo58-mFVmVhIueN-KiUurN8-hhdumN7m0uDBaNv90TLJg&oe=6967CE2E&_nc_sid=4a2096,8,0,123,11,0,"['https://instagram.fhan4-5.fna.fbcdn.net/v/t51.2885-15/521075418_18468262939077039_8362158448884135694_n.jpg?stp=dst-jpg_e15_tt6&efg=eyJ2ZW5jb2RlX3RhZyI6InRocmVhZHMuRkVFRC5pbWFnZV91cmxnZW4uMTE3OXgyMDk2LnNkci5mODI3ODcuZGVmYXVsdF9jb3Zlcl9mcmFtZS5jMiJ9&_nc_ht=instagram.fhan4-5.fna.fbcdn.net&_nc_cat=103&_nc_oc=Q6cZ2QEYQLQWQwe8qNDEluJxBncp2oXt4elOm04Rr1h5V7slbzqpuFCjqiHKQWffzilHPtU&_nc_ohc=1VU0UBqoc04Q7kNvwFYESKn&_nc_gid=diKjxAkKvtvHuNl_bah0SA&edm=AJhczIQBAAAA&ccb=7-5&ig_cache_key=MzY3OTUxMDM3MDg3MjIyMzY1Mw%3D%3D.3-ccb7-5&oh=00_Afq871-LRtUrb9JkrE5cXb68Z78qtttvZYVWWgwEy9GRsg&oe=6967C058&_nc_sid=4a2096', 'https://instagram.fhan3-4.fna.fbcdn.net/o1/v/t2/f2/m86/AQPSIVRDJzTIOuXzrEVZYXqLamrCCyl2H_PR4B81DmrepKeR351i2Bg5UjFcUnpTWNcKIk2xOFDG8_NtzonHYztrjLGNZKfQhddkRZs.mp4?_nc_cat=106&_nc_oc=Adma75yZFZurR_gTuiiM3TUA4v3ui-CoUhidNVMQeEOVQg5Yn12PXLFms3p2eYby8wg&_nc_sid=5e9851&_nc_ht=instagram.fhan3-4.fna.fbcdn.net&_nc_ohc=yAgHqW6qalkQ7kNvwEg_6Mk&efg=eyJ2ZW5jb2RlX3RhZyI6Inhwdl9wcm9ncmVzc2l2ZS5JTlNUQUdSQU0uRkVFRC5DMy43MjAuZGFzaF9iYXNlbGluZV8xX3YxIiwieHB2X2Fzc2V0X2lkIjoxMjIwMDg0NjkzMTg4MzY4LCJhc3NldF9hZ2VfZGF5cyI6MTc1LCJ2aV91c2VjYXNlX2lkIjoxMDA5OSwiZHVyYXRpb25fcyI6OTAsInVybGdlbl9zb3VyY2UiOiJ3d3cifQ%3D%3D&ccb=17-1&_nc_gid=diKjxAkKvtvHuNl_bah0SA&_nc_zt=28&vs=9d5e58a5098e47b&_nc_vs=HBksFQIYUmlnX3hwdl9yZWVsc19wZXJtYW5lbnRfc3JfcHJvZC8yRTRDQjRFM0U2MzIwNEE3RUU0RkU5MERDQUI4NTNCQl92aWRlb19kYXNoaW5pdC5tcDQVAALIARIAFQIYRmlnX3hwdl9yZWVsc19wZXJtYW5lbnRfc3JfcHJvZC85OTI3MDI4NDk0NzU2OTBfMTU1MDU3NzgzNzQ5MDc1NjU2My5tcDQVAgLIARIAKAAYABsCiAd1c2Vfb2lsATEScHJvZ3Jlc3NpdmVfcmVjaXBlATEVAAAmoPzdq6PqqgQVAigCQzMsF0BWhmZmZmZmGBJkYXNoX2Jhc2VsaW5lXzFfdjERAHXqB2XmnQEA&oh=00_AfoWmhom5Dz8oHu4O_i_7ofBe7vXZUEiiXnYB76gCXNJJw&oe=6963FB93']",,https://www.threads.net/@biancanobilo/post/DMQPy_7NGel,[],"{'likes': 123, 'reposts': 11, 'quotes': 0}",threads,3679510370872223653,Bianca Nobilo,,"Geopolitics 101 + Whiteboard: Arctic Realpolitik in 90 seconds 

 #education #learning #arctic",threads,63372722378,biancanobilo
[],2026-01-10T14:51:32.503249+07:00,"⚠️ Russia Warns NATO:
Moscow issues stark warning of a potential nuclear clash if Western escalation continues.

#Russia #NATO #NuclearTensions #WorldNews #Geopolitics #BreakingNews #Putin #WarWarning",2025-10-23T18:58:50+07:00,,3749713717861641225,threads,threads.com,threads_crawler_v1,https://www.threads.net/@shaheerstellar/post/DQJqMJyjWwJ,https://instagram.fhan4-3.fna.fbcdn.net/v/t51.2885-19/517764176_17846108289521974_1603552266263931371_n.jpg?stp=dst-jpg_s150x150_tt6&efg=eyJ2ZW5jb2RlX3RhZyI6InByb2ZpbGVfcGljLmRqYW5nby4xMDI0LmMyIn0&_nc_ht=instagram.fhan4-3.fna.fbcdn.net&_nc_cat=110&_nc_oc=Q6cZ2QEYQLQWQwe8qNDEluJxBncp2oXt4elOm04Rr1h5V7slbzqpuFCjqiHKQWffzilHPtU&_nc_ohc=0V5011oEzckQ7kNvwGyTaB4&_nc_gid=diKjxAkKvtvHuNl_bah0SA&edm=AJhczIQBAAAA&ccb=7-5&oh=00_AfpP0A7Fc34zuSUuQpbn5BDvuc-cS39Qmf4e80QiDK-bJw&oe=6967E1E4&_nc_sid=4a2096,43,0,92,3,0,['https://instagram.fhan4-1.fna.fbcdn.net/v/t51.2885-15/569954518_17862100869506993_7664941119807551765_n.jpg?stp=dst-jpg_e35_tt6&efg=eyJ2ZW5jb2RlX3RhZyI6InRocmVhZHMuRkVFRC5pbWFnZV91cmxnZW4uMTQ0MHg5NjMuc2RyLmY4Mjc4Ny5kZWZhdWx0X2ltYWdlLmMyIn0&_nc_ht=instagram.fhan4-1.fna.fbcdn.net&_nc_cat=105&_nc_oc=Q6cZ2QEYQLQWQwe8qNDEluJxBncp2oXt4elOm04Rr1h5V7slbzqpuFCjqiHKQWffzilHPtU&_nc_ohc=QdoHRZG79YAQ7kNvwGw7bgn&_nc_gid=diKjxAkKvtvHuNl_bah0SA&edm=AJhczIQBAAAA&ccb=7-5&ig_cache_key=Mzc0OTcxMzcxNzg2MTY0MTIyNQ%3D%3D.3-ccb7-5&oh=00_AfpApmoIumbZbBZyjvFwu3FnmZN8w24um1ICw3DiVUVZwA&oe=6967BDAF&_nc_sid=4a2096'],,https://www.threads.net/@shaheerstellar/post/DQJqMJyjWwJ,[],"{'likes': 92, 'reposts': 3, 'quotes': 0}",threads,3749713717861641225,Shaheer Stellar,,"⚠️ Russia Warns NATO:
Moscow issues stark warning of a potential nuclear clash if Western escalation continues.

#Russia #NATO #NuclearTensions #WorldNews #Geopolitics #BreakingNews #Putin #WarWarning",threads,75714073973,shaheerstellar
[],2026-01-10T14:51:32.503280+07:00,"I really don’t understand why we’re attacking Venezuela. Sincere question, can someone explain the geopolitics?",2026-01-03T22:17:19+07:00,,3801997470944374689,threads,threads.com,threads_crawler_v1,https://www.threads.net/@drsecondtry/post/DTDaI5Ukq-h,https://instagram.fbkk31-2.fna.fbcdn.net/v/t51.2885-19/573323465_1219825463302212_7278921664109726296_n.png?stp=dst-jpg_e0_s150x150_tt6&efg=eyJ2ZW5jb2RlX3RhZyI6InByb2ZpbGVfcGljLmRqYW5nby4xNTAuYzIifQ&_nc_ht=instagram.fbkk31-2.fna.fbcdn.net&_nc_cat=1&_nc_oc=Q6cZ2QE8n7ASO-7VWkWbvXV0DlA59jz3qah3me_UQEPcxEqX904jy4kkWFrGcJvcyy4uFLqmoQlEYByqnhF_8_efZSkj&_nc_ohc=jFezCB5ZvcgQ7kNvwHqqI7M&_nc_gid=fmtRrSMnqOlj8GCEhVTbgg&edm=AJ1X7eQBAAAA&ccb=7-5&ig_cache_key=YW5vbnltb3VzX3Byb2ZpbGVfcGlj.3-ccb7-5&oh=00_AfoTheOYzMjam-aTtrBvcIF0pdXkh6OfwNHWZ3NrkRzFGg&oe=6967C1EA&_nc_sid=1cea78,10,0,2,0,0,[],,https://www.threads.net/@drsecondtry/post/DTDaI5Ukq-h,[],"{'likes': 2, 'reposts': 0, 'quotes': 0}",threads,3801997470944374689,Rebecca J. West,,"I really don’t understand why we’re attacking Venezuela. Sincere question, can someone explain the geopolitics?",threads,68902914881,drsecondtry
[],2026-01-10T14:51:32.503317+07:00,"🚨 American troops reportedly trying to board a Russian tanker while it’s being chased by the U.S. Coast Guard in the Atlantic—Russian media calling it a major escalation on the high seas. Tensions rising fast… 🌊🛳️

#Atlantic #BreakingNews #Geopolitics #US #Russia #CoastGuard #Maritime #WorldNews #Security",2026-01-07T19:48:04+07:00,,3804821453540077493,threads,threads.com,threads_crawler_v1,https://www.threads.net/@ceanmedia/post/DTNcPQECq-1,https://instagram.fhan4-1.fna.fbcdn.net/v/t51.2885-19/516231298_18054533744527829_2727005556179792588_n.jpg?stp=dst-jpg_s150x150_tt6&efg=eyJ2ZW5jb2RlX3RhZyI6InByb2ZpbGVfcGljLmRqYW5nby4xMDI0LmMyIn0&_nc_ht=instagram.fhan4-1.fna.fbcdn.net&_nc_cat=105&_nc_oc=Q6cZ2QEYQLQWQwe8qNDEluJxBncp2oXt4elOm04Rr1h5V7slbzqpuFCjqiHKQWffzilHPtU&_nc_ohc=MPLTYR0OGMUQ7kNvwH3QJc5&_nc_gid=diKjxAkKvtvHuNl_bah0SA&edm=AJhczIQBAAAA&ccb=7-5&oh=00_AfoaRt_vdIgEWLN1xSfNoUlDB0suZ7Yg9ARPUjB8MTiY9Q&oe=6967E128&_nc_sid=4a2096,4,0,9,4,0,['https://instagram.fhan4-5.fna.fbcdn.net/v/t51.2885-15/610549255_17938760625110690_8727832372922298352_n.jpg?stp=dst-jpg_e35_tt6&efg=eyJ2ZW5jb2RlX3RhZyI6InRocmVhZHMuRkVFRC5pbWFnZV91cmxnZW4uNDczeDEwMjQuc2RyLmY4Mjc4Ny5kZWZhdWx0X2ltYWdlLmMyIn0&_nc_ht=instagram.fhan4-5.fna.fbcdn.net&_nc_cat=102&_nc_oc=Q6cZ2QEYQLQWQwe8qNDEluJxBncp2oXt4elOm04Rr1h5V7slbzqpuFCjqiHKQWffzilHPtU&_nc_ohc=DH59QGXlZvQQ7kNvwG0pR1D&_nc_gid=diKjxAkKvtvHuNl_bah0SA&edm=AJhczIQBAAAA&ccb=7-5&ig_cache_key=MzgwNDgyMTQ1MzU0MDA3NzQ5Mw%3D%3D.3-ccb7-5&oh=00_Afp3JQ0ZsaKqOaHLrB62fr-3xEIAzXJ0LP3lnpVi17YkNQ&oe=6967CFF8&_nc_sid=4a2096'],,https://www.threads.net/@ceanmedia/post/DTNcPQECq-1,[],"{'likes': 9, 'reposts': 3, 'quotes': 1}",threads,3804821453540077493,CEAN,,"🚨 American troops reportedly trying to board a Russian tanker while it’s being chased by the U.S. Coast Guard in the Atlantic—Russian media calling it a major escalation on the high seas. Tensions rising fast… 🌊🛳️

#Atlantic #BreakingNews #Geopolitics #US #Russia #CoastGuard #Maritime #WorldNews #Security",threads,63158934689,ceanmedia
[],2026-01-10T14:51:32.503349+07:00,"Why are people so pressed about what others are reading? If you want your brain fried with science, business, or geopolitics books, silakan.

Some of us just want an easy romance, a witchy fantasy, or even a cheesy YA story that makes us feel 16 again.

Reading is reading.
Full stop.",2025-09-04T14:32:06+07:00,,3714065462117774919,threads,threads.com,threads_crawler_v1,https://www.threads.net/@lilybookattic_/post/DOLAtweE7ZH,https://instagram.fhan4-3.fna.fbcdn.net/v/t51.2885-19/610797863_17895871686380554_4035150288884210240_n.jpg?stp=dst-jpg_s150x150_tt6&efg=eyJ2ZW5jb2RlX3RhZyI6InByb2ZpbGVfcGljLmRqYW5nby4xMDgwLmMyIn0&_nc_ht=instagram.fhan4-3.fna.fbcdn.net&_nc_cat=110&_nc_oc=Q6cZ2QEYQLQWQwe8qNDEluJxBncp2oXt4elOm04Rr1h5V7slbzqpuFCjqiHKQWffzilHPtU&_nc_ohc=uvVY8ZRywNQQ7kNvwFAWhkq&_nc_gid=diKjxAkKvtvHuNl_bah0SA&edm=AJhczIQBAAAA&ccb=7-5&oh=00_AfpXs73Jl3XXuuBKZZp3VKcl6iOGpfgfCbKzFr55Fb8syQ&oe=6967C247&_nc_sid=4a2096,12,0,232,71,0,[],,https://www.threads.net/@lilybookattic_/post/DOLAtweE7ZH,[],"{'likes': 232, 'reposts': 67, 'quotes': 4}",threads,3714065462117774919,𝑮𝒆𝒕 𝒍𝒊𝒕 𝒘𝒊𝒕𝒉 𝒍𝒊𝒍𝒚 ❀ 𝑩𝒐𝒐𝒌𝒔𝒕𝒂𝒈𝒓𝒂𝒎,,"Why are people so pressed about what others are reading? If you want your brain fried with science, business, or geopolitics books, silakan.

Some of us just want an easy romance, a witchy fantasy, or even a cheesy YA story that makes us feel 16 again.

Reading is reading.
Full stop.",threads,71437892553,lilybookattic_
[],2026-01-10T14:51:32.503381+07:00,"saramanouri11
Israel’s maneuvers go far beyond a mere signed recognition. These images show young people in Hargeisa expressing their anger and rejection of Israel’s interference in Somaliland’s affairs. #Somalia
#Somaliland
#Israel
#HornOfAfrica
#AfricanPolitics
#Geopolitics",2025-12-27T21:37:43+07:00,,3796904047862079258,threads,threads.com,threads_crawler_v1,https://www.threads.net/@saramanouri11/post/DSxUB1bD98a,https://instagram.fhan3-4.fna.fbcdn.net/v/t51.2885-19/540280283_17845894776556288_2595363693679606952_n.jpg?stp=dst-jpg_s150x150_tt6&efg=eyJ2ZW5jb2RlX3RhZyI6InByb2ZpbGVfcGljLmRqYW5nby4xMDgwLmMyIn0&_nc_ht=instagram.fhan3-4.fna.fbcdn.net&_nc_cat=104&_nc_oc=Q6cZ2QEYQLQWQwe8qNDEluJxBncp2oXt4elOm04Rr1h5V7slbzqpuFCjqiHKQWffzilHPtU&_nc_ohc=R7XjhCnkph4Q7kNvwFGEz5M&_nc_gid=diKjxAkKvtvHuNl_bah0SA&edm=AJhczIQBAAAA&ccb=7-5&oh=00_AfqAMwxjh2vfXfD-zv6any7MLxcMX6wRc4Ept3A6p7luCQ&oe=6967D045&_nc_sid=4a2096,4,0,12,0,0,"['https://instagram.fhan3-2.fna.fbcdn.net/v/t51.2885-15/607107082_1555642822142263_1910125960499684562_n.jpg?stp=dst-jpg_e15_tt6&efg=eyJ2ZW5jb2RlX3RhZyI6InRocmVhZHMuRkVFRC5pbWFnZV91cmxnZW4uNjQweDExMzYuc2RyLmY3MTg3OC5kZWZhdWx0X2NvdmVyX2ZyYW1lLmMyIn0&_nc_ht=instagram.fhan3-2.fna.fbcdn.net&_nc_cat=107&_nc_oc=Q6cZ2QEYQLQWQwe8qNDEluJxBncp2oXt4elOm04Rr1h5V7slbzqpuFCjqiHKQWffzilHPtU&_nc_ohc=OgS5Cx-Hn0AQ7kNvwFxkuW7&_nc_gid=diKjxAkKvtvHuNl_bah0SA&edm=AJhczIQBAAAA&ccb=7-5&ig_cache_key=Mzc5NjkwNDA0Nzg2MjA3OTI1OA%3D%3D.3-ccb7-5&oh=00_AfokbV1H4uF8mqQi4ODtjHU5SejfNeft0C1XFQvOHcX5nA&oe=6967DFC8&_nc_sid=4a2096', 'https://instagram.fhan3-4.fna.fbcdn.net/o1/v/t16/f2/m84/AQNHlBvPAUCDDHzZSr5ODRLeoCumsPzWubhUzVv3UH5ZaDHpY477BE984IyHmnZQJdWGW0YYTC80xMJBYyC6aW971AxB9iPPuE8yPOU.mp4?_nc_cat=104&_nc_oc=AdlAzXogDAn5ivjNElbutLSdQZpVBTlzafA9YzlNsh7WyL4gmM83vgGqW1vF9nyVdHU&_nc_sid=5e9851&_nc_ht=instagram.fhan3-4.fna.fbcdn.net&_nc_ohc=vY0c4r8zVfgQ7kNvwGo7QYg&efg=eyJ2ZW5jb2RlX3RhZyI6Inhwdl9wcm9ncmVzc2l2ZS5JTlNUQUdSQU0uRkVFRC5DMy43MjAuZGFzaF9iYXNlbGluZV8xX3YxIiwieHB2X2Fzc2V0X2lkIjoxMTk4NzMyNzk5MTIwOTMwLCJhc3NldF9hZ2VfZGF5cyI6MTMsInZpX3VzZWNhc2VfaWQiOjEwMTY0LCJkdXJhdGlvbl9zIjoxMywidXJsZ2VuX3NvdXJjZSI6Ind3dyJ9&ccb=17-1&_nc_gid=diKjxAkKvtvHuNl_bah0SA&_nc_zt=28&vs=bd591f1069be2781&_nc_vs=HBksFQIYTGlnX2JhY2tmaWxsX3RpbWVsaW5lX3ZvZC81MjRDOTgzNzUyQUU0MjUxMDQ4OEI0MTMxOEEyQkFBNF92aWRlb19kYXNoaW5pdC5tcDQVAALIARIAFQIYOnBhc3N0aHJvdWdoX2V2ZXJzdG9yZS9HR2lwRlNRNXZ2Y19OVU1FQUdmRW9qOEMzamg5YnNwVEFRQUYVAgLIARIAKAAYABsCiAd1c2Vfb2lsATEScHJvZ3Jlc3NpdmVfcmVjaXBlATEVAAAmxNjgqrePoQQVAigCQzMsF0AqEOVgQYk3GBJkYXNoX2Jhc2VsaW5lXzFfdjERAHXqB2XongEA&oh=00_AfqtFiF3xmEQfPFzJ1ARGGf-pHDcpUZ_zy9UkjhXl2nYUQ&oe=6963E018']",,https://www.threads.net/@saramanouri11/post/DSxUB1bD98a,[],"{'likes': 12, 'reposts': 0, 'quotes': 0}",threads,3796904047862079258,saramanouri,,"saramanouri11
Israel’s maneuvers go far beyond a mere signed recognition. These images show young people in Hargeisa expressing their anger and rejection of Israel’s interference in Somaliland’s affairs. #Somalia
#Somaliland
#Israel
#HornOfAfrica
#AfricanPolitics
#Geopolitics",threads,76604908287,saramanouri11
[],2026-01-10T14:51:32.503413+07:00,"Jinping Power 😲
.
.
.
#XiJinping #China #ChinesePolitics #WorldLeaders #Geopolitics #CurrentEvents #PoliticalNews",2025-07-09T01:02:14+07:00,,3672345619249153636,threads,threads.com,threads_crawler_v1,https://www.threads.net/@gscreation_51/post/DL2yuI_zsZk,https://instagram.fhan4-5.fna.fbcdn.net/v/t51.2885-19/463960739_8703827816305934_1877213403889635076_n.jpg?stp=dst-jpg_s150x150_tt6&efg=eyJ2ZW5jb2RlX3RhZyI6InByb2ZpbGVfcGljLmRqYW5nby41MDAuYzIifQ&_nc_ht=instagram.fhan4-5.fna.fbcdn.net&_nc_cat=102&_nc_oc=Q6cZ2QEYQLQWQwe8qNDEluJxBncp2oXt4elOm04Rr1h5V7slbzqpuFCjqiHKQWffzilHPtU&_nc_ohc=hSP6DcoCxVsQ7kNvwFQRYS5&_nc_gid=diKjxAkKvtvHuNl_bah0SA&edm=AJhczIQBAAAA&ccb=7-5&oh=00_Afr0XKXCqMngMgaw2IXtBn2vXAJET2v0-hYE67IxmjRoCQ&oe=6967EEA8&_nc_sid=4a2096,5,0,196,6,0,['https://instagram.fhan4-6.fna.fbcdn.net/v/t51.2885-15/517102225_17972114750914088_4196600470280828455_n.webp?efg=eyJ2ZW5jb2RlX3RhZyI6InRocmVhZHMuRkVFRC5pbWFnZV91cmxnZW4uMTQ0MHgxNjg1LnNkci5mODI3ODcuZGVmYXVsdF9pbWFnZS5jMiJ9&_nc_ht=instagram.fhan4-6.fna.fbcdn.net&_nc_cat=108&_nc_oc=Q6cZ2QEYQLQWQwe8qNDEluJxBncp2oXt4elOm04Rr1h5V7slbzqpuFCjqiHKQWffzilHPtU&_nc_ohc=rcMPIYkj-_0Q7kNvwHQo8sY&_nc_gid=diKjxAkKvtvHuNl_bah0SA&edm=AJhczIQBAAAA&ccb=7-5&ig_cache_key=MzY3MjM0NTYxOTI0OTE1MzYzNg%3D%3D.3-ccb7-5&oh=00_Afo2hEFgsO-07m0o-Plj4sznbCPg2CizEtTH3KXL8-afEA&oe=6967C556&_nc_sid=4a2096'],,https://www.threads.net/@gscreation_51/post/DL2yuI_zsZk,[],"{'likes': 196, 'reposts': 6, 'quotes': 0}",threads,3672345619249153636,GS CREATION,,"Jinping Power 😲
.
.
.
#XiJinping #China #ChinesePolitics #WorldLeaders #Geopolitics #CurrentEvents #PoliticalNews",threads,69938155081,gscreation_51
[],2026-01-10T14:51:32.503444+07:00,"What do you think?

Russia didn't slip up - they wanted us see it Putin's body double on display, just to humiliate the USA #Putin #BodyDouble #Geopolitics",2025-08-16T13:55:59+07:00,,3700276530375202993,threads,threads.com,threads_crawler_v1,https://www.threads.net/@theforemost.in/post/DNaBeZDupix,https://instagram.fhan3-2.fna.fbcdn.net/v/t51.2885-19/517407758_17959212074957719_6502113118427653141_n.jpg?stp=dst-jpg_s150x150_tt6&efg=eyJ2ZW5jb2RlX3RhZyI6InByb2ZpbGVfcGljLmRqYW5nby4xMDgwLmMyIn0&_nc_ht=instagram.fhan3-2.fna.fbcdn.net&_nc_cat=107&_nc_oc=Q6cZ2QEYQLQWQwe8qNDEluJxBncp2oXt4elOm04Rr1h5V7slbzqpuFCjqiHKQWffzilHPtU&_nc_ohc=mm2JdkHcNgwQ7kNvwGE_Xqg&_nc_gid=diKjxAkKvtvHuNl_bah0SA&edm=AJhczIQBAAAA&ccb=7-5&oh=00_AfrAkAZGtzfKP7UZuFJfkjumlG_O0Ao9UCYHEBoh-YFDiA&oe=6967E7AD&_nc_sid=4a2096,14,0,78,9,0,"['https://instagram.fhan4-3.fna.fbcdn.net/v/t51.2885-15/532320733_1307357057723472_985994411676198686_n.jpg?stp=dst-jpg_e15_tt6&efg=eyJ2ZW5jb2RlX3RhZyI6InRocmVhZHMuRkVFRC5pbWFnZV91cmxnZW4uNjQweDExMzYuc2RyLmY3MTg3OC5kZWZhdWx0X2NvdmVyX2ZyYW1lLmMyIn0&_nc_ht=instagram.fhan4-3.fna.fbcdn.net&_nc_cat=100&_nc_oc=Q6cZ2QEYQLQWQwe8qNDEluJxBncp2oXt4elOm04Rr1h5V7slbzqpuFCjqiHKQWffzilHPtU&_nc_ohc=wKDtSEjEuekQ7kNvwE4JwWg&_nc_gid=diKjxAkKvtvHuNl_bah0SA&edm=AJhczIQBAAAA&ccb=7-5&ig_cache_key=MzcwMDI3NjUzMDM3NTIwMjk5Mw%3D%3D.3-ccb7-5&oh=00_AfppJA4C63M5vRCmvaVkiU-VM5V23pAjqiOvv3AqkG8ikw&oe=6967DA52&_nc_sid=4a2096', 'https://instagram.fhan4-3.fna.fbcdn.net/o1/v/t2/f2/m86/AQP3cdxM6Xp-K7H7rzGJJQDBkoKipCuDKzx7yBBYn0e4YgCo9pCq8WeA7TruYi2fo11Qna26xv2bONMrWFuoJKP42Ychpco6U-ApMNU.mp4?_nc_cat=110&_nc_oc=AdlZAWzP1aLpiHUVwMXRsDX1jRuBbANo757d97e0G5wSdXOP9BmBNR4K0hfWmJezHIs&_nc_sid=5e9851&_nc_ht=instagram.fhan4-3.fna.fbcdn.net&_nc_ohc=pCsVc8DkBvwQ7kNvwGjC0tS&efg=eyJ2ZW5jb2RlX3RhZyI6Inhwdl9wcm9ncmVzc2l2ZS5JTlNUQUdSQU0uRkVFRC5DMy43MjAuZGFzaF9iYXNlbGluZV8xX3YxIiwieHB2X2Fzc2V0X2lkIjoxMjMyMTM1ODc4OTI2MTA4LCJhc3NldF9hZ2VfZGF5cyI6MTQ3LCJ2aV91c2VjYXNlX2lkIjoxMDA5OSwiZHVyYXRpb25fcyI6MTEsInVybGdlbl9zb3VyY2UiOiJ3d3cifQ%3D%3D&ccb=17-1&_nc_gid=diKjxAkKvtvHuNl_bah0SA&_nc_zt=28&vs=a81c36e8de8322d8&_nc_vs=HBksFQIYUmlnX3hwdl9yZWVsc19wZXJtYW5lbnRfc3JfcHJvZC9CNTQ0MUI4QUZDMkUyRDA0NUJBRDg5MTI0N0RFQ0Q4NV92aWRlb19kYXNoaW5pdC5tcDQVAALIARIAFQIYRmlnX3hwdl9yZWVsc19wZXJtYW5lbnRfc3JfcHJvZC82MTkzNTc3NTQ1NzkwMDVfMTIxNTQ4OTkyMDI0NDUyODAxOS5tcDQVAgLIARIAKAAYABsCiAd1c2Vfb2lsATEScHJvZ3Jlc3NpdmVfcmVjaXBlATEVAAAmuPyG1t-nsAQVAigCQzMsF0AnRBiTdLxqGBJkYXNoX2Jhc2VsaW5lXzFfdjERAHXqB2XmnQEA&oh=00_AfoddLxLPn9BSJKkkLoXDZkDcshLYaEuTeCgcWnac92igw&oe=6963DB2F']",,https://www.threads.net/@theforemost.in/post/DNaBeZDupix,[],"{'likes': 78, 'reposts': 8, 'quotes': 1}",threads,3700276530375202993,The ForeMost,,"What do you think?

Russia didn't slip up - they wanted us see it Putin's body double on display, just to humiliate the USA #Putin #BodyDouble #Geopolitics",threads,75943800872,theforemost.in
