categories,collectDate,content,createDate,description,docId,docType,domain,fromCrawler,link,logoLink,numComments,numDislikes,numLikes,numShares,numViews,pictures,postId,postLink,provinces,reactions,source,sourceId,sourceName,tags,title,type,userId,userName
[],2026-01-27T09:38:43.815928+07:00,"Alhamdulillah,  (Hons) in International Relations: completed & survived! 🎓✨",2025-12-01T20:18:47+07:00,,3778020217747393823,threads,threads.com,threads_crawler_v1,https://www.threads.net/@anglamnda/post/DRuOV8JE80f,https://scontent-hkg4-1.cdninstagram.com/v/t51.2885-19/584392730_17843753484613856_3993376142252355957_n.jpg?stp=dst-jpg_s150x150_tt6&efg=eyJ2ZW5jb2RlX3RhZyI6InByb2ZpbGVfcGljLmRqYW5nby4xMDgwLmMyIn0&_nc_ht=scontent-hkg4-1.cdninstagram.com&_nc_cat=108&_nc_oc=Q6cZ2QHKvfSxsDjdx3WGnWeHFHnuJYWt0MtseDhYmmoKFS3GBwxG-UMpzNHxfB2IMkLkYGE&_nc_ohc=Iio_ls-VdusQ7kNvwFl0r1Y&_nc_gid=hdB9Z4vqwB26PvM7Ux0Gpw&edm=AJhczIQBAAAA&ccb=7-5&oh=00_AfrJzrw0Wp12yaqM-mTa9f6n42mEAJc0p83-C4CyLtbX3A&oe=697DFDB7&_nc_sid=4a2096,3,0,13,0,0,['https://scontent-hkg4-1.cdninstagram.com/v/t51.2885-15/587748092_18401131090132174_8767241369831824556_n.jpg?stp=dst-jpg_e35_tt6&efg=eyJ2ZW5jb2RlX3RhZyI6InRocmVhZHMuQ0FST1VTRUxfSVRFTS5pbWFnZV91cmxnZW4uMTQ0MHgxNzQyLnNkci5mODI3ODcuZGVmYXVsdF9pbWFnZS5jMiJ9&_nc_ht=scontent-hkg4-1.cdninstagram.com&_nc_cat=110&_nc_oc=Q6cZ2QHKvfSxsDjdx3WGnWeHFHnuJYWt0MtseDhYmmoKFS3GBwxG-UMpzNHxfB2IMkLkYGE&_nc_ohc=e3TsTny92YgQ7kNvwHXCX8Y&_nc_gid=hdB9Z4vqwB26PvM7Ux0Gpw&edm=AJhczIQBAAAA&ccb=7-5&ig_cache_key=Mzc3ODAyMDIwNDgxMjE0NDA3OQ%3D%3D.3-ccb7-5&oh=00_AfpZFROLnbmLmHSGoGJ21KfFfkw3uK3M6gsR1jYfUcjWXg&oe=697E09DE&_nc_sid=4a2096'],,https://www.threads.net/@anglamnda/post/DRuOV8JE80f,[],"{'likes': 13, 'reposts': 0, 'quotes': 0}",threads,3778020217747393823,mfw.,,"Alhamdulillah, BSoc.Sc (Hons) in International Relations: completed & survived! 🎓✨",threads,78302645855,anglamnda
[],2026-01-27T09:38:43.816355+07:00,"Check out the original manuscript of the UN Charter preamble, complete with handwritten notes.

A foundational text of international relations, the Charter remains a vital guide for humanity — and a bedrock of peace, sustainable development and human rights.

“When leaders run roughshod over international law… they are setting a perilous precedent,” stresses UN Secretary-General @antonioguterres.

The Charter binds us all. All countries must adhere to it, fully and faithfully.",2026-01-22T21:15:38+07:00,,3815737163950101837,threads,threads.com,threads_crawler_v1,https://www.threads.net/@unitednations/post/DT0OLvlgJVN,https://scontent-hkg1-1.cdninstagram.com/v/t51.2885-19/359481583_274214641925597_4866717376396386090_n.jpg?stp=dst-jpg_s150x150_tt6&efg=eyJ2ZW5jb2RlX3RhZyI6InByb2ZpbGVfcGljLmRqYW5nby4xMDgwLmMyIn0&_nc_ht=scontent-hkg1-1.cdninstagram.com&_nc_cat=105&_nc_oc=Q6cZ2QHKvfSxsDjdx3WGnWeHFHnuJYWt0MtseDhYmmoKFS3GBwxG-UMpzNHxfB2IMkLkYGE&_nc_ohc=XIw1K-YvSUgQ7kNvwEn4Wgh&_nc_gid=hdB9Z4vqwB26PvM7Ux0Gpw&edm=AJhczIQBAAAA&ccb=7-5&oh=00_Afr-Ia5iGOchOVqiq-QAiyr9SMj1c_20s8Tn0M-iTx_gWw&oe=697DF550&_nc_sid=4a2096,7,0,84,18,0,['https://scontent-hkg4-1.cdninstagram.com/v/t51.2885-15/619984845_17942632431101372_6913249911505888479_n.jpg?stp=dst-jpg_e35_tt6&efg=eyJ2ZW5jb2RlX3RhZyI6InRocmVhZHMuRkVFRC5pbWFnZV91cmxnZW4uNjAweDc4NS5zZHIuZjgyNzg3LmRlZmF1bHRfaW1hZ2UuYzIifQ&_nc_ht=scontent-hkg4-1.cdninstagram.com&_nc_cat=108&_nc_oc=Q6cZ2QHKvfSxsDjdx3WGnWeHFHnuJYWt0MtseDhYmmoKFS3GBwxG-UMpzNHxfB2IMkLkYGE&_nc_ohc=lnHltJnx0FYQ7kNvwH4IiWu&_nc_gid=hdB9Z4vqwB26PvM7Ux0Gpw&edm=AJhczIQBAAAA&ccb=7-5&ig_cache_key=MzgxNTczNzE2Mzk1MDEwMTgzNw%3D%3D.3-ccb7-5&oh=00_AfrY1_lqxuSYi_GQ-1z8h6G23gg5KsqlIfhja1whsqim6w&oe=697E0E27&_nc_sid=4a2096'],,https://www.threads.net/@unitednations/post/DT0OLvlgJVN,[],"{'likes': 84, 'reposts': 16, 'quotes': 2}",threads,3815737163950101837,United Nations,,"Check out the original manuscript of the UN Charter preamble, complete with handwritten notes.

A foundational text of international relations, the Charter remains a vital guide for humanity — and a bedrock of peace, sustainable development and human rights.

“When leaders run roughshod over international law… they are setting a perilous precedent,” stresses UN Secretary-General @antonioguterres.

The Charter binds us all. All countries must adhere to it, fully and faithfully.",threads,63077941371,unitednations
[],2026-01-27T09:38:43.816572+07:00,"𝐈𝐍𝐓𝐄𝐑𝐍𝐀𝐓𝐈𝐎𝐍𝐀𝐋 𝐑𝐄𝐋𝐀𝐓𝐈𝐎𝐍𝐒 𝐏𝐑𝐀𝐂𝐓𝐈𝐂𝐄 𝐐𝐔𝐄𝐒𝐓𝐈𝐎𝐍

Which of the following countries has been re-elected to the International Maritime Organisation (IMO) Council with the highest vote in its category for the 2025-26 biennium?

#𝐔𝐏𝐒𝐂 #𝐔𝐏𝐒𝐂𝐏𝐫𝐞𝐥𝐢𝐦𝐬𝟐𝟎𝟐𝟔 #𝐔𝐏𝐒𝐂𝟐𝟎𝟐𝟔 #𝐂𝐀𝐏𝐅 #𝐍𝐃𝐀 #𝐂𝐈𝐒𝐅 #𝐂𝐃𝐒",2025-12-03T08:01:20+07:00,,3779098592406547144,threads,threads.com,threads_crawler_v1,https://www.threads.net/@mbtupsc/post/DRyDiWzkirI,https://scontent-hkg1-2.cdninstagram.com/v/t51.2885-19/531633919_17917108176115719_2660465167139514947_n.jpg?stp=dst-jpg_s150x150_tt6&efg=eyJ2ZW5jb2RlX3RhZyI6InByb2ZpbGVfcGljLmRqYW5nby4xMDgwLmMyIn0&_nc_ht=scontent-hkg1-2.cdninstagram.com&_nc_cat=103&_nc_oc=Q6cZ2QHKvfSxsDjdx3WGnWeHFHnuJYWt0MtseDhYmmoKFS3GBwxG-UMpzNHxfB2IMkLkYGE&_nc_ohc=jLyW4CtGQhYQ7kNvwH57HYr&_nc_gid=hdB9Z4vqwB26PvM7Ux0Gpw&edm=AJhczIQBAAAA&ccb=7-5&oh=00_AfpPNeHGMFUw4qUt3eZmxnHqQsHx14oTcykvIEGa3hsuUQ&oe=697DE2E6&_nc_sid=4a2096,1,0,1,0,0,['https://scontent-hkg1-2.cdninstagram.com/v/t51.2885-15/591145180_17930557305115719_411017548856645814_n.webp?efg=eyJ2ZW5jb2RlX3RhZyI6InRocmVhZHMuRkVFRC5pbWFnZV91cmxnZW4uMTAzMng2NzQuc2RyLmY4Mjc4Ny5kZWZhdWx0X2ltYWdlLmMyIn0&_nc_ht=scontent-hkg1-2.cdninstagram.com&_nc_cat=103&_nc_oc=Q6cZ2QHKvfSxsDjdx3WGnWeHFHnuJYWt0MtseDhYmmoKFS3GBwxG-UMpzNHxfB2IMkLkYGE&_nc_ohc=w8g_4TxYP2QQ7kNvwF6EzDR&_nc_gid=hdB9Z4vqwB26PvM7Ux0Gpw&edm=AJhczIQBAAAA&ccb=7-5&ig_cache_key=Mzc3OTA5ODU5MjQwNjU0NzE0NA%3D%3D.3-ccb7-5&oh=00_AfqZa79t_cmVw46ImA3hyCZOTACzuRpK_2a003vwINeeNg&oe=697E0E55&_nc_sid=4a2096'],,https://www.threads.net/@mbtupsc/post/DRyDiWzkirI,[],"{'likes': 1, 'reposts': 0, 'quotes': 0}",threads,3779098592406547144,MBT UPSC,,"𝐈𝐍𝐓𝐄𝐑𝐍𝐀𝐓𝐈𝐎𝐍𝐀𝐋 𝐑𝐄𝐋𝐀𝐓𝐈𝐎𝐍𝐒 𝐏𝐑𝐀𝐂𝐓𝐈𝐂𝐄 𝐐𝐔𝐄𝐒𝐓𝐈𝐎𝐍

Which of the following countries has been re-elected to the International Maritime Organisation (IMO) Council with the highest vote in its category for the 2025-26 biennium?

#𝐔𝐏𝐒𝐂 #𝐔𝐏𝐒𝐂𝐏𝐫𝐞𝐥𝐢𝐦𝐬𝟐𝟎𝟐𝟔 #𝐔𝐏𝐒𝐂𝟐𝟎𝟐𝟔 #𝐂𝐀𝐏𝐅 #𝐍𝐃𝐀 #𝐂𝐈𝐒𝐅 #𝐂𝐃𝐒",threads,63427747718,mbtupsc
[],2026-01-27T09:38:43.816766+07:00,"Why I Created PoliTalk and My Vision

I created PoliTalk to grow in the fields of diplomacy and international relations.

The more I learn, the stronger my desire becomes to express my thoughts and share them with others. Through this channel, I aim to discuss global politics, society, and leadership from a young perspective. I believe that open dialogue helps us understand the world better and think critically.

📆New posts three times a week every Monday, Wednesday and Friday!",2025-10-28T12:02:26+07:00,,3753128019050117586,threads,threads.com,threads_crawler_v1,https://www.threads.net/@kurmanbaev_ch/post/DQVygxkDDnS,https://instagram.fblr20-2.fna.fbcdn.net/v/t51.2885-19/573323465_1219825463302212_7278921664109726296_n.png?stp=dst-jpg_e0_s150x150_tt6&efg=eyJ2ZW5jb2RlX3RhZyI6InByb2ZpbGVfcGljLmRqYW5nby4xNTAuYzIifQ&_nc_ht=instagram.fblr20-2.fna.fbcdn.net&_nc_cat=1&_nc_oc=Q6cZ2QG9zxS9Dwv41ioGX77wGseAec_PNiKiSu4X5QIR4piZfnMDXfPn4ytHRu7FIpFTsbMOuxw-JNJG1k0GYo41QiEz&_nc_ohc=5RbL11Zchq0Q7kNvwF6DPw_&_nc_gid=XSbHPAsWgIYNoFkSxuf_gA&edm=ALlQn9MBAAAA&ccb=7-5&ig_cache_key=YW5vbnltb3VzX3Byb2ZpbGVfcGlj.3-ccb7-5&oh=00_AfpNOIltQ69pHDpF5zIxtAE0lIpyvM_fng4y64oCspbTtQ&oe=697DF32A&_nc_sid=e7f676,0,0,2,0,0,[],,https://www.threads.net/@kurmanbaev_ch/post/DQVygxkDDnS,[],"{'likes': 2, 'reposts': 0, 'quotes': 0}",threads,3753128019050117586,Winner,politica,"Why I Created PoliTalk and My Vision

I created PoliTalk to grow in the fields of diplomacy and international relations.

The more I learn, the stronger my desire becomes to express my thoughts and share them with others. Through this channel, I aim to discuss global politics, society, and leadership from a young perspective. I believe that open dialogue helps us understand the world better and think critically.

📆New posts three times a week every Monday, Wednesday and Friday!",threads,74813738405,kurmanbaev_ch
[],2026-01-27T09:38:43.816981+07:00,"💥 Chiếc CV giúp mình thành công chinh phục vị trí Intern tại DHL Global Forwarding ngay lần đầu tiên apply!

🚢 Và đây là một số tips của mình:

(1) Đọc kỹ JD -> lọc keywords -> chứng minh bản thân có những yếu tố đó xuyên suốt nội dung của CV.

(2) Nêu bật thế mạnh của bản thân và đặt ở phần trung tâm của CV (như của mình là Education và Academic Projects).

(3) Không chỉ liệt kê thành tích, mà hãy làm rõ mình ""đã làm gì"", ""đạt được gì"" sau thành tích ấy!

(4) Căn chỉnh đều, đẹp, nhất quán!",2025-08-04T13:25:22+07:00,,3691563824697842860,threads,threads.com,threads_crawler_v1,https://www.threads.net/@thenoahless/post/DM7Eb1kzBys,https://scontent-hkg1-1.cdninstagram.com/v/t51.2885-19/525769385_17846262843536341_2140572097317886676_n.jpg?stp=dst-jpg_s150x150_tt6&efg=eyJ2ZW5jb2RlX3RhZyI6InByb2ZpbGVfcGljLmRqYW5nby43MzYuYzIifQ&_nc_ht=scontent-hkg1-1.cdninstagram.com&_nc_cat=101&_nc_oc=Q6cZ2QHKvfSxsDjdx3WGnWeHFHnuJYWt0MtseDhYmmoKFS3GBwxG-UMpzNHxfB2IMkLkYGE&_nc_ohc=iJknwk6znPQQ7kNvwGRDPKw&_nc_gid=hdB9Z4vqwB26PvM7Ux0Gpw&edm=AJhczIQBAAAA&ccb=7-5&oh=00_AfoP6PwwZoDkhHTSG2GsT7duues70sEKJnc2pw8eadFDwg&oe=697E08F3&_nc_sid=4a2096,40,0,1597,297,0,['https://scontent-hkg1-2.cdninstagram.com/v/t51.2885-15/527403590_17845320003541543_7951646251317556517_n.jpg?stp=dst-jpg_e35_tt6&efg=eyJ2ZW5jb2RlX3RhZyI6InRocmVhZHMuRkVFRC5pbWFnZV91cmxnZW4uMTI4NHgxODA1LnNkci5mODI3ODcuZGVmYXVsdF9pbWFnZS5jMiJ9&_nc_ht=scontent-hkg1-2.cdninstagram.com&_nc_cat=107&_nc_oc=Q6cZ2QHKvfSxsDjdx3WGnWeHFHnuJYWt0MtseDhYmmoKFS3GBwxG-UMpzNHxfB2IMkLkYGE&_nc_ohc=BG6xnNt_rC4Q7kNvwEFnySC&_nc_gid=hdB9Z4vqwB26PvM7Ux0Gpw&edm=AJhczIQBAAAA&ccb=7-5&ig_cache_key=MzY5MTU2MzgyNDY5Nzg0Mjg2MA%3D%3D.3-ccb7-5&oh=00_AfoIAOHe5aLjf7sOY7QQYcB6hMjdV15rC3FShQcwLOjpnw&oe=697DE27E&_nc_sid=4a2096'],,https://www.threads.net/@thenoahless/post/DM7Eb1kzBys,[],"{'likes': 1597, 'reposts': 289, 'quotes': 8}",threads,3691563824697842860,The Noahless,,"💥 Chiếc CV giúp mình thành công chinh phục vị trí Intern tại DHL Global Forwarding ngay lần đầu tiên apply!

🚢 Và đây là một số tips của mình:

(1) Đọc kỹ JD -> lọc keywords -> chứng minh bản thân có những yếu tố đó xuyên suốt nội dung của CV.

(2) Nêu bật thế mạnh của bản thân và đặt ở phần trung tâm của CV (như của mình là Education và Academic Projects).

(3) Không chỉ liệt kê thành tích, mà hãy làm rõ mình ""đã làm gì"", ""đạt được gì"" sau thành tích ấy!

(4) Căn chỉnh đều, đẹp, nhất quán!",threads,76163461542,thenoahless
[],2026-01-27T09:38:43.817134+07:00,"I'm 19 from South Russia 🇷🇺✨
I want to make international friends 🤌 
𝑌𝑜𝑢 𝑓𝑜𝑙𝑙𝑜𝑤 𝑚𝑒, 𝑖 𝑓𝑜𝑙𝑙𝑜𝑤 𝑦𝑜𝑢 𝑏𝑎𝑐𝑘 🖤
𝑌𝑜𝑢 𝑓𝑜𝑙𝑙𝑜𝑤 𝑚𝑒, 𝑖 𝑓𝑜𝑙𝑙𝑜𝑤 𝑦𝑜𝑢 𝑏𝑎𝑐𝑘 ❤
Russia",2025-04-03T00:39:58+07:00,,3602030903334690572,threads,threads.com,threads_crawler_v1,https://www.threads.net/@dasha_x_taran/post/DH8_AWvPl8M,https://scontent-hkg4-1.cdninstagram.com/v/t51.2885-19/500481496_17860663965410996_5628227994723088012_n.jpg?stp=dst-jpg_s150x150_tt6&efg=eyJ2ZW5jb2RlX3RhZyI6InByb2ZpbGVfcGljLmRqYW5nby43MzUuYzIifQ&_nc_ht=scontent-hkg4-1.cdninstagram.com&_nc_cat=108&_nc_oc=Q6cZ2QHKvfSxsDjdx3WGnWeHFHnuJYWt0MtseDhYmmoKFS3GBwxG-UMpzNHxfB2IMkLkYGE&_nc_ohc=9RoP5VU9O6UQ7kNvwGnpHzk&_nc_gid=hdB9Z4vqwB26PvM7Ux0Gpw&edm=AJhczIQBAAAA&ccb=7-5&oh=00_AfpRhzMR1LeTTHZzXFqYW-_2CtK1RTCYZlRJ2wnWy-Oqng&oe=697DDC0C&_nc_sid=4a2096,185,0,1051,4,0,"['https://scontent-hkg4-1.cdninstagram.com/v/t51.2885-15/488156696_17854480935410996_3960487381430368445_n.jpg?stp=dst-jpg_e15_tt6&efg=eyJ2ZW5jb2RlX3RhZyI6InRocmVhZHMuRkVFRC5pbWFnZV91cmxnZW4uNzIweDEyODAuc2RyLmY3NTc2MS5kZWZhdWx0X2NvdmVyX2ZyYW1lLmMyIn0&_nc_ht=scontent-hkg4-1.cdninstagram.com&_nc_cat=108&_nc_oc=Q6cZ2QHKvfSxsDjdx3WGnWeHFHnuJYWt0MtseDhYmmoKFS3GBwxG-UMpzNHxfB2IMkLkYGE&_nc_ohc=dKi4_WPLbxYQ7kNvwG25X6G&_nc_gid=hdB9Z4vqwB26PvM7Ux0Gpw&edm=AJhczIQBAAAA&ccb=7-5&ig_cache_key=MzYwMjAzMDkwMzMzNDY5MDU3Mg%3D%3D.3-ccb7-5&oh=00_AfrkiuLAYLCKL-udqBHVUPEGIob0Lp_XExWHFsE_327R7w&oe=697E0BA0&_nc_sid=4a2096', 'https://scontent-hkg4-1.cdninstagram.com/o1/v/t16/f2/m69/AQP4ENGlwcvC4OIHt8Mj__owi8ah_xduCBsRQMrk0mzwGayvN5xi0aKsQoIsuboROlxsPDr44C9gHqC4kFCQQZN6.mp4?strext=1&_nc_cat=110&_nc_sid=8bf8fe&_nc_ht=scontent-hkg4-1.cdninstagram.com&_nc_ohc=x1RxbY4y47kQ7kNvwHTM70p&efg=eyJ2ZW5jb2RlX3RhZyI6Inhwdl9wcm9ncmVzc2l2ZS5JTlNUQUdSQU0uRkVFRC5DMy43MTgucHJvZ3Jlc3NpdmVfaDI2NC1iYXNpYy1nZW4yXzcyMHAiLCJ4cHZfYXNzZXRfaWQiOjEzNDI0MDkyNTM3NDYwNjMsImFzc2V0X2FnZV9kYXlzIjoyOTksInZpX3VzZWNhc2VfaWQiOjEwMTY0LCJkdXJhdGlvbl9zIjoxNCwidXJsZ2VuX3NvdXJjZSI6Ind3dyJ9&ccb=17-1&_nc_gid=hdB9Z4vqwB26PvM7Ux0Gpw&_nc_zt=28&oh=00_Afpo9gvSDhMdidJ-5riN1c8uRua7XRORy31aL4Yet0zNnw&oe=697DDF82']",,https://www.threads.net/@dasha_x_taran/post/DH8_AWvPl8M,[],"{'likes': 1051, 'reposts': 4, 'quotes': 0}",threads,3602030903334690572,𝕄𝕚𝕒 ツ🔵,,"I'm 19 from South Russia 🇷🇺✨
I want to make international friends 🤌 
𝑌𝑜𝑢 𝑓𝑜𝑙𝑙𝑜𝑤 𝑚𝑒, 𝑖 𝑓𝑜𝑙𝑙𝑜𝑤 𝑦𝑜𝑢 𝑏𝑎𝑐𝑘 🖤
𝑌𝑜𝑢 𝑓𝑜𝑙𝑙𝑜𝑤 𝑚𝑒, 𝑖 𝑓𝑜𝑙𝑙𝑜𝑤 𝑦𝑜𝑢 𝑏𝑎𝑐𝑘 ❤
Russia",threads,72300482995,dasha_x_taran
[],2026-01-27T09:38:43.817298+07:00,"hi, i’m Liza 
i’m from Ukraine🇺🇦
i’m 19
i need international friends, age doesn’t matter
and you?",2025-07-17T19:20:45+07:00,,3678696731412255764,threads,threads.com,threads_crawler_v1,https://www.threads.net/@lzayds/post/DMNWy_IN9QU,https://scontent-hkg4-1.cdninstagram.com/v/t51.2885-19/503528822_17854810158444426_358049026163244675_n.jpg?stp=dst-jpg_s150x150_tt6&efg=eyJ2ZW5jb2RlX3RhZyI6InByb2ZpbGVfcGljLmRqYW5nby42MjAuYzIifQ&_nc_ht=scontent-hkg4-1.cdninstagram.com&_nc_cat=106&_nc_oc=Q6cZ2QHKvfSxsDjdx3WGnWeHFHnuJYWt0MtseDhYmmoKFS3GBwxG-UMpzNHxfB2IMkLkYGE&_nc_ohc=3EvLGB5HVIkQ7kNvwFbB99f&_nc_gid=hdB9Z4vqwB26PvM7Ux0Gpw&edm=AJhczIQBAAAA&ccb=7-5&oh=00_AfqPHuHeLK7juwqWeUBwruYghsN1_HnpTJ6dfMhvudPQtQ&oe=697E047C&_nc_sid=4a2096,72,0,466,0,0,['https://scontent-hkg4-1.cdninstagram.com/v/t51.2885-15/520516589_17860343526444426_8128373068456958155_n.jpg?se=-1&stp=dst-jpegr_e35_tt6&efg=eyJ2ZW5jb2RlX3RhZyI6InRocmVhZHMuQ0FST1VTRUxfSVRFTS5pbWFnZV91cmxnZW4uMTQ0MHgxOTIwLmhkci5mODI3ODcuZGVmYXVsdF9pbWFnZS5jMiJ9&_nc_ht=scontent-hkg4-1.cdninstagram.com&_nc_cat=106&_nc_oc=Q6cZ2QHKvfSxsDjdx3WGnWeHFHnuJYWt0MtseDhYmmoKFS3GBwxG-UMpzNHxfB2IMkLkYGE&_nc_ohc=UQf_ULKxlI8Q7kNvwEDoZdj&_nc_gid=hdB9Z4vqwB26PvM7Ux0Gpw&edm=AJhczIQBAAAA&ccb=7-5&ig_cache_key=MzY3ODY5NjcyNzExNzA1ODk5OQ%3D%3D.3-ccb7-5&oh=00_AfrcYehcmgMUgrprlfuAePYCaUx1c4up0nLG0Avt2AFb7A&oe=697DF574&_nc_sid=4a2096'],,https://www.threads.net/@lzayds/post/DMNWy_IN9QU,[],"{'likes': 466, 'reposts': 0, 'quotes': 0}",threads,3678696731412255764,Lisa,,"hi, i’m Liza 
i’m from Ukraine🇺🇦
i’m 19
i need international friends, age doesn’t matter
and you?",threads,73216724425,lzayds
[],2026-01-27T09:38:43.817438+07:00,I'm new here looking for international friend?🏳️‍🌈,2025-09-27T09:45:58+07:00,,3730591285024851023,threads,threads.com,threads_crawler_v1,https://www.threads.net/@kimchi132025/post/DPFuQIaEwRP,https://scontent-hkg1-1.cdninstagram.com/v/t51.2885-19/553387658_17843157594583829_3926899215648543482_n.jpg?stp=dst-jpg_s150x150_tt6&efg=eyJ2ZW5jb2RlX3RhZyI6InByb2ZpbGVfcGljLmRqYW5nby4xMDgwLmMyIn0&_nc_ht=scontent-hkg1-1.cdninstagram.com&_nc_cat=105&_nc_oc=Q6cZ2QHKvfSxsDjdx3WGnWeHFHnuJYWt0MtseDhYmmoKFS3GBwxG-UMpzNHxfB2IMkLkYGE&_nc_ohc=ouCqrRP7-8wQ7kNvwHAPjSM&_nc_gid=hdB9Z4vqwB26PvM7Ux0Gpw&edm=AJhczIQBAAAA&ccb=7-5&oh=00_AfoosSUhm0dL-zsizsfcVVGl8dzmThJ3xKNv4mCO_3QhoA&oe=697DEEE0&_nc_sid=4a2096,87,0,631,0,0,['https://scontent-hkg1-1.cdninstagram.com/v/t51.2885-15/554376362_17843157867583829_3886553814192960945_n.webp?efg=eyJ2ZW5jb2RlX3RhZyI6InRocmVhZHMuQ0FST1VTRUxfSVRFTS5pbWFnZV91cmxnZW4uNzIweDk2MC5zZHIuZjgyNzg3LmRlZmF1bHRfaW1hZ2UuYzIifQ&_nc_ht=scontent-hkg1-1.cdninstagram.com&_nc_cat=105&_nc_oc=Q6cZ2QHKvfSxsDjdx3WGnWeHFHnuJYWt0MtseDhYmmoKFS3GBwxG-UMpzNHxfB2IMkLkYGE&_nc_ohc=n6vwUIt6imAQ7kNvwFzysaE&_nc_gid=hdB9Z4vqwB26PvM7Ux0Gpw&edm=AJhczIQBAAAA&ccb=7-5&ig_cache_key=MzczMDU5MTI3OTM3MDkzNzYyMA%3D%3D.3-ccb7-5&oh=00_AfouJ5Pk69pCrqaz9uJKeznr3xMj-5-ZW9t-IydKxjAxeQ&oe=697E0F1D&_nc_sid=4a2096'],,https://www.threads.net/@kimchi132025/post/DPFuQIaEwRP,[],"{'likes': 631, 'reposts': 0, 'quotes': 0}",threads,3730591285024851023,,wlw,I'm new here looking for international friend?🏳️‍🌈,threads,77343343828,kimchi132025
[],2026-01-27T09:38:43.817576+07:00,"Let's be international friends, the first Russian here 👀💜🇷🇺",2026-01-06T08:19:40+07:00,,3803750200095966613,threads,threads.com,threads_crawler_v1,https://www.threads.net/@whta_isthis/post/DTJoqdjCoWV,https://scontent-hkg1-1.cdninstagram.com/v/t51.2885-19/617440003_17852799447613685_6815501417076156438_n.jpg?stp=dst-jpg_s150x150_tt6&efg=eyJ2ZW5jb2RlX3RhZyI6InByb2ZpbGVfcGljLmRqYW5nby4xMDgwLmMyIn0&_nc_ht=scontent-hkg1-1.cdninstagram.com&_nc_cat=105&_nc_oc=Q6cZ2QHKvfSxsDjdx3WGnWeHFHnuJYWt0MtseDhYmmoKFS3GBwxG-UMpzNHxfB2IMkLkYGE&_nc_ohc=R0C4r1SUsG4Q7kNvwEhr4jK&_nc_gid=hdB9Z4vqwB26PvM7Ux0Gpw&edm=AJhczIQBAAAA&ccb=7-5&oh=00_Afqvo5qLeSmtg37b47LCT9IyxlKfzRyyuGR6on-5Jgm2Cw&oe=697DEB65&_nc_sid=4a2096,147,0,1252,10,0,['https://scontent-hkg1-1.cdninstagram.com/v/t51.2885-15/610776574_17851587216613685_658629980470111477_n.webp?efg=eyJ2ZW5jb2RlX3RhZyI6InRocmVhZHMuQ0FST1VTRUxfSVRFTS5pbWFnZV91cmxnZW4uMTA4MHgxOTA5LnNkci5mODI3ODcuZGVmYXVsdF9pbWFnZS5jMiJ9&_nc_ht=scontent-hkg1-1.cdninstagram.com&_nc_cat=105&_nc_oc=Q6cZ2QHKvfSxsDjdx3WGnWeHFHnuJYWt0MtseDhYmmoKFS3GBwxG-UMpzNHxfB2IMkLkYGE&_nc_ohc=cPye8Qi_syEQ7kNvwEqJ-pp&_nc_gid=hdB9Z4vqwB26PvM7Ux0Gpw&edm=AJhczIQBAAAA&ccb=7-5&ig_cache_key=MzgwMzc1MDE5MDk0Mzk3NjM5OA%3D%3D.3-ccb7-5&oh=00_AforEpS6Sl6OZpnv0r0_-lW0G42STKeueerKegBFqaIy9w&oe=697DDECE&_nc_sid=4a2096'],,https://www.threads.net/@whta_isthis/post/DTJoqdjCoWV,[],"{'likes': 1252, 'reposts': 9, 'quotes': 1}",threads,3803750200095966613,DR.T,,"Let's be international friends, the first Russian here 👀💜🇷🇺",threads,78416093684,whta_isthis
[],2026-01-27T09:38:43.817722+07:00,"Hello~! I'm from Korea 🇰🇷
I looking for international friends~
Can we be friends!? 👀✨️✨️✨️",2025-12-11T18:29:51+07:00,,3785213144122727130,threads,threads.com,threads_crawler_v1,https://www.threads.net/@luna_jp0825/post/DSHx0y2kxra,https://scontent-hkg4-1.cdninstagram.com/v/t51.2885-19/517107586_17856216144463270_6205624134034556054_n.jpg?stp=dst-jpg_s150x150_tt6&efg=eyJ2ZW5jb2RlX3RhZyI6InByb2ZpbGVfcGljLmRqYW5nby4xMDgwLmMyIn0&_nc_ht=scontent-hkg4-1.cdninstagram.com&_nc_cat=110&_nc_oc=Q6cZ2QHKvfSxsDjdx3WGnWeHFHnuJYWt0MtseDhYmmoKFS3GBwxG-UMpzNHxfB2IMkLkYGE&_nc_ohc=8H4ud2xoTtoQ7kNvwHHlMZD&_nc_gid=hdB9Z4vqwB26PvM7Ux0Gpw&edm=AJhczIQBAAAA&ccb=7-5&oh=00_AfoBBG3e90Zhjf5oe1Fs2mk3U3BZKQXR5a860GUG0HNOyg&oe=697E046C&_nc_sid=4a2096,111,0,135,2,0,['https://scontent-hkg4-1.cdninstagram.com/v/t51.2885-15/598994255_17874036609463270_3376803491745738310_n.webp?efg=eyJ2ZW5jb2RlX3RhZyI6InRocmVhZHMuRkVFRC5pbWFnZV91cmxnZW4uMjE2MHgyODgwLnNkci5mODI3ODcuZGVmYXVsdF9pbWFnZS5jMiJ9&_nc_ht=scontent-hkg4-1.cdninstagram.com&_nc_cat=110&_nc_oc=Q6cZ2QHKvfSxsDjdx3WGnWeHFHnuJYWt0MtseDhYmmoKFS3GBwxG-UMpzNHxfB2IMkLkYGE&_nc_ohc=qZ-DHBNAoX4Q7kNvwGoLgfe&_nc_gid=hdB9Z4vqwB26PvM7Ux0Gpw&edm=AJhczIQBAAAA&ccb=7-5&ig_cache_key=Mzc4NTIxMzE0NDEyMjcyNzEzMA%3D%3D.3-ccb7-5&oh=00_AfqtFxKyKDG0YNR0DA5946s5-tRTeqq0ZjtQD9V2wzGclQ&oe=697E08D1&_nc_sid=4a2096'],,https://www.threads.net/@luna_jp0825/post/DSHx0y2kxra,[],"{'likes': 135, 'reposts': 1, 'quotes': 1}",threads,3785213144122727130,Luna,internationalfriends,"Hello~! I'm from Korea 🇰🇷
I looking for international friends~
Can we be friends!? 👀✨️✨️✨️",threads,73824831269,luna_jp0825
[],2026-01-27T09:38:43.817906+07:00,"bitches be like
“i want international friends”
until

_you’re Asian but not Korean or Japanese.
_you’re European but not French or Italian.
_you’re Arab but not living in Dubai.

In these cases, the conversation dies right after “where are you from?”

I'll never understand this geographic favoritism. You’re asking for friendship,
not a free visa .talking to me regardless where I'm from won’t get you one.
At this point, just specify which countries you want friends from, it’d be much simpler .",2025-08-14T06:19:50+07:00,,3698597405594286228,threads,threads.com,threads_crawler_v1,https://www.threads.net/@lil_moon.cake_/post/DNUDr6PoPiU,https://scontent-hkg1-2.cdninstagram.com/v/t51.2885-19/608196739_17933714892118442_7258575568814629023_n.jpg?stp=dst-jpg_s150x150_tt6&efg=eyJ2ZW5jb2RlX3RhZyI6InByb2ZpbGVfcGljLmRqYW5nby4xMDgwLmMyIn0&_nc_ht=scontent-hkg1-2.cdninstagram.com&_nc_cat=102&_nc_oc=Q6cZ2QHKvfSxsDjdx3WGnWeHFHnuJYWt0MtseDhYmmoKFS3GBwxG-UMpzNHxfB2IMkLkYGE&_nc_ohc=t_KjGY5KUHcQ7kNvwErJKRs&_nc_gid=hdB9Z4vqwB26PvM7Ux0Gpw&edm=AJhczIQBAAAA&ccb=7-5&oh=00_AfqmOsxge4HOagwbsv7gG4FVn-2wIRj91HGp0XSyRagv4w&oe=697DF38F&_nc_sid=4a2096,535,0,2957,260,0,[],,https://www.threads.net/@lil_moon.cake_/post/DNUDr6PoPiU,[],"{'likes': 2957, 'reposts': 250, 'quotes': 10}",threads,3698597405594286228,🥀Caly🧸pso🪷,,"bitches be like
“i want international friends”
until

_you’re Asian but not Korean or Japanese.
_you’re European but not French or Italian.
_you’re Arab but not living in Dubai.

In these cases, the conversation dies right after “where are you from?”

I'll never understand this geographic favoritism. You’re asking for friendship,
not a free visa .talking to me regardless where I'm from won’t get you one.
At this point, just specify which countries you want friends from, it’d be much simpler .",threads,63408526441,lil_moon.cake_
[],2026-01-27T09:38:43.818100+07:00,"Hi guys. I'm 19 y/o Chinese 🇨🇳, I need friends international. I hope we can get along ;)",2025-11-26T05:15:38+07:00,,3773941766580630033,threads,threads.com,threads_crawler_v1,https://www.threads.net/@yisu.official_05/post/DRfvAqgDHIR,https://scontent-hkg4-1.cdninstagram.com/v/t51.2885-19/590081378_17843964333623444_1888955769730556662_n.jpg?stp=dst-jpg_s150x150_tt6&efg=eyJ2ZW5jb2RlX3RhZyI6InByb2ZpbGVfcGljLmRqYW5nby4xMDgwLmMyIn0&_nc_ht=scontent-hkg4-1.cdninstagram.com&_nc_cat=108&_nc_oc=Q6cZ2QHKvfSxsDjdx3WGnWeHFHnuJYWt0MtseDhYmmoKFS3GBwxG-UMpzNHxfB2IMkLkYGE&_nc_ohc=8lc3x8hx3d4Q7kNvwHtB3IK&_nc_gid=hdB9Z4vqwB26PvM7Ux0Gpw&edm=AJhczIQBAAAA&ccb=7-5&oh=00_AfosjUPP7PMcYusok1Jr98ewPv5h3UiSiRaUZreXvljMGA&oe=697DDA58&_nc_sid=4a2096,185,0,685,1,0,['https://scontent-hkg4-1.cdninstagram.com/v/t51.2885-15/587708000_17843221644623444_2255689467365658699_n.jpg?stp=dst-jpg_e35_tt6&efg=eyJ2ZW5jb2RlX3RhZyI6InRocmVhZHMuRkVFRC5pbWFnZV91cmxnZW4uMTI4NHgxNTg5LnNkci5mODI3ODcuZGVmYXVsdF9pbWFnZS5jMiJ9&_nc_ht=scontent-hkg4-1.cdninstagram.com&_nc_cat=108&_nc_oc=Q6cZ2QHKvfSxsDjdx3WGnWeHFHnuJYWt0MtseDhYmmoKFS3GBwxG-UMpzNHxfB2IMkLkYGE&_nc_ohc=Cr2H0WRBk8oQ7kNvwHskgro&_nc_gid=hdB9Z4vqwB26PvM7Ux0Gpw&edm=AJhczIQBAAAA&ccb=7-5&ig_cache_key=Mzc3Mzk0MTc2NjU4MDYzMDAzMw%3D%3D.3-ccb7-5&oh=00_AfqlXmSjcXBOvO9xOsr5QFFlSB6_sg3oy7w-z_FLisSF0g&oe=697E053D&_nc_sid=4a2096'],,https://www.threads.net/@yisu.official_05/post/DRfvAqgDHIR,[],"{'likes': 685, 'reposts': 1, 'quotes': 0}",threads,3773941766580630033,hdrv.yisu.05,,"Hi guys. I'm 19 y/o Chinese 🇨🇳, I need friends international. I hope we can get along ;)",threads,78544591443,yisu.official_05
[],2026-01-27T09:38:43.818286+07:00,"hi, I wanna international friends",2025-09-19T20:16:16+07:00,,3725110320483639812,threads,threads.com,threads_crawler_v1,https://www.threads.net/@darrriiiaaax/post/DOyQBmZkaIE,https://scontent-hkg1-1.cdninstagram.com/v/t51.2885-19/550679610_17924033841113093_5259422084998672274_n.jpg?stp=dst-jpg_s150x150_tt6&efg=eyJ2ZW5jb2RlX3RhZyI6InByb2ZpbGVfcGljLmRqYW5nby4xMDgwLmMyIn0&_nc_ht=scontent-hkg1-1.cdninstagram.com&_nc_cat=105&_nc_oc=Q6cZ2QHKvfSxsDjdx3WGnWeHFHnuJYWt0MtseDhYmmoKFS3GBwxG-UMpzNHxfB2IMkLkYGE&_nc_ohc=9P1Ab2W0NdUQ7kNvwFYTaaQ&_nc_gid=hdB9Z4vqwB26PvM7Ux0Gpw&edm=AJhczIQBAAAA&ccb=7-5&oh=00_AfrH6nKCFyPw6U4N76aM83r5HZmo-IuRBvSWarciiGcdMg&oe=697DFA26&_nc_sid=4a2096,36,0,116,1,0,['https://scontent-hkg1-1.cdninstagram.com/v/t51.2885-15/550739093_17924119194113093_2088199531185742233_n.webp?efg=eyJ2ZW5jb2RlX3RhZyI6InRocmVhZHMuRkVFRC5pbWFnZV91cmxnZW4uMTA4MHgxOTIwLnNkci5mODI3ODcuZGVmYXVsdF9pbWFnZS5jMiJ9&_nc_ht=scontent-hkg1-1.cdninstagram.com&_nc_cat=105&_nc_oc=Q6cZ2QHKvfSxsDjdx3WGnWeHFHnuJYWt0MtseDhYmmoKFS3GBwxG-UMpzNHxfB2IMkLkYGE&_nc_ohc=FA_YCsmE0L4Q7kNvwHqgjew&_nc_gid=hdB9Z4vqwB26PvM7Ux0Gpw&edm=AJhczIQBAAAA&ccb=7-5&ig_cache_key=MzcyNTExMDMyMDQ4MzYzOTgxMg%3D%3D.3-ccb7-5&oh=00_AfqaHZerslCPKAliuWdg6vsTSyBUZCATAs76tZPI3i-Wsg&oe=697DDBDC&_nc_sid=4a2096'],,https://www.threads.net/@darrriiiaaax/post/DOyQBmZkaIE,[],"{'likes': 116, 'reposts': 0, 'quotes': 1}",threads,3725110320483639812,дарья,,"hi, I wanna international friends",threads,63499049092,darrriiiaaax
[],2026-01-27T09:38:43.818444+07:00,"Hi, I'm Tina, 
i'm from Ukraine 🇺🇦
i'm 19
i need international friends, age doesn't matter and you?",2026-01-10T09:39:53+07:00,,3806689677290533545,threads,threads.com,threads_crawler_v1,https://www.threads.net/@kismykisss/post/DTUFBfBDHKp,https://scontent-hkg1-2.cdninstagram.com/v/t51.2885-19/573435713_17858180424542668_2444117440728265460_n.jpg?stp=dst-jpg_s150x150_tt6&efg=eyJ2ZW5jb2RlX3RhZyI6InByb2ZpbGVfcGljLmRqYW5nby41OTYuYzIifQ&_nc_ht=scontent-hkg1-2.cdninstagram.com&_nc_cat=104&_nc_oc=Q6cZ2QHKvfSxsDjdx3WGnWeHFHnuJYWt0MtseDhYmmoKFS3GBwxG-UMpzNHxfB2IMkLkYGE&_nc_ohc=yV6tqX6MoTwQ7kNvwGCnHLx&_nc_gid=hdB9Z4vqwB26PvM7Ux0Gpw&edm=AJhczIQBAAAA&ccb=7-5&oh=00_AfoBFlqYq6il5lzBPPHLZgDTcl2EdRnRP1Kr5kYBZRgFsg&oe=697DFC5D&_nc_sid=4a2096,17,0,71,1,0,['https://scontent-hkg1-2.cdninstagram.com/v/t51.2885-15/612557525_17865938316542668_5657038197791737448_n.jpg?stp=dst-jpg_e35_tt6&efg=eyJ2ZW5jb2RlX3RhZyI6InRocmVhZHMuRkVFRC5pbWFnZV91cmxnZW4uMTI4OHgxNzE3LnNkci5mODI3ODcuZGVmYXVsdF9pbWFnZS5jMiJ9&_nc_ht=scontent-hkg1-2.cdninstagram.com&_nc_cat=104&_nc_oc=Q6cZ2QHKvfSxsDjdx3WGnWeHFHnuJYWt0MtseDhYmmoKFS3GBwxG-UMpzNHxfB2IMkLkYGE&_nc_ohc=2swFtyJKCzEQ7kNvwHwyn28&_nc_gid=hdB9Z4vqwB26PvM7Ux0Gpw&edm=AJhczIQBAAAA&ccb=7-5&ig_cache_key=MzgwNjY4OTY3NzI5MDUzMzU0NQ%3D%3D.3-ccb7-5&oh=00_Afq6AXjr1V6MNtpkdns4sABkXy1yiLD5EMx1BGohP-KLAg&oe=697DE068&_nc_sid=4a2096'],,https://www.threads.net/@kismykisss/post/DTUFBfBDHKp,[],"{'likes': 71, 'reposts': 1, 'quotes': 0}",threads,3806689677290533545,,,"Hi, I'm Tina, 
i'm from Ukraine 🇺🇦
i'm 19
i need international friends, age doesn't matter and you?",threads,76276998667,kismykisss
[],2026-01-27T09:38:43.818583+07:00,"Hi, I’m Devin from Virtual Brand Lab ® Agency, model agent from Paris, representing & developing international talent, but virtually and remotely. (DIGITAL TWIN)

We work with leading casting directors, photographers, stylists, brands & magazines  and we are always scouting new faces! 

Let’s connect whether you’re a model, influencer, public figure, star or ambitious creative.

Let’s build something truly ICONIC!🤍",2026-01-20T14:00:27+07:00,,3814068576596387707,threads,threads.com,threads_crawler_v1,https://www.threads.net/@devin_asieu/post/DTuSymhAed7,https://scontent-hkg4-1.cdninstagram.com/v/t51.2885-19/497328331_17899317960189586_127919350416147331_n.jpg?stp=dst-jpg_s150x150_tt6&efg=eyJ2ZW5jb2RlX3RhZyI6InByb2ZpbGVfcGljLmRqYW5nby4xMDUwLmMyIn0&_nc_ht=scontent-hkg4-1.cdninstagram.com&_nc_cat=110&_nc_oc=Q6cZ2QHKvfSxsDjdx3WGnWeHFHnuJYWt0MtseDhYmmoKFS3GBwxG-UMpzNHxfB2IMkLkYGE&_nc_ohc=bGUsqvvHmM8Q7kNvwHGBL7H&_nc_gid=hdB9Z4vqwB26PvM7Ux0Gpw&edm=AJhczIQBAAAA&ccb=7-5&oh=00_AfpYq5e615gNA85KrBwRDs13zYCaMwmgVItzYFRFX2T42w&oe=697E0AF7&_nc_sid=4a2096,116,0,150,2,0,[],,https://www.threads.net/@devin_asieu/post/DTuSymhAed7,[],"{'likes': 150, 'reposts': 2, 'quotes': 0}",threads,3814068576596387707,Devin,modeling,"Hi, I’m Devin from Virtual Brand Lab ® Agency, model agent from Paris, representing & developing international talent, but virtually and remotely. (DIGITAL TWIN)

We work with leading casting directors, photographers, stylists, brands & magazines  and we are always scouting new faces! 

Let’s connect whether you’re a model, influencer, public figure, star or ambitious creative.

Let’s build something truly ICONIC!🤍",threads,65572989585,devin_asieu
[],2026-01-27T09:38:43.818718+07:00,"Hello 
I'm mèng yào 
From : china 
Age : 19 
Fav colour : 💜
B'day date : 31 mar
I speak ; chinese and a little bit english 
I'm new here i want international friends",2025-12-21T14:47:18+07:00,,3792348888845883040,threads,threads.com,threads_crawler_v1,https://www.threads.net/@moonie0t7/post/DShITjAAZag,https://scontent-hkg4-1.cdninstagram.com/v/t51.2885-19/607813135_17876058753460026_1296194482048302798_n.jpg?stp=dst-jpg_s150x150_tt6&efg=eyJ2ZW5jb2RlX3RhZyI6InByb2ZpbGVfcGljLmRqYW5nby4xMDgwLmMyIn0&_nc_ht=scontent-hkg4-1.cdninstagram.com&_nc_cat=106&_nc_oc=Q6cZ2QHKvfSxsDjdx3WGnWeHFHnuJYWt0MtseDhYmmoKFS3GBwxG-UMpzNHxfB2IMkLkYGE&_nc_ohc=pQuokQ2zNLsQ7kNvwFo4htT&_nc_gid=hdB9Z4vqwB26PvM7Ux0Gpw&edm=AJhczIQBAAAA&ccb=7-5&oh=00_AfockCNauYiLGntF-GYG5jfhxFSbsaZ-NSbHyeDfTnU48Q&oe=697DFF62&_nc_sid=4a2096,28,0,80,1,0,['https://scontent-hkg4-1.cdninstagram.com/v/t51.2885-15/590392045_17875126884460026_573556456530398859_n.webp?efg=eyJ2ZW5jb2RlX3RhZyI6InRocmVhZHMuQ0FST1VTRUxfSVRFTS5pbWFnZV91cmxnZW4uNzIweDg3Ni5zZHIuZjgyNzg3LmRlZmF1bHRfaW1hZ2UuYzIifQ&_nc_ht=scontent-hkg4-1.cdninstagram.com&_nc_cat=106&_nc_oc=Q6cZ2QHKvfSxsDjdx3WGnWeHFHnuJYWt0MtseDhYmmoKFS3GBwxG-UMpzNHxfB2IMkLkYGE&_nc_ohc=KO3iwwQAj2gQ7kNvwESYoQa&_nc_gid=hdB9Z4vqwB26PvM7Ux0Gpw&edm=AJhczIQBAAAA&ccb=7-5&ig_cache_key=Mzc5MjM0ODg4MDk3NzM5MjQ0Ng%3D%3D.3-ccb7-5&oh=00_Afp8WrinTNKnuirx0jnLNZ62WgctnNABz1apbBmrcBgfrA&oe=697DF905&_nc_sid=4a2096'],,https://www.threads.net/@moonie0t7/post/DShITjAAZag,[],"{'likes': 80, 'reposts': 1, 'quotes': 0}",threads,3792348888845883040,🎀 𝐁𝐓𝐒 𝐅𝐎𝐑𝐄𝐕𝐄𝐑  🎀,,"Hello 
I'm mèng yào 
From : china 
Age : 19 
Fav colour : 💜
B'day date : 31 mar
I speak ; chinese and a little bit english 
I'm new here i want international friends",threads,73798148025,moonie0t7
[],2026-01-27T09:38:43.818890+07:00,"Hi I am from Japan 🇯🇵
I want international friend 
Can you be my friend?",2025-12-28T20:23:46+07:00,,3797591663955626599,threads,threads.com,threads_crawler_v1,https://www.threads.net/@sty_nxx/post/DSzwX90D0pn,https://scontent-hkg4-1.cdninstagram.com/v/t51.2885-19/453393984_917221450448300_4822753603846322949_n.jpg?stp=dst-jpg_s150x150_tt6&efg=eyJ2ZW5jb2RlX3RhZyI6InByb2ZpbGVfcGljLmRqYW5nby4xMDgwLmMyIn0&_nc_ht=scontent-hkg4-1.cdninstagram.com&_nc_cat=108&_nc_oc=Q6cZ2QHKvfSxsDjdx3WGnWeHFHnuJYWt0MtseDhYmmoKFS3GBwxG-UMpzNHxfB2IMkLkYGE&_nc_ohc=lcBLyWE0XoQQ7kNvwGhI8FI&_nc_gid=hdB9Z4vqwB26PvM7Ux0Gpw&edm=AJhczIQBAAAA&ccb=7-5&oh=00_AfqvsDo7CjGOv9T1o7dxQgOAtZlmMlOCMnJ2V6uTezx_ow&oe=697E0F3E&_nc_sid=4a2096,405,0,909,4,0,['https://scontent-hkg1-2.cdninstagram.com/v/t51.2885-15/587809565_17935066734117088_4549179803165819306_n.jpg?stp=dst-jpg_e35_tt6&efg=eyJ2ZW5jb2RlX3RhZyI6InRocmVhZHMuQ0FST1VTRUxfSVRFTS5pbWFnZV91cmxnZW4uMTEzMHgyMDAwLnNkci5mODI3ODcuZGVmYXVsdF9pbWFnZS5jMiJ9&_nc_ht=scontent-hkg1-2.cdninstagram.com&_nc_cat=104&_nc_oc=Q6cZ2QHKvfSxsDjdx3WGnWeHFHnuJYWt0MtseDhYmmoKFS3GBwxG-UMpzNHxfB2IMkLkYGE&_nc_ohc=6QyOfdqhNPoQ7kNvwH0Z934&_nc_gid=hdB9Z4vqwB26PvM7Ux0Gpw&edm=AJhczIQBAAAA&ccb=7-5&ig_cache_key=Mzc5NzU5MTY1OTA0ODMwMTk1NA%3D%3D.3-ccb7-5&oh=00_AfrT9ohS1IcqgJ-58_9SJEUF7_YzyOO0l6yXlD3qUBa9rA&oe=697DFB05&_nc_sid=4a2096'],,https://www.threads.net/@sty_nxx/post/DSzwX90D0pn,[],"{'likes': 909, 'reposts': 4, 'quotes': 0}",threads,3797591663955626599,Jo,,"Hi I am from Japan 🇯🇵
I want international friend 
Can you be my friend?",threads,63372221087,sty_nxx
[],2026-01-27T09:38:43.819035+07:00,Hey I’m from france I need international friends,2026-01-05T05:49:38+07:00,,3802949911340432943,threads,threads.com,threads_crawler_v1,https://www.threads.net/@baabyas/post/DTGysukDL4v,https://scontent-hkg4-1.cdninstagram.com/v/t51.2885-19/523048668_18516285733030126_6432998539542499387_n.jpg?stp=dst-jpg_s150x150_tt6&efg=eyJ2ZW5jb2RlX3RhZyI6InByb2ZpbGVfcGljLmRqYW5nby4xMDgwLmMyIn0&_nc_ht=scontent-hkg4-1.cdninstagram.com&_nc_cat=110&_nc_oc=Q6cZ2QHKvfSxsDjdx3WGnWeHFHnuJYWt0MtseDhYmmoKFS3GBwxG-UMpzNHxfB2IMkLkYGE&_nc_ohc=p5Br3Brs2mgQ7kNvwGQivpa&_nc_gid=hdB9Z4vqwB26PvM7Ux0Gpw&edm=AJhczIQBAAAA&ccb=7-5&oh=00_Afr7ltDitkqWTWddZ17Sjvlm2vCx0wmBlRMZWX1ZXtbvWA&oe=697DD7CB&_nc_sid=4a2096,42,0,64,0,0,['https://scontent-hkg4-1.cdninstagram.com/v/t51.2885-15/610872252_17869225458524046_2908287979374362190_n.jpg?stp=dst-jpg_e35_tt6&efg=eyJ2ZW5jb2RlX3RhZyI6InRocmVhZHMuQ0FST1VTRUxfSVRFTS5pbWFnZV91cmxnZW4uMTE3OXgyMDk2LnNkci5mODI3ODcuZGVmYXVsdF9pbWFnZS5jMiJ9&_nc_ht=scontent-hkg4-1.cdninstagram.com&_nc_cat=106&_nc_oc=Q6cZ2QHKvfSxsDjdx3WGnWeHFHnuJYWt0MtseDhYmmoKFS3GBwxG-UMpzNHxfB2IMkLkYGE&_nc_ohc=bhxs0nZ3-qoQ7kNvwF7XDIQ&_nc_gid=hdB9Z4vqwB26PvM7Ux0Gpw&edm=AJhczIQBAAAA&ccb=7-5&ig_cache_key=MzgwMjk0OTkwNzY2NjE3NDEyOQ%3D%3D.3-ccb7-5&oh=00_AfrEkBIqWxfcSfRDRqYEQXhltxV7XlKeNBZoBPJFDfB4SA&oe=697E09C0&_nc_sid=4a2096'],,https://www.threads.net/@baabyas/post/DTGysukDL4v,[],"{'likes': 64, 'reposts': 0, 'quotes': 0}",threads,3802949911340432943,doxyume,,Hey I’m from france I need international friends,threads,75805804045,baabyas
[],2026-01-27T09:38:43.819244+07:00,"Global power dynamics are shifting fast. 🌍⚡
When major nations push back, the world watches closely.

#BreakingNews #WorldPolitics #GlobalAffairs #Geopolitics #InternationalRelations PowerPolitics GlobalNews PoliticalUpdate WorldOrder Diplomacy NewsUpdate",2026-01-06T16:38:49+07:00,,3804001429552705565,threads,threads.com,threads_crawler_v1,https://www.threads.net/@the.financial.info/post/DTKhyVNkTAd,https://scontent-hkg1-1.cdninstagram.com/v/t51.2885-19/563045984_17862413670492141_5974254754237380257_n.jpg?stp=dst-jpg_s150x150_tt6&efg=eyJ2ZW5jb2RlX3RhZyI6InByb2ZpbGVfcGljLmRqYW5nby40OTMuYzIifQ&_nc_ht=scontent-hkg1-1.cdninstagram.com&_nc_cat=109&_nc_oc=Q6cZ2QHKvfSxsDjdx3WGnWeHFHnuJYWt0MtseDhYmmoKFS3GBwxG-UMpzNHxfB2IMkLkYGE&_nc_ohc=R15vrm5jdFIQ7kNvwHyP7YD&_nc_gid=hdB9Z4vqwB26PvM7Ux0Gpw&edm=AJhczIQBAAAA&ccb=7-5&oh=00_Afot0I3litXWuqHJOLIX8Ek_qzeD-5_c0PvuqbcDdetHfA&oe=697E0EFD&_nc_sid=4a2096,121,0,2451,75,0,['https://scontent-hkg1-1.cdninstagram.com/v/t51.2885-15/611719004_17872010901492141_8366744423490309012_n.jpg?stp=dst-jpg_e35_tt6&efg=eyJ2ZW5jb2RlX3RhZyI6InRocmVhZHMuRkVFRC5pbWFnZV91cmxnZW4uMTQ0MHgxODAwLnNkci5mODI3ODcuZGVmYXVsdF9pbWFnZS5jMiJ9&_nc_ht=scontent-hkg1-1.cdninstagram.com&_nc_cat=109&_nc_oc=Q6cZ2QHKvfSxsDjdx3WGnWeHFHnuJYWt0MtseDhYmmoKFS3GBwxG-UMpzNHxfB2IMkLkYGE&_nc_ohc=51Zw7J2qFbwQ7kNvwHk0T8R&_nc_gid=hdB9Z4vqwB26PvM7Ux0Gpw&edm=AJhczIQBAAAA&ccb=7-5&ig_cache_key=MzgwNDAwMTQyOTU1MjcwNTU2NQ%3D%3D.3-ccb7-5&oh=00_Afp0Rv7cdJnnC3HWINnCt0HQutwk2TNfv35e5C8aIYqzvQ&oe=697DE337&_nc_sid=4a2096'],,https://www.threads.net/@the.financial.info/post/DTKhyVNkTAd,[],"{'likes': 2451, 'reposts': 70, 'quotes': 5}",threads,3804001429552705565,Santosh | Finance,,"Global power dynamics are shifting fast. 🌍⚡
When major nations push back, the world watches closely.

#BreakingNews #WorldPolitics #GlobalAffairs #Geopolitics #InternationalRelations PowerPolitics GlobalNews PoliticalUpdate WorldOrder Diplomacy NewsUpdate",threads,74825823128,the.financial.info
[],2026-01-27T09:38:43.819428+07:00,Not gonna lie rasa useless and demotivated gila bila apply2 intern tapi takde update pape sampai now. Tengok coursemate semua mostly dah dapat placement dah :(.,2026-01-23T18:12:22+07:00,,3816369703783389997,threads,threads.com,threads_crawler_v1,https://www.threads.net/@aediyo._/post/DT2eAaNklst,https://scontent-hkg1-1.cdninstagram.com/v/t51.2885-19/572149082_17848576224584409_7337610883238762882_n.jpg?stp=dst-jpg_s150x150_tt6&efg=eyJ2ZW5jb2RlX3RhZyI6InByb2ZpbGVfcGljLmRqYW5nby4xMDgwLmMyIn0&_nc_ht=scontent-hkg1-1.cdninstagram.com&_nc_cat=109&_nc_oc=Q6cZ2QHKvfSxsDjdx3WGnWeHFHnuJYWt0MtseDhYmmoKFS3GBwxG-UMpzNHxfB2IMkLkYGE&_nc_ohc=vsIjegTsLysQ7kNvwFYaw3T&_nc_gid=hdB9Z4vqwB26PvM7Ux0Gpw&edm=AJhczIQBAAAA&ccb=7-5&oh=00_Afoh4kqQHxV5do6Wjmt4Xs-ImORrdabKnwTfSl2yqHB0Dg&oe=697DDB79&_nc_sid=4a2096,8,0,58,8,0,[],,https://www.threads.net/@aediyo._/post/DT2eAaNklst,[],"{'likes': 58, 'reposts': 8, 'quotes': 0}",threads,3816369703783389997,Aedi,Internship,Not gonna lie rasa useless and demotivated gila bila apply2 intern tapi takde update pape sampai now. Tengok coursemate semua mostly dah dapat placement dah :(.,threads,77728768408,aediyo._
[],2026-01-27T09:38:43.819575+07:00,"(Tiếp chủ đề SCM) Never stop studying :D CÁC Chứng chỉ công nhận quốc tế ISCEA (International Supply Chain Education Alliance) giúp ích cho sự nghiệp cung ứng của bạn và tui
1. CSCA (Certified Supply Chain Analyst): Chứng chỉ này dành cho những người mới bắt đầu trong lĩnh vực chuỗi cung ứng, cung cấp kiến thức cơ bản về các chủ đề như lập kế hoạch, chiến lược, mua sắm, sản xuất, và vận chuyển",2024-10-14T15:32:24+07:00,,3478543693609509268,threads,threads.com,threads_crawler_v1,https://www.threads.net/@edithe.jp/post/DBGRQ8pRSGU,https://scontent-hkg1-2.cdninstagram.com/v/t51.2885-19/442678919_2266615280336671_5903063726536952675_n.jpg?stp=dst-jpg_s150x150_tt6&efg=eyJ2ZW5jb2RlX3RhZyI6InByb2ZpbGVfcGljLmRqYW5nby44MjguYzIifQ&_nc_ht=scontent-hkg1-2.cdninstagram.com&_nc_cat=107&_nc_oc=Q6cZ2QHf7npIvGeNqbztZDhkXltZLiDXYcbFLKtLtPOYRR-vJXdatzDDQevoz8dMzFSdWe4&_nc_ohc=sw-bhXGuiZcQ7kNvwEDp1E8&_nc_gid=OWSFJV4iCJpRC0W4Y-wbDQ&edm=AJhczIQBAAAA&ccb=7-5&oh=00_AfofzSzkqVK_v3IsjKb5zbQunDi5GzbG85B4ikBfy4rsYg&oe=697E0093&_nc_sid=4a2096,9,0,317,66,0,[],,https://www.threads.net/@edithe.jp/post/DBGRQ8pRSGU,[],"{'likes': 317, 'reposts': 64, 'quotes': 2}",threads,3478543693609509268,,,"(Tiếp chủ đề SCM) Never stop studying :D CÁC Chứng chỉ công nhận quốc tế ISCEA (International Supply Chain Education Alliance) giúp ích cho sự nghiệp cung ứng của bạn và tui
1. CSCA (Certified Supply Chain Analyst): Chứng chỉ này dành cho những người mới bắt đầu trong lĩnh vực chuỗi cung ứng, cung cấp kiến thức cơ bản về các chủ đề như lập kế hoạch, chiến lược, mua sắm, sản xuất, và vận chuyển",threads,66762652813,edithe.jp
[],2026-01-27T09:38:43.819716+07:00,"Nhả vía vừa apply job, 30 phút sau HR gọi trao đổi, hôm sau đi phỏng vấn, tối về nhận offer làm việc.
Tuy chỉ là job intern nhma t vui điên luôn á. Cảm ơn Manpower gất nhiềuuu ạ",2025-03-27T23:17:40+07:00,,3597641096920786672,threads,threads.com,threads_crawler_v1,https://www.threads.net/@_vuy.vy_/post/DHtY4Q7T2bw,https://scontent-hkg4-1.cdninstagram.com/v/t51.2885-19/454030542_459304440358110_7442665367731726700_n.jpg?stp=dst-jpg_s150x150_tt6&efg=eyJ2ZW5jb2RlX3RhZyI6InByb2ZpbGVfcGljLmRqYW5nby4xMDgwLmMyIn0&_nc_ht=scontent-hkg4-1.cdninstagram.com&_nc_cat=106&_nc_oc=Q6cZ2QHf7npIvGeNqbztZDhkXltZLiDXYcbFLKtLtPOYRR-vJXdatzDDQevoz8dMzFSdWe4&_nc_ohc=QzFBHGqaCL0Q7kNvwEs6fAO&_nc_gid=OWSFJV4iCJpRC0W4Y-wbDQ&edm=AJhczIQBAAAA&ccb=7-5&oh=00_AfouYJAd2ALjhSBDOMO1J8fL9hGllIeQ21gB44UsPbHhqg&oe=697E0D8E&_nc_sid=4a2096,10,0,1461,3,0,[],,https://www.threads.net/@_vuy.vy_/post/DHtY4Q7T2bw,[],"{'likes': 1461, 'reposts': 3, 'quotes': 0}",threads,3597641096920786672,VuyVy ơii,,"Nhả vía vừa apply job, 30 phút sau HR gọi trao đổi, hôm sau đi phỏng vấn, tối về nhận offer làm việc.
Tuy chỉ là job intern nhma t vui điên luôn á. Cảm ơn Manpower gất nhiềuuu ạ",threads,65166699351,_vuy.vy_
[],2026-01-27T09:38:43.819853+07:00,"Tổng hợp chương trình học bổng Châu Âu bậc thạc sĩ ngành Product Management/Product Owner/Business Analyst/Digital Leadership (kết hợp Management + Tech)

🇫🇷 (1) France: France Excellence + Eiffel
- Paris Dauphine University: International Business
- Université de Toulouse 2 Jean Jaurès: Digital Project Management
- IGR-IAE de Rennes: MSc of Business Administration in International Management
- South Champagne Business School: MSc Innovation, Creativity and Entrepreneurship
(còn tiếp👇🏻)",2026-01-21T18:25:20+07:00,,3814926678347746766,threads,threads.com,threads_crawler_v1,https://www.threads.net/@amber_nguyenn/post/DTxV5oDFA3O,https://scontent-hkg1-2.cdninstagram.com/v/t51.2885-19/358396228_295134669653810_5144389242787391732_n.jpg?stp=dst-jpg_s150x150_tt6&efg=eyJ2ZW5jb2RlX3RhZyI6InByb2ZpbGVfcGljLmRqYW5nby41MTguYzIifQ&_nc_ht=scontent-hkg1-2.cdninstagram.com&_nc_cat=102&_nc_oc=Q6cZ2QHf7npIvGeNqbztZDhkXltZLiDXYcbFLKtLtPOYRR-vJXdatzDDQevoz8dMzFSdWe4&_nc_ohc=Sf7ClmI60QIQ7kNvwHd75nQ&_nc_gid=OWSFJV4iCJpRC0W4Y-wbDQ&edm=AJhczIQBAAAA&ccb=7-5&oh=00_AfqAuzViDfb6GvedwWF6XP9uZV1l0KNpPS8DdHbLR--GOQ&oe=697DE9E1&_nc_sid=4a2096,5,0,30,2,0,[],,https://www.threads.net/@amber_nguyenn/post/DTxV5oDFA3O,[],"{'likes': 30, 'reposts': 2, 'quotes': 0}",threads,3814926678347746766,Mai Anh Nguyen,,"Tổng hợp chương trình học bổng Châu Âu bậc thạc sĩ ngành Product Management/Product Owner/Business Analyst/Digital Leadership (kết hợp Management + Tech)

🇫🇷 (1) France: France Excellence + Eiffel
- Paris Dauphine University: International Business
- Université de Toulouse 2 Jean Jaurès: Digital Project Management
- IGR-IAE de Rennes: MSc of Business Administration in International Management
- South Champagne Business School: MSc Innovation, Creativity and Entrepreneurship
(còn tiếp👇🏻)",threads,63407892259,amber_nguyenn
[],2026-01-27T09:38:43.819992+07:00,"My advice to the younger ones, especially girls who are pursuing their studies: pls plan your study course properly. If you want to work in an office, I recommend applying for courses such as banking, office systems, hr, business management, public administration, accounting,corporate administration, economics, supply chain management, international business, information systems management, project management, etc. These fields have a very high demand in the job market.",2025-09-09T00:05:47+07:00,,3717253306214688339,threads,threads.com,threads_crawler_v1,https://www.threads.net/@dzhraaaaaaaaaa/post/DOWVi_pEqZT,https://scontent-hkg4-1.cdninstagram.com/v/t51.2885-19/612222161_17866795497539754_7419370733280066359_n.jpg?stp=dst-jpg_s150x150_tt6&efg=eyJ2ZW5jb2RlX3RhZyI6InByb2ZpbGVfcGljLmRqYW5nby42MzAuYzIifQ&_nc_ht=scontent-hkg4-1.cdninstagram.com&_nc_cat=106&_nc_oc=Q6cZ2QHf7npIvGeNqbztZDhkXltZLiDXYcbFLKtLtPOYRR-vJXdatzDDQevoz8dMzFSdWe4&_nc_ohc=P4e2HUSjUxAQ7kNvwGziDWX&_nc_gid=OWSFJV4iCJpRC0W4Y-wbDQ&edm=AJhczIQBAAAA&ccb=7-5&oh=00_AfpDF5bvPaiPcBLDeWHEXZw2w7Yl8_RaEbZ18eP3Q_kEgA&oe=697E0E98&_nc_sid=4a2096,6,0,658,125,0,[],,https://www.threads.net/@dzhraaaaaaaaaa/post/DOWVi_pEqZT,[],"{'likes': 658, 'reposts': 124, 'quotes': 1}",threads,3717253306214688339,,,"My advice to the younger ones, especially girls who are pursuing their studies: pls plan your study course properly. If you want to work in an office, I recommend applying for courses such as banking, office systems, hr, business management, public administration, accounting,corporate administration, economics, supply chain management, international business, information systems management, project management, etc. These fields have a very high demand in the job market.",threads,76214459753,dzhraaaaaaaaaa
[],2026-01-27T09:38:43.820143+07:00,"PM Intern ở regional big tech như Grab cụ thể phải làm gì?
1. Meeting: các cuộc họp bắt buộc chủ yếu để cập nhập tiến độ của các dự án mà mình liên quan, 1:1 với line manager, 1:1 với head, và PM team meeting.
2. User research: mình là PM trong team merchant product nên cũng thường xuyên đi gặp người dùng (các nhà bán hàng trên GrabFood) để thu thập ý kiến và dữ liệu thực tế-ground truth data.
3. Problem diagnosis: trước khi đưa ra giả thuyết về một vấn đề, mình luôn phải tra soát dữ liệu để…",2025-07-25T13:07:54+07:00,,3684307275973863969,threads,threads.com,threads_crawler_v1,https://www.threads.net/@vanngo97/post/DMhSfJ7zyoh,https://scontent-hkg1-1.cdninstagram.com/v/t51.2885-19/540699424_17924421279110089_3593139865982689261_n.jpg?stp=dst-jpg_s150x150_tt6&efg=eyJ2ZW5jb2RlX3RhZyI6InByb2ZpbGVfcGljLmRqYW5nby4xMDgwLmMyIn0&_nc_ht=scontent-hkg1-1.cdninstagram.com&_nc_cat=101&_nc_oc=Q6cZ2QHf7npIvGeNqbztZDhkXltZLiDXYcbFLKtLtPOYRR-vJXdatzDDQevoz8dMzFSdWe4&_nc_ohc=5VTtwPU1gwkQ7kNvwHb4lUE&_nc_gid=OWSFJV4iCJpRC0W4Y-wbDQ&edm=AJhczIQBAAAA&ccb=7-5&oh=00_AfqCysAmAO8LTcC0XRXLJLL3Bu-yNndbeNZG_EgVVfQqNA&oe=697DFA50&_nc_sid=4a2096,6,0,71,10,0,['https://scontent-hkg1-1.cdninstagram.com/v/t51.2885-15/524418015_17919760458110089_5631526368893066282_n.jpg?stp=dst-jpg_e35_tt6&efg=eyJ2ZW5jb2RlX3RhZyI6InRocmVhZHMuQ0FST1VTRUxfSVRFTS5pbWFnZV91cmxnZW4uMTQ0MHgxNDQwLnNkci5mODI3ODcuZGVmYXVsdF9pbWFnZS5jMiJ9&_nc_ht=scontent-hkg1-1.cdninstagram.com&_nc_cat=101&_nc_oc=Q6cZ2QHf7npIvGeNqbztZDhkXltZLiDXYcbFLKtLtPOYRR-vJXdatzDDQevoz8dMzFSdWe4&_nc_ohc=cwzSV6ahDIMQ7kNvwE_tRAd&_nc_gid=OWSFJV4iCJpRC0W4Y-wbDQ&edm=AJhczIQBAAAA&ccb=7-5&ig_cache_key=MzY4NDMwNzI2NjQwMjQ4Mzc0MQ%3D%3D.3-ccb7-5&oh=00_AfplTvw_r6YTIRqaLhblThjC75sGwCmzAj-wd0Z1Q_IM7Q&oe=697DDDD7&_nc_sid=4a2096'],,https://www.threads.net/@vanngo97/post/DMhSfJ7zyoh,[],"{'likes': 71, 'reposts': 10, 'quotes': 0}",threads,3684307275973863969,𝓿𝓪𝓷,productmanagement,"PM Intern ở regional big tech như Grab cụ thể phải làm gì?
1. Meeting: các cuộc họp bắt buộc chủ yếu để cập nhập tiến độ của các dự án mà mình liên quan, 1:1 với line manager, 1:1 với head, và PM team meeting.
2. User research: mình là PM trong team merchant product nên cũng thường xuyên đi gặp người dùng (các nhà bán hàng trên GrabFood) để thu thập ý kiến và dữ liệu thực tế-ground truth data.
3. Problem diagnosis: trước khi đưa ra giả thuyết về một vấn đề, mình luôn phải tra soát dữ liệu để…",threads,63158678088,vanngo97
[],2026-01-27T09:38:43.820364+07:00,"Hello mọi người bên mình - CECCS đang tuyển Research Programmer ở vị trí khác nhau trong lĩnh vực Energy–Climate–Environment theo hướng research engineering.

Apply tại: 

Các bạn sẽ làm dự án thật và có publication (theo mức độ đóng góp). Ngoài ra bạn được sdung tooling hịn phục vụ công việc: HPC/compute, AI subscriptions (ChatGPT Plus/Gemini/NotebookLM), và lộ trình phát triển từ Intern → Trainee → Junior nếu bạn fit và muốn gắn bó lâu dài.",2026-01-24T08:57:51+07:00,,3816815382263679741,threads,threads.com,threads_crawler_v1,https://www.threads.net/@bolumoon/post/DT4DV4pEsr9,https://scontent-hkg1-2.cdninstagram.com/v/t51.2885-19/620908940_17929951041187099_2967245467291799343_n.jpg?stp=dst-jpg_s150x150_tt6&efg=eyJ2ZW5jb2RlX3RhZyI6InByb2ZpbGVfcGljLmRqYW5nby4xMDgwLmMyIn0&_nc_ht=scontent-hkg1-2.cdninstagram.com&_nc_cat=107&_nc_oc=Q6cZ2QHf7npIvGeNqbztZDhkXltZLiDXYcbFLKtLtPOYRR-vJXdatzDDQevoz8dMzFSdWe4&_nc_ohc=jnszSaFlbb8Q7kNvwGRuOBB&_nc_gid=OWSFJV4iCJpRC0W4Y-wbDQ&edm=AJhczIQBAAAA&ccb=7-5&oh=00_Afqp0OeNMTUED55HYVC_EYPYJ2NWo6L9FEaGS0B4YV9W6w&oe=697DEE86&_nc_sid=4a2096,2,0,14,1,0,['https://scontent-hkg1-2.cdninstagram.com/v/t51.2885-15/619581083_17929949400187099_812199420018210245_n.jpg?stp=dst-jpg_e35_tt6&efg=eyJ2ZW5jb2RlX3RhZyI6InRocmVhZHMuRkVFRC5pbWFnZV91cmxnZW4uMTA4MHgxMzUwLnNkci5mODI3ODcuZGVmYXVsdF9pbWFnZS5jMiJ9&_nc_ht=scontent-hkg1-2.cdninstagram.com&_nc_cat=107&_nc_oc=Q6cZ2QHf7npIvGeNqbztZDhkXltZLiDXYcbFLKtLtPOYRR-vJXdatzDDQevoz8dMzFSdWe4&_nc_ohc=dmktqBwYJp0Q7kNvwEdM3tP&_nc_gid=OWSFJV4iCJpRC0W4Y-wbDQ&edm=AJhczIQBAAAA&ccb=7-5&ig_cache_key=MzgxNjgxNTM4MjI2MzY3OTc0MQ%3D%3D.3-ccb7-5&oh=00_Afop8DFG3UqsA2oRkslnGKacly2e72KS3JxLi-x0sX37Vg&oe=697DDEAF&_nc_sid=4a2096'],,https://www.threads.net/@bolumoon/post/DT4DV4pEsr9,[],"{'likes': 14, 'reposts': 1, 'quotes': 0}",threads,3816815382263679741,moon 🧚🏻,tuyendunghanoi,"Hello mọi người bên mình - CECCS đang tuyển Research Programmer ở vị trí khác nhau trong lĩnh vực Energy–Climate–Environment theo hướng research engineering.

Apply tại: https://www.ceccs.org/career

Các bạn sẽ làm dự án thật và có publication (theo mức độ đóng góp). Ngoài ra bạn được sdung tooling hịn phục vụ công việc: HPC/compute, AI subscriptions (ChatGPT Plus/Gemini/NotebookLM), và lộ trình phát triển từ Intern → Trainee → Junior nếu bạn fit và muốn gắn bó lâu dài.",threads,65721827098,bolumoon
[],2026-01-27T09:38:43.820541+07:00,"Help a girl out! 🙏
I’m currently job hunting as my current work environment has become unhealthy.
I’m looking for a part-time position, preferably accounting-related.
If you know of any opportunities or can refer me, I’d really appreciate it.
Thank you in advance! 💼✨",2026-01-18T14:46:48+07:00,,3812642353921017093,threads,threads.com,threads_crawler_v1,https://www.threads.net/@_ni3nie21/post/DTpOgVJEkUF,https://scontent-hkg1-1.cdninstagram.com/v/t51.2885-19/617538504_17844120606673801_7653451698145126855_n.jpg?stp=dst-jpg_s150x150_tt6&efg=eyJ2ZW5jb2RlX3RhZyI6InByb2ZpbGVfcGljLmRqYW5nby4xMDgwLmMyIn0&_nc_ht=scontent-hkg1-1.cdninstagram.com&_nc_cat=101&_nc_oc=Q6cZ2QHf7npIvGeNqbztZDhkXltZLiDXYcbFLKtLtPOYRR-vJXdatzDDQevoz8dMzFSdWe4&_nc_ohc=EYh3_pla7KYQ7kNvwESQ5l6&_nc_gid=OWSFJV4iCJpRC0W4Y-wbDQ&edm=AJhczIQBAAAA&ccb=7-5&oh=00_AfouT_Y_4z5O-7JWzHFoC5iUqec3BryLopy6D8p3r3fDKA&oe=697DF331&_nc_sid=4a2096,9,0,8,0,0,[],,https://www.threads.net/@_ni3nie21/post/DTpOgVJEkUF,[],"{'likes': 8, 'reposts': 0, 'quotes': 0}",threads,3812642353921017093,ANNIE LOVERANES,,"Help a girl out! 🙏
I’m currently job hunting as my current work environment has become unhealthy.
I’m looking for a part-time position, preferably accounting-related.
If you know of any opportunities or can refer me, I’d really appreciate it.
Thank you in advance! 💼✨",threads,80228289800,_ni3nie21
[],2026-01-27T09:38:43.820692+07:00,"🌍 United Nations Volunteer Program 2025/26 | Work with UN

Apply Here: 

Be part of a global movement! The UN Volunteer (UNV) Program is now recruiting passionate volunteers from around the world.

🔹 Types of Programs:

1️⃣ International Volunteer 
2️⃣ National Volunteer 
3️⃣ Online Volunteering 

✅ Benefits Covered by UN:

💰 Living Allowance
🏡 Accommodation
🍽️ Meals
🩺 Health & Life Insurance
✈️ Travel Expenses
📄 Visa Cost",2025-10-19T17:42:36+07:00,,3746776249554214191,threads,threads.com,threads_crawler_v1,https://www.threads.net/@fullyscholarship/post/DP_OSXPjJ0v,https://scontent-hkg1-1.cdninstagram.com/v/t51.2885-19/466601895_1072857564567337_4860254998631505747_n.jpg?stp=dst-jpg_s150x150_tt6&efg=eyJ2ZW5jb2RlX3RhZyI6InByb2ZpbGVfcGljLmRqYW5nby4xMDgwLmMyIn0&_nc_ht=scontent-hkg1-1.cdninstagram.com&_nc_cat=101&_nc_oc=Q6cZ2QHf7npIvGeNqbztZDhkXltZLiDXYcbFLKtLtPOYRR-vJXdatzDDQevoz8dMzFSdWe4&_nc_ohc=nDpnTDvw8h4Q7kNvwFwS9Hi&_nc_gid=OWSFJV4iCJpRC0W4Y-wbDQ&edm=AJhczIQBAAAA&ccb=7-5&oh=00_AfpoPxHxQYWaiBDu6zhBwpgkwtGNocZsH3MNEIxG_A1tYQ&oe=697DFA0A&_nc_sid=4a2096,6,0,38,3,0,['https://scontent-hkg1-2.cdninstagram.com/v/t51.2885-15/567411036_17856935115541288_8936509590616488444_n.webp?efg=eyJ2ZW5jb2RlX3RhZyI6InRocmVhZHMuRkVFRC5pbWFnZV91cmxnZW4uMTA4MHgxMzUwLnNkci5mODI3ODcuZGVmYXVsdF9pbWFnZS5jMiJ9&_nc_ht=scontent-hkg1-2.cdninstagram.com&_nc_cat=104&_nc_oc=Q6cZ2QHf7npIvGeNqbztZDhkXltZLiDXYcbFLKtLtPOYRR-vJXdatzDDQevoz8dMzFSdWe4&_nc_ohc=qB73LlM6TScQ7kNvwFOiwnK&_nc_gid=OWSFJV4iCJpRC0W4Y-wbDQ&edm=AJhczIQBAAAA&ccb=7-5&ig_cache_key=Mzc0Njc3NjI0OTU1NDIxNDE5MQ%3D%3D.3-ccb7-5&oh=00_AfpcdpXFu9ovivBsIuEBarno_gvei5tpTHrz8IVY_SMtsg&oe=697DDDF9&_nc_sid=4a2096'],,https://www.threads.net/@fullyscholarship/post/DP_OSXPjJ0v,[],"{'likes': 38, 'reposts': 3, 'quotes': 0}",threads,3746776249554214191,Fully Scholarships,,"🌍 United Nations Volunteer Program 2025/26 | Work with UN

Apply Here: https://fullyscholarships.com/un-volunteer-program-2025-26/

Be part of a global movement! The UN Volunteer (UNV) Program is now recruiting passionate volunteers from around the world.

🔹 Types of Programs:

1️⃣ International Volunteer 
2️⃣ National Volunteer 
3️⃣ Online Volunteering 

✅ Benefits Covered by UN:

💰 Living Allowance
🏡 Accommodation
🍽️ Meals
🩺 Health & Life Insurance
✈️ Travel Expenses
📄 Visa Cost",threads,76303781287,fullyscholarship
[],2026-01-27T09:38:43.820831+07:00,"Hi, I'm Nadine.
I'm 27 years old.
I want to make international friends; age isn't a problem.
What about you?",2026-01-12T20:12:37+07:00,,3808457691040088984,threads,threads.com,threads_crawler_v1,https://www.threads.net/@nadine_daher98/post/DTaXBeIjIOY,https://scontent-hkg1-1.cdninstagram.com/v/t51.2885-19/610517430_17941698888098717_2248381238748099664_n.jpg?stp=dst-jpg_s150x150_tt6&efg=eyJ2ZW5jb2RlX3RhZyI6InByb2ZpbGVfcGljLmRqYW5nby4xMDgwLmMyIn0&_nc_ht=scontent-hkg1-1.cdninstagram.com&_nc_cat=105&_nc_oc=Q6cZ2QHf7npIvGeNqbztZDhkXltZLiDXYcbFLKtLtPOYRR-vJXdatzDDQevoz8dMzFSdWe4&_nc_ohc=e-uwqgasWaEQ7kNvwHI-RXA&_nc_gid=OWSFJV4iCJpRC0W4Y-wbDQ&edm=AJhczIQBAAAA&ccb=7-5&oh=00_AfrQEAEf0vFgMLQYsykGrbkYgBq88AnftR6-ippg5XuCyw&oe=697DEEC9&_nc_sid=4a2096,119,0,87,0,0,['https://scontent-hkg1-1.cdninstagram.com/v/t51.2885-15/615436187_17942532903098717_5757380096022754981_n.jpg?se=-1&stp=cp6_dst-jpegr_e35_tt6&efg=eyJ2ZW5jb2RlX3RhZyI6InRocmVhZHMuRkVFRC5pbWFnZV91cmxnZW4uMTQ0MHgxOTU5Lmhkci5mODI3ODcuZGVmYXVsdF9pbWFnZS5jMiJ9&_nc_ht=scontent-hkg1-1.cdninstagram.com&_nc_cat=105&_nc_oc=Q6cZ2QHf7npIvGeNqbztZDhkXltZLiDXYcbFLKtLtPOYRR-vJXdatzDDQevoz8dMzFSdWe4&_nc_ohc=izPxLZJsxvUQ7kNvwGWlfJl&_nc_gid=OWSFJV4iCJpRC0W4Y-wbDQ&edm=AJhczIQBAAAA&ccb=7-5&ig_cache_key=MzgwODQ1NzY5MTA0MDA4ODk4NA%3D%3D.3-ccb7-5&oh=00_AfqPwQ4ZIS8cz5VpS-u06JTBVt3wBcNdG74O_5SD-9_J6A&oe=697DFA52&_nc_sid=4a2096'],,https://www.threads.net/@nadine_daher98/post/DTaXBeIjIOY,[],"{'likes': 87, 'reposts': 0, 'quotes': 0}",threads,3808457691040088984,Nadine El Daher,,"Hi, I'm Nadine.
I'm 27 years old.
I want to make international friends; age isn't a problem.
What about you?",threads,63064666716,nadine_daher98
[],2026-01-27T09:38:43.820968+07:00,"99% CON BẠC DỪNG LẠI TRƯỚC KHI THẮNG LỚN VÀ HÃY THUỘC VỀ 1% CÒN LẠI

Mình của 2022 sẽ nhìn mình 2025 với con mắt ngưỡng mộ vì đã đạt đc mục tiêu lớn nhất trong VISION BOARD đó là đỗ chtrình MT vị trí PA của tập đoàn Crystal International. 

Nhìn lại 1năm của mình sau khi đã thành công chinh phục tập đoàn sản xuất may mặc top2 TG, thu nhập 300tr/ năm, đc learn n grow rất nhiều, để tích phước cho năm 2026 được tăng lương😅, mình xin chia sẻ vài tips để các bạn biết “đầu tư vào đâu là ngon luôn” nhé",2026-01-05T20:59:53+07:00,,3803408053103216234,threads,threads.com,threads_crawler_v1,https://www.threads.net/@goat.674314/post/DTIa3kVE8Zq,https://scontent-hkg1-2.cdninstagram.com/v/t51.2885-19/610520987_17847321345656823_2270524668212940037_n.jpg?stp=dst-jpg_s150x150_tt6&efg=eyJ2ZW5jb2RlX3RhZyI6InByb2ZpbGVfcGljLmRqYW5nby4xMDgwLmMyIn0&_nc_ht=scontent-hkg1-2.cdninstagram.com&_nc_cat=103&_nc_oc=Q6cZ2QHf7npIvGeNqbztZDhkXltZLiDXYcbFLKtLtPOYRR-vJXdatzDDQevoz8dMzFSdWe4&_nc_ohc=tOkTjSmVYScQ7kNvwGMbcct&_nc_gid=OWSFJV4iCJpRC0W4Y-wbDQ&edm=AJhczIQBAAAA&ccb=7-5&oh=00_AfqlWipCDd1SqCyI5DvdFKY9ozCQrHGUKnpOuWkQulFPfg&oe=697DE698&_nc_sid=4a2096,38,0,97,24,0,['https://scontent-hkg1-2.cdninstagram.com/v/t51.2885-15/612060152_17847325674656823_9109851728233902272_n.jpg?stp=dst-jpg_e35_tt6&efg=eyJ2ZW5jb2RlX3RhZyI6InRocmVhZHMuQ0FST1VTRUxfSVRFTS5pbWFnZV91cmxnZW4uMTEyMXg4MzUuc2RyLmY4Mjc4Ny5kZWZhdWx0X2ltYWdlLmMyIn0&_nc_ht=scontent-hkg1-2.cdninstagram.com&_nc_cat=103&_nc_oc=Q6cZ2QHf7npIvGeNqbztZDhkXltZLiDXYcbFLKtLtPOYRR-vJXdatzDDQevoz8dMzFSdWe4&_nc_ohc=09frOlLelEwQ7kNvwG7T_3P&_nc_gid=OWSFJV4iCJpRC0W4Y-wbDQ&edm=AJhczIQBAAAA&ccb=7-5&ig_cache_key=MzgwMzQwODA0NzE2NDAzNTc1Ng%3D%3D.3-ccb7-5&oh=00_AfpUkBGd42iWsZhksDZdpy6owBqDKXYv_s5QC1h4Be_SnQ&oe=697DDE78&_nc_sid=4a2096'],,https://www.threads.net/@goat.674314/post/DTIa3kVE8Zq,[],"{'likes': 97, 'reposts': 23, 'quotes': 1}",threads,3803408053103216234,,management trainee,"99% CON BẠC DỪNG LẠI TRƯỚC KHI THẮNG LỚN VÀ HÃY THUỘC VỀ 1% CÒN LẠI

Mình của 2022 sẽ nhìn mình 2025 với con mắt ngưỡng mộ vì đã đạt đc mục tiêu lớn nhất trong VISION BOARD đó là đỗ chtrình MT vị trí PA của tập đoàn Crystal International. 

Nhìn lại 1năm của mình sau khi đã thành công chinh phục tập đoàn sản xuất may mặc top2 TG, thu nhập 300tr/ năm, đc learn n grow rất nhiều, để tích phước cho năm 2026 được tăng lương😅, mình xin chia sẻ vài tips để các bạn biết “đầu tư vào đâu là ngon luôn” nhé",threads,79831088822,goat.674314
[],2026-01-27T09:38:43.821104+07:00,"🌟 Hello Instagram world!

I’m Xiong Zihao, from China! I’m looking to improve my English by making some international friends here. 🙋‍♀️🙋‍♂️

I can help you practice Chinese or share awesome Chinese culture in return! 🐼🥢🍜

If you’re interested in language exchange or just want to be friends, please: ➡️ Like this post! ➡️ Drop a comment below saying “Hi”! ➡️ Or DM me directly!

Let’s learn from each other! ❤️
#languageexchange #learnenglish #englishteacher #learnchinese #letslearn",2025-09-14T21:25:28+07:00,,3721521272208843576,threads,threads.com,threads_crawler_v1,https://www.threads.net/@turbobear357/post/DOlf-EuEWM4,https://scontent-hkg1-2.cdninstagram.com/v/t51.2885-19/530810869_18043777511645858_8698788319713796498_n.jpg?stp=dst-jpg_s150x150_tt6&efg=eyJ2ZW5jb2RlX3RhZyI6InByb2ZpbGVfcGljLmRqYW5nby4xMDgwLmMyIn0&_nc_ht=scontent-hkg1-2.cdninstagram.com&_nc_cat=102&_nc_oc=Q6cZ2QHf7npIvGeNqbztZDhkXltZLiDXYcbFLKtLtPOYRR-vJXdatzDDQevoz8dMzFSdWe4&_nc_ohc=9mUCmquMzCsQ7kNvwGsptky&_nc_gid=OWSFJV4iCJpRC0W4Y-wbDQ&edm=AJhczIQBAAAA&ccb=7-5&oh=00_AfqjWShtyQISn_h9qX5LGiTCE4wFyNrx8PMr6LPPR1u6Ng&oe=697DE7D6&_nc_sid=4a2096,17,0,61,0,0,['https://scontent-hkg1-2.cdninstagram.com/v/t51.2885-15/547758830_18047536712645858_6427731731082735203_n.jpg?se=-1&stp=dst-jpegr_e35_tt6&efg=eyJ2ZW5jb2RlX3RhZyI6InRocmVhZHMuRkVFRC5pbWFnZV91cmxnZW4uMTQ0MHgxOTIwLmhkci5mODI3ODcuZGVmYXVsdF9pbWFnZS5jMiJ9&_nc_ht=scontent-hkg1-2.cdninstagram.com&_nc_cat=102&_nc_oc=Q6cZ2QHf7npIvGeNqbztZDhkXltZLiDXYcbFLKtLtPOYRR-vJXdatzDDQevoz8dMzFSdWe4&_nc_ohc=wCNFUdmOcT0Q7kNvwGdisDT&_nc_gid=OWSFJV4iCJpRC0W4Y-wbDQ&edm=AJhczIQBAAAA&ccb=7-5&ig_cache_key=MzcyMTUyMTI3MjIwODg0MzU3Ng%3D%3D.3-ccb7-5&oh=00_AfrxmGJwNzAAeIvFib75-k4BsaALGCDHyEEOvkY_DvVFpw&oe=697E00B0&_nc_sid=4a2096'],,https://www.threads.net/@turbobear357/post/DOlf-EuEWM4,[],"{'likes': 61, 'reposts': 0, 'quotes': 0}",threads,3721521272208843576,Turbobear357,,"🌟 Hello Instagram world!

I’m Xiong Zihao, from China! I’m looking to improve my English by making some international friends here. 🙋‍♀️🙋‍♂️

I can help you practice Chinese or share awesome Chinese culture in return! 🐼🥢🍜

If you’re interested in language exchange or just want to be friends, please: ➡️ Like this post! ➡️ Drop a comment below saying “Hi”! ➡️ Or DM me directly!

Let’s learn from each other! ❤️
#languageexchange #learnenglish #englishteacher #learnchinese #letslearn",threads,76226102465,turbobear357
[],2026-01-27T09:38:43.821278+07:00,"Chào bạn đã đến với Threads của mình. Mình là: Hà Lê (Maris) 🌸

- Winner của 3 chương trình Quản trị viên tập sự (China Mobile International, Crystal International và Hitachi Energy tiền thân là ABB Power Grid)
- 3+ năm kinh nghiệm tại các công ty quốc tế và tập đoàn đa quốc gia 
- Từng làm việc ở HongKong, training ở Mainland Trung Quốc, HK
- Tốt nghiệp FTU, IELTS 7.5
- Từng làm diễn giả, mentor cho nhiều bạn

Check linktree để xem mình có thể giúp bạn được gì nha🌷 ",2024-05-20T21:09:48+07:00,,3372171485694530124,threads,threads.com,threads_crawler_v1,https://www.threads.net/@marisle_20/post/C7MXBmGhhJM,https://scontent-hkg1-2.cdninstagram.com/v/t51.2885-19/442661112_1959727391112194_5041317991541819719_n.jpg?stp=dst-jpg_s150x150_tt6&efg=eyJ2ZW5jb2RlX3RhZyI6InByb2ZpbGVfcGljLmRqYW5nby4xMDgwLmMyIn0&_nc_ht=scontent-hkg1-2.cdninstagram.com&_nc_cat=102&_nc_oc=Q6cZ2QHf7npIvGeNqbztZDhkXltZLiDXYcbFLKtLtPOYRR-vJXdatzDDQevoz8dMzFSdWe4&_nc_ohc=VDeHasqe6YcQ7kNvwFH-HYc&_nc_gid=OWSFJV4iCJpRC0W4Y-wbDQ&edm=AJhczIQBAAAA&ccb=7-5&oh=00_AfoDpg8T1KTp9ZNVcFxFczg7bgitvJTEPctA-ftZcbt5RA&oe=697E000D&_nc_sid=4a2096,2,0,147,10,0,[],,https://www.threads.net/@marisle_20/post/C7MXBmGhhJM,[],"{'likes': 147, 'reposts': 10, 'quotes': 0}",threads,3372171485694530124,Thu Hà,,"Chào bạn đã đến với Threads của mình. Mình là: Hà Lê (Maris) 🌸

- Winner của 3 chương trình Quản trị viên tập sự (China Mobile International, Crystal International và Hitachi Energy tiền thân là ABB Power Grid)
- 3+ năm kinh nghiệm tại các công ty quốc tế và tập đoàn đa quốc gia 
- Từng làm việc ở HongKong, training ở Mainland Trung Quốc, HK
- Tốt nghiệp FTU, IELTS 7.5
- Từng làm diễn giả, mentor cho nhiều bạn

Check linktree để xem mình có thể giúp bạn được gì nha🌷 https://linktr.ee/halethithu",threads,66559921836,marisle_20
[],2026-01-27T09:38:43.821422+07:00,"𝟓𝟎 𝐟𝐚𝐦𝐨𝐮𝐬 𝐈𝐧𝐭𝐞𝐫𝐧𝐚𝐭𝐢𝐨𝐧𝐚𝐥 𝐒𝐜𝐡𝐨𝐥𝐚𝐫𝐬𝐡𝐢𝐩 𝐎𝐩𝐩𝐨𝐫𝐭𝐮𝐧𝐢𝐭𝐢𝐞𝐬 𝐚𝐫𝐨𝐮𝐧𝐝 𝐰𝐨𝐫𝐥𝐝
5/5

41. Erasmus Mundus Scholarship
42. Swiss Government Excellence Scholarships
43. Manaaki Scholarships New Zealand
44. Joint Japan World Bank Scholarship
45. Commonwealth Scholarships
46. The Swedish Institute Scholarships too
47. Johnson & Johnson Scholars Program
48. KFUPM Masters and PhD Scholarships
49. Hochschule Hof Scholarship
50. Rosa Luxemburg Foundation Scholarships.",2023-07-08T13:29:14+07:00,,3142185764422690794,threads,threads.com,threads_crawler_v1,https://www.threads.net/@getabroadscholarship/post/CubSU4CtCfq,https://scontent-hkg1-2.cdninstagram.com/v/t51.2885-19/358002236_1012535243253856_3078950665257034414_n.jpg?stp=dst-jpg_s150x150_tt6&efg=eyJ2ZW5jb2RlX3RhZyI6InByb2ZpbGVfcGljLmRqYW5nby4xMDgwLmMyIn0&_nc_ht=scontent-hkg1-2.cdninstagram.com&_nc_cat=104&_nc_oc=Q6cZ2QHf7npIvGeNqbztZDhkXltZLiDXYcbFLKtLtPOYRR-vJXdatzDDQevoz8dMzFSdWe4&_nc_ohc=orQkUCI-xkEQ7kNvwG7q9R6&_nc_gid=OWSFJV4iCJpRC0W4Y-wbDQ&edm=AJhczIQBAAAA&ccb=7-5&oh=00_AfoH8hdHWa-j8rTTMUQncRXhkjz02HWMWRtfi_ojhhhQoQ&oe=697DDFD2&_nc_sid=4a2096,0,0,38,3,0,[],,https://www.threads.net/@getabroadscholarship/post/CubSU4CtCfq,[],"{'likes': 38, 'reposts': 3, 'quotes': 0}",threads,3142185764422690794,Get Abroad Scholarship,,"𝟓𝟎 𝐟𝐚𝐦𝐨𝐮𝐬 𝐈𝐧𝐭𝐞𝐫𝐧𝐚𝐭𝐢𝐨𝐧𝐚𝐥 𝐒𝐜𝐡𝐨𝐥𝐚𝐫𝐬𝐡𝐢𝐩 𝐎𝐩𝐩𝐨𝐫𝐭𝐮𝐧𝐢𝐭𝐢𝐞𝐬 𝐚𝐫𝐨𝐮𝐧𝐝 𝐰𝐨𝐫𝐥𝐝
5/5

41. Erasmus Mundus Scholarship
42. Swiss Government Excellence Scholarships
43. Manaaki Scholarships New Zealand
44. Joint Japan World Bank Scholarship
45. Commonwealth Scholarships
46. The Swedish Institute Scholarships too
47. Johnson & Johnson Scholars Program
48. KFUPM Masters and PhD Scholarships
49. Hochschule Hof Scholarship
50. Rosa Luxemburg Foundation Scholarships.",threads,63076212510,getabroadscholarship
[],2026-01-27T09:38:43.821563+07:00,"International students! Brunei Gov Scholarship 2026—fully funded diploma/bachelor’s/master’s. BND500/month personal + BND150 meals, housing, airfare. No IELTS needed.

Deadline: Feb 15, 2026
Comment “BGS” to get link

Tag a friend! #BruneiScholarship2026 #StudyInBrunei #FullyFunded #AsiaScholarships",2026-01-01T13:39:12+07:00,,3800287140735940223,threads,threads.com,threads_crawler_v1,https://www.threads.net/@youthscholarships/post/DS9VQUMDPZ_,https://scontent-hkg4-2.cdninstagram.com/v/t51.2885-19/573040519_17887789014388115_4364009794708773001_n.jpg?stp=dst-jpg_s150x150_tt6&efg=eyJ2ZW5jb2RlX3RhZyI6InByb2ZpbGVfcGljLmRqYW5nby4xMDgwLmMyIn0&_nc_ht=scontent-hkg4-2.cdninstagram.com&_nc_cat=111&_nc_oc=Q6cZ2QHf7npIvGeNqbztZDhkXltZLiDXYcbFLKtLtPOYRR-vJXdatzDDQevoz8dMzFSdWe4&_nc_ohc=uKvlgTBfokgQ7kNvwF7iaXG&_nc_gid=OWSFJV4iCJpRC0W4Y-wbDQ&edm=AJhczIQBAAAA&ccb=7-5&oh=00_AfrgMzZRBB2fmEuCaEd74C_tZ-Q-RNKxmFdHPXPY7ouOow&oe=697DF1C2&_nc_sid=4a2096,2,0,2,0,0,['https://scontent-hkg1-2.cdninstagram.com/v/t51.2885-15/608771622_18097848874873540_87018509802950949_n.jpg?stp=dst-jpg_e35_tt6&efg=eyJ2ZW5jb2RlX3RhZyI6InRocmVhZHMuRkVFRC5pbWFnZV91cmxnZW4uMTM1MHgxNjg4LnNkci5mODI3ODcuZGVmYXVsdF9pbWFnZS5jMiJ9&_nc_ht=scontent-hkg1-2.cdninstagram.com&_nc_cat=104&_nc_oc=Q6cZ2QHf7npIvGeNqbztZDhkXltZLiDXYcbFLKtLtPOYRR-vJXdatzDDQevoz8dMzFSdWe4&_nc_ohc=o6_cVVP09qwQ7kNvwFYawkB&_nc_gid=OWSFJV4iCJpRC0W4Y-wbDQ&edm=AJhczIQBAAAA&ccb=7-5&ig_cache_key=MzgwMDI4NzE0MDczNTk0MDIyMw%3D%3D.3-ccb7-5&oh=00_AfoEcyUKjYgwCP82W5IndQxXxceYgMHscANEqpDw0FVhSw&oe=697DFF46&_nc_sid=4a2096'],,https://www.threads.net/@youthscholarships/post/DS9VQUMDPZ_,[],"{'likes': 2, 'reposts': 0, 'quotes': 0}",threads,3800287140735940223,Youth Scholarships,,"International students! Brunei Gov Scholarship 2026—fully funded diploma/bachelor’s/master’s. BND500/month personal + BND150 meals, housing, airfare. No IELTS needed.

Deadline: Feb 15, 2026
Comment “BGS” to get link

Tag a friend! #BruneiScholarship2026 #StudyInBrunei #FullyFunded #AsiaScholarships",threads,71646684114,youthscholarships
[],2026-01-27T09:38:43.821710+07:00,"List of International Internships — Accepting Applications! 

1. Google Silicon Internship 2026
Apply: 

2. Salzburg Global Internship – Austria (2026)
Visit: 

3. NIG Summer Internship – Japan (2026)
Apply: 

4. FAO Internship Program 2026 – Rome
Apply: 

5. UNAIDS Internship 2026
Apply: ",2025-11-26T14:58:52+07:00,,3774235318845745706,threads,threads.com,threads_crawler_v1,https://www.threads.net/@opportunitiesradar/post/DRgxwaWiKoq,https://scontent-hkg1-2.cdninstagram.com/v/t51.2885-19/433008459_1099691654631147_1139918206563456833_n.jpg?stp=dst-jpg_s150x150_tt6&efg=eyJ2ZW5jb2RlX3RhZyI6InByb2ZpbGVfcGljLmRqYW5nby4xMDgwLmMyIn0&_nc_ht=scontent-hkg1-2.cdninstagram.com&_nc_cat=103&_nc_oc=Q6cZ2QHf7npIvGeNqbztZDhkXltZLiDXYcbFLKtLtPOYRR-vJXdatzDDQevoz8dMzFSdWe4&_nc_ohc=z-Pa55dYSiUQ7kNvwFaZn-l&_nc_gid=OWSFJV4iCJpRC0W4Y-wbDQ&edm=AJhczIQBAAAA&ccb=7-5&oh=00_AfoTVHmxlSBv04lZ00HDmHYmUhqstoQo67x-XDz_4u5_tg&oe=697E1256&_nc_sid=4a2096,0,0,18,1,0,[],,https://www.threads.net/@opportunitiesradar/post/DRgxwaWiKoq,[],"{'likes': 18, 'reposts': 1, 'quotes': 0}",threads,3774235318845745706,Opportunities Radar,internationalinternships,"List of International Internships — Accepting Applications! 

1. Google Silicon Internship 2026
Apply: https://tinyurl.com/google-siliconinternship

2. Salzburg Global Internship – Austria (2026)
Visit: https://tinyurl.com/salzburg-internship2026

3. NIG Summer Internship – Japan (2026)
Apply: https://tinyurl.com/nig-intern2026

4. FAO Internship Program 2026 – Rome
Apply: https://tinyurl.com/faointernship-rome

5. UNAIDS Internship 2026
Apply: https://tinyurl.com/unaids-internship2026",threads,65438425966,opportunitiesradar
[],2026-01-27T09:38:43.821868+07:00,"The @worldeconomicforum  kicks off in Davos today. I was initially supposed to join our delegation to 🇨🇭 Switzerland—until someone realized that international economics isn’t exactly my area of expertise. 

Still, I plan to tune into a few online panels over the next few days. After all, learning never stops!",2026-01-19T15:08:17+07:00,,3813377945915222120,threads,threads.com,threads_crawler_v1,https://www.threads.net/@pyj.rok/post/DTr1wmkleho,https://scontent-hkg1-1.cdninstagram.com/v/t51.2885-19/591164134_17938267374099401_7517521728046473802_n.jpg?stp=dst-jpg_s150x150_tt6&efg=eyJ2ZW5jb2RlX3RhZyI6InByb2ZpbGVfcGljLmRqYW5nby4xMDgwLmMyIn0&_nc_ht=scontent-hkg1-1.cdninstagram.com&_nc_cat=105&_nc_oc=Q6cZ2QHf7npIvGeNqbztZDhkXltZLiDXYcbFLKtLtPOYRR-vJXdatzDDQevoz8dMzFSdWe4&_nc_ohc=0tsX8cJ3LPQQ7kNvwHdRfl3&_nc_gid=OWSFJV4iCJpRC0W4Y-wbDQ&edm=AJhczIQBAAAA&ccb=7-5&oh=00_AfpaYLxBlTnQAqtA_BAnnuheJ_ARrtppXgfN8D0esc8ngg&oe=697DE1DA&_nc_sid=4a2096,2,0,15,0,0,['https://scontent-hkg1-1.cdninstagram.com/v/t51.2885-15/618000521_17943887946099401_7513751518480256842_n.webp?efg=eyJ2ZW5jb2RlX3RhZyI6InRocmVhZHMuRkVFRC5pbWFnZV91cmxnZW4uOTcyeDEyMTUuc2RyLmY4Mjc4Ny5kZWZhdWx0X2ltYWdlLmMyIn0&_nc_ht=scontent-hkg1-1.cdninstagram.com&_nc_cat=105&_nc_oc=Q6cZ2QHf7npIvGeNqbztZDhkXltZLiDXYcbFLKtLtPOYRR-vJXdatzDDQevoz8dMzFSdWe4&_nc_ohc=7qB7fiydLjgQ7kNvwFTuabc&_nc_gid=OWSFJV4iCJpRC0W4Y-wbDQ&edm=AJhczIQBAAAA&ccb=7-5&ig_cache_key=MzgxMzM3Nzk0NTkxNTIyMjEyMA%3D%3D.3-ccb7-5&oh=00_AfqRDw2dqutTlOVP3LVsUjbAj5E9L4aldIfmwO15R3mMYg&oe=697DEE87&_nc_sid=4a2096'],,https://www.threads.net/@pyj.rok/post/DTr1wmkleho,[],"{'likes': 15, 'reposts': 0, 'quotes': 0}",threads,3813377945915222120,박영재,DAVOS2026,"The @worldeconomicforum  kicks off in Davos today. I was initially supposed to join our delegation to 🇨🇭 Switzerland—until someone realized that international economics isn’t exactly my area of expertise. 

Still, I plan to tune into a few online panels over the next few days. After all, learning never stops!",threads,63075515400,pyj.rok
[],2026-01-27T09:38:43.822008+07:00,"American dream never ends inVietnam. 
I remember almost 40 years ago my dad applied for the HO program so the whole family would get visas to move to the US. We were not granted though.
And now everytime I travel by the US consulate office I always see a huge crowd outside waiting for their visas to be granted (and most of them get a no answer).
.
.
#americandream #america #vietnam #dreams",2025-11-02T23:37:51+07:00,,3757101898675525456,threads,threads.com,threads_crawler_v1,https://www.threads.net/@therealsaigonstreeteats/post/DQj6EVXgBdQ,https://instagram.fmaa14-1.fna.fbcdn.net/v/t51.2885-19/573323465_1219825463302212_7278921664109726296_n.png?stp=dst-jpg_tt6&efg=eyJ2ZW5jb2RlX3RhZyI6InByb2ZpbGVfcGljLmRqYW5nby4xNTAuYzIifQ&_nc_ht=instagram.fmaa14-1.fna.fbcdn.net&_nc_cat=1&_nc_oc=Q6cZ2QGE8ITdJ4IubTfFoJg40lAzuxDv6LP9ZQNKpbuR7RIzNKrwpKWuaEJjcxa1tBBf3xVKpB459CY_lfNGlzVEQkGz&_nc_ohc=5RbL11Zchq0Q7kNvwH_u_fU&_nc_gid=b5UWfeMp9pmP31ywf5Mvyw&edm=ALlQn9MBAAAA&ccb=7-5&ig_cache_key=YW5vbnltb3VzX3Byb2ZpbGVfcGlj.3-ccb7-5&oh=00_Afo0QU2Tbw-oO5vBOW5m0uN0Z9xjmvldllW7OVnkTqQO_g&oe=697DF32A&_nc_sid=e7f676,22,0,28,1,0,['https://scontent-hkg4-1.cdninstagram.com/v/t51.2885-15/571453611_17900317011301508_2432803900627482635_n.heic?stp=dst-jpg_e35_tt6&efg=eyJ2ZW5jb2RlX3RhZyI6InRocmVhZHMuRkVFRC5pbWFnZV91cmxnZW4uMTQ0MHgxNDQwLnNkci5mODI3ODcuZGVmYXVsdF9pbWFnZS5jMiJ9&_nc_ht=scontent-hkg4-1.cdninstagram.com&_nc_cat=108&_nc_oc=Q6cZ2QHf7npIvGeNqbztZDhkXltZLiDXYcbFLKtLtPOYRR-vJXdatzDDQevoz8dMzFSdWe4&_nc_ohc=ctxUPaeyEOEQ7kNvwH7O12-&_nc_gid=OWSFJV4iCJpRC0W4Y-wbDQ&edm=AJhczIQBAAAA&ccb=7-5&ig_cache_key=Mzc1NzEwMTg5ODY3NTUyNTQ1Ng%3D%3D.3-ccb7-5&oh=00_AfrhLxTRFTYWWM1KAk4E-UMEW3_qf5Oo4RIOUOXO4ZJp1A&oe=697DF1EB&_nc_sid=4a2096'],,https://www.threads.net/@therealsaigonstreeteats/post/DQj6EVXgBdQ,[],"{'likes': 28, 'reposts': 0, 'quotes': 1}",threads,3757101898675525456,Vo Vu  •Street Food Guide•,,"American dream never ends inVietnam. 
I remember almost 40 years ago my dad applied for the HO program so the whole family would get visas to move to the US. We were not granted though.
And now everytime I travel by the US consulate office I always see a huge crowd outside waiting for their visas to be granted (and most of them get a no answer).
.
.
#americandream #america #vietnam #dreams",threads,68896941507,therealsaigonstreeteats
[],2026-01-27T09:38:43.822150+07:00,"Weaving 🇹🇼🇺🇸 business opportunities🪡!
Commissioned by the International Trade Administration, Ministry of Economic Affairs, the Taiwan Textiles Trade Mission and Investment led six Taiwanese textile companies to NY to connect with buyers and participate in the textile conference held in TECONY. 

🇹🇼’s textile is known for their performance and sustainability; several well-known brands, such as Lulu Lemon and Under Armour, have maintained long partnerships with 🇹🇼 textile suppliers.",2025-10-17T07:55:35+07:00,,3745031242703160929,threads,threads.com,threads_crawler_v1,https://www.threads.net/@taiwaninnewyork/post/DP5BhK-D8Zh,https://scontent-hkg1-1.cdninstagram.com/v/t51.2885-19/587206872_17934298167107749_8356115811824440976_n.jpg?stp=dst-jpg_s150x150_tt6&efg=eyJ2ZW5jb2RlX3RhZyI6InByb2ZpbGVfcGljLmRqYW5nby4xMDgwLmMyIn0&_nc_ht=scontent-hkg1-1.cdninstagram.com&_nc_cat=101&_nc_oc=Q6cZ2QHf7npIvGeNqbztZDhkXltZLiDXYcbFLKtLtPOYRR-vJXdatzDDQevoz8dMzFSdWe4&_nc_ohc=eGoTIguAJt0Q7kNvwF0-tBP&_nc_gid=OWSFJV4iCJpRC0W4Y-wbDQ&edm=AJhczIQBAAAA&ccb=7-5&oh=00_AfqAbwF_lPjzQbjYmn5yatu8am2Gm1dJqvkw4eevcsFfjg&oe=697DE032&_nc_sid=4a2096,1,0,4,0,0,['https://scontent-hkg1-1.cdninstagram.com/v/t51.2885-15/565564579_17929366260107749_5008816978186390184_n.jpg?stp=dst-jpg_e35_tt6&efg=eyJ2ZW5jb2RlX3RhZyI6InRocmVhZHMuQ0FST1VTRUxfSVRFTS5pbWFnZV91cmxnZW4uMTkyMHgxNDQwLnNkci5mODI3ODcuZGVmYXVsdF9pbWFnZS5jMiJ9&_nc_ht=scontent-hkg1-1.cdninstagram.com&_nc_cat=101&_nc_oc=Q6cZ2QHf7npIvGeNqbztZDhkXltZLiDXYcbFLKtLtPOYRR-vJXdatzDDQevoz8dMzFSdWe4&_nc_ohc=wuv4T7uZKyYQ7kNvwF6lZ1Y&_nc_gid=OWSFJV4iCJpRC0W4Y-wbDQ&edm=AJhczIQBAAAA&ccb=7-5&ig_cache_key=Mzc0NTAzMTIzNzU2OTM0MTM5Mw%3D%3D.3-ccb7-5&oh=00_AfrXDIucYXmdX6r0lMbbN4Vfbxw66ItVtcDgA0YB2jNWlA&oe=697DFE60&_nc_sid=4a2096'],,https://www.threads.net/@taiwaninnewyork/post/DP5BhK-D8Zh,[],"{'likes': 4, 'reposts': 0, 'quotes': 0}",threads,3745031242703160929,Taiwan in New York,textile,"Weaving 🇹🇼🇺🇸 business opportunities🪡!
Commissioned by the International Trade Administration, Ministry of Economic Affairs, the Taiwan Textiles Trade Mission and Investment led six Taiwanese textile companies to NY to connect with buyers and participate in the textile conference held in TECONY. 

🇹🇼’s textile is known for their performance and sustainability; several well-known brands, such as Lulu Lemon and Under Armour, have maintained long partnerships with 🇹🇼 textile suppliers.",threads,63122899748,taiwaninnewyork
[],2026-01-27T09:38:43.822325+07:00,"Dành cho các bạn du hs tại 🇸🇪 muốn tìm hiểu về cơ hội việc làm sau này
Seminar này của NewtoSweden - (nếu mình không nhầm là NGO) tổ chức giúp kết nối nhân lực quốc tế với nhà tuyển dụng tại 🇸🇪. Họ thường xuyên có virtual workshops/ seminars cũng khá hữu ích. 
Bạn nào ở Göteborg có thể theo dõi (subcribe nhận newsletter + follow Linkedin page) thêm các hoạt động của International House Gothenburg nữa nha!",2025-11-05T01:37:14+07:00,,3758611547619668081,threads,threads.com,threads_crawler_v1,https://www.threads.net/@anhinswe/post/DQpRUngjTBx,https://scontent-hkg1-1.cdninstagram.com/v/t51.2885-19/458255298_351828557897153_8900720448759959536_n.jpg?stp=dst-jpg_s150x150_tt6&efg=eyJ2ZW5jb2RlX3RhZyI6InByb2ZpbGVfcGljLmRqYW5nby4xMDgwLmMyIn0&_nc_ht=scontent-hkg1-1.cdninstagram.com&_nc_cat=105&_nc_oc=Q6cZ2QHf7npIvGeNqbztZDhkXltZLiDXYcbFLKtLtPOYRR-vJXdatzDDQevoz8dMzFSdWe4&_nc_ohc=z1NQuPI-YdYQ7kNvwGvzc79&_nc_gid=OWSFJV4iCJpRC0W4Y-wbDQ&edm=AJhczIQBAAAA&ccb=7-5&oh=00_AfpjI2hwxx6PSad79UOEZZa-sjW-W8v6-V6VFLzGdqQchQ&oe=697E0FBA&_nc_sid=4a2096,0,0,12,0,0,[],,https://www.threads.net/@anhinswe/post/DQpRUngjTBx,[],"{'likes': 12, 'reposts': 0, 'quotes': 0}",threads,3758611547619668081,,,"Dành cho các bạn du hs tại 🇸🇪 muốn tìm hiểu về cơ hội việc làm sau này
Seminar này của NewtoSweden - (nếu mình không nhầm là NGO) tổ chức giúp kết nối nhân lực quốc tế với nhà tuyển dụng tại 🇸🇪. Họ thường xuyên có virtual workshops/ seminars cũng khá hữu ích. 
Bạn nào ở Göteborg có thể theo dõi (subcribe nhận newsletter + follow Linkedin page) thêm các hoạt động của International House Gothenburg nữa nha!",threads,65869950908,anhinswe
[],2026-01-27T09:38:43.822465+07:00,"At Pharmbills, we believe that growth starts with opportunity, and support makes all the difference 🤞

Varvara Marchenko, one of our teammates, shares how here growth is real, the community is strong, and learning never stops.

If you’re ready to challenge yourself, grow professionally, and join an international team that truly values people — this message is for you 💙",2025-10-28T23:35:44+07:00,,3753476931908596797,threads,threads.com,threads_crawler_v1,https://www.threads.net/@pharmbills/post/DQXB2H_CPQ9,https://scontent-hkg4-1.cdninstagram.com/v/t51.2885-19/531793832_18518833072002092_4587948886152381410_n.jpg?stp=dst-jpg_s150x150_tt6&efg=eyJ2ZW5jb2RlX3RhZyI6InByb2ZpbGVfcGljLmRqYW5nby44MDAuYzIifQ&_nc_ht=scontent-hkg4-1.cdninstagram.com&_nc_cat=108&_nc_oc=Q6cZ2QHf7npIvGeNqbztZDhkXltZLiDXYcbFLKtLtPOYRR-vJXdatzDDQevoz8dMzFSdWe4&_nc_ohc=wqnyhVY_dxQQ7kNvwGYpX2M&_nc_gid=OWSFJV4iCJpRC0W4Y-wbDQ&edm=AJhczIQBAAAA&ccb=7-5&oh=00_AfqyZSw5PaczDu1I1aOHM91iJxUVYQDgNuin1ryafrI2SA&oe=697DE233&_nc_sid=4a2096,1,0,3,0,0,"['https://scontent-hkg4-1.cdninstagram.com/v/t51.2885-15/572115179_18535165069002092_1043315347916902496_n.jpg?stp=dst-jpg_e15_tt6&efg=eyJ2ZW5jb2RlX3RhZyI6InRocmVhZHMuRkVFRC5pbWFnZV91cmxnZW4uMjE2MHgzODQwLnNkci5mODI3ODcuZGVmYXVsdF9jb3Zlcl9mcmFtZS5jMiJ9&_nc_ht=scontent-hkg4-1.cdninstagram.com&_nc_cat=108&_nc_oc=Q6cZ2QHf7npIvGeNqbztZDhkXltZLiDXYcbFLKtLtPOYRR-vJXdatzDDQevoz8dMzFSdWe4&_nc_ohc=M2yjbggrl3wQ7kNvwGMMt-N&_nc_gid=OWSFJV4iCJpRC0W4Y-wbDQ&edm=AJhczIQBAAAA&ccb=7-5&ig_cache_key=Mzc1MzQ3NjkzMTkwODU5Njc5Nw%3D%3D.3-ccb7-5&oh=00_Afo1CIhqmWswa_epMLcrcyWrYmIEVcs0mm4Jld3xkMhnlw&oe=697E0876&_nc_sid=4a2096', 'https://scontent-hkg1-2.cdninstagram.com/o1/v/t2/f2/m86/AQM8h6hNBuNli8QCKNM1uGbroCAcLSDzN2JC5I3XRXJvUAOovpVjfvATjzq9bdYTv-yXEZPU5i-45PHoMTK0IYGUyoOtakX-PNaUwIU.mp4?_nc_cat=107&_nc_sid=5e9851&_nc_ht=scontent-hkg1-2.cdninstagram.com&_nc_ohc=I0lyxvYcb5wQ7kNvwHQN8Xp&efg=eyJ2ZW5jb2RlX3RhZyI6Inhwdl9wcm9ncmVzc2l2ZS5JTlNUQUdSQU0uRkVFRC5DMy43MjAuZGFzaF9iYXNlbGluZV8xX3YxIiwieHB2X2Fzc2V0X2lkIjoxMTc1MzEzNjU0NTU3MjY5LCJhc3NldF9hZ2VfZGF5cyI6OTAsInZpX3VzZWNhc2VfaWQiOjEwMDk5LCJkdXJhdGlvbl9zIjo0NywidXJsZ2VuX3NvdXJjZSI6Ind3dyJ9&ccb=17-1&vs=e2859d9bc1108b54&_nc_vs=HBksFQIYUmlnX3hwdl9yZWVsc19wZXJtYW5lbnRfc3JfcHJvZC9BNTREQzQ1OTBBOTI5MjNERjM5RTQ3OEQ3QzQ0NjZCNl92aWRlb19kYXNoaW5pdC5tcDQVAALIARIAFQIYOnBhc3N0aHJvdWdoX2V2ZXJzdG9yZS9HRDB6RXlMeWpKaHJFclVFQUE5dUM4ZzhNbTlCYnN0VEFRQUYVAgLIARIAKAAYABsCiAd1c2Vfb2lsATEScHJvZ3Jlc3NpdmVfcmVjaXBlATEVAAAmqqmJjqG8lgQVAigCQzMsF0BHogxJul41GBJkYXNoX2Jhc2VsaW5lXzFfdjERAHXqB2XmnQEA&_nc_gid=OWSFJV4iCJpRC0W4Y-wbDQ&_nc_zt=28&oh=00_Afrje5PRE1sZS8-jmc0794gy_9W2Zzis0jxOWagtkhQnNg&oe=6979EFC4']",,https://www.threads.net/@pharmbills/post/DQXB2H_CPQ9,[],"{'likes': 3, 'reposts': 0, 'quotes': 0}",threads,3753476931908596797,Grow with Pharmbills,,"At Pharmbills, we believe that growth starts with opportunity, and support makes all the difference 🤞

Varvara Marchenko, one of our teammates, shares how here growth is real, the community is strong, and learning never stops.

If you’re ready to challenge yourself, grow professionally, and join an international team that truly values people — this message is for you 💙",threads,76655296135,pharmbills
[],2026-01-27T09:40:16.277029+07:00,"10 Career Things I Got to do This Year:
1. Did a TEDx Talk!
2. Invested in 6 new startups this year
3. Guested on 8 podcasts 
4. Completed 3 philanthropic projects
5. Hosted 1 international retreat 
6. Executive produced an exciting upcoming project in startups & media
7. Became president of my Rotary club
8. Began exploring funds for possible LP investments
9. Laid the groundwork for an awesome new venture studio
10. Did this with an intense travel schedule and balancing my relationships.

🩷",2025-12-22T12:04:39+07:00,,3792991802971291086,threads,threads.com,threads_crawler_v1,https://www.threads.net/@iamerikaaquino/post/DSjafLcEn3O,https://scontent-hkg4-1.cdninstagram.com/v/t51.2885-19/575974269_18324670408208960_1950273121524337393_n.jpg?stp=dst-jpg_s150x150_tt6&efg=eyJ2ZW5jb2RlX3RhZyI6InByb2ZpbGVfcGljLmRqYW5nby4xMDgwLmMyIn0&_nc_ht=scontent-hkg4-1.cdninstagram.com&_nc_cat=108&_nc_oc=Q6cZ2QH_aikN0sebv9Uha8UrLHkS0Cf3GzGgHXeHTFWCAKB7ted951PtfUwsYIsj6XT2MTk&_nc_ohc=qnLxUfXudlMQ7kNvwGHSXPp&_nc_gid=cGVyuDEWOI7Ndh-IohZ0zA&edm=AJhczIQBAAAA&ccb=7-5&oh=00_Afq2zgBQvX-4xegnthYybUejEDI-Iw_dASwIZxe2QgvDiQ&oe=697DEEC9&_nc_sid=4a2096,1,0,12,0,0,[],,https://www.threads.net/@iamerikaaquino/post/DSjafLcEn3O,[],"{'likes': 12, 'reposts': 0, 'quotes': 0}",threads,3792991802971291086,Erika Aquino - Profit + Purpose,,"10 Career Things I Got to do This Year:
1. Did a TEDx Talk!
2. Invested in 6 new startups this year
3. Guested on 8 podcasts 
4. Completed 3 philanthropic projects
5. Hosted 1 international retreat 
6. Executive produced an exciting upcoming project in startups & media
7. Became president of my Rotary club
8. Began exploring funds for possible LP investments
9. Laid the groundwork for an awesome new venture studio
10. Did this with an intense travel schedule and balancing my relationships.

🩷",threads,63481120335,iamerikaaquino
[],2026-01-27T09:40:16.277106+07:00,"I am Daryl Lin, The 2025 TOYP Chairman of JCI Hong Kong, China!

I am a printer and Publisher.

I believe “Leadership is ACTION, not a POSITION”. 

I am celebrating 𝗜𝗻𝘁𝗲𝗿𝗻𝗮𝘁𝗶𝗼𝗻𝗮𝗹 𝗛𝘂𝗺𝗮𝗻 𝗗𝘂𝘁𝗶𝗲𝘀 𝗗𝗮𝘆 𝗼𝗻 𝗝𝘂𝗹𝘆 𝟭𝟬𝘁𝗵!
Explore more and 𝘀𝗶𝗴𝗻 𝘁𝗵𝗲 𝗽𝗲𝘁𝗶𝘁𝗶𝗼𝗻: 
#JCI #RiseUpWithJCI #JCI110Years #IHD #InternationalHumanDuties",2025-07-09T14:07:17+07:00,,3672740746374896311,threads,threads.com,threads_crawler_v1,https://www.threads.net/@lindaryl/post/DL4Mj_zx1q3,https://scontent-hkg4-1.cdninstagram.com/v/t51.2885-19/359237377_216055700938662_4377148719080399727_n.jpg?stp=dst-jpg_s150x150_tt6&efg=eyJ2ZW5jb2RlX3RhZyI6InByb2ZpbGVfcGljLmRqYW5nby4xNTAuYzIifQ&_nc_ht=scontent-hkg4-1.cdninstagram.com&_nc_cat=106&_nc_oc=Q6cZ2QH_aikN0sebv9Uha8UrLHkS0Cf3GzGgHXeHTFWCAKB7ted951PtfUwsYIsj6XT2MTk&_nc_ohc=9i5fSpG9Qx8Q7kNvwFOQS3p&_nc_gid=cGVyuDEWOI7Ndh-IohZ0zA&edm=AJhczIQBAAAA&ccb=7-5&oh=00_AfqGugYOdFNFgh402JrX3msFr0f6IxrfsAbCcfSHrP5MYA&oe=697E035C&_nc_sid=4a2096,0,0,4,0,0,['https://scontent-hkg4-1.cdninstagram.com/v/t39.30808-6/518232065_10162826768251690_8881582822949085783_n.jpg?stp=dst-jpg_e35_tt6&efg=eyJ2ZW5jb2RlX3RhZyI6InRocmVhZHMuRkVFRC5pbWFnZV91cmxnZW4uMTUwMHgxNTAwLnNkci5mMzA4MDguZGVmYXVsdF9pbWFnZS5jMiJ9&_nc_ht=scontent-hkg4-1.cdninstagram.com&_nc_cat=110&_nc_oc=Q6cZ2QH_aikN0sebv9Uha8UrLHkS0Cf3GzGgHXeHTFWCAKB7ted951PtfUwsYIsj6XT2MTk&_nc_ohc=wS-w5_LweToQ7kNvwFWQNIp&_nc_gid=cGVyuDEWOI7Ndh-IohZ0zA&edm=AJhczIQAAAAA&ccb=7-5&ig_cache_key=MzY3Mjc0MDc0NjM3NDg5NjMxMQ%3D%3D.3-ccb7-5&oh=00_AfpDU_SGpMhoZ5Xw01OpAmSik9sQPCm1VxGGN_RBBEOEDw&oe=697DDE4C&_nc_sid=4a2096'],,https://www.threads.net/@lindaryl/post/DL4Mj_zx1q3,[],"{'likes': 4, 'reposts': 0, 'quotes': 0}",threads,3672740746374896311,連冠鴻,,"I am Daryl Lin, The 2025 TOYP Chairman of JCI Hong Kong, China!

I am a printer and Publisher.

I believe “Leadership is ACTION, not a POSITION”. 

I am celebrating 𝗜𝗻𝘁𝗲𝗿𝗻𝗮𝘁𝗶𝗼𝗻𝗮𝗹 𝗛𝘂𝗺𝗮𝗻 𝗗𝘂𝘁𝗶𝗲𝘀 𝗗𝗮𝘆 𝗼𝗻 𝗝𝘂𝗹𝘆 𝟭𝟬𝘁𝗵!
Explore more and 𝘀𝗶𝗴𝗻 𝘁𝗵𝗲 𝗽𝗲𝘁𝗶𝘁𝗶𝗼𝗻: internationalhumanduties.com
#JCI #RiseUpWithJCI #JCI110Years #IHD #InternationalHumanDuties",threads,63052675787,lindaryl
[],2026-01-27T09:40:16.277159+07:00,"If you are serious about working in diplomacy, there is basic knowledge you must master.
Diplomacy is not a title. It is a discipline.
Before speaking, you must understand:
• How governments function
• The role of international organizations
• Diplomatic protocol and etiquette
• Negotiation and dialogue
• Conflict prevention and resolution
• Cultural intelligence and respect
• Policy language and decision making
• Multilateral cooperation",2026-01-08T05:57:21+07:00,,3805128101513585055,threads,threads.com,threads_crawler_v1,https://www.threads.net/@dr.andrisebass/post/DTOh9kPkuGf,https://scontent-hkg4-1.cdninstagram.com/v/t51.2885-19/339173253_149816724409932_1087385937124826423_n.jpg?stp=dst-jpg_s150x150_tt6&efg=eyJ2ZW5jb2RlX3RhZyI6InByb2ZpbGVfcGljLmRqYW5nby4xMDgwLmMyIn0&_nc_ht=scontent-hkg4-1.cdninstagram.com&_nc_cat=100&_nc_oc=Q6cZ2QH_aikN0sebv9Uha8UrLHkS0Cf3GzGgHXeHTFWCAKB7ted951PtfUwsYIsj6XT2MTk&_nc_ohc=8CZEYTHqxrAQ7kNvwGfBbKm&_nc_gid=cGVyuDEWOI7Ndh-IohZ0zA&edm=AJhczIQBAAAA&ccb=7-5&oh=00_AfqyULGjzlwLIKNQ_hYSWkbSKVhechtyNCweThwuA1LUgQ&oe=697E040B&_nc_sid=4a2096,0,0,4,1,0,"['https://scontent-hkg1-2.cdninstagram.com/v/t51.2885-15/610090101_880390807738010_5694324165212737086_n.jpg?stp=dst-jpg_e15_tt6&efg=eyJ2ZW5jb2RlX3RhZyI6InRocmVhZHMuRkVFRC5pbWFnZV91cmxnZW4uNjQweDM2MC5zZHIuZjcxODc4LmRlZmF1bHRfY292ZXJfZnJhbWUuYzIifQ&_nc_ht=scontent-hkg1-2.cdninstagram.com&_nc_cat=102&_nc_oc=Q6cZ2QH_aikN0sebv9Uha8UrLHkS0Cf3GzGgHXeHTFWCAKB7ted951PtfUwsYIsj6XT2MTk&_nc_ohc=DGSEE4Cv7n4Q7kNvwEiWS2f&_nc_gid=cGVyuDEWOI7Ndh-IohZ0zA&edm=AJhczIQBAAAA&ccb=7-5&ig_cache_key=MzgwNTEyODEwMTUxMzU4NTA1NQ%3D%3D.3-ccb7-5&oh=00_Afq-liOWzOfEd0sq90V5n2ZCGnM2EIZYobZXga5b8DQQPw&oe=697DF92C&_nc_sid=4a2096', 'https://scontent-hkg1-1.cdninstagram.com/o1/v/t2/f2/m86/AQPAhy4FCgald7ALxVqAxUte0kxXFXETaMzEL43FrlYmmGCRrvCOZwE1bxaRGWI3NzIwfnraC38CgWiJpqU_VU2j2PXikLurGOJAggs.mp4?_nc_cat=105&_nc_sid=5e9851&_nc_ht=scontent-hkg1-1.cdninstagram.com&_nc_ohc=EBUMstyRUXAQ7kNvwGTwL-c&efg=eyJ2ZW5jb2RlX3RhZyI6Inhwdl9wcm9ncmVzc2l2ZS5JTlNUQUdSQU0uRkVFRC5DMy4xMjgwLmRhc2hfYmFzZWxpbmVfMV92MSIsInhwdl9hc3NldF9pZCI6MjQxNTcwNjM0NTU0NTYxMiwiYXNzZXRfYWdlX2RheXMiOjE5LCJ2aV91c2VjYXNlX2lkIjoxMDA5OSwiZHVyYXRpb25fcyI6NTAsInVybGdlbl9zb3VyY2UiOiJ3d3cifQ%3D%3D&ccb=17-1&_nc_gid=cGVyuDEWOI7Ndh-IohZ0zA&_nc_zt=28&vs=7cb425bb04051018&_nc_vs=HBksFQIYUmlnX3hwdl9yZWVsc19wZXJtYW5lbnRfc3JfcHJvZC85MDQ0Njg3MkI5OTZBNzYwOTYwMjlGOTk1RjdFMjZCMF92aWRlb19kYXNoaW5pdC5tcDQVAALIARIAFQIYOnBhc3N0aHJvdWdoX2V2ZXJzdG9yZS9HSXBEWnlRa2hyLTdTdm9FQUt0WmQ0Y3NhUFE5YnN0VEFRQUYVAgLIARIAKAAYABsCiAd1c2Vfb2lsATEScHJvZ3Jlc3NpdmVfcmVjaXBlATEVAAAmmP7c6c7EyggVAigCQzMsF0BJN2yLQ5WBGBJkYXNoX2Jhc2VsaW5lXzFfdjERAHXqB2XmnQEA&oh=00_AfoIvyNV4bfP3kFi5wyCtMahyrE8FfLPKwVoF1QI_fc2UA&oe=6979F6D2']",,https://www.threads.net/@dr.andrisebass/post/DTOh9kPkuGf,[],"{'likes': 4, 'reposts': 1, 'quotes': 0}",threads,3805128101513585055,Andrise Bass,,"If you are serious about working in diplomacy, there is basic knowledge you must master.
Diplomacy is not a title. It is a discipline.
Before speaking, you must understand:
• How governments function
• The role of international organizations
• Diplomatic protocol and etiquette
• Negotiation and dialogue
• Conflict prevention and resolution
• Cultural intelligence and respect
• Policy language and decision making
• Multilateral cooperation",threads,62988775985,dr.andrisebass
[],2026-01-27T09:40:16.277212+07:00,"Nếu mà các bạn cỡ 17, 18 tuổi , hay kiểu vừa đổi background ngành ở đại học mà phân vân du học, có lẽ Mai nghĩ cân nhắc kỹ hơn về chuyện chọn ngành. Không phải vì nó “sai”, mà vì nó đắt : ko chỉ tiền bạc, mà là đắt cả ở sự đánh đổi. 

Có 2 ngành mà mình muốn viết riêng đọc mà suy nghĩ 2 lần.

1. International Relations (IR) - Quan hệ quốc tế.
Nghe tên thì oách, học cũng hay, nếu bạn thật sự thích lịch sử, chính trị, triết học, triết học chính trị, quan hệ quyền lực giữa các quốc gia,",2025-06-13T19:21:14+07:00,,3654054599612736857,threads,threads.com,threads_crawler_v1,https://www.threads.net/@maingtran/post/DK1z0xfzKVZ,https://scontent-hkg1-1.cdninstagram.com/v/t51.2885-19/358052450_1255389678348981_1249053793064397272_n.jpg?stp=dst-jpg_s150x150_tt6&efg=eyJ2ZW5jb2RlX3RhZyI6InByb2ZpbGVfcGljLmRqYW5nby4xMDgwLmMyIn0&_nc_ht=scontent-hkg1-1.cdninstagram.com&_nc_cat=109&_nc_oc=Q6cZ2QH_aikN0sebv9Uha8UrLHkS0Cf3GzGgHXeHTFWCAKB7ted951PtfUwsYIsj6XT2MTk&_nc_ohc=CiqU24U-iVQQ7kNvwE0yV1e&_nc_gid=cGVyuDEWOI7Ndh-IohZ0zA&edm=AJhczIQBAAAA&ccb=7-5&oh=00_Afpjiib9o-G-4sGaBInbftKXP7fux6hFRvsZWyC2y9QUhQ&oe=697DE255&_nc_sid=4a2096,49,0,590,50,0,[],,https://www.threads.net/@maingtran/post/DK1z0xfzKVZ,[],"{'likes': 590, 'reposts': 50, 'quotes': 0}",threads,3654054599612736857,Trần Ngọc Mai / education,,"Nếu mà các bạn cỡ 17, 18 tuổi , hay kiểu vừa đổi background ngành ở đại học mà phân vân du học, có lẽ Mai nghĩ cân nhắc kỹ hơn về chuyện chọn ngành. Không phải vì nó “sai”, mà vì nó đắt : ko chỉ tiền bạc, mà là đắt cả ở sự đánh đổi. 

Có 2 ngành mà mình muốn viết riêng đọc mà suy nghĩ 2 lần.

1. International Relations (IR) - Quan hệ quốc tế.
Nghe tên thì oách, học cũng hay, nếu bạn thật sự thích lịch sử, chính trị, triết học, triết học chính trị, quan hệ quyền lực giữa các quốc gia,",threads,63642672037,maingtran
[],2026-01-27T09:40:16.277257+07:00,"Need advice from abg kakak yg dh bekerja, stay with degree or change ?

My education path:
Spm pure science 7A, 
Foundation Tesl cgpa 3.32
Currently Degree International Relations (1st year) cgpa 3.4

Slama ni I only followed the flow, like I just take what comes to me and hustled through it. And now suddenly I'm rethinking my life choices.",2025-09-21T12:25:20+07:00,,3726322842397151384,threads,threads.com,threads_crawler_v1,https://www.threads.net/@_ftymh.you/post/DO2juHbgZCY,https://scontent-hkg4-2.cdninstagram.com/v/t51.2885-19/485570839_1617360258915539_8365449810058226103_n.jpg?stp=dst-jpg_s150x150_tt6&efg=eyJ2ZW5jb2RlX3RhZyI6InByb2ZpbGVfcGljLmRqYW5nby4xMDgwLmMyIn0&_nc_ht=scontent-hkg4-2.cdninstagram.com&_nc_cat=111&_nc_oc=Q6cZ2QH_aikN0sebv9Uha8UrLHkS0Cf3GzGgHXeHTFWCAKB7ted951PtfUwsYIsj6XT2MTk&_nc_ohc=aRj9hGWl1jcQ7kNvwHN4zPw&_nc_gid=cGVyuDEWOI7Ndh-IohZ0zA&edm=AJhczIQBAAAA&ccb=7-5&oh=00_AfrTekGu6g6F8B0A1Se1VQo8M4vJWOzsLH9q-aMn2mx0Qw&oe=697E0103&_nc_sid=4a2096,13,0,42,1,0,[],,https://www.threads.net/@_ftymh.you/post/DO2juHbgZCY,[],"{'likes': 42, 'reposts': 1, 'quotes': 0}",threads,3726322842397151384,ima,,"Need advice from abg kakak yg dh bekerja, stay with degree or change ?

My education path:
Spm pure science 7A, 
Foundation Tesl cgpa 3.32
Currently Degree International Relations (1st year) cgpa 3.4

Slama ni I only followed the flow, like I just take what comes to me and hustled through it. And now suddenly I'm rethinking my life choices.",threads,73295731989,_ftymh.you
[],2026-01-27T09:40:16.277295+07:00,"Chào các anh chị/bạn, em sinh năm 2007 và dự tính sẽ chọn AJC làm bến đỗ. Mới đầu thì thực sự em chưa có ấn tượng nhiều với trường lắm nhưng càng về sau càng mê vì ước một lần được trở thành nhà báo hay btv gì đó. Nhưng mà em đang phân vân giữa international relations và public relations ý ạ, em có dự tính sẽ đi du học thạc sĩ nên hơi phân vân, các anh chị/bạn giúp em với ạ 🥹",2024-06-19T22:18:50+07:00,,3393949500673273633,threads,threads.com,threads_crawler_v1,https://www.threads.net/@kinder_joykids/post/C8ZuxbFPq8h,https://scontent-hkg4-1.cdninstagram.com/v/t51.2885-19/615430406_17922920649239626_3974414555082340726_n.jpg?stp=dst-jpg_s150x150_tt6&efg=eyJ2ZW5jb2RlX3RhZyI6InByb2ZpbGVfcGljLmRqYW5nby43MjAuYzIifQ&_nc_ht=scontent-hkg4-1.cdninstagram.com&_nc_cat=110&_nc_oc=Q6cZ2QH_aikN0sebv9Uha8UrLHkS0Cf3GzGgHXeHTFWCAKB7ted951PtfUwsYIsj6XT2MTk&_nc_ohc=i3Kty9gkrxsQ7kNvwHehcfn&_nc_gid=cGVyuDEWOI7Ndh-IohZ0zA&edm=AJhczIQBAAAA&ccb=7-5&oh=00_AfqeLQfxL1zi1LHjCh7y8t21wEBH__hySQmUzZtzJpJBuQ&oe=697DE88B&_nc_sid=4a2096,8,0,10,0,0,[],,https://www.threads.net/@kinder_joykids/post/C8ZuxbFPq8h,[],"{'likes': 10, 'reposts': 0, 'quotes': 0}",threads,3393949500673273633,hai anh,,"Chào các anh chị/bạn, em sinh năm 2007 và dự tính sẽ chọn AJC làm bến đỗ. Mới đầu thì thực sự em chưa có ấn tượng nhiều với trường lắm nhưng càng về sau càng mê vì ước một lần được trở thành nhà báo hay btv gì đó. Nhưng mà em đang phân vân giữa international relations và public relations ý ạ, em có dự tính sẽ đi du học thạc sĩ nên hơi phân vân, các anh chị/bạn giúp em với ạ 🥹",threads,67049983625,kinder_joykids
[],2026-01-27T09:40:16.277335+07:00,Are there any people who studied International Relations and are working in that field?,2025-02-04T01:08:09+07:00,,3560008363724251721,threads,threads.com,threads_crawler_v1,https://www.threads.net/@mindmeshed/post/DFnsL69NCJJ,https://scontent-hkg4-2.cdninstagram.com/v/t51.2885-19/504496721_17881058841325703_450097451383260198_n.jpg?stp=dst-jpg_s150x150_tt6&efg=eyJ2ZW5jb2RlX3RhZyI6InByb2ZpbGVfcGljLmRqYW5nby4xMDgwLmMyIn0&_nc_ht=scontent-hkg4-2.cdninstagram.com&_nc_cat=111&_nc_oc=Q6cZ2QH_aikN0sebv9Uha8UrLHkS0Cf3GzGgHXeHTFWCAKB7ted951PtfUwsYIsj6XT2MTk&_nc_ohc=sb-Z-oHNCUQQ7kNvwHyuahz&_nc_gid=cGVyuDEWOI7Ndh-IohZ0zA&edm=AJhczIQBAAAA&ccb=7-5&oh=00_AfrIdCKH1cvpNlvwd51rjhkz33VrrmSQf2FNCeapthWVxg&oe=697DE4AC&_nc_sid=4a2096,32,0,11,1,0,[],,https://www.threads.net/@mindmeshed/post/DFnsL69NCJJ,[],"{'likes': 11, 'reposts': 0, 'quotes': 1}",threads,3560008363724251721,Lazolia B | Joy Researcher | Self-Possesion Philosopher,,Are there any people who studied International Relations and are working in that field?,threads,69684837702,mindmeshed
[],2026-01-27T09:40:16.277384+07:00,"People outside the USA: if we (the USA) ever get out from under this, is there any way we can fix this international relations disaster? With a reasonable leader, can we recover from this and get to a better place?",2026-01-21T06:05:11+07:00,,3814554150566460683,threads,threads.com,threads_crawler_v1,https://www.threads.net/@taylor.van.doren/post/DTwBMohAX0L,https://scontent-hkg4-2.cdninstagram.com/v/t51.2885-19/358015405_9494717977236239_5789016961714810482_n.jpg?stp=dst-jpg_s150x150_tt6&efg=eyJ2ZW5jb2RlX3RhZyI6InByb2ZpbGVfcGljLmRqYW5nby45NjYuYzIifQ&_nc_ht=scontent-hkg4-2.cdninstagram.com&_nc_cat=111&_nc_oc=Q6cZ2QH_aikN0sebv9Uha8UrLHkS0Cf3GzGgHXeHTFWCAKB7ted951PtfUwsYIsj6XT2MTk&_nc_ohc=AEmsZx-tZ_wQ7kNvwGHEN4S&_nc_gid=cGVyuDEWOI7Ndh-IohZ0zA&edm=AJhczIQBAAAA&ccb=7-5&oh=00_AfrSfPmOW5ylI7z1RJv4I9hfOcmYIy3oF1xtyi49FBFQ9A&oe=697DDCB6&_nc_sid=4a2096,1027,0,572,11,0,[],,https://www.threads.net/@taylor.van.doren/post/DTwBMohAX0L,[],"{'likes': 572, 'reposts': 6, 'quotes': 5}",threads,3814554150566460683,Taylor van Doren,,"People outside the USA: if we (the USA) ever get out from under this, is there any way we can fix this international relations disaster? With a reasonable leader, can we recover from this and get to a better place?",threads,63470722966,taylor.van.doren
[],2026-01-27T09:40:16.277421+07:00,"(Góc tự hào Việt Nam 🇻🇳)

Nay mình có tiết Introduction to International Relations (đáng lẽ thứ 6 nhưng vì cấn Good Friday nên dời sang sáng nay), tuần này lớp discuss về bất bình đẳng kinh tế - xã hội toàn cầu. Khi mình phát biểu về cách hiểu của bản thân về định nghĩa của “tình trạng đói nghèo” và “bất bình đẳng” thì 
(Tiếp dưới comment)",2025-04-15T07:00:43+07:00,,3610920114721578947,threads,threads.com,threads_crawler_v1,https://www.threads.net/@anonymous_viet_guy/post/DIckLZ-St_D,https://scontent-hkg4-1.cdninstagram.com/v/t51.2885-19/612957353_17930261838172176_7130715516867869618_n.jpg?stp=dst-jpg_s150x150_tt6&efg=eyJ2ZW5jb2RlX3RhZyI6InByb2ZpbGVfcGljLmRqYW5nby41NTMuYzIifQ&_nc_ht=scontent-hkg4-1.cdninstagram.com&_nc_cat=100&_nc_oc=Q6cZ2QH_aikN0sebv9Uha8UrLHkS0Cf3GzGgHXeHTFWCAKB7ted951PtfUwsYIsj6XT2MTk&_nc_ohc=t3db0iRTzDQQ7kNvwFyz2pG&_nc_gid=cGVyuDEWOI7Ndh-IohZ0zA&edm=AJhczIQBAAAA&ccb=7-5&oh=00_AfqOA_TI5k31d8jSfMLPccmBJhZ7Oq452W-UBD6LGf5Zig&oe=697DF22D&_nc_sid=4a2096,51,0,507,40,0,[],,https://www.threads.net/@anonymous_viet_guy/post/DIckLZ-St_D,[],"{'likes': 507, 'reposts': 40, 'quotes': 0}",threads,3610920114721578947,იოსებ სტალინი,,"(Góc tự hào Việt Nam 🇻🇳)

Nay mình có tiết Introduction to International Relations (đáng lẽ thứ 6 nhưng vì cấn Good Friday nên dời sang sáng nay), tuần này lớp discuss về bất bình đẳng kinh tế - xã hội toàn cầu. Khi mình phát biểu về cách hiểu của bản thân về định nghĩa của “tình trạng đói nghèo” và “bất bình đẳng” thì 
(Tiếp dưới comment)",threads,65128484175,anonymous_viet_guy
[],2026-01-27T09:40:16.277457+07:00,"30% tariffs on American pulses. Senate asks Trump to push India to take these back. New India. Unstoppable India.

.
.
.
.
( India, proud, Trump, modi, America, tariffs, policy, controversy, revenge, new India, farmers, protest, geopolitics, international relations, trade, trade deals, UAE, economy)
.
.
.
#tariffs #geopolitics #trade #india #trump",2026-01-21T19:45:35+07:00,,3814967054873428867,threads,threads.com,threads_crawler_v1,https://www.threads.net/@rubaroowithjahnvi/post/DTxfFLnjIOD,https://scontent-hkg4-1.cdninstagram.com/v/t51.2885-19/534223544_18291431992266168_6398856584040444629_n.jpg?stp=dst-jpg_s150x150_tt6&efg=eyJ2ZW5jb2RlX3RhZyI6InByb2ZpbGVfcGljLmRqYW5nby4xMDgwLmMyIn0&_nc_ht=scontent-hkg4-1.cdninstagram.com&_nc_cat=100&_nc_oc=Q6cZ2QH_aikN0sebv9Uha8UrLHkS0Cf3GzGgHXeHTFWCAKB7ted951PtfUwsYIsj6XT2MTk&_nc_ohc=qb0lxZHgfjUQ7kNvwGHNAjX&_nc_gid=cGVyuDEWOI7Ndh-IohZ0zA&edm=AJhczIQBAAAA&ccb=7-5&oh=00_Afon4BvNJwkUt9MATAPyYE3sdGY7NMPP4tkQE-7g1AF_wQ&oe=697DE209&_nc_sid=4a2096,162,0,2950,93,0,"['https://scontent-hkg1-2.cdninstagram.com/v/t51.2885-15/619770781_4190570371213900_2957875607560660950_n.jpg?stp=dst-jpg_e15_tt6&efg=eyJ2ZW5jb2RlX3RhZyI6InRocmVhZHMuRkVFRC5pbWFnZV91cmxnZW4uNjQweDExMzYuc2RyLmY3MTg3OC5kZWZhdWx0X2NvdmVyX2ZyYW1lLmMyIn0&_nc_ht=scontent-hkg1-2.cdninstagram.com&_nc_cat=104&_nc_oc=Q6cZ2QH_aikN0sebv9Uha8UrLHkS0Cf3GzGgHXeHTFWCAKB7ted951PtfUwsYIsj6XT2MTk&_nc_ohc=GM3SCfhtAUgQ7kNvwHHbgxN&_nc_gid=cGVyuDEWOI7Ndh-IohZ0zA&edm=AJhczIQBAAAA&ccb=7-5&ig_cache_key=MzgxNDk2NzA1NDg3MzQyODg2Nw%3D%3D.3-ccb7-5&oh=00_AfpsEpocUIwfWNqf5BRQTzsHGQGjP-r7ckzi0efw23Pzfw&oe=697DEF46&_nc_sid=4a2096', 'https://scontent-hkg4-2.cdninstagram.com/o1/v/t16/f2/m69/AQO4UONv2rFp3FdY8lw1ctMFMiY5BGdqCpOBjuNx6x2UBbSzHsT4x6sAywAHfp1nT-5Fdtu0j8STbU2eBkFxWKir.mp4?strext=1&_nc_cat=111&_nc_sid=5e9851&_nc_ht=scontent-hkg4-2.cdninstagram.com&_nc_ohc=nIlA4uRukdgQ7kNvwE1acV_&efg=eyJ2ZW5jb2RlX3RhZyI6Inhwdl9wcm9ncmVzc2l2ZS5JTlNUQUdSQU0uRkVFRC5DMy43MjAuZGFzaF9iYXNlbGluZV8xX3YxIiwieHB2X2Fzc2V0X2lkIjoxNzg2ODA4MDM1NTU0MTI2OSwiYXNzZXRfYWdlX2RheXMiOjUsInZpX3VzZWNhc2VfaWQiOjEwMDk5LCJkdXJhdGlvbl9zIjo1NSwidXJsZ2VuX3NvdXJjZSI6Ind3dyJ9&ccb=17-1&_nc_gid=cGVyuDEWOI7Ndh-IohZ0zA&_nc_zt=28&vs=3a91d5398950fe3d&_nc_vs=HBksFQIYOnBhc3N0aHJvdWdoX2V2ZXJzdG9yZS9HTE9MMlNSaUc5OG1POFlDQU1aMnZHNm5FU1FuYnNwVEFRQUYVAALIARIAFQIYUWlnX3hwdl9wbGFjZW1lbnRfcGVybWFuZW50X3YyLzM2NDU5MDJFNTNCMEMxN0ZGMEU2M0E2REIwQjM0QkE1X2F1ZGlvX2Rhc2hpbml0Lm1wNBUCAsgBEgAoABgAGwKIB3VzZV9vaWwBMRJwcm9ncmVzc2l2ZV9yZWNpcGUBMRUAACaqhMjmlLu9PxUCKAJDMywXQEuZmZmZmZoYEmRhc2hfYmFzZWxpbmVfMV92MREAdeoHZeadAQA&oh=00_AfpFHifdLrQOrRH0b_0qRgJ6-Wg079u5btVszoA4YPRxxw&oe=697DE945']",,https://www.threads.net/@rubaroowithjahnvi/post/DTxfFLnjIOD,[],"{'likes': 2950, 'reposts': 93, 'quotes': 0}",threads,3814967054873428867,Jahnvi🌟,,"30% tariffs on American pulses. Senate asks Trump to push India to take these back. New India. Unstoppable India.

.
.
.
.
( India, proud, Trump, modi, America, tariffs, policy, controversy, revenge, new India, farmers, protest, geopolitics, international relations, trade, trade deals, UAE, economy)
.
.
.
#tariffs #geopolitics #trade #india #trump",threads,76277461268,rubaroowithjahnvi
[],2026-01-27T09:40:16.277493+07:00,"Tổ chức của mình sẽ có 1 buổi thăm ĐSQ Vương Quốc Bahrain ở Tokyo vào thứ ba tuần tới. Ngôn ngữ sử dụng là tiếng Anh/Nhật. Nếu có hứng thú với Bahrain, international relations hay climate/environmental diplomacy thì các bạn có thể nhắn mình/comment bên dưới mình gửi chi tiết và link đăng ký nha",2025-11-19T10:58:05+07:00,,3769040697627182587,threads,threads.com,threads_crawler_v1,https://www.threads.net/@hihidorothie/post/DROUouWDwX7,https://scontent-hkg4-1.cdninstagram.com/v/t51.2885-19/434987040_434865768998828_1933640673511159691_n.jpg?stp=dst-jpg_s150x150_tt6&efg=eyJ2ZW5jb2RlX3RhZyI6InByb2ZpbGVfcGljLmRqYW5nby4xMDgwLmMyIn0&_nc_ht=scontent-hkg4-1.cdninstagram.com&_nc_cat=108&_nc_oc=Q6cZ2QH_aikN0sebv9Uha8UrLHkS0Cf3GzGgHXeHTFWCAKB7ted951PtfUwsYIsj6XT2MTk&_nc_ohc=XfIvckiWFcsQ7kNvwFWYueX&_nc_gid=cGVyuDEWOI7Ndh-IohZ0zA&edm=AJhczIQBAAAA&ccb=7-5&oh=00_AfoF_6BVWSZEDtSOiPQIYtzfmcrFo09ce9ySLJZ1F4dR6Q&oe=697DEDCD&_nc_sid=4a2096,6,0,24,0,0,[],,https://www.threads.net/@hihidorothie/post/DROUouWDwX7,[],"{'likes': 24, 'reposts': 0, 'quotes': 0}",threads,3769040697627182587,Hihi Dorothie,du hoc sinh nhat,"Tổ chức của mình sẽ có 1 buổi thăm ĐSQ Vương Quốc Bahrain ở Tokyo vào thứ ba tuần tới. Ngôn ngữ sử dụng là tiếng Anh/Nhật. Nếu có hứng thú với Bahrain, international relations hay climate/environmental diplomacy thì các bạn có thể nhắn mình/comment bên dưới mình gửi chi tiết và link đăng ký nha",threads,65649211731,hihidorothie
[],2026-01-27T09:40:16.277529+07:00,"A dramatic geopolitical move 🌍💰
Venezuela reportedly transfers massive assets just before global action unfolds.
Power, resources, and timing — everything matters in world politics.
What does this mean for global economics? 🤔
#BreakingNews
#WorldPolitics
#Geopolitics
#GlobalEconomy
#Russia
China
Venezuela
PreciousMetals
SilverNews
GoldReserves
PowerPolitics
InternationalRelations",2026-01-09T14:09:19+07:00,,3806100507006674824,threads,threads.com,threads_crawler_v1,https://www.threads.net/@the.financial.info/post/DTR_D7bkSeI,https://scontent-hkg1-1.cdninstagram.com/v/t51.2885-19/563045984_17862413670492141_5974254754237380257_n.jpg?stp=dst-jpg_s150x150_tt6&efg=eyJ2ZW5jb2RlX3RhZyI6InByb2ZpbGVfcGljLmRqYW5nby40OTMuYzIifQ&_nc_ht=scontent-hkg1-1.cdninstagram.com&_nc_cat=109&_nc_oc=Q6cZ2QH_aikN0sebv9Uha8UrLHkS0Cf3GzGgHXeHTFWCAKB7ted951PtfUwsYIsj6XT2MTk&_nc_ohc=R15vrm5jdFIQ7kNvwHyP7YD&_nc_gid=cGVyuDEWOI7Ndh-IohZ0zA&edm=AJhczIQBAAAA&ccb=7-5&oh=00_Afo8PWE9MN58As4d1SIE-ZK326bVEVsKnYOHJfUp2JN1lw&oe=697E0EFD&_nc_sid=4a2096,2,0,1030,21,0,['https://scontent-hkg1-1.cdninstagram.com/v/t51.2885-15/613146957_17872327335492141_2360810908429013875_n.jpg?stp=dst-jpg_e35_tt6&efg=eyJ2ZW5jb2RlX3RhZyI6InRocmVhZHMuRkVFRC5pbWFnZV91cmxnZW4uMTQ0MHgxODAwLnNkci5mODI3ODcuZGVmYXVsdF9pbWFnZS5jMiJ9&_nc_ht=scontent-hkg1-1.cdninstagram.com&_nc_cat=109&_nc_oc=Q6cZ2QH_aikN0sebv9Uha8UrLHkS0Cf3GzGgHXeHTFWCAKB7ted951PtfUwsYIsj6XT2MTk&_nc_ohc=gIeue6QUKZ8Q7kNvwHk0nmV&_nc_gid=cGVyuDEWOI7Ndh-IohZ0zA&edm=AJhczIQBAAAA&ccb=7-5&ig_cache_key=MzgwNjEwMDUwNzAwNjY3NDgyNA%3D%3D.3-ccb7-5&oh=00_AfrDzIhNLzI7e71uKDCO9cVH_asWH590SvGFqL4iSdic5g&oe=697DE172&_nc_sid=4a2096'],,https://www.threads.net/@the.financial.info/post/DTR_D7bkSeI,[],"{'likes': 1030, 'reposts': 19, 'quotes': 2}",threads,3806100507006674824,Santosh | Finance,,"A dramatic geopolitical move 🌍💰
Venezuela reportedly transfers massive assets just before global action unfolds.
Power, resources, and timing — everything matters in world politics.
What does this mean for global economics? 🤔
#BreakingNews
#WorldPolitics
#Geopolitics
#GlobalEconomy
#Russia
China
Venezuela
PreciousMetals
SilverNews
GoldReserves
PowerPolitics
InternationalRelations",threads,74825823128,the.financial.info
[],2026-01-27T09:40:16.277569+07:00,"Đi Nhật học Thạc sĩ miễn phí. Tui đặc biệt thấy nữ được ưu tiên nhé
📚Ngành học 
- International Relations Program (IRP)
- International Development Program (IDP)
- Public Management and Policy Analysis Program (PMPP)
- Japan Global Development Program (JGDP) (MA)
- International Public Policy Program (IPPP) (I-year program)
- MBA Program (MBA)
- Japan Global Development Program (JGDP) 
- MBA Program (IMBA) (I-year program)
- Digital Transformation Program (DXP) (1-year program
👇",2025-12-25T18:54:50+07:00,,3795372577724854717,threads,threads.com,threads_crawler_v1,https://www.threads.net/@hannahed.co/post/DSr30AtjHG9,https://scontent-hkg4-1.cdninstagram.com/v/t51.2885-19/445380763_828413555870782_6336486314672949219_n.jpg?stp=dst-jpg_s150x150_tt6&efg=eyJ2ZW5jb2RlX3RhZyI6InByb2ZpbGVfcGljLmRqYW5nby44NTIuYzIifQ&_nc_ht=scontent-hkg4-1.cdninstagram.com&_nc_cat=110&_nc_oc=Q6cZ2QH_aikN0sebv9Uha8UrLHkS0Cf3GzGgHXeHTFWCAKB7ted951PtfUwsYIsj6XT2MTk&_nc_ohc=Mw9H4jNuX8sQ7kNvwFLwEXQ&_nc_gid=cGVyuDEWOI7Ndh-IohZ0zA&edm=AJhczIQBAAAA&ccb=7-5&oh=00_AfrlWOW8Ut_T0BZqoJR97cjIpB59y2ZvXjghdAkwVOApCw&oe=697DEB94&_nc_sid=4a2096,3,0,16,1,0,[],,https://www.threads.net/@hannahed.co/post/DSr30AtjHG9,[],"{'likes': 16, 'reposts': 1, 'quotes': 0}",threads,3795372577724854717,HannahEd Scholarship,,"Đi Nhật học Thạc sĩ miễn phí. Tui đặc biệt thấy nữ được ưu tiên nhé
📚Ngành học 
- International Relations Program (IRP)
- International Development Program (IDP)
- Public Management and Policy Analysis Program (PMPP)
- Japan Global Development Program (JGDP) (MA)
- International Public Policy Program (IPPP) (I-year program)
- MBA Program (MBA)
- Japan Global Development Program (JGDP) 
- MBA Program (IMBA) (I-year program)
- Digital Transformation Program (DXP) (1-year program
👇",threads,66463602953,hannahed.co
[],2026-01-27T09:40:16.277610+07:00,"Global power dynamics are shifting fast.🌍⚡When major nations push back, the world watches closely.

#BreakingNews #WorldPolitics #GlobalAffairs #Geopolitics #International Relations

PowerPolitics GlobalNews PoliticalUpdate WorldOrder Diplomacy NewsUpdate",2026-01-07T13:17:35+07:00,,3804624916037369012,threads,threads.com,threads_crawler_v1,https://www.threads.net/@marketadvisor_/post/DTMvjQQAfy0,https://scontent-hkg4-1.cdninstagram.com/v/t51.2885-19/591164134_17842975182626758_665155129771663737_n.jpg?stp=dst-jpg_s150x150_tt6&efg=eyJ2ZW5jb2RlX3RhZyI6InByb2ZpbGVfcGljLmRqYW5nby4xMDgwLmMyIn0&_nc_ht=scontent-hkg4-1.cdninstagram.com&_nc_cat=110&_nc_oc=Q6cZ2QH_aikN0sebv9Uha8UrLHkS0Cf3GzGgHXeHTFWCAKB7ted951PtfUwsYIsj6XT2MTk&_nc_ohc=1E9psXg4x7EQ7kNvwEvFEBI&_nc_gid=cGVyuDEWOI7Ndh-IohZ0zA&edm=AJhczIQBAAAA&ccb=7-5&oh=00_AfoKJvw9qziN0ZziViA8J1UFz3UUvmdEh76m6XmKTDGvyA&oe=697DF3DA&_nc_sid=4a2096,48,0,847,31,0,['https://scontent-hkg1-1.cdninstagram.com/v/t51.2885-15/609215488_17920155414232741_8000845777772315049_n.webp?efg=eyJ2ZW5jb2RlX3RhZyI6InRocmVhZHMuRkVFRC5pbWFnZV91cmxnZW4uMTIyOXgxNDQwLnNkci5mODI3ODcuZGVmYXVsdF9pbWFnZS5jMiJ9&_nc_ht=scontent-hkg1-1.cdninstagram.com&_nc_cat=101&_nc_oc=Q6cZ2QH_aikN0sebv9Uha8UrLHkS0Cf3GzGgHXeHTFWCAKB7ted951PtfUwsYIsj6XT2MTk&_nc_ohc=l19GZShIEbgQ7kNvwEOT9fQ&_nc_gid=cGVyuDEWOI7Ndh-IohZ0zA&edm=AJhczIQBAAAA&ccb=7-5&ig_cache_key=MzgwNDYyNDkxNjAzNzM2OTAxMg%3D%3D.3-ccb7-5&oh=00_AfpZPXGqDCGHwG89hj213gAmG4c0_v_r-MduT-9aeBB4fg&oe=697DF22E&_nc_sid=4a2096'],,https://www.threads.net/@marketadvisor_/post/DTMvjQQAfy0,[],"{'likes': 847, 'reposts': 28, 'quotes': 3}",threads,3804624916037369012,Share | Mutual fund | Finance,,"Global power dynamics are shifting fast.🌍⚡When major nations push back, the world watches closely.

#BreakingNews #WorldPolitics #GlobalAffairs #Geopolitics #International Relations

PowerPolitics GlobalNews PoliticalUpdate WorldOrder Diplomacy NewsUpdate",threads,78728858757,marketadvisor_
[],2026-01-27T09:40:16.277646+07:00,🚨 Big Breaking! Russia deploys submarines and naval forces to escort an oil tanker after the US reportedly attempted to seize it near Venezuela. 🌊⚓ #BigBreaking #Russia #USRussiaTensions #GlobalNews #WorldPolitics NavalPower Submarine OilTanker Geopolitics BreakingNews InternationalRelations Venezuela MilitaryNews DefenseUpdates,2026-01-09T22:08:41+07:00,,3806341781374704632,threads,threads.com,threads_crawler_v1,https://www.threads.net/@the.financial.info/post/DTS167skRv4,https://scontent-hkg1-1.cdninstagram.com/v/t51.2885-19/563045984_17862413670492141_5974254754237380257_n.jpg?stp=dst-jpg_s150x150_tt6&efg=eyJ2ZW5jb2RlX3RhZyI6InByb2ZpbGVfcGljLmRqYW5nby40OTMuYzIifQ&_nc_ht=scontent-hkg1-1.cdninstagram.com&_nc_cat=109&_nc_oc=Q6cZ2QH_aikN0sebv9Uha8UrLHkS0Cf3GzGgHXeHTFWCAKB7ted951PtfUwsYIsj6XT2MTk&_nc_ohc=R15vrm5jdFIQ7kNvwHyP7YD&_nc_gid=cGVyuDEWOI7Ndh-IohZ0zA&edm=AJhczIQBAAAA&ccb=7-5&oh=00_Afo8PWE9MN58As4d1SIE-ZK326bVEVsKnYOHJfUp2JN1lw&oe=697E0EFD&_nc_sid=4a2096,11,0,771,11,0,['https://scontent-hkg1-1.cdninstagram.com/v/t51.2885-15/612614132_17872369242492141_8844580199668276237_n.jpg?stp=dst-jpg_e35_tt6&efg=eyJ2ZW5jb2RlX3RhZyI6InRocmVhZHMuRkVFRC5pbWFnZV91cmxnZW4uMTQ0MHgxODAwLnNkci5mODI3ODcuZGVmYXVsdF9pbWFnZS5jMiJ9&_nc_ht=scontent-hkg1-1.cdninstagram.com&_nc_cat=109&_nc_oc=Q6cZ2QH_aikN0sebv9Uha8UrLHkS0Cf3GzGgHXeHTFWCAKB7ted951PtfUwsYIsj6XT2MTk&_nc_ohc=pS0oddsA7dgQ7kNvwEMNnt7&_nc_gid=cGVyuDEWOI7Ndh-IohZ0zA&edm=AJhczIQBAAAA&ccb=7-5&ig_cache_key=MzgwNjM0MTc4MTM3NDcwNDYzMg%3D%3D.3-ccb7-5&oh=00_Afq3YgQlwyaDVf_qJJQXXeZ8IbAVOOcRuSMDPuFV5Gy9Og&oe=697E0F7C&_nc_sid=4a2096'],,https://www.threads.net/@the.financial.info/post/DTS167skRv4,[],"{'likes': 771, 'reposts': 10, 'quotes': 1}",threads,3806341781374704632,Santosh | Finance,,🚨 Big Breaking! Russia deploys submarines and naval forces to escort an oil tanker after the US reportedly attempted to seize it near Venezuela. 🌊⚓ #BigBreaking #Russia #USRussiaTensions #GlobalNews #WorldPolitics NavalPower Submarine OilTanker Geopolitics BreakingNews InternationalRelations Venezuela MilitaryNews DefenseUpdates,threads,74825823128,the.financial.info
[],2026-01-27T09:40:16.277681+07:00,Bachelor of International Relations🎓,2025-08-10T04:00:42+07:00,,3695628271702377725,threads,threads.com,threads_crawler_v1,https://www.threads.net/@pvskk.m/post/DNJglU0tgT9,https://scontent-hkg1-2.cdninstagram.com/v/t51.2885-19/587771264_17940249000097075_7823661240085831680_n.jpg?stp=dst-jpg_s150x150_tt6&efg=eyJ2ZW5jb2RlX3RhZyI6InByb2ZpbGVfcGljLmRqYW5nby4xMDgwLmMyIn0&_nc_ht=scontent-hkg1-2.cdninstagram.com&_nc_cat=107&_nc_oc=Q6cZ2QH_aikN0sebv9Uha8UrLHkS0Cf3GzGgHXeHTFWCAKB7ted951PtfUwsYIsj6XT2MTk&_nc_ohc=Dif71nmEBHoQ7kNvwH5VOam&_nc_gid=cGVyuDEWOI7Ndh-IohZ0zA&edm=AJhczIQBAAAA&ccb=7-5&oh=00_AfqRHPb9s4nYvubTWWo96Dh6gl7xOIGT_sPXyisvWlvI_A&oe=697DF276&_nc_sid=4a2096,7,0,24,0,0,['https://scontent-hkg1-2.cdninstagram.com/v/t51.2885-15/528832594_17927753553097075_8761115201710233020_n.jpg?stp=dst-jpg_e35_tt6&efg=eyJ2ZW5jb2RlX3RhZyI6InRocmVhZHMuQ0FST1VTRUxfSVRFTS5pbWFnZV91cmxnZW4uMTQ0MHgxOTIwLnNkci5mODI3ODcuZGVmYXVsdF9pbWFnZS5jMiJ9&_nc_ht=scontent-hkg1-2.cdninstagram.com&_nc_cat=107&_nc_oc=Q6cZ2QH_aikN0sebv9Uha8UrLHkS0Cf3GzGgHXeHTFWCAKB7ted951PtfUwsYIsj6XT2MTk&_nc_ohc=nKQBndAWu14Q7kNvwFaTK4n&_nc_gid=cGVyuDEWOI7Ndh-IohZ0zA&edm=AJhczIQBAAAA&ccb=7-5&ig_cache_key=MzY5NTYyODI2NjM1MDUzNDA4NQ%3D%3D.3-ccb7-5&oh=00_AfofUAejwMK1CeOlEn4YVzGHdjC9G086lK2UOJ1pF--aDg&oe=697E0643&_nc_sid=4a2096'],,https://www.threads.net/@pvskk.m/post/DNJglU0tgT9,[],"{'likes': 24, 'reposts': 0, 'quotes': 0}",threads,3695628271702377725,𝐌𝐀𝐑𝐈𝐀 𝐏𝐘𝐕𝐎𝐕𝐀𝐑𝐎𝐕𝐀,,Bachelor of International Relations🎓,threads,63089705074,pvskk.m
[],2026-01-27T09:40:16.277722+07:00,"I regret studying international relations and politics. 

I wish I didn’t understand what was going on",2026-01-09T16:17:17+07:00,,3806164913782293930,threads,threads.com,threads_crawler_v1,https://www.threads.net/@rosiejsargent/post/DTSNtK6jIWq,https://scontent-hkg4-1.cdninstagram.com/v/t51.2885-19/616548814_17938636473112258_8814775180693048733_n.jpg?stp=dst-jpg_s150x150_tt6&efg=eyJ2ZW5jb2RlX3RhZyI6InByb2ZpbGVfcGljLmRqYW5nby41OTAuYzIifQ&_nc_ht=scontent-hkg4-1.cdninstagram.com&_nc_cat=110&_nc_oc=Q6cZ2QH_aikN0sebv9Uha8UrLHkS0Cf3GzGgHXeHTFWCAKB7ted951PtfUwsYIsj6XT2MTk&_nc_ohc=Czh3zesvlLMQ7kNvwGCIVU3&_nc_gid=cGVyuDEWOI7Ndh-IohZ0zA&edm=AJhczIQBAAAA&ccb=7-5&oh=00_AfpQB5aGHrC-SD2M9OsOdXmCOGVIcSFMKYwInFC99vEm2w&oe=697DDFF2&_nc_sid=4a2096,12,0,40,0,0,[],,https://www.threads.net/@rosiejsargent/post/DTSNtK6jIWq,[],"{'likes': 40, 'reposts': 0, 'quotes': 0}",threads,3806164913782293930,Rosie J Sargent,,"I regret studying international relations and politics. 

I wish I didn’t understand what was going on",threads,63382752257,rosiejsargent
[],2026-01-27T09:40:16.277756+07:00,"JUST IN: Asked if China will join the so-called Board of Peace on Wednesday, China’s foreign ministry offered a measured response, stressing: ""China consistently practices true multilateralism. No matter how the international situation evolves, we firmly uphold the UN-centered international system, the international order based on international law, and the basic norms of international relations rooted in the purposes and principles of the UN Charter.""",2026-01-21T16:20:08+07:00,,3814863656757600921,threads,threads.com,threads_crawler_v1,https://www.threads.net/@real_liangshengwen/post/DTxHkinlaKZ,https://scontent-hkg1-1.cdninstagram.com/v/t51.2885-19/591169607_18414475123189741_5013102611493962003_n.jpg?stp=dst-jpg_s150x150_tt6&efg=eyJ2ZW5jb2RlX3RhZyI6InByb2ZpbGVfcGljLmRqYW5nby4xMDgwLmMyIn0&_nc_ht=scontent-hkg1-1.cdninstagram.com&_nc_cat=1&_nc_oc=Q6cZ2QH_aikN0sebv9Uha8UrLHkS0Cf3GzGgHXeHTFWCAKB7ted951PtfUwsYIsj6XT2MTk&_nc_ohc=RsRjZl9FVBEQ7kNvwEFMkJr&_nc_gid=cGVyuDEWOI7Ndh-IohZ0zA&edm=AJhczIQBAAAA&ccb=7-5&oh=00_AfoF2kHqmtgQIyPxIYbyLGjwm6eN1KT3TK8HJIB-VfBkWQ&oe=697DE914&_nc_sid=4a2096,175,0,1341,58,0,['https://scontent-hkg1-1.cdninstagram.com/v/t51.2885-15/618867013_17932024440177401_5192896966850124437_n.jpg?stp=dst-jpg_e35_tt6&efg=eyJ2ZW5jb2RlX3RhZyI6InRocmVhZHMuRkVFRC5pbWFnZV91cmxnZW4uNjAweDQwMC5zZHIuZjgyNzg3LmRlZmF1bHRfaW1hZ2UuYzIifQ&_nc_ht=scontent-hkg1-1.cdninstagram.com&_nc_cat=105&_nc_oc=Q6cZ2QH_aikN0sebv9Uha8UrLHkS0Cf3GzGgHXeHTFWCAKB7ted951PtfUwsYIsj6XT2MTk&_nc_ohc=9GHMToYc74EQ7kNvwFWsffC&_nc_gid=cGVyuDEWOI7Ndh-IohZ0zA&edm=AJhczIQBAAAA&ccb=7-5&ig_cache_key=MzgxNDg2MzY1Njc1NzYwMDkyMQ%3D%3D.3-ccb7-5&oh=00_AfrqCELqXlp_7AhJN5G8w-dX9-rH4HyzUQOWAEgLc9Mk4A&oe=697E06FB&_nc_sid=4a2096'],,https://www.threads.net/@real_liangshengwen/post/DTxHkinlaKZ,[],"{'likes': 1341, 'reposts': 56, 'quotes': 2}",threads,3814863656757600921,LIANG SHENGWEN,board of peace,"JUST IN: Asked if China will join the so-called Board of Peace on Wednesday, China’s foreign ministry offered a measured response, stressing: ""China consistently practices true multilateralism. No matter how the international situation evolves, we firmly uphold the UN-centered international system, the international order based on international law, and the basic norms of international relations rooted in the purposes and principles of the UN Charter.""",threads,65308049400,real_liangshengwen
[],2026-01-27T09:40:16.277802+07:00,My international relations degree is rolling over in its grave,2026-01-04T03:44:13+07:00,,3802162004128604726,threads,threads.com,threads_crawler_v1,https://www.threads.net/@financialcoachingwithwave/post/DTD_jKykqI2,https://scontent-hkg1-2.cdninstagram.com/v/t51.2885-19/429123422_775466374633046_7478736781468269142_n.jpg?stp=dst-jpg_s150x150_tt6&efg=eyJ2ZW5jb2RlX3RhZyI6InByb2ZpbGVfcGljLmRqYW5nby42MzEuYzIifQ&_nc_ht=scontent-hkg1-2.cdninstagram.com&_nc_cat=102&_nc_oc=Q6cZ2QH_aikN0sebv9Uha8UrLHkS0Cf3GzGgHXeHTFWCAKB7ted951PtfUwsYIsj6XT2MTk&_nc_ohc=LV1z5rvZrAMQ7kNvwG7PnmQ&_nc_gid=cGVyuDEWOI7Ndh-IohZ0zA&edm=AJhczIQBAAAA&ccb=7-5&oh=00_AfoOdgeoR55vABUD8ZMaidLPv5cCPAz4uqykofkFaK2yXw&oe=697E0BD2&_nc_sid=4a2096,1,0,3,0,0,[],,https://www.threads.net/@financialcoachingwithwave/post/DTD_jKykqI2,[],"{'likes': 3, 'reposts': 0, 'quotes': 0}",threads,3802162004128604726,I’m Wave | 🦄 Financial Coach for the Feral and Freaky,,My international relations degree is rolling over in its grave,threads,63156942668,financialcoachingwithwave
[],2026-01-27T09:40:27.702190+07:00,"Announcing Fully Funded - One World Summit Malta 2026 🇲🇹🇪🇺✨

🌍 Fully Funded Opportunities — 🤝 Collaborate with European institutions & global leaders — ✈️ Travel & stay in Europe — 🎤 Become an International Speaker

Apply now:  (link in bio) Event Date: 21–24 June 2026

Your journey from vision to global impact starts here.
#EduTourismForUnity #OneWorldSummit #Malta #Leadership #Europe",2026-01-26T14:54:31+07:00,,3818444444349775943,threads,threads.com,threads_crawler_v1,https://www.threads.net/@edutourismforunity/post/DT91v28CEBH,https://scontent-hkg4-1.cdninstagram.com/v/t51.2885-19/339162856_243667834747232_3975050891443736911_n.jpg?stp=dst-jpg_s150x150_tt6&efg=eyJ2ZW5jb2RlX3RhZyI6InByb2ZpbGVfcGljLmRqYW5nby4xMDc4LmMyIn0&_nc_ht=scontent-hkg4-1.cdninstagram.com&_nc_cat=108&_nc_oc=Q6cZ2QFfaG1us0QLROInK_d7EE2qFQjnOk3TrDsB8J032YtziUnTwbOXPIIrlnHynCNyQXk&_nc_ohc=U6Gh_LswLv4Q7kNvwEfY88v&_nc_gid=eawqCMfIyoHuBRut3UXKPg&edm=AJhczIQBAAAA&ccb=7-5&oh=00_AfpxyGVmOIQU5H78hvBQ_ChH0NZ7LSwWioNS4tbxIvCMlA&oe=697E04DD&_nc_sid=4a2096,0,0,2,0,0,['https://scontent-hkg4-1.cdninstagram.com/v/t51.2885-15/622045245_17984008265947512_3439328863375959581_n.jpg?stp=dst-jpg_e35_tt6&efg=eyJ2ZW5jb2RlX3RhZyI6InRocmVhZHMuRkVFRC5pbWFnZV91cmxnZW4uMTQ0MHgxODAwLnNkci5mODI3ODcuZGVmYXVsdF9pbWFnZS5jMiJ9&_nc_ht=scontent-hkg4-1.cdninstagram.com&_nc_cat=100&_nc_oc=Q6cZ2QFfaG1us0QLROInK_d7EE2qFQjnOk3TrDsB8J032YtziUnTwbOXPIIrlnHynCNyQXk&_nc_ohc=I9xMZUCkIiUQ7kNvwF3lVv0&_nc_gid=eawqCMfIyoHuBRut3UXKPg&edm=AJhczIQBAAAA&ccb=7-5&ig_cache_key=MzgxODQ0NDQ0NDM0OTc3NTk0Mw%3D%3D.3-ccb7-5&oh=00_AfqldWidVZZRglWg7nhOw8xezJuyc84wJ-2NB_T1fiU6og&oe=697DDF7D&_nc_sid=4a2096'],,https://www.threads.net/@edutourismforunity/post/DT91v28CEBH,[],"{'likes': 2, 'reposts': 0, 'quotes': 0}",threads,3818444444349775943,EduTourism for Unity,,"Announcing Fully Funded - One World Summit Malta 2026 🇲🇹🇪🇺✨

🌍 Fully Funded Opportunities — 🤝 Collaborate with European institutions & global leaders — ✈️ Travel & stay in Europe — 🎤 Become an International Speaker

Apply now: https://edutourismforunity.org/events/ (link in bio) Event Date: 21–24 June 2026

Your journey from vision to global impact starts here.
#EduTourismForUnity #OneWorldSummit #Malta #Leadership #Europe",threads,63148399035,edutourismforunity
[],2026-01-27T09:40:27.702352+07:00,What are the best universities for an international relations master’s program for foreign students ?,2025-09-22T03:14:31+07:00,,3726770382494810421,threads,threads.com,threads_crawler_v1,https://www.threads.net/@aminaambk/post/DO4JeroDME1,https://scontent-hkg4-1.cdninstagram.com/v/t51.2885-19/509626252_17866954026404190_8597976515070285714_n.jpg?stp=dst-jpg_s150x150_tt6&efg=eyJ2ZW5jb2RlX3RhZyI6InByb2ZpbGVfcGljLmRqYW5nby4xMDgwLmMyIn0&_nc_ht=scontent-hkg4-1.cdninstagram.com&_nc_cat=106&_nc_oc=Q6cZ2QFfaG1us0QLROInK_d7EE2qFQjnOk3TrDsB8J032YtziUnTwbOXPIIrlnHynCNyQXk&_nc_ohc=FLYdsjPHdA8Q7kNvwHxYItk&_nc_gid=eawqCMfIyoHuBRut3UXKPg&edm=AJhczIQBAAAA&ccb=7-5&oh=00_AfqAZI_NNTq3FiJyUoQVbNTmqwrtVFz_kGO-mv2Tw-O9uw&oe=697DDE24&_nc_sid=4a2096,1,0,1,0,0,[],,https://www.threads.net/@aminaambk/post/DO4JeroDME1,[],"{'likes': 1, 'reposts': 0, 'quotes': 0}",threads,3726770382494810421,Amina Ψ.,,What are the best universities for an international relations master’s program for foreign students ?,threads,72047228189,aminaambk
[],2026-01-27T09:40:27.702394+07:00,I've followed international relations most of my life. This is so sad to read.,2025-11-28T01:05:43+07:00,,3775265534054057091,threads,threads.com,threads_crawler_v1,https://www.threads.net/@vivavic/post/DRkcABCEUSD,https://scontent-hkg4-2.cdninstagram.com/v/t51.2885-19/358009315_1481445709276187_6213202143186190864_n.jpg?stp=dst-jpg_s150x150_tt6&efg=eyJ2ZW5jb2RlX3RhZyI6InByb2ZpbGVfcGljLmRqYW5nby41NzYuYzIifQ&_nc_ht=scontent-hkg4-2.cdninstagram.com&_nc_cat=111&_nc_oc=Q6cZ2QFfaG1us0QLROInK_d7EE2qFQjnOk3TrDsB8J032YtziUnTwbOXPIIrlnHynCNyQXk&_nc_ohc=7tMkstkC03MQ7kNvwE6kjsi&_nc_gid=eawqCMfIyoHuBRut3UXKPg&edm=AJhczIQBAAAA&ccb=7-5&oh=00_AfqKhLw9I6iuSewXy8SJbhXWbyQ_J4T2DrvmdELnMEwKMg&oe=697DFB87&_nc_sid=4a2096,390,0,8068,1393,0,['https://scontent-hkg4-1.cdninstagram.com/v/t51.2885-15/587778910_17934126123103248_2321044705487348852_n.jpg?stp=cp6_dst-jpg_e35_tt6&efg=eyJ2ZW5jb2RlX3RhZyI6InRocmVhZHMuRkVFRC5pbWFnZV91cmxnZW4uMTIwNHgxMjYwLnNkci5mODI3ODcuZGVmYXVsdF9pbWFnZS5jMiJ9&_nc_ht=scontent-hkg4-1.cdninstagram.com&_nc_cat=100&_nc_oc=Q6cZ2QFfaG1us0QLROInK_d7EE2qFQjnOk3TrDsB8J032YtziUnTwbOXPIIrlnHynCNyQXk&_nc_ohc=U9nNYq4x1hAQ7kNvwGwxnQD&_nc_gid=eawqCMfIyoHuBRut3UXKPg&edm=AJhczIQBAAAA&ccb=7-5&ig_cache_key=Mzc3NTI2NTUzNDA1NDA1NzA5MQ%3D%3D.3-ccb7-5&oh=00_Afq8YtXNgH9vlNaZ6jlS-X7SLdN9emEKDoYvzZLzBT2phg&oe=697DE1FF&_nc_sid=4a2096'],,https://www.threads.net/@vivavic/post/DRkcABCEUSD,[],"{'likes': 8068, 'reposts': 1296, 'quotes': 97}",threads,3775265534054057091,Vicki Vars Boyer,,I've followed international relations most of my life. This is so sad to read.,threads,63098103247,vivavic
[],2026-01-27T09:40:27.702431+07:00,"As a representative of Canadian Government, Premier Doug Ford’s comment to Global news about China’s EV’a being a “Spy Car”  following Prime Minister Mark Carney’s negotiation with China was distasteful. Our PM and his team have been working tirelessly to build international relations and make life better for Canadians given the unpredictability of the US. This Premiere needs to truly look at what he has done for Ontarians, and then take a good look in the mirror before criticizing our PM",2026-01-17T05:22:09+07:00,,3811633385681616469,threads,threads.com,threads_crawler_v1,https://www.threads.net/@bfclark777/post/DTlpF6Pkn5V,https://scontent-hkg1-2.cdninstagram.com/v/t51.2885-19/357897140_228119790047546_2798288714573298110_n.jpg?stp=dst-jpg_s150x150_tt6&efg=eyJ2ZW5jb2RlX3RhZyI6InByb2ZpbGVfcGljLmRqYW5nby4xMDgwLmMyIn0&_nc_ht=scontent-hkg1-2.cdninstagram.com&_nc_cat=102&_nc_oc=Q6cZ2QFfaG1us0QLROInK_d7EE2qFQjnOk3TrDsB8J032YtziUnTwbOXPIIrlnHynCNyQXk&_nc_ohc=BX9zWnq9y24Q7kNvwHD4B6L&_nc_gid=eawqCMfIyoHuBRut3UXKPg&edm=AJhczIQBAAAA&ccb=7-5&oh=00_AfqqNgnhmtdCYq44rMwDCbQcEQnUiFrgLPQloUzBw_Kybw&oe=697DECCF&_nc_sid=4a2096,167,0,1434,132,0,[],,https://www.threads.net/@bfclark777/post/DTlpF6Pkn5V,[],"{'likes': 1434, 'reposts': 126, 'quotes': 6}",threads,3811633385681616469,B F Clark,,"As a representative of Canadian Government, Premier Doug Ford’s comment to Global news about China’s EV’a being a “Spy Car”  following Prime Minister Mark Carney’s negotiation with China was distasteful. Our PM and his team have been working tirelessly to build international relations and make life better for Canadians given the unpredictability of the US. This Premiere needs to truly look at what he has done for Ontarians, and then take a good look in the mirror before criticizing our PM",threads,63617416907,bfclark777
[],2026-01-27T09:40:27.702473+07:00,"International Relations Minister Ronald Lamola has confirmed that South Africa will no longer permit charter flights carrying Palestinians into the country.

“We do not want any further flights to come our way,” he said.",2025-11-18T16:27:02+07:00,,3768481490829865381,threads,threads.com,threads_crawler_v1,https://www.threads.net/@thenovatimes/post/DRMVfMbjHGl,https://scontent-hkg1-2.cdninstagram.com/v/t51.2885-19/523366403_17860009440450247_4931104715797412606_n.jpg?stp=dst-jpg_s150x150_tt6&efg=eyJ2ZW5jb2RlX3RhZyI6InByb2ZpbGVfcGljLmRqYW5nby4xMDIyLmMyIn0&_nc_ht=scontent-hkg1-2.cdninstagram.com&_nc_cat=107&_nc_oc=Q6cZ2QFfaG1us0QLROInK_d7EE2qFQjnOk3TrDsB8J032YtziUnTwbOXPIIrlnHynCNyQXk&_nc_ohc=Dri9j0uR9NgQ7kNvwF3ii7o&_nc_gid=eawqCMfIyoHuBRut3UXKPg&edm=AJhczIQBAAAA&ccb=7-5&oh=00_Afr9TL7iUC-_O0EdDiMcOqCf6wjsUIziig8e2_QysEe8kA&oe=697E01C6&_nc_sid=4a2096,190,0,515,19,0,['https://scontent-hkg1-2.cdninstagram.com/v/t51.2885-15/583202102_17873033739450247_6034963975374807674_n.jpg?stp=dst-jpg_e35_tt6&efg=eyJ2ZW5jb2RlX3RhZyI6InRocmVhZHMuRkVFRC5pbWFnZV91cmxnZW4uMTAyMng1NzUuc2RyLmY4Mjc4Ny5kZWZhdWx0X2ltYWdlLmMyIn0&_nc_ht=scontent-hkg1-2.cdninstagram.com&_nc_cat=107&_nc_oc=Q6cZ2QFfaG1us0QLROInK_d7EE2qFQjnOk3TrDsB8J032YtziUnTwbOXPIIrlnHynCNyQXk&_nc_ohc=Zknbk7FezEMQ7kNvwGf-cLm&_nc_gid=eawqCMfIyoHuBRut3UXKPg&edm=AJhczIQBAAAA&ccb=7-5&ig_cache_key=Mzc2ODQ4MTQ5MDgyOTg2NTM4MQ%3D%3D.3-ccb7-5&oh=00_AfraprLxp8amlg0g5IMLdG0OVsc7ESaXIncmuuLJG9dbrA&oe=697DF87D&_nc_sid=4a2096'],,https://www.threads.net/@thenovatimes/post/DRMVfMbjHGl,[],"{'likes': 515, 'reposts': 17, 'quotes': 2}",threads,3768481490829865381,The Nova Times,,"International Relations Minister Ronald Lamola has confirmed that South Africa will no longer permit charter flights carrying Palestinians into the country.

“We do not want any further flights to come our way,” he said.",threads,73465938246,thenovatimes
[],2026-01-27T09:40:27.702504+07:00,"I teach politics, economics, and international relations at a high school here in Finland. My teaching materials have always been based on current domestic and global events. Now I’m updating my materials again and realizing how many times over the past year I’ve talked about how these events are historical, how we will see them as separate chapters in history books. And it continues into this year as well. Do we really have to be confronted with world-altering news every week?! How long...",2026-01-04T02:11:13+07:00,,3802115200569056152,threads,threads.com,threads_crawler_v1,https://www.threads.net/@maahlfors/post/DTD06FlCBuY,https://scontent-hkg4-2.cdninstagram.com/v/t51.2885-19/587271509_17935916121107975_7337230633742341975_n.jpg?stp=dst-jpg_s150x150_tt6&efg=eyJ2ZW5jb2RlX3RhZyI6InByb2ZpbGVfcGljLmRqYW5nby4xMDI0LmMyIn0&_nc_ht=scontent-hkg4-2.cdninstagram.com&_nc_cat=111&_nc_oc=Q6cZ2QFfaG1us0QLROInK_d7EE2qFQjnOk3TrDsB8J032YtziUnTwbOXPIIrlnHynCNyQXk&_nc_ohc=9soiT7XlBToQ7kNvwGxM14T&_nc_gid=eawqCMfIyoHuBRut3UXKPg&edm=AJhczIQBAAAA&ccb=7-5&oh=00_Afpm2I1w3ZBZJ4jftN3w-IqofkPoSu34XF1q13d67WN3Ag&oe=697DFF1D&_nc_sid=4a2096,6,0,49,2,0,[],,https://www.threads.net/@maahlfors/post/DTD06FlCBuY,[],"{'likes': 49, 'reposts': 2, 'quotes': 0}",threads,3802115200569056152,Markus Ahlfors,,"I teach politics, economics, and international relations at a high school here in Finland. My teaching materials have always been based on current domestic and global events. Now I’m updating my materials again and realizing how many times over the past year I’ve talked about how these events are historical, how we will see them as separate chapters in history books. And it continues into this year as well. Do we really have to be confronted with world-altering news every week?! How long...",threads,63249723974,maahlfors
[],2026-01-27T09:40:27.702537+07:00,"+++ Merz in Davos: power alone is not enough

🇩🇪 Here you will find the most important information on Germany's foreign policy and international relations.

👉 

#NewsDE",2026-01-22T21:55:50+07:00,,3815757189143383288,threads,threads.com,threads_crawler_v1,https://www.threads.net/@deutschland_de/post/DT0SvJgCMz4,https://scontent-hkg4-1.cdninstagram.com/v/t51.2885-19/418810731_695108655797988_2170671476703264786_n.jpg?stp=dst-jpg_s150x150_tt6&efg=eyJ2ZW5jb2RlX3RhZyI6InByb2ZpbGVfcGljLmRqYW5nby44MjAuYzIifQ&_nc_ht=scontent-hkg4-1.cdninstagram.com&_nc_cat=100&_nc_oc=Q6cZ2QFfaG1us0QLROInK_d7EE2qFQjnOk3TrDsB8J032YtziUnTwbOXPIIrlnHynCNyQXk&_nc_ohc=OLsU2NFnMRkQ7kNvwHSeZu4&_nc_gid=eawqCMfIyoHuBRut3UXKPg&edm=AJhczIQBAAAA&ccb=7-5&oh=00_Afrqc0eabfPkpx7FFAB2jDdSxtIWeNHBFd3PczdigyePUw&oe=697E04B4&_nc_sid=4a2096,0,0,3,0,0,['https://scontent-hkg1-2.cdninstagram.com/v/t51.2885-15/619372724_17935701645141160_5339410141035681532_n.jpg?stp=dst-jpg_e35_tt6&efg=eyJ2ZW5jb2RlX3RhZyI6InRocmVhZHMuRkVFRC5pbWFnZV91cmxnZW4uNzE5eDQwOS5zZHIuZjgyNzg3LmRlZmF1bHRfaW1hZ2UuYzIifQ&_nc_ht=scontent-hkg1-2.cdninstagram.com&_nc_cat=104&_nc_oc=Q6cZ2QFfaG1us0QLROInK_d7EE2qFQjnOk3TrDsB8J032YtziUnTwbOXPIIrlnHynCNyQXk&_nc_ohc=-bb2TbSNMUEQ7kNvwHn_b2-&_nc_gid=eawqCMfIyoHuBRut3UXKPg&edm=AJhczIQBAAAA&ccb=7-5&ig_cache_key=MzgxNTc1NzE4OTE0MzM4MzI4OA%3D%3D.3-ccb7-5&oh=00_AfqW87YrOOeZVImQfvM6GQKYuc9TEMyFrYA1WBpjlih1MQ&oe=697DEAE1&_nc_sid=4a2096'],,https://www.threads.net/@deutschland_de/post/DT0SvJgCMz4,[],"{'likes': 3, 'reposts': 0, 'quotes': 0}",threads,3815757189143383288,DEUTSCHLAND.de | Germany,Merz,"+++ Merz in Davos: power alone is not enough

🇩🇪 Here you will find the most important information on Germany's foreign policy and international relations.

👉 http://spkl.io/6019Annmf

#NewsDE",threads,64188629159,deutschland_de
[],2026-01-27T09:40:27.702568+07:00,"History is unfolding in real time. Stay informed, not fearful.”

#WorldNews #BreakingNews #GlobalTensions #UkraineWar #RussiaUkraine Geopolitics WorldAffairs InternationalRelations WarUpdates GlobalCrisis NewsAlert CurrentEvents StayInformed GlobalPolitics",2026-01-08T21:48:24+07:00,,3805606783428519852,threads,threads.com,threads_crawler_v1,https://www.threads.net/@the.financial.info/post/DTQOzThEues,https://scontent-hkg1-1.cdninstagram.com/v/t51.2885-19/563045984_17862413670492141_5974254754237380257_n.jpg?stp=dst-jpg_s150x150_tt6&efg=eyJ2ZW5jb2RlX3RhZyI6InByb2ZpbGVfcGljLmRqYW5nby40OTMuYzIifQ&_nc_ht=scontent-hkg1-1.cdninstagram.com&_nc_cat=109&_nc_oc=Q6cZ2QFfaG1us0QLROInK_d7EE2qFQjnOk3TrDsB8J032YtziUnTwbOXPIIrlnHynCNyQXk&_nc_ohc=R15vrm5jdFIQ7kNvwHyP7YD&_nc_gid=eawqCMfIyoHuBRut3UXKPg&edm=AJhczIQBAAAA&ccb=7-5&oh=00_AfqF2YIDv_Q0zug5d1ozJuKXKUh_PKqE8gCLhd6LDgtJvg&oe=697E0EFD&_nc_sid=4a2096,3,0,41,1,0,"['https://scontent-hkg4-1.cdninstagram.com/v/t51.2885-15/611692810_2826183267731746_4880266200835797231_n.jpg?stp=dst-jpg_e15_tt6&efg=eyJ2ZW5jb2RlX3RhZyI6InRocmVhZHMuRkVFRC5pbWFnZV91cmxnZW4uNjQweDgwMC5zZHIuZjcxODc4LmRlZmF1bHRfY292ZXJfZnJhbWUuYzIifQ&_nc_ht=scontent-hkg4-1.cdninstagram.com&_nc_cat=110&_nc_oc=Q6cZ2QFfaG1us0QLROInK_d7EE2qFQjnOk3TrDsB8J032YtziUnTwbOXPIIrlnHynCNyQXk&_nc_ohc=WycsjVvode4Q7kNvwFK6Z2I&_nc_gid=eawqCMfIyoHuBRut3UXKPg&edm=AJhczIQBAAAA&ccb=7-5&ig_cache_key=MzgwNTYwNjc4MzQyODUxOTg1Mg%3D%3D.3-ccb7-5&oh=00_AfqcXps1xZVrEb0-N4PP4jjdfXRagQxt_V1gjm2HBDXRKQ&oe=697E035B&_nc_sid=4a2096', 'https://scontent-hkg1-2.cdninstagram.com/o1/v/t2/f2/m86/AQP07K3zuG7TmPIaoECVsb8DNeyHQCbdJdjQyDT-DFX_ZgWFAhtTP7C_v4omv0_CDBzTmci7hKafdQwGMEaWJBnEK6fdnBUspMKC-ig.mp4?_nc_cat=103&_nc_sid=5e9851&_nc_ht=scontent-hkg1-2.cdninstagram.com&_nc_ohc=E5ZisjGV1ZYQ7kNvwG6PBBt&efg=eyJ2ZW5jb2RlX3RhZyI6Inhwdl9wcm9ncmVzc2l2ZS5JTlNUQUdSQU0uRkVFRC5DMy43MjAuZGFzaF9iYXNlbGluZV8xX3YxIiwieHB2X2Fzc2V0X2lkIjoxMTA4MTI5Mjg0NjUyNjEwLCJhc3NldF9hZ2VfZGF5cyI6MTgsInZpX3VzZWNhc2VfaWQiOjEwMDk5LCJkdXJhdGlvbl9zIjo1LCJ1cmxnZW5fc291cmNlIjoid3d3In0%3D&ccb=17-1&_nc_gid=eawqCMfIyoHuBRut3UXKPg&_nc_zt=28&vs=4f163efd2ce5e860&_nc_vs=HBksFQIYUmlnX3hwdl9yZWVsc19wZXJtYW5lbnRfc3JfcHJvZC9DMjRDMTg4QjREOEFCMUE0NzA5NDc3RjgzRDIzNEI5Ml92aWRlb19kYXNoaW5pdC5tcDQVAALIARIAFQIYOnBhc3N0aHJvdWdoX2V2ZXJzdG9yZS9HTXhZZmlUN1F2WUNjM1FFQUJvR1Y0NmdGUjRwYnN0VEFRQUYVAgLIARIAKAAYABsCiAd1c2Vfb2lsATEScHJvZ3Jlc3NpdmVfcmVjaXBlATEVAAAmhPmDxs719wMVAigCQzMsF0AWIcrAgxJvGBJkYXNoX2Jhc2VsaW5lXzFfdjERAHXqB2XmnQEA&oh=00_AfonVLrtVN30V8LN5AcvTovKxyUO4j5Ah9PF4eEzJ73S_w&oe=6979F854']",,https://www.threads.net/@the.financial.info/post/DTQOzThEues,[],"{'likes': 41, 'reposts': 1, 'quotes': 0}",threads,3805606783428519852,Santosh | Finance,,"History is unfolding in real time. Stay informed, not fearful.”

#WorldNews #BreakingNews #GlobalTensions #UkraineWar #RussiaUkraine Geopolitics WorldAffairs InternationalRelations WarUpdates GlobalCrisis NewsAlert CurrentEvents StayInformed GlobalPolitics",threads,74825823128,the.financial.info
[],2026-01-27T09:40:27.702596+07:00,"I listened to Canadian Prime Minister Mark Carney’s Davos speech today, and as an international relations major, I was struck by how rare that kind of leadership feels now.

He spoke in the language of systems, institutions, legitimacy, cooperation, the actual architecture of the international order. Not in slogans or outrage, but in substance.

This is statesmanship. And it reminded me of the caliber of leadership the world actually needs right now.",2026-01-22T08:44:01+07:00,,3815358865043442129,threads,threads.com,threads_crawler_v1,https://www.threads.net/@dawnamsdenstark/post/DTy4KxRjUnR,https://scontent-hkg4-1.cdninstagram.com/v/t51.2885-19/358190748_1419822675478686_8803485504986790404_n.jpg?stp=dst-jpg_s150x150_tt6&efg=eyJ2ZW5jb2RlX3RhZyI6InByb2ZpbGVfcGljLmRqYW5nby4xMDgwLmMyIn0&_nc_ht=scontent-hkg4-1.cdninstagram.com&_nc_cat=106&_nc_oc=Q6cZ2QFfaG1us0QLROInK_d7EE2qFQjnOk3TrDsB8J032YtziUnTwbOXPIIrlnHynCNyQXk&_nc_ohc=LBwrjpMPwukQ7kNvwHzD9CF&_nc_gid=eawqCMfIyoHuBRut3UXKPg&edm=AJhczIQBAAAA&ccb=7-5&oh=00_AfoA5Mug4CuGetMPyQ0NsytEWbJXfQCv4K3M8cHUdrN_xg&oe=697DF1C8&_nc_sid=4a2096,65,0,3225,153,0,[],,https://www.threads.net/@dawnamsdenstark/post/DTy4KxRjUnR,[],"{'likes': 3225, 'reposts': 146, 'quotes': 7}",threads,3815358865043442129,Dawn Amsden Stark,Mark Carney,"I listened to Canadian Prime Minister Mark Carney’s Davos speech today, and as an international relations major, I was struck by how rare that kind of leadership feels now.

He spoke in the language of systems, institutions, legitimacy, cooperation, the actual architecture of the international order. Not in slogans or outrage, but in substance.

This is statesmanship. And it reminded me of the caliber of leadership the world actually needs right now.",threads,63276866290,dawnamsdenstark
[],2026-01-27T09:40:27.702625+07:00,College graduates after getting their International Relations degree,2024-09-29T07:04:19+07:00,,3467416333526380736,threads,threads.com,threads_crawler_v1,https://www.threads.net/@nafo_marvin/post/DAevMjAOjDA,https://scontent-hkg1-1.cdninstagram.com/v/t51.2885-19/610258052_17935723566112965_5679503818010847404_n.jpg?stp=dst-jpg_s150x150_tt6&efg=eyJ2ZW5jb2RlX3RhZyI6InByb2ZpbGVfcGljLmRqYW5nby43OTAuYzIifQ&_nc_ht=scontent-hkg1-1.cdninstagram.com&_nc_cat=109&_nc_oc=Q6cZ2QFfaG1us0QLROInK_d7EE2qFQjnOk3TrDsB8J032YtziUnTwbOXPIIrlnHynCNyQXk&_nc_ohc=xvtW-T_qeD4Q7kNvwHaGezY&_nc_gid=eawqCMfIyoHuBRut3UXKPg&edm=AJhczIQBAAAA&ccb=7-5&oh=00_AfrT9t0MecFYX5ZUuA0WYtjKytYTgt6xCXkNPcFSSuMpLg&oe=697DFA49&_nc_sid=4a2096,9,0,53,2,0,['https://scontent-hkg4-1.cdninstagram.com/v/t51.29350-15/461452684_3784024761864642_8980496786436209102_n.jpg?stp=dst-jpg_e35_tt6&efg=eyJ2ZW5jb2RlX3RhZyI6InRocmVhZHMuRkVFRC5pbWFnZV91cmxnZW4uNjExeDIzNy5zZHIuZjI5MzUwLmRlZmF1bHRfaW1hZ2UuYzIifQ&_nc_ht=scontent-hkg4-1.cdninstagram.com&_nc_cat=106&_nc_oc=Q6cZ2QFfaG1us0QLROInK_d7EE2qFQjnOk3TrDsB8J032YtziUnTwbOXPIIrlnHynCNyQXk&_nc_ohc=bpOlm-P4ftYQ7kNvwEdtfN2&_nc_gid=eawqCMfIyoHuBRut3UXKPg&edm=AJhczIQBAAAA&ccb=7-5&ig_cache_key=MzQ2NzQxNjMzMzUyNjM4MDczNg%3D%3D.3-ccb7-5&oh=00_AfreJTtDitiuxV2AXkiFRDmd7q76zJl8uYrGl7Q6rF4-Og&oe=697DECA9&_nc_sid=4a2096'],,https://www.threads.net/@nafo_marvin/post/DAevMjAOjDA,[],"{'likes': 53, 'reposts': 1, 'quotes': 1}",threads,3467416333526380736,Marvin (NAFO),,College graduates after getting their International Relations degree,threads,63450176964,nafo_marvin
[],2026-01-27T09:40:27.702654+07:00,"In a future where Trump is out of office, and international relations have been repaired. What steps can be taken by the USA and International Organisations such as NATO to prevent one individual causing so much chaos in the future? And do you think such steps will be taken?",2026-01-22T05:58:13+07:00,,3815275415087095313,threads,threads.com,threads_crawler_v1,https://www.threads.net/@thebilalverse/post/DTylMacjB4R,https://scontent-hkg1-1.cdninstagram.com/v/t51.2885-19/607547061_17877306177454871_8544871432802258625_n.jpg?stp=dst-jpg_s150x150_tt6&efg=eyJ2ZW5jb2RlX3RhZyI6InByb2ZpbGVfcGljLmRqYW5nby4xMDgwLmMyIn0&_nc_ht=scontent-hkg1-1.cdninstagram.com&_nc_cat=1&_nc_oc=Q6cZ2QFfaG1us0QLROInK_d7EE2qFQjnOk3TrDsB8J032YtziUnTwbOXPIIrlnHynCNyQXk&_nc_ohc=fIlUb5mYYe4Q7kNvwEVEpbA&_nc_gid=eawqCMfIyoHuBRut3UXKPg&edm=AJhczIQBAAAA&ccb=7-5&oh=00_AfqEmGhZCcs33sieaNGsCYmmv8sCUM-i6wGSvFRdpCtHFQ&oe=697E0F48&_nc_sid=4a2096,41,0,14,1,0,[],,https://www.threads.net/@thebilalverse/post/DTylMacjB4R,[],"{'likes': 14, 'reposts': 1, 'quotes': 0}",threads,3815275415087095313,Bilal Sultan,,"In a future where Trump is out of office, and international relations have been repaired. What steps can be taken by the USA and International Organisations such as NATO to prevent one individual causing so much chaos in the future? And do you think such steps will be taken?",threads,73552086870,thebilalverse
[],2026-01-27T09:40:27.702683+07:00,"Hello everyone, Im currently looking for an internship opportunity in the fields of governance, regulatory affairs, compliance, international relations or any related field for April to July 2026 intake. 

I would prefer opportunities located in Kuala Lumpur or Selangor, ideally accessible by public transport (LRT/MRT)

If you have any openings or suggestions, kindly DM me or reply here, and I will be happy to send my resume. Thank you🫶🏻",2026-01-05T23:56:09+07:00,,3803496773042793263,threads,threads.com,threads_crawler_v1,https://www.threads.net/@azwinairiennn/post/DTIvCnNj2sv,https://scontent-hkg1-1.cdninstagram.com/v/t51.2885-19/599043175_17857622700572041_2479412483271832995_n.jpg?stp=dst-jpg_s150x150_tt6&efg=eyJ2ZW5jb2RlX3RhZyI6InByb2ZpbGVfcGljLmRqYW5nby44MjguYzIifQ&_nc_ht=scontent-hkg1-1.cdninstagram.com&_nc_cat=101&_nc_oc=Q6cZ2QFfaG1us0QLROInK_d7EE2qFQjnOk3TrDsB8J032YtziUnTwbOXPIIrlnHynCNyQXk&_nc_ohc=baad9_-SpFIQ7kNvwEdqFFo&_nc_gid=eawqCMfIyoHuBRut3UXKPg&edm=AJhczIQBAAAA&ccb=7-5&oh=00_Afpg_bHp672qO201lo_Wl2D0LOFa-4Ye5SO04S3aCXrRnA&oe=697DF972&_nc_sid=4a2096,1,0,1,0,0,[],,https://www.threads.net/@azwinairiennn/post/DTIvCnNj2sv,[],"{'likes': 1, 'reposts': 0, 'quotes': 0}",threads,3803496773042793263,,internship,"Hello everyone, Im currently looking for an internship opportunity in the fields of governance, regulatory affairs, compliance, international relations or any related field for April to July 2026 intake. 

I would prefer opportunities located in Kuala Lumpur or Selangor, ideally accessible by public transport (LRT/MRT)

If you have any openings or suggestions, kindly DM me or reply here, and I will be happy to send my resume. Thank you🫶🏻",threads,77156156040,azwinairiennn
[],2026-01-27T09:40:27.702713+07:00,"🇨🇺🇨🇳 “We firmly believe that with our joint efforts no blockade can extinguish the light of hope.”

China has delivered 30,000 tons of rice to Cuba, stepping up in defiance of the decades-long US blockade that has heavily restricted the Caribbean island’s trade and international relations. As Washington continues to isolate the tiny country, the socialist projects of Cuba and China are standing together in solidarity.",2026-01-24T02:22:04+07:00,,3816615608008493626,threads,threads.com,threads_crawler_v1,https://www.threads.net/@peoplesdispatch/post/DT3V6yXjso6,https://scontent-hkg4-1.cdninstagram.com/v/t51.2885-19/358943429_933575977702474_9092596828321610010_n.jpg?stp=dst-jpg_s150x150_tt6&efg=eyJ2ZW5jb2RlX3RhZyI6InByb2ZpbGVfcGljLmRqYW5nby4xMDgwLmMyIn0&_nc_ht=scontent-hkg4-1.cdninstagram.com&_nc_cat=110&_nc_oc=Q6cZ2QFfaG1us0QLROInK_d7EE2qFQjnOk3TrDsB8J032YtziUnTwbOXPIIrlnHynCNyQXk&_nc_ohc=oPfDElhFjQcQ7kNvwGFA8xJ&_nc_gid=eawqCMfIyoHuBRut3UXKPg&edm=AJhczIQBAAAA&ccb=7-5&oh=00_AfodWkIqRYsRSjHDd7yC-oU61psqGCDntdHdXwqDT6cYbg&oe=697DF12D&_nc_sid=4a2096,19,0,426,55,0,"['https://scontent-hkg4-1.cdninstagram.com/v/t51.2885-15/619988535_819254261159526_463036910188064501_n.jpg?stp=dst-jpg_e15_tt6&efg=eyJ2ZW5jb2RlX3RhZyI6InRocmVhZHMuRkVFRC5pbWFnZV91cmxnZW4uNjQweDExMzYuc2RyLmY3MTg3OC5kZWZhdWx0X2NvdmVyX2ZyYW1lLmMyIn0&_nc_ht=scontent-hkg4-1.cdninstagram.com&_nc_cat=106&_nc_oc=Q6cZ2QFfaG1us0QLROInK_d7EE2qFQjnOk3TrDsB8J032YtziUnTwbOXPIIrlnHynCNyQXk&_nc_ohc=OR_L7f_7gTwQ7kNvwEoSrgb&_nc_gid=eawqCMfIyoHuBRut3UXKPg&edm=AJhczIQBAAAA&ccb=7-5&ig_cache_key=MzgxNjYxNTYwODAwODQ5MzYyNg%3D%3D.3-ccb7-5&oh=00_Afo1Xt5aw_uhMgWu8KPN7m4wmJ9mzGVzuH1g4a8q2DVGoQ&oe=697E116F&_nc_sid=4a2096', 'https://scontent-hkg4-1.cdninstagram.com/o1/v/t16/f2/m84/AQN9ucz78P92FDn3tEZh9NzlWAZIypNtITfHcPejoLadmsgjkn86o-ucQj0yUuuLL0BXVgYsMu8w60zaCIl-e0MgxjMo2o7KwX6Lcfg.mp4?_nc_cat=100&_nc_sid=5e9851&_nc_ht=scontent-hkg4-1.cdninstagram.com&_nc_ohc=bVIfrD-fULkQ7kNvwGtnJsd&efg=eyJ2ZW5jb2RlX3RhZyI6Inhwdl9wcm9ncmVzc2l2ZS5JTlNUQUdSQU0uRkVFRC5DMy43MjAuZGFzaF9iYXNlbGluZV8xX3YxIiwieHB2X2Fzc2V0X2lkIjoxNTQ0NjIxOTY2NzY2NDcxLCJhc3NldF9hZ2VfZGF5cyI6MywidmlfdXNlY2FzZV9pZCI6MTAxNjQsImR1cmF0aW9uX3MiOjMwLCJ1cmxnZW5fc291cmNlIjoid3d3In0%3D&ccb=17-1&_nc_gid=eawqCMfIyoHuBRut3UXKPg&_nc_zt=28&vs=7f68c2975d41d329&_nc_vs=HBksFQIYTGlnX2JhY2tmaWxsX3RpbWVsaW5lX3ZvZC8wMTQ4N0IxRDM4MTg0NjEyQzM3RDBGQUJDOEMzQzdBOF92aWRlb19kYXNoaW5pdC5tcDQVAALIARIAFQIYUWlnX3hwdl9wbGFjZW1lbnRfcGVybWFuZW50X3YyLzhGNDg2NUFDOEFDMzVFNkI4RTkzQjU3N0VFNUU0NEFFX2F1ZGlvX2Rhc2hpbml0Lm1wNBUCAsgBEgAoABgAGwKIB3VzZV9vaWwBMRJwcm9ncmVzc2l2ZV9yZWNpcGUBMRUAACaOxqG66rS-BRUCKAJDMywXQD5dsi0OVgQYEmRhc2hfYmFzZWxpbmVfMV92MREAdeoHZeieAQA&oh=00_Afp0lPauiqx9FqbFcjLCUa51FRXgd6KhT9361bQP0ePeGg&oe=697A0E70']",,https://www.threads.net/@peoplesdispatch/post/DT3V6yXjso6,[],"{'likes': 426, 'reposts': 51, 'quotes': 4}",threads,3816615608008493626,Peoples Dispatch,,"🇨🇺🇨🇳 “We firmly believe that with our joint efforts no blockade can extinguish the light of hope.”

China has delivered 30,000 tons of rice to Cuba, stepping up in defiance of the decades-long US blockade that has heavily restricted the Caribbean island’s trade and international relations. As Washington continues to isolate the tiny country, the socialist projects of Cuba and China are standing together in solidarity.",threads,63430054698,peoplesdispatch
[],2026-01-27T09:40:27.702743+07:00,"Notice how the right always try to discredit AOC by saying she was ""just a bartender/waitress"" before she was a congresswoman? They love to ignore the fact that she graduated cum laude with a double major in Economics and International Relations. Or that she interned under Senator Ted Kennedy in the Foreign Affairs and Immigration Office. 
She's actually very qualified for her position.",2025-09-29T01:05:27+07:00,,3731778856325021829,threads,threads.com,threads_crawler_v1,https://www.threads.net/@i.am.the.project/post/DPJ8RkXkQCF,https://scontent-hkg1-1.cdninstagram.com/v/t51.2885-19/583186934_17862840405529921_88708312961923061_n.jpg?stp=dst-jpg_s150x150_tt6&efg=eyJ2ZW5jb2RlX3RhZyI6InByb2ZpbGVfcGljLmRqYW5nby4xMDgwLmMyIn0&_nc_ht=scontent-hkg1-1.cdninstagram.com&_nc_cat=101&_nc_oc=Q6cZ2QFfaG1us0QLROInK_d7EE2qFQjnOk3TrDsB8J032YtziUnTwbOXPIIrlnHynCNyQXk&_nc_ohc=wktyuHg_-MMQ7kNvwHL2HSR&_nc_gid=eawqCMfIyoHuBRut3UXKPg&edm=AJhczIQBAAAA&ccb=7-5&oh=00_AfpIbfFQIlWZ8UOwz3PC_PvVCl3rPKUYYEsvK5bwKBTOlw&oe=697E0C52&_nc_sid=4a2096,255,0,9349,597,0,[],,https://www.threads.net/@i.am.the.project/post/DPJ8RkXkQCF,[],"{'likes': 9349, 'reposts': 583, 'quotes': 14}",threads,3731778856325021829,Anthony Caeton IV,,"Notice how the right always try to discredit AOC by saying she was ""just a bartender/waitress"" before she was a congresswoman? They love to ignore the fact that she graduated cum laude with a double major in Economics and International Relations. Or that she interned under Senator Ted Kennedy in the Foreign Affairs and Immigration Office. 
She's actually very qualified for her position.",threads,75975289920,i.am.the.project
[],2026-01-27T09:40:27.702772+07:00,"My take on greenland + america (as an student of international relations). 

Honest thoughts on Greenland and why the idea of the US pushing in harder feels wrong.
Let’s be real:
Greenland isn’t empty land waiting for someone to claim it.
It’s home. To people, to culture, to communities that have lived there for thousands of years.",2026-01-20T15:12:43+07:00,,3814104951682065289,threads,threads.com,threads_crawler_v1,https://www.threads.net/@khadeeja.zehraa/post/DTubD7dEWOJ,https://scontent-hkg1-1.cdninstagram.com/v/t51.2885-19/615483771_17939704314112725_8451696810850246751_n.jpg?stp=dst-jpg_s150x150_tt6&efg=eyJ2ZW5jb2RlX3RhZyI6InByb2ZpbGVfcGljLmRqYW5nby42NTAuYzIifQ&_nc_ht=scontent-hkg1-1.cdninstagram.com&_nc_cat=109&_nc_oc=Q6cZ2QFfaG1us0QLROInK_d7EE2qFQjnOk3TrDsB8J032YtziUnTwbOXPIIrlnHynCNyQXk&_nc_ohc=DhCPvsCmAFkQ7kNvwFx48r1&_nc_gid=eawqCMfIyoHuBRut3UXKPg&edm=AJhczIQBAAAA&ccb=7-5&oh=00_Afq8zjUz6QU952Ijhfm2wj7TWGsW-cQ0-n9dOjpZIFzoJg&oe=697DE6DD&_nc_sid=4a2096,7,0,11,0,0,[],,https://www.threads.net/@khadeeja.zehraa/post/DTubD7dEWOJ,[],"{'likes': 11, 'reposts': 0, 'quotes': 0}",threads,3814104951682065289,Khadeeja zehra zaidi,Greenland,"My take on greenland + america (as an student of international relations). 

Honest thoughts on Greenland and why the idea of the US pushing in harder feels wrong.
Let’s be real:
Greenland isn’t empty land waiting for someone to claim it.
It’s home. To people, to culture, to communities that have lived there for thousands of years.",threads,63458872724,khadeeja.zehraa
[],2026-01-27T09:40:27.702802+07:00,"And just like that, my bachelor’s in International Relations and my master’s in International Law are officially going down the drain.",2026-01-04T23:14:37+07:00,,3802751087405610323,threads,threads.com,threads_crawler_v1,https://www.threads.net/@abdyrakhmanova_25/post/DTGFfdWCrVT,https://scontent-hkg4-1.cdninstagram.com/v/t51.2885-19/495958774_17850517638450642_390532465435631978_n.jpg?stp=dst-jpg_s150x150_tt6&efg=eyJ2ZW5jb2RlX3RhZyI6InByb2ZpbGVfcGljLmRqYW5nby4xMDgwLmMyIn0&_nc_ht=scontent-hkg4-1.cdninstagram.com&_nc_cat=106&_nc_oc=Q6cZ2QFfaG1us0QLROInK_d7EE2qFQjnOk3TrDsB8J032YtziUnTwbOXPIIrlnHynCNyQXk&_nc_ohc=BO4HHujIykkQ7kNvwFgXnel&_nc_gid=eawqCMfIyoHuBRut3UXKPg&edm=AJhczIQBAAAA&ccb=7-5&oh=00_AfrczazJckFPT4JQdFt0gbCZsogvwohlGHtd9BMDso7Vag&oe=697DF433&_nc_sid=4a2096,1,0,5,0,0,[],,https://www.threads.net/@abdyrakhmanova_25/post/DTGFfdWCrVT,[],"{'likes': 5, 'reposts': 0, 'quotes': 0}",threads,3802751087405610323,Jana,,"And just like that, my bachelor’s in International Relations and my master’s in International Law are officially going down the drain.",threads,73504610641,abdyrakhmanova_25
[],2026-01-27T09:40:27.702831+07:00,"Never let anyone talk you out of your dream. Ten years ago, people clowned these master’s degrees, now they’re some of the most important ones out there. 

1) Master's in Water Resources 
2) Master's in Conflict Resolution 
3) Maste'rs in Creative Writing 
4) Master's in Mathematics 
5) Master's in Human Resources 
6) Master's in Gender Studies 
7) Master's in Education 
8) Master's in Public Policy
9) Master's in Environmental Science
10) Master's in International Relations",2026-01-24T16:36:49+07:00,,3817046383547813530,threads,threads.com,threads_crawler_v1,https://www.threads.net/@eduminate/post/DT433ZWjo6a,https://scontent-hkg1-1.cdninstagram.com/v/t51.2885-19/616286713_17871850242508665_6457816000044426920_n.jpg?stp=dst-jpg_s150x150_tt6&efg=eyJ2ZW5jb2RlX3RhZyI6InByb2ZpbGVfcGljLmRqYW5nby4xMDgwLmMyIn0&_nc_ht=scontent-hkg1-1.cdninstagram.com&_nc_cat=109&_nc_oc=Q6cZ2QFfaG1us0QLROInK_d7EE2qFQjnOk3TrDsB8J032YtziUnTwbOXPIIrlnHynCNyQXk&_nc_ohc=mTlDm9MtntwQ7kNvwENQK8t&_nc_gid=eawqCMfIyoHuBRut3UXKPg&edm=AJhczIQBAAAA&ccb=7-5&oh=00_Afpn9JaAOkeSVCpHuLQllNqigKgexS7rtZujm88t5-JD0g&oe=697DFEBC&_nc_sid=4a2096,8,0,104,14,0,[],,https://www.threads.net/@eduminate/post/DT433ZWjo6a,[],"{'likes': 104, 'reposts': 14, 'quotes': 0}",threads,3817046383547813530,,,"Never let anyone talk you out of your dream. Ten years ago, people clowned these master’s degrees, now they’re some of the most important ones out there. 

1) Master's in Water Resources 
2) Master's in Conflict Resolution 
3) Maste'rs in Creative Writing 
4) Master's in Mathematics 
5) Master's in Human Resources 
6) Master's in Gender Studies 
7) Master's in Education 
8) Master's in Public Policy
9) Master's in Environmental Science
10) Master's in International Relations",threads,75308364664,eduminate
[],2026-01-27T09:40:27.702883+07:00,"B.A bagged in International Relations 😍 
Congratulations to me 🎊 
GOD DID ♥",2025-12-05T19:59:43+07:00,,3780909717636254419,threads,threads.com,threads_crawler_v1,https://www.threads.net/@charity_nasi/post/DR4fVsniArT,https://scontent-hkg1-2.cdninstagram.com/v/t51.2885-19/358939175_705833341353771_684271553948906899_n.jpg?stp=dst-jpg_s150x150_tt6&efg=eyJ2ZW5jb2RlX3RhZyI6InByb2ZpbGVfcGljLmRqYW5nby45NTguYzIifQ&_nc_ht=scontent-hkg1-2.cdninstagram.com&_nc_cat=103&_nc_oc=Q6cZ2QFfaG1us0QLROInK_d7EE2qFQjnOk3TrDsB8J032YtziUnTwbOXPIIrlnHynCNyQXk&_nc_ohc=NhPzLMcm6ckQ7kNvwF-zb-h&_nc_gid=eawqCMfIyoHuBRut3UXKPg&edm=AJhczIQBAAAA&ccb=7-5&oh=00_AfpncJI0ts6myxi3XVojtUkgEJk12su57pcG_n40mzm1KA&oe=697E049E&_nc_sid=4a2096,3,0,12,0,0,['https://scontent-hkg1-2.cdninstagram.com/v/t51.2885-15/589419292_18031016531736844_2540441497400373460_n.webp?efg=eyJ2ZW5jb2RlX3RhZyI6InRocmVhZHMuQ0FST1VTRUxfSVRFTS5pbWFnZV91cmxnZW4uMTA4MHgxMDgwLnNkci5mODI3ODcuZGVmYXVsdF9pbWFnZS5jMiJ9&_nc_ht=scontent-hkg1-2.cdninstagram.com&_nc_cat=104&_nc_oc=Q6cZ2QFfaG1us0QLROInK_d7EE2qFQjnOk3TrDsB8J032YtziUnTwbOXPIIrlnHynCNyQXk&_nc_ohc=uID6AmhuoosQ7kNvwFNjug8&_nc_gid=eawqCMfIyoHuBRut3UXKPg&edm=AJhczIQBAAAA&ccb=7-5&ig_cache_key=Mzc4MDkwOTY3MjY3MzMzMjEyOQ%3D%3D.3-ccb7-5&oh=00_Afp1WWSpTaLxBUHaSgOF6VsI1gzhUgvCZqzcn2Gb3KQgRg&oe=697DFFE3&_nc_sid=4a2096'],,https://www.threads.net/@charity_nasi/post/DR4fVsniArT,[],"{'likes': 12, 'reposts': 0, 'quotes': 0}",threads,3780909717636254419,Charity Nasi,,"B.A bagged in International Relations 😍 
Congratulations to me 🎊 
GOD DID ♥",threads,63039774611,charity_nasi
[],2026-01-27T09:40:27.702924+07:00,"Everyone needs to watch Mark Carney's Davos speech. Here's my favorite quote from it:

“It seems that every day we’re reminded that we live in an era of great power rivalry, that the rules based order is fading, that the strong can do what they can, and the weak must suffer what they must. And this aphorism of Thucydides is presented as inevitable, as the natural logic of international relations reasserting itself. . .""",2026-01-22T01:12:43+07:00,,3815131715682055725,threads,threads.com,threads_crawler_v1,https://www.threads.net/@johnnyp21/post/DTyEhT8jjYt,https://scontent-hkg1-1.cdninstagram.com/v/t51.2885-19/496949900_17864354373390341_9202282373654131315_n.jpg?stp=dst-jpg_s150x150_tt6&efg=eyJ2ZW5jb2RlX3RhZyI6InByb2ZpbGVfcGljLmRqYW5nby44MTAuYzIifQ&_nc_ht=scontent-hkg1-1.cdninstagram.com&_nc_cat=105&_nc_oc=Q6cZ2QFfaG1us0QLROInK_d7EE2qFQjnOk3TrDsB8J032YtziUnTwbOXPIIrlnHynCNyQXk&_nc_ohc=Ef95VH6yqkAQ7kNvwG_hDz1&_nc_gid=eawqCMfIyoHuBRut3UXKPg&edm=AJhczIQBAAAA&ccb=7-5&oh=00_AfoyOjnC4bhxrhtOi4Z7ykO-KJW8o1e21yPR9t44_BcypQ&oe=697DF541&_nc_sid=4a2096,14,0,261,25,0,[],,https://www.threads.net/@johnnyp21/post/DTyEhT8jjYt,[],"{'likes': 261, 'reposts': 25, 'quotes': 0}",threads,3815131715682055725,John Polonis,,"Everyone needs to watch Mark Carney's Davos speech. Here's my favorite quote from it:

“It seems that every day we’re reminded that we live in an era of great power rivalry, that the rules based order is fading, that the strong can do what they can, and the weak must suffer what they must. And this aphorism of Thucydides is presented as inevitable, as the natural logic of international relations reasserting itself. . .""",threads,71527358340,johnnyp21
[],2026-01-27T09:40:27.702969+07:00,Anyone planning to study masters in International relations with scholarship next year ? Let’s connect,2025-12-22T21:33:36+07:00,,3793278165796762582,threads,threads.com,threads_crawler_v1,https://www.threads.net/@saroshi_sidd/post/DSkbmTmj7PW,https://scontent-hkg1-1.cdninstagram.com/v/t51.2885-19/584116950_17847925194603417_2805572694445339578_n.jpg?stp=dst-jpg_s150x150_tt6&efg=eyJ2ZW5jb2RlX3RhZyI6InByb2ZpbGVfcGljLmRqYW5nby4xMDgwLmMyIn0&_nc_ht=scontent-hkg1-1.cdninstagram.com&_nc_cat=109&_nc_oc=Q6cZ2QFfaG1us0QLROInK_d7EE2qFQjnOk3TrDsB8J032YtziUnTwbOXPIIrlnHynCNyQXk&_nc_ohc=E9xQd0199qAQ7kNvwFh6cfU&_nc_gid=eawqCMfIyoHuBRut3UXKPg&edm=AJhczIQBAAAA&ccb=7-5&oh=00_Afot8_Is0qhYHecWhc1dgCTg_7eqhRv4lqKESdOIg11cHg&oe=697E13CD&_nc_sid=4a2096,3,0,9,0,0,[],,https://www.threads.net/@saroshi_sidd/post/DSkbmTmj7PW,[],"{'likes': 9, 'reposts': 0, 'quotes': 0}",threads,3793278165796762582,♡サロシ♡,,Anyone planning to study masters in International relations with scholarship next year ? Let’s connect,threads,78074651416,saroshi_sidd
[],2026-01-27T09:42:44.254964+07:00,"India–China relations take a new turn 🌏
From rivalry to partnership? Trade relaxations and high-level talks signal a major geopolitical shift.
#IndiaChinaRelations #Geopolitics #GlobalPolitics #IndiaNews #ChinaNews Diplomacy InternationalRelations PMModi SJaishankar AjitDoval TradeTalks AsianPolitics WorldAffairs",2026-01-18T14:15:31+07:00,,3812626613318831361,threads,threads.com,threads_crawler_v1,https://www.threads.net/@the.financial.info/post/DTpK7RkEc0B,https://scontent-hkg1-1.cdninstagram.com/v/t51.2885-19/563045984_17862413670492141_5974254754237380257_n.jpg?stp=dst-jpg_s150x150_tt6&efg=eyJ2ZW5jb2RlX3RhZyI6InByb2ZpbGVfcGljLmRqYW5nby40OTMuYzIifQ&_nc_ht=scontent-hkg1-1.cdninstagram.com&_nc_cat=109&_nc_oc=Q6cZ2QF5hGcGpoJken3DlH1AgTnbVkPby2HFlKMk-gzMoGFYv7JgA3Dk_5sHPT8rpfEwDfk&_nc_ohc=R15vrm5jdFIQ7kNvwHyP7YD&_nc_gid=IdHqFr53rKEb5nDzeMQKkA&edm=AJhczIQBAAAA&ccb=7-5&oh=00_AfrFoIQvm40j8mH4xlFfvrgMxCfzelJf-d0VHiJnbVl-lA&oe=697E0EFD&_nc_sid=4a2096,5,0,440,4,0,['https://scontent-hkg1-1.cdninstagram.com/v/t51.2885-15/619092846_17873322186492141_396839508233326462_n.jpg?stp=dst-jpg_e35_tt6&efg=eyJ2ZW5jb2RlX3RhZyI6InRocmVhZHMuRkVFRC5pbWFnZV91cmxnZW4uMTQ0MHgxODAwLnNkci5mODI3ODcuZGVmYXVsdF9pbWFnZS5jMiJ9&_nc_ht=scontent-hkg1-1.cdninstagram.com&_nc_cat=109&_nc_oc=Q6cZ2QF5hGcGpoJken3DlH1AgTnbVkPby2HFlKMk-gzMoGFYv7JgA3Dk_5sHPT8rpfEwDfk&_nc_ohc=9A_2TgI-HVUQ7kNvwEXSCf_&_nc_gid=IdHqFr53rKEb5nDzeMQKkA&edm=AJhczIQBAAAA&ccb=7-5&ig_cache_key=MzgxMjYyNjYxMzMxODgzMTM2MQ%3D%3D.3-ccb7-5&oh=00_AfrkUkhI-Prg6OZPR49NztsIvMsLhiuftv0l1uXIh4tNSA&oe=697E0514&_nc_sid=4a2096'],,https://www.threads.net/@the.financial.info/post/DTpK7RkEc0B,[],"{'likes': 440, 'reposts': 4, 'quotes': 0}",threads,3812626613318831361,Santosh | Finance,,"India–China relations take a new turn 🌏
From rivalry to partnership? Trade relaxations and high-level talks signal a major geopolitical shift.
#IndiaChinaRelations #Geopolitics #GlobalPolitics #IndiaNews #ChinaNews Diplomacy InternationalRelations PMModi SJaishankar AjitDoval TradeTalks AsianPolitics WorldAffairs",threads,74825823128,the.financial.info
[],2026-01-27T09:42:44.255395+07:00,"The @unitednations Charter is the foundation of international relations, the bedrock of peace, sustainable development & human rights.

When leaders run roughshod over international law, picking & choosing which rules to follow – they are undermining global order & setting a perilous precedent.",2026-01-21T21:21:28+07:00,,3815015329760620104,threads,threads.com,threads_crawler_v1,https://www.threads.net/@antonioguterres/post/DTxqDrHDS5I,https://scontent-hkg1-1.cdninstagram.com/v/t51.2885-19/378063627_5834724506631073_9181091550980737555_n.jpg?stp=dst-jpg_s150x150_tt6&efg=eyJ2ZW5jb2RlX3RhZyI6InByb2ZpbGVfcGljLmRqYW5nby4zMDguYzIifQ&_nc_ht=scontent-hkg1-1.cdninstagram.com&_nc_cat=101&_nc_oc=Q6cZ2QF5hGcGpoJken3DlH1AgTnbVkPby2HFlKMk-gzMoGFYv7JgA3Dk_5sHPT8rpfEwDfk&_nc_ohc=uUM2PfaI9KAQ7kNvwFO8n7_&_nc_gid=IdHqFr53rKEb5nDzeMQKkA&edm=AJhczIQBAAAA&ccb=7-5&oh=00_AfoLA7Jq2QRqrEdIHJW05aZSUGHZY2Ple9oLunUG06HZ_w&oe=697E12F7&_nc_sid=4a2096,21,0,449,44,0,[],,https://www.threads.net/@antonioguterres/post/DTxqDrHDS5I,[],"{'likes': 449, 'reposts': 40, 'quotes': 4}",threads,3815015329760620104,António Guterres,,"The @unitednations Charter is the foundation of international relations, the bedrock of peace, sustainable development & human rights.

When leaders run roughshod over international law, picking & choosing which rules to follow – they are undermining global order & setting a perilous precedent.",threads,63447281172,antonioguterres
[],2026-01-27T09:42:44.255613+07:00,"Bilateral Defence Exercises 🇮🇳
Important Static GK From Defence & International Relations.
Must-Know For UPSC, CDS, AFCAT & Other Exams.

List Updated As On Today.
Follow @quickcabymanish

#BilateralExercises #DefenceGK #StaticGK #CurrentAffairs #CompetitiveExams",2026-01-25T15:54:51+07:00,,3817750034650374911,threads,threads.com,threads_crawler_v1,https://www.threads.net/@quickcabymanish/post/DT7X23gkiL_,https://scontent-hkg4-1.cdninstagram.com/v/t51.2885-19/581362831_17846113356604462_529439664835419340_n.jpg?stp=dst-jpg_s150x150_tt6&efg=eyJ2ZW5jb2RlX3RhZyI6InByb2ZpbGVfcGljLmRqYW5nby41NjQuYzIifQ&_nc_ht=scontent-hkg4-1.cdninstagram.com&_nc_cat=110&_nc_oc=Q6cZ2QF5hGcGpoJken3DlH1AgTnbVkPby2HFlKMk-gzMoGFYv7JgA3Dk_5sHPT8rpfEwDfk&_nc_ohc=exmfQfHej2cQ7kNvwFTYznN&_nc_gid=IdHqFr53rKEb5nDzeMQKkA&edm=AJhczIQBAAAA&ccb=7-5&oh=00_AfqKSnXPWdYOUwdCwQjPGMeF2n6y5DbxhKa6PXZwPIy-kA&oe=697DE625&_nc_sid=4a2096,0,0,2,0,0,['https://scontent-hkg4-1.cdninstagram.com/v/t51.2885-15/620501852_17856660696604462_5742627972496892928_n.webp?efg=eyJ2ZW5jb2RlX3RhZyI6InRocmVhZHMuQ0FST1VTRUxfSVRFTS5pbWFnZV91cmxnZW4uODE1eDEwODAuc2RyLmY4Mjc4Ny5kZWZhdWx0X2ltYWdlLmMyIn0&_nc_ht=scontent-hkg4-1.cdninstagram.com&_nc_cat=110&_nc_oc=Q6cZ2QF5hGcGpoJken3DlH1AgTnbVkPby2HFlKMk-gzMoGFYv7JgA3Dk_5sHPT8rpfEwDfk&_nc_ohc=oTIQwci9JtwQ7kNvwENKhbE&_nc_gid=IdHqFr53rKEb5nDzeMQKkA&edm=AJhczIQBAAAA&ccb=7-5&ig_cache_key=MzgxNzc1MDAyOTM3Mzk5Mjk2OQ%3D%3D.3-ccb7-5&oh=00_AfpsuTslzTNiVRfOPxiqrrUKbPpiJCZQV-RmCcBrs99C_w&oe=697E02C0&_nc_sid=4a2096'],,https://www.threads.net/@quickcabymanish/post/DT7X23gkiL_,[],"{'likes': 2, 'reposts': 0, 'quotes': 0}",threads,3817750034650374911,Quick CA by Manish | Daily GA,,"Bilateral Defence Exercises 🇮🇳
Important Static GK From Defence & International Relations.
Must-Know For UPSC, CDS, AFCAT & Other Exams.

List Updated As On Today.
Follow @quickcabymanish

#BilateralExercises #DefenceGK #StaticGK #CurrentAffairs #CompetitiveExams",threads,78146396461,quickcabymanish
[],2026-01-27T09:42:44.255779+07:00,plans for today: look at my international relations degree and cry,2026-01-05T00:36:34+07:00,,3802792339484305131,threads,threads.com,threads_crawler_v1,https://www.threads.net/@blymcntyr/post/DTGO3wViebr,https://scontent-hkg1-2.cdninstagram.com/v/t51.2885-19/604137671_17856392907581575_3142306652506019144_n.jpg?stp=dst-jpg_s150x150_tt6&efg=eyJ2ZW5jb2RlX3RhZyI6InByb2ZpbGVfcGljLmRqYW5nby41NzIuYzIifQ&_nc_ht=scontent-hkg1-2.cdninstagram.com&_nc_cat=107&_nc_oc=Q6cZ2QF5hGcGpoJken3DlH1AgTnbVkPby2HFlKMk-gzMoGFYv7JgA3Dk_5sHPT8rpfEwDfk&_nc_ohc=rmQ4N1dYMsMQ7kNvwE3XKEX&_nc_gid=IdHqFr53rKEb5nDzeMQKkA&edm=AJhczIQBAAAA&ccb=7-5&oh=00_Afqpt9snzi1XsCTv5ISn-zFT54oclQmv9gdnO_BgX2irhQ&oe=697E0CE8&_nc_sid=4a2096,6,0,10,0,0,[],,https://www.threads.net/@blymcntyr/post/DTGO3wViebr,[],"{'likes': 10, 'reposts': 0, 'quotes': 0}",threads,3802792339484305131,bk,,plans for today: look at my international relations degree and cry,threads,77444845574,blymcntyr
[],2026-01-27T09:42:44.255932+07:00,"International relations, but make it kindergarten:
“Actually… you’re not invited anymore.” 😅",2026-01-23T12:16:28+07:00,,3816190565663542812,threads,threads.com,threads_crawler_v1,https://www.threads.net/@victors2003/post/DT11Rm1ko4c,https://scontent-hkg1-1.cdninstagram.com/v/t51.2885-19/573323465_1219825463302212_7278921664109726296_n.png?stp=dst-jpg_s150x150_tt6&efg=eyJ2ZW5jb2RlX3RhZyI6InByb2ZpbGVfcGljLmRqYW5nby4xNTAuYzIifQ&_nc_ht=scontent-hkg1-1.cdninstagram.com&_nc_cat=1&_nc_oc=Q6cZ2QF5hGcGpoJken3DlH1AgTnbVkPby2HFlKMk-gzMoGFYv7JgA3Dk_5sHPT8rpfEwDfk&_nc_ohc=5RbL11Zchq0Q7kNvwEomT2I&_nc_gid=IdHqFr53rKEb5nDzeMQKkA&edm=AJhczIQBAAAA&ccb=7-5&ig_cache_key=YW5vbnltb3VzX3Byb2ZpbGVfcGlj.3-ccb7-5&oh=00_AfrqE0hVhfSirQnfJAg1XVZci1dgTsncq_sBBKlO0dUzeQ&oe=697DF32A&_nc_sid=4a2096,3,0,17,0,0,['https://scontent-hkg4-1.cdninstagram.com/v/t39.30808-6/616566326_10173272131905156_2302954149478594430_n.jpg?stp=dst-jpg_e35_tt6&efg=eyJ2ZW5jb2RlX3RhZyI6InRocmVhZHMuRkVFRC5pbWFnZV91cmxnZW4uMTMyMHgxNDUyLnNkci5mMzA4MDguZGVmYXVsdF9pbWFnZS5jMiJ9&_nc_ht=scontent-hkg4-1.cdninstagram.com&_nc_cat=100&_nc_oc=Q6cZ2QF5hGcGpoJken3DlH1AgTnbVkPby2HFlKMk-gzMoGFYv7JgA3Dk_5sHPT8rpfEwDfk&_nc_ohc=1bWiEuL9nzIQ7kNvwH5y9MU&_nc_gid=IdHqFr53rKEb5nDzeMQKkA&edm=AJhczIQAAAAA&ccb=7-5&ig_cache_key=MzgxNjE5MDU2NTY2MzU0MjgxMg%3D%3D.3-ccb7-5&oh=00_Afrq_XPGU_WiieFjjOva1ZLAXsuoGUSppht6osi5RT2evg&oe=697DFA75&_nc_sid=4a2096'],,https://www.threads.net/@victors2003/post/DT11Rm1ko4c,[],"{'likes': 17, 'reposts': 0, 'quotes': 0}",threads,3816190565663542812,Victor Stinson,,"International relations, but make it kindergarten:
“Actually… you’re not invited anymore.” 😅",threads,65685005609,victors2003
[],2026-01-27T09:42:44.256084+07:00,"Trump arrived in Malaysia today. The traditional dance welcoming him right after landing, you can tell he was genuinely happy. Many may not like Trump, but when it comes to international relations, professionalism matters. Look at how Malaysia, under PMX’s leadership, hosted this ASEAN event with pride. Not everyone can lead like this💪🏻✨

And maybe, through stronger ties between the US and Malaysia, something good could come out of it, something beyond politics, for the greater good of humanity🤍",2025-10-26T11:07:10+07:00,,3751650648866894611,threads,threads.com,threads_crawler_v1,https://www.threads.net/@fsizzati/post/DQQimNXEzMT,https://scontent-hkg1-2.cdninstagram.com/v/t51.2885-19/619202164_17939327334103987_1877449843777865807_n.jpg?stp=dst-jpg_s150x150_tt6&efg=eyJ2ZW5jb2RlX3RhZyI6InByb2ZpbGVfcGljLmRqYW5nby42NTIuYzIifQ&_nc_ht=scontent-hkg1-2.cdninstagram.com&_nc_cat=107&_nc_oc=Q6cZ2QF5hGcGpoJken3DlH1AgTnbVkPby2HFlKMk-gzMoGFYv7JgA3Dk_5sHPT8rpfEwDfk&_nc_ohc=INZVK-i3h9UQ7kNvwFNqxlG&_nc_gid=IdHqFr53rKEb5nDzeMQKkA&edm=AJhczIQBAAAA&ccb=7-5&oh=00_AfpA4BADAJkUXeCP8e-U_0zicw7GklBczof4CQTTlmg__A&oe=697DE29C&_nc_sid=4a2096,34,0,1831,226,0,[],,https://www.threads.net/@fsizzati/post/DQQimNXEzMT,[],"{'likes': 1831, 'reposts': 217, 'quotes': 9}",threads,3751650648866894611,Fatin•Sis Cosec 🌷,,"Trump arrived in Malaysia today. The traditional dance welcoming him right after landing, you can tell he was genuinely happy. Many may not like Trump, but when it comes to international relations, professionalism matters. Look at how Malaysia, under PMX’s leadership, hosted this ASEAN event with pride. Not everyone can lead like this💪🏻✨

And maybe, through stronger ties between the US and Malaysia, something good could come out of it, something beyond politics, for the greater good of humanity🤍",threads,63038799986,fsizzati
[],2026-01-27T09:42:44.256252+07:00,"China declined an invitation from the United States to join the 'Board of Peace', an initiative aiming to end the conflict in Gaza. Chinese Embassy in India's spokesperson, Yu Jing wrote on X, ""China always practices true multilateralism...China will stay firmly committed to safeguarding the international system with the UN at its core...and basic norms governing international relations.""

world",2026-01-22T18:50:32+07:00,,3815664110525540616,threads,threads.com,threads_crawler_v1,https://www.threads.net/@buzz.indica/post/DTz9krSFOkI,https://scontent-hkg4-1.cdninstagram.com/v/t51.2885-19/488482154_2471630349847188_79667567004316627_n.jpg?stp=dst-jpg_s150x150_tt6&efg=eyJ2ZW5jb2RlX3RhZyI6InByb2ZpbGVfcGljLmRqYW5nby4xMDgwLmMyIn0&_nc_ht=scontent-hkg4-1.cdninstagram.com&_nc_cat=100&_nc_oc=Q6cZ2QF5hGcGpoJken3DlH1AgTnbVkPby2HFlKMk-gzMoGFYv7JgA3Dk_5sHPT8rpfEwDfk&_nc_ohc=yK2WK5wlDMgQ7kNvwF6OB9t&_nc_gid=IdHqFr53rKEb5nDzeMQKkA&edm=AJhczIQBAAAA&ccb=7-5&oh=00_Afp9a35Fp0LrofwAxT1UYjmvUL_2DxuEd_Zp7jS6wI4BFA&oe=697DF297&_nc_sid=4a2096,2,0,10,1,0,['https://scontent-hkg1-1.cdninstagram.com/v/t51.2885-15/619989296_17900031735364341_2946286452374930345_n.jpg?stp=dst-jpg_e35_tt6&efg=eyJ2ZW5jb2RlX3RhZyI6InRocmVhZHMuRkVFRC5pbWFnZV91cmxnZW4uMTA4MHgxMDg2LnNkci5mODI3ODcuZGVmYXVsdF9pbWFnZS5jMiJ9&_nc_ht=scontent-hkg1-1.cdninstagram.com&_nc_cat=109&_nc_oc=Q6cZ2QF5hGcGpoJken3DlH1AgTnbVkPby2HFlKMk-gzMoGFYv7JgA3Dk_5sHPT8rpfEwDfk&_nc_ohc=f9SqnBN8hLAQ7kNvwETL1to&_nc_gid=IdHqFr53rKEb5nDzeMQKkA&edm=AJhczIQBAAAA&ccb=7-5&ig_cache_key=MzgxNTY2NDExMDUyNTU0MDYxNg%3D%3D.3-ccb7-5&oh=00_Afox0Vzy1qnC5fZynRH8nbuiRccoNd4CszxR_wTSyUUf9g&oe=697DDCF5&_nc_sid=4a2096'],,https://www.threads.net/@buzz.indica/post/DTz9krSFOkI,[],"{'likes': 10, 'reposts': 1, 'quotes': 0}",threads,3815664110525540616,Buzz Indica,world,"China declined an invitation from the United States to join the 'Board of Peace', an initiative aiming to end the conflict in Gaza. Chinese Embassy in India's spokesperson, Yu Jing wrote on X, ""China always practices true multilateralism...China will stay firmly committed to safeguarding the international system with the UN at its core...and basic norms governing international relations.""

world",threads,70990196340,buzz.indica
[],2026-01-27T09:42:44.256404+07:00,"My thoughts on Sir Keir Starmer’s press conference this morning was that this was a pragmatic and measured response. I may not have agreed with it 100%, such are the subtleties of political differences; but fundamentally it is right to drive home the point that in international relations and diplomacy, it is not as simple as turning a light switch off and on, or going out to pick up the milk, as some pundits will fire off on social media.
1/2",2026-01-19T17:10:26+07:00,,3813439429352899270,threads,threads.com,threads_crawler_v1,https://www.threads.net/@matthudsontheunitedparty/post/DTsDvTfDELG,https://scontent-hkg1-2.cdninstagram.com/v/t51.2885-19/567747694_17852077680567823_254924401033401350_n.jpg?stp=dst-jpg_s150x150_tt6&efg=eyJ2ZW5jb2RlX3RhZyI6InByb2ZpbGVfcGljLmRqYW5nby43OTguYzIifQ&_nc_ht=scontent-hkg1-2.cdninstagram.com&_nc_cat=107&_nc_oc=Q6cZ2QF5hGcGpoJken3DlH1AgTnbVkPby2HFlKMk-gzMoGFYv7JgA3Dk_5sHPT8rpfEwDfk&_nc_ohc=q3iSvZB7TMAQ7kNvwFO7KDe&_nc_gid=IdHqFr53rKEb5nDzeMQKkA&edm=AJhczIQBAAAA&ccb=7-5&oh=00_Afqdjd5N48ONrqf4Aoq246J19jDg-JESoAMqyTrdL9XgGQ&oe=697DFCFE&_nc_sid=4a2096,2,0,16,3,0,[],,https://www.threads.net/@matthudsontheunitedparty/post/DTsDvTfDELG,[],"{'likes': 16, 'reposts': 2, 'quotes': 1}",threads,3813439429352899270,Matt Hudson,,"My thoughts on Sir Keir Starmer’s press conference this morning was that this was a pragmatic and measured response. I may not have agreed with it 100%, such are the subtleties of political differences; but fundamentally it is right to drive home the point that in international relations and diplomacy, it is not as simple as turning a light switch off and on, or going out to pick up the milk, as some pundits will fire off on social media.
1/2",threads,76979463822,matthudsontheunitedparty
[],2026-01-27T09:42:44.256555+07:00,BSc politics and international relations.,2026-01-23T04:53:54+07:00,,3815967822191612689,threads,threads.com,threads_crawler_v1,https://www.threads.net/@sageer__lehmiee/post/DT1CoQ0DVMR,https://scontent-hkg1-1.cdninstagram.com/v/t51.2885-19/473059650_2643476309373153_6056316585361324371_n.jpg?stp=dst-jpg_s150x150_tt6&efg=eyJ2ZW5jb2RlX3RhZyI6InByb2ZpbGVfcGljLmRqYW5nby4xMDAwLmMyIn0&_nc_ht=scontent-hkg1-1.cdninstagram.com&_nc_cat=109&_nc_oc=Q6cZ2QF5hGcGpoJken3DlH1AgTnbVkPby2HFlKMk-gzMoGFYv7JgA3Dk_5sHPT8rpfEwDfk&_nc_ohc=qP5S8WHHTIQQ7kNvwEIIBJj&_nc_gid=IdHqFr53rKEb5nDzeMQKkA&edm=AJhczIQBAAAA&ccb=7-5&oh=00_AfoXzz4NAU3_QfQ1zGmPjkZErg5SeVvazjpahYdQYaZuRA&oe=697DE8D6&_nc_sid=4a2096,0,0,9,1,0,['https://scontent-hkg1-1.cdninstagram.com/v/t51.2885-15/621163816_18050690453701921_7277803659150586653_n.jpg?se=-1&stp=dst-jpegr_e35_tt6&efg=eyJ2ZW5jb2RlX3RhZyI6InRocmVhZHMuQ0FST1VTRUxfSVRFTS5pbWFnZV91cmxnZW4uMTQ0MHgxOTIwLmhkci5mODI3ODcuZGVmYXVsdF9pbWFnZS5jMiJ9&_nc_ht=scontent-hkg1-1.cdninstagram.com&_nc_cat=101&_nc_oc=Q6cZ2QF5hGcGpoJken3DlH1AgTnbVkPby2HFlKMk-gzMoGFYv7JgA3Dk_5sHPT8rpfEwDfk&_nc_ohc=BxuKhUsW8fYQ7kNvwF8RcZr&_nc_gid=IdHqFr53rKEb5nDzeMQKkA&edm=AJhczIQBAAAA&ccb=7-5&ig_cache_key=MzgxNTk2NzgxMjEwMDA5Nzc5OA%3D%3D.3-ccb7-5&oh=00_AfotJ77fXmJohNYXvEb8Q664y4-kizvVybmckf7DZy2eTQ&oe=697E1053&_nc_sid=4a2096'],,https://www.threads.net/@sageer__lehmiee/post/DT1CoQ0DVMR,[],"{'likes': 9, 'reposts': 1, 'quotes': 0}",threads,3815967822191612689,Sageer Abubakar Lehmie,,BSc politics and international relations.,threads,63319553578,sageer__lehmiee
[],2026-01-27T09:42:44.256708+07:00,"Congratulations Mercedes 🍾🥂
B.A HISTORY AND INTERNATIONAL RELATIONS ( Combined Hons.) OBAFEMI AWOLOWO UNIVERSITY 🎓

Dress: @navanii_wardrobe
Hair: @cheriehairs",2025-12-12T18:07:13+07:00,,3785926524482493818,threads,threads.com,threads_crawler_v1,https://www.threads.net/@_mercy_mercedes/post/DSKUB2Fgh16,https://scontent-hkg4-2.cdninstagram.com/v/t51.2885-19/358359137_285316127243015_3586375863437002314_n.jpg?stp=dst-jpg_s150x150_tt6&efg=eyJ2ZW5jb2RlX3RhZyI6InByb2ZpbGVfcGljLmRqYW5nby45NjAuYzIifQ&_nc_ht=scontent-hkg4-2.cdninstagram.com&_nc_cat=111&_nc_oc=Q6cZ2QF5hGcGpoJken3DlH1AgTnbVkPby2HFlKMk-gzMoGFYv7JgA3Dk_5sHPT8rpfEwDfk&_nc_ohc=oEFD5LsPBZkQ7kNvwF3-_cd&_nc_gid=IdHqFr53rKEb5nDzeMQKkA&edm=AJhczIQBAAAA&ccb=7-5&oh=00_AfrLLl454p286E0LNQ8Qme6LIHjpx-4fe7ZiqEg-NDyiXQ&oe=697DE951&_nc_sid=4a2096,36,0,243,3,0,['https://scontent-hkg1-1.cdninstagram.com/v/t51.2885-15/587293695_18294877807277569_3975137513538162616_n.jpg?stp=dst-jpg_e35_tt6&efg=eyJ2ZW5jb2RlX3RhZyI6InRocmVhZHMuQ0FST1VTRUxfSVRFTS5pbWFnZV91cmxnZW4uMTI0MngxNjU2LnNkci5mODI3ODcuZGVmYXVsdF9pbWFnZS5jMiJ9&_nc_ht=scontent-hkg1-1.cdninstagram.com&_nc_cat=101&_nc_oc=Q6cZ2QF5hGcGpoJken3DlH1AgTnbVkPby2HFlKMk-gzMoGFYv7JgA3Dk_5sHPT8rpfEwDfk&_nc_ohc=y00ggy6wFQEQ7kNvwH8ANm3&_nc_gid=IdHqFr53rKEb5nDzeMQKkA&edm=AJhczIQBAAAA&ccb=7-5&ig_cache_key=Mzc4NTkyNjUwNTEzODM5ODY4NQ%3D%3D.3-ccb7-5&oh=00_AfpDz9GV3QRmRSp11QEA80zSKg_dZsfwVhFdgjcyAiCDbA&oe=697DE08A&_nc_sid=4a2096'],,https://www.threads.net/@_mercy_mercedes/post/DSKUB2Fgh16,[],"{'likes': 243, 'reposts': 3, 'quotes': 0}",threads,3785926524482493818,Mercy🖤,,"Congratulations Mercedes 🍾🥂
B.A HISTORY AND INTERNATIONAL RELATIONS ( Combined Hons.) OBAFEMI AWOLOWO UNIVERSITY 🎓

Dress: @navanii_wardrobe
Hair: @cheriehairs",threads,63426332101,_mercy_mercedes
[],2026-01-27T09:42:44.256857+07:00,"After attending Immaculate Heart High School, Meghan Markle double-majored in theater and international relations at Northwestern University.",2026-01-01T18:45:22+07:00,,3800441208821389624,threads,threads.com,threads_crawler_v1,https://www.threads.net/@thelistdaily/post/DS94STRjhk4,https://scontent-hkg1-2.cdninstagram.com/v/t51.2885-19/357911522_1491574518338618_7930020079796952361_n.jpg?stp=dst-jpg_s150x150_tt6&efg=eyJ2ZW5jb2RlX3RhZyI6InByb2ZpbGVfcGljLmRqYW5nby4xMDAwLmMyIn0&_nc_ht=scontent-hkg1-2.cdninstagram.com&_nc_cat=102&_nc_oc=Q6cZ2QF5hGcGpoJken3DlH1AgTnbVkPby2HFlKMk-gzMoGFYv7JgA3Dk_5sHPT8rpfEwDfk&_nc_ohc=eLcrqhePAMwQ7kNvwG9DAQA&_nc_gid=IdHqFr53rKEb5nDzeMQKkA&edm=AJhczIQBAAAA&ccb=7-5&oh=00_Afqi1dyka0iESu-FYKzKD9THNatxVxkopANaHC8ZSv6Y7w&oe=697DE76C&_nc_sid=4a2096,128,0,71,5,0,[],,https://www.threads.net/@thelistdaily/post/DS94STRjhk4,[],"{'likes': 71, 'reposts': 5, 'quotes': 0}",threads,3800441208821389624,The List,,"After attending Immaculate Heart High School, Meghan Markle double-majored in theater and international relations at Northwestern University.",threads,63382814711,thelistdaily
[],2026-01-27T09:42:44.257068+07:00,"🇮🇳🤝🌍 Big diplomatic moment
India hosts 22 Arab foreign ministers in Delhi.
📢India rises as a global diplomatic hub 🌍✨
By hosting 22 Arab foreign ministers, India reinforces its leadership in diplomacy, expanding ties in trade, cooperation, and strategic partnerships.
#IndiaDiplomacy #GlobalIndia #IndiaArabRelations #WorldNews #ForeignPolicy DiplomaticHub IndiaRising InternationalRelations GlobalCooperation NewDelhi",2026-01-25T21:02:49+07:00,,3817905038669172309,threads,threads.com,threads_crawler_v1,https://www.threads.net/@infoxpower/post/DT77GeQDM5V,https://scontent-hkg1-2.cdninstagram.com/v/t51.2885-19/621834693_17846003094673382_4597823682018983792_n.jpg?stp=dst-jpg_s150x150_tt6&efg=eyJ2ZW5jb2RlX3RhZyI6InByb2ZpbGVfcGljLmRqYW5nby4xMDgwLmMyIn0&_nc_ht=scontent-hkg1-2.cdninstagram.com&_nc_cat=102&_nc_oc=Q6cZ2QF5hGcGpoJken3DlH1AgTnbVkPby2HFlKMk-gzMoGFYv7JgA3Dk_5sHPT8rpfEwDfk&_nc_ohc=F-kAVs7JIAoQ7kNvwGr0Xlp&_nc_gid=IdHqFr53rKEb5nDzeMQKkA&edm=AJhczIQBAAAA&ccb=7-5&oh=00_AfpZel0xrZq9l-e4-1DE6nXz92zMZb64PkWHA-E9tmdxFw&oe=697DF33B&_nc_sid=4a2096,0,0,10,0,0,['https://scontent-hkg1-2.cdninstagram.com/v/t51.2885-15/620486064_17851098303664610_5481240432915444935_n.jpg?stp=dst-jpg_e35_tt6&efg=eyJ2ZW5jb2RlX3RhZyI6InRocmVhZHMuRkVFRC5pbWFnZV91cmxnZW4uMTQ0MHgxNzk4LnNkci5mODI3ODcuZGVmYXVsdF9pbWFnZS5jMiJ9&_nc_ht=scontent-hkg1-2.cdninstagram.com&_nc_cat=102&_nc_oc=Q6cZ2QF5hGcGpoJken3DlH1AgTnbVkPby2HFlKMk-gzMoGFYv7JgA3Dk_5sHPT8rpfEwDfk&_nc_ohc=5MMRz7bsB-4Q7kNvwFng29b&_nc_gid=IdHqFr53rKEb5nDzeMQKkA&edm=AJhczIQBAAAA&ccb=7-5&ig_cache_key=MzgxNzkwNTAzODY2OTE3MjMwOQ%3D%3D.3-ccb7-5&oh=00_Afo5UkOL_yX2IJl8CeuubJhOeTKQzMaUp9ql5Y4cwpI2Rw&oe=697DE16B&_nc_sid=4a2096'],,https://www.threads.net/@infoxpower/post/DT77GeQDM5V,[],"{'likes': 10, 'reposts': 0, 'quotes': 0}",threads,3817905038669172309,Infoxpower,,"🇮🇳🤝🌍 Big diplomatic moment
India hosts 22 Arab foreign ministers in Delhi.
📢India rises as a global diplomatic hub 🌍✨
By hosting 22 Arab foreign ministers, India reinforces its leadership in diplomacy, expanding ties in trade, cooperation, and strategic partnerships.
#IndiaDiplomacy #GlobalIndia #IndiaArabRelations #WorldNews #ForeignPolicy DiplomaticHub IndiaRising InternationalRelations GlobalCooperation NewDelhi",threads,80254441381,infoxpower
[],2026-01-27T09:42:44.257303+07:00,"International relations must be a joy right now...France, Italy, Germany, Japan all getting a front-row seat to our ‘leadership.’ 
The jokes write themselves, but the stakes aren’t funny. 
Bravo to @michelleisawolf",2025-09-20T02:51:04+07:00,,3725306561414448426,threads,threads.com,threads_crawler_v1,https://www.threads.net/@eyecandy60/post/DOy8pSAikUq,https://scontent-hkg4-1.cdninstagram.com/v/t51.2885-19/404287585_1355159618707196_5309117951459450794_n.jpg?stp=dst-jpg_s150x150_tt6&efg=eyJ2ZW5jb2RlX3RhZyI6InByb2ZpbGVfcGljLmRqYW5nby41MTIuYzIifQ&_nc_ht=scontent-hkg4-1.cdninstagram.com&_nc_cat=108&_nc_oc=Q6cZ2QF5hGcGpoJken3DlH1AgTnbVkPby2HFlKMk-gzMoGFYv7JgA3Dk_5sHPT8rpfEwDfk&_nc_ohc=kB0q9linZJsQ7kNvwGOksWk&_nc_gid=IdHqFr53rKEb5nDzeMQKkA&edm=AJhczIQBAAAA&ccb=7-5&oh=00_AfpKNsRMe7pWawlGbjmsguOcSHEiX9dYmvn9xOqw9GWvoQ&oe=697DFDD9&_nc_sid=4a2096,5,0,599,52,0,"['https://scontent-hkg4-2.cdninstagram.com/v/t51.2885-15/551372248_1519754579196803_1183681469312866184_n.jpg?stp=dst-jpg_e15_tt6&efg=eyJ2ZW5jb2RlX3RhZyI6InRocmVhZHMuRkVFRC5pbWFnZV91cmxnZW4uNjQweDExMzYuc2RyLmY3MTg3OC5kZWZhdWx0X2NvdmVyX2ZyYW1lLmMyIn0&_nc_ht=scontent-hkg4-2.cdninstagram.com&_nc_cat=111&_nc_oc=Q6cZ2QF5hGcGpoJken3DlH1AgTnbVkPby2HFlKMk-gzMoGFYv7JgA3Dk_5sHPT8rpfEwDfk&_nc_ohc=TL_ismIajG0Q7kNvwE5TiA-&_nc_gid=IdHqFr53rKEb5nDzeMQKkA&edm=AJhczIQBAAAA&ccb=7-5&ig_cache_key=MzcyNTMwNjU2MTQxNDQ0ODQyNg%3D%3D.3-ccb7-5&oh=00_AfoKAIsDK3j_BrCPK9z3LJR-MCvevvfwOJO58fY-XL5JfA&oe=697E06FB&_nc_sid=4a2096', 'https://scontent-hkg1-1.cdninstagram.com/o1/v/t16/f2/m69/AQNCrLkQe1c2gl-0aoI4lBmC9OtMMFnp-e2IwnjmDD9P6svkbR83zjlWC0aqVrcLMDOiJ45-KGqGRiki5zc9dsyz.mp4?strext=1&_nc_cat=105&_nc_sid=8bf8fe&_nc_ht=scontent-hkg1-1.cdninstagram.com&_nc_ohc=5ORa_pZAIfcQ7kNvwEVWpRV&efg=eyJ2ZW5jb2RlX3RhZyI6Inhwdl9wcm9ncmVzc2l2ZS5JTlNUQUdSQU0uRkVFRC5DMy41NDAucHJvZ3Jlc3NpdmVfaDI2NC1iYXNpYy1nZW4yXzcyMHAiLCJ4cHZfYXNzZXRfaWQiOjc4MjI0NjE0NDU2MDM5OSwiYXNzZXRfYWdlX2RheXMiOjEyOSwidmlfdXNlY2FzZV9pZCI6MTAxNjQsImR1cmF0aW9uX3MiOjYwLCJ1cmxnZW5fc291cmNlIjoid3d3In0%3D&ccb=17-1&_nc_gid=IdHqFr53rKEb5nDzeMQKkA&_nc_zt=28&oh=00_AfrfFouKXqowNjsas6Dla2WXWz44jdlXqfG8kdUMDGH-nw&oe=697DF4CF']",,https://www.threads.net/@eyecandy60/post/DOy8pSAikUq,[],"{'likes': 599, 'reposts': 47, 'quotes': 5}",threads,3725306561414448426,Gabriella Sannino,TrumpIsANationalDisgrace,"International relations must be a joy right now...France, Italy, Germany, Japan all getting a front-row seat to our ‘leadership.’ 
The jokes write themselves, but the stakes aren’t funny. 
Bravo to michelleisawolf",threads,63196097148,eyecandy60
[],2026-01-27T09:42:44.257499+07:00,"It’s great that our Prime Minister Dr Mark Carney is charting the way for Canada 🇨🇦 in trade , investments and International relations World wide 🌎 !!!",2025-11-25T02:04:49+07:00,,3773120948376036044,threads,threads.com,threads_crawler_v1,https://www.threads.net/@bloycemclellan/post/DRc0YL-ieLM,https://scontent-hkg4-2.cdninstagram.com/v/t51.2885-19/426137826_838773474945575_6700560550819131208_n.jpg?stp=dst-jpg_s150x150_tt6&efg=eyJ2ZW5jb2RlX3RhZyI6InByb2ZpbGVfcGljLmRqYW5nby4xMDgwLmMyIn0&_nc_ht=scontent-hkg4-2.cdninstagram.com&_nc_cat=111&_nc_oc=Q6cZ2QF5hGcGpoJken3DlH1AgTnbVkPby2HFlKMk-gzMoGFYv7JgA3Dk_5sHPT8rpfEwDfk&_nc_ohc=Hk09xYbs3bcQ7kNvwEqkjXP&_nc_gid=IdHqFr53rKEb5nDzeMQKkA&edm=AJhczIQBAAAA&ccb=7-5&oh=00_AfqmTSx18tBoda6m0ZE7QBf7O_uz_hVBXSiNAUdkiiAXfw&oe=697DFC6D&_nc_sid=4a2096,163,0,756,31,0,[],,https://www.threads.net/@bloycemclellan/post/DRc0YL-ieLM,[],"{'likes': 756, 'reposts': 31, 'quotes': 0}",threads,3773120948376036044,Bloyce McLellan,,"It’s great that our Prime Minister Dr Mark Carney is charting the way for Canada 🇨🇦 in trade , investments and International relations World wide 🌎 !!!",threads,64738432310,bloycemclellan
[],2026-01-27T09:42:44.257686+07:00,"Global tensions are rising.
One nation has chosen conflict over cooperation cutting ties with the U.S. and leaning on NATO as its shield.

Power shifts. Alliances harden.
The world is watching what happens next.

🌍⚠️

#WorldNews #Geopolitics #GlobalTensions #NATO #UnitedStates InternationalRelations BreakingNews GlobalConflict PowerShift",2026-01-18T02:14:07+07:00,,3812263505836150163,threads,threads.com,threads_crawler_v1,https://www.threads.net/@ianthebroker/post/DTn4XXXjI2T,https://scontent-hkg1-2.cdninstagram.com/v/t51.2885-19/515462035_18507519511050643_5415878883935240146_n.jpg?stp=dst-jpg_s150x150_tt6&efg=eyJ2ZW5jb2RlX3RhZyI6InByb2ZpbGVfcGljLmRqYW5nby45MzAuYzIifQ&_nc_ht=scontent-hkg1-2.cdninstagram.com&_nc_cat=107&_nc_oc=Q6cZ2QF5hGcGpoJken3DlH1AgTnbVkPby2HFlKMk-gzMoGFYv7JgA3Dk_5sHPT8rpfEwDfk&_nc_ohc=wkPKUqfAwAAQ7kNvwEGwUqb&_nc_gid=IdHqFr53rKEb5nDzeMQKkA&edm=AJhczIQBAAAA&ccb=7-5&oh=00_AfqkhrV9EaXP0mNPiwme9MaFV9-EBvu4i_ifDtgbrQf44g&oe=697E0737&_nc_sid=4a2096,124,0,167,31,0,"['https://scontent-hkg1-2.cdninstagram.com/v/t51.2885-15/619120479_871803392300632_7713043604398522838_n.jpg?stp=dst-jpg_e15_tt6&efg=eyJ2ZW5jb2RlX3RhZyI6InRocmVhZHMuRkVFRC5pbWFnZV91cmxnZW4uNjQweDExMzYuc2RyLmY3MTg3OC5kZWZhdWx0X2NvdmVyX2ZyYW1lLmMyIn0&_nc_ht=scontent-hkg1-2.cdninstagram.com&_nc_cat=104&_nc_oc=Q6cZ2QF5hGcGpoJken3DlH1AgTnbVkPby2HFlKMk-gzMoGFYv7JgA3Dk_5sHPT8rpfEwDfk&_nc_ohc=u3xAjlShOWIQ7kNvwGFszD4&_nc_gid=IdHqFr53rKEb5nDzeMQKkA&edm=AJhczIQBAAAA&ccb=7-5&ig_cache_key=MzgxMjI2MzUwNTgzNjE1MDE2Mw%3D%3D.3-ccb7-5&oh=00_Afpv5-bO9aSbxFrNCn6CX-yqKaB0m4otlFWuOFBFTAsNtw&oe=697DF2EC&_nc_sid=4a2096', 'https://scontent-hkg1-1.cdninstagram.com/o1/v/t16/f2/m69/AQOlSJDwTttLV9pjYk8k1qvt2dT_azMo5nnOZ-gHTUHZV7biL77xAtdTOm_ekzMB2GnXkBhjEQ9j_VA72MTrJm3Y.mp4?strext=1&_nc_cat=109&_nc_sid=5e9851&_nc_ht=scontent-hkg1-1.cdninstagram.com&_nc_ohc=KM3xoVFfkNkQ7kNvwGMxUvq&efg=eyJ2ZW5jb2RlX3RhZyI6Inhwdl9wcm9ncmVzc2l2ZS5JTlNUQUdSQU0uRkVFRC5DMy43MjAuZGFzaF9iYXNlbGluZV8xX3YxIiwieHB2X2Fzc2V0X2lkIjoxNzkzNjc3Mzg5NjExNTE1NywiYXNzZXRfYWdlX2RheXMiOjksInZpX3VzZWNhc2VfaWQiOjEwMDk5LCJkdXJhdGlvbl9zIjo2NiwidXJsZ2VuX3NvdXJjZSI6Ind3dyJ9&ccb=17-1&_nc_gid=IdHqFr53rKEb5nDzeMQKkA&_nc_zt=28&vs=5679b47335ba5a87&_nc_vs=HBksFQIYOnBhc3N0aHJvdWdoX2V2ZXJzdG9yZS9HTGU4dUNRUEZJTFRDWGtIQU1ldnpyRDl0eFlpYnNwVEFRQUYVAALIARIAFQIYUWlnX3hwdl9wbGFjZW1lbnRfcGVybWFuZW50X3YyL0RCNDI0ODczN0Q5QTZGREU2NTMxNDFCQTIwRDc3Njk5X2F1ZGlvX2Rhc2hpbml0Lm1wNBUCAsgBEgAoABgAGwKIB3VzZV9vaWwBMRJwcm9ncmVzc2l2ZV9yZWNpcGUBMRUAACaqz_TH09ncPxUCKAJDMywXQFCZmZmZmZoYEmRhc2hfYmFzZWxpbmVfMV92MREAdeoHZeadAQA&oh=00_AfonKsANc3hjqeAOemNpvk2i2qbGaGWgcOoP-UJLQQPfHw&oe=697DEE6B']",,https://www.threads.net/@ianthebroker/post/DTn4XXXjI2T,[],"{'likes': 167, 'reposts': 28, 'quotes': 3}",threads,3812263505836150163,Ian Rinehart | Central Florida | Realtor&Broker,,"Global tensions are rising.
One nation has chosen conflict over cooperation cutting ties with the U.S. and leaning on NATO as its shield.

Power shifts. Alliances harden.
The world is watching what happens next.

🌍⚠️

#WorldNews #Geopolitics #GlobalTensions #NATO #UnitedStates InternationalRelations BreakingNews GlobalConflict PowerShift",threads,63401707156,ianthebroker
[],2026-01-27T09:42:44.257881+07:00,"🎯 Mỗi ngày 10 từ IELTS theo chủ đề + 10 câu nối chuỗi tự nhiên
🧠 Học mạch logic, nhớ lâu gấp 3 lần.

📅 Ngày 24 – Chủ đề: Geopolitical Conflicts & International Relations (Xung đột địa chính trị & quan hệ quốc tế)",2025-10-26T07:25:05+07:00,,3751538874893120959,threads,threads.com,threads_crawler_v1,https://www.threads.net/@ielts_vocabulary_everyday/post/DQQJLrvErW_,https://scontent-hkg1-2.cdninstagram.com/v/t51.2885-19/559279231_17842082469596018_4018455406044642267_n.jpg?stp=dst-jpg_s150x150_tt6&efg=eyJ2ZW5jb2RlX3RhZyI6InByb2ZpbGVfcGljLmRqYW5nby4xMDgwLmMyIn0&_nc_ht=scontent-hkg1-2.cdninstagram.com&_nc_cat=102&_nc_oc=Q6cZ2QF5hGcGpoJken3DlH1AgTnbVkPby2HFlKMk-gzMoGFYv7JgA3Dk_5sHPT8rpfEwDfk&_nc_ohc=aATXZ7ss6NUQ7kNvwEHpXCC&_nc_gid=IdHqFr53rKEb5nDzeMQKkA&edm=AJhczIQBAAAA&ccb=7-5&oh=00_AfrSHLTDspzHtxwmQ-hwRegVdOlGtxwMQPF16lQIRS7pXA&oe=697DE5DC&_nc_sid=4a2096,3,0,20,3,0,[],,https://www.threads.net/@ielts_vocabulary_everyday/post/DQQJLrvErW_,[],"{'likes': 20, 'reposts': 3, 'quotes': 0}",threads,3751538874893120959,IELTS Everyday,,"🎯 Mỗi ngày 10 từ IELTS theo chủ đề + 10 câu nối chuỗi tự nhiên
🧠 Học mạch logic, nhớ lâu gấp 3 lần.

📅 Ngày 24 – Chủ đề: Geopolitical Conflicts & International Relations (Xung đột địa chính trị & quan hệ quốc tế)",threads,77766676017,ielts_vocabulary_everyday
[],2026-01-27T09:42:44.258032+07:00,"Chrystia Freeland is officially set to leave Canada and move to the U.K., where she will take on a major new global role as the next Warden of the Rhodes Trust starting July 2026. This marks a significant shift for one of Canada’s most influential political figures, known for her leadership in finance, trade, and international relations. Her appointment places her at the helm of one of the world’s most respected educational institutions, shaping future global leaders.",2025-11-24T13:06:13+07:00,,3772729068874869390,threads,threads.com,threads_crawler_v1,https://www.threads.net/@appraiseimmigration/post/DRbbRlwE6qO,https://scontent-hkg1-2.cdninstagram.com/v/t51.2885-19/476456825_2044146939391780_2215147090746839665_n.jpg?stp=dst-jpg_s150x150_tt6&efg=eyJ2ZW5jb2RlX3RhZyI6InByb2ZpbGVfcGljLmRqYW5nby4xMDgwLmMyIn0&_nc_ht=scontent-hkg1-2.cdninstagram.com&_nc_cat=104&_nc_oc=Q6cZ2QF5hGcGpoJken3DlH1AgTnbVkPby2HFlKMk-gzMoGFYv7JgA3Dk_5sHPT8rpfEwDfk&_nc_ohc=S1mqm84gEh4Q7kNvwFYxHIb&_nc_gid=IdHqFr53rKEb5nDzeMQKkA&edm=AJhczIQBAAAA&ccb=7-5&oh=00_AfrJ0jk-uLB-iw0HJSvXsVZFy4mk1uejNuvGjamKtlRyIQ&oe=697E0DFE&_nc_sid=4a2096,453,0,1393,77,0,['https://scontent-hkg4-1.cdninstagram.com/v/t51.2885-15/587547168_17928829506119250_2970122232710188029_n.webp?efg=eyJ2ZW5jb2RlX3RhZyI6InRocmVhZHMuRkVFRC5pbWFnZV91cmxnZW4uMTY4N3gyMTA5LnNkci5mODI3ODcuZGVmYXVsdF9pbWFnZS5jMiJ9&_nc_ht=scontent-hkg4-1.cdninstagram.com&_nc_cat=106&_nc_oc=Q6cZ2QF5hGcGpoJken3DlH1AgTnbVkPby2HFlKMk-gzMoGFYv7JgA3Dk_5sHPT8rpfEwDfk&_nc_ohc=_fV4J6wbZ54Q7kNvwF_c2-1&_nc_gid=IdHqFr53rKEb5nDzeMQKkA&edm=AJhczIQBAAAA&ccb=7-5&ig_cache_key=Mzc3MjcyOTA2ODg3NDg2OTM5MA%3D%3D.3-ccb7-5&oh=00_AfpDpwt_R_XCXcST2ZRw5fShepTiewsubhs4HLGy61GlNA&oe=697E1052&_nc_sid=4a2096'],,https://www.threads.net/@appraiseimmigration/post/DRbbRlwE6qO,[],"{'likes': 1393, 'reposts': 70, 'quotes': 7}",threads,3772729068874869390,Sunil Vyas - CICC MEMBER Appraise Immigration and Citizenship,,"Chrystia Freeland is officially set to leave Canada and move to the U.K., where she will take on a major new global role as the next Warden of the Rhodes Trust starting July 2026. This marks a significant shift for one of Canada’s most influential political figures, known for her leadership in finance, trade, and international relations. Her appointment places her at the helm of one of the world’s most respected educational institutions, shaping future global leaders.",threads,63373743249,appraiseimmigration
[],2026-01-27T09:42:44.258204+07:00,So… a solid chunk of all international relations  are negotiated by a few dozen wierdos who have all been threatening each other with mutual blackmail for a few decades? Is that…. Am I making reasonably plausible inferences here or has the general absurdity of 2025 fried my brain forever?,2025-09-27T09:39:42+07:00,,3730588131310627425,threads,threads.com,threads_crawler_v1,https://www.threads.net/@ektwrites/post/DPFtiPSDuph,https://scontent-hkg1-2.cdninstagram.com/v/t51.2885-19/358006839_972106607272012_4630691002306894261_n.jpg?stp=dst-jpg_s150x150_tt6&efg=eyJ2ZW5jb2RlX3RhZyI6InByb2ZpbGVfcGljLmRqYW5nby4xMDgwLmMyIn0&_nc_ht=scontent-hkg1-2.cdninstagram.com&_nc_cat=104&_nc_oc=Q6cZ2QF5hGcGpoJken3DlH1AgTnbVkPby2HFlKMk-gzMoGFYv7JgA3Dk_5sHPT8rpfEwDfk&_nc_ohc=pevD_Kfu9NcQ7kNvwHJlBhq&_nc_gid=IdHqFr53rKEb5nDzeMQKkA&edm=AJhczIQBAAAA&ccb=7-5&oh=00_Afq0lGz2X9NzGRlAUp0_t8ppC-pnkm-9407FZVKK4FPyJg&oe=697E0FCF&_nc_sid=4a2096,10,0,150,10,0,[],,https://www.threads.net/@ektwrites/post/DPFtiPSDuph,[],"{'likes': 150, 'reposts': 8, 'quotes': 2}",threads,3730588131310627425,Emily Thiede (Th-ee-d),,So… a solid chunk of all international relations  are negotiated by a few dozen wierdos who have all been threatening each other with mutual blackmail for a few decades? Is that…. Am I making reasonably plausible inferences here or has the general absurdity of 2025 fried my brain forever?,threads,63489520056,ektwrites
[],2026-01-27T09:42:44.258387+07:00,"The “Board of Peace” will take international relations and justice to a subscription model: $1 billion for BOP+, along with an ad-supported free tier.",2026-01-23T06:17:04+07:00,,3816009675884866749,threads,threads.com,threads_crawler_v1,https://www.threads.net/@basswaala/post/DT1MJUGkiy9,https://scontent-hkg1-2.cdninstagram.com/v/t51.2885-19/552429948_17899032393290990_3287498384304567333_n.jpg?stp=dst-jpg_s150x150_tt6&efg=eyJ2ZW5jb2RlX3RhZyI6InByb2ZpbGVfcGljLmRqYW5nby4xMDgwLmMyIn0&_nc_ht=scontent-hkg1-2.cdninstagram.com&_nc_cat=102&_nc_oc=Q6cZ2QF5hGcGpoJken3DlH1AgTnbVkPby2HFlKMk-gzMoGFYv7JgA3Dk_5sHPT8rpfEwDfk&_nc_ohc=nXQu4qaxE5EQ7kNvwE2jgFa&_nc_gid=IdHqFr53rKEb5nDzeMQKkA&edm=AJhczIQBAAAA&ccb=7-5&oh=00_Afp8mgv3VYKy3oJMV6Rwtco8iq4LJXHkB97l-9NstUDqYw&oe=697DE419&_nc_sid=4a2096,4,0,14,3,0,[],,https://www.threads.net/@basswaala/post/DT1MJUGkiy9,[],"{'likes': 14, 'reposts': 3, 'quotes': 0}",threads,3816009675884866749,Phantom Limb,,"The “Board of Peace” will take international relations and justice to a subscription model: $1 billion for BOP+, along with an ad-supported free tier.",threads,68849322989,basswaala
[],2026-01-27T09:42:44.258536+07:00,"Anybody wanna toss me $300 so I can read 1500 pages about international relations between the early Soviet Union and the west from 1930-1941? 

If so please DM 😘",2026-01-23T06:17:25+07:00,,3816009852666434787,threads,threads.com,threads_crawler_v1,https://www.threads.net/@zheray_kjr/post/DT1ML4vktTj,https://scontent-hkg1-2.cdninstagram.com/v/t51.2885-19/587902955_17937886791102607_3669372033605263485_n.jpg?stp=dst-jpg_s150x150_tt6&efg=eyJ2ZW5jb2RlX3RhZyI6InByb2ZpbGVfcGljLmRqYW5nby4xMDgwLmMyIn0&_nc_ht=scontent-hkg1-2.cdninstagram.com&_nc_cat=107&_nc_oc=Q6cZ2QF5hGcGpoJken3DlH1AgTnbVkPby2HFlKMk-gzMoGFYv7JgA3Dk_5sHPT8rpfEwDfk&_nc_ohc=fvo5A5kfbswQ7kNvwEFgZRz&_nc_gid=IdHqFr53rKEb5nDzeMQKkA&edm=AJhczIQBAAAA&ccb=7-5&oh=00_AfrIjPeuwRpqxfnSjbYfDoeb4xAowipUrCYW1cr_OGruzw&oe=697DE3F2&_nc_sid=4a2096,6,0,11,0,0,['https://scontent-hkg1-2.cdninstagram.com/v/t51.2885-15/619526360_17941690479102607_1671773464601992574_n.jpg?stp=dst-jpg_e35_tt6&efg=eyJ2ZW5jb2RlX3RhZyI6InRocmVhZHMuRkVFRC5pbWFnZV91cmxnZW4uMTI4MHg3MjAuc2RyLmY4Mjc4Ny5kZWZhdWx0X2ltYWdlLmMyIn0&_nc_ht=scontent-hkg1-2.cdninstagram.com&_nc_cat=107&_nc_oc=Q6cZ2QF5hGcGpoJken3DlH1AgTnbVkPby2HFlKMk-gzMoGFYv7JgA3Dk_5sHPT8rpfEwDfk&_nc_ohc=CNyC0up_CbgQ7kNvwFqLhMH&_nc_gid=IdHqFr53rKEb5nDzeMQKkA&edm=AJhczIQBAAAA&ccb=7-5&ig_cache_key=MzgxNjAwOTg1MjY2NjQzNDc4Nw%3D%3D.3-ccb7-5&oh=00_AfoMmr-X2rVpMx-AgvA1FeecU8vghTmiqyMYWPN0TcXgZA&oe=697DFD65&_nc_sid=4a2096'],,https://www.threads.net/@zheray_kjr/post/DT1ML4vktTj,[],"{'likes': 11, 'reposts': 0, 'quotes': 0}",threads,3816009852666434787,Zheray,,"Anybody wanna toss me $300 so I can read 1500 pages about international relations between the early Soviet Union and the west from 1930-1941? 

If so please DM 😘",threads,63077022606,zheray_kjr
