categories,collectDate,content,createDate,description,docId,docType,domain,fromCrawler,link,logoLink,numComments,numDislikes,numLikes,numShares,numViews,pictures,postId,postLink,provinces,reactions,source,sourceId,sourceName,tags,title,type,userId,userName
[],2026-01-09T17:10:50.265672+07:00,"Five years ago, an armed mob stormed the United States Capitol. Inspired by lies and hatred spewed by Donald Trump, they used brutal violence and intimidation in an attempt to overturn a free and fair election. And since returning to office, Trump pardoned the insurrectionists who betrayed their country.",2026-01-07T05:05:41+07:00,,3804377339300576389,threads,threads.com,threads_crawler_v1,https://www.threads.net/@kamalaharris/post/DTL3QicjnyF,https://instagram.fhan4-3.fna.fbcdn.net/v/t51.2885-19/403614080_887341436305788_8367426959911734528_n.jpg?stp=dst-jpg_s150x150_tt6&efg=eyJ2ZW5jb2RlX3RhZyI6InByb2ZpbGVfcGljLmRqYW5nby4xMDgwLmMxIn0&_nc_ht=instagram.fhan4-3.fna.fbcdn.net&_nc_cat=100&_nc_oc=Q6cZ2QGpeivPdZlEId8BDn-Yko6WrJ82qdMyeU5VZPA5c6KXNbx5i6NzYeignWw_n1HSstU&_nc_ohc=tiU4k2RLkrcQ7kNvwFmM4j7&_nc_gid=qahUfwTBhCLQgmC0pZEzKA&edm=AJhczIQBAAAA&ccb=7-5&oh=00_Afow88i6Wodya1ZG11tCuekf-Gzwli58kjY2eAimEvLTiA&oe=6966AFD5&_nc_sid=4a2096,996,0,24454,2328,0,['https://instagram.fhan3-4.fna.fbcdn.net/v/t51.2885-15/610695058_17942175666100804_3872680796744901271_n.jpg?stp=dst-jpg_e35_tt6&efg=eyJ2ZW5jb2RlX3RhZyI6InRocmVhZHMuRkVFRC5pbWFnZV91cmxnZW4uMjE2MHgxNDQwLnNkci5mODI3ODcuZGVmYXVsdF9pbWFnZS5jMSJ9&_nc_ht=instagram.fhan3-4.fna.fbcdn.net&_nc_cat=104&_nc_oc=Q6cZ2QGpeivPdZlEId8BDn-Yko6WrJ82qdMyeU5VZPA5c6KXNbx5i6NzYeignWw_n1HSstU&_nc_ohc=7sDOgl2byjcQ7kNvwFzn46o&_nc_gid=qahUfwTBhCLQgmC0pZEzKA&edm=AJhczIQBAAAA&ccb=7-5&ig_cache_key=MzgwNDM3NzMzOTMwMDU3NjM4OQ%3D%3D.3-ccb7-5&oh=00_AfrmZ68GNK3elFfpY0S_Y_pqLelhHjD8uhZUI-CZD9QBbw&oe=69668E17&_nc_sid=4a2096'],,https://www.threads.net/@kamalaharris/post/DTL3QicjnyF,[],"{'likes': 24454, 'reposts': 2256, 'quotes': 72}",threads,3804377339300576389,Kamala Harris,,"Five years ago, an armed mob stormed the United States Capitol. Inspired by lies and hatred spewed by Donald Trump, they used brutal violence and intimidation in an attempt to overturn a free and fair election. And since returning to office, Trump pardoned the insurrectionists who betrayed their country.",threads,63001388803,kamalaharris
[],2026-01-09T17:10:50.265821+07:00,"Minnesota has to come first - always.

Today, I’m proud of the work we’ve done to make Minnesota the best place to live and raise kids.

I’ve decided to step out of the race and let others worry about the election while I focus on the work.",2026-01-05T21:32:16+07:00,,3803424347974127601,threads,threads.com,threads_crawler_v1,https://www.threads.net/@mngovernor/post/DTIeksHEc_x,https://instagram.fhan3-3.fna.fbcdn.net/v/t51.2885-19/442445934_359906233741485_6622464694215525885_n.jpg?stp=dst-jpg_s150x150_tt6&efg=eyJ2ZW5jb2RlX3RhZyI6InByb2ZpbGVfcGljLmRqYW5nby44MTYuYzEifQ&_nc_ht=instagram.fhan3-3.fna.fbcdn.net&_nc_cat=1&_nc_oc=Q6cZ2QGpeivPdZlEId8BDn-Yko6WrJ82qdMyeU5VZPA5c6KXNbx5i6NzYeignWw_n1HSstU&_nc_ohc=JQPyzh5_9-UQ7kNvwFa87SY&_nc_gid=qahUfwTBhCLQgmC0pZEzKA&edm=AJhczIQBAAAA&ccb=7-5&oh=00_AfrVuneSGVfHx8yPw-X0ZoJzRzX69YloPNyyOyl7qjTT_A&oe=6966901F&_nc_sid=4a2096,1711,0,20243,1133,0,['https://instagram.fhan4-6.fna.fbcdn.net/v/t51.2885-15/611644919_17935273383118533_3699415620098659499_n.jpg?stp=dst-jpg_e35_tt6&efg=eyJ2ZW5jb2RlX3RhZyI6InRocmVhZHMuQ0FST1VTRUxfSVRFTS5pbWFnZV91cmxnZW4uMTQ0MHgxNzA2LnNkci5mODI3ODcuZGVmYXVsdF9pbWFnZS5jMSJ9&_nc_ht=instagram.fhan4-6.fna.fbcdn.net&_nc_cat=109&_nc_oc=Q6cZ2QGpeivPdZlEId8BDn-Yko6WrJ82qdMyeU5VZPA5c6KXNbx5i6NzYeignWw_n1HSstU&_nc_ohc=ATndPs4-F5wQ7kNvwGfWOIl&_nc_gid=qahUfwTBhCLQgmC0pZEzKA&edm=AJhczIQBAAAA&ccb=7-5&ig_cache_key=MzgwMzQyNDM0Mjc5ODMxNjA4NQ%3D%3D.3-ccb7-5&oh=00_Afrxch0B3AtsZIafshm593jeFC2wKPi-5Loh_-WXtd7W_g&oe=6966B84E&_nc_sid=4a2096'],,https://www.threads.net/@mngovernor/post/DTIeksHEc_x,[],"{'likes': 20243, 'reposts': 929, 'quotes': 204}",threads,3803424347974127601,Governor Tim Walz,,"Minnesota has to come first - always.

Today, I’m proud of the work we’ve done to make Minnesota the best place to live and raise kids.

I’ve decided to step out of the race and let others worry about the election while I focus on the work.",threads,63409758532,mngovernor
[],2026-01-09T17:10:50.265873+07:00,"Don't let this Jan 6th point get lost:

Jack Smith testified to Congress he had ""proof beyond a reasonable doubt that President Trump engaged in a criminal scheme to overturn the results of the 2020 election.""

In other words, he could prove in court that Trump attempted a coup.",2026-01-07T03:04:00+07:00,,3804316091388901542,threads,threads.com,threads_crawler_v1,https://www.threads.net/@senwarren/post/DTLpVQ4ibim,https://instagram.fhan4-3.fna.fbcdn.net/v/t51.2885-19/361967459_6539907769408762_6963381960343879035_n.jpg?stp=dst-jpg_s150x150_tt6&efg=eyJ2ZW5jb2RlX3RhZyI6InByb2ZpbGVfcGljLmRqYW5nby4xNTAuYzEifQ&_nc_ht=instagram.fhan4-3.fna.fbcdn.net&_nc_cat=110&_nc_oc=Q6cZ2QGpeivPdZlEId8BDn-Yko6WrJ82qdMyeU5VZPA5c6KXNbx5i6NzYeignWw_n1HSstU&_nc_ohc=0LHGXMJTDeEQ7kNvwEAKo8i&_nc_gid=qahUfwTBhCLQgmC0pZEzKA&edm=AJhczIQBAAAA&ccb=7-5&oh=00_AfoqQ1Atacx9HyxTdKNNqn292Amz4dsMCkhIpWiTtgPY8g&oe=6966A85A&_nc_sid=4a2096,1156,0,27112,3207,0,[],,https://www.threads.net/@senwarren/post/DTLpVQ4ibim,[],"{'likes': 27112, 'reposts': 3117, 'quotes': 90}",threads,3804316091388901542,Elizabeth Warren,,"Don't let this Jan 6th point get lost:

Jack Smith testified to Congress he had ""proof beyond a reasonable doubt that President Trump engaged in a criminal scheme to overturn the results of the 2020 election.""

In other words, he could prove in court that Trump attempted a coup.",threads,63505281301,senwarren
[],2026-01-09T17:10:50.265928+07:00,"Trump has tried to bury the truth of what happened on Jan. 6, 2021. NPR built a visual archive of the attack on the Capitol, showing exactly what happened through the lenses of the people who were there. In ""Chapter 2: Stop the Steal,"" we look at how false claims of a stolen election mobilized Trump supporters.",2026-01-06T20:20:54+07:00,,3804113150879341840,threads,threads.com,threads_crawler_v1,https://www.threads.net/@npr/post/DTK7MFzjh0Q,https://instagram.fhan3-4.fna.fbcdn.net/v/t51.2885-19/482772972_1667625477187710_2015575076056297992_n.jpg?stp=dst-jpg_s150x150_tt6&efg=eyJ2ZW5jb2RlX3RhZyI6InByb2ZpbGVfcGljLmRqYW5nby4xMDgwLmMxIn0&_nc_ht=instagram.fhan3-4.fna.fbcdn.net&_nc_cat=106&_nc_oc=Q6cZ2QGpeivPdZlEId8BDn-Yko6WrJ82qdMyeU5VZPA5c6KXNbx5i6NzYeignWw_n1HSstU&_nc_ohc=Ej5-nx3XaAgQ7kNvwETaIe7&_nc_gid=qahUfwTBhCLQgmC0pZEzKA&edm=AJhczIQBAAAA&ccb=7-5&oh=00_AfosFrMuHskBe9BvEA_EGw3yAYtrh-ZP9Z5p8QAViHqsCw&oe=69669C28&_nc_sid=4a2096,92,0,10141,2268,0,[],,https://www.threads.net/@npr/post/DTK7MFzjh0Q,[],"{'likes': 10141, 'reposts': 2175, 'quotes': 93}",threads,3804113150879341840,NPR,,"Trump has tried to bury the truth of what happened on Jan. 6, 2021. NPR built a visual archive of the attack on the Capitol, showing exactly what happened through the lenses of the people who were there. In ""Chapter 2: Stop the Steal,"" we look at how false claims of a stolen election mobilized Trump supporters.",threads,63418112866,npr
[],2026-01-09T17:10:50.265989+07:00,Every Democrat in the House will vote for Thomas Massie to replace MAGA Mike as Speaker interim to the 2026 election.,2026-01-08T10:26:48+07:00,,3805263734156657333,threads,threads.com,threads_crawler_v1,https://www.threads.net/@nwowatcher/post/DTPAzR_FYK1,https://instagram.fhan3-3.fna.fbcdn.net/v/t51.2885-19/358935910_3469873539944484_2121854215825881250_n.jpg?stp=dst-jpg_s150x150_tt6&efg=eyJ2ZW5jb2RlX3RhZyI6InByb2ZpbGVfcGljLmRqYW5nby4xMDgwLmMxIn0&_nc_ht=instagram.fhan3-3.fna.fbcdn.net&_nc_cat=1&_nc_oc=Q6cZ2QGpeivPdZlEId8BDn-Yko6WrJ82qdMyeU5VZPA5c6KXNbx5i6NzYeignWw_n1HSstU&_nc_ohc=NGKyZD8T3BkQ7kNvwFjqnUQ&_nc_gid=qahUfwTBhCLQgmC0pZEzKA&edm=AJhczIQBAAAA&ccb=7-5&oh=00_AfpbKB7z24BQRdM1a1fVxRnd7om_jeXkirifUmu6m114Wg&oe=696692D4&_nc_sid=4a2096,104,0,7054,357,0,[],,https://www.threads.net/@nwowatcher/post/DTPAzR_FYK1,[],"{'likes': 7054, 'reposts': 354, 'quotes': 3}",threads,3805263734156657333,NWO Watcher,,Every Democrat in the House will vote for Thomas Massie to replace MAGA Mike as Speaker interim to the 2026 election.,threads,63447980067,nwowatcher
[],2026-01-09T17:10:50.266034+07:00,"Rumors are spreading on Capitol Hill that Tim Walz might be announcing his plan to drop out of his re-election campaign tomorrow.

Republicans have tortured his family and harassed his children. Bullying a veteran out of politics is beyond despicable.

There is nothing more anti-American than MAGA.",2026-01-05T13:33:55+07:00,,3803183593171058994,threads,threads.com,threads_crawler_v1,https://www.threads.net/@johnnypalmadessa/post/DTHn1PujgEy,https://instagram.fhan3-3.fna.fbcdn.net/v/t51.2885-19/430050566_7637163179627615_2506798217314808348_n.jpg?stp=dst-jpg_s150x150_tt6&efg=eyJ2ZW5jb2RlX3RhZyI6InByb2ZpbGVfcGljLmRqYW5nby4xMDgwLmMxIn0&_nc_ht=instagram.fhan3-3.fna.fbcdn.net&_nc_cat=1&_nc_oc=Q6cZ2QGpeivPdZlEId8BDn-Yko6WrJ82qdMyeU5VZPA5c6KXNbx5i6NzYeignWw_n1HSstU&_nc_ohc=w2fulze0DcsQ7kNvwGIPlVE&_nc_gid=qahUfwTBhCLQgmC0pZEzKA&edm=AJhczIQBAAAA&ccb=7-5&oh=00_AfqBrosC7LSfiCFAFAJdL3oB2IPz6IGWKhv3p9CqOMDr2Q&oe=6966BDF3&_nc_sid=4a2096,2535,0,23945,1509,0,[],,https://www.threads.net/@johnnypalmadessa/post/DTHn1PujgEy,[],"{'likes': 23945, 'reposts': 1457, 'quotes': 52}",threads,3803183593171058994,Johnny Palmadessa,,"Rumors are spreading on Capitol Hill that Tim Walz might be announcing his plan to drop out of his re-election campaign tomorrow.

Republicans have tortured his family and harassed his children. Bullying a veteran out of politics is beyond despicable.

There is nothing more anti-American than MAGA.",threads,63269167923,johnnypalmadessa
[],2026-01-09T17:10:50.266078+07:00,"BREAKING -- Republicans on cusp of LOSING HOUSE

GOP Rep. Doug LaMalfa has suddenly died - just as Marjorie Taylor Greene officially resigned from Congress

Dems will add a seat 1/31 after special election runoff in TX-18

By 2/1, Mike Johnson can only afford to lose ONE vote",2026-01-07T04:38:36+07:00,,3804363706738477774,threads,threads.com,threads_crawler_v1,https://www.threads.net/@tristansnell/post/DTL0KKIiQrO,https://instagram.fhan4-6.fna.fbcdn.net/v/t51.2885-19/136093378_421861675911620_4158379823812894006_n.jpg?stp=dst-jpg_s150x150_tt6&efg=eyJ2ZW5jb2RlX3RhZyI6InByb2ZpbGVfcGljLmRqYW5nby4xMDAwLmMxIn0&_nc_ht=instagram.fhan4-6.fna.fbcdn.net&_nc_cat=108&_nc_oc=Q6cZ2QGpeivPdZlEId8BDn-Yko6WrJ82qdMyeU5VZPA5c6KXNbx5i6NzYeignWw_n1HSstU&_nc_ohc=s9dl701Rf9UQ7kNvwE9nSmm&_nc_gid=qahUfwTBhCLQgmC0pZEzKA&edm=AJhczIQBAAAA&ccb=7-5&oh=00_AfohntxyH_4vEB0Bq9IpM-tVw5LCnRTTq1RDtkyqdhmRmw&oe=69669773&_nc_sid=4a2096,266,0,8440,705,0,[],,https://www.threads.net/@tristansnell/post/DTL0KKIiQrO,[],"{'likes': 8440, 'reposts': 671, 'quotes': 34}",threads,3804363706738477774,Tristan Snell,,"BREAKING -- Republicans on cusp of LOSING HOUSE

GOP Rep. Doug LaMalfa has suddenly died - just as Marjorie Taylor Greene officially resigned from Congress

Dems will add a seat 1/31 after special election runoff in TX-18

By 2/1, Mike Johnson can only afford to lose ONE vote",threads,63407359971,tristansnell
[],2026-01-09T17:10:50.266123+07:00,"🚨 Tomorrow is Election Day, and we have a chance to flip a South Carolina House seat blue!

South Carolina State House 98
🔵 Sonja Ogletree-Satani
🔴 Greg Ford

This is a Trump +7 district that is well within reach. If you live in South Carolina, GET OUT AND VOTE!!!",2026-01-06T00:49:07+07:00,,3803523430058376178,threads,threads.com,threads_crawler_v1,https://www.threads.net/@noahprince.2/post/DTI1GhfgTvy,https://instagram.fhan4-3.fna.fbcdn.net/v/t51.2885-19/610541708_17935891290115594_2127250662555528083_n.jpg?stp=dst-jpg_s150x150_tt6&efg=eyJ2ZW5jb2RlX3RhZyI6InByb2ZpbGVfcGljLmRqYW5nby4xMDgwLmMxIn0&_nc_ht=instagram.fhan4-3.fna.fbcdn.net&_nc_cat=110&_nc_oc=Q6cZ2QGpeivPdZlEId8BDn-Yko6WrJ82qdMyeU5VZPA5c6KXNbx5i6NzYeignWw_n1HSstU&_nc_ohc=qMDGDfk7GdMQ7kNvwFDv6wH&_nc_gid=qahUfwTBhCLQgmC0pZEzKA&edm=AJhczIQBAAAA&ccb=7-5&oh=00_AfqGSCmC1_91R4OxeIGewLaAsssw7-t_c9FP1UpNhtP6cQ&oe=6966BA3A&_nc_sid=4a2096,127,0,1630,479,0,['https://instagram.fhan4-3.fna.fbcdn.net/v/t51.2885-15/609731440_17935962360115594_3529869616067503912_n.jpg?stp=cp6_dst-jpg_e35_tt6&efg=eyJ2ZW5jb2RlX3RhZyI6InRocmVhZHMuRkVFRC5pbWFnZV91cmxnZW4uMTIwNng5NjQuc2RyLmY4Mjc4Ny5kZWZhdWx0X2ltYWdlLmMxIn0&_nc_ht=instagram.fhan4-3.fna.fbcdn.net&_nc_cat=110&_nc_oc=Q6cZ2QGpeivPdZlEId8BDn-Yko6WrJ82qdMyeU5VZPA5c6KXNbx5i6NzYeignWw_n1HSstU&_nc_ohc=pWs9zMX_KZIQ7kNvwF5aUQJ&_nc_gid=qahUfwTBhCLQgmC0pZEzKA&edm=AJhczIQBAAAA&ccb=7-5&ig_cache_key=MzgwMzUyMzQzMDA1ODM3NjE3OA%3D%3D.3-ccb7-5&oh=00_AfqsnNA0iPpBm6chSLDpOU0tfp1zjUjrM-MTWEA447f2GA&oe=6966C1C9&_nc_sid=4a2096'],,https://www.threads.net/@noahprince.2/post/DTI1GhfgTvy,[],"{'likes': 1630, 'reposts': 437, 'quotes': 42}",threads,3803523430058376178,Michael Jackson II,,"🚨 Tomorrow is Election Day, and we have a chance to flip a South Carolina House seat blue!

South Carolina State House 98
🔵 Sonja Ogletree-Satani
🔴 Greg Ford

This is a Trump +7 district that is well within reach. If you live in South Carolina, GET OUT AND VOTE!!!",threads,63440867593,noahprince.2
[],2026-01-09T17:10:50.266167+07:00,"Breaking News!!!
The Georgia 14 special election to replace Marjorie Taylor Greene will be held on March 10. We have 62 days to shock the world and make history. Let’s get this done, NWGA!",2026-01-07T01:31:18+07:00,,3804269433682214552,threads,threads.com,threads_crawler_v1,https://www.threads.net/@shawnharrisforga/post/DTLeuTggT6Y,https://instagram.fhan4-1.fna.fbcdn.net/v/t51.2885-19/504146673_17912971251134681_1370822384803032287_n.jpg?stp=dst-jpg_s150x150_tt6&efg=eyJ2ZW5jb2RlX3RhZyI6InByb2ZpbGVfcGljLmRqYW5nby4xMDgwLmMxIn0&_nc_ht=instagram.fhan4-1.fna.fbcdn.net&_nc_cat=105&_nc_oc=Q6cZ2QGpeivPdZlEId8BDn-Yko6WrJ82qdMyeU5VZPA5c6KXNbx5i6NzYeignWw_n1HSstU&_nc_ohc=2pFoeBoR_30Q7kNvwE_7FqQ&_nc_gid=qahUfwTBhCLQgmC0pZEzKA&edm=AJhczIQBAAAA&ccb=7-5&oh=00_Afr5H_1ibNwB6q44pxvupwWyAo7pFlTZ9UiPMeQSSJ4i9Q&oe=69668A9B&_nc_sid=4a2096,100,0,13619,1386,0,[],,https://www.threads.net/@shawnharrisforga/post/DTLeuTggT6Y,[],"{'likes': 13619, 'reposts': 1333, 'quotes': 53}",threads,3804269433682214552,Shawn Harris,,"Breaking News!!!
The Georgia 14 special election to replace Marjorie Taylor Greene will be held on March 10. We have 62 days to shock the world and make history. Let’s get this done, NWGA!",threads,63938398680,shawnharrisforga
[],2026-01-09T17:10:50.266211+07:00,"BREAKING:

Democrat Charlie Schmidt has defeated Republican Richard Stonage in the Virginia House of Delegates District 77 Special Election.

This is a 🔵 hold.",2026-01-07T07:26:19+07:00,,3804448119069646666,threads,threads.com,threads_crawler_v1,https://www.threads.net/@thedatanerd13/post/DTMHWhPjJ9K,https://instagram.fhan3-3.fna.fbcdn.net/v/t51.2885-19/539703815_17920225065117302_5912857341592279011_n.jpg?stp=dst-jpg_s150x150_tt6&efg=eyJ2ZW5jb2RlX3RhZyI6InByb2ZpbGVfcGljLmRqYW5nby4xMDgwLmMxIn0&_nc_ht=instagram.fhan3-3.fna.fbcdn.net&_nc_cat=1&_nc_oc=Q6cZ2QGpeivPdZlEId8BDn-Yko6WrJ82qdMyeU5VZPA5c6KXNbx5i6NzYeignWw_n1HSstU&_nc_ohc=XZ_ihXt2zPQQ7kNvwEuzuQA&_nc_gid=qahUfwTBhCLQgmC0pZEzKA&edm=AJhczIQBAAAA&ccb=7-5&oh=00_AfoScb41KRsdoYoJdo6n92G45XhAAsXNPGuB6XJ2mLUJnQ&oe=69669EAC&_nc_sid=4a2096,242,0,54046,1671,0,['https://instagram.fhan4-5.fna.fbcdn.net/v/t51.2885-15/612050501_17936410926117302_1875239751903378_n.jpg?stp=dst-jpg_e35_tt6&efg=eyJ2ZW5jb2RlX3RhZyI6InRocmVhZHMuRkVFRC5pbWFnZV91cmxnZW4uMTAyNHg2ODQuc2RyLmY4Mjc4Ny5kZWZhdWx0X2ltYWdlLmMxIn0&_nc_ht=instagram.fhan4-5.fna.fbcdn.net&_nc_cat=102&_nc_oc=Q6cZ2QGpeivPdZlEId8BDn-Yko6WrJ82qdMyeU5VZPA5c6KXNbx5i6NzYeignWw_n1HSstU&_nc_ohc=w-SboKVIpP8Q7kNvwHAAbRe&_nc_gid=qahUfwTBhCLQgmC0pZEzKA&edm=AJhczIQBAAAA&ccb=7-5&ig_cache_key=MzgwNDQ0ODExOTA2OTY0NjY2Ng%3D%3D.3-ccb7-5&oh=00_AfoixSmgJYLHfYPWn12GX96HZibaL-6q7VN04UYzxH3iSg&oe=69669A61&_nc_sid=4a2096'],,https://www.threads.net/@thedatanerd13/post/DTMHWhPjJ9K,[],"{'likes': 54046, 'reposts': 1626, 'quotes': 45}",threads,3804448119069646666,Gaganmeet Singh,,"BREAKING:

Democrat Charlie Schmidt has defeated Republican Richard Stonage in the Virginia House of Delegates District 77 Special Election.

This is a 🔵 hold.",threads,63401125301,thedatanerd13
[],2026-01-09T17:10:50.266251+07:00,"Even though Maduro is an evil criminal who stole an election, and is probably guilty of the charges in the indictment, the operation to seize him brazenly violated domestic and international law.",2026-01-04T00:04:01+07:00,,3802051154705221193,threads,threads.com,threads_crawler_v1,https://www.threads.net/@gtconway3/post/DTDmWGOEYZJ,https://instagram.fhan4-6.fna.fbcdn.net/v/t51.2885-19/612046817_17940632463107084_1837861070267087388_n.jpg?stp=dst-jpg_s150x150_tt6&efg=eyJ2ZW5jb2RlX3RhZyI6InByb2ZpbGVfcGljLmRqYW5nby45NTkuYzEifQ&_nc_ht=instagram.fhan4-6.fna.fbcdn.net&_nc_cat=108&_nc_oc=Q6cZ2QGpeivPdZlEId8BDn-Yko6WrJ82qdMyeU5VZPA5c6KXNbx5i6NzYeignWw_n1HSstU&_nc_ohc=pt6PPn--TkAQ7kNvwHDYAog&_nc_gid=qahUfwTBhCLQgmC0pZEzKA&edm=AJhczIQBAAAA&ccb=7-5&oh=00_AfqYtvjwMvhNRkNFXVKbVXpBO0YIqnVtPOxLAjEIYPBoVg&oe=69669BB1&_nc_sid=4a2096,594,0,10027,797,0,[],,https://www.threads.net/@gtconway3/post/DTDmWGOEYZJ,[],"{'likes': 10027, 'reposts': 766, 'quotes': 31}",threads,3802051154705221193,George Conway,,"Even though Maduro is an evil criminal who stole an election, and is probably guilty of the charges in the indictment, the operation to seize him brazenly violated domestic and international law.",threads,63311315083,gtconway3
[],2026-01-09T17:10:50.266292+07:00,If you voted in South Carolina's 98th district special election in Dorchester County please check the status of your provisional or mail in ballot.  ,2026-01-07T21:02:33+07:00,,3804858944485960738,threads,threads.com,threads_crawler_v1,https://www.threads.net/@texaspaulschroder/post/DTNkw0Ojawi,https://instagram.fhan3-3.fna.fbcdn.net/v/t51.2885-19/358505374_1589819274877165_6421515960626054967_n.jpg?stp=dst-jpg_s150x150_tt6&efg=eyJ2ZW5jb2RlX3RhZyI6InByb2ZpbGVfcGljLmRqYW5nby40MDAuYzEifQ&_nc_ht=instagram.fhan3-3.fna.fbcdn.net&_nc_cat=101&_nc_oc=Q6cZ2QGpeivPdZlEId8BDn-Yko6WrJ82qdMyeU5VZPA5c6KXNbx5i6NzYeignWw_n1HSstU&_nc_ohc=iqN1up-YgjgQ7kNvwFBYGHD&_nc_gid=qahUfwTBhCLQgmC0pZEzKA&edm=AJhczIQBAAAA&ccb=7-5&oh=00_AfpotZyU0YZxcK7CZQtInI2HoJqlT5101Pz43P8a30NlhQ&oe=696691ED&_nc_sid=4a2096,4,0,327,135,0,[],,https://www.threads.net/@texaspaulschroder/post/DTNkw0Ojawi,[],"{'likes': 327, 'reposts': 132, 'quotes': 3}",threads,3804858944485960738,Paul Schroder,,If you voted in South Carolina's 98th district special election in Dorchester County please check the status of your provisional or mail in ballot.  https://scvotes.gov/voters/,threads,63141262968,texaspaulschroder
[],2026-01-09T17:10:50.266338+07:00,"Ex-CIA Whistleblower, Adam Zarnowski:
“In December 2024, I was personally involved in an NSA‑authorized forensic audit of the 2024 election. Kamala Harris and Tim Walz won—by a wide margin. Trump lost dramatically. There are multiple layers of complexity to this cover‑up.""",2025-08-01T10:02:00+07:00,,3689287141494520718,threads,threads.com,threads_crawler_v1,https://www.threads.net/@candicezeemunchkins/post/DMy-xvHMnuO,https://instagram.fhan4-6.fna.fbcdn.net/v/t51.2885-19/587815717_17933442225113685_4215598109424574374_n.jpg?stp=dst-jpg_s150x150_tt6&efg=eyJ2ZW5jb2RlX3RhZyI6InByb2ZpbGVfcGljLmRqYW5nby4xMDgwLmMxIn0&_nc_ht=instagram.fhan4-6.fna.fbcdn.net&_nc_cat=109&_nc_oc=Q6cZ2QGpeivPdZlEId8BDn-Yko6WrJ82qdMyeU5VZPA5c6KXNbx5i6NzYeignWw_n1HSstU&_nc_ohc=h_dJGnI5hRQQ7kNvwFGa9xH&_nc_gid=qahUfwTBhCLQgmC0pZEzKA&edm=AJhczIQBAAAA&ccb=7-5&oh=00_AfqA_n3cfxTtmHegCsxk0uI1zPoFqGeBHxf0huUYREyXEQ&oe=69668F6E&_nc_sid=4a2096,646,0,20063,2844,0,[],,https://www.threads.net/@candicezeemunchkins/post/DMy-xvHMnuO,[],"{'likes': 20063, 'reposts': 2738, 'quotes': 106}",threads,3689287141494520718,Candice Zee,,"Ex-CIA Whistleblower, Adam Zarnowski:
“In December 2024, I was personally involved in an NSA‑authorized forensic audit of the 2024 election. Kamala Harris and Tim Walz won—by a wide margin. Trump lost dramatically. There are multiple layers of complexity to this cover‑up.""",threads,63478129684,candicezeemunchkins
[],2026-01-09T17:10:50.266518+07:00,"The evidence is more than clear:

Suppressing voter turnout.
Vandalizing vote by mail.
Attempting to overturn an election defeat on January 6th.

Donald Trump does not believe in free and fair elections.",2026-01-06T09:53:32+07:00,,3803797172987492617,threads,threads.com,threads_crawler_v1,https://www.threads.net/@cagovernor/post/DTJzWAdjfkJ,https://instagram.fhan3-3.fna.fbcdn.net/v/t51.2885-19/575240020_17935170774101320_8075879013835486900_n.jpg?stp=dst-jpg_s150x150_tt6&efg=eyJ2ZW5jb2RlX3RhZyI6InByb2ZpbGVfcGljLmRqYW5nby4xMDgwLmMxIn0&_nc_ht=instagram.fhan3-3.fna.fbcdn.net&_nc_cat=1&_nc_oc=Q6cZ2QGpeivPdZlEId8BDn-Yko6WrJ82qdMyeU5VZPA5c6KXNbx5i6NzYeignWw_n1HSstU&_nc_ohc=ND9Bf0wu1I0Q7kNvwFwdGpm&_nc_gid=qahUfwTBhCLQgmC0pZEzKA&edm=AJhczIQBAAAA&ccb=7-5&oh=00_Afry93JcA3z1UZbKM6QozRY3sW47khUU6nUMCofmN6KxJQ&oe=696693BB&_nc_sid=4a2096,435,0,13946,1287,0,"['https://instagram.fhan4-1.fna.fbcdn.net/v/t51.2885-15/610848912_3647606955380249_5455672449917833719_n.jpg?stp=dst-jpg_e15_tt6&efg=eyJ2ZW5jb2RlX3RhZyI6InRocmVhZHMuRkVFRC5pbWFnZV91cmxnZW4uNjQweDM2MC5zZHIuZjcxODc4LmRlZmF1bHRfY292ZXJfZnJhbWUuYzEifQ&_nc_ht=instagram.fhan4-1.fna.fbcdn.net&_nc_cat=105&_nc_oc=Q6cZ2QGpeivPdZlEId8BDn-Yko6WrJ82qdMyeU5VZPA5c6KXNbx5i6NzYeignWw_n1HSstU&_nc_ohc=Df0NphMlJkoQ7kNvwERH02C&_nc_gid=qahUfwTBhCLQgmC0pZEzKA&edm=AJhczIQBAAAA&ccb=7-5&ig_cache_key=MzgwMzc5NzE3Mjk4NzQ5MjYxNw%3D%3D.3-ccb7-5&oh=00_AfrbnZKYK9znPM81bBtEECujuMKHTt9vF_9OqJvNrwfLPQ&oe=6966A479&_nc_sid=4a2096', 'https://instagram.fhan4-3.fna.fbcdn.net/o1/v/t16/f2/m84/AQMpW3iKSykyaT8Wlf71T5EjLAKUUx_-gtsX3yk5fx6Pi3D5EQnJKe1T8HrNiuakpMEvTNCCpXQ0mpqDilYXmNf826xCeeua8PutZQo.mp4?_nc_cat=110&_nc_oc=AdlRPifvE8aSbQ8wRykn0ml06ZOQHyhN5BQnjL-D9oyXvnLadwVJU6uC4iJoy8_qzEg&_nc_sid=5e9851&_nc_ht=instagram.fhan4-3.fna.fbcdn.net&_nc_ohc=yjfvCBEy9N8Q7kNvwFVCyl7&efg=eyJ2ZW5jb2RlX3RhZyI6Inhwdl9wcm9ncmVzc2l2ZS5JTlNUQUdSQU0uRkVFRC5DMy4xMjgwLmRhc2hfYmFzZWxpbmVfMV92MSIsInhwdl9hc3NldF9pZCI6MjcyMzkyNzY3Nzk1NDM2NCwiYXNzZXRfYWdlX2RheXMiOjMsInZpX3VzZWNhc2VfaWQiOjEwMTY0LCJkdXJhdGlvbl9zIjo2NSwidXJsZ2VuX3NvdXJjZSI6Ind3dyJ9&ccb=17-1&_nc_gid=qahUfwTBhCLQgmC0pZEzKA&_nc_zt=28&vs=60070e08e9d9dd58&_nc_vs=HBksFQIYTGlnX2JhY2tmaWxsX3RpbWVsaW5lX3ZvZC9DNzRBOUMyOTNCMzk1NzgwOUU0NTJCNTNFRDI1MUI4Q192aWRlb19kYXNoaW5pdC5tcDQVAALIARIAFQIYOnBhc3N0aHJvdWdoX2V2ZXJzdG9yZS9HTkZFYUNTRkhDVTVNeUlEQUZGYnBkTmxBWWNvYnNwVEFRQUYVAgLIARIAKAAYABsCiAd1c2Vfb2lsATEScHJvZ3Jlc3NpdmVfcmVjaXBlATEVAAAm-KSb2rrZ1gkVAigCQzMsF0BQTKwIMSbpGBJkYXNoX2Jhc2VsaW5lXzFfdjERAHXqB2XongEA&oh=00_AfpuCXaWnYdXCXX_-tiugnsX-uXyrt_t02an7Dckj9gpFw&oe=6962A232']",,https://www.threads.net/@cagovernor/post/DTJzWAdjfkJ,[],"{'likes': 13946, 'reposts': 1240, 'quotes': 47}",threads,3803797172987492617,Governor Gavin Newsom,,"The evidence is more than clear:

Suppressing voter turnout.
Vandalizing vote by mail.
Attempting to overturn an election defeat on January 6th.

Donald Trump does not believe in free and fair elections.",threads,63068973319,cagovernor
[],2026-01-09T17:10:50.266566+07:00,"There are 62 days until the special election to fill the seat vacated by Marjorie Taylor Greene.

20 Republicans are running.
One Democrat is running.
I’m that Democrat.

This is how we win. Please spread the word, follow this account, and help us build our reach. Let’s show Northwest Georgia what real leadership looks like.",2026-01-07T02:29:42+07:00,,3804298831919684865,threads,threads.com,threads_crawler_v1,https://www.threads.net/@shawnharrisforga/post/DTLlaGwAZ0B,https://instagram.fhan4-1.fna.fbcdn.net/v/t51.2885-19/504146673_17912971251134681_1370822384803032287_n.jpg?stp=dst-jpg_s150x150_tt6&efg=eyJ2ZW5jb2RlX3RhZyI6InByb2ZpbGVfcGljLmRqYW5nby4xMDgwLmMxIn0&_nc_ht=instagram.fhan4-1.fna.fbcdn.net&_nc_cat=105&_nc_oc=Q6cZ2QGpeivPdZlEId8BDn-Yko6WrJ82qdMyeU5VZPA5c6KXNbx5i6NzYeignWw_n1HSstU&_nc_ohc=2pFoeBoR_30Q7kNvwE_7FqQ&_nc_gid=qahUfwTBhCLQgmC0pZEzKA&edm=AJhczIQBAAAA&ccb=7-5&oh=00_Afr5H_1ibNwB6q44pxvupwWyAo7pFlTZ9UiPMeQSSJ4i9Q&oe=69668A9B&_nc_sid=4a2096,95,0,9740,1441,0,['https://instagram.fhan4-1.fna.fbcdn.net/v/t51.2885-15/609251020_17936909817134681_4497563007123972280_n.jpg?stp=dst-jpg_e35_tt6&efg=eyJ2ZW5jb2RlX3RhZyI6InRocmVhZHMuRkVFRC5pbWFnZV91cmxnZW4uMTAyNHgxMDI0LnNkci5mODI3ODcuZGVmYXVsdF9pbWFnZS5jMSJ9&_nc_ht=instagram.fhan4-1.fna.fbcdn.net&_nc_cat=105&_nc_oc=Q6cZ2QGpeivPdZlEId8BDn-Yko6WrJ82qdMyeU5VZPA5c6KXNbx5i6NzYeignWw_n1HSstU&_nc_ohc=iBtF5gL_irwQ7kNvwGaxHgf&_nc_gid=qahUfwTBhCLQgmC0pZEzKA&edm=AJhczIQBAAAA&ccb=7-5&ig_cache_key=MzgwNDI5ODgzMTkxOTY4NDg2NQ%3D%3D.3-ccb7-5&oh=00_AfqkdwSmDX8zw8buToxm7DM39lGwFphF7VSGM63Pu3lGGQ&oe=69668DBA&_nc_sid=4a2096'],,https://www.threads.net/@shawnharrisforga/post/DTLlaGwAZ0B,[],"{'likes': 9740, 'reposts': 1389, 'quotes': 52}",threads,3804298831919684865,Shawn Harris,,"There are 62 days until the special election to fill the seat vacated by Marjorie Taylor Greene.

20 Republicans are running.
One Democrat is running.
I’m that Democrat.

This is how we win. Please spread the word, follow this account, and help us build our reach. Let’s show Northwest Georgia what real leadership looks like.",threads,63938398680,shawnharrisforga
[],2026-01-09T17:10:50.266607+07:00,"Last year after the election, I reflected: ""When we fight, we win — but sometimes the fight takes awhile.""

Last night, we saw Democratic victories across our nation. I am so proud of these enthusiastic, principled, inspirational leaders who will continue to fight for our nation, our ideals, and progress.",2025-11-06T05:07:59+07:00,,3759441487907189587,threads,threads.com,threads_crawler_v1,https://www.threads.net/@kamalaharris/post/DQsOB1okvNT,https://instagram.fhan4-3.fna.fbcdn.net/v/t51.2885-19/403614080_887341436305788_8367426959911734528_n.jpg?stp=dst-jpg_s150x150_tt6&efg=eyJ2ZW5jb2RlX3RhZyI6InByb2ZpbGVfcGljLmRqYW5nby4xMDgwLmMxIn0&_nc_ht=instagram.fhan4-3.fna.fbcdn.net&_nc_cat=100&_nc_oc=Q6cZ2QGpeivPdZlEId8BDn-Yko6WrJ82qdMyeU5VZPA5c6KXNbx5i6NzYeignWw_n1HSstU&_nc_ohc=tiU4k2RLkrcQ7kNvwFmM4j7&_nc_gid=qahUfwTBhCLQgmC0pZEzKA&edm=AJhczIQBAAAA&ccb=7-5&oh=00_Afow88i6Wodya1ZG11tCuekf-Gzwli58kjY2eAimEvLTiA&oe=6966AFD5&_nc_sid=4a2096,464,0,15881,941,0,"['https://instagram.fhan3-3.fna.fbcdn.net/v/t51.2885-15/573776885_1578582910161083_7164437966449404191_n.jpg?stp=dst-jpg_e15_tt6&efg=eyJ2ZW5jb2RlX3RhZyI6InRocmVhZHMuRkVFRC5pbWFnZV91cmxnZW4uNjQweDExMzYuc2RyLmY3MTg3OC5kZWZhdWx0X2NvdmVyX2ZyYW1lLmMxIn0&_nc_ht=instagram.fhan3-3.fna.fbcdn.net&_nc_cat=111&_nc_oc=Q6cZ2QGpeivPdZlEId8BDn-Yko6WrJ82qdMyeU5VZPA5c6KXNbx5i6NzYeignWw_n1HSstU&_nc_ohc=a8KYKDFwX4UQ7kNvwG13tVU&_nc_gid=qahUfwTBhCLQgmC0pZEzKA&edm=AJhczIQBAAAA&ccb=7-5&ig_cache_key=Mzc1OTQ0MTQ4NzkwNzE4OTU4Nw%3D%3D.3-ccb7-5&oh=00_Afq_5b8KeDOorEv5qrAbYz-vuSiUVBSTzKKaokEcb7qz4A&oe=6966BD33&_nc_sid=4a2096', 'https://instagram.fhan4-3.fna.fbcdn.net/o1/v/t16/f2/m84/AQMfbMw2aRumv1Pu8WLxZfefyUJwU5URgxQ4ip5W-6lqNJSqq0fNCWkMtXGkeCiVzKp7lzwV_tEcLvy_dZllbXAhNUVoDBSW1lvudYg.mp4?_nc_cat=110&_nc_oc=Adm13O3eUusxJ_H4zDp9NqtvAWg3ZE3UYCVPpDkUsaSsY7ABYvzc4Q9wWyqM7yYK-Kc&_nc_sid=5e9851&_nc_ht=instagram.fhan4-3.fna.fbcdn.net&_nc_ohc=93loHw6IoagQ7kNvwHjakdL&efg=eyJ2ZW5jb2RlX3RhZyI6Inhwdl9wcm9ncmVzc2l2ZS5JTlNUQUdSQU0uRkVFRC5DMy43MjAuZGFzaF9iYXNlbGluZV8xX3YxIiwieHB2X2Fzc2V0X2lkIjo5ODc4NDA0OTM1NjA1NzksImFzc2V0X2FnZV9kYXlzIjo2NCwidmlfdXNlY2FzZV9pZCI6MTAxNjQsImR1cmF0aW9uX3MiOjQ0LCJ1cmxnZW5fc291cmNlIjoid3d3In0%3D&ccb=17-1&_nc_gid=qahUfwTBhCLQgmC0pZEzKA&_nc_zt=28&vs=c9d8b8ec7c2df567&_nc_vs=HBksFQIYTGlnX2JhY2tmaWxsX3RpbWVsaW5lX3ZvZC8xQTQ0QUEzOEM2RTlDMkU0NzU1MTdFMjE3RkFFMEE5Q192aWRlb19kYXNoaW5pdC5tcDQVAALIARIAFQIYOnBhc3N0aHJvdWdoX2V2ZXJzdG9yZS9HRm9IV0NMSHVFYnRIeFVEQU44dzd6RjVMUE5WYnNwVEFRQUYVAgLIARIAKAAYABsCiAd1c2Vfb2lsATEScHJvZ3Jlc3NpdmVfcmVjaXBlATEVAAAmhoy1m_GbwQMVAigCQzMsF0BGSHKwIMScGBJkYXNoX2Jhc2VsaW5lXzFfdjERAHXqB2XongEA&oh=00_AfpZ-UzfovUIo70DQaXcB4gDFShsYf4xCmU8qGasRXMfSg&oe=6962C1EA']",,https://www.threads.net/@kamalaharris/post/DQsOB1okvNT,[],"{'likes': 15881, 'reposts': 889, 'quotes': 52}",threads,3759441487907189587,Kamala Harris,,"Last year after the election, I reflected: ""When we fight, we win — but sometimes the fight takes awhile.""

Last night, we saw Democratic victories across our nation. I am so proud of these enthusiastic, principled, inspirational leaders who will continue to fight for our nation, our ideals, and progress.",threads,63001388803,kamalaharris
[],2026-01-09T17:10:50.266648+07:00,Just a reminder: The evidence from Election Truth Alliance shows a preprogrammed vote flipping algorithm was used in the tabulation computers in the 2024 election. And the chances of him winning all 7 swing states just outside automatic recount margins while getting less than half of the overall votes for the popular vote was statistically impossible: 1 in 10 octillion.,2025-11-03T14:19:29+07:00,,3757545652885523101,threads,threads.com,threads_crawler_v1,https://www.threads.net/@candicezeemunchkins/post/DQle9zrjgqd,https://instagram.fhan4-6.fna.fbcdn.net/v/t51.2885-19/587815717_17933442225113685_4215598109424574374_n.jpg?stp=dst-jpg_s150x150_tt6&efg=eyJ2ZW5jb2RlX3RhZyI6InByb2ZpbGVfcGljLmRqYW5nby4xMDgwLmMxIn0&_nc_ht=instagram.fhan4-6.fna.fbcdn.net&_nc_cat=109&_nc_oc=Q6cZ2QGpeivPdZlEId8BDn-Yko6WrJ82qdMyeU5VZPA5c6KXNbx5i6NzYeignWw_n1HSstU&_nc_ohc=h_dJGnI5hRQQ7kNvwFGa9xH&_nc_gid=qahUfwTBhCLQgmC0pZEzKA&edm=AJhczIQBAAAA&ccb=7-5&oh=00_AfqA_n3cfxTtmHegCsxk0uI1zPoFqGeBHxf0huUYREyXEQ&oe=69668F6E&_nc_sid=4a2096,360,0,9424,1808,0,[],,https://www.threads.net/@candicezeemunchkins/post/DQle9zrjgqd,[],"{'likes': 9424, 'reposts': 1729, 'quotes': 79}",threads,3757545652885523101,Candice Zee,,Just a reminder: The evidence from Election Truth Alliance shows a preprogrammed vote flipping algorithm was used in the tabulation computers in the 2024 election. And the chances of him winning all 7 swing states just outside automatic recount margins while getting less than half of the overall votes for the popular vote was statistically impossible: 1 in 10 octillion.,threads,63478129684,candicezeemunchkins
[],2026-01-09T17:10:50.266688+07:00,"If you thought I was annoying in 2025, I have to remind you that 2026 is a midterm election year, and I’m about to get even more feisty 😁",2025-12-28T18:26:41+07:00,,3797532741031003287,threads,threads.com,threads_crawler_v1,https://www.threads.net/@ally_said_it/post/DSzi-hkEYSX,https://instagram.fhan4-3.fna.fbcdn.net/v/t51.2885-19/608567032_17939031981102514_5359085893901826741_n.jpg?stp=dst-jpg_s150x150_tt6&efg=eyJ2ZW5jb2RlX3RhZyI6InByb2ZpbGVfcGljLmRqYW5nby4xMDI0LmMxIn0&_nc_ht=instagram.fhan4-3.fna.fbcdn.net&_nc_cat=110&_nc_oc=Q6cZ2QGpeivPdZlEId8BDn-Yko6WrJ82qdMyeU5VZPA5c6KXNbx5i6NzYeignWw_n1HSstU&_nc_ohc=5B3hxbpj-PcQ7kNvwGUZLAW&_nc_gid=qahUfwTBhCLQgmC0pZEzKA&edm=AJhczIQBAAAA&ccb=7-5&oh=00_Afr58PjRMnOVZryp8CQmSax_aLawJ2CQZl2_3W7jV7YNjQ&oe=6966A656&_nc_sid=4a2096,37,0,1189,22,0,[],,https://www.threads.net/@ally_said_it/post/DSzi-hkEYSX,[],"{'likes': 1189, 'reposts': 22, 'quotes': 0}",threads,3797532741031003287,Ally Stein,,"If you thought I was annoying in 2025, I have to remind you that 2026 is a midterm election year, and I’m about to get even more feisty 😁",threads,63098470513,ally_said_it
[],2026-01-09T17:10:50.266732+07:00,"My next senate map prediction I have the Maine senate race. Here is one of the closest watched races this year to see if Susan Collins can survive re-election within the leaning blue state, how I have it is lean dem with RCT due to the national environment and Collins unpopularity within the state, Collins has history of outperforming other Republicans and blue wave years, but this year may be different with increased polarization and a possible strong challenge depending on the democratic nom",2026-01-07T03:10:30+07:00,,3804319367233167172,threads,threads.com,threads_crawler_v1,https://www.threads.net/@mr._wilson19/post/DTLqE7wEl9E,https://instagram.fhan4-3.fna.fbcdn.net/v/t51.2885-19/603983040_17932231551118306_8371415570510615117_n.jpg?stp=dst-jpg_s150x150_tt6&efg=eyJ2ZW5jb2RlX3RhZyI6InByb2ZpbGVfcGljLmRqYW5nby4xMDgwLmMxIn0&_nc_ht=instagram.fhan4-3.fna.fbcdn.net&_nc_cat=110&_nc_oc=Q6cZ2QGpeivPdZlEId8BDn-Yko6WrJ82qdMyeU5VZPA5c6KXNbx5i6NzYeignWw_n1HSstU&_nc_ohc=C7nQNe9ngp0Q7kNvwHaKYyH&_nc_gid=qahUfwTBhCLQgmC0pZEzKA&edm=AJhczIQBAAAA&ccb=7-5&oh=00_AfqLxAetXRRkZOH2wRj-vyUl4NzMKIDgiP-xKTZoTfXHlw&oe=6966B9AE&_nc_sid=4a2096,66,0,683,43,0,['https://instagram.fhan4-3.fna.fbcdn.net/v/t51.2885-15/611187339_17934385638118306_952209558033124159_n.jpg?stp=cp6_dst-jpg_e35_tt6&efg=eyJ2ZW5jb2RlX3RhZyI6InRocmVhZHMuQ0FST1VTRUxfSVRFTS5pbWFnZV91cmxnZW4uMjE2MHgxMjIyLnNkci5mODI3ODcuZGVmYXVsdF9pbWFnZS5jMSJ9&_nc_ht=instagram.fhan4-3.fna.fbcdn.net&_nc_cat=110&_nc_oc=Q6cZ2QGpeivPdZlEId8BDn-Yko6WrJ82qdMyeU5VZPA5c6KXNbx5i6NzYeignWw_n1HSstU&_nc_ohc=2I8fRf2eDwQQ7kNvwF8mrfR&_nc_gid=qahUfwTBhCLQgmC0pZEzKA&edm=AJhczIQBAAAA&ccb=7-5&ig_cache_key=MzgwNDMxOTM2MTgzOTI4ODgwNg%3D%3D.3-ccb7-5&oh=00_AfqtScNTkkGKTxp4LZlDbjR_hKfD2fLmyduHwJsagl0big&oe=6966AC0B&_nc_sid=4a2096'],,https://www.threads.net/@mr._wilson19/post/DTLqE7wEl9E,[],"{'likes': 683, 'reposts': 41, 'quotes': 2}",threads,3804319367233167172,Noah Wilson,,"My next senate map prediction I have the Maine senate race. Here is one of the closest watched races this year to see if Susan Collins can survive re-election within the leaning blue state, how I have it is lean dem with RCT due to the national environment and Collins unpopularity within the state, Collins has history of outperforming other Republicans and blue wave years, but this year may be different with increased polarization and a possible strong challenge depending on the democratic nom",threads,63390086305,mr._wilson19
[],2026-01-09T17:10:50.266776+07:00,"When I was 18, I registered as a Republican. I have voted Republican in every election since then. Until 2024. 

And now, I’m joining the rest of the anti-fascists, who want to save our republic. 

Proudly a radical left scum. Who’s with me?",2025-12-27T06:30:44+07:00,,3796447613189814260,threads,threads.com,threads_crawler_v1,https://www.threads.net/@kellyk0505/post/DSvsP1gjvf0,https://instagram.fhan4-3.fna.fbcdn.net/v/t51.2885-19/575728335_17932332246103738_3025911526497289783_n.jpg?stp=dst-jpg_s150x150_tt6&efg=eyJ2ZW5jb2RlX3RhZyI6InByb2ZpbGVfcGljLmRqYW5nby4xMDgwLmMxIn0&_nc_ht=instagram.fhan4-3.fna.fbcdn.net&_nc_cat=110&_nc_oc=Q6cZ2QGpeivPdZlEId8BDn-Yko6WrJ82qdMyeU5VZPA5c6KXNbx5i6NzYeignWw_n1HSstU&_nc_ohc=kFXJbl4hGUwQ7kNvwFfXd0P&_nc_gid=qahUfwTBhCLQgmC0pZEzKA&edm=AJhczIQBAAAA&ccb=7-5&oh=00_Afo9XzMHzwV8VFFMK4a4TvsD9YFZXOmFX4NSJqcABvXryA&oe=696696F3&_nc_sid=4a2096,861,0,6171,101,0,[],,https://www.threads.net/@kellyk0505/post/DSvsP1gjvf0,[],"{'likes': 6171, 'reposts': 99, 'quotes': 2}",threads,3796447613189814260,Kelly Anne Watkins,radical left scum,"When I was 18, I registered as a Republican. I have voted Republican in every election since then. Until 2024. 

And now, I’m joining the rest of the anti-fascists, who want to save our republic. 

Proudly a radical left scum. Who’s with me?",threads,63020703737,kellyk0505
[],2026-01-09T17:10:50.266827+07:00,I’m pretty left politically. But the “Purity Test Wing” of progressives seems hell bent on losing so they can have their moral but quixotic fight. Every election district is different. Mamdani is not extensible. Centrist can win in centrist or pink districts. Hard Progs can win in deep blue districts. There is one goal right now: congressional majorities. Don’t make it impossible by insisting one one kind of candidate or message. And escrew purity tests.,2025-11-22T20:44:02+07:00,,3771509944696728454,threads,threads.com,threads_crawler_v1,https://www.threads.net/@nthmonkey/post/DRXGE_4gGuG,https://instagram.fhan4-6.fna.fbcdn.net/v/t51.2885-19/405221923_723107976383612_3895229411643499723_n.jpg?stp=dst-jpg_s150x150_tt6&efg=eyJ2ZW5jb2RlX3RhZyI6InByb2ZpbGVfcGljLmRqYW5nby4xMDgwLmMxIn0&_nc_ht=instagram.fhan4-6.fna.fbcdn.net&_nc_cat=108&_nc_oc=Q6cZ2QFx9hBhkqdxaQtf15_CKSIMTC8zlpM37qbXarRekI1KMKa4dIFy-c5TcF7lnfKJ3jM&_nc_ohc=ajEFerSclP0Q7kNvwHEpZL1&_nc_gid=OCvV31DMgQfT1TvzXoVIpw&edm=AJhczIQBAAAA&ccb=7-5&oh=00_AfqPvu7XN0kHUv2QUsJJvCz_W_xYibU183KtCY2DCCVunA&oe=6966BBBA&_nc_sid=4a2096,375,0,909,72,0,[],,https://www.threads.net/@nthmonkey/post/DRXGE_4gGuG,[],"{'likes': 909, 'reposts': 67, 'quotes': 5}",threads,3771509944696728454,Matt Rosenberg,,I’m pretty left politically. But the “Purity Test Wing” of progressives seems hell bent on losing so they can have their moral but quixotic fight. Every election district is different. Mamdani is not extensible. Centrist can win in centrist or pink districts. Hard Progs can win in deep blue districts. There is one goal right now: congressional majorities. Don’t make it impossible by insisting one one kind of candidate or message. And escrew purity tests.,threads,63482376037,nthmonkey
[],2026-01-09T17:10:50.266867+07:00,"To everyone outside the US who’s angry at Americans right now, especially those of us who hate Trump and feel trapped:

Please understand this. We do not elect our president the way you think we do. Millions of us voted against him. Millions of us are terrified of the damage being done. We are not cheering this on. We are living inside it.

If you’re wondering why we don’t just “revolt like the French” or “fix it,” here is the reality of being an American right now:",2026-01-06T00:57:28+07:00,,3803527627962037593,threads,threads.com,threads_crawler_v1,https://www.threads.net/@aslpinnacle/post/DTI2DnGD7VZ,https://instagram.fhan4-3.fna.fbcdn.net/v/t51.2885-19/598363432_18070510088607912_8592850774942465772_n.jpg?stp=dst-jpg_s150x150_tt6&efg=eyJ2ZW5jb2RlX3RhZyI6InByb2ZpbGVfcGljLmRqYW5nby4xMDgwLmMxIn0&_nc_ht=instagram.fhan4-3.fna.fbcdn.net&_nc_cat=100&_nc_oc=Q6cZ2QFx9hBhkqdxaQtf15_CKSIMTC8zlpM37qbXarRekI1KMKa4dIFy-c5TcF7lnfKJ3jM&_nc_ohc=jAfkjSfUSSIQ7kNvwELzrkZ&_nc_gid=OCvV31DMgQfT1TvzXoVIpw&edm=AJhczIQBAAAA&ccb=7-5&oh=00_AfpI4OTunvl1N_1kVG8Aco3mxxlJfHIaiiY690E3h9dnnA&oe=6966C095&_nc_sid=4a2096,5849,0,38125,3648,0,[],,https://www.threads.net/@aslpinnacle/post/DTI2DnGD7VZ,[],"{'likes': 38125, 'reposts': 3443, 'quotes': 205}",threads,3803527627962037593,Jason Gervase | ASL Pinnacle,,"To everyone outside the US who’s angry at Americans right now, especially those of us who hate Trump and feel trapped:

Please understand this. We do not elect our president the way you think we do. Millions of us voted against him. Millions of us are terrified of the damage being done. We are not cheering this on. We are living inside it.

If you’re wondering why we don’t just “revolt like the French” or “fix it,” here is the reality of being an American right now:",threads,70087423949,aslpinnacle
[],2026-01-09T17:10:50.266905+07:00,"My 2026 predictions…

1. Donald Trump will die from bad health.
2. Huge worldwide celebrations in honor of his death.
3. Melania secretly celebrates the death of her monster husband.
4. JD Couch Fucker Vance will take over and is extremely unpopular. He has the personality of a wet rag, or some would say a “couch.”
5. Democrats will win the House & Senate in 2026 mid-term elections.
6. The unredacted EPSTEIN FILES get leaked by a major source including damning videos.
7. MAGA crumbles.",2025-12-29T06:01:08+07:00,,3797882262927548621,threads,threads.com,threads_crawler_v1,https://www.threads.net/@tales_typos/post/DS0ycvMjaDN,https://instagram.fhan3-3.fna.fbcdn.net/v/t51.2885-19/471647193_1329822258014570_1948374247755446052_n.jpg?stp=dst-jpg_s150x150_tt6&efg=eyJ2ZW5jb2RlX3RhZyI6InByb2ZpbGVfcGljLmRqYW5nby4xMDgwLmMxIn0&_nc_ht=instagram.fhan3-3.fna.fbcdn.net&_nc_cat=1&_nc_oc=Q6cZ2QFx9hBhkqdxaQtf15_CKSIMTC8zlpM37qbXarRekI1KMKa4dIFy-c5TcF7lnfKJ3jM&_nc_ohc=Pf38nvf4zi8Q7kNvwG-CEkJ&_nc_gid=OCvV31DMgQfT1TvzXoVIpw&edm=AJhczIQBAAAA&ccb=7-5&oh=00_AfrsoHpkjRT8oGqtXvlkUyL_xpUKT9Rfnf-7OwvkCdUrag&oe=6966BA7C&_nc_sid=4a2096,4646,0,89807,3193,0,[],,https://www.threads.net/@tales_typos/post/DS0ycvMjaDN,[],"{'likes': 89807, 'reposts': 3002, 'quotes': 191}",threads,3797882262927548621,tales_typos,,"My 2026 predictions…

1. Donald Trump will die from bad health.
2. Huge worldwide celebrations in honor of his death.
3. Melania secretly celebrates the death of her monster husband.
4. JD Couch Fucker Vance will take over and is extremely unpopular. He has the personality of a wet rag, or some would say a “couch.”
5. Democrats will win the House & Senate in 2026 mid-term elections.
6. The unredacted EPSTEIN FILES get leaked by a major source including damning videos.
7. MAGA crumbles.",threads,63405806966,tales_typos
[],2026-01-09T17:10:50.266949+07:00,"False. Only citizens who are residents of California are allowed to vote in state and federal elections.

…",2026-01-07T12:50:56+07:00,,3804611507394003552,threads,threads.com,threads_crawler_v1,https://www.threads.net/@govpressoffice/post/DTMsgIelUJg,https://instagram.fhan3-3.fna.fbcdn.net/v/t51.2885-19/591169741_17856785874590312_7276892671575016752_n.jpg?stp=dst-jpg_s150x150_tt6&efg=eyJ2ZW5jb2RlX3RhZyI6InByb2ZpbGVfcGljLmRqYW5nby42NzAuYzEifQ&_nc_ht=instagram.fhan3-3.fna.fbcdn.net&_nc_cat=1&_nc_oc=Q6cZ2QFx9hBhkqdxaQtf15_CKSIMTC8zlpM37qbXarRekI1KMKa4dIFy-c5TcF7lnfKJ3jM&_nc_ohc=uBRqxwMysYUQ7kNvwELzltg&_nc_gid=OCvV31DMgQfT1TvzXoVIpw&edm=AJhczIQBAAAA&ccb=7-5&oh=00_AfpZPG_hJrgaA4qlup5F_vlSIU5IhN1FJiMBTHbsQaqa1w&oe=6966BD25&_nc_sid=4a2096,388,0,8872,517,0,['https://instagram.fhan4-6.fna.fbcdn.net/v/t51.2885-15/610668625_17857605384590312_2054964137733401037_n.jpg?stp=dst-jpg_e35_tt6&efg=eyJ2ZW5jb2RlX3RhZyI6InRocmVhZHMuRkVFRC5pbWFnZV91cmxnZW4uMTE3MHg1MzMuc2RyLmY4Mjc4Ny5kZWZhdWx0X2ltYWdlLmMxIn0&_nc_ht=instagram.fhan4-6.fna.fbcdn.net&_nc_cat=108&_nc_oc=Q6cZ2QFx9hBhkqdxaQtf15_CKSIMTC8zlpM37qbXarRekI1KMKa4dIFy-c5TcF7lnfKJ3jM&_nc_ohc=jgIwYBFfzPsQ7kNvwHufAI4&_nc_gid=OCvV31DMgQfT1TvzXoVIpw&edm=AJhczIQBAAAA&ccb=7-5&ig_cache_key=MzgwNDYxMTUwNzM5NDAwMzU1Mg%3D%3D.3-ccb7-5&oh=00_AfpKFArP6VKQMKZdHIyTSxq-h-htHk82yzJNHCynAzjnwA&oe=69668D7A&_nc_sid=4a2096'],,https://www.threads.net/@govpressoffice/post/DTMsgIelUJg,[],"{'likes': 8872, 'reposts': 504, 'quotes': 13}",threads,3804611507394003552,Governor Newsom Press Office,,"False. Only citizens who are residents of California are allowed to vote in state and federal elections.

sos.ca.gov/elections/voti…",threads,77603814311,govpressoffice
[],2026-01-09T17:10:50.266988+07:00,"With this victory, Virginia Governor-elect Abigail Spanberger will continue to have a Democratic trifecta when she is sworn in next week.

Congrats, Senator-elect Jones!",2026-01-07T07:40:06+07:00,,3804455019027014930,threads,threads.com,threads_crawler_v1,https://www.threads.net/@thedemocrats/post/DTMI67VDqUS,https://instagram.fhan3-3.fna.fbcdn.net/v/t51.2885-19/483510334_1610494849833740_1786845141877446997_n.jpg?stp=dst-jpg_s150x150_tt6&efg=eyJ2ZW5jb2RlX3RhZyI6InByb2ZpbGVfcGljLmRqYW5nby42MDAuYzEifQ&_nc_ht=instagram.fhan3-3.fna.fbcdn.net&_nc_cat=1&_nc_oc=Q6cZ2QFx9hBhkqdxaQtf15_CKSIMTC8zlpM37qbXarRekI1KMKa4dIFy-c5TcF7lnfKJ3jM&_nc_ohc=sMv_vUBZe1UQ7kNvwGD3tpy&_nc_gid=OCvV31DMgQfT1TvzXoVIpw&edm=AJhczIQBAAAA&ccb=7-5&oh=00_AfrOAu7QLvNaUgx7ATuuS8m8bFnDMJACjU_iEQdW0ijJBw&oe=6966A73C&_nc_sid=4a2096,84,0,7696,377,0,['https://instagram.fhan3-4.fna.fbcdn.net/v/t51.2885-15/610868221_17919565878232470_7321399239120621171_n.jpg?stp=dst-jpg_e35_tt6&efg=eyJ2ZW5jb2RlX3RhZyI6InRocmVhZHMuRkVFRC5pbWFnZV91cmxnZW4uMTA4MHgxMzUwLnNkci5mODI3ODcuZGVmYXVsdF9pbWFnZS5jMSJ9&_nc_ht=instagram.fhan3-4.fna.fbcdn.net&_nc_cat=106&_nc_oc=Q6cZ2QFx9hBhkqdxaQtf15_CKSIMTC8zlpM37qbXarRekI1KMKa4dIFy-c5TcF7lnfKJ3jM&_nc_ohc=VzpHFuVnKi4Q7kNvwHGY8Zp&_nc_gid=OCvV31DMgQfT1TvzXoVIpw&edm=AJhczIQBAAAA&ccb=7-5&ig_cache_key=MzgwNDQ1NTAxOTAyNzAxNDkzMA%3D%3D.3-ccb7-5&oh=00_AfoSwvODetcWrPgUO38-1RshHA-q_TyEzjydu7wl0_UdTg&oe=6966AB4D&_nc_sid=4a2096'],,https://www.threads.net/@thedemocrats/post/DTMI67VDqUS,[],"{'likes': 7696, 'reposts': 360, 'quotes': 17}",threads,3804455019027014930,Democrats,,"With this victory, Virginia Governor-elect Abigail Spanberger will continue to have a Democratic trifecta when she is sworn in next week.

Congrats, Senator-elect Jones!",threads,67176904469,thedemocrats
[],2026-01-09T17:10:50.267049+07:00,"No abusive authority has ever been defeated by an election. Ever. Not fascism. Not apartheid. Not Jim Crow. The idea that the midterms are ""the only way"" to protect people from ICE is the kind of thing only someone who's never needed protection could believe.",2026-01-08T15:49:48+07:00,,3805426305505016469,threads,threads.com,threads_crawler_v1,https://www.threads.net/@tad.stoermer/post/DTPlxAWjbqV,https://instagram.fhan4-6.fna.fbcdn.net/v/t51.2885-19/542659240_17873402343413733_916948417560477115_n.jpg?stp=dst-jpg_s150x150_tt6&efg=eyJ2ZW5jb2RlX3RhZyI6InByb2ZpbGVfcGljLmRqYW5nby42NDIuYzEifQ&_nc_ht=instagram.fhan4-6.fna.fbcdn.net&_nc_cat=109&_nc_oc=Q6cZ2QFx9hBhkqdxaQtf15_CKSIMTC8zlpM37qbXarRekI1KMKa4dIFy-c5TcF7lnfKJ3jM&_nc_ohc=rkYs11wua04Q7kNvwEbGCuG&_nc_gid=OCvV31DMgQfT1TvzXoVIpw&edm=AJhczIQBAAAA&ccb=7-5&oh=00_Afra6FMLCakgDcOIUf3-g5RV6EEyYHlq8qhAaJO_vpdVyA&oe=6966C027&_nc_sid=4a2096,249,0,5256,1059,0,[],,https://www.threads.net/@tad.stoermer/post/DTPlxAWjbqV,[],"{'likes': 5256, 'reposts': 1013, 'quotes': 46}",threads,3805426305505016469,Tad Stoermer,,"No abusive authority has ever been defeated by an election. Ever. Not fascism. Not apartheid. Not Jim Crow. The idea that the midterms are ""the only way"" to protect people from ICE is the kind of thing only someone who's never needed protection could believe.",threads,72241797732,tad.stoermer
[],2026-01-09T17:10:50.267095+07:00,"Venezuelan here, trying to explain a little for the people that doesn’t know anything about my country. I know this looks really messy from the outside but hear me out. My opinion is based in my entire life as a Venezuelan so yes, I know what I’m talking about. I’m 31 years old and for +25 years we have been under a dictatorship that started with Chavez in 1999. The Chavismo took control of all the public authorities of the country (army, supreme judges, congress, election polls.. you name it)",2026-01-04T03:41:09+07:00,,3802160467092278472,threads,threads.com,threads_crawler_v1,https://www.threads.net/@nanebnavnt/post/DTD_MzUEYzI,https://instagram.fhan3-4.fna.fbcdn.net/v/t51.2885-19/471453263_1265775361376178_1422197862346335465_n.jpg?stp=dst-jpg_s150x150_tt6&efg=eyJ2ZW5jb2RlX3RhZyI6InByb2ZpbGVfcGljLmRqYW5nby4xMDgwLmMxIn0&_nc_ht=instagram.fhan3-4.fna.fbcdn.net&_nc_cat=106&_nc_oc=Q6cZ2QFx9hBhkqdxaQtf15_CKSIMTC8zlpM37qbXarRekI1KMKa4dIFy-c5TcF7lnfKJ3jM&_nc_ohc=gIf--JjtxKAQ7kNvwFFUyr1&_nc_gid=OCvV31DMgQfT1TvzXoVIpw&edm=AJhczIQBAAAA&ccb=7-5&oh=00_AfobD9J1vZSdg5dfOaN_GqKuRYqApaI6QSS2eHLERWDl1w&oe=696698CD&_nc_sid=4a2096,2082,0,6359,466,0,[],,https://www.threads.net/@nanebnavnt/post/DTD_MzUEYzI,[],"{'likes': 6359, 'reposts': 426, 'quotes': 40}",threads,3802160467092278472,Nane Bnavnt,,"Venezuelan here, trying to explain a little for the people that doesn’t know anything about my country. I know this looks really messy from the outside but hear me out. My opinion is based in my entire life as a Venezuelan so yes, I know what I’m talking about. I’m 31 years old and for +25 years we have been under a dictatorship that started with Chavez in 1999. The Chavismo took control of all the public authorities of the country (army, supreme judges, congress, election polls.. you name it)",threads,71677616689,nanebnavnt
[],2026-01-09T17:10:50.267138+07:00,"Elon Musk is being prosecuted and sanctioned in France , for Election FRAUD .",2025-12-31T08:19:33+07:00,,3799401486401625301,threads,threads.com,threads_crawler_v1,https://www.threads.net/@_briankwilson_/post/DS6L4WUD1zV,https://instagram.fhan4-3.fna.fbcdn.net/v/t51.2885-19/557423243_17926927632112068_587180581289748168_n.jpg?stp=dst-jpg_s150x150_tt6&efg=eyJ2ZW5jb2RlX3RhZyI6InByb2ZpbGVfcGljLmRqYW5nby4xMDgwLmMxIn0&_nc_ht=instagram.fhan4-3.fna.fbcdn.net&_nc_cat=100&_nc_oc=Q6cZ2QFx9hBhkqdxaQtf15_CKSIMTC8zlpM37qbXarRekI1KMKa4dIFy-c5TcF7lnfKJ3jM&_nc_ohc=ut-dO5Bd8SkQ7kNvwHmuttn&_nc_gid=OCvV31DMgQfT1TvzXoVIpw&edm=AJhczIQBAAAA&ccb=7-5&oh=00_Afoolq-lF-GfpcMCFCm2Tnoz1jeuMIzPqan9AkcS25l0JA&oe=69669A31&_nc_sid=4a2096,806,0,51086,3516,0,[],,https://www.threads.net/@_briankwilson_/post/DS6L4WUD1zV,[],"{'likes': 51086, 'reposts': 3406, 'quotes': 110}",threads,3799401486401625301,Brian K. Wilson,,"Elon Musk is being prosecuted and sanctioned in France , for Election FRAUD .",threads,63479944067,_briankwilson_
[],2026-01-09T17:10:50.267179+07:00,BREAKING EXCLUSIVE: Congress has been asked to investigate how Elon Musk Knew Trump won 4 hours before the 2024 election was called,2025-12-02T23:59:59+07:00,,3778856327276258821,threads,threads.com,threads_crawler_v1,https://www.threads.net/@anti_maga_n1/post/DRxMc70ieYF,https://instagram.fhan3-4.fna.fbcdn.net/v/t51.2885-19/491430828_513168245064906_3541597939552224071_n.jpg?stp=dst-jpg_s150x150_tt6&efg=eyJ2ZW5jb2RlX3RhZyI6InByb2ZpbGVfcGljLmRqYW5nby4xMDgwLmMxIn0&_nc_ht=instagram.fhan3-4.fna.fbcdn.net&_nc_cat=106&_nc_oc=Q6cZ2QFx9hBhkqdxaQtf15_CKSIMTC8zlpM37qbXarRekI1KMKa4dIFy-c5TcF7lnfKJ3jM&_nc_ohc=3sI-xSPt6w0Q7kNvwEDNutO&_nc_gid=OCvV31DMgQfT1TvzXoVIpw&edm=AJhczIQBAAAA&ccb=7-5&oh=00_AfoYv8V2ZtJ1xzgQwhhMZdlF_5fcfwZcNX986KKBf8ekjQ&oe=6966AC75&_nc_sid=4a2096,1432,0,8856,1534,0,['https://instagram.fhan4-3.fna.fbcdn.net/v/t51.2885-15/588470848_17870281020471118_6680025275168423859_n.webp?efg=eyJ2ZW5jb2RlX3RhZyI6InRocmVhZHMuRkVFRC5pbWFnZV91cmxnZW4uMTAwOXg1NTcuc2RyLmY4Mjc4Ny5kZWZhdWx0X2ltYWdlLmMxIn0&_nc_ht=instagram.fhan4-3.fna.fbcdn.net&_nc_cat=110&_nc_oc=Q6cZ2QFx9hBhkqdxaQtf15_CKSIMTC8zlpM37qbXarRekI1KMKa4dIFy-c5TcF7lnfKJ3jM&_nc_ohc=7xIbxFoKVj0Q7kNvwERx8-j&_nc_gid=OCvV31DMgQfT1TvzXoVIpw&edm=AJhczIQBAAAA&ccb=7-5&ig_cache_key=Mzc3ODg1NjMyNzI3NjI1ODgyMQ%3D%3D.3-ccb7-5&oh=00_AfpIHbgycu6LvyZVJuEIyFlo6qweBwUCi68yCFRgA36a3Q&oe=6966B6CE&_nc_sid=4a2096'],,https://www.threads.net/@anti_maga_n1/post/DRxMc70ieYF,[],"{'likes': 8856, 'reposts': 1434, 'quotes': 100}",threads,3778856327276258821,,,BREAKING EXCLUSIVE: Congress has been asked to investigate how Elon Musk Knew Trump won 4 hours before the 2024 election was called,threads,73997551117,anti_maga_n1
[],2026-01-09T17:10:50.267226+07:00,"Trump 2028 isn’t a joke. @realDonaldTrump doesn’t believe the rules apply to him, and he’ll do anything in his power to hijack a 3rd term.

Wake up, America. You will not have a country if Trump rigs this election.",2025-08-15T03:23:56+07:00,,3699233559508511754,threads,threads.com,threads_crawler_v1,https://www.threads.net/@cagovernor/post/DNWUVKvtWwK,https://instagram.fhan3-3.fna.fbcdn.net/v/t51.2885-19/575240020_17935170774101320_8075879013835486900_n.jpg?stp=dst-jpg_s150x150_tt6&efg=eyJ2ZW5jb2RlX3RhZyI6InByb2ZpbGVfcGljLmRqYW5nby4xMDgwLmMxIn0&_nc_ht=instagram.fhan3-3.fna.fbcdn.net&_nc_cat=1&_nc_oc=Q6cZ2QFx9hBhkqdxaQtf15_CKSIMTC8zlpM37qbXarRekI1KMKa4dIFy-c5TcF7lnfKJ3jM&_nc_ohc=ND9Bf0wu1I0Q7kNvwFwdGpm&_nc_gid=OCvV31DMgQfT1TvzXoVIpw&edm=AJhczIQBAAAA&ccb=7-5&oh=00_AfoVo3ItON7tQMnzBrCVa_WbyrKX01sxKohpb32XPNfC7g&oe=696693BB&_nc_sid=4a2096,1224,0,41261,3884,0,"['https://instagram.fhan3-3.fna.fbcdn.net/v/t51.2885-15/534722951_1073235425019001_8253252851552403168_n.jpg?stp=dst-jpg_e15_tt6&efg=eyJ2ZW5jb2RlX3RhZyI6InRocmVhZHMuRkVFRC5pbWFnZV91cmxnZW4uNjQweDM2MC5zZHIuZjcxODc4LmRlZmF1bHRfY292ZXJfZnJhbWUuYzEifQ&_nc_ht=instagram.fhan3-3.fna.fbcdn.net&_nc_cat=101&_nc_oc=Q6cZ2QFx9hBhkqdxaQtf15_CKSIMTC8zlpM37qbXarRekI1KMKa4dIFy-c5TcF7lnfKJ3jM&_nc_ohc=5EGqfH1lALoQ7kNvwFw6cwy&_nc_gid=OCvV31DMgQfT1TvzXoVIpw&edm=AJhczIQBAAAA&ccb=7-5&ig_cache_key=MzY5OTIzMzU1OTUwODUxMTc1NA%3D%3D.3-ccb7-5&oh=00_Afpw-neh9Q2bTN3bAqNUphjwWYQBn9Ih6PSnkZkcs5G5cQ&oe=6966ABAC&_nc_sid=4a2096', 'https://instagram.fhan3-4.fna.fbcdn.net/o1/v/t16/f2/m69/AQOGBjLtKcy4MJ6PqcJoVn9ZAknhs9m3xXK4IDEpmqKKoqTY-Qt7I66DBvGpJ8vtnN49L2LEWiZCZ6rxQcfWw_VL.mp4?strext=1&_nc_cat=104&_nc_oc=AdnYTkqRRLhQpQxGhn6XD6rBl0Ocn3YmZvyhH-Q5be8HRyHwV3uzL3Pasgr5MlehlAs&_nc_sid=8bf8fe&_nc_ht=instagram.fhan3-4.fna.fbcdn.net&_nc_ohc=Eu7W1RSPCyoQ7kNvwFfGhqY&efg=eyJ2ZW5jb2RlX3RhZyI6Inhwdl9wcm9ncmVzc2l2ZS5JTlNUQUdSQU0uRkVFRC5DMy4xMjgwLnByb2dyZXNzaXZlX2gyNjQtYmFzaWMtZ2VuMl83MjBwIiwieHB2X2Fzc2V0X2lkIjo2MDQ1OTU3NDI1MzEzMTAsImFzc2V0X2FnZV9kYXlzIjoxNDcsInZpX3VzZWNhc2VfaWQiOjEwMTY0LCJkdXJhdGlvbl9zIjozNiwidXJsZ2VuX3NvdXJjZSI6Ind3dyJ9&ccb=17-1&_nc_gid=OCvV31DMgQfT1TvzXoVIpw&_nc_zt=28&oh=00_AfpRrUhQUBsv11WxqVKs9ub8GxK2ceqn0HDwBq3bS1WCLw&oe=6966AAC8']",,https://www.threads.net/@cagovernor/post/DNWUVKvtWwK,[],"{'likes': 41261, 'reposts': 3744, 'quotes': 140}",threads,3699233559508511754,Governor Gavin Newsom,,"Trump 2028 isn’t a joke. realDonaldTrump doesn’t believe the rules apply to him, and he’ll do anything in his power to hijack a 3rd term.

Wake up, America. You will not have a country if Trump rigs this election.",threads,63068973319,cagovernor
[],2026-01-09T17:10:50.267277+07:00,"it’s 2015. i am 18.
donald trump has just won the election. i woke up to the news, crying hysterically, struggling to catch my breath. i knew the american voters had made a huge mistake. my dad (and many others) said “don’t worry, it’ll all be over in 4 years” 

it’s 2026. i am 28. 
donald trump has just kidnapped the president of venezuela. i am struggling to catch my breath.",2026-01-03T18:29:39+07:00,,3801882887356976054,threads,threads.com,threads_crawler_v1,https://www.threads.net/@orioncabbage/post/DTDAFfCjIu2,https://instagram.fhan4-5.fna.fbcdn.net/v/t51.2885-19/466919216_1277645313546903_4876390928098710079_n.jpg?stp=dst-jpg_s150x150_tt6&efg=eyJ2ZW5jb2RlX3RhZyI6InByb2ZpbGVfcGljLmRqYW5nby4xMDgwLmMxIn0&_nc_ht=instagram.fhan4-5.fna.fbcdn.net&_nc_cat=103&_nc_oc=Q6cZ2QFx9hBhkqdxaQtf15_CKSIMTC8zlpM37qbXarRekI1KMKa4dIFy-c5TcF7lnfKJ3jM&_nc_ohc=HX9TPFA8qTwQ7kNvwE5-LY7&_nc_gid=OCvV31DMgQfT1TvzXoVIpw&edm=AJhczIQBAAAA&ccb=7-5&oh=00_AfoNL1GgVX8asxjDkIDqSmp_WRAbuEsjsUNXuX89O0MA7w&oe=696693FB&_nc_sid=4a2096,687,0,12161,728,0,[],,https://www.threads.net/@orioncabbage/post/DTDAFfCjIu2,[],"{'likes': 12161, 'reposts': 725, 'quotes': 3}",threads,3801882887356976054,Orion Ellen,,"it’s 2015. i am 18.
donald trump has just won the election. i woke up to the news, crying hysterically, struggling to catch my breath. i knew the american voters had made a huge mistake. my dad (and many others) said “don’t worry, it’ll all be over in 4 years” 

it’s 2026. i am 28. 
donald trump has just kidnapped the president of venezuela. i am struggling to catch my breath.",threads,63134086086,orioncabbage
[],2026-01-09T17:10:50.267329+07:00,"BREAKING: Renee Hardman wins special election to the Iowa State Senate, becoming the first Black woman elected to the chamber #NOH8",2025-12-31T11:09:18+07:00,,3799486921261941742,threads,threads.com,threads_crawler_v1,https://www.threads.net/@noh8campaign/post/DS6fTluj4Pu,https://instagram.fhan4-3.fna.fbcdn.net/v/t51.2885-19/358187218_820490746352218_3053086297769792080_n.jpg?stp=dst-jpg_s150x150_tt6&efg=eyJ2ZW5jb2RlX3RhZyI6InByb2ZpbGVfcGljLmRqYW5nby40OTUuYzEifQ&_nc_ht=instagram.fhan4-3.fna.fbcdn.net&_nc_cat=110&_nc_oc=Q6cZ2QFx9hBhkqdxaQtf15_CKSIMTC8zlpM37qbXarRekI1KMKa4dIFy-c5TcF7lnfKJ3jM&_nc_ohc=nrU-sV12ghMQ7kNvwFsE45r&_nc_gid=OCvV31DMgQfT1TvzXoVIpw&edm=AJhczIQBAAAA&ccb=7-5&oh=00_AfoQTelpwi431dPtuZdJnz_VVRAtEJYbWH2iediIw7yYsg&oe=6966A2CA&_nc_sid=4a2096,96,0,7348,307,0,['https://instagram.fhan4-5.fna.fbcdn.net/v/t39.30808-6/607034639_1381338790450802_3854592019972346373_n.jpg?stp=dst-jpg_e35_tt6&efg=eyJ2ZW5jb2RlX3RhZyI6InRocmVhZHMuRkVFRC5pbWFnZV91cmxnZW4uODAweDkyMi5zZHIuZjMwODA4LmRlZmF1bHRfaW1hZ2UuYzEifQ&_nc_ht=instagram.fhan4-5.fna.fbcdn.net&_nc_cat=102&_nc_oc=Q6cZ2QFx9hBhkqdxaQtf15_CKSIMTC8zlpM37qbXarRekI1KMKa4dIFy-c5TcF7lnfKJ3jM&_nc_ohc=8VJyHbwUaUsQ7kNvwGfR23t&_nc_gid=OCvV31DMgQfT1TvzXoVIpw&edm=AJhczIQAAAAA&ccb=7-5&ig_cache_key=Mzc5OTQ4NjkyMTI2MTk0MTc0Mg%3D%3D.3-ccb7-5&oh=00_Afr1kSwYynBGaBpMU0_meU_5J17icOwihbmK1r_2YuiWig&oe=69669174&_nc_sid=4a2096'],,https://www.threads.net/@noh8campaign/post/DS6fTluj4Pu,[],"{'likes': 7348, 'reposts': 286, 'quotes': 21}",threads,3799486921261941742,NOH8 Campaign,,"BREAKING: Renee Hardman wins special election to the Iowa State Senate, becoming the first Black woman elected to the chamber #NOH8",threads,63255811787,noh8campaign
[],2026-01-09T17:10:50.267379+07:00,"Ivana Trump was murdered because she had leverage. He silenced her.
Jeffrey Epstein was murdered because he had leverage. He silenced him.
Virginia Giuffre was murdered because she had leverage. He silenced her.
He wasn’t shot.
He didn’t win.
He’s not 6’4
He’s not 220lbs
He’s on the list. 
Harris won the Election, 
Elon Rigged It, and 
DOGE deleted the evidence .",2025-11-06T13:41:41+07:00,,3759700956351850274,threads,threads.com,threads_crawler_v1,https://www.threads.net/@_briankwilson_/post/DQtJBmdDGci,https://instagram.fhan4-3.fna.fbcdn.net/v/t51.2885-19/557423243_17926927632112068_587180581289748168_n.jpg?stp=dst-jpg_s150x150_tt6&efg=eyJ2ZW5jb2RlX3RhZyI6InByb2ZpbGVfcGljLmRqYW5nby4xMDgwLmMxIn0&_nc_ht=instagram.fhan4-3.fna.fbcdn.net&_nc_cat=100&_nc_oc=Q6cZ2QFx9hBhkqdxaQtf15_CKSIMTC8zlpM37qbXarRekI1KMKa4dIFy-c5TcF7lnfKJ3jM&_nc_ohc=ut-dO5Bd8SkQ7kNvwHmuttn&_nc_gid=OCvV31DMgQfT1TvzXoVIpw&edm=AJhczIQBAAAA&ccb=7-5&oh=00_Afoolq-lF-GfpcMCFCm2Tnoz1jeuMIzPqan9AkcS25l0JA&oe=69669A31&_nc_sid=4a2096,4700,0,43905,3304,0,[],,https://www.threads.net/@_briankwilson_/post/DQtJBmdDGci,[],"{'likes': 43905, 'reposts': 3180, 'quotes': 124}",threads,3759700956351850274,Brian K. Wilson,,"Ivana Trump was murdered because she had leverage. He silenced her.
Jeffrey Epstein was murdered because he had leverage. He silenced him.
Virginia Giuffre was murdered because she had leverage. He silenced her.
He wasn’t shot.
He didn’t win.
He’s not 6’4
He’s not 220lbs
He’s on the list. 
Harris won the Election, 
Elon Rigged It, and 
DOGE deleted the evidence .",threads,63479944067,_briankwilson_
[],2026-01-09T17:10:50.267429+07:00,"#panchayat #election #sarpanch #village #telangana 
.
.
.
.
#trending #reels #instagram #explore #explorepage #exploremore #digitalkirann #fyp",2025-12-08T13:29:49+07:00,,3782887802968207855,threads,threads.com,threads_crawler_v1,https://www.threads.net/@digitalkirann/post/DR_hGoJE_Hv,https://instagram.fhan3-4.fna.fbcdn.net/v/t51.2885-19/541964351_17920026558115456_5577714786447939863_n.jpg?stp=dst-jpg_s150x150_tt6&efg=eyJ2ZW5jb2RlX3RhZyI6InByb2ZpbGVfcGljLmRqYW5nby4xMDgwLmMxIn0&_nc_ht=instagram.fhan3-4.fna.fbcdn.net&_nc_cat=104&_nc_oc=Q6cZ2QFx9hBhkqdxaQtf15_CKSIMTC8zlpM37qbXarRekI1KMKa4dIFy-c5TcF7lnfKJ3jM&_nc_ohc=_YhnDJhbxPAQ7kNvwFCmdYE&_nc_gid=OCvV31DMgQfT1TvzXoVIpw&edm=AJhczIQBAAAA&ccb=7-5&oh=00_AfqlUb1bbHf3ULCDCpYFGZsCg7_fagYyD3gT4jjJTmUjGQ&oe=69669C37&_nc_sid=4a2096,8,0,53,2,0,['https://instagram.fhan3-3.fna.fbcdn.net/v/t51.2885-15/590772933_18155959498410817_6989787686569005423_n.webp?efg=eyJ2ZW5jb2RlX3RhZyI6InRocmVhZHMuQ0FST1VTRUxfSVRFTS5pbWFnZV91cmxnZW4uMTQ0MHgxOTIwLnNkci5mODI3ODcuZGVmYXVsdF9pbWFnZS5jMSJ9&_nc_ht=instagram.fhan3-3.fna.fbcdn.net&_nc_cat=101&_nc_oc=Q6cZ2QFx9hBhkqdxaQtf15_CKSIMTC8zlpM37qbXarRekI1KMKa4dIFy-c5TcF7lnfKJ3jM&_nc_ohc=P9qgx0RMx70Q7kNvwG0O7nb&_nc_gid=OCvV31DMgQfT1TvzXoVIpw&edm=AJhczIQBAAAA&ccb=7-5&ig_cache_key=Mzc4Mjg4Nzc5MTkyODc1OTU2OQ%3D%3D.3-ccb7-5&oh=00_Afo5CeUCJTxRoqawCuTUH9fF_1fu9s7vh01et9WiTSrNjA&oe=69669383&_nc_sid=4a2096'],,https://www.threads.net/@digitalkirann/post/DR_hGoJE_Hv,[],"{'likes': 53, 'reposts': 2, 'quotes': 0}",threads,3782887802968207855,Kiran Ramala/Digital Marketer,,"#panchayat #election #sarpanch #village #telangana 
.
.
.
.
#trending #reels #instagram #explore #explorepage #exploremore #digitalkirann #fyp",threads,63415531455,digitalkirann
[],2026-01-09T17:10:50.267479+07:00,"JUST IN🚨: 🇺🇸 Vice President JD Vance leads Gavin Newsom as the favorite to win the 2028 US presidential election, according to Polymarket.",2025-11-11T23:03:09+07:00,,3763607426910978778,threads,threads.com,threads_crawler_v1,https://www.threads.net/@dnnposts/post/DQ7BQOrDQLa,https://instagram.fhan3-3.fna.fbcdn.net/v/t51.2885-19/470689291_882102614093204_5793133865832075153_n.jpg?stp=dst-jpg_s150x150_tt6&efg=eyJ2ZW5jb2RlX3RhZyI6InByb2ZpbGVfcGljLmRqYW5nby4xMDAwLmMxIn0&_nc_ht=instagram.fhan3-3.fna.fbcdn.net&_nc_cat=1&_nc_oc=Q6cZ2QFx9hBhkqdxaQtf15_CKSIMTC8zlpM37qbXarRekI1KMKa4dIFy-c5TcF7lnfKJ3jM&_nc_ohc=k8TtgX8-13YQ7kNvwETUn2i&_nc_gid=OCvV31DMgQfT1TvzXoVIpw&edm=AJhczIQBAAAA&ccb=7-5&oh=00_Afqbp-YpgykEjMYKcFW8uDQ-tEDytZD_PabDIlF6a_ohFg&oe=6966B0E0&_nc_sid=4a2096,1474,0,2633,39,0,['https://instagram.fhan4-5.fna.fbcdn.net/v/t51.2885-15/581168553_17895541887350726_8727762244002179195_n.webp?efg=eyJ2ZW5jb2RlX3RhZyI6InRocmVhZHMuRkVFRC5pbWFnZV91cmxnZW4uMTYyMHgxMDgwLnNkci5mODI3ODcuZGVmYXVsdF9pbWFnZS5jMSJ9&_nc_ht=instagram.fhan4-5.fna.fbcdn.net&_nc_cat=102&_nc_oc=Q6cZ2QFx9hBhkqdxaQtf15_CKSIMTC8zlpM37qbXarRekI1KMKa4dIFy-c5TcF7lnfKJ3jM&_nc_ohc=RtJ1Z46aYhMQ7kNvwGUuv81&_nc_gid=OCvV31DMgQfT1TvzXoVIpw&edm=AJhczIQBAAAA&ccb=7-5&ig_cache_key=Mzc2MzYwNzQyNjkxMDk3ODc3OA%3D%3D.3-ccb7-5&oh=00_Afp1Vd-aVnRW9NofXZcMpsWhNyFmMKPT0zWWl1pP6FHOIQ&oe=6966956A&_nc_sid=4a2096'],,https://www.threads.net/@dnnposts/post/DQ7BQOrDQLa,[],"{'likes': 2633, 'reposts': 34, 'quotes': 5}",threads,3763607426910978778,DNN POSTS,,"JUST IN🚨: 🇺🇸 Vice President JD Vance leads Gavin Newsom as the favorite to win the 2028 US presidential election, according to Polymarket.",threads,70505718725,dnnposts
[],2026-01-09T17:10:50.267526+07:00,"Hi. Reintroducing myself here. My name is Leigh McGowan. I am the host of the PoliticsGirl Podcast, the creator of the viral Award winning KitchenRants, and the author of the New York Times Bestseller ‘A Return to Common Sense: How to Fix America Before We Really Blow It’….which, ironically, after the 2024 election still needs to be read. I hope you’ll follow me for truth, facts and my refusal to roll over for the fascists.",2024-11-12T23:20:35+07:00,,3499797836700957402,threads,threads.com,threads_crawler_v1,https://www.threads.net/@iampoliticsgirl/post/DCRx5b6Pbra,https://instagram.fhan3-3.fna.fbcdn.net/v/t51.2885-19/337358955_226498079866630_8086815434648931716_n.jpg?stp=dst-jpg_s150x150_tt6&efg=eyJ2ZW5jb2RlX3RhZyI6InByb2ZpbGVfcGljLmRqYW5nby4xMDgwLmMxIn0&_nc_ht=instagram.fhan3-3.fna.fbcdn.net&_nc_cat=1&_nc_oc=Q6cZ2QFx9hBhkqdxaQtf15_CKSIMTC8zlpM37qbXarRekI1KMKa4dIFy-c5TcF7lnfKJ3jM&_nc_ohc=3KNMnkF0uxEQ7kNvwHfdyom&_nc_gid=OCvV31DMgQfT1TvzXoVIpw&edm=AJhczIQBAAAA&ccb=7-5&oh=00_AfqHuPi2OKjfodiiOacn-jGFk0srR9zRhh1cGcUrEf4DDA&oe=69669D11&_nc_sid=4a2096,508,0,14056,911,0,['https://instagram.fhan3-4.fna.fbcdn.net/v/t51.29350-15/466695652_744070797928816_5463692940491160901_n.jpg?stp=dst-jpg_e35_tt6&efg=eyJ2ZW5jb2RlX3RhZyI6InRocmVhZHMuRkVFRC5pbWFnZV91cmxnZW4uMTIwMXgxODAwLnNkci5mMjkzNTAuZGVmYXVsdF9pbWFnZS5jMSJ9&_nc_ht=instagram.fhan3-4.fna.fbcdn.net&_nc_cat=104&_nc_oc=Q6cZ2QFx9hBhkqdxaQtf15_CKSIMTC8zlpM37qbXarRekI1KMKa4dIFy-c5TcF7lnfKJ3jM&_nc_ohc=IGuW9DeWgK0Q7kNvwGxNZrb&_nc_gid=OCvV31DMgQfT1TvzXoVIpw&edm=AJhczIQBAAAA&ccb=7-5&ig_cache_key=MzQ5OTc5NzgzNjcwMDk1NzQwMg%3D%3D.3-ccb7-5&oh=00_AfqS8jA7esV1KziPJwalbBuiWslwsRJxVLJVEhmCFmjmww&oe=69669DD8&_nc_sid=4a2096'],,https://www.threads.net/@iampoliticsgirl/post/DCRx5b6Pbra,[],"{'likes': 14056, 'reposts': 857, 'quotes': 54}",threads,3499797836700957402,Leigh McGowan,,"Hi. Reintroducing myself here. My name is Leigh McGowan. I am the host of the PoliticsGirl Podcast, the creator of the viral Award winning KitchenRants, and the author of the New York Times Bestseller ‘A Return to Common Sense: How to Fix America Before We Really Blow It’….which, ironically, after the 2024 election still needs to be read. I hope you’ll follow me for truth, facts and my refusal to roll over for the fascists.",threads,63098255657,iampoliticsgirl
[],2026-01-09T17:10:50.267582+07:00,"Our official announcement for the 2026 presidential campaign. We shall call it Jack/Rice 2026. I'm almost positive there's not an election but we're running anyways. Bear Down. Jack needs your vote. My policy will be focused on getting Jack as many ducks as possible for his term, as well as a Bears Super Bowl. God speed.",2025-12-15T06:35:42+07:00,,3787752800579943219,threads,threads.com,threads_crawler_v1,https://www.threads.net/@chaserice/post/DSQzRqPjvsz,https://instagram.fhan3-3.fna.fbcdn.net/v/t51.2885-19/358058637_288643010244743_4798343177795347923_n.jpg?stp=dst-jpg_s150x150_tt6&efg=eyJ2ZW5jb2RlX3RhZyI6InByb2ZpbGVfcGljLmRqYW5nby4xMDgwLmMxIn0&_nc_ht=instagram.fhan3-3.fna.fbcdn.net&_nc_cat=111&_nc_oc=Q6cZ2QFx9hBhkqdxaQtf15_CKSIMTC8zlpM37qbXarRekI1KMKa4dIFy-c5TcF7lnfKJ3jM&_nc_ohc=MnB_cRhr0eUQ7kNvwFEFyuW&_nc_gid=OCvV31DMgQfT1TvzXoVIpw&edm=AJhczIQBAAAA&ccb=7-5&oh=00_AfpWYl52m-C0N9KpKADXH6IsynpIchkUbRhg2mAzBYQMlA&oe=69669703&_nc_sid=4a2096,865,0,513,52,0,['https://instagram.fhan3-3.fna.fbcdn.net/v/t51.2885-15/590420842_18551970934013675_6736032904796774663_n.jpg?se=-1&stp=dst-jpegr_e35_tt6&efg=eyJ2ZW5jb2RlX3RhZyI6InRocmVhZHMuRkVFRC5pbWFnZV91cmxnZW4uMTQ0MHgxNDQwLmhkci5mODI3ODcuZGVmYXVsdF9pbWFnZS5jMSJ9&_nc_ht=instagram.fhan3-3.fna.fbcdn.net&_nc_cat=111&_nc_oc=Q6cZ2QFx9hBhkqdxaQtf15_CKSIMTC8zlpM37qbXarRekI1KMKa4dIFy-c5TcF7lnfKJ3jM&_nc_ohc=PYKFAm3ibKYQ7kNvwEkYgmD&_nc_gid=OCvV31DMgQfT1TvzXoVIpw&edm=AJhczIQBAAAA&ccb=7-5&ig_cache_key=Mzc4Nzc1MjgwMDU3OTk0MzIxOQ%3D%3D.3-ccb7-5&oh=00_Afp519JM1HPtkR36HOBvhgf0LOrxSACIcuE-IUNAxvqwAw&oe=6966C15A&_nc_sid=4a2096'],,https://www.threads.net/@chaserice/post/DSQzRqPjvsz,[],"{'likes': 513, 'reposts': 30, 'quotes': 22}",threads,3787752800579943219,CHASE RICE,,"Our official announcement for the 2026 presidential campaign. We shall call it Jack/Rice 2026. I'm almost positive there's not an election but we're running anyways. Bear Down. Jack needs your vote. My policy will be focused on getting Jack as many ducks as possible for his term, as well as a Bears Super Bowl. God speed.",threads,63071469699,chaserice
[],2026-01-09T17:10:50.267631+07:00,Said this happened about an hour ago a whistleblower and the audit has been completed and it shows that Kamala Harris did win the election 2024 president election now what are they going to do,2025-08-02T05:02:38+07:00,,3689861236400500099,threads,threads.com,threads_crawler_v1,https://www.threads.net/@fl2025k/post/DM1BT6qIq2D,https://instagram.fhan3-2.fna.fbcdn.net/v/t51.2885-19/604546708_17934335376115807_7454727646249627299_n.jpg?stp=dst-jpg_s150x150_tt6&efg=eyJ2ZW5jb2RlX3RhZyI6InByb2ZpbGVfcGljLmRqYW5nby43NTAuYzEifQ&_nc_ht=instagram.fhan3-2.fna.fbcdn.net&_nc_cat=107&_nc_oc=Q6cZ2QFx9hBhkqdxaQtf15_CKSIMTC8zlpM37qbXarRekI1KMKa4dIFy-c5TcF7lnfKJ3jM&_nc_ohc=Gm7204CIskMQ7kNvwF7Tb3d&_nc_gid=OCvV31DMgQfT1TvzXoVIpw&edm=AJhczIQBAAAA&ccb=7-5&oh=00_AfpMj7sHYj6k7wiDSc6c54CEOeQUvriyM94vKDIhY2rtxA&oe=6966A405&_nc_sid=4a2096,5387,0,26867,4307,0,['https://instagram.fhan3-4.fna.fbcdn.net/v/t15.5256-10/525943586_763991509588074_8087372354094356211_n.jpg?stp=dst-jpg_e15_tt6&efg=eyJ2ZW5jb2RlX3RhZyI6InRocmVhZHMuQ0FST1VTRUxfSVRFTS5pbWFnZV91cmxnZW4uMTA4MHgxOTIwLnNkci5mNTI1Ni5maXJzdF9mcmFtZV90aHVtYm5haWwuYzEifQ&_nc_ht=instagram.fhan3-4.fna.fbcdn.net&_nc_cat=106&_nc_oc=Q6cZ2QFx9hBhkqdxaQtf15_CKSIMTC8zlpM37qbXarRekI1KMKa4dIFy-c5TcF7lnfKJ3jM&_nc_ohc=9URckcS5ECoQ7kNvwHJgFXe&_nc_gid=OCvV31DMgQfT1TvzXoVIpw&edm=AJhczIQAAAAA&ccb=7-5&ig_cache_key=MzY4OTg2MTE4MDcxNjgwNjkwMQ%3D%3D.3-ccb7-5&oh=00_AfoasH18dskzK1Z1RE1HmTZqINWvjENWkaYOm1aYj381zw&oe=6966A83A&_nc_sid=4a2096'],,https://www.threads.net/@fl2025k/post/DM1BT6qIq2D,[],"{'likes': 26867, 'reposts': 3988, 'quotes': 319}",threads,3689861236400500099,Bigpapa Pope,,Said this happened about an hour ago a whistleblower and the audit has been completed and it shows that Kamala Harris did win the election 2024 president election now what are they going to do,threads,63453499806,fl2025k
[],2026-01-09T17:10:50.267682+07:00,"Election project link 👇 
🌐 Website search [ Tk14 ]

#trending #sarpanch #election #videoediting 
#alightmotion #projects #templates 
#viral #instagramreels #instagramvideos 
#explorepage #tkcreation #feed 
#explore #tkcreationmaster #feed 
#trending #election #sarpanch #editing 
#alightmotionqr #projects #templates 
#instagood",2025-12-11T09:30:19+07:00,,3784941561118331893,threads,threads.com,threads_crawler_v1,https://www.threads.net/@t.k_creation__/post/DSG0EveEhP1,https://instagram.fhan3-4.fna.fbcdn.net/v/t51.2885-19/449292982_446361301505454_1916194809103888913_n.jpg?stp=dst-jpg_s150x150_tt6&efg=eyJ2ZW5jb2RlX3RhZyI6InByb2ZpbGVfcGljLmRqYW5nby4xMDgwLmMxIn0&_nc_ht=instagram.fhan3-4.fna.fbcdn.net&_nc_cat=106&_nc_oc=Q6cZ2QFx9hBhkqdxaQtf15_CKSIMTC8zlpM37qbXarRekI1KMKa4dIFy-c5TcF7lnfKJ3jM&_nc_ohc=ws228DZdiqcQ7kNvwFhYKN6&_nc_gid=OCvV31DMgQfT1TvzXoVIpw&edm=AJhczIQBAAAA&ccb=7-5&oh=00_Afp6Akm3Hqd1ODTdk_c9z5IJUKgjvxDmt1DXlpQDmiMxTg&oe=69669C75&_nc_sid=4a2096,3,0,27,1,0,"['https://instagram.fhan4-6.fna.fbcdn.net/v/t51.2885-15/598015889_17980255634945588_7463686704282336364_n.jpg?stp=dst-jpg_e15_tt6&efg=eyJ2ZW5jb2RlX3RhZyI6InRocmVhZHMuRkVFRC5pbWFnZV91cmxnZW4uNTQweDk2MC5zZHIuZjgyNzg3LmRlZmF1bHRfY292ZXJfZnJhbWUuYzEifQ&_nc_ht=instagram.fhan4-6.fna.fbcdn.net&_nc_cat=108&_nc_oc=Q6cZ2QFx9hBhkqdxaQtf15_CKSIMTC8zlpM37qbXarRekI1KMKa4dIFy-c5TcF7lnfKJ3jM&_nc_ohc=5DQXlTkHr7MQ7kNvwHkp9kZ&_nc_gid=OCvV31DMgQfT1TvzXoVIpw&edm=AJhczIQBAAAA&ccb=7-5&ig_cache_key=Mzc4NDk0MTU2MTExODMzMTg5Mw%3D%3D.3-ccb7-5&oh=00_Afomkf2mShC1R3E-CXpHEhpog1lmyTeqZw5fsHCe4SIZkw&oe=6966B1EC&_nc_sid=4a2096', 'https://instagram.fhan4-3.fna.fbcdn.net/o1/v/t2/f2/m86/AQMl2SndS-5DIgsPGcfZ6QLUv-WR7x-0MlF7F8SoOZFutf9V-gbq8N5yX1LFwAJQJu8mH9ipdMuIuTCAG66RGTvlM3i-zep8ZK2Glgg.mp4?_nc_cat=110&_nc_oc=AdlvnwjBk1XiZQbyyJfA9Y4W7-RNqMj_5HlR7SdZ4HGpd2CGUzMfZ5y-SO9VZMSmDNI&_nc_sid=5e9851&_nc_ht=instagram.fhan4-3.fna.fbcdn.net&_nc_ohc=AY18blcHco4Q7kNvwHwhvEt&efg=eyJ2ZW5jb2RlX3RhZyI6Inhwdl9wcm9ncmVzc2l2ZS5JTlNUQUdSQU0uRkVFRC5DMy43MjAuZGFzaF9iYXNlbGluZV8xX3YxIiwieHB2X2Fzc2V0X2lkIjo4MzQ1Njc2MTkzMzkwNjgsImFzc2V0X2FnZV9kYXlzIjoyOSwidmlfdXNlY2FzZV9pZCI6MTAwOTksImR1cmF0aW9uX3MiOjEzNSwidXJsZ2VuX3NvdXJjZSI6Ind3dyJ9&ccb=17-1&_nc_gid=OCvV31DMgQfT1TvzXoVIpw&_nc_zt=28&vs=7b4eac6b4114d8e6&_nc_vs=HBksFQIYUmlnX3hwdl9yZWVsc19wZXJtYW5lbnRfc3JfcHJvZC84NTRCQUQ3RkVBNkIwMUUzOTJENzczNUQ3RTA0QTVBM192aWRlb19kYXNoaW5pdC5tcDQVAALIARIAFQIYOnBhc3N0aHJvdWdoX2V2ZXJzdG9yZS9HSXlxb0NOX0hyX0lNLU1DQUtrMEgzN0lUcEVMYnN0VEFRQUYVAgLIARIAKAAYABsCiAd1c2Vfb2lsATEScHJvZ3Jlc3NpdmVfcmVjaXBlATEVAAAm-Izvp53C-wIVAigCQzMsF0Bg-qfvnbItGBJkYXNoX2Jhc2VsaW5lXzFfdjERAHXqB2XmnQEA&oh=00_Afof7RrLjx70zWi2aHN3dKB1lt6bupkORg5u8xwWVnCLuQ&oe=69629B4B']",,https://www.threads.net/@t.k_creation__/post/DSG0EveEhP1,[],"{'likes': 27, 'reposts': 0, 'quotes': 1}",threads,3784941561118331893,tk creation,,"Election project link 👇 
🌐 Website search [ Tk14 ]

#trending #sarpanch #election #videoediting 
#alightmotion #projects #templates 
#viral #instagramreels #instagramvideos 
#explorepage #tkcreation #feed 
#explore #tkcreationmaster #feed 
#trending #election #sarpanch #editing 
#alightmotionqr #projects #templates 
#instagood",threads,73945655575,t.k_creation__
[],2026-01-09T17:10:50.267728+07:00,Every British citizen has to vote reform in the next election if they want their country back,2025-10-03T04:38:25+07:00,,3734785146600956111,threads,threads.com,threads_crawler_v1,https://www.threads.net/@paulsmith9800/post/DPUn02XjiDP,https://instagram.fhan4-3.fna.fbcdn.net/v/t51.2885-19/467997404_967173578214886_7478139212900360984_n.jpg?stp=dst-jpg_s150x150_tt6&efg=eyJ2ZW5jb2RlX3RhZyI6InByb2ZpbGVfcGljLmRqYW5nby42MzcuYzEifQ&_nc_ht=instagram.fhan4-3.fna.fbcdn.net&_nc_cat=110&_nc_oc=Q6cZ2QFx9hBhkqdxaQtf15_CKSIMTC8zlpM37qbXarRekI1KMKa4dIFy-c5TcF7lnfKJ3jM&_nc_ohc=vZCwgewObb4Q7kNvwGi6h9C&_nc_gid=OCvV31DMgQfT1TvzXoVIpw&edm=AJhczIQBAAAA&ccb=7-5&oh=00_Afr1eIOsYtrdemczmZ8kjx_LkKzylAeOr-9NDVHhUl-LPQ&oe=6966C2CA&_nc_sid=4a2096,1744,0,510,20,0,[],,https://www.threads.net/@paulsmith9800/post/DPUn02XjiDP,[],"{'likes': 510, 'reposts': 2, 'quotes': 18}",threads,3734785146600956111,Paul Smith,,Every British citizen has to vote reform in the next election if they want their country back,threads,70501681070,paulsmith9800
[],2026-01-09T17:10:50.267780+07:00,"Here's a list of people to blame for where we are today.

1. Merrick Garland
2. Mitch McConnell
3. The Senators who voted not to ""impeach and convict""
4. Fox News
5. The people who ""sat it out"" in 2016
6. The 147 Republicans who voted not to certify the election even after Jan 6th 
7. The Roberts Court, especially Alito and Thomas 
8. Judge Cannon
9. Elon Musk 

Who am I missing?",2026-01-04T21:12:12+07:00,,3802689472257925371,threads,threads.com,threads_crawler_v1,https://www.threads.net/@thejoebraxton/post/DTF3e1xDSD7,https://instagram.fhan3-4.fna.fbcdn.net/v/t51.2885-19/605262992_17994080058102450_4807945383768373525_n.jpg?stp=dst-jpg_s150x150_tt6&efg=eyJ2ZW5jb2RlX3RhZyI6InByb2ZpbGVfcGljLmRqYW5nby43MjkuYzEifQ&_nc_ht=instagram.fhan3-4.fna.fbcdn.net&_nc_cat=106&_nc_oc=Q6cZ2QFTps6n8GIpCOHoiHe2c_udjxMPhrxRsWUQyI-HYiMplrg5uH-Fxw5pTJQUP-yTX1s&_nc_ohc=CG4vQ2INUD0Q7kNvwEBY7E0&_nc_gid=78GIROmAXEvco7jS3ma8MA&edm=AJhczIQBAAAA&ccb=7-5&oh=00_AfpaN_8cIkTAM6qofy-dTi3jJt6oPB7X4d9opxjuIstxXA&oe=69668C0F&_nc_sid=4a2096,1715,0,6735,707,0,[],,https://www.threads.net/@thejoebraxton/post/DTF3e1xDSD7,[],"{'likes': 6735, 'reposts': 671, 'quotes': 36}",threads,3802689472257925371,Joe Braxton🧢🔌,Trump invades Venezuela,"Here's a list of people to blame for where we are today.

1. Merrick Garland
2. Mitch McConnell
3. The Senators who voted not to ""impeach and convict""
4. Fox News
5. The people who ""sat it out"" in 2016
6. The 147 Republicans who voted not to certify the election even after Jan 6th 
7. The Roberts Court, especially Alito and Thomas 
8. Judge Cannon
9. Elon Musk 

Who am I missing?",threads,63100278449,thejoebraxton
[],2026-01-09T17:10:50.267829+07:00,"I’m thinking of a conversation with my uncle the day after Election Day. He said “okay now we wait, let them see how bad it really is going to be.” I said but I’m worrying about people possibly  dying and he said “oh, omg julie so many people are going to die.”",2026-01-08T09:10:43+07:00,,3805225442778338657,threads,threads.com,threads_crawler_v1,https://www.threads.net/@juliejoa/post/DTO4GEXFNVh,https://instagram.fhan3-2.fna.fbcdn.net/v/t51.2885-19/465885980_577772681599591_3464153357920633478_n.jpg?stp=dst-jpg_s150x150_tt6&efg=eyJ2ZW5jb2RlX3RhZyI6InByb2ZpbGVfcGljLmRqYW5nby4xMDgwLmMxIn0&_nc_ht=instagram.fhan3-2.fna.fbcdn.net&_nc_cat=107&_nc_oc=Q6cZ2QFTps6n8GIpCOHoiHe2c_udjxMPhrxRsWUQyI-HYiMplrg5uH-Fxw5pTJQUP-yTX1s&_nc_ohc=ltjydvZINdwQ7kNvwELoNQG&_nc_gid=78GIROmAXEvco7jS3ma8MA&edm=AJhczIQBAAAA&ccb=7-5&oh=00_AfqavXGG0cZR9aMsVhKsr78vL-X3ZwT5xzuyl2MVwHns6w&oe=6966B37F&_nc_sid=4a2096,0,0,34,2,0,[],,https://www.threads.net/@juliejoa/post/DTO4GEXFNVh,[],"{'likes': 34, 'reposts': 2, 'quotes': 0}",threads,3805225442778338657,Jules,,"I’m thinking of a conversation with my uncle the day after Election Day. He said “okay now we wait, let them see how bad it really is going to be.” I said but I’m worrying about people possibly  dying and he said “oh, omg julie so many people are going to die.”",threads,70392739448,juliejoa
[],2026-01-09T17:10:50.267877+07:00,"Most people here have at least 5, 10, or even 15+ years of experience trading F&O. They are the ones others should look to for learning, not me. I’ve just completed three years now, and there’s still a lot I haven’t seen, understood, or experienced.

- I don’t follow any stocks or any index stock
- No opinion on local global news, crude or gold prices
- Still learning impact of VIX on premium & Traded high VIX first time on election day",2026-01-02T23:13:39+07:00,,3801301052860260042,threads,threads.com,threads_crawler_v1,https://www.threads.net/@overtraderr_ind/post/DTA7yrcDd7K,https://instagram.fhan3-3.fna.fbcdn.net/v/t51.2885-19/608217093_17858396097576205_7228984979575537156_n.jpg?stp=dst-jpg_s150x150_tt6&efg=eyJ2ZW5jb2RlX3RhZyI6InByb2ZpbGVfcGljLmRqYW5nby4xMDgwLmMxIn0&_nc_ht=instagram.fhan3-3.fna.fbcdn.net&_nc_cat=101&_nc_oc=Q6cZ2QFTps6n8GIpCOHoiHe2c_udjxMPhrxRsWUQyI-HYiMplrg5uH-Fxw5pTJQUP-yTX1s&_nc_ohc=My0WOzav1q8Q7kNvwHrc1qD&_nc_gid=78GIROmAXEvco7jS3ma8MA&edm=AJhczIQBAAAA&ccb=7-5&oh=00_AfqKgNKhnF-UbJa9oPEW5RxXhoga6KogdMNgJHqSvnInUA&oe=6966A497&_nc_sid=4a2096,2,0,6,2,0,['https://instagram.fhan3-3.fna.fbcdn.net/v/t51.2885-15/610620869_17859029934576205_4029589612101450532_n.webp?efg=eyJ2ZW5jb2RlX3RhZyI6InRocmVhZHMuRkVFRC5pbWFnZV91cmxnZW4uMTA4MHgxODcxLnNkci5mODI3ODcuZGVmYXVsdF9pbWFnZS5jMSJ9&_nc_ht=instagram.fhan3-3.fna.fbcdn.net&_nc_cat=101&_nc_oc=Q6cZ2QFTps6n8GIpCOHoiHe2c_udjxMPhrxRsWUQyI-HYiMplrg5uH-Fxw5pTJQUP-yTX1s&_nc_ohc=SgLeFqIyJeMQ7kNvwEdsIcn&_nc_gid=78GIROmAXEvco7jS3ma8MA&edm=AJhczIQBAAAA&ccb=7-5&ig_cache_key=MzgwMTMwMTA1Mjg2MDI2MDA0Mg%3D%3D.3-ccb7-5&oh=00_AfralO22IFUz8_TfFbHd4DCY-NOCFtgSIVUsPJS0s1D7Zg&oe=6966AD3F&_nc_sid=4a2096'],,https://www.threads.net/@overtraderr_ind/post/DTA7yrcDd7K,[],"{'likes': 6, 'reposts': 2, 'quotes': 0}",threads,3801301052860260042,@overtrader_ind,#PortfolioBuilding,"Most people here have at least 5, 10, or even 15+ years of experience trading F&O. They are the ones others should look to for learning, not me. I’ve just completed three years now, and there’s still a lot I haven’t seen, understood, or experienced.

- I don’t follow any stocks or any index stock
- No opinion on local global news, crude or gold prices
- Still learning impact of VIX on premium & Traded high VIX first time on election day",threads,77341672204,overtraderr_ind
[],2026-01-09T17:10:50.267925+07:00,"Thanks to POTUS, USCIS has been able to share access to SAVE, our online service to verify immigration status and U.S. citizenship with state and local governments. Access to immigration status verification strengthens election integrity.",2026-01-07T21:34:01+07:00,,3804874781373013476,threads,threads.com,threads_crawler_v1,https://www.threads.net/@uscis/post/DTNoXRelJ3k,https://instagram.fhan4-1.fna.fbcdn.net/v/t51.2885-19/580949852_17935448133100685_1951618945228335254_n.jpg?stp=dst-jpg_s150x150_tt6&efg=eyJ2ZW5jb2RlX3RhZyI6InByb2ZpbGVfcGljLmRqYW5nby4zMjAuYzEifQ&_nc_ht=instagram.fhan4-1.fna.fbcdn.net&_nc_cat=105&_nc_oc=Q6cZ2QFTps6n8GIpCOHoiHe2c_udjxMPhrxRsWUQyI-HYiMplrg5uH-Fxw5pTJQUP-yTX1s&_nc_ohc=99LzAwpdXUcQ7kNvwGPGgzV&_nc_gid=78GIROmAXEvco7jS3ma8MA&edm=AJhczIQBAAAA&ccb=7-5&oh=00_AfqK2hZAaOiNPjclE-XEfxdHrK7kpHWfTIGh3pCyLM-a3Q&oe=6966A937&_nc_sid=4a2096,1,0,26,0,0,['https://instagram.fhan3-2.fna.fbcdn.net/v/t51.2885-15/611123998_18403402048125283_7411292971628237707_n.jpg?stp=dst-jpg_e35_tt6&efg=eyJ2ZW5jb2RlX3RhZyI6InRocmVhZHMuRkVFRC5pbWFnZV91cmxnZW4uMTA4MHgxMDgwLnNkci5mODI3ODcuZGVmYXVsdF9pbWFnZS5jMSJ9&_nc_ht=instagram.fhan3-2.fna.fbcdn.net&_nc_cat=107&_nc_oc=Q6cZ2QFTps6n8GIpCOHoiHe2c_udjxMPhrxRsWUQyI-HYiMplrg5uH-Fxw5pTJQUP-yTX1s&_nc_ohc=1_25R2F-zV4Q7kNvwEdb_WQ&_nc_gid=78GIROmAXEvco7jS3ma8MA&edm=AJhczIQBAAAA&ccb=7-5&ig_cache_key=MzgwNDg3NDc4MTM3MzAxMzQ3Ng%3D%3D.3-ccb7-5&oh=00_AfrJSOAjEIBCCYGg5YL1dnJHrgr-6CF_SYOHxJCSgEZuqA&oe=6966A733&_nc_sid=4a2096'],,https://www.threads.net/@uscis/post/DTNoXRelJ3k,[],"{'likes': 26, 'reposts': 0, 'quotes': 0}",threads,3804874781373013476,USCIS,,"Thanks to POTUS, USCIS has been able to share access to SAVE, our online service to verify immigration status and U.S. citizenship with state and local governments. Access to immigration status verification strengthens election integrity.",threads,63053268684,uscis
[],2026-01-09T17:10:50.267985+07:00,"Just left the White House. 

Promise you that every meeting I have always focuses on the base & what you want.

Election integrity. Affordability. Stopping illegal immigration.",2025-12-13T06:36:03+07:00,,3786303427618557736,threads,threads.com,threads_crawler_v1,https://www.threads.net/@scottpresler/post/DSLpugfDE8o,https://instagram.fhan4-1.fna.fbcdn.net/v/t51.2885-19/358758484_272789582065961_7310428689636574270_n.jpg?stp=dst-jpg_s150x150_tt6&efg=eyJ2ZW5jb2RlX3RhZyI6InByb2ZpbGVfcGljLmRqYW5nby4xMDgwLmMxIn0&_nc_ht=instagram.fhan4-1.fna.fbcdn.net&_nc_cat=105&_nc_oc=Q6cZ2QFTps6n8GIpCOHoiHe2c_udjxMPhrxRsWUQyI-HYiMplrg5uH-Fxw5pTJQUP-yTX1s&_nc_ohc=vkvCf1QPNogQ7kNvwFSszYq&_nc_gid=78GIROmAXEvco7jS3ma8MA&edm=AJhczIQBAAAA&ccb=7-5&oh=00_AfrWATYMT1BdyviWupqFzbq4odEKbL2fLFF8HqeCoE1Ftg&oe=69668C40&_nc_sid=4a2096,424,0,1630,63,0,['https://instagram.fhan3-4.fna.fbcdn.net/v/t51.2885-15/599509932_17931391299119176_1809043147779473347_n.jpg?stp=dst-jpg_e35_tt6&efg=eyJ2ZW5jb2RlX3RhZyI6InRocmVhZHMuRkVFRC5pbWFnZV91cmxnZW4uMTQ0MHgxOTIwLnNkci5mODI3ODcuZGVmYXVsdF9pbWFnZS5jMSJ9&_nc_ht=instagram.fhan3-4.fna.fbcdn.net&_nc_cat=104&_nc_oc=Q6cZ2QFTps6n8GIpCOHoiHe2c_udjxMPhrxRsWUQyI-HYiMplrg5uH-Fxw5pTJQUP-yTX1s&_nc_ohc=T_ISHwCEqD0Q7kNvwHwJren&_nc_gid=78GIROmAXEvco7jS3ma8MA&edm=AJhczIQBAAAA&ccb=7-5&ig_cache_key=Mzc4NjMwMzQyNzYxODU1NzczNg%3D%3D.3-ccb7-5&oh=00_AfrwFP_5emKKyz6vydB2J-rKQJqJddjLPZHoUMbDfre-6w&oe=6966BAA6&_nc_sid=4a2096'],,https://www.threads.net/@scottpresler/post/DSLpugfDE8o,[],"{'likes': 1630, 'reposts': 63, 'quotes': 0}",threads,3786303427618557736,Scott Ryan Presler,,"Just left the White House. 

Promise you that every meeting I have always focuses on the base & what you want.

Election integrity. Affordability. Stopping illegal immigration.",threads,63445911175,scottpresler
[],2026-01-09T17:10:50.268034+07:00,"Create a clean and professional election-campaign style poster featuring ME. Use my reference image and keep my face 100% identical, without any change. Show me in a confident political-leader pose. Include the Lotus symbol and the BJP party name as graphic elements in the layout. Use modern Indian political design style with orange, white, and green accents. Background should be simple, bright, and professional. Add soft cinematic lighting, high clarity, and sharp details. Do not modify my face",2025-11-08T23:50:36+07:00,,3761456983334393816,threads,threads.com,threads_crawler_v1,https://www.threads.net/@heydhirajk/post/DQzYTKBjxfY,https://instagram.fhan3-3.fna.fbcdn.net/v/t51.2885-19/567462793_17925996735115129_2026341637540130904_n.jpg?stp=dst-jpg_s150x150_tt6&efg=eyJ2ZW5jb2RlX3RhZyI6InByb2ZpbGVfcGljLmRqYW5nby4xMDgwLmMxIn0&_nc_ht=instagram.fhan3-3.fna.fbcdn.net&_nc_cat=101&_nc_oc=Q6cZ2QFTps6n8GIpCOHoiHe2c_udjxMPhrxRsWUQyI-HYiMplrg5uH-Fxw5pTJQUP-yTX1s&_nc_ohc=_GeniEed8FUQ7kNvwFrW-I2&_nc_gid=78GIROmAXEvco7jS3ma8MA&edm=AJhczIQBAAAA&ccb=7-5&oh=00_AfoupWcxaba9D6zYNBSmsDnGKx_61vw6v0bIxzOXVT14EQ&oe=69669B0D&_nc_sid=4a2096,1,0,15,1,0,['https://instagram.fhan3-3.fna.fbcdn.net/v/t51.2885-15/575591700_17928120201115129_3406263536177727605_n.webp?efg=eyJ2ZW5jb2RlX3RhZyI6InRocmVhZHMuRkVFRC5pbWFnZV91cmxnZW4uNjcyeDE1MzYuc2RyLmY4Mjc4Ny5kZWZhdWx0X2ltYWdlLmMxIn0&_nc_ht=instagram.fhan3-3.fna.fbcdn.net&_nc_cat=101&_nc_oc=Q6cZ2QFTps6n8GIpCOHoiHe2c_udjxMPhrxRsWUQyI-HYiMplrg5uH-Fxw5pTJQUP-yTX1s&_nc_ohc=n1MoshutMgoQ7kNvwHeWVQL&_nc_gid=78GIROmAXEvco7jS3ma8MA&edm=AJhczIQBAAAA&ccb=7-5&ig_cache_key=Mzc2MTQ1Njk4MzMzNDM5MzgxNg%3D%3D.3-ccb7-5&oh=00_Afox0CrmxyD98bvIUog6jyAoCSUeWowpHxkF4Ht67d-Dxw&oe=6966A16E&_nc_sid=4a2096'],,https://www.threads.net/@heydhirajk/post/DQzYTKBjxfY,[],"{'likes': 15, 'reposts': 1, 'quotes': 0}",threads,3761456983334393816,Dhiraj Kumar Chaubey,AI Threads,"Create a clean and professional election-campaign style poster featuring ME. Use my reference image and keep my face 100% identical, without any change. Show me in a confident political-leader pose. Include the Lotus symbol and the BJP party name as graphic elements in the layout. Use modern Indian political design style with orange, white, and green accents. Background should be simple, bright, and professional. Add soft cinematic lighting, high clarity, and sharp details. Do not modify my face",threads,63435563128,heydhirajk
[],2026-01-09T17:10:50.268084+07:00,"Newsom would win the election!! He’s more capable of doing it than the one we have now,To govern a state that brings in more money than any other state in this country. And 4th in the world.. You know he’s doing something right.",2025-11-09T06:01:13+07:00,,3761643520113847642,threads,threads.com,threads_crawler_v1,https://www.threads.net/@kushal79932/post/DQ0Ctn8CS1a,https://instagram.fhan4-3.fna.fbcdn.net/v/t51.2885-19/587253387_17933491065105984_5174020180857893751_n.jpg?stp=dst-jpg_s150x150_tt6&efg=eyJ2ZW5jb2RlX3RhZyI6InByb2ZpbGVfcGljLmRqYW5nby4xMDgwLmMxIn0&_nc_ht=instagram.fhan4-3.fna.fbcdn.net&_nc_cat=100&_nc_oc=Q6cZ2QFTps6n8GIpCOHoiHe2c_udjxMPhrxRsWUQyI-HYiMplrg5uH-Fxw5pTJQUP-yTX1s&_nc_ohc=EKG_XOokrXEQ7kNvwEAu4DN&_nc_gid=78GIROmAXEvco7jS3ma8MA&edm=AJhczIQBAAAA&ccb=7-5&oh=00_Afozcstk-MXvcF0w05tHjjG7qE2ozwY_7zv3U6qrhQZfnw&oe=6966A0A5&_nc_sid=4a2096,246,0,3216,153,0,['https://instagram.fhan4-3.fna.fbcdn.net/v/t51.2885-15/579699620_17931938667105984_1237637517233300348_n.jpg?stp=dst-jpg_e35_tt6&efg=eyJ2ZW5jb2RlX3RhZyI6InRocmVhZHMuRkVFRC5pbWFnZV91cmxnZW4uMTE3OXgxMTUyLnNkci5mODI3ODcuZGVmYXVsdF9pbWFnZS5jMSJ9&_nc_ht=instagram.fhan4-3.fna.fbcdn.net&_nc_cat=100&_nc_oc=Q6cZ2QFTps6n8GIpCOHoiHe2c_udjxMPhrxRsWUQyI-HYiMplrg5uH-Fxw5pTJQUP-yTX1s&_nc_ohc=pNyajbdMXp4Q7kNvwGD96RO&_nc_gid=78GIROmAXEvco7jS3ma8MA&edm=AJhczIQBAAAA&ccb=7-5&ig_cache_key=Mzc2MTY0MzUyMDExMzg0NzY0Mg%3D%3D.3-ccb7-5&oh=00_Afqz0JWJEXVRT6nFUvsJt7rVQ0XKEioCan6yRmzmYWZNAA&oe=6966C1E5&_nc_sid=4a2096'],,https://www.threads.net/@kushal79932/post/DQ0Ctn8CS1a,[],"{'likes': 3216, 'reposts': 148, 'quotes': 5}",threads,3761643520113847642,Kushal Shetty,,"Newsom would win the election!! He’s more capable of doing it than the one we have now,To govern a state that brings in more money than any other state in this country. And 4th in the world.. You know he’s doing something right.",threads,63281281983,kushal79932
[],2026-01-09T17:10:50.268133+07:00,"🤍🥰

#reelskarofeelkaro #̤i̤n̤s̤t̤a̤g̤r̤a̤m̤r̤e̤e̤l̤s̤ #love
#lovequotes #motivationalquotes #lifequotes
#motivation #friendship #friendshipgoals #friendsforever
#friends #reelsinstagram #instagramindia
#reelvideo #reelsindia #explorepage #reelitfeelit
#roseday #couple #couplegoals #fyp #love
#feelings #trending #trendingreels #Mamaponnu
#loversmonth #tvk #Election #JanaNayagan
#fypppppppppppppppppppppppppppppppppppppppppppppppppppppppppppppppppppppp",2025-11-21T21:47:49+07:00,,3770817256356920795,threads,threads.com,threads_crawler_v1,https://www.threads.net/@suraj__fx_4k/post/DRUolDmET3b,https://instagram.fhan4-3.fna.fbcdn.net/v/t51.2885-19/516527734_17918009691102958_2318278816017641879_n.jpg?stp=dst-jpg_s150x150_tt6&efg=eyJ2ZW5jb2RlX3RhZyI6InByb2ZpbGVfcGljLmRqYW5nby4xMDgwLmMxIn0&_nc_ht=instagram.fhan4-3.fna.fbcdn.net&_nc_cat=110&_nc_oc=Q6cZ2QFTps6n8GIpCOHoiHe2c_udjxMPhrxRsWUQyI-HYiMplrg5uH-Fxw5pTJQUP-yTX1s&_nc_ohc=uJpzHVreGcoQ7kNvwFVvi39&_nc_gid=78GIROmAXEvco7jS3ma8MA&edm=AJhczIQBAAAA&ccb=7-5&oh=00_AfqywgCEd5nw6YX9vvuCkhLzZFnSHJtn7dfmkH7n2sU8tw&oe=6966BDBE&_nc_sid=4a2096,2,0,507,22,0,"['https://instagram.fhan4-3.fna.fbcdn.net/v/t51.2885-15/587222262_17940129405088440_8852529417745343385_n.jpg?stp=dst-jpg_e15_tt6&efg=eyJ2ZW5jb2RlX3RhZyI6InRocmVhZHMuRkVFRC5pbWFnZV91cmxnZW4uNTQweDk2MC5zZHIuZjgyNzg3LmRlZmF1bHRfY292ZXJfZnJhbWUuYzEifQ&_nc_ht=instagram.fhan4-3.fna.fbcdn.net&_nc_cat=100&_nc_oc=Q6cZ2QFTps6n8GIpCOHoiHe2c_udjxMPhrxRsWUQyI-HYiMplrg5uH-Fxw5pTJQUP-yTX1s&_nc_ohc=3zs6ncL_oPwQ7kNvwGJTsZH&_nc_gid=78GIROmAXEvco7jS3ma8MA&edm=AJhczIQBAAAA&ccb=7-5&ig_cache_key=Mzc3MDgxNzI1NjM1NjkyMDc5NQ%3D%3D.3-ccb7-5&oh=00_AfqCPoZcrmvGdG6P9uV-2nA4GSwY0_eLV3O_SnI5gnfL3Q&oe=6966A46E&_nc_sid=4a2096', 'https://instagram.fhan4-3.fna.fbcdn.net/o1/v/t2/f2/m86/AQMvV0lTRGwS86lInrK7VrfPLEl5q8EizUGuhWXke6WvvM3Eu6YpAIWHgAKtA-xAzmDO-vGCN11y91ZTpUo2Cbwp4ATHj8d9e3QJQlQ.mp4?_nc_cat=110&_nc_oc=AdlCiQmhk5-n8yACsHencCVSWb9BKM_c8QywG0_iYFJwwh5aOzXCezFPkiiNiz2uNxY&_nc_sid=5e9851&_nc_ht=instagram.fhan4-3.fna.fbcdn.net&_nc_ohc=bTt60mtK49IQ7kNvwGIJn2h&efg=eyJ2ZW5jb2RlX3RhZyI6Inhwdl9wcm9ncmVzc2l2ZS5JTlNUQUdSQU0uRkVFRC5DMy43MjAuZGFzaF9iYXNlbGluZV8xX3YxIiwieHB2X2Fzc2V0X2lkIjoyNDA0MDk4NjQwMDQ0MjA5LCJhc3NldF9hZ2VfZGF5cyI6NDgsInZpX3VzZWNhc2VfaWQiOjEwMDk5LCJkdXJhdGlvbl9zIjozMywidXJsZ2VuX3NvdXJjZSI6Ind3dyJ9&ccb=17-1&vs=b5c6eca0fc58ab44&_nc_vs=HBksFQIYUmlnX3hwdl9yZWVsc19wZXJtYW5lbnRfc3JfcHJvZC80NTQxMkIyNzFCNzBGNzg5NkQzNTc3MkE2OTFCQjQ5MV92aWRlb19kYXNoaW5pdC5tcDQVAALIARIAFQIYOnBhc3N0aHJvdWdoX2V2ZXJzdG9yZS9HRmlZdXlKTjBEalg5SDhOQUZoR0lRS3dtZkloYnN0VEFRQUYVAgLIARIAKAAYABsCiAd1c2Vfb2lsATEScHJvZ3Jlc3NpdmVfcmVjaXBlATEVAAAm4oKP1_qgxQgVAigCQzMsF0BAmZmZmZmaGBJkYXNoX2Jhc2VsaW5lXzFfdjERAHXqB2XmnQEA&_nc_gid=78GIROmAXEvco7jS3ma8MA&_nc_zt=28&oh=00_AfrlCLTj5GSgcnUMrXa431-8LHCnCNaQ3vhQEiIPvmSQ0w&oe=6962B91B']",,https://www.threads.net/@suraj__fx_4k/post/DRUolDmET3b,[],"{'likes': 507, 'reposts': 17, 'quotes': 5}",threads,3770817256356920795,Suraj Fx 4k🪄,,"🤍🥰

#reelskarofeelkaro #̤i̤n̤s̤t̤a̤g̤r̤a̤m̤r̤e̤e̤l̤s̤ #love
#lovequotes #motivationalquotes #lifequotes
#motivation #friendship #friendshipgoals #friendsforever
#friends #reelsinstagram #instagramindia
#reelvideo #reelsindia #explorepage #reelitfeelit
#roseday #couple #couplegoals #fyp #love
#feelings #trending #trendingreels #Mamaponnu
#loversmonth #tvk #Election #JanaNayagan
#fypppppppppppppppppppppppppppppppppppppppppppppppppppppppppppppppppppppp",threads,62966702957,suraj__fx_4k
[],2026-01-09T17:10:50.268189+07:00,"Elon Musk shouldn’t be allowed anywhere NEAR an election ever again after 2024.

He is a threat to Democracy. Full stop.",2025-12-29T22:32:41+07:00,,3798381327967894934,threads,threads.com,threads_crawler_v1,https://www.threads.net/@sal4congress/post/DS2j7FvAL2W,https://instagram.fhan3-2.fna.fbcdn.net/v/t51.2885-19/608201948_18396973945130227_2082139085461651889_n.jpg?stp=dst-jpg_s150x150_tt6&efg=eyJ2ZW5jb2RlX3RhZyI6InByb2ZpbGVfcGljLmRqYW5nby43NjguYzEifQ&_nc_ht=instagram.fhan3-2.fna.fbcdn.net&_nc_cat=107&_nc_oc=Q6cZ2QFTps6n8GIpCOHoiHe2c_udjxMPhrxRsWUQyI-HYiMplrg5uH-Fxw5pTJQUP-yTX1s&_nc_ohc=yPKFdJ-WqRQQ7kNvwG_6UTv&_nc_gid=78GIROmAXEvco7jS3ma8MA&edm=AJhczIQBAAAA&ccb=7-5&oh=00_Afr11I2uJhwicdgAttEltu5wezKWAUiZklksfiaYx2a7kw&oe=6966A6B0&_nc_sid=4a2096,280,0,11450,740,0,[],,https://www.threads.net/@sal4congress/post/DS2j7FvAL2W,[],"{'likes': 11450, 'reposts': 720, 'quotes': 20}",threads,3798381327967894934,Salvatore Padellaro for Congress,,"Elon Musk shouldn’t be allowed anywhere NEAR an election ever again after 2024.

He is a threat to Democracy. Full stop.",threads,70326875005,sal4congress
[],2026-01-09T17:10:50.268240+07:00,"JACK SMITH HAS UNCOVERED DONALD TRUMP’S SCHEME TO STEAL THE 2020 PRESIDENTIAL ELECTION IN 8 HOUR TESTIMONY

THE TESTIMONY WAS RELEASED BY THE HOUSE JUDICIARY REPUBLICANS IN THE OFF HOURS OF NEW YEARS EVE",2026-01-03T05:52:21+07:00,,3801501726474953842,threads,threads.com,threads_crawler_v1,https://www.threads.net/@simon.t44/post/DTBpa3TkuRy,https://instagram.fhan3-4.fna.fbcdn.net/v/t51.2885-19/588036118_17931013770114268_1595955200075791783_n.jpg?stp=dst-jpg_s150x150_tt6&efg=eyJ2ZW5jb2RlX3RhZyI6InByb2ZpbGVfcGljLmRqYW5nby4xMDgwLmMxIn0&_nc_ht=instagram.fhan3-4.fna.fbcdn.net&_nc_cat=104&_nc_oc=Q6cZ2QFTps6n8GIpCOHoiHe2c_udjxMPhrxRsWUQyI-HYiMplrg5uH-Fxw5pTJQUP-yTX1s&_nc_ohc=deFF-hK0QqsQ7kNvwFVo3oU&_nc_gid=78GIROmAXEvco7jS3ma8MA&edm=AJhczIQBAAAA&ccb=7-5&oh=00_AfodGqjfjWFKpjjmjfLBKI2SZxliNsVbIF7rXYGJaQx8Kg&oe=69669377&_nc_sid=4a2096,720,0,21963,2265,0,['https://instagram.fhan3-4.fna.fbcdn.net/v/t51.2885-15/610864368_17935676361114268_4957077623766311233_n.jpg?stp=cp6_dst-jpg_e35_tt6&efg=eyJ2ZW5jb2RlX3RhZyI6InRocmVhZHMuRkVFRC5pbWFnZV91cmxnZW4uMTQzMng5MjQuc2RyLmY4Mjc4Ny5kZWZhdWx0X2ltYWdlLmMxIn0&_nc_ht=instagram.fhan3-4.fna.fbcdn.net&_nc_cat=104&_nc_oc=Q6cZ2QFTps6n8GIpCOHoiHe2c_udjxMPhrxRsWUQyI-HYiMplrg5uH-Fxw5pTJQUP-yTX1s&_nc_ohc=CqyBAS_g5goQ7kNvwHa25bO&_nc_gid=78GIROmAXEvco7jS3ma8MA&edm=AJhczIQBAAAA&ccb=7-5&ig_cache_key=MzgwMTUwMTcyNjQ3NDk1Mzg0Mg%3D%3D.3-ccb7-5&oh=00_AfrK_NNVbWVrFwZpFMSuo9EGScIpr9izVHlxwgGXLLeMkg&oe=6966A25F&_nc_sid=4a2096'],,https://www.threads.net/@simon.t44/post/DTBpa3TkuRy,[],"{'likes': 21963, 'reposts': 2201, 'quotes': 64}",threads,3801501726474953842,Simon,,"JACK SMITH HAS UNCOVERED DONALD TRUMP’S SCHEME TO STEAL THE 2020 PRESIDENTIAL ELECTION IN 8 HOUR TESTIMONY

THE TESTIMONY WAS RELEASED BY THE HOUSE JUDICIARY REPUBLICANS IN THE OFF HOURS OF NEW YEARS EVE",threads,63413594267,simon.t44
[],2026-01-09T17:10:50.268289+07:00,"Jack Smith - ""Publicly release the full video of my closed-door deposition so Americans can hear my testimony firsthand."" 
Jim Jordan - ""No.""
Smith - ""That would prevent 'second-hand accounts' of my remarks.""
Jordan - ""That's precisely why we won't.""
Smith - ""How about an open hearing then?""
Jordan - ""No.""
Smith - ""I have proof beyond a reasonable doubt of his criminal scheme to overturn the 2020 election, willfully retained classified documents and obstructed justice.""
Smith - ""So?""",2025-12-26T20:14:06+07:00,,3796137247478187864,threads,threads.com,threads_crawler_v1,https://www.threads.net/@tvsam1/post/DSulra6kQdY,https://instagram.fhan3-2.fna.fbcdn.net/v/t51.2885-19/450114170_815542610732743_6436626752625892514_n.jpg?stp=dst-jpg_s150x150_tt6&efg=eyJ2ZW5jb2RlX3RhZyI6InByb2ZpbGVfcGljLmRqYW5nby45NTQuYzEifQ&_nc_ht=instagram.fhan3-2.fna.fbcdn.net&_nc_cat=107&_nc_oc=Q6cZ2QFTps6n8GIpCOHoiHe2c_udjxMPhrxRsWUQyI-HYiMplrg5uH-Fxw5pTJQUP-yTX1s&_nc_ohc=S0-q3bVDfGsQ7kNvwGuVwpb&_nc_gid=78GIROmAXEvco7jS3ma8MA&edm=AJhczIQBAAAA&ccb=7-5&oh=00_AfqHZS9pDaGN6S6sLPCc5Xhy7nFd_kTHJPhfJn8BW-aw_A&oe=69669C16&_nc_sid=4a2096,27,0,1179,139,0,[],,https://www.threads.net/@tvsam1/post/DSulra6kQdY,[],"{'likes': 1179, 'reposts': 137, 'quotes': 2}",threads,3796137247478187864,Samuel Edsall,,"Jack Smith - ""Publicly release the full video of my closed-door deposition so Americans can hear my testimony firsthand."" 
Jim Jordan - ""No.""
Smith - ""That would prevent 'second-hand accounts' of my remarks.""
Jordan - ""That's precisely why we won't.""
Smith - ""How about an open hearing then?""
Jordan - ""No.""
Smith - ""I have proof beyond a reasonable doubt of his criminal scheme to overturn the 2020 election, willfully retained classified documents and obstructed justice.""
Smith - ""So?""",threads,63425554966,tvsam1
[],2026-01-09T17:10:50.268338+07:00,"Donald Trump had Charlie Kirk killed
Donald Trump was Epstein’s best friend
Donald Trump raped young girls
Donald Trump murdered babies
Donald Trump faked his assassination
Donald Trump did not win the election",2025-12-25T00:09:07+07:00,,3794805990546859349,threads,threads.com,threads_crawler_v1,https://www.threads.net/@bronsonland/post/DSp2_FSEeVV,https://instagram.fhan3-4.fna.fbcdn.net/v/t51.2885-19/606021791_17934381357117390_4464369768014207652_n.jpg?stp=dst-jpg_s150x150_tt6&efg=eyJ2ZW5jb2RlX3RhZyI6InByb2ZpbGVfcGljLmRqYW5nby4xMDgwLmMxIn0&_nc_ht=instagram.fhan3-4.fna.fbcdn.net&_nc_cat=106&_nc_oc=Q6cZ2QFTps6n8GIpCOHoiHe2c_udjxMPhrxRsWUQyI-HYiMplrg5uH-Fxw5pTJQUP-yTX1s&_nc_ohc=CM-3WrPz6joQ7kNvwGhH749&_nc_gid=78GIROmAXEvco7jS3ma8MA&edm=AJhczIQBAAAA&ccb=7-5&oh=00_AfpRiv-EM7ggZga9AQOZcBmtg-hIGfLBFmBqSlsItedy6w&oe=6966C0E3&_nc_sid=4a2096,4057,0,38652,3366,0,[],,https://www.threads.net/@bronsonland/post/DSp2_FSEeVV,[],"{'likes': 38652, 'reposts': 3307, 'quotes': 59}",threads,3794805990546859349,Toby Bronson,,"Donald Trump had Charlie Kirk killed
Donald Trump was Epstein’s best friend
Donald Trump raped young girls
Donald Trump murdered babies
Donald Trump faked his assassination
Donald Trump did not win the election",threads,63460221389,bronsonland
[],2026-01-09T17:10:50.268389+07:00,"🤍🥺

#reelskarofeelkaro #̤i̤n̤s̤t̤a̤g̤r̤a̤m̤r̤e̤e̤l̤s̤ #love
#lovequotes #motivationalquotes #lifequotes
#motivation #friendship #dude #friendsforever
#friends #reelsinstagram #instagramindia #dude
#reelvideo #reelsindia #explorepage #reelitfeelit
#roseday #couple #couplegoals #fyp #love
#feelings #trending #trendingreels #Mamaponnu
#loversmonth #tvk #Election #JanaNayagan
#fypppppppppppppppppppppppppppppppppppppppppppppppppppppppppppppppppppppp",2025-11-16T20:04:25+07:00,,3767141327764145968,threads,threads.com,threads_crawler_v1,https://www.threads.net/@suraj__fx_4k/post/DRHkxQUE0cw,https://instagram.fhan4-3.fna.fbcdn.net/v/t51.2885-19/516527734_17918009691102958_2318278816017641879_n.jpg?stp=dst-jpg_s150x150_tt6&efg=eyJ2ZW5jb2RlX3RhZyI6InByb2ZpbGVfcGljLmRqYW5nby4xMDgwLmMxIn0&_nc_ht=instagram.fhan4-3.fna.fbcdn.net&_nc_cat=110&_nc_oc=Q6cZ2QFTps6n8GIpCOHoiHe2c_udjxMPhrxRsWUQyI-HYiMplrg5uH-Fxw5pTJQUP-yTX1s&_nc_ohc=uJpzHVreGcoQ7kNvwFVvi39&_nc_gid=78GIROmAXEvco7jS3ma8MA&edm=AJhczIQBAAAA&ccb=7-5&oh=00_AfqywgCEd5nw6YX9vvuCkhLzZFnSHJtn7dfmkH7n2sU8tw&oe=6966BDBE&_nc_sid=4a2096,5,0,1171,37,0,"['https://instagram.fhan4-3.fna.fbcdn.net/v/t51.2885-15/581269634_17939573355088440_6549927415217132277_n.jpg?stp=dst-jpg_e15_tt6&efg=eyJ2ZW5jb2RlX3RhZyI6InRocmVhZHMuRkVFRC5pbWFnZV91cmxnZW4uNTQweDk2MC5zZHIuZjgyNzg3LmRlZmF1bHRfY292ZXJfZnJhbWUuYzEifQ&_nc_ht=instagram.fhan4-3.fna.fbcdn.net&_nc_cat=100&_nc_oc=Q6cZ2QFTps6n8GIpCOHoiHe2c_udjxMPhrxRsWUQyI-HYiMplrg5uH-Fxw5pTJQUP-yTX1s&_nc_ohc=ndUDmu6Ck9wQ7kNvwHOgkkE&_nc_gid=78GIROmAXEvco7jS3ma8MA&edm=AJhczIQBAAAA&ccb=7-5&ig_cache_key=Mzc2NzE0MTMyNzc2NDE0NTk2OA%3D%3D.3-ccb7-5&oh=00_AfrjaQWV_5xs3l31Ug9hHR0D8XAWqADTcr3tSyzKVY0DJA&oe=6966BE94&_nc_sid=4a2096', 'https://instagram.fhan4-5.fna.fbcdn.net/o1/v/t2/f2/m86/AQM135NoukT1aT4jVPRl-edY3UWL6-e3oJnfTepbQHHPsM58YbG7KGuJwKhFFEWeRxq8rhXkXWzOl5NWYdXNbwAfBOLE1d3dPlEmMBg.mp4?_nc_cat=102&_nc_oc=AdlWP86vuJqOl6ocp-shQxzjDHwfDAJEGGxA0mfhme81YeLuntcXGxZWjC8IP8Wd4Vw&_nc_sid=5e9851&_nc_ht=instagram.fhan4-5.fna.fbcdn.net&_nc_ohc=QvpPZgHT0lsQ7kNvwE-wNDT&efg=eyJ2ZW5jb2RlX3RhZyI6Inhwdl9wcm9ncmVzc2l2ZS5JTlNUQUdSQU0uRkVFRC5DMy43MjAuZGFzaF9iYXNlbGluZV8xX3YxIiwieHB2X2Fzc2V0X2lkIjoxMTU1Mjk4MTgzMzk1OTgyLCJhc3NldF9hZ2VfZGF5cyI6NTMsInZpX3VzZWNhc2VfaWQiOjEwMDk5LCJkdXJhdGlvbl9zIjoyNCwidXJsZ2VuX3NvdXJjZSI6Ind3dyJ9&ccb=17-1&_nc_gid=78GIROmAXEvco7jS3ma8MA&_nc_zt=28&vs=488bf97455b9024d&_nc_vs=HBksFQIYUmlnX3hwdl9yZWVsc19wZXJtYW5lbnRfc3JfcHJvZC85NjQxNDIyMTBCMkFGRTQ1NTY0NjI2NjdERDZDM0FCQl92aWRlb19kYXNoaW5pdC5tcDQVAALIARIAFQIYOnBhc3N0aHJvdWdoX2V2ZXJzdG9yZS9HTHNKeHlMTVBybkhSd0FIQUZ4T1VjZDZPaFJqYnN0VEFRQUYVAgLIARIAKAAYABsCiAd1c2Vfb2lsATEScHJvZ3Jlc3NpdmVfcmVjaXBlATEVAAAmnOqlnZqvjQQVAigCQzMsF0A4vCj1wo9cGBJkYXNoX2Jhc2VsaW5lXzFfdjERAHXqB2XmnQEA&oh=00_Afr89S7EVmGIbCWRTVBKCH8wVntvlLQ0NDpG1QHTPQsa8g&oe=6962B51F']",,https://www.threads.net/@suraj__fx_4k/post/DRHkxQUE0cw,[],"{'likes': 1171, 'reposts': 29, 'quotes': 8}",threads,3767141327764145968,Suraj Fx 4k🪄,,"🤍🥺

#reelskarofeelkaro #̤i̤n̤s̤t̤a̤g̤r̤a̤m̤r̤e̤e̤l̤s̤ #love
#lovequotes #motivationalquotes #lifequotes
#motivation #friendship #dude #friendsforever
#friends #reelsinstagram #instagramindia #dude
#reelvideo #reelsindia #explorepage #reelitfeelit
#roseday #couple #couplegoals #fyp #love
#feelings #trending #trendingreels #Mamaponnu
#loversmonth #tvk #Election #JanaNayagan
#fypppppppppppppppppppppppppppppppppppppppppppppppppppppppppppppppppppppp",threads,62966702957,suraj__fx_4k
[],2026-01-09T17:10:50.268439+07:00,"☎️For New Campaign Enquiry- 7666119404 / 8379815813

#electioncampaign #socialmedia #politicalbranding #maharashtrapolitics #politics #election #bmcelections #bmc #pmc #mahanagarpalika_election #jilhaparishad #ncpsp #congress #MNS #karykarta #nivadnuk #laksh2025 #Narendramodi #devendrafadanvis #ajitpawar #eknathshinde #udhhavthackeray #rajthackrey #maharastra #indianpolitics
#nagarpalika #bjp #shivsena #shivsenaubt #ncp",2025-10-18T20:33:34+07:00,,3746137520439749510,threads,threads.com,threads_crawler_v1,https://www.threads.net/@omkar_designs__/post/DP89DoZkuuG,https://instagram.fhan3-3.fna.fbcdn.net/v/t51.2885-19/469287682_994301549193193_1004561016607679511_n.jpg?stp=dst-jpg_s150x150_tt6&efg=eyJ2ZW5jb2RlX3RhZyI6InByb2ZpbGVfcGljLmRqYW5nby4xMDgwLmMxIn0&_nc_ht=instagram.fhan3-3.fna.fbcdn.net&_nc_cat=101&_nc_oc=Q6cZ2QFTps6n8GIpCOHoiHe2c_udjxMPhrxRsWUQyI-HYiMplrg5uH-Fxw5pTJQUP-yTX1s&_nc_ohc=Bkvved6riK4Q7kNvwGLRPZt&_nc_gid=78GIROmAXEvco7jS3ma8MA&edm=AJhczIQBAAAA&ccb=7-5&oh=00_AfpHtchO2LW6c0ewNQdxxcC1E0oRvcU4MbZK6q4tfwyhmQ&oe=696698E3&_nc_sid=4a2096,0,0,16,0,0,['https://instagram.fhan4-6.fna.fbcdn.net/v/t51.2885-15/566249069_17890595496359816_5297232463907634595_n.jpg?stp=dst-jpg_e35_tt6&efg=eyJ2ZW5jb2RlX3RhZyI6InRocmVhZHMuQ0FST1VTRUxfSVRFTS5pbWFnZV91cmxnZW4uMTQ0MHgxODAwLnNkci5mODI3ODcuZGVmYXVsdF9pbWFnZS5jMSJ9&_nc_ht=instagram.fhan4-6.fna.fbcdn.net&_nc_cat=108&_nc_oc=Q6cZ2QFTps6n8GIpCOHoiHe2c_udjxMPhrxRsWUQyI-HYiMplrg5uH-Fxw5pTJQUP-yTX1s&_nc_ohc=QfXb5_os9B4Q7kNvwEoZbMm&_nc_gid=78GIROmAXEvco7jS3ma8MA&edm=AJhczIQBAAAA&ccb=7-5&ig_cache_key=Mzc0NjEzNzUxMjAwOTE1NTI1Mw%3D%3D.3-ccb7-5&oh=00_AfoALooQ_0QddY6q7oI-DsudxGNJmS3gC5fY9Iv1-8WLVQ&oe=6966AD03&_nc_sid=4a2096'],,https://www.threads.net/@omkar_designs__/post/DP89DoZkuuG,[],"{'likes': 16, 'reposts': 0, 'quotes': 0}",threads,3746137520439749510,Omkar_Design's,,"☎️For New Campaign Enquiry- 7666119404 / 8379815813

#electioncampaign #socialmedia #politicalbranding #maharashtrapolitics #politics #election #bmcelections #bmc #pmc #mahanagarpalika_election #jilhaparishad #ncpsp #congress #MNS #karykarta #nivadnuk #laksh2025 #Narendramodi #devendrafadanvis #ajitpawar #eknathshinde #udhhavthackeray #rajthackrey #maharastra #indianpolitics
#nagarpalika #bjp #shivsena #shivsenaubt #ncp",threads,71284663095,omkar_designs__
[],2026-01-09T17:10:50.268488+07:00,"If you are calling for a general election in the UK (three and a half years early) because three million people signed the ""Call a General Election"" petition, can a I assume you also agree to undoing Brexit, based on the FOUR MILLION people who signed the ""Revoke Article 50 and remain in the EU"" petition?",2026-01-05T21:29:54+07:00,,3803423160935388681,threads,threads.com,threads_crawler_v1,https://www.threads.net/@pilett/post/DTIeTamDBYJ,https://instagram.fhan3-3.fna.fbcdn.net/v/t51.2885-19/488180179_677624648286733_1619304688496373841_n.jpg?stp=dst-jpg_s150x150_tt6&efg=eyJ2ZW5jb2RlX3RhZyI6InByb2ZpbGVfcGljLmRqYW5nby4xMDgwLmMxIn0&_nc_ht=instagram.fhan3-3.fna.fbcdn.net&_nc_cat=101&_nc_oc=Q6cZ2QFTps6n8GIpCOHoiHe2c_udjxMPhrxRsWUQyI-HYiMplrg5uH-Fxw5pTJQUP-yTX1s&_nc_ohc=wqjeJhqpAGMQ7kNvwFoSBTw&_nc_gid=78GIROmAXEvco7jS3ma8MA&edm=AJhczIQBAAAA&ccb=7-5&oh=00_AfrFXPPrmfV76UKGfHjlWZWgzyPux1sg-yKnAVTe9Kwyaw&oe=6966C1A8&_nc_sid=4a2096,56,0,3645,275,0,[],,https://www.threads.net/@pilett/post/DTIeTamDBYJ,[],"{'likes': 3645, 'reposts': 273, 'quotes': 2}",threads,3803423160935388681,Paul Ilett,reformarenotyourfriends,"If you are calling for a general election in the UK (three and a half years early) because three million people signed the ""Call a General Election"" petition, can a I assume you also agree to undoing Brexit, based on the FOUR MILLION people who signed the ""Revoke Article 50 and remain in the EU"" petition?",threads,63360160759,pilett
[],2026-01-09T17:10:50.268542+07:00,"Omg who is this old lady?!😂
But yes, I did vote yesterday since I’m working the polls on election day.🗳️🗳️
Your local elections matter and your national elections matter; vote in every one please 💙🤍❤️🇺🇸",2025-10-27T08:44:24+07:00,,3752303566892430821,threads,threads.com,threads_crawler_v1,https://www.threads.net/@memerecooks/post/DQS3DaqDfXl,https://instagram.fhan3-3.fna.fbcdn.net/v/t51.2885-19/358058344_1006527207190283_2800051185628297064_n.jpg?stp=dst-jpg_s150x150_tt6&efg=eyJ2ZW5jb2RlX3RhZyI6InByb2ZpbGVfcGljLmRqYW5nby43NTAuYzEifQ&_nc_ht=instagram.fhan3-3.fna.fbcdn.net&_nc_cat=111&_nc_oc=Q6cZ2QFTps6n8GIpCOHoiHe2c_udjxMPhrxRsWUQyI-HYiMplrg5uH-Fxw5pTJQUP-yTX1s&_nc_ohc=3POX2uQZHV0Q7kNvwG87LVt&_nc_gid=78GIROmAXEvco7jS3ma8MA&edm=AJhczIQBAAAA&ccb=7-5&oh=00_Afph5MMxwaL0Bid3hTOHkRpU9YQsI8u0LilpmMpuT6qliA&oe=696691AE&_nc_sid=4a2096,32,0,84,1,0,['https://instagram.fhan4-3.fna.fbcdn.net/v/t39.30808-6/572012300_3717294318574726_7264654683971353415_n.jpg?stp=cp6_dst-jpg_e35_tt6&efg=eyJ2ZW5jb2RlX3RhZyI6InRocmVhZHMuRkVFRC5pbWFnZV91cmxnZW4uMTQ2OHgyMDQ4LnNkci5mMzA4MDguZGVmYXVsdF9pbWFnZS5jMSJ9&_nc_ht=instagram.fhan4-3.fna.fbcdn.net&_nc_cat=110&_nc_oc=Q6cZ2QFTps6n8GIpCOHoiHe2c_udjxMPhrxRsWUQyI-HYiMplrg5uH-Fxw5pTJQUP-yTX1s&_nc_ohc=fiiy_F1-EmsQ7kNvwHjqRn_&_nc_gid=78GIROmAXEvco7jS3ma8MA&edm=AJhczIQAAAAA&ccb=7-5&ig_cache_key=Mzc1MjMwMzU2Njg5MjQzMDgyMQ%3D%3D.3-ccb7-5&oh=00_AfrnY8LXFJcE6CuHmjeM5TeJJ-MFrA0qyq4AeWcp0onrpw&oe=6966BD5E&_nc_sid=4a2096'],,https://www.threads.net/@memerecooks/post/DQS3DaqDfXl,[],"{'likes': 84, 'reposts': 1, 'quotes': 0}",threads,3752303566892430821,Cheryl Couture,,"Omg who is this old lady?!😂
But yes, I did vote yesterday since I’m working the polls on election day.🗳️🗳️
Your local elections matter and your national elections matter; vote in every one please 💙🤍❤️🇺🇸￼",threads,63295848881,memerecooks
[],2026-01-09T17:10:50.268592+07:00,"Oh shit, Kamala Harris really won 
the election. ✋",2026-01-01T01:00:02+07:00,,3799905041444843666,threads,threads.com,threads_crawler_v1,https://www.threads.net/@houdsery/post/DS7-YCfiTCS,https://instagram.fhan4-3.fna.fbcdn.net/v/t51.2885-19/501305459_17912071269110712_5026468530595949436_n.jpg?stp=dst-jpg_s150x150_tt6&efg=eyJ2ZW5jb2RlX3RhZyI6InByb2ZpbGVfcGljLmRqYW5nby40MDAuYzEifQ&_nc_ht=instagram.fhan4-3.fna.fbcdn.net&_nc_cat=100&_nc_oc=Q6cZ2QFTps6n8GIpCOHoiHe2c_udjxMPhrxRsWUQyI-HYiMplrg5uH-Fxw5pTJQUP-yTX1s&_nc_ohc=_eaTMmTM3jYQ7kNvwEcJvqZ&_nc_gid=78GIROmAXEvco7jS3ma8MA&edm=AJhczIQBAAAA&ccb=7-5&oh=00_AfqPyN6mA-YtJiusRT8t_rGT_57dXQkaTrIp8MY4eHzAkg&oe=6966AB0B&_nc_sid=4a2096,928,0,19485,552,0,[],,https://www.threads.net/@houdsery/post/DS7-YCfiTCS,[],"{'likes': 19485, 'reposts': 531, 'quotes': 21}",threads,3799905041444843666,Houd $ery.,,"Oh shit, Kamala Harris really won 
the election. ✋",threads,63131686711,houdsery
[],2026-01-09T17:10:50.268642+07:00,"HE. TRIED. TO. OVERTURN. THE. 2020. ELECTION. AND. WHEN. THAT. DIDNT. WORK. HE. STAGED. A. LITERAL. FUCKING. INSURRECTION. 

this isn’t up for debate.",2026-01-01T07:53:50+07:00,,3800113316673707103,threads,threads.com,threads_crawler_v1,https://www.threads.net/@brandontour/post/DS8tu16kVxf,https://instagram.fhan3-3.fna.fbcdn.net/v/t51.2885-19/534953949_17920784856120863_5523368698418554269_n.jpg?stp=dst-jpg_s150x150_tt6&efg=eyJ2ZW5jb2RlX3RhZyI6InByb2ZpbGVfcGljLmRqYW5nby4xMDgwLmMxIn0&_nc_ht=instagram.fhan3-3.fna.fbcdn.net&_nc_cat=1&_nc_oc=Q6cZ2QFTps6n8GIpCOHoiHe2c_udjxMPhrxRsWUQyI-HYiMplrg5uH-Fxw5pTJQUP-yTX1s&_nc_ohc=Qslmsslb70MQ7kNvwGG_Sxy&_nc_gid=78GIROmAXEvco7jS3ma8MA&edm=AJhczIQBAAAA&ccb=7-5&oh=00_Afrv1PFTxezUGczgHcSs4Vbfx6r3W0RujB4cdFf82qOi1Q&oe=69669158&_nc_sid=4a2096,484,0,68678,4620,0,[],,https://www.threads.net/@brandontour/post/DS8tu16kVxf,[],"{'likes': 68678, 'reposts': 4543, 'quotes': 77}",threads,3800113316673707103,BRANDON FRANKEL,,"HE. TRIED. TO. OVERTURN. THE. 2020. ELECTION. AND. WHEN. THAT. DIDNT. WORK. HE. STAGED. A. LITERAL. FUCKING. INSURRECTION. 

this isn’t up for debate.",threads,63619448862,brandontour
[],2026-01-09T17:10:50.268695+07:00,"मिशन ग्रामपंचायत 👑

#viralreels #instadaily #instavideo #viral #instagram #videoedits #politics #political #viralvideos #grampanchayat #sarpanch👑 #marathimulga😎 #marathi_status_ #maharashtra #marathiculture #election #jitendraawhad #socialmediamarketing #sharadpawarspeaks #vba",2025-12-24T20:51:56+07:00,,3794706726630066039,threads,threads.com,threads_crawler_v1,https://www.threads.net/@govind_konge5656/post/DSpgamjkgd3,https://instagram.fhan3-3.fna.fbcdn.net/v/t51.2885-19/582762397_17934647208136919_8245209903426243778_n.jpg?stp=dst-jpg_s150x150_tt6&efg=eyJ2ZW5jb2RlX3RhZyI6InByb2ZpbGVfcGljLmRqYW5nby4xMDgwLmMxIn0&_nc_ht=instagram.fhan3-3.fna.fbcdn.net&_nc_cat=111&_nc_oc=Q6cZ2QFTps6n8GIpCOHoiHe2c_udjxMPhrxRsWUQyI-HYiMplrg5uH-Fxw5pTJQUP-yTX1s&_nc_ohc=tvlBHS--HwwQ7kNvwH0SipF&_nc_gid=78GIROmAXEvco7jS3ma8MA&edm=AJhczIQBAAAA&ccb=7-5&oh=00_AfoRrBFyFbG9Prag5IIl9sNtvtUpPAHzkSwED-ql1YArPQ&oe=6966BF2D&_nc_sid=4a2096,0,0,9,0,0,"['https://instagram.fhan4-6.fna.fbcdn.net/v/t51.2885-15/600614170_1347154940493153_1733942923585968341_n.jpg?stp=dst-jpg_e15_tt6&efg=eyJ2ZW5jb2RlX3RhZyI6InRocmVhZHMuRkVFRC5pbWFnZV91cmxnZW4uNjQweDExMzYuc2RyLmY3MTg3OC5kZWZhdWx0X2NvdmVyX2ZyYW1lLmMxIn0&_nc_ht=instagram.fhan4-6.fna.fbcdn.net&_nc_cat=109&_nc_oc=Q6cZ2QFTps6n8GIpCOHoiHe2c_udjxMPhrxRsWUQyI-HYiMplrg5uH-Fxw5pTJQUP-yTX1s&_nc_ohc=Nvd3V7WKy2gQ7kNvwFHaEmB&_nc_gid=78GIROmAXEvco7jS3ma8MA&edm=AJhczIQBAAAA&ccb=7-5&ig_cache_key=Mzc5NDcwNjcyNjYzMDA2NjAzOQ%3D%3D.3-ccb7-5&oh=00_AfrL0tbGgJpD_nITanyfpNpp95rlRE88AylqemTIrEncMw&oe=69669834&_nc_sid=4a2096', 'https://instagram.fhan4-6.fna.fbcdn.net/o1/v/t16/f2/m69/AQP2iB-auAjUcUjlUpiEzf969srIX8Pt-YAjZuEX-7-j57I6qsihyEWWSZL87LDo1fWfbFgop073Ttwlpl-1rCyE.mp4?strext=1&_nc_cat=109&_nc_oc=AdlZnWh0HznO_1MWqjbyKaOcK82TC-83nDFesaTVVZ9t7Ew9XVj2bLvIVCO3Sa71RTo&_nc_sid=5e9851&_nc_ht=instagram.fhan4-6.fna.fbcdn.net&_nc_ohc=zyll3j-xdH0Q7kNvwEa4ciq&efg=eyJ2ZW5jb2RlX3RhZyI6Inhwdl9wcm9ncmVzc2l2ZS5JTlNUQUdSQU0uRkVFRC5DMy43MjAuZGFzaF9iYXNlbGluZV8xX3YxIiwieHB2X2Fzc2V0X2lkIjoxMjMwNjY3ODI1NjQ3MjcxLCJhc3NldF9hZ2VfZGF5cyI6MTUsInZpX3VzZWNhc2VfaWQiOjEwMDk5LCJkdXJhdGlvbl9zIjoyMCwidXJsZ2VuX3NvdXJjZSI6Ind3dyJ9&ccb=17-1&_nc_gid=78GIROmAXEvco7jS3ma8MA&_nc_zt=28&vs=486f8d373798a132&_nc_vs=HBksFQIYOnBhc3N0aHJvdWdoX2V2ZXJzdG9yZS9HRHVUdENLUWJaZlVyX1lFQUpnRnlESHI4M1Y3YnNwVEFRQUYVAALIARIAFQIYOnBhc3N0aHJvdWdoX2V2ZXJzdG9yZS9HTmhTQUNSTXdxZy11VmNHQU0yTGZRdlU0dDk2YnN0VEFRQUYVAgLIARIAKAAYABsCiAd1c2Vfb2lsATEScHJvZ3Jlc3NpdmVfcmVjaXBlATEVAAAmzrqs6aXSrwQVAigCQzMsF0A0iHKwIMScGBJkYXNoX2Jhc2VsaW5lXzFfdjERAHXqB2XmnQEA&oh=00_AfoMWF8FI6x926XOstdv120FzDVTuiFXJ7-faacjKWAi5g&oe=69668C27']",,https://www.threads.net/@govind_konge5656/post/DSpgamjkgd3,[],"{'likes': 9, 'reposts': 0, 'quotes': 0}",threads,3794706726630066039,Konge Govindraje,,"मिशन ग्रामपंचायत 👑

#viralreels #instadaily #instavideo #viral #instagram #videoedits #politics #political #viralvideos #grampanchayat #sarpanch👑 #marathimulga😎 #marathi_status_ #maharashtra #marathiculture #election #jitendraawhad #socialmediamarketing #sharadpawarspeaks #vba",threads,64182056918,govind_konge5656
[],2026-01-09T17:10:50.268745+07:00,"Former OK schools chief Ryan Walters is melting down after the OK Supreme Court struck down the history curriculum he mandated, which included Bible study and materials arguing that the 2020 election was stolen.",2025-12-18T07:06:28+07:00,,3789942279898229361,threads,threads.com,threads_crawler_v1,https://www.threads.net/@ronaldfilipkowski/post/DSYlGxwkWpx,https://instagram.fhan3-3.fna.fbcdn.net/v/t51.2885-19/395841057_2042512866122893_4517797560421980520_n.jpg?stp=dst-jpg_s150x150_tt6&efg=eyJ2ZW5jb2RlX3RhZyI6InByb2ZpbGVfcGljLmRqYW5nby41MzkuYzEifQ&_nc_ht=instagram.fhan3-3.fna.fbcdn.net&_nc_cat=1&_nc_oc=Q6cZ2QFTps6n8GIpCOHoiHe2c_udjxMPhrxRsWUQyI-HYiMplrg5uH-Fxw5pTJQUP-yTX1s&_nc_ohc=JdYUKS9ARTgQ7kNvwEhaOdd&_nc_gid=78GIROmAXEvco7jS3ma8MA&edm=AJhczIQBAAAA&ccb=7-5&oh=00_Afp2yZrhI5VkQXxceh69A0Qnc7dbwPWTMXb0a_1g_5rzSg&oe=6966B24B&_nc_sid=4a2096,1557,0,6851,419,0,"['https://instagram.fhan4-3.fna.fbcdn.net/v/t51.2885-15/587730231_1602368590942776_974562709399020353_n.jpg?stp=dst-jpg_e15_tt6&efg=eyJ2ZW5jb2RlX3RhZyI6InRocmVhZHMuRkVFRC5pbWFnZV91cmxnZW4uNjQweDM1OC5zZHIuZjcxODc4LmRlZmF1bHRfY292ZXJfZnJhbWUuYzEifQ&_nc_ht=instagram.fhan4-3.fna.fbcdn.net&_nc_cat=100&_nc_oc=Q6cZ2QFTps6n8GIpCOHoiHe2c_udjxMPhrxRsWUQyI-HYiMplrg5uH-Fxw5pTJQUP-yTX1s&_nc_ohc=ehmZAEaroKkQ7kNvwG7yywq&_nc_gid=78GIROmAXEvco7jS3ma8MA&edm=AJhczIQBAAAA&ccb=7-5&ig_cache_key=Mzc4OTk0MjI3OTg5ODIyOTM2MQ%3D%3D.3-ccb7-5&oh=00_AfrWvcuWiGQToQpzPLNutmSEmkHeGW2pm33V_Fy8jZntSQ&oe=69669891&_nc_sid=4a2096', 'https://instagram.fhan3-4.fna.fbcdn.net/o1/v/t16/f2/m84/AQNV4oUqxZsqB89OQGZK_mOiW8rhTZbhUt_kACi6ihugzJHKvnxvYz33FeKWxeFceBqbipwc-mz4IV1-9PgzuVUzj38y8PoizVhjYc4.mp4?_nc_cat=104&_nc_oc=Adl5YVbSASdoKykPz908MLdvx_EdvYCoJCbc06e8GTcZbgJc45vQf_LaUAhxjNN4xLY&_nc_sid=5e9851&_nc_ht=instagram.fhan3-4.fna.fbcdn.net&_nc_ohc=1d4J3X8Gt3kQ7kNvwFucH99&efg=eyJ2ZW5jb2RlX3RhZyI6Inhwdl9wcm9ncmVzc2l2ZS5JTlNUQUdSQU0uRkVFRC5DMy44ODQuZGFzaF9iYXNlbGluZV8xX3YxIiwieHB2X2Fzc2V0X2lkIjoxNTg0ODEwMzE1ODg4NTQ1LCJhc3NldF9hZ2VfZGF5cyI6MjIsInZpX3VzZWNhc2VfaWQiOjEwMTY0LCJkdXJhdGlvbl9zIjo2OSwidXJsZ2VuX3NvdXJjZSI6Ind3dyJ9&ccb=17-1&_nc_gid=78GIROmAXEvco7jS3ma8MA&_nc_zt=28&vs=7e5564406eb86672&_nc_vs=HBksFQIYTGlnX2JhY2tmaWxsX3RpbWVsaW5lX3ZvZC8wODRCQUZCRDNCRTNFM0JFNEExNUQwQjlBRTdDMzVBOF92aWRlb19kYXNoaW5pdC5tcDQVAALIARIAFQIYOnBhc3N0aHJvdWdoX2V2ZXJzdG9yZS9HSWZPNXlOZ2twN0RGR0VIQUlPdHg4X0xWaUV6YnNwVEFRQUYVAgLIARIAKAAYABsCiAd1c2Vfb2lsATEScHJvZ3Jlc3NpdmVfcmVjaXBlATEVAAAmwt7R_ozY0AUVAigCQzMsF0BRRDlYEGJOGBJkYXNoX2Jhc2VsaW5lXzFfdjERAHXqB2XongEA&oh=00_AfoYiv-UMndgJHpbqIj59TsTCkLud2JKurMEN7rpBVJIZQ&oe=6962C384']",,https://www.threads.net/@ronaldfilipkowski/post/DSYlGxwkWpx,[],"{'likes': 6851, 'reposts': 353, 'quotes': 66}",threads,3789942279898229361,Ron Filipkowski,,"Former OK schools chief Ryan Walters is melting down after the OK Supreme Court struck down the history curriculum he mandated, which included Bible study and materials arguing that the 2020 election was stolen.",threads,63066957735,ronaldfilipkowski
[],2026-01-09T17:10:50.268802+07:00,"Want to see something pathetic?

Leigh Wambsganss, a failed horror movie actress whose real name is Loretta, is running for Texas state senate in a special runoff election Jan. 31.  She is a MAGAt whose signs all proudly say that she is Trump-endorsed. Over on the cesspool that is X, she’s begging for Elon Musk’s endorsement. 😅🫠

Her Democratic opponent, Taylor Rehmet, almost won the original 3-way race outright. He needs our support. 🧵🪡",2026-01-08T00:44:32+07:00,,3804970672993667424,threads,threads.com,threads_crawler_v1,https://www.threads.net/@jen_tx_/post/DTN-KrgkQlg,https://instagram.fhan4-3.fna.fbcdn.net/v/t51.2885-19/491448114_1667411287228558_358389355119610775_n.jpg?stp=dst-jpg_s150x150_tt6&efg=eyJ2ZW5jb2RlX3RhZyI6InByb2ZpbGVfcGljLmRqYW5nby4xNTAuYzEifQ&_nc_ht=instagram.fhan4-3.fna.fbcdn.net&_nc_cat=110&_nc_oc=Q6cZ2QF9QhXYadPZHaNIuiuoyzWliLaRUCugh9DADc1N6_px00Wv12hdlS0RGB8mULy9OWk&_nc_ohc=Jf6LXuEb204Q7kNvwGRbSuq&_nc_gid=oXeTgZwl9rREVEHORohdmA&edm=AJhczIQBAAAA&ccb=7-5&oh=00_AfodfHooENttDQVqIPsWfN33Bfya5bQiFLwvLswulLT2sg&oe=6966B41A&_nc_sid=4a2096,2,0,28,6,0,['https://instagram.fhan4-6.fna.fbcdn.net/v/t51.2885-15/613751501_17877009057465032_4362555324559945261_n.jpg?stp=dst-jpg_e35_tt6&efg=eyJ2ZW5jb2RlX3RhZyI6InRocmVhZHMuRkVFRC5pbWFnZV91cmxnZW4uMTMyMHgyMDkxLnNkci5mODI3ODcuZGVmYXVsdF9pbWFnZS5jMSJ9&_nc_ht=instagram.fhan4-6.fna.fbcdn.net&_nc_cat=108&_nc_oc=Q6cZ2QF9QhXYadPZHaNIuiuoyzWliLaRUCugh9DADc1N6_px00Wv12hdlS0RGB8mULy9OWk&_nc_ohc=79gGv7EvI9cQ7kNvwE0ijn7&_nc_gid=oXeTgZwl9rREVEHORohdmA&edm=AJhczIQBAAAA&ccb=7-5&ig_cache_key=MzgwNDk3MDY3Mjk5MzY2NzQyNA%3D%3D.3-ccb7-5&oh=00_AfoTFJDoVzM9wtwySls1CgWlB-wrHcadeZsXfpazdaQudg&oe=6966981F&_nc_sid=4a2096'],,https://www.threads.net/@jen_tx_/post/DTN-KrgkQlg,[],"{'likes': 28, 'reposts': 5, 'quotes': 1}",threads,3804970672993667424,Jennifer Marie,radical leftist scum,"Want to see something pathetic?

Leigh Wambsganss, a failed horror movie actress whose real name is Loretta, is running for Texas state senate in a special runoff election Jan. 31.  She is a MAGAt whose signs all proudly say that she is Trump-endorsed. Over on the cesspool that is X, she’s begging for Elon Musk’s endorsement. 😅🫠

Her Democratic opponent, Taylor Rehmet, almost won the original 3-way race outright. He needs our support. 🧵🪡",threads,74035585031,jen_tx_
[],2026-01-09T17:10:50.268859+07:00,"If you haven’t seen this video of Elon Musk bragging about the 2024 election results before the election was over, I highly recommend you watch this, and he’s got his toddler son, little x spilling the beans. 

Not only did Elon hack the 2024 election in favor of Trump, he’s already interfering in the 2026 midterm elections. 👇👇👇",2026-01-05T12:48:42+07:00,,3803159806652293482,threads,threads.com,threads_crawler_v1,https://www.threads.net/@tales_typos/post/DTHibGzjaFq,https://instagram.fhan3-3.fna.fbcdn.net/v/t51.2885-19/471647193_1329822258014570_1948374247755446052_n.jpg?stp=dst-jpg_s150x150_tt6&efg=eyJ2ZW5jb2RlX3RhZyI6InByb2ZpbGVfcGljLmRqYW5nby4xMDgwLmMxIn0&_nc_ht=instagram.fhan3-3.fna.fbcdn.net&_nc_cat=1&_nc_oc=Q6cZ2QF9QhXYadPZHaNIuiuoyzWliLaRUCugh9DADc1N6_px00Wv12hdlS0RGB8mULy9OWk&_nc_ohc=Pf38nvf4zi8Q7kNvwG-CEkJ&_nc_gid=oXeTgZwl9rREVEHORohdmA&edm=AJhczIQBAAAA&ccb=7-5&oh=00_AfphEu5nQxHt41ZrHxf_KI-cLPZNEI_6e3VCfj3UqrcH_A&oe=6966BA7C&_nc_sid=4a2096,8,0,39,26,0,"['https://instagram.fhan3-3.fna.fbcdn.net/v/t51.2885-15/587550381_1513258543120429_3431615358440766084_n.jpg?stp=dst-jpg_e15_tt6&efg=eyJ2ZW5jb2RlX3RhZyI6InRocmVhZHMuRkVFRC5pbWFnZV91cmxnZW4uNjQweDExMzYuc2RyLmY3MTg3OC5kZWZhdWx0X2NvdmVyX2ZyYW1lLmMxIn0&_nc_ht=instagram.fhan3-3.fna.fbcdn.net&_nc_cat=101&_nc_oc=Q6cZ2QF9QhXYadPZHaNIuiuoyzWliLaRUCugh9DADc1N6_px00Wv12hdlS0RGB8mULy9OWk&_nc_ohc=leOf-rfM5-EQ7kNvwEfc1fe&_nc_gid=oXeTgZwl9rREVEHORohdmA&edm=AJhczIQBAAAA&ccb=7-5&ig_cache_key=MzgwMzE1OTgwNjY1MjI5MzQ4Mg%3D%3D.3-ccb7-5&oh=00_Afpd5hvkdDniOTDsJNBa4kXQPAImKcyTgf8ufo5eRPhVCA&oe=6966B742&_nc_sid=4a2096', 'https://instagram.fhan4-5.fna.fbcdn.net/o1/v/t16/f2/m84/AQNUCnmmIMtRnm6A91ZkbCgikuUf8oZwPalVlK-itNPZun_AmVDK91cJCr_jdYHYOqeUIwnXh6pnCdYcLJwwkIbJTNsJJulwEm1djp0.mp4?_nc_cat=102&_nc_oc=Adn6V1noy6mbdoU7oZJCL-EQBPjtGvcsrAQQuF0o41lk3-WPS_oYVfLVaEfXASWhdNI&_nc_sid=5e9851&_nc_ht=instagram.fhan4-5.fna.fbcdn.net&_nc_ohc=Y3RneVifPfoQ7kNvwHL15KF&efg=eyJ2ZW5jb2RlX3RhZyI6Inhwdl9wcm9ncmVzc2l2ZS5JTlNUQUdSQU0uRkVFRC5DMy43MjAuZGFzaF9iYXNlbGluZV8xX3YxIiwieHB2X2Fzc2V0X2lkIjoyNjc4NzgyMDAyNDU2MzMyLCJhc3NldF9hZ2VfZGF5cyI6NCwidmlfdXNlY2FzZV9pZCI6MTAxNjQsImR1cmF0aW9uX3MiOjQ1LCJ1cmxnZW5fc291cmNlIjoid3d3In0%3D&ccb=17-1&_nc_gid=oXeTgZwl9rREVEHORohdmA&_nc_zt=28&vs=54e7a71b8384c88f&_nc_vs=HBksFQIYTGlnX2JhY2tmaWxsX3RpbWVsaW5lX3ZvZC81QzRGQ0Y2RENBMjZGOTM5MDVEODc3MjFFQjZBQjRCMF92aWRlb19kYXNoaW5pdC5tcDQVAALIARIAFQIYOnBhc3N0aHJvdWdoX2V2ZXJzdG9yZS9HSlBMVnlSdUtURlJEaXdHQUo3eVI1aXBRMEI4YnNwVEFRQUYVAgLIARIAKAAYABsCiAd1c2Vfb2lsATEScHJvZ3Jlc3NpdmVfcmVjaXBlATEVAAAmmJz_mtGVwgkVAigCQzMsF0BG5mZmZmZmGBJkYXNoX2Jhc2VsaW5lXzFfdjERAHXqB2XongEA&oh=00_AfpCYZQObFfjJQh6CWiOlxJfl9_0aNDBbuHVGCPq86Lcww&oe=6962AF96']",,https://www.threads.net/@tales_typos/post/DTHibGzjaFq,[],"{'likes': 39, 'reposts': 24, 'quotes': 2}",threads,3803159806652293482,tales_typos,,"If you haven’t seen this video of Elon Musk bragging about the 2024 election results before the election was over, I highly recommend you watch this, and he’s got his toddler son, little x spilling the beans. 

Not only did Elon hack the 2024 election in favor of Trump, he’s already interfering in the 2026 midterm elections. 👇👇👇",threads,63405806966,tales_typos
[],2026-01-09T17:10:50.268912+07:00,"Elon Musk hacked the voting machines

Everyone knows it

The last time someone won all the swing states was 40 years ago

They fucked with the numbers just enough so it wasnt blatantly obvious

And no one in the Democratic party raised the alarms

Trump wasnt popular. His rallys were empty. Harris had all the momentum. And then Musk even told everyone in a tweet, trump wouldnt have won without him

That election was stolen in plain sight. And no one will ever convince me otherwise!",2025-12-28T03:25:35+07:00,,3797079195789715417,threads,threads.com,threads_crawler_v1,https://www.threads.net/@thejoebraxton/post/DSx72kpEmfZ,https://instagram.fhan3-4.fna.fbcdn.net/v/t51.2885-19/605262992_17994080058102450_4807945383768373525_n.jpg?stp=dst-jpg_s150x150_tt6&efg=eyJ2ZW5jb2RlX3RhZyI6InByb2ZpbGVfcGljLmRqYW5nby43MjkuYzEifQ&_nc_ht=instagram.fhan3-4.fna.fbcdn.net&_nc_cat=106&_nc_oc=Q6cZ2QF9QhXYadPZHaNIuiuoyzWliLaRUCugh9DADc1N6_px00Wv12hdlS0RGB8mULy9OWk&_nc_ohc=CG4vQ2INUD0Q7kNvwEBY7E0&_nc_gid=oXeTgZwl9rREVEHORohdmA&edm=AJhczIQBAAAA&ccb=7-5&oh=00_AfqEG1JSo4788AiFgK20SLexMgmj67QuRc4WIZ5ggzrCSw&oe=69668C0F&_nc_sid=4a2096,1239,0,25733,2083,0,[],,https://www.threads.net/@thejoebraxton/post/DSx72kpEmfZ,[],"{'likes': 25733, 'reposts': 1996, 'quotes': 87}",threads,3797079195789715417,Joe Braxton🧢🔌,,"Elon Musk hacked the voting machines

Everyone knows it

The last time someone won all the swing states was 40 years ago

They fucked with the numbers just enough so it wasnt blatantly obvious

And no one in the Democratic party raised the alarms

Trump wasnt popular. His rallys were empty. Harris had all the momentum. And then Musk even told everyone in a tweet, trump wouldnt have won without him

That election was stolen in plain sight. And no one will ever convince me otherwise!",threads,63100278449,thejoebraxton
[],2026-01-09T17:10:50.268972+07:00,26 BILLIONAIRES SPENT $22M TO BLOCK @zohrankmamdani FROM WINNING THE ELECTION - AND HE STILL WON,2025-12-13T23:02:57+07:00,,3786800154050098756,threads,threads.com,threads_crawler_v1,https://www.threads.net/@mumtuuu/post/DSNaq1BjPZE,https://instagram.fhan4-6.fna.fbcdn.net/v/t51.2885-19/607297798_17939927661103401_3275825095060011987_n.jpg?stp=dst-jpg_s150x150_tt6&efg=eyJ2ZW5jb2RlX3RhZyI6InByb2ZpbGVfcGljLmRqYW5nby4xMDgwLmMxIn0&_nc_ht=instagram.fhan4-6.fna.fbcdn.net&_nc_cat=109&_nc_oc=Q6cZ2QF9QhXYadPZHaNIuiuoyzWliLaRUCugh9DADc1N6_px00Wv12hdlS0RGB8mULy9OWk&_nc_ohc=GsF7Cr69R6oQ7kNvwGgJRg5&_nc_gid=oXeTgZwl9rREVEHORohdmA&edm=AJhczIQBAAAA&ccb=7-5&oh=00_AfqnonLIFlzNrFU0T4czxw6Vxb5KwKiDH20ZDoSH31VonQ&oe=69668F57&_nc_sid=4a2096,308,0,18182,1495,0,['https://instagram.fhan4-6.fna.fbcdn.net/v/t51.2885-15/599892966_17938054980103401_8306875858685129080_n.webp?efg=eyJ2ZW5jb2RlX3RhZyI6InRocmVhZHMuQ0FST1VTRUxfSVRFTS5pbWFnZV91cmxnZW4uMTA4MHgxMjMzLnNkci5mODI3ODcuZGVmYXVsdF9pbWFnZS5jMSJ9&_nc_ht=instagram.fhan4-6.fna.fbcdn.net&_nc_cat=109&_nc_oc=Q6cZ2QF9QhXYadPZHaNIuiuoyzWliLaRUCugh9DADc1N6_px00Wv12hdlS0RGB8mULy9OWk&_nc_ohc=R8W7TSzg8FQQ7kNvwFy_SoC&_nc_gid=oXeTgZwl9rREVEHORohdmA&edm=AJhczIQBAAAA&ccb=7-5&ig_cache_key=Mzc4NjgwMDE1MTE4OTUyMzY4NQ%3D%3D.3-ccb7-5&oh=00_Afoi3heA8ScA-cLVB3Fnmi0L_FbKkbViSde7cbegg4yCfw&oe=6966A885&_nc_sid=4a2096'],,https://www.threads.net/@mumtuuu/post/DSNaq1BjPZE,[],"{'likes': 18182, 'reposts': 1437, 'quotes': 58}",threads,3786800154050098756,Muhammad Faheem,Zohran Mamdani,26 BILLIONAIRES SPENT $22M TO BLOCK @zohrankmamdani FROM WINNING THE ELECTION - AND HE STILL WON,threads,63046879400,mumtuuu
[],2026-01-09T17:10:50.269022+07:00,"Raise your hand if you agree with Jack Smith that Donald Trump should be in prison for attempting to overturn the 2020 election, and preventing the peaceful transfer of power. 🙋‍♂️",2025-12-18T03:59:49+07:00,,3789848670599320797,threads,threads.com,threads_crawler_v1,https://www.threads.net/@stimpygato/post/DSYP0lTjxTd,https://instagram.fhan4-6.fna.fbcdn.net/v/t51.2885-19/552887228_17924716728112341_772758387170114536_n.jpg?stp=dst-jpg_s150x150_tt6&efg=eyJ2ZW5jb2RlX3RhZyI6InByb2ZpbGVfcGljLmRqYW5nby4xMDgwLmMxIn0&_nc_ht=instagram.fhan4-6.fna.fbcdn.net&_nc_cat=109&_nc_oc=Q6cZ2QF9QhXYadPZHaNIuiuoyzWliLaRUCugh9DADc1N6_px00Wv12hdlS0RGB8mULy9OWk&_nc_ohc=wmKRCxOFi24Q7kNvwHfcg6r&_nc_gid=oXeTgZwl9rREVEHORohdmA&edm=AJhczIQBAAAA&ccb=7-5&oh=00_AfoGQwlqz_0QTIVpSaoZDcEqEixjhG8f1Wde79WSeaKHIQ&oe=6966B8B8&_nc_sid=4a2096,838,0,29056,984,0,[],,https://www.threads.net/@stimpygato/post/DSYP0lTjxTd,[],"{'likes': 29056, 'reposts': 952, 'quotes': 32}",threads,3789848670599320797,Noel Sufrin,,"Raise your hand if you agree with Jack Smith that Donald Trump should be in prison for attempting to overturn the 2020 election, and preventing the peaceful transfer of power. 🙋‍♂️",threads,63491256340,stimpygato
[],2026-01-09T17:10:50.269072+07:00,"Marjorie Taylor Greene doesn’t want you to know my name. That’s not an accident. I’m Shawn Harris. I’m a Democrat, a husband and father, a Retired Brigadier General, and a farmer. I’m running in a special election to replace MTG. I’m the only Democrat in a jungle primary against 17 Republicans. That means we are all on the same ballot and we can win. Please share this and help spread the word.",2026-01-02T12:54:27+07:00,,3800989401225232036,threads,threads.com,threads_crawler_v1,https://www.threads.net/@shawnharrisforga/post/DS_07jPDf6k,https://instagram.fhan4-1.fna.fbcdn.net/v/t51.2885-19/504146673_17912971251134681_1370822384803032287_n.jpg?stp=dst-jpg_s150x150_tt6&efg=eyJ2ZW5jb2RlX3RhZyI6InByb2ZpbGVfcGljLmRqYW5nby4xMDgwLmMxIn0&_nc_ht=instagram.fhan4-1.fna.fbcdn.net&_nc_cat=105&_nc_oc=Q6cZ2QF9QhXYadPZHaNIuiuoyzWliLaRUCugh9DADc1N6_px00Wv12hdlS0RGB8mULy9OWk&_nc_ohc=2pFoeBoR_30Q7kNvwE_7FqQ&_nc_gid=oXeTgZwl9rREVEHORohdmA&edm=AJhczIQBAAAA&ccb=7-5&oh=00_Afp2PHRj1Ews0PouJCFNR9Ittjy_GY1SibhNIUZyqXJmxQ&oe=6966C2DB&_nc_sid=4a2096,252,0,15782,2402,0,[],,https://www.threads.net/@shawnharrisforga/post/DS_07jPDf6k,[],"{'likes': 15782, 'reposts': 2347, 'quotes': 55}",threads,3800989401225232036,Shawn Harris,,"Marjorie Taylor Greene doesn’t want you to know my name. That’s not an accident. I’m Shawn Harris. I’m a Democrat, a husband and father, a Retired Brigadier General, and a farmer. I’m running in a special election to replace MTG. I’m the only Democrat in a jungle primary against 17 Republicans. That means we are all on the same ballot and we can win. Please share this and help spread the word.",threads,63938398680,shawnharrisforga
[],2026-01-09T17:10:50.269122+07:00,"The ANC in the last election only got 48% of the vote.
Why don't the 52% form a government of national unity to override the ANC and take control.
Or have I got something wrong?",2026-01-08T15:38:09+07:00,,3805420442933915484,threads,threads.com,threads_crawler_v1,https://www.threads.net/@heydenrychlance/post/DTPkbsaFe9c,https://instagram.fhan3-3.fna.fbcdn.net/v/t51.2885-19/472059891_972394174752985_3560659228225124983_n.jpg?stp=dst-jpg_s150x150_tt6&efg=eyJ2ZW5jb2RlX3RhZyI6InByb2ZpbGVfcGljLmRqYW5nby4zMjAuYzEifQ&_nc_ht=instagram.fhan3-3.fna.fbcdn.net&_nc_cat=101&_nc_oc=Q6cZ2QF9QhXYadPZHaNIuiuoyzWliLaRUCugh9DADc1N6_px00Wv12hdlS0RGB8mULy9OWk&_nc_ohc=tLyNlw7BeVIQ7kNvwHmfiDE&_nc_gid=oXeTgZwl9rREVEHORohdmA&edm=AJhczIQBAAAA&ccb=7-5&oh=00_AfrIDxUjuq9-l2PtnBx4Xytdr1gmoiEd35aMa8l5Hpefxw&oe=6966B060&_nc_sid=4a2096,23,0,24,3,0,[],,https://www.threads.net/@heydenrychlance/post/DTPkbsaFe9c,[],"{'likes': 24, 'reposts': 3, 'quotes': 0}",threads,3805420442933915484,Lance Heydenrych,,"The ANC in the last election only got 48% of the vote.
Why don't the 52% form a government of national unity to override the ANC and take control.
Or have I got something wrong?",threads,71601165027,heydenrychlance
[],2026-01-09T17:10:50.269172+07:00,"Tomorrow, I turn 71. So I’ve lived a long time, through events that are history to most others. I was 8 when JFK was killed, 13 when we lost RFK & MLK. 18 during Watergate. Late 20s for the AIDS epidemic. 45 when they REALLY stole an election. For 9/11, I was 46. Throw in Vietnam war, 8 years of Reagan destruction, 8 years Bush/Cheney horrors and yeah, there’s been a lot of shit. But I swear to you this: NO. YEAR. HAS EVER. SUCKED. LIKE. 2025. 😭😭",2025-12-16T00:18:22+07:00,,3788287658023835753,threads,threads.com,threads_crawler_v1,https://www.threads.net/@anjariv/post/DSSs43Dgdhp,https://instagram.fhan3-3.fna.fbcdn.net/v/t51.2885-19/429332580_400485882531071_5354313908754499954_n.jpg?stp=dst-jpg_s150x150_tt6&efg=eyJ2ZW5jb2RlX3RhZyI6InByb2ZpbGVfcGljLmRqYW5nby4xMDgwLmMxIn0&_nc_ht=instagram.fhan3-3.fna.fbcdn.net&_nc_cat=111&_nc_oc=Q6cZ2QF9QhXYadPZHaNIuiuoyzWliLaRUCugh9DADc1N6_px00Wv12hdlS0RGB8mULy9OWk&_nc_ohc=4-dQrTHvhT0Q7kNvwG9iYZX&_nc_gid=oXeTgZwl9rREVEHORohdmA&edm=AJhczIQBAAAA&ccb=7-5&oh=00_AfrPyJcMwDR2v7JqLxpfF9E8ldUk_lMmL4vxINzyrqeSsA&oe=69668DC7&_nc_sid=4a2096,1453,0,15334,764,0,[],,https://www.threads.net/@anjariv/post/DSSs43Dgdhp,[],"{'likes': 15334, 'reposts': 721, 'quotes': 43}",threads,3788287658023835753,Anja Rivkins,,"Tomorrow, I turn 71. So I’ve lived a long time, through events that are history to most others. I was 8 when JFK was killed, 13 when we lost RFK & MLK. 18 during Watergate. Late 20s for the AIDS epidemic. 45 when they REALLY stole an election. For 9/11, I was 46. Throw in Vietnam war, 8 years of Reagan destruction, 8 years Bush/Cheney horrors and yeah, there’s been a lot of shit. But I swear to you this: NO. YEAR. HAS EVER. SUCKED. LIKE. 2025. 😭😭",threads,63479530321,anjariv
[],2026-01-09T17:10:50.269224+07:00,"Elon Musk hacked the 2024 election in favor of Donald Trump. And guess what?? Elon is already interfering with the 2026 midterm elections. He needs to go away, like to Mars. 

This is a photo of Elon at Mar-a-Lago last night with Trump…",2026-01-05T12:22:36+07:00,,3803147695230391285,threads,threads.com,threads_crawler_v1,https://www.threads.net/@tales_typos/post/DTHfq3KjZP1,https://instagram.fhan3-3.fna.fbcdn.net/v/t51.2885-19/471647193_1329822258014570_1948374247755446052_n.jpg?stp=dst-jpg_s150x150_tt6&efg=eyJ2ZW5jb2RlX3RhZyI6InByb2ZpbGVfcGljLmRqYW5nby4xMDgwLmMxIn0&_nc_ht=instagram.fhan3-3.fna.fbcdn.net&_nc_cat=1&_nc_oc=Q6cZ2QF9QhXYadPZHaNIuiuoyzWliLaRUCugh9DADc1N6_px00Wv12hdlS0RGB8mULy9OWk&_nc_ohc=Pf38nvf4zi8Q7kNvwG-CEkJ&_nc_gid=oXeTgZwl9rREVEHORohdmA&edm=AJhczIQBAAAA&ccb=7-5&oh=00_AfphEu5nQxHt41ZrHxf_KI-cLPZNEI_6e3VCfj3UqrcH_A&oe=6966BA7C&_nc_sid=4a2096,102,0,1083,226,0,['https://instagram.fhan3-3.fna.fbcdn.net/v/t51.2885-15/611299598_17933584716118967_3387559905797176948_n.jpg?stp=dst-jpg_e35_tt6&efg=eyJ2ZW5jb2RlX3RhZyI6InRocmVhZHMuRkVFRC5pbWFnZV91cmxnZW4uNDQ3eDQ0Ny5zZHIuZjgyNzg3LmRlZmF1bHRfaW1hZ2UuYzEifQ&_nc_ht=instagram.fhan3-3.fna.fbcdn.net&_nc_cat=111&_nc_oc=Q6cZ2QF9QhXYadPZHaNIuiuoyzWliLaRUCugh9DADc1N6_px00Wv12hdlS0RGB8mULy9OWk&_nc_ohc=VoPgDABPm3MQ7kNvwE3FXlK&_nc_gid=oXeTgZwl9rREVEHORohdmA&edm=AJhczIQBAAAA&ccb=7-5&ig_cache_key=MzgwMzE0NzY5NTIzMDM5MTI4NQ%3D%3D.3-ccb7-5&oh=00_AfqC40nrxgL2RMjW91FqF3voWssr6M5HsWdUy5-D8PDjxQ&oe=6966BD12&_nc_sid=4a2096'],,https://www.threads.net/@tales_typos/post/DTHfq3KjZP1,[],"{'likes': 1083, 'reposts': 216, 'quotes': 10}",threads,3803147695230391285,tales_typos,,"Elon Musk hacked the 2024 election in favor of Donald Trump. And guess what?? Elon is already interfering with the 2026 midterm elections. He needs to go away, like to Mars. 

This is a photo of Elon at Mar-a-Lago last night with Trump…",threads,63405806966,tales_typos
[],2026-01-09T17:10:50.269275+07:00,"y in our part of the world. Tomorrow could be genuinely #blackfriday #bushfire keep our area of the world in your hearts.  No electricity still (as at 6pm) #nbn out half the day. It’s 40+ degrees.
No one gives a stuff about rural communities that can’t swing a seat at an election. 60 years of infrastructure entropy. #revolution",2026-01-08T14:03:14+07:00,,3805372659920577890,threads,threads.com,threads_crawler_v1,https://www.threads.net/@fareenoughcafe/post/DTPZkXAjKVi,https://instagram.fhan3-3.fna.fbcdn.net/v/t51.2885-19/462084392_1233070911352729_278338259672352206_n.jpg?stp=dst-jpg_s150x150_tt6&efg=eyJ2ZW5jb2RlX3RhZyI6InByb2ZpbGVfcGljLmRqYW5nby4xMDgwLmMxIn0&_nc_ht=instagram.fhan3-3.fna.fbcdn.net&_nc_cat=101&_nc_oc=Q6cZ2QF9QhXYadPZHaNIuiuoyzWliLaRUCugh9DADc1N6_px00Wv12hdlS0RGB8mULy9OWk&_nc_ohc=uP8TELreq4sQ7kNvwEpVg3n&_nc_gid=oXeTgZwl9rREVEHORohdmA&edm=AJhczIQBAAAA&ccb=7-5&oh=00_AfpbPFiZK49-S-ZcJcYSL8jWmSGgRWc_ikhnYnx-HDboUA&oe=6966AE15&_nc_sid=4a2096,7,0,43,4,0,"['https://instagram.fhan3-4.fna.fbcdn.net/v/t51.2885-15/612142276_18562827022052022_5885804959368114897_n.jpg?stp=dst-jpg_e15_tt6&efg=eyJ2ZW5jb2RlX3RhZyI6InRocmVhZHMuRkVFRC5pbWFnZV91cmxnZW4uNzIweDEyODAuc2RyLmY4Mjc4Ny5kZWZhdWx0X2NvdmVyX2ZyYW1lLmMxIn0&_nc_ht=instagram.fhan3-4.fna.fbcdn.net&_nc_cat=106&_nc_oc=Q6cZ2QF9QhXYadPZHaNIuiuoyzWliLaRUCugh9DADc1N6_px00Wv12hdlS0RGB8mULy9OWk&_nc_ohc=3OZGJSui-FgQ7kNvwGijbcJ&_nc_gid=oXeTgZwl9rREVEHORohdmA&edm=AJhczIQBAAAA&ccb=7-5&ig_cache_key=MzgwNTM3MjY1OTkyMDU3Nzg5MA%3D%3D.3-ccb7-5&oh=00_Afow_GvdSQAg2zMMtJyGQg4C_5d2_vFetXlR4701Qd8uhQ&oe=69668C75&_nc_sid=4a2096', 'https://instagram.fhan4-5.fna.fbcdn.net/o1/v/t2/f2/m86/AQMZugq8rLGIZDzvBizsX9AZN7Dw3GyiUoZ7m_mUqB15NQ1l8o3JGkfGdxtzI-3UdtJgstJaoYQexwCsvUBznMFzel2hrHa-t9KMxwM.mp4?_nc_cat=103&_nc_oc=Adn4rM3J3euQrRd6CG-xR6af8xCnxN0lJM8wbAqxf0m9ZbK5e1AWFimqDHxG4LV8lPU&_nc_sid=5e9851&_nc_ht=instagram.fhan4-5.fna.fbcdn.net&_nc_ohc=XS6AM3PXutEQ7kNvwHHaDR3&efg=eyJ2ZW5jb2RlX3RhZyI6Inhwdl9wcm9ncmVzc2l2ZS5JTlNUQUdSQU0uRkVFRC5DMy43MjAuZGFzaF9iYXNlbGluZV8xX3YxIiwieHB2X2Fzc2V0X2lkIjo4MDY1MDkyMzkwNjgwODMsImFzc2V0X2FnZV9kYXlzIjoxLCJ2aV91c2VjYXNlX2lkIjoxMDA5OSwiZHVyYXRpb25fcyI6NjAsInVybGdlbl9zb3VyY2UiOiJ3d3cifQ%3D%3D&ccb=17-1&_nc_gid=oXeTgZwl9rREVEHORohdmA&_nc_zt=28&vs=62b728d28ca1798f&_nc_vs=HBksFQIYUmlnX3hwdl9yZWVsc19wZXJtYW5lbnRfc3JfcHJvZC9GRjRDRkVBRjZCQkIwRDYzNDdGRUQ2Q0YwNzQzRkI4NF92aWRlb19kYXNoaW5pdC5tcDQVAALIARIAFQIYOnBhc3N0aHJvdWdoX2V2ZXJzdG9yZS9HSzdMWGlTWUZfSExITmtDQUthLUNyLUw5N3dxYnN0VEFRQUYVAgLIARIAKAAYABsCiAd1c2Vfb2lsATEScHJvZ3Jlc3NpdmVfcmVjaXBlATEVAAAm5pafi4Lh7gIVAigCQzMsF0BOWsCDEm6YGBJkYXNoX2Jhc2VsaW5lXzFfdjERAHXqB2XmnQEA&oh=00_AfoS4EkykZg-mgggXOh2RYi22MOQGw2hRzpygb13ElCyJg&oe=6962A054']",,https://www.threads.net/@fareenoughcafe/post/DTPZkXAjKVi,[],"{'likes': 43, 'reposts': 4, 'quotes': 0}",threads,3805372659920577890,Fare Enough Cafe,,"y in our part of the world. Tomorrow could be genuinely #blackfriday #bushfire keep our area of the world in your hearts.  No electricity still (as at 6pm) #nbn out half the day. It’s 40+ degrees.
No one gives a stuff about rural communities that can’t swing a seat at an election. 60 years of infrastructure entropy. #revolution",threads,69667423551,fareenoughcafe
[],2026-01-09T17:10:50.269325+07:00,"Question: But the president’s statements that he believed the election was rife with fraud—those are statements protected by the First Amendment, correct?

Smith: Absolutely not. If they are made to target a lawful government function and are made with knowing falsity, then no, they are not. That was my point about fraud not being protected by the First Amendment.",2026-01-01T04:04:04+07:00,,3799997049090496850,threads,threads.com,threads_crawler_v1,https://www.threads.net/@acynig/post/DS8TS7SkllS,https://instagram.fhan3-3.fna.fbcdn.net/v/t51.2885-19/357836192_635856061912697_6494354334221068774_n.jpg?stp=dst-jpg_s150x150_tt6&efg=eyJ2ZW5jb2RlX3RhZyI6InByb2ZpbGVfcGljLmRqYW5nby40MDAuYzEifQ&_nc_ht=instagram.fhan3-3.fna.fbcdn.net&_nc_cat=1&_nc_oc=Q6cZ2QF9QhXYadPZHaNIuiuoyzWliLaRUCugh9DADc1N6_px00Wv12hdlS0RGB8mULy9OWk&_nc_ohc=tOX7SrmyZKQQ7kNvwHzI1EJ&_nc_gid=oXeTgZwl9rREVEHORohdmA&edm=AJhczIQBAAAA&ccb=7-5&oh=00_AfootO2yfUcYqzpsTIZMxoEDFDa1nHAL2qDmgyb5_RE-uw&oe=69669B54&_nc_sid=4a2096,106,0,12124,1659,0,"['https://instagram.fhan4-1.fna.fbcdn.net/v/t51.2885-15/610041751_1040012348291489_2935615301642785610_n.jpg?stp=dst-jpg_e15_tt6&efg=eyJ2ZW5jb2RlX3RhZyI6InRocmVhZHMuRkVFRC5pbWFnZV91cmxnZW4uNjQweDM2MC5zZHIuZjcxODc4LmRlZmF1bHRfY292ZXJfZnJhbWUuYzEifQ&_nc_ht=instagram.fhan4-1.fna.fbcdn.net&_nc_cat=105&_nc_oc=Q6cZ2QF9QhXYadPZHaNIuiuoyzWliLaRUCugh9DADc1N6_px00Wv12hdlS0RGB8mULy9OWk&_nc_ohc=mBLBtMpMfWIQ7kNvwHTdfSg&_nc_gid=oXeTgZwl9rREVEHORohdmA&edm=AJhczIQBAAAA&ccb=7-5&ig_cache_key=Mzc5OTk5NzA0OTA5MDQ5Njg1MA%3D%3D.3-ccb7-5&oh=00_AfrZotIwmOwXuNYGEHixb6NbHD8XNEBWk5HfdzccaFZLTA&oe=6966A9D1&_nc_sid=4a2096', 'https://instagram.fhan4-3.fna.fbcdn.net/o1/v/t16/f2/m84/AQOqdOfF0ArB6i5KQX10QA2fLQhJc7-Bpd0QdI9y58jdMipKUJL7ojw8jfEI2wIWJ0WzDH3_WuuV-XE8GtWy9VyM_U8pjslMbcCJioQ.mp4?_nc_cat=100&_nc_oc=AdmeRx1viiBoKisObOo-dOebFJEPhyTllxKagP5-5vryCLZyM3RORoUIg1rPIse4Ur0&_nc_sid=5e9851&_nc_ht=instagram.fhan4-3.fna.fbcdn.net&_nc_ohc=9g9gM7jSyuIQ7kNvwEIXnFg&efg=eyJ2ZW5jb2RlX3RhZyI6Inhwdl9wcm9ncmVzc2l2ZS5JTlNUQUdSQU0uRkVFRC5DMy45NTYuZGFzaF9iYXNlbGluZV8xX3YxIiwieHB2X2Fzc2V0X2lkIjo3NjQ5MTU0NzY2MzI3NjYsImFzc2V0X2FnZV9kYXlzIjo4LCJ2aV91c2VjYXNlX2lkIjoxMDE2NCwiZHVyYXRpb25fcyI6MTQ1LCJ1cmxnZW5fc291cmNlIjoid3d3In0%3D&ccb=17-1&_nc_gid=oXeTgZwl9rREVEHORohdmA&_nc_zt=28&vs=faaacd9a9843dd11&_nc_vs=HBksFQIYTGlnX2JhY2tmaWxsX3RpbWVsaW5lX3ZvZC8xMTRERTY4OUMyMzU5QjZFOTgwREYwNzk1ODUxQTU4RF92aWRlb19kYXNoaW5pdC5tcDQVAALIARIAFQIYOnBhc3N0aHJvdWdoX2V2ZXJzdG9yZS9HRTZWSHlROThMMFlVVXdFQUd3ekl4SlM1Q3BiYnNwVEFRQUYVAgLIARIAKAAYABsCiAd1c2Vfb2lsATEScHJvZ3Jlc3NpdmVfcmVjaXBlATEVAAAm_NKktPjr2wIVAigCQzMsF0BiKIMSbpeNGBJkYXNoX2Jhc2VsaW5lXzFfdjERAHXqB2XongEA&oh=00_AfpVfLeRGjRuIkfyxAmPqTPL9n_2xmpiMsryaft5zV6uCQ&oe=6962BA84']",,https://www.threads.net/@acynig/post/DS8TS7SkllS,[],"{'likes': 12124, 'reposts': 1586, 'quotes': 73}",threads,3799997049090496850,Acyn,Jack Smith,"Question: But the president’s statements that he believed the election was rife with fraud—those are statements protected by the First Amendment, correct?

Smith: Absolutely not. If they are made to target a lawful government function and are made with knowing falsity, then no, they are not. That was my point about fraud not being protected by the First Amendment.",threads,63645352694,acynig
[],2026-01-09T17:10:50.269372+07:00,We will not stop till this government calls a Royal Commission and this Government falls and we have an election not in two years but by April this year. 7 th April Christ rises from the dead. April 8 call an election for Australia to rise from the ashes of this massacre.,2025-12-31T06:03:34+07:00,,3799333041383624412,threads,threads.com,threads_crawler_v1,https://www.threads.net/@kaeys_kapers/post/DS58UV7E07c,https://instagram.fhan4-5.fna.fbcdn.net/v/t51.2885-19/487981858_2335006520216115_6826476748730907107_n.jpg?stp=dst-jpg_s150x150_tt6&efg=eyJ2ZW5jb2RlX3RhZyI6InByb2ZpbGVfcGljLmRqYW5nby4xMDczLmMxIn0&_nc_ht=instagram.fhan4-5.fna.fbcdn.net&_nc_cat=103&_nc_oc=Q6cZ2QF9QhXYadPZHaNIuiuoyzWliLaRUCugh9DADc1N6_px00Wv12hdlS0RGB8mULy9OWk&_nc_ohc=BjziYq2DJN0Q7kNvwF-bkoH&_nc_gid=oXeTgZwl9rREVEHORohdmA&edm=AJhczIQBAAAA&ccb=7-5&oh=00_Afo5xFtu2IoxCtTc0jNHaJEv0xiaQjC-jgNxx2jVXW9jBw&oe=696692D6&_nc_sid=4a2096,114,0,37,1,0,[],,https://www.threads.net/@kaeys_kapers/post/DS58UV7E07c,[],"{'likes': 37, 'reposts': 0, 'quotes': 1}",threads,3799333041383624412,Kaey Hammond,,We will not stop till this government calls a Royal Commission and this Government falls and we have an election not in two years but by April this year. 7 th April Christ rises from the dead. April 8 call an election for Australia to rise from the ashes of this massacre.,threads,73561897799,kaeys_kapers
[],2026-01-09T17:10:50.269424+07:00,"THE MATH NOT MATHING IN TENNESSEE SPECIAL ELECTION! Election advocates are demanding a hand recount, as 31,000 mysteriously appeared after 99.4%  of the votes were counted. The outstanding votes should have been 1000. Who cooked the books in Tennessee? 
@electiontruthalliance 
@the.common.coalition 

",2025-12-05T02:57:27+07:00,,3780395199177552607,threads,threads.com,threads_crawler_v1,https://www.threads.net/@clar12345/post/DR2qWd9kfLf,https://instagram.fhan4-6.fna.fbcdn.net/v/t51.2885-19/362009653_1119249722818652_3847888022848593645_n.jpg?stp=dst-jpg_s150x150_tt6&efg=eyJ2ZW5jb2RlX3RhZyI6InByb2ZpbGVfcGljLmRqYW5nby45NTguYzEifQ&_nc_ht=instagram.fhan4-6.fna.fbcdn.net&_nc_cat=108&_nc_oc=Q6cZ2QF9QhXYadPZHaNIuiuoyzWliLaRUCugh9DADc1N6_px00Wv12hdlS0RGB8mULy9OWk&_nc_ohc=JP-6kKDA0HwQ7kNvwEC3njm&_nc_gid=oXeTgZwl9rREVEHORohdmA&edm=AJhczIQBAAAA&ccb=7-5&oh=00_AfqvOQxiebh8MUbJ9ptRW0QvSK7pY-t3ire8PqMnAqyXIw&oe=6966A8B1&_nc_sid=4a2096,514,0,10415,2264,0,[],,https://www.threads.net/@clar12345/post/DR2qWd9kfLf,[],"{'likes': 10415, 'reposts': 2152, 'quotes': 112}",threads,3780395199177552607,Claris Williams,ElectionGate,"THE MATH NOT MATHING IN TENNESSEE SPECIAL ELECTION! Election advocates are demanding a hand recount, as 31,000 mysteriously appeared after 99.4%  of the votes were counted. The outstanding votes should have been 1000. Who cooked the books in Tennessee? 
@electiontruthalliance 
@the.common.coalition 

https://www.narativ.org/p/breaking-election-advocates-demand?utm_campaign=post-expanded-share&utm_medium=web&triedRedirect=true",threads,63022399470,clar12345
[],2026-01-09T17:10:50.269474+07:00,"So right after the last presidential election there was a surge in “emotional support Canadian” posts here. Remember that? Now there’s a surge in American hate posts asking why we’re not doing anything?

Help me understand. Anyone from outside the US has to know the majority of us don’t want any of this. He doesn’t represent us. 

In all seriousness: If you want to suggest anything we’re not already doing please, by all means, give detailed instructions.",2026-01-05T11:36:03+07:00,,3803124266049552288,threads,threads.com,threads_crawler_v1,https://www.threads.net/@lolaarmy83/post/DTHaV7CjT-g,https://instagram.fhan4-6.fna.fbcdn.net/v/t51.2885-19/591169876_17935662801111057_95018922073145417_n.jpg?stp=dst-jpg_s150x150_tt6&efg=eyJ2ZW5jb2RlX3RhZyI6InByb2ZpbGVfcGljLmRqYW5nby4xMDgwLmMxIn0&_nc_ht=instagram.fhan4-6.fna.fbcdn.net&_nc_cat=109&_nc_oc=Q6cZ2QF9QhXYadPZHaNIuiuoyzWliLaRUCugh9DADc1N6_px00Wv12hdlS0RGB8mULy9OWk&_nc_ohc=0W4_pnYZc5kQ7kNvwFFj8UM&_nc_gid=oXeTgZwl9rREVEHORohdmA&edm=AJhczIQBAAAA&ccb=7-5&oh=00_Afo4T72ebHoDHzl5NGI0PzEioecbSg82XTFKd8YN-i435w&oe=696696AB&_nc_sid=4a2096,343,0,143,4,0,[],,https://www.threads.net/@lolaarmy83/post/DTHaV7CjT-g,[],"{'likes': 143, 'reposts': 3, 'quotes': 1}",threads,3803124266049552288,Tabitha,Canada,"So right after the last presidential election there was a surge in “emotional support Canadian” posts here. Remember that? Now there’s a surge in American hate posts asking why we’re not doing anything?

Help me understand. Anyone from outside the US has to know the majority of us don’t want any of this. He doesn’t represent us. 

In all seriousness: If you want to suggest anything we’re not already doing please, by all means, give detailed instructions.",threads,63252663056,lolaarmy83
[],2026-01-09T17:10:50.269521+07:00,"In 2018, I was the first Democrat elected Secretary of State in nearly 30 years.

In 2022, I was the first Democrat to flip the Governor’s Oﬃce in 20 years.

I’ve never lost an election, and I don’t plan on starting now. Let’s go win in November!",2026-01-03T02:27:21+07:00,,3801398544599971559,threads,threads.com,threads_crawler_v1,https://www.threads.net/@katie4az/post/DTBR9XskXbn,https://instagram.fhan4-3.fna.fbcdn.net/v/t51.2885-19/560924489_17862445467495624_6774820008037155195_n.jpg?stp=dst-jpg_s150x150_tt6&efg=eyJ2ZW5jb2RlX3RhZyI6InByb2ZpbGVfcGljLmRqYW5nby40NjcuYzEifQ&_nc_ht=instagram.fhan4-3.fna.fbcdn.net&_nc_cat=100&_nc_oc=Q6cZ2QF9QhXYadPZHaNIuiuoyzWliLaRUCugh9DADc1N6_px00Wv12hdlS0RGB8mULy9OWk&_nc_ohc=lBkvBqUUVRUQ7kNvwGF-Y7-&_nc_gid=oXeTgZwl9rREVEHORohdmA&edm=AJhczIQBAAAA&ccb=7-5&oh=00_AfocU3RiAJY3SMwp9XeeTKVFh7fPsL2XJm7lIa7cMf-ecA&oe=69669CA6&_nc_sid=4a2096,319,0,7204,353,0,['https://instagram.fhan3-2.fna.fbcdn.net/v/t51.2885-15/608287716_18035530223741239_6305856499890388646_n.jpg?stp=dst-jpg_e35_tt6&efg=eyJ2ZW5jb2RlX3RhZyI6InRocmVhZHMuRkVFRC5pbWFnZV91cmxnZW4uMTQ0MHg5NjEuc2RyLmY4Mjc4Ny5kZWZhdWx0X2ltYWdlLmMxIn0&_nc_ht=instagram.fhan3-2.fna.fbcdn.net&_nc_cat=107&_nc_oc=Q6cZ2QF9QhXYadPZHaNIuiuoyzWliLaRUCugh9DADc1N6_px00Wv12hdlS0RGB8mULy9OWk&_nc_ohc=Q4bqAIUjumsQ7kNvwGfxyoi&_nc_gid=oXeTgZwl9rREVEHORohdmA&edm=AJhczIQBAAAA&ccb=7-5&ig_cache_key=MzgwMTM5ODU0NDU5OTk3MTU1OQ%3D%3D.3-ccb7-5&oh=00_AfpRb1CzZ_r8y680wgNF8GcWZX3Pky0lE5z_dfjlobgw4g&oe=6966A24D&_nc_sid=4a2096'],,https://www.threads.net/@katie4az/post/DTBR9XskXbn,[],"{'likes': 7204, 'reposts': 346, 'quotes': 7}",threads,3801398544599971559,Governor Katie Hobbs,,"In 2018, I was the first Democrat elected Secretary of State in nearly 30 years.

In 2022, I was the first Democrat to flip the Governor’s Oﬃce in 20 years.

I’ve never lost an election, and I don’t plan on starting now. Let’s go win in November!",threads,74815703623,katie4az
[],2026-01-09T17:10:50.269571+07:00,"Jesus Christ, I just saw that Trump even ordered the bombing of the dead body of Hugo Chavez in his mausoleum.

You may recall that Trump subscribes to the insane conspiracy theory that Chavez rigged the 2020 presidential election from the grave.

That’s how deranged all this is.",2026-01-03T21:18:47+07:00,,3801968011788601285,threads,threads.com,threads_crawler_v1,https://www.threads.net/@seth.abramson/post/DTDTcNWDsfF,https://instagram.fhan3-3.fna.fbcdn.net/v/t51.2885-19/358069143_610031431229555_1390968054951611890_n.jpg?stp=dst-jpg_s150x150_tt6&efg=eyJ2ZW5jb2RlX3RhZyI6InByb2ZpbGVfcGljLmRqYW5nby4xMDc1LmMxIn0&_nc_ht=instagram.fhan3-3.fna.fbcdn.net&_nc_cat=111&_nc_oc=Q6cZ2QF9QhXYadPZHaNIuiuoyzWliLaRUCugh9DADc1N6_px00Wv12hdlS0RGB8mULy9OWk&_nc_ohc=8Tarj7ugtBUQ7kNvwE2_uQ8&_nc_gid=oXeTgZwl9rREVEHORohdmA&edm=AJhczIQBAAAA&ccb=7-5&oh=00_Afqb_NOYKMKROtgelN1Q5xaVtakv9op-DRyJi40ZgsGnSA&oe=6966B4B3&_nc_sid=4a2096,96,0,3227,480,0,[],,https://www.threads.net/@seth.abramson/post/DTDTcNWDsfF,[],"{'likes': 3227, 'reposts': 455, 'quotes': 25}",threads,3801968011788601285,Seth Abramson,,"Jesus Christ, I just saw that Trump even ordered the bombing of the dead body of Hugo Chavez in his mausoleum.

You may recall that Trump subscribes to the insane conspiracy theory that Chavez rigged the 2020 presidential election from the grave.

That’s how deranged all this is.",threads,63442170746,seth.abramson
[],2026-01-09T17:10:50.269619+07:00,"POILIEVRE: *touts 2025 election accomplishments*

VASSY: But you lost. At the end of the day, you lost — right?",2025-12-16T06:15:36+07:00,,3788467187171315195,threads,threads.com,threads_crawler_v1,https://www.threads.net/@sarobertsonca/post/DSTVtWmkc37,https://instagram.fhan4-1.fna.fbcdn.net/v/t51.2885-19/610892653_17868770676518849_2984959578318788512_n.jpg?stp=dst-jpg_s150x150_tt6&efg=eyJ2ZW5jb2RlX3RhZyI6InByb2ZpbGVfcGljLmRqYW5nby44MDAuYzEifQ&_nc_ht=instagram.fhan4-1.fna.fbcdn.net&_nc_cat=105&_nc_oc=Q6cZ2QF9QhXYadPZHaNIuiuoyzWliLaRUCugh9DADc1N6_px00Wv12hdlS0RGB8mULy9OWk&_nc_ohc=DDm663hNf0YQ7kNvwFzKDnM&_nc_gid=oXeTgZwl9rREVEHORohdmA&edm=AJhczIQBAAAA&ccb=7-5&oh=00_AfrvjghK5AMzKGA4yeKRfvf9ANF2dzOQje9TKFhoB6CW1w&oe=6966B2C0&_nc_sid=4a2096,765,0,4364,323,0,"['https://instagram.fhan3-3.fna.fbcdn.net/v/t51.2885-15/599718318_1371150121221383_3918088322777765629_n.jpg?stp=dst-jpg_e15_tt6&efg=eyJ2ZW5jb2RlX3RhZyI6InRocmVhZHMuRkVFRC5pbWFnZV91cmxnZW4uNjQweDM2MC5zZHIuZjcxODc4LmRlZmF1bHRfY292ZXJfZnJhbWUuYzEifQ&_nc_ht=instagram.fhan3-3.fna.fbcdn.net&_nc_cat=111&_nc_oc=Q6cZ2QF9QhXYadPZHaNIuiuoyzWliLaRUCugh9DADc1N6_px00Wv12hdlS0RGB8mULy9OWk&_nc_ohc=uwGP-D2gB9sQ7kNvwF7hqFp&_nc_gid=oXeTgZwl9rREVEHORohdmA&edm=AJhczIQBAAAA&ccb=7-5&ig_cache_key=Mzc4ODQ2NzE4NzE3MTMxNTE5NQ%3D%3D.3-ccb7-5&oh=00_AfqtreoJ0aafKoB-W6DL3F0BuVa_AruBSbscZOeuxWDvmg&oe=6966910E&_nc_sid=4a2096', 'https://instagram.fhan4-3.fna.fbcdn.net/o1/v/t16/f2/m84/AQPdLIMNc9CPJdbfdtL9W55AmUuJlgzfABOgcHggMCquLPPFJhlJkX3_XMBTTUHwgbJMEJkg3yP4UE0S8XV83zsdFCf21QfGWV2FZDU.mp4?_nc_cat=100&_nc_oc=Adnw_02kiRnZx0cOCpdjqwavM_7wCe2KyOXhkBqCPxUVOg8S7sNvTrQs4PGKT0QAkpc&_nc_sid=5e9851&_nc_ht=instagram.fhan4-3.fna.fbcdn.net&_nc_ohc=hmEvz0Prn2UQ7kNvwEEGsCZ&efg=eyJ2ZW5jb2RlX3RhZyI6Inhwdl9wcm9ncmVzc2l2ZS5JTlNUQUdSQU0uRkVFRC5DMy4xMjgwLmRhc2hfYmFzZWxpbmVfMV92MSIsInhwdl9hc3NldF9pZCI6ODY4OTk0NzY5NDA5NjAyLCJhc3NldF9hZ2VfZGF5cyI6MjQsInZpX3VzZWNhc2VfaWQiOjEwMTY0LCJkdXJhdGlvbl9zIjo4NiwidXJsZ2VuX3NvdXJjZSI6Ind3dyJ9&ccb=17-1&_nc_gid=oXeTgZwl9rREVEHORohdmA&_nc_zt=28&vs=dc48d8763f65fc4c&_nc_vs=HBksFQIYTGlnX2JhY2tmaWxsX3RpbWVsaW5lX3ZvZC85QjREOEFCMzQ3RkRGOEZCMDA4OEI1MUI2RUYyN0Y4OV92aWRlb19kYXNoaW5pdC5tcDQVAALIARIAFQIYOnBhc3N0aHJvdWdoX2V2ZXJzdG9yZS9HQVRTdUNQb0xxaC1HbXNIQUhVeEdCWm1XYThNYnNwVEFRQUYVAgLIARIAKAAYABsCiAd1c2Vfb2lsATEScHJvZ3Jlc3NpdmVfcmVjaXBlATEVAAAmhNnWyJOWiwMVAigCQzMsF0BVhmZmZmZmGBJkYXNoX2Jhc2VsaW5lXzFfdjERAHXqB2XongEA&oh=00_AfpUPLoIravzYVY4dceMya_ZJgjSh83C3evGWgDv2Fp2Tg&oe=6962BB74']",,https://www.threads.net/@sarobertsonca/post/DSTVtWmkc37,[],"{'likes': 4364, 'reposts': 281, 'quotes': 42}",threads,3788467187171315195,Scott Robertson,,"POILIEVRE: *touts 2025 election accomplishments*

VASSY: But you lost. At the end of the day, you lost — right?",threads,75391582848,sarobertsonca
[],2026-01-09T17:10:50.269670+07:00,"The child care fraud is just to get people’s attention , the fun really starts now , Trump and his people will show how the 2020 election was stolen . The fraud will be in every state , mostly blue ones. Wait till it comes to California.",2026-01-01T09:14:18+07:00,,3800153811454116758,threads,threads.com,threads_crawler_v1,https://www.threads.net/@dub_o_g_yeska_/post/DS828HnkcOW,https://instagram.fhan3-4.fna.fbcdn.net/v/t51.2885-19/459570348_3449758611995080_120133060065928999_n.jpg?stp=dst-jpg_s150x150_tt6&efg=eyJ2ZW5jb2RlX3RhZyI6InByb2ZpbGVfcGljLmRqYW5nby44NDkuYzEifQ&_nc_ht=instagram.fhan3-4.fna.fbcdn.net&_nc_cat=104&_nc_oc=Q6cZ2QF9QhXYadPZHaNIuiuoyzWliLaRUCugh9DADc1N6_px00Wv12hdlS0RGB8mULy9OWk&_nc_ohc=FDFb3B7vYtUQ7kNvwGUfM03&_nc_gid=oXeTgZwl9rREVEHORohdmA&edm=AJhczIQBAAAA&ccb=7-5&oh=00_Afqgi794Eh6u7KL1v4ZI-qLhM_pwjL8LcQp78IxgPERQkw&oe=6966BB5F&_nc_sid=4a2096,17,0,23,5,0,['https://instagram.fhan4-6.fna.fbcdn.net/v/t51.2885-15/609680948_18032616455743904_4904913764769056554_n.jpg?stp=dst-jpg_e35_tt6&efg=eyJ2ZW5jb2RlX3RhZyI6InRocmVhZHMuRkVFRC5pbWFnZV91cmxnZW4uMTMyNngxNDU4LnNkci5mODI3ODcuZGVmYXVsdF9pbWFnZS5jMSJ9&_nc_ht=instagram.fhan4-6.fna.fbcdn.net&_nc_cat=108&_nc_oc=Q6cZ2QF9QhXYadPZHaNIuiuoyzWliLaRUCugh9DADc1N6_px00Wv12hdlS0RGB8mULy9OWk&_nc_ohc=heXKBFOsUY0Q7kNvwGl9AUv&_nc_gid=oXeTgZwl9rREVEHORohdmA&edm=AJhczIQBAAAA&ccb=7-5&ig_cache_key=MzgwMDE1MzgxMTQ1NDExNjc1OA%3D%3D.3-ccb7-5&oh=00_AfppAKa_Vjr89oCF37qc3Ap34d2EG9REe_89JL3vBWA5Mw&oe=6966A1F7&_nc_sid=4a2096'],,https://www.threads.net/@dub_o_g_yeska_/post/DS828HnkcOW,[],"{'likes': 23, 'reposts': 5, 'quotes': 0}",threads,3800153811454116758,Persona Non Grata,,"The child care fraud is just to get people’s attention , the fun really starts now , Trump and his people will show how the 2020 election was stolen . The fraud will be in every state , mostly blue ones. Wait till it comes to California.",threads,69401596903,dub_o_g_yeska_
[],2026-01-09T17:10:50.269725+07:00,"Even when he's no longer in office, things will never go back to normal.
We've proven to our allies around the world that all it takes is one election and everything can turn upside down. What country would ever sign a treaty with us in good faith again, knowing that in any following 4 year period, every single aspect of our government-- and any principle we stand for-- could do a complete 180.",2026-01-08T13:35:04+07:00,,3805358497794428907,threads,threads.com,threads_crawler_v1,https://www.threads.net/@dan.slott/post/DTPWWRgDQ_r,https://instagram.fhan4-1.fna.fbcdn.net/v/t51.2885-19/610878061_17939702325105773_7270394836665226180_n.jpg?stp=dst-jpg_s150x150_tt6&efg=eyJ2ZW5jb2RlX3RhZyI6InByb2ZpbGVfcGljLmRqYW5nby44MTIuYzEifQ&_nc_ht=instagram.fhan4-1.fna.fbcdn.net&_nc_cat=105&_nc_oc=Q6cZ2QF9QhXYadPZHaNIuiuoyzWliLaRUCugh9DADc1N6_px00Wv12hdlS0RGB8mULy9OWk&_nc_ohc=kmyhXKEah7cQ7kNvwGNcoWZ&_nc_gid=oXeTgZwl9rREVEHORohdmA&edm=AJhczIQBAAAA&ccb=7-5&oh=00_AfqpvRo7cfqQKDIBNBAZdYisxEi6A_5_1rSSePJpXNDABw&oe=69669254&_nc_sid=4a2096,35,0,420,27,0,[],,https://www.threads.net/@dan.slott/post/DTPWWRgDQ_r,[],"{'likes': 420, 'reposts': 24, 'quotes': 3}",threads,3805358497794428907,Dan Slott,,"Even when he's no longer in office, things will never go back to normal.
We've proven to our allies around the world that all it takes is one election and everything can turn upside down. What country would ever sign a treaty with us in good faith again, knowing that in any following 4 year period, every single aspect of our government-- and any principle we stand for-- could do a complete 180.",threads,63271641772,dan.slott
[],2026-01-09T17:10:50.269767+07:00,"John Harwood:

The most dire pre-election warnings about how Trump would damage America and the world, dismissed as hysterical at the time, were in fact understated.",2026-01-04T23:52:03+07:00,,3802769929796489405,threads,threads.com,threads_crawler_v1,https://www.threads.net/@gkates123/post/DTGJxpsDpC9,https://instagram.fhan4-3.fna.fbcdn.net/v/t51.2885-19/538755485_17919782484114972_615329472783119635_n.jpg?stp=dst-jpg_s150x150_tt6&efg=eyJ2ZW5jb2RlX3RhZyI6InByb2ZpbGVfcGljLmRqYW5nby4xMDgwLmMxIn0&_nc_ht=instagram.fhan4-3.fna.fbcdn.net&_nc_cat=100&_nc_oc=Q6cZ2QF9QhXYadPZHaNIuiuoyzWliLaRUCugh9DADc1N6_px00Wv12hdlS0RGB8mULy9OWk&_nc_ohc=KkiCpnp2uaoQ7kNvwHfFJ3y&_nc_gid=oXeTgZwl9rREVEHORohdmA&edm=AJhczIQBAAAA&ccb=7-5&oh=00_AfqXGCGd516nFe2NhqE4QrwTv5aCjHHM6g1C99PEI5aJlw&oe=6966A7E2&_nc_sid=4a2096,2,0,1434,157,0,[],,https://www.threads.net/@gkates123/post/DTGJxpsDpC9,[],"{'likes': 1434, 'reposts': 153, 'quotes': 4}",threads,3802769929796489405,Gina,,"John Harwood:

The most dire pre-election warnings about how Trump would damage America and the world, dismissed as hysterical at the time, were in fact understated.",threads,63437490971,gkates123
[],2026-01-09T17:10:50.269821+07:00,"People from abroad, here’s some facts before you trash good Americans that DON’T support Trump…

1. Trump did not get elected, Elon Musk hacked the election in favor of Trump. Trump isn’t popular enough to win an election on his own.
2. Good Democratic Americans are not just whining on social media. I for one am a volunteer for several candidates, attend all national protests, and donate to campaigns.
3. Democrats especially are suffering, exhausted, afraid, and being terrorized by Trump Regime.",2026-01-05T08:10:24+07:00,,3803020755148316812,threads,threads.com,threads_crawler_v1,https://www.threads.net/@tales_typos/post/DTHCzpADaCM,https://instagram.fhan3-3.fna.fbcdn.net/v/t51.2885-19/471647193_1329822258014570_1948374247755446052_n.jpg?stp=dst-jpg_s150x150_tt6&efg=eyJ2ZW5jb2RlX3RhZyI6InByb2ZpbGVfcGljLmRqYW5nby4xMDgwLmMxIn0&_nc_ht=instagram.fhan3-3.fna.fbcdn.net&_nc_cat=1&_nc_oc=Q6cZ2QFdJS52FmK5T9EhJ8qRGfUrzUAxWa69xBAtzgQN4hFzduSlXdlQdY4lRnJ6HeO05Bg&_nc_ohc=Pf38nvf4zi8Q7kNvwG-CEkJ&_nc_gid=nX9WzVhQqY4ELJbqKjWvUQ&edm=AJhczIQBAAAA&ccb=7-5&oh=00_AfqbbPhQEES6lm8eLQG4OR2gFdGwUreZYVmhLoqMZSSTDg&oe=6966BA7C&_nc_sid=4a2096,197,0,971,160,0,[],,https://www.threads.net/@tales_typos/post/DTHCzpADaCM,[],"{'likes': 971, 'reposts': 150, 'quotes': 10}",threads,3803020755148316812,tales_typos,,"People from abroad, here’s some facts before you trash good Americans that DON’T support Trump…

1. Trump did not get elected, Elon Musk hacked the election in favor of Trump. Trump isn’t popular enough to win an election on his own.
2. Good Democratic Americans are not just whining on social media. I for one am a volunteer for several candidates, attend all national protests, and donate to campaigns.
3. Democrats especially are suffering, exhausted, afraid, and being terrorized by Trump Regime.",threads,63405806966,tales_typos
[],2026-01-09T17:10:50.269875+07:00,"I remember crying after the 2016 election and being told I was overreacting, and again in 2024. I NEVER want to hear again that I’m overreacting. I never want to hear again that “both parties are the same.” Fuck ICE. Fuck Trump. And, disrespectfully, fuck everyone who supports these monsters.",2026-01-08T10:36:06+07:00,,3805268415326479842,threads,threads.com,threads_crawler_v1,https://www.threads.net/@afocitb/post/DTPB3ZqjGXi,https://instagram.fhan4-6.fna.fbcdn.net/v/t51.2885-19/357889560_1043003307055688_1043205252948146818_n.jpg?stp=dst-jpg_s150x150_tt6&efg=eyJ2ZW5jb2RlX3RhZyI6InByb2ZpbGVfcGljLmRqYW5nby4xMDgwLmMxIn0&_nc_ht=instagram.fhan4-6.fna.fbcdn.net&_nc_cat=108&_nc_oc=Q6cZ2QFdJS52FmK5T9EhJ8qRGfUrzUAxWa69xBAtzgQN4hFzduSlXdlQdY4lRnJ6HeO05Bg&_nc_ohc=YF16aWTbZxIQ7kNvwFxyLd6&_nc_gid=nX9WzVhQqY4ELJbqKjWvUQ&edm=AJhczIQBAAAA&ccb=7-5&oh=00_AfrBRm7Ddx_-jarNRcl1Pu_ndBnvHAgOEs-J9S4afMn8zg&oe=6966B1DB&_nc_sid=4a2096,9,0,254,16,0,[],,https://www.threads.net/@afocitb/post/DTPB3ZqjGXi,[],"{'likes': 254, 'reposts': 15, 'quotes': 1}",threads,3805268415326479842,Amber Frazier Gordon,,"I remember crying after the 2016 election and being told I was overreacting, and again in 2024. I NEVER want to hear again that I’m overreacting. I never want to hear again that “both parties are the same.” Fuck ICE. Fuck Trump. And, disrespectfully, fuck everyone who supports these monsters.",threads,63400006003,afocitb
[],2026-01-09T17:10:50.269928+07:00,This chart alone proves the  2024 election was rigged. Why on earth would a group of 10 million Democratic voters who voted in 2020 not vote in 2024??,2025-10-26T03:52:52+07:00,,3751432057747148089,threads,threads.com,threads_crawler_v1,https://www.threads.net/@paul.vandermeer.779/post/DQPw5ShCA05,https://instagram.fhan3-3.fna.fbcdn.net/v/t51.2885-19/472463163_1035363171961615_8491590062418424137_n.jpg?stp=dst-jpg_s150x150_tt6&efg=eyJ2ZW5jb2RlX3RhZyI6InByb2ZpbGVfcGljLmRqYW5nby40MDAuYzEifQ&_nc_ht=instagram.fhan3-3.fna.fbcdn.net&_nc_cat=1&_nc_oc=Q6cZ2QFdJS52FmK5T9EhJ8qRGfUrzUAxWa69xBAtzgQN4hFzduSlXdlQdY4lRnJ6HeO05Bg&_nc_ohc=iMPWalWQR9YQ7kNvwHQhWzO&_nc_gid=nX9WzVhQqY4ELJbqKjWvUQ&edm=AJhczIQBAAAA&ccb=7-5&oh=00_AfrIR9NqRlI6qC9Y1GooMtg0hVRcJ-UpxAtGiO4LidBlxg&oe=6966BDE5&_nc_sid=4a2096,3689,0,7537,690,0,['https://instagram.fhan3-4.fna.fbcdn.net/v/t51.2885-15/570115164_17886414108388036_5511814802321564801_n.webp?efg=eyJ2ZW5jb2RlX3RhZyI6InRocmVhZHMuRkVFRC5pbWFnZV91cmxnZW4uNjMxeDQ0Mi5zZHIuZjgyNzg3LmRlZmF1bHRfaW1hZ2UuYzEifQ&_nc_ht=instagram.fhan3-4.fna.fbcdn.net&_nc_cat=104&_nc_oc=Q6cZ2QFdJS52FmK5T9EhJ8qRGfUrzUAxWa69xBAtzgQN4hFzduSlXdlQdY4lRnJ6HeO05Bg&_nc_ohc=JGEJd8YhczcQ7kNvwE2v3AF&_nc_gid=nX9WzVhQqY4ELJbqKjWvUQ&edm=AJhczIQBAAAA&ccb=7-5&ig_cache_key=Mzc1MTQzMjA1Nzc0NzE0ODA4OQ%3D%3D.3-ccb7-5&oh=00_AfrKAide8T7bFHCXOmx249tHfcilyahiqLUniyzjqpcGhw&oe=6966AF7D&_nc_sid=4a2096'],,https://www.threads.net/@paul.vandermeer.779/post/DQPw5ShCA05,[],"{'likes': 7537, 'reposts': 636, 'quotes': 54}",threads,3751432057747148089,Paul Van der Meer,,This chart alone proves the  2024 election was rigged. Why on earth would a group of 10 million Democratic voters who voted in 2020 not vote in 2024??,threads,71640340035,paul.vandermeer.779
[],2026-01-09T17:10:50.269988+07:00,"How naive I was before 2021, when as a Republican I chose to disbelieve all the Democrats who warned us that Trump's character was entirely inappropriate for the presidency, and when I chose to believe that he could actually drain the swamp. Turns out that a man who built his empire by dishonest real estate deals wouldn't, in fact, be a good choice to lead a nation; he actually WAS the swamp.

My only consolation is that, living in blue Maryland, my red vote didn't change the election outcome.",2025-11-14T04:11:18+07:00,,3765212079902010878,threads,threads.com,threads_crawler_v1,https://www.threads.net/@crucible_of_thought/post/DRAuHAOka3-,https://instagram.fhan3-3.fna.fbcdn.net/v/t51.2885-19/459304680_495756886565099_4933002962082754954_n.jpg?stp=dst-jpg_s150x150_tt6&efg=eyJ2ZW5jb2RlX3RhZyI6InByb2ZpbGVfcGljLmRqYW5nby4xMDAxLmMxIn0&_nc_ht=instagram.fhan3-3.fna.fbcdn.net&_nc_cat=111&_nc_oc=Q6cZ2QFdJS52FmK5T9EhJ8qRGfUrzUAxWa69xBAtzgQN4hFzduSlXdlQdY4lRnJ6HeO05Bg&_nc_ohc=57Ypa6RtIfgQ7kNvwG344IB&_nc_gid=nX9WzVhQqY4ELJbqKjWvUQ&edm=AJhczIQBAAAA&ccb=7-5&oh=00_Afq81htetHMaUYajSte5d-4htz5qnNCAgr8gf6K0Jo8vlg&oe=6966AC24&_nc_sid=4a2096,146,0,760,25,0,[],,https://www.threads.net/@crucible_of_thought/post/DRAuHAOka3-,[],"{'likes': 760, 'reposts': 23, 'quotes': 2}",threads,3765212079902010878,Brandon @ Crucible of Thought,trumpisnotfittobepresident,"How naive I was before 2021, when as a Republican I chose to disbelieve all the Democrats who warned us that Trump's character was entirely inappropriate for the presidency, and when I chose to believe that he could actually drain the swamp. Turns out that a man who built his empire by dishonest real estate deals wouldn't, in fact, be a good choice to lead a nation; he actually WAS the swamp.

My only consolation is that, living in blue Maryland, my red vote didn't change the election outcome.",threads,63463208504,crucible_of_thought
[],2026-01-09T17:10:50.270039+07:00,"🚨 BREAKING: X collapses in France as Musk faces election manipulation probe.

For the first time since 2017, X (Twitter) is no longer in France's Top 50 most visited online brands, according to Médiamétrie.

X now generates the same traffic as Dailymotion or Yahoo. Yes, Yahoo.

Meanwhile, France is investigating Elon Musk for election manipulation.

Finally, 2025 was a good year",2025-12-31T18:49:24+07:00,,3799718499740844804,threads,threads.com,threads_crawler_v1,https://www.threads.net/@europa.maxima/post/DS7T9f_iIME,https://instagram.fhan4-1.fna.fbcdn.net/v/t51.2885-19/587306048_17930656476158981_1836887116863576967_n.jpg?stp=dst-jpg_s150x150_tt6&efg=eyJ2ZW5jb2RlX3RhZyI6InByb2ZpbGVfcGljLmRqYW5nby4xMDgwLmMxIn0&_nc_ht=instagram.fhan4-1.fna.fbcdn.net&_nc_cat=105&_nc_oc=Q6cZ2QFdJS52FmK5T9EhJ8qRGfUrzUAxWa69xBAtzgQN4hFzduSlXdlQdY4lRnJ6HeO05Bg&_nc_ohc=-Sx0TDMplL4Q7kNvwETspo-&_nc_gid=nX9WzVhQqY4ELJbqKjWvUQ&edm=AJhczIQBAAAA&ccb=7-5&oh=00_AfrvSwVZCNLW4AyEixGhEoutrIXAP3KYjiPZl_efWTJ67Q&oe=6966A193&_nc_sid=4a2096,53,0,1489,160,0,['https://instagram.fhan4-1.fna.fbcdn.net/v/t51.2885-15/607693896_17932482891158981_6000264280399581304_n.webp?efg=eyJ2ZW5jb2RlX3RhZyI6InRocmVhZHMuRkVFRC5pbWFnZV91cmxnZW4uNzM5eDQxNS5zZHIuZjgyNzg3LmRlZmF1bHRfaW1hZ2UuYzEifQ&_nc_ht=instagram.fhan4-1.fna.fbcdn.net&_nc_cat=105&_nc_oc=Q6cZ2QFdJS52FmK5T9EhJ8qRGfUrzUAxWa69xBAtzgQN4hFzduSlXdlQdY4lRnJ6HeO05Bg&_nc_ohc=CoenvmRFGw4Q7kNvwFnuKNf&_nc_gid=nX9WzVhQqY4ELJbqKjWvUQ&edm=AJhczIQBAAAA&ccb=7-5&ig_cache_key=Mzc5OTcxODQ5OTc0MDg0NDgwNA%3D%3D.3-ccb7-5&oh=00_AfosdC3Lz5TRZImsvkHGrQyc6jOm7bywaji_JB2QnjmeAw&oe=69668D78&_nc_sid=4a2096'],,https://www.threads.net/@europa.maxima/post/DS7T9f_iIME,[],"{'likes': 1489, 'reposts': 145, 'quotes': 15}",threads,3799718499740844804,Europa Maxima,,"🚨 BREAKING: X collapses in France as Musk faces election manipulation probe.

For the first time since 2017, X (Twitter) is no longer in France's Top 50 most visited online brands, according to Médiamétrie.

X now generates the same traffic as Dailymotion or Yahoo. Yes, Yahoo.

Meanwhile, France is investigating Elon Musk for election manipulation.

Finally, 2025 was a good year",threads,64707806980,europa.maxima
[],2026-01-09T17:10:50.270090+07:00,"HERE Jack Smith sets out Trump’s direct culpability and complicity in the federal election interference case, including January 6th:",2026-01-01T05:45:55+07:00,,3800048932253490973,threads,threads.com,threads_crawler_v1,https://www.threads.net/@katiephang/post/DS8fF7QEl8d,https://instagram.fhan4-3.fna.fbcdn.net/v/t51.2885-19/459341116_1829112170950116_9186985381324799636_n.jpg?stp=dst-jpg_s150x150_tt6&efg=eyJ2ZW5jb2RlX3RhZyI6InByb2ZpbGVfcGljLmRqYW5nby4xMDgwLmMxIn0&_nc_ht=instagram.fhan4-3.fna.fbcdn.net&_nc_cat=100&_nc_oc=Q6cZ2QFdJS52FmK5T9EhJ8qRGfUrzUAxWa69xBAtzgQN4hFzduSlXdlQdY4lRnJ6HeO05Bg&_nc_ohc=4ENgLmFvV6sQ7kNvwH-T8-W&_nc_gid=nX9WzVhQqY4ELJbqKjWvUQ&edm=AJhczIQBAAAA&ccb=7-5&oh=00_Afo-BWR45h8mbNAqCd91yXXz27Qy4a8mm0njqsMlO3XnFA&oe=6966BD11&_nc_sid=4a2096,117,0,6947,1784,0,['https://instagram.fhan4-5.fna.fbcdn.net/v/t51.2885-15/610287899_17938714482104703_7843131899849095834_n.jpg?stp=cp6_dst-jpg_e35_tt6&efg=eyJ2ZW5jb2RlX3RhZyI6InRocmVhZHMuQ0FST1VTRUxfSVRFTS5pbWFnZV91cmxnZW4uMTE3OXgxNjA1LnNkci5mODI3ODcuZGVmYXVsdF9pbWFnZS5jMSJ9&_nc_ht=instagram.fhan4-5.fna.fbcdn.net&_nc_cat=103&_nc_oc=Q6cZ2QFdJS52FmK5T9EhJ8qRGfUrzUAxWa69xBAtzgQN4hFzduSlXdlQdY4lRnJ6HeO05Bg&_nc_ohc=-TgLN_yf6aYQ7kNvwHISdJG&_nc_gid=nX9WzVhQqY4ELJbqKjWvUQ&edm=AJhczIQBAAAA&ccb=7-5&ig_cache_key=MzgwMDA0ODkyNjA5NjI4NzcwNQ%3D%3D.3-ccb7-5&oh=00_Afq1timaiSjkueJCpNheza80wJut7-dLmijChBNoEkrTSQ&oe=6966A31E&_nc_sid=4a2096'],,https://www.threads.net/@katiephang/post/DS8fF7QEl8d,[],"{'likes': 6947, 'reposts': 1702, 'quotes': 82}",threads,3800048932253490973,Katie Phang,,"HERE Jack Smith sets out Trump’s direct culpability and complicity in the federal election interference case, including January 6th:",threads,63304080702,katiephang
[],2026-01-09T17:10:50.270143+07:00,How to not get brainwashed by politicians this election year episode 1. The dog whistle 🐶🐶🐶. #aotearoa #nzpolitics #kiwiowned #nzmade #buykiwi #nzeconomy #rugbyleague,2026-01-08T14:29:05+07:00,,3805385661113945611,threads,threads.com,threads_crawler_v1,https://www.threads.net/@thinkkiwi/post/DTPchjUD84L,https://instagram.fhan4-3.fna.fbcdn.net/v/t51.2885-19/483160454_1380880770012046_4587876391889217226_n.jpg?stp=dst-jpg_s150x150_tt6&efg=eyJ2ZW5jb2RlX3RhZyI6InByb2ZpbGVfcGljLmRqYW5nby4zOTEuYzEifQ&_nc_ht=instagram.fhan4-3.fna.fbcdn.net&_nc_cat=110&_nc_oc=Q6cZ2QFdJS52FmK5T9EhJ8qRGfUrzUAxWa69xBAtzgQN4hFzduSlXdlQdY4lRnJ6HeO05Bg&_nc_ohc=joviqiycbGoQ7kNvwHecSO3&_nc_gid=nX9WzVhQqY4ELJbqKjWvUQ&edm=AJhczIQBAAAA&ccb=7-5&oh=00_AfqP-8F4C4iDM3X-5n_7rj-mDDPswK0U1nLjr4kb5y0Xqw&oe=6966ABA0&_nc_sid=4a2096,12,0,246,25,0,"['https://instagram.fhan4-5.fna.fbcdn.net/v/t51.2885-15/610792223_1581445536339842_6272417122082791278_n.jpg?stp=dst-jpg_e15_tt6&efg=eyJ2ZW5jb2RlX3RhZyI6InRocmVhZHMuRkVFRC5pbWFnZV91cmxnZW4uNjQweDExMzYuc2RyLmY3MTg3OC5kZWZhdWx0X2NvdmVyX2ZyYW1lLmMxIn0&_nc_ht=instagram.fhan4-5.fna.fbcdn.net&_nc_cat=102&_nc_oc=Q6cZ2QFdJS52FmK5T9EhJ8qRGfUrzUAxWa69xBAtzgQN4hFzduSlXdlQdY4lRnJ6HeO05Bg&_nc_ohc=MZobv6fW-TcQ7kNvwExJQzv&_nc_gid=nX9WzVhQqY4ELJbqKjWvUQ&edm=AJhczIQBAAAA&ccb=7-5&ig_cache_key=MzgwNTM4NTY2MTExMzk0NTYxMQ%3D%3D.3-ccb7-5&oh=00_Afrxp-3b7ekrkOVhfO8SKtqMgNU7BVfjyP1HbBLVRLdrIQ&oe=6966A8B2&_nc_sid=4a2096', 'https://instagram.fhan3-4.fna.fbcdn.net/o1/v/t2/f2/m86/AQPoIfkyYIUJ_vMvRtZzFguMv5GQbJpdwH3tbHjmkZoEYNYWMyHR-W04wU4wmkzJaHld2j80ojUzH2mpfe6qP7ZdPFcgXq75WWZx9-4.mp4?_nc_cat=106&_nc_oc=AdnnCcd3MoGDWZrFT8Jz88Y3yllRw-1pDQR7H7vqRw0pW0Bjs2meQZTpF9ZHRdDLleM&_nc_sid=5e9851&_nc_ht=instagram.fhan3-4.fna.fbcdn.net&_nc_ohc=hRdq_5UpoLUQ7kNvwEUPquB&efg=eyJ2ZW5jb2RlX3RhZyI6Inhwdl9wcm9ncmVzc2l2ZS5JTlNUQUdSQU0uRkVFRC5DMy43MjAuZGFzaF9iYXNlbGluZV8xX3YxIiwieHB2X2Fzc2V0X2lkIjo5MDQyNzYyMDg2ODc3MTEsImFzc2V0X2FnZV9kYXlzIjoxLCJ2aV91c2VjYXNlX2lkIjoxMDA5OSwiZHVyYXRpb25fcyI6OTYsInVybGdlbl9zb3VyY2UiOiJ3d3cifQ%3D%3D&ccb=17-1&_nc_gid=nX9WzVhQqY4ELJbqKjWvUQ&_nc_zt=28&vs=464162c3a71ef839&_nc_vs=HBksFQIYUmlnX3hwdl9yZWVsc19wZXJtYW5lbnRfc3JfcHJvZC8yMzRGOTY4M0RCNDk4QjVFMEJCODgwNzEwMEEyQjE5NF92aWRlb19kYXNoaW5pdC5tcDQVAALIARIAFQIYOnBhc3N0aHJvdWdoX2V2ZXJzdG9yZS9HTURlYUNSdDR3Z0dMUnNEQVAwdkI3ZFN3ZHNrYnN0VEFRQUYVAgLIARIAKAAYABsCiAd1c2Vfb2lsATEScHJvZ3Jlc3NpdmVfcmVjaXBlATEVAAAmvumU4-abmwMVAigCQzMsF0BYLMzMzMzNGBJkYXNoX2Jhc2VsaW5lXzFfdjERAHXqB2XmnQEA&oh=00_Afor9o2LT8Ymcfc5Z9tbc43DAbtRlX8ScefjLEAC4cFoWQ&oe=6962B643']",,https://www.threads.net/@thinkkiwi/post/DTPchjUD84L,[],"{'likes': 246, 'reposts': 24, 'quotes': 1}",threads,3805385661113945611,Think Kiwi,,How to not get brainwashed by politicians this election year episode 1. The dog whistle 🐶🐶🐶. #aotearoa #nzpolitics #kiwiowned #nzmade #buykiwi #nzeconomy #rugbyleague,threads,71669852942,thinkkiwi
[],2026-01-09T17:10:50.270199+07:00,"California is done with Gavin Newsom & the corrupt democrats that have turned a once beautiful state into a homelessness encampment- It is sad because it used to be a great place to go with your family - Now it is a landfill & an unaffordable police to live due to high taxes, high gas prices, lead the nation in unemployment, and companies are leaving California nearly weekly now - California will be RED in next election 💯🇺🇸",2026-01-06T11:23:12+07:00,,3803842542404775853,threads,threads.com,threads_crawler_v1,https://www.threads.net/@mannyfresh.81/post/DTJ9qOBji-t,https://instagram.fhan4-1.fna.fbcdn.net/v/t51.2885-19/347751162_1768423410226625_3674804466128315477_n.jpg?stp=dst-jpg_s150x150_tt6&efg=eyJ2ZW5jb2RlX3RhZyI6InByb2ZpbGVfcGljLmRqYW5nby4xMDgwLmMxIn0&_nc_ht=instagram.fhan4-1.fna.fbcdn.net&_nc_cat=105&_nc_oc=Q6cZ2QFdJS52FmK5T9EhJ8qRGfUrzUAxWa69xBAtzgQN4hFzduSlXdlQdY4lRnJ6HeO05Bg&_nc_ohc=gnlInmLbYHAQ7kNvwGY1EmG&_nc_gid=nX9WzVhQqY4ELJbqKjWvUQ&edm=AJhczIQBAAAA&ccb=7-5&oh=00_AfrGzgvPm0vx4j4lekPt2Chw4cx2XZNPihGRQ4vFEULvWA&oe=6966BA30&_nc_sid=4a2096,8,0,10,2,0,"['https://instagram.fhan4-5.fna.fbcdn.net/v/t15.5256-10/610674554_1882649485673390_81295288655862664_n.jpg?stp=dst-jpg_e15_tt6&efg=eyJ2ZW5jb2RlX3RhZyI6InRocmVhZHMuRkVFRC5pbWFnZV91cmxnZW4uNzIweDEyODAuc2RyLmY1MjU2LmZpcnN0X2ZyYW1lX3RodW1ibmFpbC5jMSJ9&_nc_ht=instagram.fhan4-5.fna.fbcdn.net&_nc_cat=102&_nc_oc=Q6cZ2QFdJS52FmK5T9EhJ8qRGfUrzUAxWa69xBAtzgQN4hFzduSlXdlQdY4lRnJ6HeO05Bg&_nc_ohc=btnafwFzgLoQ7kNvwFKx63B&_nc_gid=nX9WzVhQqY4ELJbqKjWvUQ&edm=AJhczIQAAAAA&ccb=7-5&ig_cache_key=MzgwMzg0MjU0MjQwNDc3NTg1Mw%3D%3D.3-ccb7-5&oh=00_AfpaOhGHDu0iPMvX3wBrsxIbq588Qibg6lYTpCFop_3zAA&oe=696694E6&_nc_sid=4a2096', 'https://instagram.fhan3-3.fna.fbcdn.net/o1/v/t2/f2/m366/AQNArmsamLGS4zRR3b9EONRztn3a1h1FLdU4e5ugRJwLHlncbJ7FPyn75xsp0lXV4WM-X5hsYkvPCjBnnjMJZr37okuB00vRM-OTvw2IwOjp-A.mp4?_nc_cat=111&_nc_oc=AdneF6B9vEXQGKeMi2xkuN06fQYxT3UBStavrpjUzA__11PaANiccz9f2TpFWkYEMvw&_nc_sid=5e9851&_nc_ht=instagram.fhan3-3.fna.fbcdn.net&_nc_ohc=P1jxuaBP2BEQ7kNvwHG_Mry&efg=eyJ2ZW5jb2RlX3RhZyI6Inhwdl9wcm9ncmVzc2l2ZS5JTlNUQUdSQU0uRkVFRC5DMy43MjAuZGFzaF9oMjY0LWJhc2ljLWdlbjJfNzIwcCIsInhwdl9hc3NldF9pZCI6MTU2MjM0MTg1MTQ3MjkzNiwiYXNzZXRfYWdlX2RheXMiOjMsInZpX3VzZWNhc2VfaWQiOjEwMTIzLCJkdXJhdGlvbl9zIjoyNSwidXJsZ2VuX3NvdXJjZSI6Ind3dyJ9&ccb=17-1&_nc_gid=nX9WzVhQqY4ELJbqKjWvUQ&_nc_zt=28&vs=96064a2fb591a67c&_nc_vs=HBksFQIYRWZiX2VwaGVtZXJhbC83NTRFQkUzODYzODc2RURGRjlGMUI1NzQ0NEMyNjZCQl9tdF8xX3ZpZGVvX2Rhc2hpbml0Lm1wNBUAAsgBEgAVAhhAZmJfcGVybWFuZW50LzkyNDIwNkJGOEU3QUY2RTNGNzFEMjYwOEExMzY4RTg3X2F1ZGlvX2Rhc2hpbml0Lm1wNBUCAsgBEgAoABgAGwKIB3VzZV9vaWwBMRJwcm9ncmVzc2l2ZV9yZWNpcGUBMRUAACbQkJnxobzGBRUCKAJDMywXQDkAAAAAAAAYGWRhc2hfaDI2NC1iYXNpYy1nZW4yXzcyMHARAHXqB2WWngEA&oh=00_AfpmqZEqEXYj65MMW_hZ1HyWpDksfkjY3h3443FUilToTQ&oe=6966B9AD']",,https://www.threads.net/@mannyfresh.81/post/DTJ9qOBji-t,[],"{'likes': 10, 'reposts': 1, 'quotes': 1}",threads,3803842542404775853,Sensei -Mannyfresh,,"California is done with Gavin Newsom & the corrupt democrats that have turned a once beautiful state into a homelessness encampment- It is sad because it used to be a great place to go with your family - Now it is a landfill & an unaffordable police to live due to high taxes, high gas prices, lead the nation in unemployment, and companies are leaving California nearly weekly now - California will be RED in next election 💯🇺🇸",threads,73652956591,mannyfresh.81
[],2026-01-09T17:10:50.270245+07:00,"@aaronparnas 
Did you see this?
BREAKING: Election Advocates Demand Recount in Tennessee",2025-12-05T05:59:54+07:00,,3780487031710535411,threads,threads.com,threads_crawler_v1,https://www.threads.net/@dianathompson25/post/DR2_OzrE87z,https://instagram.fhan4-3.fna.fbcdn.net/v/t51.2885-19/569955908_17909137236251398_4050978583664634798_n.jpg?stp=dst-jpg_s150x150_tt6&efg=eyJ2ZW5jb2RlX3RhZyI6InByb2ZpbGVfcGljLmRqYW5nby4xMDgwLmMxIn0&_nc_ht=instagram.fhan4-3.fna.fbcdn.net&_nc_cat=110&_nc_oc=Q6cZ2QFdJS52FmK5T9EhJ8qRGfUrzUAxWa69xBAtzgQN4hFzduSlXdlQdY4lRnJ6HeO05Bg&_nc_ohc=nYxPppM046EQ7kNvwEA3TdX&_nc_gid=nX9WzVhQqY4ELJbqKjWvUQ&edm=AJhczIQBAAAA&ccb=7-5&oh=00_AfpfRqDXkQPJGB11iy4oPvrnrRkeAr3ugYse3VRZYl-I5Q&oe=6966BC7F&_nc_sid=4a2096,224,0,11749,1163,0,[],,https://www.threads.net/@dianathompson25/post/DR2_OzrE87z,[],"{'likes': 11749, 'reposts': 1125, 'quotes': 38}",threads,3780487031710535411,Diana Thompson,,"@aaronparnas 
Did you see this?
BREAKING: Election Advocates Demand Recount in Tennessee",threads,67462235397,dianathompson25
[],2026-01-09T17:10:50.270296+07:00,"Democrats yesterday won the final special election of 2025, in Iowa: Their nominee defended a state Senate district by 43%. Harris had won it by 17% last year. 

This win means Dems prevent the GOP from gaining a supermajority; the GOP lost the supermajority earlier this year.",2026-01-01T03:35:19+07:00,,3799983198005136413,threads,threads.com,threads_crawler_v1,https://www.threads.net/@danielnichanian/post/DS8QJXdjIwd,https://instagram.fhan4-5.fna.fbcdn.net/v/t51.2885-19/357784814_2598281207004171_6413873768507993507_n.jpg?stp=dst-jpg_s150x150_tt6&efg=eyJ2ZW5jb2RlX3RhZyI6InByb2ZpbGVfcGljLmRqYW5nby40MDAuYzEifQ&_nc_ht=instagram.fhan4-5.fna.fbcdn.net&_nc_cat=103&_nc_oc=Q6cZ2QFdJS52FmK5T9EhJ8qRGfUrzUAxWa69xBAtzgQN4hFzduSlXdlQdY4lRnJ6HeO05Bg&_nc_ohc=QU6XTiOD5HUQ7kNvwGwAEGh&_nc_gid=nX9WzVhQqY4ELJbqKjWvUQ&edm=AJhczIQBAAAA&ccb=7-5&oh=00_AfowWdWqXMpqWQcpzZ7Z47gX0fv82ux7_PgAe4MlcybWuw&oe=6966BEA8&_nc_sid=4a2096,1,0,149,10,0,[],,https://www.threads.net/@danielnichanian/post/DS8QJXdjIwd,[],"{'likes': 149, 'reposts': 9, 'quotes': 1}",threads,3799983198005136413,Daniel Nichanian | Taniel,,"Democrats yesterday won the final special election of 2025, in Iowa: Their nominee defended a state Senate district by 43%. Harris had won it by 17% last year. 

This win means Dems prevent the GOP from gaining a supermajority; the GOP lost the supermajority earlier this year.",threads,63446918974,danielnichanian
[],2026-01-09T17:10:50.270348+07:00,"Donald Trump admitted they rigged the election.

Remove him.",2025-12-05T20:33:24+07:00,,3780926672238118560,threads,threads.com,threads_crawler_v1,https://www.threads.net/@pippoppixie/post/DR4jMa0jYag,https://instagram.fhan4-1.fna.fbcdn.net/v/t51.2885-19/462642455_1938448653267893_3310282331685849017_n.jpg?stp=dst-jpg_s150x150_tt6&efg=eyJ2ZW5jb2RlX3RhZyI6InByb2ZpbGVfcGljLmRqYW5nby4xMDgwLmMxIn0&_nc_ht=instagram.fhan4-1.fna.fbcdn.net&_nc_cat=105&_nc_oc=Q6cZ2QFdJS52FmK5T9EhJ8qRGfUrzUAxWa69xBAtzgQN4hFzduSlXdlQdY4lRnJ6HeO05Bg&_nc_ohc=_CuyiBwf9u0Q7kNvwEw7LgM&_nc_gid=nX9WzVhQqY4ELJbqKjWvUQ&edm=AJhczIQBAAAA&ccb=7-5&oh=00_Afo4YX8sF7gf_wR_JaFFbWqU8KlcD_fgpU4tGwS2oa9xBA&oe=6966B4B9&_nc_sid=4a2096,271,0,15523,1041,0,[],,https://www.threads.net/@pippoppixie/post/DR4jMa0jYag,[],"{'likes': 15523, 'reposts': 1031, 'quotes': 10}",threads,3780926672238118560,PipPopPixie,,"Donald Trump admitted they rigged the election.

Remove him.",threads,69537645744,pippoppixie
[],2026-01-09T17:10:50.270402+07:00,"BJP stuns in Nandigram Cooperative Agricultural Development Committee Election, West Bengal!
BJP: 9
TMC: 0
Left: 0
Cong: 0
Clean sweep signals strong BJP momentum in Bengal.",2026-01-04T18:41:40+07:00,,3802613649735555422,threads,threads.com,threads_crawler_v1,https://www.threads.net/@achyuthab/post/DTFmPeiihle,https://instagram.fhan3-3.fna.fbcdn.net/v/t51.2885-19/358170246_800034281844451_7601623363270039212_n.jpg?stp=dst-jpg_s150x150_tt6&efg=eyJ2ZW5jb2RlX3RhZyI6InByb2ZpbGVfcGljLmRqYW5nby4xMDgwLmMxIn0&_nc_ht=instagram.fhan3-3.fna.fbcdn.net&_nc_cat=1&_nc_oc=Q6cZ2QFdJS52FmK5T9EhJ8qRGfUrzUAxWa69xBAtzgQN4hFzduSlXdlQdY4lRnJ6HeO05Bg&_nc_ohc=3IePmVBo_F0Q7kNvwHGto-X&_nc_gid=nX9WzVhQqY4ELJbqKjWvUQ&edm=AJhczIQBAAAA&ccb=7-5&oh=00_Afp7rU2D0dchvlagGLEmmC_Y4KtwrTBCJV6NGjqlul-MoQ&oe=6966B960&_nc_sid=4a2096,102,0,3855,112,0,"['https://instagram.fhan3-3.fna.fbcdn.net/v/t15.5256-10/609910904_1590040008700765_3314068380745903117_n.jpg?stp=dst-jpg_e15_tt6&efg=eyJ2ZW5jb2RlX3RhZyI6InRocmVhZHMuRkVFRC5pbWFnZV91cmxnZW4uNjQweDM2MC5zZHIuZjUyNTYuZmlyc3RfZnJhbWVfdGh1bWJuYWlsLmMxIn0&_nc_ht=instagram.fhan3-3.fna.fbcdn.net&_nc_cat=101&_nc_oc=Q6cZ2QFdJS52FmK5T9EhJ8qRGfUrzUAxWa69xBAtzgQN4hFzduSlXdlQdY4lRnJ6HeO05Bg&_nc_ohc=ztEYp2bPTBkQ7kNvwF2KZM_&_nc_gid=nX9WzVhQqY4ELJbqKjWvUQ&edm=AJhczIQAAAAA&ccb=7-5&ig_cache_key=MzgwMjYxMzY0OTczNTU1NTQyMg%3D%3D.3-ccb7-5&oh=00_Afoz1TYGCWd2W_Htq7OAZVe8UF77MHBR_Ofd8qaOhZw-mg&oe=696695AA&_nc_sid=4a2096', 'https://instagram.fhan3-2.fna.fbcdn.net/o1/v/t2/f2/m366/AQNZ-eWhEdJ16sAZUYZVs7XYoME60_Gnhv7VBWRHJcmtiPJdKka08nkS5z1V6n-TxZ2T8SKxPUF3P01cY6TAEjkjrizatAi83S_K_LdSeUQ5Dw.mp4?_nc_cat=107&_nc_oc=AdlFGmYS-Rq5ypmzJn7dq0m2Kudyxstpys2QHUvWmSZVNGGsrJ5l8VtfIF8DkxOaoYg&_nc_sid=5e9851&_nc_ht=instagram.fhan3-2.fna.fbcdn.net&_nc_ohc=k_1ErTx_S7sQ7kNvwGCzY8J&efg=eyJ2ZW5jb2RlX3RhZyI6Inhwdl9wcm9ncmVzc2l2ZS5JTlNUQUdSQU0uRkVFRC5DMy42NDAuZGFzaF9oMjY0LWJhc2ljLWdlbjJfMzYwcCIsInhwdl9hc3NldF9pZCI6MTM4MjYwNDY4MzM0MzQ1MSwiYXNzZXRfYWdlX2RheXMiOjQsInZpX3VzZWNhc2VfaWQiOjEwMTIzLCJkdXJhdGlvbl9zIjo5OCwidXJsZ2VuX3NvdXJjZSI6Ind3dyJ9&ccb=17-1&vs=bb5214ceb9c03ff1&_nc_vs=HBksFQIYRWZiX2VwaGVtZXJhbC82MzQxNEI1QzU5MTVFOUVBOEY2NDQzREQwMjk0OTU4Rl9tdF8wX3ZpZGVvX2Rhc2hpbml0Lm1wNBUAAsgBEgAVAhhAZmJfcGVybWFuZW50L0VDNERERDYyQTg4NDUwQTYzNzE2MzY1ODY5NUM4M0IwX2F1ZGlvX2Rhc2hpbml0Lm1wNBUCAsgBEgAoABgAGwKIB3VzZV9vaWwBMRJwcm9ncmVzc2l2ZV9yZWNpcGUBMRUAACa22Z_Ql970BBUCKAJDMywXQFi1T987ZFoYGWRhc2hfaDI2NC1iYXNpYy1nZW4yXzM2MHARAHXqB2WWngEA&_nc_gid=nX9WzVhQqY4ELJbqKjWvUQ&_nc_zt=28&oh=00_AfoRYjNT5vB6OtFHTE_PDde02g1LGzLCc3vaPrNBpYSeWQ&oe=69669F91']",,https://www.threads.net/@achyuthab/post/DTFmPeiihle,[],"{'likes': 3855, 'reposts': 110, 'quotes': 2}",threads,3802613649735555422,Achyutha Anantha Murthy,,"BJP stuns in Nandigram Cooperative Agricultural Development Committee Election, West Bengal!
BJP: 9
TMC: 0
Left: 0
Cong: 0
Clean sweep signals strong BJP momentum in Bengal.",threads,63390565366,achyuthab
[],2026-01-09T17:10:50.270453+07:00,"I love James Talarico and fully support him for US Senate from TX. He is a gifted communicator, who uses his faith and logic to clearly present Democrat policies across the aisle. He has a real chance of winning - especially against Ken Paxton. Although I like Jasmine Crockett's feistiness, I am pissed that she entered the primary race! She is a well-known Democratic firebrand and would likely beat Talarico in the primary, but she will get exactly ZERO crossover votes in the general election.",2026-01-05T03:40:07+07:00,,3802884719500261914,threads,threads.com,threads_crawler_v1,https://www.threads.net/@greg_meyer61/post/DTGj4D7kvoa,https://instagram.fhan4-6.fna.fbcdn.net/v/t51.2885-19/460007702_2968283196645525_2253952239150255886_n.jpg?stp=dst-jpg_s150x150_tt6&efg=eyJ2ZW5jb2RlX3RhZyI6InByb2ZpbGVfcGljLmRqYW5nby4xMDgwLmMxIn0&_nc_ht=instagram.fhan4-6.fna.fbcdn.net&_nc_cat=109&_nc_oc=Q6cZ2QFdJS52FmK5T9EhJ8qRGfUrzUAxWa69xBAtzgQN4hFzduSlXdlQdY4lRnJ6HeO05Bg&_nc_ohc=VvKr24gzrnYQ7kNvwFiC-VJ&_nc_gid=nX9WzVhQqY4ELJbqKjWvUQ&edm=AJhczIQBAAAA&ccb=7-5&oh=00_AfpU8bQ06aRm-XjPceQYyGXMWz4LFwO8nDRVoYpjHr_e1g&oe=69668CA0&_nc_sid=4a2096,124,0,204,14,0,[],,https://www.threads.net/@greg_meyer61/post/DTGj4D7kvoa,[],"{'likes': 204, 'reposts': 11, 'quotes': 3}",threads,3802884719500261914,Greg Meyer,,"I love James Talarico and fully support him for US Senate from TX. He is a gifted communicator, who uses his faith and logic to clearly present Democrat policies across the aisle. He has a real chance of winning - especially against Ken Paxton. Although I like Jasmine Crockett's feistiness, I am pissed that she entered the primary race! She is a well-known Democratic firebrand and would likely beat Talarico in the primary, but she will get exactly ZERO crossover votes in the general election.",threads,63426451922,greg_meyer61
[],2026-01-09T17:10:50.270505+07:00,"An Informative Update from Our 1st District here in the Low Country of South Carolina.  Tonights election results are showing a large shift in the Political Landscape here going from deep red to the color blue. 

As a resident of South Carolinas first district, I participated in the voting today and want to share some important updates. Our local news is reporting as two of the three major media outlets confirm that a hand recount will be conducted, given the remarkably close results of",2026-01-07T12:54:37+07:00,,3804613361073714802,threads,threads.com,threads_crawler_v1,https://www.threads.net/@jr._johnpatrick/post/DTMs7G2gPZy,https://instagram.fhan3-3.fna.fbcdn.net/v/t51.2885-19/470424131_548608661511379_1532121723514124378_n.jpg?stp=dst-jpg_s150x150_tt6&efg=eyJ2ZW5jb2RlX3RhZyI6InByb2ZpbGVfcGljLmRqYW5nby43MjAuYzEifQ&_nc_ht=instagram.fhan3-3.fna.fbcdn.net&_nc_cat=1&_nc_oc=Q6cZ2QFdJS52FmK5T9EhJ8qRGfUrzUAxWa69xBAtzgQN4hFzduSlXdlQdY4lRnJ6HeO05Bg&_nc_ohc=YEcppSFUye0Q7kNvwEBneos&_nc_gid=nX9WzVhQqY4ELJbqKjWvUQ&edm=AJhczIQBAAAA&ccb=7-5&oh=00_AfpUaxkoXx4gO0rhLEbptZNCLcrMdr3zloyaAcWPnTyUlQ&oe=6966B946&_nc_sid=4a2096,20,0,212,32,0,['https://instagram.fhan3-2.fna.fbcdn.net/v/t51.2885-15/610597832_17895151386379699_5332004442597999346_n.jpg?stp=dst-jpg_e35_tt6&efg=eyJ2ZW5jb2RlX3RhZyI6InRocmVhZHMuRkVFRC5pbWFnZV91cmxnZW4uMTIwNngxOTI1LnNkci5mODI3ODcuZGVmYXVsdF9pbWFnZS5jMSJ9&_nc_ht=instagram.fhan3-2.fna.fbcdn.net&_nc_cat=107&_nc_oc=Q6cZ2QFdJS52FmK5T9EhJ8qRGfUrzUAxWa69xBAtzgQN4hFzduSlXdlQdY4lRnJ6HeO05Bg&_nc_ohc=ON2btnAJWLsQ7kNvwFiGO1X&_nc_gid=nX9WzVhQqY4ELJbqKjWvUQ&edm=AJhczIQBAAAA&ccb=7-5&ig_cache_key=MzgwNDYxMzM2MTA3MzcxNDgwMg%3D%3D.3-ccb7-5&oh=00_AfqADE21pcTJ7eQ0cj2Do7lyCPIv7sIMr7g-bsJt4_5bBw&oe=6966BDEF&_nc_sid=4a2096'],,https://www.threads.net/@jr._johnpatrick/post/DTMs7G2gPZy,[],"{'likes': 212, 'reposts': 29, 'quotes': 3}",threads,3804613361073714802,John Patrick,,"An Informative Update from Our 1st District here in the Low Country of South Carolina.  Tonights election results are showing a large shift in the Political Landscape here going from deep red to the color blue. 

As a resident of South Carolinas first district, I participated in the voting today and want to share some important updates. Our local news is reporting as two of the three major media outlets confirm that a hand recount will be conducted, given the remarkably close results of",threads,71323355698,jr._johnpatrick
[],2026-01-09T17:10:50.270559+07:00,"More than 75% of People of India Hate Modi and BJP , But Due to Blessings of Election Commission BJP is Winning election

#ECI #VoteChori #BJPHataoDeshBachao",2025-11-17T10:59:59+07:00,,3767592102482839478,threads,threads.com,threads_crawler_v1,https://www.threads.net/@anindya_das85/post/DRJLQ4_Doe2,https://instagram.fhan3-3.fna.fbcdn.net/v/t51.2885-19/605870340_17937436302112189_4312499128387172668_n.jpg?stp=dst-jpg_s150x150_tt6&efg=eyJ2ZW5jb2RlX3RhZyI6InByb2ZpbGVfcGljLmRqYW5nby4zMjAuYzEifQ&_nc_ht=instagram.fhan3-3.fna.fbcdn.net&_nc_cat=1&_nc_oc=Q6cZ2QFdJS52FmK5T9EhJ8qRGfUrzUAxWa69xBAtzgQN4hFzduSlXdlQdY4lRnJ6HeO05Bg&_nc_ohc=rjHut0zNJtEQ7kNvwGTD9-v&_nc_gid=nX9WzVhQqY4ELJbqKjWvUQ&edm=AJhczIQBAAAA&ccb=7-5&oh=00_Afo8Mpi5jxnHrSh1VPyt7Ew8P2KLRPpK3cEmBO1FccxOgg&oe=6966A206&_nc_sid=4a2096,403,0,158,17,0,['https://instagram.fhan4-5.fna.fbcdn.net/v/t39.30808-6/584522770_2404600763290178_6323455256272959761_n.jpg?stp=dst-jpg_e35_tt6&efg=eyJ2ZW5jb2RlX3RhZyI6InRocmVhZHMuRkVFRC5pbWFnZV91cmxnZW4uMTAyNHgxMDI0LnNkci5mMzA4MDguZGVmYXVsdF9pbWFnZS5jMSJ9&_nc_ht=instagram.fhan4-5.fna.fbcdn.net&_nc_cat=102&_nc_oc=Q6cZ2QFdJS52FmK5T9EhJ8qRGfUrzUAxWa69xBAtzgQN4hFzduSlXdlQdY4lRnJ6HeO05Bg&_nc_ohc=PsZ1F5vvaUIQ7kNvwEDo2pU&_nc_gid=nX9WzVhQqY4ELJbqKjWvUQ&edm=AJhczIQAAAAA&ccb=7-5&ig_cache_key=Mzc2NzU5MjEwMjQ4MjgzOTQ3OA%3D%3D.3-ccb7-5&oh=00_AfrWG7ggOwbrWnVOW6rbetM9WUZ_toFIDrySXjkAluzTOA&oe=6966B781&_nc_sid=4a2096'],,https://www.threads.net/@anindya_das85/post/DRJLQ4_Doe2,[],"{'likes': 158, 'reposts': 15, 'quotes': 2}",threads,3767592102482839478,Anindya Das,,"More than 75% of People of India Hate Modi and BJP , But Due to Blessings of Election Commission BJP is Winning election

#ECI #VoteChori #BJPHataoDeshBachao",threads,63506432188,anindya_das85
[],2026-01-09T17:10:50.270611+07:00,"Trump says one of the justifications for removing Maduro was he refused to honor the results of a democratic election.

The man has no sense of Irony.",2026-01-03T21:47:42+07:00,,3801982570268149950,threads,threads.com,threads_crawler_v1,https://www.threads.net/@coyoteliberty/post/DTDWwD_D0i-,https://instagram.fhan4-5.fna.fbcdn.net/v/t51.2885-19/455707835_900398031930267_7533032929183985285_n.jpg?stp=dst-jpg_s150x150_tt6&efg=eyJ2ZW5jb2RlX3RhZyI6InByb2ZpbGVfcGljLmRqYW5nby4xMDgwLmMxIn0&_nc_ht=instagram.fhan4-5.fna.fbcdn.net&_nc_cat=103&_nc_oc=Q6cZ2QFdJS52FmK5T9EhJ8qRGfUrzUAxWa69xBAtzgQN4hFzduSlXdlQdY4lRnJ6HeO05Bg&_nc_ohc=zspZ3dCGZWkQ7kNvwG2Viia&_nc_gid=nX9WzVhQqY4ELJbqKjWvUQ&edm=AJhczIQBAAAA&ccb=7-5&oh=00_Afo5c2NscKNRsaQDzw7kviCItetmgm1XHyKInKrErOPgMg&oe=69668AEF&_nc_sid=4a2096,131,0,12999,621,0,[],,https://www.threads.net/@coyoteliberty/post/DTDWwD_D0i-,[],"{'likes': 12999, 'reposts': 602, 'quotes': 19}",threads,3801982570268149950,Charles Jacques,,"Trump says one of the justifications for removing Maduro was he refused to honor the results of a democratic election.

The man has no sense of Irony.",threads,64286082518,coyoteliberty
[],2026-01-09T17:10:50.270667+07:00,"Paul Singer is the founder of Elliott Management, which owns Barnes & Noble. 

Paul donated $1 million to Trump’s inauguration in 2017. He also gave $5 million to MAGA Inc., a super PAC supporting Trump’s 2024 re-election campaign.

👇🏾",2025-08-30T07:59:01+07:00,,3710243733502537474,threads,threads.com,threads_crawler_v1,https://www.threads.net/@everydayisjuneteenth/post/DN9bwSVia8C,https://instagram.fhan3-3.fna.fbcdn.net/v/t51.2885-19/499572485_17935068774034447_3447392317680589271_n.jpg?stp=dst-jpg_s150x150_tt6&efg=eyJ2ZW5jb2RlX3RhZyI6InByb2ZpbGVfcGljLmRqYW5nby45NzAuYzEifQ&_nc_ht=instagram.fhan3-3.fna.fbcdn.net&_nc_cat=1&_nc_oc=Q6cZ2QFdJS52FmK5T9EhJ8qRGfUrzUAxWa69xBAtzgQN4hFzduSlXdlQdY4lRnJ6HeO05Bg&_nc_ohc=XYci3DJxKKEQ7kNvwGKRAyN&_nc_gid=nX9WzVhQqY4ELJbqKjWvUQ&edm=AJhczIQBAAAA&ccb=7-5&oh=00_Afr1WTDG9s3aShzEjlJCQHOf29EHQwaEHQ0Q29Z2wuiZ8g&oe=6966C2D2&_nc_sid=4a2096,53,0,483,188,0,['https://instagram.fhan3-3.fna.fbcdn.net/v/t51.2885-15/540673722_17859047958479029_2440408132749407311_n.jpg?stp=dst-jpg_e35_tt6&efg=eyJ2ZW5jb2RlX3RhZyI6InRocmVhZHMuRkVFRC5pbWFnZV91cmxnZW4uMTA4MHgxMzUwLnNkci5mODI3ODcuZGVmYXVsdF9pbWFnZS5jMSJ9&_nc_ht=instagram.fhan3-3.fna.fbcdn.net&_nc_cat=101&_nc_oc=Q6cZ2QFdJS52FmK5T9EhJ8qRGfUrzUAxWa69xBAtzgQN4hFzduSlXdlQdY4lRnJ6HeO05Bg&_nc_ohc=0jHLXNxv5GUQ7kNvwG9fKAS&_nc_gid=nX9WzVhQqY4ELJbqKjWvUQ&edm=AJhczIQBAAAA&ccb=7-5&ig_cache_key=MzcxMDI0MzczMzUwMjUzNzQ3NA%3D%3D.3-ccb7-5&oh=00_AfrykVl_aLY7P2YFPKFMIL1tnMXUe1Fl9zkRTY5HTUyZZg&oe=6966A1C0&_nc_sid=4a2096'],,https://www.threads.net/@everydayisjuneteenth/post/DN9bwSVia8C,[],"{'likes': 483, 'reposts': 169, 'quotes': 19}",threads,3710243733502537474,Every Day Is Juneteenth,,"Paul Singer is the founder of Elliott Management, which owns Barnes & Noble. 

Paul donated $1 million to Trump’s inauguration in 2017. He also gave $5 million to MAGA Inc., a super PAC supporting Trump’s 2024 re-election campaign.

👇🏾",threads,74380575028,everydayisjuneteenth
[],2026-01-09T17:10:50.270719+07:00,So Trump thinks he should and could cancel the election. Lawless. An entertainer. These notions should result in impeachment and removal from office.,2026-01-07T03:47:55+07:00,,3804338201679801358,threads,threads.com,threads_crawler_v1,https://www.threads.net/@barryrmccaffrey/post/DTLuXAskqwO,https://instagram.fhan3-4.fna.fbcdn.net/v/t51.2885-19/503697978_17913091830112852_2062114589564373695_n.jpg?stp=dst-jpg_s150x150_tt6&efg=eyJ2ZW5jb2RlX3RhZyI6InByb2ZpbGVfcGljLmRqYW5nby4xMDgwLmMxIn0&_nc_ht=instagram.fhan3-4.fna.fbcdn.net&_nc_cat=104&_nc_oc=Q6cZ2QFdJS52FmK5T9EhJ8qRGfUrzUAxWa69xBAtzgQN4hFzduSlXdlQdY4lRnJ6HeO05Bg&_nc_ohc=b55sm9foP2cQ7kNvwGxwrue&_nc_gid=nX9WzVhQqY4ELJbqKjWvUQ&edm=AJhczIQBAAAA&ccb=7-5&oh=00_AfrA9XwsvjHjfsKqKwnEVfgAyZYe3gdPGnufdck04tp-lg&oe=6966BA46&_nc_sid=4a2096,28,0,458,78,0,[],,https://www.threads.net/@barryrmccaffrey/post/DTLuXAskqwO,[],"{'likes': 458, 'reposts': 74, 'quotes': 4}",threads,3804338201679801358,Barry R McCaffrey,,So Trump thinks he should and could cancel the election. Lawless. An entertainer. These notions should result in impeachment and removal from office.,threads,63489104851,barryrmccaffrey
[],2026-01-09T17:10:50.270772+07:00,"There are 4 election dates in Wisconsin in 2026: 

February 17 - Spring Primary
April 7 - Spring General
August 11 - Fall Primary
November 3 - Fall General

At stake in the spring are a variety of local races, including County Board and School Board, as well as a crucial race for WI Supreme Court.",2026-01-06T03:17:23+07:00,,3803598058085770987,threads,threads.com,threads_crawler_v1,https://www.threads.net/@senchrislarson/post/DTJGEgQkWbr,https://instagram.fhan4-6.fna.fbcdn.net/v/t51.2885-19/358001521_177220558669436_1681564125155090075_n.jpg?stp=dst-jpg_s150x150_tt6&efg=eyJ2ZW5jb2RlX3RhZyI6InByb2ZpbGVfcGljLmRqYW5nby4xMDgwLmMxIn0&_nc_ht=instagram.fhan4-6.fna.fbcdn.net&_nc_cat=108&_nc_oc=Q6cZ2QFdJS52FmK5T9EhJ8qRGfUrzUAxWa69xBAtzgQN4hFzduSlXdlQdY4lRnJ6HeO05Bg&_nc_ohc=1PfufvG39P8Q7kNvwGHu_7X&_nc_gid=nX9WzVhQqY4ELJbqKjWvUQ&edm=AJhczIQBAAAA&ccb=7-5&oh=00_AfoXqdr3YOCnbid-955HgyQlizMGZ_Jml5eIwDc26dPSQw&oe=6966BB31&_nc_sid=4a2096,5,0,226,46,0,[],,https://www.threads.net/@senchrislarson/post/DTJGEgQkWbr,[],"{'likes': 226, 'reposts': 42, 'quotes': 4}",threads,3803598058085770987,Senator Chris Larson,,"There are 4 election dates in Wisconsin in 2026: 

February 17 - Spring Primary
April 7 - Spring General
August 11 - Fall Primary
November 3 - Fall General

At stake in the spring are a variety of local races, including County Board and School Board, as well as a crucial race for WI Supreme Court.",threads,63493321249,senchrislarson
[],2026-01-09T17:10:50.270828+07:00,"Former special counsel Jack Smith also described President Trump as the ""most culpable and most responsible person"" in the criminal conspiracy to overturn the 2020 election results, according to a transcript of Smith's closed-door interview with the House Judiciary Committee. ",2026-01-01T09:30:54+07:00,,3800162119808083472,threads,threads.com,threads_crawler_v1,https://www.threads.net/@npr/post/DS841BYDmYQ,https://instagram.fhan3-4.fna.fbcdn.net/v/t51.2885-19/482772972_1667625477187710_2015575076056297992_n.jpg?stp=dst-jpg_s150x150_tt6&efg=eyJ2ZW5jb2RlX3RhZyI6InByb2ZpbGVfcGljLmRqYW5nby4xMDgwLmMxIn0&_nc_ht=instagram.fhan3-4.fna.fbcdn.net&_nc_cat=106&_nc_oc=Q6cZ2QFdJS52FmK5T9EhJ8qRGfUrzUAxWa69xBAtzgQN4hFzduSlXdlQdY4lRnJ6HeO05Bg&_nc_ohc=Ej5-nx3XaAgQ7kNvwETaIe7&_nc_gid=nX9WzVhQqY4ELJbqKjWvUQ&edm=AJhczIQBAAAA&ccb=7-5&oh=00_AfrqOY_exuiy-RAymRNnbu7u3lDsB6Yn8Wg2MEeUSZ2kGw&oe=69669C28&_nc_sid=4a2096,74,0,6336,850,0,[],,https://www.threads.net/@npr/post/DS841BYDmYQ,[],"{'likes': 6336, 'reposts': 818, 'quotes': 32}",threads,3800162119808083472,NPR,,"Former special counsel Jack Smith also described President Trump as the ""most culpable and most responsible person"" in the criminal conspiracy to overturn the 2020 election results, according to a transcript of Smith's closed-door interview with the House Judiciary Committee. https://n.pr/4poAROj",threads,63418112866,npr
[],2026-01-09T17:11:00.810790+07:00,"Republican Rep. Doug LaMalfa has died.

Marjorie Taylor Greene resigned from Congress last night.

A special election in Texas on Jan. 31 will put in another Democrat in office.

Mike Johnson's House majority is almost non-existent. Next month, he can only lose one vote.",2026-01-06T23:06:04+07:00,,3804196334145225385,threads,threads.com,threads_crawler_v1,https://www.threads.net/@griffinkyle/post/DTLOGkQkcKp,https://instagram.fhan3-3.fna.fbcdn.net/v/t51.2885-19/417027150_7374820482581429_1506552175799178829_n.jpg?stp=dst-jpg_s150x150_tt6&efg=eyJ2ZW5jb2RlX3RhZyI6InByb2ZpbGVfcGljLmRqYW5nby4xMDgwLmMxIn0&_nc_ht=instagram.fhan3-3.fna.fbcdn.net&_nc_cat=1&_nc_oc=Q6cZ2QENAObJlAOfLxi0efJ6pEihEzicxRTVakS-GLhjosrIt5WC0VFV3qKWauKlVgsiHgo&_nc_ohc=cAzkBvLuoOMQ7kNvwFfdtox&_nc_gid=7KKwuhCJJR7hmKkQVfiduQ&edm=AJhczIQBAAAA&ccb=7-5&oh=00_AfoQ4GxYRVnrF27XtB80zI9e45uRJR0StE7JAn0_Htu4ZQ&oe=696692B4&_nc_sid=4a2096,286,0,14297,783,0,[],,https://www.threads.net/@griffinkyle/post/DTLOGkQkcKp,[],"{'likes': 14297, 'reposts': 750, 'quotes': 33}",threads,3804196334145225385,Kyle Griffin,,"Republican Rep. Doug LaMalfa has died.

Marjorie Taylor Greene resigned from Congress last night.

A special election in Texas on Jan. 31 will put in another Democrat in office.

Mike Johnson's House majority is almost non-existent. Next month, he can only lose one vote.",threads,63255043496,griffinkyle
[],2026-01-09T17:11:00.810927+07:00,"It’s Election Day in Tennessee, and we know: The power is with the people.

If you live in Tennessee’s 7th Congressional District, head to  to make sure you know when and where to vote today.",2025-12-02T21:19:09+07:00,,3778775370498488967,threads,threads.com,threads_crawler_v1,https://www.threads.net/@kamalaharris/post/DRw6C28jrqH,https://instagram.fhan4-3.fna.fbcdn.net/v/t51.2885-19/403614080_887341436305788_8367426959911734528_n.jpg?stp=dst-jpg_s150x150_tt6&efg=eyJ2ZW5jb2RlX3RhZyI6InByb2ZpbGVfcGljLmRqYW5nby4xMDgwLmMxIn0&_nc_ht=instagram.fhan4-3.fna.fbcdn.net&_nc_cat=100&_nc_oc=Q6cZ2QENAObJlAOfLxi0efJ6pEihEzicxRTVakS-GLhjosrIt5WC0VFV3qKWauKlVgsiHgo&_nc_ohc=tiU4k2RLkrcQ7kNvwFmM4j7&_nc_gid=7KKwuhCJJR7hmKkQVfiduQ&edm=AJhczIQBAAAA&ccb=7-5&oh=00_AfqdSwhATwl4D0AamUfzt7Hvft8zfaIvmntixVFmK2Xk4Q&oe=6966AFD5&_nc_sid=4a2096,173,0,14577,1602,0,[],,https://www.threads.net/@kamalaharris/post/DRw6C28jrqH,[],"{'likes': 14577, 'reposts': 1547, 'quotes': 55}",threads,3778775370498488967,Kamala Harris,,"It’s Election Day in Tennessee, and we know: The power is with the people.

If you live in Tennessee’s 7th Congressional District, head to IWillVote.com to make sure you know when and where to vote today.",threads,63001388803,kamalaharris
[],2026-01-09T17:11:00.810988+07:00,"Ohio, please do not vote for this maga jackass for Governor. He is a trump bootlicker billionaire who doesn’t even like us. Even you red folks must be getting tired of these dickheads. They are bad news for Everyone except themselves. Elect @amyactonoh Dr Amy Acton and take our state back from these grifters.",2026-01-08T08:35:36+07:00,,3805207772375562156,threads,threads.com,threads_crawler_v1,https://www.threads.net/@mikepella/post/DTO0E7hADes,https://instagram.fhan4-5.fna.fbcdn.net/v/t51.2885-19/357779938_3512822635653518_7493936493623298808_n.jpg?stp=dst-jpg_s150x150_tt6&efg=eyJ2ZW5jb2RlX3RhZyI6InByb2ZpbGVfcGljLmRqYW5nby4xMDgwLmMxIn0&_nc_ht=instagram.fhan4-5.fna.fbcdn.net&_nc_cat=102&_nc_oc=Q6cZ2QENAObJlAOfLxi0efJ6pEihEzicxRTVakS-GLhjosrIt5WC0VFV3qKWauKlVgsiHgo&_nc_ohc=6soKg1vNuaUQ7kNvwEqeKZV&_nc_gid=7KKwuhCJJR7hmKkQVfiduQ&edm=AJhczIQBAAAA&ccb=7-5&oh=00_AfrQHqcIKL7W9lyf-zeJzDj4hJSrjgl9VeBCzdQKpZjf8w&oe=6966BE7E&_nc_sid=4a2096,96,0,1593,198,0,['https://instagram.fhan4-3.fna.fbcdn.net/v/t51.2885-15/611199642_17942501073097954_3571883990560863139_n.jpg?stp=cp6_dst-jpg_e35_tt6&efg=eyJ2ZW5jb2RlX3RhZyI6InRocmVhZHMuRkVFRC5pbWFnZV91cmxnZW4uMTM1NXgxMDAzLnNkci5mODI3ODcuZGVmYXVsdF9pbWFnZS5jMSJ9&_nc_ht=instagram.fhan4-3.fna.fbcdn.net&_nc_cat=110&_nc_oc=Q6cZ2QENAObJlAOfLxi0efJ6pEihEzicxRTVakS-GLhjosrIt5WC0VFV3qKWauKlVgsiHgo&_nc_ohc=xe1YTS9MGMUQ7kNvwFHYgTD&_nc_gid=7KKwuhCJJR7hmKkQVfiduQ&edm=AJhczIQBAAAA&ccb=7-5&ig_cache_key=MzgwNTIwNzc3MjM3NTU2MjE1Ng%3D%3D.3-ccb7-5&oh=00_AfqPT3UMsINnzJoTHuZ3DEQhnalwxzyo3ezGjcFdRCsfmg&oe=6966BD5E&_nc_sid=4a2096'],,https://www.threads.net/@mikepella/post/DTO0E7hADes,[],"{'likes': 1593, 'reposts': 186, 'quotes': 12}",threads,3805207772375562156,Michael Pella,Vivek Ramaswamy,"Ohio, please do not vote for this maga jackass for Governor. He is a trump bootlicker billionaire who doesn’t even like us. Even you red folks must be getting tired of these dickheads. They are bad news for Everyone except themselves. Elect @amyactonoh Dr Amy Acton and take our state back from these grifters.",threads,63090057953,mikepella
[],2026-01-09T17:11:00.811037+07:00,Seems a good time to remind everyone that I am selling funny Lincoln tshirts and all profits go to @runforsomethingnow to elect young progressives to state and local office 😬😬 we’ve raised almost 17k so far! ,2025-11-10T08:57:05+07:00,,3762456810272650553,threads,threads.com,threads_crawler_v1,https://www.threads.net/@amandasmildtakes/post/DQ27ojbDPU5,https://instagram.fhan3-3.fna.fbcdn.net/v/t51.2885-19/467005398_3798958200417433_5532315311912718422_n.jpg?stp=dst-jpg_s150x150_tt6&efg=eyJ2ZW5jb2RlX3RhZyI6InByb2ZpbGVfcGljLmRqYW5nby4xMDgwLmMxIn0&_nc_ht=instagram.fhan3-3.fna.fbcdn.net&_nc_cat=1&_nc_oc=Q6cZ2QENAObJlAOfLxi0efJ6pEihEzicxRTVakS-GLhjosrIt5WC0VFV3qKWauKlVgsiHgo&_nc_ohc=IIyYTaIl_jQQ7kNvwFabCuH&_nc_gid=7KKwuhCJJR7hmKkQVfiduQ&edm=AJhczIQBAAAA&ccb=7-5&oh=00_AfqBi56ZSHgVujqfJrkP7cROVUi9Ra1KK4NqMQMFedUflg&oe=6966AFF7&_nc_sid=4a2096,3,0,103,12,0,[],,https://www.threads.net/@amandasmildtakes/post/DQ27ojbDPU5,[],"{'likes': 103, 'reposts': 12, 'quotes': 0}",threads,3762456810272650553,Amanda Nelson,,Seems a good time to remind everyone that I am selling funny Lincoln tshirts and all profits go to @runforsomethingnow to elect young progressives to state and local office 😬😬 we’ve raised almost 17k so far! https://www.bonfire.com/amandas-mild-takes/,threads,66830108166,amandasmildtakes
[],2026-01-09T17:11:00.811072+07:00,LEGAL FEES: President Donald Trump is seeking more than $6.2 million in attorney fees and costs from the Fulton County District Attorney's office stemming from the election interference case brought against him and others that was recently dismissed.,2026-01-08T16:30:09+07:00,,3805446555319587501,threads,threads.com,threads_crawler_v1,https://www.threads.net/@newsmax/post/DTPqXrdjtKt,https://instagram.fhan4-5.fna.fbcdn.net/v/t51.2885-19/358045613_788636779657886_8882033279929735129_n.jpg?stp=dst-jpg_s150x150_tt6&efg=eyJ2ZW5jb2RlX3RhZyI6InByb2ZpbGVfcGljLmRqYW5nby4xMDAwLmMxIn0&_nc_ht=instagram.fhan4-5.fna.fbcdn.net&_nc_cat=102&_nc_oc=Q6cZ2QENAObJlAOfLxi0efJ6pEihEzicxRTVakS-GLhjosrIt5WC0VFV3qKWauKlVgsiHgo&_nc_ohc=Rvtu2hIqbgsQ7kNvwH7kRg8&_nc_gid=7KKwuhCJJR7hmKkQVfiduQ&edm=AJhczIQBAAAA&ccb=7-5&oh=00_AfoyStTIu9jYyQWGHP70GRdpGZLBjKEceFrQ_tcypX2Lwg&oe=6966A6AE&_nc_sid=4a2096,47,0,1291,39,0,[],,https://www.threads.net/@newsmax/post/DTPqXrdjtKt,[],"{'likes': 1291, 'reposts': 34, 'quotes': 5}",threads,3805446555319587501,Newsmax,,LEGAL FEES: President Donald Trump is seeking more than $6.2 million in attorney fees and costs from the Fulton County District Attorney's office stemming from the election interference case brought against him and others that was recently dismissed.,threads,63065795190,newsmax
[],2026-01-09T17:11:00.811105+07:00,The 2020 election interference will soon be revealed. Are you ready?,2026-01-04T22:45:18+07:00,,3802736333320855059,threads,threads.com,threads_crawler_v1,https://www.threads.net/@scottshaffer1606/post/DTGCIwiD54T,https://instagram.fhan3-4.fna.fbcdn.net/v/t51.2885-19/476413426_608684271873268_8776113300858498820_n.jpg?stp=dst-jpg_s150x150_tt6&efg=eyJ2ZW5jb2RlX3RhZyI6InByb2ZpbGVfcGljLmRqYW5nby4xMDgwLmMxIn0&_nc_ht=instagram.fhan3-4.fna.fbcdn.net&_nc_cat=104&_nc_oc=Q6cZ2QENAObJlAOfLxi0efJ6pEihEzicxRTVakS-GLhjosrIt5WC0VFV3qKWauKlVgsiHgo&_nc_ohc=0wUAXUWeYiUQ7kNvwHkVz_x&_nc_gid=7KKwuhCJJR7hmKkQVfiduQ&edm=AJhczIQBAAAA&ccb=7-5&oh=00_Afr9p5nmjPlOnWa1H_Wvara-eT4S78fOIHa5QUs3R4bNdA&oe=6966A677&_nc_sid=4a2096,71,0,254,33,0,['https://instagram.fhan4-3.fna.fbcdn.net/v/t39.30808-6/611384485_10240459076276508_3481315453050289217_n.jpg?stp=dst-jpg_e35_tt6&efg=eyJ2ZW5jb2RlX3RhZyI6InRocmVhZHMuRkVFRC5pbWFnZV91cmxnZW4uMTUzNngxMDI0LnNkci5mMzA4MDguZGVmYXVsdF9pbWFnZS5jMSJ9&_nc_ht=instagram.fhan4-3.fna.fbcdn.net&_nc_cat=100&_nc_oc=Q6cZ2QENAObJlAOfLxi0efJ6pEihEzicxRTVakS-GLhjosrIt5WC0VFV3qKWauKlVgsiHgo&_nc_ohc=mkirLWQYqA8Q7kNvwFDAp1O&_nc_gid=7KKwuhCJJR7hmKkQVfiduQ&edm=AJhczIQAAAAA&ccb=7-5&ig_cache_key=MzgwMjczNjMzMzMyMDg1NTA1OQ%3D%3D.3-ccb7-5&oh=00_AfqsdsJBZtaL5KsGMxcsqchqvTtIFfEqGmXQjbOn9kOFWA&oe=696694C8&_nc_sid=4a2096'],,https://www.threads.net/@scottshaffer1606/post/DTGCIwiD54T,[],"{'likes': 254, 'reposts': 29, 'quotes': 4}",threads,3802736333320855059,Scott Shaffer,,The 2020 election interference will soon be revealed. Are you ready?,threads,72191185217,scottshaffer1606
[],2026-01-09T17:11:00.811138+07:00,"#panchayat #election #sarpanch #village #telangana 
#youthleader
##youthcongress
.
.
.
#trending #reels #instagram #explore #explorepage #exploremore #digitalkirann #fyp",2025-12-08T14:23:11+07:00,,3782914643166692680,threads,threads.com,threads_crawler_v1,https://www.threads.net/@digitalkirann/post/DR_nNNBkwVI,https://instagram.fhan3-4.fna.fbcdn.net/v/t51.2885-19/541964351_17920026558115456_5577714786447939863_n.jpg?stp=dst-jpg_s150x150_tt6&efg=eyJ2ZW5jb2RlX3RhZyI6InByb2ZpbGVfcGljLmRqYW5nby4xMDgwLmMxIn0&_nc_ht=instagram.fhan3-4.fna.fbcdn.net&_nc_cat=104&_nc_oc=Q6cZ2QENAObJlAOfLxi0efJ6pEihEzicxRTVakS-GLhjosrIt5WC0VFV3qKWauKlVgsiHgo&_nc_ohc=_YhnDJhbxPAQ7kNvwFCmdYE&_nc_gid=7KKwuhCJJR7hmKkQVfiduQ&edm=AJhczIQBAAAA&ccb=7-5&oh=00_Afp5V8-YABs57WOBeF4U5Ru8vudCwDSjdk988DPrKffI5w&oe=69669C37&_nc_sid=4a2096,1,0,19,10,0,"['https://instagram.fhan3-3.fna.fbcdn.net/v/t51.2885-15/589230028_18155962648410817_400640965037038189_n.jpg?stp=dst-jpg_e15_tt6&efg=eyJ2ZW5jb2RlX3RhZyI6InRocmVhZHMuRkVFRC5pbWFnZV91cmxnZW4uNTQweDk2MC5zZHIuZjgyNzg3LmRlZmF1bHRfY292ZXJfZnJhbWUuYzEifQ&_nc_ht=instagram.fhan3-3.fna.fbcdn.net&_nc_cat=101&_nc_oc=Q6cZ2QENAObJlAOfLxi0efJ6pEihEzicxRTVakS-GLhjosrIt5WC0VFV3qKWauKlVgsiHgo&_nc_ohc=a2Bb0Pi-yUgQ7kNvwGSjilU&_nc_gid=7KKwuhCJJR7hmKkQVfiduQ&edm=AJhczIQBAAAA&ccb=7-5&ig_cache_key=Mzc4MjkxNDY0MzE2NjY5MjY4MA%3D%3D.3-ccb7-5&oh=00_AfqviUyWi69lKWZV0v6vkV5NjjrUoNna9pfltAi-1--GtA&oe=6966C0E0&_nc_sid=4a2096', 'https://instagram.fhan4-6.fna.fbcdn.net/o1/v/t2/f2/m86/AQMOzT-w4wki_eBIqK4DluZuenxR4yv9lnbisG-tOKCVRLPaocuOxDCMa0CxcqxNtTEa_ACrqMPJ33FHwuK1iDsVDeSN_V2t17gdGU0.mp4?_nc_cat=108&_nc_oc=AdnjOf6UGX6HVagYQKj8SUcpIghhtInWEMjiX3DiZwcHKcgeUr_A2v1JFGys5vkFb98&_nc_sid=5e9851&_nc_ht=instagram.fhan4-6.fna.fbcdn.net&_nc_ohc=0mgS1-CBEZEQ7kNvwHNRegu&efg=eyJ2ZW5jb2RlX3RhZyI6Inhwdl9wcm9ncmVzc2l2ZS5JTlNUQUdSQU0uRkVFRC5DMy43MTYuZGFzaF9iYXNlbGluZV8xX3YxIiwieHB2X2Fzc2V0X2lkIjoxMzQwOTU1NDEzOTQ4NTUwLCJhc3NldF9hZ2VfZGF5cyI6MzIsInZpX3VzZWNhc2VfaWQiOjEwMDk5LCJkdXJhdGlvbl9zIjoyMiwidXJsZ2VuX3NvdXJjZSI6Ind3dyJ9&ccb=17-1&_nc_gid=7KKwuhCJJR7hmKkQVfiduQ&_nc_zt=28&vs=ce60c278ca6945f5&_nc_vs=HBksFQIYUmlnX3hwdl9yZWVsc19wZXJtYW5lbnRfc3JfcHJvZC9EQjQ3NDZDNjQ4RjA2RDc4NzlCNzcyNjNBNTc3OTVBOF92aWRlb19kYXNoaW5pdC5tcDQVAALIARIAFQIYOnBhc3N0aHJvdWdoX2V2ZXJzdG9yZS9HTmxnZENNWFV2US1jZjVhQUV0azlqbHhZU3NNYnN0VEFRQUYVAgLIARIAKAAYABsCiAd1c2Vfb2lsATEScHJvZ3Jlc3NpdmVfcmVjaXBlATEVAAAmjKLdsfDl4QQVAigCQzMsF0A2d0vGp--eGBJkYXNoX2Jhc2VsaW5lXzFfdjERAHXqB2XmnQEA&oh=00_AfpT3jPgNk7N7qxZRm6X_5wkZoaHyLKtqjR2_uIMYxxaxA&oe=6962ADB1']",,https://www.threads.net/@digitalkirann/post/DR_nNNBkwVI,[],"{'likes': 19, 'reposts': 2, 'quotes': 8}",threads,3782914643166692680,Kiran Ramala/Digital Marketer,,"#panchayat #election #sarpanch #village #telangana 
#youthleader
##youthcongress
.
.
.
#trending #reels #instagram #explore #explorepage #exploremore #digitalkirann #fyp",threads,63415531455,digitalkirann
[],2026-01-09T17:11:00.811169+07:00,"This is one of Kamala Harris’s last speeches before Election Day. In front of the White House. I have fucking chills. 

Please, America, if she runs again ELECT HER to the Presidency. This is a TRUE LEADER.",2026-01-07T00:56:45+07:00,,3804252042480348286,threads,threads.com,threads_crawler_v1,https://www.threads.net/@jlangd/post/DTLaxOsGGx-,https://instagram.fhan4-3.fna.fbcdn.net/v/t51.2885-19/573099695_17932199154108730_7541475759393706591_n.jpg?stp=dst-jpg_s150x150_tt6&efg=eyJ2ZW5jb2RlX3RhZyI6InByb2ZpbGVfcGljLmRqYW5nby4xMDgwLmMxIn0&_nc_ht=instagram.fhan4-3.fna.fbcdn.net&_nc_cat=110&_nc_oc=Q6cZ2QENAObJlAOfLxi0efJ6pEihEzicxRTVakS-GLhjosrIt5WC0VFV3qKWauKlVgsiHgo&_nc_ohc=rxvzhHbvtkEQ7kNvwEwekc-&_nc_gid=7KKwuhCJJR7hmKkQVfiduQ&edm=AJhczIQBAAAA&ccb=7-5&oh=00_AfpVc65N3zfrShiNxNoMabjSGC9hEz24F2Pxcn5ENj8WBQ&oe=69669D71&_nc_sid=4a2096,2,0,70,15,0,[],,https://www.threads.net/@jlangd/post/DTLaxOsGGx-,[],"{'likes': 70, 'reposts': 14, 'quotes': 1}",threads,3804252042480348286,Jane Langdon,,"This is one of Kamala Harris’s last speeches before Election Day. In front of the White House. I have fucking chills. 

Please, America, if she runs again ELECT HER to the Presidency. This is a TRUE LEADER.",threads,63136532729,jlangd
[],2026-01-09T17:11:00.811212+07:00,I won't say cancel the election but cancel the election,2026-01-06T22:36:56+07:00,,3804181674104835219,threads,threads.com,threads_crawler_v1,https://www.threads.net/@stonekettle/post/DTLKxPCEcyT,https://instagram.fhan3-3.fna.fbcdn.net/v/t51.2885-19/476170623_1017649930184994_6690447221365184400_n.jpg?stp=dst-jpg_s150x150_tt6&efg=eyJ2ZW5jb2RlX3RhZyI6InByb2ZpbGVfcGljLmRqYW5nby42OTMuYzEifQ&_nc_ht=instagram.fhan3-3.fna.fbcdn.net&_nc_cat=1&_nc_oc=Q6cZ2QENAObJlAOfLxi0efJ6pEihEzicxRTVakS-GLhjosrIt5WC0VFV3qKWauKlVgsiHgo&_nc_ohc=S35Dxw3Uf-oQ7kNvwHI5lQB&_nc_gid=7KKwuhCJJR7hmKkQVfiduQ&edm=AJhczIQBAAAA&ccb=7-5&oh=00_AfqSAQo03ZSrhImvP1VvY8OUwhRFkEI13LgHV3_Zt9iUow&oe=69668B0A&_nc_sid=4a2096,27,0,612,55,0,[],,https://www.threads.net/@stonekettle/post/DTLKxPCEcyT,[],"{'likes': 612, 'reposts': 53, 'quotes': 2}",threads,3804181674104835219,Jim Wright,,I won't say cancel the election but cancel the election,threads,63326272578,stonekettle
[],2026-01-09T17:11:00.811273+07:00,"January 6th was a coordinated attempt to kidnap members of Congress, overturn a free and fair election by the people, and install a sittng president whose involvement was complete. 
It was a threat to our sovereignty. 
It was a rejection of our Constitution. 
It was the opposite of patriotism. 
It was an act of treason. 
It was a vicious attack on democracy. 
It was an act of domestic terrorism. 
It was a violent insurrection.
All Americans know this.
Only patriotic, decent ones actually care.",2026-01-07T17:05:05+07:00,,3804739421569037468,threads,threads.com,threads_crawler_v1,https://www.threads.net/@foddone68/post/DTNJlh1jDSc,https://instagram.fhan4-5.fna.fbcdn.net/v/t51.2885-19/433707971_1070620367375655_1316067853846888680_n.jpg?stp=dst-jpg_s150x150_tt6&efg=eyJ2ZW5jb2RlX3RhZyI6InByb2ZpbGVfcGljLmRqYW5nby45NjIuYzEifQ&_nc_ht=instagram.fhan4-5.fna.fbcdn.net&_nc_cat=103&_nc_oc=Q6cZ2QENAObJlAOfLxi0efJ6pEihEzicxRTVakS-GLhjosrIt5WC0VFV3qKWauKlVgsiHgo&_nc_ohc=vMrPIUmRLYoQ7kNvwGAMci-&_nc_gid=7KKwuhCJJR7hmKkQVfiduQ&edm=AJhczIQBAAAA&ccb=7-5&oh=00_AfqEhLBAmaXIVAgjWo7nR-OJWIL38LVn2qd9v0I227fUmw&oe=6966A010&_nc_sid=4a2096,12,0,28,4,0,[],,https://www.threads.net/@foddone68/post/DTNJlh1jDSc,[],"{'likes': 28, 'reposts': 4, 'quotes': 0}",threads,3804739421569037468,Francesco Oddone,January6th,"January 6th was a coordinated attempt to kidnap members of Congress, overturn a free and fair election by the people, and install a sittng president whose involvement was complete. 
It was a threat to our sovereignty. 
It was a rejection of our Constitution. 
It was the opposite of patriotism. 
It was an act of treason. 
It was a vicious attack on democracy. 
It was an act of domestic terrorism. 
It was a violent insurrection.
All Americans know this.
Only patriotic, decent ones actually care.",threads,65630484904,foddone68
[],2026-01-09T17:11:00.811333+07:00,"The Jubilee of Hope 2025 has ended. It opened on Christmas Eve 2024, when Pope Francis opened the Holy Door of St. Peter’s Basilica, and closed on the Solemnity of the Epiphany by Pope Leo XIV: the 27th Ordinary Jubilee in the history of the Catholic Church, and only the second time in history to be opened by one Pope and closed by another, after the Jubilee of 1700. A Holy Year marked by the death of Pope Francis and the election of Pope Leo XIV — a unique moment in the life of the Church.",2026-01-06T18:57:08+07:00,,3804070637984421942,threads,threads.com,threads_crawler_v1,https://www.threads.net/@ewtnvatican/post/DTKxhcljhg2,https://instagram.fhan3-2.fna.fbcdn.net/v/t51.2885-19/358172835_678285590781259_8291780091512193195_n.jpg?stp=dst-jpg_s150x150_tt6&efg=eyJ2ZW5jb2RlX3RhZyI6InByb2ZpbGVfcGljLmRqYW5nby4xMDgwLmMxIn0&_nc_ht=instagram.fhan3-2.fna.fbcdn.net&_nc_cat=107&_nc_oc=Q6cZ2QENAObJlAOfLxi0efJ6pEihEzicxRTVakS-GLhjosrIt5WC0VFV3qKWauKlVgsiHgo&_nc_ohc=ozi38IO-Qo0Q7kNvwERUYaD&_nc_gid=7KKwuhCJJR7hmKkQVfiduQ&edm=AJhczIQBAAAA&ccb=7-5&oh=00_AfpI9BY9AgeIoy9TlqqOTdKzlwwwOiFvnGVxywnfi8Q8bg&oe=6966A6A4&_nc_sid=4a2096,13,0,564,49,0,"['https://instagram.fhan4-1.fna.fbcdn.net/v/t51.2885-15/609935164_763498746798161_5208229427536418293_n.jpg?stp=dst-jpg_e15_tt6&efg=eyJ2ZW5jb2RlX3RhZyI6InRocmVhZHMuRkVFRC5pbWFnZV91cmxnZW4uNjQweDExMzYuc2RyLmY3MTg3OC5kZWZhdWx0X2NvdmVyX2ZyYW1lLmMxIn0&_nc_ht=instagram.fhan4-1.fna.fbcdn.net&_nc_cat=105&_nc_oc=Q6cZ2QENAObJlAOfLxi0efJ6pEihEzicxRTVakS-GLhjosrIt5WC0VFV3qKWauKlVgsiHgo&_nc_ohc=6mhIEQ6NF_QQ7kNvwHW2-wI&_nc_gid=7KKwuhCJJR7hmKkQVfiduQ&edm=AJhczIQBAAAA&ccb=7-5&ig_cache_key=MzgwNDA3MDYzNzk4NDQyMTk0Mg%3D%3D.3-ccb7-5&oh=00_Afrtg05Ls8ugy7thhY02zvRS-jZhd_M5ZRxe9XIoOOQxRg&oe=6966971D&_nc_sid=4a2096', 'https://instagram.fhan3-4.fna.fbcdn.net/o1/v/t16/f2/m84/AQMNbEQP6StWo-HwJamW3p4XG4nYXxQwr3R26gJJkR7cnHvvcnhANxJjFDaRDd2busXJd-WypUYYXQ5qSlOMs3ZOQciY4dVV9-V-mT4.mp4?_nc_cat=106&_nc_oc=Adm4GZXvJMqPnLPSpZZ8jW62DVjiAED8uiip2twWNsJIIqw9iBJP332YHa1N_0-jaFc&_nc_sid=5e9851&_nc_ht=instagram.fhan3-4.fna.fbcdn.net&_nc_ohc=7bNY3T-kPUcQ7kNvwEYiHcS&efg=eyJ2ZW5jb2RlX3RhZyI6Inhwdl9wcm9ncmVzc2l2ZS5JTlNUQUdSQU0uRkVFRC5DMy43MjAuZGFzaF9iYXNlbGluZV8xX3YxIiwieHB2X2Fzc2V0X2lkIjo4ODM0NTY2NzA4MjAwNTgsImFzc2V0X2FnZV9kYXlzIjoyLCJ2aV91c2VjYXNlX2lkIjoxMDE2NCwiZHVyYXRpb25fcyI6MzMsInVybGdlbl9zb3VyY2UiOiJ3d3cifQ%3D%3D&ccb=17-1&_nc_gid=7KKwuhCJJR7hmKkQVfiduQ&_nc_zt=28&vs=d6381ddcac826fbf&_nc_vs=HBksFQIYTGlnX2JhY2tmaWxsX3RpbWVsaW5lX3ZvZC83QTQwQUY2QkFFNTA3MDY0OTlFNTcyNEFGMDQyMUQ4Q192aWRlb19kYXNoaW5pdC5tcDQVAALIARIAFQIYOnBhc3N0aHJvdWdoX2V2ZXJzdG9yZS9HRGI0WHlRLWxQMGNKWFVIQUYxMnFzbl9rZklFYnNwVEFRQUYVAgLIARIAKAAYABsCiAd1c2Vfb2lsATEScHJvZ3Jlc3NpdmVfcmVjaXBlATEVAAAmtJvPkPnfkQMVAigCQzMsF0BA0QYk3S8bGBJkYXNoX2Jhc2VsaW5lXzFfdjERAHXqB2XongEA&oh=00_AfqHCX7H1DYQ_jrvPdihJ6jqh2kb5_y2cremHy7VJdeUCA&oe=6962AD26']",,https://www.threads.net/@ewtnvatican/post/DTKxhcljhg2,[],"{'likes': 564, 'reposts': 44, 'quotes': 5}",threads,3804070637984421942,EWTN Vatican,,"The Jubilee of Hope 2025 has ended. It opened on Christmas Eve 2024, when Pope Francis opened the Holy Door of St. Peter’s Basilica, and closed on the Solemnity of the Epiphany by Pope Leo XIV: the 27th Ordinary Jubilee in the history of the Catholic Church, and only the second time in history to be opened by one Pope and closed by another, after the Jubilee of 1700. A Holy Year marked by the death of Pope Francis and the election of Pope Leo XIV — a unique moment in the life of the Church.",threads,63410395054,ewtnvatican
[],2026-01-09T17:11:00.811373+07:00,"BREAKING: Elon Musk calls on all Californians to sign the petition to put VOTER ID ON THE BALLOT in the 2026 election

1 million signatures were just surpassed - and it needs around 200,000 thousand more!

This would legally require:
- Photo ID to vote
- Verification of citizenship

So NO MORE illegals voting. No more dead people voting. None of it.

MAKE IT HAPPEN! All 50 states need voter ID to end fraud.",2026-01-07T13:01:50+07:00,,3804616992536406443,threads,threads.com,threads_crawler_v1,https://www.threads.net/@cole_amani/post/DTMtv86jCmr,https://instagram.fhan4-5.fna.fbcdn.net/v/t51.2885-19/468952538_862658072411955_6387608583356643064_n.jpg?stp=dst-jpg_s150x150_tt6&efg=eyJ2ZW5jb2RlX3RhZyI6InByb2ZpbGVfcGljLmRqYW5nby43MTUuYzEifQ&_nc_ht=instagram.fhan4-5.fna.fbcdn.net&_nc_cat=103&_nc_oc=Q6cZ2QENAObJlAOfLxi0efJ6pEihEzicxRTVakS-GLhjosrIt5WC0VFV3qKWauKlVgsiHgo&_nc_ohc=QjPgoysaP6MQ7kNvwGWG90m&_nc_gid=7KKwuhCJJR7hmKkQVfiduQ&edm=AJhczIQBAAAA&ccb=7-5&oh=00_AfqzEGScM8AZv-p0H7k0nL3cIIFuZF74TT_BZFvBMrZRCg&oe=6966A196&_nc_sid=4a2096,11,0,72,10,0,['https://instagram.fhan3-3.fna.fbcdn.net/v/t51.2885-15/611312071_17900850189355285_7231014789146023246_n.jpg?stp=dst-jpg_e35_tt6&efg=eyJ2ZW5jb2RlX3RhZyI6InRocmVhZHMuQ0FST1VTRUxfSVRFTS5pbWFnZV91cmxnZW4uMTQ0MHgxODAwLnNkci5mODI3ODcuZGVmYXVsdF9pbWFnZS5jMSJ9&_nc_ht=instagram.fhan3-3.fna.fbcdn.net&_nc_cat=101&_nc_oc=Q6cZ2QENAObJlAOfLxi0efJ6pEihEzicxRTVakS-GLhjosrIt5WC0VFV3qKWauKlVgsiHgo&_nc_ohc=tvvs-_n75ZsQ7kNvwFQgvrm&_nc_gid=7KKwuhCJJR7hmKkQVfiduQ&edm=AJhczIQBAAAA&ccb=7-5&ig_cache_key=MzgwNDYxNjk4Nzk2NDY0MTMwMg%3D%3D.3-ccb7-5&oh=00_AfqulFdZ8TDC6tLLjVTw_VrUuvC7wWuC1scADdxcOMkDLw&oe=6966B2ED&_nc_sid=4a2096'],,https://www.threads.net/@cole_amani/post/DTMtv86jCmr,[],"{'likes': 72, 'reposts': 10, 'quotes': 0}",threads,3804616992536406443,Cole Arinola,,"BREAKING: Elon Musk calls on all Californians to sign the petition to put VOTER ID ON THE BALLOT in the 2026 election

1 million signatures were just surpassed - and it needs around 200,000 thousand more!

This would legally require:
- Photo ID to vote
- Verification of citizenship

So NO MORE illegals voting. No more dead people voting. None of it.

MAKE IT HAPPEN! All 50 states need voter ID to end fraud.",threads,70737467284,cole_amani
[],2026-01-09T17:11:00.811407+07:00,"Five special legislatives election on coming Tuesday (January 6)

Connecticut House 25 (Harris +30.6)
Georgia House 23 (Trump +46.7)
South Carolina House 98 (Trump +7.6)
Virginia House 77 (Harris +50.7)
Virginia Senate 15 (Harris +28.5)",2026-01-05T07:18:20+07:00,,3802994553331174848,threads,threads.com,threads_crawler_v1,https://www.threads.net/@thedatanerd13/post/DTG82WqDM3A,https://instagram.fhan3-3.fna.fbcdn.net/v/t51.2885-19/539703815_17920225065117302_5912857341592279011_n.jpg?stp=dst-jpg_s150x150_tt6&efg=eyJ2ZW5jb2RlX3RhZyI6InByb2ZpbGVfcGljLmRqYW5nby4xMDgwLmMxIn0&_nc_ht=instagram.fhan3-3.fna.fbcdn.net&_nc_cat=1&_nc_oc=Q6cZ2QENAObJlAOfLxi0efJ6pEihEzicxRTVakS-GLhjosrIt5WC0VFV3qKWauKlVgsiHgo&_nc_ohc=XZ_ihXt2zPQQ7kNvwEuzuQA&_nc_gid=7KKwuhCJJR7hmKkQVfiduQ&edm=AJhczIQBAAAA&ccb=7-5&oh=00_AfpUGTjlg5XAFnOXafBJcU2wpIG2eLm5olgJdzIAstJ7Xw&oe=69669EAC&_nc_sid=4a2096,15,0,247,57,0,[],,https://www.threads.net/@thedatanerd13/post/DTG82WqDM3A,[],"{'likes': 247, 'reposts': 55, 'quotes': 2}",threads,3802994553331174848,Gaganmeet Singh,,"Five special legislatives election on coming Tuesday (January 6)

Connecticut House 25 (Harris +30.6)
Georgia House 23 (Trump +46.7)
South Carolina House 98 (Trump +7.6)
Virginia House 77 (Harris +50.7)
Virginia Senate 15 (Harris +28.5)",threads,63401125301,thedatanerd13
[],2026-01-09T17:11:00.811456+07:00,"What I guarantee the 2024 election autopsy shows that @thedemocrats don't want to say:

1. Being pro-Israel was a mistake
2. Having Mark Cuban campaign for Kamala was a mistake
3. Accepting the endorsement of 90 Wall Street executives was a mistake
4. Campaigning with a Cheney was a mistake
5. Flip flopping on positions on healthcare, green energy, and foreign policy was a mistake
6. Promising to put a Republican in her cabinet was a mistake
7. Democrats lose when they campaign to conservatives",2026-01-05T19:58:23+07:00,,3803377096840805090,threads,threads.com,threads_crawler_v1,https://www.threads.net/@chad4newyork/post/DTIT1GEDXri,https://instagram.fhan4-3.fna.fbcdn.net/v/t51.2885-19/587713993_17934195855104410_1161684310341578307_n.jpg?stp=dst-jpg_s150x150_tt6&efg=eyJ2ZW5jb2RlX3RhZyI6InByb2ZpbGVfcGljLmRqYW5nby4xMDgwLmMxIn0&_nc_ht=instagram.fhan4-3.fna.fbcdn.net&_nc_cat=110&_nc_oc=Q6cZ2QENAObJlAOfLxi0efJ6pEihEzicxRTVakS-GLhjosrIt5WC0VFV3qKWauKlVgsiHgo&_nc_ohc=808qSO1f6hoQ7kNvwHUNERz&_nc_gid=7KKwuhCJJR7hmKkQVfiduQ&edm=AJhczIQBAAAA&ccb=7-5&oh=00_AfoEyXHrdaNkse9G8_QfBIClJ42ZLOyc57HquTO2bGWOQg&oe=696690FF&_nc_sid=4a2096,471,0,1470,109,0,[],,https://www.threads.net/@chad4newyork/post/DTIT1GEDXri,[],"{'likes': 1470, 'reposts': 104, 'quotes': 5}",threads,3803377096840805090,Chad Majestic,Democrats,"What I guarantee the 2024 election autopsy shows that @thedemocrats don't want to say:

1. Being pro-Israel was a mistake
2. Having Mark Cuban campaign for Kamala was a mistake
3. Accepting the endorsement of 90 Wall Street executives was a mistake
4. Campaigning with a Cheney was a mistake
5. Flip flopping on positions on healthcare, green energy, and foreign policy was a mistake
6. Promising to put a Republican in her cabinet was a mistake
7. Democrats lose when they campaign to conservatives",threads,63294008409,chad4newyork
[],2026-01-09T17:11:00.811511+07:00,"If sexual assault wasn’t the line for you… 

If people violently storming the Capitol building to interfere with an election and threaten members of Congress wasn’t the line for you…

If the redactions to attempt to cover up how many times and in what way in the Epstein files full of child traffickers and predators wasn’t the line for you…

If an ICE agent murdering someone in broad daylight attempting to drive away from them as ordered by another agent isn’t the line for you… 

Then what is?",2026-01-08T06:11:41+07:00,,3805135330841072429,threads,threads.com,threads_crawler_v1,https://www.threads.net/@brittanyreiner/post/DTOjmxFEhMt,https://instagram.fhan4-1.fna.fbcdn.net/v/t51.2885-19/462795232_1059282308989649_8454558215743566056_n.jpg?stp=dst-jpg_s150x150_tt6&efg=eyJ2ZW5jb2RlX3RhZyI6InByb2ZpbGVfcGljLmRqYW5nby4xMDgwLmMxIn0&_nc_ht=instagram.fhan4-1.fna.fbcdn.net&_nc_cat=105&_nc_oc=Q6cZ2QENAObJlAOfLxi0efJ6pEihEzicxRTVakS-GLhjosrIt5WC0VFV3qKWauKlVgsiHgo&_nc_ohc=WFI3JS8V8gQQ7kNvwEHvADm&_nc_gid=7KKwuhCJJR7hmKkQVfiduQ&edm=AJhczIQBAAAA&ccb=7-5&oh=00_AfoFU6l_qm9HO4Fi515TM-bxgFeV7m9Gt4woScVY-cH3lg&oe=6966B938&_nc_sid=4a2096,15,0,507,90,0,[],,https://www.threads.net/@brittanyreiner/post/DTOjmxFEhMt,[],"{'likes': 507, 'reposts': 86, 'quotes': 4}",threads,3805135330841072429,Brittany Reiner 👩🏻‍💼🍾🤷🏻‍♀️🐶🌵,,"If sexual assault wasn’t the line for you… 

If people violently storming the Capitol building to interfere with an election and threaten members of Congress wasn’t the line for you…

If the redactions to attempt to cover up how many times and in what way in the Epstein files full of child traffickers and predators wasn’t the line for you…

If an ICE agent murdering someone in broad daylight attempting to drive away from them as ordered by another agent isn’t the line for you… 

Then what is?",threads,69500344198,brittanyreiner
[],2026-01-09T17:11:00.811559+07:00,"The ""Hague Hammer"" just dropped. Jack Smith schooled the committee with ""proof beyond a reasonable doubt"" on election subversion and documents. He’s done being silent—he’s ready to unleash the facts and we’re here for it.

#LegalAF #SubwayJack #Transparency #Justice #JackSmith",2025-12-21T10:41:47+07:00,,3792225314207242178,threads,threads.com,threads_crawler_v1,https://www.threads.net/@avid_lover_of_joy/post/DSgsNTJkRfC,https://instagram.fhan4-6.fna.fbcdn.net/v/t51.2885-19/587312961_17873075034461828_7221259544378766521_n.jpg?stp=dst-jpg_s150x150_tt6&efg=eyJ2ZW5jb2RlX3RhZyI6InByb2ZpbGVfcGljLmRqYW5nby4zNjAuYzEifQ&_nc_ht=instagram.fhan4-6.fna.fbcdn.net&_nc_cat=108&_nc_oc=Q6cZ2QENAObJlAOfLxi0efJ6pEihEzicxRTVakS-GLhjosrIt5WC0VFV3qKWauKlVgsiHgo&_nc_ohc=dvG6tNLRtJ8Q7kNvwGd9cPw&_nc_gid=7KKwuhCJJR7hmKkQVfiduQ&edm=AJhczIQBAAAA&ccb=7-5&oh=00_AfqIw4K5NYWEjukK660HOhFsTJZ6HlHxB2ewLFe0TuGR8w&oe=6966AD99&_nc_sid=4a2096,141,0,10333,886,0,['https://instagram.fhan4-6.fna.fbcdn.net/v/t51.2885-15/603937948_17875077852461828_3158645375414336469_n.jpg?stp=dst-jpg_e35_tt6&efg=eyJ2ZW5jb2RlX3RhZyI6InRocmVhZHMuRkVFRC5pbWFnZV91cmxnZW4uNTg4eDI5NC5zZHIuZjgyNzg3LmRlZmF1bHRfaW1hZ2UuYzEifQ&_nc_ht=instagram.fhan4-6.fna.fbcdn.net&_nc_cat=108&_nc_oc=Q6cZ2QENAObJlAOfLxi0efJ6pEihEzicxRTVakS-GLhjosrIt5WC0VFV3qKWauKlVgsiHgo&_nc_ohc=10_pxBa_gv0Q7kNvwGve29V&_nc_gid=7KKwuhCJJR7hmKkQVfiduQ&edm=AJhczIQBAAAA&ccb=7-5&ig_cache_key=Mzc5MjIyNTMxNDIwNzI0MjE3OA%3D%3D.3-ccb7-5&oh=00_AfotmGgobysNT1dGjbSAX2ppHX7khb0a0JNJtY3XgfZfog&oe=6966BC52&_nc_sid=4a2096'],,https://www.threads.net/@avid_lover_of_joy/post/DSgsNTJkRfC,[],"{'likes': 10333, 'reposts': 862, 'quotes': 24}",threads,3792225314207242178,Its just me,,"The ""Hague Hammer"" just dropped. Jack Smith schooled the committee with ""proof beyond a reasonable doubt"" on election subversion and documents. He’s done being silent—he’s ready to unleash the facts and we’re here for it.

#LegalAF #SubwayJack #Transparency #Justice #JackSmith",threads,73747973827,avid_lover_of_joy
[],2026-01-09T17:11:00.811606+07:00,"Election lies and conspiracies have consequences, and we saw that clearly on January 6th. 

5 years later, efforts to undermine our democracy continue—and I will never back down from protecting every Arizonan’s voice.",2026-01-07T06:49:49+07:00,,3804429751902434666,threads,threads.com,threads_crawler_v1,https://www.threads.net/@katie4az/post/DTMDLPfEnVq,https://instagram.fhan4-3.fna.fbcdn.net/v/t51.2885-19/560924489_17862445467495624_6774820008037155195_n.jpg?stp=dst-jpg_s150x150_tt6&efg=eyJ2ZW5jb2RlX3RhZyI6InByb2ZpbGVfcGljLmRqYW5nby40NjcuYzEifQ&_nc_ht=instagram.fhan4-3.fna.fbcdn.net&_nc_cat=100&_nc_oc=Q6cZ2QENAObJlAOfLxi0efJ6pEihEzicxRTVakS-GLhjosrIt5WC0VFV3qKWauKlVgsiHgo&_nc_ohc=lBkvBqUUVRUQ7kNvwGF-Y7-&_nc_gid=7KKwuhCJJR7hmKkQVfiduQ&edm=AJhczIQBAAAA&ccb=7-5&oh=00_Afpw_mLf-5H6guvlmv-nviDRtROIcAwIuFBn-nDH1n_SCw&oe=69669CA6&_nc_sid=4a2096,69,0,413,26,0,[],,https://www.threads.net/@katie4az/post/DTMDLPfEnVq,[],"{'likes': 413, 'reposts': 22, 'quotes': 4}",threads,3804429751902434666,Governor Katie Hobbs,,"Election lies and conspiracies have consequences, and we saw that clearly on January 6th. 

5 years later, efforts to undermine our democracy continue—and I will never back down from protecting every Arizonan’s voice.",threads,74815703623,katie4az
[],2026-01-09T17:11:00.811650+07:00,Governor Tim Walz announced he will not seek re-election in Minnesota and this one hurt for many reasons,2026-01-05T23:23:55+07:00,,3803480538259148496,threads,threads.com,threads_crawler_v1,https://www.threads.net/@justwayne.creative/post/DTIrWXZDE7Q,https://instagram.fhan4-5.fna.fbcdn.net/v/t51.2885-19/503846218_18374802457123659_2341243874772869649_n.jpg?stp=dst-jpg_s150x150_tt6&efg=eyJ2ZW5jb2RlX3RhZyI6InByb2ZpbGVfcGljLmRqYW5nby4xMDgwLmMxIn0&_nc_ht=instagram.fhan4-5.fna.fbcdn.net&_nc_cat=103&_nc_oc=Q6cZ2QENAObJlAOfLxi0efJ6pEihEzicxRTVakS-GLhjosrIt5WC0VFV3qKWauKlVgsiHgo&_nc_ohc=IY2Bi5T88OkQ7kNvwEO7PHN&_nc_gid=7KKwuhCJJR7hmKkQVfiduQ&edm=AJhczIQBAAAA&ccb=7-5&oh=00_AfrZ2HP7uG1JtXAHyUgjzGxAcxju3g-wTW0OiVTAVMMU8A&oe=6966B1A3&_nc_sid=4a2096,94,0,1783,165,0,"['https://instagram.fhan3-2.fna.fbcdn.net/v/t51.2885-15/611275514_889609693689055_1361569591375173620_n.jpg?se=-1&stp=dst-jpegr_e15_tt6&efg=eyJ2ZW5jb2RlX3RhZyI6InRocmVhZHMuRkVFRC5pbWFnZV91cmxnZW4uNjQweDExMzYuaGRyLmY3MTg3OC5kZWZhdWx0X2NvdmVyX2ZyYW1lLmMxIn0&_nc_ht=instagram.fhan3-2.fna.fbcdn.net&_nc_cat=107&_nc_oc=Q6cZ2QENAObJlAOfLxi0efJ6pEihEzicxRTVakS-GLhjosrIt5WC0VFV3qKWauKlVgsiHgo&_nc_ohc=A7iuleATv_MQ7kNvwEpNuRn&_nc_gid=7KKwuhCJJR7hmKkQVfiduQ&edm=AJhczIQBAAAA&ccb=7-5&ig_cache_key=MzgwMzQ4MDUzODI1OTE0ODQ5Ng%3D%3D.3-ccb7-5&oh=00_AfrnR0p2eQ_NAAZrxRIaNT46V5dcvdRDQTMhxuvtTzUZJw&oe=69669CB1&_nc_sid=4a2096', 'https://instagram.fhan3-4.fna.fbcdn.net/o1/v/t2/f2/m86/AQPJ-GPhZ6_qxLk03X_Kux-YekIYlFdztBcRmuACRyvUvWa5sZ5_Yw_d_6CLCNzvYjnLHpFaItKCSp_9jydYarPvTzPIBggS6fjsxcI.mp4?_nc_cat=104&_nc_oc=AdlYsh7T4uYVajbz_RuwqIU-xOCsQCSqlMzH_ZpWwJEwb-Y6YQtt2I4pyjZpZONhXzw&_nc_sid=5e9851&_nc_ht=instagram.fhan3-4.fna.fbcdn.net&_nc_ohc=et6ooTho8DYQ7kNvwGsjV8_&efg=eyJ2ZW5jb2RlX3RhZyI6Inhwdl9wcm9ncmVzc2l2ZS5JTlNUQUdSQU0uRkVFRC5DMy43MjAuZGFzaF9iYXNlbGluZV8xX3YxIiwieHB2X2Fzc2V0X2lkIjoxNDExNTU0NzcwNjk1Mzg1LCJhc3NldF9hZ2VfZGF5cyI6MywidmlfdXNlY2FzZV9pZCI6MTAwOTksImR1cmF0aW9uX3MiOjE3OCwidXJsZ2VuX3NvdXJjZSI6Ind3dyJ9&ccb=17-1&_nc_gid=7KKwuhCJJR7hmKkQVfiduQ&_nc_zt=28&vs=9de71bfdcddf7f14&_nc_vs=HBksFQIYUmlnX3hwdl9yZWVsc19wZXJtYW5lbnRfc3JfcHJvZC8zQTQ4QzdEOUFENEY3NTE0QkQ4RDgyNUUwMEQ3NkY4QV92aWRlb19kYXNoaW5pdC5tcDQVAALIARIAFQIYOnBhc3N0aHJvdWdoX2V2ZXJzdG9yZS9HSGthZFNTdzcxSGg0QXdGQUtKdTlJcUhGM1ZEYnN0VEFRQUYVAgLIARIAKAAYABsCiAd1c2Vfb2lsATEScHJvZ3Jlc3NpdmVfcmVjaXBlATEVAAAmstOBy6bzgQUVAigCQzMsF0BmYAAAAAAAGBJkYXNoX2Jhc2VsaW5lXzFfdjERAHXqB2XmnQEA&oh=00_Afo4NYgqOo1B-maFwhGkEKCToMNR2T5zSBc3iSOwzeOXYA&oe=6962C555']",,https://www.threads.net/@justwayne.creative/post/DTIrWXZDE7Q,[],"{'likes': 1783, 'reposts': 153, 'quotes': 12}",threads,3803480538259148496,Just Wayne,,Governor Tim Walz announced he will not seek re-election in Minnesota and this one hurt for many reasons,threads,63497065100,justwayne.creative
[],2026-01-09T17:11:00.811707+07:00,"DONALD TRUMP STOLE, RIGGED, AND CHEATED THE 2024  ELECTION, HE IS NOT THE RIGHTFUL AND NOT TRUE PRESIDENT, HE IS FAKE, FALSE, ILLEGITIMATE, PRESIDENT",2025-12-26T07:12:38+07:00,,3795743925412742670,threads,threads.com,threads_crawler_v1,https://www.threads.net/@dabdoubsherin/post/DStMP1MksYO,https://instagram.fhan3-3.fna.fbcdn.net/v/t51.2885-19/466986648_558109763481851_3900596877743121543_n.jpg?stp=dst-jpg_s150x150_tt6&efg=eyJ2ZW5jb2RlX3RhZyI6InByb2ZpbGVfcGljLmRqYW5nby45NjAuYzEifQ&_nc_ht=instagram.fhan3-3.fna.fbcdn.net&_nc_cat=111&_nc_oc=Q6cZ2QENAObJlAOfLxi0efJ6pEihEzicxRTVakS-GLhjosrIt5WC0VFV3qKWauKlVgsiHgo&_nc_ohc=FNNbkNb3_igQ7kNvwGAYhjN&_nc_gid=7KKwuhCJJR7hmKkQVfiduQ&edm=AJhczIQBAAAA&ccb=7-5&oh=00_Afq9GbkCNRTVcbjoGJH9UnkB7WYWcAfToQ6i36ZvIlkX4Q&oe=6966B53C&_nc_sid=4a2096,223,0,4332,400,0,[],,https://www.threads.net/@dabdoubsherin/post/DStMP1MksYO,[],"{'likes': 4332, 'reposts': 388, 'quotes': 12}",threads,3795743925412742670,Sherin Dabdoub,,"DONALD TRUMP STOLE, RIGGED, AND CHEATED THE 2024  ELECTION, HE IS NOT THE RIGHTFUL AND NOT TRUE PRESIDENT, HE IS FAKE, FALSE, ILLEGITIMATE, PRESIDENT",threads,70420940223,dabdoubsherin
[],2026-01-09T17:11:00.811753+07:00,"WOW: In a special election for Kentucky State Senate District 37, Democrat Gary Clemons has won with a staggering 72.5% of the vote, defeating Republican Calvin Leach, who received 25%.

Harris won the district by 6. That means Clemons outperformed the 2024 results by roughly 42 points.",2025-12-17T09:05:46+07:00,,3789277883185830767,threads,threads.com,threads_crawler_v1,https://www.threads.net/@meidastouch/post/DSWOCiGiRtv,https://instagram.fhan3-3.fna.fbcdn.net/v/t51.2885-19/358355031_1519142135497486_6605009527406147878_n.jpg?stp=dst-jpg_s150x150_tt6&efg=eyJ2ZW5jb2RlX3RhZyI6InByb2ZpbGVfcGljLmRqYW5nby40MDAuYzEifQ&_nc_ht=instagram.fhan3-3.fna.fbcdn.net&_nc_cat=1&_nc_oc=Q6cZ2QENAObJlAOfLxi0efJ6pEihEzicxRTVakS-GLhjosrIt5WC0VFV3qKWauKlVgsiHgo&_nc_ohc=dPBSFzu6OwgQ7kNvwF9XR6E&_nc_gid=7KKwuhCJJR7hmKkQVfiduQ&edm=AJhczIQBAAAA&ccb=7-5&oh=00_Afp0WnrtXbBV_KsPXLYBBjXt8VWep4_J9dNgrE7bVf68SA&oe=696690BD&_nc_sid=4a2096,102,0,8136,506,0,['https://instagram.fhan4-5.fna.fbcdn.net/v/t51.2885-15/582106109_17938281570100011_1641913079019900629_n.jpg?stp=dst-jpg_e35_tt6&efg=eyJ2ZW5jb2RlX3RhZyI6InRocmVhZHMuRkVFRC5pbWFnZV91cmxnZW4uNjc4eDY2MS5zZHIuZjgyNzg3LmRlZmF1bHRfaW1hZ2UuYzEifQ&_nc_ht=instagram.fhan4-5.fna.fbcdn.net&_nc_cat=103&_nc_oc=Q6cZ2QENAObJlAOfLxi0efJ6pEihEzicxRTVakS-GLhjosrIt5WC0VFV3qKWauKlVgsiHgo&_nc_ohc=naUH1kmELlsQ7kNvwHpRDDm&_nc_gid=7KKwuhCJJR7hmKkQVfiduQ&edm=AJhczIQBAAAA&ccb=7-5&ig_cache_key=Mzc4OTI3Nzg4MzE4NTgzMDc2Nw%3D%3D.3-ccb7-5&oh=00_AfoqE8wMIr_MNyiXJSadSHSNz-CNpAjbXRNmMmeBxsey-A&oe=6966AEF3&_nc_sid=4a2096'],,https://www.threads.net/@meidastouch/post/DSWOCiGiRtv,[],"{'likes': 8136, 'reposts': 474, 'quotes': 32}",threads,3789277883185830767,MeidasTouch,,"WOW: In a special election for Kentucky State Senate District 37, Democrat Gary Clemons has won with a staggering 72.5% of the vote, defeating Republican Calvin Leach, who received 25%.

Harris won the district by 6. That means Clemons outperformed the 2024 results by roughly 42 points.",threads,63095236010,meidastouch
[],2026-01-09T17:11:10.558945+07:00,"Blue MAGA: We lost the election because of Leftists
Also Blue MAGA: We refuse to make any concessions to people on the Left.",2025-09-07T01:04:23+07:00,,3715833248644950264,threads,threads.com,threads_crawler_v1,https://www.threads.net/@waltermasterson/post/DORSqb-EWj4,https://instagram.fhan3-3.fna.fbcdn.net/v/t51.2885-19/358787817_3457375587858956_3905743385253716297_n.jpg?stp=dst-jpg_s150x150_tt6&efg=eyJ2ZW5jb2RlX3RhZyI6InByb2ZpbGVfcGljLmRqYW5nby45NDIuYzEifQ&_nc_ht=instagram.fhan3-3.fna.fbcdn.net&_nc_cat=1&_nc_oc=Q6cZ2QELLYoYiCkfYfrQfQhJbNTFkvDGIOK1Ip7liQEh5umLXQmAdOXU0_dvw5JhYbXiKTE&_nc_ohc=_Trf5E8-lUMQ7kNvwGQfksO&_nc_gid=aEqDTd0VdV4nT367WS2rkg&edm=AJhczIQBAAAA&ccb=7-5&oh=00_AfrXLP2svzlVVCsfPptwoalsB14phsUo_8py3ml1xwNwJA&oe=6966B83A&_nc_sid=4a2096,800,0,3186,211,0,[],,https://www.threads.net/@waltermasterson/post/DORSqb-EWj4,[],"{'likes': 3186, 'reposts': 196, 'quotes': 15}",threads,3715833248644950264,,,"Blue MAGA: We lost the election because of Leftists
Also Blue MAGA: We refuse to make any concessions to people on the Left.",threads,63063775414,waltermasterson
[],2026-01-09T17:11:10.559090+07:00,"I've teamed up with @repdonbeyer and @senpeterwelch to bring ranked choice voting to every congressional election in America.

This puts more power in the hands of the people and ensures a candidate with the majority of support is elected.",2026-01-05T21:59:08+07:00,,3803436809083178442,threads,threads.com,threads_crawler_v1,https://www.threads.net/@repraskin/post/DTIhaBbDE3K,https://instagram.fhan3-3.fna.fbcdn.net/v/t51.2885-19/358524348_1404156716808023_601612139136833582_n.jpg?stp=dst-jpg_s150x150_tt6&efg=eyJ2ZW5jb2RlX3RhZyI6InByb2ZpbGVfcGljLmRqYW5nby4xMDgwLmMxIn0&_nc_ht=instagram.fhan3-3.fna.fbcdn.net&_nc_cat=111&_nc_oc=Q6cZ2QELLYoYiCkfYfrQfQhJbNTFkvDGIOK1Ip7liQEh5umLXQmAdOXU0_dvw5JhYbXiKTE&_nc_ohc=HUwvwf9pIuIQ7kNvwFTD8Ja&_nc_gid=aEqDTd0VdV4nT367WS2rkg&edm=AJhczIQBAAAA&ccb=7-5&oh=00_AfrDns42zIf1ztHetmCi_6vTYUBLP6EV4ThhJEBwdlGhcA&oe=69668D7C&_nc_sid=4a2096,38,0,483,64,0,"['https://instagram.fhan3-4.fna.fbcdn.net/v/t51.2885-15/610585277_1856328211653064_9047689444618811680_n.jpg?stp=dst-jpg_e15_tt6&efg=eyJ2ZW5jb2RlX3RhZyI6InRocmVhZHMuRkVFRC5pbWFnZV91cmxnZW4uNjQweDM2MC5zZHIuZjcxODc4LmRlZmF1bHRfY292ZXJfZnJhbWUuYzEifQ&_nc_ht=instagram.fhan3-4.fna.fbcdn.net&_nc_cat=104&_nc_oc=Q6cZ2QELLYoYiCkfYfrQfQhJbNTFkvDGIOK1Ip7liQEh5umLXQmAdOXU0_dvw5JhYbXiKTE&_nc_ohc=Ywgei8AMj3UQ7kNvwHY-MIw&_nc_gid=aEqDTd0VdV4nT367WS2rkg&edm=AJhczIQBAAAA&ccb=7-5&ig_cache_key=MzgwMzQzNjgwOTA4MzE3ODQ0Mg%3D%3D.3-ccb7-5&oh=00_AfpoCkuVLEVrrwJG-RIlcAts-LESK2_NOnauAFZaW7GK_A&oe=6966BDEE&_nc_sid=4a2096', 'https://instagram.fhan3-3.fna.fbcdn.net/o1/v/t16/f2/m84/AQN9Z405iRfnG2h6vOSTVXJXlBk4tlMWAlo9H84wIJzBygVXmGc8XFdfYhAhuX3qRe4xtm_QdfOx7OcIsYOcFUyRq6bFeRotjTco0c4.mp4?_nc_cat=101&_nc_oc=AdmGEmK6KPidjQtim68Td5FTM5l37W7D8QMyW82p8RLEMdp6ybQCSjJtEXrCRrr-ugA&_nc_sid=5e9851&_nc_ht=instagram.fhan3-3.fna.fbcdn.net&_nc_ohc=K9nQCwNILBIQ7kNvwFyei1j&efg=eyJ2ZW5jb2RlX3RhZyI6Inhwdl9wcm9ncmVzc2l2ZS5JTlNUQUdSQU0uRkVFRC5DMy4xMjgwLmRhc2hfYmFzZWxpbmVfMV92MSIsInhwdl9hc3NldF9pZCI6MzMxNDMyNjcyMzg2MjIyMTAsImFzc2V0X2FnZV9kYXlzIjozLCJ2aV91c2VjYXNlX2lkIjoxMDE2NCwiZHVyYXRpb25fcyI6ODAsInVybGdlbl9zb3VyY2UiOiJ3d3cifQ%3D%3D&ccb=17-1&_nc_gid=aEqDTd0VdV4nT367WS2rkg&_nc_zt=28&vs=977feadcc62f1e37&_nc_vs=HBksFQIYTGlnX2JhY2tmaWxsX3RpbWVsaW5lX3ZvZC9CODRDNDJBMUJDRDEwNTVEOTFDNzRBMjVBQkY1Mzc5QV92aWRlb19kYXNoaW5pdC5tcDQVAALIARIAFQIYOnBhc3N0aHJvdWdoX2V2ZXJzdG9yZS9HRlE1YUNTejNHQ1dGcmNGQUpDbURvMU5PYTBuYnNwVEFRQUYVAgLIARIAKAAYABsCiAd1c2Vfb2lsATEScHJvZ3Jlc3NpdmVfcmVjaXBlATEVAAAmhNCh54fo33UVAigCQzMsF0BUMzMzMzMzGBJkYXNoX2Jhc2VsaW5lXzFfdjERAHXqB2XongEA&oh=00_AfogUcoKshXw_-4ZXUlxMgoP5gh7ucDffVA-4dMXBJIOfQ&oe=6962BE8F']",,https://www.threads.net/@repraskin/post/DTIhaBbDE3K,[],"{'likes': 483, 'reposts': 62, 'quotes': 2}",threads,3803436809083178442,Rep. Jamie Raskin,,"I've teamed up with @repdonbeyer and @senpeterwelch to bring ranked choice voting to every congressional election in America.

This puts more power in the hands of the people and ensures a candidate with the majority of support is elected.",threads,63239413630,repraskin
[],2026-01-09T17:11:10.559134+07:00,"New: Louisiana’s existing six congressional districts will be used for the 2026 midterm election after the Supreme Court declines to expedite ruling.

Current map: 4-2 R",2026-01-04T04:08:10+07:00,,3802174066099331593,threads,threads.com,threads_crawler_v1,https://www.threads.net/@thedatanerd13/post/DTECSsYDaIJ,https://instagram.fhan3-3.fna.fbcdn.net/v/t51.2885-19/539703815_17920225065117302_5912857341592279011_n.jpg?stp=dst-jpg_s150x150_tt6&efg=eyJ2ZW5jb2RlX3RhZyI6InByb2ZpbGVfcGljLmRqYW5nby4xMDgwLmMxIn0&_nc_ht=instagram.fhan3-3.fna.fbcdn.net&_nc_cat=1&_nc_oc=Q6cZ2QELLYoYiCkfYfrQfQhJbNTFkvDGIOK1Ip7liQEh5umLXQmAdOXU0_dvw5JhYbXiKTE&_nc_ohc=XZ_ihXt2zPQQ7kNvwEuzuQA&_nc_gid=aEqDTd0VdV4nT367WS2rkg&edm=AJhczIQBAAAA&ccb=7-5&oh=00_AfpJLNuTMl_tP4D9eLIGHJAMInvjCTwy05RKgvGTNBm0kw&oe=69669EAC&_nc_sid=4a2096,26,0,264,21,0,['https://instagram.fhan4-5.fna.fbcdn.net/v/t51.2885-15/610565162_17936058684117302_8079943774429617760_n.jpg?stp=dst-jpg_e35_tt6&efg=eyJ2ZW5jb2RlX3RhZyI6InRocmVhZHMuRkVFRC5pbWFnZV91cmxnZW4uMTE5OHg3NjMuc2RyLmY4Mjc4Ny5kZWZhdWx0X2ltYWdlLmMxIn0&_nc_ht=instagram.fhan4-5.fna.fbcdn.net&_nc_cat=102&_nc_oc=Q6cZ2QELLYoYiCkfYfrQfQhJbNTFkvDGIOK1Ip7liQEh5umLXQmAdOXU0_dvw5JhYbXiKTE&_nc_ohc=kaLr4pTCqe4Q7kNvwH7MtrI&_nc_gid=aEqDTd0VdV4nT367WS2rkg&edm=AJhczIQBAAAA&ccb=7-5&ig_cache_key=MzgwMjE3NDA2NjA5OTMzMTU5Mw%3D%3D.3-ccb7-5&oh=00_Afr1BQB_2HFRX4JpDF-vPKsqXWzCyeZ0UWsXI48yNAVFkQ&oe=6966A7EF&_nc_sid=4a2096'],,https://www.threads.net/@thedatanerd13/post/DTECSsYDaIJ,[],"{'likes': 264, 'reposts': 21, 'quotes': 0}",threads,3802174066099331593,Gaganmeet Singh,,"New: Louisiana’s existing six congressional districts will be used for the 2026 midterm election after the Supreme Court declines to expedite ruling.

Current map: 4-2 R",threads,63401125301,thedatanerd13
[],2026-01-09T17:11:10.559182+07:00,"A five-years-too-late admission that Georgia illegally certified 315,000 ballots in the 2020 election, handing Joe Biden a ""win"" by just 11,779 votes, is not a small detail. It is a historic breach of democratic accountability. The fact that President Trump eventually won reelection does not erase what was done. He was vilified, canceled, and relentlessly prosecuted for stating what has now been acknowledged as true all along. If",2025-12-20T00:49:44+07:00,,3791202550322958063,threads,threads.com,threads_crawler_v1,https://www.threads.net/@tiojoelpt/post/DSdDqIDjg7v,https://instagram.fhan3-3.fna.fbcdn.net/v/t51.2885-19/552062505_17924596026112849_4068026929617118476_n.jpg?stp=dst-jpg_s150x150_tt6&efg=eyJ2ZW5jb2RlX3RhZyI6InByb2ZpbGVfcGljLmRqYW5nby43NTAuYzEifQ&_nc_ht=instagram.fhan3-3.fna.fbcdn.net&_nc_cat=101&_nc_oc=Q6cZ2QELLYoYiCkfYfrQfQhJbNTFkvDGIOK1Ip7liQEh5umLXQmAdOXU0_dvw5JhYbXiKTE&_nc_ohc=mWrnRpHa7EUQ7kNvwGgAgw7&_nc_gid=aEqDTd0VdV4nT367WS2rkg&edm=AJhczIQBAAAA&ccb=7-5&oh=00_AfpqjGleGd--EvCqEHZ-F3XwXmHjpzTG_nO9YKOpg8vhUw&oe=69669023&_nc_sid=4a2096,255,0,1611,123,0,[],,https://www.threads.net/@tiojoelpt/post/DSdDqIDjg7v,[],"{'likes': 1611, 'reposts': 117, 'quotes': 6}",threads,3791202550322958063,Joel P. Troyer,,"A five-years-too-late admission that Georgia illegally certified 315,000 ballots in the 2020 election, handing Joe Biden a ""win"" by just 11,779 votes, is not a small detail. It is a historic breach of democratic accountability. The fact that President Trump eventually won reelection does not erase what was done. He was vilified, canceled, and relentlessly prosecuted for stating what has now been acknowledged as true all along. If",threads,63456624848,tiojoelpt
[],2026-01-09T17:11:10.559226+07:00,"Governor Tim Walz has ended his re-election campaign over the Nick Shirley daycare fraud lies.

Why do we allow Democrats to be attacked and silenced while the opposition OPENLY supports LITERAL felons and sexual predators running their party?

Just asking questions! 🤷🏻‍♂️",2026-01-06T04:18:30+07:00,,3803628795791067609,threads,threads.com,threads_crawler_v1,https://www.threads.net/@ryshead/post/DTJNDy-ksnZ,https://instagram.fhan3-3.fna.fbcdn.net/v/t51.2885-19/520122625_18230848567293052_102656012950664393_n.jpg?stp=dst-jpg_s150x150_tt6&efg=eyJ2ZW5jb2RlX3RhZyI6InByb2ZpbGVfcGljLmRqYW5nby4xMDgwLmMxIn0&_nc_ht=instagram.fhan3-3.fna.fbcdn.net&_nc_cat=1&_nc_oc=Q6cZ2QELLYoYiCkfYfrQfQhJbNTFkvDGIOK1Ip7liQEh5umLXQmAdOXU0_dvw5JhYbXiKTE&_nc_ohc=SWNYUstEYvcQ7kNvwGxGRMO&_nc_gid=aEqDTd0VdV4nT367WS2rkg&edm=AJhczIQBAAAA&ccb=7-5&oh=00_AfqQpIJlQpbnkwhB0ZCW39cD5A34YRpBmqqWnb8IThi10w&oe=6966A7A2&_nc_sid=4a2096,35,0,242,52,0,"['https://instagram.fhan4-6.fna.fbcdn.net/v/t51.2885-15/610165527_1653897992700044_3742046922559917752_n.jpg?stp=dst-jpg_e15_tt6&efg=eyJ2ZW5jb2RlX3RhZyI6InRocmVhZHMuRkVFRC5pbWFnZV91cmxnZW4uNjQweDExMzYuc2RyLmY3MTg3OC5kZWZhdWx0X2NvdmVyX2ZyYW1lLmMxIn0&_nc_ht=instagram.fhan4-6.fna.fbcdn.net&_nc_cat=108&_nc_oc=Q6cZ2QELLYoYiCkfYfrQfQhJbNTFkvDGIOK1Ip7liQEh5umLXQmAdOXU0_dvw5JhYbXiKTE&_nc_ohc=M6wIcc6dsY4Q7kNvwEJL2sN&_nc_gid=aEqDTd0VdV4nT367WS2rkg&edm=AJhczIQBAAAA&ccb=7-5&ig_cache_key=MzgwMzYyODc5NTc5MTA2NzYwOQ%3D%3D.3-ccb7-5&oh=00_AfpwQM0y7usr0ZWtgjTUu7E0Fsa_zU-RZZ8BZXYlEOu2nw&oe=6966A18A&_nc_sid=4a2096', 'https://instagram.fhan3-3.fna.fbcdn.net/o1/v/t2/f2/m86/AQOVwBTRkFZsYAxyClck_kTTMoQMwS7KquRlcJ0N3l6q8Ebd1ssezSmdv9fp3z0lYdcBGpZd556kGKWWtGCn5jTf1uuk3uwF6DOwHRA.mp4?_nc_cat=101&_nc_oc=Adlqj6hdrG7JYS6VyOjEKmRKeoCQuXO4_-TyD-wD2kEWdcr1Ce4urk4VDCnnteySpt4&_nc_sid=5e9851&_nc_ht=instagram.fhan3-3.fna.fbcdn.net&_nc_ohc=6RqRcVKp0tIQ7kNvwHhIKa9&efg=eyJ2ZW5jb2RlX3RhZyI6Inhwdl9wcm9ncmVzc2l2ZS5JTlNUQUdSQU0uRkVFRC5DMy43MjAuZGFzaF9iYXNlbGluZV8xX3YxIiwieHB2X2Fzc2V0X2lkIjoxNTk0Njc1ODQ4MTk2NDI0LCJhc3NldF9hZ2VfZGF5cyI6MywidmlfdXNlY2FzZV9pZCI6MTAwOTksImR1cmF0aW9uX3MiOjEyNywidXJsZ2VuX3NvdXJjZSI6Ind3dyJ9&ccb=17-1&_nc_gid=aEqDTd0VdV4nT367WS2rkg&_nc_zt=28&vs=f61bb1a5920f1988&_nc_vs=HBksFQIYUmlnX3hwdl9yZWVsc19wZXJtYW5lbnRfc3JfcHJvZC81MzRBQURFODYxQjI3NkI1OEUzQkU1Qjc1OTUyQUNCNV92aWRlb19kYXNoaW5pdC5tcDQVAALIARIAFQIYOnBhc3N0aHJvdWdoX2V2ZXJzdG9yZS9HQXVVWUNRSjNIaEZaWnNKQUl0MGQ2aVktVUlzYnN0VEFRQUYVAgLIARIAKAAYABsCiAd1c2Vfb2lsATEScHJvZ3Jlc3NpdmVfcmVjaXBlATEVAAAmkMW196yW1QUVAigCQzMsF0Bf4AAAAAAAGBJkYXNoX2Jhc2VsaW5lXzFfdjERAHXqB2XmnQEA&oh=00_AfpKwXfXSy3e0yBTGRa-UkO3uJL9OtC_E9nylxhtXVMDjA&oe=6962CA32']",,https://www.threads.net/@ryshead/post/DTJNDy-ksnZ,[],"{'likes': 242, 'reposts': 47, 'quotes': 5}",threads,3803628795791067609,Ryan Shead,,"Governor Tim Walz has ended his re-election campaign over the Nick Shirley daycare fraud lies.

Why do we allow Democrats to be attacked and silenced while the opposition OPENLY supports LITERAL felons and sexual predators running their party?

Just asking questions! 🤷🏻‍♂️",threads,63121420628,ryshead
[],2026-01-09T17:11:10.559268+07:00,Wait… wut?!? So the election WAS rigged and that’s why he’s potus now?,2025-12-05T08:00:24+07:00,,3780547675029302896,threads,threads.com,threads_crawler_v1,https://www.threads.net/@jjgreenleaf/post/DR3NBSKjO5w,https://instagram.fhan3-3.fna.fbcdn.net/v/t51.2885-19/446110379_800184341784349_1011545104861184332_n.jpg?stp=dst-jpg_s150x150_tt6&efg=eyJ2ZW5jb2RlX3RhZyI6InByb2ZpbGVfcGljLmRqYW5nby43MTkuYzEifQ&_nc_ht=instagram.fhan3-3.fna.fbcdn.net&_nc_cat=101&_nc_oc=Q6cZ2QELLYoYiCkfYfrQfQhJbNTFkvDGIOK1Ip7liQEh5umLXQmAdOXU0_dvw5JhYbXiKTE&_nc_ohc=swgVzY-TYPEQ7kNvwEMpNmP&_nc_gid=aEqDTd0VdV4nT367WS2rkg&edm=AJhczIQBAAAA&ccb=7-5&oh=00_AfqECWYhSDD_Bl9YWsttNRMap9f6I0aVb4pj8V9KLMg7ww&oe=696692F0&_nc_sid=4a2096,343,0,3931,909,0,[],,https://www.threads.net/@jjgreenleaf/post/DR3NBSKjO5w,[],"{'likes': 3931, 'reposts': 853, 'quotes': 56}",threads,3780547675029302896,jjgreenleaf,,Wait… wut?!? So the election WAS rigged and that’s why he’s potus now?,threads,63100661864,jjgreenleaf
[],2026-01-09T17:11:10.559332+07:00,"Remember that you cannot be upset at Pam Bondi for not prosecuting for Election Fraud.

Why?

AG cannot prosecute Election Fraud. It's a MILITARY issue that has to take out SCOTUS, Congress, Senate, Governors, Mayors, City Councils, Post Offices, Sec of States, State Senates, State Houses! AG doesn't have that kind of power. 

Military can do that. That's why we have EO 13848!",2026-01-08T11:30:22+07:00,,3805295731594619811,threads,threads.com,threads_crawler_v1,https://www.threads.net/@rickchin99/post/DTPIE57Aeuj,https://instagram.fhan4-1.fna.fbcdn.net/v/t51.2885-19/412186778_305502849147809_8054059414812649562_n.jpg?stp=dst-jpg_s150x150_tt6&efg=eyJ2ZW5jb2RlX3RhZyI6InByb2ZpbGVfcGljLmRqYW5nby4yMDAuYzEifQ&_nc_ht=instagram.fhan4-1.fna.fbcdn.net&_nc_cat=105&_nc_oc=Q6cZ2QELLYoYiCkfYfrQfQhJbNTFkvDGIOK1Ip7liQEh5umLXQmAdOXU0_dvw5JhYbXiKTE&_nc_ohc=Don97Nzyz5YQ7kNvwFT-oKx&_nc_gid=aEqDTd0VdV4nT367WS2rkg&edm=AJhczIQBAAAA&ccb=7-5&oh=00_AfrU6Ri6bpg2tsVWJp7C4YRAamlFxFMW8qvy4r7_T0aS8g&oe=69668D58&_nc_sid=4a2096,9,0,36,10,0,['https://instagram.fhan4-3.fna.fbcdn.net/v/t51.2885-15/611280864_18440866942111620_1845438652106751884_n.jpg?stp=dst-jpg_e35_tt6&efg=eyJ2ZW5jb2RlX3RhZyI6InRocmVhZHMuRkVFRC5pbWFnZV91cmxnZW4uNjgweDU2Ni5zZHIuZjgyNzg3LmRlZmF1bHRfaW1hZ2UuYzEifQ&_nc_ht=instagram.fhan4-3.fna.fbcdn.net&_nc_cat=100&_nc_oc=Q6cZ2QELLYoYiCkfYfrQfQhJbNTFkvDGIOK1Ip7liQEh5umLXQmAdOXU0_dvw5JhYbXiKTE&_nc_ohc=Z9VYShz4G58Q7kNvwFHzBra&_nc_gid=aEqDTd0VdV4nT367WS2rkg&edm=AJhczIQBAAAA&ccb=7-5&ig_cache_key=MzgwNTI5NTczMTU5NDYxOTgxMQ%3D%3D.3-ccb7-5&oh=00_Afq8NVTIOm7GB-8QUEgxmbKKsvehsSBQgbdxE-QAaSoMFg&oe=6966B51B&_nc_sid=4a2096'],,https://www.threads.net/@rickchin99/post/DTPIE57Aeuj,[],"{'likes': 36, 'reposts': 9, 'quotes': 1}",threads,3805295731594619811,Rick Chin,,"Remember that you cannot be upset at Pam Bondi for not prosecuting for Election Fraud.

Why?

AG cannot prosecute Election Fraud. It's a MILITARY issue that has to take out SCOTUS, Congress, Senate, Governors, Mayors, City Councils, Post Offices, Sec of States, State Senates, State Houses! AG doesn't have that kind of power. 

Military can do that. That's why we have EO 13848!",threads,63578918648,rickchin99
[],2026-01-09T17:11:10.559395+07:00,Kamala Harris won the election last year. 💙💙💙,2025-12-02T07:16:55+07:00,,3778351460833661555,threads,threads.com,threads_crawler_v1,https://www.threads.net/@bphill84/post/DRvZqKTkZJz,https://instagram.fhan4-6.fna.fbcdn.net/v/t51.2885-19/589332772_17934118887125204_3584591679740387943_n.jpg?stp=dst-jpg_s150x150_tt6&efg=eyJ2ZW5jb2RlX3RhZyI6InByb2ZpbGVfcGljLmRqYW5nby4xMDgwLmMxIn0&_nc_ht=instagram.fhan4-6.fna.fbcdn.net&_nc_cat=108&_nc_oc=Q6cZ2QELLYoYiCkfYfrQfQhJbNTFkvDGIOK1Ip7liQEh5umLXQmAdOXU0_dvw5JhYbXiKTE&_nc_ohc=alLOVv01204Q7kNvwEJ2N6F&_nc_gid=aEqDTd0VdV4nT367WS2rkg&edm=AJhczIQBAAAA&ccb=7-5&oh=00_Afq5yyMeUVBfp556ITfnj2nSmIj_h0dDrMfHaW7wvfAK2Q&oe=69668FB5&_nc_sid=4a2096,149,0,3647,162,0,['https://instagram.fhan4-6.fna.fbcdn.net/v/t51.2885-15/589910687_17934341688125204_7424446583942300468_n.jpg?stp=dst-jpg_e35_tt6&efg=eyJ2ZW5jb2RlX3RhZyI6InRocmVhZHMuQ0FST1VTRUxfSVRFTS5pbWFnZV91cmxnZW4uMTIwNngxNTA4LnNkci5mODI3ODcuZGVmYXVsdF9pbWFnZS5jMSJ9&_nc_ht=instagram.fhan4-6.fna.fbcdn.net&_nc_cat=108&_nc_oc=Q6cZ2QELLYoYiCkfYfrQfQhJbNTFkvDGIOK1Ip7liQEh5umLXQmAdOXU0_dvw5JhYbXiKTE&_nc_ohc=iZwNS2Ig2R0Q7kNvwGDGvd-&_nc_gid=aEqDTd0VdV4nT367WS2rkg&edm=AJhczIQBAAAA&ccb=7-5&ig_cache_key=Mzc3ODM1MTQ1NTY5OTgzODE1MA%3D%3D.3-ccb7-5&oh=00_AfrEwGuAnjHWfIEcgJJFt2afHg1iOiG32lWb3tTgx1XEvQ&oe=6966A9F6&_nc_sid=4a2096'],,https://www.threads.net/@bphill84/post/DRvZqKTkZJz,[],"{'likes': 3647, 'reposts': 156, 'quotes': 6}",threads,3778351460833661555,Bill Phillips,She Won,Kamala Harris won the election last year. 💙💙💙,threads,63790933203,bphill84
[],2026-01-09T17:11:10.559441+07:00,"BREAKING on MS NOW:

Jack Smith, in his opening statement to the House Judiciary Committee, says:

""Our investigation developed proof beyond a reasonable doubt that President Trump engaged in a criminal scheme to overturn the results of the 2020 presidential election and to prevent the lawful transfer of power.""",2025-12-17T23:10:52+07:00,,3789703242931355791,threads,threads.com,threads_crawler_v1,https://www.threads.net/@griffinkyle/post/DSXuwVPEcCP,https://instagram.fhan3-3.fna.fbcdn.net/v/t51.2885-19/417027150_7374820482581429_1506552175799178829_n.jpg?stp=dst-jpg_s150x150_tt6&efg=eyJ2ZW5jb2RlX3RhZyI6InByb2ZpbGVfcGljLmRqYW5nby4xMDgwLmMxIn0&_nc_ht=instagram.fhan3-3.fna.fbcdn.net&_nc_cat=1&_nc_oc=Q6cZ2QELLYoYiCkfYfrQfQhJbNTFkvDGIOK1Ip7liQEh5umLXQmAdOXU0_dvw5JhYbXiKTE&_nc_ohc=cAzkBvLuoOMQ7kNvwFfdtox&_nc_gid=aEqDTd0VdV4nT367WS2rkg&edm=AJhczIQBAAAA&ccb=7-5&oh=00_AfoPZTITgmQY6MJfhXIK0XSiyGinNofEj6QVx3-mh046Lw&oe=696692B4&_nc_sid=4a2096,787,0,44897,5284,0,[],,https://www.threads.net/@griffinkyle/post/DSXuwVPEcCP,[],"{'likes': 44897, 'reposts': 5071, 'quotes': 213}",threads,3789703242931355791,Kyle Griffin,,"BREAKING on MS NOW:

Jack Smith, in his opening statement to the House Judiciary Committee, says:

""Our investigation developed proof beyond a reasonable doubt that President Trump engaged in a criminal scheme to overturn the results of the 2020 presidential election and to prevent the lawful transfer of power.""",threads,63255043496,griffinkyle
[],2026-01-09T17:11:10.559491+07:00,Proof he tried to steal the election...,2026-01-02T08:06:20+07:00,,3800844382711374722,threads,threads.com,threads_crawler_v1,https://www.threads.net/@ga_mullen/post/DS_T9QODOOC,https://scontent-ssn1-1.cdninstagram.com/v/t51.2885-19/573323465_1219825463302212_7278921664109726296_n.png?stp=dst-jpg_tt6&efg=eyJ2ZW5jb2RlX3RhZyI6InByb2ZpbGVfcGljLmRqYW5nby4yMjQuYzEifQ&_nc_ht=scontent-ssn1-1.cdninstagram.com&_nc_cat=1&_nc_oc=Q6cZ2QHInLxfq55mPrQzCfqQbhs2XDOz8obBpkIUaeOFGUdK5DuUVm3_5fIQBIBwh6teHtM&_nc_ohc=jFezCB5ZvcgQ7kNvwG1hVaF&_nc_gid=XSVZpl24wRr9lw_fh0Ip1g&edm=AHBgTAQBAAAA&ccb=7-5&ig_cache_key=YW5vbnltb3VzX3Byb2ZpbGVfcGlj.3-ccb7-5&oh=00_AfqbM7rxi5on8OhE6RU11mZFeMyPFGkwLrrO4TY01mPxEg&oe=6966A8AA&_nc_sid=21e75c,205,0,1488,263,0,['https://instagram.fhan3-2.fna.fbcdn.net/v/t39.30808-6/608903686_25404214952533771_2867903754644262521_n.jpg?stp=dst-jpg_e35_tt6&efg=eyJ2ZW5jb2RlX3RhZyI6InRocmVhZHMuRkVFRC5pbWFnZV91cmxnZW4uNjMweDk2MC5zZHIuZjMwODA4LmRlZmF1bHRfaW1hZ2UuYzEifQ&_nc_ht=instagram.fhan3-2.fna.fbcdn.net&_nc_cat=107&_nc_oc=Q6cZ2QELLYoYiCkfYfrQfQhJbNTFkvDGIOK1Ip7liQEh5umLXQmAdOXU0_dvw5JhYbXiKTE&_nc_ohc=wwfSdG6PK9cQ7kNvwEYeOIT&_nc_gid=aEqDTd0VdV4nT367WS2rkg&edm=AJhczIQAAAAA&ccb=7-5&ig_cache_key=MzgwMDg0NDM4MjcxMTM3NDcyMg%3D%3D.3-ccb7-5&oh=00_AfoRgln1YAduO06hmesAWPH5yq3tbwingm_Qd41Tcjjz8A&oe=69668C0C&_nc_sid=4a2096'],,https://www.threads.net/@ga_mullen/post/DS_T9QODOOC,[],"{'likes': 1488, 'reposts': 251, 'quotes': 12}",threads,3800844382711374722,Giovanni Mullen,,Proof he tried to steal the election...,threads,63394053935,ga_mullen
[],2026-01-09T17:11:10.559530+07:00,I've seen references to Chavez as a dictator. Here's a little bit of history to leaven the ’30 years of dictatorship in Venezuela' myth. Hugo Chavez won the 1998 election by 63% ( an election certified by international observers). In 2001 he was re-elected on 60% of the vote. He faced down a coup attempt in 2002. He was elected again in 2007 (certified election) with 63%. He was again elected in 2013 this time with only 54%.,2026-01-05T04:05:51+07:00,,3802897670143229913,threads,threads.com,threads_crawler_v1,https://www.threads.net/@williamwallwriter/post/DTGm0hKDD_Z,https://instagram.fhan4-3.fna.fbcdn.net/v/t51.2885-19/481504269_1194745195446898_6681083122696943176_n.jpg?stp=dst-jpg_s150x150_tt6&efg=eyJ2ZW5jb2RlX3RhZyI6InByb2ZpbGVfcGljLmRqYW5nby4xMDgwLmMxIn0&_nc_ht=instagram.fhan4-3.fna.fbcdn.net&_nc_cat=110&_nc_oc=Q6cZ2QELLYoYiCkfYfrQfQhJbNTFkvDGIOK1Ip7liQEh5umLXQmAdOXU0_dvw5JhYbXiKTE&_nc_ohc=u4-LybAn1NcQ7kNvwE1wNgr&_nc_gid=aEqDTd0VdV4nT367WS2rkg&edm=AJhczIQBAAAA&ccb=7-5&oh=00_AfpX-oVqr4ks0HBWh3qRLi-p9qBINRqovfK5glzkvXdqQQ&oe=6966B45A&_nc_sid=4a2096,214,0,929,135,0,[],,https://www.threads.net/@williamwallwriter/post/DTGm0hKDD_Z,[],"{'likes': 929, 'reposts': 129, 'quotes': 6}",threads,3802897670143229913,William Wall,,I've seen references to Chavez as a dictator. Here's a little bit of history to leaven the ’30 years of dictatorship in Venezuela' myth. Hugo Chavez won the 1998 election by 63% ( an election certified by international observers). In 2001 he was re-elected on 60% of the vote. He faced down a coup attempt in 2002. He was elected again in 2007 (certified election) with 63%. He was again elected in 2013 this time with only 54%.,threads,67606597858,williamwallwriter
[],2026-01-09T17:11:10.559571+07:00,"Liberals are hot 
Trump rigged the election
MAGA is dead",2025-12-05T19:31:51+07:00,,3780895692085460766,threads,threads.com,threads_crawler_v1,https://www.threads.net/@dani_be_goood/post/DR4cJmTjv8e,https://instagram.fhan4-3.fna.fbcdn.net/v/t51.2885-19/581664049_17878009740431796_7877386471602936459_n.jpg?stp=dst-jpg_s150x150_tt6&efg=eyJ2ZW5jb2RlX3RhZyI6InByb2ZpbGVfcGljLmRqYW5nby4xMDgwLmMxIn0&_nc_ht=instagram.fhan4-3.fna.fbcdn.net&_nc_cat=100&_nc_oc=Q6cZ2QELLYoYiCkfYfrQfQhJbNTFkvDGIOK1Ip7liQEh5umLXQmAdOXU0_dvw5JhYbXiKTE&_nc_ohc=op3RGGSS8TgQ7kNvwFUnyi2&_nc_gid=aEqDTd0VdV4nT367WS2rkg&edm=AJhczIQBAAAA&ccb=7-5&oh=00_AfrAMWzWk2-5UjM3oCJKB4bnjSPfzW4dU7sFA72Y3PTI-g&oe=696695A6&_nc_sid=4a2096,1854,0,10773,159,0,['https://instagram.fhan4-3.fna.fbcdn.net/v/t51.2885-15/590410758_17879746734431796_2066581753029786329_n.jpg?stp=dst-jpg_e35_tt6&efg=eyJ2ZW5jb2RlX3RhZyI6InRocmVhZHMuQ0FST1VTRUxfSVRFTS5pbWFnZV91cmxnZW4uMTIxNXgyMTYwLnNkci5mODI3ODcuZGVmYXVsdF9pbWFnZS5jMSJ9&_nc_ht=instagram.fhan4-3.fna.fbcdn.net&_nc_cat=100&_nc_oc=Q6cZ2QELLYoYiCkfYfrQfQhJbNTFkvDGIOK1Ip7liQEh5umLXQmAdOXU0_dvw5JhYbXiKTE&_nc_ohc=BIyY5w-D2c0Q7kNvwFmdpMj&_nc_gid=aEqDTd0VdV4nT367WS2rkg&edm=AJhczIQBAAAA&ccb=7-5&ig_cache_key=Mzc4MDg5NTY4NjYzMjgwOTIyNQ%3D%3D.3-ccb7-5&oh=00_Afpinme4gJ82vhPmpv6gp4Cd_OEpJiY676epDj378CTjLA&oe=6966BE27&_nc_sid=4a2096'],,https://www.threads.net/@dani_be_goood/post/DR4cJmTjv8e,[],"{'likes': 10773, 'reposts': 158, 'quotes': 1}",threads,3780895692085460766,Daniella,,"Liberals are hot 
Trump rigged the election
MAGA is dead",threads,72841119795,dani_be_goood
[],2026-01-09T17:11:10.559608+07:00,"Well wouldn't this be nice...

",2025-12-15T06:25:46+07:00,,3787747753674160272,threads,threads.com,threads_crawler_v1,https://www.threads.net/@beingliberal/post/DSQyIN8iDiQ,https://instagram.fhan3-3.fna.fbcdn.net/v/t51.2885-19/524328149_17915777040119040_8699361297172719242_n.jpg?stp=dst-jpg_s150x150_tt6&efg=eyJ2ZW5jb2RlX3RhZyI6InByb2ZpbGVfcGljLmRqYW5nby4zMjAuYzEifQ&_nc_ht=instagram.fhan3-3.fna.fbcdn.net&_nc_cat=1&_nc_oc=Q6cZ2QELLYoYiCkfYfrQfQhJbNTFkvDGIOK1Ip7liQEh5umLXQmAdOXU0_dvw5JhYbXiKTE&_nc_ohc=ispEgeRPbegQ7kNvwH6nmpX&_nc_gid=aEqDTd0VdV4nT367WS2rkg&edm=AJhczIQBAAAA&ccb=7-5&oh=00_Afpaj54qDHGFvRVve0P0homjTDkp6FR0197zxgGWtIY7Sw&oe=69668AE2&_nc_sid=4a2096,618,0,25875,1132,0,['https://instagram.fhan4-3.fna.fbcdn.net/v/t51.2885-15/587050685_17932444950119040_3862570384292938787_n.jpg?stp=dst-jpg_e35_tt6&efg=eyJ2ZW5jb2RlX3RhZyI6InRocmVhZHMuRkVFRC5pbWFnZV91cmxnZW4uMTA4MHgxMzUwLnNkci5mODI3ODcuZGVmYXVsdF9pbWFnZS5jMSJ9&_nc_ht=instagram.fhan4-3.fna.fbcdn.net&_nc_cat=100&_nc_oc=Q6cZ2QELLYoYiCkfYfrQfQhJbNTFkvDGIOK1Ip7liQEh5umLXQmAdOXU0_dvw5JhYbXiKTE&_nc_ohc=5ZFTpJIKxkwQ7kNvwHbUxRg&_nc_gid=aEqDTd0VdV4nT367WS2rkg&edm=AJhczIQBAAAA&ccb=7-5&ig_cache_key=Mzc4Nzc0Nzc1MzY3NDE2MDI3Mg%3D%3D.3-ccb7-5&oh=00_AfrQJliG6bDnPCgdvvnZVx2XNl1Y5xppO4CPg9bANVWdkg&oe=69669334&_nc_sid=4a2096'],,https://www.threads.net/@beingliberal/post/DSQyIN8iDiQ,[],"{'likes': 25875, 'reposts': 1055, 'quotes': 77}",threads,3787747753674160272,Being Liberal ®,,"Well wouldn't this be nice...

https://www.thelondoneconomic.com/politics/france-could-freeze-elon-musks-assets-and-jail-him-for-foreign-election-interference-401318",threads,63448031039,beingliberal
[],2026-01-09T17:11:10.559658+07:00,"Based on Jack Smith’s deposition, here is what I gathered as legally grounded conclusions: 

- Trump knew he lost the election, yet pushed false claims anyway 
- these false claims were used in a fraudulent scheme, not protected by the first amendment
- he deliberately targeted 7 states he lost
- knew his supporters were angry and sent them to the capitol anyway
- some were armed with weapons and harmed police
- refused to stop the violence, even after calls from democrats and his own allies",2026-01-02T14:46:33+07:00,,3801045817902416611,threads,threads.com,threads_crawler_v1,https://www.threads.net/@kingwestley25/post/DTABwhXDsLj,https://instagram.fhan4-6.fna.fbcdn.net/v/t51.2885-19/410372306_3514129862163032_9040696648978185537_n.jpg?stp=dst-jpg_s150x150_tt6&efg=eyJ2ZW5jb2RlX3RhZyI6InByb2ZpbGVfcGljLmRqYW5nby4zMjAuYzEifQ&_nc_ht=instagram.fhan4-6.fna.fbcdn.net&_nc_cat=108&_nc_oc=Q6cZ2QELLYoYiCkfYfrQfQhJbNTFkvDGIOK1Ip7liQEh5umLXQmAdOXU0_dvw5JhYbXiKTE&_nc_ohc=AxgycCDuWKwQ7kNvwFd_NDf&_nc_gid=aEqDTd0VdV4nT367WS2rkg&edm=AJhczIQBAAAA&ccb=7-5&oh=00_Afr3KXKzEetmJiaKXf61irc7AGVzikyHLIoGQ0K5gImhwg&oe=6966C215&_nc_sid=4a2096,72,0,2392,292,0,[],,https://www.threads.net/@kingwestley25/post/DTABwhXDsLj,[],"{'likes': 2392, 'reposts': 281, 'quotes': 11}",threads,3801045817902416611,Westley A. King,Jack Smith,"Based on Jack Smith’s deposition, here is what I gathered as legally grounded conclusions: 

- Trump knew he lost the election, yet pushed false claims anyway 
- these false claims were used in a fraudulent scheme, not protected by the first amendment
- he deliberately targeted 7 states he lost
- knew his supporters were angry and sent them to the capitol anyway
- some were armed with weapons and harmed police
- refused to stop the violence, even after calls from democrats and his own allies",threads,63410780568,kingwestley25
[],2026-01-09T17:11:10.559717+07:00,"Sen. SCHUMER: Donald Trump continues to plug in election deniers in government. He makes them heroes. The attacks are not over, but neither is our fight to protect our democracy we love.",2026-01-07T22:49:28+07:00,,3804912087567869178,threads,threads.com,threads_crawler_v1,https://www.threads.net/@judiciarydems/post/DTNw2JlEqT6,https://instagram.fhan4-5.fna.fbcdn.net/v/t51.2885-19/358180757_1406816136763635_8036010781767662296_n.jpg?stp=dst-jpg_s150x150_tt6&efg=eyJ2ZW5jb2RlX3RhZyI6InByb2ZpbGVfcGljLmRqYW5nby40MDAuYzEifQ&_nc_ht=instagram.fhan4-5.fna.fbcdn.net&_nc_cat=103&_nc_oc=Q6cZ2QELLYoYiCkfYfrQfQhJbNTFkvDGIOK1Ip7liQEh5umLXQmAdOXU0_dvw5JhYbXiKTE&_nc_ohc=yQVJVDk-oG8Q7kNvwEdCciZ&_nc_gid=aEqDTd0VdV4nT367WS2rkg&edm=AJhczIQBAAAA&ccb=7-5&oh=00_Afq049LYJfxlpuwxzD7c5Yr1DVbb41Ez5qOZubE7wAA4OQ&oe=69668FD2&_nc_sid=4a2096,57,0,256,31,0,"['https://instagram.fhan4-6.fna.fbcdn.net/v/t51.2885-15/612586205_25887970587499352_8021458620693190177_n.jpg?stp=dst-jpg_e15_tt6&efg=eyJ2ZW5jb2RlX3RhZyI6InRocmVhZHMuRkVFRC5pbWFnZV91cmxnZW4uNjQweDM2MC5zZHIuZjcxODc4LmRlZmF1bHRfY292ZXJfZnJhbWUuYzEifQ&_nc_ht=instagram.fhan4-6.fna.fbcdn.net&_nc_cat=108&_nc_oc=Q6cZ2QELLYoYiCkfYfrQfQhJbNTFkvDGIOK1Ip7liQEh5umLXQmAdOXU0_dvw5JhYbXiKTE&_nc_ohc=GgDZf5OJiAsQ7kNvwEEF5Pc&_nc_gid=aEqDTd0VdV4nT367WS2rkg&edm=AJhczIQBAAAA&ccb=7-5&ig_cache_key=MzgwNDkxMjA4NzU2Nzg2OTE3OA%3D%3D.3-ccb7-5&oh=00_AfqCF9ZK9TFDTUt1tzxqfn19ux8WZL_rCqEI6qJOd4x_2g&oe=6966A109&_nc_sid=4a2096', 'https://instagram.fhan4-5.fna.fbcdn.net/o1/v/t16/f2/m84/AQPcMdt-c-8JOjjNMOVf4XMKsiCtsQygCZeXo_YXoDvlL_d4JpY4SDA1HSZHgwJZwhkWUZAKGu7_4IiMti7kSrXXGD4Jefi4bkaQDYw.mp4?_nc_cat=102&_nc_oc=AdmUzQoj9AlN9ZZM-OzNeRXjy1qQm0kjbqWjiA_L4HKXNcZLd2L6jnGxolF3oFdw1JY&_nc_sid=5e9851&_nc_ht=instagram.fhan4-5.fna.fbcdn.net&_nc_ohc=fakHDK3_GaUQ7kNvwErGKd1&efg=eyJ2ZW5jb2RlX3RhZyI6Inhwdl9wcm9ncmVzc2l2ZS5JTlNUQUdSQU0uRkVFRC5DMy4xMjgwLmRhc2hfYmFzZWxpbmVfMV92MSIsInhwdl9hc3NldF9pZCI6MzQ2MDU1ODM1NzQyNjA2OSwiYXNzZXRfYWdlX2RheXMiOjEsInZpX3VzZWNhc2VfaWQiOjEwMTY0LCJkdXJhdGlvbl9zIjo0MiwidXJsZ2VuX3NvdXJjZSI6Ind3dyJ9&ccb=17-1&_nc_gid=aEqDTd0VdV4nT367WS2rkg&_nc_zt=28&vs=b7fe541ea967d239&_nc_vs=HBksFQIYTGlnX2JhY2tmaWxsX3RpbWVsaW5lX3ZvZC85QjQzMTEyQ0U1M0I3Qzg3OTNGQkQzREU4M0FEOTQ5M192aWRlb19kYXNoaW5pdC5tcDQVAALIARIAFQIYOnBhc3N0aHJvdWdoX2V2ZXJzdG9yZS9HRm5uZGlSUV9UbkxYeXdEQUUzY2dlbzA1LVJQYnNwVEFRQUYVAgLIARIAKAAYABsCiAd1c2Vfb2lsATEScHJvZ3Jlc3NpdmVfcmVjaXBlATEVAAAmqr7z-YDXpQwVAigCQzMsF0BFNDlYEGJOGBJkYXNoX2Jhc2VsaW5lXzFfdjERAHXqB2XongEA&oh=00_AfoYBBUKpDByopUyJqrBnYpxaLr2_jwNGDsmyjCS2SZmJA&oe=6962CBBA']",,https://www.threads.net/@judiciarydems/post/DTNw2JlEqT6,[],"{'likes': 256, 'reposts': 30, 'quotes': 1}",threads,3804912087567869178,Senate Judiciary Democrats 🇺🇸,,"Sen. SCHUMER: Donald Trump continues to plug in election deniers in government. He makes them heroes. The attacks are not over, but neither is our fight to protect our democracy we love.",threads,63456254352,judiciarydems
[],2026-01-09T17:11:10.559762+07:00,"Julie Menin’s election on Wednesday as speaker of the New York City Council was a reassuring sign to Jewish leaders who have long seen the 58-year-old centrist Democrat as a key ally and believe that she will act as a check on Mayor Zohran Mamdani with regard to issues involving Israel and antisemitism.

",2026-01-08T07:20:36+07:00,,3805169995194631791,threads,threads.com,threads_crawler_v1,https://www.threads.net/@jewishinsider/post/DTOrfMxjQZv,https://instagram.fhan4-5.fna.fbcdn.net/v/t51.2885-19/95425319_2848765951889210_5287418823744421888_n.jpg?stp=dst-jpg_s150x150_tt6&efg=eyJ2ZW5jb2RlX3RhZyI6InByb2ZpbGVfcGljLmRqYW5nby40MDAuYzEifQ&_nc_ht=instagram.fhan4-5.fna.fbcdn.net&_nc_cat=102&_nc_oc=Q6cZ2QELLYoYiCkfYfrQfQhJbNTFkvDGIOK1Ip7liQEh5umLXQmAdOXU0_dvw5JhYbXiKTE&_nc_ohc=GQfaITKfbh0Q7kNvwH-Dt1i&_nc_gid=aEqDTd0VdV4nT367WS2rkg&edm=AJhczIQBAAAA&ccb=7-5&oh=00_Afp8SKuAtO1-7hsypR91XzUhkey5JByY62ihnvgASi9xwQ&oe=6966B9BF&_nc_sid=4a2096,6,0,15,1,0,[],,https://www.threads.net/@jewishinsider/post/DTOrfMxjQZv,[],"{'likes': 15, 'reposts': 1, 'quotes': 0}",threads,3805169995194631791,Jewish Insider,,"Julie Menin’s election on Wednesday as speaker of the New York City Council was a reassuring sign to Jewish leaders who have long seen the 58-year-old centrist Democrat as a key ally and believe that she will act as a check on Mayor Zohran Mamdani with regard to issues involving Israel and antisemitism.

https://ji.news/4kxzq",threads,63320025528,jewishinsider
[],2026-01-09T17:11:10.559797+07:00,"Hey Oklahoma, who’s running against Frank Lucas? Are there more gen x/millennials/gen z than boomers yet? Maybe we have a chance here. Election is coming up!!",2026-01-08T08:52:39+07:00,,3805216350483177735,threads,threads.com,threads_crawler_v1,https://www.threads.net/@jessicalynnethompson/post/DTO2BwgDuEH,https://instagram.fhan3-3.fna.fbcdn.net/v/t51.2885-19/564776096_17932080903102277_902209176318024275_n.jpg?stp=dst-jpg_s150x150_tt6&efg=eyJ2ZW5jb2RlX3RhZyI6InByb2ZpbGVfcGljLmRqYW5nby41MTQuYzEifQ&_nc_ht=instagram.fhan3-3.fna.fbcdn.net&_nc_cat=101&_nc_oc=Q6cZ2QELLYoYiCkfYfrQfQhJbNTFkvDGIOK1Ip7liQEh5umLXQmAdOXU0_dvw5JhYbXiKTE&_nc_ohc=iy57LEZieGAQ7kNvwEUzg0e&_nc_gid=aEqDTd0VdV4nT367WS2rkg&edm=AJhczIQBAAAA&ccb=7-5&oh=00_AfqqwjaOiaUvYDJedg6c7nvs_F4oOLaft1_vVNxeIhSqNw&oe=6966AAAC&_nc_sid=4a2096,23,0,71,2,0,[],,https://www.threads.net/@jessicalynnethompson/post/DTO2BwgDuEH,[],"{'likes': 71, 'reposts': 2, 'quotes': 0}",threads,3805216350483177735,Jessica Thompson,,"Hey Oklahoma, who’s running against Frank Lucas? Are there more gen x/millennials/gen z than boomers yet? Maybe we have a chance here. Election is coming up!!",threads,63042518276,jessicalynnethompson
[],2026-01-09T17:11:10.559835+07:00,"Recall Nicolaides needs our help. Wonder why I've been so vocal about this one? Jenny was ready to pull the trigger last March. She held off for the election, then so it wouldn't interfere with Forever Canadian. Nicolaides won with only 500 votes. This is a seat that can be flipped. Do what you can to help. ",2026-01-08T01:16:44+07:00,,3804986882014699870,threads,threads.com,threads_crawler_v1,https://www.threads.net/@janelmartinkowski/post/DTOB2jVgeFe,https://instagram.fhan4-1.fna.fbcdn.net/v/t51.2885-19/489432607_962966645821037_1949275317379034657_n.jpg?stp=dst-jpg_s150x150_tt6&efg=eyJ2ZW5jb2RlX3RhZyI6InByb2ZpbGVfcGljLmRqYW5nby4xMDgwLmMxIn0&_nc_ht=instagram.fhan4-1.fna.fbcdn.net&_nc_cat=105&_nc_oc=Q6cZ2QELLYoYiCkfYfrQfQhJbNTFkvDGIOK1Ip7liQEh5umLXQmAdOXU0_dvw5JhYbXiKTE&_nc_ohc=oupcBaksVFkQ7kNvwFUI8xH&_nc_gid=aEqDTd0VdV4nT367WS2rkg&edm=AJhczIQBAAAA&ccb=7-5&oh=00_AfrHaleoiC744z_PGNC56NcRAADphMGvRU77_eod1i7iYg&oe=6966AC7B&_nc_sid=4a2096,8,0,203,81,0,[],,https://www.threads.net/@janelmartinkowski/post/DTOB2jVgeFe,[],"{'likes': 203, 'reposts': 75, 'quotes': 6}",threads,3804986882014699870,Janel Martinkowski,Alberta Threads,"Recall Nicolaides needs our help. Wonder why I've been so vocal about this one? Jenny was ready to pull the trigger last March. She held off for the election, then so it wouldn't interfere with Forever Canadian. Nicolaides won with only 500 votes. This is a seat that can be flipped. Do what you can to help. https://www.thecanadianpressnews.ca/prairies_bc/alberta/petition-10k-signatures-short-as-first-deadline-looms-in-burst-of-alberta-recalls/article_7c16ef43-9891-542c-a370-099b4cd82fee.html",threads,64232352941,janelmartinkowski
[],2026-01-09T17:11:10.559873+07:00,"Just a reminder: 

Democrats are hot 
MAGA are Nazi 
Trump and Elon rigged the election 
We WILL take them down 

Happy holidays! ✨",2025-12-10T07:45:47+07:00,,3784164203318703592,threads,threads.com,threads_crawler_v1,https://www.threads.net/@dani_be_goood/post/DSEDUsmj3Xo,https://instagram.fhan4-3.fna.fbcdn.net/v/t51.2885-19/581664049_17878009740431796_7877386471602936459_n.jpg?stp=dst-jpg_s150x150_tt6&efg=eyJ2ZW5jb2RlX3RhZyI6InByb2ZpbGVfcGljLmRqYW5nby4xMDgwLmMxIn0&_nc_ht=instagram.fhan4-3.fna.fbcdn.net&_nc_cat=100&_nc_oc=Q6cZ2QELLYoYiCkfYfrQfQhJbNTFkvDGIOK1Ip7liQEh5umLXQmAdOXU0_dvw5JhYbXiKTE&_nc_ohc=op3RGGSS8TgQ7kNvwFUnyi2&_nc_gid=aEqDTd0VdV4nT367WS2rkg&edm=AJhczIQBAAAA&ccb=7-5&oh=00_AfrAMWzWk2-5UjM3oCJKB4bnjSPfzW4dU7sFA72Y3PTI-g&oe=696695A6&_nc_sid=4a2096,214,0,2071,55,0,['https://instagram.fhan4-3.fna.fbcdn.net/v/t51.2885-15/588657192_17880255024431796_8907403717032284327_n.jpg?stp=dst-jpg_e35_tt6&efg=eyJ2ZW5jb2RlX3RhZyI6InRocmVhZHMuQ0FST1VTRUxfSVRFTS5pbWFnZV91cmxnZW4uMTMyMHgxNzQzLnNkci5mODI3ODcuZGVmYXVsdF9pbWFnZS5jMSJ9&_nc_ht=instagram.fhan4-3.fna.fbcdn.net&_nc_cat=100&_nc_oc=Q6cZ2QELLYoYiCkfYfrQfQhJbNTFkvDGIOK1Ip7liQEh5umLXQmAdOXU0_dvw5JhYbXiKTE&_nc_ohc=ogCqqO-Y0KkQ7kNvwFGs60q&_nc_gid=aEqDTd0VdV4nT367WS2rkg&edm=AJhczIQBAAAA&ccb=7-5&ig_cache_key=Mzc4NDE2NDE5NjExMjg3NTE5MA%3D%3D.3-ccb7-5&oh=00_AfpMOVGfz_g-TdsL7W9MWZw6VYeAhu7X8YQPK-EyrLrsaw&oe=6966A7CF&_nc_sid=4a2096'],,https://www.threads.net/@dani_be_goood/post/DSEDUsmj3Xo,[],"{'likes': 2071, 'reposts': 54, 'quotes': 1}",threads,3784164203318703592,Daniella,,"Just a reminder: 

Democrats are hot 
MAGA are Nazi 
Trump and Elon rigged the election 
We WILL take them down 

Happy holidays! ✨",threads,72841119795,dani_be_goood
[],2026-01-09T17:11:10.559927+07:00,"Irony: Maduro's crime was refusing to accept the results of an election, the crime Trump committed on Jan. 6th.",2026-01-04T20:36:31+07:00,,3802671516358550989,threads,threads.com,threads_crawler_v1,https://www.threads.net/@robert.v.marrow/post/DTFzZjCDCXN,https://instagram.fhan3-3.fna.fbcdn.net/v/t51.2885-19/358261656_292180529942689_8749737781816768176_n.jpg?stp=dst-jpg_s150x150_tt6&efg=eyJ2ZW5jb2RlX3RhZyI6InByb2ZpbGVfcGljLmRqYW5nby45NTYuYzEifQ&_nc_ht=instagram.fhan3-3.fna.fbcdn.net&_nc_cat=101&_nc_oc=Q6cZ2QEODzS1au4Bdzk6xGY_2vCwu2SUkFAKaXTBzgZUV1gsXPWFWVCQOItfRjXo0qYqS_E&_nc_ohc=XmcRF-JbRDsQ7kNvwEWF_OZ&_nc_gid=cpWcWV4S8Iyg8_7HR50xlg&edm=AJhczIQBAAAA&ccb=7-5&oh=00_AfpuNVycYcMG6ttRo4Vw6sTVEn3jjBSieRMTf9MieqaQOA&oe=6966AB4A&_nc_sid=4a2096,23,0,4534,321,0,[],,https://www.threads.net/@robert.v.marrow/post/DTFzZjCDCXN,[],"{'likes': 4534, 'reposts': 317, 'quotes': 4}",threads,3802671516358550989,Robert V Marrow,,"Irony: Maduro's crime was refusing to accept the results of an election, the crime Trump committed on Jan. 6th.",threads,63405054303,robert.v.marrow
[],2026-01-09T17:11:10.559989+07:00,"I'm putting this here for future reference - 
By 2035, it will be established as fact that:
1. Trump won the 2016 election fair & square; Dem elites attempting to coronate Clinton over Sanders was the main cause.
2. Trump attempted, & failed, to steal the 2020 election.
3. In 2024, he successfully committed the greatest fraud in American history, using Musk & Thiel to steal the election & cover up the evidence.
4. Musk & Thiel will both be stripped of their citizenship & imprisoned for treason.",2025-12-03T10:10:58+07:00,,3779163841935516327,threads,threads.com,threads_crawler_v1,https://www.threads.net/@bethewayman/post/DRySX3KkSKn,https://instagram.fhan4-5.fna.fbcdn.net/v/t51.2885-19/583765921_17887055889391886_8924917300733453064_n.jpg?stp=dst-jpg_s150x150_tt6&efg=eyJ2ZW5jb2RlX3RhZyI6InByb2ZpbGVfcGljLmRqYW5nby4xMDgwLmMxIn0&_nc_ht=instagram.fhan4-5.fna.fbcdn.net&_nc_cat=102&_nc_oc=Q6cZ2QEODzS1au4Bdzk6xGY_2vCwu2SUkFAKaXTBzgZUV1gsXPWFWVCQOItfRjXo0qYqS_E&_nc_ohc=jIm8YARkl_wQ7kNvwFY6gv3&_nc_gid=cpWcWV4S8Iyg8_7HR50xlg&edm=AJhczIQBAAAA&ccb=7-5&oh=00_Afpjxq-iaWdgHaF1020BwNvFaka_f-oy2t6YZmjZmea8Cw&oe=6966BD1F&_nc_sid=4a2096,364,0,2499,134,0,[],,https://www.threads.net/@bethewayman/post/DRySX3KkSKn,[],"{'likes': 2499, 'reposts': 128, 'quotes': 6}",threads,3779163841935516327,timothy wayman,,"I'm putting this here for future reference - 
By 2035, it will be established as fact that:
1. Trump won the 2016 election fair & square; Dem elites attempting to coronate Clinton over Sanders was the main cause.
2. Trump attempted, & failed, to steal the 2020 election.
3. In 2024, he successfully committed the greatest fraud in American history, using Musk & Thiel to steal the election & cover up the evidence.
4. Musk & Thiel will both be stripped of their citizenship & imprisoned for treason.",threads,71732135885,bethewayman
[],2026-01-09T17:11:10.560031+07:00,Look up The Election Truth Alliance on YouTube. Their channel is called Dire Talks! They have the receipts. Harris won 2024! I believe the Democrats know this and did nothing! Why???,2025-12-31T20:14:49+07:00,,3799761491575320578,threads,threads.com,threads_crawler_v1,https://www.threads.net/@carole.painter/post/DS7dvHQjjAC,https://instagram.fhan3-4.fna.fbcdn.net/v/t51.2885-19/519956978_18096890605719654_8335191828163966795_n.jpg?stp=dst-jpg_s150x150_tt6&efg=eyJ2ZW5jb2RlX3RhZyI6InByb2ZpbGVfcGljLmRqYW5nby45NjAuYzEifQ&_nc_ht=instagram.fhan3-4.fna.fbcdn.net&_nc_cat=106&_nc_oc=Q6cZ2QEODzS1au4Bdzk6xGY_2vCwu2SUkFAKaXTBzgZUV1gsXPWFWVCQOItfRjXo0qYqS_E&_nc_ohc=I00xYBiNTLcQ7kNvwGdz7tX&_nc_gid=cpWcWV4S8Iyg8_7HR50xlg&edm=AJhczIQBAAAA&ccb=7-5&oh=00_Afo74x4U6aPAdhIJ5R0nfx5Vrv7JryzkDCIncZfzRnL6qw&oe=6966A27D&_nc_sid=4a2096,44,0,333,55,0,[],,https://www.threads.net/@carole.painter/post/DS7dvHQjjAC,[],"{'likes': 333, 'reposts': 51, 'quotes': 4}",threads,3799761491575320578,Carole Hardcastle Painter,,Look up The Election Truth Alliance on YouTube. Their channel is called Dire Talks! They have the receipts. Harris won 2024! I believe the Democrats know this and did nothing! Why???,threads,76144745969,carole.painter
[],2026-01-09T17:11:10.560078+07:00,"Be careful with your words.
People are dying and this person is still talking about the presidential election.

It’s about humanity, bukan soal pilpres.

Udh gak logis pikirannya.",2025-12-10T23:51:21+07:00,,3784650187005452108,threads,threads.com,threads_crawler_v1,https://www.threads.net/@muktireel/post/DSFx0sLk19M,https://instagram.fhan4-6.fna.fbcdn.net/v/t51.2885-19/551065181_17925045072109941_6083229273904140647_n.jpg?stp=dst-jpg_s150x150_tt6&efg=eyJ2ZW5jb2RlX3RhZyI6InByb2ZpbGVfcGljLmRqYW5nby43NDguYzEifQ&_nc_ht=instagram.fhan4-6.fna.fbcdn.net&_nc_cat=109&_nc_oc=Q6cZ2QEODzS1au4Bdzk6xGY_2vCwu2SUkFAKaXTBzgZUV1gsXPWFWVCQOItfRjXo0qYqS_E&_nc_ohc=CuIc2DgncuUQ7kNvwHBBFn6&_nc_gid=cpWcWV4S8Iyg8_7HR50xlg&edm=AJhczIQBAAAA&ccb=7-5&oh=00_Afp3LjeMq42v3PC9dqBRmKkv-21RwJz9yXY5I59h0IWubA&oe=6966A525&_nc_sid=4a2096,483,0,3284,377,0,['https://instagram.fhan4-6.fna.fbcdn.net/v/t51.2885-15/598641926_17934568461109941_8547637828789676579_n.jpg?stp=dst-jpg_e35_tt6&efg=eyJ2ZW5jb2RlX3RhZyI6InRocmVhZHMuRkVFRC5pbWFnZV91cmxnZW4uNzUweDQ2OS5zZHIuZjgyNzg3LmRlZmF1bHRfaW1hZ2UuYzEifQ&_nc_ht=instagram.fhan4-6.fna.fbcdn.net&_nc_cat=109&_nc_oc=Q6cZ2QEODzS1au4Bdzk6xGY_2vCwu2SUkFAKaXTBzgZUV1gsXPWFWVCQOItfRjXo0qYqS_E&_nc_ohc=OXIP7u2bOksQ7kNvwEnknLy&_nc_gid=cpWcWV4S8Iyg8_7HR50xlg&edm=AJhczIQBAAAA&ccb=7-5&ig_cache_key=Mzc4NDY1MDE4NzAwNTQ1MjEwOA%3D%3D.3-ccb7-5&oh=00_Afoh9c8_onv2MkNiXzShrPq6oKGIlgwc5klEj5hoZFau5w&oe=6966A1A5&_nc_sid=4a2096'],,https://www.threads.net/@muktireel/post/DSFx0sLk19M,[],"{'likes': 3284, 'reposts': 367, 'quotes': 10}",threads,3784650187005452108,SleepyLatte,,"Be careful with your words.
People are dying and this person is still talking about the presidential election.

It’s about humanity, bukan soal pilpres.

Udh gak logis pikirannya.",threads,63290349940,muktireel
[],2026-01-09T17:11:10.560115+07:00,DEMOCRAT Renee Hardman just ROFLstomped her Republican opponent in Iowa Senate District 16 special election last night!,2026-01-01T01:28:00+07:00,,3799919098110072333,threads,threads.com,threads_crawler_v1,https://www.threads.net/@texaspaulschroder/post/DS8BklyEtYN,https://instagram.fhan3-3.fna.fbcdn.net/v/t51.2885-19/358505374_1589819274877165_6421515960626054967_n.jpg?stp=dst-jpg_s150x150_tt6&efg=eyJ2ZW5jb2RlX3RhZyI6InByb2ZpbGVfcGljLmRqYW5nby40MDAuYzEifQ&_nc_ht=instagram.fhan3-3.fna.fbcdn.net&_nc_cat=101&_nc_oc=Q6cZ2QEODzS1au4Bdzk6xGY_2vCwu2SUkFAKaXTBzgZUV1gsXPWFWVCQOItfRjXo0qYqS_E&_nc_ohc=iqN1up-YgjgQ7kNvwFBYGHD&_nc_gid=cpWcWV4S8Iyg8_7HR50xlg&edm=AJhczIQBAAAA&ccb=7-5&oh=00_AfpGvVI30IUUHkxBNAbtqj8n0sngYxJhYbXTHVOARgTBQA&oe=696691ED&_nc_sid=4a2096,130,0,3592,238,0,"['https://instagram.fhan3-2.fna.fbcdn.net/v/t51.2885-15/608695188_1443383857380403_9021526147650049644_n.jpg?stp=dst-jpg_e15_tt6&efg=eyJ2ZW5jb2RlX3RhZyI6InRocmVhZHMuRkVFRC5pbWFnZV91cmxnZW4uNjQweDExMzYuc2RyLmY3MTg3OC5kZWZhdWx0X2NvdmVyX2ZyYW1lLmMxIn0&_nc_ht=instagram.fhan3-2.fna.fbcdn.net&_nc_cat=107&_nc_oc=Q6cZ2QEODzS1au4Bdzk6xGY_2vCwu2SUkFAKaXTBzgZUV1gsXPWFWVCQOItfRjXo0qYqS_E&_nc_ohc=RFdnUjBEzP0Q7kNvwHL5kUA&_nc_gid=cpWcWV4S8Iyg8_7HR50xlg&edm=AJhczIQBAAAA&ccb=7-5&ig_cache_key=Mzc5OTkxOTA5ODExMDA3MjMzMw%3D%3D.3-ccb7-5&oh=00_AfqL-94qYuLh3hFp4IsLS5wZ55IcYD781AqYjBZqllIHqA&oe=6966AFE8&_nc_sid=4a2096', 'https://instagram.fhan4-3.fna.fbcdn.net/o1/v/t2/f2/m86/AQPCkWJUqTwYaV_xUxBOeSn5G68YG9BXYZLo9f1zshki8wfp0crmPwHSPiX5F46Y3QmtRfik6TD4mAikjAYwpq786cEQEphdXt4pDD4.mp4?_nc_cat=100&_nc_oc=AdnMbBAyu_Eaq8BZOBvIfrzudK0TLbxiNEYVX-hdaMKAaHcV435crfygj7NRvrRkEPA&_nc_sid=5e9851&_nc_ht=instagram.fhan4-3.fna.fbcdn.net&_nc_ohc=C0-LUKvlUFQQ7kNvwGoWNiF&efg=eyJ2ZW5jb2RlX3RhZyI6Inhwdl9wcm9ncmVzc2l2ZS5JTlNUQUdSQU0uRkVFRC5DMy43MjAuZGFzaF9iYXNlbGluZV8xX3YxIiwieHB2X2Fzc2V0X2lkIjoxNTk2MDAxMzAxMzk4MDg5LCJhc3NldF9hZ2VfZGF5cyI6OCwidmlfdXNlY2FzZV9pZCI6MTAwOTksImR1cmF0aW9uX3MiOjQ3LCJ1cmxnZW5fc291cmNlIjoid3d3In0%3D&ccb=17-1&_nc_gid=cpWcWV4S8Iyg8_7HR50xlg&_nc_zt=28&vs=8c67f7e8b75a5844&_nc_vs=HBksFQIYUmlnX3hwdl9yZWVsc19wZXJtYW5lbnRfc3JfcHJvZC84NzQ5MkE5OEM4NjUwRkYwRDFBMUJFOTRBOEUxOTA5MV92aWRlb19kYXNoaW5pdC5tcDQVAALIARIAFQIYOnBhc3N0aHJvdWdoX2V2ZXJzdG9yZS9HQVZTUkNSdGRHYndXSElNQUdPelFhUkFoSEVkYnN0VEFRQUYVAgLIARIAKAAYABsCiAd1c2Vfb2lsATEScHJvZ3Jlc3NpdmVfcmVjaXBlATEVAAAmkomMqsDj1QUVAigCQzMsF0BHrtkWhysCGBJkYXNoX2Jhc2VsaW5lXzFfdjERAHXqB2XmnQEA&oh=00_AfrPnDRcDpiueKM5h6KthFp7Ki9YFum07H87mnT3JfrK1w&oe=6962BE15']",,https://www.threads.net/@texaspaulschroder/post/DS8BklyEtYN,[],"{'likes': 3592, 'reposts': 233, 'quotes': 5}",threads,3799919098110072333,Paul Schroder,,DEMOCRAT Renee Hardman just ROFLstomped her Republican opponent in Iowa Senate District 16 special election last night!,threads,63141262968,texaspaulschroder
[],2026-01-09T17:11:10.560152+07:00,"The President cannot cancel an election as elections are administered by the States.

This type of fearmongering is irresponsible.",2026-01-08T07:05:13+07:00,,3805162274814529428,threads,threads.com,threads_crawler_v1,https://www.threads.net/@smugchristophe/post/DTOpu2nCY-U,https://instagram.fhan3-3.fna.fbcdn.net/v/t51.2885-19/234581744_1190099521496759_2022994726462577700_n.jpg?stp=dst-jpg_s150x150_tt6&efg=eyJ2ZW5jb2RlX3RhZyI6InByb2ZpbGVfcGljLmRqYW5nby43MjAuYzEifQ&_nc_ht=instagram.fhan3-3.fna.fbcdn.net&_nc_cat=111&_nc_oc=Q6cZ2QEODzS1au4Bdzk6xGY_2vCwu2SUkFAKaXTBzgZUV1gsXPWFWVCQOItfRjXo0qYqS_E&_nc_ohc=Oiik7QjhMvsQ7kNvwHMuCUN&_nc_gid=cpWcWV4S8Iyg8_7HR50xlg&edm=AJhczIQBAAAA&ccb=7-5&oh=00_Afp0e5lOo7IDWTjUrmUgS6HNUbD-Sqw6Y1c91J2gQuMdKA&oe=6966A452&_nc_sid=4a2096,29,0,263,26,0,[],,https://www.threads.net/@smugchristophe/post/DTOpu2nCY-U,[],"{'likes': 263, 'reposts': 26, 'quotes': 0}",threads,3805162274814529428,Chris Allen (D-TX),,"The President cannot cancel an election as elections are administered by the States.

This type of fearmongering is irresponsible.",threads,63240679190,smugchristophe
[],2026-01-09T17:11:10.560186+07:00,"Before we go into the new year, I just have some things to get off my chest. 
Chem trails aren't dangerous. 
Antifa means anti fascism.
The world is round. 
Vaccines help. 
trump ▇▇▇▇d kids. 
People have known for years and still let him run again. 
Aliens have visited us countless times.
Elon rigged the election. 
trump wasn't shot. 
Illegals aren't responsible for your crappy life. 
LGBTQ's deserve the same rights as everyone.
Being anti woke makes you stupid.
Happy New Year!",2026-01-01T06:30:20+07:00,,3800071291333399729,threads,threads.com,threads_crawler_v1,https://www.threads.net/@therealburrmartin/post/DS8kLSxFlSx,https://instagram.fhan3-2.fna.fbcdn.net/v/t51.2885-19/572164188_17931238113111907_4354851332039988207_n.jpg?stp=dst-jpg_s150x150_tt6&efg=eyJ2ZW5jb2RlX3RhZyI6InByb2ZpbGVfcGljLmRqYW5nby4xMDgwLmMxIn0&_nc_ht=instagram.fhan3-2.fna.fbcdn.net&_nc_cat=107&_nc_oc=Q6cZ2QEODzS1au4Bdzk6xGY_2vCwu2SUkFAKaXTBzgZUV1gsXPWFWVCQOItfRjXo0qYqS_E&_nc_ohc=dVbPBd8xcF0Q7kNvwGlUxjQ&_nc_gid=cpWcWV4S8Iyg8_7HR50xlg&edm=AJhczIQBAAAA&ccb=7-5&oh=00_AfplcTQm5eAR3ELHnWz0HF3szv2e0nr99pRw05GjT1h_GA&oe=69669474&_nc_sid=4a2096,40,0,713,45,0,[],,https://www.threads.net/@therealburrmartin/post/DS8kLSxFlSx,[],"{'likes': 713, 'reposts': 44, 'quotes': 1}",threads,3800071291333399729,Burr Martin and Dracula,,"Before we go into the new year, I just have some things to get off my chest. 
Chem trails aren't dangerous. 
Antifa means anti fascism.
The world is round. 
Vaccines help. 
trump ▇▇▇▇d kids. 
People have known for years and still let him run again. 
Aliens have visited us countless times.
Elon rigged the election. 
trump wasn't shot. 
Illegals aren't responsible for your crappy life. 
LGBTQ's deserve the same rights as everyone.
Being anti woke makes you stupid.
Happy New Year!",threads,63233167906,therealburrmartin
[],2026-01-09T17:11:10.560221+07:00,Congratulations to CT’s newest State Rep - Iris Sánchez! Her special election win tonight gets 2026 off to a great start! 🌊🌊🌊,2026-01-07T08:44:32+07:00,,3804487486488315729,threads,threads.com,threads_crawler_v1,https://www.threads.net/@ctdems/post/DTMQTZAjgdR,https://instagram.fhan4-6.fna.fbcdn.net/v/t51.2885-19/511526615_17916613119107493_458409166108513551_n.jpg?stp=dst-jpg_s150x150_tt6&efg=eyJ2ZW5jb2RlX3RhZyI6InByb2ZpbGVfcGljLmRqYW5nby4xMDgwLmMxIn0&_nc_ht=instagram.fhan4-6.fna.fbcdn.net&_nc_cat=109&_nc_oc=Q6cZ2QEODzS1au4Bdzk6xGY_2vCwu2SUkFAKaXTBzgZUV1gsXPWFWVCQOItfRjXo0qYqS_E&_nc_ohc=HDXILj9cx7IQ7kNvwHP2sQ0&_nc_gid=cpWcWV4S8Iyg8_7HR50xlg&edm=AJhczIQBAAAA&ccb=7-5&oh=00_Afr3_oXM7h0gPAOJKvXEZFBAZ_2k4wAygOGGmpf3QrWCbA&oe=6966993B&_nc_sid=4a2096,3,0,282,22,0,['https://instagram.fhan3-2.fna.fbcdn.net/v/t51.2885-15/609563768_18441752509108183_9167368024414738426_n.jpg?stp=dst-jpg_e35_tt6&efg=eyJ2ZW5jb2RlX3RhZyI6InRocmVhZHMuRkVFRC5pbWFnZV91cmxnZW4uMTQ0MHgxODAwLnNkci5mODI3ODcuZGVmYXVsdF9pbWFnZS5jMSJ9&_nc_ht=instagram.fhan3-2.fna.fbcdn.net&_nc_cat=107&_nc_oc=Q6cZ2QEODzS1au4Bdzk6xGY_2vCwu2SUkFAKaXTBzgZUV1gsXPWFWVCQOItfRjXo0qYqS_E&_nc_ohc=hC2JPfYLunQQ7kNvwGN8nrd&_nc_gid=cpWcWV4S8Iyg8_7HR50xlg&edm=AJhczIQBAAAA&ccb=7-5&ig_cache_key=MzgwNDQ4NzQ4NjQ4ODMxNTcyOQ%3D%3D.3-ccb7-5&oh=00_AfoT5KR6_i6fxN4Sl2m8A0zYugsPOxgYJ3-JjOMPgIG8sA&oe=6966A18B&_nc_sid=4a2096'],,https://www.threads.net/@ctdems/post/DTMQTZAjgdR,[],"{'likes': 282, 'reposts': 18, 'quotes': 4}",threads,3804487486488315729,Connecticut Democrats,,Congratulations to CT’s newest State Rep - Iris Sánchez! Her special election win tonight gets 2026 off to a great start! 🌊🌊🌊,threads,63224243492,ctdems
[],2026-01-09T17:11:10.560259+07:00,"Lord have mercy,  😳😳😳… your reminder that she was among the small group of state and federal prosecutors who had the courage to prosecute Trump and his cronies for trying to steal the 2020 election. In this case, the votes of the people of Georgia. If you missed the hearing today, where #Georgia #republicans sought to scandalize the investigation, it’s worth the trip to YT to check it out. 🔥🔥🔥 #reiders",2025-12-20T05:00:50+07:00,,3791328917958264169,threads,threads.com,threads_crawler_v1,https://www.threads.net/@joyannreid/post/DSdgZBFkYVp,https://instagram.fhan3-3.fna.fbcdn.net/v/t51.2885-19/358104110_298669659275831_1341041899805841726_n.jpg?stp=dst-jpg_s150x150_tt6&efg=eyJ2ZW5jb2RlX3RhZyI6InByb2ZpbGVfcGljLmRqYW5nby4xNTAuYzEifQ&_nc_ht=instagram.fhan3-3.fna.fbcdn.net&_nc_cat=111&_nc_oc=Q6cZ2QEODzS1au4Bdzk6xGY_2vCwu2SUkFAKaXTBzgZUV1gsXPWFWVCQOItfRjXo0qYqS_E&_nc_ohc=PnaWMyQlnEsQ7kNvwHTuakZ&_nc_gid=cpWcWV4S8Iyg8_7HR50xlg&edm=AJhczIQBAAAA&ccb=7-5&oh=00_AfpI72IXZOY4NR-_dc04HFXb_8O5WCVHu5IpE6b_GC5u8Q&oe=6966A2DB&_nc_sid=4a2096,160,0,4298,491,0,"['https://instagram.fhan4-5.fna.fbcdn.net/v/t51.2885-15/598164095_1957457925149942_2720592019036744591_n.jpg?stp=dst-jpg_e15_tt6&efg=eyJ2ZW5jb2RlX3RhZyI6InRocmVhZHMuRkVFRC5pbWFnZV91cmxnZW4uNjQweDExMzYuc2RyLmY3MTg3OC5kZWZhdWx0X2NvdmVyX2ZyYW1lLmMxIn0&_nc_ht=instagram.fhan4-5.fna.fbcdn.net&_nc_cat=102&_nc_oc=Q6cZ2QEODzS1au4Bdzk6xGY_2vCwu2SUkFAKaXTBzgZUV1gsXPWFWVCQOItfRjXo0qYqS_E&_nc_ohc=8H6f180QQ4sQ7kNvwEYV2kl&_nc_gid=cpWcWV4S8Iyg8_7HR50xlg&edm=AJhczIQBAAAA&ccb=7-5&ig_cache_key=Mzc5MTMyODkxNzk1ODI2NDE2OQ%3D%3D.3-ccb7-5&oh=00_Afoxd7lVk39zFYDelsgKpr3-VGkiPxd7vYrIvehjp8VsxA&oe=6966971A&_nc_sid=4a2096', 'https://instagram.fhan3-2.fna.fbcdn.net/o1/v/t2/f2/m86/AQONNd8BRD5ZnMVDqFIBi7AvVDbwJPtRmWmxjbHqdjtxF7vro8nU4cSg2AMpX12K6ttv-OTu8wNMhYXz8AWfSAu0-e7tb2BQYBCHBu8.mp4?_nc_cat=107&_nc_oc=AdkW8lGtvwIFIm11XDW1CVNYs5-TyhpeEDYCa-_cW0gUGhsqBph5n2IUTusB6mzDzZI&_nc_sid=5e9851&_nc_ht=instagram.fhan3-2.fna.fbcdn.net&_nc_ohc=1XYaZWz7ieoQ7kNvwHteU-c&efg=eyJ2ZW5jb2RlX3RhZyI6Inhwdl9wcm9ncmVzc2l2ZS5JTlNUQUdSQU0uRkVFRC5DMy41NDAuZGFzaF9iYXNlbGluZV8xX3YxIiwieHB2X2Fzc2V0X2lkIjoxMTkzODA3MTg1NTg5MTEzLCJhc3NldF9hZ2VfZGF5cyI6MjAsInZpX3VzZWNhc2VfaWQiOjEwMDk5LCJkdXJhdGlvbl9zIjo0OCwidXJsZ2VuX3NvdXJjZSI6Ind3dyJ9&ccb=17-1&_nc_gid=cpWcWV4S8Iyg8_7HR50xlg&_nc_zt=28&vs=bd857d73aa99f67d&_nc_vs=HBksFQIYUmlnX3hwdl9yZWVsc19wZXJtYW5lbnRfc3JfcHJvZC8yMDQ0M0E2OEEwRjlGQTZCQThGN0FDNUFBM0FEQjI5Rl92aWRlb19kYXNoaW5pdC5tcDQVAALIARIAFQIYOnBhc3N0aHJvdWdoX2V2ZXJzdG9yZS9HT0ZwOFNPb2dQbGJBbzhHQU0zMlYwcllRZHdfYnN0VEFRQUYVAgLIARIAKAAYABsCiAd1c2Vfb2lsATEScHJvZ3Jlc3NpdmVfcmVjaXBlATEVAAAm8s3R09zwngQVAigCQzMsF0BIcOVgQYk3GBJkYXNoX2Jhc2VsaW5lXzFfdjERAHXqB2XmnQEA&oh=00_AfoQqMUxPstgcw1kjiBvJWSPdcN4KKjK3qOh9xfkBnl_IA&oe=69629D88']",,https://www.threads.net/@joyannreid/post/DSdgZBFkYVp,[],"{'likes': 4298, 'reposts': 462, 'quotes': 29}",threads,3791328917958264169,Joy-Ann Reid,,"Lord have mercy, faniwillis.esq 😳😳😳… your reminder that she was among the small group of state and federal prosecutors who had the courage to prosecute Trump and his cronies for trying to steal the 2020 election. In this case, the votes of the people of Georgia. If you missed the hearing today, where #Georgia #republicans sought to scandalize the investigation, it’s worth the trip to YT to check it out. 🔥🔥🔥 #reiders",threads,63080780230,joyannreid
[],2026-01-09T17:11:10.560294+07:00,"Edmundo González Urrutia won the 2024 election in Venezuela. He was the choice of the people.

The Maduro-Delcy Rodríguez ticket stole power instead.

Now Trump says he is freeing the Venezuelan people by making Rodríguez his puppet.

So no, there is *nothing* to celebrate today.",2026-01-04T21:18:33+07:00,,3802692672201576061,threads,threads.com,threads_crawler_v1,https://www.threads.net/@seth.abramson/post/DTF4NZ8jk59,https://instagram.fhan3-3.fna.fbcdn.net/v/t51.2885-19/358069143_610031431229555_1390968054951611890_n.jpg?stp=dst-jpg_s150x150_tt6&efg=eyJ2ZW5jb2RlX3RhZyI6InByb2ZpbGVfcGljLmRqYW5nby4xMDc1LmMxIn0&_nc_ht=instagram.fhan3-3.fna.fbcdn.net&_nc_cat=111&_nc_oc=Q6cZ2QEODzS1au4Bdzk6xGY_2vCwu2SUkFAKaXTBzgZUV1gsXPWFWVCQOItfRjXo0qYqS_E&_nc_ohc=8Tarj7ugtBUQ7kNvwE2_uQ8&_nc_gid=cpWcWV4S8Iyg8_7HR50xlg&edm=AJhczIQBAAAA&ccb=7-5&oh=00_AfpxPJliw6nFqH3QrXGJEURQcYhvnv1bqfNXrOEcCW27_w&oe=6966B4B3&_nc_sid=4a2096,77,0,2667,298,0,[],,https://www.threads.net/@seth.abramson/post/DTF4NZ8jk59,[],"{'likes': 2667, 'reposts': 282, 'quotes': 16}",threads,3802692672201576061,Seth Abramson,,"Edmundo González Urrutia won the 2024 election in Venezuela. He was the choice of the people.

The Maduro-Delcy Rodríguez ticket stole power instead.

Now Trump says he is freeing the Venezuelan people by making Rodríguez his puppet.

So no, there is *nothing* to celebrate today.",threads,63442170746,seth.abramson
[],2026-01-09T17:11:10.560329+07:00,"My response to everyone who his mad about President Trump’s tweet about Rob Reiner: 

Reiner was complicit in perpetuating Russiagate—the hoax that Trump stole the election through Russian influence. The entire coordinated Russiagate hoax is treason. It is highly probable that Reiner was hired by Obama’s CIA to perpetuate this hoax.

President Trump typically speaks on people in ""this way"" that are criminals.",2025-12-17T02:26:32+07:00,,3789076948409485650,threads,threads.com,threads_crawler_v1,https://www.threads.net/@therealtoriabrooke/post/DSVgWjAkYlS,https://instagram.fhan3-3.fna.fbcdn.net/v/t51.2885-19/587484450_18065142353548295_1693438088136867206_n.jpg?stp=dst-jpg_s150x150_tt6&efg=eyJ2ZW5jb2RlX3RhZyI6InByb2ZpbGVfcGljLmRqYW5nby45MzUuYzEifQ&_nc_ht=instagram.fhan3-3.fna.fbcdn.net&_nc_cat=1&_nc_oc=Q6cZ2QEODzS1au4Bdzk6xGY_2vCwu2SUkFAKaXTBzgZUV1gsXPWFWVCQOItfRjXo0qYqS_E&_nc_ohc=PXeOycHPYuAQ7kNvwGbk6KP&_nc_gid=cpWcWV4S8Iyg8_7HR50xlg&edm=AJhczIQBAAAA&ccb=7-5&oh=00_AfoGdQtMwfvVMivyBj8eGwx095tWsbL3QjI_KNfNRSBWvw&oe=6966BCC6&_nc_sid=4a2096,977,0,403,46,0,[],,https://www.threads.net/@therealtoriabrooke/post/DSVgWjAkYlS,[],"{'likes': 403, 'reposts': 42, 'quotes': 4}",threads,3789076948409485650,Toria Brooke,,"My response to everyone who his mad about President Trump’s tweet about Rob Reiner: 

Reiner was complicit in perpetuating Russiagate—the hoax that Trump stole the election through Russian influence. The entire coordinated Russiagate hoax is treason. It is highly probable that Reiner was hired by Obama’s CIA to perpetuate this hoax.

President Trump typically speaks on people in ""this way"" that are criminals.",threads,69523604502,therealtoriabrooke
