categories,collectDate,content,createDate,description,docId,docType,domain,fromCrawler,link,logoLink,numComments,numDislikes,numLikes,numShares,numViews,pictures,postId,postLink,provinces,reactions,source,sourceId,sourceName,tags,title,type,userId,userName
[],2026-01-20T15:16:39.454727+07:00,"Republican Sen. Rand Paul accused Defense Secretary Pete Hegseth of either lying in his public response to news reports that the US military carried out a follow-up strike on a suspected drug boat in September, or being incompetent. ",2025-12-03T05:57:23+07:00,,3779036178806077493,threads,threads.com,threads_crawler_v1,https://www.threads.net/@cnn/post/DRx1WHnFfg1,https://instagram.fhan3-3.fna.fbcdn.net/v/t51.2885-19/358506515_645911684262096_4169089819037913513_n.jpg?stp=dst-jpg_s150x150_tt6&efg=eyJ2ZW5jb2RlX3RhZyI6InByb2ZpbGVfcGljLmRqYW5nby4xMDgwLmMyIn0&_nc_ht=instagram.fhan3-3.fna.fbcdn.net&_nc_cat=1&_nc_oc=Q6cZ2QHoNdZ1mDa62vIyE2jKaNK5SFaLthksSlFwJ1Mf8N3e3bM6OIKQj-TJCZ2YTXICk2o&_nc_ohc=ziTyb0_dF5IQ7kNvwFM_RG0&_nc_gid=cpHClqiSOAl0M3lCUJpgtA&edm=AJhczIQBAAAA&ccb=7-5&oh=00_AfrYO9W8wlYVjbYEO3x5pAjf5zeHB-ufZ9Qq35shZiRhxw&oe=69750605&_nc_sid=4a2096,136,0,1342,117,0,['https://instagram.fhan4-3.fna.fbcdn.net/v/t51.2885-15/588643406_17928879597118344_5797377397143520347_n.jpg?stp=dst-jpg_e35_tt6&efg=eyJ2ZW5jb2RlX3RhZyI6InRocmVhZHMuRkVFRC5pbWFnZV91cmxnZW4uMTA4MHgxMzUwLnNkci5mODI3ODcuZGVmYXVsdF9pbWFnZS5jMiJ9&_nc_ht=instagram.fhan4-3.fna.fbcdn.net&_nc_cat=100&_nc_oc=Q6cZ2QHoNdZ1mDa62vIyE2jKaNK5SFaLthksSlFwJ1Mf8N3e3bM6OIKQj-TJCZ2YTXICk2o&_nc_ohc=fvOLkOlCZu0Q7kNvwGqdYNh&_nc_gid=cpHClqiSOAl0M3lCUJpgtA&edm=AJhczIQBAAAA&ccb=7-5&ig_cache_key=Mzc3OTAzNjE3ODgwNjA3NzQ5Mw%3D%3D.3-ccb7-5&oh=00_Afpf4bDpg2Zkih9TdWHeGnQSFA-YDln0x_tJXR9lG8UxlQ&oe=6974F032&_nc_sid=4a2096'],,https://www.threads.net/@cnn/post/DRx1WHnFfg1,[],"{'likes': 1342, 'reposts': 107, 'quotes': 10}",threads,3779036178806077493,CNN,,"Republican Sen. Rand Paul accused Defense Secretary Pete Hegseth of either lying in his public response to news reports that the US military carried out a follow-up strike on a suspected drug boat in September, or being incompetent. https://cnn.it/3MbGIZn",threads,63404358343,cnn
[],2026-01-20T15:16:39.454838+07:00,"The Pentagon has ordered about 1,500 active-duty soldiers to prepare for deployment to Minnesota, according to defense officials cited by The Washington Post and ABC News, as Minnesota officials have also mobilized the National Guard. ",2026-01-18T22:31:06+07:00,,3812876010199638914,threads,threads.com,threads_crawler_v1,https://www.threads.net/@cnn/post/DTqDoegjuOC,https://instagram.fhan3-3.fna.fbcdn.net/v/t51.2885-19/358506515_645911684262096_4169089819037913513_n.jpg?stp=dst-jpg_s150x150_tt6&efg=eyJ2ZW5jb2RlX3RhZyI6InByb2ZpbGVfcGljLmRqYW5nby4xMDgwLmMyIn0&_nc_ht=instagram.fhan3-3.fna.fbcdn.net&_nc_cat=1&_nc_oc=Q6cZ2QHoNdZ1mDa62vIyE2jKaNK5SFaLthksSlFwJ1Mf8N3e3bM6OIKQj-TJCZ2YTXICk2o&_nc_ohc=ziTyb0_dF5IQ7kNvwFM_RG0&_nc_gid=cpHClqiSOAl0M3lCUJpgtA&edm=AJhczIQBAAAA&ccb=7-5&oh=00_AfrYO9W8wlYVjbYEO3x5pAjf5zeHB-ufZ9Qq35shZiRhxw&oe=69750605&_nc_sid=4a2096,32,0,69,20,0,['https://instagram.fhan4-3.fna.fbcdn.net/v/t51.2885-15/618590188_17934494751118344_4545635184415063817_n.jpg?stp=dst-jpg_e35_tt6&efg=eyJ2ZW5jb2RlX3RhZyI6InRocmVhZHMuRkVFRC5pbWFnZV91cmxnZW4uMTA4MHgxMzUwLnNkci5mODI3ODcuZGVmYXVsdF9pbWFnZS5jMiJ9&_nc_ht=instagram.fhan4-3.fna.fbcdn.net&_nc_cat=100&_nc_oc=Q6cZ2QHoNdZ1mDa62vIyE2jKaNK5SFaLthksSlFwJ1Mf8N3e3bM6OIKQj-TJCZ2YTXICk2o&_nc_ohc=8AyJyuvVpDAQ7kNvwEa9lia&_nc_gid=cpHClqiSOAl0M3lCUJpgtA&edm=AJhczIQBAAAA&ccb=7-5&ig_cache_key=MzgxMjg3NjAxMDE5OTYzODkxNA%3D%3D.3-ccb7-5&oh=00_AfoW1eGg5bCqq4IFsRHSFV9Lyc6itl3UyWQy-zLFq8Gzcg&oe=6974F03F&_nc_sid=4a2096'],,https://www.threads.net/@cnn/post/DTqDoegjuOC,[],"{'likes': 69, 'reposts': 13, 'quotes': 7}",threads,3812876010199638914,CNN,,"The Pentagon has ordered about 1,500 active-duty soldiers to prepare for deployment to Minnesota, according to defense officials cited by The Washington Post and ABC News, as Minnesota officials have also mobilized the National Guard. https://cnn.it/4jV07dW",threads,63404358343,cnn
[],2026-01-20T15:16:39.454882+07:00,"Raise your hand if you strongly support
ICE agents being able to protect themselves in self-defense.",2026-01-09T02:38:12+07:00,,3805752662663127849,threads,threads.com,threads_crawler_v1,https://www.threads.net/@governor_rm/post/DTQv-IJCGMp,https://instagram.fhan3-3.fna.fbcdn.net/v/t51.2885-19/603087369_18433745626106852_4678528121070524258_n.jpg?stp=dst-jpg_s150x150_tt6&efg=eyJ2ZW5jb2RlX3RhZyI6InByb2ZpbGVfcGljLmRqYW5nby44NTYuYzIifQ&_nc_ht=instagram.fhan3-3.fna.fbcdn.net&_nc_cat=1&_nc_oc=Q6cZ2QHoNdZ1mDa62vIyE2jKaNK5SFaLthksSlFwJ1Mf8N3e3bM6OIKQj-TJCZ2YTXICk2o&_nc_ohc=O-qrfEuGCCsQ7kNvwHoiIfM&_nc_gid=cpHClqiSOAl0M3lCUJpgtA&edm=AJhczIQBAAAA&ccb=7-5&oh=00_Afrg5OSkslZNeL0NLXaLBvlj8Q_OQUXmhMOftpm3fXnK7A&oe=697522FD&_nc_sid=4a2096,1158,0,26320,240,0,[],,https://www.threads.net/@governor_rm/post/DTQv-IJCGMp,[],"{'likes': 26320, 'reposts': 230, 'quotes': 10}",threads,3805752662663127849,moneyman,,"Raise your hand if you strongly support
ICE agents being able to protect themselves in self-defense.",threads,63248615982,governor_rm
[],2026-01-20T15:16:39.454918+07:00,"Glad to know the Pastor at my church is not only not a secret ICE leader, but helped us raise over $5000 for the Colorado Immigrant Legal Defense Fund.  If your Pastor supports ICE, it's because they haven't really decided to follow the teachings of Jesus.

checks notes: Matthew 25:31-46, Leviticus19:33-34, 1 Chronicles 16:19-22, Hebrews 13:1-3",2026-01-19T23:11:13+07:00,,3813621018406253885,threads,threads.com,threads_crawler_v1,https://www.threads.net/@erikanollwebb/post/DTstBxeEXU9,https://instagram.fhan4-6.fna.fbcdn.net/v/t51.2885-19/451835257_1050392919981309_6373706914171306413_n.jpg?stp=dst-jpg_s150x150_tt6&efg=eyJ2ZW5jb2RlX3RhZyI6InByb2ZpbGVfcGljLmRqYW5nby42NTMuYzIifQ&_nc_ht=instagram.fhan4-6.fna.fbcdn.net&_nc_cat=109&_nc_oc=Q6cZ2QHoNdZ1mDa62vIyE2jKaNK5SFaLthksSlFwJ1Mf8N3e3bM6OIKQj-TJCZ2YTXICk2o&_nc_ohc=32cWf_MBXsUQ7kNvwEcJk3n&_nc_gid=cpHClqiSOAl0M3lCUJpgtA&edm=AJhczIQBAAAA&ccb=7-5&oh=00_Afro7_KWDt3JUAWOUN-fmREhvMTKSahVAts-71TCnfcxtg&oe=697513B8&_nc_sid=4a2096,4,0,153,13,0,[],,https://www.threads.net/@erikanollwebb/post/DTstBxeEXU9,[],"{'likes': 153, 'reposts': 12, 'quotes': 1}",threads,3813621018406253885,Erika Noll Webb,,"Glad to know the Pastor at my church is not only not a secret ICE leader, but helped us raise over $5000 for the Colorado Immigrant Legal Defense Fund.  If your Pastor supports ICE, it's because they haven't really decided to follow the teachings of Jesus.

checks notes: Matthew 25:31-46, Leviticus19:33-34, 1 Chronicles 16:19-22, Hebrews 13:1-3",threads,63445017591,erikanollwebb
[],2026-01-20T15:16:39.454949+07:00,"I wonder what the defense contractors of this country have to say about this situation. Are they ready to watch France, Germany, Czech Republic and others take their market share as we alienate the EU? Why would EU countries buy American weapons systems that rely on American support if we are no longer seen as an ally?",2026-01-20T01:45:46+07:00,,3813698798409050555,threads,threads.com,threads_crawler_v1,https://www.threads.net/@sandyg5811/post/DTs-tnvgWm7,https://instagram.fhan4-3.fna.fbcdn.net/v/t51.2885-19/366415438_594047646222466_3149643590718932166_n.jpg?stp=dst-jpg_s150x150_tt6&efg=eyJ2ZW5jb2RlX3RhZyI6InByb2ZpbGVfcGljLmRqYW5nby4xMDgwLmMyIn0&_nc_ht=instagram.fhan4-3.fna.fbcdn.net&_nc_cat=110&_nc_oc=Q6cZ2QHoNdZ1mDa62vIyE2jKaNK5SFaLthksSlFwJ1Mf8N3e3bM6OIKQj-TJCZ2YTXICk2o&_nc_ohc=kzLaMw_mRkAQ7kNvwGF8_NK&_nc_gid=cpHClqiSOAl0M3lCUJpgtA&edm=AJhczIQBAAAA&ccb=7-5&oh=00_AfrIKrDr-mdIfrmD2_A0CsBTp5Wo1z4JCVMDQe4WSd3K4w&oe=69750431&_nc_sid=4a2096,18,0,4,0,0,[],,https://www.threads.net/@sandyg5811/post/DTs-tnvgWm7,[],"{'likes': 4, 'reposts': 0, 'quotes': 0}",threads,3813698798409050555,Sandy,,"I wonder what the defense contractors of this country have to say about this situation. Are they ready to watch France, Germany, Czech Republic and others take their market share as we alienate the EU? Why would EU countries buy American weapons systems that rely on American support if we are no longer seen as an ally?",threads,63427978075,sandyg5811
[],2026-01-20T15:16:39.454979+07:00,"Fox News, the former employer of Defense Secretary Pete Hegseth, has joined a near-unanimous outpouring of news organizations rejecting new rules for journalists based in the Pentagon.",2025-10-15T07:03:32+07:00,,3743555393625704540,threads,threads.com,threads_crawler_v1,https://www.threads.net/@apnews/post/DPzx8vaDshc,https://instagram.fhan3-3.fna.fbcdn.net/v/t51.2885-19/412275875_2369099110144251_7071670894368393847_n.jpg?stp=dst-jpg_s150x150_tt6&efg=eyJ2ZW5jb2RlX3RhZyI6InByb2ZpbGVfcGljLmRqYW5nby44MDAuYzIifQ&_nc_ht=instagram.fhan3-3.fna.fbcdn.net&_nc_cat=1&_nc_oc=Q6cZ2QHoNdZ1mDa62vIyE2jKaNK5SFaLthksSlFwJ1Mf8N3e3bM6OIKQj-TJCZ2YTXICk2o&_nc_ohc=VsuayJyR1dcQ7kNvwHhCqCd&_nc_gid=cpHClqiSOAl0M3lCUJpgtA&edm=AJhczIQBAAAA&ccb=7-5&oh=00_Afr0hG5EelSczCY9TqqqRdfxfSuaGs1bZevRhvj0QJBCPw&oe=6975147E&_nc_sid=4a2096,12,0,1023,75,0,[],,https://www.threads.net/@apnews/post/DPzx8vaDshc,[],"{'likes': 1023, 'reposts': 69, 'quotes': 6}",threads,3743555393625704540,The Associated Press (AP),,"Fox News, the former employer of Defense Secretary Pete Hegseth, has joined a near-unanimous outpouring of news organizations rejecting new rules for journalists based in the Pentagon.",threads,63276729625,apnews
[],2026-01-20T15:16:39.455012+07:00,"It’s 2028…

President: Gavin Newsom
VP: AOC
SCOTUS: Kamala Harris
Sec. of State: Pete Buttigieg
Attorney General: Jasmine Crockett
Sec. of Education: Tim Walz
Sec. of Defense: Tammy Duckworth
UN Ambassador: Elizabeth Warren

Bernie: No title—but he's giving good advice. 

The mood?
Progressive. Focused. Unbothered.
Let’s go. 🇺🇸",2025-07-11T18:27:01+07:00,,3674321030383733003,threads,threads.com,threads_crawler_v1,https://www.threads.net/@djmelodie/post/DL9z4J-xQkL,https://instagram.fhan4-5.fna.fbcdn.net/v/t51.2885-19/97373758_273754726996299_968805456447275008_n.jpg?stp=dst-jpg_s150x150_tt6&efg=eyJ2ZW5jb2RlX3RhZyI6InByb2ZpbGVfcGljLmRqYW5nby4xMDgwLmMyIn0&_nc_ht=instagram.fhan4-5.fna.fbcdn.net&_nc_cat=103&_nc_oc=Q6cZ2QHoNdZ1mDa62vIyE2jKaNK5SFaLthksSlFwJ1Mf8N3e3bM6OIKQj-TJCZ2YTXICk2o&_nc_ohc=JIzfeH9J7N0Q7kNvwF4kkWW&_nc_gid=cpHClqiSOAl0M3lCUJpgtA&edm=AJhczIQBAAAA&ccb=7-5&oh=00_Afo_vRNYhAx8vPxfaxZLAz8bO_X_oqeVcuEC_MEZI6Me4w&oe=69750ECC&_nc_sid=4a2096,5799,0,44287,1890,0,[],,https://www.threads.net/@djmelodie/post/DL9z4J-xQkL,[],"{'likes': 44287, 'reposts': 1757, 'quotes': 133}",threads,3674321030383733003,Dj Melodie,,"It’s 2028…

President: Gavin Newsom
VP: AOC
SCOTUS: Kamala Harris
Sec. of State: Pete Buttigieg
Attorney General: Jasmine Crockett
Sec. of Education: Tim Walz
Sec. of Defense: Tammy Duckworth
UN Ambassador: Elizabeth Warren

Bernie: No title—but he's giving good advice. 

The mood?
Progressive. Focused. Unbothered.
Let’s go. 🇺🇸",threads,63031215134,djmelodie
[],2026-01-20T15:16:39.455043+07:00,"Street basketball be like: one ball, ten coaches, zero defense 🤣 

#funnyvideos #funny #fun #virals #weekend #fyp #explorepage✨ #funnyreels😂 #insta #ɪɴsᴛᴀʀᴇᴇʟs #entertainment #comedyreels #comedy",2025-10-17T20:28:42+07:00,,3745410285998717937,threads,threads.com,threads_crawler_v1,https://www.threads.net/@khalipha__olowo/post/DP6Xs-jDDvx,https://instagram.fhan3-3.fna.fbcdn.net/v/t51.2885-19/574568283_17927747445117299_4564315662409485007_n.jpg?stp=dst-jpg_s150x150_tt6&efg=eyJ2ZW5jb2RlX3RhZyI6InByb2ZpbGVfcGljLmRqYW5nby42NjguYzIifQ&_nc_ht=instagram.fhan3-3.fna.fbcdn.net&_nc_cat=111&_nc_oc=Q6cZ2QHoNdZ1mDa62vIyE2jKaNK5SFaLthksSlFwJ1Mf8N3e3bM6OIKQj-TJCZ2YTXICk2o&_nc_ohc=CC1ctD-2_2sQ7kNvwGXJ9d0&_nc_gid=cpHClqiSOAl0M3lCUJpgtA&edm=AJhczIQBAAAA&ccb=7-5&oh=00_AfoVJhH4esTfEj_IDFLG9QWko6iysT2FID5vgprO2BFQJQ&oe=69751831&_nc_sid=4a2096,133,0,48787,607,0,"['https://instagram.fhan3-3.fna.fbcdn.net/v/t51.2885-15/567229050_1349901159905401_7659128588880779415_n.jpg?stp=dst-jpg_e15_tt6&efg=eyJ2ZW5jb2RlX3RhZyI6InRocmVhZHMuRkVFRC5pbWFnZV91cmxnZW4uNjQweDExMzYuc2RyLmY3MTg3OC5kZWZhdWx0X2NvdmVyX2ZyYW1lLmMyIn0&_nc_ht=instagram.fhan3-3.fna.fbcdn.net&_nc_cat=101&_nc_oc=Q6cZ2QHoNdZ1mDa62vIyE2jKaNK5SFaLthksSlFwJ1Mf8N3e3bM6OIKQj-TJCZ2YTXICk2o&_nc_ohc=KjvKC-U9FYgQ7kNvwFqUiTd&_nc_gid=cpHClqiSOAl0M3lCUJpgtA&edm=AJhczIQBAAAA&ccb=7-5&ig_cache_key=Mzc0NTQxMDI4NTk5ODcxNzkzNw%3D%3D.3-ccb7-5&oh=00_AfqOR5J31yfg6hFtjSVnRFziVWgwDJi_0mNJ2DOOrlU7Vg&oe=6974F653&_nc_sid=4a2096', 'https://instagram.fhan3-3.fna.fbcdn.net/o1/v/t2/f2/m86/AQO4AjZWyiAYNEaQCnb4-AkSgG28T2frat5o6X6jFs61PDYv4DpkYmcnzW-aQaD3LuSXI76kWhU8LY-YQ8Oj8Dw026LsYuYWtOhX9Bo.mp4?_nc_cat=111&_nc_oc=AdkM132PWe2pVh0zvl5AMVs44IUyd4-dkfYInbrXhqrcpasb1hYf9Xd94Bj48glYlYk&_nc_sid=5e9851&_nc_ht=instagram.fhan3-3.fna.fbcdn.net&_nc_ohc=Tf3q4zHSKywQ7kNvwEwk6VP&efg=eyJ2ZW5jb2RlX3RhZyI6Inhwdl9wcm9ncmVzc2l2ZS5JTlNUQUdSQU0uRkVFRC5DMy43MjAuZGFzaF9iYXNlbGluZV8xX3YxIiwieHB2X2Fzc2V0X2lkIjo3OTQwODczODY2ODUyNTksImFzc2V0X2FnZV9kYXlzIjo5NCwidmlfdXNlY2FzZV9pZCI6MTAwOTksImR1cmF0aW9uX3MiOjgwLCJ1cmxnZW5fc291cmNlIjoid3d3In0%3D&ccb=17-1&_nc_gid=cpHClqiSOAl0M3lCUJpgtA&_nc_zt=28&vs=8ed3da54f26ba728&_nc_vs=HBksFQIYUmlnX3hwdl9yZWVsc19wZXJtYW5lbnRfc3JfcHJvZC8wRTQyODg5NEM2Rjk4MTI5RDdBRTY5MDU2MUMzMzBBRl92aWRlb19kYXNoaW5pdC5tcDQVAALIARIAFQIYOnBhc3N0aHJvdWdoX2V2ZXJzdG9yZS9HSkxLeHlGN2pyS1ZYT1VIQUJlSWVpaXdYUUJWYnN0VEFRQUYVAgLIARIAKAAYABsCiAd1c2Vfb2lsATEScHJvZ3Jlc3NpdmVfcmVjaXBlATEVAAAmlv3UifyN6QIVAigCQzMsF0BUJmZmZmZmGBJkYXNoX2Jhc2VsaW5lXzFfdjERAHXqB2XmnQEA&oh=00_AfpWYjEibBBfVucnNQVgNQngz62R22bpsl6vpOPLeU4cwg&oe=69712C2C']",,https://www.threads.net/@khalipha__olowo/post/DP6Xs-jDDvx,[],"{'likes': 48787, 'reposts': 583, 'quotes': 24}",threads,3745410285998717937,Ismail Abduilazeez,,"Street basketball be like: one ball, ten coaches, zero defense 🤣 

#funnyvideos #funny #fun #virals #weekend #fyp #explorepage✨ #funnyreels😂 #insta #ɪɴsᴛᴀʀᴇᴇʟs #entertainment #comedyreels #comedy",threads,63391445298,khalipha__olowo
[],2026-01-20T15:16:39.455072+07:00,từng là ng lên bài defense Gnarly của Kateyes thì ờmmm...wtf is this hot mess???😭,2026-01-03T05:06:23+07:00,,3801477825812457542,threads,threads.com,threads_crawler_v1,https://www.threads.net/@_noaaahhhh_/post/DTBj_EFE2hG,https://instagram.fhan3-3.fna.fbcdn.net/v/t51.2885-19/613177155_17938603674110281_9153273903550247774_n.jpg?stp=dst-jpg_s150x150_tt6&efg=eyJ2ZW5jb2RlX3RhZyI6InByb2ZpbGVfcGljLmRqYW5nby43MzYuYzIifQ&_nc_ht=instagram.fhan3-3.fna.fbcdn.net&_nc_cat=101&_nc_oc=Q6cZ2QHoNdZ1mDa62vIyE2jKaNK5SFaLthksSlFwJ1Mf8N3e3bM6OIKQj-TJCZ2YTXICk2o&_nc_ohc=Sc8UMle0A7UQ7kNvwHxEbWl&_nc_gid=cpHClqiSOAl0M3lCUJpgtA&edm=AJhczIQBAAAA&ccb=7-5&oh=00_Afq3g-AfEZ4D3v_YVhorm3LjyE_6SL8F9_9-tuocvNDVWA&oe=6975213B&_nc_sid=4a2096,65,0,916,72,0,"['https://instagram.fhan3-4.fna.fbcdn.net/v/t51.2885-15/610879717_1558574552144644_7593790340579763415_n.jpg?stp=dst-jpg_e15_tt6&efg=eyJ2ZW5jb2RlX3RhZyI6InRocmVhZHMuRkVFRC5pbWFnZV91cmxnZW4uNjQweDM2MC5zZHIuZjcxODc4LmRlZmF1bHRfY292ZXJfZnJhbWUuYzIifQ&_nc_ht=instagram.fhan3-4.fna.fbcdn.net&_nc_cat=104&_nc_oc=Q6cZ2QHoNdZ1mDa62vIyE2jKaNK5SFaLthksSlFwJ1Mf8N3e3bM6OIKQj-TJCZ2YTXICk2o&_nc_ohc=ySZjBojcYT0Q7kNvwF03D5I&_nc_gid=cpHClqiSOAl0M3lCUJpgtA&edm=AJhczIQBAAAA&ccb=7-5&ig_cache_key=MzgwMTQ3NzgyNTgxMjQ1NzU0Mg%3D%3D.3-ccb7-5&oh=00_Afp6_5Va-fimaGN47Sobd-UaUpxMsrPgDScwgPviTUeUqA&oe=6975035A&_nc_sid=4a2096', 'https://instagram.fhan3-4.fna.fbcdn.net/o1/v/t16/f2/m84/AQPUXZqbXrKNg29fiaSMUMiuzgd7tWsbCYe9igOH79poh03JD1IqRh63R-EgKYOZ_j81THgNsSGgqPwmTjiFVr8AZTgZuFq-hMzSdLU.mp4?_nc_cat=104&_nc_oc=AdlwZTKhakpDzIMk00ZoEZvBsrHk4mW7NESplaJaTcswx6W_Clm5yLNgEE01dPdrD3s&_nc_sid=5e9851&_nc_ht=instagram.fhan3-4.fna.fbcdn.net&_nc_ohc=Swx3NZ_NszUQ7kNvwEqyxeo&efg=eyJ2ZW5jb2RlX3RhZyI6Inhwdl9wcm9ncmVzc2l2ZS5JTlNUQUdSQU0uRkVFRC5DMy4xMDIwLmRhc2hfYmFzZWxpbmVfMV92MSIsInhwdl9hc3NldF9pZCI6NzMyMDIwNzY5NTg5MDAyLCJhc3NldF9hZ2VfZGF5cyI6MTcsInZpX3VzZWNhc2VfaWQiOjEwMTY0LCJkdXJhdGlvbl9zIjoyNSwidXJsZ2VuX3NvdXJjZSI6Ind3dyJ9&ccb=17-1&_nc_gid=cpHClqiSOAl0M3lCUJpgtA&_nc_zt=28&vs=1df4afcf6cf2774f&_nc_vs=HBksFQIYTGlnX2JhY2tmaWxsX3RpbWVsaW5lX3ZvZC80QzQyMTVEQjk4OUIwOURDMjE3NDZFQjcwNTEwNDQ5NF92aWRlb19kYXNoaW5pdC5tcDQVAALIARIAFQIYOnBhc3N0aHJvdWdoX2V2ZXJzdG9yZS9HRVctVnlSYmdfQmptOU1PQUo0aVNrN2pHM0JYYnNwVEFRQUYVAgLIARIAKAAYABsCiAd1c2Vfb2lsATEScHJvZ3Jlc3NpdmVfcmVjaXBlATEVAAAmlJyE35vxzAIVAigCQzMsF0A5O6XjU_fPGBJkYXNoX2Jhc2VsaW5lXzFfdjERAHXqB2XongEA&oh=00_Afplyn7rGF5kJ5v67_JRHoNeTG2bLlc9YGD4ML3rxGvkOQ&oe=697126B4']",,https://www.threads.net/@_noaaahhhh_/post/DTBj_EFE2hG,[],"{'likes': 916, 'reposts': 62, 'quotes': 10}",threads,3801477825812457542,Thành Trung,,từng là ng lên bài defense Gnarly của Kateyes thì ờmmm...wtf is this hot mess???😭,threads,63120750280,_noaaahhhh_
[],2026-01-20T15:16:39.455110+07:00,"I'm unemployed. As of 5PM today, I officially left my 35-year career as a civil servant with the Department of Defense. I still have years of work ahead, but I couldn't continue serving under this administration. I morally couldn't be a part of the ""Department of War."" My career was spent testing technologies to save our troops' lives, not killing people and invading sovereign nations. And I refuse to violate my oath to uphold and defend the Constitution from all enemies - foreign and DOMESTIC.",2025-10-01T05:31:26+07:00,,3733362279007252018,threads,threads.com,threads_crawler_v1,https://www.threads.net/@crucible_of_thought/post/DPPkTZqEe4y,https://instagram.fhan3-3.fna.fbcdn.net/v/t51.2885-19/459304680_495756886565099_4933002962082754954_n.jpg?stp=dst-jpg_s150x150_tt6&efg=eyJ2ZW5jb2RlX3RhZyI6InByb2ZpbGVfcGljLmRqYW5nby4xMDAxLmMyIn0&_nc_ht=instagram.fhan3-3.fna.fbcdn.net&_nc_cat=111&_nc_oc=Q6cZ2QHoNdZ1mDa62vIyE2jKaNK5SFaLthksSlFwJ1Mf8N3e3bM6OIKQj-TJCZ2YTXICk2o&_nc_ohc=IvLeN1RLXf8Q7kNvwGyMCvV&_nc_gid=cpHClqiSOAl0M3lCUJpgtA&edm=AJhczIQBAAAA&ccb=7-5&oh=00_Afo0H_bF4a4hBwYQaOq96iLrbsyVki23JeVNWYyddFoOmA&oe=6974F464&_nc_sid=4a2096,4128,0,100967,4036,0,['https://instagram.fhan4-1.fna.fbcdn.net/v/t51.2885-15/556800411_17926127082112505_825114732884105746_n.jpg?stp=dst-jpg_e35_tt6&efg=eyJ2ZW5jb2RlX3RhZyI6InRocmVhZHMuRkVFRC5pbWFnZV91cmxnZW4uMTAyNHgxNTM2LnNkci5mODI3ODcuZGVmYXVsdF9pbWFnZS5jMiJ9&_nc_ht=instagram.fhan4-1.fna.fbcdn.net&_nc_cat=105&_nc_oc=Q6cZ2QHoNdZ1mDa62vIyE2jKaNK5SFaLthksSlFwJ1Mf8N3e3bM6OIKQj-TJCZ2YTXICk2o&_nc_ohc=-TdNEX0sd5YQ7kNvwGXx72S&_nc_gid=cpHClqiSOAl0M3lCUJpgtA&edm=AJhczIQBAAAA&ccb=7-5&ig_cache_key=MzczMzM2MjI3OTAwNzI1MjAxOA%3D%3D.3-ccb7-5&oh=00_AfprA9gqF-flYf1HkbcQhzQKxDSa7lEyeOHQRsa_X6TNcg&oe=69750D07&_nc_sid=4a2096'],,https://www.threads.net/@crucible_of_thought/post/DPPkTZqEe4y,[],"{'likes': 100967, 'reposts': 3884, 'quotes': 152}",threads,3733362279007252018,Brandon @ Crucible of Thought,,"I'm unemployed. As of 5PM today, I officially left my 35-year career as a civil servant with the Department of Defense. I still have years of work ahead, but I couldn't continue serving under this administration. I morally couldn't be a part of the ""Department of War."" My career was spent testing technologies to save our troops' lives, not killing people and invading sovereign nations. And I refuse to violate my oath to uphold and defend the Constitution from all enemies - foreign and DOMESTIC.",threads,63463208504,crucible_of_thought
[],2026-01-20T15:16:39.455173+07:00,Power to the People - Black Panther Party for Self-Defense is Recruiting To Help People Protect All People from ICE,2026-01-16T06:11:07+07:00,,3810933222906451620,threads,threads.com,threads_crawler_v1,https://www.threads.net/@nelson_rs_/post/DTjJ5M2Etak,https://instagram.fhan3-4.fna.fbcdn.net/v/t51.2885-19/489376792_979432710969834_4677816369269376926_n.jpg?stp=dst-jpg_s150x150_tt6&efg=eyJ2ZW5jb2RlX3RhZyI6InByb2ZpbGVfcGljLmRqYW5nby4xMDgwLmMyIn0&_nc_ht=instagram.fhan3-4.fna.fbcdn.net&_nc_cat=106&_nc_oc=Q6cZ2QHoNdZ1mDa62vIyE2jKaNK5SFaLthksSlFwJ1Mf8N3e3bM6OIKQj-TJCZ2YTXICk2o&_nc_ohc=Ooif53HZCrgQ7kNvwH04X1V&_nc_gid=cpHClqiSOAl0M3lCUJpgtA&edm=AJhczIQBAAAA&ccb=7-5&oh=00_AfrlWfrKTs8MPJPYLMUqudNH6ORyUixn2iMRyGJ0cRbMUw&oe=6974FE4D&_nc_sid=4a2096,349,0,3717,628,0,"['https://instagram.fhan3-4.fna.fbcdn.net/v/t15.5256-10/615880873_1698322154865880_6090278391093749963_n.jpg?stp=dst-jpg_e15_tt6&efg=eyJ2ZW5jb2RlX3RhZyI6InRocmVhZHMuRkVFRC5pbWFnZV91cmxnZW4uNTc2eDEwMjQuc2RyLmY1MjU2LmZpcnN0X2ZyYW1lX3RodW1ibmFpbC5jMiJ9&_nc_ht=instagram.fhan3-4.fna.fbcdn.net&_nc_cat=104&_nc_oc=Q6cZ2QHoNdZ1mDa62vIyE2jKaNK5SFaLthksSlFwJ1Mf8N3e3bM6OIKQj-TJCZ2YTXICk2o&_nc_ohc=DLoV0YYtBagQ7kNvwGzQImS&_nc_gid=cpHClqiSOAl0M3lCUJpgtA&edm=AJhczIQAAAAA&ccb=7-5&ig_cache_key=MzgxMDkzMzIyMjkwNjQ1MTYyMA%3D%3D.3-ccb7-5&oh=00_AfohmsEMIQuVZs4qhgdBMxa_LUNcQMD5Ikj218ohGep-iw&oe=697526EC&_nc_sid=4a2096', 'https://instagram.fhan4-6.fna.fbcdn.net/o1/v/t2/f2/m366/AQMUCITT4QoGCDEfjeO032LCldZ7bw5D8hQJ9ZS3vQal7-YnIyOR34MCtlqxti9XJ3O2VNmqDnKfSfVhwyVUy5b2v9OHvmsrMRYjgrOq7cpVJQ.mp4?_nc_cat=109&_nc_oc=AdlESUYXy9DMEBiiY01kNmLMLovgEH_5CoBUHIaAtLlQIyAcDAaviZAcKbnkn6rj4qk&_nc_sid=5e9851&_nc_ht=instagram.fhan4-6.fna.fbcdn.net&_nc_ohc=Wu4XveOeIekQ7kNvwFFRELe&efg=eyJ2ZW5jb2RlX3RhZyI6Inhwdl9wcm9ncmVzc2l2ZS5JTlNUQUdSQU0uRkVFRC5DMy41NzYuZGFzaF9oMjY0LWJhc2ljLWdlbjJfNzIwcCIsInhwdl9hc3NldF9pZCI6MTQzODUxNzEzNzkwMzUzNywiYXNzZXRfYWdlX2RheXMiOjQsInZpX3VzZWNhc2VfaWQiOjEwMTIzLCJkdXJhdGlvbl9zIjoxNDgsInVybGdlbl9zb3VyY2UiOiJ3d3cifQ%3D%3D&ccb=17-1&_nc_gid=cpHClqiSOAl0M3lCUJpgtA&_nc_zt=28&vs=d85dfd45f5f1735d&_nc_vs=HBksFQIYRWZiX2VwaGVtZXJhbC9ENTQzMDM4QkIwNTlCMjhFQUI0MzlCMDQwQzZBQzdCMV9tdF8xX3ZpZGVvX2Rhc2hpbml0Lm1wNBUAAsgBEgAVAhhAZmJfcGVybWFuZW50L0I1NDJCQzgwMzUyRDRDQkFERDQ1MUQ0MkY3MDEzQjgyX2F1ZGlvX2Rhc2hpbml0Lm1wNBUCAsgBEgAoABgAGwKIB3VzZV9vaWwBMRJwcm9ncmVzc2l2ZV9yZWNpcGUBMRUAACbivpDw25SOBRUCKAJDMywXQGKczMzMzM0YGWRhc2hfaDI2NC1iYXNpYy1nZW4yXzcyMHARAHXqB2WWngEA&oh=00_Afod-Nfk0CQ1ltxVlYK6Y8K__eocQVzcSZRMjZbbNWbzXA&oe=69751003']",,https://www.threads.net/@nelson_rs_/post/DTjJ5M2Etak,[],"{'likes': 3717, 'reposts': 586, 'quotes': 42}",threads,3810933222906451620,Nelson,,Power to the People - Black Panther Party for Self-Defense is Recruiting To Help People Protect All People from ICE,threads,68966604447,nelson_rs_
[],2026-01-20T15:16:39.455213+07:00,Trade Cj Stroud for Joe Burrow or Josh Allen. He doesn’t deserve to have a number one defense #cjstroud #houstontexans #nfl #nflplayoffs,2026-01-19T06:23:24+07:00,,3813113750455403831,threads,threads.com,threads_crawler_v1,https://www.threads.net/@cheddathegoat71/post/DTq5sDYDUU3,https://instagram.fhan3-4.fna.fbcdn.net/v/t51.2885-19/431334602_717087107241186_4186041595708746873_n.jpg?stp=dst-jpg_s150x150_tt6&efg=eyJ2ZW5jb2RlX3RhZyI6InByb2ZpbGVfcGljLmRqYW5nby4xMDA2LmMyIn0&_nc_ht=instagram.fhan3-4.fna.fbcdn.net&_nc_cat=106&_nc_oc=Q6cZ2QHoNdZ1mDa62vIyE2jKaNK5SFaLthksSlFwJ1Mf8N3e3bM6OIKQj-TJCZ2YTXICk2o&_nc_ohc=ijwt9nvyR-8Q7kNvwEGkayC&_nc_gid=cpHClqiSOAl0M3lCUJpgtA&edm=AJhczIQBAAAA&ccb=7-5&oh=00_AfoZIBJSDPcDoPlqGS-A5aTHxq1da6yQ1NSE0-GXETFvTA&oe=69751F6D&_nc_sid=4a2096,170,0,479,29,0,"['https://instagram.fhan4-5.fna.fbcdn.net/v/t51.2885-15/618642133_26268760552731543_6457055476470092269_n.jpg?stp=dst-jpg_e15_tt6&efg=eyJ2ZW5jb2RlX3RhZyI6InRocmVhZHMuRkVFRC5pbWFnZV91cmxnZW4uNjQweDExMzYuc2RyLmY3MTg3OC5kZWZhdWx0X2NvdmVyX2ZyYW1lLmMyIn0&_nc_ht=instagram.fhan4-5.fna.fbcdn.net&_nc_cat=103&_nc_oc=Q6cZ2QHoNdZ1mDa62vIyE2jKaNK5SFaLthksSlFwJ1Mf8N3e3bM6OIKQj-TJCZ2YTXICk2o&_nc_ohc=oCpUt_IS1SMQ7kNvwGS0bSU&_nc_gid=cpHClqiSOAl0M3lCUJpgtA&edm=AJhczIQBAAAA&ccb=7-5&ig_cache_key=MzgxMzExMzc1MDQ1NTQwMzgzMQ%3D%3D.3-ccb7-5&oh=00_AfqxP6kOvJBehkt7RCcRc4aaFMUG5Ccb2vi0TW8fSAa5KA&oe=6974F0C6&_nc_sid=4a2096', 'https://instagram.fhan3-4.fna.fbcdn.net/o1/v/t16/f2/m69/AQN3ym2mYGmjgSREqhgitaMHkXYG1SUCoYPEjpDC-YAY-YZIH7vA6d2D4yMnU4ELHLXmYMsTHij67eMZKpBnapqa.mp4?strext=1&_nc_cat=106&_nc_oc=AdlkxycFrymshVdrEvX37Lqv31dLWbFTSXHpOnbSz0VigvVFmxjQHOWDI-tt57P3bA4&_nc_sid=5e9851&_nc_ht=instagram.fhan3-4.fna.fbcdn.net&_nc_ohc=TrCyxn-ok7EQ7kNvwFIosPF&efg=eyJ2ZW5jb2RlX3RhZyI6Inhwdl9wcm9ncmVzc2l2ZS5JTlNUQUdSQU0uRkVFRC5DMy43MjAuZGFzaF9iYXNlbGluZV8xX3YxIiwieHB2X2Fzc2V0X2lkIjoxNzkzNDE1NjI0MzE2MDY4NSwiYXNzZXRfYWdlX2RheXMiOjEsInZpX3VzZWNhc2VfaWQiOjEwMDk5LCJkdXJhdGlvbl9zIjoxNTQsInVybGdlbl9zb3VyY2UiOiJ3d3cifQ%3D%3D&ccb=17-1&_nc_gid=cpHClqiSOAl0M3lCUJpgtA&_nc_zt=28&vs=511fca3199926c76&_nc_vs=HBksFQIYOnBhc3N0aHJvdWdoX2V2ZXJzdG9yZS9HSjd1MHlSQmlwb2Mwak1EQUxSaGJKbVZaNmNuYnNwVEFRQUYVAALIARIAFQIYUWlnX3hwdl9wbGFjZW1lbnRfcGVybWFuZW50X3YyL0ZCNEFFMjRDQTNGMDc3N0U5NzUzMEFBNEM0RjMxMEEyX2F1ZGlvX2Rhc2hpbml0Lm1wNBUCAsgBEgAoABgAGwKIB3VzZV9vaWwBMRJwcm9ncmVzc2l2ZV9yZWNpcGUBMRUAACbaucLDpMHbPxUCKAJDMywXQGNKp--dsi0YEmRhc2hfYmFzZWxpbmVfMV92MREAdeoHZeadAQA&oh=00_AfoBaSXUqB7eLkavsDe_m9mmkiclbwqDH0D4A3ThTcSBZA&oe=697521E6']",,https://www.threads.net/@cheddathegoat71/post/DTq5sDYDUU3,[],"{'likes': 479, 'reposts': 27, 'quotes': 2}",threads,3813113750455403831,Chedda ThaGoat,,Trade Cj Stroud for Joe Burrow or Josh Allen. He doesn’t deserve to have a number one defense #cjstroud #houstontexans #nfl #nflplayoffs,threads,65011320684,cheddathegoat71
[],2026-01-20T15:16:39.455253+07:00,#1 defense where!!!!!??? #PatriotNation,2026-01-19T06:28:02+07:00,,3813116095381684065,threads,threads.com,threads_crawler_v1,https://www.threads.net/@870motown/post/DTq6OLQjL9h,https://instagram.fhan4-3.fna.fbcdn.net/v/t51.2885-19/448513247_495719323021284_3860938512704681582_n.jpg?stp=dst-jpg_s150x150_tt6&efg=eyJ2ZW5jb2RlX3RhZyI6InByb2ZpbGVfcGljLmRqYW5nby4xMDgwLmMyIn0&_nc_ht=instagram.fhan4-3.fna.fbcdn.net&_nc_cat=100&_nc_oc=Q6cZ2QHoNdZ1mDa62vIyE2jKaNK5SFaLthksSlFwJ1Mf8N3e3bM6OIKQj-TJCZ2YTXICk2o&_nc_ohc=GMbsaAbOj4oQ7kNvwHQHEuN&_nc_gid=cpHClqiSOAl0M3lCUJpgtA&edm=AJhczIQBAAAA&ccb=7-5&oh=00_AfoinIvTKzWXfKNi57d1m-4DQKnX9mTUinRndXzcRB84tg&oe=6974F35B&_nc_sid=4a2096,391,0,487,33,0,['https://instagram.fhan4-5.fna.fbcdn.net/v/t39.30808-6/616214724_10164118596241815_5859161065215988741_n.jpg?stp=cp6_dst-jpg_e35_tt6&efg=eyJ2ZW5jb2RlX3RhZyI6InRocmVhZHMuRkVFRC5pbWFnZV91cmxnZW4uMTA4MHgzNTkuc2RyLmYzMDgwOC5kZWZhdWx0X2ltYWdlLmMyIn0&_nc_ht=instagram.fhan4-5.fna.fbcdn.net&_nc_cat=103&_nc_oc=Q6cZ2QHoNdZ1mDa62vIyE2jKaNK5SFaLthksSlFwJ1Mf8N3e3bM6OIKQj-TJCZ2YTXICk2o&_nc_ohc=CCOyrBFyN5AQ7kNvwFRXlio&_nc_gid=cpHClqiSOAl0M3lCUJpgtA&edm=AJhczIQAAAAA&ccb=7-5&ig_cache_key=MzgxMzExNjA5NTM4MTY4NDA2NQ%3D%3D.3-ccb7-5&oh=00_Afq79U2X01h-hm0BoJuPUlHiNFMD_3qvM_WeZoLsc6rS2Q&oe=69750782&_nc_sid=4a2096'],,https://www.threads.net/@870motown/post/DTq6OLQjL9h,[],"{'likes': 487, 'reposts': 29, 'quotes': 4}",threads,3813116095381684065,Octamo Sykes,,#1 defense where!!!!!??? #PatriotNation,threads,67087895418,870motown
[],2026-01-20T15:16:39.455298+07:00,"New @demonflyingfox video about Greenland

The Democratic Penguins Republic 

Shows how the penguins of Heard and Mcdonnald Island came to be in Greenland helping the defense 

I want to move to this world",2026-01-15T19:42:07+07:00,,3810614648874541140,threads,threads.com,threads_crawler_v1,https://www.threads.net/@jaybeeoz/post/DTiBdVqESBU,https://instagram.fhan4-3.fna.fbcdn.net/v/t51.2885-19/487810276_652266990860604_2512500383648107459_n.jpg?stp=dst-jpg_s150x150_tt6&efg=eyJ2ZW5jb2RlX3RhZyI6InByb2ZpbGVfcGljLmRqYW5nby4zMjAuYzIifQ&_nc_ht=instagram.fhan4-3.fna.fbcdn.net&_nc_cat=100&_nc_oc=Q6cZ2QHoNdZ1mDa62vIyE2jKaNK5SFaLthksSlFwJ1Mf8N3e3bM6OIKQj-TJCZ2YTXICk2o&_nc_ohc=Tf_qGQAPQkMQ7kNvwHQ3e3M&_nc_gid=cpHClqiSOAl0M3lCUJpgtA&edm=AJhczIQBAAAA&ccb=7-5&oh=00_Afo11Lt5gI8zhUxWmOQ6zb2qOAc4gRSWYz_-ea1fKsmGIQ&oe=69750F55&_nc_sid=4a2096,177,0,2785,626,0,"['https://instagram.fhan4-6.fna.fbcdn.net/v/t51.2885-15/616913475_1305474478013840_5154636378537785816_n.jpg?stp=dst-jpg_e15_tt6&efg=eyJ2ZW5jb2RlX3RhZyI6InRocmVhZHMuRkVFRC5pbWFnZV91cmxnZW4uNjQweDQyNi5zZHIuZjcxODc4LmRlZmF1bHRfY292ZXJfZnJhbWUuYzIifQ&_nc_ht=instagram.fhan4-6.fna.fbcdn.net&_nc_cat=108&_nc_oc=Q6cZ2QHoNdZ1mDa62vIyE2jKaNK5SFaLthksSlFwJ1Mf8N3e3bM6OIKQj-TJCZ2YTXICk2o&_nc_ohc=96rr8L3BWisQ7kNvwHVn7as&_nc_gid=cpHClqiSOAl0M3lCUJpgtA&edm=AJhczIQBAAAA&ccb=7-5&ig_cache_key=MzgxMDYxNDY0ODg3NDU0MTE0MA%3D%3D.3-ccb7-5&oh=00_Afo_DY1mm_6ZQBVB1NtjG3KLIZWq0RjgXY6c-BrIoBgI9A&oe=697507AC&_nc_sid=4a2096', 'https://instagram.fhan4-3.fna.fbcdn.net/o1/v/t16/f2/m84/AQM3F96ZoOcutUD2q2nWu4Z3-6zWMuQAENsG9SwJnrdlR8mLZ3NMjZQXZoQSU5eJ5zHLraSxFzCg2VvFuhuZ_gt9fbns9BlgyrkqKbI.mp4?_nc_cat=110&_nc_oc=AdkMn6jIDoeh8vOYZfByDehhdLPvTp92l3hxuXiwxWbLRaevY9YDrGlDsSbKGoeLv2Q&_nc_sid=5e9851&_nc_ht=instagram.fhan4-3.fna.fbcdn.net&_nc_ohc=dOsin43nsg4Q7kNvwEoTrvu&efg=eyJ2ZW5jb2RlX3RhZyI6Inhwdl9wcm9ncmVzc2l2ZS5JTlNUQUdSQU0uRkVFRC5DMy4xMDgwLmRhc2hfYmFzZWxpbmVfMV92MSIsInhwdl9hc3NldF9pZCI6ODc5OTAzMDY3OTg1NjEyLCJhc3NldF9hZ2VfZGF5cyI6NCwidmlfdXNlY2FzZV9pZCI6MTAxNjQsImR1cmF0aW9uX3MiOjEyNywidXJsZ2VuX3NvdXJjZSI6Ind3dyJ9&ccb=17-1&_nc_gid=cpHClqiSOAl0M3lCUJpgtA&_nc_zt=28&vs=11cf36938d4a9960&_nc_vs=HBksFQIYTGlnX2JhY2tmaWxsX3RpbWVsaW5lX3ZvZC9FRTQ1NUZBN0NGOTM0RTU3MDU2NUNGNkNDMDJFMDhCMl92aWRlb19kYXNoaW5pdC5tcDQVAALIARIAFQIYOnBhc3N0aHJvdWdoX2V2ZXJzdG9yZS9HRzZReENTQmlMLV9GcjRGQU5xNFBDTzZJSjFQYnNwVEFRQUYVAgLIARIAKAAYABsCiAd1c2Vfb2lsATEScHJvZ3Jlc3NpdmVfcmVjaXBlATEVAAAmmNvu3IyRkAMVAigCQzMsF0Bf92yLQ5WBGBJkYXNoX2Jhc2VsaW5lXzFfdjERAHXqB2XongEA&oh=00_AfpiIqQp44gze0f6GVDP_e5oAMBRxH8FoQGJPadbcV8I4Q&oe=69712562']",,https://www.threads.net/@jaybeeoz/post/DTiBdVqESBU,[],"{'likes': 2785, 'reposts': 564, 'quotes': 62}",threads,3810614648874541140,Janet Burgess,Greenland Is Not For Sale,"New @demonflyingfox video about Greenland

The Democratic Penguins Republic 

Shows how the penguins of Heard and Mcdonnald Island came to be in Greenland helping the defense 

I want to move to this world",threads,63373383332,jaybeeoz
[],2026-01-20T15:16:39.455345+07:00,"Texans fans, hell NFL fans, let me know when you see what’s wrong with this @espn graphic on the Texans starting defense.

How the hell do you make this mistake in the playoffs????",2026-01-13T08:30:40+07:00,,3808829162560525856,threads,threads.com,threads_crawler_v1,https://www.threads.net/@emmanuelacho/post/DTbrfF8kZYg,https://instagram.fhan3-3.fna.fbcdn.net/v/t51.2885-19/357843495_637590438325751_3614522074858773867_n.jpg?stp=dst-jpg_s150x150_tt6&efg=eyJ2ZW5jb2RlX3RhZyI6InByb2ZpbGVfcGljLmRqYW5nby4xMDgwLmMyIn0&_nc_ht=instagram.fhan3-3.fna.fbcdn.net&_nc_cat=1&_nc_oc=Q6cZ2QHoNdZ1mDa62vIyE2jKaNK5SFaLthksSlFwJ1Mf8N3e3bM6OIKQj-TJCZ2YTXICk2o&_nc_ohc=n9dL14qscxIQ7kNvwFDDkGl&_nc_gid=cpHClqiSOAl0M3lCUJpgtA&edm=AJhczIQBAAAA&ccb=7-5&oh=00_AfpX55jrwaVsM0peXcccKdtlsKEEtduN4-JhuAM1nn-dvA&oe=6974F349&_nc_sid=4a2096,97,0,491,6,0,['https://instagram.fhan3-3.fna.fbcdn.net/v/t51.2885-15/611730200_17936047584115885_7816459091599054902_n.jpg?stp=cp6_dst-jpg_e35_tt6&efg=eyJ2ZW5jb2RlX3RhZyI6InRocmVhZHMuRkVFRC5pbWFnZV91cmxnZW4uMTE3OXg2NDEuc2RyLmY4Mjc4Ny5kZWZhdWx0X2ltYWdlLmMyIn0&_nc_ht=instagram.fhan3-3.fna.fbcdn.net&_nc_cat=101&_nc_oc=Q6cZ2QHoNdZ1mDa62vIyE2jKaNK5SFaLthksSlFwJ1Mf8N3e3bM6OIKQj-TJCZ2YTXICk2o&_nc_ohc=KA0FWeDUHNYQ7kNvwFA0twM&_nc_gid=cpHClqiSOAl0M3lCUJpgtA&edm=AJhczIQBAAAA&ccb=7-5&ig_cache_key=MzgwODgyOTE2MjU2MDUyNTg1Ng%3D%3D.3-ccb7-5&oh=00_Afqou77OuhQBSDkU7ZCYVHmbK1CnTTz_h5oDATHR01AUvw&oe=69750A45&_nc_sid=4a2096'],,https://www.threads.net/@emmanuelacho/post/DTbrfF8kZYg,[],"{'likes': 491, 'reposts': 5, 'quotes': 1}",threads,3808829162560525856,Emmanuel Acho,,"Texans fans, hell NFL fans, let me know when you see what’s wrong with this @espn graphic on the Texans starting defense.

How the hell do you make this mistake in the playoffs????",threads,63429963884,emmanuelacho
[],2026-01-20T15:16:39.455390+07:00,"Welp! It’s that time of year again when my friends remind me I’m an idiot for not responding to that producer who wanted me to be on Traitors. 

In my defense it was season ONE when I had no idea what it was but still…",2026-01-10T06:10:15+07:00,,3806584161294222264,threads,threads.com,threads_crawler_v1,https://www.threads.net/@bluecentric/post/DTTtCBlkgO4,https://instagram.fhan4-3.fna.fbcdn.net/v/t51.2885-19/325417530_6083638641698950_6131197869290487806_n.jpg?stp=dst-jpg_s150x150_tt6&efg=eyJ2ZW5jb2RlX3RhZyI6InByb2ZpbGVfcGljLmRqYW5nby4xMDgwLmMyIn0&_nc_ht=instagram.fhan4-3.fna.fbcdn.net&_nc_cat=110&_nc_oc=Q6cZ2QHoNdZ1mDa62vIyE2jKaNK5SFaLthksSlFwJ1Mf8N3e3bM6OIKQj-TJCZ2YTXICk2o&_nc_ohc=uRS-q_nBx9EQ7kNvwGD0CiX&_nc_gid=cpHClqiSOAl0M3lCUJpgtA&edm=AJhczIQBAAAA&ccb=7-5&oh=00_Afqlq45NknvN6FJWWJcXpkO4Or81Su4oRMK5LWb1F51XAA&oe=6974F377&_nc_sid=4a2096,18,0,339,0,0,[],,https://www.threads.net/@bluecentric/post/DTTtCBlkgO4,[],"{'likes': 339, 'reposts': 0, 'quotes': 0}",threads,3806584161294222264,Bluecentric,Traitors US,"Welp! It’s that time of year again when my friends remind me I’m an idiot for not responding to that producer who wanted me to be on Traitors. 

In my defense it was season ONE when I had no idea what it was but still…",threads,63102520216,bluecentric
[],2026-01-20T15:16:39.455436+07:00,"Breaking news: The Washington Post joined the New York Times, CNN and the Atlantic in refusing to sign the Defense Department’s restrictive new press policy, citing First Amendment concerns. ",2025-10-14T02:19:18+07:00,,3742687625052974554,threads,threads.com,threads_crawler_v1,https://www.threads.net/@washingtonpost/post/DPwspC8iG3a,https://instagram.fhan3-3.fna.fbcdn.net/v/t51.2885-19/358021486_215706174765852_8898808143729821964_n.jpg?stp=dst-jpg_s150x150_tt6&efg=eyJ2ZW5jb2RlX3RhZyI6InByb2ZpbGVfcGljLmRqYW5nby41MTIuYzIifQ&_nc_ht=instagram.fhan3-3.fna.fbcdn.net&_nc_cat=1&_nc_oc=Q6cZ2QHoNdZ1mDa62vIyE2jKaNK5SFaLthksSlFwJ1Mf8N3e3bM6OIKQj-TJCZ2YTXICk2o&_nc_ohc=xv87UnC2IeUQ7kNvwEpiYrr&_nc_gid=cpHClqiSOAl0M3lCUJpgtA&edm=AJhczIQBAAAA&ccb=7-5&oh=00_AfpQ-P0dNJKyK53Z_O4NBxEN90zfDsFPdj3Nmko4LC3K0g&oe=69751E14&_nc_sid=4a2096,361,0,23058,1679,0,[],,https://www.threads.net/@washingtonpost/post/DPwspC8iG3a,[],"{'likes': 23058, 'reposts': 1590, 'quotes': 89}",threads,3742687625052974554,The Washington Post,,"Breaking news: The Washington Post joined the New York Times, CNN and the Atlantic in refusing to sign the Defense Department’s restrictive new press policy, citing First Amendment concerns. https://wapo.st/3J2kQyn",threads,63043391828,washingtonpost
[],2026-01-20T15:16:39.455476+07:00,"Stocks that caught my eye today 👀

1. NFLX (Netflix) - NFL game broadcast drew record viewership.

2. NKE (Nike) - CEO and Tim Cook bought shares.

3. TSLA (Tesla) - Weaker delivery numbers pre-released.

4. NEE (NextEra Energy) - $4B ATM stock offering announced.

5. KTOS (Kratos Defense) - $30M defense contract secured.

6. ONDS (Ondas Holdings) - $10M new orders received.

These stood out to me - did I miss anything? Share your picks below!",2026-01-02T18:01:39+07:00,,3801143981301399473,threads,threads.com,threads_crawler_v1,https://www.threads.net/@investo.graphics/post/DTAYE_JlX-x,https://instagram.fhan3-3.fna.fbcdn.net/v/t51.2885-19/473167595_461628733481185_7313911964279134863_n.jpg?stp=dst-jpg_s150x150_tt6&efg=eyJ2ZW5jb2RlX3RhZyI6InByb2ZpbGVfcGljLmRqYW5nby41MTIuYzIifQ&_nc_ht=instagram.fhan3-3.fna.fbcdn.net&_nc_cat=101&_nc_oc=Q6cZ2QHoNdZ1mDa62vIyE2jKaNK5SFaLthksSlFwJ1Mf8N3e3bM6OIKQj-TJCZ2YTXICk2o&_nc_ohc=7bfeWqlb8jkQ7kNvwHpaYz2&_nc_gid=cpHClqiSOAl0M3lCUJpgtA&edm=AJhczIQBAAAA&ccb=7-5&oh=00_AfopaVYHKiQa5Y5WkONjaOouuDxTKEWIbnbzXBj2jqg5Zg&oe=6974F0F2&_nc_sid=4a2096,17,0,88,10,0,[],,https://www.threads.net/@investo.graphics/post/DTAYE_JlX-x,[],"{'likes': 88, 'reposts': 10, 'quotes': 0}",threads,3801143981301399473,InvestoGraphics,,"Stocks that caught my eye today 👀

1. NFLX (Netflix) - NFL game broadcast drew record viewership.

2. NKE (Nike) - CEO and Tim Cook bought shares.

3. TSLA (Tesla) - Weaker delivery numbers pre-released.

4. NEE (NextEra Energy) - $4B ATM stock offering announced.

5. KTOS (Kratos Defense) - $30M defense contract secured.

6. ONDS (Ondas Holdings) - $10M new orders received.

These stood out to me - did I miss anything? Share your picks below!",threads,72036290504,investo.graphics
[],2026-01-20T15:16:39.455519+07:00,"This part of Zootopia 2 sent me 🤣🤣🤣

Bogo: “Is there a reason you don’t take anything seriously?!” 

Nick: “jokes are a classic defense mechanism for someone with a traumatic childhood” 

Bogo: “Would you like a traumatic Adulthood?” 

Nick: “….I would not”",2025-12-03T05:21:49+07:00,,3779018308830880262,threads,threads.com,threads_crawler_v1,https://www.threads.net/@bibbidi.bobbidi.beard/post/DRxxSE5j-IG,https://instagram.fhan3-4.fna.fbcdn.net/v/t51.2885-19/313826665_784486336181694_7847251036366100105_n.jpg?stp=dst-jpg_s150x150_tt6&efg=eyJ2ZW5jb2RlX3RhZyI6InByb2ZpbGVfcGljLmRqYW5nby4xMDgwLmMyIn0&_nc_ht=instagram.fhan3-4.fna.fbcdn.net&_nc_cat=106&_nc_oc=Q6cZ2QHoNdZ1mDa62vIyE2jKaNK5SFaLthksSlFwJ1Mf8N3e3bM6OIKQj-TJCZ2YTXICk2o&_nc_ohc=LFJ32fqCn7oQ7kNvwHfVPq_&_nc_gid=cpHClqiSOAl0M3lCUJpgtA&edm=AJhczIQBAAAA&ccb=7-5&oh=00_Afribvg4OKr5U_co4ZYGAQXPdV11A-RTtUUOTaAIRqiKvQ&oe=6974FE3D&_nc_sid=4a2096,47,0,5343,357,0,[],,https://www.threads.net/@bibbidi.bobbidi.beard/post/DRxxSE5j-IG,[],"{'likes': 5343, 'reposts': 348, 'quotes': 9}",threads,3779018308830880262,Cole Manning,Zootopia 2,"This part of Zootopia 2 sent me 🤣🤣🤣

Bogo: “Is there a reason you don’t take anything seriously?!” 

Nick: “jokes are a classic defense mechanism for someone with a traumatic childhood” 

Bogo: “Would you like a traumatic Adulthood?” 

Nick: “….I would not”",threads,63477809514,bibbidi.bobbidi.beard
[],2026-01-20T15:16:39.455559+07:00,"DHS Secretary Kristi Noem confirmed he was hit by the vehicle and hospitalized.
Border Patrol Commander Gregory Bovino says Ross is now in a safe location after credible threats.

Federal officials maintain it was SELF-DEFENSE.
Facts matter.",2026-01-15T06:29:56+07:00,,3810217953388409875,threads,threads.com,threads_crawler_v1,https://www.threads.net/@governor_rm/post/DTgnQqMiDQT,https://instagram.fhan3-3.fna.fbcdn.net/v/t51.2885-19/603087369_18433745626106852_4678528121070524258_n.jpg?stp=dst-jpg_s150x150_tt6&efg=eyJ2ZW5jb2RlX3RhZyI6InByb2ZpbGVfcGljLmRqYW5nby44NTYuYzIifQ&_nc_ht=instagram.fhan3-3.fna.fbcdn.net&_nc_cat=1&_nc_oc=Q6cZ2QF9FjVDqgToStwunZhOSuPHUxpwwEGdmSibk17hPNgKN74eVZb8k6c6w7DtznaLbUU&_nc_ohc=O-qrfEuGCCsQ7kNvwHoiIfM&_nc_gid=p8LRhCWQ6DtL_y4O908-Yg&edm=AJhczIQBAAAA&ccb=7-5&oh=00_AfoNhoygZ7RcVy1TIL-fPdTaH4cu7tHfjrQVpxkpBXnAag&oe=697522FD&_nc_sid=4a2096,202,0,49,2,0,['https://instagram.fhan3-3.fna.fbcdn.net/v/t51.2885-15/615871839_17938519245111983_8911911974750321597_n.jpg?stp=dst-jpg_e35_tt6&efg=eyJ2ZW5jb2RlX3RhZyI6InRocmVhZHMuRkVFRC5pbWFnZV91cmxnZW4uMTA4MHgxMzUwLnNkci5mODI3ODcuZGVmYXVsdF9pbWFnZS5jMiJ9&_nc_ht=instagram.fhan3-3.fna.fbcdn.net&_nc_cat=111&_nc_oc=Q6cZ2QF9FjVDqgToStwunZhOSuPHUxpwwEGdmSibk17hPNgKN74eVZb8k6c6w7DtznaLbUU&_nc_ohc=hDfNvojRqOwQ7kNvwGJ9YEb&_nc_gid=p8LRhCWQ6DtL_y4O908-Yg&edm=AJhczIQBAAAA&ccb=7-5&ig_cache_key=MzgxMDIxNzk1MzM4ODQwOTg3NQ%3D%3D.3-ccb7-5&oh=00_Afr92l5IeM4QeXSA-c--xZBCxl-TiooYyj0n5X4rMB9iWg&oe=69750099&_nc_sid=4a2096'],,https://www.threads.net/@governor_rm/post/DTgnQqMiDQT,[],"{'likes': 49, 'reposts': 1, 'quotes': 1}",threads,3810217953388409875,moneyman,,"DHS Secretary Kristi Noem confirmed he was hit by the vehicle and hospitalized.
Border Patrol Commander Gregory Bovino says Ross is now in a safe location after credible threats.

Federal officials maintain it was SELF-DEFENSE.
Facts matter.",threads,63248615982,governor_rm
[],2026-01-20T15:16:39.455601+07:00,"Pitch: Nic and Olandria at a football game. The crowd is going wild. Nicolandria cheer. Nicolandria go to kiss, but she notices his lips. 

She pulls out a jar of Vaseline Lip Therapy Balm Mini or Vaseline Lip Therapy Advanced Healing Lip Balm and makes him put it on. 

Nic: You are the best defense to the cold. 
Olandria: We’ll be on offense together and let Vaseline play defense. 
Nic: I guess this is OUR lip combo. 
::pockets it::
Olandria: You stay stealing my stuff.

Second option below ⬇️",2026-01-18T22:51:35+07:00,,3812886353907104275,threads,threads.com,threads_crawler_v1,https://www.threads.net/@thenikeviki/post/DTqF-_1kToT,https://instagram.fhan4-3.fna.fbcdn.net/v/t51.2885-19/357757513_3618432708385800_1697909913018296679_n.jpg?stp=dst-jpg_s150x150_tt6&efg=eyJ2ZW5jb2RlX3RhZyI6InByb2ZpbGVfcGljLmRqYW5nby4xMDgwLmMyIn0&_nc_ht=instagram.fhan4-3.fna.fbcdn.net&_nc_cat=100&_nc_oc=Q6cZ2QF9FjVDqgToStwunZhOSuPHUxpwwEGdmSibk17hPNgKN74eVZb8k6c6w7DtznaLbUU&_nc_ohc=gWjsPgyl_zUQ7kNvwGWlmMT&_nc_gid=p8LRhCWQ6DtL_y4O908-Yg&edm=AJhczIQBAAAA&ccb=7-5&oh=00_AfqwQfn2zu9gFcLKysoviKBaA8bK3YXTQAJh83-uaE5Ohw&oe=69750678&_nc_sid=4a2096,37,0,354,13,0,['https://instagram.fhan3-4.fna.fbcdn.net/v/t51.2885-15/618922790_17941049583102462_1982182777591088994_n.jpg?stp=cp6_dst-jpg_e35_tt6&efg=eyJ2ZW5jb2RlX3RhZyI6InRocmVhZHMuQ0FST1VTRUxfSVRFTS5pbWFnZV91cmxnZW4uMTE2OXgyMDYwLnNkci5mODI3ODcuZGVmYXVsdF9pbWFnZS5jMiJ9&_nc_ht=instagram.fhan3-4.fna.fbcdn.net&_nc_cat=106&_nc_oc=Q6cZ2QF9FjVDqgToStwunZhOSuPHUxpwwEGdmSibk17hPNgKN74eVZb8k6c6w7DtznaLbUU&_nc_ohc=RhyleQnWvC8Q7kNvwHwjE2q&_nc_gid=p8LRhCWQ6DtL_y4O908-Yg&edm=AJhczIQBAAAA&ccb=7-5&ig_cache_key=MzgxMjg4NjM0ODQyOTM0MzEyNw%3D%3D.3-ccb7-5&oh=00_AfooywHu8k7HMgbiw3Y3iHPsF-1ycP9HEUmxXLj9nnUHJA&oe=697508FF&_nc_sid=4a2096'],,https://www.threads.net/@thenikeviki/post/DTqF-_1kToT,[],"{'likes': 354, 'reposts': 13, 'quotes': 0}",threads,3812886353907104275,NikeViki,nicolandria,"Pitch: Nic and Olandria at a football game. The crowd is going wild. Nicolandria cheer. Nicolandria go to kiss, but she notices his lips. 

She pulls out a jar of Vaseline Lip Therapy Balm Mini or Vaseline Lip Therapy Advanced Healing Lip Balm and makes him put it on. 

Nic: You are the best defense to the cold. 
Olandria: We’ll be on offense together and let Vaseline play defense. 
Nic: I guess this is OUR lip combo. 
::pockets it::
Olandria: You stay stealing my stuff.

Second option below ⬇️",threads,63046646461,thenikeviki
[],2026-01-20T15:16:39.455638+07:00,"So. NATO will defend Greenland, if necessary.

Now, you may be thinking, MAGA, ""so what's the big deal? We got the biggest military, the rest of them rely on us for defense!""

Canada. Canada is why you should be afraid. Very, very afraid. Those maple syrup drinkers are insane in ways that make our special forces look quaint. You do not want that smoke.

You probably heard of the Geneva Conventions at some point. That's basically a wishlist we have of things we wish Canada wouldn't do. Be afraid.",2026-01-07T08:54:16+07:00,,3804492389403127832,threads,threads.com,threads_crawler_v1,https://www.threads.net/@drunkfurball/post/DTMRavNDPAY,https://instagram.fhan3-4.fna.fbcdn.net/v/t51.2885-19/357815889_193496903383492_5255685669635619832_n.jpg?stp=dst-jpg_s150x150_tt6&efg=eyJ2ZW5jb2RlX3RhZyI6InByb2ZpbGVfcGljLmRqYW5nby4xMDgwLmMyIn0&_nc_ht=instagram.fhan3-4.fna.fbcdn.net&_nc_cat=104&_nc_oc=Q6cZ2QF9FjVDqgToStwunZhOSuPHUxpwwEGdmSibk17hPNgKN74eVZb8k6c6w7DtznaLbUU&_nc_ohc=9DUKN135Q4wQ7kNvwERnGQ3&_nc_gid=p8LRhCWQ6DtL_y4O908-Yg&edm=AJhczIQBAAAA&ccb=7-5&oh=00_AfphC8smzK2vffMRo3BwybGblu_h-eQfdCKJ7SDrZ7HGcQ&oe=69752255&_nc_sid=4a2096,1395,0,3755,211,0,[],,https://www.threads.net/@drunkfurball/post/DTMRavNDPAY,[],"{'likes': 3755, 'reposts': 203, 'quotes': 8}",threads,3804492389403127832,Murph Strange,Greenland,"So. NATO will defend Greenland, if necessary.

Now, you may be thinking, MAGA, ""so what's the big deal? We got the biggest military, the rest of them rely on us for defense!""

Canada. Canada is why you should be afraid. Very, very afraid. Those maple syrup drinkers are insane in ways that make our special forces look quaint. You do not want that smoke.

You probably heard of the Geneva Conventions at some point. That's basically a wishlist we have of things we wish Canada wouldn't do. Be afraid.",threads,63066212026,drunkfurball
[],2026-01-20T15:16:39.455681+07:00,"3 TD passes for Drake maye against the number 1 defense. Most by a qb THIS YEAR. He’s elite, that’s all.",2026-01-19T09:19:40+07:00,,3813202477584305463,threads,threads.com,threads_crawler_v1,https://www.threads.net/@superiorshinesoftwash/post/DTrN3M9DU03,https://instagram.fhan4-1.fna.fbcdn.net/v/t51.2885-19/483141497_1336029554189777_5271903772382147145_n.jpg?stp=dst-jpg_s150x150_tt6&efg=eyJ2ZW5jb2RlX3RhZyI6InByb2ZpbGVfcGljLmRqYW5nby4xMDgwLmMyIn0&_nc_ht=instagram.fhan4-1.fna.fbcdn.net&_nc_cat=105&_nc_oc=Q6cZ2QF9FjVDqgToStwunZhOSuPHUxpwwEGdmSibk17hPNgKN74eVZb8k6c6w7DtznaLbUU&_nc_ohc=Jxu1kqDwROsQ7kNvwGQ5lBG&_nc_gid=p8LRhCWQ6DtL_y4O908-Yg&edm=AJhczIQBAAAA&ccb=7-5&oh=00_AfpKUZKfbB2or_GMER4J1nbHnhMM1a85hm1kXsrHPBgxcQ&oe=69750409&_nc_sid=4a2096,24,0,149,6,0,[],,https://www.threads.net/@superiorshinesoftwash/post/DTrN3M9DU03,[],"{'likes': 149, 'reposts': 6, 'quotes': 0}",threads,3813202477584305463,Superior Shine Softwash,NFL Threads,"3 TD passes for Drake maye against the number 1 defense. Most by a qb THIS YEAR. He’s elite, that’s all.",threads,73059011348,superiorshinesoftwash
[],2026-01-20T15:16:39.455716+07:00,"Texans defense was everything and more. Truly elite unit. Only way they could lose was CJ Stroud, and that's what happened.

Feel the same way about Sam Darnold and the Seahawks at this point.",2026-01-19T06:08:25+07:00,,3813106222661308133,threads,threads.com,threads_crawler_v1,https://www.threads.net/@theloganreardon/post/DTq3-gkjw7l,https://instagram.fhan3-4.fna.fbcdn.net/v/t51.2885-19/358346921_228758196718758_5731141420321058331_n.jpg?stp=dst-jpg_s150x150_tt6&efg=eyJ2ZW5jb2RlX3RhZyI6InByb2ZpbGVfcGljLmRqYW5nby41OTIuYzIifQ&_nc_ht=instagram.fhan3-4.fna.fbcdn.net&_nc_cat=106&_nc_oc=Q6cZ2QF9FjVDqgToStwunZhOSuPHUxpwwEGdmSibk17hPNgKN74eVZb8k6c6w7DtznaLbUU&_nc_ohc=fejCRaSD4pcQ7kNvwFvkzSe&_nc_gid=p8LRhCWQ6DtL_y4O908-Yg&edm=AJhczIQBAAAA&ccb=7-5&oh=00_Afqm3YgEikWQUIX_JNYCfkhmLQk9yrVF6xioBGUN3obQnA&oe=6974FAFC&_nc_sid=4a2096,97,0,211,0,0,['https://instagram.fhan3-2.fna.fbcdn.net/v/t51.2885-15/619301714_17942778348099271_3091757419507035083_n.jpg?stp=dst-jpg_e35_tt6&efg=eyJ2ZW5jb2RlX3RhZyI6InRocmVhZHMuRkVFRC5pbWFnZV91cmxnZW4uMTkyMHgxMDgwLnNkci5mODI3ODcuZGVmYXVsdF9pbWFnZS5jMiJ9&_nc_ht=instagram.fhan3-2.fna.fbcdn.net&_nc_cat=107&_nc_oc=Q6cZ2QF9FjVDqgToStwunZhOSuPHUxpwwEGdmSibk17hPNgKN74eVZb8k6c6w7DtznaLbUU&_nc_ohc=w_zby_m6OW8Q7kNvwEuFzQH&_nc_gid=p8LRhCWQ6DtL_y4O908-Yg&edm=AJhczIQBAAAA&ccb=7-5&ig_cache_key=MzgxMzEwNjIyMjY2MTMwODEzMw%3D%3D.3-ccb7-5&oh=00_AfryIp0Zm-RAuCMMpz1Sy-it9BfWXD20WNXA4m5IZQa0oQ&oe=6974FCD2&_nc_sid=4a2096'],,https://www.threads.net/@theloganreardon/post/DTq3-gkjw7l,[],"{'likes': 211, 'reposts': 0, 'quotes': 0}",threads,3813106222661308133,Logan Reardon,NFL Threads,"Texans defense was everything and more. Truly elite unit. Only way they could lose was CJ Stroud, and that's what happened.

Feel the same way about Sam Darnold and the Seahawks at this point.",threads,63088219270,theloganreardon
[],2026-01-20T15:16:39.455756+07:00,"Top 10 formations for Fabio Capello with perfect Link-Up 🔥🧠
Pure tactical masterclass — rock-solid defense, deadly counters, and total control in every zone ⚽
If you want consistency, discipline, and wins… Capello is HIM in eFootball 2026 💀📊
Save this, try them all, and thank me later 👀🔥

#eFootball2026 #MetaFormations #eFootballMobile",2026-01-14T23:42:26+07:00,,3810012848659928905,threads,threads.com,threads_crawler_v1,https://www.threads.net/@9niya_gaming/post/DTf4n_iDJdJ,https://instagram.fhan4-5.fna.fbcdn.net/v/t51.2885-19/571944679_17882522463405530_913786326166661363_n.jpg?stp=dst-jpg_s150x150_tt6&efg=eyJ2ZW5jb2RlX3RhZyI6InByb2ZpbGVfcGljLmRqYW5nby4xMDI0LmMyIn0&_nc_ht=instagram.fhan4-5.fna.fbcdn.net&_nc_cat=102&_nc_oc=Q6cZ2QF9FjVDqgToStwunZhOSuPHUxpwwEGdmSibk17hPNgKN74eVZb8k6c6w7DtznaLbUU&_nc_ohc=Ir_p-VbvRhkQ7kNvwEbyw-9&_nc_gid=p8LRhCWQ6DtL_y4O908-Yg&edm=AJhczIQBAAAA&ccb=7-5&oh=00_Afq0cW86_hql_bdNjmKRewDXap0evjPgzgy7SCm40TicoA&oe=69751904&_nc_sid=4a2096,5,0,281,38,0,['https://instagram.fhan3-4.fna.fbcdn.net/v/t51.2885-15/616115504_18074163128366022_8049069956086533269_n.jpg?stp=dst-jpg_e35_tt6&efg=eyJ2ZW5jb2RlX3RhZyI6InRocmVhZHMuQ0FST1VTRUxfSVRFTS5pbWFnZV91cmxnZW4uMTA4MHgxMDgwLnNkci5mODI3ODcuZGVmYXVsdF9pbWFnZS5jMiJ9&_nc_ht=instagram.fhan3-4.fna.fbcdn.net&_nc_cat=106&_nc_oc=Q6cZ2QF9FjVDqgToStwunZhOSuPHUxpwwEGdmSibk17hPNgKN74eVZb8k6c6w7DtznaLbUU&_nc_ohc=bGaC-mu5h2IQ7kNvwEBFxtZ&_nc_gid=p8LRhCWQ6DtL_y4O908-Yg&edm=AJhczIQBAAAA&ccb=7-5&ig_cache_key=MzgxMDAxMjgzOTI4OTg1MDk3Ng%3D%3D.3-ccb7-5&oh=00_Afr4oszWP8GK67xEm9XP3W9aDUPORFXIWN9dKef9P33ycQ&oe=69751938&_nc_sid=4a2096'],,https://www.threads.net/@9niya_gaming/post/DTf4n_iDJdJ,[],"{'likes': 281, 'reposts': 37, 'quotes': 1}",threads,3810012848659928905,9NIYA_Gaming | القنية 🐰,,"Top 10 formations for Fabio Capello with perfect Link-Up 🔥🧠
Pure tactical masterclass — rock-solid defense, deadly counters, and total control in every zone ⚽
If you want consistency, discipline, and wins… Capello is HIM in eFootball 2026 💀📊
Save this, try them all, and thank me later 👀🔥

#eFootball2026 #MetaFormations #eFootballMobile",threads,72112901529,9niya_gaming
[],2026-01-20T15:16:39.455790+07:00,"""When John McCain took the mic away from the woman lying about Obama, and came to Obama's defense, THAT was the best of American politics.

There is not a single Republican member of Congress who will 'take the mic' from Trump. That's the worst of American politics.""

– Glenn Kirschner",2025-06-09T02:36:33+07:00,,3650649821722774851,threads,threads.com,threads_crawler_v1,https://www.threads.net/@martinfjellanger/post/DKptqu_IQ1D,https://instagram.fhan3-2.fna.fbcdn.net/v/t51.2885-19/414192333_2031814047192487_3176371732062244318_n.jpg?stp=dst-jpg_s150x150_tt6&efg=eyJ2ZW5jb2RlX3RhZyI6InByb2ZpbGVfcGljLmRqYW5nby41NzQuYzIifQ&_nc_ht=instagram.fhan3-2.fna.fbcdn.net&_nc_cat=107&_nc_oc=Q6cZ2QF9FjVDqgToStwunZhOSuPHUxpwwEGdmSibk17hPNgKN74eVZb8k6c6w7DtznaLbUU&_nc_ohc=I2G2xgvdZTUQ7kNvwFfLqPK&_nc_gid=p8LRhCWQ6DtL_y4O908-Yg&edm=AJhczIQBAAAA&ccb=7-5&oh=00_AfoN8E3k1DO9T1MVFphf7hQUziBmQWsWcd3BJpp_CHUVpg&oe=697525FD&_nc_sid=4a2096,451,0,42647,2386,0,['https://instagram.fhan3-4.fna.fbcdn.net/v/t51.2885-15/504120254_17916861954102556_879937550620990941_n.jpg?stp=dst-jpg_e35_tt6&efg=eyJ2ZW5jb2RlX3RhZyI6InRocmVhZHMuRkVFRC5pbWFnZV91cmxnZW4uMzIweDI0MC5zZHIuZjc1NzYxLmRlZmF1bHRfaW1hZ2UuYzIifQ&_nc_ht=instagram.fhan3-4.fna.fbcdn.net&_nc_cat=104&_nc_oc=Q6cZ2QF9FjVDqgToStwunZhOSuPHUxpwwEGdmSibk17hPNgKN74eVZb8k6c6w7DtznaLbUU&_nc_ohc=zPBa4ii13SEQ7kNvwGOTg5V&_nc_gid=p8LRhCWQ6DtL_y4O908-Yg&edm=AJhczIQBAAAA&ccb=7-5&ig_cache_key=MzY1MDY0OTgyMTcyMjc3NDg1MQ%3D%3D.3-ccb7-5&oh=00_Afr0hljq41zfe1WdTMWfe1q-V8JxTQimuHJKqTvUtvb12g&oe=6975038D&_nc_sid=4a2096'],,https://www.threads.net/@martinfjellanger/post/DKptqu_IQ1D,[],"{'likes': 42647, 'reposts': 2319, 'quotes': 67}",threads,3650649821722774851,Martin Phillip Fjellanger,Trump,"""When John McCain took the mic away from the woman lying about Obama, and came to Obama's defense, THAT was the best of American politics.

There is not a single Republican member of Congress who will 'take the mic' from Trump. That's the worst of American politics.""

– Glenn Kirschner",threads,63070214555,martinfjellanger
[],2026-01-20T15:16:39.455832+07:00,"U.S. Secretary of Defense Pete Hegseth announced the integration of Elon Musk's xAI platform, Grok, into military networks as part of a new ""AI acceleration strategy"" during a visit to SpaceX. He said, ""very soon we will have the world's leading AI models on every unclassified and classified network throughout our department.""",2026-01-13T11:12:38+07:00,,3808910498109076778,threads,threads.com,threads_crawler_v1,https://www.threads.net/@reuters/post/DTb9-rlDDUq,https://instagram.fhan3-3.fna.fbcdn.net/v/t51.2885-19/472281527_317031751505397_3835349704850043628_n.jpg?stp=dst-jpg_s150x150_tt6&efg=eyJ2ZW5jb2RlX3RhZyI6InByb2ZpbGVfcGljLmRqYW5nby4xMDgwLmMyIn0&_nc_ht=instagram.fhan3-3.fna.fbcdn.net&_nc_cat=1&_nc_oc=Q6cZ2QF9FjVDqgToStwunZhOSuPHUxpwwEGdmSibk17hPNgKN74eVZb8k6c6w7DtznaLbUU&_nc_ohc=htASOCvCB14Q7kNvwFlJ1Rp&_nc_gid=p8LRhCWQ6DtL_y4O908-Yg&edm=AJhczIQBAAAA&ccb=7-5&oh=00_AfrERXg8aBGyD6AoYjM5_aTjiT1sLGi9net-fhPz6CABmw&oe=69750B31&_nc_sid=4a2096,1393,0,877,467,0,"['https://instagram.fhan4-3.fna.fbcdn.net/v/t51.2885-15/615626925_878053608257352_4048650462868399930_n.jpg?stp=dst-jpg_e15_tt6&efg=eyJ2ZW5jb2RlX3RhZyI6InRocmVhZHMuRkVFRC5pbWFnZV91cmxnZW4uNjQweDExMzYuc2RyLmY3MTg3OC5kZWZhdWx0X2NvdmVyX2ZyYW1lLmMyIn0&_nc_ht=instagram.fhan4-3.fna.fbcdn.net&_nc_cat=100&_nc_oc=Q6cZ2QF9FjVDqgToStwunZhOSuPHUxpwwEGdmSibk17hPNgKN74eVZb8k6c6w7DtznaLbUU&_nc_ohc=FzP23IRqCVUQ7kNvwGXZ4R3&_nc_gid=p8LRhCWQ6DtL_y4O908-Yg&edm=AJhczIQBAAAA&ccb=7-5&ig_cache_key=MzgwODkxMDQ5ODEwOTA3Njc3OA%3D%3D.3-ccb7-5&oh=00_AfqNXJ2SJ_dUw9cvBsg1vXlErCp5i9JnhI71sMM0hgLh8Q&oe=69751622&_nc_sid=4a2096', 'https://instagram.fhan4-3.fna.fbcdn.net/o1/v/t16/f2/m84/AQN76txRVKv3_AHcAZXU-yUTscTzRC7hQFiVDIyWSv1u5P3UPCCZKnH7nGMlPzxAuNxTI2Pu4Zsl7BQCqAioAew062MEY0myPoovWzU.mp4?_nc_cat=110&_nc_oc=AdnZzaALe8LTCrO8JDNKz4H1L3YZsdq0vPOaNNrOyYcxDS9BOVAfTRWjw7gbVB9Jdys&_nc_sid=5e9851&_nc_ht=instagram.fhan4-3.fna.fbcdn.net&_nc_ohc=bpQLNznZeWcQ7kNvwFRUksT&efg=eyJ2ZW5jb2RlX3RhZyI6Inhwdl9wcm9ncmVzc2l2ZS5JTlNUQUdSQU0uRkVFRC5DMy43MjAuZGFzaF9iYXNlbGluZV8xX3YxIiwieHB2X2Fzc2V0X2lkIjoxNDEyOTk1MTg3MDk0MzE1LCJhc3NldF9hZ2VfZGF5cyI6NywidmlfdXNlY2FzZV9pZCI6MTAxNjQsImR1cmF0aW9uX3MiOjU1LCJ1cmxnZW5fc291cmNlIjoid3d3In0%3D&ccb=17-1&_nc_gid=p8LRhCWQ6DtL_y4O908-Yg&_nc_zt=28&vs=b4718d9d42fb8e59&_nc_vs=HBksFQIYTGlnX2JhY2tmaWxsX3RpbWVsaW5lX3ZvZC9DMTQ4NDZGNDEwNkE3QUU1Njc3MzVFOTVEMUUxMzZBRV92aWRlb19kYXNoaW5pdC5tcDQVAALIARIAFQIYOnBhc3N0aHJvdWdoX2V2ZXJzdG9yZS9HQ2dIZkNSNGJyNXNrUzREQU1Wb3N1SE82SzlKYnNwVEFRQUYVAgLIARIAKAAYABsCiAd1c2Vfb2lsATEScHJvZ3Jlc3NpdmVfcmVjaXBlATEVAAAm1syRw5LHggUVAigCQzMsF0BLlHrhR64UGBJkYXNoX2Jhc2VsaW5lXzFfdjERAHXqB2XongEA&oh=00_AfqQSdJ68p3pNqgDH2nprIx0m7q1GNdzkLHZBnhSTMUN6Q&oe=69710A4A']",,https://www.threads.net/@reuters/post/DTb9-rlDDUq,[],"{'likes': 877, 'reposts': 217, 'quotes': 250}",threads,3808910498109076778,Reuters,,"U.S. Secretary of Defense Pete Hegseth announced the integration of Elon Musk's xAI platform, Grok, into military networks as part of a new ""AI acceleration strategy"" during a visit to SpaceX. He said, ""very soon we will have the world's leading AI models on every unclassified and classified network throughout our department.""",threads,63625256886,reuters
[],2026-01-20T15:16:39.455878+07:00,"The other day we were talking with @thephantombride about this clip and there is one thing that you might not notice at first, but when you realize it's pretty funny. So you know how in korean slang ""attack"" means ""top"" and ""defense"" means ""bottom"" right? So notice how after saying he can eat Bbokari (which is already an euphemism for f-ing somone) Jinnie walks towards Lix like he's gonna ""grab"" him or... idk ""attack"" him😏 And Lix responds backtracking in ""defense""😏",2026-01-14T02:10:58+07:00,,3809359496464133237,threads,threads.com,threads_crawler_v1,https://www.threads.net/@giax.giax/post/DTdkEd4gWx1,https://instagram.fhan4-5.fna.fbcdn.net/v/t51.2885-19/584292079_17844047232616719_4384076042313936075_n.jpg?stp=dst-jpg_s150x150_tt6&efg=eyJ2ZW5jb2RlX3RhZyI6InByb2ZpbGVfcGljLmRqYW5nby4xMDgwLmMyIn0&_nc_ht=instagram.fhan4-5.fna.fbcdn.net&_nc_cat=103&_nc_oc=Q6cZ2QF9FjVDqgToStwunZhOSuPHUxpwwEGdmSibk17hPNgKN74eVZb8k6c6w7DtznaLbUU&_nc_ohc=ccAoNzTbKB8Q7kNvwHPczMA&_nc_gid=p8LRhCWQ6DtL_y4O908-Yg&edm=AJhczIQBAAAA&ccb=7-5&oh=00_AfqECOgu88PxO3gK--2pWsPd1rn1xfMFTsCH4wxL6ZYCRQ&oe=6975210C&_nc_sid=4a2096,87,0,371,14,0,"['https://instagram.fhan4-6.fna.fbcdn.net/v/t51.2885-15/602402338_4100823563397213_4839533530797367432_n.jpg?stp=dst-jpg_e15_tt6&efg=eyJ2ZW5jb2RlX3RhZyI6InRocmVhZHMuRkVFRC5pbWFnZV91cmxnZW4uNjQweDExMzYuc2RyLmY3MTg3OC5kZWZhdWx0X2NvdmVyX2ZyYW1lLmMyIn0&_nc_ht=instagram.fhan4-6.fna.fbcdn.net&_nc_cat=109&_nc_oc=Q6cZ2QF9FjVDqgToStwunZhOSuPHUxpwwEGdmSibk17hPNgKN74eVZb8k6c6w7DtznaLbUU&_nc_ohc=uS0bTeHmACYQ7kNvwF095C3&_nc_gid=p8LRhCWQ6DtL_y4O908-Yg&edm=AJhczIQBAAAA&ccb=7-5&ig_cache_key=MzgwOTM1OTQ5NjQ2NDEzMzIzNw%3D%3D.3-ccb7-5&oh=00_Afp-MT1E3KoO2zNACRc5EqDwnjwtMn05sD1dfMtjkDtlQw&oe=69751B5B&_nc_sid=4a2096', 'https://instagram.fhan4-1.fna.fbcdn.net/o1/v/t16/f2/m84/AQOKWfVa8xdYj0QyVdoVqneon2qpO1LAJqwTkYKgWu4zgGQJ1phIDlQo-201XKJYjcsL6AvPYEmC78uxUhVOaKpg6Az7_EBoyvsF_Gw.mp4?_nc_cat=105&_nc_oc=Adk3-0qiI1idzGNmyBI9V1kWi-wI3PekTglLnIsEY3KS4XWh-vXKWGIlTjXjRPevK-I&_nc_sid=5e9851&_nc_ht=instagram.fhan4-1.fna.fbcdn.net&_nc_ohc=IQHgZopNzd4Q7kNvwHh9_H4&efg=eyJ2ZW5jb2RlX3RhZyI6Inhwdl9wcm9ncmVzc2l2ZS5JTlNUQUdSQU0uRkVFRC5DMy4zNjAuZGFzaF9iYXNlbGluZV8zX3YxIiwieHB2X2Fzc2V0X2lkIjo2NTY1MDc3OTQxNTQ1NzcsImFzc2V0X2FnZV9kYXlzIjo2LCJ2aV91c2VjYXNlX2lkIjoxMDE2NCwiZHVyYXRpb25fcyI6NDAsInVybGdlbl9zb3VyY2UiOiJ3d3cifQ%3D%3D&ccb=17-1&_nc_gid=p8LRhCWQ6DtL_y4O908-Yg&_nc_zt=28&vs=ce2d0c417136e8ad&_nc_vs=HBksFQIYTGlnX2JhY2tmaWxsX3RpbWVsaW5lX3ZvZC83MTQyOERBRTFEODk1OTUyNzhFQkEyQjMxOUVBNjQ5NF92aWRlb19kYXNoaW5pdC5tcDQVAALIARIAFQIYOnBhc3N0aHJvdWdoX2V2ZXJzdG9yZS9HTzhyYnlSZ1VHNDZQdXNGQUZpZ21Nc1hfUklvYnNwVEFRQUYVAgLIARIAKAAYABsCiAd1c2Vfb2lsATEScHJvZ3Jlc3NpdmVfcmVjaXBlATEVAAAmopHnneTFqgIVAigCQzMsF0BEFT987ZFoGBJkYXNoX2Jhc2VsaW5lXzNfdjERAHXqB2XongEA&oh=00_Afq7hjMle39_DSwNipVZYslEjmMGxMMgNwLhVtD8KgpFgA&oe=69711A5B']",,https://www.threads.net/@giax.giax/post/DTdkEd4gWx1,[],"{'likes': 371, 'reposts': 13, 'quotes': 1}",threads,3809359496464133237,,hyunlix,"The other day we were talking with @thephantombride about this clip and there is one thing that you might not notice at first, but when you realize it's pretty funny. So you know how in korean slang ""attack"" means ""top"" and ""defense"" means ""bottom"" right? So notice how after saying he can eat Bbokari (which is already an euphemism for f-ing somone) Jinnie walks towards Lix like he's gonna ""grab"" him or... idk ""attack"" him😏 And Lix responds backtracking in ""defense""😏",threads,78586656718,giax.giax
[],2026-01-20T15:16:39.455920+07:00,"Self defense keychain for women 
What do you rhink ? 🤔",2024-08-30T04:04:33+07:00,,3445580851896054907,threads,threads.com,threads_crawler_v1,https://www.threads.net/@flower_safety/post/C_RKYeCJvR7,https://instagram.fhan3-3.fna.fbcdn.net/v/t51.2885-19/457740343_519587193767605_9206093096784601122_n.jpg?stp=dst-jpg_s150x150_tt6&efg=eyJ2ZW5jb2RlX3RhZyI6InByb2ZpbGVfcGljLmRqYW5nby4xMDgwLmMyIn0&_nc_ht=instagram.fhan3-3.fna.fbcdn.net&_nc_cat=101&_nc_oc=Q6cZ2QF9FjVDqgToStwunZhOSuPHUxpwwEGdmSibk17hPNgKN74eVZb8k6c6w7DtznaLbUU&_nc_ohc=AndlS9HOFqUQ7kNvwFW2Ovq&_nc_gid=p8LRhCWQ6DtL_y4O908-Yg&edm=AJhczIQBAAAA&ccb=7-5&oh=00_Afri3uPa0Duk4mTTRZBsCTqt9I6vNnNU5t_kuZ6Lp5MmLg&oe=697500E6&_nc_sid=4a2096,69,0,382,20,0,"['https://instagram.fhan3-3.fna.fbcdn.net/v/t51.2885-15/529546198_1878829476023639_186298722018228821_n.jpg?stp=dst-jpg_e15_tt6&efg=eyJ2ZW5jb2RlX3RhZyI6InRocmVhZHMuRkVFRC5pbWFnZV91cmxnZW4uNzIweDEyODAuc2RyLmY3MTg3OC5kZWZhdWx0X2NvdmVyX2ZyYW1lLmMyIn0&_nc_ht=instagram.fhan3-3.fna.fbcdn.net&_nc_cat=111&_nc_oc=Q6cZ2QF9FjVDqgToStwunZhOSuPHUxpwwEGdmSibk17hPNgKN74eVZb8k6c6w7DtznaLbUU&_nc_ohc=e0iozKI2YgQQ7kNvwGhj3lw&_nc_gid=p8LRhCWQ6DtL_y4O908-Yg&edm=AJhczIQBAAAA&ccb=7-5&ig_cache_key=MzQ0NTU4MDg1MTg5NjA1NDkwNw%3D%3D.3-ccb7-5&oh=00_AfqxBeFlz_k83pWOqdgbBclnu9taKVm2UI5txDG8HAX_Dg&oe=6974F71A&_nc_sid=4a2096', 'https://instagram.fhan3-2.fna.fbcdn.net/o1/v/t16/f2/m69/AQNwIq1UD_WiiSIK7WUierTUl0JihBtABmR9hJ6j96Yw7reNSyVtMEdu_C3huoWmuFbOtEkFQ-TNdpEdiwCKK-9g.mp4?strext=1&_nc_cat=107&_nc_oc=Adm0iBo0YhWqEYD4jz_loynpvYbH4SYPWlRVnjYb_qCbfIA88WyevwlaIlJurT8AIGY&_nc_sid=5e9851&_nc_ht=instagram.fhan3-2.fna.fbcdn.net&_nc_ohc=502wlz6tM6gQ7kNvwHeQl5_&efg=eyJ2ZW5jb2RlX3RhZyI6Inhwdl9wcm9ncmVzc2l2ZS5JTlNUQUdSQU0uRkVFRC5DMy43MjAuZGFzaF9iYXNlbGluZV8xX3YxIiwieHB2X2Fzc2V0X2lkIjoxNjMyMDkzNDQ3MzYzOTExLCJhc3NldF9hZ2VfZGF5cyI6NTA4LCJ2aV91c2VjYXNlX2lkIjoxMDE2NCwiZHVyYXRpb25fcyI6MjMsInVybGdlbl9zb3VyY2UiOiJ3d3cifQ%3D%3D&ccb=17-1&_nc_gid=p8LRhCWQ6DtL_y4O908-Yg&_nc_zt=28&vs=14c40ea383dd095e&_nc_vs=HBksFQIYOnBhc3N0aHJvdWdoX2V2ZXJzdG9yZS9HR05wUkJ0OUN1WEpsZFVCQUFqYlBqSFIxbndSYmtZTEFBQUYVAALIARIAFQIYOnBhc3N0aHJvdWdoX2V2ZXJzdG9yZS9HTGRfT3h2ZTR0WlN1eHdEQU1kUnhQZVViVVl3YmtZTEFBQUYVAgLIARIAKAAYABsCiAd1c2Vfb2lsATEScHJvZ3Jlc3NpdmVfcmVjaXBlATEVAAAmjvXc4quY5gUVAigCQzMsF0A3xBiTdLxqGBJkYXNoX2Jhc2VsaW5lXzFfdjERAHXqB2XongEA&oh=00_AfqTT-Bfn89kE127lR_nwCnoPgHVgGI0BuYxj9RnY6n0Zw&oe=6974F8ED']",,https://www.threads.net/@flower_safety/post/C_RKYeCJvR7,[],"{'likes': 382, 'reposts': 14, 'quotes': 6}",threads,3445580851896054907,Flower safety,,"Self defense keychain for women 
What do you rhink ? 🤔",threads,69138825487,flower_safety
[],2026-01-20T15:16:39.455980+07:00,"Real FULL video of Renee Good. 

Seems like the ONLY one acting in self defense was Renee Good.",2026-01-08T21:27:01+07:00,,3805596034660625637,threads,threads.com,threads_crawler_v1,https://www.threads.net/@jessimaepeluso/post/DTQMW48lOzl,https://instagram.fhan4-5.fna.fbcdn.net/v/t51.2885-19/491452482_17907932802103587_1159004327683466199_n.jpg?stp=dst-jpg_s150x150_tt6&efg=eyJ2ZW5jb2RlX3RhZyI6InByb2ZpbGVfcGljLmRqYW5nby4xMDgwLmMyIn0&_nc_ht=instagram.fhan4-5.fna.fbcdn.net&_nc_cat=103&_nc_oc=Q6cZ2QF9FjVDqgToStwunZhOSuPHUxpwwEGdmSibk17hPNgKN74eVZb8k6c6w7DtznaLbUU&_nc_ohc=2XL_XIZjjTsQ7kNvwGLtsJD&_nc_gid=p8LRhCWQ6DtL_y4O908-Yg&edm=AJhczIQBAAAA&ccb=7-5&oh=00_AfpsFWhqWwz0Kx0fTU9yyaOSwM0u6sXKiuWLYYPB7GuLoQ&oe=69750234&_nc_sid=4a2096,345,0,2643,539,0,[],,https://www.threads.net/@jessimaepeluso/post/DTQMW48lOzl,[],"{'likes': 2643, 'reposts': 482, 'quotes': 57}",threads,3805596034660625637,Jessimae Peluso | Comedian & Griefluencer,ice raids,"Real FULL video of Renee Good. 

Seems like the ONLY one acting in self defense was Renee Good.",threads,63047335586,jessimaepeluso
[],2026-01-20T15:16:39.456048+07:00,"Girl, kung lagi kang bloated or sensitive ang tummy mo try mo si ERCEFLORA Gut Defense! 😭✨ After a few days, ang gaan na sa tiyan at mas smooth digestion kahit oily pa ulam 😅 Plus points kasi probiotics siya 💚",2025-10-31T16:56:00+07:00,,3755450106824980080,threads,threads.com,threads_crawler_v1,https://www.threads.net/@esngrp8/post/DQeCfmVAXZw,https://instagram.fhan3-3.fna.fbcdn.net/v/t51.2885-19/560167339_17925246027114561_524472867030223907_n.jpg?stp=dst-jpg_s150x150_tt6&efg=eyJ2ZW5jb2RlX3RhZyI6InByb2ZpbGVfcGljLmRqYW5nby4xMDgwLmMyIn0&_nc_ht=instagram.fhan3-3.fna.fbcdn.net&_nc_cat=1&_nc_oc=Q6cZ2QF9FjVDqgToStwunZhOSuPHUxpwwEGdmSibk17hPNgKN74eVZb8k6c6w7DtznaLbUU&_nc_ohc=Tij-PUW9Fm0Q7kNvwG0M1wl&_nc_gid=p8LRhCWQ6DtL_y4O908-Yg&edm=AJhczIQBAAAA&ccb=7-5&oh=00_AfptAfQHQV1zTHSwM2nTM3R1zgiPLbg7r89sVRywokfZQQ&oe=697515BD&_nc_sid=4a2096,53,0,823,76,0,['https://instagram.fhan4-6.fna.fbcdn.net/v/t51.2885-15/573728938_17928151986114561_5733818687767519704_n.jpg?stp=dst-jpg_e35_tt6&efg=eyJ2ZW5jb2RlX3RhZyI6InRocmVhZHMuQ0FST1VTRUxfSVRFTS5pbWFnZV91cmxnZW4uMTI5MHgxMzk1LnNkci5mODI3ODcuZGVmYXVsdF9pbWFnZS5jMiJ9&_nc_ht=instagram.fhan4-6.fna.fbcdn.net&_nc_cat=109&_nc_oc=Q6cZ2QF9FjVDqgToStwunZhOSuPHUxpwwEGdmSibk17hPNgKN74eVZb8k6c6w7DtznaLbUU&_nc_ohc=7fc-xHk_fQcQ7kNvwFPHYVY&_nc_gid=p8LRhCWQ6DtL_y4O908-Yg&edm=AJhczIQBAAAA&ccb=7-5&ig_cache_key=Mzc1NTQ1MDEwMTExMjM1MTI2NQ%3D%3D.3-ccb7-5&oh=00_AfpTDJ9X6-wh1aIbNiFvwiLSAbT6wD4nFA2blWrlh0F_yw&oe=6974F7E4&_nc_sid=4a2096'],,https://www.threads.net/@esngrp8/post/DQeCfmVAXZw,[],"{'likes': 823, 'reposts': 73, 'quotes': 3}",threads,3755450106824980080,bongrp,Threads,"Girl, kung lagi kang bloated or sensitive ang tummy mo try mo si ERCEFLORA Gut Defense! 😭✨ After a few days, ang gaan na sa tiyan at mas smooth digestion kahit oily pa ulam 😅 Plus points kasi probiotics siya 💚",threads,63458562560,esngrp8
[],2026-01-20T15:16:39.456096+07:00,"ICE agent Jonathan Ross who was forced to shoot Renee Nicole Good in self defense has been relocated to a military base and is under protection…. He will remain there with his wife and protected for as long as necessary…

Thankful we are keeping him safe from all the crazies who don’t have common sense..",2026-01-12T21:14:43+07:00,,3808488951675056496,threads,threads.com,threads_crawler_v1,https://www.threads.net/@janeteparks/post/DTaeIX3l3Fw,https://instagram.fhan4-6.fna.fbcdn.net/v/t51.2885-19/358252796_2301776493366404_4964406185055292192_n.jpg?stp=dst-jpg_s150x150_tt6&efg=eyJ2ZW5jb2RlX3RhZyI6InByb2ZpbGVfcGljLmRqYW5nby4xMDgwLmMyIn0&_nc_ht=instagram.fhan4-6.fna.fbcdn.net&_nc_cat=108&_nc_oc=Q6cZ2QF9FjVDqgToStwunZhOSuPHUxpwwEGdmSibk17hPNgKN74eVZb8k6c6w7DtznaLbUU&_nc_ohc=MzRVYPHoWDsQ7kNvwG7B9Gh&_nc_gid=p8LRhCWQ6DtL_y4O908-Yg&edm=AJhczIQBAAAA&ccb=7-5&oh=00_Afp4CEhPFLDc4Rx7oTIRpGdlkeK4vZfsGHJfGoSDrIpCUw&oe=6974F1D9&_nc_sid=4a2096,1819,0,2175,45,0,[],,https://www.threads.net/@janeteparks/post/DTaeIX3l3Fw,[],"{'likes': 2175, 'reposts': 40, 'quotes': 5}",threads,3808488951675056496,Janet Elaine Parks,,"ICE agent Jonathan Ross who was forced to shoot Renee Nicole Good in self defense has been relocated to a military base and is under protection…. He will remain there with his wife and protected for as long as necessary…

Thankful we are keeping him safe from all the crazies who don’t have common sense..",threads,63217687438,janeteparks
[],2026-01-20T15:16:39.456133+07:00,"Rene Good Hit A Man With Her Car. He Hit Her Back With Bullets. That's Called Self Defense. 
Case Closed.",2026-01-09T23:01:53+07:00,,3806368559589726645,threads,threads.com,threads_crawler_v1,https://www.threads.net/@19annem90/post/DTS8Am2j5m1,https://instagram.fhan4-5.fna.fbcdn.net/v/t51.2885-19/450797471_1165507758104006_2691239510045780233_n.jpg?stp=dst-jpg_s150x150_tt6&efg=eyJ2ZW5jb2RlX3RhZyI6InByb2ZpbGVfcGljLmRqYW5nby45NjAuYzIifQ&_nc_ht=instagram.fhan4-5.fna.fbcdn.net&_nc_cat=102&_nc_oc=Q6cZ2QF9FjVDqgToStwunZhOSuPHUxpwwEGdmSibk17hPNgKN74eVZb8k6c6w7DtznaLbUU&_nc_ohc=z_mrWgmuGgQQ7kNvwHbzkFs&_nc_gid=p8LRhCWQ6DtL_y4O908-Yg&edm=AJhczIQBAAAA&ccb=7-5&oh=00_AfoRg2F45fyru2c4eXfggPiSUU8nrBt1RGcBTEdTTDgu2w&oe=69751B94&_nc_sid=4a2096,1035,0,2559,44,0,[],,https://www.threads.net/@19annem90/post/DTS8Am2j5m1,[],"{'likes': 2559, 'reposts': 41, 'quotes': 3}",threads,3806368559589726645,Anne Marie,,"Rene Good Hit A Man With Her Car. He Hit Her Back With Bullets. That's Called Self Defense. 
Case Closed.",threads,67712048713,19annem90
[],2026-01-20T15:16:39.456178+07:00,"Kim Yong-hyun, former Defense Minister in South Korea, makes his final statement. He's concerned that the Republic of Korea is facing an existential crisis. He's afraid the ROK will become a vassal state to China & turn communist like China & North Korea. 

So many other Koreans feel the same.",2026-01-14T16:01:23+07:00,,3809780792414969425,threads,threads.com,threads_crawler_v1,https://www.threads.net/@drtarao/post/DTfD3IUAB5R,https://instagram.fhan4-5.fna.fbcdn.net/v/t51.2885-19/599975133_17842643298664490_6031519522025809053_n.jpg?stp=dst-jpg_s150x150_tt6&efg=eyJ2ZW5jb2RlX3RhZyI6InByb2ZpbGVfcGljLmRqYW5nby4xNTAuYzIifQ&_nc_ht=instagram.fhan4-5.fna.fbcdn.net&_nc_cat=102&_nc_oc=Q6cZ2QF9FjVDqgToStwunZhOSuPHUxpwwEGdmSibk17hPNgKN74eVZb8k6c6w7DtznaLbUU&_nc_ohc=h33TUomJdGcQ7kNvwHRdbHV&_nc_gid=p8LRhCWQ6DtL_y4O908-Yg&edm=AJhczIQBAAAA&ccb=7-5&oh=00_AfrLxXJembxHfsIrXkJ1ZgoUE0hhNcGQC_ZxuAaXKeb4oA&oe=697513EF&_nc_sid=4a2096,7,0,230,57,0,[],,https://www.threads.net/@drtarao/post/DTfD3IUAB5R,[],"{'likes': 230, 'reposts': 55, 'quotes': 2}",threads,3809780792414969425,Tara O,,"Kim Yong-hyun, former Defense Minister in South Korea, makes his final statement. He's concerned that the Republic of Korea is facing an existential crisis. He's afraid the ROK will become a vassal state to China & turn communist like China & North Korea. 

So many other Koreans feel the same.",threads,79950328489,drtarao
[],2026-01-20T15:16:39.456209+07:00,"Four of six drives end in INTs. 

That Texans defense has been on the field for nearly 15 minutes. 

This is an abject disaster for C.J. Stroud and the Texans …",2026-01-19T04:36:17+07:00,,3813059849689878380,threads,threads.com,threads_crawler_v1,https://www.threads.net/@mattlombardonfl/post/DTqtbsYEc9s,https://instagram.fhan3-3.fna.fbcdn.net/v/t51.2885-19/364972100_1709644779478113_3265550020242495207_n.jpg?stp=dst-jpg_s150x150_tt6&efg=eyJ2ZW5jb2RlX3RhZyI6InByb2ZpbGVfcGljLmRqYW5nby45NDIuYzIifQ&_nc_ht=instagram.fhan3-3.fna.fbcdn.net&_nc_cat=1&_nc_oc=Q6cZ2QF9FjVDqgToStwunZhOSuPHUxpwwEGdmSibk17hPNgKN74eVZb8k6c6w7DtznaLbUU&_nc_ohc=OrSxBWuJt9wQ7kNvwG2XGJN&_nc_gid=p8LRhCWQ6DtL_y4O908-Yg&edm=AJhczIQBAAAA&ccb=7-5&oh=00_Afq2jXPplO8NKNHmYxlBYiZehD58-OFPcIxYfRNSFzdDUQ&oe=697512FA&_nc_sid=4a2096,10,0,55,1,0,[],,https://www.threads.net/@mattlombardonfl/post/DTqtbsYEc9s,[],"{'likes': 55, 'reposts': 1, 'quotes': 0}",threads,3813059849689878380,Matt Lombardo,NFL Threads,"Four of six drives end in INTs. 

That Texans defense has been on the field for nearly 15 minutes. 

This is an abject disaster for C.J. Stroud and the Texans …",threads,63280746818,mattlombardonfl
[],2026-01-20T15:16:39.456253+07:00,final thesis defense tips?,2025-05-20T20:48:37+07:00,,3636703960622428951,threads,threads.com,threads_crawler_v1,https://www.threads.net/@camargissimus/post/DJ4KvvuJ_MX,https://instagram.fhan4-3.fna.fbcdn.net/v/t51.2885-19/505171757_17894078391248698_6442041890429625745_n.jpg?stp=dst-jpg_s150x150_tt6&efg=eyJ2ZW5jb2RlX3RhZyI6InByb2ZpbGVfcGljLmRqYW5nby44MjguYzIifQ&_nc_ht=instagram.fhan4-3.fna.fbcdn.net&_nc_cat=110&_nc_oc=Q6cZ2QF9FjVDqgToStwunZhOSuPHUxpwwEGdmSibk17hPNgKN74eVZb8k6c6w7DtznaLbUU&_nc_ohc=u2LKZvrIgQYQ7kNvwF5IIpJ&_nc_gid=p8LRhCWQ6DtL_y4O908-Yg&edm=AJhczIQBAAAA&ccb=7-5&oh=00_Afo_l-8wh_QBvLv1B6H0Ul6tRmj8HMx8stW0VOF8hnnlbQ&oe=69750EBD&_nc_sid=4a2096,2,0,3,0,0,[],,https://www.threads.net/@camargissimus/post/DJ4KvvuJ_MX,[],"{'likes': 3, 'reposts': 0, 'quotes': 0}",threads,3636703960622428951,Deo Kenneth,,final thesis defense tips?,threads,67527520697,camargissimus
[],2026-01-20T15:16:39.456312+07:00,"Without electricity, but without Russians. Glory to the air defense of Kyiv and Ukraine's partners",2026-01-09T21:41:39+07:00,,3806328172090788982,threads,threads.com,threads_crawler_v1,https://www.threads.net/@uafoxfur/post/DTSy05ECIx2,https://instagram.fhan4-3.fna.fbcdn.net/v/t51.2885-19/607569666_17916010071251326_3228527368758271712_n.jpg?stp=dst-jpg_s150x150_tt6&efg=eyJ2ZW5jb2RlX3RhZyI6InByb2ZpbGVfcGljLmRqYW5nby4xMDgwLmMyIn0&_nc_ht=instagram.fhan4-3.fna.fbcdn.net&_nc_cat=110&_nc_oc=Q6cZ2QF9FjVDqgToStwunZhOSuPHUxpwwEGdmSibk17hPNgKN74eVZb8k6c6w7DtznaLbUU&_nc_ohc=J14ES832RW0Q7kNvwEfefW1&_nc_gid=p8LRhCWQ6DtL_y4O908-Yg&edm=AJhczIQBAAAA&ccb=7-5&oh=00_AfrJLKCJP13nn9g7bOXD0XQZxj6O3NVS-A6jUaanof2nkg&oe=697510FA&_nc_sid=4a2096,241,0,21454,333,0,['https://instagram.fhan4-5.fna.fbcdn.net/v/t51.2885-15/611319234_18251360674291898_1149076788915174719_n.webp?efg=eyJ2ZW5jb2RlX3RhZyI6InRocmVhZHMuRkVFRC5pbWFnZV91cmxnZW4uMTA4MHgxMDgwLnNkci5mODI3ODcuZGVmYXVsdF9pbWFnZS5jMiJ9&_nc_ht=instagram.fhan4-5.fna.fbcdn.net&_nc_cat=102&_nc_oc=Q6cZ2QF9FjVDqgToStwunZhOSuPHUxpwwEGdmSibk17hPNgKN74eVZb8k6c6w7DtznaLbUU&_nc_ohc=_deq3JA2OpcQ7kNvwFHHMsO&_nc_gid=p8LRhCWQ6DtL_y4O908-Yg&edm=AJhczIQBAAAA&ccb=7-5&ig_cache_key=MzgwNjMyODE3MjA5MDc4ODk4Mg%3D%3D.3-ccb7-5&oh=00_Afrb-SrUDHpL1uibzAnQ_eGZhwPAW1bHOc_d1pdGTKb7ZQ&oe=69750E3F&_nc_sid=4a2096'],,https://www.threads.net/@uafoxfur/post/DTSy05ECIx2,[],"{'likes': 21454, 'reposts': 330, 'quotes': 3}",threads,3806328172090788982,UAFoxfur,,"Without electricity, but without Russians. Glory to the air defense of Kyiv and Ukraine's partners",threads,67617203325,uafoxfur
[],2026-01-20T15:16:39.456361+07:00,"Concerning the murder in Minnisota by ICE yesterday.
1/ Shared from Jenin Younes.
I'm a former defense attorney & currently a civil liberties attorney with no political dog in this fight. I watched the video at least 10 times from different angles & at different speeds & waited to offer an opinion, which I still reserve the right to change if additional information changes the calculus.
It is very clear that the officers instigated the confrontation. The woman initially tried to wave them past.",2026-01-09T03:40:12+07:00,,3805783861020428859,threads,threads.com,threads_crawler_v1,https://www.threads.net/@suefeeman/post/DTQ3EH4CYo7,https://instagram.fhan3-4.fna.fbcdn.net/v/t51.2885-19/519523511_17915400498139264_6851849680502765594_n.jpg?stp=dst-jpg_s150x150_tt6&efg=eyJ2ZW5jb2RlX3RhZyI6InByb2ZpbGVfcGljLmRqYW5nby4yMjcuYzIifQ&_nc_ht=instagram.fhan3-4.fna.fbcdn.net&_nc_cat=104&_nc_oc=Q6cZ2QF9FjVDqgToStwunZhOSuPHUxpwwEGdmSibk17hPNgKN74eVZb8k6c6w7DtznaLbUU&_nc_ohc=-rbislylTfEQ7kNvwG2_JJR&_nc_gid=p8LRhCWQ6DtL_y4O908-Yg&edm=AJhczIQBAAAA&ccb=7-5&oh=00_Afo2EZ8QfJ3xs0P0xbmmwLBFIi1zhbvZapseKmotZEBW9w&oe=697519F2&_nc_sid=4a2096,11,0,239,52,0,[],,https://www.threads.net/@suefeeman/post/DTQ3EH4CYo7,[],"{'likes': 239, 'reposts': 47, 'quotes': 5}",threads,3805783861020428859,Sue Hall Feeman,,"Concerning the murder in Minnisota by ICE yesterday.
1/ Shared from Jenin Younes.
I'm a former defense attorney & currently a civil liberties attorney with no political dog in this fight. I watched the video at least 10 times from different angles & at different speeds & waited to offer an opinion, which I still reserve the right to change if additional information changes the calculus.
It is very clear that the officers instigated the confrontation. The woman initially tried to wave them past.",threads,64244675263,suefeeman
[],2026-01-20T15:16:39.456415+07:00,"Massachusetts! 
CALLS TO ACTION: join your local neighborhood defense team luce_hotline 
Save this number your phone:
617-370-5023",2026-01-18T05:06:03+07:00,,3812350052950514854,threads,threads.com,threads_crawler_v1,https://www.threads.net/@optimisticheathen/post/DToMCypjpym,https://instagram.fhan3-4.fna.fbcdn.net/v/t51.2885-19/358346584_610284010902460_4523168153871909753_n.jpg?stp=dst-jpg_s150x150_tt6&efg=eyJ2ZW5jb2RlX3RhZyI6InByb2ZpbGVfcGljLmRqYW5nby4xMDI0LmMyIn0&_nc_ht=instagram.fhan3-4.fna.fbcdn.net&_nc_cat=104&_nc_oc=Q6cZ2QGT6aeX3XonnMvxRSxWEk8fd6hrdaHVpVQJqU_iZBzxRFAZc1l90ye3ve35pBDiTNY&_nc_ohc=AOpRqtICr_oQ7kNvwHSxE_r&_nc_gid=a1D0RdJltzEj4xZhfXRv2A&edm=AJhczIQBAAAA&ccb=7-5&oh=00_AfoH2z60CzUS2BhYFk-xAD_zPr4Q8qD_QYtlxAvvgpTl6A&oe=6974FD59&_nc_sid=4a2096,16,0,505,149,0,[],,https://www.threads.net/@optimisticheathen/post/DToMCypjpym,[],"{'likes': 505, 'reposts': 143, 'quotes': 6}",threads,3812350052950514854,Amanda Reyna,,"Massachusetts! 
CALLS TO ACTION: join your local neighborhood defense team luce_hotline 
Save this number your phone:
617-370-5023",threads,63276349838,optimisticheathen
[],2026-01-20T15:16:39.456465+07:00,"Sheikh Hamdan Sir ❤️ #throwback #horselover❤️ 

Sheikh Hamdan faz3 ❤, Crown Prince Of Dubai And UAE Deputy PM And Defense Minister.. May God Keep Him Always Healthy And Happy 🤲",2026-01-16T05:46:47+07:00,,3810921004110414233,threads,threads.com,threads_crawler_v1,https://www.threads.net/@rasgullareddy_/post/DTjHHZNE4GZ,https://instagram.fhan3-3.fna.fbcdn.net/v/t51.2885-19/465594986_1148403586867583_482833960948020546_n.jpg?stp=dst-jpg_s150x150_tt6&efg=eyJ2ZW5jb2RlX3RhZyI6InByb2ZpbGVfcGljLmRqYW5nby4xMDgwLmMyIn0&_nc_ht=instagram.fhan3-3.fna.fbcdn.net&_nc_cat=1&_nc_oc=Q6cZ2QGT6aeX3XonnMvxRSxWEk8fd6hrdaHVpVQJqU_iZBzxRFAZc1l90ye3ve35pBDiTNY&_nc_ohc=L3Ig1valIckQ7kNvwH3aec8&_nc_gid=a1D0RdJltzEj4xZhfXRv2A&edm=AJhczIQBAAAA&ccb=7-5&oh=00_AfrWuBzJFvQqjw4aEaRfvQmQzc8jMd-WlNU6bwBc3SeIjA&oe=6974FD57&_nc_sid=4a2096,24,0,204,3,0,['https://instagram.fhan4-1.fna.fbcdn.net/v/t51.2885-15/617797061_18073336040610893_5569510301180737156_n.webp?efg=eyJ2ZW5jb2RlX3RhZyI6InRocmVhZHMuQ0FST1VTRUxfSVRFTS5pbWFnZV91cmxnZW4uMTQ0MHgxNzk4LnNkci5mODI3ODcuZGVmYXVsdF9pbWFnZS5jMiJ9&_nc_ht=instagram.fhan4-1.fna.fbcdn.net&_nc_cat=105&_nc_oc=Q6cZ2QGT6aeX3XonnMvxRSxWEk8fd6hrdaHVpVQJqU_iZBzxRFAZc1l90ye3ve35pBDiTNY&_nc_ohc=Uvkw7sCNsGkQ7kNvwHW2Npf&_nc_gid=a1D0RdJltzEj4xZhfXRv2A&edm=AJhczIQBAAAA&ccb=7-5&ig_cache_key=MzgxMDkyMDk5MTA0OTM0MDQzOQ%3D%3D.3-ccb7-5&oh=00_AfoeBzG1ipNIhKXKeZeWkI4Wx_jxjoHYJJPk0tuMrlLrwA&oe=6974FBB2&_nc_sid=4a2096'],,https://www.threads.net/@rasgullareddy_/post/DTjHHZNE4GZ,[],"{'likes': 204, 'reposts': 3, 'quotes': 0}",threads,3810921004110414233,Rasgulla Reddy,,"Sheikh Hamdan Sir ❤️ #throwback #horselover❤️ 

Sheikh Hamdan faz3 ❤, Crown Prince Of Dubai And UAE Deputy PM And Defense Minister.. May God Keep Him Always Healthy And Happy 🤲",threads,63247807740,rasgullareddy_
[],2026-01-20T15:16:39.456510+07:00,"I cannot believe anyone had to make this video and prove that Renee Good was murdered, and the officer was not hit, and absolutely intentionally shot her, not out of self defense…. But this is worth the watch. If you’ve seen the tampered with videos, please watch this and open your mind to the truth.",2026-01-13T02:36:41+07:00,,3808651002627910813,threads,threads.com,threads_crawler_v1,https://www.threads.net/@lifeandalex/post/DTbC-hlEmyd,https://instagram.fhan3-3.fna.fbcdn.net/v/t51.2885-19/477662813_603239442484123_4348499340488320796_n.jpg?stp=dst-jpg_s150x150_tt6&efg=eyJ2ZW5jb2RlX3RhZyI6InByb2ZpbGVfcGljLmRqYW5nby4xMDgwLmMyIn0&_nc_ht=instagram.fhan3-3.fna.fbcdn.net&_nc_cat=1&_nc_oc=Q6cZ2QGT6aeX3XonnMvxRSxWEk8fd6hrdaHVpVQJqU_iZBzxRFAZc1l90ye3ve35pBDiTNY&_nc_ohc=kicoUkgtCEAQ7kNvwFvPV7w&_nc_gid=a1D0RdJltzEj4xZhfXRv2A&edm=AJhczIQBAAAA&ccb=7-5&oh=00_AfrGJaETnZmAjUgTAsF3sAtLD-WLnZdmBimYQjptmhvV4A&oe=6974FBB3&_nc_sid=4a2096,156,0,1295,279,0,[],,https://www.threads.net/@lifeandalex/post/DTbC-hlEmyd,[],"{'likes': 1295, 'reposts': 258, 'quotes': 21}",threads,3808651002627910813,Alex Kornswiet,,"I cannot believe anyone had to make this video and prove that Renee Good was murdered, and the officer was not hit, and absolutely intentionally shot her, not out of self defense…. But this is worth the watch. If you’ve seen the tampered with videos, please watch this and open your mind to the truth.",threads,63105685932,lifeandalex
[],2026-01-20T15:16:39.456550+07:00,"Saturday's NFL Wild Card Round Betting Cheatsheets 🏈 🏈 🏈

NFL PARLAY PIECES is first :)

Rams vs Panthers 📊
Bears vs Packers 📊

Defense vs position cheatsheets (DvP Matchups) , nfl player prop targets, nfl prop hit rates, parlay pieces, and more!

❤️ LIKE if using to build parlays and make NFL picks!!!
#nflpicks #nflpredictions #nflbets #nflbetting #sportsbetting",2026-01-09T22:43:52+07:00,,3806359490129207332,threads,threads.com,threads_crawler_v1,https://www.threads.net/@donutsdubs/post/DTS58oQlqAk,https://instagram.fhan3-2.fna.fbcdn.net/v/t51.2885-19/358000830_1007660000361775_2560849661330945173_n.jpg?stp=dst-jpg_s150x150_tt6&efg=eyJ2ZW5jb2RlX3RhZyI6InByb2ZpbGVfcGljLmRqYW5nby40MDAuYzIifQ&_nc_ht=instagram.fhan3-2.fna.fbcdn.net&_nc_cat=107&_nc_oc=Q6cZ2QGT6aeX3XonnMvxRSxWEk8fd6hrdaHVpVQJqU_iZBzxRFAZc1l90ye3ve35pBDiTNY&_nc_ohc=Ck5HvoV_DNkQ7kNvwFHInz-&_nc_gid=a1D0RdJltzEj4xZhfXRv2A&edm=AJhczIQBAAAA&ccb=7-5&oh=00_AfpYtw0WoiO42m0ignP--N3nwjPWxDVxKYtFBrnVDEKdyQ&oe=69751F1B&_nc_sid=4a2096,0,0,13,0,0,['https://instagram.fhan4-5.fna.fbcdn.net/v/t51.2885-15/610846221_18075503402201103_6122922072970193081_n.jpg?stp=dst-jpg_e35_tt6&efg=eyJ2ZW5jb2RlX3RhZyI6InRocmVhZHMuQ0FST1VTRUxfSVRFTS5pbWFnZV91cmxnZW4uMTA4MHgxMzUwLnNkci5mODI3ODcuZGVmYXVsdF9pbWFnZS5jMiJ9&_nc_ht=instagram.fhan4-5.fna.fbcdn.net&_nc_cat=103&_nc_oc=Q6cZ2QGT6aeX3XonnMvxRSxWEk8fd6hrdaHVpVQJqU_iZBzxRFAZc1l90ye3ve35pBDiTNY&_nc_ohc=7jTFck0qOPMQ7kNvwHjle7-&_nc_gid=a1D0RdJltzEj4xZhfXRv2A&edm=AJhczIQBAAAA&ccb=7-5&ig_cache_key=MzgwNjM1OTQ3ODY5NTUxMTE2Nw%3D%3D.3-ccb7-5&oh=00_Afrj7vdxg_zUxg6-LkEl5E6qq1FPXPd8i-yV8YINf364lQ&oe=697513DB&_nc_sid=4a2096'],,https://www.threads.net/@donutsdubs/post/DTS58oQlqAk,[],"{'likes': 13, 'reposts': 0, 'quotes': 0}",threads,3806359490129207332,Mitch Carl,,"Saturday's NFL Wild Card Round Betting Cheatsheets 🏈 🏈 🏈

NFL PARLAY PIECES is first :)

Rams vs Panthers 📊
Bears vs Packers 📊

Defense vs position cheatsheets (DvP Matchups) , nfl player prop targets, nfl prop hit rates, parlay pieces, and more!

❤️ LIKE if using to build parlays and make NFL picks!!!
#nflpicks #nflpredictions #nflbets #nflbetting #sportsbetting",threads,63264247141,donutsdubs
[],2026-01-20T15:16:39.456582+07:00,"AVOIDANTS CANNOT WITHDRAW EASILY FROM THESE TYPES

Not because they are weak —
but because these people disrupt the very defense system avoidance is built on.

1.	The Calm, Non-Reactive One
You don’t chase. You don’t protest. You don’t escalate. Your nervous system stays regulated even when theirs expects emotional chaos. Their withdrawal strategy collapses when there is no emotional storm to escape.",2025-12-30T14:03:28+07:00,,3798849811391500927,threads,threads.com,threads_crawler_v1,https://www.threads.net/@enlightenedsoulll/post/DS4Oca7DNJ_,https://instagram.fhan3-3.fna.fbcdn.net/v/t51.2885-19/616308525_18099097006879577_6607705357364501669_n.jpg?stp=dst-jpg_s150x150_tt6&efg=eyJ2ZW5jb2RlX3RhZyI6InByb2ZpbGVfcGljLmRqYW5nby4xMDI0LmMyIn0&_nc_ht=instagram.fhan3-3.fna.fbcdn.net&_nc_cat=1&_nc_oc=Q6cZ2QGT6aeX3XonnMvxRSxWEk8fd6hrdaHVpVQJqU_iZBzxRFAZc1l90ye3ve35pBDiTNY&_nc_ohc=wAhwVtJGEqQQ7kNvwHlipIY&_nc_gid=a1D0RdJltzEj4xZhfXRv2A&edm=AJhczIQBAAAA&ccb=7-5&oh=00_AfoGraPfIXZqJwwYpVK2_w1045hXHbnjMULbp2MYDn7lbA&oe=6974F376&_nc_sid=4a2096,16,0,371,25,0,[],,https://www.threads.net/@enlightenedsoulll/post/DS4Oca7DNJ_,[],"{'likes': 371, 'reposts': 25, 'quotes': 0}",threads,3798849811391500927,Ojas G 🤴,,"AVOIDANTS CANNOT WITHDRAW EASILY FROM THESE TYPES

Not because they are weak —
but because these people disrupt the very defense system avoidance is built on.

1.	The Calm, Non-Reactive One
You don’t chase. You don’t protest. You don’t escalate. Your nervous system stays regulated even when theirs expects emotional chaos. Their withdrawal strategy collapses when there is no emotional storm to escape.",threads,63369924544,enlightenedsoulll
[],2026-01-20T15:16:39.456618+07:00,Patriots offense should just kneel down 3 times and punt. Texans are not going to score. Their defense will,2026-01-19T05:21:23+07:00,,3813082553230895201,threads,threads.com,threads_crawler_v1,https://www.threads.net/@danielsolo23/post/DTqymEskShh,https://instagram.fblr1-8.fna.fbcdn.net/v/t51.2885-19/573323465_1219825463302212_7278921664109726296_n.png?stp=dst-jpg_s150x150_tt6&efg=eyJ2ZW5jb2RlX3RhZyI6InByb2ZpbGVfcGljLmRqYW5nby4xNTAuYzIifQ&_nc_ht=instagram.fblr1-8.fna.fbcdn.net&_nc_cat=1&_nc_oc=Q6cZ2QE6Ifc5EeZy6XLdQVwdvyNfNNRogLj70hOaUutpfmINLYFXtIcteMTc23OYghIE5pU&_nc_ohc=I-OAmjM3FnMQ7kNvwH2aJ3E&_nc_gid=ZvZBYT2wmy0ksjCKFgnJgA&edm=AHeK1B4BAAAA&ccb=7-5&ig_cache_key=YW5vbnltb3VzX3Byb2ZpbGVfcGlj.3-ccb7-5&oh=00_Afpk8mAF2cxRpfIQ8wGsEGsTWkze5Fu1Gzfa5k5KoBLtOQ&oe=6974F0EA&_nc_sid=baf01c,1,0,0,0,0,[],,https://www.threads.net/@danielsolo23/post/DTqymEskShh,[],"{'likes': 0, 'reposts': 0, 'quotes': 0}",threads,3813082553230895201,Daniel Solomon,,Patriots offense should just kneel down 3 times and punt. Texans are not going to score. Their defense will,threads,63062378668,danielsolo23
[],2026-01-20T15:16:39.456650+07:00,"I just wrote an 11 post thread addressing the biggest issues of what I’ve seen about why people don’t like Common Goal.
Not as a defense, but more of how I approach it leaving my misconceptions at the door on my 2nd read & why it’s ranked so highly for me.
However, now I feel embarrassed & don’t want to post it because I think people are gonna be like “Dude, get a blog or a journal” which I mean… fair 🙈😅🥲",2026-01-18T03:05:40+07:00,,3812289468846473347,threads,threads.com,threads_crawler_v1,https://www.threads.net/@trvling_2/post/DTn-RLTjoCD,https://instagram.fhan4-6.fna.fbcdn.net/v/t51.2885-19/610574485_17842177302673820_5075162539686496414_n.jpg?stp=dst-jpg_s150x150_tt6&efg=eyJ2ZW5jb2RlX3RhZyI6InByb2ZpbGVfcGljLmRqYW5nby41NTQuYzIifQ&_nc_ht=instagram.fhan4-6.fna.fbcdn.net&_nc_cat=108&_nc_oc=Q6cZ2QGT6aeX3XonnMvxRSxWEk8fd6hrdaHVpVQJqU_iZBzxRFAZc1l90ye3ve35pBDiTNY&_nc_ohc=WeEKtkEiCZMQ7kNvwEMD4Qy&_nc_gid=a1D0RdJltzEj4xZhfXRv2A&edm=AJhczIQBAAAA&ccb=7-5&oh=00_AfqJJs8yWxxzmtFaBvOtzJ0uUKO-uietyh3yRZ8iDTD9cg&oe=69750D3C&_nc_sid=4a2096,55,0,90,0,0,['https://instagram.fhan4-6.fna.fbcdn.net/v/t51.2885-15/618500811_17844016026673820_8848865692856248373_n.jpg?stp=cp6_dst-jpg_e35_tt6&efg=eyJ2ZW5jb2RlX3RhZyI6InRocmVhZHMuRkVFRC5pbWFnZV91cmxnZW4uMTE3MHgxMTMxLnNkci5mODI3ODcuZGVmYXVsdF9pbWFnZS5jMiJ9&_nc_ht=instagram.fhan4-6.fna.fbcdn.net&_nc_cat=108&_nc_oc=Q6cZ2QGT6aeX3XonnMvxRSxWEk8fd6hrdaHVpVQJqU_iZBzxRFAZc1l90ye3ve35pBDiTNY&_nc_ohc=1uzSdmWTAHcQ7kNvwEzWOiY&_nc_gid=a1D0RdJltzEj4xZhfXRv2A&edm=AJhczIQBAAAA&ccb=7-5&ig_cache_key=MzgxMjI4OTQ2ODg0NjQ3MzM0Nw%3D%3D.3-ccb7-5&oh=00_Afpg6oYXZoEFTeSctORxA7kF8IA_AjO4ftTvYyHeLTNRJw&oe=697511CF&_nc_sid=4a2096'],,https://www.threads.net/@trvling_2/post/DTn-RLTjoCD,[],"{'likes': 90, 'reposts': 0, 'quotes': 0}",threads,3812289468846473347,Jimbo,Heated Rivalry,"I just wrote an 11 post thread addressing the biggest issues of what I’ve seen about why people don’t like Common Goal.
Not as a defense, but more of how I approach it leaving my misconceptions at the door on my 2nd read & why it’s ranked so highly for me.
However, now I feel embarrassed & don’t want to post it because I think people are gonna be like “Dude, get a blog or a journal” which I mean… fair 🙈😅🥲",threads,80165857819,trvling_2
[],2026-01-20T15:16:39.456697+07:00,I need a self defense keychain👀,2025-03-26T06:00:01+07:00,,3596394052552911595,threads,threads.com,threads_crawler_v1,https://www.threads.net/@niy_benjamin/post/DHo9VYWvmrr,https://instagram.fhan4-3.fna.fbcdn.net/v/t51.2885-19/418830814_3725461811069316_4473923922827400763_n.jpg?stp=dst-jpg_s150x150_tt6&efg=eyJ2ZW5jb2RlX3RhZyI6InByb2ZpbGVfcGljLmRqYW5nby4xMDgwLmMyIn0&_nc_ht=instagram.fhan4-3.fna.fbcdn.net&_nc_cat=100&_nc_oc=Q6cZ2QGT6aeX3XonnMvxRSxWEk8fd6hrdaHVpVQJqU_iZBzxRFAZc1l90ye3ve35pBDiTNY&_nc_ohc=2Bxtu_bybY4Q7kNvwGfzO6I&_nc_gid=a1D0RdJltzEj4xZhfXRv2A&edm=AJhczIQBAAAA&ccb=7-5&oh=00_AfqKrDkh3I_VJpmQUE6m286BBm9r54CkYIR6PCo5ehfxJg&oe=6974FB99&_nc_sid=4a2096,4,0,7,0,0,[],,https://www.threads.net/@niy_benjamin/post/DHo9VYWvmrr,[],"{'likes': 7, 'reposts': 0, 'quotes': 0}",threads,3596394052552911595,Niy_Benjamin,,I need a self defense keychain👀,threads,63208190179,niy_benjamin
[],2026-01-20T15:16:39.456728+07:00,Not too much on Mell. That's Ace's best friend and ppl are acting a fool in his comments. I hate when y'all feel like ppl can't come to the defense of their friends. Are some of y'all cool? Serious questions.,2026-01-16T04:26:14+07:00,,3810880462294422752,threads,threads.com,threads_crawler_v1,https://www.threads.net/@kekesimming/post/DTi95bsiRTg,https://instagram.fhan3-2.fna.fbcdn.net/v/t51.2885-19/497489694_18509082424012927_5528853378459836844_n.jpg?stp=dst-jpg_s150x150_tt6&efg=eyJ2ZW5jb2RlX3RhZyI6InByb2ZpbGVfcGljLmRqYW5nby4xMDgwLmMyIn0&_nc_ht=instagram.fhan3-2.fna.fbcdn.net&_nc_cat=107&_nc_oc=Q6cZ2QGT6aeX3XonnMvxRSxWEk8fd6hrdaHVpVQJqU_iZBzxRFAZc1l90ye3ve35pBDiTNY&_nc_ohc=vnHHBnn2dyUQ7kNvwG3osAk&_nc_gid=a1D0RdJltzEj4xZhfXRv2A&edm=AJhczIQBAAAA&ccb=7-5&oh=00_AfqvL341KavriSW5F36_HsFSOFuLovRUDfO457Pe72TZqQ&oe=69751046&_nc_sid=4a2096,7,0,54,1,0,[],,https://www.threads.net/@kekesimming/post/DTi95bsiRTg,[],"{'likes': 54, 'reposts': 1, 'quotes': 0}",threads,3810880462294422752,KFreeman,Chellace,Not too much on Mell. That's Ace's best friend and ppl are acting a fool in his comments. I hate when y'all feel like ppl can't come to the defense of their friends. Are some of y'all cool? Serious questions.,threads,74505564880,kekesimming
[],2026-01-20T15:16:39.456761+07:00,"🚨BREAKING 🚨

Israel just hit Syria’s Ministry of Defense.
On air. In Damascus.
Tell me again how this is about “defending themselves”?
Because I’m only seeing power plays and military arrogance.",2025-07-16T20:55:32+07:00,,3678019328273265491,threads,threads.com,threads_crawler_v1,https://www.threads.net/@ainidi2/post/DMK8xeSv7NT,https://instagram.fhan4-5.fna.fbcdn.net/v/t51.2885-19/450327177_1168082040979862_1266661955172330397_n.jpg?stp=dst-jpg_s150x150_tt6&efg=eyJ2ZW5jb2RlX3RhZyI6InByb2ZpbGVfcGljLmRqYW5nby43MjAuYzIifQ&_nc_ht=instagram.fhan4-5.fna.fbcdn.net&_nc_cat=102&_nc_oc=Q6cZ2QGT6aeX3XonnMvxRSxWEk8fd6hrdaHVpVQJqU_iZBzxRFAZc1l90ye3ve35pBDiTNY&_nc_ohc=CGlvh5CdqkgQ7kNvwGzSEqb&_nc_gid=a1D0RdJltzEj4xZhfXRv2A&edm=AJhczIQBAAAA&ccb=7-5&oh=00_Afr2iP2HQ8M2c2yCz5XF40oae85LCMdAJk8Wfcy9NosYdA&oe=69750951&_nc_sid=4a2096,1456,0,17698,1624,0,"['https://instagram.fhan3-2.fna.fbcdn.net/v/t51.2885-15/519971773_670393122698887_3490769136109819268_n.jpg?stp=dst-jpg_e15_tt6&efg=eyJ2ZW5jb2RlX3RhZyI6InRocmVhZHMuRkVFRC5pbWFnZV91cmxnZW4uNjQweDQ0Mi5zZHIuZjcxODc4LmRlZmF1bHRfY292ZXJfZnJhbWUuYzIifQ&_nc_ht=instagram.fhan3-2.fna.fbcdn.net&_nc_cat=107&_nc_oc=Q6cZ2QGT6aeX3XonnMvxRSxWEk8fd6hrdaHVpVQJqU_iZBzxRFAZc1l90ye3ve35pBDiTNY&_nc_ohc=DlO79oSFV0YQ7kNvwHAbPyU&_nc_gid=a1D0RdJltzEj4xZhfXRv2A&edm=AJhczIQBAAAA&ccb=7-5&ig_cache_key=MzY3ODAxOTMyODI3MzI2NTQ5MQ%3D%3D.3-ccb7-5&oh=00_AfpKvzccL6kXB8ngKQVM7vJH0fInJ7Haf4ASgt1NAWoM-w&oe=6974F668&_nc_sid=4a2096', 'https://instagram.fhan4-5.fna.fbcdn.net/o1/v/t16/f2/m69/AQMbdD34K00sKrBYmG6y0-MN1kIre3375YX0K1mtuFXN2w926RmpoP7wuZIMbUWfCfoYDHZ1-ZxDX8Nb0ibrPHuU.mp4?strext=1&_nc_cat=103&_nc_oc=AdleDU4eu17aRtBE0wusWZ2oYJe11XAcfwb3hE8myNJRjAShjc22uOsOYgSP1rXHZ9g&_nc_sid=8bf8fe&_nc_ht=instagram.fhan4-5.fna.fbcdn.net&_nc_ohc=mGnrNy19Q_EQ7kNvwFarrZa&efg=eyJ2ZW5jb2RlX3RhZyI6Inhwdl9wcm9ncmVzc2l2ZS5JTlNUQUdSQU0uRkVFRC5DMy4xMDQwLnByb2dyZXNzaXZlX2gyNjQtYmFzaWMtZ2VuMl83MjBwIiwieHB2X2Fzc2V0X2lkIjoxOTQzODU5MzE5Njg0NDMzLCJhc3NldF9hZ2VfZGF5cyI6MTg3LCJ2aV91c2VjYXNlX2lkIjoxMDE2NCwiZHVyYXRpb25fcyI6MzEsInVybGdlbl9zb3VyY2UiOiJ3d3cifQ%3D%3D&ccb=17-1&_nc_gid=a1D0RdJltzEj4xZhfXRv2A&_nc_zt=28&oh=00_Afobwi4aZC3FpwQDqQE7YnSB7e4KnR9FlM_YJygcACRIzQ&oe=6974F595']",,https://www.threads.net/@ainidi2/post/DMK8xeSv7NT,[],"{'likes': 17698, 'reposts': 1517, 'quotes': 107}",threads,3678019328273265491,Diana,israelterrorstate,"🚨BREAKING 🚨

Israel just hit Syria’s Ministry of Defense.
On air. In Damascus.
Tell me again how this is about “defending themselves”?
Because I’m only seeing power plays and military arrogance.",threads,65163125362,ainidi2
[],2026-01-20T15:16:39.456803+07:00,"ICE descended on New Jersey and expected to move quietly. Instead, people showed up in the streets and made it public. No secrecy. No normalization. No fear. This is community defense in real time. Don’t mess with New Jersey!",2026-01-15T07:16:55+07:00,,3810241575197332426,threads,threads.com,threads_crawler_v1,https://www.threads.net/@lesleyabravanel/post/DTgsoZuD9PK,https://instagram.fhan3-2.fna.fbcdn.net/v/t51.2885-19/539757501_17920634628117091_4143396862768947514_n.jpg?stp=dst-jpg_s150x150_tt6&efg=eyJ2ZW5jb2RlX3RhZyI6InByb2ZpbGVfcGljLmRqYW5nby4zMDAuYzIifQ&_nc_ht=instagram.fhan3-2.fna.fbcdn.net&_nc_cat=107&_nc_oc=Q6cZ2QGT6aeX3XonnMvxRSxWEk8fd6hrdaHVpVQJqU_iZBzxRFAZc1l90ye3ve35pBDiTNY&_nc_ohc=Em1_rbJ49Q8Q7kNvwFsZsdx&_nc_gid=a1D0RdJltzEj4xZhfXRv2A&edm=AJhczIQBAAAA&ccb=7-5&oh=00_Afq_w9WvbgGNsKLo3Ow9HIbhDsKPScV3ZOGZLYfF1Q2lzw&oe=69751935&_nc_sid=4a2096,734,0,6575,757,0,"['https://instagram.fhan3-4.fna.fbcdn.net/v/t51.2885-15/617498185_1400635028185710_5320052187739069445_n.jpg?stp=dst-jpg_e15_tt6&efg=eyJ2ZW5jb2RlX3RhZyI6InRocmVhZHMuRkVFRC5pbWFnZV91cmxnZW4uNjQweDExMzguc2RyLmY3MTg3OC5kZWZhdWx0X2NvdmVyX2ZyYW1lLmMyIn0&_nc_ht=instagram.fhan3-4.fna.fbcdn.net&_nc_cat=106&_nc_oc=Q6cZ2QGT6aeX3XonnMvxRSxWEk8fd6hrdaHVpVQJqU_iZBzxRFAZc1l90ye3ve35pBDiTNY&_nc_ohc=Md0-x17uahEQ7kNvwG7cTRo&_nc_gid=a1D0RdJltzEj4xZhfXRv2A&edm=AJhczIQBAAAA&ccb=7-5&ig_cache_key=MzgxMDI0MTU3NTE5NzMzMjQyNg%3D%3D.3-ccb7-5&oh=00_AfqIElAKjlMRvYuuQe0QvxewjkQsYPuEyDXkFIVbYqBSbQ&oe=6975236B&_nc_sid=4a2096', 'https://instagram.fhan3-4.fna.fbcdn.net/o1/v/t16/f2/m69/AQMh4a3QPa1CSuxfLSTblTdO4qNJLJHoNkCV0e7aMsePLHZmAiFtv3KoITwRfCZkACExxp4qyEw2B5kUDl88j3kJ.mp4?strext=1&_nc_cat=104&_nc_oc=Adm2Ana25wCIZShF4dAH6gAwq48N00Z3GOTfNpRu20bMCC9Kgs8uRa33XN4gKy1DoJ0&_nc_sid=5e9851&_nc_ht=instagram.fhan3-4.fna.fbcdn.net&_nc_ohc=rHMiOLy9O7gQ7kNvwFFEJc_&efg=eyJ2ZW5jb2RlX3RhZyI6Inhwdl9wcm9ncmVzc2l2ZS5JTlNUQUdSQU0uRkVFRC5DMy40ODAuZGFzaF9iYXNlbGluZV8xX3YxIiwieHB2X2Fzc2V0X2lkIjoxODQ1OTU4MTMwMTM5ODI2LCJhc3NldF9hZ2VfZGF5cyI6NSwidmlfdXNlY2FzZV9pZCI6MTAwOTksImR1cmF0aW9uX3MiOjI0LCJ1cmxnZW5fc291cmNlIjoid3d3In0%3D&ccb=17-1&_nc_gid=a1D0RdJltzEj4xZhfXRv2A&_nc_zt=28&vs=ea2022353139b18a&_nc_vs=HBksFQIYOnBhc3N0aHJvdWdoX2V2ZXJzdG9yZS9HRzZGeHlSSlp5WS1YeGtEQUVYcTV4RmVZcWM4YnNwVEFRQUYVAALIARIAFQIYOnBhc3N0aHJvdWdoX2V2ZXJzdG9yZS9HTzRKdFNTTHlIZWVIREFEQUd2TGxLSXNfQjBZYnN0VEFRQUYVAgLIARIAKAAYABsCiAd1c2Vfb2lsATEScHJvZ3Jlc3NpdmVfcmVjaXBlATEVAAAm5Irw6fO4xwYVAigCQzMsF0A4IgxJul41GBJkYXNoX2Jhc2VsaW5lXzFfdjERAHXqB2XmnQEA&oh=00_Afo7W7vy-U0CBikjE7CX2d4tSEk3vj4mu2qk4hniRaVzTw&oe=69752870']",,https://www.threads.net/@lesleyabravanel/post/DTgsoZuD9PK,[],"{'likes': 6575, 'reposts': 727, 'quotes': 30}",threads,3810241575197332426,Lesley Abravanel Andersson,,"ICE descended on New Jersey and expected to move quietly. Instead, people showed up in the streets and made it public. No secrecy. No normalization. No fear. This is community defense in real time. Don’t mess with New Jersey!",threads,63373173090,lesleyabravanel
[],2026-01-20T15:16:39.456840+07:00,"Now the question is, do we think Drake Maye can handle the Texans defense?? 😬😬😬",2026-01-13T11:26:49+07:00,,3808917825189058013,threads,threads.com,threads_crawler_v1,https://www.threads.net/@stephenstackzzz/post/DTb_pTdDBXd,https://instagram.fhan3-4.fna.fbcdn.net/v/t51.2885-19/605091267_18007106987821998_5777833961997703588_n.jpg?stp=dst-jpg_s150x150_tt6&efg=eyJ2ZW5jb2RlX3RhZyI6InByb2ZpbGVfcGljLmRqYW5nby45NjAuYzIifQ&_nc_ht=instagram.fhan3-4.fna.fbcdn.net&_nc_cat=106&_nc_oc=Q6cZ2QGT6aeX3XonnMvxRSxWEk8fd6hrdaHVpVQJqU_iZBzxRFAZc1l90ye3ve35pBDiTNY&_nc_ohc=W6q6grJisYoQ7kNvwEJVYHk&_nc_gid=a1D0RdJltzEj4xZhfXRv2A&edm=AJhczIQBAAAA&ccb=7-5&oh=00_AfrN9iZCpzWZ-vxiv5ejxPekWLXF9owHsYfHloS0ohTXdQ&oe=6974F2DE&_nc_sid=4a2096,33,0,54,0,0,[],,https://www.threads.net/@stephenstackzzz/post/DTb_pTdDBXd,[],"{'likes': 54, 'reposts': 0, 'quotes': 0}",threads,3808917825189058013,Maurice Stephen Stackz Ford,,"Now the question is, do we think Drake Maye can handle the Texans defense?? 😬😬😬",threads,63085875616,stephenstackzzz
[],2026-01-20T15:16:39.456890+07:00,"A federal judge just put the Pentagon & Hegseth on a clock.

On Monday, Sen. Mark Kelly sued Defense Secretary Pete Hegseth over the decision to censure him and reopen his Navy retirement grade — a move that could reduce his rank and pension. 

Hours later, Judge Richard J. Leon stepped in.",2026-01-13T12:41:18+07:00,,3808955315496448576,threads,threads.com,threads_crawler_v1,https://www.threads.net/@ash.renee411/post/DTcIK3BgHJA,https://instagram.fhan3-3.fna.fbcdn.net/v/t51.2885-19/500943322_18118407148458732_4948149287861452257_n.jpg?stp=dst-jpg_s150x150_tt6&efg=eyJ2ZW5jb2RlX3RhZyI6InByb2ZpbGVfcGljLmRqYW5nby4xMDgwLmMyIn0&_nc_ht=instagram.fhan3-3.fna.fbcdn.net&_nc_cat=1&_nc_oc=Q6cZ2QGT6aeX3XonnMvxRSxWEk8fd6hrdaHVpVQJqU_iZBzxRFAZc1l90ye3ve35pBDiTNY&_nc_ohc=OM76oyBhbkMQ7kNvwE8-u_G&_nc_gid=a1D0RdJltzEj4xZhfXRv2A&edm=AJhczIQBAAAA&ccb=7-5&oh=00_AfqA3fzhjjdltT1qhzfkgZqQn2QWmoIADEE8VlJuuerwbg&oe=697527E4&_nc_sid=4a2096,618,0,23818,1729,0,[],,https://www.threads.net/@ash.renee411/post/DTcIK3BgHJA,[],"{'likes': 23818, 'reposts': 1659, 'quotes': 70}",threads,3808955315496448576,Ashley Renee,,"A federal judge just put the Pentagon & Hegseth on a clock.

On Monday, Sen. Mark Kelly sued Defense Secretary Pete Hegseth over the decision to censure him and reopen his Navy retirement grade — a move that could reduce his rank and pension. 

Hours later, Judge Richard J. Leon stepped in.",threads,63408997484,ash.renee411
[],2026-01-20T15:16:39.456946+07:00,"🚨 DEFENSE SECTOR ALERT: JAN 8, 2026 🚨

Trump just dropped a BOMB on markets—a $1.5 TRILLION defense budget for 2027.

That's a 50% increase from today's $901B. The largest military spending proposal in American history.

Defense stocks are surging. Here's what you need to know 🧵👇",2026-01-08T23:09:12+07:00,,3805647197174353248,threads,threads.com,threads_crawler_v1,https://www.threads.net/@dailyanalysts/post/DTQX_ZwCc1g,https://instagram.fhan3-3.fna.fbcdn.net/v/t51.2885-19/483870238_1588411648323527_5014095717377169626_n.jpg?stp=dst-jpg_s150x150_tt6&efg=eyJ2ZW5jb2RlX3RhZyI6InByb2ZpbGVfcGljLmRqYW5nby4xMDgwLmMyIn0&_nc_ht=instagram.fhan3-3.fna.fbcdn.net&_nc_cat=111&_nc_oc=Q6cZ2QGT6aeX3XonnMvxRSxWEk8fd6hrdaHVpVQJqU_iZBzxRFAZc1l90ye3ve35pBDiTNY&_nc_ohc=V6KUPL1wzG4Q7kNvwEZkvUe&_nc_gid=a1D0RdJltzEj4xZhfXRv2A&edm=AJhczIQBAAAA&ccb=7-5&oh=00_AfodAjYoih06PXD_8T_s-FCKnl8MW5ywApBXV-9uxMZpSg&oe=6974F731&_nc_sid=4a2096,8,0,19,3,0,[],,https://www.threads.net/@dailyanalysts/post/DTQX_ZwCc1g,[],"{'likes': 19, 'reposts': 3, 'quotes': 0}",threads,3805647197174353248,Daily Stock and Crypto Analysis,,"🚨 DEFENSE SECTOR ALERT: JAN 8, 2026 🚨

Trump just dropped a BOMB on markets—a $1.5 TRILLION defense budget for 2027.

That's a 50% increase from today's $901B. The largest military spending proposal in American history.

Defense stocks are surging. Here's what you need to know 🧵👇",threads,73068769298,dailyanalysts
[],2026-01-20T15:16:39.456991+07:00,"Hey so, ICE is in Texas. Please stop perpetuating this narrative.

The difference is that our leaders are capitulating instead of speaking out in defense of innocent people.",2026-01-19T00:30:03+07:00,,3812935914927275928,threads,threads.com,threads_crawler_v1,https://www.threads.net/@heymrsbond/post/DTqRQNIkb-Y,https://instagram.fhan3-4.fna.fbcdn.net/v/t51.2885-19/610885983_17936467512120282_9074918922662236667_n.jpg?stp=dst-jpg_s150x150_tt6&efg=eyJ2ZW5jb2RlX3RhZyI6InByb2ZpbGVfcGljLmRqYW5nby4xMDgwLmMyIn0&_nc_ht=instagram.fhan3-4.fna.fbcdn.net&_nc_cat=106&_nc_oc=Q6cZ2QGT6aeX3XonnMvxRSxWEk8fd6hrdaHVpVQJqU_iZBzxRFAZc1l90ye3ve35pBDiTNY&_nc_ohc=g_5GaHSWFfMQ7kNvwHH1pGa&_nc_gid=a1D0RdJltzEj4xZhfXRv2A&edm=AJhczIQBAAAA&ccb=7-5&oh=00_AfoLrGfI3LAoRLJWnw6jpCphlwZg3LHa37sBxZtkb7M40g&oe=6974FB12&_nc_sid=4a2096,2,0,107,13,0,[],,https://www.threads.net/@heymrsbond/post/DTqRQNIkb-Y,[],"{'likes': 107, 'reposts': 12, 'quotes': 1}",threads,3812935914927275928,Mrs. Bond,,"Hey so, ICE is in Texas. Please stop perpetuating this narrative.

The difference is that our leaders are capitulating instead of speaking out in defense of innocent people.",threads,63601472281,heymrsbond
[],2026-01-20T15:16:39.457047+07:00,"🚨 WOW. The ICE agent was AMBUSHED by THREE subjects with a shovel during an immigration enforcement operation in Minneapolis — prompting self defense shots

“All three subjects ran back into the apartment and barricaded themselves inside.”

PROTECT ICE.",2026-01-15T10:15:39+07:00,,3810331535324810780,threads,threads.com,threads_crawler_v1,https://www.threads.net/@cali.maga.barbie/post/DThBFfngQ4c,https://instagram.fhan3-3.fna.fbcdn.net/v/t51.2885-19/552765484_18526985653026164_658143623522519715_n.jpg?stp=dst-jpg_s150x150_tt6&efg=eyJ2ZW5jb2RlX3RhZyI6InByb2ZpbGVfcGljLmRqYW5nby4xMDI0LmMyIn0&_nc_ht=instagram.fhan3-3.fna.fbcdn.net&_nc_cat=1&_nc_oc=Q6cZ2QGT6aeX3XonnMvxRSxWEk8fd6hrdaHVpVQJqU_iZBzxRFAZc1l90ye3ve35pBDiTNY&_nc_ohc=TyejQ6_sP_wQ7kNvwGuCWtM&_nc_gid=a1D0RdJltzEj4xZhfXRv2A&edm=AJhczIQBAAAA&ccb=7-5&oh=00_Afr4qpRIjhZRkEy6M7LfikVu5N45s_lIo2zlZiTtqZvX4Q&oe=69750537&_nc_sid=4a2096,2,0,14,7,0,"['https://instagram.fhan3-3.fna.fbcdn.net/v/t51.2885-15/616009826_931030029252443_6417120655978661383_n.jpg?stp=dst-jpg_e15_tt6&efg=eyJ2ZW5jb2RlX3RhZyI6InRocmVhZHMuRkVFRC5pbWFnZV91cmxnZW4uNjQweDExMzYuc2RyLmY3MTg3OC5kZWZhdWx0X2NvdmVyX2ZyYW1lLmMyIn0&_nc_ht=instagram.fhan3-3.fna.fbcdn.net&_nc_cat=111&_nc_oc=Q6cZ2QGT6aeX3XonnMvxRSxWEk8fd6hrdaHVpVQJqU_iZBzxRFAZc1l90ye3ve35pBDiTNY&_nc_ohc=tZqJT5HEFUgQ7kNvwHC3zV_&_nc_gid=a1D0RdJltzEj4xZhfXRv2A&edm=AJhczIQBAAAA&ccb=7-5&ig_cache_key=MzgxMDMzMTUzNTMyNDgxMDc4MA%3D%3D.3-ccb7-5&oh=00_AfqpxYoKhPjdbYRPQAJEAYzHalFl8NKYmKZ_SsmK56TF9Q&oe=69751167&_nc_sid=4a2096', 'https://instagram.fhan3-3.fna.fbcdn.net/o1/v/t2/f2/m86/AQMp0Y8rJpWpJM38jGJLDCzSUZLPzumiJ10U4AVIH-nShdAi6Z65pqhXjP2-SX-8zOATuHkAVddf5gIZYGu7nDfB011ApMtPvfkYV4A.mp4?_nc_cat=101&_nc_oc=AdkmGsYMTJ-FEEtu50xz9kDa-5KUMez7thdz5EU3ASwAd1J_ujvObiwteZKG5Pqy2Yc&_nc_sid=5e9851&_nc_ht=instagram.fhan3-3.fna.fbcdn.net&_nc_ohc=fOdnwj6nzjQQ7kNvwGcsfTw&efg=eyJ2ZW5jb2RlX3RhZyI6Inhwdl9wcm9ncmVzc2l2ZS5JTlNUQUdSQU0uRkVFRC5DMy43MjAuZGFzaF9iYXNlbGluZV8xX3YxIiwieHB2X2Fzc2V0X2lkIjoxNTk5NDk3ODIxNDY2NTYwLCJhc3NldF9hZ2VfZGF5cyI6NSwidmlfdXNlY2FzZV9pZCI6MTA4MjcsImR1cmF0aW9uX3MiOjQxLCJ1cmxnZW5fc291cmNlIjoid3d3In0%3D&ccb=17-1&_nc_gid=a1D0RdJltzEj4xZhfXRv2A&_nc_zt=28&vs=c38d0428be0d8f5&_nc_vs=HBksFQIYUmlnX3hwdl9yZWVsc19wZXJtYW5lbnRfc3JfcHJvZC85RTRBMUI1ODhFOTFDNjBERjI4QTU5Mzk4MDNFQjNBNV92aWRlb19kYXNoaW5pdC5tcDQVAALIARIAFQIYOnBhc3N0aHJvdWdoX2V2ZXJzdG9yZS9HTHpzcmlTYWpjbVM3dklPQUFUdHB1UmVVQmwzYnN0VEFRQUYVAgLIARIAKAAYABsCiAd1c2Vfb2lsATEScHJvZ3Jlc3NpdmVfcmVjaXBlATEVAAAmgL-9t4Ov1wUVAigCQzMsF0BEzMzMzMzNGBJkYXNoX2Jhc2VsaW5lXzFfdjERAHXqB2WWqQEA&oh=00_AfoBQGxTRMukb5RyI00MJdRxJPfKmqzVCUNlABrTsZhibg&oe=6970FEEE']",,https://www.threads.net/@cali.maga.barbie/post/DThBFfngQ4c,[],"{'likes': 14, 'reposts': 6, 'quotes': 1}",threads,3810331535324810780,April Silverman - Political & Pop Culture Commentator 🇺🇸 🎙️,,"🚨 WOW. The ICE agent was AMBUSHED by THREE subjects with a shovel during an immigration enforcement operation in Minneapolis — prompting self defense shots

“All three subjects ran back into the apartment and barricaded themselves inside.”

PROTECT ICE.",threads,75447815917,cali.maga.barbie
[],2026-01-20T15:16:39.457088+07:00,"The Bears played a great game yesterday .
 Caleb Williams is one of the great young Black quarterbacks in NFL. Maybe the Bears will win a Super Bowl before Im ninty!
 And the defense was great when it was necessary.",2025-09-30T01:08:13+07:00,,3732505018869187870,threads,threads.com,threads_crawler_v1,https://www.threads.net/@fred.kushner.5/post/DPMhYn8D4Ue,https://instagram.fhan3-4.fna.fbcdn.net/v/t51.2885-19/366004319_3168399173305708_8654650751867062751_n.jpg?stp=dst-jpg_s150x150_tt6&efg=eyJ2ZW5jb2RlX3RhZyI6InByb2ZpbGVfcGljLmRqYW5nby45NTkuYzIifQ&_nc_ht=instagram.fhan3-4.fna.fbcdn.net&_nc_cat=104&_nc_oc=Q6cZ2QGT6aeX3XonnMvxRSxWEk8fd6hrdaHVpVQJqU_iZBzxRFAZc1l90ye3ve35pBDiTNY&_nc_ohc=oiLNlAoMOscQ7kNvwFygwUP&_nc_gid=a1D0RdJltzEj4xZhfXRv2A&edm=AJhczIQBAAAA&ccb=7-5&oh=00_AfqdhKMzvJiBazCfI5_PNkxlGaKG44QRHwYHh53BBJP1PA&oe=69751518&_nc_sid=4a2096,49,0,167,0,0,['https://instagram.fhan3-4.fna.fbcdn.net/v/t39.30808-6/556930065_3278135305670128_2127996880343021703_n.jpg?stp=dst-jpg_e35_tt6&efg=eyJ2ZW5jb2RlX3RhZyI6InRocmVhZHMuRkVFRC5pbWFnZV91cmxnZW4uMTA4MHgxOTIwLnNkci5mMzA4MDguZGVmYXVsdF9pbWFnZS5jMiJ9&_nc_ht=instagram.fhan3-4.fna.fbcdn.net&_nc_cat=104&_nc_oc=Q6cZ2QGT6aeX3XonnMvxRSxWEk8fd6hrdaHVpVQJqU_iZBzxRFAZc1l90ye3ve35pBDiTNY&_nc_ohc=PtWQtGkYkxUQ7kNvwFWNlmO&_nc_gid=a1D0RdJltzEj4xZhfXRv2A&edm=AJhczIQAAAAA&ccb=7-5&ig_cache_key=MzczMjUwNTAxODg2OTE4Nzg3MA%3D%3D.3-ccb7-5&oh=00_AfpArbftvJgGtRfdpBRaKSWu0bA6ycaAjCgOrV6npP55Ww&oe=69750D96&_nc_sid=4a2096'],,https://www.threads.net/@fred.kushner.5/post/DPMhYn8D4Ue,[],"{'likes': 167, 'reposts': 0, 'quotes': 0}",threads,3732505018869187870,Fred Kushner,,"The Bears played a great game yesterday .
 Caleb Williams is one of the great young Black quarterbacks in NFL. Maybe the Bears will win a Super Bowl before Im ninty!
 And the defense was great when it was necessary.",threads,63267272517,fred.kushner.5
[],2026-01-20T15:16:39.457134+07:00,Do NOT underestimate the @patriots defense 😤,2026-01-19T08:19:27+07:00,,3813171735130932048,threads,threads.com,threads_crawler_v1,https://www.threads.net/@nesn/post/DTrG310CgNQ,https://instagram.fhan4-3.fna.fbcdn.net/v/t51.2885-19/357870456_1660295461101000_6029966522264690942_n.jpg?stp=dst-jpg_s150x150_tt6&efg=eyJ2ZW5jb2RlX3RhZyI6InByb2ZpbGVfcGljLmRqYW5nby44MTIuYzIifQ&_nc_ht=instagram.fhan4-3.fna.fbcdn.net&_nc_cat=100&_nc_oc=Q6cZ2QGT6aeX3XonnMvxRSxWEk8fd6hrdaHVpVQJqU_iZBzxRFAZc1l90ye3ve35pBDiTNY&_nc_ohc=5Cyaxq7TsmcQ7kNvwFUzBv0&_nc_gid=a1D0RdJltzEj4xZhfXRv2A&edm=AJhczIQBAAAA&ccb=7-5&oh=00_Afru8vzKsXPrudn4Y0h0uHblcIaFcgR4E3lOPyu95A01bg&oe=69750559&_nc_sid=4a2096,5,0,395,12,0,"['https://instagram.fhan3-3.fna.fbcdn.net/v/t51.2885-15/589019817_1860051894655801_5264273238756495818_n.jpg?stp=dst-jpg_e15_tt6&efg=eyJ2ZW5jb2RlX3RhZyI6InRocmVhZHMuRkVFRC5pbWFnZV91cmxnZW4uNjQweDExMzYuc2RyLmY3MTg3OC5kZWZhdWx0X2NvdmVyX2ZyYW1lLmMyIn0&_nc_ht=instagram.fhan3-3.fna.fbcdn.net&_nc_cat=101&_nc_oc=Q6cZ2QGT6aeX3XonnMvxRSxWEk8fd6hrdaHVpVQJqU_iZBzxRFAZc1l90ye3ve35pBDiTNY&_nc_ohc=Ye1ltchhHGAQ7kNvwFbSvr_&_nc_gid=a1D0RdJltzEj4xZhfXRv2A&edm=AJhczIQBAAAA&ccb=7-5&ig_cache_key=MzgxMzE3MTczNTEzMDkzMjA0OA%3D%3D.3-ccb7-5&oh=00_Afq0b4_0Fp6HEpcBcaB5t9GfTQygwnhiK_Sd_e4HnQIWeA&oe=69750BDD&_nc_sid=4a2096', 'https://instagram.fhan4-5.fna.fbcdn.net/o1/v/t16/f2/m84/AQPFLx62WlparxhzbQ1zGvTKBnt1BIApb0IFXWBbPKO4Q-tBd92eNkou2NNX0TuFDjmFiLvNtji3z9AfJxNiwOnjqJYD8LbxIVDpAnQ.mp4?_nc_cat=103&_nc_oc=Adl60xSN7Yz0x8tMQgDrCaj86QT2pRr53N_JBxhI1OkO88jUkpo5FkJHZUr446tu_VY&_nc_sid=5e9851&_nc_ht=instagram.fhan4-5.fna.fbcdn.net&_nc_ohc=hICri3UybiUQ7kNvwFi0BNR&efg=eyJ2ZW5jb2RlX3RhZyI6Inhwdl9wcm9ncmVzc2l2ZS5JTlNUQUdSQU0uRkVFRC5DMy43MjAuZGFzaF9iYXNlbGluZV8xX3YxIiwieHB2X2Fzc2V0X2lkIjoxNTM2NzUyODYwODgzOTAyLCJhc3NldF9hZ2VfZGF5cyI6MSwidmlfdXNlY2FzZV9pZCI6MTAxNjQsImR1cmF0aW9uX3MiOjQ0LCJ1cmxnZW5fc291cmNlIjoid3d3In0%3D&ccb=17-1&_nc_gid=a1D0RdJltzEj4xZhfXRv2A&_nc_zt=28&vs=f8fb11635caafa09&_nc_vs=HBksFQIYTGlnX2JhY2tmaWxsX3RpbWVsaW5lX3ZvZC9GNDQwNkUyNkU0NTgxRjBCMDE3RjM5RDNFOTAzNDZCQ192aWRlb19kYXNoaW5pdC5tcDQVAALIARIAFQIYUWlnX3hwdl9wbGFjZW1lbnRfcGVybWFuZW50X3YyL0JGNDNCNzQ2RjBCNTM5QTk0NjRFM0YzNTExRjFGMzhCX2F1ZGlvX2Rhc2hpbml0Lm1wNBUCAsgBEgAoABgAGwKIB3VzZV9vaWwBMRJwcm9ncmVzc2l2ZV9yZWNpcGUBMRUAACb8rouG5eq6BRUCKAJDMywXQEZbAgxJul4YEmRhc2hfYmFzZWxpbmVfMV92MREAdeoHZeieAQA&oh=00_AfpVJbupTP2qHOdZ2eBkDmViLHxLbcfoPxqoTAhFnbyqYg&oe=69711B81']",,https://www.threads.net/@nesn/post/DTrG310CgNQ,[],"{'likes': 395, 'reposts': 11, 'quotes': 1}",threads,3813171735130932048,New England Sports Network,,Do NOT underestimate the @patriots defense 😤,threads,63226855949,nesn
[],2026-01-20T15:16:39.457184+07:00,"The Trump administration is reportedly planning airstrikes on Venezuela.

This plan is not about drugs or defense — it's about control. It's about oil. It's about punishing any country which refuses to bow to Washington.

Venezuela is not a threat to the U.S. and it's dangerous to pretend it is.

HANDS OFF VENEZUELA!",2025-09-30T04:52:28+07:00,,3732617626485052809,threads,threads.com,threads_crawler_v1,https://www.threads.net/@codepinkalert/post/DPM6_R9ANWJ,https://instagram.fhan3-3.fna.fbcdn.net/v/t51.2885-19/358022222_824159318996195_7042761911072686821_n.jpg?stp=dst-jpg_s150x150_tt6&efg=eyJ2ZW5jb2RlX3RhZyI6InByb2ZpbGVfcGljLmRqYW5nby4xMDgwLmMyIn0&_nc_ht=instagram.fhan3-3.fna.fbcdn.net&_nc_cat=111&_nc_oc=Q6cZ2QGT6aeX3XonnMvxRSxWEk8fd6hrdaHVpVQJqU_iZBzxRFAZc1l90ye3ve35pBDiTNY&_nc_ohc=NR7imnBcZH8Q7kNvwHrg1Ci&_nc_gid=a1D0RdJltzEj4xZhfXRv2A&edm=AJhczIQBAAAA&ccb=7-5&oh=00_AfoS_i5V6uufHYRRY7MRv751PtHRSXxJ8H86DAqJ-Hm28w&oe=69751F00&_nc_sid=4a2096,7,0,106,30,0,"['https://instagram.fhan3-4.fna.fbcdn.net/v/t51.2885-15/557443354_17927020950103528_5973852651575855032_n.jpg?stp=dst-jpg_e15_tt6&efg=eyJ2ZW5jb2RlX3RhZyI6InRocmVhZHMuRkVFRC5pbWFnZV91cmxnZW4uNzIweDEyODAuc2RyLmY4Mjc4Ny5kZWZhdWx0X2NvdmVyX2ZyYW1lLmMyIn0&_nc_ht=instagram.fhan3-4.fna.fbcdn.net&_nc_cat=104&_nc_oc=Q6cZ2QGT6aeX3XonnMvxRSxWEk8fd6hrdaHVpVQJqU_iZBzxRFAZc1l90ye3ve35pBDiTNY&_nc_ohc=BH6Cc-B-A7wQ7kNvwGxXjs0&_nc_gid=a1D0RdJltzEj4xZhfXRv2A&edm=AJhczIQBAAAA&ccb=7-5&ig_cache_key=MzczMjYxNzYyNjQ4NTA1MjgwOQ%3D%3D.3-ccb7-5&oh=00_AfoDADa5lRGSihSVBy1YyCfx-u8hTatN4_G14zy3j5Fv1w&oe=69750FF2&_nc_sid=4a2096', 'https://instagram.fhan4-5.fna.fbcdn.net/o1/v/t16/f2/m84/AQPLy9DRSeeXS8Nn35vCNIEmgtxFHSOXq1D_6ev_v2CRD7Z3Ai0_F4ptDy4o131qV6f0MDl3kJA5qb0qDSjp1sFgqRDHtzLBA9d23rU.mp4?_nc_cat=102&_nc_oc=AdnnqxowYpMl3ZpVQboqcz9C9x98LmLltnYozItWRwuFX_EC4PdqTgGEV-21IAVpiFM&_nc_sid=5e9851&_nc_ht=instagram.fhan4-5.fna.fbcdn.net&_nc_ohc=FbYxhcbDJzAQ7kNvwGcSiIr&efg=eyJ2ZW5jb2RlX3RhZyI6Inhwdl9wcm9ncmVzc2l2ZS5JTlNUQUdSQU0uRkVFRC5DMy43MjAuZGFzaF9iYXNlbGluZV8xX3YxIiwieHB2X2Fzc2V0X2lkIjo2NDM1MzA0MjUyNDcwNzgsImFzc2V0X2FnZV9kYXlzIjoxMTIsInZpX3VzZWNhc2VfaWQiOjEwMTY0LCJkdXJhdGlvbl9zIjoxNDUsInVybGdlbl9zb3VyY2UiOiJ3d3cifQ%3D%3D&ccb=17-1&_nc_gid=a1D0RdJltzEj4xZhfXRv2A&_nc_zt=28&vs=c747ff71e5631e6&_nc_vs=HBksFQIYTGlnX2JhY2tmaWxsX3RpbWVsaW5lX3ZvZC8wNjQ2QzQxNzg4NjE2MjAzMzFFNzI4OTc5RDgxMDU4Ql92aWRlb19kYXNoaW5pdC5tcDQVAALIARIAFQIYOnBhc3N0aHJvdWdoX2V2ZXJzdG9yZS9HRzlMTWlGQk5zOGZ2VThDQU00Wm5lX1c0QUF5YmtZTEFBQUYVAgLIARIAKAAYABsCiAd1c2Vfb2lsATEScHJvZ3Jlc3NpdmVfcmVjaXBlATEVAAAmzJWxprPSpAIVAigCQzMsF0BiPdsi0OVgGBJkYXNoX2Jhc2VsaW5lXzFfdjERAHXqB2XongEA&oh=00_Afo51qwSKOYJRKGiJ6Tnw_z2evTfL6fHJpr_c4dsICMSzw&oe=6971287A']",,https://www.threads.net/@codepinkalert/post/DPM6_R9ANWJ,[],"{'likes': 106, 'reposts': 28, 'quotes': 2}",threads,3732617626485052809,CODEPINK,,"The Trump administration is reportedly planning airstrikes on Venezuela.

This plan is not about drugs or defense — it's about control. It's about oil. It's about punishing any country which refuses to bow to Washington.

Venezuela is not a threat to the U.S. and it's dangerous to pretend it is.

HANDS OFF VENEZUELA!",threads,63054823527,codepinkalert
[],2026-01-20T15:16:39.457229+07:00,"I’m 🌈🌈🌈
My name is Ton , I'm a navy sailor. I work in the air defense and coast guard unit., Thailand . I don't smoke and I drink only sometimes , and I can also cook💕💕",2025-12-29T16:48:41+07:00,,3798208185631917423,threads,threads.com,threads_crawler_v1,https://www.threads.net/@_tonn_ton/post/DS18jiXkkVv,https://instagram.fhan4-3.fna.fbcdn.net/v/t51.2885-19/453612567_1127290778345014_2864441217232376821_n.jpg?stp=dst-jpg_s150x150_tt6&efg=eyJ2ZW5jb2RlX3RhZyI6InByb2ZpbGVfcGljLmRqYW5nby4xMDgwLmMyIn0&_nc_ht=instagram.fhan4-3.fna.fbcdn.net&_nc_cat=110&_nc_oc=Q6cZ2QGT6aeX3XonnMvxRSxWEk8fd6hrdaHVpVQJqU_iZBzxRFAZc1l90ye3ve35pBDiTNY&_nc_ohc=Tiq4s0qYctAQ7kNvwFM3Fqk&_nc_gid=a1D0RdJltzEj4xZhfXRv2A&edm=AJhczIQBAAAA&ccb=7-5&oh=00_AfroUV_uT_31yxF4Bx1DwEGlpwbRc9ZjxhnwqEcier9a_Q&oe=6974F96B&_nc_sid=4a2096,143,0,504,1,0,['https://instagram.fhan4-3.fna.fbcdn.net/v/t51.2885-15/607191992_17932813710116626_9201118487286542599_n.jpg?stp=dst-jpg_e35_tt6&efg=eyJ2ZW5jb2RlX3RhZyI6InRocmVhZHMuRkVFRC5pbWFnZV91cmxnZW4uNjAyeDgxMC5zZHIuZjgyNzg3LmRlZmF1bHRfaW1hZ2UuYzIifQ&_nc_ht=instagram.fhan4-3.fna.fbcdn.net&_nc_cat=110&_nc_oc=Q6cZ2QGT6aeX3XonnMvxRSxWEk8fd6hrdaHVpVQJqU_iZBzxRFAZc1l90ye3ve35pBDiTNY&_nc_ohc=UriVnXV2DYcQ7kNvwFUH4iH&_nc_gid=a1D0RdJltzEj4xZhfXRv2A&edm=AJhczIQBAAAA&ccb=7-5&ig_cache_key=Mzc5ODIwODE4NTYzMTkxNzQyMw%3D%3D.3-ccb7-5&oh=00_AfppGlaUuWyp8ZYqWPkLT-eFx4oScFGXpc94rPJkMhdVKA&oe=697516E3&_nc_sid=4a2096'],,https://www.threads.net/@_tonn_ton/post/DS18jiXkkVv,[],"{'likes': 504, 'reposts': 1, 'quotes': 0}",threads,3798208185631917423,Chaiyut_Ton_,,"I’m 🌈🌈🌈
My name is Ton , I'm a navy sailor. I work in the air defense and coast guard unit., Thailand . I don't smoke and I drink only sometimes , and I can also cook💕💕",threads,63473212625,_tonn_ton
[],2026-01-20T15:17:04.829586+07:00,"OOOHHH GOD HAVE MERCY ON ME PLEASE! 😫😫😭😭 THIS LINE UP IS INSANE! ❤️‍🔥❤️‍🔥🔥🔥
🍎 Caleb: Colonel Version
⭐️ Xavier: Fluffy Trap
🪶 Sylus: No Defense Zone
❄️ Zayne: Cat Butler
🐠 Rafayel: Phantom of Siren",2026-01-17T10:53:26+07:00,,3811792782310325117,threads,threads.com,threads_crawler_v1,https://www.threads.net/@devotedforlads/post/DTmNVb7ATt9,https://instagram.fhan3-4.fna.fbcdn.net/v/t51.2885-19/561746667_17854676865542536_3067844294936807690_n.jpg?stp=dst-jpg_s150x150_tt6&efg=eyJ2ZW5jb2RlX3RhZyI6InByb2ZpbGVfcGljLmRqYW5nby4xMDgwLmMyIn0&_nc_ht=instagram.fhan3-4.fna.fbcdn.net&_nc_cat=104&_nc_oc=Q6cZ2QGlINRKoIty8zJW8UQZE6rvy7Z_GS-alORDM7ECMSljVUgdeIbIIivtHIO4Vn6OHRk&_nc_ohc=xWZYpb2j9BYQ7kNvwGElicY&_nc_gid=atPPvj36vn2wL-bwD82JfQ&edm=AJhczIQBAAAA&ccb=7-5&oh=00_AfojxN7aQ5DFfObpRdyR0VqhGNeYCIqILRd8WQVOvlcJUg&oe=69751ABF&_nc_sid=4a2096,11,0,157,13,0,"['https://instagram.fhan4-3.fna.fbcdn.net/v/t51.2885-15/613678825_1584705789231778_6895454936666785281_n.jpg?stp=dst-jpg_e15_tt6&efg=eyJ2ZW5jb2RlX3RhZyI6InRocmVhZHMuRkVFRC5pbWFnZV91cmxnZW4uNjQweDgwOC5zZHIuZjcxODc4LmRlZmF1bHRfY292ZXJfZnJhbWUuYzIifQ&_nc_ht=instagram.fhan4-3.fna.fbcdn.net&_nc_cat=110&_nc_oc=Q6cZ2QGlINRKoIty8zJW8UQZE6rvy7Z_GS-alORDM7ECMSljVUgdeIbIIivtHIO4Vn6OHRk&_nc_ohc=3jOZVUqVLhEQ7kNvwEqCMYC&_nc_gid=atPPvj36vn2wL-bwD82JfQ&edm=AJhczIQBAAAA&ccb=7-5&ig_cache_key=MzgxMTc5Mjc4MjMxMDMyNTExNw%3D%3D.3-ccb7-5&oh=00_AfoY8Z8GyrN30eNE_ZD5HuKxCWWL1DASLWjKMiOFGfpx-A&oe=69751909&_nc_sid=4a2096', 'https://instagram.fhan3-4.fna.fbcdn.net/o1/v/t16/f2/m84/AQNocryWsjKMW82l8vOZ3kyiQnPonJig7a8-0CLGOkL4tzf4U_qGZCQBTIX6nJ4VaZy80cUKy8uUSYAWvVg92ofn3EpQwEZc2x4e0Ng.mp4?_nc_cat=106&_nc_oc=AdkiyJcUjqOchRuRIClS50-SOwhStp-b85QVoFs-eLYl2_U5qP3nds5cT2H-nop-dp4&_nc_sid=5e9851&_nc_ht=instagram.fhan3-4.fna.fbcdn.net&_nc_ohc=S1WesuzR_jMQ7kNvwHey25o&efg=eyJ2ZW5jb2RlX3RhZyI6Inhwdl9wcm9ncmVzc2l2ZS5JTlNUQUdSQU0uRkVFRC5DMy43MjAuZGFzaF9iYXNlbGluZV8xX3YxIiwieHB2X2Fzc2V0X2lkIjoxMzM5Mzk1MDg3ODY2MDQ0LCJhc3NldF9hZ2VfZGF5cyI6MywidmlfdXNlY2FzZV9pZCI6MTAxNjQsImR1cmF0aW9uX3MiOjExLCJ1cmxnZW5fc291cmNlIjoid3d3In0%3D&ccb=17-1&_nc_gid=atPPvj36vn2wL-bwD82JfQ&_nc_zt=28&vs=5a3d7814f1bf4823&_nc_vs=HBksFQIYTGlnX2JhY2tmaWxsX3RpbWVsaW5lX3ZvZC9DRTQyOEYwRjJCOEY1N0EyNkRGMTUyRjYzMThFRkM5Rl92aWRlb19kYXNoaW5pdC5tcDQVAALIARIAFQIYUWlnX3hwdl9wbGFjZW1lbnRfcGVybWFuZW50X3YyL0QzNDg2OEIzNTg2MUUzRDU2OUJCNUYxRUY3MDQwQUI2X2F1ZGlvX2Rhc2hpbml0Lm1wNBUCAsgBEgAoABgAGwKIB3VzZV9vaWwBMRJwcm9ncmVzc2l2ZV9yZWNpcGUBMRUAACb44uiGh4vhBBUCKAJDMywXQCchysCDEm8YEmRhc2hfYmFzZWxpbmVfMV92MREAdeoHZeieAQA&oh=00_AfqHwyREcIImVQm1i_T_X_AyaZde539T2cqY9OkauOd50A&oe=69710FE2']",,https://www.threads.net/@devotedforlads/post/DTmNVb7ATt9,[],"{'likes': 157, 'reposts': 12, 'quotes': 1}",threads,3811792782310325117,Fraulein,loveanddeepspace,"OOOHHH GOD HAVE MERCY ON ME PLEASE! 😫😫😭😭 THIS LINE UP IS INSANE! ❤️‍🔥❤️‍🔥🔥🔥
🍎 Caleb: Colonel Version
⭐️ Xavier: Fluffy Trap
🪶 Sylus: No Defense Zone
❄️ Zayne: Cat Butler
🐠 Rafayel: Phantom of Siren",threads,76278542535,devotedforlads
[],2026-01-20T15:17:04.829714+07:00,"Trump has just decoupled South America from Russia, Iran, and China.
If you fail to see this, you’re either paid or don’t understand geopolitics.For a decade, Maduro’s survival relied on the implication of Russian protection (Wagner advisors, S-300 air defense systems).
The Reality: Tonight proved that Moscow is too overstretched in Ukraine to project power across the Atlantic. When US stealth assets entered Venezuelan airspace, the Russian-made air defenses were either silent or ineffective.",2026-01-03T16:49:42+07:00,,3801832583374341617,threads,threads.com,threads_crawler_v1,https://www.threads.net/@londonchristopherm/post/DTC0pdziIXx,https://instagram.fhan4-5.fna.fbcdn.net/v/t51.2885-19/489524190_1178820073898439_4934627141805886796_n.jpg?stp=dst-jpg_s150x150_tt6&efg=eyJ2ZW5jb2RlX3RhZyI6InByb2ZpbGVfcGljLmRqYW5nby4xMDgwLmMyIn0&_nc_ht=instagram.fhan4-5.fna.fbcdn.net&_nc_cat=103&_nc_oc=Q6cZ2QGlINRKoIty8zJW8UQZE6rvy7Z_GS-alORDM7ECMSljVUgdeIbIIivtHIO4Vn6OHRk&_nc_ohc=QGd62RCpx10Q7kNvwFM0MBp&_nc_gid=atPPvj36vn2wL-bwD82JfQ&edm=AJhczIQBAAAA&ccb=7-5&oh=00_AfpsPjFKA_XVLjOeXI9ohk83sfKC2cTFM1pXfi-Rs4ILNQ&oe=69750E45&_nc_sid=4a2096,53,0,16,1,0,[],,https://www.threads.net/@londonchristopherm/post/DTC0pdziIXx,[],"{'likes': 16, 'reposts': 0, 'quotes': 1}",threads,3801832583374341617,Christopher Marriott,Venezuela,"Trump has just decoupled South America from Russia, Iran, and China.
If you fail to see this, you’re either paid or don’t understand geopolitics.For a decade, Maduro’s survival relied on the implication of Russian protection (Wagner advisors, S-300 air defense systems).
The Reality: Tonight proved that Moscow is too overstretched in Ukraine to project power across the Atlantic. When US stealth assets entered Venezuelan airspace, the Russian-made air defenses were either silent or ineffective.",threads,63614976530,londonchristopherm
[],2026-01-20T15:17:04.829754+07:00,"Seahawks are winning the Super Bowl this year. Bookmark it. Nobody in the AFC jumps out. SF is limping in to Seattle and a fully healthy defense. The Rams and Bears will beat each other up next week. 

They may not even have a close game again this season.",2026-01-14T21:36:41+07:00,,3809949554213466930,threads,threads.com,threads_crawler_v1,https://www.threads.net/@geoffgoodsell/post/DTfqO7_DTMy,https://instagram.fhan3-2.fna.fbcdn.net/v/t51.2885-19/523305321_18491843452070899_6427898988332380762_n.jpg?stp=dst-jpg_s150x150_tt6&efg=eyJ2ZW5jb2RlX3RhZyI6InByb2ZpbGVfcGljLmRqYW5nby4xMDgwLmMyIn0&_nc_ht=instagram.fhan3-2.fna.fbcdn.net&_nc_cat=107&_nc_oc=Q6cZ2QGlINRKoIty8zJW8UQZE6rvy7Z_GS-alORDM7ECMSljVUgdeIbIIivtHIO4Vn6OHRk&_nc_ohc=mEzN8i_qbGQQ7kNvwHP7LLP&_nc_gid=atPPvj36vn2wL-bwD82JfQ&edm=AJhczIQBAAAA&ccb=7-5&oh=00_Afoh-yyBICuRwkZlPGI9bs1nGAmufcJ4cPq00H6-Yz4Z_g&oe=69751319&_nc_sid=4a2096,237,0,160,4,0,[],,https://www.threads.net/@geoffgoodsell/post/DTfqO7_DTMy,[],"{'likes': 160, 'reposts': 4, 'quotes': 0}",threads,3809949554213466930,Geoff Goodsell,,"Seahawks are winning the Super Bowl this year. Bookmark it. Nobody in the AFC jumps out. SF is limping in to Seattle and a fully healthy defense. The Rams and Bears will beat each other up next week. 

They may not even have a close game again this season.",threads,63282610283,geoffgoodsell
[],2026-01-20T15:17:04.829788+07:00,got approved for the student loan borrower defense  application months ago. today i  logged in all my student loans GONE 🙏🏽🙏🏽🙏🏽🙏🏽🙏🏽 i’m coming for a new car,2026-01-15T02:47:39+07:00,,3810106067041478586,threads,threads.com,threads_crawler_v1,https://www.threads.net/@enticingggg.liv/post/DTgN0f6kWe6,https://instagram.fhan3-4.fna.fbcdn.net/v/t51.2885-19/490997827_1506656013628278_3187474279711703046_n.jpg?stp=dst-jpg_s150x150_tt6&efg=eyJ2ZW5jb2RlX3RhZyI6InByb2ZpbGVfcGljLmRqYW5nby4xMDgwLmMyIn0&_nc_ht=instagram.fhan3-4.fna.fbcdn.net&_nc_cat=106&_nc_oc=Q6cZ2QGlINRKoIty8zJW8UQZE6rvy7Z_GS-alORDM7ECMSljVUgdeIbIIivtHIO4Vn6OHRk&_nc_ohc=EmYXdE65_GAQ7kNvwES8HEr&_nc_gid=atPPvj36vn2wL-bwD82JfQ&edm=AJhczIQBAAAA&ccb=7-5&oh=00_AfrUE_0POtQy6mTEn5W9y64mhsyC84cC5_WW95Qj4Dma9w&oe=69751F63&_nc_sid=4a2096,22,0,44,0,0,['https://instagram.fhan3-4.fna.fbcdn.net/v/t51.2885-15/616606869_17911159266290368_8598961766819072494_n.jpg?stp=dst-jpg_e35_tt6&efg=eyJ2ZW5jb2RlX3RhZyI6InRocmVhZHMuRkVFRC5pbWFnZV91cmxnZW4uMTI5MHgyNzk2LnNkci5mODI3ODcuZGVmYXVsdF9pbWFnZS5jMiJ9&_nc_ht=instagram.fhan3-4.fna.fbcdn.net&_nc_cat=104&_nc_oc=Q6cZ2QGlINRKoIty8zJW8UQZE6rvy7Z_GS-alORDM7ECMSljVUgdeIbIIivtHIO4Vn6OHRk&_nc_ohc=a1YjepY5oW8Q7kNvwEyrSZ0&_nc_gid=atPPvj36vn2wL-bwD82JfQ&edm=AJhczIQBAAAA&ccb=7-5&ig_cache_key=MzgxMDEwNjA2NzA0MTQ3ODU4Ng%3D%3D.3-ccb7-5&oh=00_AfrUMxJxLze_2FMNXYRESZ6Xz2507CQFoKdr6k3rdsjn3A&oe=6974FE12&_nc_sid=4a2096'],,https://www.threads.net/@enticingggg.liv/post/DTgN0f6kWe6,[],"{'likes': 44, 'reposts': 0, 'quotes': 0}",threads,3810106067041478586,Libby Folfax💫🧸,,got approved for the student loan borrower defense  application months ago. today i  logged in all my student loans GONE 🙏🏽🙏🏽🙏🏽🙏🏽🙏🏽 i’m coming for a new car,threads,68785474367,enticingggg.liv
[],2026-01-20T15:17:04.829822+07:00,"No better way to start the morning than PT with the troops—and the Japanese Minister of Defense.

Thank you @shinjiro.koizumi for joining us today.",2026-01-16T04:15:19+07:00,,3810874970340271526,threads,threads.com,threads_crawler_v1,https://www.threads.net/@secwar/post/DTi8pg6jyWm,https://instagram.fhan4-5.fna.fbcdn.net/v/t51.2885-19/603853922_17844683292654146_1137888381545826160_n.jpg?stp=dst-jpg_s150x150_tt6&efg=eyJ2ZW5jb2RlX3RhZyI6InByb2ZpbGVfcGljLmRqYW5nby40MDAuYzIifQ&_nc_ht=instagram.fhan4-5.fna.fbcdn.net&_nc_cat=102&_nc_oc=Q6cZ2QGlINRKoIty8zJW8UQZE6rvy7Z_GS-alORDM7ECMSljVUgdeIbIIivtHIO4Vn6OHRk&_nc_ohc=ebQDAvplkbMQ7kNvwGiL69d&_nc_gid=atPPvj36vn2wL-bwD82JfQ&edm=AJhczIQBAAAA&ccb=7-5&oh=00_AfpE70o34GeMIDTTT1rDmukpyzkTLlgc9Ukrj9e-BkYamw&oe=69751E41&_nc_sid=4a2096,296,0,3658,166,0,['https://instagram.fhan3-3.fna.fbcdn.net/v/t51.2885-15/588621848_17879940864450277_7532648282976910096_n.jpg?stp=dst-jpg_e35_tt6&efg=eyJ2ZW5jb2RlX3RhZyI6InRocmVhZHMuQ0FST1VTRUxfSVRFTS5pbWFnZV91cmxnZW4uMTQ0MHg5NTkuc2RyLmY4Mjc4Ny5kZWZhdWx0X2ltYWdlLmMyIn0&_nc_ht=instagram.fhan3-3.fna.fbcdn.net&_nc_cat=101&_nc_oc=Q6cZ2QGlINRKoIty8zJW8UQZE6rvy7Z_GS-alORDM7ECMSljVUgdeIbIIivtHIO4Vn6OHRk&_nc_ohc=rnwBpNdLcGsQ7kNvwEALUyw&_nc_gid=atPPvj36vn2wL-bwD82JfQ&edm=AJhczIQBAAAA&ccb=7-5&ig_cache_key=MzgxMDg3NDk2MTI1NTQwNTM0OQ%3D%3D.3-ccb7-5&oh=00_Afpo7Ur9qjzoFIsg-b1TLJDdJW2RTlBb4rtT3G1wFPmSsA&oe=6975225D&_nc_sid=4a2096'],,https://www.threads.net/@secwar/post/DTi8pg6jyWm,[],"{'likes': 3658, 'reposts': 142, 'quotes': 24}",threads,3810874970340271526,Secretary of War Pete Hegseth,,"No better way to start the morning than PT with the troops—and the Japanese Minister of Defense.

Thank you @shinjiro.koizumi for joining us today.",threads,79618790145,secwar
[],2026-01-20T15:17:04.829856+07:00,Hair grab self-defense technique for girls #selfdefense #kravmaga #reels,2025-08-06T20:40:05+07:00,,3693232165148205711,threads,threads.com,threads_crawler_v1,https://www.threads.net/@selfdefensewithbs/post/DNA_xYstKKP,https://instagram.fhan4-1.fna.fbcdn.net/v/t51.2885-19/358418201_1632032210626277_4325419894812404265_n.jpg?stp=dst-jpg_s150x150_tt6&efg=eyJ2ZW5jb2RlX3RhZyI6InByb2ZpbGVfcGljLmRqYW5nby4xMDgwLmMyIn0&_nc_ht=instagram.fhan4-1.fna.fbcdn.net&_nc_cat=105&_nc_oc=Q6cZ2QGlINRKoIty8zJW8UQZE6rvy7Z_GS-alORDM7ECMSljVUgdeIbIIivtHIO4Vn6OHRk&_nc_ohc=or9piim7ze4Q7kNvwGPR8NQ&_nc_gid=atPPvj36vn2wL-bwD82JfQ&edm=AJhczIQBAAAA&ccb=7-5&oh=00_AfqRjolRZgS9ufidp5nOGr9RK-QQkaUmFDQEewNGnh1Gdg&oe=697522D7&_nc_sid=4a2096,255,0,27464,1302,0,"['https://instagram.fhan4-5.fna.fbcdn.net/v/t51.2885-15/528299392_18030561026651427_9203284416707605462_n.jpg?stp=dst-jpg_e15_tt6&efg=eyJ2ZW5jb2RlX3RhZyI6InRocmVhZHMuRkVFRC5pbWFnZV91cmxnZW4uMTE3OXgyMDk2LnNkci5mODI3ODcuZGVmYXVsdF9jb3Zlcl9mcmFtZS5jMiJ9&_nc_ht=instagram.fhan4-5.fna.fbcdn.net&_nc_cat=103&_nc_oc=Q6cZ2QGlINRKoIty8zJW8UQZE6rvy7Z_GS-alORDM7ECMSljVUgdeIbIIivtHIO4Vn6OHRk&_nc_ohc=skbonsk7a28Q7kNvwGHWDHi&_nc_gid=atPPvj36vn2wL-bwD82JfQ&edm=AJhczIQBAAAA&ccb=7-5&ig_cache_key=MzY5MzIzMjE2NTE0ODIwNTcxMQ%3D%3D.3-ccb7-5&oh=00_Afobtm7JzexV41e1934Ou8DS52I-9UeYkWJPUxsz3UFs8g&oe=69751A36&_nc_sid=4a2096', 'https://instagram.fhan4-3.fna.fbcdn.net/o1/v/t2/f2/m86/AQPYJdKOd7dajrc87ecFsVwb8X2cYE4iThPwURW1Jg_1yjciWAInr_iBXNoUKzxwVDFnYACCAx5KU0cS0a1oylII36iNVOc6XkNsD9c.mp4?_nc_cat=110&_nc_oc=AdmJ75PNif6LJwr51XL-xeVxUji-trtsORAF3BQLuAxbptDern_nfR-Uk0M3wmQQJd8&_nc_sid=5e9851&_nc_ht=instagram.fhan4-3.fna.fbcdn.net&_nc_ohc=CPjMzNbUAxUQ7kNvwHvJTRC&efg=eyJ2ZW5jb2RlX3RhZyI6Inhwdl9wcm9ncmVzc2l2ZS5JTlNUQUdSQU0uRkVFRC5DMy43MjAuZGFzaF9iYXNlbGluZV8xX3YxIiwieHB2X2Fzc2V0X2lkIjo3MzUzMTEzOTkzOTU4NjIsImFzc2V0X2FnZV9kYXlzIjoxNjYsInZpX3VzZWNhc2VfaWQiOjEwMDk5LCJkdXJhdGlvbl9zIjoxNSwidXJsZ2VuX3NvdXJjZSI6Ind3dyJ9&ccb=17-1&_nc_gid=atPPvj36vn2wL-bwD82JfQ&_nc_zt=28&vs=7945aad4037184ea&_nc_vs=HBksFQIYUmlnX3hwdl9yZWVsc19wZXJtYW5lbnRfc3JfcHJvZC8xOTRGQjlGQUE1OTA5Nzg0M0YyMjcyNjQxMzU3ODY5RV92aWRlb19kYXNoaW5pdC5tcDQVAALIARIAFQIYR2lnX3hwdl9yZWVsc19wZXJtYW5lbnRfc3JfcHJvZC8xMjI2NzQ4NTc1ODYxODI5XzU0MDQ0MDM4NzczNzg5MDg0OTIubXA0FQICyAESACgAGAAbAogHdXNlX29pbAExEnByb2dyZXNzaXZlX3JlY2lwZQExFQAAJqyIlezgsM4CFQIoAkMzLBdALgAAAAAAABgSZGFzaF9iYXNlbGluZV8xX3YxEQB16gdl5p0BAA&oh=00_Afrg0KHvsxJHwXP6ZKtk7VQqOoBrYr5vSYxaqwmuAIZrhg&oe=6971073B']",,https://www.threads.net/@selfdefensewithbs/post/DNA_xYstKKP,[],"{'likes': 27464, 'reposts': 1222, 'quotes': 80}",threads,3693232165148205711,Neha Jaral,,Hair grab self-defense technique for girls #selfdefense #kravmaga #reels,threads,63380927331,selfdefensewithbs
[],2026-01-20T15:17:04.829889+07:00,"The United States has issued a clear warning to the UK, threatening sanctions if Keir Starmer proceeds with a ban on X or with imposing restrictions on the platform under the Online Safety Act.

America's readiness to target its own allies in defense of an app that promotes the sexualization of women and children, along with supporting a fascist tech billionaire, demonstrates that the Trump administration cannot even be trusted as allies.",2026-01-12T14:46:17+07:00,,3808293441558305043,threads,threads.com,threads_crawler_v1,https://www.threads.net/@drxkskxllee/post/DTZxrU4iFkT,https://instagram.fhan3-3.fna.fbcdn.net/v/t51.2885-19/609563412_17934946839113159_7309056914672653603_n.jpg?stp=dst-jpg_s150x150_tt6&efg=eyJ2ZW5jb2RlX3RhZyI6InByb2ZpbGVfcGljLmRqYW5nby4xMDgwLmMyIn0&_nc_ht=instagram.fhan3-3.fna.fbcdn.net&_nc_cat=111&_nc_oc=Q6cZ2QGlINRKoIty8zJW8UQZE6rvy7Z_GS-alORDM7ECMSljVUgdeIbIIivtHIO4Vn6OHRk&_nc_ohc=Mwgz7kF1P6wQ7kNvwHyPWiq&_nc_gid=atPPvj36vn2wL-bwD82JfQ&edm=AJhczIQBAAAA&ccb=7-5&oh=00_AfpKmOLydd6QFhy3kdb-ezWAcN2k-S2t5e6to2i-3pAOSQ&oe=69750C87&_nc_sid=4a2096,481,0,6788,829,0,['https://instagram.fhan3-3.fna.fbcdn.net/v/t51.2885-15/613521733_17936186019113159_7781495903314327798_n.jpg?stp=dst-jpg_e35_tt6&efg=eyJ2ZW5jb2RlX3RhZyI6InRocmVhZHMuRkVFRC5pbWFnZV91cmxnZW4uNzAweDM5NC5zZHIuZjgyNzg3LmRlZmF1bHRfaW1hZ2UuYzIifQ&_nc_ht=instagram.fhan3-3.fna.fbcdn.net&_nc_cat=111&_nc_oc=Q6cZ2QGlINRKoIty8zJW8UQZE6rvy7Z_GS-alORDM7ECMSljVUgdeIbIIivtHIO4Vn6OHRk&_nc_ohc=DMX-dxr8e4IQ7kNvwHapmb-&_nc_gid=atPPvj36vn2wL-bwD82JfQ&edm=AJhczIQBAAAA&ccb=7-5&ig_cache_key=MzgwODI5MzQ0MTU1ODMwNTA0Mw%3D%3D.3-ccb7-5&oh=00_AfodutzWyNM_xWNbW_XS_Bk3H-xSejdYod8HQvPdlfemiA&oe=6974F804&_nc_sid=4a2096'],,https://www.threads.net/@drxkskxllee/post/DTZxrU4iFkT,[],"{'likes': 6788, 'reposts': 785, 'quotes': 44}",threads,3808293441558305043,Leah 🌺,British Threads,"The United States has issued a clear warning to the UK, threatening sanctions if Keir Starmer proceeds with a ban on X or with imposing restrictions on the platform under the Online Safety Act.

America's readiness to target its own allies in defense of an app that promotes the sexualization of women and children, along with supporting a fascist tech billionaire, demonstrates that the Trump administration cannot even be trusted as allies. ￼",threads,63403873158,drxkskxllee
[],2026-01-20T15:17:04.829919+07:00,"Admiral Alvin Holsey’s stand at the Pentagon is already making waves. Secretary of Defense Pete Hegseth pressed him to authorize strikes on fishing boats in the Caribbean. 

Holsey refused, reminding him that civilian vessels are not legitimate military targets. When Hegseth pushed the chain of command, Holsey’s response was steady: “I will not carry out an illegal order.”

Minutes later, his resignation letter was on Hegseth’s desk. Integrity over authority, conscience over career.",2025-12-04T07:16:13+07:00,,3779800663212418301,threads,threads.com,threads_crawler_v1,https://www.threads.net/@thechaosscope/post/DR0jK1Mj-T9,https://instagram.fhan4-6.fna.fbcdn.net/v/t51.2885-19/587618462_17891910267374216_8624476073251887724_n.jpg?stp=dst-jpg_s150x150_tt6&efg=eyJ2ZW5jb2RlX3RhZyI6InByb2ZpbGVfcGljLmRqYW5nby4zMjAuYzIifQ&_nc_ht=instagram.fhan4-6.fna.fbcdn.net&_nc_cat=108&_nc_oc=Q6cZ2QGlINRKoIty8zJW8UQZE6rvy7Z_GS-alORDM7ECMSljVUgdeIbIIivtHIO4Vn6OHRk&_nc_ohc=3BcORKsjnVsQ7kNvwGWlmoW&_nc_gid=atPPvj36vn2wL-bwD82JfQ&edm=AJhczIQBAAAA&ccb=7-5&oh=00_AfrEkVB1nuDs8ErKd_LQwrSldYdU2flecPYMrPVdUN8M8Q&oe=69752763&_nc_sid=4a2096,162,0,10206,932,0,[],,https://www.threads.net/@thechaosscope/post/DR0jK1Mj-T9,[],"{'likes': 10206, 'reposts': 913, 'quotes': 19}",threads,3779800663212418301,Robert Fuller,trumpisnotfittobepresident,"Admiral Alvin Holsey’s stand at the Pentagon is already making waves. Secretary of Defense Pete Hegseth pressed him to authorize strikes on fishing boats in the Caribbean. 

Holsey refused, reminding him that civilian vessels are not legitimate military targets. When Hegseth pushed the chain of command, Holsey’s response was steady: “I will not carry out an illegal order.”

Minutes later, his resignation letter was on Hegseth’s desk. Integrity over authority, conscience over career.",threads,71069678215,thechaosscope
[],2026-01-20T15:17:04.829953+07:00,"TONIGHT on #WWERaw: 

😤 cmpunk & @619iamlucha vs. two members of The Vision

👀 @gunther_wwe appears after last week’s controversial celebration 

🔥 rhearipley_wwe vs. wwe_asuka

😮‍💨 @maxxinedupri returns after impressive #ICTitle defense 

👊 itsmebayley vs. roxanne_wwe 

💥 @wwejevonevans vs. Rayo Americano

📺: 8e/5p on @netflix",2025-12-23T06:02:30+07:00,,3793534299223999578,threads,threads.com,threads_crawler_v1,https://www.threads.net/@wwe/post/DSlV1icgcRa,https://instagram.fhan4-5.fna.fbcdn.net/v/t51.2885-19/357643654_965605188018831_4295294206670909538_n.jpg?stp=dst-jpg_s150x150_tt6&efg=eyJ2ZW5jb2RlX3RhZyI6InByb2ZpbGVfcGljLmRqYW5nby44MDAuYzIifQ&_nc_ht=instagram.fhan4-5.fna.fbcdn.net&_nc_cat=103&_nc_oc=Q6cZ2QGlINRKoIty8zJW8UQZE6rvy7Z_GS-alORDM7ECMSljVUgdeIbIIivtHIO4Vn6OHRk&_nc_ohc=EN_4VeRTWeoQ7kNvwGddMwI&_nc_gid=atPPvj36vn2wL-bwD82JfQ&edm=AJhczIQBAAAA&ccb=7-5&oh=00_AfoMvHc2_sl14C6p4neYPZ0wgkXaSkutcuh6RkQNiYBzQg&oe=6975133C&_nc_sid=4a2096,3,0,281,18,0,['https://instagram.fhan3-4.fna.fbcdn.net/v/t51.2885-15/590396210_18563687056025020_7339645766247119326_n.jpg?stp=dst-jpg_e35_tt6&efg=eyJ2ZW5jb2RlX3RhZyI6InRocmVhZHMuQ0FST1VTRUxfSVRFTS5pbWFnZV91cmxnZW4uMTQ0MHgxODAwLnNkci5mODI3ODcuZGVmYXVsdF9pbWFnZS5jMiJ9&_nc_ht=instagram.fhan3-4.fna.fbcdn.net&_nc_cat=104&_nc_oc=Q6cZ2QGlINRKoIty8zJW8UQZE6rvy7Z_GS-alORDM7ECMSljVUgdeIbIIivtHIO4Vn6OHRk&_nc_ohc=tAZBXLS9F-UQ7kNvwHNXPrn&_nc_gid=atPPvj36vn2wL-bwD82JfQ&edm=AJhczIQBAAAA&ccb=7-5&ig_cache_key=Mzc5MzUzNDI5MDAyMTY2OTI5Mg%3D%3D.3-ccb7-5&oh=00_Afqht-vZryNVpRN1IPD81uL_Yni2vtjSPdhmfRhTLaYQ3Q&oe=697504B1&_nc_sid=4a2096'],,https://www.threads.net/@wwe/post/DSlV1icgcRa,[],"{'likes': 281, 'reposts': 17, 'quotes': 1}",threads,3793534299223999578,WWE,,"TONIGHT on #WWERaw: 

😤 cmpunk & @619iamlucha vs. two members of The Vision

👀 @gunther_wwe appears after last week’s controversial celebration 

🔥 rhearipley_wwe vs. wwe_asuka

😮‍💨 @maxxinedupri returns after impressive #ICTitle defense 

👊 itsmebayley vs. roxanne_wwe 

💥 @wwejevonevans vs. Rayo Americano

📺: 8e/5p on @netflix",threads,63046342796,wwe
[],2026-01-20T15:17:04.829983+07:00,These are y’all Super Bowl favorites? The defense is terrible. Rams are not like that. #REALTALK,2026-01-11T08:04:54+07:00,,3807366642309878479,threads,threads.com,threads_crawler_v1,https://www.threads.net/@realtalkwithmj/post/DTWe8n0jVLP,https://instagram.fhan4-3.fna.fbcdn.net/v/t51.2885-19/332299183_499180459097902_6411113199513137412_n.jpg?stp=dst-jpg_s150x150_tt6&efg=eyJ2ZW5jb2RlX3RhZyI6InByb2ZpbGVfcGljLmRqYW5nby44MjguYzIifQ&_nc_ht=instagram.fhan4-3.fna.fbcdn.net&_nc_cat=110&_nc_oc=Q6cZ2QGlINRKoIty8zJW8UQZE6rvy7Z_GS-alORDM7ECMSljVUgdeIbIIivtHIO4Vn6OHRk&_nc_ohc=3Qvlu_RM8vIQ7kNvwG38ifY&_nc_gid=atPPvj36vn2wL-bwD82JfQ&edm=AJhczIQBAAAA&ccb=7-5&oh=00_Afqjj1a3HlQ2gB1FehGwjAUVog5A3eBsPDNipgjErG0MDA&oe=697517EC&_nc_sid=4a2096,199,0,314,9,0,['https://instagram.fhan4-5.fna.fbcdn.net/v/t51.2885-15/613741655_18170420116389518_7747588345133946903_n.jpg?stp=dst-jpg_e35_tt6&efg=eyJ2ZW5jb2RlX3RhZyI6InRocmVhZHMuRkVFRC5pbWFnZV91cmxnZW4uMTM0N3gxNjc5LnNkci5mODI3ODcuZGVmYXVsdF9pbWFnZS5jMiJ9&_nc_ht=instagram.fhan4-5.fna.fbcdn.net&_nc_cat=102&_nc_oc=Q6cZ2QGlINRKoIty8zJW8UQZE6rvy7Z_GS-alORDM7ECMSljVUgdeIbIIivtHIO4Vn6OHRk&_nc_ohc=_8LK97Jc85sQ7kNvwGVTeUy&_nc_gid=atPPvj36vn2wL-bwD82JfQ&edm=AJhczIQBAAAA&ccb=7-5&ig_cache_key=MzgwNzM2NjY0MjMwOTg3ODQ3OQ%3D%3D.3-ccb7-5&oh=00_Afp3mOUhtGRxrNX4yMncFDdTc_LNeqZvNJTOirNgN0qK0w&oe=6974F660&_nc_sid=4a2096'],,https://www.threads.net/@realtalkwithmj/post/DTWe8n0jVLP,[],"{'likes': 314, 'reposts': 8, 'quotes': 1}",threads,3807366642309878479,Miles Johnson,,These are y’all Super Bowl favorites? The defense is terrible. Rams are not like that. #REALTALK,threads,63099778212,realtalkwithmj
[],2026-01-20T15:17:04.830041+07:00,"California is the world's 4th largest economy. If the other states would let us leave this mess we'd be fine on our own, but the Golden State is simply too valuable. Imagine, our Federal taxes could go towards healthcare, childcare, transit, research, education, the environment, and defense instead of bloated military budgets and interest on ballooning debt. If we could exit in peace... California would be even more amazing.",2026-01-18T17:16:29+07:00,,3812717693511204004,threads,threads.com,threads_crawler_v1,https://www.threads.net/@deepi.b/post/DTpfoqmlPyk,https://instagram.fbbi5-2.fna.fbcdn.net/v/t51.2885-19/573323465_1219825463302212_7278921664109726296_n.png?stp=dst-jpg_e0_s150x150_tt6&efg=eyJ2ZW5jb2RlX3RhZyI6InByb2ZpbGVfcGljLmRqYW5nby4xNTAuYzIifQ&_nc_ht=instagram.fbbi5-2.fna.fbcdn.net&_nc_cat=1&_nc_oc=Q6cZ2QFhFUjvF7uj0TBnpxe4dYyfl0BWc3PNphK8y_cCVrZvh7m-lAkwx-vSv38Rveh6lwtYBluXOk8Dl2bcDqzntC8_&_nc_ohc=I-OAmjM3FnMQ7kNvwFjUavE&_nc_gid=xjoPhqJz60t1LMbJd5okvA&edm=APcnxpQBAAAA&ccb=7-5&ig_cache_key=YW5vbnltb3VzX3Byb2ZpbGVfcGlj.3-ccb7-5&oh=00_AfoaWUQWA2ktaXcXCeQ53naQnD3C6ccm8O44f5FcQrwA9A&oe=6974F0EA&_nc_sid=a1bb5f,71,0,120,8,0,[],,https://www.threads.net/@deepi.b/post/DTpfoqmlPyk,[],"{'likes': 120, 'reposts': 8, 'quotes': 0}",threads,3812717693511204004,Deepi Brar,,"California is the world's 4th largest economy. If the other states would let us leave this mess we'd be fine on our own, but the Golden State is simply too valuable. Imagine, our Federal taxes could go towards healthcare, childcare, transit, research, education, the environment, and defense instead of bloated military budgets and interest on ballooning debt. If we could exit in peace... California would be even more amazing.",threads,67790102133,deepi.b
[],2026-01-20T15:17:04.830086+07:00,"After doing some research, in think I see what’s happening with this new Black Panther Party

It looks like this guy Paul Birdsong was  organizing and started a new Black Panther party for self-defense. According to him, he has blessing from some OG Panthers. 

It looks like this was not communicated to the other OG panthers. 

Now there is a disagreement about who can and cannot use the Black Panther name",2026-01-17T22:04:52+07:00,,3812138067801592414,threads,threads.com,threads_crawler_v1,https://www.threads.net/@melanymovez/post/DTnb2AGDtJe,https://instagram.fhan4-6.fna.fbcdn.net/v/t51.2885-19/559871556_17928929040106076_7279096359128553231_n.jpg?stp=dst-jpg_s150x150_tt6&efg=eyJ2ZW5jb2RlX3RhZyI6InByb2ZpbGVfcGljLmRqYW5nby4xMDgwLmMyIn0&_nc_ht=instagram.fhan4-6.fna.fbcdn.net&_nc_cat=108&_nc_oc=Q6cZ2QGlINRKoIty8zJW8UQZE6rvy7Z_GS-alORDM7ECMSljVUgdeIbIIivtHIO4Vn6OHRk&_nc_ohc=b8WLMY-Le30Q7kNvwGqkImz&_nc_gid=atPPvj36vn2wL-bwD82JfQ&edm=AJhczIQBAAAA&ccb=7-5&oh=00_Afq8_sdjpIZ9r9FCxMCggH5XwK2Tjd_AP2jF1PGyR-erBQ&oe=69750AC2&_nc_sid=4a2096,19,0,44,1,0,[],,https://www.threads.net/@melanymovez/post/DTnb2AGDtJe,[],"{'likes': 44, 'reposts': 1, 'quotes': 0}",threads,3812138067801592414,Melany Centeno,,"After doing some research, in think I see what’s happening with this new Black Panther Party

It looks like this guy Paul Birdsong was  organizing and started a new Black Panther party for self-defense. According to him, he has blessing from some OG Panthers. 

It looks like this was not communicated to the other OG panthers. 

Now there is a disagreement about who can and cannot use the Black Panther name",threads,63269706075,melanymovez
[],2026-01-20T15:17:04.830118+07:00,"AST SpaceMobile Awarded Prime Contract Position on U.S. Missile Defense Agency SHIELD Program

",2026-01-16T19:05:40+07:00,,3811323100106516951,threads,threads.com,threads_crawler_v1,https://www.threads.net/@astspacemobile/post/DTkiiqSFunX,https://instagram.fhan4-6.fna.fbcdn.net/v/t51.2885-19/358355408_1023441992156577_2930343214786095398_n.jpg?stp=dst-jpg_s150x150_tt6&efg=eyJ2ZW5jb2RlX3RhZyI6InByb2ZpbGVfcGljLmRqYW5nby40MDAuYzIifQ&_nc_ht=instagram.fhan4-6.fna.fbcdn.net&_nc_cat=109&_nc_oc=Q6cZ2QGlINRKoIty8zJW8UQZE6rvy7Z_GS-alORDM7ECMSljVUgdeIbIIivtHIO4Vn6OHRk&_nc_ohc=HGtFikX8S94Q7kNvwHwYqUj&_nc_gid=atPPvj36vn2wL-bwD82JfQ&edm=AJhczIQBAAAA&ccb=7-5&oh=00_AfpLGJKal9601rhU5rEwnExEAo3K3bSbkxOSyaj2CI4XKA&oe=6975104C&_nc_sid=4a2096,1,0,91,7,0,['https://instagram.fhan4-6.fna.fbcdn.net/v/t51.2885-15/617112332_17939036796111981_1932285127905931571_n.jpg?stp=dst-jpg_e35_tt6&efg=eyJ2ZW5jb2RlX3RhZyI6InRocmVhZHMuRkVFRC5pbWFnZV91cmxnZW4uMTQ0MHgxNDQwLnNkci5mODI3ODcuZGVmYXVsdF9pbWFnZS5jMiJ9&_nc_ht=instagram.fhan4-6.fna.fbcdn.net&_nc_cat=109&_nc_oc=Q6cZ2QGlINRKoIty8zJW8UQZE6rvy7Z_GS-alORDM7ECMSljVUgdeIbIIivtHIO4Vn6OHRk&_nc_ohc=8_pv1qQRjS0Q7kNvwES-IgM&_nc_gid=atPPvj36vn2wL-bwD82JfQ&edm=AJhczIQBAAAA&ccb=7-5&ig_cache_key=MzgxMTMyMzEwMDEwNjUxNjk1MQ%3D%3D.3-ccb7-5&oh=00_Afp_USCXJcUkI0zvoTQQT7ySuabxpH7cSpVPXVz1EiRVZQ&oe=69751323&_nc_sid=4a2096'],,https://www.threads.net/@astspacemobile/post/DTkiiqSFunX,[],"{'likes': 91, 'reposts': 6, 'quotes': 1}",threads,3811323100106516951,AST SpaceMobile,,"AST SpaceMobile Awarded Prime Contract Position on U.S. Missile Defense Agency SHIELD Program

https://www.businesswire.com/news/home/20260116850416/en/AST-SpaceMobile-Awarded-Prime-Contract-Position-on-U.S.-Missile-Defense-Agency-SHIELD-Program",threads,63258631980,astspacemobile
[],2026-01-20T15:17:04.830152+07:00,"NBC News is reporting that Rubio has been directed to come up with a plan to purchase Greenland from Denmark, noting that the price tag could be around $700 billion. Billion with a B.

That's over half the annual budget of the Department of Defense.

$700 billion for a Danish territory while Americans are starving, dying from lack of healthcare, and being murdered by brownshirts.

Our spending priorities are so far out of whack it's beyond comprehension.",2026-01-14T18:44:02+07:00,,3809862661563254481,threads,threads.com,threads_crawler_v1,https://www.threads.net/@timbrechlin/post/DTfWee5gIbR,https://instagram.fhan3-3.fna.fbcdn.net/v/t51.2885-19/610903130_17903087103345035_4288149532849468226_n.jpg?stp=dst-jpg_s150x150_tt6&efg=eyJ2ZW5jb2RlX3RhZyI6InByb2ZpbGVfcGljLmRqYW5nby4xMDgwLmMyIn0&_nc_ht=instagram.fhan3-3.fna.fbcdn.net&_nc_cat=111&_nc_oc=Q6cZ2QGlINRKoIty8zJW8UQZE6rvy7Z_GS-alORDM7ECMSljVUgdeIbIIivtHIO4Vn6OHRk&_nc_ohc=-H1tvbTW6cUQ7kNvwHqlz6o&_nc_gid=atPPvj36vn2wL-bwD82JfQ&edm=AJhczIQBAAAA&ccb=7-5&oh=00_Afqe6TcS7PvJKniog9m77thXwPJdA0zclDjSCidcjFuipA&oe=69750800&_nc_sid=4a2096,674,0,11651,1507,0,[],,https://www.threads.net/@timbrechlin/post/DTfWee5gIbR,[],"{'likes': 11651, 'reposts': 1447, 'quotes': 60}",threads,3809862661563254481,Tim Brechlin,Greenland,"NBC News is reporting that Rubio has been directed to come up with a plan to purchase Greenland from Denmark, noting that the price tag could be around $700 billion. Billion with a B.

That's over half the annual budget of the Department of Defense.

$700 billion for a Danish territory while Americans are starving, dying from lack of healthcare, and being murdered by brownshirts.

Our spending priorities are so far out of whack it's beyond comprehension.",threads,70463017034,timbrechlin
[],2026-01-20T15:17:04.830185+07:00,"Abdukodir Khusanov is the only one holding that defense. 

I'm not joking 🙃 😐",2026-01-08T03:25:23+07:00,,3805051634812987613,threads,threads.com,threads_crawler_v1,https://www.threads.net/@mcfc_bones/post/DTOQk1FDCjd,https://instagram.fhan4-3.fna.fbcdn.net/v/t51.2885-19/453517016_503020338887878_5304223374385600490_n.jpg?stp=dst-jpg_s150x150_tt6&efg=eyJ2ZW5jb2RlX3RhZyI6InByb2ZpbGVfcGljLmRqYW5nby44MDAuYzIifQ&_nc_ht=instagram.fhan4-3.fna.fbcdn.net&_nc_cat=110&_nc_oc=Q6cZ2QGlINRKoIty8zJW8UQZE6rvy7Z_GS-alORDM7ECMSljVUgdeIbIIivtHIO4Vn6OHRk&_nc_ohc=8BfGOtCuLCMQ7kNvwFpKy57&_nc_gid=atPPvj36vn2wL-bwD82JfQ&edm=AJhczIQBAAAA&ccb=7-5&oh=00_Afoxgai-UANSmGnfnV-TPCkfKmV_oR_oEt_ojhFmrWsHYA&oe=6974FD35&_nc_sid=4a2096,11,0,1012,4,0,['https://instagram.fhan4-5.fna.fbcdn.net/v/t51.2885-15/612376249_17910286263277875_6991588053421838114_n.webp?efg=eyJ2ZW5jb2RlX3RhZyI6InRocmVhZHMuRkVFRC5pbWFnZV91cmxnZW4uNjEyeDQwOC5zZHIuZjgyNzg3LmRlZmF1bHRfaW1hZ2UuYzIifQ&_nc_ht=instagram.fhan4-5.fna.fbcdn.net&_nc_cat=103&_nc_oc=Q6cZ2QGlINRKoIty8zJW8UQZE6rvy7Z_GS-alORDM7ECMSljVUgdeIbIIivtHIO4Vn6OHRk&_nc_ohc=3mJZ_lR2oLsQ7kNvwGSsJgu&_nc_gid=atPPvj36vn2wL-bwD82JfQ&edm=AJhczIQBAAAA&ccb=7-5&ig_cache_key=MzgwNTA1MTYzNDgxMjk4NzYxMw%3D%3D.3-ccb7-5&oh=00_AfqyremhxSTnhwZXFMRD0Ic1vN2NJtakpgEdsR-dc5eikA&oe=6974FD8D&_nc_sid=4a2096'],,https://www.threads.net/@mcfc_bones/post/DTOQk1FDCjd,[],"{'likes': 1012, 'reposts': 4, 'quotes': 0}",threads,3805051634812987613,Dry Bones 🦴,ManCity,"Abdukodir Khusanov is the only one holding that defense. 

I'm not joking 🙃 😐",threads,68214077874,mcfc_bones
[],2026-01-20T15:17:04.830218+07:00,"Not sure what @ayeeecaleb has to do to prove himself to some people, but I’ve seen enough. 7 fourth quarter comebacks and fell just short on two others! 

Question was will you be surprised if he outplays Matthew Stafford, & my answer is absolutely not. Matthew is one of them ones. Caleb is too! This Rams defense is getable on the back end. I expect Caleb Williams to see just how getable they are! 

#CalebWilliams #BearDown #ChicagoBears #FirstTake #Espn",2026-01-17T02:02:08+07:00,,3811532699996546784,threads,threads.com,threads_crawler_v1,https://www.threads.net/@realrclark/post/DTlSMvZFGbg,https://instagram.fhan3-3.fna.fbcdn.net/v/t51.2885-19/358792119_282479604300932_8552940139930217151_n.jpg?stp=dst-jpg_s150x150_tt6&efg=eyJ2ZW5jb2RlX3RhZyI6InByb2ZpbGVfcGljLmRqYW5nby4xMDgwLmMyIn0&_nc_ht=instagram.fhan3-3.fna.fbcdn.net&_nc_cat=1&_nc_oc=Q6cZ2QGlINRKoIty8zJW8UQZE6rvy7Z_GS-alORDM7ECMSljVUgdeIbIIivtHIO4Vn6OHRk&_nc_ohc=BJZqzsKTIdwQ7kNvwHux9Er&_nc_gid=atPPvj36vn2wL-bwD82JfQ&edm=AJhczIQBAAAA&ccb=7-5&oh=00_AfrXIYBGfIKmkdIPL7nPdpJxqqnBsXgmIpFABkDM2NNkPw&oe=69750A29&_nc_sid=4a2096,30,0,317,24,0,"['https://instagram.fhan3-2.fna.fbcdn.net/v/t51.2885-15/616053665_868889952711739_1568940873469881326_n.jpg?stp=dst-jpg_e15_tt6&efg=eyJ2ZW5jb2RlX3RhZyI6InRocmVhZHMuRkVFRC5pbWFnZV91cmxnZW4uNjQweDM2MC5zZHIuZjcxODc4LmRlZmF1bHRfY292ZXJfZnJhbWUuYzIifQ&_nc_ht=instagram.fhan3-2.fna.fbcdn.net&_nc_cat=107&_nc_oc=Q6cZ2QGlINRKoIty8zJW8UQZE6rvy7Z_GS-alORDM7ECMSljVUgdeIbIIivtHIO4Vn6OHRk&_nc_ohc=Q5M08vsDdRMQ7kNvwHLRrUK&_nc_gid=atPPvj36vn2wL-bwD82JfQ&edm=AJhczIQBAAAA&ccb=7-5&ig_cache_key=MzgxMTUzMjY5OTk5NjU0Njc4NA%3D%3D.3-ccb7-5&oh=00_Afpusw-sf2CgV96pyyLQTw2XHzz6CPnrT-wPCexV-qil5A&oe=6974F8C3&_nc_sid=4a2096', 'https://instagram.fhan4-6.fna.fbcdn.net/o1/v/t16/f2/m69/AQP2HiQ5cScDmMlDTN5XTeuYnde7-59rhaRt7LQywDeH9-YVk2_OL-AtxO1XDnkT6mSuqNIrh-MiNiN-S91a7cQh.mp4?strext=1&_nc_cat=108&_nc_oc=AdnkSWnWBakIvUaG02l3C_HplPpPiGS7zua8zQmBtayVm69yYwiV62PkdHYwKHGpKS4&_nc_sid=5e9851&_nc_ht=instagram.fhan4-6.fna.fbcdn.net&_nc_ohc=uuj9DuC6vYoQ7kNvwE5uc_v&efg=eyJ2ZW5jb2RlX3RhZyI6Inhwdl9wcm9ncmVzc2l2ZS5JTlNUQUdSQU0uRkVFRC5DMy4xMjc2LmRhc2hfYmFzZWxpbmVfMV92MSIsInhwdl9hc3NldF9pZCI6MTU4NjMzMDk4MjQwNDMzMiwiYXNzZXRfYWdlX2RheXMiOjMsInZpX3VzZWNhc2VfaWQiOjEwMDk5LCJkdXJhdGlvbl9zIjoxMDMsInVybGdlbl9zb3VyY2UiOiJ3d3cifQ%3D%3D&ccb=17-1&_nc_gid=atPPvj36vn2wL-bwD82JfQ&_nc_zt=28&vs=dc86aeaf44e10b2f&_nc_vs=HBksFQIYOnBhc3N0aHJvdWdoX2V2ZXJzdG9yZS9HRHFUMlNTZ2Uxb0Z3RmtJQUpfQVBScFp1RHdIYnNwVEFRQUYVAALIARIAFQIYUWlnX3hwdl9wbGFjZW1lbnRfcGVybWFuZW50X3YyL0JFNDJFNUJERkU2MDMzQ0JCMDJFRTk3NzcyMDc5NkEyX2F1ZGlvX2Rhc2hpbml0Lm1wNBUCAsgBEgAoABgAGwKIB3VzZV9vaWwBMRJwcm9ncmVzc2l2ZV9yZWNpcGUBMRUAACbYw57rzrDRBRUCKAJDMywXQFn7tkWhysEYEmRhc2hfYmFzZWxpbmVfMV92MREAdeoHZeadAQA&oh=00_AfqaK4GEIcD1H63Z1PtxsRJn8194yYjcu_TGUqaZbP-MXg&oe=6974FFE8']",,https://www.threads.net/@realrclark/post/DTlSMvZFGbg,[],"{'likes': 317, 'reposts': 20, 'quotes': 4}",threads,3811532699996546784,Ryan Clark,,"Not sure what @ayeeecaleb has to do to prove himself to some people, but I’ve seen enough. 7 fourth quarter comebacks and fell just short on two others! 

Question was will you be surprised if he outplays Matthew Stafford, & my answer is absolutely not. Matthew is one of them ones. Caleb is too! This Rams defense is getable on the back end. I expect Caleb Williams to see just how getable they are! 

#CalebWilliams #BearDown #ChicagoBears #FirstTake #Espn",threads,63416427737,realrclark
[],2026-01-20T15:17:04.830255+07:00,"BREAKING: Top ICE officials are reportedly worried that regular citizens will start using the Minneapolis rationale for self-defense and shoot at every ICE vehicle that drives toward them while claiming they “feared for their lives,” and angry juries will let them off.",2026-01-08T22:45:14+07:00,,3805635399896830940,threads,threads.com,threads_crawler_v1,https://www.threads.net/@thehalfwaypost/post/DTQVTurgJPc,https://instagram.fhan3-3.fna.fbcdn.net/v/t51.2885-19/413257401_337934035773757_1700887026635198100_n.jpg?stp=dst-jpg_s150x150_tt6&efg=eyJ2ZW5jb2RlX3RhZyI6InByb2ZpbGVfcGljLmRqYW5nby43ODguYzIifQ&_nc_ht=instagram.fhan3-3.fna.fbcdn.net&_nc_cat=1&_nc_oc=Q6cZ2QGlINRKoIty8zJW8UQZE6rvy7Z_GS-alORDM7ECMSljVUgdeIbIIivtHIO4Vn6OHRk&_nc_ohc=96NoeNE5HtgQ7kNvwEt9Uk4&_nc_gid=atPPvj36vn2wL-bwD82JfQ&edm=AJhczIQBAAAA&ccb=7-5&oh=00_Afp73veBz6WwHEJmMYVoBrbW4IilkHwbWyJ_fQvbq1-Tbw&oe=6974F3DE&_nc_sid=4a2096,2028,0,27388,2047,0,[],,https://www.threads.net/@thehalfwaypost/post/DTQVTurgJPc,[],"{'likes': 27388, 'reposts': 1814, 'quotes': 233}",threads,3805635399896830940,The Halfway Post,,"BREAKING: Top ICE officials are reportedly worried that regular citizens will start using the Minneapolis rationale for self-defense and shoot at every ICE vehicle that drives toward them while claiming they “feared for their lives,” and angry juries will let them off.",threads,63467617851,thehalfwaypost
[],2026-01-20T15:17:04.830303+07:00,"How many people attended your final defense? 

🤣😅",2026-01-10T08:04:47+07:00,,3806641808538007798,threads,threads.com,threads_crawler_v1,https://www.threads.net/@smxllwxrldd/post/DTT6I5xDvj2,https://instagram.fhan3-3.fna.fbcdn.net/v/t51.2885-19/611706695_17937071445113591_440290507687023502_n.jpg?stp=dst-jpg_s150x150_tt6&efg=eyJ2ZW5jb2RlX3RhZyI6InByb2ZpbGVfcGljLmRqYW5nby44MDQuYzIifQ&_nc_ht=instagram.fhan3-3.fna.fbcdn.net&_nc_cat=111&_nc_oc=Q6cZ2QGlINRKoIty8zJW8UQZE6rvy7Z_GS-alORDM7ECMSljVUgdeIbIIivtHIO4Vn6OHRk&_nc_ohc=VAbasYjhGsoQ7kNvwHEjZbH&_nc_gid=atPPvj36vn2wL-bwD82JfQ&edm=AJhczIQBAAAA&ccb=7-5&oh=00_AfoIVPswW-M_UzRVzd9wtPtUXm7-1bZgMpTI4yuh7HJ0Gg&oe=6974F8DA&_nc_sid=4a2096,63,0,16,3,0,[],,https://www.threads.net/@smxllwxrldd/post/DTT6I5xDvj2,[],"{'likes': 16, 'reposts': 0, 'quotes': 3}",threads,3806641808538007798,Zay Small,PhDJourney,"How many people attended your final defense? 

🤣😅",threads,63444777590,smxllwxrldd
[],2026-01-20T15:17:04.830333+07:00,"These 5 picks should all be in your portfolio for 2026…

1. $ONDS ~ building the next generation of autonomous, defense, security & drone systems.
2. $ZETA ~ enables AI powered customer intelligence and marketing automation.
3. $OSCR ~ disrupting health insurance with tech driven plans.
4. $ASTS ~ building the communication layer that monetize space based activity.
5. $RKLB ~ building the future of space logistics.",2026-01-12T00:22:15+07:00,,3807858557631147628,threads,threads.com,threads_crawler_v1,https://www.threads.net/@stockelementalerts/post/DTYOy7qiS5s,https://instagram.fhan4-1.fna.fbcdn.net/v/t51.2885-19/470486871_1097896991785193_3703432216498117114_n.jpg?stp=dst-jpg_s150x150_tt6&efg=eyJ2ZW5jb2RlX3RhZyI6InByb2ZpbGVfcGljLmRqYW5nby40MjkuYzIifQ&_nc_ht=instagram.fhan4-1.fna.fbcdn.net&_nc_cat=105&_nc_oc=Q6cZ2QGlINRKoIty8zJW8UQZE6rvy7Z_GS-alORDM7ECMSljVUgdeIbIIivtHIO4Vn6OHRk&_nc_ohc=UiViHmxugi4Q7kNvwFNrB4W&_nc_gid=atPPvj36vn2wL-bwD82JfQ&edm=AJhczIQBAAAA&ccb=7-5&oh=00_AfrJ-fX27mMcEr_-V-wV9IFeeryoGiYb7ZTKeeFkronEuA&oe=6975013D&_nc_sid=4a2096,1,0,14,0,0,[],,https://www.threads.net/@stockelementalerts/post/DTYOy7qiS5s,[],"{'likes': 14, 'reposts': 0, 'quotes': 0}",threads,3807858557631147628,Stock Element - Investment Alerts,,"These 5 picks should all be in your portfolio for 2026…

1. $ONDS ~ building the next generation of autonomous, defense, security & drone systems.
2. $ZETA ~ enables AI powered customer intelligence and marketing automation.
3. $OSCR ~ disrupting health insurance with tech driven plans.
4. $ASTS ~ building the communication layer that monetize space based activity.
5. $RKLB ~ building the future of space logistics.",threads,71546827723,stockelementalerts
[],2026-01-20T15:17:04.830371+07:00,The Patriots could win the Super Bowl and people will still be talking about everything but how good they are as a team. They beat 'the best defense in football' and played a better defensive game while doing it but still it's all about how CJ Stroud let his Defense down and not how the Patriots D had been dominating this Playoff season.,2026-01-19T08:01:07+07:00,,3813162947820944893,threads,threads.com,threads_crawler_v1,https://www.threads.net/@cpeers13/post/DTrE39_jH39,https://instagram.fhan4-5.fna.fbcdn.net/v/t51.2885-19/358202851_943555286759330_2942034752338947719_n.jpg?stp=dst-jpg_s150x150_tt6&efg=eyJ2ZW5jb2RlX3RhZyI6InByb2ZpbGVfcGljLmRqYW5nby40MDAuYzIifQ&_nc_ht=instagram.fhan4-5.fna.fbcdn.net&_nc_cat=102&_nc_oc=Q6cZ2QGlINRKoIty8zJW8UQZE6rvy7Z_GS-alORDM7ECMSljVUgdeIbIIivtHIO4Vn6OHRk&_nc_ohc=2fqAC1AGrNQQ7kNvwFLD58G&_nc_gid=atPPvj36vn2wL-bwD82JfQ&edm=AJhczIQBAAAA&ccb=7-5&oh=00_Afp6gKiBc8A7O0B6L5DlZ5QnGHkqVb3L4wM6Y1uMTml9_g&oe=697508CE&_nc_sid=4a2096,8,0,188,5,0,[],,https://www.threads.net/@cpeers13/post/DTrE39_jH39,[],"{'likes': 188, 'reposts': 5, 'quotes': 0}",threads,3813162947820944893,Chris Peers,NFL Threads,The Patriots could win the Super Bowl and people will still be talking about everything but how good they are as a team. They beat 'the best defense in football' and played a better defensive game while doing it but still it's all about how CJ Stroud let his Defense down and not how the Patriots D had been dominating this Playoff season.,threads,63461109874,cpeers13
[],2026-01-20T15:17:35.338900+07:00,Give caleb williams a good defense next year he wins a Super Bowl easy,2026-01-14T04:07:56+07:00,,3809421701264880984,threads,threads.com,threads_crawler_v1,https://www.threads.net/@amarion_fromthecity/post/DTdyNqnjrVY,https://instagram.fhan3-2.fna.fbcdn.net/v/t51.2885-19/466824886_1233913564704643_5435136124895340111_n.jpg?stp=dst-jpg_s150x150_tt6&efg=eyJ2ZW5jb2RlX3RhZyI6InByb2ZpbGVfcGljLmRqYW5nby43NTAuYzIifQ&_nc_ht=instagram.fhan3-2.fna.fbcdn.net&_nc_cat=107&_nc_oc=Q6cZ2QF-ZYk9IdVy9lnspoJunxZV3xI6rtkQgjbmQtGhcs9FP1RZhdp-h4_EML-RHRYeWUo&_nc_ohc=tzphvPW6yo0Q7kNvwGEZbqP&_nc_gid=jID80dGevAhbHinK0k2Qiw&edm=AJhczIQBAAAA&ccb=7-5&oh=00_AfoSOBitnMf8-lK49d2Z82JLXxt39zsZ_oeyjvC1WSEPVg&oe=69750F52&_nc_sid=4a2096,65,0,390,10,0,['https://instagram.fhan4-6.fna.fbcdn.net/v/t51.2885-15/614749866_17937817974112040_7860399669970191968_n.jpg?stp=cp6_dst-jpg_e35_tt6&efg=eyJ2ZW5jb2RlX3RhZyI6InRocmVhZHMuRkVFRC5pbWFnZV91cmxnZW4uNjk3eDQ2Ni5zZHIuZjgyNzg3LmRlZmF1bHRfaW1hZ2UuYzIifQ&_nc_ht=instagram.fhan4-6.fna.fbcdn.net&_nc_cat=108&_nc_oc=Q6cZ2QF-ZYk9IdVy9lnspoJunxZV3xI6rtkQgjbmQtGhcs9FP1RZhdp-h4_EML-RHRYeWUo&_nc_ohc=8dEkhbMs2zcQ7kNvwGJeDF_&_nc_gid=jID80dGevAhbHinK0k2Qiw&edm=AJhczIQBAAAA&ccb=7-5&ig_cache_key=MzgwOTQyMTcwMTI2NDg4MDk4NA%3D%3D.3-ccb7-5&oh=00_AfrX_4jihtt7lmgFCgnTX6VYO6vmvbdxdRou-BVWMRmbAg&oe=6975245D&_nc_sid=4a2096'],,https://www.threads.net/@amarion_fromthecity/post/DTdyNqnjrVY,[],"{'likes': 390, 'reposts': 10, 'quotes': 0}",threads,3809421701264880984,AMARIONSZN,BearDown,Give caleb williams a good defense next year he wins a Super Bowl easy,threads,63467512039,amarion_fromthecity
[],2026-01-20T15:17:35.339051+07:00,yeayyy passed Defense Research Proposal for my master thesis!!! hahahah tapi kena buat minor amendments but still Alhamdulillah 😭😭😭,2026-01-05T10:25:58+07:00,,3803088987205307581,threads,threads.com,threads_crawler_v1,https://www.threads.net/@evagadros/post/DTHSUjDkoy9,https://instagram.fhan3-4.fna.fbcdn.net/v/t51.2885-19/606791606_17936268507111618_3546748309245335863_n.jpg?stp=dst-jpg_s150x150_tt6&efg=eyJ2ZW5jb2RlX3RhZyI6InByb2ZpbGVfcGljLmRqYW5nby4xMDgwLmMyIn0&_nc_ht=instagram.fhan3-4.fna.fbcdn.net&_nc_cat=106&_nc_oc=Q6cZ2QF-ZYk9IdVy9lnspoJunxZV3xI6rtkQgjbmQtGhcs9FP1RZhdp-h4_EML-RHRYeWUo&_nc_ohc=-C19Rr33AIIQ7kNvwFWgROk&_nc_gid=jID80dGevAhbHinK0k2Qiw&edm=AJhczIQBAAAA&ccb=7-5&oh=00_AfqaV6PXh_Nkew0BLAgyOU76RbrrP_2ydVtJTdq5kbqO7w&oe=6974FAE2&_nc_sid=4a2096,16,0,184,3,0,[],,https://www.threads.net/@evagadros/post/DTHSUjDkoy9,[],"{'likes': 184, 'reposts': 3, 'quotes': 0}",threads,3803088987205307581,,,yeayyy passed Defense Research Proposal for my master thesis!!! hahahah tapi kena buat minor amendments but still Alhamdulillah 😭😭😭,threads,63283399617,evagadros
[],2026-01-20T15:17:35.339097+07:00,"Ja Morant back after missing 6 games and looked completely in control in London.

24 points, 13 assists, efficient scoring, constant pressure on the defense.
Memphis led early and never gave it back, winning 126–109 over Orlando.

Big impact from Jock Landale too: 21 & 8 on 9/11 shooting, plus rim protection.

One of the most complete performances the Grizzlies have put together in a while.",2026-01-19T02:41:53+07:00,,3813002268623608497,threads,threads.com,threads_crawler_v1,https://www.threads.net/@grizzliesstats/post/DTqgVx1EZqx,https://instagram.fhan4-3.fna.fbcdn.net/v/t51.2885-19/554709587_17922638670146446_5811517230934338051_n.jpg?stp=dst-jpg_s150x150_tt6&efg=eyJ2ZW5jb2RlX3RhZyI6InByb2ZpbGVfcGljLmRqYW5nby4xMDgwLmMyIn0&_nc_ht=instagram.fhan4-3.fna.fbcdn.net&_nc_cat=110&_nc_oc=Q6cZ2QF-ZYk9IdVy9lnspoJunxZV3xI6rtkQgjbmQtGhcs9FP1RZhdp-h4_EML-RHRYeWUo&_nc_ohc=hVkkz8R6U2gQ7kNvwGY82Ua&_nc_gid=jID80dGevAhbHinK0k2Qiw&edm=AJhczIQBAAAA&ccb=7-5&oh=00_AfqEBGAbeCkJG1k6ndtRyOVIhlGZe7plpYKbXoW9j6wOTQ&oe=6974FB4C&_nc_sid=4a2096,2,0,25,2,0,['https://instagram.fhan4-3.fna.fbcdn.net/v/t51.2885-15/618727508_17934318465146446_6557073661038498258_n.jpg?stp=cp6_dst-jpg_e35_tt6&efg=eyJ2ZW5jb2RlX3RhZyI6InRocmVhZHMuQ0FST1VTRUxfSVRFTS5pbWFnZV91cmxnZW4uMTA3MHgxMjM0LnNkci5mODI3ODcuZGVmYXVsdF9pbWFnZS5jMiJ9&_nc_ht=instagram.fhan4-3.fna.fbcdn.net&_nc_cat=110&_nc_oc=Q6cZ2QF-ZYk9IdVy9lnspoJunxZV3xI6rtkQgjbmQtGhcs9FP1RZhdp-h4_EML-RHRYeWUo&_nc_ohc=AJcNR9qZSg4Q7kNvwGDapb1&_nc_gid=jID80dGevAhbHinK0k2Qiw&edm=AJhczIQBAAAA&ccb=7-5&ig_cache_key=MzgxMzAwMjI2MzM4OTExNTU3OA%3D%3D.3-ccb7-5&oh=00_Afo6cO4lzpf_2PO7gr8tp6GzmEZpiyXM4hUZh9G7YCpUCg&oe=69751382&_nc_sid=4a2096'],,https://www.threads.net/@grizzliesstats/post/DTqgVx1EZqx,[],"{'likes': 25, 'reposts': 2, 'quotes': 0}",threads,3813002268623608497,Grizzlies Stats,NBA Threads,"Ja Morant back after missing 6 games and looked completely in control in London.

24 points, 13 assists, efficient scoring, constant pressure on the defense.
Memphis led early and never gave it back, winning 126–109 over Orlando.

Big impact from Jock Landale too: 21 & 8 on 9/11 shooting, plus rim protection.

One of the most complete performances the Grizzlies have put together in a while.",threads,64542658445,grizzliesstats
[],2026-01-20T15:17:35.339132+07:00,"Not a lawyer, obviously, but my thoughts on Alan Jackson withdrawing from Nick Reiner's case today and why. 

Attorneys, feel free to check me. 

This will be a thread.

I think whoever emailed Jackson on December 15th when he was in NY put him on retainer. They wanted Nick to have a good defense. This person could not have been Nick because he was in no state to be SENDING EMAILS when he was fucked up in the mental ward at the prison. A call, maybe. Jackson's words are intentional. ""Email.""",2026-01-08T10:25:39+07:00,,3805263157414414050,threads,threads.com,threads_crawler_v1,https://www.threads.net/@molls/post/DTPAq42kUbi,https://instagram.fhan3-4.fna.fbcdn.net/v/t51.2885-19/357786540_180182541516148_1789727494577738255_n.jpg?stp=dst-jpg_s150x150_tt6&efg=eyJ2ZW5jb2RlX3RhZyI6InByb2ZpbGVfcGljLmRqYW5nby4xMDgwLmMyIn0&_nc_ht=instagram.fhan3-4.fna.fbcdn.net&_nc_cat=104&_nc_oc=Q6cZ2QF-ZYk9IdVy9lnspoJunxZV3xI6rtkQgjbmQtGhcs9FP1RZhdp-h4_EML-RHRYeWUo&_nc_ohc=IbB5KKDW8jAQ7kNvwHKgrDr&_nc_gid=jID80dGevAhbHinK0k2Qiw&edm=AJhczIQBAAAA&ccb=7-5&oh=00_AfqVTVNKxDJSZeJAT9lAddQ2gB9W2T0Bv-1KoAj8qkrxpQ&oe=697507DF&_nc_sid=4a2096,65,0,287,5,0,[],,https://www.threads.net/@molls/post/DTPAq42kUbi,[],"{'likes': 287, 'reposts': 3, 'quotes': 2}",threads,3805263157414414050,Molly McAleer,Nick Reiner,"Not a lawyer, obviously, but my thoughts on Alan Jackson withdrawing from Nick Reiner's case today and why. 

Attorneys, feel free to check me. 

This will be a thread.

I think whoever emailed Jackson on December 15th when he was in NY put him on retainer. They wanted Nick to have a good defense. This person could not have been Nick because he was in no state to be SENDING EMAILS when he was fucked up in the mental ward at the prison. A call, maybe. Jackson's words are intentional. ""Email.""",threads,63283710494,molls
[],2026-01-20T15:17:35.339165+07:00,"It WAS self-defense. The woman was clearly driving towards the ICE agent who shot her. If you watch the video in slow motion, you can see that the officer shooting her, while tragic, was justified.",2026-01-08T10:39:56+07:00,,3805270348607072576,threads,threads.com,threads_crawler_v1,https://www.threads.net/@eaglesman925/post/DTPCTiLDSlA,https://instagram.fhan3-4.fna.fbcdn.net/v/t51.2885-19/474585081_3830655903929298_1342614854762336016_n.jpg?stp=dst-jpg_s150x150_tt6&efg=eyJ2ZW5jb2RlX3RhZyI6InByb2ZpbGVfcGljLmRqYW5nby45NTguYzIifQ&_nc_ht=instagram.fhan3-4.fna.fbcdn.net&_nc_cat=106&_nc_oc=Q6cZ2QF-ZYk9IdVy9lnspoJunxZV3xI6rtkQgjbmQtGhcs9FP1RZhdp-h4_EML-RHRYeWUo&_nc_ohc=qXyWuOdNKPkQ7kNvwEYy6J1&_nc_gid=jID80dGevAhbHinK0k2Qiw&edm=AJhczIQBAAAA&ccb=7-5&oh=00_Afo5Uy5Jug5cu5f59MplV4K3WgvjwOQWVgDN1OhwMNnmcw&oe=69750894&_nc_sid=4a2096,75,0,13,0,0,[],,https://www.threads.net/@eaglesman925/post/DTPCTiLDSlA,[],"{'likes': 13, 'reposts': 0, 'quotes': 0}",threads,3805270348607072576,Christopher Wright,Kristi Noem,"It WAS self-defense. The woman was clearly driving towards the ICE agent who shot her. If you watch the video in slow motion, you can see that the officer shooting her, while tragic, was justified.",threads,71705791480,eaglesman925
[],2026-01-20T15:17:35.339197+07:00,"I’ve had the privilege of serving with the Danish military twice in my Air Force career. With NATO AWACS in the the late 1990s and in UAE controlling the sky’s over Iraq and Syria 8 years ago. 
The Danish military came to the defense of the USA after 9/11 attacks. 
They are the finest and bravest of allies. They are my friends. They and their nation deserve the highest respect from us. 🇩🇰 🫡",2026-01-12T10:27:31+07:00,,3808163202211935929,threads,threads.com,threads_crawler_v1,https://www.threads.net/@bponders/post/DTZUEGCjna5,https://instagram.fhan4-6.fna.fbcdn.net/v/t51.2885-19/469509232_1710449006183013_94977462518592231_n.jpg?stp=dst-jpg_s150x150_tt6&efg=eyJ2ZW5jb2RlX3RhZyI6InByb2ZpbGVfcGljLmRqYW5nby4xMDgwLmMyIn0&_nc_ht=instagram.fhan4-6.fna.fbcdn.net&_nc_cat=109&_nc_oc=Q6cZ2QF-ZYk9IdVy9lnspoJunxZV3xI6rtkQgjbmQtGhcs9FP1RZhdp-h4_EML-RHRYeWUo&_nc_ohc=MrRQIIV8GyEQ7kNvwE-20ru&_nc_gid=jID80dGevAhbHinK0k2Qiw&edm=AJhczIQBAAAA&ccb=7-5&oh=00_Afq2KodBG-DGsfwiXnWqI-83hfv7U8TEmPxZ96tVgMsjSw&oe=6974F0EE&_nc_sid=4a2096,80,0,2605,130,0,['https://instagram.fhan4-5.fna.fbcdn.net/v/t39.30808-6/615177621_10162634319044366_8842580307127593508_n.jpg?stp=dst-jpg_e35_tt6&efg=eyJ2ZW5jb2RlX3RhZyI6InRocmVhZHMuRkVFRC5pbWFnZV91cmxnZW4uOTYweDcxOC5zZHIuZjMwODA4LmRlZmF1bHRfaW1hZ2UuYzIifQ&_nc_ht=instagram.fhan4-5.fna.fbcdn.net&_nc_cat=102&_nc_oc=Q6cZ2QF-ZYk9IdVy9lnspoJunxZV3xI6rtkQgjbmQtGhcs9FP1RZhdp-h4_EML-RHRYeWUo&_nc_ohc=4-jcb9JDmhIQ7kNvwEPBbVd&_nc_gid=jID80dGevAhbHinK0k2Qiw&edm=AJhczIQAAAAA&ccb=7-5&ig_cache_key=MzgwODE2MzIwMjIxMTkzNTkyOQ%3D%3D.3-ccb7-5&oh=00_AfpTTXjOZHF7fSXCpWFoV87STxDsUEhVI3WqYjHO6lRggQ&oe=69752267&_nc_sid=4a2096'],,https://www.threads.net/@bponders/post/DTZUEGCjna5,[],"{'likes': 2605, 'reposts': 123, 'quotes': 7}",threads,3808163202211935929,Billy Ponders,,"I’ve had the privilege of serving with the Danish military twice in my Air Force career. With NATO AWACS in the the late 1990s and in UAE controlling the sky’s over Iraq and Syria 8 years ago. 
The Danish military came to the defense of the USA after 9/11 attacks. 
They are the finest and bravest of allies. They are my friends. They and their nation deserve the highest respect from us. 🇩🇰 🫡",threads,70752926043,bponders
[],2026-01-20T15:17:35.339229+07:00,This is the energy we need. The Black Panther Party For Self Defense letting them know that communities can protect themselves better than relying on a cop to show up two hours late just to shoot your dog. ACAB,2026-01-12T01:17:48+07:00,,3807886521777901930,threads,threads.com,threads_crawler_v1,https://www.threads.net/@luke.pemberton1/post/DTYVJ3TkdFq,https://instagram.fhan4-5.fna.fbcdn.net/v/t51.2885-19/573696218_17929424601109743_3114056736720910591_n.jpg?stp=dst-jpg_s150x150_tt6&efg=eyJ2ZW5jb2RlX3RhZyI6InByb2ZpbGVfcGljLmRqYW5nby4xMDgwLmMyIn0&_nc_ht=instagram.fhan4-5.fna.fbcdn.net&_nc_cat=103&_nc_oc=Q6cZ2QF-ZYk9IdVy9lnspoJunxZV3xI6rtkQgjbmQtGhcs9FP1RZhdp-h4_EML-RHRYeWUo&_nc_ohc=r6C8rlVWHL4Q7kNvwEFtzch&_nc_gid=jID80dGevAhbHinK0k2Qiw&edm=AJhczIQBAAAA&ccb=7-5&oh=00_AfobswFPPEWq39RuP9_V4Ic0wIeB_coJ0AfaH-l5TwdEvw&oe=6974F77F&_nc_sid=4a2096,30,0,318,95,0,[],,https://www.threads.net/@luke.pemberton1/post/DTYVJ3TkdFq,[],"{'likes': 318, 'reposts': 77, 'quotes': 18}",threads,3807886521777901930,Luke Pemberton,,This is the energy we need. The Black Panther Party For Self Defense letting them know that communities can protect themselves better than relying on a cop to show up two hours late just to shoot your dog. ACAB,threads,63287813742,luke.pemberton1
[],2026-01-20T15:17:35.339262+07:00,"Don’t try to reason with rabid Libs. They don’t care the ICE agent was acting in self-defense. They don’t care if the woman was going to run him over. In fact, they would’ve preferred that. Celebrated it. 

Their brains are broken. Rotten. 

All we can do is recognize their mental deficiency and pray for them. 

Meanwhile, send more ICE agents to Minnesota and National Guard to protect them while they carry out their duty.",2026-01-09T01:56:47+07:00,,3805731813910779961,threads,threads.com,threads_crawler_v1,https://www.threads.net/@tomilahren/post/DTQrOvOjhg5,https://instagram.fhan4-1.fna.fbcdn.net/v/t51.2885-19/358174314_1242020206675781_2475670038776566156_n.jpg?stp=dst-jpg_s150x150_tt6&efg=eyJ2ZW5jb2RlX3RhZyI6InByb2ZpbGVfcGljLmRqYW5nby45ODAuYzIifQ&_nc_ht=instagram.fhan4-1.fna.fbcdn.net&_nc_cat=105&_nc_oc=Q6cZ2QF-ZYk9IdVy9lnspoJunxZV3xI6rtkQgjbmQtGhcs9FP1RZhdp-h4_EML-RHRYeWUo&_nc_ohc=5tQ8APo8k4cQ7kNvwHgPYTM&_nc_gid=jID80dGevAhbHinK0k2Qiw&edm=AJhczIQBAAAA&ccb=7-5&oh=00_AfoN7LJdDgP4YagCW_RyWaNG8j4HXV34JIG2NOekFN1I_g&oe=69750F1D&_nc_sid=4a2096,1154,0,1280,66,0,[],,https://www.threads.net/@tomilahren/post/DTQrOvOjhg5,[],"{'likes': 1280, 'reposts': 59, 'quotes': 7}",threads,3805731813910779961,Tomi Lahren,,"Don’t try to reason with rabid Libs. They don’t care the ICE agent was acting in self-defense. They don’t care if the woman was going to run him over. In fact, they would’ve preferred that. Celebrated it. 

Their brains are broken. Rotten. 

All we can do is recognize their mental deficiency and pray for them. 

Meanwhile, send more ICE agents to Minnesota and National Guard to protect them while they carry out their duty.",threads,63276590587,tomilahren
[],2026-01-20T15:17:35.339294+07:00,"Sheikh Hamdan Sir ❤️ #throwback 

Sheikh Hamdan faz3 ❤, Crown Prince Of Dubai And UAE Deputy PM And Defense Minister.. May God Keep Him Always Healthy And Happy 🤲",2026-01-15T16:09:57+07:00,,3810509877106682194,threads,threads.com,threads_crawler_v1,https://www.threads.net/@rasgullareddy_/post/DThpotWD6lS,https://instagram.fhan3-3.fna.fbcdn.net/v/t51.2885-19/465594986_1148403586867583_482833960948020546_n.jpg?stp=dst-jpg_s150x150_tt6&efg=eyJ2ZW5jb2RlX3RhZyI6InByb2ZpbGVfcGljLmRqYW5nby4xMDgwLmMyIn0&_nc_ht=instagram.fhan3-3.fna.fbcdn.net&_nc_cat=1&_nc_oc=Q6cZ2QF-ZYk9IdVy9lnspoJunxZV3xI6rtkQgjbmQtGhcs9FP1RZhdp-h4_EML-RHRYeWUo&_nc_ohc=L3Ig1valIckQ7kNvwH3aec8&_nc_gid=jID80dGevAhbHinK0k2Qiw&edm=AJhczIQBAAAA&ccb=7-5&oh=00_Afq96gH9Oo1OK9tcQZQOZL8vqycDvPK-6vdjw3fV4sZhmA&oe=6974FD57&_nc_sid=4a2096,31,0,290,5,0,['https://instagram.fhan4-1.fna.fbcdn.net/v/t51.2885-15/616043374_18073272029610893_1300237739028989735_n.webp?efg=eyJ2ZW5jb2RlX3RhZyI6InRocmVhZHMuQ0FST1VTRUxfSVRFTS5pbWFnZV91cmxnZW4uMTQ0MHgxNDQwLnNkci5mODI3ODcuZGVmYXVsdF9pbWFnZS5jMiJ9&_nc_ht=instagram.fhan4-1.fna.fbcdn.net&_nc_cat=105&_nc_oc=Q6cZ2QF-ZYk9IdVy9lnspoJunxZV3xI6rtkQgjbmQtGhcs9FP1RZhdp-h4_EML-RHRYeWUo&_nc_ohc=0jNcfZYoUakQ7kNvwGZaOQm&_nc_gid=jID80dGevAhbHinK0k2Qiw&edm=AJhczIQBAAAA&ccb=7-5&ig_cache_key=MzgxMDUwOTg3MDIyODAyMDA4NA%3D%3D.3-ccb7-5&oh=00_AfrkCWjnqr_YhGke3vZBk9LZhuOrv5YLUl5i4lXcUFzarA&oe=6975040B&_nc_sid=4a2096'],,https://www.threads.net/@rasgullareddy_/post/DThpotWD6lS,[],"{'likes': 290, 'reposts': 5, 'quotes': 0}",threads,3810509877106682194,Rasgulla Reddy,,"Sheikh Hamdan Sir ❤️ #throwback 

Sheikh Hamdan faz3 ❤, Crown Prince Of Dubai And UAE Deputy PM And Defense Minister.. May God Keep Him Always Healthy And Happy 🤲",threads,63247807740,rasgullareddy_
[],2026-01-20T15:17:35.339329+07:00,"What Social Media is mad about today so you don't have to search: 

1-  Greenland ( just pointing out the Epstein files are still a thing before we get into this. Anyways Donny and crew are going back and forth over if they want to now buy Greenland [it's not for sale] or invade Greenland which NATO issued a joint statement about coming to it's defense if the US decided to invade. Fifa peace prize indeed)",2026-01-07T20:12:11+07:00,,3804833598994823198,threads,threads.com,threads_crawler_v1,https://www.threads.net/@lifes_jester/post/DTNe__Zjrge,https://instagram.fhan4-5.fna.fbcdn.net/v/t51.2885-19/358160247_159222383835266_4762183199519860465_n.jpg?stp=dst-jpg_s150x150_tt6&efg=eyJ2ZW5jb2RlX3RhZyI6InByb2ZpbGVfcGljLmRqYW5nby4xMDIzLmMyIn0&_nc_ht=instagram.fhan4-5.fna.fbcdn.net&_nc_cat=102&_nc_oc=Q6cZ2QF-ZYk9IdVy9lnspoJunxZV3xI6rtkQgjbmQtGhcs9FP1RZhdp-h4_EML-RHRYeWUo&_nc_ohc=MzTHDxh-khMQ7kNvwExV8VZ&_nc_gid=jID80dGevAhbHinK0k2Qiw&edm=AJhczIQBAAAA&ccb=7-5&oh=00_AfoH1HRGOctsLZUsl03qDds2C6Q7I2DsIKtdoJyeC97vXg&oe=697519E5&_nc_sid=4a2096,64,0,1452,34,0,[],,https://www.threads.net/@lifes_jester/post/DTNe__Zjrge,[],"{'likes': 1452, 'reposts': 33, 'quotes': 1}",threads,3804833598994823198,Rafiq Shaheen,Greenland,"What Social Media is mad about today so you don't have to search: 

1-  Greenland ( just pointing out the Epstein files are still a thing before we get into this. Anyways Donny and crew are going back and forth over if they want to now buy Greenland [it's not for sale] or invade Greenland which NATO issued a joint statement about coming to it's defense if the US decided to invade. Fifa peace prize indeed)",threads,63621872052,lifes_jester
[],2026-01-20T15:17:35.339360+07:00,"so i watched that clip of audi crooks’ defense against cincinnati. candidly, i’ve only watched her against kansas this season, but her lack of awareness on defense in those clips was a bit jarring. 

not sure if this is a coaching decision, but audi not utilizing her size defensively is going to be catastrophic for iowa state in conference play",2026-01-09T05:53:55+07:00,,3805851163141675865,threads,threads.com,threads_crawler_v1,https://www.threads.net/@sydneyrosant/post/DTRGXf3ERtZ,https://instagram.fhan4-3.fna.fbcdn.net/v/t51.2885-19/519527472_17921434542100510_5456547126563757266_n.jpg?stp=dst-jpg_s150x150_tt6&efg=eyJ2ZW5jb2RlX3RhZyI6InByb2ZpbGVfcGljLmRqYW5nby4xMDgwLmMyIn0&_nc_ht=instagram.fhan4-3.fna.fbcdn.net&_nc_cat=110&_nc_oc=Q6cZ2QF-ZYk9IdVy9lnspoJunxZV3xI6rtkQgjbmQtGhcs9FP1RZhdp-h4_EML-RHRYeWUo&_nc_ohc=ricorXWp4N4Q7kNvwGJN2io&_nc_gid=jID80dGevAhbHinK0k2Qiw&edm=AJhczIQBAAAA&ccb=7-5&oh=00_AfplU89I2moUGcWraHXijbyEA_909s04hNI_9Wma_Q-h_g&oe=69752215&_nc_sid=4a2096,10,0,6,0,0,[],,https://www.threads.net/@sydneyrosant/post/DTRGXf3ERtZ,[],"{'likes': 6, 'reposts': 0, 'quotes': 0}",threads,3805851163141675865,Sydney Rosant,,"so i watched that clip of audi crooks’ defense against cincinnati. candidly, i’ve only watched her against kansas this season, but her lack of awareness on defense in those clips was a bit jarring. 

not sure if this is a coaching decision, but audi not utilizing her size defensively is going to be catastrophic for iowa state in conference play",threads,63072188509,sydneyrosant
[],2026-01-20T15:17:35.339391+07:00,"They told us “peaceful” means unprotected. Then a woman gets killed by ICE and the badge shrugs. In Philly, Black Panthers stepped into the streets and said nah—community defense still exists. That’s what accountability looks like. Not vibes. Not hashtags. Presence. We need more Black men. More Mexican men. More people willing to stand watch for their neighbors. This is what the Rainbow Coalition was about, protecting life when the state won’t. History didn’t end. It went dormant.",2026-01-17T21:33:56+07:00,,3812122309683965529,threads,threads.com,threads_crawler_v1,https://www.threads.net/@richyoungrulerdaily/post/DTnYQsNDe5Z,https://instagram.fhan4-1.fna.fbcdn.net/v/t51.2885-19/609718221_18551131654025105_8595979197611118447_n.jpg?stp=dst-jpg_s150x150_tt6&efg=eyJ2ZW5jb2RlX3RhZyI6InByb2ZpbGVfcGljLmRqYW5nby4xMDgwLmMyIn0&_nc_ht=instagram.fhan4-1.fna.fbcdn.net&_nc_cat=105&_nc_oc=Q6cZ2QF-ZYk9IdVy9lnspoJunxZV3xI6rtkQgjbmQtGhcs9FP1RZhdp-h4_EML-RHRYeWUo&_nc_ohc=XsoqAtZZ2x8Q7kNvwEKgimO&_nc_gid=jID80dGevAhbHinK0k2Qiw&edm=AJhczIQBAAAA&ccb=7-5&oh=00_AfqlPv_0jRKbhMQcwMMi9YRC61onUtbONC0O45cUZaY4xw&oe=697508DD&_nc_sid=4a2096,1,0,61,11,0,"['https://instagram.fhan4-5.fna.fbcdn.net/v/t51.2885-15/618660419_780465784313079_1767354758060561316_n.jpg?stp=dst-jpg_e15_tt6&efg=eyJ2ZW5jb2RlX3RhZyI6InRocmVhZHMuRkVFRC5pbWFnZV91cmxnZW4uNjQweDg1NC5zZHIuZjcxODc4LmRlZmF1bHRfY292ZXJfZnJhbWUuYzIifQ&_nc_ht=instagram.fhan4-5.fna.fbcdn.net&_nc_cat=103&_nc_oc=Q6cZ2QF-ZYk9IdVy9lnspoJunxZV3xI6rtkQgjbmQtGhcs9FP1RZhdp-h4_EML-RHRYeWUo&_nc_ohc=sIgsuB3ZmEsQ7kNvwG-Ao5Y&_nc_gid=jID80dGevAhbHinK0k2Qiw&edm=AJhczIQBAAAA&ccb=7-5&ig_cache_key=MzgxMjEyMjMwOTY4Mzk2NTUyOQ%3D%3D.3-ccb7-5&oh=00_AfodMbtc1QaJToKc_-7CI9U_VN15vKbK1bX46F8scBVZgg&oe=6974F974&_nc_sid=4a2096', 'https://instagram.fhan3-4.fna.fbcdn.net/o1/v/t16/f2/m84/AQOL_4r8kN_TMl_WJr2dzBXAFxFulNNqW9ECIwJkK8tgscm2at-Ca-tfKTATbXxVftyWARsXZ0LIjBtacRJbHpwGn_0YLzX97dzqB7M.mp4?_nc_cat=106&_nc_oc=AdkqZTTpJhuLfqk1GflLGRYLSsJfPZH4qevftzkDBKKWLDPOGcljYTeWU0U45BpzZak&_nc_sid=5e9851&_nc_ht=instagram.fhan3-4.fna.fbcdn.net&_nc_ohc=g19nZSLKP7oQ7kNvwGX7Ffn&efg=eyJ2ZW5jb2RlX3RhZyI6Inhwdl9wcm9ncmVzc2l2ZS5JTlNUQUdSQU0uRkVFRC5DMy41NzYuZGFzaF9iYXNlbGluZV8xX3YxIiwieHB2X2Fzc2V0X2lkIjoxNDIxOTE3OTcyOTE2MDQ1LCJhc3NldF9hZ2VfZGF5cyI6MiwidmlfdXNlY2FzZV9pZCI6MTAxNjQsImR1cmF0aW9uX3MiOjc1LCJ1cmxnZW5fc291cmNlIjoid3d3In0%3D&ccb=17-1&_nc_gid=jID80dGevAhbHinK0k2Qiw&_nc_zt=28&vs=df4308f119363b84&_nc_vs=HBksFQIYTGlnX2JhY2tmaWxsX3RpbWVsaW5lX3ZvZC83NzQzRUE4OTgxNjdEQTdCREY0NzZCM0ZBMEYxNDE5Q192aWRlb19kYXNoaW5pdC5tcDQVAALIARIAFQIYUWlnX3hwdl9wbGFjZW1lbnRfcGVybWFuZW50X3YyLzNCNDlEQkU5QjMzQzk1Qjk0QTFDQkNFN0Q0OTZGNTlFX2F1ZGlvX2Rhc2hpbml0Lm1wNBUCAsgBEgAoABgAGwKIB3VzZV9vaWwBMRJwcm9ncmVzc2l2ZV9yZWNpcGUBMRUAACaanee6ws6GBRUCKAJDMywXQFL7tkWhysEYEmRhc2hfYmFzZWxpbmVfMV92MREAdeoHZeieAQA&oh=00_Afqt233ad1XHPkVXRPzE2_VT0NbIufwqbkT4OngQKCOkiw&oe=69711A66']",,https://www.threads.net/@richyoungrulerdaily/post/DTnYQsNDe5Z,[],"{'likes': 61, 'reposts': 10, 'quotes': 1}",threads,3812122309683965529,Chris Turner,Black Panthers,"They told us “peaceful” means unprotected. Then a woman gets killed by ICE and the badge shrugs. In Philly, Black Panthers stepped into the streets and said nah—community defense still exists. That’s what accountability looks like. Not vibes. Not hashtags. Presence. We need more Black men. More Mexican men. More people willing to stand watch for their neighbors. This is what the Rainbow Coalition was about, protecting life when the state won’t. History didn’t end. It went dormant.",threads,69881231847,richyoungrulerdaily
[],2026-01-20T15:17:35.339421+07:00,This Rams defense 🤌🏽,2026-01-19T09:21:46+07:00,,3813203538407926595,threads,threads.com,threads_crawler_v1,https://www.threads.net/@alex_curry/post/DTrOGo7EStD,https://instagram.fhan4-1.fna.fbcdn.net/v/t51.2885-19/489377502_704514062233829_584514414439483239_n.jpg?stp=dst-jpg_s150x150_tt6&efg=eyJ2ZW5jb2RlX3RhZyI6InByb2ZpbGVfcGljLmRqYW5nby4xMDgwLmMyIn0&_nc_ht=instagram.fhan4-1.fna.fbcdn.net&_nc_cat=105&_nc_oc=Q6cZ2QF-ZYk9IdVy9lnspoJunxZV3xI6rtkQgjbmQtGhcs9FP1RZhdp-h4_EML-RHRYeWUo&_nc_ohc=EqbcifKI_sgQ7kNvwH1rEar&_nc_gid=jID80dGevAhbHinK0k2Qiw&edm=AJhczIQBAAAA&ccb=7-5&oh=00_Afp8SCjbhhuFAOuZJj28Ydk5Q0__GFw1CNx3V24_5PjY0g&oe=69751CB0&_nc_sid=4a2096,3,0,87,0,0,[],,https://www.threads.net/@alex_curry/post/DTrOGo7EStD,[],"{'likes': 87, 'reposts': 0, 'quotes': 0}",threads,3813203538407926595,Alex Curry,,This Rams defense 🤌🏽,threads,63437508684,alex_curry
[],2026-01-20T15:17:35.339453+07:00,"🚨 “She chose her own death” - Pastor Mark Burns responds to ICE shooting outrage

Appearing on LindellTV, Pastor Mark Burns delivered a bold response to the protests following the death of Renee Good, who was fatally shot by an ICE agent acting in self-defense.

“She had a weapon - it was a vehicle. She chose to press the gas with a federal agent in front of her. That was no accident,” Burns said.",2026-01-13T23:23:54+07:00,,3809278169874990678,threads,threads.com,threads_crawler_v1,https://www.threads.net/@reallindelltv/post/DTdRlAmDIZW,https://instagram.fhan4-5.fna.fbcdn.net/v/t51.2885-19/486102615_631057166463734_4174367145555828416_n.jpg?stp=dst-jpg_s150x150_tt6&efg=eyJ2ZW5jb2RlX3RhZyI6InByb2ZpbGVfcGljLmRqYW5nby4xMDgwLmMyIn0&_nc_ht=instagram.fhan4-5.fna.fbcdn.net&_nc_cat=102&_nc_oc=Q6cZ2QF-ZYk9IdVy9lnspoJunxZV3xI6rtkQgjbmQtGhcs9FP1RZhdp-h4_EML-RHRYeWUo&_nc_ohc=cdc5CGPgZU4Q7kNvwGHOvr9&_nc_gid=jID80dGevAhbHinK0k2Qiw&edm=AJhczIQBAAAA&ccb=7-5&oh=00_AfoaHia3i0IMYbv4OsmkDLM6EGqBot3A4QIp38Z0TIGaBg&oe=6974F6FC&_nc_sid=4a2096,4,0,44,6,0,"['https://instagram.fhan4-6.fna.fbcdn.net/v/t51.2885-15/611246990_1566473794392549_7000304855339121952_n.jpg?stp=dst-jpg_e15_tt6&efg=eyJ2ZW5jb2RlX3RhZyI6InRocmVhZHMuRkVFRC5pbWFnZV91cmxnZW4uNjQweDM2MC5zZHIuZjcxODc4LmRlZmF1bHRfY292ZXJfZnJhbWUuYzIifQ&_nc_ht=instagram.fhan4-6.fna.fbcdn.net&_nc_cat=109&_nc_oc=Q6cZ2QF-ZYk9IdVy9lnspoJunxZV3xI6rtkQgjbmQtGhcs9FP1RZhdp-h4_EML-RHRYeWUo&_nc_ohc=nPd8ch9iZyAQ7kNvwF-2xZC&_nc_gid=jID80dGevAhbHinK0k2Qiw&edm=AJhczIQBAAAA&ccb=7-5&ig_cache_key=MzgwOTI3ODE2OTg3NDk5MDY3OA%3D%3D.3-ccb7-5&oh=00_AfpgmCoYOcJoic843Af_Iz25zjZDR8yPtY6v_VaYaw4wWA&oe=697501A4&_nc_sid=4a2096', 'https://instagram.fhan4-5.fna.fbcdn.net/o1/v/t16/f2/m84/AQM9YJ-mbaFNK9QATY7AtMzpxuBlb0usbxGylzJvqYK1pxl7CiuECguvZrm7dNI9rgQxi0I0WtQx2B04PIEtm-_NBQy1QjYUdb_ycjE.mp4?_nc_cat=103&_nc_oc=Adlfy_UtsxJwKopIAbYVfhnQdIuBWIiJ-g_JcR0FissbYrggyhohoBS5rXLHC9A89rc&_nc_sid=5e9851&_nc_ht=instagram.fhan4-5.fna.fbcdn.net&_nc_ohc=c7_eWpoaz5kQ7kNvwGfX-T-&efg=eyJ2ZW5jb2RlX3RhZyI6Inhwdl9wcm9ncmVzc2l2ZS5JTlNUQUdSQU0uRkVFRC5DMy4xMjgwLmRhc2hfYmFzZWxpbmVfMV92MSIsInhwdl9hc3NldF9pZCI6ODI0MDAyMjg3MzMzMjY0LCJhc3NldF9hZ2VfZGF5cyI6NiwidmlfdXNlY2FzZV9pZCI6MTAxNjQsImR1cmF0aW9uX3MiOjIwMSwidXJsZ2VuX3NvdXJjZSI6Ind3dyJ9&ccb=17-1&_nc_gid=jID80dGevAhbHinK0k2Qiw&_nc_zt=28&vs=51a5cbb68297609c&_nc_vs=HBksFQIYTGlnX2JhY2tmaWxsX3RpbWVsaW5lX3ZvZC82QTQ2MDJEMzQzMDZEMzNGQjMyNzVDNDI4MUZENkVCQ192aWRlb19kYXNoaW5pdC5tcDQVAALIARIAFQIYOnBhc3N0aHJvdWdoX2V2ZXJzdG9yZS9HR1BmYmlUdmxBTGhQelVIQUpwV3JRTmktWG83YnNwVEFRQUYVAgLIARIAKAAYABsCiAd1c2Vfb2lsATEScHJvZ3Jlc3NpdmVfcmVjaXBlATEVAAAmoL6Lup_b9gIVAigCQzMsF0BpIQ5WBBiTGBJkYXNoX2Jhc2VsaW5lXzFfdjERAHXqB2XongEA&oh=00_Afpcq0dHR5IVJkAdj7AMzsUNPT9InCraEmvdbKCaOS_UXA&oe=69710781']",,https://www.threads.net/@reallindelltv/post/DTdRlAmDIZW,[],"{'likes': 44, 'reposts': 4, 'quotes': 2}",threads,3809278169874990678,LindellTV,,"🚨 “She chose her own death” - Pastor Mark Burns responds to ICE shooting outrage

Appearing on LindellTV, Pastor Mark Burns delivered a bold response to the protests following the death of Renee Good, who was fatally shot by an ICE agent acting in self-defense.

“She had a weapon - it was a vehicle. She chose to press the gas with a federal agent in front of her. That was no accident,” Burns said.",threads,63092644866,reallindelltv
[],2026-01-20T15:17:35.339484+07:00,Freaking A!!! This game is killing me!! Let's leave defense on the field!!! SHIT!🏉🏈♥️🤍💙👏👏,2026-01-19T04:11:51+07:00,,3813047550378869387,threads,threads.com,threads_crawler_v1,https://www.threads.net/@georgia_cubanpeach/post/DTqqotwAYKL,https://instagram.fhan4-6.fna.fbcdn.net/v/t51.2885-19/618717570_17848015338667136_9219137305570835126_n.jpg?stp=dst-jpg_s150x150_tt6&efg=eyJ2ZW5jb2RlX3RhZyI6InByb2ZpbGVfcGljLmRqYW5nby4xMDgwLmMyIn0&_nc_ht=instagram.fhan4-6.fna.fbcdn.net&_nc_cat=108&_nc_oc=Q6cZ2QF-ZYk9IdVy9lnspoJunxZV3xI6rtkQgjbmQtGhcs9FP1RZhdp-h4_EML-RHRYeWUo&_nc_ohc=Y6XdqmCXcekQ7kNvwFEBXz4&_nc_gid=jID80dGevAhbHinK0k2Qiw&edm=AJhczIQBAAAA&ccb=7-5&oh=00_AfozfM__snwBtJTZBlZHdT7gx7bs6wWwfGcDliH_LznZJA&oe=697524EE&_nc_sid=4a2096,0,0,5,0,0,[],,https://www.threads.net/@georgia_cubanpeach/post/DTqqotwAYKL,[],"{'likes': 5, 'reposts': 0, 'quotes': 0}",threads,3813047550378869387,Zu Zu,Patriots NFL,Freaking A!!! This game is killing me!! Let's leave defense on the field!!! SHIT!🏉🏈♥️🤍💙👏👏,threads,79958795135,georgia_cubanpeach
[],2026-01-20T15:17:35.339517+07:00,"Someone got mad about my post about Bec & Rachel, saying we’re mad at them because of Angel! Girl what Angel got to do with their lack of defense & speed? 😂🤣",2026-01-12T02:29:22+07:00,,3807922541168977959,threads,threads.com,threads_crawler_v1,https://www.threads.net/@jay_bug12/post/DTYdWA-lGgn,https://instagram.fhan3-4.fna.fbcdn.net/v/t51.2885-19/469642671_934545748148032_4528191699893766724_n.jpg?stp=dst-jpg_s150x150_tt6&efg=eyJ2ZW5jb2RlX3RhZyI6InByb2ZpbGVfcGljLmRqYW5nby4xMDgwLmMyIn0&_nc_ht=instagram.fhan3-4.fna.fbcdn.net&_nc_cat=104&_nc_oc=Q6cZ2QF-ZYk9IdVy9lnspoJunxZV3xI6rtkQgjbmQtGhcs9FP1RZhdp-h4_EML-RHRYeWUo&_nc_ohc=ZoZXMl_f61IQ7kNvwEw6gVM&_nc_gid=jID80dGevAhbHinK0k2Qiw&edm=AJhczIQBAAAA&ccb=7-5&oh=00_AfrVaRcE-bghTldZdWXFEiSEFG7C5TBRWlW7p3Imig63oQ&oe=6975061B&_nc_sid=4a2096,2,0,22,0,0,[],,https://www.threads.net/@jay_bug12/post/DTYdWA-lGgn,[],"{'likes': 22, 'reposts': 0, 'quotes': 0}",threads,3807922541168977959,Jay,UnrivaledBasketball,"Someone got mad about my post about Bec & Rachel, saying we’re mad at them because of Angel! Girl what Angel got to do with their lack of defense & speed? 😂🤣",threads,70966712516,jay_bug12
[],2026-01-20T15:17:35.339549+07:00,"Trump banned defense stock buybacks and dividends this morning.

Two hours later, he proposed raising the military budget to $1.5 trillion.

Lockheed fell 7% on the ban.

Rose 7% after hours on the budget news.
The stock finished positive.

Capital allocation just became a policy lever.",2026-01-08T07:43:19+07:00,,3805181455080986778,threads,threads.com,threads_crawler_v1,https://www.threads.net/@prosperiax/post/DTOuF9oAZia,https://instagram.fhan4-6.fna.fbcdn.net/v/t51.2885-19/591172878_17859822753560265_8705524254872905808_n.jpg?stp=dst-jpg_s150x150_tt6&efg=eyJ2ZW5jb2RlX3RhZyI6InByb2ZpbGVfcGljLmRqYW5nby4xMDgwLmMyIn0&_nc_ht=instagram.fhan4-6.fna.fbcdn.net&_nc_cat=109&_nc_oc=Q6cZ2QF-ZYk9IdVy9lnspoJunxZV3xI6rtkQgjbmQtGhcs9FP1RZhdp-h4_EML-RHRYeWUo&_nc_ohc=6BE4YW40SrsQ7kNvwHToUb9&_nc_gid=jID80dGevAhbHinK0k2Qiw&edm=AJhczIQBAAAA&ccb=7-5&oh=00_AfoHPrKp-6xV9NWVvI9a3om8tNnN3kj5j64qImtdfZwBUw&oe=69751E66&_nc_sid=4a2096,178,0,597,42,0,['https://instagram.fhan4-6.fna.fbcdn.net/v/t51.2885-15/611281648_17862903099560265_5206566288714068982_n.jpg?stp=dst-jpg_e35_tt6&efg=eyJ2ZW5jb2RlX3RhZyI6InRocmVhZHMuRkVFRC5pbWFnZV91cmxnZW4uMjM2OHg4MTQuc2RyLmY4Mjc4Ny5kZWZhdWx0X2ltYWdlLmMyIn0&_nc_ht=instagram.fhan4-6.fna.fbcdn.net&_nc_cat=109&_nc_oc=Q6cZ2QF-ZYk9IdVy9lnspoJunxZV3xI6rtkQgjbmQtGhcs9FP1RZhdp-h4_EML-RHRYeWUo&_nc_ohc=DGcQmvGI8kkQ7kNvwEtNA-Z&_nc_gid=jID80dGevAhbHinK0k2Qiw&edm=AJhczIQBAAAA&ccb=7-5&ig_cache_key=MzgwNTE4MTQ1NTA4MDk4Njc3OA%3D%3D.3-ccb7-5&oh=00_AfrJQMxvt1TViNxPbKVQPdG_jfBAnCy3Bb5EYVEvNfg9pA&oe=697503A8&_nc_sid=4a2096'],,https://www.threads.net/@prosperiax/post/DTOuF9oAZia,[],"{'likes': 597, 'reposts': 38, 'quotes': 4}",threads,3805181455080986778,Prosperiax Finance,,"Trump banned defense stock buybacks and dividends this morning.

Two hours later, he proposed raising the military budget to $1.5 trillion.

Lockheed fell 7% on the ban.

Rose 7% after hours on the budget news.
The stock finished positive.

Capital allocation just became a policy lever.",threads,76938280264,prosperiax
[],2026-01-20T15:17:35.339580+07:00,"If you’re in the streets, you need to know what you’re looking at. When armored units move against crowds, they don’t move randomly. They use formations, specific shapes to control, divide, and detain. Knowing these shapes isn’t about instigating violence. It’s about awareness, safety, and collective defense. Remember, if you want to walk softly you'll have to carry a big stick and knowledge is power.

Here’s what to watch for:",2026-01-14T06:49:44+07:00,,3809503141369299605,threads,threads.com,threads_crawler_v1,https://www.threads.net/@rooey.wav/post/DTeEuxoDUKV,https://instagram.fhan3-3.fna.fbcdn.net/v/t51.2885-19/502956718_17909130606119820_3521513904668042985_n.jpg?stp=dst-jpg_s150x150_tt6&efg=eyJ2ZW5jb2RlX3RhZyI6InByb2ZpbGVfcGljLmRqYW5nby4xMDI0LmMyIn0&_nc_ht=instagram.fhan3-3.fna.fbcdn.net&_nc_cat=1&_nc_oc=Q6cZ2QF-ZYk9IdVy9lnspoJunxZV3xI6rtkQgjbmQtGhcs9FP1RZhdp-h4_EML-RHRYeWUo&_nc_ohc=VXqnQ28bhUwQ7kNvwEuvWnW&_nc_gid=jID80dGevAhbHinK0k2Qiw&edm=AJhczIQBAAAA&ccb=7-5&oh=00_AfosduyZQ8t1R3ZwAUYwnaec9robvNiol51HjEIb5iAjvw&oe=697522A3&_nc_sid=4a2096,103,0,2130,802,0,[],,https://www.threads.net/@rooey.wav/post/DTeEuxoDUKV,[],"{'likes': 2130, 'reposts': 739, 'quotes': 63}",threads,3809503141369299605,Rooey,,"If you’re in the streets, you need to know what you’re looking at. When armored units move against crowds, they don’t move randomly. They use formations, specific shapes to control, divide, and detain. Knowing these shapes isn’t about instigating violence. It’s about awareness, safety, and collective defense. Remember, if you want to walk softly you'll have to carry a big stick and knowledge is power.

Here’s what to watch for:",threads,63420495819,rooey.wav
[],2026-01-20T15:17:35.339612+07:00,Texans #1 Defense in the Playoffs...,2026-01-13T11:25:53+07:00,,3808917353682259937,threads,threads.com,threads_crawler_v1,https://www.threads.net/@alhealingsuperpatch/post/DTb_icVDU_h,https://instagram.fhan3-3.fna.fbcdn.net/v/t51.2885-19/453269828_1015708786575347_1602380927863516586_n.jpg?stp=dst-jpg_s150x150_tt6&efg=eyJ2ZW5jb2RlX3RhZyI6InByb2ZpbGVfcGljLmRqYW5nby4xMDc5LmMyIn0&_nc_ht=instagram.fhan3-3.fna.fbcdn.net&_nc_cat=111&_nc_oc=Q6cZ2QF-ZYk9IdVy9lnspoJunxZV3xI6rtkQgjbmQtGhcs9FP1RZhdp-h4_EML-RHRYeWUo&_nc_ohc=0W8dXQcviAEQ7kNvwGtOzV4&_nc_gid=jID80dGevAhbHinK0k2Qiw&edm=AJhczIQBAAAA&ccb=7-5&oh=00_AfqmbJBNhZ8-O4Q0EZQ0bNgmXoTPq6IsQX2n_fZBfw8IYw&oe=6974FFA2&_nc_sid=4a2096,66,0,231,3,0,['https://instagram.fhan3-3.fna.fbcdn.net/v/t39.30808-6/615190279_4091693674493353_2421147183228920885_n.jpg?stp=dst-jpg_e35_tt6&efg=eyJ2ZW5jb2RlX3RhZyI6InRocmVhZHMuRkVFRC5pbWFnZV91cmxnZW4uMTEyNXgxMzc1LnNkci5mMzA4MDguZGVmYXVsdF9pbWFnZS5jMiJ9&_nc_ht=instagram.fhan3-3.fna.fbcdn.net&_nc_cat=101&_nc_oc=Q6cZ2QF-ZYk9IdVy9lnspoJunxZV3xI6rtkQgjbmQtGhcs9FP1RZhdp-h4_EML-RHRYeWUo&_nc_ohc=9Wfl5HZ_5zAQ7kNvwEwLviU&_nc_gid=jID80dGevAhbHinK0k2Qiw&edm=AJhczIQAAAAA&ccb=7-5&ig_cache_key=MzgwODkxNzM1MzY4MjI1OTkzNw%3D%3D.3-ccb7-5&oh=00_AfoYDzeLcsUzCVjpiGC8ODxTCjphFvNn6-SWZ3IK2d1U8Q&oe=69750AC0&_nc_sid=4a2096'],,https://www.threads.net/@alhealingsuperpatch/post/DTb_icVDU_h,[],"{'likes': 231, 'reposts': 3, 'quotes': 0}",threads,3808917353682259937,Meshell Henley,,Texans #1 Defense in the Playoffs...,threads,68073242940,alhealingsuperpatch
[],2026-01-20T15:17:35.339655+07:00,"My team is hiring 2 security analysts. Salary can go up to 5 figures depending on your experience based in KL (hybrid mode - can wfh)

Requirements:
- min 2 years of experience in SOC
- working knowledge in cybersecurity especially in defense
- ability to speak French is an added value but not a must",2026-01-02T13:54:12+07:00,,3801019474804661530,threads,threads.com,threads_crawler_v1,https://www.threads.net/@kimiwarrior91/post/DS_7xLcEt0a,https://instagram.fhan4-6.fna.fbcdn.net/v/t51.2885-19/357895946_1078961292987021_1328909509976699526_n.jpg?stp=dst-jpg_s150x150_tt6&efg=eyJ2ZW5jb2RlX3RhZyI6InByb2ZpbGVfcGljLmRqYW5nby4xMDA4LmMyIn0&_nc_ht=instagram.fhan4-6.fna.fbcdn.net&_nc_cat=109&_nc_oc=Q6cZ2QF-ZYk9IdVy9lnspoJunxZV3xI6rtkQgjbmQtGhcs9FP1RZhdp-h4_EML-RHRYeWUo&_nc_ohc=l3Au4y-Y0fEQ7kNvwGJ1jJq&_nc_gid=jID80dGevAhbHinK0k2Qiw&edm=AJhczIQBAAAA&ccb=7-5&oh=00_AfrF4gp3GR0k-NI4XKYlvznzheUKenpHtemPWa_eOlRtvw&oe=69751B6E&_nc_sid=4a2096,26,0,71,11,0,[],,https://www.threads.net/@kimiwarrior91/post/DS_7xLcEt0a,[],"{'likes': 71, 'reposts': 11, 'quotes': 0}",threads,3801019474804661530,Kimi Arimi,,"My team is hiring 2 security analysts. Salary can go up to 5 figures depending on your experience based in KL (hybrid mode - can wfh)

Requirements:
- min 2 years of experience in SOC
- working knowledge in cybersecurity especially in defense
- ability to speak French is an added value but not a must",threads,63078993777,kimiwarrior91
[],2026-01-20T15:18:10.939544+07:00,"Since I apparently did something to warrant an increase in followers that put me at 5k, I want to give reminders to encourage folks who don't belong here to leave: I'm not liberal, I dislike all genocidal monsters, I frequently speak out against Black liberal leaders who do genocide, falsely claiming ""anti-Blackness"" or ""misogynoir"" in defense of Black liberals doing genocide will not phase me, Obama is a war criminal, abolition isn't utopia... and simply: bell hooks",2026-01-19T07:48:57+07:00,,3813156822887256410,threads,threads.com,threads_crawler_v1,https://www.threads.net/@abolitionistdoc/post/DTrDe1tDVFa,https://instagram.fhan4-1.fna.fbcdn.net/v/t51.2885-19/589127248_17929499856119981_137100776811911411_n.jpg?stp=dst-jpg_s150x150_tt6&efg=eyJ2ZW5jb2RlX3RhZyI6InByb2ZpbGVfcGljLmRqYW5nby4xMDgwLmMyIn0&_nc_ht=instagram.fhan4-1.fna.fbcdn.net&_nc_cat=105&_nc_oc=Q6cZ2QGsA8UwgcQOpQgOBb69CZ4euRtMmk53OoleYmMB0NWWcUVxxQVdrVGmlt1U3KdHljw&_nc_ohc=mjGJTLciIqAQ7kNvwEsFMJx&_nc_gid=LglsGdktDq73kuhOBWfoZA&edm=AJhczIQBAAAA&ccb=7-5&oh=00_Afotf4Slrtbc_fiJjOmx0l5PAf1aWQjBHCI5gQI-sVfOxg&oe=69750F04&_nc_sid=4a2096,7,0,302,17,0,[],,https://www.threads.net/@abolitionistdoc/post/DTrDe1tDVFa,[],"{'likes': 302, 'reposts': 17, 'quotes': 0}",threads,3813156822887256410,Darius,,"Since I apparently did something to warrant an increase in followers that put me at 5k, I want to give reminders to encourage folks who don't belong here to leave: I'm not liberal, I dislike all genocidal monsters, I frequently speak out against Black liberal leaders who do genocide, falsely claiming ""anti-Blackness"" or ""misogynoir"" in defense of Black liberals doing genocide will not phase me, Obama is a war criminal, abolition isn't utopia... and simply: bell hooks",threads,63382895980,abolitionistdoc
[],2026-01-20T15:18:10.939689+07:00,"💕💚HAPPY FOUNDER’s DAY SORORS💕💚
.
So in my defense __taylorrmade was our designated figure 8 officianado !!! I did my best without causing a brain aneurysm 🥴😭😭 
.
#aka #foundersday #1908 #funny #figure8 
.
I could only tag 20 people but this goes out to all of ENKORE ( my line sisters), my Pros, Neos, my family members that are SORORS and every Soror that crossed and wears the pearls with pride !! Happy Founder’s Day 💕💚💕💚💕💚",2026-01-16T01:06:51+07:00,,3810780069010531039,threads,threads.com,threads_crawler_v1,https://www.threads.net/@2entailed/post/DTinEhKguLf,https://instagram.fhan3-3.fna.fbcdn.net/v/t51.2885-19/338571929_765963525052961_28784583575002913_n.jpg?stp=dst-jpg_s150x150_tt6&efg=eyJ2ZW5jb2RlX3RhZyI6InByb2ZpbGVfcGljLmRqYW5nby4xMDgwLmMyIn0&_nc_ht=instagram.fhan3-3.fna.fbcdn.net&_nc_cat=1&_nc_oc=Q6cZ2QGsA8UwgcQOpQgOBb69CZ4euRtMmk53OoleYmMB0NWWcUVxxQVdrVGmlt1U3KdHljw&_nc_ohc=1N683yTsvrkQ7kNvwGsV8Lk&_nc_gid=LglsGdktDq73kuhOBWfoZA&edm=AJhczIQBAAAA&ccb=7-5&oh=00_AfoNbyUQDZi_WP5tvEvtiKoEXGBlN3FjbMz7cn-zeuA43A&oe=69751C2C&_nc_sid=4a2096,16,0,247,3,0,"['https://instagram.fhan4-5.fna.fbcdn.net/v/t51.2885-15/615395670_1247414017233915_6630713353878564797_n.jpg?stp=dst-jpg_e15_tt6&efg=eyJ2ZW5jb2RlX3RhZyI6InRocmVhZHMuRkVFRC5pbWFnZV91cmxnZW4uNjQweDExMzYuc2RyLmY3MTg3OC5kZWZhdWx0X2NvdmVyX2ZyYW1lLmMyIn0&_nc_ht=instagram.fhan4-5.fna.fbcdn.net&_nc_cat=103&_nc_oc=Q6cZ2QGsA8UwgcQOpQgOBb69CZ4euRtMmk53OoleYmMB0NWWcUVxxQVdrVGmlt1U3KdHljw&_nc_ohc=TG39WPf4KKwQ7kNvwGGZ9gx&_nc_gid=LglsGdktDq73kuhOBWfoZA&edm=AJhczIQBAAAA&ccb=7-5&ig_cache_key=MzgxMDc4MDA2OTAxMDUzMTAzOQ%3D%3D.3-ccb7-5&oh=00_AfrdUzshL50QkYzHotVJ-Ld0JIdCtj1AY3RaDF-MkWlkag&oe=6974F2F0&_nc_sid=4a2096', 'https://instagram.fhan3-3.fna.fbcdn.net/o1/v/t2/f2/m86/AQMX9O81ymvlBMFbinjtGZ0gcs9Cz1ziCnIWIYUWjtYQ2tNSm68hwZwuPyBzLD-PX15qjgTPinRTtULjQ27OGycH230KYLoAFaqpV_A.mp4?_nc_cat=111&_nc_oc=AdlDgCMDu0PIhE1u16iAj_GbE-z2OiNe-pOheNQp7M28jF-tSyl5-0qJe_zx0vbhaaY&_nc_sid=5e9851&_nc_ht=instagram.fhan3-3.fna.fbcdn.net&_nc_ohc=uyc1Jyb3I88Q7kNvwFSdGzC&efg=eyJ2ZW5jb2RlX3RhZyI6Inhwdl9wcm9ncmVzc2l2ZS5JTlNUQUdSQU0uRkVFRC5DMy43MjAuZGFzaF9iYXNlbGluZV8xX3YxIiwieHB2X2Fzc2V0X2lkIjo4NzEwMzIzNjU4Mjg2MTcsImFzc2V0X2FnZV9kYXlzIjo0LCJ2aV91c2VjYXNlX2lkIjoxMDgyNywiZHVyYXRpb25fcyI6MjMsInVybGdlbl9zb3VyY2UiOiJ3d3cifQ%3D%3D&ccb=17-1&_nc_gid=LglsGdktDq73kuhOBWfoZA&_nc_zt=28&vs=1bf81e797d121fe1&_nc_vs=HBksFQIYUmlnX3hwdl9yZWVsc19wZXJtYW5lbnRfc3JfcHJvZC9EQTQ0RjVDMTgwMEM4RjUxOUE3MURGMzRCRUE2RTlCNF92aWRlb19kYXNoaW5pdC5tcDQVAALIARIAFQIYOnBhc3N0aHJvdWdoX2V2ZXJzdG9yZS9HQzM5dVNTWWpoYWxKdWtMQUl5QWxqUldXcU51YnN0VEFRQUYVAgLIARIAKAAYABsCiAd1c2Vfb2lsATEScHJvZ3Jlc3NpdmVfcmVjaXBlATEVAAAmkqiG7OCMjAMVAigCQzMsF0A3iHKwIMScGBJkYXNoX2Jhc2VsaW5lXzFfdjERAHXqB2WWqQEA&oh=00_AfpNCS7smNxfnFeuxZGSC8N5p2-mpnHgo4kSRc7-b8_V3g&oe=69712E7C']",,https://www.threads.net/@2entailed/post/DTinEhKguLf,[],"{'likes': 247, 'reposts': 2, 'quotes': 1}",threads,3810780069010531039,Social Media Girl | 2entailed LLC | DMH,,"💕💚HAPPY FOUNDER’s DAY SORORS💕💚
.
So in my defense __taylorrmade was our designated figure 8 officianado !!! I did my best without causing a brain aneurysm 🥴😭😭 
.
#aka #foundersday #1908 #funny #figure8 
.
I could only tag 20 people but this goes out to all of ENKORE ( my line sisters), my Pros, Neos, my family members that are SORORS and every Soror that crossed and wears the pearls with pride !! Happy Founder’s Day 💕💚💕💚💕💚",threads,63209462951,2entailed
[],2026-01-20T15:18:10.939731+07:00,"passed my masters defense on christian nationalism in the us military chaplaincy today 🎉 

#america #military #project2025",2025-12-05T06:04:35+07:00,,3780489376242180015,threads,threads.com,threads_crawler_v1,https://www.threads.net/@followtheleighder/post/DR2_w7MDZ-v,https://instagram.fhan3-3.fna.fbcdn.net/v/t51.2885-19/459588296_2082360605495687_4970593453594264154_n.jpg?stp=dst-jpg_s150x150_tt6&efg=eyJ2ZW5jb2RlX3RhZyI6InByb2ZpbGVfcGljLmRqYW5nby4xMDgwLmMyIn0&_nc_ht=instagram.fhan3-3.fna.fbcdn.net&_nc_cat=111&_nc_oc=Q6cZ2QGsA8UwgcQOpQgOBb69CZ4euRtMmk53OoleYmMB0NWWcUVxxQVdrVGmlt1U3KdHljw&_nc_ohc=hILXv5jjgtYQ7kNvwGxCr6A&_nc_gid=LglsGdktDq73kuhOBWfoZA&edm=AJhczIQBAAAA&ccb=7-5&oh=00_Afrj1Tl5VSMBKqQe057t9jQ95Ncj11mZlEGCt-7Ok14opw&oe=69751FA3&_nc_sid=4a2096,271,0,3722,271,0,"['https://instagram.fhan4-6.fna.fbcdn.net/v/t51.2885-15/591156817_1484165556597080_845523274915756095_n.jpg?stp=dst-jpg_e15_tt6&efg=eyJ2ZW5jb2RlX3RhZyI6InRocmVhZHMuRkVFRC5pbWFnZV91cmxnZW4uNjQweDExMzYuc2RyLmY3MTg3OC5kZWZhdWx0X2NvdmVyX2ZyYW1lLmMyIn0&_nc_ht=instagram.fhan4-6.fna.fbcdn.net&_nc_cat=108&_nc_oc=Q6cZ2QGsA8UwgcQOpQgOBb69CZ4euRtMmk53OoleYmMB0NWWcUVxxQVdrVGmlt1U3KdHljw&_nc_ohc=ICsT8u03A6IQ7kNvwFIiebH&_nc_gid=LglsGdktDq73kuhOBWfoZA&edm=AJhczIQBAAAA&ccb=7-5&ig_cache_key=Mzc4MDQ4OTM3NjI0MjE4MDAxNQ%3D%3D.3-ccb7-5&oh=00_AfrAUG9ME5Wc8tqQEm0HkJwU571i4ZhJSYMxVKUvcJlo3A&oe=69750A15&_nc_sid=4a2096', 'https://instagram.fhan4-6.fna.fbcdn.net/o1/v/t2/f2/m86/AQO56KX8VCHuqMms6zQA3MeVI5oSE1JOVXUxZM3S_0TELe_XOSFm--MzGmZiwh9X--3gtm-ucNOvSRDJKDcAaX6qGT4aioR8IMce7WQ.mp4?_nc_cat=108&_nc_oc=Adm3c8PiGCFurfF1quWzXcan0NiXtBchywG3IybpgmjwVljOrkD7e9fnUb-E1uT-rNg&_nc_sid=5e9851&_nc_ht=instagram.fhan4-6.fna.fbcdn.net&_nc_ohc=sRdu6tKl4ZsQ7kNvwG-mj1Z&efg=eyJ2ZW5jb2RlX3RhZyI6Inhwdl9wcm9ncmVzc2l2ZS5JTlNUQUdSQU0uRkVFRC5DMy43MjAuZGFzaF9iYXNlbGluZV8xX3YxIiwieHB2X2Fzc2V0X2lkIjoxMTc0NDU4OTM3NTk5ODAwLCJhc3NldF9hZ2VfZGF5cyI6NDYsInZpX3VzZWNhc2VfaWQiOjEwMDk5LCJkdXJhdGlvbl9zIjoxNzIsInVybGdlbl9zb3VyY2UiOiJ3d3cifQ%3D%3D&ccb=17-1&_nc_gid=LglsGdktDq73kuhOBWfoZA&_nc_zt=28&vs=20183d7cc91a2f23&_nc_vs=HBksFQIYUmlnX3hwdl9yZWVsc19wZXJtYW5lbnRfc3JfcHJvZC8zNDQ3Q0VCNzA1NzIzMDZBNzMyMkQ4MzhGNjlDNzE5NV92aWRlb19kYXNoaW5pdC5tcDQVAALIARIAFQIYOnBhc3N0aHJvdWdoX2V2ZXJzdG9yZS9HRW15YlNOQ0VGMGZwNE1DQUJ3eU9LS3VkZ0ItYnN0VEFRQUYVAgLIARIAKAAYABsCiAd1c2Vfb2lsATEScHJvZ3Jlc3NpdmVfcmVjaXBlATEVAAAm8Jy7_MCKlgQVAigCQzMsF0BlgQ5WBBiTGBJkYXNoX2Jhc2VsaW5lXzFfdjERAHXqB2XmnQEA&oh=00_AfqyUs2J3vbdL9voDUaxCO2Lh1YDzRrzsqU7M0QMPKf3kw&oe=69712455']",,https://www.threads.net/@followtheleighder/post/DR2_w7MDZ-v,[],"{'likes': 3722, 'reposts': 259, 'quotes': 12}",threads,3780489376242180015,Leigh,,"passed my masters defense on christian nationalism in the us military chaplaincy today 🎉 

#america #military #project2025",threads,69412457183,followtheleighder
[],2026-01-20T15:18:10.939765+07:00,It would seem the Patriots defense has grown tired of hearing how good the Texans defense is.,2026-01-19T04:05:41+07:00,,3813044447979142051,threads,threads.com,threads_crawler_v1,https://www.threads.net/@bmars90/post/DTqp7kaknuj,https://instagram.fhan4-6.fna.fbcdn.net/v/t51.2885-19/528333485_17896078638260192_2475830398844102570_n.jpg?stp=dst-jpg_s150x150_tt6&efg=eyJ2ZW5jb2RlX3RhZyI6InByb2ZpbGVfcGljLmRqYW5nby4xMDgwLmMyIn0&_nc_ht=instagram.fhan4-6.fna.fbcdn.net&_nc_cat=108&_nc_oc=Q6cZ2QGsA8UwgcQOpQgOBb69CZ4euRtMmk53OoleYmMB0NWWcUVxxQVdrVGmlt1U3KdHljw&_nc_ohc=g-Lt_jGZRXYQ7kNvwH3V6TZ&_nc_gid=LglsGdktDq73kuhOBWfoZA&edm=AJhczIQBAAAA&ccb=7-5&oh=00_AfoKNqyqVICb4mY7x989u2xwRmtlQQ73Or0Q0qYjyBtarw&oe=6975249B&_nc_sid=4a2096,3,0,112,1,0,[],,https://www.threads.net/@bmars90/post/DTqp7kaknuj,[],"{'likes': 112, 'reposts': 1, 'quotes': 0}",threads,3813044447979142051,Brad Marston,,It would seem the Patriots defense has grown tired of hearing how good the Texans defense is.,threads,67686076191,bmars90
[],2026-01-20T15:18:10.939796+07:00,"The mayor of Minneapolis is a COMPLETE F#*~ING IDIOT!!!!!! 
The ICE agent shot the woman IN SELF DEFENSE who was trying to PLOW HIM OVER with her car……THATS CALLED ATTEMPTED VEHICULAR MANSLAUGHTER!!! Maybe Jacob Frey should put himself in the same position and let her run his dumb ass over!!!!!!
People are seriously STUPID!!!!!!",2026-01-08T01:42:09+07:00,,3804999669139783798,threads,threads.com,threads_crawler_v1,https://www.threads.net/@krystinvalenti/post/DTOEwoRjkB2,https://instagram.fhan4-6.fna.fbcdn.net/v/t51.2885-19/424440689_360104456868273_1005791273968666687_n.jpg?stp=dst-jpg_s150x150_tt6&efg=eyJ2ZW5jb2RlX3RhZyI6InByb2ZpbGVfcGljLmRqYW5nby43MjAuYzIifQ&_nc_ht=instagram.fhan4-6.fna.fbcdn.net&_nc_cat=109&_nc_oc=Q6cZ2QGsA8UwgcQOpQgOBb69CZ4euRtMmk53OoleYmMB0NWWcUVxxQVdrVGmlt1U3KdHljw&_nc_ohc=gcdXfkgKGMMQ7kNvwGlbr4q&_nc_gid=LglsGdktDq73kuhOBWfoZA&edm=AJhczIQBAAAA&ccb=7-5&oh=00_AfojUnEkuMhrp9ESXo0bkfQYGiuAcI33GmqU36nyL1Mppg&oe=69750052&_nc_sid=4a2096,3,0,1,0,0,[],,https://www.threads.net/@krystinvalenti/post/DTOEwoRjkB2,[],"{'likes': 1, 'reposts': 0, 'quotes': 0}",threads,3804999669139783798,Krystin Valenti,,"The mayor of Minneapolis is a COMPLETE F#*~ING IDIOT!!!!!! 
The ICE agent shot the woman IN SELF DEFENSE who was trying to PLOW HIM OVER with her car……THATS CALLED ATTEMPTED VEHICULAR MANSLAUGHTER!!! Maybe Jacob Frey should put himself in the same position and let her run his dumb ass over!!!!!!
People are seriously STUPID!!!!!!",threads,64520993497,krystinvalenti
[],2026-01-20T15:18:10.939826+07:00,"Please explain to me, like I’m seven, how breaking from NATO, the world’s most powerful military alliance, is a defense strategy.",2026-01-19T05:49:37+07:00,,3813096757382964143,threads,threads.com,threads_crawler_v1,https://www.threads.net/@jemurphy/post/DTq10xWAWOv,https://instagram.fhan4-6.fna.fbcdn.net/v/t51.2885-19/588151221_17931989694116457_7448225377587874977_n.jpg?stp=dst-jpg_s150x150_tt6&efg=eyJ2ZW5jb2RlX3RhZyI6InByb2ZpbGVfcGljLmRqYW5nby4xMDgwLmMyIn0&_nc_ht=instagram.fhan4-6.fna.fbcdn.net&_nc_cat=109&_nc_oc=Q6cZ2QGsA8UwgcQOpQgOBb69CZ4euRtMmk53OoleYmMB0NWWcUVxxQVdrVGmlt1U3KdHljw&_nc_ohc=yIyHCRMYuksQ7kNvwHaZTQG&_nc_gid=LglsGdktDq73kuhOBWfoZA&edm=AJhczIQBAAAA&ccb=7-5&oh=00_Afrt_PM7267836UaNd862JvzXZJmYexKdBOYd6LZ-dr5Ww&oe=69750AA9&_nc_sid=4a2096,174,0,123,4,0,[],,https://www.threads.net/@jemurphy/post/DTq10xWAWOv,[],"{'likes': 123, 'reposts': 4, 'quotes': 0}",threads,3813096757382964143,Jessica Walters Murphy,,"Please explain to me, like I’m seven, how breaking from NATO, the world’s most powerful military alliance, is a defense strategy.",threads,63436348456,jemurphy
[],2026-01-20T15:18:10.939856+07:00,"I am gay. 
I am not a predator, I am not a monster. 
I am not a pervert, I am not a molestor. 
I am neither a mistake nor an abomination.
I am an intelligent, thoughtful man who grew up in confusion and shame over having ‘weird’ feelings for other guys. 
That struggle has made me a little ‘odd’ as an adult. I grew a really, really  thick skin for myself but a bleeding heart for others I witness being mistreated or maligned. I seldom rise to my own defense but will fight like a bear for those 🧵",2026-01-17T23:49:43+07:00,,3812190842950444877,threads,threads.com,threads_crawler_v1,https://www.threads.net/@sellcny/post/DTnn1-yDudN,https://instagram.fhan4-3.fna.fbcdn.net/v/t51.2885-19/501373729_17873870850357526_1697076063276340960_n.jpg?stp=dst-jpg_s150x150_tt6&efg=eyJ2ZW5jb2RlX3RhZyI6InByb2ZpbGVfcGljLmRqYW5nby4xMDgwLmMyIn0&_nc_ht=instagram.fhan4-3.fna.fbcdn.net&_nc_cat=110&_nc_oc=Q6cZ2QGsA8UwgcQOpQgOBb69CZ4euRtMmk53OoleYmMB0NWWcUVxxQVdrVGmlt1U3KdHljw&_nc_ohc=VstwO0sRmy4Q7kNvwERq_4Y&_nc_gid=LglsGdktDq73kuhOBWfoZA&edm=AJhczIQBAAAA&ccb=7-5&oh=00_AfqYYEBod_94Tw_UfYXyxf8zML2H7tbNVzMafvpcI2aJtg&oe=6974F4A7&_nc_sid=4a2096,26,0,321,4,0,[],,https://www.threads.net/@sellcny/post/DTnn1-yDudN,[],"{'likes': 321, 'reposts': 4, 'quotes': 0}",threads,3812190842950444877,Rich Deacons,,"I am gay. 
I am not a predator, I am not a monster. 
I am not a pervert, I am not a molestor. 
I am neither a mistake nor an abomination.
I am an intelligent, thoughtful man who grew up in confusion and shame over having ‘weird’ feelings for other guys. 
That struggle has made me a little ‘odd’ as an adult. I grew a really, really  thick skin for myself but a bleeding heart for others I witness being mistreated or maligned. I seldom rise to my own defense but will fight like a bear for those 🧵",threads,70619197525,sellcny
[],2026-01-20T15:18:10.939886+07:00,"Why I drink ginger shots for my skin
🫚 anti-inflammatory
🍋 vitamin C = collagen support
🍊 antioxidants for skin defense

 #gingershot #glassskin #antioxidants #viral #trending",2026-01-12T22:15:55+07:00,,3808519724225539798,threads,threads.com,threads_crawler_v1,https://www.threads.net/@khutjomatsoma/post/DTalILCiC7W,https://instagram.fhan3-3.fna.fbcdn.net/v/t51.2885-19/416130104_739694678222497_8480484600183551908_n.jpg?stp=dst-jpg_s150x150_tt6&efg=eyJ2ZW5jb2RlX3RhZyI6InByb2ZpbGVfcGljLmRqYW5nby4xMDgwLmMyIn0&_nc_ht=instagram.fhan3-3.fna.fbcdn.net&_nc_cat=1&_nc_oc=Q6cZ2QGsA8UwgcQOpQgOBb69CZ4euRtMmk53OoleYmMB0NWWcUVxxQVdrVGmlt1U3KdHljw&_nc_ohc=uQu0VenbC74Q7kNvwFoCovE&_nc_gid=LglsGdktDq73kuhOBWfoZA&edm=AJhczIQBAAAA&ccb=7-5&oh=00_AfqRAkY2amJD70Ad18i_dZ6E5PJfuxqDyZ3e7EY7fCbXZg&oe=69750BD9&_nc_sid=4a2096,2,0,333,25,0,"['https://instagram.fhan4-6.fna.fbcdn.net/v/t51.2885-15/613702301_18066470711551436_5282162121778416287_n.jpg?stp=dst-jpg_e15_tt6&efg=eyJ2ZW5jb2RlX3RhZyI6InRocmVhZHMuRkVFRC5pbWFnZV91cmxnZW4uNzIweDEyODAuc2RyLmY4Mjc4Ny5kZWZhdWx0X2NvdmVyX2ZyYW1lLmMyIn0&_nc_ht=instagram.fhan4-6.fna.fbcdn.net&_nc_cat=108&_nc_oc=Q6cZ2QGsA8UwgcQOpQgOBb69CZ4euRtMmk53OoleYmMB0NWWcUVxxQVdrVGmlt1U3KdHljw&_nc_ohc=FLpdNzgjV_QQ7kNvwFR0se-&_nc_gid=LglsGdktDq73kuhOBWfoZA&edm=AJhczIQBAAAA&ccb=7-5&ig_cache_key=MzgwODUxOTcyNDIyNTUzOTc5OA%3D%3D.3-ccb7-5&oh=00_AfqvaF8v42L0arvdwoAVEKOThVr6i0LVPnvyS7y-kEEq2A&oe=69751D2C&_nc_sid=4a2096', 'https://instagram.fhan3-4.fna.fbcdn.net/o1/v/t2/f2/m86/AQNA_rv09NgQguqJZHV6pxGbXn_vL-Mw9WeJMMNdjqcS8Dyh9M18g5s4fqZAZDGxZ3E7vhpnHSO45UOLJykS4Ai-ueP_aK-IxnqE0NI.mp4?_nc_cat=106&_nc_oc=Adl9L0EaMFBootFpXfN60MbJUHAO-MHTpNXebMHL13KZ7HBkbhj6m9osUK1JP8PBC4Q&_nc_sid=5e9851&_nc_ht=instagram.fhan3-4.fna.fbcdn.net&_nc_ohc=pccjKOigm1UQ7kNvwEr13us&efg=eyJ2ZW5jb2RlX3RhZyI6Inhwdl9wcm9ncmVzc2l2ZS5JTlNUQUdSQU0uRkVFRC5DMy43MjAuZGFzaF9iYXNlbGluZV8xX3YxIiwieHB2X2Fzc2V0X2lkIjo3ODU2OTE2MDEyMDk5NjIsImFzc2V0X2FnZV9kYXlzIjo3LCJ2aV91c2VjYXNlX2lkIjoxMDA5OSwiZHVyYXRpb25fcyI6MTYsInVybGdlbl9zb3VyY2UiOiJ3d3cifQ%3D%3D&ccb=17-1&_nc_gid=LglsGdktDq73kuhOBWfoZA&_nc_zt=28&vs=17e02687f9f1b079&_nc_vs=HBksFQIYUmlnX3hwdl9yZWVsc19wZXJtYW5lbnRfc3JfcHJvZC8yRjQ1RUNBQjFCNjYyMTdCN0ZENUI2NTlGNTFGNjJBQV92aWRlb19kYXNoaW5pdC5tcDQVAALIARIAFQIYOnBhc3N0aHJvdWdoX2V2ZXJzdG9yZS9HSl9PYUNUdEFOSldnUTREQURIYnN3c2M0VGdlYnN0VEFRQUYVAgLIARIAKAAYABsCiAd1c2Vfb2lsATEScHJvZ3Jlc3NpdmVfcmVjaXBlATEVAAAm1KnYzKKl5QIVAigCQzMsF0AwTMzMzMzNGBJkYXNoX2Jhc2VsaW5lXzFfdjERAHXqB2XmnQEA&oh=00_AfqNzL05R-ehxNu3g8bJkCI3-QqRRgWSAfaoujNu9sU-xw&oe=69711727']",,https://www.threads.net/@khutjomatsoma/post/DTalILCiC7W,[],"{'likes': 333, 'reposts': 24, 'quotes': 1}",threads,3808519724225539798,Khutjo Matsoma,,"Why I drink ginger shots for my skin
🫚 anti-inflammatory
🍋 vitamin C = collagen support
🍊 antioxidants for skin defense

 #gingershot #glassskin #antioxidants #viral #trending",threads,63272917866,khutjomatsoma
[],2026-01-20T15:18:10.939916+07:00,The Texans defense should be the only players on the flight home from New England #nfl #houstontexans #cjstroud #texans #nflmemes,2026-01-19T09:06:23+07:00,,3813195784271182289,threads,threads.com,threads_crawler_v1,https://www.threads.net/@theballboypodcast/post/DTrMVzUgDnR,https://instagram.fhan3-3.fna.fbcdn.net/v/t51.2885-19/454141532_811544144465402_9124236698025385605_n.jpg?stp=dst-jpg_s150x150_tt6&efg=eyJ2ZW5jb2RlX3RhZyI6InByb2ZpbGVfcGljLmRqYW5nby4xMDgwLmMyIn0&_nc_ht=instagram.fhan3-3.fna.fbcdn.net&_nc_cat=1&_nc_oc=Q6cZ2QGsA8UwgcQOpQgOBb69CZ4euRtMmk53OoleYmMB0NWWcUVxxQVdrVGmlt1U3KdHljw&_nc_ohc=PDSCCFC9awwQ7kNvwE_kk8Z&_nc_gid=LglsGdktDq73kuhOBWfoZA&edm=AJhczIQBAAAA&ccb=7-5&oh=00_AfqbxjyMtb_rBDbyQrr4FPKVxY85sgKFm0mYHEQG3RaNew&oe=6975288B&_nc_sid=4a2096,14,0,153,5,0,"['https://instagram.fhan3-3.fna.fbcdn.net/v/t51.2885-15/589907322_4190258667892151_2552803791949145213_n.jpg?stp=dst-jpg_e15_tt6&efg=eyJ2ZW5jb2RlX3RhZyI6InRocmVhZHMuRkVFRC5pbWFnZV91cmxnZW4uNjQweDExMzYuc2RyLmY3MTg3OC5kZWZhdWx0X2NvdmVyX2ZyYW1lLmMyIn0&_nc_ht=instagram.fhan3-3.fna.fbcdn.net&_nc_cat=111&_nc_oc=Q6cZ2QGsA8UwgcQOpQgOBb69CZ4euRtMmk53OoleYmMB0NWWcUVxxQVdrVGmlt1U3KdHljw&_nc_ohc=ii9_E1mpkvwQ7kNvwExXiN_&_nc_gid=LglsGdktDq73kuhOBWfoZA&edm=AJhczIQBAAAA&ccb=7-5&ig_cache_key=MzgxMzE5NTc4NDI3MTE4MjI4OQ%3D%3D.3-ccb7-5&oh=00_AfrMCZw5CbTBy7gN94xaQeDNB5CUopM-h2SyOuRlGt33iw&oe=6975147A&_nc_sid=4a2096', 'https://instagram.fhan3-3.fna.fbcdn.net/o1/v/t16/f2/m69/AQO4LeLAN4c2RgH-Qkbf5IV0oXETCuloKEx_i5OLMbm7jOk3yA_Kd2IU3l-s8oerJ3IV0Lieso3ZyMSQ2910skHa.mp4?strext=1&_nc_cat=101&_nc_oc=Adk9v8yU2oo3G4gl_se55uYCcoz9KzwOwwVvqFdWI9XXHv0MNNHkhdJlnU2n7tDl3fM&_nc_sid=5e9851&_nc_ht=instagram.fhan3-3.fna.fbcdn.net&_nc_ohc=j8Zb7umwhd4Q7kNvwGqVHa7&efg=eyJ2ZW5jb2RlX3RhZyI6Inhwdl9wcm9ncmVzc2l2ZS5JTlNUQUdSQU0uRkVFRC5DMy43MjAuZGFzaF9iYXNlbGluZV8xX3YxIiwieHB2X2Fzc2V0X2lkIjoxNzkxNDM5Njg5MzI1OTAxMiwiYXNzZXRfYWdlX2RheXMiOjEsInZpX3VzZWNhc2VfaWQiOjEwMDk5LCJkdXJhdGlvbl9zIjo2MywidXJsZ2VuX3NvdXJjZSI6Ind3dyJ9&ccb=17-1&_nc_gid=LglsGdktDq73kuhOBWfoZA&_nc_zt=28&vs=3735eeb90384da7f&_nc_vs=HBksFQIYOnBhc3N0aHJvdWdoX2V2ZXJzdG9yZS9HSklLMENSNXNSeDlEdWNDQU51QjFoMG0wUFFYYnNwVEFRQUYVAALIARIAFQIYUWlnX3hwdl9wbGFjZW1lbnRfcGVybWFuZW50X3YyL0IxNENDQzhFQzdFNkNDNzZGQ0ExMzU4MDA3OTkyM0IwX2F1ZGlvX2Rhc2hpbml0Lm1wNBUCAsgBEgAoABgAGwKIB3VzZV9vaWwBMRJwcm9ncmVzc2l2ZV9yZWNpcGUBMRUAACaIlIHzkcPSPxUCKAJDMywXQE-qn752yLQYEmRhc2hfYmFzZWxpbmVfMV92MREAdeoHZeadAQA&oh=00_AfqfWxJlFlbu9e2kNG9-Tk2-m9VBtx9P-DqtkTrdsg50jg&oe=6974F837']",,https://www.threads.net/@theballboypodcast/post/DTrMVzUgDnR,[],"{'likes': 153, 'reposts': 5, 'quotes': 0}",threads,3813195784271182289,Lucas Barbu,,The Texans defense should be the only players on the flight home from New England #nfl #houstontexans #cjstroud #texans #nflmemes,threads,67815819011,theballboypodcast
[],2026-01-20T15:18:10.939946+07:00,Congratulations to Major General Eyal Zamir on his appointment as the next IDF Chief of Staff! Wishing him great success in leading the Israel Defense Forces. 🇮🇱,2025-02-02T02:30:00+07:00,,3558600007742814213,threads,threads.com,threads_crawler_v1,https://www.threads.net/@iltv_israel/post/DFir9pPNngF,https://instagram.fhan3-2.fna.fbcdn.net/v/t51.2885-19/358164915_1181005699238143_3185901711099370825_n.jpg?stp=dst-jpg_s150x150_tt6&efg=eyJ2ZW5jb2RlX3RhZyI6InByb2ZpbGVfcGljLmRqYW5nby41MDAuYzIifQ&_nc_ht=instagram.fhan3-2.fna.fbcdn.net&_nc_cat=107&_nc_oc=Q6cZ2QGsA8UwgcQOpQgOBb69CZ4euRtMmk53OoleYmMB0NWWcUVxxQVdrVGmlt1U3KdHljw&_nc_ohc=6hlbBu_ZATUQ7kNvwGaC3j7&_nc_gid=LglsGdktDq73kuhOBWfoZA&edm=AJhczIQBAAAA&ccb=7-5&oh=00_AfrDD7DfqbGYCfbjkHIXZT48gOSKT8En1FPO-IRzt5cTjA&oe=6975010F&_nc_sid=4a2096,45,0,57,2,0,['https://instagram.fhan4-1.fna.fbcdn.net/v/t51.2885-15/475531953_18393631813097993_2533019314098552489_n.jpg?stp=dst-jpg_e35_tt6&efg=eyJ2ZW5jb2RlX3RhZyI6InRocmVhZHMuRkVFRC5pbWFnZV91cmxnZW4uMTI5MHgxMTU2LnNkci5mNzU3NjEuZGVmYXVsdF9pbWFnZS5jMiJ9&_nc_ht=instagram.fhan4-1.fna.fbcdn.net&_nc_cat=105&_nc_oc=Q6cZ2QGsA8UwgcQOpQgOBb69CZ4euRtMmk53OoleYmMB0NWWcUVxxQVdrVGmlt1U3KdHljw&_nc_ohc=gQJTmmRXBUcQ7kNvwFNQUWH&_nc_gid=LglsGdktDq73kuhOBWfoZA&edm=AJhczIQBAAAA&ccb=7-5&ig_cache_key=MzU1ODYwMDAwNzc0MjgxNDIxMw%3D%3D.3-ccb7-5&oh=00_AfppGQr9U4cPvWpHhkg6G8qnzg4XVkE8g38qXH5Llo0Ezw&oe=6974F7DA&_nc_sid=4a2096'],,https://www.threads.net/@iltv_israel/post/DFir9pPNngF,[],"{'likes': 57, 'reposts': 2, 'quotes': 0}",threads,3558600007742814213,ILTV Israel News 🇮🇱,,Congratulations to Major General Eyal Zamir on his appointment as the next IDF Chief of Staff! Wishing him great success in leading the Israel Defense Forces. 🇮🇱,threads,63047815166,iltv_israel
[],2026-01-20T15:18:10.939976+07:00,"Just saw the news of what happened to Jake Lang, the pardoned J6 rioter, at the small pro-ICE protest he organized in Minneapolis. I think this is the moment where we all need to pause, and absolutely congratulate everyone present for their quick and swift actions in defense of our democratic values. God bless America, and God bless our friends in Minneapolis for their efforts in defense of the Constitution against rogue actors. ❤️",2026-01-18T13:53:22+07:00,,3812615463474312122,threads,threads.com,threads_crawler_v1,https://www.threads.net/@morning_star.ish/post/DTpIZBdjDO6,https://instagram.fhan4-1.fna.fbcdn.net/v/t51.2885-19/598132272_17937859638099881_1259036168933852370_n.jpg?stp=dst-jpg_s150x150_tt6&efg=eyJ2ZW5jb2RlX3RhZyI6InByb2ZpbGVfcGljLmRqYW5nby4xMDgwLmMyIn0&_nc_ht=instagram.fhan4-1.fna.fbcdn.net&_nc_cat=105&_nc_oc=Q6cZ2QGsA8UwgcQOpQgOBb69CZ4euRtMmk53OoleYmMB0NWWcUVxxQVdrVGmlt1U3KdHljw&_nc_ohc=ytWnAf66obAQ7kNvwFmcp3k&_nc_gid=LglsGdktDq73kuhOBWfoZA&edm=AJhczIQBAAAA&ccb=7-5&oh=00_AfqKxM0XDqKwqe8O-33qnIWT-j8Ie82JvXo0yhpD_XNZNQ&oe=6975074D&_nc_sid=4a2096,9,0,201,11,0,[],,https://www.threads.net/@morning_star.ish/post/DTpIZBdjDO6,[],"{'likes': 201, 'reposts': 10, 'quotes': 1}",threads,3812615463474312122,Felix Jimenez-Le,,"Just saw the news of what happened to Jake Lang, the pardoned J6 rioter, at the small pro-ICE protest he organized in Minneapolis. I think this is the moment where we all need to pause, and absolutely congratulate everyone present for their quick and swift actions in defense of our democratic values. God bless America, and God bless our friends in Minneapolis for their efforts in defense of the Constitution against rogue actors. ❤️",threads,63067747880,morning_star.ish
[],2026-01-20T15:18:10.940012+07:00,Seattle's defense had Brock Purdy RUNNING out of the pocket all game long 🫣,2026-01-18T12:02:20+07:00,,3812559551496978907,threads,threads.com,threads_crawler_v1,https://www.threads.net/@yahoosports/post/DTo7rZYAAHb,https://instagram.fhan3-3.fna.fbcdn.net/v/t51.2885-19/358421241_1307825143423543_6764071601639799177_n.jpg?stp=dst-jpg_s150x150_tt6&efg=eyJ2ZW5jb2RlX3RhZyI6InByb2ZpbGVfcGljLmRqYW5nby40MDAuYzIifQ&_nc_ht=instagram.fhan3-3.fna.fbcdn.net&_nc_cat=1&_nc_oc=Q6cZ2QGsA8UwgcQOpQgOBb69CZ4euRtMmk53OoleYmMB0NWWcUVxxQVdrVGmlt1U3KdHljw&_nc_ohc=ZsOx-_WINB4Q7kNvwEm-Ra3&_nc_gid=LglsGdktDq73kuhOBWfoZA&edm=AJhczIQBAAAA&ccb=7-5&oh=00_AfqqBZmPC9CznTEUjFt04FJJFUD35cuTm7e3UmgqDm1uQw&oe=6975287A&_nc_sid=4a2096,1,0,64,1,0,['https://instagram.fhan3-4.fna.fbcdn.net/v/t51.2885-15/617850621_17942593299100600_510875616189870820_n.jpg?stp=dst-jpg_e35_tt6&efg=eyJ2ZW5jb2RlX3RhZyI6InRocmVhZHMuRkVFRC5pbWFnZV91cmxnZW4uMTA4MHgxMzUwLnNkci5mODI3ODcuZGVmYXVsdF9pbWFnZS5jMiJ9&_nc_ht=instagram.fhan3-4.fna.fbcdn.net&_nc_cat=104&_nc_oc=Q6cZ2QGsA8UwgcQOpQgOBb69CZ4euRtMmk53OoleYmMB0NWWcUVxxQVdrVGmlt1U3KdHljw&_nc_ohc=bCqFPFkE-bQQ7kNvwHdT_Pr&_nc_gid=LglsGdktDq73kuhOBWfoZA&edm=AJhczIQBAAAA&ccb=7-5&ig_cache_key=MzgxMjU1OTU1MTQ5Njk3ODkwNw%3D%3D.3-ccb7-5&oh=00_Afr-00mBLGnew6qSbM8_D41MzgrKIobZeEEkxrHSf3Ab1A&oe=69751C8F&_nc_sid=4a2096'],,https://www.threads.net/@yahoosports/post/DTo7rZYAAHb,[],"{'likes': 64, 'reposts': 1, 'quotes': 0}",threads,3812559551496978907,Yahoo Sports,,Seattle's defense had Brock Purdy RUNNING out of the pocket all game long 🫣,threads,63085508599,yahoosports
[],2026-01-20T15:18:10.940062+07:00,"Minneapolis Mayor Jacob Frey on the ICE involved shooting: “They are already trying to spin this as an action of self defense. Having seen the video myself, I want to tell everybody directly: That is bullshit.”",2026-01-08T01:54:24+07:00,,3805005642978191425,threads,threads.com,threads_crawler_v1,https://www.threads.net/@crookedmedia/post/DTOGHj2EmhB,https://instagram.fhan4-6.fna.fbcdn.net/v/t51.2885-19/465683755_2517510898449153_7791525978557561334_n.jpg?stp=dst-jpg_s150x150_tt6&efg=eyJ2ZW5jb2RlX3RhZyI6InByb2ZpbGVfcGljLmRqYW5nby4xMDgwLmMyIn0&_nc_ht=instagram.fhan4-6.fna.fbcdn.net&_nc_cat=109&_nc_oc=Q6cZ2QGsA8UwgcQOpQgOBb69CZ4euRtMmk53OoleYmMB0NWWcUVxxQVdrVGmlt1U3KdHljw&_nc_ohc=nqGaPkP2JrIQ7kNvwHH0YGe&_nc_gid=LglsGdktDq73kuhOBWfoZA&edm=AJhczIQBAAAA&ccb=7-5&oh=00_Afq1RZOP70NYCj6c7MMBnmt6quQyftStJx20KZGytXGfyg&oe=69752561&_nc_sid=4a2096,279,0,35244,4190,0,"['https://instagram.fhan4-6.fna.fbcdn.net/v/t51.2885-15/611239861_1396909882101957_7850172478120841319_n.jpg?stp=dst-jpg_e15_tt6&efg=eyJ2ZW5jb2RlX3RhZyI6InRocmVhZHMuRkVFRC5pbWFnZV91cmxnZW4uNjQweDM2MC5zZHIuZjcxODc4LmRlZmF1bHRfY292ZXJfZnJhbWUuYzIifQ&_nc_ht=instagram.fhan4-6.fna.fbcdn.net&_nc_cat=109&_nc_oc=Q6cZ2QGsA8UwgcQOpQgOBb69CZ4euRtMmk53OoleYmMB0NWWcUVxxQVdrVGmlt1U3KdHljw&_nc_ohc=urQVqxs56BMQ7kNvwG5iJ4N&_nc_gid=LglsGdktDq73kuhOBWfoZA&edm=AJhczIQBAAAA&ccb=7-5&ig_cache_key=MzgwNTAwNTY0Mjk3ODE5MTQyNQ%3D%3D.3-ccb7-5&oh=00_AfqR7NYZ8mahTpFp5Mv-ZyTf60z454cpLXFJXzlzaa5ZoA&oe=6975081A&_nc_sid=4a2096', 'https://instagram.fhan4-6.fna.fbcdn.net/o1/v/t16/f2/m84/AQM2OAqW8joWd6mg850EX5rehNZ67A-1rGZRzJcU0HMGSte2LeGHbpG1zjja8NPbnwUa8ndvcYx0mkHfnqIuxqsnNkcQYAlSJbN8KqM.mp4?_nc_cat=108&_nc_oc=AdnTBmi1qVVTyJ_YBcw_7cYdgAVoVqsIhZWMRC4zsvXlgGWbBMcX4Y3-oFT7uoiECSw&_nc_sid=5e9851&_nc_ht=instagram.fhan4-6.fna.fbcdn.net&_nc_ohc=zoqXqhX9vcMQ7kNvwEc3Szc&efg=eyJ2ZW5jb2RlX3RhZyI6Inhwdl9wcm9ncmVzc2l2ZS5JTlNUQUdSQU0uRkVFRC5DMy4xMjgwLmRhc2hfYmFzZWxpbmVfMV92MSIsInhwdl9hc3NldF9pZCI6MTMyNDIxMTQ5MjcyNjQ5OSwiYXNzZXRfYWdlX2RheXMiOjEyLCJ2aV91c2VjYXNlX2lkIjoxMDE2NCwiZHVyYXRpb25fcyI6ODYsInVybGdlbl9zb3VyY2UiOiJ3d3cifQ%3D%3D&ccb=17-1&_nc_gid=LglsGdktDq73kuhOBWfoZA&_nc_zt=28&vs=26af33121248556a&_nc_vs=HBksFQIYTGlnX2JhY2tmaWxsX3RpbWVsaW5lX3ZvZC8wOTRFOTQ1Nzg0MzY3NkUxM0JBNDRGQjY2RTkxNDNCQV92aWRlb19kYXNoaW5pdC5tcDQVAALIARIAFQIYOnBhc3N0aHJvdWdoX2V2ZXJzdG9yZS9HR1RZZFNUUVctTVlwNUVGQUxYem5aemh1cXNFYnNwVEFRQUYVAgLIARIAKAAYABsCiAd1c2Vfb2lsATEScHJvZ3Jlc3NpdmVfcmVjaXBlATEVAAAmxpuNuqCX2gQVAigCQzMsF0BVsDEm6XjVGBJkYXNoX2Jhc2VsaW5lXzFfdjERAHXqB2XongEA&oh=00_AfpBQUcWWA7W8dm5GrBTqZDv9EDjXU5LtahouiTsmWwoiQ&oe=69711A70']",,https://www.threads.net/@crookedmedia/post/DTOGHj2EmhB,[],"{'likes': 35244, 'reposts': 4082, 'quotes': 108}",threads,3805005642978191425,Crooked Media,,"Minneapolis Mayor Jacob Frey on the ICE involved shooting: “They are already trying to spin this as an action of self defense. Having seen the video myself, I want to tell everybody directly: That is bullshit.”",threads,63454217126,crookedmedia
[],2026-01-20T15:18:10.940094+07:00,"the fact that Ms. Jennifer even has to spend her time online seeing dumb shit like this and posting in defense of Nic and Olandria actually really aggravates me…🫩🙄
anyway, DRAG EM BALTIMORE BADDIE 🤏🏾",2026-01-18T04:59:24+07:00,,3812346707748939845,threads,threads.com,threads_crawler_v1,https://www.threads.net/@stephscrown_/post/DToLSHMAWhF,https://instagram.fhan4-6.fna.fbcdn.net/v/t51.2885-19/611654009_17935736007112964_4481389962007726894_n.jpg?stp=dst-jpg_s150x150_tt6&efg=eyJ2ZW5jb2RlX3RhZyI6InByb2ZpbGVfcGljLmRqYW5nby4xMDgwLmMyIn0&_nc_ht=instagram.fhan4-6.fna.fbcdn.net&_nc_cat=108&_nc_oc=Q6cZ2QGsA8UwgcQOpQgOBb69CZ4euRtMmk53OoleYmMB0NWWcUVxxQVdrVGmlt1U3KdHljw&_nc_ohc=JFtEJIP52pMQ7kNvwGC_VVZ&_nc_gid=LglsGdktDq73kuhOBWfoZA&edm=AJhczIQBAAAA&ccb=7-5&oh=00_AfqHUKYfPOE9N_lzNqyox5IqmelRnG21sY5OopuCeRqwRQ&oe=69750D03&_nc_sid=4a2096,5,0,188,9,0,['https://instagram.fhan4-6.fna.fbcdn.net/v/t51.2885-15/619248252_17936921376112964_3813974151088769875_n.jpg?stp=cp6_dst-jpg_e35_tt6&efg=eyJ2ZW5jb2RlX3RhZyI6InRocmVhZHMuRkVFRC5pbWFnZV91cmxnZW4uMTI4NHgxNTIyLnNkci5mODI3ODcuZGVmYXVsdF9pbWFnZS5jMiJ9&_nc_ht=instagram.fhan4-6.fna.fbcdn.net&_nc_cat=108&_nc_oc=Q6cZ2QGsA8UwgcQOpQgOBb69CZ4euRtMmk53OoleYmMB0NWWcUVxxQVdrVGmlt1U3KdHljw&_nc_ohc=eIahvVs74_sQ7kNvwFxn65H&_nc_gid=LglsGdktDq73kuhOBWfoZA&edm=AJhczIQBAAAA&ccb=7-5&ig_cache_key=MzgxMjM0NjcwNzc0ODkzOTg0NQ%3D%3D.3-ccb7-5&oh=00_AfpwA3xcfiEFyEDVeQ0ZAxcVqTsqtMvpTPtFqE7DTB5HEA&oe=6974F3DF&_nc_sid=4a2096'],,https://www.threads.net/@stephscrown_/post/DToLSHMAWhF,[],"{'likes': 188, 'reposts': 9, 'quotes': 0}",threads,3812346707748939845,steph,nicolandria,"the fact that Ms. Jennifer even has to spend her time online seeing dumb shit like this and posting in defense of Nic and Olandria actually really aggravates me…🫩🙄
anyway, DRAG EM BALTIMORE BADDIE 🤏🏾",threads,63503744963,stephscrown_
[],2026-01-20T15:18:10.940140+07:00,"S/O to HOUSTON & the Texans defense!

Winning during MNF & in 30° weather was something worth cheering for📣

I do want to give a special thank you to this baked buffalo wing, cause woohweee you hit the SPOT🤤

 #MNF #Houston",2026-01-13T12:11:39+07:00,,3808940387575059988,threads,threads.com,threads_crawler_v1,https://www.threads.net/@daninicolexoxo/post/DTcExoUDNYU,https://instagram.fhan4-6.fna.fbcdn.net/v/t51.2885-19/587851536_17930843808119564_1914695994687583651_n.jpg?stp=dst-jpg_s150x150_tt6&efg=eyJ2ZW5jb2RlX3RhZyI6InByb2ZpbGVfcGljLmRqYW5nby4xMDgwLmMyIn0&_nc_ht=instagram.fhan4-6.fna.fbcdn.net&_nc_cat=108&_nc_oc=Q6cZ2QGsA8UwgcQOpQgOBb69CZ4euRtMmk53OoleYmMB0NWWcUVxxQVdrVGmlt1U3KdHljw&_nc_ohc=mx0LzeFa9ZAQ7kNvwHBx2ZN&_nc_gid=LglsGdktDq73kuhOBWfoZA&edm=AJhczIQBAAAA&ccb=7-5&oh=00_AfrYtiIEfzUebVNuRGOMxp1qnsAzhVucbfstJ1rUV2HuMw&oe=697501DD&_nc_sid=4a2096,5,0,163,1,0,['https://instagram.fhan3-4.fna.fbcdn.net/v/t51.2885-15/615803132_18553488058012444_8351663851590158564_n.jpg?stp=dst-jpg_e35_tt6&efg=eyJ2ZW5jb2RlX3RhZyI6InRocmVhZHMuQ0FST1VTRUxfSVRFTS5pbWFnZV91cmxnZW4uMTQ0MHgxOTIwLnNkci5mODI3ODcuZGVmYXVsdF9pbWFnZS5jMiJ9&_nc_ht=instagram.fhan3-4.fna.fbcdn.net&_nc_cat=104&_nc_oc=Q6cZ2QGsA8UwgcQOpQgOBb69CZ4euRtMmk53OoleYmMB0NWWcUVxxQVdrVGmlt1U3KdHljw&_nc_ohc=mA8WdqaXXwYQ7kNvwEstzK6&_nc_gid=LglsGdktDq73kuhOBWfoZA&edm=AJhczIQBAAAA&ccb=7-5&ig_cache_key=MzgwODk0MDM2ODgzNDkwNzUxMw%3D%3D.3-ccb7-5&oh=00_AfpeJ-r1oMwGMPcvDBDjyzeARwZ4ypa_npYHyicxEmdDTw&oe=6974FEDF&_nc_sid=4a2096'],,https://www.threads.net/@daninicolexoxo/post/DTcExoUDNYU,[],"{'likes': 163, 'reposts': 1, 'quotes': 0}",threads,3808940387575059988,Dani🦋,,"S/O to HOUSTON & the Texans defense!

Winning during MNF & in 30° weather was something worth cheering for📣

I do want to give a special thank you to this baked buffalo wing, cause woohweee you hit the SPOT🤤

 #MNF #Houston",threads,63436351563,daninicolexoxo
[],2026-01-20T15:18:10.940208+07:00,"Too often people reduce the Black Panther Party to images of guns and confrontations with police. But the Panthers themselves were clear,armed self-defense was a tactic not the foundation.

Their real power came from theory, organizing, and discipline, Political education classes, Free breakfast programs, Health clinics, Tenant organizing and Community patrols grounded in structure. Revolutionary movements win through clarity of analysis, principled organizing, and strategic discipline.",2026-01-18T23:54:18+07:00,,3812917920801080575,threads,threads.com,threads_crawler_v1,https://www.threads.net/@dedanwaciuri/post/DTqNKWzEcT_,https://instagram.fhan3-4.fna.fbcdn.net/v/t51.2885-19/468185077_1717386545780910_2162089735058772219_n.jpg?stp=dst-jpg_s150x150_tt6&efg=eyJ2ZW5jb2RlX3RhZyI6InByb2ZpbGVfcGljLmRqYW5nby44NTMuYzIifQ&_nc_ht=instagram.fhan3-4.fna.fbcdn.net&_nc_cat=106&_nc_oc=Q6cZ2QGsA8UwgcQOpQgOBb69CZ4euRtMmk53OoleYmMB0NWWcUVxxQVdrVGmlt1U3KdHljw&_nc_ohc=JFr2wXkL63cQ7kNvwGRcB4I&_nc_gid=LglsGdktDq73kuhOBWfoZA&edm=AJhczIQBAAAA&ccb=7-5&oh=00_AfqXelwbkjjXZMd73jnn6jvDRF-OZMHhtKwM_O2HUgFCvg&oe=69751412&_nc_sid=4a2096,1,0,37,11,0,[],,https://www.threads.net/@dedanwaciuri/post/DTqNKWzEcT_,[],"{'likes': 37, 'reposts': 10, 'quotes': 1}",threads,3812917920801080575,Dedan Wa Waciuri,,"Too often people reduce the Black Panther Party to images of guns and confrontations with police. But the Panthers themselves were clear,armed self-defense was a tactic not the foundation.

Their real power came from theory, organizing, and discipline, Political education classes, Free breakfast programs, Health clinics, Tenant organizing and Community patrols grounded in structure. Revolutionary movements win through clarity of analysis, principled organizing, and strategic discipline.",threads,70884818376,dedanwaciuri
[],2026-01-20T15:18:10.940245+07:00,This Houston Texas defense is an ABSOLUTE PROBLEM,2026-01-13T10:44:51+07:00,,3808896684647251118,threads,threads.com,threads_crawler_v1,https://www.threads.net/@patmcafeeshow/post/DTb61qyj_yu,https://instagram.fhan3-4.fna.fbcdn.net/v/t51.2885-19/358119544_645329080592884_7419194569551314252_n.jpg?stp=dst-jpg_s150x150_tt6&efg=eyJ2ZW5jb2RlX3RhZyI6InByb2ZpbGVfcGljLmRqYW5nby4xMDgwLmMyIn0&_nc_ht=instagram.fhan3-4.fna.fbcdn.net&_nc_cat=104&_nc_oc=Q6cZ2QGsA8UwgcQOpQgOBb69CZ4euRtMmk53OoleYmMB0NWWcUVxxQVdrVGmlt1U3KdHljw&_nc_ohc=3_LaHWEFBV8Q7kNvwFZzrPQ&_nc_gid=LglsGdktDq73kuhOBWfoZA&edm=AJhczIQBAAAA&ccb=7-5&oh=00_AfrOvEvvPNsoTJ1Vaawp9cpeVujMhdlTWFz-mTe6Dxg02A&oe=6975082B&_nc_sid=4a2096,35,0,1282,52,0,"['https://instagram.fhan3-2.fna.fbcdn.net/v/t51.2885-15/614981476_1613345013155827_8239680558611845435_n.jpg?stp=dst-jpg_e15_tt6&efg=eyJ2ZW5jb2RlX3RhZyI6InRocmVhZHMuRkVFRC5pbWFnZV91cmxnZW4uNjQweDM2MC5zZHIuZjcxODc4LmRlZmF1bHRfY292ZXJfZnJhbWUuYzIifQ&_nc_ht=instagram.fhan3-2.fna.fbcdn.net&_nc_cat=107&_nc_oc=Q6cZ2QGsA8UwgcQOpQgOBb69CZ4euRtMmk53OoleYmMB0NWWcUVxxQVdrVGmlt1U3KdHljw&_nc_ohc=t427P02Xe2kQ7kNvwHSD1wh&_nc_gid=LglsGdktDq73kuhOBWfoZA&edm=AJhczIQBAAAA&ccb=7-5&ig_cache_key=MzgwODg5NjY4NDY0NzI1MTExOA%3D%3D.3-ccb7-5&oh=00_AfosHT6z_QX6F3jV-uaZDO8PuWraYNMXZK8SETOd8wCQTg&oe=6975126A&_nc_sid=4a2096', 'https://instagram.fhan3-4.fna.fbcdn.net/o1/v/t16/f2/m69/AQNrZ_WkJnqjcHg-NmkKWHL4-BCGkJ-DBxGBaxtCLqGn4T_3ei337aRMH78K-aUzhzUES1sK1pdPCjp5y1VaDv10.mp4?strext=1&_nc_cat=104&_nc_oc=AdlQ4Wos8UX0jBd1clO_7vIwvQ539j0mHXauGzlJkq4HWTHFUE0N2HjNnCV9SujsXU0&_nc_sid=5e9851&_nc_ht=instagram.fhan3-4.fna.fbcdn.net&_nc_ohc=h82m6AU7m0MQ7kNvwGUWNIz&efg=eyJ2ZW5jb2RlX3RhZyI6Inhwdl9wcm9ncmVzc2l2ZS5JTlNUQUdSQU0uRkVFRC5DMy4xMjc2LmRhc2hfYmFzZWxpbmVfMV92MSIsInhwdl9hc3NldF9pZCI6MTg5ODU0MjI4NzQyNjkzNSwiYXNzZXRfYWdlX2RheXMiOjcsInZpX3VzZWNhc2VfaWQiOjEwMDk5LCJkdXJhdGlvbl9zIjoxNSwidXJsZ2VuX3NvdXJjZSI6Ind3dyJ9&ccb=17-1&_nc_gid=LglsGdktDq73kuhOBWfoZA&_nc_zt=28&vs=ceb473c9cf25e7df&_nc_vs=HBksFQIYOnBhc3N0aHJvdWdoX2V2ZXJzdG9yZS9HUGtRWmlTSWREal96NlVIQUhVN2NydEVSYW9DYnNwVEFRQUYVAALIARIAFQIYOnBhc3N0aHJvdWdoX2V2ZXJzdG9yZS9HTF83aXlUZ0tDUXgtNWNGQU0zbHNXNHBlbWxOYnN0VEFRQUYVAgLIARIAKAAYABsCiAd1c2Vfb2lsATEScHJvZ3Jlc3NpdmVfcmVjaXBlATEVAAAm7tWQqtqt3wYVAigCQzMsF0Avw5WBBiTdGBJkYXNoX2Jhc2VsaW5lXzFfdjERAHXqB2XmnQEA&oh=00_AfofWEmVAj2iv4cYhun-KUmXA18CFm71r8tI_ynMORBkxQ&oe=69750404']",,https://www.threads.net/@patmcafeeshow/post/DTb61qyj_yu,[],"{'likes': 1282, 'reposts': 44, 'quotes': 8}",threads,3808896684647251118,Pat McAfee,,This Houston Texas defense is an ABSOLUTE PROBLEM,threads,63085307965,patmcafeeshow
[],2026-01-20T15:18:10.940316+07:00,Just saw someone defend AI music by using Hatsune Miku as a defense. Vocaloids ARENT AI MY GOD!,2026-01-13T22:11:48+07:00,,3809242454797936625,threads,threads.com,threads_crawler_v1,https://www.threads.net/@fruity.admiral.shelby/post/DTdJdSVkWfx,https://instagram.fhan3-3.fna.fbcdn.net/v/t51.2885-19/557369457_17898052884289453_4902819082560936438_n.jpg?stp=dst-jpg_s150x150_tt6&efg=eyJ2ZW5jb2RlX3RhZyI6InByb2ZpbGVfcGljLmRqYW5nby4xMDgwLmMyIn0&_nc_ht=instagram.fhan3-3.fna.fbcdn.net&_nc_cat=101&_nc_oc=Q6cZ2QGsA8UwgcQOpQgOBb69CZ4euRtMmk53OoleYmMB0NWWcUVxxQVdrVGmlt1U3KdHljw&_nc_ohc=H_ybz-D8IwYQ7kNvwHOXiS3&_nc_gid=LglsGdktDq73kuhOBWfoZA&edm=AJhczIQBAAAA&ccb=7-5&oh=00_AfqbL0F0V_m2UBIauqc6cm_drIUiIkyGSF-iKbWBpVMwtg&oe=697519B9&_nc_sid=4a2096,44,0,3310,203,0,[],,https://www.threads.net/@fruity.admiral.shelby/post/DTdJdSVkWfx,[],"{'likes': 3310, 'reposts': 199, 'quotes': 4}",threads,3809242454797936625,Shelby,,Just saw someone defend AI music by using Hatsune Miku as a defense. Vocaloids ARENT AI MY GOD!,threads,68777937452,fruity.admiral.shelby
[],2026-01-20T15:18:10.940384+07:00,"Just shipped this curated ORANGE vibe to New York. 📦

A book set for the mind, stationery for creativity, and a self-defense keychain for peace of mind. 🧡

Thoughts on this combo? Let me know below!

👉 Find it all in my bio.

#NYC #OrangeAesthetic #BookLover #StationeryEssentials #SafetyFirst #CreativeVibes",2025-12-31T00:46:42+07:00,,3799173547889281249,threads,threads.com,threads_crawler_v1,https://www.threads.net/@auroraselfdefense/post/DS5YDaCAEjh,https://instagram.fhan3-2.fna.fbcdn.net/v/t51.2885-19/482879816_1392499702130395_6028315991905624131_n.jpg?stp=dst-jpg_s150x150_tt6&efg=eyJ2ZW5jb2RlX3RhZyI6InByb2ZpbGVfcGljLmRqYW5nby4xMDIzLmMyIn0&_nc_ht=instagram.fhan3-2.fna.fbcdn.net&_nc_cat=107&_nc_oc=Q6cZ2QGsA8UwgcQOpQgOBb69CZ4euRtMmk53OoleYmMB0NWWcUVxxQVdrVGmlt1U3KdHljw&_nc_ohc=Kh0UI0yWTCwQ7kNvwGIBACl&_nc_gid=LglsGdktDq73kuhOBWfoZA&edm=AJhczIQBAAAA&ccb=7-5&oh=00_AfovRJuY2dEzkr9laFkUdy2MgYl59BLEzq9b-shDWDDNww&oe=69750870&_nc_sid=4a2096,4,0,98,1,0,"['https://instagram.fhan4-6.fna.fbcdn.net/v/t51.2885-15/608370749_1266296538569265_7602208404270130288_n.jpg?stp=dst-jpg_e15_tt6&efg=eyJ2ZW5jb2RlX3RhZyI6InRocmVhZHMuRkVFRC5pbWFnZV91cmxnZW4uNjQweDExMzYuc2RyLmY3MTg3OC5kZWZhdWx0X2NvdmVyX2ZyYW1lLmMyIn0&_nc_ht=instagram.fhan4-6.fna.fbcdn.net&_nc_cat=109&_nc_oc=Q6cZ2QGsA8UwgcQOpQgOBb69CZ4euRtMmk53OoleYmMB0NWWcUVxxQVdrVGmlt1U3KdHljw&_nc_ohc=2W22vL6f6A4Q7kNvwH6honS&_nc_gid=LglsGdktDq73kuhOBWfoZA&edm=AJhczIQBAAAA&ccb=7-5&ig_cache_key=Mzc5OTE3MzU0Nzg4OTI4MTI0OQ%3D%3D.3-ccb7-5&oh=00_AfodLH_w3MwlETIXGEZOuboysP2LXijq1xX0REJnEQWk_Q&oe=6975207B&_nc_sid=4a2096', 'https://instagram.fhan3-4.fna.fbcdn.net/o1/v/t2/f2/m86/AQOJYI94dZ-Sf3QFiy6s3GIBZLoisy4HMxff4WnxpDmYQ_P8KZ68VKL087433u9q0X9KiCi2n4rdDGShBUYwMwq3YYTDw9ucGLDCilU.mp4?_nc_cat=106&_nc_oc=AdlYyycohHEbSWPbJu8XlAJEgkBtclISHspTpwrGDRXz8DaMCGDQzKOnyf5q_ojIFZw&_nc_sid=5e9851&_nc_ht=instagram.fhan3-4.fna.fbcdn.net&_nc_ohc=EvzGUF-8Dn4Q7kNvwHfTwKr&efg=eyJ2ZW5jb2RlX3RhZyI6Inhwdl9wcm9ncmVzc2l2ZS5JTlNUQUdSQU0uRkVFRC5DMy43MjAuZGFzaF9iYXNlbGluZV8xX3YxIiwieHB2X2Fzc2V0X2lkIjo4NzMxNDc4OTIyODA3MjUsImFzc2V0X2FnZV9kYXlzIjoyMCwidmlfdXNlY2FzZV9pZCI6MTAwOTksImR1cmF0aW9uX3MiOjE3OSwidXJsZ2VuX3NvdXJjZSI6Ind3dyJ9&ccb=17-1&_nc_gid=LglsGdktDq73kuhOBWfoZA&_nc_zt=28&vs=41f2b8d5f3d46785&_nc_vs=HBksFQIYUmlnX3hwdl9yZWVsc19wZXJtYW5lbnRfc3JfcHJvZC83MzQ5QUI0NjI4RkMyNDQyMTA4Q0VDM0NDQTVGNkFBMF92aWRlb19kYXNoaW5pdC5tcDQVAALIARIAFQIYOnBhc3N0aHJvdWdoX2V2ZXJzdG9yZS9HT2FGVnlTS3M0V1ZiWW9DQUJSNlNpdVo2NUpNYnN0VEFRQUYVAgLIARIAKAAYABsCiAd1c2Vfb2lsATEScHJvZ3Jlc3NpdmVfcmVjaXBlATEVAAAmqral3_KHjQMVAigCQzMsF0BmdmZmZmZmGBJkYXNoX2Jhc2VsaW5lXzFfdjERAHXqB2XmnQEA&oh=00_AfrAYZG3ZwwgAKwqe2yNqqDc8I1c8KpmNaGxO-Nwsm3FcQ&oe=69710FE3']",,https://www.threads.net/@auroraselfdefense/post/DS5YDaCAEjh,[],"{'likes': 98, 'reposts': 1, 'quotes': 0}",threads,3799173547889281249,Aurora,,"Just shipped this curated ORANGE vibe to New York. 📦

A book set for the mind, stationery for creativity, and a self-defense keychain for peace of mind. 🧡

Thoughts on this combo? Let me know below!

👉 Find it all in my bio.

#NYC #OrangeAesthetic #BookLover #StationeryEssentials #SafetyFirst #CreativeVibes",threads,73236512601,auroraselfdefense
[],2026-01-20T15:18:10.940472+07:00,@senslotkin waiting for you to walk back your defense of ICE and condemn the murder of Renee Good now that you have all the “context” you claim was needed.,2026-01-10T02:03:46+07:00,,3806460108109096623,threads,threads.com,threads_crawler_v1,https://www.threads.net/@momsformichigan/post/DTTQ00Diaav,https://instagram.fhan4-5.fna.fbcdn.net/v/t51.2885-19/451360235_1214075913170835_9039210538316646526_n.jpg?stp=dst-jpg_s150x150_tt6&efg=eyJ2ZW5jb2RlX3RhZyI6InByb2ZpbGVfcGljLmRqYW5nby41MzEuYzIifQ&_nc_ht=instagram.fhan4-5.fna.fbcdn.net&_nc_cat=103&_nc_oc=Q6cZ2QGsA8UwgcQOpQgOBb69CZ4euRtMmk53OoleYmMB0NWWcUVxxQVdrVGmlt1U3KdHljw&_nc_ohc=SAwk82A-Y0AQ7kNvwGQzsmS&_nc_gid=LglsGdktDq73kuhOBWfoZA&edm=AJhczIQBAAAA&ccb=7-5&oh=00_Afq0X8cSMfWR15-a5wDrbu5Viih1pL27AMUnHvrGXX-hsw&oe=69751AA8&_nc_sid=4a2096,125,0,3071,260,0,[],,https://www.threads.net/@momsformichigan/post/DTTQ00Diaav,[],"{'likes': 3071, 'reposts': 245, 'quotes': 15}",threads,3806460108109096623,Moms for Michigan,Renee Good,@senslotkin waiting for you to walk back your defense of ICE and condemn the murder of Renee Good now that you have all the “context” you claim was needed.,threads,63227127991,momsformichigan
[],2026-01-20T15:18:38.331458+07:00,"NFL Saturday Parlay Pieces and Cheat Sheets 1/3 🏈🏈🏈

Today's NFL public post:
✅Parlay Pieces
✅H2H Hit Rates
✅Defense vs Position (DvP) 
✅Contract Incentives

TAP ❤️ If you use my daily cheat sheets on Instagram!!!

#NFLpicks #nflpredictions #nflsaturday #nflplayoffs #nflbetting #sportsbetting",2026-01-03T19:42:48+07:00,,3801919699757207709,threads,threads.com,threads_crawler_v1,https://www.threads.net/@donutsdubs/post/DTDIdLQlpCd,https://instagram.fhan3-2.fna.fbcdn.net/v/t51.2885-19/358000830_1007660000361775_2560849661330945173_n.jpg?stp=dst-jpg_s150x150_tt6&efg=eyJ2ZW5jb2RlX3RhZyI6InByb2ZpbGVfcGljLmRqYW5nby40MDAuYzIifQ&_nc_ht=instagram.fhan3-2.fna.fbcdn.net&_nc_cat=107&_nc_oc=Q6cZ2QFngB1eVQkElLxKlSjIE58XsQQvPa8DIK_64mwQVedEv_C_H-7AtZVR33zgpDJIS4o&_nc_ohc=Ck5HvoV_DNkQ7kNvwFHInz-&_nc_gid=PFPSOkptAFsBUnC6TtU_4g&edm=AJhczIQBAAAA&ccb=7-5&oh=00_AfrBVY_EUrvMPvo7IA5aAr_vXNaavaoMzle_rUNuOwI7ZQ&oe=69751F1B&_nc_sid=4a2096,0,0,15,1,0,['https://instagram.fhan4-5.fna.fbcdn.net/v/t51.2885-15/610779393_18074991326201103_15738671025484796_n.jpg?stp=dst-jpg_e35_tt6&efg=eyJ2ZW5jb2RlX3RhZyI6InRocmVhZHMuQ0FST1VTRUxfSVRFTS5pbWFnZV91cmxnZW4uMTA4MHgxMzUwLnNkci5mODI3ODcuZGVmYXVsdF9pbWFnZS5jMiJ9&_nc_ht=instagram.fhan4-5.fna.fbcdn.net&_nc_cat=103&_nc_oc=Q6cZ2QFngB1eVQkElLxKlSjIE58XsQQvPa8DIK_64mwQVedEv_C_H-7AtZVR33zgpDJIS4o&_nc_ohc=zkM3VLMCtMEQ7kNvwG_0fTX&_nc_gid=PFPSOkptAFsBUnC6TtU_4g&edm=AJhczIQBAAAA&ccb=7-5&ig_cache_key=MzgwMTkxOTY4Nzg3MDU1NzI4OQ%3D%3D.3-ccb7-5&oh=00_Afps9xV4Fptl8pSYtvwpws3a1V0YBgYPDUKGvbL6_W6Dpg&oe=697518BE&_nc_sid=4a2096'],,https://www.threads.net/@donutsdubs/post/DTDIdLQlpCd,[],"{'likes': 15, 'reposts': 1, 'quotes': 0}",threads,3801919699757207709,Mitch Carl,,"NFL Saturday Parlay Pieces and Cheat Sheets 1/3 🏈🏈🏈

Today's NFL public post:
✅Parlay Pieces
✅H2H Hit Rates
✅Defense vs Position (DvP) 
✅Contract Incentives

TAP ❤️ If you use my daily cheat sheets on Instagram!!!

#NFLpicks #nflpredictions #nflsaturday #nflplayoffs #nflbetting #sportsbetting",threads,63264247141,donutsdubs
[],2026-01-20T15:18:38.331592+07:00,"The most dangerous and harmful people in my experience are the highly insecure. 

They tend to prioritize self-protection over human connection. 

Their pain overrides empathy. 

They tend to express that insecurity through defense mechanisms which damage people all around them.

They aren’t malicious by nature, they’re just terrified inside.",2026-01-19T06:18:11+07:00,,3813111138478128341,threads,threads.com,threads_crawler_v1,https://www.threads.net/@oneina.mina/post/DTq5GCyEvzV,https://instagram.fhan4-5.fna.fbcdn.net/v/t51.2885-19/523164331_17895427011257895_4809414697294783417_n.jpg?stp=dst-jpg_s150x150_tt6&efg=eyJ2ZW5jb2RlX3RhZyI6InByb2ZpbGVfcGljLmRqYW5nby4xMDgwLmMyIn0&_nc_ht=instagram.fhan4-5.fna.fbcdn.net&_nc_cat=103&_nc_oc=Q6cZ2QFngB1eVQkElLxKlSjIE58XsQQvPa8DIK_64mwQVedEv_C_H-7AtZVR33zgpDJIS4o&_nc_ohc=I0-DKIlC84EQ7kNvwF9cKbJ&_nc_gid=PFPSOkptAFsBUnC6TtU_4g&edm=AJhczIQBAAAA&ccb=7-5&oh=00_Afq7ibULSF43ywwSqBPpSJqiqZu4YLHtJXlpwbMT99ByZw&oe=6974FDDD&_nc_sid=4a2096,7,0,53,12,0,[],,https://www.threads.net/@oneina.mina/post/DTq5GCyEvzV,[],"{'likes': 53, 'reposts': 11, 'quotes': 1}",threads,3813111138478128341,MINA,,"The most dangerous and harmful people in my experience are the highly insecure. 

They tend to prioritize self-protection over human connection. 

Their pain overrides empathy. 

They tend to express that insecurity through defense mechanisms which damage people all around them.

They aren’t malicious by nature, they’re just terrified inside.",threads,67800561894,oneina.mina
[],2026-01-20T15:18:38.331639+07:00,"Black Panther Party of 
Self Defense re-emerges 
in Philly amid rising tensions 
with ICE.",2026-01-17T16:10:00+07:00,,3811959459724749864,threads,threads.com,threads_crawler_v1,https://www.threads.net/@poppy_gerard/post/DTmzO6XFWwo,https://instagram.fhan3-3.fna.fbcdn.net/v/t51.2885-19/610707357_17906967132312937_4923211414196632508_n.jpg?stp=dst-jpg_s150x150_tt6&efg=eyJ2ZW5jb2RlX3RhZyI6InByb2ZpbGVfcGljLmRqYW5nby4xMDgwLmMyIn0&_nc_ht=instagram.fhan3-3.fna.fbcdn.net&_nc_cat=101&_nc_oc=Q6cZ2QFngB1eVQkElLxKlSjIE58XsQQvPa8DIK_64mwQVedEv_C_H-7AtZVR33zgpDJIS4o&_nc_ohc=kpjm_7wK4QUQ7kNvwHMcNen&_nc_gid=PFPSOkptAFsBUnC6TtU_4g&edm=AJhczIQBAAAA&ccb=7-5&oh=00_AfpiltnIJFuIuk_TjrSIGkDRROzStU7J37Q-__Rk-m1uFQ&oe=697500FB&_nc_sid=4a2096,12,0,190,29,0,[],,https://www.threads.net/@poppy_gerard/post/DTmzO6XFWwo,[],"{'likes': 190, 'reposts': 27, 'quotes': 2}",threads,3811959459724749864,Poppy,,"Black Panther Party of 
Self Defense re-emerges 
in Philly amid rising tensions 
with ICE.",threads,69516336936,poppy_gerard
[],2026-01-20T15:18:38.331673+07:00,"In the military, our ethics are our bedrock. We are trained to protect civil liberties, not suppress them.

The threat to invoke the Insurrection Act against American citizens in Minneapolis isn’t just a policy debate; it’s a danger to the integrity of the force. As veterans, we know that weaponizing the military for domestic politics is a line we can never cross.

It’s time to stand up for the Constitution we swore to defend.

CommonDefense #VetsLead #CivilLiberties #Constitution",2026-01-16T23:54:16+07:00,,3811468311321960272,threads,threads.com,threads_crawler_v1,https://www.threads.net/@common_defense/post/DTlDjwxAN9Q,https://instagram.fhan3-4.fna.fbcdn.net/v/t51.2885-19/358163272_6591775027548486_3482409661111951195_n.jpg?stp=dst-jpg_s150x150_tt6&efg=eyJ2ZW5jb2RlX3RhZyI6InByb2ZpbGVfcGljLmRqYW5nby4zMjAuYzIifQ&_nc_ht=instagram.fhan3-4.fna.fbcdn.net&_nc_cat=106&_nc_oc=Q6cZ2QFngB1eVQkElLxKlSjIE58XsQQvPa8DIK_64mwQVedEv_C_H-7AtZVR33zgpDJIS4o&_nc_ohc=usZJzIhMF2kQ7kNvwGZmgTN&_nc_gid=PFPSOkptAFsBUnC6TtU_4g&edm=AJhczIQBAAAA&ccb=7-5&oh=00_AfpFgH_SoaTshhvlUUY3G7942TfsQEHsN1mcxs_qJdD-jQ&oe=69750B66&_nc_sid=4a2096,20,0,360,121,0,['https://instagram.fhan3-3.fna.fbcdn.net/v/t51.2885-15/613551372_17936747685114947_6833613358496874194_n.jpg?stp=dst-jpg_e35_tt6&efg=eyJ2ZW5jb2RlX3RhZyI6InRocmVhZHMuQ0FST1VTRUxfSVRFTS5pbWFnZV91cmxnZW4uMTA4MHgxMzUwLnNkci5mODI3ODcuZGVmYXVsdF9pbWFnZS5jMiJ9&_nc_ht=instagram.fhan3-3.fna.fbcdn.net&_nc_cat=111&_nc_oc=Q6cZ2QFngB1eVQkElLxKlSjIE58XsQQvPa8DIK_64mwQVedEv_C_H-7AtZVR33zgpDJIS4o&_nc_ohc=oCHzYHlUjTQQ7kNvwFJdnZR&_nc_gid=PFPSOkptAFsBUnC6TtU_4g&edm=AJhczIQBAAAA&ccb=7-5&ig_cache_key=MzgxMTQ2ODI1OTExMTIxOTc5NA%3D%3D.3-ccb7-5&oh=00_AfrCCmJJzPG3WMPgcYmD7xYtsXBnXuTvQGK7y12XmKE6Zg&oe=69752736&_nc_sid=4a2096'],,https://www.threads.net/@common_defense/post/DTlDjwxAN9Q,[],"{'likes': 360, 'reposts': 108, 'quotes': 13}",threads,3811468311321960272,Common Defense,CommonDefense,"In the military, our ethics are our bedrock. We are trained to protect civil liberties, not suppress them.

The threat to invoke the Insurrection Act against American citizens in Minneapolis isn’t just a policy debate; it’s a danger to the integrity of the force. As veterans, we know that weaponizing the military for domestic politics is a line we can never cross.

It’s time to stand up for the Constitution we swore to defend.

CommonDefense #VetsLead #CivilLiberties #Constitution",threads,63490850946,common_defense
[],2026-01-20T15:18:38.331712+07:00,"Breaking News: 🚨 
Alarming situation in next 24 hours 
Israel has activated its air defense system. ⚠️
America US nuclear-powered ships have entered the Red Sea ⚠️
All countries have ordered their people to stay away from diplomatic premises in Iran and Israel. ⚠️
Arab countries have not allowed to the US from using airspace ⚠️
Iran is ready for war and for a solution too ⚠️
Europ wanrs that America is soon to attach Iran in next 72 hours ⚠️🚨
Pray for IRAN and for Islamic Regime",2026-01-15T03:08:54+07:00,,3810116763036517907,threads,threads.com,threads_crawler_v1,https://www.threads.net/@ali.ibne.adam/post/DTgQQJVjYYT,https://instagram.fhan4-1.fna.fbcdn.net/v/t51.2885-19/616171000_17892254469400061_7711241835988276264_n.jpg?stp=dst-jpg_s150x150_tt6&efg=eyJ2ZW5jb2RlX3RhZyI6InByb2ZpbGVfcGljLmRqYW5nby4xMDgwLmMyIn0&_nc_ht=instagram.fhan4-1.fna.fbcdn.net&_nc_cat=105&_nc_oc=Q6cZ2QFngB1eVQkElLxKlSjIE58XsQQvPa8DIK_64mwQVedEv_C_H-7AtZVR33zgpDJIS4o&_nc_ohc=pPpiX1GgSxIQ7kNvwEDauUq&_nc_gid=PFPSOkptAFsBUnC6TtU_4g&edm=AJhczIQBAAAA&ccb=7-5&oh=00_Afpmv7o9_zbJ8nE0ffM6j1fPcOvo8WDvp21ZiDLmgQKaEQ&oe=6975144C&_nc_sid=4a2096,116,0,186,28,0,[],,https://www.threads.net/@ali.ibne.adam/post/DTgQQJVjYYT,[],"{'likes': 186, 'reposts': 24, 'quotes': 4}",threads,3810116763036517907,Ali.ibne.adam,,"Breaking News: 🚨 
Alarming situation in next 24 hours 
Israel has activated its air defense system. ⚠️
America US nuclear-powered ships have entered the Red Sea ⚠️
All countries have ordered their people to stay away from diplomatic premises in Iran and Israel. ⚠️
Arab countries have not allowed to the US from using airspace ⚠️
Iran is ready for war and for a solution too ⚠️
Europ wanrs that America is soon to attach Iran in next 72 hours ⚠️🚨
Pray for IRAN and for Islamic Regime",threads,72190112060,ali.ibne.adam
[],2026-01-20T15:18:38.331763+07:00,"Final Thesis Defense in two days. Can you send me words of encouragements, prayers and wise words to ace my defense? I'm having anxious feeling and getting nervous too. 🥺",2026-01-05T18:22:59+07:00,,3803329083594662683,threads,threads.com,threads_crawler_v1,https://www.threads.net/@lesyeuxtienne/post/DTII6aPkmMb,https://instagram.fhan4-5.fna.fbcdn.net/v/t51.2885-19/587784446_17918108187213602_8445879122053644323_n.jpg?stp=dst-jpg_s150x150_tt6&efg=eyJ2ZW5jb2RlX3RhZyI6InByb2ZpbGVfcGljLmRqYW5nby4xMDgwLmMyIn0&_nc_ht=instagram.fhan4-5.fna.fbcdn.net&_nc_cat=102&_nc_oc=Q6cZ2QFngB1eVQkElLxKlSjIE58XsQQvPa8DIK_64mwQVedEv_C_H-7AtZVR33zgpDJIS4o&_nc_ohc=RMlv_lW3z5MQ7kNvwFlVXNB&_nc_gid=PFPSOkptAFsBUnC6TtU_4g&edm=AJhczIQBAAAA&ccb=7-5&oh=00_AfpyFVNsSxtLhxbX4ch8wuy5N7_-5yJc6VyZFMGLLjqSqw&oe=69750E69&_nc_sid=4a2096,14,0,5,0,0,[],,https://www.threads.net/@lesyeuxtienne/post/DTII6aPkmMb,[],"{'likes': 5, 'reposts': 0, 'quotes': 0}",threads,3803329083594662683,,,"Final Thesis Defense in two days. Can you send me words of encouragements, prayers and wise words to ace my defense? I'm having anxious feeling and getting nervous too. 🥺",threads,66343933601,lesyeuxtienne
[],2026-01-20T15:18:38.331832+07:00,"Washington state folks: 

If you see any ICE activity, please report it to Washington Immigrant Solidarity Network (WAISN)

Call or text 1-844-724-3737 to report activity for community support and defense.

If safe, send photos/videos to info@waisn.org with location, date, and time.",2026-01-16T01:40:32+07:00,,3810797067190779781,threads,threads.com,threads_crawler_v1,https://www.threads.net/@rachelaveryrealtor/post/DTiq739Ab-F,https://instagram.fhan3-2.fna.fbcdn.net/v/t51.2885-19/494509305_17877132651314371_3469017130010771023_n.jpg?stp=dst-jpg_s150x150_tt6&efg=eyJ2ZW5jb2RlX3RhZyI6InByb2ZpbGVfcGljLmRqYW5nby4xMDgwLmMyIn0&_nc_ht=instagram.fhan3-2.fna.fbcdn.net&_nc_cat=107&_nc_oc=Q6cZ2QFngB1eVQkElLxKlSjIE58XsQQvPa8DIK_64mwQVedEv_C_H-7AtZVR33zgpDJIS4o&_nc_ohc=4nSqjzlDe5YQ7kNvwFfE2p4&_nc_gid=PFPSOkptAFsBUnC6TtU_4g&edm=AJhczIQBAAAA&ccb=7-5&oh=00_AfrRGqrMtVqyoyObjopeoqF2noKa5aUP33qy-YXsuGTyIg&oe=69751499&_nc_sid=4a2096,7,0,293,196,0,[],,https://www.threads.net/@rachelaveryrealtor/post/DTiq739Ab-F,[],"{'likes': 293, 'reposts': 183, 'quotes': 13}",threads,3810797067190779781,Rachel Avery | Kitsap County REALTOR®️,,"Washington state folks: 

If you see any ICE activity, please report it to Washington Immigrant Solidarity Network (WAISN)

Call or text 1-844-724-3737 to report activity for community support and defense.

If safe, send photos/videos to info@waisn.org with location, date, and time.",threads,69550130370,rachelaveryrealtor
[],2026-01-20T15:18:38.331886+07:00,"“Get Rid of LeBron… He Sucks on Defense”

#lebronjames #nba #basketball #lakers #greenscreen",2026-01-19T06:16:29+07:00,,3813110268571080389,threads,threads.com,threads_crawler_v1,https://www.threads.net/@dubsonlysports/post/DTq45YnktbF,https://instagram.fhan3-3.fna.fbcdn.net/v/t51.2885-19/515002605_17975258399895457_2230247517797522441_n.jpg?stp=dst-jpg_s150x150_tt6&efg=eyJ2ZW5jb2RlX3RhZyI6InByb2ZpbGVfcGljLmRqYW5nby4xMDgwLmMyIn0&_nc_ht=instagram.fhan3-3.fna.fbcdn.net&_nc_cat=1&_nc_oc=Q6cZ2QFngB1eVQkElLxKlSjIE58XsQQvPa8DIK_64mwQVedEv_C_H-7AtZVR33zgpDJIS4o&_nc_ohc=QUtEp0FC3SkQ7kNvwF5LSlH&_nc_gid=PFPSOkptAFsBUnC6TtU_4g&edm=AJhczIQBAAAA&ccb=7-5&oh=00_AforSUUrEfXPOXPbjK4ute2JEgJTQrphlbR78fEiO5XUUQ&oe=6974F485&_nc_sid=4a2096,24,0,63,3,0,"['https://instagram.fhan4-5.fna.fbcdn.net/v/t51.2885-15/618311691_1955349481679534_2853607702184786227_n.jpg?stp=dst-jpg_e15_tt6&efg=eyJ2ZW5jb2RlX3RhZyI6InRocmVhZHMuRkVFRC5pbWFnZV91cmxnZW4uNjQweDExMzYuc2RyLmY3MTg3OC5kZWZhdWx0X2NvdmVyX2ZyYW1lLmMyIn0&_nc_ht=instagram.fhan4-5.fna.fbcdn.net&_nc_cat=102&_nc_oc=Q6cZ2QFngB1eVQkElLxKlSjIE58XsQQvPa8DIK_64mwQVedEv_C_H-7AtZVR33zgpDJIS4o&_nc_ohc=nPYxFwbljzAQ7kNvwGmeZHd&_nc_gid=PFPSOkptAFsBUnC6TtU_4g&edm=AJhczIQBAAAA&ccb=7-5&ig_cache_key=MzgxMzExMDI2ODU3MTA4MDM4OQ%3D%3D.3-ccb7-5&oh=00_AfooM0fCmbjjx9cLqyN54X0fe3ZXETFGQQRl4suQ61rNfQ&oe=69750ABF&_nc_sid=4a2096', 'https://instagram.fhan3-4.fna.fbcdn.net/o1/v/t16/f2/m69/AQPMGHt6uSzOgyHwnQapjawC_9N8L_N0VhgV0FiVNsLidKDdcZvCl2d_fMYvGjbxWm4fLQzz4_qsZQ3J8cZGjZVa.mp4?strext=1&_nc_cat=106&_nc_oc=Adm_JHCxxEDiEWfQHXI_vh2XWdORg3g3umKoUDtnY_a6NTN1OLmxjd43fdyJuVImST8&_nc_sid=5e9851&_nc_ht=instagram.fhan3-4.fna.fbcdn.net&_nc_ohc=dQzKXKekF00Q7kNvwHtCT2S&efg=eyJ2ZW5jb2RlX3RhZyI6Inhwdl9wcm9ncmVzc2l2ZS5JTlNUQUdSQU0uRkVFRC5DMy43MjAuZGFzaF9iYXNlbGluZV8xX3YxIiwieHB2X2Fzc2V0X2lkIjoxNzkzOTYwNjYzNDEwNjk3NSwiYXNzZXRfYWdlX2RheXMiOjEsInZpX3VzZWNhc2VfaWQiOjEwMDk5LCJkdXJhdGlvbl9zIjoxMDQsInVybGdlbl9zb3VyY2UiOiJ3d3cifQ%3D%3D&ccb=17-1&_nc_gid=PFPSOkptAFsBUnC6TtU_4g&_nc_zt=28&vs=6cafa70138d6ee7c&_nc_vs=HBksFQIYOnBhc3N0aHJvdWdoX2V2ZXJzdG9yZS9HRlUtM3lSMzJudlltR1VFQUY0RTdydURiRU41YnNwVEFRQUYVAALIARIAFQIYUWlnX3hwdl9wbGFjZW1lbnRfcGVybWFuZW50X3YyL0M5NDA2QkFBREU0Q0Q4NjI1QkEyMkYwMjk2RTQ3NkI1X2F1ZGlvX2Rhc2hpbml0Lm1wNBUCAsgBEgAoABgAGwKIB3VzZV9vaWwBMRJwcm9ncmVzc2l2ZV9yZWNpcGUBMRUAACa-wbCNxf7dPxUCKAJDMywXQFou6XjU_fQYEmRhc2hfYmFzZWxpbmVfMV92MREAdeoHZeadAQA&oh=00_AfoydJDtP7aMtaVBsDpwdWEADkHmXTpM1Nh-EHSknZDoyw&oe=6975183A']",,https://www.threads.net/@dubsonlysports/post/DTq45YnktbF,[],"{'likes': 63, 'reposts': 3, 'quotes': 0}",threads,3813110268571080389,Dubs Only Sports,,"“Get Rid of LeBron… He Sucks on Defense”

#lebronjames #nba #basketball #lakers #greenscreen",threads,63232034974,dubsonlysports
[],2026-01-20T15:18:38.331945+07:00,"JUST IN: UK Defence Secretary John Healey announced a £600 million package to boost Ukraine’s air defense capabilities. He also confirmed that the UK will soon start mass-producing the new ""Octopus"" interceptor drones, with thousands set to be delivered to Ukraine every month thereafter.",2025-12-17T02:28:50+07:00,,3789078099435694976,threads,threads.com,threads_crawler_v1,https://www.threads.net/@real_liangshengwen/post/DSVgnS_E6uA,https://instagram.fhan3-3.fna.fbcdn.net/v/t51.2885-19/591169607_18414475123189741_5013102611493962003_n.jpg?stp=dst-jpg_s150x150_tt6&efg=eyJ2ZW5jb2RlX3RhZyI6InByb2ZpbGVfcGljLmRqYW5nby4xMDgwLmMyIn0&_nc_ht=instagram.fhan3-3.fna.fbcdn.net&_nc_cat=1&_nc_oc=Q6cZ2QFngB1eVQkElLxKlSjIE58XsQQvPa8DIK_64mwQVedEv_C_H-7AtZVR33zgpDJIS4o&_nc_ohc=1YVswnKKLg8Q7kNvwFgqR6k&_nc_gid=PFPSOkptAFsBUnC6TtU_4g&edm=AJhczIQBAAAA&ccb=7-5&oh=00_AfpOCMtMewLLmwB8Fv3UZLHZ81J-WcNtPdgFEBLlrGjN7w&oe=69751F14&_nc_sid=4a2096,125,0,1244,127,0,['https://instagram.fhan4-1.fna.fbcdn.net/v/t51.2885-15/587812512_17927884758177401_5236026583069915251_n.jpg?stp=dst-jpg_e35_tt6&efg=eyJ2ZW5jb2RlX3RhZyI6InRocmVhZHMuRkVFRC5pbWFnZV91cmxnZW4uMTAyNHg1NzYuc2RyLmY4Mjc4Ny5kZWZhdWx0X2ltYWdlLmMyIn0&_nc_ht=instagram.fhan4-1.fna.fbcdn.net&_nc_cat=105&_nc_oc=Q6cZ2QFngB1eVQkElLxKlSjIE58XsQQvPa8DIK_64mwQVedEv_C_H-7AtZVR33zgpDJIS4o&_nc_ohc=LwfuvGHmU7AQ7kNvwEjcP4A&_nc_gid=PFPSOkptAFsBUnC6TtU_4g&edm=AJhczIQBAAAA&ccb=7-5&ig_cache_key=Mzc4OTA3ODA5OTQzNTY5NDk3Ng%3D%3D.3-ccb7-5&oh=00_AfqdFoqgbSlqf5m11FUliW1dwlYavdgVuu8BZq2Sxm4fwA&oe=6974F4DA&_nc_sid=4a2096'],,https://www.threads.net/@real_liangshengwen/post/DSVgnS_E6uA,[],"{'likes': 1244, 'reposts': 121, 'quotes': 6}",threads,3789078099435694976,LIANG SHENGWEN,Ukraine aid,"JUST IN: UK Defence Secretary John Healey announced a £600 million package to boost Ukraine’s air defense capabilities. He also confirmed that the UK will soon start mass-producing the new ""Octopus"" interceptor drones, with thousands set to be delivered to Ukraine every month thereafter.",threads,65308049400,real_liangshengwen
[],2026-01-20T15:18:38.332014+07:00,"It’s an amber alert and an APB/wanted Man and that Man is CJ Stroud. You are no longer allowed to step foot in Houston Texas again you are done. He is  done Houston Texas I demand CJ STROUD be released tonight. If not, I’m done supporting y’all that game was worse than the last game you played you threw five interceptions. The defense put it all on the field and you did nothing but hurt us. I’m done.",2026-01-19T07:37:42+07:00,,3813151146156774215,threads,threads.com,threads_crawler_v1,https://www.threads.net/@freebandz_nana/post/DTrCMO1jFNH,https://instagram.fhan3-4.fna.fbcdn.net/v/t51.2885-19/358166474_811554410583688_5530151565465087376_n.jpg?stp=dst-jpg_s150x150_tt6&efg=eyJ2ZW5jb2RlX3RhZyI6InByb2ZpbGVfcGljLmRqYW5nby4xMDgwLmMyIn0&_nc_ht=instagram.fhan3-4.fna.fbcdn.net&_nc_cat=104&_nc_oc=Q6cZ2QFngB1eVQkElLxKlSjIE58XsQQvPa8DIK_64mwQVedEv_C_H-7AtZVR33zgpDJIS4o&_nc_ohc=wv-9QMVVxcIQ7kNvwF1d6XT&_nc_gid=PFPSOkptAFsBUnC6TtU_4g&edm=AJhczIQBAAAA&ccb=7-5&oh=00_AfoJsugahXqkHY7G5yjxfKU2ojhJverMDELxmKbsAAM5LA&oe=697504AE&_nc_sid=4a2096,1,0,1,0,0,"['https://instagram.fhan4-1.fna.fbcdn.net/v/t51.2885-15/618872388_1609817210468633_7802275695495910598_n.jpg?stp=dst-jpg_e15_tt6&efg=eyJ2ZW5jb2RlX3RhZyI6InRocmVhZHMuRkVFRC5pbWFnZV91cmxnZW4uNjQweDExMzYuc2RyLmY3MTg3OC5kZWZhdWx0X2NvdmVyX2ZyYW1lLmMyIn0&_nc_ht=instagram.fhan4-1.fna.fbcdn.net&_nc_cat=105&_nc_oc=Q6cZ2QFngB1eVQkElLxKlSjIE58XsQQvPa8DIK_64mwQVedEv_C_H-7AtZVR33zgpDJIS4o&_nc_ohc=2UH538_aXYoQ7kNvwHLsIB4&_nc_gid=PFPSOkptAFsBUnC6TtU_4g&edm=AJhczIQBAAAA&ccb=7-5&ig_cache_key=MzgxMzE1MTE0NjE1Njc3NDIxNQ%3D%3D.3-ccb7-5&oh=00_AfqKqckC-CQSDE8kg0rkmVaAN1gY1xZyCtCK6Fl5N3VbFQ&oe=6975159F&_nc_sid=4a2096', 'https://instagram.fhan4-6.fna.fbcdn.net/o1/v/t16/f2/m69/AQNDCX1EJn1Yyk2zeat4JWC8or8t7D-hg_qO7mSr0AleeDFF3_bktY7o-V5XdKr05f-EWXwym_TpZcq6Q9gC35OM.mp4?strext=1&_nc_cat=109&_nc_oc=AdnZfK53NabGXTeAdqMP3e6kILbhQRlrQZM4JYYrle2UNvjSqIxzJBgNSh5TpB4OMc0&_nc_sid=5e9851&_nc_ht=instagram.fhan4-6.fna.fbcdn.net&_nc_ohc=VIDgxiEm11AQ7kNvwHZHkPM&efg=eyJ2ZW5jb2RlX3RhZyI6Inhwdl9wcm9ncmVzc2l2ZS5JTlNUQUdSQU0uRkVFRC5DMy43MjAuZGFzaF9iYXNlbGluZV8xX3YxIiwieHB2X2Fzc2V0X2lkIjoxNzkzOTAwNjIyMDExNTkwMCwiYXNzZXRfYWdlX2RheXMiOjEsInZpX3VzZWNhc2VfaWQiOjEwMDk5LCJkdXJhdGlvbl9zIjo2MCwidXJsZ2VuX3NvdXJjZSI6Ind3dyJ9&ccb=17-1&_nc_gid=PFPSOkptAFsBUnC6TtU_4g&_nc_zt=28&vs=3249ccd119cd8502&_nc_vs=HBksFQIYOnBhc3N0aHJvdWdoX2V2ZXJzdG9yZS9HR2QyMWlRY3FaOG9WWE1GQUdVNkNKYm94MGtLYnNwVEFRQUYVAALIARIAFQIYUWlnX3hwdl9wbGFjZW1lbnRfcGVybWFuZW50X3YyLzEwNEUwNThENjJEOEY3ODUwRDA2RTk2OTU3NTYzQzhFX2F1ZGlvX2Rhc2hpbml0Lm1wNBUCAsgBEgAoABgAGwKIB3VzZV9vaWwBMRJwcm9ncmVzc2l2ZV9yZWNpcGUBMRUAACb4_vzVy9vdPxUCKAJDMywXQE4AAAAAAAAYEmRhc2hfYmFzZWxpbmVfMV92MREAdeoHZeadAQA&oh=00_AfqC1-EJr4mu1T_trfry_E4VXVzoBBSsVZJPvjOP38hyxA&oe=6975268B']",,https://www.threads.net/@freebandz_nana/post/DTrCMO1jFNH,[],"{'likes': 1, 'reposts': 0, 'quotes': 0}",threads,3813151146156774215,Mr .Burberry 🇳🇬,,"It’s an amber alert and an APB/wanted Man and that Man is CJ Stroud. You are no longer allowed to step foot in Houston Texas again you are done. He is  done Houston Texas I demand CJ STROUD be released tonight. If not, I’m done supporting y’all that game was worse than the last game you played you threw five interceptions. The defense put it all on the field and you did nothing but hurt us. I’m done.",threads,63481163899,freebandz_nana
[],2026-01-20T15:18:38.332080+07:00,"NBA : Wolves vs Cavaliers 🔥🔥🔥
+) Wolves đang thể hiện ấn tượng ở cả offense lẫn defense: tốc độ pace ổn định, hiệu quả ném 3 tốt, rebounds kiểm soát bởi Gobert , 1 lối chơi toàn diện đang được thể hiện
+) Cavalier dù recent form tích cực, họ thiếu nhiều role player trận này dù vẫn còn Garland và Mitchell tuy nhiên lối chơi của họ chưa thể toàn diện được như bầy sói, trận này có thể họ sẽ thiên về xoay quanh stars
=> Wolves -2.5 FT 💎",2026-01-08T19:45:19+07:00,,3805544852315417639,threads,threads.com,threads_crawler_v1,https://www.threads.net/@nbavua/post/DTQAuFrE6wn,https://instagram.fhan4-5.fna.fbcdn.net/v/t51.2885-19/495447714_17845182279471207_689581421488393671_n.jpg?stp=dst-jpg_s150x150_tt6&efg=eyJ2ZW5jb2RlX3RhZyI6InByb2ZpbGVfcGljLmRqYW5nby4zMjAuYzIifQ&_nc_ht=instagram.fhan4-5.fna.fbcdn.net&_nc_cat=103&_nc_oc=Q6cZ2QFngB1eVQkElLxKlSjIE58XsQQvPa8DIK_64mwQVedEv_C_H-7AtZVR33zgpDJIS4o&_nc_ohc=-W4rh_09Y_sQ7kNvwG4nOaP&_nc_gid=PFPSOkptAFsBUnC6TtU_4g&edm=AJhczIQBAAAA&ccb=7-5&oh=00_AfqWZmVHBImbGK7vIz1vG64m6qOU7C3snXYfhsHKF9Cu4Q&oe=6974F108&_nc_sid=4a2096,0,0,16,1,0,['https://instagram.fhan3-3.fna.fbcdn.net/v/t51.2885-15/610747298_17872015011484213_6251920147639181824_n.jpg?stp=cp6_dst-jpg_e35_tt6&efg=eyJ2ZW5jb2RlX3RhZyI6InRocmVhZHMuRkVFRC5pbWFnZV91cmxnZW4uODI4eDE4Mi5zZHIuZjgyNzg3LmRlZmF1bHRfaW1hZ2UuYzIifQ&_nc_ht=instagram.fhan3-3.fna.fbcdn.net&_nc_cat=101&_nc_oc=Q6cZ2QFngB1eVQkElLxKlSjIE58XsQQvPa8DIK_64mwQVedEv_C_H-7AtZVR33zgpDJIS4o&_nc_ohc=fSwwDrjYGLsQ7kNvwHmSUAt&_nc_gid=PFPSOkptAFsBUnC6TtU_4g&edm=AJhczIQBAAAA&ccb=7-5&ig_cache_key=MzgwNTU0NDg1MjMxNTQxNzYzOQ%3D%3D.3-ccb7-5&oh=00_Afo_PAt6ugKxZl_JXDYr6KstxrVjuO3UBypaakdN4WKLrg&oe=69751D32&_nc_sid=4a2096'],,https://www.threads.net/@nbavua/post/DTQAuFrE6wn,[],"{'likes': 16, 'reposts': 0, 'quotes': 1}",threads,3805544852315417639,vua NBA,NBA Threads,"NBA : Wolves vs Cavaliers 🔥🔥🔥
+) Wolves đang thể hiện ấn tượng ở cả offense lẫn defense: tốc độ pace ổn định, hiệu quả ném 3 tốt, rebounds kiểm soát bởi Gobert , 1 lối chơi toàn diện đang được thể hiện
+) Cavalier dù recent form tích cực, họ thiếu nhiều role player trận này dù vẫn còn Garland và Mitchell tuy nhiên lối chơi của họ chưa thể toàn diện được như bầy sói, trận này có thể họ sẽ thiên về xoay quanh stars
=> Wolves -2.5 FT 💎",threads,74420932212,nbavua
[],2026-01-20T15:18:38.332145+07:00,"""Leave."" ""Get out of the car.""
Two orders. Same moment. Then they shot her.
That's not self-defense. That's an execution.",2026-01-08T13:58:04+07:00,,3805370072018828816,threads,threads.com,threads_crawler_v1,https://www.threads.net/@ehsanzaffar/post/DTPY-s1lb4Q,https://instagram.fhan4-5.fna.fbcdn.net/v/t51.2885-19/589037978_17843285697623187_7073890786286387928_n.jpg?stp=dst-jpg_s150x150_tt6&efg=eyJ2ZW5jb2RlX3RhZyI6InByb2ZpbGVfcGljLmRqYW5nby4yMjEuYzIifQ&_nc_ht=instagram.fhan4-5.fna.fbcdn.net&_nc_cat=103&_nc_oc=Q6cZ2QFngB1eVQkElLxKlSjIE58XsQQvPa8DIK_64mwQVedEv_C_H-7AtZVR33zgpDJIS4o&_nc_ohc=jc3iDwYkulwQ7kNvwGxgNtn&_nc_gid=PFPSOkptAFsBUnC6TtU_4g&edm=AJhczIQBAAAA&ccb=7-5&oh=00_Afo0jW4uFC3S2Eh4i4HbffWD186lWFV-dvhEHC31bXAznw&oe=6975182A&_nc_sid=4a2096,250,0,22842,1629,0,[],,https://www.threads.net/@ehsanzaffar/post/DTPY-s1lb4Q,[],"{'likes': 22842, 'reposts': 1605, 'quotes': 24}",threads,3805370072018828816,Ehsan,Renee Good,"""Leave."" ""Get out of the car.""
Two orders. Same moment. Then they shot her.
That's not self-defense. That's an execution.",threads,78566271186,ehsanzaffar
[],2026-01-20T15:18:38.332212+07:00,"Sean Payton, talking about reps for the backup QB in practice, said Jarrett Stidham will ""take some reps, especially during that bye week before the playoffs began.""

Payton adds, ""One of Stiddy's great strengths is his mental aptitude and his progressions and understanding plays. Like, there'd be practices where I'm looking at Vance [Joseph] getting pissed off because Stiddy's making our defense look bad. He's very accurate. He's got a lot to his ball.""",2026-01-19T04:24:54+07:00,,3813051143724047180,threads,threads.com,threads_crawler_v1,https://www.threads.net/@masedenver/post/DTqrdAUEZtM,https://instagram.fhan4-1.fna.fbcdn.net/v/t51.2885-19/370945883_687900779390957_6377942230338203865_n.jpg?stp=dst-jpg_s150x150_tt6&efg=eyJ2ZW5jb2RlX3RhZyI6InByb2ZpbGVfcGljLmRqYW5nby4xMDgwLmMyIn0&_nc_ht=instagram.fhan4-1.fna.fbcdn.net&_nc_cat=105&_nc_oc=Q6cZ2QFngB1eVQkElLxKlSjIE58XsQQvPa8DIK_64mwQVedEv_C_H-7AtZVR33zgpDJIS4o&_nc_ohc=SKxndMGJNtUQ7kNvwGpbfVf&_nc_gid=PFPSOkptAFsBUnC6TtU_4g&edm=AJhczIQBAAAA&ccb=7-5&oh=00_Afpcd0B_gNI6pTybeH4dnjIKDSKKuwujC3KoVeRVxy1OWg&oe=6975134B&_nc_sid=4a2096,2,0,100,2,0,"['https://instagram.fhan3-3.fna.fbcdn.net/v/t51.2885-15/619396873_1215731277432515_263907815313847280_n.jpg?stp=dst-jpg_e15_tt6&efg=eyJ2ZW5jb2RlX3RhZyI6InRocmVhZHMuRkVFRC5pbWFnZV91cmxnZW4uNjQweDM2MC5zZHIuZjcxODc4LmRlZmF1bHRfY292ZXJfZnJhbWUuYzIifQ&_nc_ht=instagram.fhan3-3.fna.fbcdn.net&_nc_cat=111&_nc_oc=Q6cZ2QFngB1eVQkElLxKlSjIE58XsQQvPa8DIK_64mwQVedEv_C_H-7AtZVR33zgpDJIS4o&_nc_ohc=YTQxB6WmYqUQ7kNvwE8zwV_&_nc_gid=PFPSOkptAFsBUnC6TtU_4g&edm=AJhczIQBAAAA&ccb=7-5&ig_cache_key=MzgxMzA1MTE0MzcyNDA0NzE4MA%3D%3D.3-ccb7-5&oh=00_AfqcpU6dzBkUYlhWbXU8AGuqQ_9mfdoKSjf0bgFu8XbWBA&oe=6974F761&_nc_sid=4a2096', 'https://instagram.fhan4-5.fna.fbcdn.net/o1/v/t16/f2/m84/AQNFHDI7V4BWO_DFLfUHNP6dvjaLEughglcQS8KLtTQlCMizHYtYAuWvqsx72Hc9qYq74aPeqiGEUB2NdgNQhVhoYDeCwClNjo_xvNw.mp4?_nc_cat=102&_nc_oc=AdlzfisPb73ZTR9Hao4OGHh0xKThTAVPgBtq5Q6L3H5KukHGtXfvGlbr49nHQezH38M&_nc_sid=5e9851&_nc_ht=instagram.fhan4-5.fna.fbcdn.net&_nc_ohc=CbCfhI69kiwQ7kNvwEGXfc9&efg=eyJ2ZW5jb2RlX3RhZyI6Inhwdl9wcm9ncmVzc2l2ZS5JTlNUQUdSQU0uRkVFRC5DMy4xMjgwLmRhc2hfYmFzZWxpbmVfMV92MSIsInhwdl9hc3NldF9pZCI6MjIyNTAyMzI3ODMxODg5MCwiYXNzZXRfYWdlX2RheXMiOjEsInZpX3VzZWNhc2VfaWQiOjEwMTY0LCJkdXJhdGlvbl9zIjoxMzEsInVybGdlbl9zb3VyY2UiOiJ3d3cifQ%3D%3D&ccb=17-1&_nc_gid=PFPSOkptAFsBUnC6TtU_4g&_nc_zt=28&vs=46506ec49f48c83a&_nc_vs=HBksFQIYTGlnX2JhY2tmaWxsX3RpbWVsaW5lX3ZvZC9CRjRERUIxNEE5OEZBODU4OUQ0Q0M2MUFCNTAzRkJBQl92aWRlb19kYXNoaW5pdC5tcDQVAALIARIAFQIYUWlnX3hwdl9wbGFjZW1lbnRfcGVybWFuZW50X3YyL0I3NEVCRTE2ODk3RDdGMkJCODUyRDZEODMzMzg3NTkxX2F1ZGlvX2Rhc2hpbml0Lm1wNBUCAsgBEgAoABgAGwKIB3VzZV9vaWwBMRJwcm9ncmVzc2l2ZV9yZWNpcGUBMRUAACbUlPihs-nzBxUCKAJDMywXQGB5mZmZmZoYEmRhc2hfYmFzZWxpbmVfMV92MREAdeoHZeieAQA&oh=00_AfpBW8IQWzfjGdgJboJ5Fh-eFHmRqtJA1urBhL84rOj1eg&oe=6971265E']",,https://www.threads.net/@masedenver/post/DTqrdAUEZtM,[],"{'likes': 100, 'reposts': 2, 'quotes': 0}",threads,3813051143724047180,Andrew Mason,,"Sean Payton, talking about reps for the backup QB in practice, said Jarrett Stidham will ""take some reps, especially during that bye week before the playoffs began.""

Payton adds, ""One of Stiddy's great strengths is his mental aptitude and his progressions and understanding plays. Like, there'd be practices where I'm looking at Vance [Joseph] getting pissed off because Stiddy's making our defense look bad. He's very accurate. He's got a lot to his ball.""",threads,63455758793,masedenver
[],2026-01-20T15:18:38.332255+07:00,"Genuine question:  has any GOP member of house or senate spoken out about the Dept of defense and Hegseth threatening sen Mark Kelly with lawfare?  Beyond disturbing

Especially any veterans?

Shame on all those who stay silent",2025-11-25T06:20:24+07:00,,3773249589458258765,threads,threads.com,threads_crawler_v1,https://www.threads.net/@adam_kinzinger/post/DRdRoKUjEtN,https://instagram.fhan3-2.fna.fbcdn.net/v/t51.2885-19/358374011_662853928577059_1143443547272892566_n.jpg?stp=dst-jpg_s150x150_tt6&efg=eyJ2ZW5jb2RlX3RhZyI6InByb2ZpbGVfcGljLmRqYW5nby4xMDgwLmMyIn0&_nc_ht=instagram.fhan3-2.fna.fbcdn.net&_nc_cat=107&_nc_oc=Q6cZ2QFngB1eVQkElLxKlSjIE58XsQQvPa8DIK_64mwQVedEv_C_H-7AtZVR33zgpDJIS4o&_nc_ohc=wVNKwhF2tMwQ7kNvwHAj4fl&_nc_gid=PFPSOkptAFsBUnC6TtU_4g&edm=AJhczIQBAAAA&ccb=7-5&oh=00_AfroUV-5gyXTSioeYqmcyEkGzowMKOpLP5qntn-xqMsCRw&oe=697501E9&_nc_sid=4a2096,787,0,30325,2368,0,[],,https://www.threads.net/@adam_kinzinger/post/DRdRoKUjEtN,[],"{'likes': 30325, 'reposts': 2309, 'quotes': 59}",threads,3773249589458258765,Adam Kinzinger,,"Genuine question:  has any GOP member of house or senate spoken out about the Dept of defense and Hegseth threatening sen Mark Kelly with lawfare?  Beyond disturbing

Especially any veterans?

Shame on all those who stay silent",threads,63666944290,adam_kinzinger
[],2026-01-20T15:18:38.332309+07:00,"🚨 BREAKING: 400,000+ Russian soldiers killed or wounded in Ukraine war.

British defense intelligence confirms staggering casualties: over 400,000 Russian troops killed or wounded since Putin's invasion.

400,000 families destroyed.
For what? Putin's imperial fantasy.

Russia is bleeding for nothing.
Ukraine stands strong. 🇪🇺🇺🇦⚔️",2025-12-24T03:17:02+07:00,,3794175795917253823,threads,threads.com,threads_crawler_v1,https://www.threads.net/@europa.maxima/post/DSnnsizCGy_,https://instagram.fhan3-3.fna.fbcdn.net/v/t51.2885-19/612636668_17933586813158981_1417865552960775593_n.jpg?stp=dst-jpg_s150x150_tt6&efg=eyJ2ZW5jb2RlX3RhZyI6InByb2ZpbGVfcGljLmRqYW5nby4xMDgwLmMyIn0&_nc_ht=instagram.fhan3-3.fna.fbcdn.net&_nc_cat=1&_nc_oc=Q6cZ2QFngB1eVQkElLxKlSjIE58XsQQvPa8DIK_64mwQVedEv_C_H-7AtZVR33zgpDJIS4o&_nc_ohc=RIakDqWvolUQ7kNvwHbbbq-&_nc_gid=PFPSOkptAFsBUnC6TtU_4g&edm=AJhczIQBAAAA&ccb=7-5&oh=00_AfpzXKp3-4OIDEPOe803K1fKXs0dbd6O-JvOzRDM1dNwIA&oe=697511C0&_nc_sid=4a2096,662,0,2022,163,0,['https://instagram.fhan4-1.fna.fbcdn.net/v/t51.2885-15/604269563_17931606093158981_5000249063412719876_n.webp?efg=eyJ2ZW5jb2RlX3RhZyI6InRocmVhZHMuRkVFRC5pbWFnZV91cmxnZW4uNjAweDM1Mi5zZHIuZjgyNzg3LmRlZmF1bHRfaW1hZ2UuYzIifQ&_nc_ht=instagram.fhan4-1.fna.fbcdn.net&_nc_cat=105&_nc_oc=Q6cZ2QFngB1eVQkElLxKlSjIE58XsQQvPa8DIK_64mwQVedEv_C_H-7AtZVR33zgpDJIS4o&_nc_ohc=sVECZMmTqQoQ7kNvwGAtk77&_nc_gid=PFPSOkptAFsBUnC6TtU_4g&edm=AJhczIQBAAAA&ccb=7-5&ig_cache_key=Mzc5NDE3NTc5NTkxNzI1MzgyMw%3D%3D.3-ccb7-5&oh=00_Afo2B9Tizb6xCTJyO12AkJQq5sEcyaOBmsLmD0KPt4hZJQ&oe=6975206A&_nc_sid=4a2096'],,https://www.threads.net/@europa.maxima/post/DSnnsizCGy_,[],"{'likes': 2022, 'reposts': 153, 'quotes': 10}",threads,3794175795917253823,Europa Maxima,,"🚨 BREAKING: 400,000+ Russian soldiers killed or wounded in Ukraine war.

British defense intelligence confirms staggering casualties: over 400,000 Russian troops killed or wounded since Putin's invasion.

400,000 families destroyed.
For what? Putin's imperial fantasy.

Russia is bleeding for nothing.
Ukraine stands strong. 🇪🇺🇺🇦⚔️",threads,64707806980,europa.maxima
[],2026-01-20T15:18:38.332348+07:00,"Tonight’s LA Rams 4th qtr. catch and strip by the Bears defense is **IDENTICAL** to the Bills catch and strip by the Broncos defense .
<<BUT>> tonight the refs said the Rams WR was down before it was stripped and they keep the ball (correctly so).
And scored a TD a few plays later.
😮",2026-01-19T09:12:44+07:00,,3813198995297244142,threads,threads.com,threads_crawler_v1,https://www.threads.net/@edfayette/post/DTrNEh0kZPu,https://instagram.fhan3-4.fna.fbcdn.net/v/t51.2885-19/358077887_2408105859370216_1244147360624025676_n.jpg?stp=dst-jpg_s150x150_tt6&efg=eyJ2ZW5jb2RlX3RhZyI6InByb2ZpbGVfcGljLmRqYW5nby4xMDgwLmMyIn0&_nc_ht=instagram.fhan3-4.fna.fbcdn.net&_nc_cat=104&_nc_oc=Q6cZ2QFngB1eVQkElLxKlSjIE58XsQQvPa8DIK_64mwQVedEv_C_H-7AtZVR33zgpDJIS4o&_nc_ohc=2ZO7oke8q14Q7kNvwGJzU1j&_nc_gid=PFPSOkptAFsBUnC6TtU_4g&edm=AJhczIQBAAAA&ccb=7-5&oh=00_Afq-K8z6zjREdUe_xjMCMGEFJcbrZMD_zf6b8_3_4eYL_w&oe=6974FD15&_nc_sid=4a2096,25,0,31,3,0,[],,https://www.threads.net/@edfayette/post/DTrNEh0kZPu,[],"{'likes': 31, 'reposts': 3, 'quotes': 0}",threads,3813198995297244142,Ed Fayette,,"Tonight’s LA Rams 4th qtr. catch and strip by the Bears defense is **IDENTICAL** to the Bills catch and strip by the Broncos defense .
<<BUT>> tonight the refs said the Rams WR was down before it was stripped and they keep the ball (correctly so).
And scored a TD a few plays later.
😮",threads,63453249424,edfayette
[],2026-01-20T15:18:38.332399+07:00,"My take on the ICE shooting is simple:

Loss of any human life is tragic and I agree that we should pray for the family.

But the acts of the ICE agent were justified. If someone tries to run you over, you have every right to defend yourself.

The arguments that he should have just shot the tires or tried to de-escalate are illogical. She came at him with a deadly weapon, which justifies self defense.",2026-01-11T03:18:06+07:00,,3807222297133169011,threads,threads.com,threads_crawler_v1,https://www.threads.net/@annakosten1776/post/DTV-IH5kblz,https://instagram.fhan3-3.fna.fbcdn.net/v/t51.2885-19/613145404_17848010013661106_3009609734222552786_n.jpg?stp=dst-jpg_s150x150_tt6&efg=eyJ2ZW5jb2RlX3RhZyI6InByb2ZpbGVfcGljLmRqYW5nby4xMDgwLmMyIn0&_nc_ht=instagram.fhan3-3.fna.fbcdn.net&_nc_cat=1&_nc_oc=Q6cZ2QFngB1eVQkElLxKlSjIE58XsQQvPa8DIK_64mwQVedEv_C_H-7AtZVR33zgpDJIS4o&_nc_ohc=IMzgoG5jPCwQ7kNvwE2hndM&_nc_gid=PFPSOkptAFsBUnC6TtU_4g&edm=AJhczIQBAAAA&ccb=7-5&oh=00_AfqipUGSOWUSaX8h-L1_Fg1hFRWHok2j5RLmI66RxxqFKA&oe=6974FA0B&_nc_sid=4a2096,1118,0,1524,79,0,[],,https://www.threads.net/@annakosten1776/post/DTV-IH5kblz,[],"{'likes': 1524, 'reposts': 76, 'quotes': 3}",threads,3807222297133169011,Anna Kosten,Renee Good,"My take on the ICE shooting is simple:

Loss of any human life is tragic and I agree that we should pray for the family.

But the acts of the ICE agent were justified. If someone tries to run you over, you have every right to defend yourself.

The arguments that he should have just shot the tires or tried to de-escalate are illogical. She came at him with a deadly weapon, which justifies self defense.",threads,79832309105,annakosten1776
[],2026-01-20T15:18:38.332432+07:00,"Just now getting word that ICE agents in Minneapolis ordered a legal observer to turn her car around, and as she was obeying orders and doing so, they shot her in the face multiple times. Reports are that she died from her injuries.

That was not self defense. That was an execution. They executed an American citizen.",2026-01-08T01:05:11+07:00,,3804981064851519850,threads,threads.com,threads_crawler_v1,https://www.threads.net/@travelingnurselex/post/DTOAh5rj_lq,https://instagram.fhan3-3.fna.fbcdn.net/v/t51.2885-19/587812813_18541416850059149_5835989179735503222_n.jpg?stp=dst-jpg_s150x150_tt6&efg=eyJ2ZW5jb2RlX3RhZyI6InByb2ZpbGVfcGljLmRqYW5nby42NTkuYzIifQ&_nc_ht=instagram.fhan3-3.fna.fbcdn.net&_nc_cat=1&_nc_oc=Q6cZ2QFngB1eVQkElLxKlSjIE58XsQQvPa8DIK_64mwQVedEv_C_H-7AtZVR33zgpDJIS4o&_nc_ohc=DO2PRHuF9sQQ7kNvwFaZ1U7&_nc_gid=PFPSOkptAFsBUnC6TtU_4g&edm=AJhczIQBAAAA&ccb=7-5&oh=00_Afr1KoLDVIUk2bqK7LWHAh0av_Q0I2S4fwV0zvdPwDzJrw&oe=69752747&_nc_sid=4a2096,946,0,13863,2193,0,[],,https://www.threads.net/@travelingnurselex/post/DTOAh5rj_lq,[],"{'likes': 13863, 'reposts': 2124, 'quotes': 69}",threads,3804981064851519850,Alexis Rose RN,,"Just now getting word that ICE agents in Minneapolis ordered a legal observer to turn her car around, and as she was obeying orders and doing so, they shot her in the face multiple times. Reports are that she died from her injuries.

That was not self defense. That was an execution. They executed an American citizen.",threads,63283082290,travelingnurselex
[],2026-01-20T15:18:38.332466+07:00,NFL week 17 cheat sheets defense vs position,2025-12-25T05:52:34+07:00,,3794978850355458520,threads,threads.com,threads_crawler_v1,https://www.threads.net/@picks.byjay/post/DSqeShhjrHY,https://instagram.fhan4-5.fna.fbcdn.net/v/t51.2885-19/588192398_17885694246403599_4360913488399267252_n.jpg?stp=dst-jpg_s150x150_tt6&efg=eyJ2ZW5jb2RlX3RhZyI6InByb2ZpbGVfcGljLmRqYW5nby4xMDgwLmMyIn0&_nc_ht=instagram.fhan4-5.fna.fbcdn.net&_nc_cat=103&_nc_oc=Q6cZ2QFngB1eVQkElLxKlSjIE58XsQQvPa8DIK_64mwQVedEv_C_H-7AtZVR33zgpDJIS4o&_nc_ohc=J0U8ANG9NpUQ7kNvwGWaJ56&_nc_gid=PFPSOkptAFsBUnC6TtU_4g&edm=AJhczIQBAAAA&ccb=7-5&oh=00_AfpaWhvYI4haOrskYzNMceLEJ5MgcQ8CylRsOrza_sTGpg&oe=6974F30B&_nc_sid=4a2096,1,0,108,8,0,['https://instagram.fhan3-3.fna.fbcdn.net/v/t51.2885-15/604440264_17892038529389651_8571670109180756477_n.jpg?stp=cp6_dst-jpg_e35_tt6&efg=eyJ2ZW5jb2RlX3RhZyI6InRocmVhZHMuQ0FST1VTRUxfSVRFTS5pbWFnZV91cmxnZW4uMTMyMHgxNDEzLnNkci5mODI3ODcuZGVmYXVsdF9pbWFnZS5jMiJ9&_nc_ht=instagram.fhan3-3.fna.fbcdn.net&_nc_cat=111&_nc_oc=Q6cZ2QFngB1eVQkElLxKlSjIE58XsQQvPa8DIK_64mwQVedEv_C_H-7AtZVR33zgpDJIS4o&_nc_ohc=9Rx7iEHDlP4Q7kNvwF6NNU0&_nc_gid=PFPSOkptAFsBUnC6TtU_4g&edm=AJhczIQBAAAA&ccb=7-5&ig_cache_key=Mzc5NDk3ODg0NTkxNzg1MzUwNw%3D%3D.3-ccb7-5&oh=00_AfqRES2_5bazs-_8Ri04bhTGb-CAsCIBT-073k5iGBHFDg&oe=6974FBFB&_nc_sid=4a2096'],,https://www.threads.net/@picks.byjay/post/DSqeShhjrHY,[],"{'likes': 108, 'reposts': 8, 'quotes': 0}",threads,3794978850355458520,Justin Singh,,NFL week 17 cheat sheets defense vs position,threads,71709341650,picks.byjay
[],2026-01-20T15:18:38.332508+07:00,"Oh they playing defense, defense  in this South Carolina / Texas game.",2026-01-16T07:23:19+07:00,,3810969593309864332,threads,threads.com,threads_crawler_v1,https://www.threads.net/@wilsworld54/post/DTjSKdbDKGM,https://instagram.fhan3-3.fna.fbcdn.net/v/t51.2885-19/357832738_1238716586811489_2692305900289996059_n.jpg?stp=dst-jpg_s150x150_tt6&efg=eyJ2ZW5jb2RlX3RhZyI6InByb2ZpbGVfcGljLmRqYW5nby40MDAuYzIifQ&_nc_ht=instagram.fhan3-3.fna.fbcdn.net&_nc_cat=1&_nc_oc=Q6cZ2QFngB1eVQkElLxKlSjIE58XsQQvPa8DIK_64mwQVedEv_C_H-7AtZVR33zgpDJIS4o&_nc_ohc=ObGVbUwhsvEQ7kNvwHS8HMG&_nc_gid=PFPSOkptAFsBUnC6TtU_4g&edm=AJhczIQBAAAA&ccb=7-5&oh=00_Afr7VEJEQP2IG696B0iMFLHUY5DIZ17i0lL9K6pc8SAqYg&oe=69751C4C&_nc_sid=4a2096,6,0,25,0,0,[],,https://www.threads.net/@wilsworld54/post/DTjSKdbDKGM,[],"{'likes': 25, 'reposts': 0, 'quotes': 0}",threads,3810969593309864332,Wil ⚜️,WCBBThreads,"Oh they playing defense, defense  in this South Carolina / Texas game.",threads,63053860582,wilsworld54
[],2026-01-20T15:19:06.846785+07:00,Hear me out: We keep the Browns defense and the Bengals offense and merge into one Ohio NFL team.,2026-01-05T01:56:16+07:00,,3802832455057123330,threads,threads.com,threads_crawler_v1,https://www.threads.net/@rookie_founder/post/DTGX_g4AagC,https://instagram.fhan3-2.fna.fbcdn.net/v/t51.2885-19/610995319_17914935678254575_9015304466474041616_n.jpg?stp=dst-jpg_s150x150_tt6&efg=eyJ2ZW5jb2RlX3RhZyI6InByb2ZpbGVfcGljLmRqYW5nby41NjMuYzIifQ&_nc_ht=instagram.fhan3-2.fna.fbcdn.net&_nc_cat=107&_nc_oc=Q6cZ2QHKavBDripclS9J5GFaSdJQsKp62sD4fL_pTngsqeufOroCbTNOcGWWkT-drrTY5Hc&_nc_ohc=x_7P7iTUaJIQ7kNvwFCYUsr&_nc_gid=6_K8KSNI9QMhutvxU8qc7A&edm=AJhczIQBAAAA&ccb=7-5&oh=00_Afppqtuug17DVzKCfC-A9g5hYHyCydJMiqWSZtTyvxW8-A&oe=69750037&_nc_sid=4a2096,54,0,989,15,0,[],,https://www.threads.net/@rookie_founder/post/DTGX_g4AagC,[],"{'likes': 989, 'reposts': 15, 'quotes': 0}",threads,3802832455057123330,Zach Jones,NFL Threads,Hear me out: We keep the Browns defense and the Bengals offense and merge into one Ohio NFL team.,threads,67450654574,rookie_founder
[],2026-01-20T15:19:06.846945+07:00,The same people who been saying Bo Nix ain’t shit all season and his defense carried him are now saying the broncos are cooked without him🤦🏽‍♀️ make it make sense. Put some respect on the broncos team and Bo’s name and go broncos💙🧡,2026-01-18T23:29:11+07:00,,3812905282457121920,threads,threads.com,threads_crawler_v1,https://www.threads.net/@paetonbuchanan/post/DTqKScbETSA,https://instagram.fhan4-3.fna.fbcdn.net/v/t51.2885-19/619523225_17934489609119818_6657129239873452481_n.jpg?stp=dst-jpg_s150x150_tt6&efg=eyJ2ZW5jb2RlX3RhZyI6InByb2ZpbGVfcGljLmRqYW5nby4xMDgwLmMyIn0&_nc_ht=instagram.fhan4-3.fna.fbcdn.net&_nc_cat=110&_nc_oc=Q6cZ2QHKavBDripclS9J5GFaSdJQsKp62sD4fL_pTngsqeufOroCbTNOcGWWkT-drrTY5Hc&_nc_ohc=Q204T2tBmVIQ7kNvwHUYKu6&_nc_gid=6_K8KSNI9QMhutvxU8qc7A&edm=AJhczIQBAAAA&ccb=7-5&oh=00_AfqZhBjtNxJMWsL_yKXBYYEv6CUnQrJR34PeRTdoH5E5LQ&oe=69751037&_nc_sid=4a2096,6,0,154,3,0,[],,https://www.threads.net/@paetonbuchanan/post/DTqKScbETSA,[],"{'likes': 154, 'reposts': 3, 'quotes': 0}",threads,3812905282457121920,Paeton Buchanan,Broncos,The same people who been saying Bo Nix ain’t shit all season and his defense carried him are now saying the broncos are cooked without him🤦🏽‍♀️ make it make sense. Put some respect on the broncos team and Bo’s name and go broncos💙🧡,threads,63416815817,paetonbuchanan
[],2026-01-20T15:19:06.847021+07:00,"The PMs trip to Qatar opens the door to more investments from its $500 billion sovereign wealth fund, more competition for our airlines with Qatar Airways and more defense sales to the Middle East. #canada #economy #travel #fifa",2026-01-19T01:01:06+07:00,,3812951530471781416,threads,threads.com,threads_crawler_v1,https://www.threads.net/@mapledealer_/post/DTqUzcPjXQo,https://instagram.fhan4-5.fna.fbcdn.net/v/t51.2885-19/610933321_17891357634395655_1409091701873735470_n.jpg?stp=dst-jpg_s150x150_tt6&efg=eyJ2ZW5jb2RlX3RhZyI6InByb2ZpbGVfcGljLmRqYW5nby43ODQuYzIifQ&_nc_ht=instagram.fhan4-5.fna.fbcdn.net&_nc_cat=103&_nc_oc=Q6cZ2QHKavBDripclS9J5GFaSdJQsKp62sD4fL_pTngsqeufOroCbTNOcGWWkT-drrTY5Hc&_nc_ohc=ccAJ56yH988Q7kNvwEea0g_&_nc_gid=6_K8KSNI9QMhutvxU8qc7A&edm=AJhczIQBAAAA&ccb=7-5&oh=00_Afr0Eb_xH3BjWcIdn4e3tDfM5UWwBWXxnZqTVdByQrmQUg&oe=6974F1F6&_nc_sid=4a2096,10,0,97,18,0,"['https://instagram.fhan3-4.fna.fbcdn.net/v/t51.2885-15/617441809_1188321006348976_801835816052689366_n.jpg?stp=dst-jpg_e15_tt6&efg=eyJ2ZW5jb2RlX3RhZyI6InRocmVhZHMuRkVFRC5pbWFnZV91cmxnZW4uNjQweDExMzYuc2RyLmY3MTg3OC5kZWZhdWx0X2NvdmVyX2ZyYW1lLmMyIn0&_nc_ht=instagram.fhan3-4.fna.fbcdn.net&_nc_cat=104&_nc_oc=Q6cZ2QHKavBDripclS9J5GFaSdJQsKp62sD4fL_pTngsqeufOroCbTNOcGWWkT-drrTY5Hc&_nc_ohc=W0QzN7PabAQQ7kNvwEZTEOQ&_nc_gid=6_K8KSNI9QMhutvxU8qc7A&edm=AJhczIQBAAAA&ccb=7-5&ig_cache_key=MzgxMjk1MTUzMDQ3MTc4MTQxNg%3D%3D.3-ccb7-5&oh=00_AfoCuSCohoArR2f_93f1utHBsNjfXwOOAROAelQ3apW6RA&oe=69750DE0&_nc_sid=4a2096', 'https://instagram.fhan4-3.fna.fbcdn.net/o1/v/t16/f2/m69/AQPq6nIlx3vKvyNai70kAcAQshRx-PRL-vftpPgAHN859lDlb2L_4GRatFN9oxK9zxcYGEIgd7pTnYyTdDha-e7_.mp4?strext=1&_nc_cat=110&_nc_oc=AdlBKI5uUrqAo_8XfUDLvc25ODdHaKyJCejavbSZUvV_tcU_h7FmRGn5DkB_gK4mVBg&_nc_sid=5e9851&_nc_ht=instagram.fhan4-3.fna.fbcdn.net&_nc_ohc=GZs6eL3Fap4Q7kNvwEiMPvM&efg=eyJ2ZW5jb2RlX3RhZyI6Inhwdl9wcm9ncmVzc2l2ZS5JTlNUQUdSQU0uRkVFRC5DMy43MjAuZGFzaF9iYXNlbGluZV8xX3YxIiwieHB2X2Fzc2V0X2lkIjoxNzg5Mjg1NTI5MTM5NTY1NSwiYXNzZXRfYWdlX2RheXMiOjEsInZpX3VzZWNhc2VfaWQiOjEwMDk5LCJkdXJhdGlvbl9zIjoxNzgsInVybGdlbl9zb3VyY2UiOiJ3d3cifQ%3D%3D&ccb=17-1&_nc_gid=6_K8KSNI9QMhutvxU8qc7A&_nc_zt=28&vs=e440824220e70611&_nc_vs=HBksFQIYOnBhc3N0aHJvdWdoX2V2ZXJzdG9yZS9HRno3dENSN3c0UWVKaVlDQVB4aEE2RzdoZlZRYnNwVEFRQUYVAALIARIAFQIYUWlnX3hwdl9wbGFjZW1lbnRfcGVybWFuZW50X3YyL0Y3NDY1M0JFNkZBQTIzMDYyNTBDNDU4OUI1MEE4Q0IzX2F1ZGlvX2Rhc2hpbml0Lm1wNBUCAsgBEgAoABgAGwKIB3VzZV9vaWwBMRJwcm9ncmVzc2l2ZV9yZWNpcGUBMRUAACaO-cm6oN3IPxUCKAJDMywXQGZCHKwIMScYEmRhc2hfYmFzZWxpbmVfMV92MREAdeoHZeadAQA&oh=00_Afp1NfgxrxizntBUoFMKpaJv-Ik-7IkhG4BhI0ovqYNPEg&oe=6974F982']",,https://www.threads.net/@mapledealer_/post/DTqUzcPjXQo,[],"{'likes': 97, 'reposts': 16, 'quotes': 2}",threads,3812951530471781416,Maple Dealer 🇨🇦,,"The PMs trip to Qatar opens the door to more investments from its $500 billion sovereign wealth fund, more competition for our airlines with Qatar Airways and more defense sales to the Middle East. #canada #economy #travel #fifa",threads,71921947654,mapledealer_
[],2026-01-20T15:19:06.847068+07:00,"On Jan. 20, presidential records from Trump’s first administration will be subject to FOIA. It’s a huge opportunity to learn how Trump operates. 

But Trump’s former defense attorney is overseeing the process. 

We’re demanding he step aside. 
",2026-01-18T23:45:06+07:00,,3812913267480603305,threads,threads.com,threads_crawler_v1,https://www.threads.net/@weareoversight/post/DTqMGpDjiqp,https://instagram.fhan4-6.fna.fbcdn.net/v/t51.2885-19/470369517_1218190809241917_1265505074866399174_n.jpg?stp=dst-jpg_s150x150_tt6&efg=eyJ2ZW5jb2RlX3RhZyI6InByb2ZpbGVfcGljLmRqYW5nby42MTIuYzIifQ&_nc_ht=instagram.fhan4-6.fna.fbcdn.net&_nc_cat=109&_nc_oc=Q6cZ2QHKavBDripclS9J5GFaSdJQsKp62sD4fL_pTngsqeufOroCbTNOcGWWkT-drrTY5Hc&_nc_ohc=9j2v9xfYk-8Q7kNvwF8jK02&_nc_gid=6_K8KSNI9QMhutvxU8qc7A&edm=AJhczIQBAAAA&ccb=7-5&oh=00_AfpjxBXhoeeTkMSfywiwGKZMD5XpMO3f8qS-mXKgbiLrKw&oe=6975026D&_nc_sid=4a2096,1,0,21,2,0,[],,https://www.threads.net/@weareoversight/post/DTqMGpDjiqp,[],"{'likes': 21, 'reposts': 2, 'quotes': 0}",threads,3812913267480603305,American Oversight,,"On Jan. 20, presidential records from Trump’s first administration will be subject to FOIA. It’s a huge opportunity to learn how Trump operates. 

But Trump’s former defense attorney is overseeing the process. 

We’re demanding he step aside. 
https://americanoversight.org/blanche-should-step-aside-as-presidents-representative-when-trump-1-0-records-become-eligible-for-public-release-next-week/",threads,63089776172,weareoversight
[],2026-01-20T15:19:06.847111+07:00,"She gets ordered out of her car.

She refuses.

She backs up.

Then she drives forward
straight towards an ICE agent.

The agent draws his gun *only* when her vehicle starts moving toward his body.

Self-defense.

Case closed.

Is it horrible she lost her life? Yes, 100% 
Do you obey federal agents? Also yes.",2026-01-08T14:49:44+07:00,,3805396077004242596,threads,threads.com,threads_crawler_v1,https://www.threads.net/@crystal.d.thomas/post/DTPe5H3gL6k,https://instagram.fhan3-2.fna.fbcdn.net/v/t51.2885-19/603636240_17932183428119167_2143036966437464259_n.jpg?stp=dst-jpg_s150x150_tt6&efg=eyJ2ZW5jb2RlX3RhZyI6InByb2ZpbGVfcGljLmRqYW5nby4xMDgwLmMyIn0&_nc_ht=instagram.fhan3-2.fna.fbcdn.net&_nc_cat=107&_nc_oc=Q6cZ2QHKavBDripclS9J5GFaSdJQsKp62sD4fL_pTngsqeufOroCbTNOcGWWkT-drrTY5Hc&_nc_ohc=JCGSr1BWIJcQ7kNvwHE3Zo4&_nc_gid=6_K8KSNI9QMhutvxU8qc7A&edm=AJhczIQBAAAA&ccb=7-5&oh=00_AfqtSPP9t-1T7_Wg_HdAwekm7dz6Jd6LZTT3NPqHItJT3w&oe=69750A32&_nc_sid=4a2096,5278,0,5236,215,0,[],,https://www.threads.net/@crystal.d.thomas/post/DTPe5H3gL6k,[],"{'likes': 5236, 'reposts': 192, 'quotes': 23}",threads,3805396077004242596,Crystal Thomas,,"She gets ordered out of her car.

She refuses.

She backs up.

Then she drives forward
straight towards an ICE agent.

The agent draws his gun *only* when her vehicle starts moving toward his body.

Self-defense.

Case closed.

Is it horrible she lost her life? Yes, 100% 
Do you obey federal agents? Also yes.",threads,63396207166,crystal.d.thomas
[],2026-01-20T15:19:06.847151+07:00,"This is Private Lee Dong-min of the Ministry of National Defense Work Support Group Military Band. 🫡🫡

💜 eunwo.o_c 💜 offcl_chaeunwoo",2025-12-24T09:54:54+07:00,,3794376030899265870,threads,threads.com,threads_crawler_v1,https://www.threads.net/@eunwoo.3.30/post/DSoVOWKAeFO,https://instagram.fhan3-4.fna.fbcdn.net/v/t51.2885-19/358505371_1025678005510360_119890299494257231_n.jpg?stp=dst-jpg_s150x150_tt6&efg=eyJ2ZW5jb2RlX3RhZyI6InByb2ZpbGVfcGljLmRqYW5nby44NTcuYzIifQ&_nc_ht=instagram.fhan3-4.fna.fbcdn.net&_nc_cat=104&_nc_oc=Q6cZ2QHKavBDripclS9J5GFaSdJQsKp62sD4fL_pTngsqeufOroCbTNOcGWWkT-drrTY5Hc&_nc_ohc=xtH7Kmxiv70Q7kNvwFyRVIr&_nc_gid=6_K8KSNI9QMhutvxU8qc7A&edm=AJhczIQBAAAA&ccb=7-5&oh=00_AfpEYgJc8jSVcrOM5a3qNsUXCTguirxD8R95FBUDCQYW3g&oe=697515C1&_nc_sid=4a2096,39,0,377,7,0,"['https://instagram.fhan4-3.fna.fbcdn.net/v/t51.2885-15/604131733_18021703388790286_5475544398951505534_n.jpg?stp=dst-jpg_e15_tt6&efg=eyJ2ZW5jb2RlX3RhZyI6InRocmVhZHMuRkVFRC5pbWFnZV91cmxnZW4uNTQweDk2MC5zZHIuZjgyNzg3LmRlZmF1bHRfY292ZXJfZnJhbWUuYzIifQ&_nc_ht=instagram.fhan4-3.fna.fbcdn.net&_nc_cat=110&_nc_oc=Q6cZ2QHKavBDripclS9J5GFaSdJQsKp62sD4fL_pTngsqeufOroCbTNOcGWWkT-drrTY5Hc&_nc_ohc=QbiOK37cVbYQ7kNvwHtNBFc&_nc_gid=6_K8KSNI9QMhutvxU8qc7A&edm=AJhczIQBAAAA&ccb=7-5&ig_cache_key=Mzc5NDM3NjAzMDg5OTI2NTg3MA%3D%3D.3-ccb7-5&oh=00_Afor6tTDBekNKTpEXOiDgYd74uuj1sh8KM3xJJlPP0KXcw&oe=6974FC3C&_nc_sid=4a2096', 'https://instagram.fhan3-3.fna.fbcdn.net/o1/v/t2/f2/m86/AQOIWeTQfCZUJk8ldnEVRu5uvXxqAOznIgpyfGRBttngyutSOD48_T-9oeHtkSMDbRid-frBfTbabHVKLZ2IKmUMaUTfKvYb8Uo9hR8.mp4?_nc_cat=101&_nc_oc=AdlRnnFA8jA_kycn3_Qi7HOd1ZyVlEjoJR6R3RJBWedCrcAiC17XWoycDNNLLdRCNjU&_nc_sid=5e9851&_nc_ht=instagram.fhan3-3.fna.fbcdn.net&_nc_ohc=PAAjE-qll4IQ7kNvwF3qNfp&efg=eyJ2ZW5jb2RlX3RhZyI6Inhwdl9wcm9ncmVzc2l2ZS5JTlNUQUdSQU0uRkVFRC5DMy43MjAuZGFzaF9iYXNlbGluZV8xX3YxIiwieHB2X2Fzc2V0X2lkIjo3NTQyNzY1MDc2ODQxODUsImFzc2V0X2FnZV9kYXlzIjoyNywidmlfdXNlY2FzZV9pZCI6MTA4MjcsImR1cmF0aW9uX3MiOjksInVybGdlbl9zb3VyY2UiOiJ3d3cifQ%3D%3D&ccb=17-1&_nc_gid=6_K8KSNI9QMhutvxU8qc7A&_nc_zt=28&vs=3b9e6ddd2399538d&_nc_vs=HBksFQIYUmlnX3hwdl9yZWVsc19wZXJtYW5lbnRfc3JfcHJvZC9ERTRCODY1RUZBMzQxM0Y0OTA4MzY3NEY0RUUxOTlBMl92aWRlb19kYXNoaW5pdC5tcDQVAALIARIAFQIYOnBhc3N0aHJvdWdoX2V2ZXJzdG9yZS9HSWtiLXlPMlhzc0JGREFFQUhwQlFNLTBEQW93YnN0VEFRQUYVAgLIARIAKAAYABsCiAd1c2Vfb2lsATEScHJvZ3Jlc3NpdmVfcmVjaXBlATEVAAAmsrXs9NWA1wIVAigCQzMsF0AjAAAAAAAAGBJkYXNoX2Jhc2VsaW5lXzFfdjERAHXqB2WWqQEA&oh=00_AfowAJA5DabhunjV91NZxLFDXe39-hr7fvR7xYQDG1LFcA&oe=69710DFE']",,https://www.threads.net/@eunwoo.3.30/post/DSoVOWKAeFO,[],"{'likes': 377, 'reposts': 6, 'quotes': 1}",threads,3794376030899265870,,ChaEunWoo,"This is Private Lee Dong-min of the Ministry of National Defense Work Support Group Military Band. 🫡🫡

💜 eunwo.o_c 💜 offcl_chaeunwoo",threads,63041262445,eunwoo.3.30
[],2026-01-20T15:19:06.847195+07:00,"Xem Running Man tập mới xong là tự nhiên mê Pháo quá nên phải lên bài liền liền 😍✨
Vừa dễ thương, thông minh, lại còn “lì đòn” cực kỳ nữa.

Học ngay vài từ tiếng Anh để khen Pháo cho đúng bài nha 👇

🔥Chơi hết mình
→ Give it her all/ Go all out/ Give 100%
🔥Phòng thủ tối đa
→ Maximum defense
🔥Tấn công tối thiểu
→ Minimal offense
🔥Kiên cường
→ Resilient
🔥Bền bỉ
→ Enduring
🔥""Lì""
→ Persistent
🔥Làm khán giả bất ngờ
→ Impressive to watch",2026-01-12T22:08:23+07:00,,3808515961214071201,threads,threads.com,threads_crawler_v1,https://www.threads.net/@aem_english/post/DTakRadkfGh,https://instagram.fhan3-4.fna.fbcdn.net/v/t51.2885-19/488646781_671686202239024_4435868255483193283_n.jpg?stp=dst-jpg_s150x150_tt6&efg=eyJ2ZW5jb2RlX3RhZyI6InByb2ZpbGVfcGljLmRqYW5nby4xMDIyLmMyIn0&_nc_ht=instagram.fhan3-4.fna.fbcdn.net&_nc_cat=104&_nc_oc=Q6cZ2QHKavBDripclS9J5GFaSdJQsKp62sD4fL_pTngsqeufOroCbTNOcGWWkT-drrTY5Hc&_nc_ohc=UAv1ExRnTV0Q7kNvwGafz-j&_nc_gid=6_K8KSNI9QMhutvxU8qc7A&edm=AJhczIQBAAAA&ccb=7-5&oh=00_AfqPA_THxSfNr24chy_2RUmo_ACPy-8zWVvBF1YCMb1CzQ&oe=6974FD29&_nc_sid=4a2096,1,0,24,2,0,['https://instagram.fhan3-4.fna.fbcdn.net/v/t51.2885-15/613647468_17881780902441426_1517684043449777720_n.jpg?stp=dst-jpg_e35_tt6&efg=eyJ2ZW5jb2RlX3RhZyI6InRocmVhZHMuRkVFRC5pbWFnZV91cmxnZW4uNDc0eDcxMS5zZHIuZjgyNzg3LmRlZmF1bHRfaW1hZ2UuYzIifQ&_nc_ht=instagram.fhan3-4.fna.fbcdn.net&_nc_cat=106&_nc_oc=Q6cZ2QHKavBDripclS9J5GFaSdJQsKp62sD4fL_pTngsqeufOroCbTNOcGWWkT-drrTY5Hc&_nc_ohc=Q1JR5iSRfhEQ7kNvwFssLA4&_nc_gid=6_K8KSNI9QMhutvxU8qc7A&edm=AJhczIQBAAAA&ccb=7-5&ig_cache_key=MzgwODUxNTk2MTIxNDA3MTIwMQ%3D%3D.3-ccb7-5&oh=00_AfpJJNb-qz2FSH4aFnSpnZqMMXSjYY3af1MSa87f3hh8oA&oe=6974F510&_nc_sid=4a2096'],,https://www.threads.net/@aem_english/post/DTakRadkfGh,[],"{'likes': 24, 'reposts': 2, 'quotes': 0}",threads,3808515961214071201,AEM - Anh Em IELTS,,"Xem Running Man tập mới xong là tự nhiên mê Pháo quá nên phải lên bài liền liền 😍✨
Vừa dễ thương, thông minh, lại còn “lì đòn” cực kỳ nữa.

Học ngay vài từ tiếng Anh để khen Pháo cho đúng bài nha 👇

🔥Chơi hết mình
→ Give it her all/ Go all out/ Give 100%
🔥Phòng thủ tối đa
→ Maximum defense
🔥Tấn công tối thiểu
→ Minimal offense
🔥Kiên cường
→ Resilient
🔥Bền bỉ
→ Enduring
🔥""Lì""
→ Persistent
🔥Làm khán giả bất ngờ
→ Impressive to watch",threads,73415545425,aem_english
[],2026-01-20T15:19:06.847235+07:00,"ESPN barely posts womens college basketball on their main page , they usually post women mostly on ESPNW. They finally do and its of Audi's poor defense...are they being shady?",2026-01-05T23:26:01+07:00,,3803480771253056518,threads,threads.com,threads_crawler_v1,https://www.threads.net/@uconn_wbb_stories_azzi_fudd/post/DTIrZwYkTQG,https://instagram.fhan3-2.fna.fbcdn.net/v/t51.2885-19/489573191_2150768208690223_3566552745191335648_n.jpg?stp=dst-jpg_s150x150_tt6&efg=eyJ2ZW5jb2RlX3RhZyI6InByb2ZpbGVfcGljLmRqYW5nby4xMDgwLmMyIn0&_nc_ht=instagram.fhan3-2.fna.fbcdn.net&_nc_cat=107&_nc_oc=Q6cZ2QHKavBDripclS9J5GFaSdJQsKp62sD4fL_pTngsqeufOroCbTNOcGWWkT-drrTY5Hc&_nc_ohc=iCVjqmH7cmQQ7kNvwElnQ6X&_nc_gid=6_K8KSNI9QMhutvxU8qc7A&edm=AJhczIQBAAAA&ccb=7-5&oh=00_Afry4MOeg_znxbgVqsVfP0ZMTqBjEHgC5BSWvWYiXUb6kA&oe=69751D2D&_nc_sid=4a2096,16,0,29,0,0,"['https://instagram.fhan4-5.fna.fbcdn.net/v/t51.2885-15/610681529_1426432755564735_3793942883772405085_n.jpg?stp=dst-jpg_e15_tt6&efg=eyJ2ZW5jb2RlX3RhZyI6InRocmVhZHMuRkVFRC5pbWFnZV91cmxnZW4uNjQweDEwODQuc2RyLmY3MTg3OC5kZWZhdWx0X2NvdmVyX2ZyYW1lLmMyIn0&_nc_ht=instagram.fhan4-5.fna.fbcdn.net&_nc_cat=103&_nc_oc=Q6cZ2QHKavBDripclS9J5GFaSdJQsKp62sD4fL_pTngsqeufOroCbTNOcGWWkT-drrTY5Hc&_nc_ohc=09UbPROFCH8Q7kNvwGZFXwC&_nc_gid=6_K8KSNI9QMhutvxU8qc7A&edm=AJhczIQBAAAA&ccb=7-5&ig_cache_key=MzgwMzQ4MDc3MTI1MzA1NjUxOA%3D%3D.3-ccb7-5&oh=00_Afq0SWbRxdCjlvO-PZHJ_EJOT4q5T0iPOd5s9dn53fNs3g&oe=697502F8&_nc_sid=4a2096', 'https://instagram.fhan4-3.fna.fbcdn.net/o1/v/t16/f2/m84/AQOo9jisOlIBM1CEdA_Ei1059T3E0vR6SnteyNBr4f8Jf5IHKYqTnkEqsmWirfC2y69LM6wPi1LORhmyyfq_jalZuhfczDskGo8rxeY.mp4?_nc_cat=100&_nc_oc=AdlJDZxwFpmyJb9TxmCT3UqxHdTxlgrcAcD8W3PXoDU92wJaAlSQWmmmZu_SlrmNQyU&_nc_sid=5e9851&_nc_ht=instagram.fhan4-3.fna.fbcdn.net&_nc_ohc=mpi8rCqgDsEQ7kNvwGhcSwP&efg=eyJ2ZW5jb2RlX3RhZyI6Inhwdl9wcm9ncmVzc2l2ZS5JTlNUQUdSQU0uRkVFRC5DMy41NzYuZGFzaF9iYXNlbGluZV8xX3YxIiwieHB2X2Fzc2V0X2lkIjoyMDM0MjI5OTEzNzg3MDAyLCJhc3NldF9hZ2VfZGF5cyI6MTQsInZpX3VzZWNhc2VfaWQiOjEwMTY0LCJkdXJhdGlvbl9zIjoxNywidXJsZ2VuX3NvdXJjZSI6Ind3dyJ9&ccb=17-1&_nc_gid=6_K8KSNI9QMhutvxU8qc7A&_nc_zt=28&vs=184819b1e3677faf&_nc_vs=HBksFQIYTGlnX2JhY2tmaWxsX3RpbWVsaW5lX3ZvZC8zMDQ2ODI1MDMzQTIwNUM2NDJBNEY0MkQ3ODhEN0ZBMV92aWRlb19kYXNoaW5pdC5tcDQVAALIARIAFQIYOnBhc3N0aHJvdWdoX2V2ZXJzdG9yZS9HTUZTWENSSGtlMkV3X0FHQUtSbnZhcG5kZGRzYnNwVEFRQUYVAgLIARIAKAAYABsCiAd1c2Vfb2lsATEScHJvZ3Jlc3NpdmVfcmVjaXBlATEVAAAm9Om49uGHnQcVAigCQzMsF0Ax5mZmZmZmGBJkYXNoX2Jhc2VsaW5lXzFfdjERAHXqB2XongEA&oh=00_AfpTszOXpubZOIHAoCeEjzzL4LApNDWvE56Xgl0lj7OnXw&oe=69712C94']",,https://www.threads.net/@uconn_wbb_stories_azzi_fudd/post/DTIrZwYkTQG,[],"{'likes': 29, 'reposts': 0, 'quotes': 0}",threads,3803480771253056518,UCONN WBB Stories,WCBBThreads,"ESPN barely posts womens college basketball on their main page , they usually post women mostly on ESPNW. They finally do and its of Audi's poor defense...are they being shady?",threads,71659404415,uconn_wbb_stories_azzi_fudd
[],2026-01-20T15:19:06.847277+07:00,"NBA : Grizzlies vs Thunder 🔥🔥🔥
+) Thống kê cho thấy 8/9 lần 2 đội gặp nhau có xu hướng Under 
+) Những trận gần đây của Thunder cũng thường về Under
+) OKC tấn công hiệu quả nhưng defense cũng rất ổn , còn Grizzlies thiếu Morant trận này , dễ rơi vào half-court chậm 
=> Xỉu 230.5 FT 💎",2026-01-09T22:55:02+07:00,,3806365113482683388,threads,threads.com,threads_crawler_v1,https://www.threads.net/@nbavua/post/DTS7OdakyP8,https://instagram.fhan4-5.fna.fbcdn.net/v/t51.2885-19/495447714_17845182279471207_689581421488393671_n.jpg?stp=dst-jpg_s150x150_tt6&efg=eyJ2ZW5jb2RlX3RhZyI6InByb2ZpbGVfcGljLmRqYW5nby4zMjAuYzIifQ&_nc_ht=instagram.fhan4-5.fna.fbcdn.net&_nc_cat=103&_nc_oc=Q6cZ2QHKavBDripclS9J5GFaSdJQsKp62sD4fL_pTngsqeufOroCbTNOcGWWkT-drrTY5Hc&_nc_ohc=-W4rh_09Y_sQ7kNvwG4nOaP&_nc_gid=6_K8KSNI9QMhutvxU8qc7A&edm=AJhczIQBAAAA&ccb=7-5&oh=00_Afq6Q9g46rrKXuuuzCAsYJ5r2ShFHIzpTz-lDbrmULcq0Q&oe=6974F108&_nc_sid=4a2096,0,0,17,0,0,['https://instagram.fhan3-3.fna.fbcdn.net/v/t51.2885-15/613006571_17872133460484213_2443800493926770238_n.jpg?stp=cp6_dst-jpg_e35_tt6&efg=eyJ2ZW5jb2RlX3RhZyI6InRocmVhZHMuRkVFRC5pbWFnZV91cmxnZW4uODI4eDE5MC5zZHIuZjgyNzg3LmRlZmF1bHRfaW1hZ2UuYzIifQ&_nc_ht=instagram.fhan3-3.fna.fbcdn.net&_nc_cat=101&_nc_oc=Q6cZ2QHKavBDripclS9J5GFaSdJQsKp62sD4fL_pTngsqeufOroCbTNOcGWWkT-drrTY5Hc&_nc_ohc=Z1BSqyd0PSoQ7kNvwHYCZwJ&_nc_gid=6_K8KSNI9QMhutvxU8qc7A&edm=AJhczIQBAAAA&ccb=7-5&ig_cache_key=MzgwNjM2NTExMzQ4MjY4MzM4OA%3D%3D.3-ccb7-5&oh=00_AfoF-WvHY1DcrawL695k_blpVtvGHRTVZev_mBhPjos2uA&oe=6974F77D&_nc_sid=4a2096'],,https://www.threads.net/@nbavua/post/DTS7OdakyP8,[],"{'likes': 17, 'reposts': 0, 'quotes': 0}",threads,3806365113482683388,vua NBA,NBA,"NBA : Grizzlies vs Thunder 🔥🔥🔥
+) Thống kê cho thấy 8/9 lần 2 đội gặp nhau có xu hướng Under 
+) Những trận gần đây của Thunder cũng thường về Under
+) OKC tấn công hiệu quả nhưng defense cũng rất ổn , còn Grizzlies thiếu Morant trận này , dễ rơi vào half-court chậm 
=> Xỉu 230.5 FT 💎",threads,74420932212,nbavua
[],2026-01-20T15:19:06.847323+07:00,"Trump thinks NATO will back down because they need us more than we need them.
Meanwhile, the French are discussing rejoining NATO to replace the US, adding the French Nuclear umbrella to the defense of Europe.",2026-01-15T07:44:44+07:00,,3810255596117877837,threads,threads.com,threads_crawler_v1,https://www.threads.net/@coyoteliberty/post/DTgv0buDORN,https://instagram.fhan4-5.fna.fbcdn.net/v/t51.2885-19/455707835_900398031930267_7533032929183985285_n.jpg?stp=dst-jpg_s150x150_tt6&efg=eyJ2ZW5jb2RlX3RhZyI6InByb2ZpbGVfcGljLmRqYW5nby4xMDgwLmMyIn0&_nc_ht=instagram.fhan4-5.fna.fbcdn.net&_nc_cat=103&_nc_oc=Q6cZ2QHKavBDripclS9J5GFaSdJQsKp62sD4fL_pTngsqeufOroCbTNOcGWWkT-drrTY5Hc&_nc_ohc=-e7rjvzmNdQQ7kNvwGQ1dVj&_nc_gid=6_K8KSNI9QMhutvxU8qc7A&edm=AJhczIQBAAAA&ccb=7-5&oh=00_Afqj0J6F0DX7uSxpJrB20NMTS-KW62zcP8XwyruB9pdUoQ&oe=69750B6F&_nc_sid=4a2096,150,0,2810,117,0,[],,https://www.threads.net/@coyoteliberty/post/DTgv0buDORN,[],"{'likes': 2810, 'reposts': 113, 'quotes': 4}",threads,3810255596117877837,Charles Jacques,,"Trump thinks NATO will back down because they need us more than we need them.
Meanwhile, the French are discussing rejoining NATO to replace the US, adding the French Nuclear umbrella to the defense of Europe.",threads,64286082518,coyoteliberty
[],2026-01-20T15:19:06.847373+07:00,"So glad I screenshotted this GCT thread because this was one of the most wildly entertaining (and well-debated) smackdowns I have ever delivered in my LIFE. Smoke so thick she used the block button as an oxygen mask. A one-round TKO. A magnum opus in the defense of logic and reason rooted in objective fact.

Imma go eat my cookie🍪 and drink my juice🧃 and giggle and kick my widdle feeties",2026-01-13T13:01:32+07:00,,3808965493236011932,threads,threads.com,threads_crawler_v1,https://www.threads.net/@paborachacoded/post/DTcKe9yDZOc,https://instagram.fhan4-5.fna.fbcdn.net/v/t51.2885-19/559593036_17842674423594447_2406927893607626260_n.jpg?stp=dst-jpg_s150x150_tt6&efg=eyJ2ZW5jb2RlX3RhZyI6InByb2ZpbGVfcGljLmRqYW5nby41MjkuYzIifQ&_nc_ht=instagram.fhan4-5.fna.fbcdn.net&_nc_cat=103&_nc_oc=Q6cZ2QHKavBDripclS9J5GFaSdJQsKp62sD4fL_pTngsqeufOroCbTNOcGWWkT-drrTY5Hc&_nc_ohc=Rn8-OIoZ-EMQ7kNvwELJ3Sr&_nc_gid=6_K8KSNI9QMhutvxU8qc7A&edm=AJhczIQBAAAA&ccb=7-5&oh=00_Afo7k4jEgu8Ybuaq2kaRH3buLrh3Jghg4hNoZB-KXsngIQ&oe=6974F3D1&_nc_sid=4a2096,661,0,1437,88,0,['https://instagram.fhan4-5.fna.fbcdn.net/v/t51.2885-15/615748297_17858232402594447_4415439791415593892_n.jpg?stp=cp6_dst-jpg_e35_tt6&efg=eyJ2ZW5jb2RlX3RhZyI6InRocmVhZHMuQ0FST1VTRUxfSVRFTS5pbWFnZV91cmxnZW4uMTE3OXgxODkzLnNkci5mODI3ODcuZGVmYXVsdF9pbWFnZS5jMiJ9&_nc_ht=instagram.fhan4-5.fna.fbcdn.net&_nc_cat=103&_nc_oc=Q6cZ2QHKavBDripclS9J5GFaSdJQsKp62sD4fL_pTngsqeufOroCbTNOcGWWkT-drrTY5Hc&_nc_ohc=YalrXTIPtGUQ7kNvwFdC_ot&_nc_gid=6_K8KSNI9QMhutvxU8qc7A&edm=AJhczIQBAAAA&ccb=7-5&ig_cache_key=MzgwODk2NTQ4NjE5NzkzNjM2NQ%3D%3D.3-ccb7-5&oh=00_Afp_Kt3eqWzjnkAbPpEE5BwywbOLofcdd0y2wFe7kpZJKw&oe=6974F75F&_nc_sid=4a2096'],,https://www.threads.net/@paborachacoded/post/DTcKe9yDZOc,[],"{'likes': 1437, 'reposts': 77, 'quotes': 11}",threads,3808965493236011932,a spork or a foon,Stray Kids STAY,"So glad I screenshotted this GCT thread because this was one of the most wildly entertaining (and well-debated) smackdowns I have ever delivered in my LIFE. Smoke so thick she used the block button as an oxygen mask. A one-round TKO. A magnum opus in the defense of logic and reason rooted in objective fact.

Imma go eat my cookie🍪 and drink my juice🧃 and giggle and kick my widdle feeties",threads,77784010446,paborachacoded
[],2026-01-20T15:19:06.847432+07:00,"NEWS: Something is happening in Venezuela this evening. Loud blasts have been heard in the Capitol. Locals are posting videos on Twitter showing massive gun fire happening right now. 

This is from the Hill’s defense reporter:",2026-01-06T07:41:32+07:00,,3803731002641166975,threads,threads.com,threads_crawler_v1,https://www.threads.net/@aaronparnas/post/DTJkTGhkTJ_,https://instagram.fhan3-3.fna.fbcdn.net/v/t51.2885-19/363308494_227453469765682_4538736073011655090_n.jpg?stp=dst-jpg_s150x150_tt6&efg=eyJ2ZW5jb2RlX3RhZyI6InByb2ZpbGVfcGljLmRqYW5nby4xMDgwLmMyIn0&_nc_ht=instagram.fhan3-3.fna.fbcdn.net&_nc_cat=1&_nc_oc=Q6cZ2QHKavBDripclS9J5GFaSdJQsKp62sD4fL_pTngsqeufOroCbTNOcGWWkT-drrTY5Hc&_nc_ohc=GrWvrYjCxY0Q7kNvwGj4Uz4&_nc_gid=6_K8KSNI9QMhutvxU8qc7A&edm=AJhczIQBAAAA&ccb=7-5&oh=00_AfpnNBliQZ8DkT-LrPS_GhkZ9Pvr6r222h1okzQaX_Ni3g&oe=6975097B&_nc_sid=4a2096,303,0,6505,744,0,['https://instagram.fhan4-3.fna.fbcdn.net/v/t51.2885-15/611233526_17938128903105168_3343505563290672143_n.jpg?stp=dst-jpg_e35_tt6&efg=eyJ2ZW5jb2RlX3RhZyI6InRocmVhZHMuRkVFRC5pbWFnZV91cmxnZW4uMTE3OXg0NTIuc2RyLmY4Mjc4Ny5kZWZhdWx0X2ltYWdlLmMyIn0&_nc_ht=instagram.fhan4-3.fna.fbcdn.net&_nc_cat=100&_nc_oc=Q6cZ2QHKavBDripclS9J5GFaSdJQsKp62sD4fL_pTngsqeufOroCbTNOcGWWkT-drrTY5Hc&_nc_ohc=VWV1M7wtGYAQ7kNvwEJsFbi&_nc_gid=6_K8KSNI9QMhutvxU8qc7A&edm=AJhczIQBAAAA&ccb=7-5&ig_cache_key=MzgwMzczMTAwMjY0MTE2Njk3NQ%3D%3D.3-ccb7-5&oh=00_AfqNw46oHw6bh8X_pCw2X7WlKwa2LQ88aM4UmSbEdMREfw&oe=6974F197&_nc_sid=4a2096'],,https://www.threads.net/@aaronparnas/post/DTJkTGhkTJ_,[],"{'likes': 6505, 'reposts': 704, 'quotes': 40}",threads,3803731002641166975,Aaron Parnas,,"NEWS: Something is happening in Venezuela this evening. Loud blasts have been heard in the Capitol. Locals are posting videos on Twitter showing massive gun fire happening right now. 

This is from the Hill’s defense reporter:",threads,63265609167,aaronparnas
