categories,collectDate,content,createDate,description,docId,docType,domain,fromCrawler,link,logoLink,numComments,numDislikes,numLikes,numShares,numViews,pictures,postId,postLink,provinces,reactions,source,sourceId,sourceName,tags,title,type,userId,userName
[],2026-01-12T09:34:33.284620+07:00,"These are the 5 Republicans who voted with Democrats against the Venezuela operation that liberated the Venezuelan People from a dictator regime! 

NEVER FORGET! VOTE THEM OUT! 

#usa #politics #washingtondc #congress #senate",2026-01-12T00:22:01+07:00,,3807858442674222437,threads,threads.com,threads_crawler_v1,https://www.threads.net/@dc_washington2022/post/DTYOxQmkbVl,https://instagram.fhan3-3.fna.fbcdn.net/v/t51.2885-19/581412708_17890946550368509_5775155494923524917_n.jpg?stp=dst-jpg_s150x150_tt6&efg=eyJ2ZW5jb2RlX3RhZyI6InByb2ZpbGVfcGljLmRqYW5nby4xMDgwLmMyIn0&_nc_ht=instagram.fhan3-3.fna.fbcdn.net&_nc_cat=101&_nc_oc=Q6cZ2QEk7uiAipxJLBTytwOsWGFzEgLgekhpNnGQAnQSfmrQJFFALb2geGMKVD5lV3UoH1s&_nc_ohc=-LEMmQY3B9EQ7kNvwHpVzWh&_nc_gid=Pb8N_KW1obD-lPCVixIDTA&edm=AJhczIQBAAAA&ccb=7-5&oh=00_AfoLSlqpo04Wwk1yoOjVwHatqo8jhw-EAOLbOYwIydjQ6A&oe=696A332E&_nc_sid=4a2096,159,0,324,123,0,['https://instagram.fhan3-3.fna.fbcdn.net/v/t51.2885-15/613693476_18416583295185983_4212818538813946455_n.jpg?stp=dst-jpg_e35_tt6&efg=eyJ2ZW5jb2RlX3RhZyI6InRocmVhZHMuRkVFRC5pbWFnZV91cmxnZW4uMTI1NHg2ODguc2RyLmY4Mjc4Ny5kZWZhdWx0X2ltYWdlLmMyIn0&_nc_ht=instagram.fhan3-3.fna.fbcdn.net&_nc_cat=111&_nc_oc=Q6cZ2QEk7uiAipxJLBTytwOsWGFzEgLgekhpNnGQAnQSfmrQJFFALb2geGMKVD5lV3UoH1s&_nc_ohc=QlXnYDdxuXMQ7kNvwFg3L_3&_nc_gid=Pb8N_KW1obD-lPCVixIDTA&edm=AJhczIQBAAAA&ccb=7-5&ig_cache_key=MzgwNzg1ODQ0MjY3NDIyMjQzNw%3D%3D.3-ccb7-5&oh=00_Afoqr7sOyPbdcovRgAmURt-fyDwL7FlKrDx-68zY5YJ6lQ&oe=696A3AE2&_nc_sid=4a2096'],,https://www.threads.net/@dc_washington2022/post/DTYOxQmkbVl,[],"{'likes': 324, 'reposts': 107, 'quotes': 16}",threads,3807858442674222437,George Washington Eccentric - MAGA NEWS Limited Edition 2025,,"These are the 5 Republicans who voted with Democrats against the Venezuela operation that liberated the Venezuelan People from a dictator regime! 

NEVER FORGET! VOTE THEM OUT! 

#usa #politics #washingtondc #congress #senate",threads,71073848508,dc_washington2022
[],2026-01-12T09:34:33.285142+07:00,"If you have a problem with Trump, a Godly Man who loves America and the people! Then your problem isn't political it's spiritual! You are against God! For real 💗💯🙏",2025-10-19T13:37:26+07:00,,3746652853466081046,threads,threads.com,threads_crawler_v1,https://www.threads.net/@roberta.gods_girl/post/DP-yOtrjKcW,https://instagram.fhan3-4.fna.fbcdn.net/v/t51.2885-19/412576902_6893110507421586_2484751474849550527_n.jpg?stp=dst-jpg_s150x150_tt6&efg=eyJ2ZW5jb2RlX3RhZyI6InByb2ZpbGVfcGljLmRqYW5nby4xMDgwLmMyIn0&_nc_ht=instagram.fhan3-4.fna.fbcdn.net&_nc_cat=106&_nc_oc=Q6cZ2QEk7uiAipxJLBTytwOsWGFzEgLgekhpNnGQAnQSfmrQJFFALb2geGMKVD5lV3UoH1s&_nc_ohc=b6vw4UBxc5cQ7kNvwHXc-Sr&_nc_gid=Pb8N_KW1obD-lPCVixIDTA&edm=AJhczIQBAAAA&ccb=7-5&oh=00_AfogxAs_h6LkirjlYB0635B53I7WxFoDCaHgFytWYHvw8A&oe=696A48DF&_nc_sid=4a2096,19067,0,1113,100,0,['https://instagram.fhan4-6.fna.fbcdn.net/v/t39.30808-6/565073493_1975308883323105_370829617273581606_n.jpg?stp=dst-jpg_e35_tt6&efg=eyJ2ZW5jb2RlX3RhZyI6InRocmVhZHMuRkVFRC5pbWFnZV91cmxnZW4uNzIweDEwNjYuc2RyLmYzMDgwOC5kZWZhdWx0X2ltYWdlLmMyIn0&_nc_ht=instagram.fhan4-6.fna.fbcdn.net&_nc_cat=109&_nc_oc=Q6cZ2QEk7uiAipxJLBTytwOsWGFzEgLgekhpNnGQAnQSfmrQJFFALb2geGMKVD5lV3UoH1s&_nc_ohc=XRr-Slb-uDcQ7kNvwHz3_pz&_nc_gid=Pb8N_KW1obD-lPCVixIDTA&edm=AJhczIQAAAAA&ccb=7-5&ig_cache_key=Mzc0NjY1Mjg1MzQ2NjA4MTA0Ng%3D%3D.3-ccb7-5&oh=00_AfpppTZO7Mj1kFh64kTH18L-fvJzNq_6Miz3hmmp2K5a_A&oe=696A2A0D&_nc_sid=4a2096'],,https://www.threads.net/@roberta.gods_girl/post/DP-yOtrjKcW,[],"{'likes': 1113, 'reposts': 41, 'quotes': 59}",threads,3746652853466081046,Roberta Hanson,,"If you have a problem with Trump, a Godly Man who loves America and the people! Then your problem isn't political it's spiritual! You are against God! For real 💗💯🙏",threads,67442451171,roberta.gods_girl
[],2026-01-12T09:34:33.285429+07:00,"#BREAKING — NO LIMITS: President Trump is asked if there are any checks in his power. His answer: “Yeah, there is one thing. My own morality. My own mind. It’s the only thing that can stop me.” 

#news #politics #trump #breakingnews",2026-01-09T07:06:47+07:00,,3805887834562110672,threads,threads.com,threads_crawler_v1,https://www.threads.net/@jonkarl/post/DTROtIyDiTQ,https://instagram.fhan4-3.fna.fbcdn.net/v/t51.2885-19/358230233_1467783450660010_8341692772907827763_n.jpg?stp=dst-jpg_s150x150_tt6&efg=eyJ2ZW5jb2RlX3RhZyI6InByb2ZpbGVfcGljLmRqYW5nby45NTkuYzIifQ&_nc_ht=instagram.fhan4-3.fna.fbcdn.net&_nc_cat=110&_nc_oc=Q6cZ2QEk7uiAipxJLBTytwOsWGFzEgLgekhpNnGQAnQSfmrQJFFALb2geGMKVD5lV3UoH1s&_nc_ohc=jMWne3tte_MQ7kNvwFH2Dlw&_nc_gid=Pb8N_KW1obD-lPCVixIDTA&edm=AJhczIQBAAAA&ccb=7-5&oh=00_Afq4D2CsTwfd50ToV_b4dORd7aNtB-tnN1n9E-nKq4rwQw&oe=696A4B27&_nc_sid=4a2096,738,0,3844,1056,0,"['https://instagram.fhan4-5.fna.fbcdn.net/v/t51.2885-15/612993472_1364305068311331_9212392903342464930_n.jpg?se=-1&stp=dst-jpegr_e15_tt6&efg=eyJ2ZW5jb2RlX3RhZyI6InRocmVhZHMuRkVFRC5pbWFnZV91cmxnZW4uNjQweDExMzYuaGRyLmY3MTg3OC5kZWZhdWx0X2NvdmVyX2ZyYW1lLmMyIn0&_nc_ht=instagram.fhan4-5.fna.fbcdn.net&_nc_cat=103&_nc_oc=Q6cZ2QEk7uiAipxJLBTytwOsWGFzEgLgekhpNnGQAnQSfmrQJFFALb2geGMKVD5lV3UoH1s&_nc_ohc=elig1Wi2RhQQ7kNvwHV7Ukf&_nc_gid=Pb8N_KW1obD-lPCVixIDTA&edm=AJhczIQBAAAA&ccb=7-5&ig_cache_key=MzgwNTg4NzgzNDU2MjExMDY3Mg%3D%3D.3-ccb7-5&oh=00_Afp9ovs_qLUwJOAioWkQTpt-kaJUDgbv3HRqgYpoUnR-9g&oe=696A1AC2&_nc_sid=4a2096', 'https://instagram.fhan3-3.fna.fbcdn.net/o1/v/t2/f2/m86/AQMDReratX4xCwPuMlj_CXQj5QI56OcPuZ1Cjw3cetGAKWpHGNmW1KbllXIcYz9LoykyQS-Ttxrklviapdsi2uax5E6-MbQaScfLV4Q.mp4?_nc_cat=101&_nc_oc=Adn8EEo5zqrylYuxl6qO6ZmUkV8aP-iMYq8_nTI4fjQX6wztEJYbivpB82BB_FI0GD8&_nc_sid=5e9851&_nc_ht=instagram.fhan3-3.fna.fbcdn.net&_nc_ohc=YCQYAJVkkFcQ7kNvwFJ4d98&efg=eyJ2ZW5jb2RlX3RhZyI6Inhwdl9wcm9ncmVzc2l2ZS5JTlNUQUdSQU0uRkVFRC5DMy43MjAuZGFzaF9iYXNlbGluZV8xX3YxIiwieHB2X2Fzc2V0X2lkIjo4NzgxNzI3MDQ4NTg5ODEsImFzc2V0X2FnZV9kYXlzIjozLCJ2aV91c2VjYXNlX2lkIjoxMDA5OSwiZHVyYXRpb25fcyI6NTIsIndhdGNoX3RpbWVfcyI6NDYwMjEwODEsInVybGdlbl9zb3VyY2UiOiJ3d3cifQ%3D%3D&ccb=17-1&_nc_gid=Pb8N_KW1obD-lPCVixIDTA&_nc_zt=28&vs=c36d3d031e3b6b36&_nc_vs=HBksFQIYUmlnX3hwdl9yZWVsc19wZXJtYW5lbnRfc3JfcHJvZC8zMzQ4Qjc1QzcxOEIyQkM0RjlDNEJGOUQzRTA1QzQ4M192aWRlb19kYXNoaW5pdC5tcDQVAALIARIAFQIYOnBhc3N0aHJvdWdoX2V2ZXJzdG9yZS9HQUxCWmlRQUNiUWlzY0VGQU9ud3JNQ2xnQXdLYnN0VEFRQUYVAgLIARIAKAAYABsCiAd1c2Vfb2lsATEScHJvZ3Jlc3NpdmVfcmVjaXBlATEVAAAmyo3_wbCsjwMVAigCQzMsF0BKRDlYEGJOGBJkYXNoX2Jhc2VsaW5lXzFfdjERAHXqB2XmnQEA&oh=00_AfrXm0DQ52x2pC3ABHOmy4QLAABN4ednsrDvglfe5qwEdQ&oe=69663CB6']",,https://www.threads.net/@jonkarl/post/DTROtIyDiTQ,[],"{'likes': 3844, 'reposts': 937, 'quotes': 119}",threads,3805887834562110672,Jonathan Karl,,"#BREAKING — NO LIMITS: President Trump is asked if there are any checks in his power. His answer: “Yeah, there is one thing. My own morality. My own mind. It’s the only thing that can stop me.” 

#news #politics #trump #breakingnews",threads,63606120582,jonkarl
[],2026-01-12T09:34:33.285634+07:00,"I do not want Venezuela
I do not want Greenland. 
I do not want Cuba. 
I do not want Canada. 
I do not want Mexico. 

I want affordable healthcare.
I want cancer research restored.
I want safe drinking water.
I want clean air.
I want big money out of politics.
I want Diversity.
I want Equity.
I want Inclusion.

(Oh, and release the Epstein files too)",2026-01-06T06:28:01+07:00,,3803694002345020242,threads,threads.com,threads_crawler_v1,https://www.threads.net/@bev47665/post/DTJb4rUDwtS,https://instagram.fhan4-3.fna.fbcdn.net/v/t51.2885-19/496236767_17848660314460500_6710844131372426036_n.jpg?stp=dst-jpg_s150x150_tt6&efg=eyJ2ZW5jb2RlX3RhZyI6InByb2ZpbGVfcGljLmRqYW5nby45NTguYzIifQ&_nc_ht=instagram.fhan4-3.fna.fbcdn.net&_nc_cat=100&_nc_oc=Q6cZ2QEk7uiAipxJLBTytwOsWGFzEgLgekhpNnGQAnQSfmrQJFFALb2geGMKVD5lV3UoH1s&_nc_ohc=9tn5QwBfVlcQ7kNvwGy68wZ&_nc_gid=Pb8N_KW1obD-lPCVixIDTA&edm=AJhczIQBAAAA&ccb=7-5&oh=00_AfoYAXrOvHIH0ZInre3IO54TQkPrnavycgzbSVr34l-5dw&oe=696A3567&_nc_sid=4a2096,1738,0,16972,1639,0,['https://instagram.fhan3-3.fna.fbcdn.net/v/t39.30808-6/609004493_24865952149747069_646289374384032690_n.jpg?stp=cp6_dst-jpg_e35_tt6&efg=eyJ2ZW5jb2RlX3RhZyI6InRocmVhZHMuRkVFRC5pbWFnZV91cmxnZW4uODMweDc4Ny5zZHIuZjMwODA4LmRlZmF1bHRfaW1hZ2UuYzIifQ&_nc_ht=instagram.fhan3-3.fna.fbcdn.net&_nc_cat=101&_nc_oc=Q6cZ2QEk7uiAipxJLBTytwOsWGFzEgLgekhpNnGQAnQSfmrQJFFALb2geGMKVD5lV3UoH1s&_nc_ohc=mS2rJALvLYQQ7kNvwHFuB1S&_nc_gid=Pb8N_KW1obD-lPCVixIDTA&edm=AJhczIQAAAAA&ccb=7-5&ig_cache_key=MzgwMzY5NDAwMjM0NTAyMDI0Mg%3D%3D.3-ccb7-5&oh=00_AfqP-57EIrAgryE79BePf6bqNFyZjBcvf_ArrKlvFTBjow&oe=696A3C65&_nc_sid=4a2096'],,https://www.threads.net/@bev47665/post/DTJb4rUDwtS,[],"{'likes': 16972, 'reposts': 1577, 'quotes': 62}",threads,3803694002345020242,Bev Moore,,"I do not want Venezuela
I do not want Greenland. 
I do not want Cuba. 
I do not want Canada. 
I do not want Mexico. 

I want affordable healthcare.
I want cancer research restored.
I want safe drinking water.
I want clean air.
I want big money out of politics.
I want Diversity.
I want Equity.
I want Inclusion.

(Oh, and release the Epstein files too)",threads,74270723688,bev47665
[],2026-01-12T09:34:33.285772+07:00,"Hey, it's me, a liberal! I just started paying attention to politics last year and I really think we all need to be creating a big tent and pushing the Democrats farther left! We have to work within the system! No more purity tests because those make me 😢 and feel excluded. I don't ever analyze power dynamics and I have no idea what dialectical materialism is. I've never studied revolutions and those are too scawy anyway! Keep on pushing through the status quo, guys, we got this!",2026-01-12T03:54:50+07:00,,3807965558076554180,threads,threads.com,threads_crawler_v1,https://www.threads.net/@lazangya/post/DTYnH_mEzvE,https://instagram.fhan4-6.fna.fbcdn.net/v/t51.2885-19/438504550_25446529394994428_2025392901166513303_n.jpg?stp=dst-jpg_s150x150_tt6&efg=eyJ2ZW5jb2RlX3RhZyI6InByb2ZpbGVfcGljLmRqYW5nby4zMjAuYzIifQ&_nc_ht=instagram.fhan4-6.fna.fbcdn.net&_nc_cat=108&_nc_oc=Q6cZ2QEk7uiAipxJLBTytwOsWGFzEgLgekhpNnGQAnQSfmrQJFFALb2geGMKVD5lV3UoH1s&_nc_ohc=_TgczHTUQrsQ7kNvwHI-niv&_nc_gid=Pb8N_KW1obD-lPCVixIDTA&edm=AJhczIQBAAAA&ccb=7-5&oh=00_AfqBPBTCMPWltkfjycCZA1CW3w08gqwjC3cSS4KWdvN74g&oe=696A2742&_nc_sid=4a2096,25,0,58,1,0,[],,https://www.threads.net/@lazangya/post/DTYnH_mEzvE,[],"{'likes': 58, 'reposts': 1, 'quotes': 0}",threads,3807965558076554180,Anya Lasagna,,"Hey, it's me, a liberal! I just started paying attention to politics last year and I really think we all need to be creating a big tent and pushing the Democrats farther left! We have to work within the system! No more purity tests because those make me 😢 and feel excluded. I don't ever analyze power dynamics and I have no idea what dialectical materialism is. I've never studied revolutions and those are too scawy anyway! Keep on pushing through the status quo, guys, we got this!",threads,63428154334,lazangya
[],2026-01-12T09:34:33.285919+07:00,"“I don’t do politics”

Well, politics is doing us, regardless. 

So pay attention.",2025-11-23T07:04:54+07:00,,3771822436577496740,threads,threads.com,threads_crawler_v1,https://www.threads.net/@ninaturnerohio/post/DRYNIWoDM6k,https://instagram.fhan3-3.fna.fbcdn.net/v/t51.2885-19/603640694_17935652706108540_4663715750861226404_n.jpg?stp=dst-jpg_s150x150_tt6&efg=eyJ2ZW5jb2RlX3RhZyI6InByb2ZpbGVfcGljLmRqYW5nby4xMDgwLmMyIn0&_nc_ht=instagram.fhan3-3.fna.fbcdn.net&_nc_cat=1&_nc_oc=Q6cZ2QEk7uiAipxJLBTytwOsWGFzEgLgekhpNnGQAnQSfmrQJFFALb2geGMKVD5lV3UoH1s&_nc_ohc=C5zsZJBEdkQQ7kNvwE2-1xZ&_nc_gid=Pb8N_KW1obD-lPCVixIDTA&edm=AJhczIQBAAAA&ccb=7-5&oh=00_AfrB5Hfn_87nPp0H47czJ0ZGi0ZNJAzqG573tKP1gsHHUw&oe=696A3FE3&_nc_sid=4a2096,102,0,29586,5044,0,[],,https://www.threads.net/@ninaturnerohio/post/DRYNIWoDM6k,[],"{'likes': 29586, 'reposts': 4917, 'quotes': 127}",threads,3771822436577496740,Nina Turner,,"“I don’t do politics”

Well, politics is doing us, regardless. 

So pay attention.",threads,63143564539,ninaturnerohio
[],2026-01-12T09:34:33.286069+07:00,"“I don’t do politics.”

“I’m privileged enough to ignore injustice when it doesn’t impact me personally.”",2025-08-24T16:29:49+07:00,,3706152170970692929,threads,threads.com,threads_crawler_v1,https://www.threads.net/@thesilverlining_1970/post/DNu5cNyQD1B,https://instagram.fhan4-6.fna.fbcdn.net/v/t51.2885-19/587093388_17934996837100569_2928263506843714721_n.jpg?stp=dst-jpg_s150x150_tt6&efg=eyJ2ZW5jb2RlX3RhZyI6InByb2ZpbGVfcGljLmRqYW5nby4xMDgwLmMyIn0&_nc_ht=instagram.fhan4-6.fna.fbcdn.net&_nc_cat=109&_nc_oc=Q6cZ2QEk7uiAipxJLBTytwOsWGFzEgLgekhpNnGQAnQSfmrQJFFALb2geGMKVD5lV3UoH1s&_nc_ohc=1sper70A8zEQ7kNvwEpB_WP&_nc_gid=Pb8N_KW1obD-lPCVixIDTA&edm=AJhczIQBAAAA&ccb=7-5&oh=00_AfpnqU3oF2gj71f291_o6haso9Ax5a8GJGPBLA1kiU6DEA&oe=696A1436&_nc_sid=4a2096,27,0,4500,891,0,[],,https://www.threads.net/@thesilverlining_1970/post/DNu5cNyQD1B,[],"{'likes': 4500, 'reposts': 873, 'quotes': 18}",threads,3706152170970692929,Luisa,,"“I don’t do politics.”

“I’m privileged enough to ignore injustice when it doesn’t impact me personally.”",threads,63048988568,thesilverlining_1970
[],2026-01-12T09:34:33.286224+07:00,"I’m sick of seeing people complaining that their friends or family have cut them out because they support maga & are choosing politics over them.

Listen up sweetie. They told you to fuck off because you voted against their basic human rights. You voted against healthcare, education & scientific advancements. You voted against equality. You voted against human decency.

It’s not politics. It’s morals, ethics, values & respect for other humans. You ￼chose hatred, anger & disillusionment instead.",2025-12-18T18:49:41+07:00,,3790296561256053009,threads,threads.com,threads_crawler_v1,https://www.threads.net/@heatherdalrymple13/post/DSZ1qP_DTkR,https://instagram.fhan3-2.fna.fbcdn.net/v/t51.2885-19/358004367_178638395188915_2747412080319258538_n.jpg?stp=dst-jpg_s150x150_tt6&efg=eyJ2ZW5jb2RlX3RhZyI6InByb2ZpbGVfcGljLmRqYW5nby45NjAuYzIifQ&_nc_ht=instagram.fhan3-2.fna.fbcdn.net&_nc_cat=107&_nc_oc=Q6cZ2QEk7uiAipxJLBTytwOsWGFzEgLgekhpNnGQAnQSfmrQJFFALb2geGMKVD5lV3UoH1s&_nc_ohc=QFO7OauHTacQ7kNvwHKbmle&_nc_gid=Pb8N_KW1obD-lPCVixIDTA&edm=AJhczIQBAAAA&ccb=7-5&oh=00_Afr4CPGeqYm6cJ21i2Pk6WJpXARu7s_d0EhOI2aE5KulRg&oe=696A3981&_nc_sid=4a2096,242,0,4309,490,0,[],,https://www.threads.net/@heatherdalrymple13/post/DSZ1qP_DTkR,[],"{'likes': 4309, 'reposts': 462, 'quotes': 28}",threads,3790296561256053009,Heather Dalrymple,,"I’m sick of seeing people complaining that their friends or family have cut them out because they support maga & are choosing politics over them.

Listen up sweetie. They told you to fuck off because you voted against their basic human rights. You voted against healthcare, education & scientific advancements. You voted against equality. You voted against human decency.

It’s not politics. It’s morals, ethics, values & respect for other humans. You ￼chose hatred, anger & disillusionment instead.",threads,63260396069,heatherdalrymple13
[],2026-01-12T09:34:33.286378+07:00,"Half of Americans say the Trump administration is not committed to protecting Americans’ rights and freedoms, according to an ABC News/Washington Post/Ipsos poll conducted using Ipsos’ KnowledgePanel.

Read more: ",2025-11-03T21:00:41+07:00,,3757747585344969017,threads,threads.com,threads_crawler_v1,https://www.threads.net/@abcnews/post/DQmM4T8EZk5,https://instagram.fhan3-3.fna.fbcdn.net/v/t51.2885-19/358174312_1326910997933635_277879076083539649_n.jpg?stp=dst-jpg_s150x150_tt6&efg=eyJ2ZW5jb2RlX3RhZyI6InByb2ZpbGVfcGljLmRqYW5nby40MDAuYzIifQ&_nc_ht=instagram.fhan3-3.fna.fbcdn.net&_nc_cat=1&_nc_oc=Q6cZ2QEk7uiAipxJLBTytwOsWGFzEgLgekhpNnGQAnQSfmrQJFFALb2geGMKVD5lV3UoH1s&_nc_ohc=E0RTfGllWT8Q7kNvwFwtLtn&_nc_gid=Pb8N_KW1obD-lPCVixIDTA&edm=AJhczIQBAAAA&ccb=7-5&oh=00_AfooVlnL22VWXUpPLMZkSTrk5Rhv9weB0_FnP_YhK-9ffA&oe=696A41C5&_nc_sid=4a2096,30,0,280,39,0,['https://instagram.fhan4-6.fna.fbcdn.net/v/t51.2885-15/573295924_17928375051116624_1424257934573587010_n.jpg?stp=dst-jpg_e35_tt6&efg=eyJ2ZW5jb2RlX3RhZyI6InRocmVhZHMuRkVFRC5pbWFnZV91cmxnZW4uMTA4MHgxMzUwLnNkci5mODI3ODcuZGVmYXVsdF9pbWFnZS5jMiJ9&_nc_ht=instagram.fhan4-6.fna.fbcdn.net&_nc_cat=108&_nc_oc=Q6cZ2QEk7uiAipxJLBTytwOsWGFzEgLgekhpNnGQAnQSfmrQJFFALb2geGMKVD5lV3UoH1s&_nc_ohc=Ac99ZBZc5tMQ7kNvwGwzDz9&_nc_gid=Pb8N_KW1obD-lPCVixIDTA&edm=AJhczIQBAAAA&ccb=7-5&ig_cache_key=Mzc1Nzc0NzU4NTM0NDk2OTAxNw%3D%3D.3-ccb7-5&oh=00_AfoycqzgUR7g_pErGNB7x662dKTllInBaSMzRlFIVyZT-w&oe=696A45C8&_nc_sid=4a2096'],,https://www.threads.net/@abcnews/post/DQmM4T8EZk5,[],"{'likes': 280, 'reposts': 35, 'quotes': 4}",threads,3757747585344969017,ABC News,,"Half of Americans say the Trump administration is not committed to protecting Americans’ rights and freedoms, according to an ABC News/Washington Post/Ipsos poll conducted using Ipsos’ KnowledgePanel.

Read more: https://abcnews.go.com/Politics/half-americans-trump-admin-committed-protecting-americans-rights/story?id=127099666",threads,63424404623,abcnews
[],2026-01-12T09:34:33.286551+07:00,"Billionaires are more publicly involved in politics than ever—and Americans aren’t loving it. Here's the breakdown:  

📸: Julia Demaree Nikhinson/Pool via Getty Images",2025-11-15T07:00:12+07:00,,3766021777697981500,threads,threads.com,threads_crawler_v1,https://www.threads.net/@forbes/post/DRDmNqEEsQ8,https://instagram.fhan4-5.fna.fbcdn.net/v/t51.2885-19/358038631_282126907656206_885983888243641024_n.jpg?stp=dst-jpg_s150x150_tt6&efg=eyJ2ZW5jb2RlX3RhZyI6InByb2ZpbGVfcGljLmRqYW5nby4zMjAuYzIifQ&_nc_ht=instagram.fhan4-5.fna.fbcdn.net&_nc_cat=102&_nc_oc=Q6cZ2QEk7uiAipxJLBTytwOsWGFzEgLgekhpNnGQAnQSfmrQJFFALb2geGMKVD5lV3UoH1s&_nc_ohc=SoHhneNMjn8Q7kNvwG9ks7w&_nc_gid=Pb8N_KW1obD-lPCVixIDTA&edm=AJhczIQBAAAA&ccb=7-5&oh=00_AfrNJzgQlAX98qHUudvLaFu3BiT5vimQfDem2eV8qoxOhQ&oe=696A1CB7&_nc_sid=4a2096,76,0,1037,126,0,['https://instagram.fhan4-5.fna.fbcdn.net/v/t51.2885-15/581459051_17931826365112095_5067986869235734273_n.jpg?stp=dst-jpg_e35_tt6&efg=eyJ2ZW5jb2RlX3RhZyI6InRocmVhZHMuRkVFRC5pbWFnZV91cmxnZW4uMTA4MHgxMzUwLnNkci5mODI3ODcuZGVmYXVsdF9pbWFnZS5jMiJ9&_nc_ht=instagram.fhan4-5.fna.fbcdn.net&_nc_cat=103&_nc_oc=Q6cZ2QEk7uiAipxJLBTytwOsWGFzEgLgekhpNnGQAnQSfmrQJFFALb2geGMKVD5lV3UoH1s&_nc_ohc=wmTmQvqFPVcQ7kNvwGJomfB&_nc_gid=Pb8N_KW1obD-lPCVixIDTA&edm=AJhczIQBAAAA&ccb=7-5&ig_cache_key=Mzc2NjAyMTc3NzY5Nzk4MTUwMA%3D%3D.3-ccb7-5&oh=00_AfrV8HhvaAH6TK0P2tMyqKpyVCftgc2Y7C_iv648kKekoQ&oe=696A2B8E&_nc_sid=4a2096'],,https://www.threads.net/@forbes/post/DRDmNqEEsQ8,[],"{'likes': 1037, 'reposts': 115, 'quotes': 11}",threads,3766021777697981500,Forbes,,"Billionaires are more publicly involved in politics than ever—and Americans aren’t loving it. Here's the breakdown: https://www.forbes.com/sites/maryroeloffs/2025/11/14/americans-want-billionaires-out-of-politics-and-think-theyre-a-threat-to-democracy-poll-shows/?utm_campaign=ForbesMainTh&utm_source=ForbesMainTh&utm_medium=social 

📸: Julia Demaree Nikhinson/Pool via Getty Images",threads,63469392094,forbes
[],2026-01-12T09:34:33.286708+07:00,"NEWS: The NY Times reports that the Trump regime has opened a criminal investigation into Fed Chair Jerome Powell, escalating Trump’s effort to punish an independent central bank for refusing to bend to his political demands. The probe was approved by Trump stooge Jeanine Pirro, raising major alarm bells.",2026-01-12T07:31:39+07:00,,3808074684319268229,threads,threads.com,threads_crawler_v1,https://www.threads.net/@meidastouch/post/DTY_7_VAf2F,https://instagram.fhan3-3.fna.fbcdn.net/v/t51.2885-19/358355031_1519142135497486_6605009527406147878_n.jpg?stp=dst-jpg_s150x150_tt6&efg=eyJ2ZW5jb2RlX3RhZyI6InByb2ZpbGVfcGljLmRqYW5nby40MDAuYzIifQ&_nc_ht=instagram.fhan3-3.fna.fbcdn.net&_nc_cat=1&_nc_oc=Q6cZ2QEk7uiAipxJLBTytwOsWGFzEgLgekhpNnGQAnQSfmrQJFFALb2geGMKVD5lV3UoH1s&_nc_ohc=IBg5wxB14lUQ7kNvwFHeF74&_nc_gid=Pb8N_KW1obD-lPCVixIDTA&edm=AJhczIQBAAAA&ccb=7-5&oh=00_Afop9y1uTiYy-XIw4b9RnVrmkf_Ne-ODjzrhCTp5C56EDg&oe=696A14BD&_nc_sid=4a2096,318,0,4025,664,0,['https://instagram.fhan4-5.fna.fbcdn.net/v/t51.2885-15/612484473_17941396884100011_175614119205696671_n.jpg?stp=dst-jpg_e35_tt6&efg=eyJ2ZW5jb2RlX3RhZyI6InRocmVhZHMuRkVFRC5pbWFnZV91cmxnZW4uMTIwMHg3OTkuc2RyLmY4Mjc4Ny5kZWZhdWx0X2ltYWdlLmMyIn0&_nc_ht=instagram.fhan4-5.fna.fbcdn.net&_nc_cat=103&_nc_oc=Q6cZ2QEk7uiAipxJLBTytwOsWGFzEgLgekhpNnGQAnQSfmrQJFFALb2geGMKVD5lV3UoH1s&_nc_ohc=8XfWDURxHNAQ7kNvwH8y5Pc&_nc_gid=Pb8N_KW1obD-lPCVixIDTA&edm=AJhczIQBAAAA&ccb=7-5&ig_cache_key=MzgwODA3NDY4NDMxOTI2ODIyOQ%3D%3D.3-ccb7-5&oh=00_AfrpniLv1RPJZk28mE7Gjkb4gWqTZXlZVKr0H5ewjDfhmQ&oe=696A39ED&_nc_sid=4a2096'],,https://www.threads.net/@meidastouch/post/DTY_7_VAf2F,[],"{'likes': 4025, 'reposts': 633, 'quotes': 31}",threads,3808074684319268229,MeidasTouch,,"NEWS: The NY Times reports that the Trump regime has opened a criminal investigation into Fed Chair Jerome Powell, escalating Trump’s effort to punish an independent central bank for refusing to bend to his political demands. The probe was approved by Trump stooge Jeanine Pirro, raising major alarm bells.",threads,63095236010,meidastouch
[],2026-01-12T09:34:33.286882+07:00,Now imagine if we coordinate a national strike that shuts down the U.S. economy until we have accountability. I mean completely disconnected that we bring the government to its knees politically.,2026-01-11T12:16:21+07:00,,3807493206666305853,threads,threads.com,threads_crawler_v1,https://www.threads.net/@dannykpolitics/post/DTW7uYEDuE9,https://instagram.fhan3-3.fna.fbcdn.net/v/t51.2885-19/447801619_432618052892676_827955217001161532_n.jpg?stp=dst-jpg_s150x150_tt6&efg=eyJ2ZW5jb2RlX3RhZyI6InByb2ZpbGVfcGljLmRqYW5nby41MTIuYzIifQ&_nc_ht=instagram.fhan3-3.fna.fbcdn.net&_nc_cat=1&_nc_oc=Q6cZ2QEk7uiAipxJLBTytwOsWGFzEgLgekhpNnGQAnQSfmrQJFFALb2geGMKVD5lV3UoH1s&_nc_ohc=bcFhm8sl6b8Q7kNvwHPqX_2&_nc_gid=Pb8N_KW1obD-lPCVixIDTA&edm=AJhczIQBAAAA&ccb=7-5&oh=00_AfqkK9BFaBmTdD-slYLAkFq0yLu8gemm77dTsgt-dx7stA&oe=696A23AF&_nc_sid=4a2096,661,0,9840,1084,0,[],,https://www.threads.net/@dannykpolitics/post/DTW7uYEDuE9,[],"{'likes': 9840, 'reposts': 1040, 'quotes': 44}",threads,3807493206666305853,Danny Krikorian,,Now imagine if we coordinate a national strike that shuts down the U.S. economy until we have accountability. I mean completely disconnected that we bring the government to its knees politically.,threads,69805090433,dannykpolitics
[],2026-01-12T09:34:33.286993+07:00,"Could Obama run again in 2028?
Social media sparks debate on US democracy,
leadership, and political legacy.",2025-10-19T12:31:03+07:00,,3746619439812177385,threads,threads.com,threads_crawler_v1,https://www.threads.net/@oliviajbennettjrnl/post/DP-qoeyk-3p,https://instagram.fhan3-4.fna.fbcdn.net/v/t51.2885-19/567242874_17847401994583732_2750516690026394250_n.jpg?stp=dst-jpg_s150x150_tt6&efg=eyJ2ZW5jb2RlX3RhZyI6InByb2ZpbGVfcGljLmRqYW5nby4xMDgwLmMyIn0&_nc_ht=instagram.fhan3-4.fna.fbcdn.net&_nc_cat=104&_nc_oc=Q6cZ2QEk7uiAipxJLBTytwOsWGFzEgLgekhpNnGQAnQSfmrQJFFALb2geGMKVD5lV3UoH1s&_nc_ohc=RqJT2SowaqwQ7kNvwGUt5nC&_nc_gid=Pb8N_KW1obD-lPCVixIDTA&edm=AJhczIQBAAAA&ccb=7-5&oh=00_AfpSpauVJk-8LQfw6oWNWi4oL7OFj12azdOsNBNEyj8VvA&oe=696A25C7&_nc_sid=4a2096,7381,0,23571,187,0,['https://instagram.fhan3-4.fna.fbcdn.net/v/t51.2885-15/568388784_17847403848583732_2804945280973269637_n.webp?efg=eyJ2ZW5jb2RlX3RhZyI6InRocmVhZHMuRkVFRC5pbWFnZV91cmxnZW4uMTA4MHgxMDg1LnNkci5mODI3ODcuZGVmYXVsdF9pbWFnZS5jMiJ9&_nc_ht=instagram.fhan3-4.fna.fbcdn.net&_nc_cat=104&_nc_oc=Q6cZ2QEk7uiAipxJLBTytwOsWGFzEgLgekhpNnGQAnQSfmrQJFFALb2geGMKVD5lV3UoH1s&_nc_ohc=08pkjC_JVC0Q7kNvwF3kMEZ&_nc_gid=Pb8N_KW1obD-lPCVixIDTA&edm=AJhczIQBAAAA&ccb=7-5&ig_cache_key=Mzc0NjYxOTQzOTgxMjE3NzM4NQ%3D%3D.3-ccb7-5&oh=00_AfrmnUeAfp3e2VhLWjLVhyCeQfikSQGA6YuoZnVaYgsM4w&oe=696A38F9&_nc_sid=4a2096'],,https://www.threads.net/@oliviajbennettjrnl/post/DP-qoeyk-3p,[],"{'likes': 23571, 'reposts': 152, 'quotes': 35}",threads,3746619439812177385,Olivia J. Bennett – Journalist,Trump,"Could Obama run again in 2028?
Social media sparks debate on US democracy,
leadership, and political legacy.",threads,77458855731,oliviajbennettjrnl
[],2026-01-12T09:34:33.287131+07:00,"Ex-CIA here. Yes, the govt is lying about what happened in Minneapolis. We should all be concerned and enraged by this regardless where you stand politically.",2026-01-08T07:16:13+07:00,,3805167814055896576,threads,threads.com,threads_crawler_v1,https://www.threads.net/@disinfo_gal/post/DTOq_dbjSYA,https://instagram.fhan3-3.fna.fbcdn.net/v/t51.2885-19/358164005_110994648702251_8977052678666957445_n.jpg?stp=dst-jpg_s150x150_tt6&efg=eyJ2ZW5jb2RlX3RhZyI6InByb2ZpbGVfcGljLmRqYW5nby4xMDgwLmMyIn0&_nc_ht=instagram.fhan3-3.fna.fbcdn.net&_nc_cat=111&_nc_oc=Q6cZ2QEk7uiAipxJLBTytwOsWGFzEgLgekhpNnGQAnQSfmrQJFFALb2geGMKVD5lV3UoH1s&_nc_ohc=dK43P-aQUWwQ7kNvwEZKNbH&_nc_gid=Pb8N_KW1obD-lPCVixIDTA&edm=AJhczIQBAAAA&ccb=7-5&oh=00_AfolRB85-966kuS4rFFaioiM9MrCVao9qR6NNXAftsab-A&oe=696A25DD&_nc_sid=4a2096,836,0,48468,4341,0,[],,https://www.threads.net/@disinfo_gal/post/DTOq_dbjSYA,[],"{'likes': 48468, 'reposts': 4272, 'quotes': 69}",threads,3805167814055896576,disinfo_gal,,"Ex-CIA here. Yes, the govt is lying about what happened in Minneapolis. We should all be concerned and enraged by this regardless where you stand politically.",threads,63243683075,disinfo_gal
[],2026-01-12T09:34:33.287288+07:00,"JD Vance saying the Trump Administration “won’t tolerate political violence” is a flat-out lie.

This is the same Administration that egged on and pardoned nearly 1,600 insurrectionists who stormed the U.S. Capitol on January 6th.

The same Administration led by a President who called for the execution of several members of Congress who simply reminded our service members of their responsibility not to obey illegal orders.",2026-01-12T05:39:33+07:00,,3808018130169549348,threads,threads.com,threads_crawler_v1,https://www.threads.net/@repmikelevin/post/DTYzFBLANIk,https://instagram.fhan4-6.fna.fbcdn.net/v/t51.2885-19/358189193_945857006671977_2101746520580177680_n.jpg?stp=dst-jpg_s150x150_tt6&efg=eyJ2ZW5jb2RlX3RhZyI6InByb2ZpbGVfcGljLmRqYW5nby4xMDgwLmMyIn0&_nc_ht=instagram.fhan4-6.fna.fbcdn.net&_nc_cat=109&_nc_oc=Q6cZ2QEk7uiAipxJLBTytwOsWGFzEgLgekhpNnGQAnQSfmrQJFFALb2geGMKVD5lV3UoH1s&_nc_ohc=Noka4bh-3D8Q7kNvwHNJMJe&_nc_gid=Pb8N_KW1obD-lPCVixIDTA&edm=AJhczIQBAAAA&ccb=7-5&oh=00_AfrWBtle1A8DvDyUyt3Z8WRXgZzECrT1tbo8cMdpUGmgSw&oe=696A2F71&_nc_sid=4a2096,39,0,237,61,0,"['https://instagram.fhan4-5.fna.fbcdn.net/v/t51.2885-15/612661899_1388577409344651_620139897800464609_n.jpg?stp=dst-jpg_e15_tt6&efg=eyJ2ZW5jb2RlX3RhZyI6InRocmVhZHMuRkVFRC5pbWFnZV91cmxnZW4uNjQweDM2MC5zZHIuZjcxODc4LmRlZmF1bHRfY292ZXJfZnJhbWUuYzIifQ&_nc_ht=instagram.fhan4-5.fna.fbcdn.net&_nc_cat=103&_nc_oc=Q6cZ2QEk7uiAipxJLBTytwOsWGFzEgLgekhpNnGQAnQSfmrQJFFALb2geGMKVD5lV3UoH1s&_nc_ohc=in8RbPmgUWIQ7kNvwG17PMx&_nc_gid=Pb8N_KW1obD-lPCVixIDTA&edm=AJhczIQBAAAA&ccb=7-5&ig_cache_key=MzgwODAxODEzMDE2OTU0OTM0OA%3D%3D.3-ccb7-5&oh=00_AfrfFmDGLe4lUCPRiCnFtRzWF0LyQDTd6Z2x4KvyvB3J-g&oe=696A1E68&_nc_sid=4a2096', 'https://instagram.fhan3-4.fna.fbcdn.net/o1/v/t16/f2/m84/AQNafRcf-9_RJjQF711kPH7EN7cOd80WW--mgZvkPmfL0sLcCKQSGeS8Hvo01SZAlZAOPBEfismnxdjLTURKt3bGX-o7WcWvZ5mBNtg.mp4?_nc_cat=104&_nc_oc=Adm-w09844fp0AkKlBCuzAE4JbhKfq6WdVfTAAsjoO2cZPpNGe5_w9XfvGSjID4GJ34&_nc_sid=5e9851&_nc_ht=instagram.fhan3-4.fna.fbcdn.net&_nc_ohc=-cleb6zgEpMQ7kNvwGMlWTH&efg=eyJ2ZW5jb2RlX3RhZyI6Inhwdl9wcm9ncmVzc2l2ZS5JTlNUQUdSQU0uRkVFRC5DMy4xMjc2LmRhc2hfYmFzZWxpbmVfMV92MSIsInhwdl9hc3NldF9pZCI6MTkwNDY5MzAzMDQxOTQ5OSwiYXNzZXRfYWdlX2RheXMiOjAsInZpX3VzZWNhc2VfaWQiOjEwMTY0LCJkdXJhdGlvbl9zIjo0NCwidXJsZ2VuX3NvdXJjZSI6Ind3dyJ9&ccb=17-1&_nc_gid=Pb8N_KW1obD-lPCVixIDTA&_nc_zt=28&vs=2afb0e945e02b5f8&_nc_vs=HBksFQIYTGlnX2JhY2tmaWxsX3RpbWVsaW5lX3ZvZC9EMDQ2REI1REJFMTMxNTdDMTA5Q0YwMTk5MkYxODQ5N192aWRlb19kYXNoaW5pdC5tcDQVAALIARIAFQIYOnBhc3N0aHJvdWdoX2V2ZXJzdG9yZS9HREhtWlNRa2xsV1NZRzhHQUczdFIwVlcyZFplYnNwVEFRQUYVAgLIARIAKAAYABsCiAd1c2Vfb2lsATEScHJvZ3Jlc3NpdmVfcmVjaXBlATEVAAAm1vDf99yT4gYVAigCQzMsF0BGWZmZmZmaGBJkYXNoX2Jhc2VsaW5lXzFfdjERAHXqB2XongEA&oh=00_Afq5-BD2kadM9mXztsn2cQFxaBiXRbll4buOoHGncWGpow&oe=69664454']",,https://www.threads.net/@repmikelevin/post/DTYzFBLANIk,[],"{'likes': 237, 'reposts': 58, 'quotes': 3}",threads,3808018130169549348,Mike Levin,,"JD Vance saying the Trump Administration “won’t tolerate political violence” is a flat-out lie.

This is the same Administration that egged on and pardoned nearly 1,600 insurrectionists who stormed the U.S. Capitol on January 6th.

The same Administration led by a President who called for the execution of several members of Congress who simply reminded our service members of their responsibility not to obey illegal orders.",threads,63062869858,repmikelevin
[],2026-01-12T09:34:33.287439+07:00,"This is all a diversion from the fraud!! The sleazy  Democrats called in the Paid protesters to cause violence. The democrats don't care about that girl, she was a political pawn of the democrats. #reneenicolegood 
#democratanarchy 
#minnesotafraudexposed 
#minnesotacrime 
#minnesotaexposure",2026-01-12T05:49:23+07:00,,3808023213029618275,threads,threads.com,threads_crawler_v1,https://www.threads.net/@riveroalida/post/DTY0O-9EnJj,https://instagram.fhan4-3.fna.fbcdn.net/v/t51.2885-19/536299806_18420034396100938_1073469421915466702_n.jpg?stp=dst-jpg_s150x150_tt6&efg=eyJ2ZW5jb2RlX3RhZyI6InByb2ZpbGVfcGljLmRqYW5nby4xMDgwLmMyIn0&_nc_ht=instagram.fhan4-3.fna.fbcdn.net&_nc_cat=110&_nc_oc=Q6cZ2QEk7uiAipxJLBTytwOsWGFzEgLgekhpNnGQAnQSfmrQJFFALb2geGMKVD5lV3UoH1s&_nc_ohc=NyZANRD4eh4Q7kNvwHZ2XWe&_nc_gid=Pb8N_KW1obD-lPCVixIDTA&edm=AJhczIQBAAAA&ccb=7-5&oh=00_AfoOgXxL7DMV2mn5UYlWGTLQxHpvRCBFmVuUy3XFNlefJg&oe=696A18A9&_nc_sid=4a2096,45,0,65,3,0,['https://instagram.fhan4-3.fna.fbcdn.net/v/t51.2885-15/613609655_18442890940100938_8433735318847093650_n.webp?efg=eyJ2ZW5jb2RlX3RhZyI6InRocmVhZHMuRkVFRC5pbWFnZV91cmxnZW4uMTA4MHgxMDgwLnNkci5mODI3ODcuZGVmYXVsdF9pbWFnZS5jMiJ9&_nc_ht=instagram.fhan4-3.fna.fbcdn.net&_nc_cat=110&_nc_oc=Q6cZ2QEk7uiAipxJLBTytwOsWGFzEgLgekhpNnGQAnQSfmrQJFFALb2geGMKVD5lV3UoH1s&_nc_ohc=_hOZ3jDAKOgQ7kNvwHplpGW&_nc_gid=Pb8N_KW1obD-lPCVixIDTA&edm=AJhczIQBAAAA&ccb=7-5&ig_cache_key=MzgwODAyMzIxMzAyOTYxODI3NQ%3D%3D.3-ccb7-5&oh=00_AfqwJxj7n4Vk6mSeJNAhTp0tdKye2ji-2mM1hYe1VWmAKg&oe=696A3002&_nc_sid=4a2096'],,https://www.threads.net/@riveroalida/post/DTY0O-9EnJj,[],"{'likes': 65, 'reposts': 3, 'quotes': 0}",threads,3808023213029618275,Ali Loves 45,,"This is all a diversion from the fraud!! The sleazy  Democrats called in the Paid protesters to cause violence. The democrats don't care about that girl, she was a political pawn of the democrats. #reneenicolegood 
#democratanarchy 
#minnesotafraudexposed 
#minnesotacrime 
#minnesotaexposure",threads,76472398026,riveroalida
[],2026-01-12T09:34:33.287608+07:00,"When people say “why do you have to make everything political?”
What they really mean is
“This system works fine for me and you’re ruining my day by reminding me of someone else’s pain”",2026-01-09T05:46:37+07:00,,3805847493469700682,threads,threads.com,threads_crawler_v1,https://www.threads.net/@sarahhesterross/post/DTRFiGNkoJK,https://instagram.fhan3-3.fna.fbcdn.net/v/t51.2885-19/542323423_17923306830112454_1006214707330302369_n.jpg?stp=dst-jpg_s150x150_tt6&efg=eyJ2ZW5jb2RlX3RhZyI6InByb2ZpbGVfcGljLmRqYW5nby43MzguYzIifQ&_nc_ht=instagram.fhan3-3.fna.fbcdn.net&_nc_cat=1&_nc_oc=Q6cZ2QEk7uiAipxJLBTytwOsWGFzEgLgekhpNnGQAnQSfmrQJFFALb2geGMKVD5lV3UoH1s&_nc_ohc=mui9C0SbG8EQ7kNvwEuuF7a&_nc_gid=Pb8N_KW1obD-lPCVixIDTA&edm=AJhczIQBAAAA&ccb=7-5&oh=00_AfqqWEJ4wTjzufXHX3SqzKvSH7Lpa27ym9gndIlSvAHUdg&oe=696A2276&_nc_sid=4a2096,65,0,15502,2133,0,[],,https://www.threads.net/@sarahhesterross/post/DTRFiGNkoJK,[],"{'likes': 15502, 'reposts': 2094, 'quotes': 39}",threads,3805847493469700682,Sarah Hester Ross,,"When people say “why do you have to make everything political?”
What they really mean is
“This system works fine for me and you’re ruining my day by reminding me of someone else’s pain”",threads,63437480453,sarahhesterross
[],2026-01-12T09:34:33.287760+07:00,"SUPPORTING TRUMP 
is no longer a political choice. It is a statement that you don’t care about morality, legality, or the truth",2025-12-08T14:49:57+07:00,,3782928138230494320,threads,threads.com,threads_crawler_v1,https://www.threads.net/@_kate_debate/post/DR_qRlSDvRw,https://instagram.fhan3-4.fna.fbcdn.net/v/t51.2885-19/468984292_1777446689675380_3355535770332305227_n.jpg?stp=dst-jpg_s150x150_tt6&efg=eyJ2ZW5jb2RlX3RhZyI6InByb2ZpbGVfcGljLmRqYW5nby45NTguYzIifQ&_nc_ht=instagram.fhan3-4.fna.fbcdn.net&_nc_cat=104&_nc_oc=Q6cZ2QEk7uiAipxJLBTytwOsWGFzEgLgekhpNnGQAnQSfmrQJFFALb2geGMKVD5lV3UoH1s&_nc_ohc=BIwn-EtsFqMQ7kNvwG71tRN&_nc_gid=Pb8N_KW1obD-lPCVixIDTA&edm=AJhczIQBAAAA&ccb=7-5&oh=00_AfqaBkElZuoR4IkvlbBzJex9UN2Fq0wfhZN2PB6K1dq5lA&oe=696A2C5D&_nc_sid=4a2096,590,0,21034,1974,0,[],,https://www.threads.net/@_kate_debate/post/DR_qRlSDvRw,[],"{'likes': 21034, 'reposts': 1942, 'quotes': 32}",threads,3782928138230494320,Katelyn Elizabeth,,"SUPPORTING TRUMP 
is no longer a political choice. It is a statement that you don’t care about morality, legality, or the truth",threads,70737489828,_kate_debate
[],2026-01-12T09:34:33.287899+07:00,"If you look closely, you can see signs of GOP lawmakers fearing the long-term political consequences of paying more attention to Trump's demands than to the voices of their own constituents - or consciences.",2025-10-11T22:28:01+07:00,,3741121700410984089,threads,threads.com,threads_crawler_v1,https://www.threads.net/@pete.buttigieg/post/DPrIl1-gIaZ,https://instagram.fhan4-3.fna.fbcdn.net/v/t51.2885-19/589167966_17937795582100488_5351381037228209123_n.jpg?stp=dst-jpg_s150x150_tt6&efg=eyJ2ZW5jb2RlX3RhZyI6InByb2ZpbGVfcGljLmRqYW5nby4xMDgwLmMyIn0&_nc_ht=instagram.fhan4-3.fna.fbcdn.net&_nc_cat=100&_nc_oc=Q6cZ2QEk7uiAipxJLBTytwOsWGFzEgLgekhpNnGQAnQSfmrQJFFALb2geGMKVD5lV3UoH1s&_nc_ohc=RyWFTPIMlQIQ7kNvwG2PE6q&_nc_gid=Pb8N_KW1obD-lPCVixIDTA&edm=AJhczIQBAAAA&ccb=7-5&oh=00_AfrMD5g6PwW1LaHvs7-NMifikfEidIof3nKyYAaVbHsrgQ&oe=696A4412&_nc_sid=4a2096,1437,0,53193,3093,0,[],,https://www.threads.net/@pete.buttigieg/post/DPrIl1-gIaZ,[],"{'likes': 53193, 'reposts': 2986, 'quotes': 107}",threads,3741121700410984089,Pete Buttigieg,,"If you look closely, you can see signs of GOP lawmakers fearing the long-term political consequences of paying more attention to Trump's demands than to the voices of their own constituents - or consciences.",threads,63086060487,pete.buttigieg
[],2026-01-12T09:34:33.288009+07:00,"Obama is the most popular political figure among young men, according to a new poll.",2026-01-09T01:01:27+07:00,,3805703922166614834,threads,threads.com,threads_crawler_v1,https://www.threads.net/@newsweek/post/DTQk43BDUsy,https://instagram.fhan3-3.fna.fbcdn.net/v/t51.2885-19/582087873_17937212202098984_5592334386388266511_n.jpg?stp=dst-jpg_s150x150_tt6&efg=eyJ2ZW5jb2RlX3RhZyI6InByb2ZpbGVfcGljLmRqYW5nby41MDAuYzIifQ&_nc_ht=instagram.fhan3-3.fna.fbcdn.net&_nc_cat=1&_nc_oc=Q6cZ2QEk7uiAipxJLBTytwOsWGFzEgLgekhpNnGQAnQSfmrQJFFALb2geGMKVD5lV3UoH1s&_nc_ohc=sHIAsCh_UuwQ7kNvwEFupmZ&_nc_gid=Pb8N_KW1obD-lPCVixIDTA&edm=AJhczIQBAAAA&ccb=7-5&oh=00_Afpdem6N-eZbO8k8lExXP20ybqbOaLQ8YVmKZ5PhmEwM2g&oe=696A27DE&_nc_sid=4a2096,190,0,6747,368,0,[],,https://www.threads.net/@newsweek/post/DTQk43BDUsy,[],"{'likes': 6747, 'reposts': 329, 'quotes': 39}",threads,3805703922166614834,Newsweek,,"Obama is the most popular political figure among young men, according to a new poll.",threads,63101458983,newsweek
[],2026-01-12T09:34:33.288162+07:00,Normalize changing your political opinion when you learn more.,2025-10-24T10:24:16+07:00,,3750179506167345329,threads,threads.com,threads_crawler_v1,https://www.threads.net/@_annamarier/post/DQLUGQ9DfCx,https://instagram.fhan3-3.fna.fbcdn.net/v/t51.2885-19/553364621_17922859131114418_1283279023060146764_n.jpg?stp=dst-jpg_s150x150_tt6&efg=eyJ2ZW5jb2RlX3RhZyI6InByb2ZpbGVfcGljLmRqYW5nby4xMDgwLmMyIn0&_nc_ht=instagram.fhan3-3.fna.fbcdn.net&_nc_cat=1&_nc_oc=Q6cZ2QEHiivT3eHxwrbFW-o9AJrZ2PcgYg93ienHfsPddS-5F8RhtPxfeOjox_828fewpdg&_nc_ohc=_mhRPBJnMVgQ7kNvwF89tlL&_nc_gid=m2Uh_OlqjF-8RL_ggySfuQ&edm=AJhczIQBAAAA&ccb=7-5&oh=00_AfoRYnaBYkStE92zZq_IuMt6XxwR9gjnoHm1IykjcWLMGw&oe=696A4072&_nc_sid=4a2096,31,0,1160,160,0,[],,https://www.threads.net/@_annamarier/post/DQLUGQ9DfCx,[],"{'likes': 1160, 'reposts': 145, 'quotes': 15}",threads,3750179506167345329,ᴀɴɴᴀ,,Normalize changing your political opinion when you learn more.,threads,63431234417,_annamarier
[],2026-01-12T09:34:33.288359+07:00,"Where are my political leftists, artists, literature nerds and big hearted folks?",2026-01-06T00:41:56+07:00,,3803519811230192690,threads,threads.com,threads_crawler_v1,https://www.threads.net/@allonevoice/post/DTI0R3MiVQy,https://instagram.fhan3-3.fna.fbcdn.net/v/t51.2885-19/495248795_581444317733339_1293967235571409922_n.jpg?stp=dst-jpg_s150x150_tt6&efg=eyJ2ZW5jb2RlX3RhZyI6InByb2ZpbGVfcGljLmRqYW5nby4xMDgwLmMyIn0&_nc_ht=instagram.fhan3-3.fna.fbcdn.net&_nc_cat=111&_nc_oc=Q6cZ2QEHiivT3eHxwrbFW-o9AJrZ2PcgYg93ienHfsPddS-5F8RhtPxfeOjox_828fewpdg&_nc_ohc=Kg1Cl_W8uacQ7kNvwHnW9xZ&_nc_gid=m2Uh_OlqjF-8RL_ggySfuQ&edm=AJhczIQBAAAA&ccb=7-5&oh=00_Afqs1AbhvfJD3kJrDMTr7Rp0-QmXNywW4ISg6_vcYliy3A&oe=696A4106&_nc_sid=4a2096,122,0,495,13,0,[],,https://www.threads.net/@allonevoice/post/DTI0R3MiVQy,[],"{'likes': 495, 'reposts': 12, 'quotes': 1}",threads,3803519811230192690,Bruce / AllOne,,"Where are my political leftists, artists, literature nerds and big hearted folks?",threads,74139240398,allonevoice
[],2026-01-12T09:34:33.288529+07:00,"I’m not a Democrat nor a Republican. I vote independent and have voted on both sides over the years. I vote based on history, morals, ethics, character, Integrity, leadership ability and the ability to make good decisions that benefit the country as a whole. That being said, Donald Trump is an intolerable HUMAN BEING. He is self-serving, a liar, divisive, and uneducated. If he were a DEMOCRAT i would still call for his impeachment and arrest. It’s not about political affiliation…He’s EVIL.",2025-11-17T23:10:21+07:00,,3767959703314865156,threads,threads.com,threads_crawler_v1,https://www.threads.net/@myckelle/post/DRKe2L8EZwE,https://instagram.fhan4-3.fna.fbcdn.net/v/t51.2885-19/473029737_1400727524241060_8745914983148860883_n.jpg?stp=dst-jpg_s150x150_tt6&efg=eyJ2ZW5jb2RlX3RhZyI6InByb2ZpbGVfcGljLmRqYW5nby4xMDgwLmMyIn0&_nc_ht=instagram.fhan4-3.fna.fbcdn.net&_nc_cat=100&_nc_oc=Q6cZ2QEHiivT3eHxwrbFW-o9AJrZ2PcgYg93ienHfsPddS-5F8RhtPxfeOjox_828fewpdg&_nc_ohc=j_ia2tJqtmQQ7kNvwE_zgPw&_nc_gid=m2Uh_OlqjF-8RL_ggySfuQ&edm=AJhczIQBAAAA&ccb=7-5&oh=00_AfobCvIrL9BTWNcw6hnkc_jCQlbAic3BBwyI_7hGnUVUiA&oe=696A48FD&_nc_sid=4a2096,196,0,313,17,0,[],,https://www.threads.net/@myckelle/post/DRKe2L8EZwE,[],"{'likes': 313, 'reposts': 17, 'quotes': 0}",threads,3767959703314865156,Myckelle,,"I’m not a Democrat nor a Republican. I vote independent and have voted on both sides over the years. I vote based on history, morals, ethics, character, Integrity, leadership ability and the ability to make good decisions that benefit the country as a whole. That being said, Donald Trump is an intolerable HUMAN BEING. He is self-serving, a liar, divisive, and uneducated. If he were a DEMOCRAT i would still call for his impeachment and arrest. It’s not about political affiliation…He’s EVIL.",threads,71632367298,myckelle
[],2026-01-12T09:34:33.288699+07:00,"Our democracy is not self-executing. It depends on us all as citizens, regardless of our political affiliations, to stand up and fight for the core values that have made this country the envy of the world.",2025-09-18T03:00:24+07:00,,3723863791957318833,threads,threads.com,threads_crawler_v1,https://www.threads.net/@barackobama/post/DOt0mOPjhyx,https://instagram.fhan4-1.fna.fbcdn.net/v/t51.2885-19/361742448_804303214579253_9097669498418482911_n.jpg?stp=dst-jpg_s150x150_tt6&efg=eyJ2ZW5jb2RlX3RhZyI6InByb2ZpbGVfcGljLmRqYW5nby40MDAuYzIifQ&_nc_ht=instagram.fhan4-1.fna.fbcdn.net&_nc_cat=105&_nc_oc=Q6cZ2QEHiivT3eHxwrbFW-o9AJrZ2PcgYg93ienHfsPddS-5F8RhtPxfeOjox_828fewpdg&_nc_ohc=7moScCK3XE8Q7kNvwHTXMrm&_nc_gid=m2Uh_OlqjF-8RL_ggySfuQ&edm=AJhczIQBAAAA&ccb=7-5&oh=00_Afod-_az030qgf33P-Q9ISnXSAN2FeflPvQZtyU3_qxXZw&oe=696A35BB&_nc_sid=4a2096,378,0,11964,981,0,"['https://instagram.fhan3-3.fna.fbcdn.net/v/t51.2885-15/550425774_1133902428689989_7478516595360449974_n.jpg?stp=dst-jpg_e15_tt6&efg=eyJ2ZW5jb2RlX3RhZyI6InRocmVhZHMuRkVFRC5pbWFnZV91cmxnZW4uNjQweDExMzYuc2RyLmY3MTg3OC5kZWZhdWx0X2NvdmVyX2ZyYW1lLmMyIn0&_nc_ht=instagram.fhan3-3.fna.fbcdn.net&_nc_cat=101&_nc_oc=Q6cZ2QEHiivT3eHxwrbFW-o9AJrZ2PcgYg93ienHfsPddS-5F8RhtPxfeOjox_828fewpdg&_nc_ohc=cXF5TCsHWxwQ7kNvwGzSFZL&_nc_gid=m2Uh_OlqjF-8RL_ggySfuQ&edm=AJhczIQBAAAA&ccb=7-5&ig_cache_key=MzcyMzg2Mzc5MTk1NzMxODgzMw%3D%3D.3-ccb7-5&oh=00_AfrHLWMaqe8bIIHsAXsetGxsIKKFlqwI5hsRrCcZdPyAdQ&oe=696A19C9&_nc_sid=4a2096', 'https://instagram.fhan4-5.fna.fbcdn.net/o1/v/t16/f2/m84/AQPqhDU6_Eetb2Yca_0O4qRpGkEF3jg625RBBFalnAucMUuJdy8-pBztA3nnssip0VMn4M-R6d8VA3GKusOyCYJwiTOogAM6AHbwuG4.mp4?_nc_cat=102&_nc_oc=AdmsRMEcm3IEvKuYMbCHnzHakUM1K1TvEF6F8SGXRCRDGFa0XrQ2i4Ackylqc7Ws8X8&_nc_sid=5e9851&_nc_ht=instagram.fhan4-5.fna.fbcdn.net&_nc_ohc=OPZe0oAFMLoQ7kNvwFevl0t&efg=eyJ2ZW5jb2RlX3RhZyI6Inhwdl9wcm9ncmVzc2l2ZS5JTlNUQUdSQU0uRkVFRC5DMy43MjAuZGFzaF9iYXNlbGluZV8xX3YxIiwieHB2X2Fzc2V0X2lkIjo3NjY3MTczMDI3MDk2ODgsImFzc2V0X2FnZV9kYXlzIjoxMTYsInZpX3VzZWNhc2VfaWQiOjEwMTY0LCJkdXJhdGlvbl9zIjoxNTcsInVybGdlbl9zb3VyY2UiOiJ3d3cifQ%3D%3D&ccb=17-1&_nc_gid=m2Uh_OlqjF-8RL_ggySfuQ&_nc_zt=28&vs=2b2625d6bd4c0388&_nc_vs=HBksFQIYTGlnX2JhY2tmaWxsX3RpbWVsaW5lX3ZvZC9BRTQ0QUI4MkM1ODMzQjM4MkJEMjdGRUJGQzdFN0RCN192aWRlb19kYXNoaW5pdC5tcDQVAALIARIAFQIYOnBhc3N0aHJvdWdoX2V2ZXJzdG9yZS9HTWV5dmlBU0FQdi1ic29FQUtsaUNVYkJONGg1YmtZTEFBQUYVAgLIARIAKAAYABsCiAd1c2Vfb2lsATEScHJvZ3Jlc3NpdmVfcmVjaXBlATEVAAAm8PbEh-nU3AIVAigCQzMsF0BjsdLxqfvnGBJkYXNoX2Jhc2VsaW5lXzFfdjERAHXqB2XongEA&oh=00_AfrbRX7JQqDl9_V6ZYR50W67xcwiPvN6A7eyRGe7ATEkOQ&oe=6966546E']",,https://www.threads.net/@barackobama/post/DOt0mOPjhyx,[],"{'likes': 11964, 'reposts': 918, 'quotes': 63}",threads,3723863791957318833,Barack Obama,,"Our democracy is not self-executing. It depends on us all as citizens, regardless of our political affiliations, to stand up and fight for the core values that have made this country the envy of the world.",threads,63462013150,barackobama
[],2026-01-12T09:34:33.288896+07:00,Making your political party your whole personality is weird to me.,2025-11-15T00:16:50+07:00,,3765818839385310176,threads,threads.com,threads_crawler_v1,https://www.threads.net/@kingkeraun/post/DRC4EhCCQPg,https://instagram.fhan4-3.fna.fbcdn.net/v/t51.2885-19/611309838_17935607898115524_2772057235329794652_n.jpg?stp=dst-jpg_s150x150_tt6&efg=eyJ2ZW5jb2RlX3RhZyI6InByb2ZpbGVfcGljLmRqYW5nby41MjIuYzIifQ&_nc_ht=instagram.fhan4-3.fna.fbcdn.net&_nc_cat=100&_nc_oc=Q6cZ2QEHiivT3eHxwrbFW-o9AJrZ2PcgYg93ienHfsPddS-5F8RhtPxfeOjox_828fewpdg&_nc_ohc=aW96jVe-uLcQ7kNvwGhI47U&_nc_gid=m2Uh_OlqjF-8RL_ggySfuQ&edm=AJhczIQBAAAA&ccb=7-5&oh=00_Afo_UNkO1h2lwEUyt2rexwEJlWRkfRLV5mpOcnGr50YxWw&oe=696A4930&_nc_sid=4a2096,153,0,4218,387,0,[],,https://www.threads.net/@kingkeraun/post/DRC4EhCCQPg,[],"{'likes': 4218, 'reposts': 359, 'quotes': 28}",threads,3765818839385310176,Keraun,,Making your political party your whole personality is weird to me.,threads,63433843523,kingkeraun
[],2026-01-12T09:34:33.289071+07:00,"The longer I work in corporate the more I realize …promotions are about politics, not performance",2025-09-03T20:08:15+07:00,,3713509872018010647,threads,threads.com,threads_crawler_v1,https://www.threads.net/@your.corporate.bestie/post/DOJCY23ijIX,https://instagram.fhan3-3.fna.fbcdn.net/v/t51.2885-19/448157400_815332250317403_8266610883579418624_n.jpg?stp=dst-jpg_s150x150_tt6&efg=eyJ2ZW5jb2RlX3RhZyI6InByb2ZpbGVfcGljLmRqYW5nby40MDAuYzIifQ&_nc_ht=instagram.fhan3-3.fna.fbcdn.net&_nc_cat=111&_nc_oc=Q6cZ2QEHiivT3eHxwrbFW-o9AJrZ2PcgYg93ienHfsPddS-5F8RhtPxfeOjox_828fewpdg&_nc_ohc=YYcm6zsjPloQ7kNvwEtj0Om&_nc_gid=m2Uh_OlqjF-8RL_ggySfuQ&edm=AJhczIQBAAAA&ccb=7-5&oh=00_AfpJ2nYWCoEVa-TzIjLN1TWanX92S-cQY1kRN_aD2zCdxA&oe=696A1629&_nc_sid=4a2096,197,0,13192,1403,0,[],,https://www.threads.net/@your.corporate.bestie/post/DOJCY23ijIX,[],"{'likes': 13192, 'reposts': 1340, 'quotes': 63}",threads,3713509872018010647,Joanna | Your Corporate Bestie,,"The longer I work in corporate the more I realize …promotions are about politics, not performance",threads,67269877327,your.corporate.bestie
[],2026-01-12T09:34:33.289232+07:00,"Neta Looks politics Prompt 👉🏻 
A cinematic, full HD, eye-level shot of a charming man in his late 20s to early 30s, with a stylish beard and dark hair. He is wearing a dark cream kurta, layered with a GRAY-colored,  waistcoat featuring gold buttons. He is seated on a white sofa, looking away to the camera with a pleasant, relaxed gentle smile, one hand resting thoughtfully on his chin/cheek, showcasing a watch. Face match 100% exactly same match from the uploaded reference image",2025-10-20T01:56:13+07:00,,3747024694848677369,threads,threads.com,threads_crawler_v1,https://www.threads.net/@inibashagrawal/post/DQAGxt9EmX5,https://instagram.fhan3-2.fna.fbcdn.net/v/t51.2885-19/565409832_17919123060189247_8930323979633045928_n.jpg?stp=dst-jpg_s150x150_tt6&efg=eyJ2ZW5jb2RlX3RhZyI6InByb2ZpbGVfcGljLmRqYW5nby44MjAuYzIifQ&_nc_ht=instagram.fhan3-2.fna.fbcdn.net&_nc_cat=107&_nc_oc=Q6cZ2QEHiivT3eHxwrbFW-o9AJrZ2PcgYg93ienHfsPddS-5F8RhtPxfeOjox_828fewpdg&_nc_ohc=sAdh0BLjaQkQ7kNvwFEYbJb&_nc_gid=m2Uh_OlqjF-8RL_ggySfuQ&edm=AJhczIQBAAAA&ccb=7-5&oh=00_AfqvxPK59lJYmZlViJSXi464c-BG2PNtH0xw9mGqzLcgCA&oe=696A33EF&_nc_sid=4a2096,5,0,82,7,0,['https://instagram.fhan3-2.fna.fbcdn.net/v/t51.2885-15/566532332_17919400248189247_3824865565524594896_n.jpg?stp=dst-jpg_e35_tt6&efg=eyJ2ZW5jb2RlX3RhZyI6InRocmVhZHMuRkVFRC5pbWFnZV91cmxnZW4uOTI4eDExMjAuc2RyLmY4Mjc4Ny5kZWZhdWx0X2ltYWdlLmMyIn0&_nc_ht=instagram.fhan3-2.fna.fbcdn.net&_nc_cat=107&_nc_oc=Q6cZ2QEHiivT3eHxwrbFW-o9AJrZ2PcgYg93ienHfsPddS-5F8RhtPxfeOjox_828fewpdg&_nc_ohc=4uJQsjJ9lxUQ7kNvwFq4zV1&_nc_gid=m2Uh_OlqjF-8RL_ggySfuQ&edm=AJhczIQBAAAA&ccb=7-5&ig_cache_key=Mzc0NzAyNDY5NDg0ODY3NzM2OQ%3D%3D.3-ccb7-5&oh=00_Afrnxg1MEJ2lOvxFSdX9re_RcdOC1VbGTVmzuxXbUS4GMw&oe=696A39AE&_nc_sid=4a2096'],,https://www.threads.net/@inibashagrawal/post/DQAGxt9EmX5,[],"{'likes': 82, 'reposts': 4, 'quotes': 3}",threads,3747024694848677369,Nibash Agrawal,AI Threads,"Neta Looks politics Prompt 👉🏻 
A cinematic, full HD, eye-level shot of a charming man in his late 20s to early 30s, with a stylish beard and dark hair. He is wearing a dark cream kurta, layered with a GRAY-colored,  waistcoat featuring gold buttons. He is seated on a white sofa, looking away to the camera with a pleasant, relaxed gentle smile, one hand resting thoughtfully on his chin/cheek, showcasing a watch. Face match 100% exactly same match from the uploaded reference image",threads,65520429246,inibashagrawal
[],2026-01-12T09:34:33.289344+07:00,"Since I'm new on Threads, here's some stuff for the algorithm.
Psychologist - recently retired - 25 years experience
PhD in Psychology
Published Author
Eager to write more books
Former Catholic, and former Evangelical leader - have moved on
Gay guy - partnered
Musician - piano
Classical Music
Amateur philosopher
Learning Italian
Live in Newcastle Australia - love swimming
Progressive politics
Processing the past and figuring out the future
Say hi 
GayThreads",2024-11-14T11:29:57+07:00,,3500889711097419579,threads,threads.com,threads_crawler_v1,https://www.threads.net/@becomingstu/post/DCVqKTLyBc7,https://instagram.fhan3-2.fna.fbcdn.net/v/t51.2885-19/466500091_3420699298238923_1429390585533432977_n.jpg?stp=dst-jpg_s150x150_tt6&efg=eyJ2ZW5jb2RlX3RhZyI6InByb2ZpbGVfcGljLmRqYW5nby43NDcuYzIifQ&_nc_ht=instagram.fhan3-2.fna.fbcdn.net&_nc_cat=107&_nc_oc=Q6cZ2QEHiivT3eHxwrbFW-o9AJrZ2PcgYg93ienHfsPddS-5F8RhtPxfeOjox_828fewpdg&_nc_ohc=O9QT_Nq3kZsQ7kNvwFTlV6J&_nc_gid=m2Uh_OlqjF-8RL_ggySfuQ&edm=AJhczIQBAAAA&ccb=7-5&oh=00_Afr28DoJTZsc0ebTVs0pHfcXMG_OMiRAFcqe7VnosZNdMw&oe=696A1BD3&_nc_sid=4a2096,118,0,452,0,0,['https://instagram.fhan3-2.fna.fbcdn.net/v/t51.29350-15/466529106_906661704415123_7630144308692463595_n.webp?stp=dst-jpg_e35_tt6&efg=eyJ2ZW5jb2RlX3RhZyI6InRocmVhZHMuRkVFRC5pbWFnZV91cmxnZW4uMTQ0MHgxNDQwLnNkci5mMjkzNTAuZGVmYXVsdF9pbWFnZS5jMiJ9&_nc_ht=instagram.fhan3-2.fna.fbcdn.net&_nc_cat=107&_nc_oc=Q6cZ2QEHiivT3eHxwrbFW-o9AJrZ2PcgYg93ienHfsPddS-5F8RhtPxfeOjox_828fewpdg&_nc_ohc=GStJqbz1H6MQ7kNvwF4mXnr&_nc_gid=m2Uh_OlqjF-8RL_ggySfuQ&edm=AJhczIQBAAAA&ccb=7-5&ig_cache_key=MzUwMDg4OTcxMTA5NzQxOTU3OQ%3D%3D.3-ccb7-5&oh=00_AfqQAc7NpJykbT_cJfCxZ9HkhI_ERDO_Lbi3YDTP73IR8g&oe=696A413B&_nc_sid=4a2096'],,https://www.threads.net/@becomingstu/post/DCVqKTLyBc7,[],"{'likes': 452, 'reposts': 0, 'quotes': 0}",threads,3500889711097419579,Stuart Edser,GayThreads,"Since I'm new on Threads, here's some stuff for the algorithm.
Psychologist - recently retired - 25 years experience
PhD in Psychology
Published Author
Eager to write more books
Former Catholic, and former Evangelical leader - have moved on
Gay guy - partnered
Musician - piano
Classical Music
Amateur philosopher
Learning Italian
Live in Newcastle Australia - love swimming
Progressive politics
Processing the past and figuring out the future
Say hi 
GayThreads",threads,70277729048,becomingstu
[],2026-01-12T09:34:33.289418+07:00,"Global power dynamics are shifting fast. 🌍⚡
When major nations push back, the world watches closely.

#BreakingNews #WorldPolitics #GlobalAffairs #Geopolitics #InternationalRelations PowerPolitics GlobalNews PoliticalUpdate WorldOrder Diplomacy NewsUpdate",2026-01-06T16:38:49+07:00,,3804001429552705565,threads,threads.com,threads_crawler_v1,https://www.threads.net/@the.financial.info/post/DTKhyVNkTAd,https://instagram.fhan3-3.fna.fbcdn.net/v/t51.2885-19/563045984_17862413670492141_5974254754237380257_n.jpg?stp=dst-jpg_s150x150_tt6&efg=eyJ2ZW5jb2RlX3RhZyI6InByb2ZpbGVfcGljLmRqYW5nby40OTMuYzIifQ&_nc_ht=instagram.fhan3-3.fna.fbcdn.net&_nc_cat=1&_nc_oc=Q6cZ2QEHiivT3eHxwrbFW-o9AJrZ2PcgYg93ienHfsPddS-5F8RhtPxfeOjox_828fewpdg&_nc_ohc=o-LZSZ2XOdkQ7kNvwE803z1&_nc_gid=m2Uh_OlqjF-8RL_ggySfuQ&edm=AJhczIQBAAAA&ccb=7-5&oh=00_AfqQyBpUXYtQw7wJ13OWgjSLcQTe3nw2WsfVmnh8PlTnDA&oe=696A487D&_nc_sid=4a2096,121,0,2439,75,0,['https://instagram.fhan4-6.fna.fbcdn.net/v/t51.2885-15/611719004_17872010901492141_8366744423490309012_n.jpg?stp=dst-jpg_e35_tt6&efg=eyJ2ZW5jb2RlX3RhZyI6InRocmVhZHMuRkVFRC5pbWFnZV91cmxnZW4uMTQ0MHgxODAwLnNkci5mODI3ODcuZGVmYXVsdF9pbWFnZS5jMiJ9&_nc_ht=instagram.fhan4-6.fna.fbcdn.net&_nc_cat=109&_nc_oc=Q6cZ2QEHiivT3eHxwrbFW-o9AJrZ2PcgYg93ienHfsPddS-5F8RhtPxfeOjox_828fewpdg&_nc_ohc=mLMgY9pOJRgQ7kNvwEHzEfe&_nc_gid=m2Uh_OlqjF-8RL_ggySfuQ&edm=AJhczIQBAAAA&ccb=7-5&ig_cache_key=MzgwNDAwMTQyOTU1MjcwNTU2NQ%3D%3D.3-ccb7-5&oh=00_Afqd8nouCvFSigzJaRGDIG92FIhA0Of0wM6DjWtJf1IGlQ&oe=696A1CB7&_nc_sid=4a2096'],,https://www.threads.net/@the.financial.info/post/DTKhyVNkTAd,[],"{'likes': 2439, 'reposts': 70, 'quotes': 5}",threads,3804001429552705565,Santosh | Finance,,"Global power dynamics are shifting fast. 🌍⚡
When major nations push back, the world watches closely.

#BreakingNews #WorldPolitics #GlobalAffairs #Geopolitics #InternationalRelations PowerPolitics GlobalNews PoliticalUpdate WorldOrder Diplomacy NewsUpdate",threads,74825823128,the.financial.info
[],2026-01-12T09:34:33.289504+07:00,"I was aware of the uprising in Iran in 2023.
I followed it. I watched it.
And I stayed quiet because I didn’t feel like it was my place to speak.

I sincerely regret that.

What’s happening in Iran right now isn’t politics. It’s people fighting for their lives, their freedom, and their dignity in the streets against a brutal regime.
I stand with the people of Iran.

Not performatively. Not selectively.
Now is the time for the world to stand with Iran the people not the regime.",2026-01-07T02:09:15+07:00,,3804288106187896622,threads,threads.com,threads_crawler_v1,https://www.threads.net/@michaelrapaport/post/DTLi-Bokrcu,https://instagram.fhan3-3.fna.fbcdn.net/v/t51.2885-19/522410503_17915440197117681_171637271235522342_n.jpg?stp=dst-jpg_s150x150_tt6&efg=eyJ2ZW5jb2RlX3RhZyI6InByb2ZpbGVfcGljLmRqYW5nby4xMDgwLmMyIn0&_nc_ht=instagram.fhan3-3.fna.fbcdn.net&_nc_cat=1&_nc_oc=Q6cZ2QEHiivT3eHxwrbFW-o9AJrZ2PcgYg93ienHfsPddS-5F8RhtPxfeOjox_828fewpdg&_nc_ohc=3JkkOuaMcwUQ7kNvwGGq0aa&_nc_gid=m2Uh_OlqjF-8RL_ggySfuQ&edm=AJhczIQBAAAA&ccb=7-5&oh=00_Afr3oc2fC8IajPwVfWz1lngQCepHCOrt72DjYUnq2byN6g&oe=696A4923&_nc_sid=4a2096,185,0,1150,77,0,"['https://instagram.fhan3-4.fna.fbcdn.net/v/t51.2885-15/612515671_1677068030336992_6301161694576404767_n.jpg?stp=dst-jpg_e15_tt6&efg=eyJ2ZW5jb2RlX3RhZyI6InRocmVhZHMuRkVFRC5pbWFnZV91cmxnZW4uNjQweDg1Mi5zZHIuZjcxODc4LmRlZmF1bHRfY292ZXJfZnJhbWUuYzIifQ&_nc_ht=instagram.fhan3-4.fna.fbcdn.net&_nc_cat=104&_nc_oc=Q6cZ2QEHiivT3eHxwrbFW-o9AJrZ2PcgYg93ienHfsPddS-5F8RhtPxfeOjox_828fewpdg&_nc_ohc=45IqDEIAwhMQ7kNvwGdjDFM&_nc_gid=m2Uh_OlqjF-8RL_ggySfuQ&edm=AJhczIQBAAAA&ccb=7-5&ig_cache_key=MzgwNDI4ODEwNjE4Nzg5NjYyMg%3D%3D.3-ccb7-5&oh=00_Afo8S8zf0VTBNIfiwZ_JsYNmADQKlO1v7-9Y44915KJ_Pw&oe=696A1DF6&_nc_sid=4a2096', 'https://instagram.fhan3-3.fna.fbcdn.net/o1/v/t16/f2/m84/AQPdf8UP7xVlGS0xKPdDpt2aZXtgPlUdusVfoqlXN5Bh3_DCCjK0WSfeOfSSVlev6uFd2r6ksgzql2sPZKHFQauyMzLEfBJss3OgT5E.mp4?_nc_cat=101&_nc_oc=Adm1nd80fisXUcNpPsYNKBSTUNUuLGbH2uba_mbzXm25w9o4RYk2uDSOBsFXxc9aiHA&_nc_sid=5e9851&_nc_ht=instagram.fhan3-3.fna.fbcdn.net&_nc_ohc=q8GgsmLiJdEQ7kNvwGqBWjq&efg=eyJ2ZW5jb2RlX3RhZyI6Inhwdl9wcm9ncmVzc2l2ZS5JTlNUQUdSQU0uRkVFRC5DMy40ODAuZGFzaF9iYXNlbGluZV8xX3YxIiwieHB2X2Fzc2V0X2lkIjo4ODY1MjUxMjA1MjAxMTgsImFzc2V0X2FnZV9kYXlzIjo1LCJ2aV91c2VjYXNlX2lkIjoxMDE2NCwiZHVyYXRpb25fcyI6NTUsInVybGdlbl9zb3VyY2UiOiJ3d3cifQ%3D%3D&ccb=17-1&_nc_gid=m2Uh_OlqjF-8RL_ggySfuQ&_nc_zt=28&vs=6c1e3242dd90cca7&_nc_vs=HBksFQIYTGlnX2JhY2tmaWxsX3RpbWVsaW5lX3ZvZC81NjQ4MzlFQ0IzRkQyQjQzMUM1NEE5QjBEQkNGNkVBNV92aWRlb19kYXNoaW5pdC5tcDQVAALIARIAFQIYOnBhc3N0aHJvdWdoX2V2ZXJzdG9yZS9HTzVuYWlRZjhtdTRSaFVEQU1rTTNlZWRKS284YnNwVEFRQUYVAgLIARIAKAAYABsCiAd1c2Vfb2lsATEScHJvZ3Jlc3NpdmVfcmVjaXBlATEVAAAm7P6k7saSkwMVAigCQzMsF0BLqp--dsi0GBJkYXNoX2Jhc2VsaW5lXzFfdjERAHXqB2XongEA&oh=00_AfoYeYZ3h9Eucy7izi-uTMI5UBiEs_pV594aCbeVRr5FXQ&oe=69662187']",,https://www.threads.net/@michaelrapaport/post/DTLi-Bokrcu,[],"{'likes': 1150, 'reposts': 77, 'quotes': 0}",threads,3804288106187896622,Michael Rapaport,,"I was aware of the uprising in Iran in 2023.
I followed it. I watched it.
And I stayed quiet because I didn’t feel like it was my place to speak.

I sincerely regret that.

What’s happening in Iran right now isn’t politics. It’s people fighting for their lives, their freedom, and their dignity in the streets against a brutal regime.
I stand with the people of Iran.

Not performatively. Not selectively.
Now is the time for the world to stand with Iran the people not the regime.",threads,63402509680,michaelrapaport
[],2026-01-12T09:34:33.289586+07:00,My 85-year-old neighbor is a retired Political Science professor. He’s seen some things in his time and all through the lens of politics. His belief is that America will not recover from Donald Trump.,2026-01-06T18:56:07+07:00,,3804070532933903753,threads,threads.com,threads_crawler_v1,https://www.threads.net/@stinsoncarter/post/DTKxf6wDmWJ,https://instagram.fhan4-1.fna.fbcdn.net/v/t51.2885-19/488220027_1046098470718085_3291802293440482098_n.jpg?stp=dst-jpg_s150x150_tt6&efg=eyJ2ZW5jb2RlX3RhZyI6InByb2ZpbGVfcGljLmRqYW5nby44OTguYzIifQ&_nc_ht=instagram.fhan4-1.fna.fbcdn.net&_nc_cat=105&_nc_oc=Q6cZ2QEHiivT3eHxwrbFW-o9AJrZ2PcgYg93ienHfsPddS-5F8RhtPxfeOjox_828fewpdg&_nc_ohc=CKNTpZwGFRYQ7kNvwGJr_Sh&_nc_gid=m2Uh_OlqjF-8RL_ggySfuQ&edm=AJhczIQBAAAA&ccb=7-5&oh=00_Afr6V5HrFuDrXXsJ5oAAAW-UuLVrPeQdry8Q_prLZGHi7w&oe=696A19B0&_nc_sid=4a2096,2221,0,16075,692,0,[],,https://www.threads.net/@stinsoncarter/post/DTKxf6wDmWJ,[],"{'likes': 16075, 'reposts': 641, 'quotes': 51}",threads,3804070532933903753,Stinson Carter,,My 85-year-old neighbor is a retired Political Science professor. He’s seen some things in his time and all through the lens of politics. His belief is that America will not recover from Donald Trump.,threads,63287683497,stinsoncarter
[],2026-01-12T09:34:33.289662+07:00,Trump is cornered. The Epstein story will not go away. People across the political spectrum demand the truth. So every Republican and Trump supporter needs to ask themselves: Which side am I on? #epstein #trump #epsteinfiles #politics #democracy,2025-11-13T04:27:40+07:00,,3764495522280167495,threads,threads.com,threads_crawler_v1,https://www.threads.net/@terrymoranjournalist/post/DQ-LLt8DthH,https://instagram.fhan3-4.fna.fbcdn.net/v/t51.2885-19/357870441_718610893366696_3940212107559917378_n.jpg?stp=dst-jpg_s150x150_tt6&efg=eyJ2ZW5jb2RlX3RhZyI6InByb2ZpbGVfcGljLmRqYW5nby45NTkuYzIifQ&_nc_ht=instagram.fhan3-4.fna.fbcdn.net&_nc_cat=104&_nc_oc=Q6cZ2QEHiivT3eHxwrbFW-o9AJrZ2PcgYg93ienHfsPddS-5F8RhtPxfeOjox_828fewpdg&_nc_ohc=XZwFcLdZ31gQ7kNvwGeEwDe&_nc_gid=m2Uh_OlqjF-8RL_ggySfuQ&edm=AJhczIQBAAAA&ccb=7-5&oh=00_Afo5KKj_7cqljqshaK_vsgagkjRZdgZXuxDzTGmu0nIowg&oe=696A27B3&_nc_sid=4a2096,352,0,8391,861,0,"['https://instagram.fhan3-3.fna.fbcdn.net/v/t51.2885-15/581399697_2851728811699907_5640443681115838165_n.jpg?stp=dst-jpg_e15_tt6&efg=eyJ2ZW5jb2RlX3RhZyI6InRocmVhZHMuRkVFRC5pbWFnZV91cmxnZW4uNjQweDExMzYuc2RyLmY3MTg3OC5kZWZhdWx0X2NvdmVyX2ZyYW1lLmMyIn0&_nc_ht=instagram.fhan3-3.fna.fbcdn.net&_nc_cat=111&_nc_oc=Q6cZ2QEHiivT3eHxwrbFW-o9AJrZ2PcgYg93ienHfsPddS-5F8RhtPxfeOjox_828fewpdg&_nc_ohc=Fxp8dY4sDJwQ7kNvwFijrcu&_nc_gid=m2Uh_OlqjF-8RL_ggySfuQ&edm=AJhczIQBAAAA&ccb=7-5&ig_cache_key=Mzc2NDQ5NTUyMjI4MDE2NzQ5NQ%3D%3D.3-ccb7-5&oh=00_Afq0lsFlIy58Qx2qs2S8rSpSrfyHODUjo-3ddktkXw4x2w&oe=696A30E4&_nc_sid=4a2096', 'https://instagram.fhan3-3.fna.fbcdn.net/o1/v/t16/f2/m69/AQOQtm5h4dp8cZoFPQbtnY7LA_op3iGZg-z3CKhEBi04T1bW-dV39F8pJQy0uvHWPzDSxAph_gDua7lVKhYu8exz.mp4?strext=1&_nc_cat=111&_nc_oc=AdkjODt3mEVphaE73h89CKKU0ZHg3ZpIbTQd8qUTZ_FsioetSrNrHPQCbA-8v4uzovg&_nc_sid=5e9851&_nc_ht=instagram.fhan3-3.fna.fbcdn.net&_nc_ohc=CEWlsIHaASAQ7kNvwFpZmou&efg=eyJ2ZW5jb2RlX3RhZyI6Inhwdl9wcm9ncmVzc2l2ZS5JTlNUQUdSQU0uRkVFRC5DMy43MjAuZGFzaF9iYXNlbGluZV8xX3YxIiwieHB2X2Fzc2V0X2lkIjoxMTU5ODUyNzA2MzM5MDg0LCJhc3NldF9hZ2VfZGF5cyI6NjAsInZpX3VzZWNhc2VfaWQiOjEwMDk5LCJkdXJhdGlvbl9zIjo3NywidXJsZ2VuX3NvdXJjZSI6Ind3dyJ9&ccb=17-1&_nc_gid=m2Uh_OlqjF-8RL_ggySfuQ&_nc_zt=28&vs=30ea2d7ffde1c4e1&_nc_vs=HBksFQIYOnBhc3N0aHJvdWdoX2V2ZXJzdG9yZS9HREt0ZlNJZDIzdlVBZ0lJQURGX1ZNeVpvZ1VmYnNwVEFRQUYVAALIARIAFQIYOnBhc3N0aHJvdWdoX2V2ZXJzdG9yZS9HSG9lakNKVEdvdnlzQ3NJQUVscnlHUmUxLVFOYnN0VEFRQUYVAgLIARIAKAAYABsCiAd1c2Vfb2lsATEScHJvZ3Jlc3NpdmVfcmVjaXBlATEVAAAmmOTsiKi4jwQVAigCQzMsF0BTXdLxqfvnGBJkYXNoX2Jhc2VsaW5lXzFfdjERAHXqB2XmnQEA&oh=00_AfoE5Vrh7Qdj-7jpGGcYNrdo69NrNz9i7X4yCB6Sm3Oj7g&oe=696A3EA1']",,https://www.threads.net/@terrymoranjournalist/post/DQ-LLt8DthH,[],"{'likes': 8391, 'reposts': 809, 'quotes': 52}",threads,3764495522280167495,Terry Moran,,Trump is cornered. The Epstein story will not go away. People across the political spectrum demand the truth. So every Republican and Trump supporter needs to ask themselves: Which side am I on? #epstein #trump #epsteinfiles #politics #democracy,threads,63473841299,terrymoranjournalist
[],2026-01-12T09:34:33.289751+07:00,"Texas will be voting in 53 days! 

We will be providing another update after January 31st.

@jamestalarico 
@jasmineforus 

#politics #uspolitics #texas #news #congress",2026-01-10T04:55:57+07:00,,3806546760676681474,threads,threads.com,threads_crawler_v1,https://www.threads.net/@stocking_the_capitol/post/DTTkhxjDCcC,https://instagram.fhan3-3.fna.fbcdn.net/v/t51.2885-19/522068917_17870502192404556_2868725969189463676_n.jpg?stp=dst-jpg_s150x150_tt6&efg=eyJ2ZW5jb2RlX3RhZyI6InByb2ZpbGVfcGljLmRqYW5nby4xMDgwLmMyIn0&_nc_ht=instagram.fhan3-3.fna.fbcdn.net&_nc_cat=1&_nc_oc=Q6cZ2QEHiivT3eHxwrbFW-o9AJrZ2PcgYg93ienHfsPddS-5F8RhtPxfeOjox_828fewpdg&_nc_ohc=ITyg0QtUdXsQ7kNvwEay4GE&_nc_gid=m2Uh_OlqjF-8RL_ggySfuQ&edm=AJhczIQBAAAA&ccb=7-5&oh=00_AfpaFInzEAeffcwddX7OjYQ3fNFOEcNWDNERJV3xWQaucw&oe=696A3AA1&_nc_sid=4a2096,3,0,159,19,0,"['https://instagram.fhan4-6.fna.fbcdn.net/v/t51.2885-15/611883551_1743235709966625_8087003678979162811_n.jpg?stp=dst-jpg_e15_tt6&efg=eyJ2ZW5jb2RlX3RhZyI6InRocmVhZHMuRkVFRC5pbWFnZV91cmxnZW4uNjQweDExMzYuc2RyLmY3MTg3OC5kZWZhdWx0X2NvdmVyX2ZyYW1lLmMyIn0&_nc_ht=instagram.fhan4-6.fna.fbcdn.net&_nc_cat=109&_nc_oc=Q6cZ2QEHiivT3eHxwrbFW-o9AJrZ2PcgYg93ienHfsPddS-5F8RhtPxfeOjox_828fewpdg&_nc_ohc=a3cbgwWGUz8Q7kNvwH1V2Ho&_nc_gid=m2Uh_OlqjF-8RL_ggySfuQ&edm=AJhczIQBAAAA&ccb=7-5&ig_cache_key=MzgwNjU0Njc2MDY3NjY4MTQ3NA%3D%3D.3-ccb7-5&oh=00_Afq9bViW1203-pXbwza_ELTVF3aW0VSzbsmhEMMfQ8tmLA&oe=696A2B6C&_nc_sid=4a2096', 'https://instagram.fhan4-6.fna.fbcdn.net/o1/v/t2/f2/m86/AQMNwEByDbwSzI6G7XC4FxuvlIhJIsrmyI7PpPEhr-hP_G4tEFtX13Q638PYxFdQNdZHY3VncDt4D8aADjvMqS-TdrcQr44kDesS5is.mp4?_nc_cat=108&_nc_oc=AdnCFfVDoW6g_mDqB_C8TIQ9iy0vd1F6cT4qEZOSK0-Eh2U7gL3TcqZC_iGS925FfmI&_nc_sid=5e9851&_nc_ht=instagram.fhan4-6.fna.fbcdn.net&_nc_ohc=dUU-j_jg3hwQ7kNvwEyzC_q&efg=eyJ2ZW5jb2RlX3RhZyI6Inhwdl9wcm9ncmVzc2l2ZS5JTlNUQUdSQU0uRkVFRC5DMy43MjAuZGFzaF9iYXNlbGluZV8xX3YxIiwieHB2X2Fzc2V0X2lkIjoxNjEyODMwMzY2Nzk3MjA0LCJhc3NldF9hZ2VfZGF5cyI6MiwidmlfdXNlY2FzZV9pZCI6MTA4MjcsImR1cmF0aW9uX3MiOjExMSwidXJsZ2VuX3NvdXJjZSI6Ind3dyJ9&ccb=17-1&_nc_gid=m2Uh_OlqjF-8RL_ggySfuQ&_nc_zt=28&vs=d0f57da87be1a66b&_nc_vs=HBksFQIYUmlnX3hwdl9yZWVsc19wZXJtYW5lbnRfc3JfcHJvZC9GMTRCRDY4RTZFODAwMUNFMTMyNUQ3OUYxREM0MjJBN192aWRlb19kYXNoaW5pdC5tcDQVAALIARIAFQIYOnBhc3N0aHJvdWdoX2V2ZXJzdG9yZS9HS2J2YnlTUlR3UXhiUG9DQUlXYVA2VjJhX0lEYnN0VEFRQUYVAgLIARIAKAAYABsCiAd1c2Vfb2lsATEScHJvZ3Jlc3NpdmVfcmVjaXBlATEVAAAmqLbE0Yq33QUVAigCQzMsF0Bbzul41P30GBJkYXNoX2Jhc2VsaW5lXzFfdjERAHXqB2WWqQEA&oh=00_AfquW2cPZGvOuD8wQhfaQzf2zrS3FUW4MWymZ0iNtGWOiw&oe=69665371']",,https://www.threads.net/@stocking_the_capitol/post/DTTkhxjDCcC,[],"{'likes': 159, 'reposts': 17, 'quotes': 2}",threads,3806546760676681474,Nico Agosta,,"Texas will be voting in 53 days! 

We will be providing another update after January 31st.

@jamestalarico 
@jasmineforus 

#politics #uspolitics #texas #news #congress",threads,72635406132,stocking_the_capitol
[],2026-01-12T09:34:33.289875+07:00,Iryna Zarutski was for the Republicans and Renee Good was for the Democrats. It is the beginning of a new American revolution.,2026-01-09T22:41:16+07:00,,3806358186791026739,threads,threads.com,threads_crawler_v1,https://www.threads.net/@tylerjungkig/post/DTS5pqblEAz,https://instagram.fhan3-3.fna.fbcdn.net/v/t51.2885-19/554779022_17923370907144047_1601650791296588208_n.jpg?stp=dst-jpg_s150x150_tt6&efg=eyJ2ZW5jb2RlX3RhZyI6InByb2ZpbGVfcGljLmRqYW5nby4xMDgwLmMyIn0&_nc_ht=instagram.fhan3-3.fna.fbcdn.net&_nc_cat=111&_nc_oc=Q6cZ2QEHiivT3eHxwrbFW-o9AJrZ2PcgYg93ienHfsPddS-5F8RhtPxfeOjox_828fewpdg&_nc_ohc=2KNxyHOSen0Q7kNvwHLUram&_nc_gid=m2Uh_OlqjF-8RL_ggySfuQ&edm=AJhczIQBAAAA&ccb=7-5&oh=00_AfoBYsv2DXSR7BS3nfQOimYf5WSsXsqjroTJOA8Sy96d3w&oe=696A1DD4&_nc_sid=4a2096,216,0,204,11,0,['https://instagram.fhan3-3.fna.fbcdn.net/v/t51.2885-15/610975693_17934374286144047_416237950972726770_n.jpg?stp=dst-jpg_e35_tt6&efg=eyJ2ZW5jb2RlX3RhZyI6InRocmVhZHMuQ0FST1VTRUxfSVRFTS5pbWFnZV91cmxnZW4uMTAxMngxMDExLnNkci5mODI3ODcuZGVmYXVsdF9pbWFnZS5jMiJ9&_nc_ht=instagram.fhan3-3.fna.fbcdn.net&_nc_cat=111&_nc_oc=Q6cZ2QEHiivT3eHxwrbFW-o9AJrZ2PcgYg93ienHfsPddS-5F8RhtPxfeOjox_828fewpdg&_nc_ohc=DoE4Yjdtvv4Q7kNvwHte8r3&_nc_gid=m2Uh_OlqjF-8RL_ggySfuQ&edm=AJhczIQBAAAA&ccb=7-5&ig_cache_key=MzgwNjM1ODE3OTgyODUxMzE4MA%3D%3D.3-ccb7-5&oh=00_Afqxijyo0qBOtE82oEL8jDg25p-k5_ICZ4EolxLLBu9EaA&oe=696A3C36&_nc_sid=4a2096'],,https://www.threads.net/@tylerjungkig/post/DTS5pqblEAz,[],"{'likes': 204, 'reposts': 9, 'quotes': 2}",threads,3806358186791026739,Tyler Jung,politics,Iryna Zarutski was for the Republicans and Renee Good was for the Democrats. It is the beginning of a new American revolution.,threads,64411824046,tylerjungkig
[],2026-01-12T09:34:33.289953+07:00,"Btw the Bowen yang/Matt rogers discourse really proves why the “coastal elite” rhetoric picked up so well. Because really, it’s true. What the fuck do two affluent New York gays have to say about Texan politics? You are so far removed from that sphere, shut up!",2026-01-10T02:19:22+07:00,,3806467955694374686,threads,threads.com,threads_crawler_v1,https://www.threads.net/@jamiefrickengib/post/DTTSnAsEg8e,https://instagram.fhan3-3.fna.fbcdn.net/v/t51.2885-19/588563338_17869015224515689_2270784940613667262_n.jpg?stp=dst-jpg_s150x150_tt6&efg=eyJ2ZW5jb2RlX3RhZyI6InByb2ZpbGVfcGljLmRqYW5nby4xMDgwLmMyIn0&_nc_ht=instagram.fhan3-3.fna.fbcdn.net&_nc_cat=101&_nc_oc=Q6cZ2QEHiivT3eHxwrbFW-o9AJrZ2PcgYg93ienHfsPddS-5F8RhtPxfeOjox_828fewpdg&_nc_ohc=ANUrL_vTpswQ7kNvwHPHjka&_nc_gid=m2Uh_OlqjF-8RL_ggySfuQ&edm=AJhczIQBAAAA&ccb=7-5&oh=00_AfrvZe4BKX-vSR7vnPhmlVQDOycaYg0TJRsigH7a3GiBRw&oe=696A222D&_nc_sid=4a2096,11,0,990,45,0,[],,https://www.threads.net/@jamiefrickengib/post/DTTSnAsEg8e,[],"{'likes': 990, 'reposts': 45, 'quotes': 0}",threads,3806467955694374686,𝕛𝕒𝕞𝕚𝕖 𝕗𝕣𝕚𝕔𝕜𝕖𝕟 𝕘𝕚𝕓,,"Btw the Bowen yang/Matt rogers discourse really proves why the “coastal elite” rhetoric picked up so well. Because really, it’s true. What the fuck do two affluent New York gays have to say about Texan politics? You are so far removed from that sphere, shut up!",threads,75379299688,jamiefrickengib
[],2026-01-12T09:34:33.290034+07:00,"Did you know that you can directly oppose the Heritage Foundation?  As a 501c3 corporation, the Heritage Foundation is not allowed to participate in politics, let alone publish political manifestos.  You can download Project 2025 pdf from the website and attach it to IRS Form 13909 and challenge their tax exempt status.

Here's their EIN # 23-7327730

Money is the only weapon. 

Thank you to Madalyn Aslan for this info",2024-07-16T19:31:26+07:00,,3413434193953652483,threads,threads.com,threads_crawler_v1,https://www.threads.net/@amy_siskind/post/C9e9FByx38D,https://instagram.fhan3-3.fna.fbcdn.net/v/t51.2885-19/458250211_1199349451111921_4417903253759194327_n.jpg?stp=dst-jpg_s150x150_tt6&efg=eyJ2ZW5jb2RlX3RhZyI6InByb2ZpbGVfcGljLmRqYW5nby4xMDQ2LmMyIn0&_nc_ht=instagram.fhan3-3.fna.fbcdn.net&_nc_cat=101&_nc_oc=Q6cZ2QEHiivT3eHxwrbFW-o9AJrZ2PcgYg93ienHfsPddS-5F8RhtPxfeOjox_828fewpdg&_nc_ohc=W0-hL1xTHLMQ7kNvwGm3SM8&_nc_gid=m2Uh_OlqjF-8RL_ggySfuQ&edm=AJhczIQBAAAA&ccb=7-5&oh=00_AfqQEw5K_nCZsndz_g8E7irj6XTC2WGQqdAlMynhLLeFVQ&oe=696A4981&_nc_sid=4a2096,268,0,9780,2950,0,[],,https://www.threads.net/@amy_siskind/post/C9e9FByx38D,[],"{'likes': 9780, 'reposts': 2760, 'quotes': 190}",threads,3413434193953652483,Amy Siskind,,"Did you know that you can directly oppose the Heritage Foundation?  As a 501c3 corporation, the Heritage Foundation is not allowed to participate in politics, let alone publish political manifestos.  You can download Project 2025 pdf from the website and attach it to IRS Form 13909 and challenge their tax exempt status.

Here's their EIN # 23-7327730

Money is the only weapon. 

Thank you to Madalyn Aslan for this info",threads,63387659319,amy_siskind
[],2026-01-12T09:34:33.290102+07:00,"I’m not a very political guy, I’ve never voted, and I typically ignore politics. 

I choose to judge someone based on their character. Not beliefs. 

But if the entire country of Venezuela is flooding the streets to celebrate how happy they are about Maduro’s capture, Why are we mad? 

Not trying to argue. I’m just genuinely confused why we are protesting this if the vast majority of Venezuela is celebrating this as a victory?",2026-01-05T01:11:54+07:00,,3802810121327850876,threads,threads.com,threads_crawler_v1,https://www.threads.net/@prodavery/post/DTGS6g-AbV8,https://instagram.fhan4-3.fna.fbcdn.net/v/t51.2885-19/358233592_231269109854052_5321996886047649255_n.jpg?stp=dst-jpg_s150x150_tt6&efg=eyJ2ZW5jb2RlX3RhZyI6InByb2ZpbGVfcGljLmRqYW5nby40NzAuYzIifQ&_nc_ht=instagram.fhan4-3.fna.fbcdn.net&_nc_cat=100&_nc_oc=Q6cZ2QEHiivT3eHxwrbFW-o9AJrZ2PcgYg93ienHfsPddS-5F8RhtPxfeOjox_828fewpdg&_nc_ohc=Zlo98bIv_LcQ7kNvwGs3O37&_nc_gid=m2Uh_OlqjF-8RL_ggySfuQ&edm=AJhczIQBAAAA&ccb=7-5&oh=00_Afqo1VQjIS9IBHTYgPwivmOsVO_-vGJJq4J-rMjqDBOyVg&oe=696A49F6&_nc_sid=4a2096,1476,0,1814,26,0,[],,https://www.threads.net/@prodavery/post/DTGS6g-AbV8,[],"{'likes': 1814, 'reposts': 23, 'quotes': 3}",threads,3802810121327850876,The real AVERY,,"I’m not a very political guy, I’ve never voted, and I typically ignore politics. 

I choose to judge someone based on their character. Not beliefs. 

But if the entire country of Venezuela is flooding the streets to celebrate how happy they are about Maduro’s capture, Why are we mad? 

Not trying to argue. I’m just genuinely confused why we are protesting this if the vast majority of Venezuela is celebrating this as a victory?",threads,63249580266,prodavery
[],2026-01-12T09:34:33.290170+07:00,#trendingreels #viralvideos #sarpanch #sarpanchelections #telangana #hyderabad #politics #indianpolitics #india #democracy #karimnagar #myvoteforjahnavi #myvote #supportjahnavi #nagulamalyaal #studentleader #leadership #womenleader #inspiration #grampanchayat #localbodieselection #t...,2025-12-06T14:17:14+07:00,,3781462100947205976,threads,threads.com,threads_crawler_v1,https://www.threads.net/@c.raviteja__cinema/post/DR6c77qj39Y,https://instagram.fmnl17-8.fna.fbcdn.net/v/t51.2885-19/573323465_1219825463302212_7278921664109726296_n.png?stp=dst-jpg_e0_s150x150_tt6&efg=eyJ2ZW5jb2RlX3RhZyI6InByb2ZpbGVfcGljLmRqYW5nby4xNTAuYzIifQ&_nc_ht=instagram.fmnl17-8.fna.fbcdn.net&_nc_cat=1&_nc_oc=Q6cZ2QHCTBKuzUIE_LAdeJPlYx1QkiAuezEZSuX1hhK_oH3qiwKpjTdl2wGRW_fSSc7jjmc&_nc_ohc=EFb4Xd8YksAQ7kNvwHd2CWf&_nc_gid=GujCNOeB3MhT-aQOYrQLlw&edm=AFFDd_gBAAAA&ccb=7-5&ig_cache_key=YW5vbnltb3VzX3Byb2ZpbGVfcGlj.3-ccb7-5&oh=00_AfpnuuLIgx8VrMbRm0nx8JFLZ8XlO2t0o_yP8F61d61sjw&oe=696A2CAA&_nc_sid=421beb,5,0,13,0,0,"['https://instagram.fhan4-5.fna.fbcdn.net/v/t51.2885-15/589730658_822661430477606_5977599728401760609_n.jpg?stp=dst-jpg_e15_tt6&efg=eyJ2ZW5jb2RlX3RhZyI6InRocmVhZHMuRkVFRC5pbWFnZV91cmxnZW4uNjQweDExMzguc2RyLmY3MTg3OC5kZWZhdWx0X2NvdmVyX2ZyYW1lLmMyIn0&_nc_ht=instagram.fhan4-5.fna.fbcdn.net&_nc_cat=102&_nc_oc=Q6cZ2QEHiivT3eHxwrbFW-o9AJrZ2PcgYg93ienHfsPddS-5F8RhtPxfeOjox_828fewpdg&_nc_ohc=zqqeFd9sYGkQ7kNvwGKLKH0&_nc_gid=m2Uh_OlqjF-8RL_ggySfuQ&edm=AJhczIQBAAAA&ccb=7-5&ig_cache_key=Mzc4MTQ2MjEwMDk0NzIwNTk3Ng%3D%3D.3-ccb7-5&oh=00_AfqPLLIHFHElvcz0NKgTcitPpoOG_BB4j2i3BqedGSM_Pg&oe=696A3D90&_nc_sid=4a2096', 'https://instagram.fhan4-5.fna.fbcdn.net/o1/v/t2/f2/m86/AQMCL6IewiXdhxi0Q_6U4WtxzconVsEQPjliQsrWatID4F8tr6OabCXbzfEEmkIek14G3ds1Kuomno7pVahrXL4CXLNWcZFLnACfbuU.mp4?_nc_cat=102&_nc_oc=AdmxPia20LkEabLNKNwUpiWBF4J2kvYTu_k6WcvLgG2R4zDcCaQjQgkzy7Qyp1HamQM&_nc_sid=5e9851&_nc_ht=instagram.fhan4-5.fna.fbcdn.net&_nc_ohc=k-zqSLYSsCAQ7kNvwGEe2T4&efg=eyJ2ZW5jb2RlX3RhZyI6Inhwdl9wcm9ncmVzc2l2ZS5JTlNUQUdSQU0uRkVFRC5DMy43MTYuZGFzaF9iYXNlbGluZV8xX3YxIiwieHB2X2Fzc2V0X2lkIjoxMjM5ODc4MzExMzMwNTA5LCJhc3NldF9hZ2VfZGF5cyI6MzYsInZpX3VzZWNhc2VfaWQiOjEwMDk5LCJkdXJhdGlvbl9zIjozNCwidXJsZ2VuX3NvdXJjZSI6Ind3dyJ9&ccb=17-1&_nc_gid=m2Uh_OlqjF-8RL_ggySfuQ&_nc_zt=28&vs=16160503a761e1f3&_nc_vs=HBksFQIYUmlnX3hwdl9yZWVsc19wZXJtYW5lbnRfc3JfcHJvZC80MjQ3QzQ2OEMwOEJFRDQyRTdENzIxN0E5NTUzNTk4MF92aWRlb19kYXNoaW5pdC5tcDQVAALIARIAFQIYOnBhc3N0aHJvdWdoX2V2ZXJzdG9yZS9HRnJMZkNQaGpiOGl6UVFEQUY0amxvaDlkaFVqYnN0VEFRQUYVAgLIARIAKAAYABsCiAd1c2Vfb2lsATEScHJvZ3Jlc3NpdmVfcmVjaXBlATEVAAAmmov-pLXqswQVAigCQzMsF0BA-6XjU_fPGBJkYXNoX2Jhc2VsaW5lXzFfdjERAHXqB2XmnQEA&oh=00_AfoW3JvBzoIDy4lsfmjDIMS8Hf1LL8brqtflwh2IKZxcfw&oe=696620D3']",,https://www.threads.net/@c.raviteja__cinema/post/DR6c77qj39Y,[],"{'likes': 13, 'reposts': 0, 'quotes': 0}",threads,3781462100947205976,C. RaviTeja cinema,,#trendingreels #viralvideos #sarpanch #sarpanchelections #telangana #hyderabad #politics #indianpolitics #india #democracy #karimnagar #myvoteforjahnavi #myvote #supportjahnavi #nagulamalyaal #studentleader #leadership #womenleader #inspiration #grampanchayat #localbodieselection #t...,threads,66481355988,c.raviteja__cinema
[],2026-01-12T09:34:33.290237+07:00,"I'm making an insta GC for all adults only (18+)
The rules of this GC are quite simple:

• Swearing is allowed
• No racial slurs allowed
• Everyone can enter (except israelis)
• You can invite others to games and etc
• Dating is allowed
• NO YOUNG CHILDREN ALLOWED
• Roast battles are 100% allowed
• Politics, sports, cars, etc.  You name it and speak abt it
• Feel free to invite other friends (Should be 18+)
• Anything you need you can mention me in the group and imma do it

Hope yall enjoy :3",2026-01-07T13:02:39+07:00,,3804617403292981277,threads,threads.com,threads_crawler_v1,https://www.threads.net/@datguymad6553/post/DTMt17djBgd,https://instagram.fhan3-3.fna.fbcdn.net/v/t51.2885-19/600854154_17918990310209627_313317924875785180_n.jpg?stp=dst-jpg_s150x150_tt6&efg=eyJ2ZW5jb2RlX3RhZyI6InByb2ZpbGVfcGljLmRqYW5nby4xMDgwLmMyIn0&_nc_ht=instagram.fhan3-3.fna.fbcdn.net&_nc_cat=111&_nc_oc=Q6cZ2QEHiivT3eHxwrbFW-o9AJrZ2PcgYg93ienHfsPddS-5F8RhtPxfeOjox_828fewpdg&_nc_ohc=Z86hjujdwC8Q7kNvwEWH63j&_nc_gid=m2Uh_OlqjF-8RL_ggySfuQ&edm=AJhczIQBAAAA&ccb=7-5&oh=00_Afo8AUOMCogblZ8RbCnwXti7hPHWWlTQ8iJgc0Wo6PHkTw&oe=696A43AB&_nc_sid=4a2096,12,0,5,0,0,[],,https://www.threads.net/@datguymad6553/post/DTMt17djBgd,[],"{'likes': 5, 'reposts': 0, 'quotes': 0}",threads,3804617403292981277,🇪🇬𓀀𓅿DatGuyMad𓅿𓀀🇪🇬,,"I'm making an insta GC for all adults only (18+)
The rules of this GC are quite simple:

• Swearing is allowed
• No racial slurs allowed
• Everyone can enter (except israelis)
• You can invite others to games and etc
• Dating is allowed
• NO YOUNG CHILDREN ALLOWED
• Roast battles are 100% allowed
• Politics, sports, cars, etc.  You name it and speak abt it
• Feel free to invite other friends (Should be 18+)
• Anything you need you can mention me in the group and imma do it

Hope yall enjoy :3",threads,66290505626,datguymad6553
[],2026-01-12T09:34:33.290305+07:00,"""When John McCain took the mic away from the woman lying about Obama, and came to Obama's defense, THAT was the best of American politics.

There is not a single Republican member of Congress who will 'take the mic' from Trump. That's the worst of American politics.""

– Glenn Kirschner",2025-06-09T02:36:33+07:00,,3650649821722774851,threads,threads.com,threads_crawler_v1,https://www.threads.net/@martinfjellanger/post/DKptqu_IQ1D,https://instagram.fhan3-2.fna.fbcdn.net/v/t51.2885-19/414192333_2031814047192487_3176371732062244318_n.jpg?stp=dst-jpg_s150x150_tt6&efg=eyJ2ZW5jb2RlX3RhZyI6InByb2ZpbGVfcGljLmRqYW5nby41NzQuYzIifQ&_nc_ht=instagram.fhan3-2.fna.fbcdn.net&_nc_cat=107&_nc_oc=Q6cZ2QEHiivT3eHxwrbFW-o9AJrZ2PcgYg93ienHfsPddS-5F8RhtPxfeOjox_828fewpdg&_nc_ohc=3zIlIdCEZQ8Q7kNvwEl9j7l&_nc_gid=m2Uh_OlqjF-8RL_ggySfuQ&edm=AJhczIQBAAAA&ccb=7-5&oh=00_Afpu0IBu_QqRxGEUXJN0T-39glMZsWEj4Fx8XzgkPFwA0A&oe=696A297D&_nc_sid=4a2096,451,0,42642,2385,0,['https://instagram.fhan3-4.fna.fbcdn.net/v/t51.2885-15/504120254_17916861954102556_879937550620990941_n.jpg?stp=dst-jpg_e35_tt6&efg=eyJ2ZW5jb2RlX3RhZyI6InRocmVhZHMuRkVFRC5pbWFnZV91cmxnZW4uMzIweDI0MC5zZHIuZjc1NzYxLmRlZmF1bHRfaW1hZ2UuYzIifQ&_nc_ht=instagram.fhan3-4.fna.fbcdn.net&_nc_cat=104&_nc_oc=Q6cZ2QEHiivT3eHxwrbFW-o9AJrZ2PcgYg93ienHfsPddS-5F8RhtPxfeOjox_828fewpdg&_nc_ohc=gX6q_GgqoVAQ7kNvwFhR91Z&_nc_gid=m2Uh_OlqjF-8RL_ggySfuQ&edm=AJhczIQBAAAA&ccb=7-5&ig_cache_key=MzY1MDY0OTgyMTcyMjc3NDg1MQ%3D%3D.3-ccb7-5&oh=00_AfpmUKZw3bPj5DU_G9w3uR7_xRbjtCTGMYd2IOt2rxhP8A&oe=696A3F4D&_nc_sid=4a2096'],,https://www.threads.net/@martinfjellanger/post/DKptqu_IQ1D,[],"{'likes': 42642, 'reposts': 2318, 'quotes': 67}",threads,3650649821722774851,Martin Phillip Fjellanger,Trump,"""When John McCain took the mic away from the woman lying about Obama, and came to Obama's defense, THAT was the best of American politics.

There is not a single Republican member of Congress who will 'take the mic' from Trump. That's the worst of American politics.""

– Glenn Kirschner",threads,63070214555,martinfjellanger
[],2026-01-12T09:35:05.796691+07:00,"Imagine meeting a man falling in love getting married, and he decides to partake in politics. Now you’re being criticized for liking fashion. She’s probably thinking, Wait, how did I get in this. Another example of being hated for just existing.",2026-01-03T01:30:02+07:00,,3801369690665906122,threads,threads.com,threads_crawler_v1,https://www.threads.net/@helencletus/post/DTBLZfYE-_K,https://instagram.fhan3-2.fna.fbcdn.net/v/t51.2885-19/358148526_6871899659487547_4596634069226046621_n.jpg?stp=dst-jpg_s150x150_tt6&efg=eyJ2ZW5jb2RlX3RhZyI6InByb2ZpbGVfcGljLmRqYW5nby4xMDgwLmMyIn0&_nc_ht=instagram.fhan3-2.fna.fbcdn.net&_nc_cat=107&_nc_oc=Q6cZ2QFvPFHh9cz4P2TPdTeLloty0OkSJwut4mjA7bqIYcmHBx4CnI5W9Jkv_M-zWAaiOEk&_nc_ohc=X4JJ1y7iICsQ7kNvwEKS1La&_nc_gid=kRL9REeuW16R3lGdpYNKPw&edm=AJhczIQBAAAA&ccb=7-5&oh=00_AfrPkFgOyOlzAouTSzX0krloQ4HII8L2dSzHbXABGu5x4g&oe=696A184E&_nc_sid=4a2096,552,0,28771,333,0,['https://instagram.fhan3-4.fna.fbcdn.net/v/t39.30808-6/607048987_10237608159198460_8466893868408829655_n.jpg?stp=dst-jpg_e35_tt6&efg=eyJ2ZW5jb2RlX3RhZyI6InRocmVhZHMuRkVFRC5pbWFnZV91cmxnZW4uMTMyMHg3NTcuc2RyLmYzMDgwOC5kZWZhdWx0X2ltYWdlLmMyIn0&_nc_ht=instagram.fhan3-4.fna.fbcdn.net&_nc_cat=104&_nc_oc=Q6cZ2QFvPFHh9cz4P2TPdTeLloty0OkSJwut4mjA7bqIYcmHBx4CnI5W9Jkv_M-zWAaiOEk&_nc_ohc=84Z2bvyNi4wQ7kNvwHXS-dj&_nc_gid=kRL9REeuW16R3lGdpYNKPw&edm=AJhczIQAAAAA&ccb=7-5&ig_cache_key=MzgwMTM2OTY5MDY2NTkwNjEyMg%3D%3D.3-ccb7-5&oh=00_AfqWlS9y_l61CUe2qla8XfCABGlYA1uU7NCk5JR9uoUgHQ&oe=696A438A&_nc_sid=4a2096'],,https://www.threads.net/@helencletus/post/DTBLZfYE-_K,[],"{'likes': 28771, 'reposts': 324, 'quotes': 9}",threads,3801369690665906122,Helen Cletus,,"Imagine meeting a man falling in love getting married, and he decides to partake in politics. Now you’re being criticized for liking fashion. She’s probably thinking, Wait, how did I get in this. Another example of being hated for just existing.",threads,63093731559,helencletus
[],2026-01-12T09:35:05.797096+07:00,"This is long, but it is a worthwhile read I think. 

Interesting viewpoint on Trump

– Michael Jochum,
Not Just a Drummer: Reflections on Art, Politics, Dogs, and the Human Condition.

""I’ve been watching an absolutely heroic amount of pearl-clutching lately from people who insist that J.D. Vance would somehow be “worse” than Trump once Trump’s inevitable political and biological expiration arrives.

Let’s get something straight: it has never been about Trump, not for one second.",2026-01-06T08:15:11+07:00,,3803747939591996315,threads,threads.com,threads_crawler_v1,https://www.threads.net/@msflibberty/post/DTJoJkSgUOb,https://instagram.fhan4-5.fna.fbcdn.net/v/t51.2885-19/521660894_17884622148339458_4600198599043473066_n.jpg?stp=dst-jpg_s150x150_tt6&efg=eyJ2ZW5jb2RlX3RhZyI6InByb2ZpbGVfcGljLmRqYW5nby4xMDgwLmMyIn0&_nc_ht=instagram.fhan4-5.fna.fbcdn.net&_nc_cat=102&_nc_oc=Q6cZ2QFvPFHh9cz4P2TPdTeLloty0OkSJwut4mjA7bqIYcmHBx4CnI5W9Jkv_M-zWAaiOEk&_nc_ohc=cEQalZJi9_cQ7kNvwFLBfan&_nc_gid=kRL9REeuW16R3lGdpYNKPw&edm=AJhczIQBAAAA&ccb=7-5&oh=00_AfqK7Di34VgrlCzcQt36CDZCkWefp_Rcp_3ark1fD6yFDA&oe=696A29F4&_nc_sid=4a2096,195,0,1559,377,0,[],,https://www.threads.net/@msflibberty/post/DTJoJkSgUOb,[],"{'likes': 1559, 'reposts': 327, 'quotes': 50}",threads,3803747939591996315,Kathy Mansell,,"This is long, but it is a worthwhile read I think. 

Interesting viewpoint on Trump

– Michael Jochum,
Not Just a Drummer: Reflections on Art, Politics, Dogs, and the Human Condition.

""I’ve been watching an absolutely heroic amount of pearl-clutching lately from people who insist that J.D. Vance would somehow be “worse” than Trump once Trump’s inevitable political and biological expiration arrives.

Let’s get something straight: it has never been about Trump, not for one second.",threads,70239043457,msflibberty
[],2026-01-12T09:35:05.797381+07:00,"GC ALERT!
-must be 13-17 of age.
-indians/pakistanis/ bangladeshi
-must be chalant 
-no beef
-no politics. AT. ALL.
-no religious fights
Reply if ur interested",2025-12-21T00:47:12+07:00,,3791926049953847274,threads,threads.com,threads_crawler_v1,https://www.threads.net/@hadiawss/post/DSfoKbmDJfq,https://instagram.fhan4-3.fna.fbcdn.net/v/t51.2885-19/478287545_7727506124040468_1348321484172670271_n.jpg?stp=dst-jpg_s150x150_tt6&efg=eyJ2ZW5jb2RlX3RhZyI6InByb2ZpbGVfcGljLmRqYW5nby4xMDgwLmMyIn0&_nc_ht=instagram.fhan4-3.fna.fbcdn.net&_nc_cat=100&_nc_oc=Q6cZ2QFvPFHh9cz4P2TPdTeLloty0OkSJwut4mjA7bqIYcmHBx4CnI5W9Jkv_M-zWAaiOEk&_nc_ohc=Flfn-lRSgfQQ7kNvwF-VKY2&_nc_gid=kRL9REeuW16R3lGdpYNKPw&edm=AJhczIQBAAAA&ccb=7-5&oh=00_AfrUnPEFEBscbS1hb-xcjfNKK_eJkEh2ksBQ1QmnaxOyVA&oe=696A240B&_nc_sid=4a2096,28,0,16,0,0,[],,https://www.threads.net/@hadiawss/post/DSfoKbmDJfq,[],"{'likes': 16, 'reposts': 0, 'quotes': 0}",threads,3791926049953847274,☆,,"GC ALERT!
-must be 13-17 of age.
-indians/pakistanis/ bangladeshi
-must be chalant 
-no beef
-no politics. AT. ALL.
-no religious fights
Reply if ur interested",threads,72387833279,hadiawss
[],2026-01-12T09:35:05.797628+07:00,"Hey, I’m Adam Mockler. I’m 22, I debate about politics on YouTube, and 1.2 million people follow me for it! Can you like this post so I show up on Google looking cool instead of photos of me from highschool? Thanks!",2025-05-20T03:43:24+07:00,,3636187955078849218,threads,threads.com,threads_crawler_v1,https://www.threads.net/@adammockler/post/DJ2Va4HB2LC,https://instagram.fhan3-3.fna.fbcdn.net/v/t51.2885-19/497199617_18502758121029028_2151996151624121258_n.jpg?stp=dst-jpg_s150x150_tt6&efg=eyJ2ZW5jb2RlX3RhZyI6InByb2ZpbGVfcGljLmRqYW5nby4xMDgwLmMyIn0&_nc_ht=instagram.fhan3-3.fna.fbcdn.net&_nc_cat=1&_nc_oc=Q6cZ2QFvPFHh9cz4P2TPdTeLloty0OkSJwut4mjA7bqIYcmHBx4CnI5W9Jkv_M-zWAaiOEk&_nc_ohc=Qwk8VtsOJlYQ7kNvwHtKPFT&_nc_gid=kRL9REeuW16R3lGdpYNKPw&edm=AJhczIQBAAAA&ccb=7-5&oh=00_Afq84UBM-Dlix39im1tFBu813k8mT5bv_7PsX49NmLO6WA&oe=696A3F23&_nc_sid=4a2096,139,0,3739,206,0,['https://instagram.fhan3-4.fna.fbcdn.net/v/t51.2885-15/499523624_17897362722200104_4718568468737937074_n.jpg?stp=dst-jpg_e35_tt6&efg=eyJ2ZW5jb2RlX3RhZyI6InRocmVhZHMuQ0FST1VTRUxfSVRFTS5pbWFnZV91cmxnZW4uMTQ0MHgxODAwLnNkci5mNzU3NjEuZGVmYXVsdF9pbWFnZS5jMiJ9&_nc_ht=instagram.fhan3-4.fna.fbcdn.net&_nc_cat=104&_nc_oc=Q6cZ2QFvPFHh9cz4P2TPdTeLloty0OkSJwut4mjA7bqIYcmHBx4CnI5W9Jkv_M-zWAaiOEk&_nc_ohc=7oUWFwUWGKYQ7kNvwFMPEph&_nc_gid=kRL9REeuW16R3lGdpYNKPw&edm=AJhczIQBAAAA&ccb=7-5&ig_cache_key=MzYzNjE4Nzk0OTQ1MDA2NDMyMA%3D%3D.3-ccb7-5&oh=00_Afp7vIkSRXkbaTFqhFaVYl2JDKFzUhvQhCjnD-QbDTz7zA&oe=696A4881&_nc_sid=4a2096'],,https://www.threads.net/@adammockler/post/DJ2Va4HB2LC,[],"{'likes': 3739, 'reposts': 190, 'quotes': 16}",threads,3636187955078849218,Adam Mockler,,"Hey, I’m Adam Mockler. I’m 22, I debate about politics on YouTube, and 1.2 million people follow me for it! Can you like this post so I show up on Google looking cool instead of photos of me from highschool? Thanks!",threads,66018656103,adammockler
[],2026-01-12T09:35:05.797899+07:00,"REALLY U GUYS ARE REALLY NEED TO WIN INFRONT OF THESE POLITICS @kamurudin ,@thedhaadiboy_ 🤧💔",2026-01-04T17:47:00+07:00,,3802586196413976647,threads,threads.com,threads_crawler_v1,https://www.threads.net/@itskameshhhhswags/post/DTFf_-pDxBH,https://instagram.fhan3-3.fna.fbcdn.net/v/t51.2885-19/608004942_17938791846099911_8382781571207373095_n.jpg?stp=dst-jpg_s150x150_tt6&efg=eyJ2ZW5jb2RlX3RhZyI6InByb2ZpbGVfcGljLmRqYW5nby4xMDc4LmMyIn0&_nc_ht=instagram.fhan3-3.fna.fbcdn.net&_nc_cat=1&_nc_oc=Q6cZ2QFvPFHh9cz4P2TPdTeLloty0OkSJwut4mjA7bqIYcmHBx4CnI5W9Jkv_M-zWAaiOEk&_nc_ohc=PEwF4hB_M70Q7kNvwG--Y-3&_nc_gid=kRL9REeuW16R3lGdpYNKPw&edm=AJhczIQBAAAA&ccb=7-5&oh=00_AfrnFWiHzRPvCRG6h4co5hEKlKALJOQQIwJxQyIiaPHt5w&oe=696A3B9F&_nc_sid=4a2096,46,0,455,2,0,['https://instagram.fhan4-3.fna.fbcdn.net/v/t51.2885-15/608789858_17974552322978026_6750499376228923172_n.webp?efg=eyJ2ZW5jb2RlX3RhZyI6InRocmVhZHMuRkVFRC5pbWFnZV91cmxnZW4uMTA4MHgxMDUyLnNkci5mODI3ODcuZGVmYXVsdF9pbWFnZS5jMiJ9&_nc_ht=instagram.fhan4-3.fna.fbcdn.net&_nc_cat=110&_nc_oc=Q6cZ2QFvPFHh9cz4P2TPdTeLloty0OkSJwut4mjA7bqIYcmHBx4CnI5W9Jkv_M-zWAaiOEk&_nc_ohc=RHc5QjyKKnIQ7kNvwHPj3AL&_nc_gid=kRL9REeuW16R3lGdpYNKPw&edm=AJhczIQBAAAA&ccb=7-5&ig_cache_key=MzgwMjU4NjE5NjQxMzk3NjY0Nw%3D%3D.3-ccb7-5&oh=00_Afr2tSYtSSe6RyYBw8vQtvECvgkAHX2dMAhXCyIx7ANbYA&oe=696A1C1B&_nc_sid=4a2096'],,https://www.threads.net/@itskameshhhhswags/post/DTFf_-pDxBH,[],"{'likes': 455, 'reposts': 2, 'quotes': 0}",threads,3802586196413976647,𝙆𝒂𝒎𝒆𝒔𝒉 𝙄 ♾️𝙆 🥶,,"REALLY U GUYS ARE REALLY NEED TO WIN INFRONT OF THESE POLITICS @kamurudin ,@thedhaadiboy_ 🤧💔",threads,63101203910,itskameshhhhswags
[],2026-01-12T09:35:05.798149+07:00,"BMF -
!!That's a new account i deleted my old one!!
Name: Ethan 
Age: 17
Country: UK
Sexuality: straight 
Identity: 𝒱𝒶𝓂𝓅𝒾𝓇ℯ
Vibe: im emo / alternative, i breathe music i love video games, skating, electric guitar, politics, i appreciate art im against AI
Im in many fandoms so i would like to get to know you and maybe become friendsXD
⚠︎︎𝐑𝟒𝐖𝐑",2025-12-05T02:30:14+07:00,,3780381494809057958,threads,threads.com,threads_crawler_v1,https://www.threads.net/@rawr.xd_.00e/post/DR2nPCxjdqm,https://instagram.fhan3-4.fna.fbcdn.net/v/t51.2885-19/588618382_17842700505635742_248170224694465496_n.jpg?stp=dst-jpg_s150x150_tt6&efg=eyJ2ZW5jb2RlX3RhZyI6InByb2ZpbGVfcGljLmRqYW5nby43MzYuYzIifQ&_nc_ht=instagram.fhan3-4.fna.fbcdn.net&_nc_cat=106&_nc_oc=Q6cZ2QFvPFHh9cz4P2TPdTeLloty0OkSJwut4mjA7bqIYcmHBx4CnI5W9Jkv_M-zWAaiOEk&_nc_ohc=BoqiHE1R44kQ7kNvwHG8dk-&_nc_gid=kRL9REeuW16R3lGdpYNKPw&edm=AJhczIQBAAAA&ccb=7-5&oh=00_AfrzaT3oSCqlaCpZi2WxBk8MuKQyDh2OuXfn5oQmQr17Vw&oe=696A3704&_nc_sid=4a2096,39,0,20,0,0,[],,https://www.threads.net/@rawr.xd_.00e/post/DR2nPCxjdqm,[],"{'likes': 20, 'reposts': 0, 'quotes': 0}",threads,3780381494809057958,𝓔,,"BMF -
!!That's a new account i deleted my old one!!
Name: Ethan 
Age: 17
Country: UK
Sexuality: straight 
Identity: 𝒱𝒶𝓂𝓅𝒾𝓇ℯ
Vibe: im emo / alternative, i breathe music i love video games, skating, electric guitar, politics, i appreciate art im against AI
Im in many fandoms so i would like to get to know you and maybe become friendsXD
⚠︎︎𝐑𝟒𝐖𝐑",threads,79065187741,rawr.xd_.00e
[],2026-01-12T09:35:05.798424+07:00,"I’m gay. I’m disabled. I’m poor.
So when you say,
“We just disagree politically, but we can still be friends,”
I need you to understand something:

Your politics decide whether I eat, get healthcare, marry, survive.
This isn’t just a disagreement.
It’s my life.",2025-08-06T03:59:00+07:00,,3692728310284290411,threads,threads.com,threads_crawler_v1,https://www.threads.net/@jonathan_73029/post/DM_NNVShglr,https://instagram.fhan4-1.fna.fbcdn.net/v/t51.2885-19/468817403_562825453017713_8253806544235782108_n.jpg?stp=dst-jpg_s150x150_tt6&efg=eyJ2ZW5jb2RlX3RhZyI6InByb2ZpbGVfcGljLmRqYW5nby4xMDgwLmMyIn0&_nc_ht=instagram.fhan4-1.fna.fbcdn.net&_nc_cat=105&_nc_oc=Q6cZ2QFvPFHh9cz4P2TPdTeLloty0OkSJwut4mjA7bqIYcmHBx4CnI5W9Jkv_M-zWAaiOEk&_nc_ohc=_FJpyAq6MNwQ7kNvwFiZVzU&_nc_gid=kRL9REeuW16R3lGdpYNKPw&edm=AJhczIQBAAAA&ccb=7-5&oh=00_AfpNYNTUniE_MwZeHU_6HvlQh-Ovin_sSOjF2weUxNNfow&oe=696A1FB3&_nc_sid=4a2096,340,0,22658,1516,0,[],,https://www.threads.net/@jonathan_73029/post/DM_NNVShglr,[],"{'likes': 22658, 'reposts': 1471, 'quotes': 45}",threads,3692728310284290411,Jonathan Roberts,,"I’m gay. I’m disabled. I’m poor.
So when you say,
“We just disagree politically, but we can still be friends,”
I need you to understand something:

Your politics decide whether I eat, get healthcare, marry, survive.
This isn’t just a disagreement.
It’s my life.",threads,63483461570,jonathan_73029
[],2026-01-12T09:35:05.798683+07:00,"I'd like to share something. A couple months ago, we had some friends over. It was a fun, casual night until politics entered the chat. One person there (Steve) was defending ICE. I was so upset that I went into my bedroom and cried. I didn't know how to deal with it. Then my soon to be step son chewed this guy out. ""You realize she's puerto rican right? You realize how scared for her family she is right now?""",2025-12-31T16:54:15+07:00,,3799660544375315389,threads,threads.com,threads_crawler_v1,https://www.threads.net/@wolfs_sub_kitten/post/DS7GyI2jtu9,https://instagram.fhan4-3.fna.fbcdn.net/v/t51.2885-19/610770419_17942513280105706_2348283758200830904_n.jpg?stp=dst-jpg_s150x150_tt6&efg=eyJ2ZW5jb2RlX3RhZyI6InByb2ZpbGVfcGljLmRqYW5nby4xMDgwLmMyIn0&_nc_ht=instagram.fhan4-3.fna.fbcdn.net&_nc_cat=110&_nc_oc=Q6cZ2QFvPFHh9cz4P2TPdTeLloty0OkSJwut4mjA7bqIYcmHBx4CnI5W9Jkv_M-zWAaiOEk&_nc_ohc=3Qn8lpBknNwQ7kNvwHpeDK0&_nc_gid=kRL9REeuW16R3lGdpYNKPw&edm=AJhczIQBAAAA&ccb=7-5&oh=00_Afo70L-foYjWqnN4i6fx2Bh_e81zN6S5M7VgAiRoJGY8fQ&oe=696A4AA0&_nc_sid=4a2096,1590,0,9079,184,0,[],,https://www.threads.net/@wolfs_sub_kitten/post/DS7GyI2jtu9,[],"{'likes': 9079, 'reposts': 180, 'quotes': 4}",threads,3799660544375315389,Raine,,"I'd like to share something. A couple months ago, we had some friends over. It was a fun, casual night until politics entered the chat. One person there (Steve) was defending ICE. I was so upset that I went into my bedroom and cried. I didn't know how to deal with it. Then my soon to be step son chewed this guy out. ""You realize she's puerto rican right? You realize how scared for her family she is right now?""",threads,63314977705,wolfs_sub_kitten
[],2026-01-12T09:35:05.798982+07:00,"“Jeopardy!” host Ken Jennings took aim at President Donald Trump and his administration Wednesday, calling for a 2028 presidential candidate who will prosecute the entire “regime.” | By Margaret Darby ",2026-01-10T04:00:18+07:00,,3806518729505604319,threads,threads.com,threads_crawler_v1,https://www.threads.net/@deseretnews/post/DTTeJ3fDYLf,https://instagram.fhan4-3.fna.fbcdn.net/v/t51.2885-19/357783865_638074934702350_5203757226604509601_n.jpg?stp=dst-jpg_s150x150_tt6&efg=eyJ2ZW5jb2RlX3RhZyI6InByb2ZpbGVfcGljLmRqYW5nby4xMDgwLmMyIn0&_nc_ht=instagram.fhan4-3.fna.fbcdn.net&_nc_cat=110&_nc_oc=Q6cZ2QFvPFHh9cz4P2TPdTeLloty0OkSJwut4mjA7bqIYcmHBx4CnI5W9Jkv_M-zWAaiOEk&_nc_ohc=V1XcUMfyGosQ7kNvwGf4_67&_nc_gid=kRL9REeuW16R3lGdpYNKPw&edm=AJhczIQBAAAA&ccb=7-5&oh=00_AfqslVtM6IA1l0Dy1CCwQ-aDMtb_hzuhCnHkfqATpBq-kw&oe=696A202B&_nc_sid=4a2096,80,0,846,19,0,[],,https://www.threads.net/@deseretnews/post/DTTeJ3fDYLf,[],"{'likes': 846, 'reposts': 16, 'quotes': 3}",threads,3806518729505604319,Deseret News,,"“Jeopardy!” host Ken Jennings took aim at President Donald Trump and his administration Wednesday, calling for a 2028 presidential candidate who will prosecute the entire “regime.” | By Margaret Darby https://www.deseret.com/entertainment/2026/01/08/ken-jennings-trump-politics/?utm_source=threads&amp;utm_medium=dn-social&amp;utm_campaign=threads&amp;utm_content=deseretnews",threads,63125838285,deseretnews
[],2026-01-12T09:35:05.799244+07:00,Now double it! #maga #paypig #findom #goddess #politics,2026-01-03T00:06:38+07:00,,3801327705807431868,threads,threads.com,threads_crawler_v1,https://www.threads.net/@heyitstwig/post/DTBB2h7gKi8,https://instagram.fhan3-3.fna.fbcdn.net/v/t51.2885-19/478373176_1344649326461398_2159580068144064083_n.jpg?stp=dst-jpg_s150x150_tt6&efg=eyJ2ZW5jb2RlX3RhZyI6InByb2ZpbGVfcGljLmRqYW5nby4xMDgwLmMyIn0&_nc_ht=instagram.fhan3-3.fna.fbcdn.net&_nc_cat=1&_nc_oc=Q6cZ2QFvPFHh9cz4P2TPdTeLloty0OkSJwut4mjA7bqIYcmHBx4CnI5W9Jkv_M-zWAaiOEk&_nc_ohc=2xXBrxCxNQwQ7kNvwEno12z&_nc_gid=kRL9REeuW16R3lGdpYNKPw&edm=AJhczIQBAAAA&ccb=7-5&oh=00_AfpZv7F69XXVE34kmmj_hWyfe0fbeXp7X1onS6QSCZwk1Q&oe=696A480E&_nc_sid=4a2096,150,0,612,13,0,"['https://instagram.fhan4-5.fna.fbcdn.net/v/t51.2885-15/610380231_903260308882478_4094740356229195838_n.jpg?stp=dst-jpg_e15_tt6&efg=eyJ2ZW5jb2RlX3RhZyI6InRocmVhZHMuRkVFRC5pbWFnZV91cmxnZW4uNjQweDExMzYuc2RyLmY3MTg3OC5kZWZhdWx0X2NvdmVyX2ZyYW1lLmMyIn0&_nc_ht=instagram.fhan4-5.fna.fbcdn.net&_nc_cat=102&_nc_oc=Q6cZ2QFvPFHh9cz4P2TPdTeLloty0OkSJwut4mjA7bqIYcmHBx4CnI5W9Jkv_M-zWAaiOEk&_nc_ohc=KENx_lTECLMQ7kNvwH_gpTl&_nc_gid=kRL9REeuW16R3lGdpYNKPw&edm=AJhczIQBAAAA&ccb=7-5&ig_cache_key=MzgwMTMyNzcwNTgwNzQzMTg2OA%3D%3D.3-ccb7-5&oh=00_AfraUNgozNCQSI4jp3RZbfzPJcgUVJh_8R83hfw3ldowaA&oe=696A15C9&_nc_sid=4a2096', 'https://instagram.fhan3-2.fna.fbcdn.net/o1/v/t2/f2/m86/AQPPuEsmF7YJ6pxEYiWZwCun4uXc4giw2fzNOl-98iX8NdnIpF_BwjWqDYBxJ8hsuQUPw2DbZ82IFuMpGOlUbPRUtlJCsN4hUGa5T1g.mp4?_nc_cat=107&_nc_oc=AdkgJmbayqnTg5g0oUkAXvbWtD9MfxS3PQj6mhxn9nyVmpLW2fJV0lW6YvYOoFfe8UM&_nc_sid=5e9851&_nc_ht=instagram.fhan3-2.fna.fbcdn.net&_nc_ohc=bNs4OXhHwZsQ7kNvwEz6M5N&efg=eyJ2ZW5jb2RlX3RhZyI6Inhwdl9wcm9ncmVzc2l2ZS5JTlNUQUdSQU0uRkVFRC5DMy43MjAuZGFzaF9iYXNlbGluZV8xX3YxIiwieHB2X2Fzc2V0X2lkIjoyMDA0MTMzMjEzNDgwNTU5LCJhc3NldF9hZ2VfZGF5cyI6OSwidmlfdXNlY2FzZV9pZCI6MTAwOTksImR1cmF0aW9uX3MiOjEwLCJ1cmxnZW5fc291cmNlIjoid3d3In0%3D&ccb=17-1&_nc_gid=kRL9REeuW16R3lGdpYNKPw&_nc_zt=28&vs=7d781260ad5d6d81&_nc_vs=HBksFQIYUmlnX3hwdl9yZWVsc19wZXJtYW5lbnRfc3JfcHJvZC9FMjQzQTZDNkJDQzRBNjMwNDZCOTY4QzNFQjRCQzg4NV92aWRlb19kYXNoaW5pdC5tcDQVAALIARIAFQIYOnBhc3N0aHJvdWdoX2V2ZXJzdG9yZS9HTUZrU2lTQ1lZbkhJTHdKQUlTTmJGVUd2a0E3YnN0VEFRQUYVAgLIARIAKAAYABsCiAd1c2Vfb2lsATEScHJvZ3Jlc3NpdmVfcmVjaXBlATEVAAAm3pmthPSvjwcVAigCQzMsF0Aku2RaHKwIGBJkYXNoX2Jhc2VsaW5lXzFfdjERAHXqB2XmnQEA&oh=00_AfouB3scJuxiyVxATo-wNyVZqBLoaiwzNRFHuH_KvQxW0g&oe=696648F4']",,https://www.threads.net/@heyitstwig/post/DTBB2h7gKi8,[],"{'likes': 612, 'reposts': 13, 'quotes': 0}",threads,3801327705807431868,Twig,,Now double it! #maga #paypig #findom #goddess #politics,threads,63413579018,heyitstwig
[],2026-01-12T09:35:05.799499+07:00,"Woke up to 140K followers 😅

Please OVER and UNDERstand that I'm Blackity, BLACK BLACK. My politics is Black. My social commentary is Black. My focus is Black. 

Unapologetically Black AF, if you will ✊🏾

I'm also a Foundational Afrikan American, Pan-Afrikanist, Afrocentric historian. WE DON'T DO THAT RED PILL SHIT OVER HERE. I'm very much into dismantling that BS 😌

If any of those titles bother you, this ain't the account for you.

If you fuk with all that, welcome to the family 🤝🏾",2025-10-23T21:32:15+07:00,,3749790938202800965,threads,threads.com,threads_crawler_v1,https://www.threads.net/@theghettoactivist/post/DQJ7v21joNF,https://instagram.fhan3-3.fna.fbcdn.net/v/t51.2885-19/556493021_18158226610382704_9181247358042715300_n.jpg?stp=dst-jpg_s150x150_tt6&efg=eyJ2ZW5jb2RlX3RhZyI6InByb2ZpbGVfcGljLmRqYW5nby4xMDgwLmMyIn0&_nc_ht=instagram.fhan3-3.fna.fbcdn.net&_nc_cat=1&_nc_oc=Q6cZ2QFvPFHh9cz4P2TPdTeLloty0OkSJwut4mjA7bqIYcmHBx4CnI5W9Jkv_M-zWAaiOEk&_nc_ohc=hQNMYBqdqbMQ7kNvwHum_OH&_nc_gid=kRL9REeuW16R3lGdpYNKPw&edm=AJhczIQBAAAA&ccb=7-5&oh=00_AfpXwQEiqw-jw2een5aAsW9Jxw4vLt9jPm7xNI_gY7ty_A&oe=696A43D0&_nc_sid=4a2096,102,0,5592,50,0,[],,https://www.threads.net/@theghettoactivist/post/DQJ7v21joNF,[],"{'likes': 5592, 'reposts': 50, 'quotes': 0}",threads,3749790938202800965,Antonio Perry,,"Woke up to 140K followers 😅

Please OVER and UNDERstand that I'm Blackity, BLACK BLACK. My politics is Black. My social commentary is Black. My focus is Black. 

Unapologetically Black AF, if you will ✊🏾

I'm also a Foundational Afrikan American, Pan-Afrikanist, Afrocentric historian. WE DON'T DO THAT RED PILL SHIT OVER HERE. I'm very much into dismantling that BS 😌

If any of those titles bother you, this ain't the account for you.

If you fuk with all that, welcome to the family 🤝🏾",threads,63397518507,theghettoactivist
[],2026-01-12T09:35:05.799752+07:00,"So, why is the NRA (National Rifle Association) engaging in politics when IRS code 501c explicitly prohibits tax-exempt organizations from doing so? 

It’s time for the NRA, the Heritage Foundation AND politically active churches to start paying some taxes. 

Who here agrees?",2024-07-26T07:28:09+07:00,,3420317908873070026,threads,threads.com,threads_crawler_v1,https://www.threads.net/@lakota_man/post/C93aQQ5SUXK,https://instagram.fhan3-3.fna.fbcdn.net/v/t51.2885-19/558947406_18081234317483953_5472252675929391537_n.jpg?stp=dst-jpg_s150x150_tt6&efg=eyJ2ZW5jb2RlX3RhZyI6InByb2ZpbGVfcGljLmRqYW5nby40MDAuYzIifQ&_nc_ht=instagram.fhan3-3.fna.fbcdn.net&_nc_cat=1&_nc_oc=Q6cZ2QFvPFHh9cz4P2TPdTeLloty0OkSJwut4mjA7bqIYcmHBx4CnI5W9Jkv_M-zWAaiOEk&_nc_ohc=HssJj3_Yl3AQ7kNvwGKbIa8&_nc_gid=kRL9REeuW16R3lGdpYNKPw&edm=AJhczIQBAAAA&ccb=7-5&oh=00_AfqSrhI7IfoltWnbbVNRyzZUR1yk3auAssHXJ8d8hk7x9g&oe=696A2B6B&_nc_sid=4a2096,571,0,13612,1734,0,['https://instagram.fhan4-3.fna.fbcdn.net/v/t51.29350-15/452937347_1440563489869630_4836344121160219738_n.jpg?stp=cp6_dst-jpg_e35_tt6&efg=eyJ2ZW5jb2RlX3RhZyI6InRocmVhZHMuRkVFRC5pbWFnZV91cmxnZW4uMTE3MHg5NTguc2RyLmYyOTM1MC5kZWZhdWx0X2ltYWdlLmMyIn0&_nc_ht=instagram.fhan4-3.fna.fbcdn.net&_nc_cat=110&_nc_oc=Q6cZ2QFvPFHh9cz4P2TPdTeLloty0OkSJwut4mjA7bqIYcmHBx4CnI5W9Jkv_M-zWAaiOEk&_nc_ohc=R1iDJOyWhMsQ7kNvwE746iD&_nc_gid=kRL9REeuW16R3lGdpYNKPw&edm=AJhczIQBAAAA&ccb=7-5&ig_cache_key=MzQyMDMxNzkwODg3MzA3MDAyNg%3D%3D.3-ccb7-5&oh=00_AfqxmkByS2OIAeUvwj_4R3eiwxpofPpMQ6FvHDHzDj8jDg&oe=696A4322&_nc_sid=4a2096'],,https://www.threads.net/@lakota_man/post/C93aQQ5SUXK,[],"{'likes': 13612, 'reposts': 1592, 'quotes': 142}",threads,3420317908873070026,,,"So, why is the NRA (National Rifle Association) engaging in politics when IRS code 501c explicitly prohibits tax-exempt organizations from doing so? 

It’s time for the NRA, the Heritage Foundation AND politically active churches to start paying some taxes. 

Who here agrees?",threads,63270619948,lakota_man
[],2026-01-12T09:35:05.800043+07:00,"""I want a goth gf""

Until she isn't js wearing eyeliner and Black lipstick
Until she speaks about politics
Until she listens to goth music and not just ""deftones""
Until she Doesn't want to be sexualised 
Until she likes weird things like collecting real bones
Until she isn't overdressed all day
Until she wears heavy make up with white foundation 
Until she isn't the Tiktok trad goth
Until she isn't freaky
Until she Doesn't like to be called mommy",2025-08-15T19:15:03+07:00,,3699712355306901055,threads,threads.com,threads_crawler_v1,https://www.threads.net/@_undeadgoth_/post/DNYBMkFMQ4_,https://instagram.fhan3-4.fna.fbcdn.net/v/t51.2885-19/606639616_17927580696179202_1746614107203324277_n.jpg?stp=dst-jpg_s150x150_tt6&efg=eyJ2ZW5jb2RlX3RhZyI6InByb2ZpbGVfcGljLmRqYW5nby4xMDgwLmMyIn0&_nc_ht=instagram.fhan3-4.fna.fbcdn.net&_nc_cat=106&_nc_oc=Q6cZ2QFvPFHh9cz4P2TPdTeLloty0OkSJwut4mjA7bqIYcmHBx4CnI5W9Jkv_M-zWAaiOEk&_nc_ohc=bHcX93X4FMMQ7kNvwH1xjyV&_nc_gid=kRL9REeuW16R3lGdpYNKPw&edm=AJhczIQBAAAA&ccb=7-5&oh=00_AfoV00VB8WcUcnma55Q0WdD0jpqFO3VG3hOzfrqoT3Fqvg&oe=696A46F1&_nc_sid=4a2096,257,0,3010,416,0,[],,https://www.threads.net/@_undeadgoth_/post/DNYBMkFMQ4_,[],"{'likes': 3010, 'reposts': 401, 'quotes': 15}",threads,3699712355306901055,☥Ayleen☥,,"""I want a goth gf""

Until she isn't js wearing eyeliner and Black lipstick
Until she speaks about politics
Until she listens to goth music and not just ""deftones""
Until she Doesn't want to be sexualised 
Until she likes weird things like collecting real bones
Until she isn't overdressed all day
Until she wears heavy make up with white foundation 
Until she isn't the Tiktok trad goth
Until she isn't freaky
Until she Doesn't like to be called mommy",threads,65408307201,_undeadgoth_
[],2026-01-12T09:35:05.800304+07:00,"Texas governor, Gregg Abbott claims that he will walk
away from politics if Jasmine Crockett wins the senate race against Shifty eyed Ken Paxton start
walking sir.",2025-12-11T00:16:59+07:00,,3784663089724691463,threads,threads.com,threads_crawler_v1,https://www.threads.net/@newsversehq/post/DSF0wcxkpQH,https://instagram.fhan3-3.fna.fbcdn.net/v/t51.2885-19/607273933_17855298939595772_3802844590443828357_n.jpg?stp=dst-jpg_s150x150_tt6&efg=eyJ2ZW5jb2RlX3RhZyI6InByb2ZpbGVfcGljLmRqYW5nby4xMDgwLmMyIn0&_nc_ht=instagram.fhan3-3.fna.fbcdn.net&_nc_cat=1&_nc_oc=Q6cZ2QFvPFHh9cz4P2TPdTeLloty0OkSJwut4mjA7bqIYcmHBx4CnI5W9Jkv_M-zWAaiOEk&_nc_ohc=xwzQLq2kOasQ7kNvwFvvYdR&_nc_gid=kRL9REeuW16R3lGdpYNKPw&edm=AJhczIQBAAAA&ccb=7-5&oh=00_Afr-qxup-mrt4vxwdxzWqfRRUjT0uNHYK0Rw1txmWDuKdw&oe=696A20F4&_nc_sid=4a2096,9297,0,44398,2603,0,['https://instagram.fhan4-6.fna.fbcdn.net/v/t51.2885-15/589973532_17852926794595772_8630071196955787091_n.webp?efg=eyJ2ZW5jb2RlX3RhZyI6InRocmVhZHMuRkVFRC5pbWFnZV91cmxnZW4uNDA5NngyMzA0LnNkci5mODI3ODcuZGVmYXVsdF9pbWFnZS5jMiJ9&_nc_ht=instagram.fhan4-6.fna.fbcdn.net&_nc_cat=108&_nc_oc=Q6cZ2QFvPFHh9cz4P2TPdTeLloty0OkSJwut4mjA7bqIYcmHBx4CnI5W9Jkv_M-zWAaiOEk&_nc_ohc=a6Wepw9aFSYQ7kNvwGu5l8I&_nc_gid=kRL9REeuW16R3lGdpYNKPw&edm=AJhczIQBAAAA&ccb=7-5&ig_cache_key=Mzc4NDY2MzA4OTcyNDY5MTQ2Mw%3D%3D.3-ccb7-5&oh=00_Afq17EibM8T4mP2xIBDxqCua-gmkbBFho6innM1P6V_pDQ&oe=696A4314&_nc_sid=4a2096'],,https://www.threads.net/@newsversehq/post/DSF0wcxkpQH,[],"{'likes': 44398, 'reposts': 2178, 'quotes': 425}",threads,3784663089724691463,NewsVerse,,"Texas governor, Gregg Abbott claims that he will walk
away from politics if Jasmine Crockett wins the senate race against Shifty eyed Ken Paxton start
walking sir.",threads,77922851771,newsversehq
[],2026-01-12T09:35:05.800577+07:00,I don’t think so honey — white coastal liberal men speaking on Texas politics and the (un)electability of a qualified Black woman when they know nothing about it,2026-01-10T03:13:26+07:00,,3806495168313592558,threads,threads.com,threads_crawler_v1,https://www.threads.net/@leahspector/post/DTTYzAakoru,https://instagram.fhan4-3.fna.fbcdn.net/v/t51.2885-19/358166570_6294451017302290_2127830670014262808_n.jpg?stp=dst-jpg_s150x150_tt6&efg=eyJ2ZW5jb2RlX3RhZyI6InByb2ZpbGVfcGljLmRqYW5nby4xMDgwLmMyIn0&_nc_ht=instagram.fhan4-3.fna.fbcdn.net&_nc_cat=110&_nc_oc=Q6cZ2QFvPFHh9cz4P2TPdTeLloty0OkSJwut4mjA7bqIYcmHBx4CnI5W9Jkv_M-zWAaiOEk&_nc_ohc=THFtLrYow4IQ7kNvwE_tfKy&_nc_gid=kRL9REeuW16R3lGdpYNKPw&edm=AJhczIQBAAAA&ccb=7-5&oh=00_AfoiSg-vVPuaeTZEJK8NaoTMa9tfVpmnyrHBXKKSKK0utw&oe=696A464C&_nc_sid=4a2096,2,0,18,0,0,[],,https://www.threads.net/@leahspector/post/DTTYzAakoru,[],"{'likes': 18, 'reposts': 0, 'quotes': 0}",threads,3806495168313592558,Leah Spector,Las Culturistas,I don’t think so honey — white coastal liberal men speaking on Texas politics and the (un)electability of a qualified Black woman when they know nothing about it,threads,63086917068,leahspector
[],2026-01-12T09:35:05.800875+07:00,"Global tensions are rising ⚠️
Russia issues a direct warning to the U.S. over Maduro’s release, escalating fears of a wider geopolitical conflict. The world watches closely as power politics take center stage.
#RussiaUS #GlobalTensions #Geopolitics #WorldNews #breakingnews",2026-01-06T15:01:13+07:00,,3803952302508802554,threads,threads.com,threads_crawler_v1,https://www.threads.net/@the.financial.info/post/DTKWncFkQH6,https://instagram.fhan3-3.fna.fbcdn.net/v/t51.2885-19/563045984_17862413670492141_5974254754237380257_n.jpg?stp=dst-jpg_s150x150_tt6&efg=eyJ2ZW5jb2RlX3RhZyI6InByb2ZpbGVfcGljLmRqYW5nby40OTMuYzIifQ&_nc_ht=instagram.fhan3-3.fna.fbcdn.net&_nc_cat=1&_nc_oc=Q6cZ2QFvPFHh9cz4P2TPdTeLloty0OkSJwut4mjA7bqIYcmHBx4CnI5W9Jkv_M-zWAaiOEk&_nc_ohc=o-LZSZ2XOdkQ7kNvwE803z1&_nc_gid=kRL9REeuW16R3lGdpYNKPw&edm=AJhczIQBAAAA&ccb=7-5&oh=00_Afo8tmn-8QywJZilUDMeRPIVBbeu93ijzNn0FWfcjKeabQ&oe=696A487D&_nc_sid=4a2096,291,0,1058,26,0,['https://instagram.fhan4-6.fna.fbcdn.net/v/t51.2885-15/610961701_17872004787492141_5183443314590028812_n.jpg?stp=dst-jpg_e35_tt6&efg=eyJ2ZW5jb2RlX3RhZyI6InRocmVhZHMuRkVFRC5pbWFnZV91cmxnZW4uMTQ0MHgxODAwLnNkci5mODI3ODcuZGVmYXVsdF9pbWFnZS5jMiJ9&_nc_ht=instagram.fhan4-6.fna.fbcdn.net&_nc_cat=109&_nc_oc=Q6cZ2QFvPFHh9cz4P2TPdTeLloty0OkSJwut4mjA7bqIYcmHBx4CnI5W9Jkv_M-zWAaiOEk&_nc_ohc=vQA8AiXENGMQ7kNvwEInO4y&_nc_gid=kRL9REeuW16R3lGdpYNKPw&edm=AJhczIQBAAAA&ccb=7-5&ig_cache_key=MzgwMzk1MjMwMjUwODgwMjU1NA%3D%3D.3-ccb7-5&oh=00_AfousU1kqTORWXuYQWjX6b9fBBS5GK78QxOEY-qQM7iueg&oe=696A3D27&_nc_sid=4a2096'],,https://www.threads.net/@the.financial.info/post/DTKWncFkQH6,[],"{'likes': 1058, 'reposts': 23, 'quotes': 3}",threads,3803952302508802554,Santosh | Finance,,"Global tensions are rising ⚠️
Russia issues a direct warning to the U.S. over Maduro’s release, escalating fears of a wider geopolitical conflict. The world watches closely as power politics take center stage.
#RussiaUS #GlobalTensions #Geopolitics #WorldNews #breakingnews",threads,74825823128,the.financial.info
[],2026-01-12T09:35:05.801133+07:00,"I do not want Venezuela
I do not want Greenland. 
I do not want Cuba. 
I do not want Canada. 
I do not want Mexico. 

I want affordable healthcare.
I want cancer research restored.
I want safe drinking water.
I want clean air.
I want big money out of politics.
I want Diversity.
I want Equity.
I want Inclusion.

Stop using our money for war!",2026-01-07T03:29:24+07:00,,3804328877129044420,threads,threads.com,threads_crawler_v1,https://www.threads.net/@donjuliony/post/DTLsPUiCZHE,https://instagram.fhan3-4.fna.fbcdn.net/v/t51.2885-19/468558268_1807606600044702_6855400288207959955_n.jpg?stp=dst-jpg_s150x150_tt6&efg=eyJ2ZW5jb2RlX3RhZyI6InByb2ZpbGVfcGljLmRqYW5nby43NTAuYzIifQ&_nc_ht=instagram.fhan3-4.fna.fbcdn.net&_nc_cat=106&_nc_oc=Q6cZ2QFvPFHh9cz4P2TPdTeLloty0OkSJwut4mjA7bqIYcmHBx4CnI5W9Jkv_M-zWAaiOEk&_nc_ohc=KCH9FqHvpScQ7kNvwF3zc7o&_nc_gid=kRL9REeuW16R3lGdpYNKPw&edm=AJhczIQBAAAA&ccb=7-5&oh=00_AfqDB3NklP1PVrq59MyFEOau01LkFqDsD7AirsPK3yox0A&oe=696A36DB&_nc_sid=4a2096,313,0,4507,353,0,[],,https://www.threads.net/@donjuliony/post/DTLsPUiCZHE,[],"{'likes': 4507, 'reposts': 347, 'quotes': 6}",threads,3804328877129044420,Julio C Rosa,,"I do not want Venezuela
I do not want Greenland. 
I do not want Cuba. 
I do not want Canada. 
I do not want Mexico. 

I want affordable healthcare.
I want cancer research restored.
I want safe drinking water.
I want clean air.
I want big money out of politics.
I want Diversity.
I want Equity.
I want Inclusion.

Stop using our money for war!",threads,69863502859,donjuliony
[],2026-01-12T09:35:05.801408+07:00,"Politics aside, it's remarkable how much Elon Musk continues to beat the odds and succeed.

Do not bet against him, ever.",2026-01-06T04:03:19+07:00,,3803621172039149093,threads,threads.com,threads_crawler_v1,https://www.threads.net/@elon_musk6482/post/DTJLU2zjGYl,https://instagram.fhan4-5.fna.fbcdn.net/v/t51.2885-19/612189034_17851445892604323_7838830037705520509_n.jpg?stp=dst-jpg_s150x150_tt6&efg=eyJ2ZW5jb2RlX3RhZyI6InByb2ZpbGVfcGljLmRqYW5nby40MDAuYzIifQ&_nc_ht=instagram.fhan4-5.fna.fbcdn.net&_nc_cat=103&_nc_oc=Q6cZ2QFvPFHh9cz4P2TPdTeLloty0OkSJwut4mjA7bqIYcmHBx4CnI5W9Jkv_M-zWAaiOEk&_nc_ohc=IQiGqNlCcosQ7kNvwEPXRW-&_nc_gid=kRL9REeuW16R3lGdpYNKPw&edm=AJhczIQBAAAA&ccb=7-5&oh=00_AfpnAhmtWNhHvBSS545yAU4cxj_Jv29xl5CCoCWVxwHQ3Q&oe=696A165A&_nc_sid=4a2096,34,0,112,1,0,['https://instagram.fhan4-5.fna.fbcdn.net/v/t51.2885-15/611242743_17851474275604323_9122700866003045138_n.jpg?stp=dst-jpg_e35_tt6&efg=eyJ2ZW5jb2RlX3RhZyI6InRocmVhZHMuRkVFRC5pbWFnZV91cmxnZW4uMTIzMHg4MjAuc2RyLmY4Mjc4Ny5kZWZhdWx0X2ltYWdlLmMyIn0&_nc_ht=instagram.fhan4-5.fna.fbcdn.net&_nc_cat=103&_nc_oc=Q6cZ2QFvPFHh9cz4P2TPdTeLloty0OkSJwut4mjA7bqIYcmHBx4CnI5W9Jkv_M-zWAaiOEk&_nc_ohc=Z0_kt0notbwQ7kNvwF597to&_nc_gid=kRL9REeuW16R3lGdpYNKPw&edm=AJhczIQBAAAA&ccb=7-5&ig_cache_key=MzgwMzYyMTE3MjAzOTE0OTA5Mw%3D%3D.3-ccb7-5&oh=00_AfoOhec5hQoh05RNX-e_Lv93jC3PgTCNIElsiMWW0hh0Bw&oe=696A1CD2&_nc_sid=4a2096'],,https://www.threads.net/@elon_musk6482/post/DTJLU2zjGYl,[],"{'likes': 112, 'reposts': 1, 'quotes': 0}",threads,3803621172039149093,,,"Politics aside, it's remarkable how much Elon Musk continues to beat the odds and succeed.

Do not bet against him, ever.",threads,78150100322,elon_musk6482
[],2026-01-12T09:35:31.189279+07:00,"Same Food Science degree. 
3 different destinies.

PATH 1: QUALITY CONTROL (QC)
What you do:
Test samples, record data, repeat 500 times daily.
Salary: RM 2,800 - RM 4,500
Pros: Clear responsibilities, minimal politics
Cons: Repetitive, boring, no creativity, shift work
Reality check:
After 5 years, still testing samples. Just faster.",2025-10-01T10:19:37+07:00,,3733507325933385512,threads,threads.com,threads_crawler_v1,https://www.threads.net/@follow.alvinlow/post/DPQFSHIk_co,https://instagram.fhan4-5.fna.fbcdn.net/v/t51.2885-19/488980843_1343552090215946_1193673136217994004_n.jpg?stp=dst-jpg_s150x150_tt6&efg=eyJ2ZW5jb2RlX3RhZyI6InByb2ZpbGVfcGljLmRqYW5nby4xMDgwLmMyIn0&_nc_ht=instagram.fhan4-5.fna.fbcdn.net&_nc_cat=102&_nc_oc=Q6cZ2QGCKKi0azCi2_ozuh1CDNaXCAgPPt328HLIJmRPYIJTzdWKd9kd4Z6O2GNecS24AVU&_nc_ohc=ACSQlzlquLsQ7kNvwHqCf1w&_nc_gid=bU1WjeDg4NketwmWFZURKg&edm=AJhczIQBAAAA&ccb=7-5&oh=00_AfrBvyDwFS5lBHuKr74X0LqlkedoXu-_kc_8PEgp3VXCLw&oe=696A30E3&_nc_sid=4a2096,4,0,33,3,0,[],,https://www.threads.net/@follow.alvinlow/post/DPQFSHIk_co,[],"{'likes': 33, 'reposts': 3, 'quotes': 0}",threads,3733507325933385512,Alvin Low | NUTRITIONIST,,"Same Food Science degree. 
3 different destinies.

PATH 1: QUALITY CONTROL (QC)
What you do:
Test samples, record data, repeat 500 times daily.
Salary: RM 2,800 - RM 4,500
Pros: Clear responsibilities, minimal politics
Cons: Repetitive, boring, no creativity, shift work
Reality check:
After 5 years, still testing samples. Just faster.",threads,73353118711,follow.alvinlow
[],2026-01-12T09:35:31.189442+07:00,"Living in Columbus Ohio is so interesting. The state is very red now with terrible anti DEI laws. But the city itself has a lot of diversity, great festivals and events and overall great people. I love living here and yet feel deeply disturbed by the politics of my state.",2025-06-08T01:52:19+07:00,,3649902782544453641,threads,threads.com,threads_crawler_v1,https://www.threads.net/@sharplifegrowth/post/DKnDz4iRaAJ,https://instagram.fhan3-3.fna.fbcdn.net/v/t51.2885-19/451399724_1617196685523997_288134607797396109_n.jpg?stp=dst-jpg_s150x150_tt6&efg=eyJ2ZW5jb2RlX3RhZyI6InByb2ZpbGVfcGljLmRqYW5nby4xMDgwLmMyIn0&_nc_ht=instagram.fhan3-3.fna.fbcdn.net&_nc_cat=101&_nc_oc=Q6cZ2QGCKKi0azCi2_ozuh1CDNaXCAgPPt328HLIJmRPYIJTzdWKd9kd4Z6O2GNecS24AVU&_nc_ohc=RRsjNLKd0zgQ7kNvwFbCkW5&_nc_gid=bU1WjeDg4NketwmWFZURKg&edm=AJhczIQBAAAA&ccb=7-5&oh=00_AfqZNtaf9v9pJmuxGLzwac_XdI34ZIilKZMw9BnaE4H_lA&oe=696A3C23&_nc_sid=4a2096,423,0,3620,90,0,[],,https://www.threads.net/@sharplifegrowth/post/DKnDz4iRaAJ,[],"{'likes': 3620, 'reposts': 84, 'quotes': 6}",threads,3649902782544453641,Robert Sharp,,"Living in Columbus Ohio is so interesting. The state is very red now with terrible anti DEI laws. But the city itself has a lot of diversity, great festivals and events and overall great people. I love living here and yet feel deeply disturbed by the politics of my state.",threads,65784397719,sharplifegrowth
[],2026-01-12T09:35:31.189499+07:00,Chappelle’s new standup felt less like comedy and more like a warning. Not about politics… about what happens once society decides you’re the problem. Am I trippin or did anyone else feel that?,2025-12-21T04:01:32+07:00,,3792023863430315067,threads,threads.com,threads_crawler_v1,https://www.threads.net/@mr_jefferson805/post/DSf-ZzfkXw7,https://instagram.fhan3-2.fna.fbcdn.net/v/t51.2885-19/502765602_18139680256392199_2408063019853775873_n.jpg?stp=dst-jpg_s150x150_tt6&efg=eyJ2ZW5jb2RlX3RhZyI6InByb2ZpbGVfcGljLmRqYW5nby4xMDI0LmMyIn0&_nc_ht=instagram.fhan3-2.fna.fbcdn.net&_nc_cat=107&_nc_oc=Q6cZ2QGCKKi0azCi2_ozuh1CDNaXCAgPPt328HLIJmRPYIJTzdWKd9kd4Z6O2GNecS24AVU&_nc_ohc=6aHTjovnWDQQ7kNvwFvMFHf&_nc_gid=bU1WjeDg4NketwmWFZURKg&edm=AJhczIQBAAAA&ccb=7-5&oh=00_AfqgX81KieYP1e5G5fmqxNZc9cR-PXZPnmfR0uWatcDtjw&oe=696A36BE&_nc_sid=4a2096,542,0,2408,74,0,['https://instagram.fhan4-5.fna.fbcdn.net/v/t51.2885-15/604412163_17932997316114830_8391302312980142341_n.jpg?stp=dst-jpg_e35_tt6&efg=eyJ2ZW5jb2RlX3RhZyI6InRocmVhZHMuRkVFRC5pbWFnZV91cmxnZW4uODAweDQ3OS5zZHIuZjgyNzg3LmRlZmF1bHRfaW1hZ2UuYzIifQ&_nc_ht=instagram.fhan4-5.fna.fbcdn.net&_nc_cat=102&_nc_oc=Q6cZ2QGCKKi0azCi2_ozuh1CDNaXCAgPPt328HLIJmRPYIJTzdWKd9kd4Z6O2GNecS24AVU&_nc_ohc=Yu1tNcDJudUQ7kNvwFkdnko&_nc_gid=bU1WjeDg4NketwmWFZURKg&edm=AJhczIQBAAAA&ccb=7-5&ig_cache_key=Mzc5MjAyMzg2MzQzMDMxNTA2Nw%3D%3D.3-ccb7-5&oh=00_Afr1mPDxXtqQolzFpFBiu16WhJMCljXSQCetcfbumWCRCg&oe=696A1EF8&_nc_sid=4a2096'],,https://www.threads.net/@mr_jefferson805/post/DSf-ZzfkXw7,[],"{'likes': 2408, 'reposts': 72, 'quotes': 2}",threads,3792023863430315067,Greg Jefferson,Dave Chappelle,Chappelle’s new standup felt less like comedy and more like a warning. Not about politics… about what happens once society decides you’re the problem. Am I trippin or did anyone else feel that?,threads,63421202829,mr_jefferson805
[],2026-01-12T09:35:31.189550+07:00,"About people leaving MAGA, a (hopefully) comedic rant #explore #politics #leavingmaga #growth",2026-01-09T23:21:33+07:00,,3806378443660336232,threads,threads.com,threads_crawler_v1,https://www.threads.net/@keegantatum/post/DTS-QcHFBxo,https://instagram.fhan4-1.fna.fbcdn.net/v/t51.2885-19/448262749_768460705478045_6861129901186279832_n.jpg?stp=dst-jpg_s150x150_tt6&efg=eyJ2ZW5jb2RlX3RhZyI6InByb2ZpbGVfcGljLmRqYW5nby4xMDgwLmMyIn0&_nc_ht=instagram.fhan4-1.fna.fbcdn.net&_nc_cat=105&_nc_oc=Q6cZ2QGCKKi0azCi2_ozuh1CDNaXCAgPPt328HLIJmRPYIJTzdWKd9kd4Z6O2GNecS24AVU&_nc_ohc=y-HbQWSF9F0Q7kNvwHkFbVS&_nc_gid=bU1WjeDg4NketwmWFZURKg&edm=AJhczIQBAAAA&ccb=7-5&oh=00_AfrJf3TpcU8O52FLk0IOBH_hAeKICCGHrgUftfwCVxna9A&oe=696A4235&_nc_sid=4a2096,2,0,144,26,0,"['https://instagram.fhan4-3.fna.fbcdn.net/v/t51.2885-15/610830609_905420408573784_7367063895188105213_n.jpg?stp=dst-jpg_e15_tt6&efg=eyJ2ZW5jb2RlX3RhZyI6InRocmVhZHMuRkVFRC5pbWFnZV91cmxnZW4uNjQweDExMzYuc2RyLmY3MTg3OC5kZWZhdWx0X2NvdmVyX2ZyYW1lLmMyIn0&_nc_ht=instagram.fhan4-3.fna.fbcdn.net&_nc_cat=100&_nc_oc=Q6cZ2QGCKKi0azCi2_ozuh1CDNaXCAgPPt328HLIJmRPYIJTzdWKd9kd4Z6O2GNecS24AVU&_nc_ohc=4iASAwzkkcwQ7kNvwFRYY7O&_nc_gid=bU1WjeDg4NketwmWFZURKg&edm=AJhczIQBAAAA&ccb=7-5&ig_cache_key=MzgwNjM3ODQ0MzY2MDMzNjIzMg%3D%3D.3-ccb7-5&oh=00_Afp7pt0g9uOIlHz983PnAGBXzw7wp4qBT3r1rl715_qqlQ&oe=696A21F9&_nc_sid=4a2096', 'https://instagram.fhan4-3.fna.fbcdn.net/o1/v/t2/f2/m86/AQNOw5ehHY8oKMlRbH5kgCO1uq8-EM_S7V-cCq6a8KF-A-08NN3zGum9cxDX7J40XXvbl1TM7YrcnXR0xzP4JGJmcadSfbxd7KF28pY.mp4?_nc_cat=110&_nc_oc=AdkYJc0wwKgPBmlraqNcBOZVhDnm-JByeXaBhNtBEEC5B9SE8y1z3ZQePdogwTJyLUg&_nc_sid=5e9851&_nc_ht=instagram.fhan4-3.fna.fbcdn.net&_nc_ohc=-zSTY2z_vMgQ7kNvwHHYsn_&efg=eyJ2ZW5jb2RlX3RhZyI6Inhwdl9wcm9ncmVzc2l2ZS5JTlNUQUdSQU0uRkVFRC5DMy43MjAuZGFzaF9iYXNlbGluZV8xX3YxIiwieHB2X2Fzc2V0X2lkIjo4NjU5ODc3MTI4MDQxNDIsImFzc2V0X2FnZV9kYXlzIjoyLCJ2aV91c2VjYXNlX2lkIjoxMDA5OSwiZHVyYXRpb25fcyI6ODMsInVybGdlbl9zb3VyY2UiOiJ3d3cifQ%3D%3D&ccb=17-1&_nc_gid=bU1WjeDg4NketwmWFZURKg&_nc_zt=28&vs=3671598b9bbe1ba2&_nc_vs=HBksFQIYUmlnX3hwdl9yZWVsc19wZXJtYW5lbnRfc3JfcHJvZC9FNDQ5MkU4ODcwMEFBOUZDQzRFMDIzN0IzMEI3OTI4M192aWRlb19kYXNoaW5pdC5tcDQVAALIARIAFQIYOnBhc3N0aHJvdWdoX2V2ZXJzdG9yZS9HT2pKWlNURk15a3htRzBFQUIySDNSMEJVWTFEYnN0VEFRQUYVAgLIARIAKAAYABsCiAd1c2Vfb2lsATEScHJvZ3Jlc3NpdmVfcmVjaXBlATEVAAAm3JSDoI_niQMVAigCQzMsF0BU7ul41P30GBJkYXNoX2Jhc2VsaW5lXzFfdjERAHXqB2XmnQEA&oh=00_AfrWXyW12TV_ruyyanE4TFDSAAbOJiiQwJdMQ3vefSFjxw&oe=696657E3']",,https://www.threads.net/@keegantatum/post/DTS-QcHFBxo,[],"{'likes': 144, 'reposts': 24, 'quotes': 2}",threads,3806378443660336232,Keegan Tatum,,"About people leaving MAGA, a (hopefully) comedic rant #explore #politics #leavingmaga #growth",threads,63216303705,keegantatum
[],2026-01-12T09:35:31.189601+07:00,"Yesterday, a Trump Supporter I was debating took the mask off and said “I don’t care if Donald Trump sexually exploited a 15 year old.”

This isn’t politics. In many scenarios, it’s not right vs left, it’s humanity vs evil.",2025-10-29T07:20:17+07:00,,3753710781066991174,threads,threads.com,threads_crawler_v1,https://www.threads.net/@deanwithrs/post/DQX3BE_DVZG,https://instagram.fhan3-3.fna.fbcdn.net/v/t51.2885-19/466688951_434846009419716_4330763702732598148_n.jpg?stp=dst-jpg_s150x150_tt6&efg=eyJ2ZW5jb2RlX3RhZyI6InByb2ZpbGVfcGljLmRqYW5nby42ODIuYzIifQ&_nc_ht=instagram.fhan3-3.fna.fbcdn.net&_nc_cat=1&_nc_oc=Q6cZ2QGCKKi0azCi2_ozuh1CDNaXCAgPPt328HLIJmRPYIJTzdWKd9kd4Z6O2GNecS24AVU&_nc_ohc=SOsjHABy2Z8Q7kNvwHp7Hxe&_nc_gid=bU1WjeDg4NketwmWFZURKg&edm=AJhczIQBAAAA&ccb=7-5&oh=00_AfpsWq7Gdzt2DtuBPfm538fE_5jnmvZ4sGaOyvhb_XJtVQ&oe=696A33E0&_nc_sid=4a2096,1886,0,51385,3809,0,[],,https://www.threads.net/@deanwithrs/post/DQX3BE_DVZG,[],"{'likes': 51385, 'reposts': 3724, 'quotes': 85}",threads,3753710781066991174,dean withers,,"Yesterday, a Trump Supporter I was debating took the mask off and said “I don’t care if Donald Trump sexually exploited a 15 year old.”

This isn’t politics. In many scenarios, it’s not right vs left, it’s humanity vs evil.",threads,63317080254,deanwithrs
[],2026-01-12T09:35:31.189649+07:00,"Corporate reality.

The longer you work in corporate,  the more you realize promotion is all about politics not performance.",2025-12-30T21:02:30+07:00,,3799060712816132776,threads,threads.com,threads_crawler_v1,https://www.threads.net/@ian__izac/post/DS4-ZcLjEKo,https://instagram.fhan4-6.fna.fbcdn.net/v/t51.2885-19/610793962_17911597956276765_6948361852433828890_n.jpg?stp=dst-jpg_s150x150_tt6&efg=eyJ2ZW5jb2RlX3RhZyI6InByb2ZpbGVfcGljLmRqYW5nby4xMDgwLmMyIn0&_nc_ht=instagram.fhan4-6.fna.fbcdn.net&_nc_cat=109&_nc_oc=Q6cZ2QGCKKi0azCi2_ozuh1CDNaXCAgPPt328HLIJmRPYIJTzdWKd9kd4Z6O2GNecS24AVU&_nc_ohc=Azj9HxcKrfIQ7kNvwGpE1Go&_nc_gid=bU1WjeDg4NketwmWFZURKg&edm=AJhczIQBAAAA&ccb=7-5&oh=00_AfohLhpBiCLgfOztjwNIbt1o5VXkNkzfR27xa_PaAscFPA&oe=696A448E&_nc_sid=4a2096,84,0,4352,462,0,[],,https://www.threads.net/@ian__izac/post/DS4-ZcLjEKo,[],"{'likes': 4352, 'reposts': 446, 'quotes': 16}",threads,3799060712816132776,Izack | Corporate | Resume tips,,"Corporate reality.

The longer you work in corporate,  the more you realize promotion is all about politics not performance.",threads,68255740764,ian__izac
[],2026-01-12T09:35:31.189692+07:00,"As we enter the 250th anniversary of the signing of the Declaration of Independence, the Trump presidency would be shocking to our founding fathers.

Watch the latest episode of The David Frum Show, available wherever you get your podcasts.

#trump #politics #maga #thedavidfrumshow",2026-01-01T01:41:15+07:00,,3799925777522589643,threads,threads.com,threads_crawler_v1,https://www.threads.net/@davidfrum/post/DS8DFyeFX_L,https://instagram.fhan4-3.fna.fbcdn.net/v/t51.2885-19/387645924_230851226642566_6784321773378795513_n.jpg?stp=dst-jpg_s150x150_tt6&efg=eyJ2ZW5jb2RlX3RhZyI6InByb2ZpbGVfcGljLmRqYW5nby4xMDgwLmMyIn0&_nc_ht=instagram.fhan4-3.fna.fbcdn.net&_nc_cat=110&_nc_oc=Q6cZ2QGCKKi0azCi2_ozuh1CDNaXCAgPPt328HLIJmRPYIJTzdWKd9kd4Z6O2GNecS24AVU&_nc_ohc=M_As3SusNcwQ7kNvwH2A6iW&_nc_gid=bU1WjeDg4NketwmWFZURKg&edm=AJhczIQBAAAA&ccb=7-5&oh=00_AfofNuvli_3bsxr2jbI1tuITheZwjqgtZmBaaNT4E6-t9w&oe=696A2C46&_nc_sid=4a2096,4,0,149,19,0,"['https://instagram.fhan3-3.fna.fbcdn.net/v/t51.2885-15/609594812_1205583298183717_5872494052467448837_n.jpg?stp=dst-jpg_e15_tt6&efg=eyJ2ZW5jb2RlX3RhZyI6InRocmVhZHMuRkVFRC5pbWFnZV91cmxnZW4uNjQweDExMzYuc2RyLmY3MTg3OC5kZWZhdWx0X2NvdmVyX2ZyYW1lLmMyIn0&_nc_ht=instagram.fhan3-3.fna.fbcdn.net&_nc_cat=101&_nc_oc=Q6cZ2QGCKKi0azCi2_ozuh1CDNaXCAgPPt328HLIJmRPYIJTzdWKd9kd4Z6O2GNecS24AVU&_nc_ohc=zuMhpQsny6oQ7kNvwHtC3hY&_nc_gid=bU1WjeDg4NketwmWFZURKg&edm=AJhczIQBAAAA&ccb=7-5&ig_cache_key=Mzc5OTkyNTc3NzUyMjU4OTY0Mw%3D%3D.3-ccb7-5&oh=00_Afrwtu50_mmIOZGbEjmqWfLFRv0a6r7xrCrjfRaBUTLU4g&oe=696A25C5&_nc_sid=4a2096', 'https://instagram.fhan3-4.fna.fbcdn.net/o1/v/t2/f2/m86/AQNQAfw4srO6hC0JcM2UerU_qZwMWYWP3iQmBljrWkUzaLrRV6mXwPzgvCmDd7vcedvzLoJnYBlUgbHkz8gMk3KnraMw0DKjXJxp-CU.mp4?_nc_cat=106&_nc_oc=Adks6GqCaXE5VYNWcr-4KREggeu050ocF8s51LbsZPLwvl5d1GgTDGYNsMiORv6DgsM&_nc_sid=5e9851&_nc_ht=instagram.fhan3-4.fna.fbcdn.net&_nc_ohc=oxJJ-vfgP5IQ7kNvwH2j-pp&efg=eyJ2ZW5jb2RlX3RhZyI6Inhwdl9wcm9ncmVzc2l2ZS5JTlNUQUdSQU0uRkVFRC5DMy43MjAuZGFzaF9iYXNlbGluZV8xX3YxIiwieHB2X2Fzc2V0X2lkIjo0MDc1Nzk1NTAyNzMxNTIyLCJhc3NldF9hZ2VfZGF5cyI6MTEsInZpX3VzZWNhc2VfaWQiOjEwMDk5LCJkdXJhdGlvbl9zIjo5MCwidXJsZ2VuX3NvdXJjZSI6Ind3dyJ9&ccb=17-1&_nc_gid=bU1WjeDg4NketwmWFZURKg&_nc_zt=28&vs=58805d77dd5ae82a&_nc_vs=HBksFQIYUmlnX3hwdl9yZWVsc19wZXJtYW5lbnRfc3JfcHJvZC80RjQzQURDNDkyQkQ3MzVENjRGMjI1NEZCQzdBMDI4Ql92aWRlb19kYXNoaW5pdC5tcDQVAALIARIAFQIYOnBhc3N0aHJvdWdoX2V2ZXJzdG9yZS9HUC1kVnlUVjRwd2M5MjRJQUJyNEVvc1pQWEE1YnN0VEFRQUYVAgLIARIAKAAYABsCiAd1c2Vfb2lsATEScHJvZ3Jlc3NpdmVfcmVjaXBlATEVAAAmhMTw8cK6vQ4VAigCQzMsF0BWkxJul41QGBJkYXNoX2Jhc2VsaW5lXzFfdjERAHXqB2XmnQEA&oh=00_AfoZT89kM4rLgogaipSDUaTcwZKymXoUcgD4nlxtzeToFw&oe=696639DF']",,https://www.threads.net/@davidfrum/post/DS8DFyeFX_L,[],"{'likes': 149, 'reposts': 19, 'quotes': 0}",threads,3799925777522589643,David Frum,,"As we enter the 250th anniversary of the signing of the Declaration of Independence, the Trump presidency would be shocking to our founding fathers.

Watch the latest episode of The David Frum Show, available wherever you get your podcasts.

#trump #politics #maga #thedavidfrumshow",threads,63241777921,davidfrum
[],2026-01-12T09:35:31.189741+07:00,"Jon Stewart slander will not be tolerated. I've watched him most of my life not just for politics, but for integrity. He’s launched countless comedy careers, backed real advocacy work, and supported animal welfare with his family. A decades-long political show that’s smart and funny in America is unheard of. I’ll defend @TheDailyShow and Jon Stewart until the end. 

He owes us nothing and he’s given us more than most ever will.",2025-04-16T08:33:32+07:00,,3611691609285749892,threads,threads.com,threads_crawler_v1,https://www.threads.net/@late.july/post/DIfTmIRvGyE,https://instagram.fhan3-3.fna.fbcdn.net/v/t51.2885-19/494475045_17906982393115251_1752056422965969769_n.jpg?stp=dst-jpg_s150x150_tt6&efg=eyJ2ZW5jb2RlX3RhZyI6InByb2ZpbGVfcGljLmRqYW5nby42NDAuYzIifQ&_nc_ht=instagram.fhan3-3.fna.fbcdn.net&_nc_cat=1&_nc_oc=Q6cZ2QGCKKi0azCi2_ozuh1CDNaXCAgPPt328HLIJmRPYIJTzdWKd9kd4Z6O2GNecS24AVU&_nc_ohc=Ea8nzc1gZwoQ7kNvwHA-wmm&_nc_gid=bU1WjeDg4NketwmWFZURKg&edm=AJhczIQBAAAA&ccb=7-5&oh=00_Afop27UrcKqah4WxAqXcxjYirf4bKcU7r5vcQ3_HqTsn1w&oe=696A1FF6&_nc_sid=4a2096,269,0,6634,177,0,[],,https://www.threads.net/@late.july/post/DIfTmIRvGyE,[],"{'likes': 6634, 'reposts': 175, 'quotes': 2}",threads,3611691609285749892,Nicole Simone,,"Jon Stewart slander will not be tolerated. I've watched him most of my life not just for politics, but for integrity. He’s launched countless comedy careers, backed real advocacy work, and supported animal welfare with his family. A decades-long political show that’s smart and funny in America is unheard of. I’ll defend @TheDailyShow and Jon Stewart until the end. 

He owes us nothing and he’s given us more than most ever will.",threads,63472427250,late.july
[],2026-01-12T09:35:31.189790+07:00,"Watching American politics from Norway is like watching a brilliant friend join a toxic cult. You have EVERYTHING going for you (resources, talent, power), but you’re screaming at libraries, worshipping politicians like deities, and treating basic healthcare like a communist plot.

We aren't 'jealous' of your freedom. We are worried about your mental health. Please, for the love of God, drink some water and take a nap",2025-12-07T05:41:34+07:00,,3781927355485305290,threads,threads.com,threads_crawler_v1,https://www.threads.net/@chrislundartist/post/DR8GuRuCLnK,https://instagram.fhan3-3.fna.fbcdn.net/v/t51.2885-19/579656447_17921029698193391_771404775848828461_n.jpg?stp=dst-jpg_s150x150_tt6&efg=eyJ2ZW5jb2RlX3RhZyI6InByb2ZpbGVfcGljLmRqYW5nby4zNTYuYzIifQ&_nc_ht=instagram.fhan3-3.fna.fbcdn.net&_nc_cat=111&_nc_oc=Q6cZ2QGCKKi0azCi2_ozuh1CDNaXCAgPPt328HLIJmRPYIJTzdWKd9kd4Z6O2GNecS24AVU&_nc_ohc=E9HddHXzNRgQ7kNvwF6tgTv&_nc_gid=bU1WjeDg4NketwmWFZURKg&edm=AJhczIQBAAAA&ccb=7-5&oh=00_Afq7Y0O8y6CZOxTl7WEr2Ndr8AeNCdx4LwYTQ5w-6B8g2Q&oe=696A310F&_nc_sid=4a2096,691,0,12862,816,0,[],,https://www.threads.net/@chrislundartist/post/DR8GuRuCLnK,[],"{'likes': 12862, 'reposts': 764, 'quotes': 52}",threads,3781927355485305290,Chris Lund,,"Watching American politics from Norway is like watching a brilliant friend join a toxic cult. You have EVERYTHING going for you (resources, talent, power), but you’re screaming at libraries, worshipping politicians like deities, and treating basic healthcare like a communist plot.

We aren't 'jealous' of your freedom. We are worried about your mental health. Please, for the love of God, drink some water and take a nap",threads,65771793390,chrislundartist
[],2026-01-12T09:35:31.189859+07:00,Y’all already switching up on Jasmine Crockett. 😂😂😂😂 an insufferable bunch whose politics is mainly complaining and feigning perfection,2025-12-09T21:55:22+07:00,,3783867035672505539,threads,threads.com,threads_crawler_v1,https://www.threads.net/@deante.kyle/post/DSC_wVqkezD,https://instagram.fhan3-3.fna.fbcdn.net/v/t51.2885-19/466390638_1260806778393726_5716238311178392938_n.jpg?stp=dst-jpg_s150x150_tt6&efg=eyJ2ZW5jb2RlX3RhZyI6InByb2ZpbGVfcGljLmRqYW5nby4xMDgwLmMyIn0&_nc_ht=instagram.fhan3-3.fna.fbcdn.net&_nc_cat=1&_nc_oc=Q6cZ2QGCKKi0azCi2_ozuh1CDNaXCAgPPt328HLIJmRPYIJTzdWKd9kd4Z6O2GNecS24AVU&_nc_ohc=pDobqH28yocQ7kNvwHpEYxF&_nc_gid=bU1WjeDg4NketwmWFZURKg&edm=AJhczIQBAAAA&ccb=7-5&oh=00_AfoC_pOGEa5N0SDLBetc7HZOOyLMfvIY9CdFD93dUFWbmw&oe=696A3F87&_nc_sid=4a2096,999,0,7819,941,0,[],,https://www.threads.net/@deante.kyle/post/DSC_wVqkezD,[],"{'likes': 7819, 'reposts': 893, 'quotes': 48}",threads,3783867035672505539,Grits & Eggs Podcast,,Y’all already switching up on Jasmine Crockett. 😂😂😂😂 an insufferable bunch whose politics is mainly complaining and feigning perfection,threads,70840291287,deante.kyle
[],2026-01-12T09:35:31.189908+07:00,fyi MapQuest is NOT renaming the Gulf of Mexico — not because of politics but because we haven’t updated our maps in like 15 years and don’t remember how to do it,2025-02-01T03:42:18+07:00,,3557911624235671708,threads,threads.com,threads_crawler_v1,https://www.threads.net/@mapquest/post/DFgPcWIzOCc,https://instagram.fhan4-6.fna.fbcdn.net/v/t51.2885-19/534221810_17870580747419732_6355220566778312083_n.jpg?stp=dst-jpg_s150x150_tt6&efg=eyJ2ZW5jb2RlX3RhZyI6InByb2ZpbGVfcGljLmRqYW5nby4zMjAuYzIifQ&_nc_ht=instagram.fhan4-6.fna.fbcdn.net&_nc_cat=108&_nc_oc=Q6cZ2QGCKKi0azCi2_ozuh1CDNaXCAgPPt328HLIJmRPYIJTzdWKd9kd4Z6O2GNecS24AVU&_nc_ohc=fbN6LDgpul4Q7kNvwH5u2w7&_nc_gid=bU1WjeDg4NketwmWFZURKg&edm=AJhczIQBAAAA&ccb=7-5&oh=00_AfrAH3ZEia0ZoA-IT52e9K_3C1YbpVeqLD_1DdwTX9GwXA&oe=696A2767&_nc_sid=4a2096,390,0,20882,1810,0,[],,https://www.threads.net/@mapquest/post/DFgPcWIzOCc,[],"{'likes': 20882, 'reposts': 1586, 'quotes': 224}",threads,3557911624235671708,MapQuest,,fyi MapQuest is NOT renaming the Gulf of Mexico — not because of politics but because we haven’t updated our maps in like 15 years and don’t remember how to do it,threads,72506387731,mapquest
[],2026-01-12T09:35:31.189959+07:00,"Name: Jason
Age: 17 
Birth: July 8
Hobbies: Playing video games, working out, listening to music, watching tv
About me: I'm kind of nonchalant ( my irl friends told me that ), I'm nice to almost everyone there are a few exceptions, I don't care about politics, trying to love myself before anything",2025-12-11T21:26:35+07:00,,3785302098154779540,threads,threads.com,threads_crawler_v1,https://www.threads.net/@jamlegs2/post/DSIGDPwDnOU,https://instagram.fhan3-3.fna.fbcdn.net/v/t51.2885-19/590414771_17842646643651887_8491751257668155605_n.jpg?stp=dst-jpg_s150x150_tt6&efg=eyJ2ZW5jb2RlX3RhZyI6InByb2ZpbGVfcGljLmRqYW5nby4zODQuYzIifQ&_nc_ht=instagram.fhan3-3.fna.fbcdn.net&_nc_cat=111&_nc_oc=Q6cZ2QGCKKi0azCi2_ozuh1CDNaXCAgPPt328HLIJmRPYIJTzdWKd9kd4Z6O2GNecS24AVU&_nc_ohc=Lfj8yKuVnG8Q7kNvwHDeLU1&_nc_gid=bU1WjeDg4NketwmWFZURKg&edm=AJhczIQBAAAA&ccb=7-5&oh=00_Afqf16mr9SlX6QnxEhlbGMveA_THCl60_Zi6yHB5ePTuRw&oe=696A1821&_nc_sid=4a2096,36,0,19,0,0,['https://instagram.fhan3-3.fna.fbcdn.net/v/t51.2885-15/590417598_17842663341651887_8321339052748196457_n.jpg?se=-1&stp=dst-jpegr_e35_tt6&efg=eyJ2ZW5jb2RlX3RhZyI6InRocmVhZHMuQ0FST1VTRUxfSVRFTS5pbWFnZV91cmxnZW4uMjMxMngxNzM2Lmhkci5mODI3ODcuZGVmYXVsdF9pbWFnZS5jMiJ9&_nc_ht=instagram.fhan3-3.fna.fbcdn.net&_nc_cat=111&_nc_oc=Q6cZ2QGCKKi0azCi2_ozuh1CDNaXCAgPPt328HLIJmRPYIJTzdWKd9kd4Z6O2GNecS24AVU&_nc_ohc=6QmSU_QRqGgQ7kNvwFBOQ3R&_nc_gid=bU1WjeDg4NketwmWFZURKg&edm=AJhczIQBAAAA&ccb=7-5&ig_cache_key=Mzc4NTMwMjA5MDczMDg1NDAzMA%3D%3D.3-ccb7-5&oh=00_AfplMZxi76hCoYWmyLmmmOzr1umbyw1ziWjHR0jVtuIGNA&oe=696A1BBD&_nc_sid=4a2096'],,https://www.threads.net/@jamlegs2/post/DSIGDPwDnOU,[],"{'likes': 19, 'reposts': 0, 'quotes': 0}",threads,3785302098154779540,Jason,BMF,"Name: Jason
Age: 17 
Birth: July 8
Hobbies: Playing video games, working out, listening to music, watching tv
About me: I'm kind of nonchalant ( my irl friends told me that ), I'm nice to almost everyone there are a few exceptions, I don't care about politics, trying to love myself before anything",threads,79626547886,jamlegs2
[],2026-01-12T09:35:31.190010+07:00,Nicki Minaj talking about Geo-Politics…. THATS CARDI BAG,2025-11-19T03:34:57+07:00,,3768817661401813781,threads,threads.com,threads_crawler_v1,https://www.threads.net/@deante.kyle/post/DRNh7HrEtMV,https://instagram.fhan3-3.fna.fbcdn.net/v/t51.2885-19/466390638_1260806778393726_5716238311178392938_n.jpg?stp=dst-jpg_s150x150_tt6&efg=eyJ2ZW5jb2RlX3RhZyI6InByb2ZpbGVfcGljLmRqYW5nby4xMDgwLmMyIn0&_nc_ht=instagram.fhan3-3.fna.fbcdn.net&_nc_cat=1&_nc_oc=Q6cZ2QGCKKi0azCi2_ozuh1CDNaXCAgPPt328HLIJmRPYIJTzdWKd9kd4Z6O2GNecS24AVU&_nc_ohc=pDobqH28yocQ7kNvwHpEYxF&_nc_gid=bU1WjeDg4NketwmWFZURKg&edm=AJhczIQBAAAA&ccb=7-5&oh=00_AfoC_pOGEa5N0SDLBetc7HZOOyLMfvIY9CdFD93dUFWbmw&oe=696A3F87&_nc_sid=4a2096,101,0,1317,85,0,[],,https://www.threads.net/@deante.kyle/post/DRNh7HrEtMV,[],"{'likes': 1317, 'reposts': 81, 'quotes': 4}",threads,3768817661401813781,Grits & Eggs Podcast,,Nicki Minaj talking about Geo-Politics…. THATS CARDI BAG,threads,70840291287,deante.kyle
[],2026-01-12T09:35:31.190062+07:00,"I have always had an amazing life, touring different cities around the world, however, I just have no reason in the world to think of spending a dime in New York City. 
They rented themselves I won’t be a part of it. Let their politics be their own. The rest of us don’t have to tour their. We don’t have to be a part of it. We don’t have to support it. ￼￼
Truly forgotten their own history .",2025-11-06T01:14:11+07:00,,3759324726469497897,threads,threads.com,threads_crawler_v1,https://www.threads.net/@echopelsterbossebabe/post/DQrzevEjpQp,https://instagram.fhan3-3.fna.fbcdn.net/v/t51.2885-19/471425164_8922690631119301_2786298475388148223_n.jpg?stp=dst-jpg_s150x150_tt6&efg=eyJ2ZW5jb2RlX3RhZyI6InByb2ZpbGVfcGljLmRqYW5nby4xMDgwLmMyIn0&_nc_ht=instagram.fhan3-3.fna.fbcdn.net&_nc_cat=101&_nc_oc=Q6cZ2QGCKKi0azCi2_ozuh1CDNaXCAgPPt328HLIJmRPYIJTzdWKd9kd4Z6O2GNecS24AVU&_nc_ohc=7NKXWS-j4NUQ7kNvwEwfllE&_nc_gid=bU1WjeDg4NketwmWFZURKg&edm=AJhczIQBAAAA&ccb=7-5&oh=00_AfqsIN016IEK1YVrY-V_q26DMhArjLv7hJDrJUOCWZkGyw&oe=696A20F5&_nc_sid=4a2096,27,0,103,2,0,['https://instagram.fhan4-5.fna.fbcdn.net/v/t39.30808-6/577309652_3793370154128115_6748654702474253155_n.jpg?stp=cp6_dst-jpg_e35_tt6&efg=eyJ2ZW5jb2RlX3RhZyI6InRocmVhZHMuRkVFRC5pbWFnZV91cmxnZW4uMTUzNngyMDQ4LnNkci5mMzA4MDguZGVmYXVsdF9pbWFnZS5jMiJ9&_nc_ht=instagram.fhan4-5.fna.fbcdn.net&_nc_cat=103&_nc_oc=Q6cZ2QGCKKi0azCi2_ozuh1CDNaXCAgPPt328HLIJmRPYIJTzdWKd9kd4Z6O2GNecS24AVU&_nc_ohc=RcWi9EAvBL8Q7kNvwHfYyGj&_nc_gid=bU1WjeDg4NketwmWFZURKg&edm=AJhczIQAAAAA&ccb=7-5&ig_cache_key=Mzc1OTMyNDcyNjQ2OTQ5Nzg5Nw%3D%3D.3-ccb7-5&oh=00_AfquAjENL0FVHFUr53H2icLdRQ08E9F7ueJkCnO9J84l4w&oe=696A2D7A&_nc_sid=4a2096'],,https://www.threads.net/@echopelsterbossebabe/post/DQrzevEjpQp,[],"{'likes': 103, 'reposts': 2, 'quotes': 0}",threads,3759324726469497897,Echo Laymon Pelster,,"I have always had an amazing life, touring different cities around the world, however, I just have no reason in the world to think of spending a dime in New York City. 
They rented themselves I won’t be a part of it. Let their politics be their own. The rest of us don’t have to tour their. We don’t have to be a part of it. We don’t have to support it. ￼￼
Truly forgotten their own history . ￼",threads,67599396917,echopelsterbossebabe
[],2026-01-12T09:35:31.190114+07:00,"BMF- looking for international friends!🥀🥀🥀
-🇩🇪🇩🇪german girly, just turned 18
-i love cats 😼
-photography📸
-movies🎬
-drawing/sketching, digital art🎨
-animals, nature and plant nerd🌱🦎
-politics & history aspiring nerd📖
-I love learning languages
-i love yapping
-great listener
-roblox & minecraft🎮
-I reply fast and not dry :3
-will vc, show face, play roblox w you
any gender and 17-20 pls interactttt! 
bmf?? NO GOONERS PLEASEE",2025-12-02T17:17:40+07:00,,3778653830323024813,threads,threads.com,threads_crawler_v1,https://www.threads.net/@idaseasc/post/DRweaN1krOt,https://instagram.fhan3-2.fna.fbcdn.net/v/t51.2885-19/588799012_17844799737621247_7148040151996619240_n.jpg?stp=dst-jpg_s150x150_tt6&efg=eyJ2ZW5jb2RlX3RhZyI6InByb2ZpbGVfcGljLmRqYW5nby4xMDgwLmMyIn0&_nc_ht=instagram.fhan3-2.fna.fbcdn.net&_nc_cat=107&_nc_oc=Q6cZ2QGCKKi0azCi2_ozuh1CDNaXCAgPPt328HLIJmRPYIJTzdWKd9kd4Z6O2GNecS24AVU&_nc_ohc=cOTkw-fQoOgQ7kNvwEAF28s&_nc_gid=bU1WjeDg4NketwmWFZURKg&edm=AJhczIQBAAAA&ccb=7-5&oh=00_AfqTy2kI2s7TXXsiTPlUgq9E2iTVvxqXwDUDcgOgOlUwiQ&oe=696A47F2&_nc_sid=4a2096,33,0,27,0,0,[],,https://www.threads.net/@idaseasc/post/DRweaN1krOt,[],"{'likes': 27, 'reposts': 0, 'quotes': 0}",threads,3778653830323024813,♡ 𝖎𝖉𝖆,,"BMF- looking for international friends!🥀🥀🥀
-🇩🇪🇩🇪german girly, just turned 18
-i love cats 😼
-photography📸
-movies🎬
-drawing/sketching, digital art🎨
-animals, nature and plant nerd🌱🦎
-politics & history aspiring nerd📖
-I love learning languages
-i love yapping
-great listener
-roblox & minecraft🎮
-I reply fast and not dry :3
-will vc, show face, play roblox w you
any gender and 17-20 pls interactttt! 
bmf?? NO GOONERS PLEASEE",threads,78642373246,idaseasc
[],2026-01-12T09:35:31.190166+07:00,"I'm a 39-year-old Danish woman, and 8 months ago I started posting daily on Threads. 

I'm not a big Social Media person - facebook is just for random kids-and-dog pics, and I have 9 pictures on instagram.

But from a Danish perspective, watching Trump, MAGA and the madness of American politics has been.. something else🤯. 
So I started yelling into the void, just loving this community!

And somehow, I've ended up with more than 14.000 followers🙏🏻😄
NO idea how, but I guess I'll keep yelling📣🇩🇰",2025-11-12T20:37:17+07:00,,3764258789730842229,threads,threads.com,threads_crawler_v1,https://www.threads.net/@linmakron/post/DQ9VWzkjHZ1,https://instagram.fhan3-3.fna.fbcdn.net/v/t51.2885-19/476138557_1015613563934909_840413739592105116_n.jpg?stp=dst-jpg_s150x150_tt6&efg=eyJ2ZW5jb2RlX3RhZyI6InByb2ZpbGVfcGljLmRqYW5nby45NTguYzIifQ&_nc_ht=instagram.fhan3-3.fna.fbcdn.net&_nc_cat=1&_nc_oc=Q6cZ2QGCKKi0azCi2_ozuh1CDNaXCAgPPt328HLIJmRPYIJTzdWKd9kd4Z6O2GNecS24AVU&_nc_ohc=5-JAf4MUzrUQ7kNvwGUTjeM&_nc_gid=bU1WjeDg4NketwmWFZURKg&edm=AJhczIQBAAAA&ccb=7-5&oh=00_Afp9Ea4wyPMeshmspXdOJ2mG5fkEYedXKLIzLJkEOAv_tA&oe=696A1BE9&_nc_sid=4a2096,230,0,8788,129,0,[],,https://www.threads.net/@linmakron/post/DQ9VWzkjHZ1,[],"{'likes': 8788, 'reposts': 126, 'quotes': 3}",threads,3764258789730842229,Lin Makron,,"I'm a 39-year-old Danish woman, and 8 months ago I started posting daily on Threads. 

I'm not a big Social Media person - facebook is just for random kids-and-dog pics, and I have 9 pictures on instagram.

But from a Danish perspective, watching Trump, MAGA and the madness of American politics has been.. something else🤯. 
So I started yelling into the void, just loving this community!

And somehow, I've ended up with more than 14.000 followers🙏🏻😄
NO idea how, but I guess I'll keep yelling📣🇩🇰",threads,68542934953,linmakron
[],2026-01-12T09:35:31.190218+07:00,Is American politics the most corrupt system?  Thoughts.,2025-11-29T19:17:03+07:00,,3776539591785232355,threads,threads.com,threads_crawler_v1,https://www.threads.net/@donaldcnewman/post/DRo9r_wjrfj,https://instagram.fhan4-1.fna.fbcdn.net/v/t51.2885-19/531862235_18059321117582393_5856247752839512931_n.jpg?stp=dst-jpg_s150x150_tt6&efg=eyJ2ZW5jb2RlX3RhZyI6InByb2ZpbGVfcGljLmRqYW5nby43NTAuYzIifQ&_nc_ht=instagram.fhan4-1.fna.fbcdn.net&_nc_cat=105&_nc_oc=Q6cZ2QGCKKi0azCi2_ozuh1CDNaXCAgPPt328HLIJmRPYIJTzdWKd9kd4Z6O2GNecS24AVU&_nc_ohc=JIb0D9yOUOEQ7kNvwEGSGS4&_nc_gid=bU1WjeDg4NketwmWFZURKg&edm=AJhczIQBAAAA&ccb=7-5&oh=00_AfoFwvdY_jK8I2B40uBddCAQRbKpz_1KSnMgrcvd4tu_gA&oe=696A402A&_nc_sid=4a2096,508,0,22684,1165,0,['https://instagram.fhan4-1.fna.fbcdn.net/v/t51.2885-15/590411885_18071799698582393_5234995242935723711_n.jpg?stp=dst-jpg_e35_tt6&efg=eyJ2ZW5jb2RlX3RhZyI6InRocmVhZHMuRkVFRC5pbWFnZV91cmxnZW4uODEweDEwMTMuc2RyLmY4Mjc4Ny5kZWZhdWx0X2ltYWdlLmMyIn0&_nc_ht=instagram.fhan4-1.fna.fbcdn.net&_nc_cat=105&_nc_oc=Q6cZ2QGCKKi0azCi2_ozuh1CDNaXCAgPPt328HLIJmRPYIJTzdWKd9kd4Z6O2GNecS24AVU&_nc_ohc=jXDWpX8qWVwQ7kNvwFnVQxr&_nc_gid=bU1WjeDg4NketwmWFZURKg&edm=AJhczIQBAAAA&ccb=7-5&ig_cache_key=Mzc3NjUzOTU5MTc4NTIzMjM1NQ%3D%3D.3-ccb7-5&oh=00_AfrzfD_niYSz20JlsLBQaQhuVDNwAqOoLylR5oVhJQMx7g&oe=696A20DE&_nc_sid=4a2096'],,https://www.threads.net/@donaldcnewman/post/DRo9r_wjrfj,[],"{'likes': 22684, 'reposts': 1106, 'quotes': 59}",threads,3776539591785232355,Donald C Newman,,Is American politics the most corrupt system?  Thoughts.,threads,76632904643,donaldcnewman
[],2026-01-12T09:35:31.190276+07:00,"After months of holding steady, President Trump’s approval rating has dipped over the past several weeks, according to a New York Times analysis of public polling. Here’s what to know. ",2025-12-08T00:58:22+07:00,,3782508996255696173,threads,threads.com,threads_crawler_v1,https://www.threads.net/@nytimes/post/DR-K-Q5ikUt,https://instagram.fhan3-3.fna.fbcdn.net/v/t51.2885-19/358027803_831551617930176_7923984927359078168_n.jpg?stp=dst-jpg_s150x150_tt6&efg=eyJ2ZW5jb2RlX3RhZyI6InByb2ZpbGVfcGljLmRqYW5nby43MjAuYzIifQ&_nc_ht=instagram.fhan3-3.fna.fbcdn.net&_nc_cat=1&_nc_oc=Q6cZ2QGCKKi0azCi2_ozuh1CDNaXCAgPPt328HLIJmRPYIJTzdWKd9kd4Z6O2GNecS24AVU&_nc_ohc=tNZDm1CefA4Q7kNvwEIPWm7&_nc_gid=bU1WjeDg4NketwmWFZURKg&edm=AJhczIQBAAAA&ccb=7-5&oh=00_AfpEE9WoRoPkHI53Vdf7zRcR20OgLsEH6cY8mMDdfkErGQ&oe=696A4726&_nc_sid=4a2096,8,0,89,6,0,"['https://instagram.fhan3-2.fna.fbcdn.net/v/t51.2885-15/587236464_830916006511891_3237431294936287898_n.jpg?stp=dst-jpg_e15_tt6&efg=eyJ2ZW5jb2RlX3RhZyI6InRocmVhZHMuRkVFRC5pbWFnZV91cmxnZW4uNjQweDExMzYuc2RyLmY3MTg3OC5kZWZhdWx0X2NvdmVyX2ZyYW1lLmMyIn0&_nc_ht=instagram.fhan3-2.fna.fbcdn.net&_nc_cat=107&_nc_oc=Q6cZ2QGCKKi0azCi2_ozuh1CDNaXCAgPPt328HLIJmRPYIJTzdWKd9kd4Z6O2GNecS24AVU&_nc_ohc=HK4wnqGNFCUQ7kNvwEnHi5t&_nc_gid=bU1WjeDg4NketwmWFZURKg&edm=AJhczIQBAAAA&ccb=7-5&ig_cache_key=Mzc4MjUwODk5NjI1NTY5NjE3Mw%3D%3D.3-ccb7-5&oh=00_Afro-xw0erBaFg4ixe08W6CzHWaj4eAkBOLCsE8NdB34DQ&oe=696A3B57&_nc_sid=4a2096', 'https://instagram.fhan4-6.fna.fbcdn.net/o1/v/t16/f2/m84/AQOvqHiQfaN57VNztz2DDgHur1twCjxrYpR1c1dopyD1dtjcvPv-vy5tL5ajURUAuukjVdPq_1uoTQE0xxNpaziZKEvL7vNGLGpC-hw.mp4?_nc_cat=109&_nc_oc=AdnKLUyjy0k4GrHU0G6IzdlIltAlV0PlMx9tdlZWZE-u8ByCrbL7uj_Q-fM3w7uSrA8&_nc_sid=5e9851&_nc_ht=instagram.fhan4-6.fna.fbcdn.net&_nc_ohc=m18VaBYmAhwQ7kNvwF48LNp&efg=eyJ2ZW5jb2RlX3RhZyI6Inhwdl9wcm9ncmVzc2l2ZS5JTlNUQUdSQU0uRkVFRC5DMy42MDguZGFzaF9iYXNlbGluZV8xX3YxIiwieHB2X2Fzc2V0X2lkIjoyOTI4MzIzNTgwNjk2NzUwLCJhc3NldF9hZ2VfZGF5cyI6MzUsInZpX3VzZWNhc2VfaWQiOjEwMTY0LCJkdXJhdGlvbl9zIjoxNjMsInVybGdlbl9zb3VyY2UiOiJ3d3cifQ%3D%3D&ccb=17-1&_nc_gid=bU1WjeDg4NketwmWFZURKg&_nc_zt=28&vs=7bf721fb12efe351&_nc_vs=HBksFQIYTGlnX2JhY2tmaWxsX3RpbWVsaW5lX3ZvZC9DRDQyNjQwNjI1QUQzREE2Q0JEODgxOUVCQTJDNTQ5RF92aWRlb19kYXNoaW5pdC5tcDQVAALIARIAFQIYOnBhc3N0aHJvdWdoX2V2ZXJzdG9yZS9HRktEaENORUhWN3gwYUZiQUtSaWRIMG9wUzhqYnNwVEFRQUYVAgLIARIAKAAYABsCiAd1c2Vfb2lsATEScHJvZ3Jlc3NpdmVfcmVjaXBlATEVAAAm3OKE7e7SswoVAigCQzMsF0Bkfo9cKPXDGBJkYXNoX2Jhc2VsaW5lXzFfdjERAHXqB2XongEA&oh=00_Afo11QzUkRt04CZQtG3hQ91L1MGc19s8jnM1S1JD6awGww&oe=69664887']",,https://www.threads.net/@nytimes/post/DR-K-Q5ikUt,[],"{'likes': 89, 'reposts': 6, 'quotes': 0}",threads,3782508996255696173,The New York Times,,"After months of holding steady, President Trump’s approval rating has dipped over the past several weeks, according to a New York Times analysis of public polling. Here’s what to know. https://www.nytimes.com/2025/12/05/us/politics/trump-approval-rating.html?smid=threads-nytimes",threads,63626552478,nytimes
[],2026-01-12T09:35:31.190336+07:00,"To survive in corporate world….. just mind your own business.

If, dapat….
Toxic colleague - don’t react and ignore.
Toxic boss -  Prove them wrong, but always have your facts straight.
Office politics - don’t engage or  anticipate. 

Just keep doing the right things. 
😇",2025-02-16T16:19:26+07:00,,3569164333718873909,threads,threads.com,threads_crawler_v1,https://www.threads.net/@fawaznajmi/post/DGIOA0gTqc1,https://instagram.fhan4-3.fna.fbcdn.net/v/t51.2885-19/602459444_17903636907329220_4875426976380752002_n.jpg?stp=dst-jpg_s150x150_tt6&efg=eyJ2ZW5jb2RlX3RhZyI6InByb2ZpbGVfcGljLmRqYW5nby4xMDgwLmMyIn0&_nc_ht=instagram.fhan4-3.fna.fbcdn.net&_nc_cat=100&_nc_oc=Q6cZ2QGCKKi0azCi2_ozuh1CDNaXCAgPPt328HLIJmRPYIJTzdWKd9kd4Z6O2GNecS24AVU&_nc_ohc=wdGNzhU7m7IQ7kNvwFh6_dE&_nc_gid=bU1WjeDg4NketwmWFZURKg&edm=AJhczIQBAAAA&ccb=7-5&oh=00_AfrzntTMq5gjgD2gRhqgpelc9qCbdXFkd6inAGj6wgCYmA&oe=696A1BA8&_nc_sid=4a2096,36,0,1701,370,0,[],,https://www.threads.net/@fawaznajmi/post/DGIOA0gTqc1,[],"{'likes': 1701, 'reposts': 356, 'quotes': 14}",threads,3569164333718873909,Fawaz Najmi,,"To survive in corporate world….. just mind your own business.

If, dapat….
Toxic colleague - don’t react and ignore.
Toxic boss -  Prove them wrong, but always have your facts straight.
Office politics - don’t engage or  anticipate. 

Just keep doing the right things. 
😇",threads,69883281219,fawaznajmi
[],2026-01-12T09:36:05.792728+07:00,"Global power dynamics are shifting fast.🌍⚡When major nations push back, the world watches closely.

#BreakingNews #WorldPolitics #GlobalAffairs #Geopolitics #International Relations

PowerPolitics GlobalNews PoliticalUpdate WorldOrder Diplomacy NewsUpdate",2026-01-07T13:17:35+07:00,,3804624916037369012,threads,threads.com,threads_crawler_v1,https://www.threads.net/@marketadvisor_/post/DTMvjQQAfy0,https://instagram.fhan4-3.fna.fbcdn.net/v/t51.2885-19/591164134_17842975182626758_665155129771663737_n.jpg?stp=dst-jpg_s150x150_tt6&efg=eyJ2ZW5jb2RlX3RhZyI6InByb2ZpbGVfcGljLmRqYW5nby4xMDgwLmMyIn0&_nc_ht=instagram.fhan4-3.fna.fbcdn.net&_nc_cat=110&_nc_oc=Q6cZ2QE6-AOUk8ZkJQ6ToSExM6qL3onT8e1Wqt-ic7lmiDGGBcQrq1yVYCh_tvwp94QbdrI&_nc_ohc=bjS4Aa71WmcQ7kNvwFmLQws&_nc_gid=GXzixpb-QYlxUrHS92VAkw&edm=AJhczIQBAAAA&ccb=7-5&oh=00_Afo7uN2fM2Xait_rUJtzDB8ytf2KxQvtYYAgJi8yxnB13w&oe=696A2D5A&_nc_sid=4a2096,48,0,843,31,0,['https://instagram.fhan3-3.fna.fbcdn.net/v/t51.2885-15/609215488_17920155414232741_8000845777772315049_n.webp?efg=eyJ2ZW5jb2RlX3RhZyI6InRocmVhZHMuRkVFRC5pbWFnZV91cmxnZW4uMTIyOXgxNDQwLnNkci5mODI3ODcuZGVmYXVsdF9pbWFnZS5jMiJ9&_nc_ht=instagram.fhan3-3.fna.fbcdn.net&_nc_cat=101&_nc_oc=Q6cZ2QE6-AOUk8ZkJQ6ToSExM6qL3onT8e1Wqt-ic7lmiDGGBcQrq1yVYCh_tvwp94QbdrI&_nc_ohc=pdHXdgBw4A4Q7kNvwHGwiJO&_nc_gid=GXzixpb-QYlxUrHS92VAkw&edm=AJhczIQBAAAA&ccb=7-5&ig_cache_key=MzgwNDYyNDkxNjAzNzM2OTAxMg%3D%3D.3-ccb7-5&oh=00_AfpzTFwalpEF3FZRdA6Wwb6G9ORxJXAqdZ62bEYsH6G5ig&oe=696A2BAE&_nc_sid=4a2096'],,https://www.threads.net/@marketadvisor_/post/DTMvjQQAfy0,[],"{'likes': 843, 'reposts': 28, 'quotes': 3}",threads,3804624916037369012,Share | Mutual fund | Finance,,"Global power dynamics are shifting fast.🌍⚡When major nations push back, the world watches closely.

#BreakingNews #WorldPolitics #GlobalAffairs #Geopolitics #International Relations

PowerPolitics GlobalNews PoliticalUpdate WorldOrder Diplomacy NewsUpdate",threads,78728858757,marketadvisor_
[],2026-01-12T09:36:05.793132+07:00,"I got my start in DC as an intern with Tim Walz.

When he learned about my 21st birthday, he skipped caucus lunch and took us out. Big dad move.

I’ve learned so much from him. He speaks from the heart with ease. We need more of that in politics.

Glad the country met him too. 🫶",2026-01-06T10:21:54+07:00,,3803811724403730004,threads,threads.com,threads_crawler_v1,https://www.threads.net/@joshsorbe/post/DTJ2pwhjOZU,https://instagram.fhan4-1.fna.fbcdn.net/v/t51.2885-19/502612689_18499882588036061_5672585378220121185_n.jpg?stp=dst-jpg_s150x150_tt6&efg=eyJ2ZW5jb2RlX3RhZyI6InByb2ZpbGVfcGljLmRqYW5nby4xMDgwLmMyIn0&_nc_ht=instagram.fhan4-1.fna.fbcdn.net&_nc_cat=105&_nc_oc=Q6cZ2QE6-AOUk8ZkJQ6ToSExM6qL3onT8e1Wqt-ic7lmiDGGBcQrq1yVYCh_tvwp94QbdrI&_nc_ohc=w-Xjz_n9_B0Q7kNvwHvUDVK&_nc_gid=GXzixpb-QYlxUrHS92VAkw&edm=AJhczIQBAAAA&ccb=7-5&oh=00_AfohDskkJtDFyjMEqEv8Bbau9nb7A9vFL5gn8-e4P6CW6g&oe=696A18B7&_nc_sid=4a2096,266,0,23668,542,0,['https://instagram.fhan3-4.fna.fbcdn.net/v/t51.2885-15/610899169_17938313307108400_2351053699962623475_n.jpg?stp=dst-jpg_e35_tt6&efg=eyJ2ZW5jb2RlX3RhZyI6InRocmVhZHMuRkVFRC5pbWFnZV91cmxnZW4uMTIzNngxMzcwLnNkci5mODI3ODcuZGVmYXVsdF9pbWFnZS5jMiJ9&_nc_ht=instagram.fhan3-4.fna.fbcdn.net&_nc_cat=104&_nc_oc=Q6cZ2QE6-AOUk8ZkJQ6ToSExM6qL3onT8e1Wqt-ic7lmiDGGBcQrq1yVYCh_tvwp94QbdrI&_nc_ohc=T9KW5u8I38cQ7kNvwEeWbM7&_nc_gid=GXzixpb-QYlxUrHS92VAkw&edm=AJhczIQBAAAA&ccb=7-5&ig_cache_key=MzgwMzgxMTcyNDQwMzczMDAwNA%3D%3D.3-ccb7-5&oh=00_AfqZGprIdxdFMYAviP4aYfjID7Cu_LXnHdmrHkzQ2sjE5w&oe=696A3D26&_nc_sid=4a2096'],,https://www.threads.net/@joshsorbe/post/DTJ2pwhjOZU,[],"{'likes': 23668, 'reposts': 536, 'quotes': 6}",threads,3803811724403730004,Josh Sorbe,,"I got my start in DC as an intern with Tim Walz.

When he learned about my 21st birthday, he skipped caucus lunch and took us out. Big dad move.

I’ve learned so much from him. He speaks from the heart with ease. We need more of that in politics.

Glad the country met him too. 🫶",threads,63263308399,joshsorbe
[],2026-01-12T09:36:05.793324+07:00,"As a queer progressive Texan it’s incredibly disappointing to hear Matt and Bowen, who are not informed on Texas politics, speaking about a Black woman politician who’s giving so many hope. “Jasmine can’t win in Texas” is the same 2016 DNC attitude that cost Bernie—who they speak highly of in this very ep—the nomination. Hopefully they will acknowledge and educate themselves. And not block me 🙃",2026-01-10T03:07:29+07:00,,3806492177565090405,threads,threads.com,threads_crawler_v1,https://www.threads.net/@leahspector/post/DTTYHfEEgJl,https://instagram.fhan4-3.fna.fbcdn.net/v/t51.2885-19/358166570_6294451017302290_2127830670014262808_n.jpg?stp=dst-jpg_s150x150_tt6&efg=eyJ2ZW5jb2RlX3RhZyI6InByb2ZpbGVfcGljLmRqYW5nby4xMDgwLmMyIn0&_nc_ht=instagram.fhan4-3.fna.fbcdn.net&_nc_cat=110&_nc_oc=Q6cZ2QE6-AOUk8ZkJQ6ToSExM6qL3onT8e1Wqt-ic7lmiDGGBcQrq1yVYCh_tvwp94QbdrI&_nc_ohc=THFtLrYow4IQ7kNvwE_tfKy&_nc_gid=GXzixpb-QYlxUrHS92VAkw&edm=AJhczIQBAAAA&ccb=7-5&oh=00_AfrXskI_hrMX3mr4U9Yn9vGbNixsJQfEa5LSDLxunjzFdA&oe=696A464C&_nc_sid=4a2096,6,0,71,3,0,[],,https://www.threads.net/@leahspector/post/DTTYHfEEgJl,[],"{'likes': 71, 'reposts': 3, 'quotes': 0}",threads,3806492177565090405,Leah Spector,Las Culturistas,"As a queer progressive Texan it’s incredibly disappointing to hear Matt and Bowen, who are not informed on Texas politics, speaking about a Black woman politician who’s giving so many hope. “Jasmine can’t win in Texas” is the same 2016 DNC attitude that cost Bernie—who they speak highly of in this very ep—the nomination. Hopefully they will acknowledge and educate themselves. And not block me 🙃",threads,63086917068,leahspector
[],2026-01-12T09:36:05.793490+07:00,A Filipino is so politically disempowered that many decide to submit their entire identity and ideology to an elite family that would only continue to steal and kill them. And anyone suggesting that they must leave their dynasty-based identity politics for their own good is automatically tagged as a terrorist. This is how fucked up our politics are.,2025-12-15T15:21:35+07:00,,3788017486848431159,threads,threads.com,threads_crawler_v1,https://www.threads.net/@nikka.cg/post/DSRvdWikZQ3,https://instagram.fhan3-3.fna.fbcdn.net/v/t51.2885-19/575198217_18372084082156962_6801024192457954698_n.jpg?stp=dst-jpg_s150x150_tt6&efg=eyJ2ZW5jb2RlX3RhZyI6InByb2ZpbGVfcGljLmRqYW5nby42NzMuYzIifQ&_nc_ht=instagram.fhan3-3.fna.fbcdn.net&_nc_cat=1&_nc_oc=Q6cZ2QE6-AOUk8ZkJQ6ToSExM6qL3onT8e1Wqt-ic7lmiDGGBcQrq1yVYCh_tvwp94QbdrI&_nc_ohc=JwWm0-8BlloQ7kNvwERWkV7&_nc_gid=GXzixpb-QYlxUrHS92VAkw&edm=AJhczIQBAAAA&ccb=7-5&oh=00_AfrD4FJBXZcDcLCCkYvVU-r3qNfUYkzy-GjsIrBOw2A4lA&oe=696A228E&_nc_sid=4a2096,7,0,343,45,0,[],,https://www.threads.net/@nikka.cg/post/DSRvdWikZQ3,[],"{'likes': 343, 'reposts': 45, 'quotes': 0}",threads,3788017486848431159,Nikka C. Gaddi,,A Filipino is so politically disempowered that many decide to submit their entire identity and ideology to an elite family that would only continue to steal and kill them. And anyone suggesting that they must leave their dynasty-based identity politics for their own good is automatically tagged as a terrorist. This is how fucked up our politics are.,threads,75705978725,nikka.cg
[],2026-01-12T09:36:05.793647+07:00,Everything this Trump administration said Harris or Biden would do… TRUMP IS DOING. From massive corruption to war. And we will lose more American lives because of it.  This isn’t one side or the other of politics. The President of The United States is the greatest direct threat to ALL Americans. Period.,2026-01-04T00:53:25+07:00,,3802074803348632841,threads,threads.com,threads_crawler_v1,https://www.threads.net/@officialempathytour/post/DTDruOvDvUJ,https://instagram.fhan4-5.fna.fbcdn.net/v/t51.2885-19/358191537_248083608001167_8453879220125873525_n.jpg?stp=dst-jpg_s150x150_tt6&efg=eyJ2ZW5jb2RlX3RhZyI6InByb2ZpbGVfcGljLmRqYW5nby4xMDgwLmMyIn0&_nc_ht=instagram.fhan4-5.fna.fbcdn.net&_nc_cat=103&_nc_oc=Q6cZ2QE6-AOUk8ZkJQ6ToSExM6qL3onT8e1Wqt-ic7lmiDGGBcQrq1yVYCh_tvwp94QbdrI&_nc_ohc=sJW_E5IMNvoQ7kNvwGLcSrS&_nc_gid=GXzixpb-QYlxUrHS92VAkw&edm=AJhczIQBAAAA&ccb=7-5&oh=00_Afq2vh5mckrn3fzHuBbn555XbRqLDGAdHdneoe_gu9P6Pg&oe=696A4175&_nc_sid=4a2096,423,0,3930,543,0,"['https://instagram.fhan3-2.fna.fbcdn.net/v/t51.2885-15/610597487_1883075262596455_3874923774099325707_n.jpg?stp=dst-jpg_e15_tt6&efg=eyJ2ZW5jb2RlX3RhZyI6InRocmVhZHMuRkVFRC5pbWFnZV91cmxnZW4uNjQweDExMzYuc2RyLmY3MTg3OC5kZWZhdWx0X2NvdmVyX2ZyYW1lLmMyIn0&_nc_ht=instagram.fhan3-2.fna.fbcdn.net&_nc_cat=107&_nc_oc=Q6cZ2QE6-AOUk8ZkJQ6ToSExM6qL3onT8e1Wqt-ic7lmiDGGBcQrq1yVYCh_tvwp94QbdrI&_nc_ohc=aQsERVzCKaIQ7kNvwGP9siq&_nc_gid=GXzixpb-QYlxUrHS92VAkw&edm=AJhczIQBAAAA&ccb=7-5&ig_cache_key=MzgwMjA3NDgwMzM0ODYzMjg0MQ%3D%3D.3-ccb7-5&oh=00_AfphGRxdrCSScGOERW8QrE9lsr6snVXf0_wlF_Bfe3Mqyw&oe=696A244E&_nc_sid=4a2096', 'https://instagram.fhan3-4.fna.fbcdn.net/o1/v/t16/f2/m84/AQP5MtV17ebV_1VhxysLHWJfqDJOZUKPwint9LJoopRGZsiSE2KF_-f7G4aSwOsCQTIjS6ts9fUUsqTPGJZl-0ImrYMZLcoPyA3SGmI.mp4?_nc_cat=104&_nc_oc=Adktr9Li-ebTfdvRA0NrlgADCSvpXU9JQMqxRYKSb-ePzrDY1lUjt6bzfdGyyjmAizs&_nc_sid=5e9851&_nc_ht=instagram.fhan3-4.fna.fbcdn.net&_nc_ohc=RwIT3m7mONAQ7kNvwHDQ2Lr&efg=eyJ2ZW5jb2RlX3RhZyI6Inhwdl9wcm9ncmVzc2l2ZS5JTlNUQUdSQU0uRkVFRC5DMy43MjAuZGFzaF9iYXNlbGluZV8xX3YxIiwieHB2X2Fzc2V0X2lkIjoyNTg1MjcxNTE3MTAxODc1MCwiYXNzZXRfYWdlX2RheXMiOjgsInZpX3VzZWNhc2VfaWQiOjEwMTY0LCJkdXJhdGlvbl9zIjoxNTMsInVybGdlbl9zb3VyY2UiOiJ3d3cifQ%3D%3D&ccb=17-1&_nc_gid=GXzixpb-QYlxUrHS92VAkw&_nc_zt=28&vs=b86fab9fe93e9ad3&_nc_vs=HBksFQIYTGlnX2JhY2tmaWxsX3RpbWVsaW5lX3ZvZC9FQTQyQTU0RTEyQkVEOEJGMUIxOTI5NzYxQzM1NDY5NV92aWRlb19kYXNoaW5pdC5tcDQVAALIARIAFQIYOnBhc3N0aHJvdWdoX2V2ZXJzdG9yZS9HSld3TnlRc2c2RjRLVlFIQUNMTXpGMUVMR29qYnNwVEFRQUYVAgLIARIAKAAYABsCiAd1c2Vfb2lsATEScHJvZ3Jlc3NpdmVfcmVjaXBlATEVAAAm_N_7g4q67FsVAigCQzMsF0BjO7ZFocrBGBJkYXNoX2Jhc2VsaW5lXzFfdjERAHXqB2XongEA&oh=00_Afo_ktR37nFvSnwNObUVYHA4q6kbaGIIvK2iJbO_PVS5bw&oe=6966240C']",,https://www.threads.net/@officialempathytour/post/DTDruOvDvUJ,[],"{'likes': 3930, 'reposts': 483, 'quotes': 60}",threads,3802074803348632841,David Clayton,,Everything this Trump administration said Harris or Biden would do… TRUMP IS DOING. From massive corruption to war. And we will lose more American lives because of it.  This isn’t one side or the other of politics. The President of The United States is the greatest direct threat to ALL Americans. Period.,threads,63463408682,officialempathytour
[],2026-01-12T09:36:05.793815+07:00,Hi! I'm running for SC State House D3. Let's create positive change in South Carolina politics.,2026-01-10T02:49:35+07:00,,3806483166991027616,threads,threads.com,threads_crawler_v1,https://www.threads.net/@claibornelinvill/post/DTTWEXUAQ2g,https://instagram.fhan4-6.fna.fbcdn.net/v/t51.2885-19/610817180_17844479973668984_3686664686028385702_n.jpg?stp=dst-jpg_s150x150_tt6&efg=eyJ2ZW5jb2RlX3RhZyI6InByb2ZpbGVfcGljLmRqYW5nby4xMDgwLmMyIn0&_nc_ht=instagram.fhan4-6.fna.fbcdn.net&_nc_cat=108&_nc_oc=Q6cZ2QE6-AOUk8ZkJQ6ToSExM6qL3onT8e1Wqt-ic7lmiDGGBcQrq1yVYCh_tvwp94QbdrI&_nc_ohc=iZR6kDhcSC8Q7kNvwEN9zby&_nc_gid=GXzixpb-QYlxUrHS92VAkw&edm=AJhczIQBAAAA&ccb=7-5&oh=00_Afp64HxEk0u__szw-nAbFBImY2Gx8d_FAr2vccYPVHE0KA&oe=696A18D2&_nc_sid=4a2096,9,0,142,21,0,[],,https://www.threads.net/@claibornelinvill/post/DTTWEXUAQ2g,[],"{'likes': 142, 'reposts': 21, 'quotes': 0}",threads,3806483166991027616,Claiborne Linvill,South Carolina,Hi! I'm running for SC State House D3. Let's create positive change in South Carolina politics.,threads,80003700983,claibornelinvill
[],2026-01-12T09:36:05.793985+07:00,"Brilliant and accurate.
.
Repost from @ryshead
•
I didn’t know I needed Sarah Cooper back in my life, but I sure am glad she popped back on my page. 

Source: @sarahcpr 

#ryanarmy #holdthemic #america #news #usa trump viral vote podcast youtube youtuber reels shorts political politics politicalCommentary tucson arizona",2025-12-24T11:43:01+07:00,,3794430448286711698,threads,threads.com,threads_crawler_v1,https://www.threads.net/@joyannreid/post/DSohmOTDj-S,https://instagram.fhan3-3.fna.fbcdn.net/v/t51.2885-19/358104110_298669659275831_1341041899805841726_n.jpg?stp=dst-jpg_s150x150_tt6&efg=eyJ2ZW5jb2RlX3RhZyI6InByb2ZpbGVfcGljLmRqYW5nby4xNTAuYzIifQ&_nc_ht=instagram.fhan3-3.fna.fbcdn.net&_nc_cat=1&_nc_oc=Q6cZ2QE6-AOUk8ZkJQ6ToSExM6qL3onT8e1Wqt-ic7lmiDGGBcQrq1yVYCh_tvwp94QbdrI&_nc_ohc=VIbLCv7WF7IQ7kNvwGY6wPl&_nc_gid=GXzixpb-QYlxUrHS92VAkw&edm=AJhczIQBAAAA&ccb=7-5&oh=00_Afrl_1987OExxQutEZyjBBinQ81SOMxlxijox2vBoGdwTQ&oe=696A26DB&_nc_sid=4a2096,250,0,8580,1644,0,"['https://instagram.fhan4-3.fna.fbcdn.net/v/t51.2885-15/604170518_1112173100848020_4084938340982127718_n.jpg?stp=dst-jpg_e15_tt6&efg=eyJ2ZW5jb2RlX3RhZyI6InRocmVhZHMuRkVFRC5pbWFnZV91cmxnZW4uNjQweDExMzguc2RyLmY3MTg3OC5kZWZhdWx0X2NvdmVyX2ZyYW1lLmMyIn0&_nc_ht=instagram.fhan4-3.fna.fbcdn.net&_nc_cat=100&_nc_oc=Q6cZ2QE6-AOUk8ZkJQ6ToSExM6qL3onT8e1Wqt-ic7lmiDGGBcQrq1yVYCh_tvwp94QbdrI&_nc_ohc=ibj8xlKVOXcQ7kNvwH2ujoc&_nc_gid=GXzixpb-QYlxUrHS92VAkw&edm=AJhczIQBAAAA&ccb=7-5&ig_cache_key=Mzc5NDQzMDQ0ODI4NjcxMTY5OA%3D%3D.3-ccb7-5&oh=00_AfosqV3CIo_SFdKQNHjeSIPLisbd6LKRIIOe09mWCQmJGw&oe=696A288C&_nc_sid=4a2096', 'https://instagram.fhan4-6.fna.fbcdn.net/o1/v/t2/f2/m86/AQNEsBiaqacoRsc31Epf-so4YFuDl3stfjP-tObPCdwNClK9hkO3aINuHObdAlZdmSSyJUjmXGIgk0bAKj6vLa9RWqVlAj_hS-f5yIg.mp4?_nc_cat=108&_nc_oc=AdluzCz6Ydv9UI1VTZ2T7Qo-9Fh3T-oTvZrHRrcBZoWbZdwyfww6XYvAE0VfNXlCcOo&_nc_sid=5e9851&_nc_ht=instagram.fhan4-6.fna.fbcdn.net&_nc_ohc=XRb_8UKdCE8Q7kNvwHCgado&efg=eyJ2ZW5jb2RlX3RhZyI6Inhwdl9wcm9ncmVzc2l2ZS5JTlNUQUdSQU0uRkVFRC5DMy40ODAuZGFzaF9iYXNlbGluZV8xX3YxIiwieHB2X2Fzc2V0X2lkIjoxNjI5NDY0NzgxNzU2MTEwLCJhc3NldF9hZ2VfZGF5cyI6MTksInZpX3VzZWNhc2VfaWQiOjEwMDk5LCJkdXJhdGlvbl9zIjoxNDUsInVybGdlbl9zb3VyY2UiOiJ3d3cifQ%3D%3D&ccb=17-1&_nc_gid=GXzixpb-QYlxUrHS92VAkw&_nc_zt=28&vs=a6d2c3f8e34a39e2&_nc_vs=HBksFQIYUmlnX3hwdl9yZWVsc19wZXJtYW5lbnRfc3JfcHJvZC8wMTQxQ0ExRUREQjczNzU0QjU5OTM1QzgwRjBGNzRCRl92aWRlb19kYXNoaW5pdC5tcDQVAALIARIAFQIYOnBhc3N0aHJvdWdoX2V2ZXJzdG9yZS9HSEN6SENReWJjRTVNcWNGQUd6TjFJOWdVV2RHYnN0VEFRQUYVAgLIARIAKAAYABsCiAd1c2Vfb2lsATEScHJvZ3Jlc3NpdmVfcmVjaXBlATEVAAAmnNvs16r_5AUVAigCQzMsF0BiK7ZFocrBGBJkYXNoX2Jhc2VsaW5lXzFfdjERAHXqB2XmnQEA&oh=00_Afqsl3R7U0uBQAdaUMggUYE-c_imsQQnvhwNeAKyJJsjlg&oe=696644C1']",,https://www.threads.net/@joyannreid/post/DSohmOTDj-S,[],"{'likes': 8580, 'reposts': 1512, 'quotes': 132}",threads,3794430448286711698,Joy-Ann Reid,,"Brilliant and accurate.
.
Repost from @ryshead
•
I didn’t know I needed Sarah Cooper back in my life, but I sure am glad she popped back on my page. 

Source: @sarahcpr 

#ryanarmy #holdthemic #america #news #usa trump viral vote podcast youtube youtuber reels shorts political politics politicalCommentary tucson arizona",threads,63080780230,joyannreid
[],2026-01-12T09:36:05.794138+07:00,the bowen/matt thing is how most of the celebs you look up to pick their politics: pure vibes based on what they think the other cool kids are feeling. twitter was the only place where leftists hate that lady and they didn’t realize most ppl aren’t trying to be cool with the nyc DSA ppl who still use that app,2026-01-10T00:57:51+07:00,,3806426926500748746,threads,threads.com,threads_crawler_v1,https://www.threads.net/@theashleyray/post/DTTJR9Rjx3K,https://instagram.fhan3-4.fna.fbcdn.net/v/t51.2885-19/565213682_17927450460111472_3636130801446422410_n.jpg?stp=dst-jpg_s150x150_tt6&efg=eyJ2ZW5jb2RlX3RhZyI6InByb2ZpbGVfcGljLmRqYW5nby4xMDgwLmMyIn0&_nc_ht=instagram.fhan3-4.fna.fbcdn.net&_nc_cat=104&_nc_oc=Q6cZ2QE6-AOUk8ZkJQ6ToSExM6qL3onT8e1Wqt-ic7lmiDGGBcQrq1yVYCh_tvwp94QbdrI&_nc_ohc=aq9HzVz3l3IQ7kNvwEb7Xb7&_nc_gid=GXzixpb-QYlxUrHS92VAkw&edm=AJhczIQBAAAA&ccb=7-5&oh=00_AfrXd4yDG0Ri-qFZlTkBpRXlMIHZ7-bQpyh0opILnl_m0A&oe=696A2CA9&_nc_sid=4a2096,11,0,81,4,0,[],,https://www.threads.net/@theashleyray/post/DTTJR9Rjx3K,[],"{'likes': 81, 'reposts': 4, 'quotes': 0}",threads,3806426926500748746,Ashley Ray,,the bowen/matt thing is how most of the celebs you look up to pick their politics: pure vibes based on what they think the other cool kids are feeling. twitter was the only place where leftists hate that lady and they didn’t realize most ppl aren’t trying to be cool with the nyc DSA ppl who still use that app,threads,63277863471,theashleyray
[],2026-01-12T09:36:05.794283+07:00,"Hello hello!

Any Thread users here interested in the social sciences, gender, politics, and policy?

I’m a sociologist working in these areas. Let’s connect! 😊",2026-01-05T18:47:45+07:00,,3803341550156663592,threads,threads.com,threads_crawler_v1,https://www.threads.net/@ash_presto/post/DTILv0okkso,https://instagram.fhan3-3.fna.fbcdn.net/v/t51.2885-19/520713398_17915926944113569_3494138004349552424_n.jpg?stp=dst-jpg_s150x150_tt6&efg=eyJ2ZW5jb2RlX3RhZyI6InByb2ZpbGVfcGljLmRqYW5nby4xMDgwLmMyIn0&_nc_ht=instagram.fhan3-3.fna.fbcdn.net&_nc_cat=101&_nc_oc=Q6cZ2QE6-AOUk8ZkJQ6ToSExM6qL3onT8e1Wqt-ic7lmiDGGBcQrq1yVYCh_tvwp94QbdrI&_nc_ohc=zPhOM44Jbz0Q7kNvwECRVKq&_nc_gid=GXzixpb-QYlxUrHS92VAkw&edm=AJhczIQBAAAA&ccb=7-5&oh=00_AfotRyJNodK1L-IuavwtkCAC8NlzJ5lMlSn0TxDPt3os0A&oe=696A362F&_nc_sid=4a2096,63,0,321,1,0,[],,https://www.threads.net/@ash_presto/post/DTILv0okkso,[],"{'likes': 321, 'reposts': 1, 'quotes': 0}",threads,3803341550156663592,Ash Presto,Philippines Threads,"Hello hello!

Any Thread users here interested in the social sciences, gender, politics, and policy?

I’m a sociologist working in these areas. Let’s connect! 😊",threads,63475929568,ash_presto
[],2026-01-12T09:36:05.794465+07:00,Trump appears 4 times in newly released Epstein photos released by House Democrats. Here they are. ,2025-12-12T22:22:50+07:00,,3786055183550504700,threads,threads.com,threads_crawler_v1,https://www.threads.net/@aaron.rupar/post/DSKxSFLjd78,https://instagram.fhan3-3.fna.fbcdn.net/v/t51.2885-19/456465291_8343612382370345_8092768749465866765_n.jpg?stp=dst-jpg_s150x150_tt6&efg=eyJ2ZW5jb2RlX3RhZyI6InByb2ZpbGVfcGljLmRqYW5nby4yNjEuYzIifQ&_nc_ht=instagram.fhan3-3.fna.fbcdn.net&_nc_cat=1&_nc_oc=Q6cZ2QE6-AOUk8ZkJQ6ToSExM6qL3onT8e1Wqt-ic7lmiDGGBcQrq1yVYCh_tvwp94QbdrI&_nc_ohc=DzquMUBz04MQ7kNvwGN_CPk&_nc_gid=GXzixpb-QYlxUrHS92VAkw&edm=AJhczIQBAAAA&ccb=7-5&oh=00_AfqCRya9_aCiRv6yguV0McZtHoIEsAl2fr0m0Dnx7GLpBA&oe=696A2080&_nc_sid=4a2096,1001,0,7167,906,0,['https://instagram.fhan4-1.fna.fbcdn.net/v/t51.2885-15/588575169_17935642380106553_5241072643380342987_n.jpg?stp=cp6_dst-jpg_e35_tt6&efg=eyJ2ZW5jb2RlX3RhZyI6InRocmVhZHMuQ0FST1VTRUxfSVRFTS5pbWFnZV91cmxnZW4uMTQ3NHgxMTMwLnNkci5mODI3ODcuZGVmYXVsdF9pbWFnZS5jMiJ9&_nc_ht=instagram.fhan4-1.fna.fbcdn.net&_nc_cat=105&_nc_oc=Q6cZ2QE6-AOUk8ZkJQ6ToSExM6qL3onT8e1Wqt-ic7lmiDGGBcQrq1yVYCh_tvwp94QbdrI&_nc_ohc=x06trLTLW1wQ7kNvwGwM6QQ&_nc_gid=GXzixpb-QYlxUrHS92VAkw&edm=AJhczIQBAAAA&ccb=7-5&ig_cache_key=Mzc4NjA1NTE3OTM4MTM2NTY4MA%3D%3D.3-ccb7-5&oh=00_AfofMytEaz8pcjOfHYN8fcvnchzpHWbVhLMZBiUovFGQSQ&oe=696A30DD&_nc_sid=4a2096'],,https://www.threads.net/@aaron.rupar/post/DSKxSFLjd78,[],"{'likes': 7167, 'reposts': 852, 'quotes': 54}",threads,3786055183550504700,Aaron Rupar,,Trump appears 4 times in newly released Epstein photos released by House Democrats. Here they are. https://www.cnn.com/2025/12/12/politics/epstein-photos-trump-clinton-bannon?cid=ios_app,threads,63251498552,aaron.rupar
[],2026-01-12T09:36:05.794622+07:00,"Hi Threads 👋🏼 Figured introductions are in order: 34 yr old living in Chicago yapping about

- tv & film
- politics & news 
- gay culture
& the like. 

Don’t be shy now ya hear? ✨",2026-01-05T09:00:50+07:00,,3803046142985124974,threads,threads.com,threads_crawler_v1,https://www.threads.net/@astro_knott/post/DTHIlFRDDxu,https://instagram.fhan3-3.fna.fbcdn.net/v/t51.2885-19/358002464_1332255884046383_6896584653515399572_n.jpg?stp=dst-jpg_s150x150_tt6&efg=eyJ2ZW5jb2RlX3RhZyI6InByb2ZpbGVfcGljLmRqYW5nby42MTIuYzIifQ&_nc_ht=instagram.fhan3-3.fna.fbcdn.net&_nc_cat=111&_nc_oc=Q6cZ2QE6-AOUk8ZkJQ6ToSExM6qL3onT8e1Wqt-ic7lmiDGGBcQrq1yVYCh_tvwp94QbdrI&_nc_ohc=RMc_CjBEPeAQ7kNvwHheXRg&_nc_gid=GXzixpb-QYlxUrHS92VAkw&edm=AJhczIQBAAAA&ccb=7-5&oh=00_AfpcXebPxLk4EBt5la2TQ2vM7xSxLageL5nAR2IE0fiRvw&oe=696A1487&_nc_sid=4a2096,60,0,633,6,0,['https://instagram.fhan4-3.fna.fbcdn.net/v/t51.2885-15/610536675_17936210010117406_7898893571427898123_n.jpg?stp=cp6_dst-jpg_e35_tt6&efg=eyJ2ZW5jb2RlX3RhZyI6InRocmVhZHMuQ0FST1VTRUxfSVRFTS5pbWFnZV91cmxnZW4uMTIwNngxMTg1LnNkci5mODI3ODcuZGVmYXVsdF9pbWFnZS5jMiJ9&_nc_ht=instagram.fhan4-3.fna.fbcdn.net&_nc_cat=110&_nc_oc=Q6cZ2QE6-AOUk8ZkJQ6ToSExM6qL3onT8e1Wqt-ic7lmiDGGBcQrq1yVYCh_tvwp94QbdrI&_nc_ohc=BBzgm8cTRT4Q7kNvwGZSXPQ&_nc_gid=GXzixpb-QYlxUrHS92VAkw&edm=AJhczIQBAAAA&ccb=7-5&ig_cache_key=MzgwMzA0NjEzNjQ1ODc3Njg5OA%3D%3D.3-ccb7-5&oh=00_AfoWgdrGgEWqi3EgBauDpuj3KH5NluRfpyQM8MUNaQl98w&oe=696A471E&_nc_sid=4a2096'],,https://www.threads.net/@astro_knott/post/DTHIlFRDDxu,[],"{'likes': 633, 'reposts': 6, 'quotes': 0}",threads,3803046142985124974,Jon Knott,,"Hi Threads 👋🏼 Figured introductions are in order: 34 yr old living in Chicago yapping about

- tv & film
- politics & news 
- gay culture
& the like. 

Don’t be shy now ya hear? ✨",threads,63386965405,astro_knott
[],2026-01-12T09:36:05.794773+07:00,Have we forgot CP never cared for Unrivaled in the first place? She was less than enthusiastic about the league from jump. Also vocal on respectability politics shaming the ladies for the Pay the players shirts at All Star Game. Why would they hire her as a studio analyst knowing how biased she is against the new generation of players? One Lobo is ENOUGH. Cant get to Angel anymore so now its Paige. That hate is aging her too.,2026-01-06T22:09:26+07:00,,3804167834780637543,threads,threads.com,threads_crawler_v1,https://www.threads.net/@centurygotbars/post/DTLHn2KERln,https://instagram.fhan3-3.fna.fbcdn.net/v/t51.2885-19/474198998_1720142551863733_5852541957892026390_n.jpg?stp=dst-jpg_s150x150_tt6&efg=eyJ2ZW5jb2RlX3RhZyI6InByb2ZpbGVfcGljLmRqYW5nby4xMDgwLmMyIn0&_nc_ht=instagram.fhan3-3.fna.fbcdn.net&_nc_cat=101&_nc_oc=Q6cZ2QE6-AOUk8ZkJQ6ToSExM6qL3onT8e1Wqt-ic7lmiDGGBcQrq1yVYCh_tvwp94QbdrI&_nc_ohc=2KgK7_us0aAQ7kNvwEAc-89&_nc_gid=GXzixpb-QYlxUrHS92VAkw&edm=AJhczIQBAAAA&ccb=7-5&oh=00_Afo6HXsVXDPgO9XFFD0pzXP4r39jVVGktNZzVpqE4MsP3w&oe=696A4688&_nc_sid=4a2096,2,0,165,12,0,[],,https://www.threads.net/@centurygotbars/post/DTLHn2KERln,[],"{'likes': 165, 'reposts': 12, 'quotes': 0}",threads,3804167834780637543,centurygotbars,UnrivaledBasketball,Have we forgot CP never cared for Unrivaled in the first place? She was less than enthusiastic about the league from jump. Also vocal on respectability politics shaming the ladies for the Pay the players shirts at All Star Game. Why would they hire her as a studio analyst knowing how biased she is against the new generation of players? One Lobo is ENOUGH. Cant get to Angel anymore so now its Paige. That hate is aging her too.,threads,69675585937,centurygotbars
[],2026-01-12T09:36:05.795000+07:00,"When you terminate an employee with a stupid reason or made them to resign due to management politics or even push them to resign by creating toxic work environment. Remember this : They will move on, find better  opportunities and thrive. But they will never forget how you treated them, how you misunderstood and humiliated them because of your ego stopped you communicating with empathy.",2025-03-05T14:52:20+07:00,,3581441683297696389,threads,threads.com,threads_crawler_v1,https://www.threads.net/@_renithaaa._/post/DGz1jxUvHqF,https://instagram.fhan3-3.fna.fbcdn.net/v/t51.2885-19/482468052_1134703284802859_8875586536647285890_n.jpg?stp=dst-jpg_s150x150_tt6&efg=eyJ2ZW5jb2RlX3RhZyI6InByb2ZpbGVfcGljLmRqYW5nby42NzIuYzIifQ&_nc_ht=instagram.fhan3-3.fna.fbcdn.net&_nc_cat=111&_nc_oc=Q6cZ2QE6-AOUk8ZkJQ6ToSExM6qL3onT8e1Wqt-ic7lmiDGGBcQrq1yVYCh_tvwp94QbdrI&_nc_ohc=j7d5hOZnHQkQ7kNvwFk3KNZ&_nc_gid=GXzixpb-QYlxUrHS92VAkw&edm=AJhczIQBAAAA&ccb=7-5&oh=00_Afo6Ld2_Nc9T67NpbkOaAkss2u9SrUy2YM4nos8U9cIP0w&oe=696A462B&_nc_sid=4a2096,28,0,933,307,0,[],,https://www.threads.net/@_renithaaa._/post/DGz1jxUvHqF,[],"{'likes': 933, 'reposts': 294, 'quotes': 13}",threads,3581441683297696389,ரிணித்தா ராஜன்திரன் 🤍,,"When you terminate an employee with a stupid reason or made them to resign due to management politics or even push them to resign by creating toxic work environment. Remember this : They will move on, find better  opportunities and thrive. But they will never forget how you treated them, how you misunderstood and humiliated them because of your ego stopped you communicating with empathy.",threads,63759128105,_renithaaa._
[],2026-01-12T09:36:05.795189+07:00,"मिशन ग्रामपंचायत 👑

#viralreels #instadaily #instavideo #viral #instagram #videoedits #politics #political #viralvideos #grampanchayat #sarpanch👑 #marathimulga😎 #marathi_status_ #maharashtra #marathiculture #election #jitendraawhad #socialmediamarketing #sharadpawarspeaks #vba",2025-12-24T20:51:56+07:00,,3794706726630066039,threads,threads.com,threads_crawler_v1,https://www.threads.net/@govind_konge5656/post/DSpgamjkgd3,https://instagram.fhan3-3.fna.fbcdn.net/v/t51.2885-19/582762397_17934647208136919_8245209903426243778_n.jpg?stp=dst-jpg_s150x150_tt6&efg=eyJ2ZW5jb2RlX3RhZyI6InByb2ZpbGVfcGljLmRqYW5nby4xMDgwLmMyIn0&_nc_ht=instagram.fhan3-3.fna.fbcdn.net&_nc_cat=111&_nc_oc=Q6cZ2QE6-AOUk8ZkJQ6ToSExM6qL3onT8e1Wqt-ic7lmiDGGBcQrq1yVYCh_tvwp94QbdrI&_nc_ohc=tvlBHS--HwwQ7kNvwH0SipF&_nc_gid=GXzixpb-QYlxUrHS92VAkw&edm=AJhczIQBAAAA&ccb=7-5&oh=00_Afp2eYxuUpkmDWk2qOXQle5scQqbW4XsR0SaMc3ZsYjkiA&oe=696A432D&_nc_sid=4a2096,0,0,9,0,0,"['https://instagram.fhan4-6.fna.fbcdn.net/v/t51.2885-15/600614170_1347154940493153_1733942923585968341_n.jpg?stp=dst-jpg_e15_tt6&efg=eyJ2ZW5jb2RlX3RhZyI6InRocmVhZHMuRkVFRC5pbWFnZV91cmxnZW4uNjQweDExMzYuc2RyLmY3MTg3OC5kZWZhdWx0X2NvdmVyX2ZyYW1lLmMyIn0&_nc_ht=instagram.fhan4-6.fna.fbcdn.net&_nc_cat=109&_nc_oc=Q6cZ2QE6-AOUk8ZkJQ6ToSExM6qL3onT8e1Wqt-ic7lmiDGGBcQrq1yVYCh_tvwp94QbdrI&_nc_ohc=jlV1oVC44h4Q7kNvwEg2AmA&_nc_gid=GXzixpb-QYlxUrHS92VAkw&edm=AJhczIQBAAAA&ccb=7-5&ig_cache_key=Mzc5NDcwNjcyNjYzMDA2NjAzOQ%3D%3D.3-ccb7-5&oh=00_AfqHDVfRkB1V9VFtO-gk6YyR5IjRPt8cJGn_JWE2A-BB0g&oe=696A1C34&_nc_sid=4a2096', 'https://instagram.fhan4-6.fna.fbcdn.net/o1/v/t16/f2/m69/AQP2iB-auAjUcUjlUpiEzf969srIX8Pt-YAjZuEX-7-j57I6qsihyEWWSZL87LDo1fWfbFgop073Ttwlpl-1rCyE.mp4?strext=1&_nc_cat=109&_nc_oc=Adnp3CitOXmTCdAm1oiR1qYjTdCbyRS3wuzREv6up8zfxtAZ148YMFmPFnlwUt6EMUM&_nc_sid=5e9851&_nc_ht=instagram.fhan4-6.fna.fbcdn.net&_nc_ohc=kKChTAj-qL0Q7kNvwGvsPOz&efg=eyJ2ZW5jb2RlX3RhZyI6Inhwdl9wcm9ncmVzc2l2ZS5JTlNUQUdSQU0uRkVFRC5DMy43MjAuZGFzaF9iYXNlbGluZV8xX3YxIiwieHB2X2Fzc2V0X2lkIjoxMjMwNjY3ODI1NjQ3MjcxLCJhc3NldF9hZ2VfZGF5cyI6MTgsInZpX3VzZWNhc2VfaWQiOjEwMDk5LCJkdXJhdGlvbl9zIjoyMCwidXJsZ2VuX3NvdXJjZSI6Ind3dyJ9&ccb=17-1&_nc_gid=GXzixpb-QYlxUrHS92VAkw&_nc_zt=28&vs=486f8d373798a132&_nc_vs=HBksFQIYOnBhc3N0aHJvdWdoX2V2ZXJzdG9yZS9HRHVUdENLUWJaZlVyX1lFQUpnRnlESHI4M1Y3YnNwVEFRQUYVAALIARIAFQIYOnBhc3N0aHJvdWdoX2V2ZXJzdG9yZS9HTmhTQUNSTXdxZy11VmNHQU0yTGZRdlU0dDk2YnN0VEFRQUYVAgLIARIAKAAYABsCiAd1c2Vfb2lsATEScHJvZ3Jlc3NpdmVfcmVjaXBlATEVAAAmzrqs6aXSrwQVAigCQzMsF0A0iHKwIMScGBJkYXNoX2Jhc2VsaW5lXzFfdjERAHXqB2XmnQEA&oh=00_Afonw1pNm9vvqJpGbo8wUj2OitcKFNJlm0nd5ane9L_k6w&oe=696A4867']",,https://www.threads.net/@govind_konge5656/post/DSpgamjkgd3,[],"{'likes': 9, 'reposts': 0, 'quotes': 0}",threads,3794706726630066039,Konge Govindraje,,"मिशन ग्रामपंचायत 👑

#viralreels #instadaily #instavideo #viral #instagram #videoedits #politics #political #viralvideos #grampanchayat #sarpanch👑 #marathimulga😎 #marathi_status_ #maharashtra #marathiculture #election #jitendraawhad #socialmediamarketing #sharadpawarspeaks #vba",threads,64182056918,govind_konge5656
[],2026-01-12T09:36:05.795337+07:00,"So now the entire world is in grave danger because of what is in the Epstein files.  Please UK, release what you have.",2026-01-03T23:14:36+07:00,,3802026308898219837,threads,threads.com,threads_crawler_v1,https://www.threads.net/@lakeeriebeachcomber/post/DTDgsiwkWc9,https://instagram.fhan4-3.fna.fbcdn.net/v/t51.2885-19/565155280_17924491977116902_4516376370653048186_n.jpg?stp=dst-jpg_s150x150_tt6&efg=eyJ2ZW5jb2RlX3RhZyI6InByb2ZpbGVfcGljLmRqYW5nby42NDAuYzIifQ&_nc_ht=instagram.fhan4-3.fna.fbcdn.net&_nc_cat=110&_nc_oc=Q6cZ2QE6-AOUk8ZkJQ6ToSExM6qL3onT8e1Wqt-ic7lmiDGGBcQrq1yVYCh_tvwp94QbdrI&_nc_ohc=c0TaGTCcxDkQ7kNvwHa80Yz&_nc_gid=GXzixpb-QYlxUrHS92VAkw&edm=AJhczIQBAAAA&ccb=7-5&oh=00_Afqc1QPLsx8BBT0NIMMb3ib1BPA4x92DQwPmNBKVLFUcIw&oe=696A1E58&_nc_sid=4a2096,28,0,8239,623,0,[],,https://www.threads.net/@lakeeriebeachcomber/post/DTDgsiwkWc9,[],"{'likes': 8239, 'reposts': 609, 'quotes': 14}",threads,3802026308898219837,Vicki Ramsay,US Politics,"So now the entire world is in grave danger because of what is in the Epstein files.  Please UK, release what you have.",threads,63425716901,lakeeriebeachcomber
[],2026-01-12T09:36:05.795484+07:00,"Rumors are spreading on Capitol Hill that Tim Walz might be announcing his plan to drop out of his re-election campaign tomorrow.

Republicans have tortured his family and harassed his children. Bullying a veteran out of politics is beyond despicable.

There is nothing more anti-American than MAGA.",2026-01-05T13:33:55+07:00,,3803183593171058994,threads,threads.com,threads_crawler_v1,https://www.threads.net/@johnnypalmadessa/post/DTHn1PujgEy,https://instagram.fhan3-3.fna.fbcdn.net/v/t51.2885-19/430050566_7637163179627615_2506798217314808348_n.jpg?stp=dst-jpg_s150x150_tt6&efg=eyJ2ZW5jb2RlX3RhZyI6InByb2ZpbGVfcGljLmRqYW5nby4xMDgwLmMyIn0&_nc_ht=instagram.fhan3-3.fna.fbcdn.net&_nc_cat=1&_nc_oc=Q6cZ2QE6-AOUk8ZkJQ6ToSExM6qL3onT8e1Wqt-ic7lmiDGGBcQrq1yVYCh_tvwp94QbdrI&_nc_ohc=508HA9opTQoQ7kNvwHNwCrD&_nc_gid=GXzixpb-QYlxUrHS92VAkw&edm=AJhczIQBAAAA&ccb=7-5&oh=00_AfqGBAPnWjMdU1ldY1iFuyhOXpdNCd9eqiru1C-DW3z-LQ&oe=696A41F3&_nc_sid=4a2096,2537,0,23951,1510,0,[],,https://www.threads.net/@johnnypalmadessa/post/DTHn1PujgEy,[],"{'likes': 23951, 'reposts': 1458, 'quotes': 52}",threads,3803183593171058994,Johnny Palmadessa,,"Rumors are spreading on Capitol Hill that Tim Walz might be announcing his plan to drop out of his re-election campaign tomorrow.

Republicans have tortured his family and harassed his children. Bullying a veteran out of politics is beyond despicable.

There is nothing more anti-American than MAGA.",threads,63269167923,johnnypalmadessa
[],2026-01-12T09:36:05.795648+07:00,"Vaccines cause adulthood.
Abortion is healthcare.
Gender-affirming care is not only for transgender people.
Trans women are women.
Trans men are men. 
LGBTQIA+ people are not sick or mentally ill.
""Illegal immigrants"" are not the problem.
Minimum wage should be enough for an apartment.
Healthcare should be universal and accessible for everyone.
Religion has no place in politics.",2025-12-21T12:50:15+07:00,,3792289971567941835,threads,threads.com,threads_crawler_v1,https://www.threads.net/@rairay_sunshine/post/DSg66MAlVjL,https://instagram.fhan3-3.fna.fbcdn.net/v/t51.2885-19/602646099_17937114885103223_3685912199436623684_n.jpg?stp=dst-jpg_s150x150_tt6&efg=eyJ2ZW5jb2RlX3RhZyI6InByb2ZpbGVfcGljLmRqYW5nby4xMDgwLmMyIn0&_nc_ht=instagram.fhan3-3.fna.fbcdn.net&_nc_cat=111&_nc_oc=Q6cZ2QE6-AOUk8ZkJQ6ToSExM6qL3onT8e1Wqt-ic7lmiDGGBcQrq1yVYCh_tvwp94QbdrI&_nc_ohc=fXC6TazDQ6kQ7kNvwETlKtp&_nc_gid=GXzixpb-QYlxUrHS92VAkw&edm=AJhczIQBAAAA&ccb=7-5&oh=00_Afof9GzzTGseoIBdVbZHJmLXZFg9gzceLoyTTLzkH9mupA&oe=696A18ED&_nc_sid=4a2096,1204,0,1775,232,0,[],,https://www.threads.net/@rairay_sunshine/post/DSg66MAlVjL,[],"{'likes': 1775, 'reposts': 231, 'quotes': 1}",threads,3792289971567941835,Rai,,"Vaccines cause adulthood.
Abortion is healthcare.
Gender-affirming care is not only for transgender people.
Trans women are women.
Trans men are men. 
LGBTQIA+ people are not sick or mentally ill.
""Illegal immigrants"" are not the problem.
Minimum wage should be enough for an apartment.
Healthcare should be universal and accessible for everyone.
Religion has no place in politics.",threads,63056231222,rairay_sunshine
[],2026-01-12T09:36:05.795816+07:00,"#BREAKING — What’s going on in Venezuela? Donald Trump’s stunning declaration: “We are going to run the country.” 

#politics #news #venezuela #trump",2026-01-04T02:57:13+07:00,,3802138336945913742,threads,threads.com,threads_crawler_v1,https://www.threads.net/@jonkarl/post/DTD6KxAjj-O,https://instagram.fhan4-3.fna.fbcdn.net/v/t51.2885-19/358230233_1467783450660010_8341692772907827763_n.jpg?stp=dst-jpg_s150x150_tt6&efg=eyJ2ZW5jb2RlX3RhZyI6InByb2ZpbGVfcGljLmRqYW5nby45NTkuYzIifQ&_nc_ht=instagram.fhan4-3.fna.fbcdn.net&_nc_cat=110&_nc_oc=Q6cZ2QE6-AOUk8ZkJQ6ToSExM6qL3onT8e1Wqt-ic7lmiDGGBcQrq1yVYCh_tvwp94QbdrI&_nc_ohc=jMWne3tte_MQ7kNvwFH2Dlw&_nc_gid=GXzixpb-QYlxUrHS92VAkw&edm=AJhczIQBAAAA&ccb=7-5&oh=00_AforJyJi8KDsVQShSpaaU0jtjD5MbZ3Ws4mwq2ycJeq-pA&oe=696A4B27&_nc_sid=4a2096,63,0,953,85,0,"['https://instagram.fhan3-2.fna.fbcdn.net/v/t51.2885-15/610783686_2255007704996431_6738825238344662821_n.jpg?se=-1&stp=dst-jpegr_e15_tt6&efg=eyJ2ZW5jb2RlX3RhZyI6InRocmVhZHMuRkVFRC5pbWFnZV91cmxnZW4uNjQweDExMzYuaGRyLmY3MTg3OC5kZWZhdWx0X2NvdmVyX2ZyYW1lLmMyIn0&_nc_ht=instagram.fhan3-2.fna.fbcdn.net&_nc_cat=107&_nc_oc=Q6cZ2QE6-AOUk8ZkJQ6ToSExM6qL3onT8e1Wqt-ic7lmiDGGBcQrq1yVYCh_tvwp94QbdrI&_nc_ohc=tVcabO0js0IQ7kNvwFcFRrw&_nc_gid=GXzixpb-QYlxUrHS92VAkw&edm=AJhczIQBAAAA&ccb=7-5&ig_cache_key=MzgwMjEzODMzNjk0NTkxMzc0Mg%3D%3D.3-ccb7-5&oh=00_Afpnee92RYjKUjVeqjkCddoJZdvGgasj0z7uO1cTdvFvRQ&oe=696A4C5E&_nc_sid=4a2096', 'https://instagram.fhan3-3.fna.fbcdn.net/o1/v/t16/f2/m69/AQODAkCwO_dCp2sQY_uMXlWZqhPIfXI58Lokf2uIRZpcDGMsA36NDadG7FNKDOezHA1TdUGhgzxXDrGX7wpchNPI.mp4?strext=1&_nc_cat=111&_nc_oc=Adk68seXvBxrIjgPKBrOd8QpwZlDY0Cnj1n288BhAXl0dyE6BZkQJWX52WFKQr5g0iw&_nc_sid=5e9851&_nc_ht=instagram.fhan3-3.fna.fbcdn.net&_nc_ohc=aGbPY2fHvnUQ7kNvwHcs_Z3&efg=eyJ2ZW5jb2RlX3RhZyI6Inhwdl9wcm9ncmVzc2l2ZS5JTlNUQUdSQU0uRkVFRC5DMy43MjAuZGFzaF9iYXNlbGluZV8xX3YxIiwieHB2X2Fzc2V0X2lkIjoyNjc3ODQ2OTg5MjM1NjQ4LCJhc3NldF9hZ2VfZGF5cyI6OCwidmlfdXNlY2FzZV9pZCI6MTAwOTksImR1cmF0aW9uX3MiOjEzMywidXJsZ2VuX3NvdXJjZSI6Ind3dyJ9&ccb=17-1&_nc_gid=GXzixpb-QYlxUrHS92VAkw&_nc_zt=28&vs=4b80977f2deed475&_nc_vs=HBksFQIYOnBhc3N0aHJvdWdoX2V2ZXJzdG9yZS9HSVJlWXlRUUczV3JQMzBIQU4xb1d3ME5XZjk1YnNwVEFRQUYVAALIARIAFQIYOnBhc3N0aHJvdWdoX2V2ZXJzdG9yZS9HTmV1UWlRS2lKRjFSQjhGQURtc18xUmJXWnNVYnN0VEFRQUYVAgLIARIAKAAYABsCiAd1c2Vfb2lsATEScHJvZ3Jlc3NpdmVfcmVjaXBlATEVAAAmgJfz6JrfwQkVAigCQzMsF0BgoAAAAAAAGBJkYXNoX2Jhc2VsaW5lXzFfdjERAHXqB2XmnQEA&oh=00_Afo0PXPVppWgqZrmRbjrC2x1Q1qkvNOj8VKm8tQuqmar2Q&oe=696A22C5']",,https://www.threads.net/@jonkarl/post/DTD6KxAjj-O,[],"{'likes': 953, 'reposts': 76, 'quotes': 9}",threads,3802138336945913742,Jonathan Karl,,"#BREAKING — What’s going on in Venezuela? Donald Trump’s stunning declaration: “We are going to run the country.” 

#politics #news #venezuela #trump",threads,63606120582,jonkarl
[],2026-01-12T09:36:05.795988+07:00,"Tamil Stars as Nagarjuna in Coolie💥
Ethey! NAGARJUNAAVAAA!🤪

( Vijay, Ajith, Rajini, kamal, vikram, surya )
#Thala #thalapathy #tvk #politics #vintage
#raiinikanth #superstar #vikram #surya #ulaganayagan
#vijay #ajith",2025-12-03T18:26:21+07:00,,3779413174996110164,threads,threads.com,threads_crawler_v1,https://www.threads.net/@the_ai_kid_/post/DRzLEIrEwtU,https://instagram.fhan4-6.fna.fbcdn.net/v/t51.2885-19/517400777_17844699654530672_3106704418649298650_n.jpg?stp=dst-jpg_s150x150_tt6&efg=eyJ2ZW5jb2RlX3RhZyI6InByb2ZpbGVfcGljLmRqYW5nby4xMDI0LmMyIn0&_nc_ht=instagram.fhan4-6.fna.fbcdn.net&_nc_cat=108&_nc_oc=Q6cZ2QE6-AOUk8ZkJQ6ToSExM6qL3onT8e1Wqt-ic7lmiDGGBcQrq1yVYCh_tvwp94QbdrI&_nc_ohc=w5rx-jolkD4Q7kNvwFSQBd6&_nc_gid=GXzixpb-QYlxUrHS92VAkw&edm=AJhczIQBAAAA&ccb=7-5&oh=00_AfqnAJJNpVdi2UryngSRU0EwBlFEg7G2CQws35NCl6lFHg&oe=696A3EBB&_nc_sid=4a2096,28,0,634,23,0,['https://instagram.fhan4-5.fna.fbcdn.net/v/t51.2885-15/588649464_17865334638523563_7992377960415492118_n.heic?stp=dst-jpg_e35_tt6&efg=eyJ2ZW5jb2RlX3RhZyI6InRocmVhZHMuQ0FST1VTRUxfSVRFTS5pbWFnZV91cmxnZW4uMTQ0MHgxOTIwLnNkci5mODI3ODcuZGVmYXVsdF9pbWFnZS5jMiJ9&_nc_ht=instagram.fhan4-5.fna.fbcdn.net&_nc_cat=103&_nc_oc=Q6cZ2QE6-AOUk8ZkJQ6ToSExM6qL3onT8e1Wqt-ic7lmiDGGBcQrq1yVYCh_tvwp94QbdrI&_nc_ohc=k0pXB5NSOhQQ7kNvwFQrR5a&_nc_gid=GXzixpb-QYlxUrHS92VAkw&edm=AJhczIQBAAAA&ccb=7-5&ig_cache_key=Mzc3OTQxMzE1NTA1NjQ0ODE3Nw%3D%3D.3-ccb7-5&oh=00_AfrhwNUWdLfdJJivggj14OyuT64nlsvqVfxeL7nssFsmmA&oe=696A34CE&_nc_sid=4a2096'],,https://www.threads.net/@the_ai_kid_/post/DRzLEIrEwtU,[],"{'likes': 634, 'reposts': 23, 'quotes': 0}",threads,3779413174996110164,Manishankar,,"Tamil Stars as Nagarjuna in Coolie💥
Ethey! NAGARJUNAAVAAA!🤪

( Vijay, Ajith, Rajini, kamal, vikram, surya )
#Thala #thalapathy #tvk #politics #vintage
#raiinikanth #superstar #vikram #surya #ulaganayagan
#vijay #ajith",threads,75737819562,the_ai_kid_
[],2026-01-12T09:36:05.796213+07:00,"My heart broke for Nicki Minaj. I had a great time stanning you for years, queen. Your talent remains unmatched. 

But I can no longer stand with your beliefs and politics.

Signing off as a Barb. Thank you for the years. This chapter is over. 💔",2025-12-22T12:09:01+07:00,,3792993999335278589,threads,threads.com,threads_crawler_v1,https://www.threads.net/@whybernardwhy/post/DSja_I9kUf9,https://instagram.fhan4-5.fna.fbcdn.net/v/t51.2885-19/552929260_17926380042112611_3578513068350193884_n.jpg?stp=dst-jpg_s150x150_tt6&efg=eyJ2ZW5jb2RlX3RhZyI6InByb2ZpbGVfcGljLmRqYW5nby4xMDgwLmMyIn0&_nc_ht=instagram.fhan4-5.fna.fbcdn.net&_nc_cat=103&_nc_oc=Q6cZ2QE6-AOUk8ZkJQ6ToSExM6qL3onT8e1Wqt-ic7lmiDGGBcQrq1yVYCh_tvwp94QbdrI&_nc_ohc=yJQVcOvzF5QQ7kNvwG25wZk&_nc_gid=GXzixpb-QYlxUrHS92VAkw&edm=AJhczIQBAAAA&ccb=7-5&oh=00_AfphEvCSXySYcobx9IO4g44qV_7hi1AVBhaHMhgCOCUMlg&oe=696A3270&_nc_sid=4a2096,661,0,4446,209,0,[],,https://www.threads.net/@whybernardwhy/post/DSja_I9kUf9,[],"{'likes': 4446, 'reposts': 200, 'quotes': 9}",threads,3792993999335278589,Bernard,Nicki Minaj,"My heart broke for Nicki Minaj. I had a great time stanning you for years, queen. Your talent remains unmatched. 

But I can no longer stand with your beliefs and politics.

Signing off as a Barb. Thank you for the years. This chapter is over. 💔",threads,63374768610,whybernardwhy
[],2026-01-12T09:36:41.344942+07:00,"Columbus, Ohio joins in solidarity with Minneapolis and protests ICE and the authoritarian Trump administration. We need everyone coming together, put politics aside and defend the people against this rogue government.",2026-01-08T10:53:06+07:00,,3805276594035070263,threads,threads.com,threads_crawler_v1,https://www.threads.net/@demsmight/post/DTPDuarkZU3,https://instagram.fhan3-3.fna.fbcdn.net/v/t51.2885-19/437718668_842348134390262_967629218541695561_n.jpg?stp=dst-jpg_s150x150_tt6&efg=eyJ2ZW5jb2RlX3RhZyI6InByb2ZpbGVfcGljLmRqYW5nby44MDIuYzIifQ&_nc_ht=instagram.fhan3-3.fna.fbcdn.net&_nc_cat=1&_nc_oc=Q6cZ2QGvgBKDrAyEHVEqDBuwearxOD7zNpit02yIYIKob0nwECxLPQG7cWCnZAdmC9nxb7g&_nc_ohc=JWEZtRkYOy8Q7kNvwGfZy_1&_nc_gid=6gLQaozsZvjwawlK9DUDQg&edm=AJhczIQBAAAA&ccb=7-5&oh=00_AfoKzcJO8zGWy4tgu6lIQdBCiH2bqLP8NrMt4c-oVC8B6g&oe=696A3C5B&_nc_sid=4a2096,3,0,1294,204,0,"['https://instagram.fhan4-1.fna.fbcdn.net/v/t51.2885-15/611236278_1176614384647253_6902017070375592412_n.jpg?stp=dst-jpg_e15_tt6&efg=eyJ2ZW5jb2RlX3RhZyI6InRocmVhZHMuRkVFRC5pbWFnZV91cmxnZW4uNjQweDQwNi5zZHIuZjcxODc4LmRlZmF1bHRfY292ZXJfZnJhbWUuYzIifQ&_nc_ht=instagram.fhan4-1.fna.fbcdn.net&_nc_cat=105&_nc_oc=Q6cZ2QGvgBKDrAyEHVEqDBuwearxOD7zNpit02yIYIKob0nwECxLPQG7cWCnZAdmC9nxb7g&_nc_ohc=B1UEE0FnLd4Q7kNvwH0qxJB&_nc_gid=6gLQaozsZvjwawlK9DUDQg&edm=AJhczIQBAAAA&ccb=7-5&ig_cache_key=MzgwNTI3NjU5NDAzNTA3MDI2Mw%3D%3D.3-ccb7-5&oh=00_AfpnAoTAokEHLohzv8GDlx6kjz3t5oEGXq9wAmWeEsxpIw&oe=696A3C14&_nc_sid=4a2096', 'https://instagram.fhan4-6.fna.fbcdn.net/o1/v/t16/f2/m84/AQOonMGHIgjhJYY-faWJ4L7NDvML5kgW1EJvJLkQQSsAKXyK-Z4-1CcG_XFB2xdOqIaywQJWxCDldO3Yf5ji4Y-CJ2O2sOljYOhEB6k.mp4?_nc_cat=109&_nc_oc=AdmWcpP5kPKMM_9XokDtXk6J2nM6t-IozUMDNDYcPdDk9eS59uA5Pup9Dg4BxRtC7is&_nc_sid=5e9851&_nc_ht=instagram.fhan4-6.fna.fbcdn.net&_nc_ohc=C2KuQubAqfwQ7kNvwH-AzIQ&efg=eyJ2ZW5jb2RlX3RhZyI6Inhwdl9wcm9ncmVzc2l2ZS5JTlNUQUdSQU0uRkVFRC5DMy41NjQuZGFzaF9iYXNlbGluZV8zX3YxIiwieHB2X2Fzc2V0X2lkIjoxMTkzOTA1OTA5NTYxOTY4LCJhc3NldF9hZ2VfZGF5cyI6MywidmlfdXNlY2FzZV9pZCI6MTAxNjQsImR1cmF0aW9uX3MiOjExLCJ1cmxnZW5fc291cmNlIjoid3d3In0%3D&ccb=17-1&_nc_gid=6gLQaozsZvjwawlK9DUDQg&_nc_zt=28&vs=d24833084c58b4a6&_nc_vs=HBkcFQIYTGlnX2JhY2tmaWxsX3RpbWVsaW5lX3ZvZC8xNTRFOUMwMUI4QjBENTRENzhBNkM1QjFCRUE4RUZBQl92aWRlb19kYXNoaW5pdC5tcDQVAALIARIAKAAYABsCiAd1c2Vfb2lsATEScHJvZ3Jlc3NpdmVfcmVjaXBlATEVAAAm4OmTmrz2ngQVAigCQzMsF0AniDEm6XjVGBJkYXNoX2Jhc2VsaW5lXzNfdjERAHXqB2XongEA&oh=00_AfrVDPZZtdJtcn81hvhZIEmN4bTCQsvfKAM_5UNS6_naPA&oe=696646F3']",,https://www.threads.net/@demsmight/post/DTPDuarkZU3,[],"{'likes': 1294, 'reposts': 192, 'quotes': 12}",threads,3805276594035070263,DemsMight,,"Columbus, Ohio joins in solidarity with Minneapolis and protests ICE and the authoritarian Trump administration. We need everyone coming together, put politics aside and defend the people against this rogue government.",threads,63422714611,demsmight
[],2026-01-12T09:36:41.345340+07:00,"Bmf or more idk (I can't believe I'm doing this)
-17
-omnivert
-masc
-lesbian
-nerd (knowledge is food to my soul)
-history, math, physics, philosophy, politics,..
-BL fan
-kdrama
-Chase Atlantic

Idk what else, fill the gaps with your imagination🙏",2025-11-18T22:33:33+07:00,,3768665961705029945,threads,threads.com,threads_crawler_v1,https://www.threads.net/@for._evee/post/DRM_bmUiME5,https://instagram.fhan4-6.fna.fbcdn.net/v/t51.2885-19/581879498_17843223162617949_7066746102945258034_n.jpg?stp=dst-jpg_s150x150_tt6&efg=eyJ2ZW5jb2RlX3RhZyI6InByb2ZpbGVfcGljLmRqYW5nby43MzYuYzIifQ&_nc_ht=instagram.fhan4-6.fna.fbcdn.net&_nc_cat=109&_nc_oc=Q6cZ2QGvgBKDrAyEHVEqDBuwearxOD7zNpit02yIYIKob0nwECxLPQG7cWCnZAdmC9nxb7g&_nc_ohc=sGj-j5_R4AQQ7kNvwF9Izy_&_nc_gid=6gLQaozsZvjwawlK9DUDQg&edm=AJhczIQBAAAA&ccb=7-5&oh=00_AfqjsbeyB9XpOUoJ4EscQq1hHNKvTHrja5S9TOJWy3KZ2Q&oe=696A228D&_nc_sid=4a2096,36,0,21,0,0,[],,https://www.threads.net/@for._evee/post/DRM_bmUiME5,[],"{'likes': 21, 'reposts': 0, 'quotes': 0}",threads,3768665961705029945,𖦹,,"Bmf or more idk (I can't believe I'm doing this)
-17
-omnivert
-masc
-lesbian
-nerd (knowledge is food to my soul)
-history, math, physics, philosophy, politics,..
-BL fan
-kdrama
-Chase Atlantic

Idk what else, fill the gaps with your imagination🙏",threads,78547801948,for._evee
[],2026-01-12T09:36:41.345535+07:00,"☎️For New Campaign Enquiry- 7666119404 / 8379815813

#electioncampaign #socialmedia #politicalbranding #maharashtrapolitics #politics #election #bmcelections #bmc #pmc #mahanagarpalika_election #jilhaparishad #ncpsp #congress #MNS #karykarta #nivadnuk #laksh2025 #Narendramodi #devendrafadanvis #ajitpawar #eknathshinde #udhhavthackeray #rajthackrey #maharastra #indianpolitics
#nagarpalika #bjp #shivsena #shivsenaubt #ncp",2025-10-18T20:33:34+07:00,,3746137520439749510,threads,threads.com,threads_crawler_v1,https://www.threads.net/@omkar_designs__/post/DP89DoZkuuG,https://instagram.fhan3-3.fna.fbcdn.net/v/t51.2885-19/469287682_994301549193193_1004561016607679511_n.jpg?stp=dst-jpg_s150x150_tt6&efg=eyJ2ZW5jb2RlX3RhZyI6InByb2ZpbGVfcGljLmRqYW5nby4xMDgwLmMyIn0&_nc_ht=instagram.fhan3-3.fna.fbcdn.net&_nc_cat=101&_nc_oc=Q6cZ2QGvgBKDrAyEHVEqDBuwearxOD7zNpit02yIYIKob0nwECxLPQG7cWCnZAdmC9nxb7g&_nc_ohc=mD_d0SSYoHMQ7kNvwGqaQbT&_nc_gid=6gLQaozsZvjwawlK9DUDQg&edm=AJhczIQBAAAA&ccb=7-5&oh=00_AfpgD12AyR74ips3rZQQLCN3NiSEGGcZcw0pE-fNpRdKSw&oe=696A1CE3&_nc_sid=4a2096,0,0,16,0,0,['https://instagram.fhan4-6.fna.fbcdn.net/v/t51.2885-15/566249069_17890595496359816_5297232463907634595_n.jpg?stp=dst-jpg_e35_tt6&efg=eyJ2ZW5jb2RlX3RhZyI6InRocmVhZHMuQ0FST1VTRUxfSVRFTS5pbWFnZV91cmxnZW4uMTQ0MHgxODAwLnNkci5mODI3ODcuZGVmYXVsdF9pbWFnZS5jMiJ9&_nc_ht=instagram.fhan4-6.fna.fbcdn.net&_nc_cat=108&_nc_oc=Q6cZ2QGvgBKDrAyEHVEqDBuwearxOD7zNpit02yIYIKob0nwECxLPQG7cWCnZAdmC9nxb7g&_nc_ohc=x6n3yHnaevQQ7kNvwGx5WgK&_nc_gid=6gLQaozsZvjwawlK9DUDQg&edm=AJhczIQBAAAA&ccb=7-5&ig_cache_key=Mzc0NjEzNzUxMjAwOTE1NTI1Mw%3D%3D.3-ccb7-5&oh=00_AfpRJkQf-opcgVRhMEvviRnRO8DGxGG0EF6nHm66gWhGGA&oe=696A3103&_nc_sid=4a2096'],,https://www.threads.net/@omkar_designs__/post/DP89DoZkuuG,[],"{'likes': 16, 'reposts': 0, 'quotes': 0}",threads,3746137520439749510,Omkar_Design's,,"☎️For New Campaign Enquiry- 7666119404 / 8379815813

#electioncampaign #socialmedia #politicalbranding #maharashtrapolitics #politics #election #bmcelections #bmc #pmc #mahanagarpalika_election #jilhaparishad #ncpsp #congress #MNS #karykarta #nivadnuk #laksh2025 #Narendramodi #devendrafadanvis #ajitpawar #eknathshinde #udhhavthackeray #rajthackrey #maharastra #indianpolitics
#nagarpalika #bjp #shivsena #shivsenaubt #ncp",threads,71284663095,omkar_designs__
[],2026-01-12T09:36:41.345701+07:00,"We need more liberal arts education. Folks aint studying and connecting the dots on history, politics, literature and sociology no more and it shows.",2025-06-25T20:24:59+07:00,,3662783995381420303,threads,threads.com,threads_crawler_v1,https://www.threads.net/@thenapministry/post/DLU0qM1shEP,https://instagram.fhan4-3.fna.fbcdn.net/v/t51.2885-19/358794767_754482586457532_6014830258391955333_n.jpg?stp=dst-jpg_s150x150_tt6&efg=eyJ2ZW5jb2RlX3RhZyI6InByb2ZpbGVfcGljLmRqYW5nby4xMDgwLmMyIn0&_nc_ht=instagram.fhan4-3.fna.fbcdn.net&_nc_cat=100&_nc_oc=Q6cZ2QGvgBKDrAyEHVEqDBuwearxOD7zNpit02yIYIKob0nwECxLPQG7cWCnZAdmC9nxb7g&_nc_ohc=3V4-reugWfYQ7kNvwHkE1Vh&_nc_gid=6gLQaozsZvjwawlK9DUDQg&edm=AJhczIQBAAAA&ccb=7-5&oh=00_AfoC5sMI1ryV6jwjvL_i81QsWGCxoUS2uMLo1CR7CtC44A&oe=696A22DA&_nc_sid=4a2096,84,0,4830,616,0,[],,https://www.threads.net/@thenapministry/post/DLU0qM1shEP,[],"{'likes': 4830, 'reposts': 593, 'quotes': 23}",threads,3662783995381420303,The Nap Ministry,,"We need more liberal arts education. Folks aint studying and connecting the dots on history, politics, literature and sociology no more and it shows.",threads,63491304331,thenapministry
[],2026-01-12T09:36:41.345892+07:00,"The treatment for;

1.Ectopic pregnancy
2.Incomplete miscarriage
3.Missed miscarriage
4.Septic uterus / septic abortion
5.Molar pregnancy
6.Pre-viable PPROM with infection risk
7.Severe preeclampsia or eclampsia (pre-viability)
8.HELLP syndrome
9.Chorioamnionitis
10.Placental abruption with maternal instability

Is an ABORTION!

If you are denied an abortion in these situations, you DIE!

This isn’t politics. It’s medicine!!",2025-12-28T22:23:00+07:00,,3797651681199605530,threads,threads.com,threads_crawler_v1,https://www.threads.net/@xo_odera/post/DSz-BVOkUca,https://instagram.fhan3-3.fna.fbcdn.net/v/t51.2885-19/526699095_17917190871114539_5674499283494962900_n.jpg?stp=dst-jpg_s150x150_tt6&efg=eyJ2ZW5jb2RlX3RhZyI6InByb2ZpbGVfcGljLmRqYW5nby41MzkuYzIifQ&_nc_ht=instagram.fhan3-3.fna.fbcdn.net&_nc_cat=111&_nc_oc=Q6cZ2QGvgBKDrAyEHVEqDBuwearxOD7zNpit02yIYIKob0nwECxLPQG7cWCnZAdmC9nxb7g&_nc_ohc=Qz0_5K3WAzkQ7kNvwH3vlMB&_nc_gid=6gLQaozsZvjwawlK9DUDQg&edm=AJhczIQBAAAA&ccb=7-5&oh=00_Afr2_GVu9foZDquaZub1mqbB_76g6sXdr92kw9uyEF2Gmg&oe=696A2EC5&_nc_sid=4a2096,1352,0,9396,1405,0,[],,https://www.threads.net/@xo_odera/post/DSz-BVOkUca,[],"{'likes': 9396, 'reposts': 1359, 'quotes': 46}",threads,3797651681199605530,Odera 🧸,,"The treatment for;

1.Ectopic pregnancy
2.Incomplete miscarriage
3.Missed miscarriage
4.Septic uterus / septic abortion
5.Molar pregnancy
6.Pre-viable PPROM with infection risk
7.Severe preeclampsia or eclampsia (pre-viability)
8.HELLP syndrome
9.Chorioamnionitis
10.Placental abruption with maternal instability

Is an ABORTION!

If you are denied an abortion in these situations, you DIE!

This isn’t politics. It’s medicine!!",threads,63439786538,xo_odera
[],2026-01-12T09:36:41.346051+07:00,"Even though he’s starting from behind in terms of total war chest, Doug Jones outraised Tommy Tuberville in December as they head into the Alabama gubernatorial race ",2026-01-06T21:46:59+07:00,,3804156533304031537,threads,threads.com,threads_crawler_v1,https://www.threads.net/@joyce_white_vance/post/DTLFDY1kXkx,https://instagram.fhan3-4.fna.fbcdn.net/v/t51.2885-19/358093972_1701363377030826_6824859324102508835_n.jpg?stp=dst-jpg_s150x150_tt6&efg=eyJ2ZW5jb2RlX3RhZyI6InByb2ZpbGVfcGljLmRqYW5nby4xMDgwLmMyIn0&_nc_ht=instagram.fhan3-4.fna.fbcdn.net&_nc_cat=106&_nc_oc=Q6cZ2QGvgBKDrAyEHVEqDBuwearxOD7zNpit02yIYIKob0nwECxLPQG7cWCnZAdmC9nxb7g&_nc_ohc=B_J8OJOg-sEQ7kNvwF1vrG2&_nc_gid=6gLQaozsZvjwawlK9DUDQg&edm=AJhczIQBAAAA&ccb=7-5&oh=00_Afo7bpFGQJJwN0hFQtYJkP0YOsAogkgna1QXHSGTKPatoQ&oe=696A4483&_nc_sid=4a2096,119,0,3562,298,0,[],,https://www.threads.net/@joyce_white_vance/post/DTLFDY1kXkx,[],"{'likes': 3562, 'reposts': 286, 'quotes': 12}",threads,3804156533304031537,Joyce Vance,,"Even though he’s starting from behind in terms of total war chest, Doug Jones outraised Tommy Tuberville in December as they head into the Alabama gubernatorial race https://www.al.com/politics/2026/01/doug-jones-outraises-tuberville-in-december-but-trails-republicans-multi-million-dollar-lead.html",threads,63432615162,joyce_white_vance
[],2026-01-12T09:36:41.346266+07:00,"“Before I make changes, let me show respect to the OGs.”  Michelle Obama looks back on her early years in the White House & conversations with former First Ladies.
 ALL THE SMOKE with @MichelleObama & @CraigMalRob is now available on our YouTube! ⬇️",2025-08-15T00:32:12+07:00,,3699147203351430314,threads,threads.com,threads_crawler_v1,https://www.threads.net/@allthesmoke/post/DNWAshTpESq,https://instagram.fhan3-3.fna.fbcdn.net/v/t51.2885-19/588627839_17933354508113041_6513446664131679066_n.jpg?stp=dst-jpg_s150x150_tt6&efg=eyJ2ZW5jb2RlX3RhZyI6InByb2ZpbGVfcGljLmRqYW5nby4xMDgwLmMyIn0&_nc_ht=instagram.fhan3-3.fna.fbcdn.net&_nc_cat=101&_nc_oc=Q6cZ2QGvgBKDrAyEHVEqDBuwearxOD7zNpit02yIYIKob0nwECxLPQG7cWCnZAdmC9nxb7g&_nc_ohc=NnhPG0eGgsUQ7kNvwFNZABm&_nc_gid=6gLQaozsZvjwawlK9DUDQg&edm=AJhczIQBAAAA&ccb=7-5&oh=00_Afoxc3tyqCTF9vuwNIN43pUkOvRvcxGFVwf-mdLlWNpgfg&oe=696A3850&_nc_sid=4a2096,21,0,1466,65,0,"['https://instagram.fhan3-3.fna.fbcdn.net/v/t51.2885-15/532071607_18095136934654321_528977267948106533_n.jpg?stp=dst-jpg_e15_tt6&efg=eyJ2ZW5jb2RlX3RhZyI6InRocmVhZHMuRkVFRC5pbWFnZV91cmxnZW4uMTE3MHgyMDgwLnNkci5mODI3ODcuZGVmYXVsdF9jb3Zlcl9mcmFtZS5jMiJ9&_nc_ht=instagram.fhan3-3.fna.fbcdn.net&_nc_cat=101&_nc_oc=Q6cZ2QGvgBKDrAyEHVEqDBuwearxOD7zNpit02yIYIKob0nwECxLPQG7cWCnZAdmC9nxb7g&_nc_ohc=CQVkREdBJsoQ7kNvwHErvVl&_nc_gid=6gLQaozsZvjwawlK9DUDQg&edm=AJhczIQBAAAA&ccb=7-5&ig_cache_key=MzY5OTE0NzIwMzM1MTQzMDMxNA%3D%3D.3-ccb7-5&oh=00_AfrV5uTzHh0KXXCWZSal3nWF1zI7i6fMgUBs61MluBxyPg&oe=696A4CA8&_nc_sid=4a2096', 'https://instagram.fhan3-2.fna.fbcdn.net/o1/v/t2/f2/m86/AQPL6ZRKW7tgDgG6Rhl54pa55m3rpKasO3hY3xSGqQbYnFF7qyrDpQxDU0E-KmAXs9c35Gyl7iLui8THXUUC6DTxwJ3Xi4mRSbfTXuc.mp4?_nc_cat=107&_nc_oc=AdnnnH0jaxkUOHmLOXE7XTZG5uiShWCErpcdeRmLCRCZKoK2R2P9wRhczdp2sCj6zfg&_nc_sid=5e9851&_nc_ht=instagram.fhan3-2.fna.fbcdn.net&_nc_ohc=Hb1XRSsZse4Q7kNvwHa6fnV&efg=eyJ2ZW5jb2RlX3RhZyI6Inhwdl9wcm9ncmVzc2l2ZS5JTlNUQUdSQU0uRkVFRC5DMy43MjAuZGFzaF9iYXNlbGluZV8xX3YxIiwieHB2X2Fzc2V0X2lkIjo3ODA5NzE1NDQ2MTE3MDMsImFzc2V0X2FnZV9kYXlzIjoxNTAsInZpX3VzZWNhc2VfaWQiOjEwMDk5LCJkdXJhdGlvbl9zIjo4OSwidXJsZ2VuX3NvdXJjZSI6Ind3dyJ9&ccb=17-1&_nc_gid=6gLQaozsZvjwawlK9DUDQg&_nc_zt=28&vs=782845a96f260d61&_nc_vs=HBksFQIYUmlnX3hwdl9yZWVsc19wZXJtYW5lbnRfc3JfcHJvZC8yODQwQjhFRUM0RjE2M0RBNDZDQURBRTc1OTQyQjk5M192aWRlb19kYXNoaW5pdC5tcDQVAALIARIAFQIYR2lnX3hwdl9yZWVsc19wZXJtYW5lbnRfc3JfcHJvZC8xODUwNTAwODg1NjgwMzUwXzgwNjgwNDU5NDU4NDMwMzQ1NzQubXA0FQICyAESACgAGAAbAogHdXNlX29pbAExEnByb2dyZXNzaXZlX3JlY2lwZQExFQAAJu6t-LfDkuMCFQIoAkMzLBdAVn2yLQ5WBBgSZGFzaF9iYXNlbGluZV8xX3YxEQB16gdl5p0BAA&oh=00_AfoGzmbmt4VZxg2NfQq3l4-fJ2sQPEqua4sg9W94C33E0w&oe=696624D0']",,https://www.threads.net/@allthesmoke/post/DNWAshTpESq,[],"{'likes': 1466, 'reposts': 63, 'quotes': 2}",threads,3699147203351430314,ALL THE SMOKE,Politics,"“Before I make changes, let me show respect to the OGs.”  Michelle Obama looks back on her early years in the White House & conversations with former First Ladies.
 ALL THE SMOKE with MichelleObama & CraigMalRob is now available on our YouTube! ⬇️",threads,63432209040,allthesmoke
[],2026-01-12T09:36:41.346508+07:00,"New trending sarpanch video editing 
Scan and add your photos 
Do follow for more this type of QR code 
.
.
.
.
.
.
.
#trending 
#editor 
#editinglife 
#editingzone 
#sarpanch 
#congres 
#party 
#ganicreations 
#alightmotionedits 
#politics 
#elections 
#viralvideos",2025-12-09T13:12:44+07:00,,3783603966945906005,threads,threads.com,threads_crawler_v1,https://www.threads.net/@editing_zone_000/post/DSCD8L0kc1V,https://instagram.fhan4-5.fna.fbcdn.net/v/t51.2885-19/474575729_2769210256620627_7557344291272934561_n.jpg?stp=dst-jpg_s150x150_tt6&efg=eyJ2ZW5jb2RlX3RhZyI6InByb2ZpbGVfcGljLmRqYW5nby4xMDgwLmMyIn0&_nc_ht=instagram.fhan4-5.fna.fbcdn.net&_nc_cat=103&_nc_oc=Q6cZ2QGvgBKDrAyEHVEqDBuwearxOD7zNpit02yIYIKob0nwECxLPQG7cWCnZAdmC9nxb7g&_nc_ohc=WXB4v-mmP08Q7kNvwFhlDe_&_nc_gid=6gLQaozsZvjwawlK9DUDQg&edm=AJhczIQBAAAA&ccb=7-5&oh=00_Afqnr5HkzU2A2IhXYqPZaOGXiyFJ9GHptTZ97ws1Q_edpQ&oe=696A23C6&_nc_sid=4a2096,0,0,16,2,0,"['https://instagram.fhan4-6.fna.fbcdn.net/v/t51.2885-15/589725831_17942219436093429_8837349654920422138_n.jpg?stp=dst-jpg_e15_tt6&efg=eyJ2ZW5jb2RlX3RhZyI6InRocmVhZHMuRkVFRC5pbWFnZV91cmxnZW4uNDgweDg1NC5zZHIuZjgyNzg3LmRlZmF1bHRfY292ZXJfZnJhbWUuYzIifQ&_nc_ht=instagram.fhan4-6.fna.fbcdn.net&_nc_cat=109&_nc_oc=Q6cZ2QGvgBKDrAyEHVEqDBuwearxOD7zNpit02yIYIKob0nwECxLPQG7cWCnZAdmC9nxb7g&_nc_ohc=4rgspIFL47oQ7kNvwESyUOX&_nc_gid=6gLQaozsZvjwawlK9DUDQg&edm=AJhczIQBAAAA&ccb=7-5&ig_cache_key=Mzc4MzYwMzk2Njk0NTkwNjAwNQ%3D%3D.3-ccb7-5&oh=00_AfraFRb77GTdPBoONz-mxuu-UNAXaMqZ8de-OSfEDA-cqA&oe=696A2CA3&_nc_sid=4a2096', 'https://instagram.fhan4-3.fna.fbcdn.net/o1/v/t2/f2/m86/AQPDCF9yBKD-uCSCFUhlparmBVC9jELpcp4dED8iIlKvztw0YaQH_UbpkDQu8plDWKlrRFGjey8xYvW6yWJquFvCBNkrs_PB17CtmTY.mp4?_nc_cat=100&_nc_oc=AdlIT5fcPNdwtUcltSK-aPI_-yy7Yl2w4FIWbTvQVNe0gZrphUhfjfVlqSeoEXVC9dM&_nc_sid=5e9851&_nc_ht=instagram.fhan4-3.fna.fbcdn.net&_nc_ohc=DbvrSkYLDU8Q7kNvwH-X3_a&efg=eyJ2ZW5jb2RlX3RhZyI6Inhwdl9wcm9ncmVzc2l2ZS5JTlNUQUdSQU0uRkVFRC5DMy43MjAuZGFzaF9iYXNlbGluZV8xX3YxIiwieHB2X2Fzc2V0X2lkIjoxNTI1NzQ2Nzc4OTcwMjkwLCJhc3NldF9hZ2VfZGF5cyI6MzMsInZpX3VzZWNhc2VfaWQiOjEwMDk5LCJkdXJhdGlvbl9zIjoyNSwidXJsZ2VuX3NvdXJjZSI6Ind3dyJ9&ccb=17-1&_nc_gid=6gLQaozsZvjwawlK9DUDQg&_nc_zt=28&vs=9ba1f118416d9993&_nc_vs=HBksFQIYUmlnX3hwdl9yZWVsc19wZXJtYW5lbnRfc3JfcHJvZC85RTQwQzgyMUYyNkMzQkJCQjI3QzI5MUI0Qzk4NTY5OF92aWRlb19kYXNoaW5pdC5tcDQVAALIARIAFQIYOnBhc3N0aHJvdWdoX2V2ZXJzdG9yZS9HQkpVZlNORnFyWi16RGdMQUdxczBORmx2MVVCYnN0VEFRQUYVAgLIARIAKAAYABsCiAd1c2Vfb2lsATEScHJvZ3Jlc3NpdmVfcmVjaXBlATEVAAAm5OK4rJPqtQUVAigCQzMsF0A5mZmZmZmaGBJkYXNoX2Jhc2VsaW5lXzFfdjERAHXqB2XmnQEA&oh=00_Afp1YxmsIUBrlAtnbDfgeGiHxRgD9d85ACS265YGKQv6dQ&oe=696630E5']",,https://www.threads.net/@editing_zone_000/post/DSCD8L0kc1V,[],"{'likes': 16, 'reposts': 1, 'quotes': 1}",threads,3783603966945906005,Gani creations,,"New trending sarpanch video editing 
Scan and add your photos 
Do follow for more this type of QR code 
.
.
.
.
.
.
.
#trending 
#editor 
#editinglife 
#editingzone 
#sarpanch 
#congres 
#party 
#ganicreations 
#alightmotionedits 
#politics 
#elections 
#viralvideos",threads,71899164864,editing_zone_000
[],2026-01-12T09:36:41.346775+07:00,"I do not want Venezuela
I do not want Greenland. 
I do not want Cuba. 
I do not want Canada. 
I do not want Mexico. 

I want affordable healthcare.
I want cancer research restored.
I want safe drinking water.
I want clean air.
I want big money out of politics.
I want Diversity.
I want Equity.
I want Inclusion.

(Oh, and release the Epstein files too)",2026-01-06T04:50:57+07:00,,3803645146043691364,threads,threads.com,threads_crawler_v1,https://www.threads.net/@earth_tone_mocha/post/DTJQxuVkrFk,https://instagram.fhan3-3.fna.fbcdn.net/v/t51.2885-19/446761380_1102170630873433_55368175398887656_n.jpg?stp=dst-jpg_s150x150_tt6&efg=eyJ2ZW5jb2RlX3RhZyI6InByb2ZpbGVfcGljLmRqYW5nby4xMDgwLmMyIn0&_nc_ht=instagram.fhan3-3.fna.fbcdn.net&_nc_cat=101&_nc_oc=Q6cZ2QGvgBKDrAyEHVEqDBuwearxOD7zNpit02yIYIKob0nwECxLPQG7cWCnZAdmC9nxb7g&_nc_ohc=gEhV8AMVZnoQ7kNvwFpB602&_nc_gid=6gLQaozsZvjwawlK9DUDQg&edm=AJhczIQBAAAA&ccb=7-5&oh=00_Afrk_7pU_X-4V3ozYtmaENfwP1bFCisYQYe7rmolhKNszg&oe=696A3C26&_nc_sid=4a2096,333,0,7308,985,0,[],,https://www.threads.net/@earth_tone_mocha/post/DTJQxuVkrFk,[],"{'likes': 7308, 'reposts': 971, 'quotes': 14}",threads,3803645146043691364,Tora I. Watson-Freeman,,"I do not want Venezuela
I do not want Greenland. 
I do not want Cuba. 
I do not want Canada. 
I do not want Mexico. 

I want affordable healthcare.
I want cancer research restored.
I want safe drinking water.
I want clean air.
I want big money out of politics.
I want Diversity.
I want Equity.
I want Inclusion.

(Oh, and release the Epstein files too)",threads,66998965855,earth_tone_mocha
[],2026-01-12T09:36:41.347072+07:00,"As a Ukrainian who travels a lot but still lives in Ukraine, here’s how it feels:
1. Talking about politics with foreigners often feels like a blind person speaking to the deaf. Their views also depend on the country we’re in much more than they think.
2. I have PTSD, sometimes I wake up convinced a missile is coming. I instinctively hold my cat and then realize I was just napping on a train and my cat isn’t even with me.
3. To my dear Latvians, Estonians, Kazakhs, and others who speak russian:",2025-12-07T03:52:23+07:00,,3781872399617153893,threads,threads.com,threads_crawler_v1,https://www.threads.net/@buibvyy/post/DR76OkFCNtl,https://instagram.fhan4-5.fna.fbcdn.net/v/t51.2885-19/610706660_17860056468569534_5407691122556336725_n.jpg?stp=dst-jpg_s150x150_tt6&efg=eyJ2ZW5jb2RlX3RhZyI6InByb2ZpbGVfcGljLmRqYW5nby4xMDgwLmMyIn0&_nc_ht=instagram.fhan4-5.fna.fbcdn.net&_nc_cat=102&_nc_oc=Q6cZ2QGvgBKDrAyEHVEqDBuwearxOD7zNpit02yIYIKob0nwECxLPQG7cWCnZAdmC9nxb7g&_nc_ohc=eId18yCt2B0Q7kNvwEi2sO1&_nc_gid=6gLQaozsZvjwawlK9DUDQg&edm=AJhczIQBAAAA&ccb=7-5&oh=00_AfpzSuMpTrX5kqGCKfYscfPvUtiepaiZNW42ISOnzVLdmw&oe=696A1669&_nc_sid=4a2096,602,0,3292,59,0,[],,https://www.threads.net/@buibvyy/post/DR76OkFCNtl,[],"{'likes': 3292, 'reposts': 59, 'quotes': 0}",threads,3781872399617153893,Buibvyy,war,"As a Ukrainian who travels a lot but still lives in Ukraine, here’s how it feels:
1. Talking about politics with foreigners often feels like a blind person speaking to the deaf. Their views also depend on the country we’re in much more than they think.
2. I have PTSD, sometimes I wake up convinced a missile is coming. I instinctively hold my cat and then realize I was just napping on a train and my cat isn’t even with me.
3. To my dear Latvians, Estonians, Kazakhs, and others who speak russian:",threads,77157753533,buibvyy
[],2026-01-12T09:36:41.347351+07:00,"Trump is a bully and a lout. No president has ever spoken to the American people like this. His whole administration does the same thing. But I think most people still value basic, old-fashioned, American decency. #trump #politics #decency #values",2025-11-19T04:59:26+07:00,,3768860174975026789,threads,threads.com,threads_crawler_v1,https://www.threads.net/@terrymoranjournalist/post/DRNrlxhgMZl,https://instagram.fhan3-4.fna.fbcdn.net/v/t51.2885-19/357870441_718610893366696_3940212107559917378_n.jpg?stp=dst-jpg_s150x150_tt6&efg=eyJ2ZW5jb2RlX3RhZyI6InByb2ZpbGVfcGljLmRqYW5nby45NTkuYzIifQ&_nc_ht=instagram.fhan3-4.fna.fbcdn.net&_nc_cat=104&_nc_oc=Q6cZ2QGvgBKDrAyEHVEqDBuwearxOD7zNpit02yIYIKob0nwECxLPQG7cWCnZAdmC9nxb7g&_nc_ohc=XZwFcLdZ31gQ7kNvwGeEwDe&_nc_gid=6gLQaozsZvjwawlK9DUDQg&edm=AJhczIQBAAAA&ccb=7-5&oh=00_AfrQ3HfZ4u26VmhEw9R-FzFOKbLw-UvONhlLWHeWfV_g8A&oe=696A27B3&_nc_sid=4a2096,963,0,29269,3026,0,"['https://instagram.fhan3-2.fna.fbcdn.net/v/t51.2885-15/583954570_1101081541927111_5949587101698257294_n.jpg?stp=dst-jpg_e15_tt6&efg=eyJ2ZW5jb2RlX3RhZyI6InRocmVhZHMuRkVFRC5pbWFnZV91cmxnZW4uNjQweDExMzYuc2RyLmY3MTg3OC5kZWZhdWx0X2NvdmVyX2ZyYW1lLmMyIn0&_nc_ht=instagram.fhan3-2.fna.fbcdn.net&_nc_cat=107&_nc_oc=Q6cZ2QGvgBKDrAyEHVEqDBuwearxOD7zNpit02yIYIKob0nwECxLPQG7cWCnZAdmC9nxb7g&_nc_ohc=ESu6looeSE4Q7kNvwHzzhGh&_nc_gid=6gLQaozsZvjwawlK9DUDQg&edm=AJhczIQBAAAA&ccb=7-5&ig_cache_key=Mzc2ODg2MDE3NDk3NTAyNjc4OQ%3D%3D.3-ccb7-5&oh=00_AfrNAfzVou374CPXs6D1DzT2-uqGyYbqUDWFFv6dpENU8Q&oe=696A2C43&_nc_sid=4a2096', 'https://instagram.fhan4-6.fna.fbcdn.net/o1/v/t16/f2/m69/AQPG5r1_v1GmlitlI2JqK_LgD_q0kRZp8DXfveq2URgYQk7V2FW3AC7VMZILz-whhLP8EUMHlXrcHpBuTs41vNqw.mp4?strext=1&_nc_cat=108&_nc_oc=AdkGI2K-lHF5BDTxukmcGDgN_ShVguDtdFzMHKIcQtntwVaT-kz16IU5d8FvnH-Q7qo&_nc_sid=5e9851&_nc_ht=instagram.fhan4-6.fna.fbcdn.net&_nc_ohc=BB9qrtiZf0AQ7kNvwHXhrle&efg=eyJ2ZW5jb2RlX3RhZyI6Inhwdl9wcm9ncmVzc2l2ZS5JTlNUQUdSQU0uRkVFRC5DMy43MjAuZGFzaF9iYXNlbGluZV8xX3YxIiwieHB2X2Fzc2V0X2lkIjoxMjU2ODg5OTI2NDY2MDUzLCJhc3NldF9hZ2VfZGF5cyI6NTQsInZpX3VzZWNhc2VfaWQiOjEwMDk5LCJkdXJhdGlvbl9zIjo4OSwidXJsZ2VuX3NvdXJjZSI6Ind3dyJ9&ccb=17-1&_nc_gid=6gLQaozsZvjwawlK9DUDQg&_nc_zt=28&vs=457f371d7c1ef3df&_nc_vs=HBksFQIYOnBhc3N0aHJvdWdoX2V2ZXJzdG9yZS9HR05WNFNJcDFianBKZ0VEQU9DNnpRRHRBTHNCYnNwVEFRQUYVAALIARIAFQIYOnBhc3N0aHJvdWdoX2V2ZXJzdG9yZS9HRUVUM3lLdXFsSWktLUlIQURHbE5GR05fMkF0YnN0VEFRQUYVAgLIARIAKAAYABsCiAd1c2Vfb2lsATEScHJvZ3Jlc3NpdmVfcmVjaXBlATEVAAAmiui12c_IuwQVAigCQzMsF0BWRmZmZmZmGBJkYXNoX2Jhc2VsaW5lXzFfdjERAHXqB2XmnQEA&oh=00_AfrbL_cVO-iTi_JkPTUESTeSWNb68q9_ad-BEx54eNUqtQ&oe=696A20EC']",,https://www.threads.net/@terrymoranjournalist/post/DRNrlxhgMZl,[],"{'likes': 29269, 'reposts': 2879, 'quotes': 147}",threads,3768860174975026789,Terry Moran,,"Trump is a bully and a lout. No president has ever spoken to the American people like this. His whole administration does the same thing. But I think most people still value basic, old-fashioned, American decency. #trump #politics #decency #values",threads,63473841299,terrymoranjournalist
[],2026-01-12T09:36:41.347633+07:00,Trump-Kennedy center has responded to the backlash 😬 #politics,2025-12-30T19:08:34+07:00,,3799003365591371615,threads,threads.com,threads_crawler_v1,https://www.threads.net/@clownzrscary/post/DS4xW7alk9f,https://instagram.fhan4-6.fna.fbcdn.net/v/t51.2885-19/358166571_314520390909309_5052975832963402725_n.jpg?stp=dst-jpg_s150x150_tt6&efg=eyJ2ZW5jb2RlX3RhZyI6InByb2ZpbGVfcGljLmRqYW5nby4xMDgwLmMyIn0&_nc_ht=instagram.fhan4-6.fna.fbcdn.net&_nc_cat=109&_nc_oc=Q6cZ2QGvgBKDrAyEHVEqDBuwearxOD7zNpit02yIYIKob0nwECxLPQG7cWCnZAdmC9nxb7g&_nc_ohc=kXDi1hJ4yPAQ7kNvwH_Y1Jn&_nc_gid=6gLQaozsZvjwawlK9DUDQg&edm=AJhczIQBAAAA&ccb=7-5&oh=00_AfqdaJYy7-XG_ruLmKyqWjJGZBtwyMaqpBcOawOXc1u2Vw&oe=696A3D7F&_nc_sid=4a2096,5672,0,4543,445,0,['https://instagram.fhan3-3.fna.fbcdn.net/v/t39.30808-6/607120795_10162377331340017_6282187727796917781_n.jpg?stp=dst-jpg_e35_tt6&efg=eyJ2ZW5jb2RlX3RhZyI6InRocmVhZHMuRkVFRC5pbWFnZV91cmxnZW4uMTIwMHgxMjAwLnNkci5mMzA4MDguZGVmYXVsdF9pbWFnZS5jMiJ9&_nc_ht=instagram.fhan3-3.fna.fbcdn.net&_nc_cat=101&_nc_oc=Q6cZ2QGvgBKDrAyEHVEqDBuwearxOD7zNpit02yIYIKob0nwECxLPQG7cWCnZAdmC9nxb7g&_nc_ohc=7IL5irkPsmgQ7kNvwHO5HtE&_nc_gid=6gLQaozsZvjwawlK9DUDQg&edm=AJhczIQAAAAA&ccb=7-5&ig_cache_key=Mzc5OTAwMzM2NTU5MTM3MTYxNQ%3D%3D.3-ccb7-5&oh=00_AfqgOpd2QEQLitB-TpTsx5FRdIRoOviGmYzzuu8pR6y7Iw&oe=696A1E62&_nc_sid=4a2096'],,https://www.threads.net/@clownzrscary/post/DS4xW7alk9f,[],"{'likes': 4543, 'reposts': 241, 'quotes': 204}",threads,3799003365591371615,Melissa Germain,,Trump-Kennedy center has responded to the backlash 😬 #politics,threads,63298512242,clownzrscary
[],2026-01-12T09:36:41.347953+07:00,"As a media professional, I believe firmly in the power of words and the responsibility that comes with them.

Addressing our sitting Prime Minister as “Mr. Carney” on national television isn’t just a casual oversight, it’s a glaring lapse in protocol. You may not like him, but the office deserves the respect of its title. This isn’t about politics, it’s about professionalism.

Journalistic integrity demands that we set the tone, not fuel disrespect. So yes, it’s Prime Minister Carney, Rosie!",2025-05-05T09:18:34+07:00,,3625485012410403332,threads,threads.com,threads_crawler_v1,https://www.threads.net/@anniejkoshy/post/DJQT2j_OYoE,https://instagram.fhan4-6.fna.fbcdn.net/v/t51.2885-19/491444082_17903987736119001_3044098481637579384_n.jpg?stp=dst-jpg_s150x150_tt6&efg=eyJ2ZW5jb2RlX3RhZyI6InByb2ZpbGVfcGljLmRqYW5nby4zMjAuYzIifQ&_nc_ht=instagram.fhan4-6.fna.fbcdn.net&_nc_cat=109&_nc_oc=Q6cZ2QGvgBKDrAyEHVEqDBuwearxOD7zNpit02yIYIKob0nwECxLPQG7cWCnZAdmC9nxb7g&_nc_ohc=f5EwX510k2wQ7kNvwHCY-Dv&_nc_gid=6gLQaozsZvjwawlK9DUDQg&edm=AJhczIQBAAAA&ccb=7-5&oh=00_AfpBSc1NKUaGlBJT9sq9hTb0aHiXOlbhzA9Nl2O6qd436g&oe=696A2C94&_nc_sid=4a2096,92,0,1178,106,0,[],,https://www.threads.net/@anniejkoshy/post/DJQT2j_OYoE,[],"{'likes': 1178, 'reposts': 98, 'quotes': 8}",threads,3625485012410403332,Annie J Koshy,MediaThreads,"As a media professional, I believe firmly in the power of words and the responsibility that comes with them.

Addressing our sitting Prime Minister as “Mr. Carney” on national television isn’t just a casual oversight, it’s a glaring lapse in protocol. You may not like him, but the office deserves the respect of its title. This isn’t about politics, it’s about professionalism.

Journalistic integrity demands that we set the tone, not fuel disrespect. So yes, it’s Prime Minister Carney, Rosie!",threads,63392583000,anniejkoshy
[],2026-01-12T09:36:41.348238+07:00,"These monks don’t leave sanctuary for politics or spectacle. They walk for peace, quietly, deliberately, and without expectation. What they’re doing is sacred, and it deserves to be treated that way. Along the way, some local police departments are escorting them for safety, and everyday Americans are feeding them, clothing them, and showing up with care. This is what America should be together united in. ￼

#WalkForPeace
#SacredWork
#CommunityCare",2025-12-29T08:15:22+07:00,,3797949501227814473,threads,threads.com,threads_crawler_v1,https://www.threads.net/@harlowsmusings/post/DS1BvLvjk5J,https://instagram.fhan4-6.fna.fbcdn.net/v/t51.2885-19/587621636_17887815579395708_4888411331102083587_n.jpg?stp=dst-jpg_s150x150_tt6&efg=eyJ2ZW5jb2RlX3RhZyI6InByb2ZpbGVfcGljLmRqYW5nby42NjcuYzIifQ&_nc_ht=instagram.fhan4-6.fna.fbcdn.net&_nc_cat=108&_nc_oc=Q6cZ2QGvgBKDrAyEHVEqDBuwearxOD7zNpit02yIYIKob0nwECxLPQG7cWCnZAdmC9nxb7g&_nc_ohc=RVLyvvJueB0Q7kNvwFZH-2z&_nc_gid=6gLQaozsZvjwawlK9DUDQg&edm=AJhczIQBAAAA&ccb=7-5&oh=00_Afr2-3UD6ZBvdGbbxkqXipR7xHLpkay4cq07TNa6oH-DOw&oe=696A2692&_nc_sid=4a2096,6,0,166,27,0,"['https://instagram.fhan4-3.fna.fbcdn.net/v/t51.2885-15/604200052_799883596404588_3104285856486217134_n.jpg?stp=dst-jpg_e15_tt6&efg=eyJ2ZW5jb2RlX3RhZyI6InRocmVhZHMuRkVFRC5pbWFnZV91cmxnZW4uNjQweDg1Mi5zZHIuZjcxODc4LmRlZmF1bHRfY292ZXJfZnJhbWUuYzIifQ&_nc_ht=instagram.fhan4-3.fna.fbcdn.net&_nc_cat=100&_nc_oc=Q6cZ2QGvgBKDrAyEHVEqDBuwearxOD7zNpit02yIYIKob0nwECxLPQG7cWCnZAdmC9nxb7g&_nc_ohc=d_BE484MZoAQ7kNvwGnpmjW&_nc_gid=6gLQaozsZvjwawlK9DUDQg&edm=AJhczIQBAAAA&ccb=7-5&ig_cache_key=Mzc5Nzk0OTUwMTIyNzgxNDQ3Mw%3D%3D.3-ccb7-5&oh=00_AfrndGZjyoH0_AW-DaLALoqYVwXT4AohofCnDp3f1tfS0w&oe=696A38E2&_nc_sid=4a2096', 'https://instagram.fhan4-6.fna.fbcdn.net/o1/v/t16/f2/m84/AQO2tArJgyelRuT75qPEfxz8taxFlGtc78GY1I6i6LB2mjeW5TkMcMefmSBGpll8UDqd_WwwTwgWO6xubhsvB2-q8Gi6MKU-pKfaaOQ.mp4?_nc_cat=108&_nc_oc=AdmmkdxYSlTdl-MQrMq2byskwR0pO75HjM09ERyKU92yg1SMy7pGYF7jg9JbDvVy1r4&_nc_sid=5e9851&_nc_ht=instagram.fhan4-6.fna.fbcdn.net&_nc_ohc=vXqRFQVRVhEQ7kNvwHsPrHf&efg=eyJ2ZW5jb2RlX3RhZyI6Inhwdl9wcm9ncmVzc2l2ZS5JTlNUQUdSQU0uRkVFRC5DMy43MjAuZGFzaF9iYXNlbGluZV8xX3YxIiwieHB2X2Fzc2V0X2lkIjo4OTI0OTQyNjY2Njk4MzgsImFzc2V0X2FnZV9kYXlzIjoxNCwidmlfdXNlY2FzZV9pZCI6MTAxNjQsImR1cmF0aW9uX3MiOjEzMCwidXJsZ2VuX3NvdXJjZSI6Ind3dyJ9&ccb=17-1&_nc_gid=6gLQaozsZvjwawlK9DUDQg&_nc_zt=28&vs=b515953e91dbae50&_nc_vs=HBksFQIYTGlnX2JhY2tmaWxsX3RpbWVsaW5lX3ZvZC9EOTRDNjg0MkQ3QTcxMDMxNUNFNTRFMzAwQjdCMkRBQV92aWRlb19kYXNoaW5pdC5tcDQVAALIARIAFQIYOnBhc3N0aHJvdWdoX2V2ZXJzdG9yZS9HUEdmRGlSZXp2a01WdzRGQU53NjBlS2xnV1pGYnNwVEFRQUYVAgLIARIAKAAYABsCiAd1c2Vfb2lsATEScHJvZ3Jlc3NpdmVfcmVjaXBlATEVAAAmnOzUu4DulQMVAigCQzMsF0BgVEGJN0vHGBJkYXNoX2Jhc2VsaW5lXzFfdjERAHXqB2XongEA&oh=00_Afo9fgQDxskWtjs5-z_oVW47NIDnHDOlrmhSFjsqivUkGA&oe=696642F4']",,https://www.threads.net/@harlowsmusings/post/DS1BvLvjk5J,[],"{'likes': 166, 'reposts': 23, 'quotes': 4}",threads,3797949501227814473,Harlow's Musings,Monks Walk For Peace,"These monks don’t leave sanctuary for politics or spectacle. They walk for peace, quietly, deliberately, and without expectation. What they’re doing is sacred, and it deserves to be treated that way. Along the way, some local police departments are escorting them for safety, and everyday Americans are feeding them, clothing them, and showing up with care. This is what America should be together united in. ￼

#WalkForPeace
#SacredWork
#CommunityCare",threads,71960355707,harlowsmusings
[],2026-01-12T09:36:41.348475+07:00,"Longtime family members won’t say shit to me irl, won’t ever interact w/my post on social media, my photography, nothin, but the day I write about Renee Good being murdered, that’s when they were passionate enough to chime in. Well good riddance Ken Downey. 

I bleed with compassion daily. If you’re a good ol proud boy, guns blazing to argue about politics, you were never real family so peace ✌️",2026-01-09T23:12:17+07:00,,3806373792303189954,threads,threads.com,threads_crawler_v1,https://www.threads.net/@leecylaroo/post/DTS9MwMlo_C,https://instagram.fhan3-3.fna.fbcdn.net/v/t51.2885-19/565556247_17927958618121021_8907706753632214629_n.jpg?stp=dst-jpg_s150x150_tt6&efg=eyJ2ZW5jb2RlX3RhZyI6InByb2ZpbGVfcGljLmRqYW5nby4xMDgwLmMyIn0&_nc_ht=instagram.fhan3-3.fna.fbcdn.net&_nc_cat=101&_nc_oc=Q6cZ2QGvgBKDrAyEHVEqDBuwearxOD7zNpit02yIYIKob0nwECxLPQG7cWCnZAdmC9nxb7g&_nc_ohc=MPxSzIvu7RYQ7kNvwH-wC3S&_nc_gid=6gLQaozsZvjwawlK9DUDQg&edm=AJhczIQBAAAA&ccb=7-5&oh=00_AforfXt0PZIXy9z5bnrI3-ZZdzw35FTd2qLPkgsIVnoiag&oe=696A45B0&_nc_sid=4a2096,0,0,11,0,0,[],,https://www.threads.net/@leecylaroo/post/DTS9MwMlo_C,[],"{'likes': 11, 'reposts': 0, 'quotes': 0}",threads,3806373792303189954,,,"Longtime family members won’t say shit to me irl, won’t ever interact w/my post on social media, my photography, nothin, but the day I write about Renee Good being murdered, that’s when they were passionate enough to chime in. Well good riddance Ken Downey. 

I bleed with compassion daily. If you’re a good ol proud boy, guns blazing to argue about politics, you were never real family so peace ✌️",threads,63680369020,leecylaroo
[],2026-01-12T09:36:41.348738+07:00,"I hate talking about politics, but…
If people in the USA who romanticize socialism spent just one week living under it in Venezuela, they wouldn’t defend it anymore.
Some lessons can’t be learned from books…only from pain.",2026-01-04T11:19:56+07:00,,3802391377964038632,threads,threads.com,threads_crawler_v1,https://www.threads.net/@xavier.caldera/post/DTEzs_0jfno,https://instagram.fhan4-5.fna.fbcdn.net/v/t51.2885-19/608754996_18552134575000827_5700587853195417803_n.jpg?stp=dst-jpg_s150x150_tt6&efg=eyJ2ZW5jb2RlX3RhZyI6InByb2ZpbGVfcGljLmRqYW5nby4zMjAuYzIifQ&_nc_ht=instagram.fhan4-5.fna.fbcdn.net&_nc_cat=103&_nc_oc=Q6cZ2QGvgBKDrAyEHVEqDBuwearxOD7zNpit02yIYIKob0nwECxLPQG7cWCnZAdmC9nxb7g&_nc_ohc=ssC2CNT9j5UQ7kNvwHgqucJ&_nc_gid=6gLQaozsZvjwawlK9DUDQg&edm=AJhczIQBAAAA&ccb=7-5&oh=00_AfrnA7wgMBoO-afUyvxV8_6tLAtgqPb-nYOsPzmOQhLbHQ&oe=696A2433&_nc_sid=4a2096,527,0,446,32,0,[],,https://www.threads.net/@xavier.caldera/post/DTEzs_0jfno,[],"{'likes': 446, 'reposts': 30, 'quotes': 2}",threads,3802391377964038632,Xavier Caldera,,"I hate talking about politics, but…
If people in the USA who romanticize socialism spent just one week living under it in Venezuela, they wouldn’t defend it anymore.
Some lessons can’t be learned from books…only from pain.",threads,63072218310,xavier.caldera
[],2026-01-12T09:36:41.349010+07:00,"In all my time in British politics, which spans six governments of all colours, I have never seen our Parliament united like this. An absolutely extraordinary display of support for Ukraine and our Prime Minister’s response. Trump, Vance and Putin have no idea what they’ve done. 🇬🇧🤝🇺🇦",2025-03-04T02:47:46+07:00,,3580351766149476164,threads,threads.com,threads_crawler_v1,https://www.threads.net/@pabs94/post/DGv9vY4SC9E,https://instagram.fhan3-2.fna.fbcdn.net/v/t51.2885-19/457667598_1169109487531435_3703748913406656398_n.jpg?stp=dst-jpg_s150x150_tt6&efg=eyJ2ZW5jb2RlX3RhZyI6InByb2ZpbGVfcGljLmRqYW5nby4xMDgwLmMyIn0&_nc_ht=instagram.fhan3-2.fna.fbcdn.net&_nc_cat=107&_nc_oc=Q6cZ2QGvgBKDrAyEHVEqDBuwearxOD7zNpit02yIYIKob0nwECxLPQG7cWCnZAdmC9nxb7g&_nc_ohc=1Favsqwn_PsQ7kNvwHvjTE0&_nc_gid=6gLQaozsZvjwawlK9DUDQg&edm=AJhczIQBAAAA&ccb=7-5&oh=00_AfpwYfpoZw0f2usq3Z2Zk9NngVkhRdl8hv9Uf4eufCCoxg&oe=696A21DE&_nc_sid=4a2096,462,0,13993,1432,0,"['https://instagram.fhan4-1.fna.fbcdn.net/v/t51.2885-15/482491518_1169732294547869_2385570787312348328_n.jpg?stp=dst-jpg_e15_tt6&efg=eyJ2ZW5jb2RlX3RhZyI6InRocmVhZHMuRkVFRC5pbWFnZV91cmxnZW4uNjQweDM2MC5zZHIuZjcxODc4LmRlZmF1bHRfY292ZXJfZnJhbWUuYzIifQ&_nc_ht=instagram.fhan4-1.fna.fbcdn.net&_nc_cat=105&_nc_oc=Q6cZ2QGvgBKDrAyEHVEqDBuwearxOD7zNpit02yIYIKob0nwECxLPQG7cWCnZAdmC9nxb7g&_nc_ohc=8L856jphNHoQ7kNvwHzptxh&_nc_gid=6gLQaozsZvjwawlK9DUDQg&edm=AJhczIQBAAAA&ccb=7-5&ig_cache_key=MzU4MDM1MTc2NjE0OTQ3NjE2NA%3D%3D.3-ccb7-5&oh=00_AfpDmhFlF6CnTWW3XDJ3OO4CcMQHcIlAr-GgXGqYzrgySA&oe=696A35CD&_nc_sid=4a2096', 'https://instagram.fhan3-4.fna.fbcdn.net/o1/v/t16/f2/m84/AQMSZ2gk9tLeveSSobIAzPqe4MsUl_sAy58boBZbYu9-_rL487lGJ3XLVAwfCjL2LoIxf9utyWgcDpsYiB8DRzKQFoA2eCQTNbM9HGg.mp4?_nc_cat=104&_nc_oc=AdlEK21G0itnZ6QoTT33ImwK_iZh0PWAHNmyE5jUIGWVrZYug4byUl1VQgtfpU5mvaE&_nc_sid=5e9851&_nc_ht=instagram.fhan3-4.fna.fbcdn.net&_nc_ohc=Pj7fdN6saGUQ7kNvwE2BIDc&efg=eyJ2ZW5jb2RlX3RhZyI6Inhwdl9wcm9ncmVzc2l2ZS5JTlNUQUdSQU0uRkVFRC5DMy4xMjc2LmRhc2hfYmFzZWxpbmVfMV92MSIsInhwdl9hc3NldF9pZCI6OTY0NDg3MzgyMDU4NTAyLCJhc3NldF9hZ2VfZGF5cyI6MzE0LCJ2aV91c2VjYXNlX2lkIjoxMDE2NCwiZHVyYXRpb25fcyI6MTg1LCJ1cmxnZW5fc291cmNlIjoid3d3In0%3D&ccb=17-1&_nc_gid=6gLQaozsZvjwawlK9DUDQg&_nc_zt=28&vs=a7649fbddd93da76&_nc_vs=HBksFQIYTGlnX2JhY2tmaWxsX3RpbWVsaW5lX3ZvZC84MjQ0QkU4MTVEMzIyNDM4RjYzM0QzRUVCRTJFRDVCQ192aWRlb19kYXNoaW5pdC5tcDQVAALIARIAFQIYOnBhc3N0aHJvdWdoX2V2ZXJzdG9yZS9HT2dVeEJ6WlBzbXBueFlDQU9nUFNRNmlxdnNOYmtZTEFBQUYVAgLIARIAKAAYABsCiAd1c2Vfb2lsATEScHJvZ3Jlc3NpdmVfcmVjaXBlATEVAAAmjJji_MbMtgMVAigCQzMsF0BnLul41P30GBJkYXNoX2Jhc2VsaW5lXzFfdjERAHXqB2XongEA&oh=00_AfpW5R2wnf6DBLmThlicBMwLOqdev8ptQzehp0k_18HJcA&oe=696650C4']",,https://www.threads.net/@pabs94/post/DGv9vY4SC9E,[],"{'likes': 13993, 'reposts': 1250, 'quotes': 182}",threads,3580351766149476164,Pablo O'Hana,,"In all my time in British politics, which spans six governments of all colours, I have never seen our Parliament united like this. An absolutely extraordinary display of support for Ukraine and our Prime Minister’s response. Trump, Vance and Putin have no idea what they’ve done. 🇬🇧🤝🇺🇦",threads,68518528717,pabs94
[],2026-01-12T09:36:41.349287+07:00,Minnesota under Tim Walz has become a fraud haven. Shoutout to @nickshirley for the work he's doing here #minnesota #fraud #news #politics,2025-12-27T08:27:48+07:00,,3796506523615774574,threads,threads.com,threads_crawler_v1,https://www.threads.net/@realakkamara/post/DSv5pGHkkdu,https://instagram.fhan3-2.fna.fbcdn.net/v/t51.2885-19/357916631_1412886512835175_8748627782044250633_n.jpg?stp=dst-jpg_s150x150_tt6&efg=eyJ2ZW5jb2RlX3RhZyI6InByb2ZpbGVfcGljLmRqYW5nby4xMDc5LmMyIn0&_nc_ht=instagram.fhan3-2.fna.fbcdn.net&_nc_cat=107&_nc_oc=Q6cZ2QGvgBKDrAyEHVEqDBuwearxOD7zNpit02yIYIKob0nwECxLPQG7cWCnZAdmC9nxb7g&_nc_ohc=_rcRlxrrfZYQ7kNvwGY6gS8&_nc_gid=6gLQaozsZvjwawlK9DUDQg&edm=AJhczIQBAAAA&ccb=7-5&oh=00_AfoZyVj_08PR_PKxmcQdcplemHzDByhV2EQDs_Lj6sfeRg&oe=696A18DB&_nc_sid=4a2096,35,0,385,64,0,"['https://instagram.fhan3-3.fna.fbcdn.net/v/t51.2885-15/607531078_18549363328027175_3437282858726272263_n.jpg?stp=dst-jpg_e15_tt6&efg=eyJ2ZW5jb2RlX3RhZyI6InRocmVhZHMuRkVFRC5pbWFnZV91cmxnZW4uNTQweDk2MC5zZHIuZjgyNzg3LmRlZmF1bHRfY292ZXJfZnJhbWUuYzIifQ&_nc_ht=instagram.fhan3-3.fna.fbcdn.net&_nc_cat=111&_nc_oc=Q6cZ2QGvgBKDrAyEHVEqDBuwearxOD7zNpit02yIYIKob0nwECxLPQG7cWCnZAdmC9nxb7g&_nc_ohc=K23eiHeaNHsQ7kNvwHSnG34&_nc_gid=6gLQaozsZvjwawlK9DUDQg&edm=AJhczIQBAAAA&ccb=7-5&ig_cache_key=Mzc5NjUwNjUyMzYxNTc3NDU3NA%3D%3D.3-ccb7-5&oh=00_Afoc_2PRrkPUhQunPVnxCc21L_5GLkMMxjkcjaDy5ynzKQ&oe=696A2435&_nc_sid=4a2096', 'https://instagram.fhan3-4.fna.fbcdn.net/o1/v/t2/f2/m86/AQPLWlTrEoGgx1bEGdGWECZ3_V2_X3CKYAUwqQJZQmhXN1k877LhqGxa4maK8oZbdhPB0Jd5XGxKMNLQxkRIrl8OSyUcTlrFyl0BIAQ.mp4?_nc_cat=104&_nc_oc=Adl1cXkV-J5hmTESMI5-ItNLpVDNDSNYgH5pZaTyrvloKHfLq7b0aUtdYKWn9-ysnjw&_nc_sid=5e9851&_nc_ht=instagram.fhan3-4.fna.fbcdn.net&_nc_ohc=oSzK25Nylt0Q7kNvwE_TApy&efg=eyJ2ZW5jb2RlX3RhZyI6Inhwdl9wcm9ncmVzc2l2ZS5JTlNUQUdSQU0uRkVFRC5DMy43MjAuZGFzaF9iYXNlbGluZV8xX3YxIiwieHB2X2Fzc2V0X2lkIjo4NzIzMzczNDg3NzQ0NjIsImFzc2V0X2FnZV9kYXlzIjoxNiwidmlfdXNlY2FzZV9pZCI6MTAwOTksImR1cmF0aW9uX3MiOjIyMywidXJsZ2VuX3NvdXJjZSI6Ind3dyJ9&ccb=17-1&_nc_gid=6gLQaozsZvjwawlK9DUDQg&_nc_zt=28&vs=fa91b9539430e54d&_nc_vs=HBksFQIYUmlnX3hwdl9yZWVsc19wZXJtYW5lbnRfc3JfcHJvZC8wRTRGRjUzMDM1QzlFMjVFNDVCQzRBMjIxQzA1RENCMV92aWRlb19kYXNoaW5pdC5tcDQVAALIARIAFQIYOnBhc3N0aHJvdWdoX2V2ZXJzdG9yZS9HR25ZQlNUd0hyUjljYjRGQUFCT2NCbWc3Q0E1YnN0VEFRQUYVAgLIARIAKAAYABsCiAd1c2Vfb2lsATEScHJvZ3Jlc3NpdmVfcmVjaXBlATEVAAAm_Kji3NvYjAMVAigCQzMsF0Br93S8an76GBJkYXNoX2Jhc2VsaW5lXzFfdjERAHXqB2XmnQEA&oh=00_AfpKEIlrdzVEAaTJHl8w6Xc30og3zHW4EvWuHnz86O3TuA&oe=6966435D']",,https://www.threads.net/@realakkamara/post/DSv5pGHkkdu,[],"{'likes': 385, 'reposts': 60, 'quotes': 4}",threads,3796506523615774574,AK Kamara,,Minnesota under Tim Walz has become a fraud haven. Shoutout to @nickshirley for the work he's doing here #minnesota #fraud #news #politics,threads,63103072182,realakkamara
[],2026-01-12T09:36:41.349527+07:00,#bulgarianpolitics #politics #explore,2025-12-03T03:18:56+07:00,,3778956449137325003,threads,threads.com,threads_crawler_v1,https://www.threads.net/@e.belobradova/post/DRxjN5kgHPL,https://instagram.fhan3-3.fna.fbcdn.net/v/t51.2885-19/503613439_17912709378141299_6167949941221982478_n.jpg?stp=dst-jpg_s150x150_tt6&efg=eyJ2ZW5jb2RlX3RhZyI6InByb2ZpbGVfcGljLmRqYW5nby45NTguYzIifQ&_nc_ht=instagram.fhan3-3.fna.fbcdn.net&_nc_cat=111&_nc_oc=Q6cZ2QGvgBKDrAyEHVEqDBuwearxOD7zNpit02yIYIKob0nwECxLPQG7cWCnZAdmC9nxb7g&_nc_ohc=TPE5XwWgiSgQ7kNvwF5j1OD&_nc_gid=6gLQaozsZvjwawlK9DUDQg&edm=AJhczIQBAAAA&ccb=7-5&oh=00_Afq_17mrbqW_zpa-hvnuFNR7dOYLxK7VJ_z4KWRdF3geHA&oe=696A4A75&_nc_sid=4a2096,21,0,836,119,0,"['https://instagram.fhan4-5.fna.fbcdn.net/v/t51.2885-15/590420771_1478018823302030_5844690860090009487_n.jpg?stp=dst-jpg_e15_tt6&efg=eyJ2ZW5jb2RlX3RhZyI6InRocmVhZHMuRkVFRC5pbWFnZV91cmxnZW4uNjQweDExMzYuc2RyLmY3MTg3OC5kZWZhdWx0X2NvdmVyX2ZyYW1lLmMyIn0&_nc_ht=instagram.fhan4-5.fna.fbcdn.net&_nc_cat=102&_nc_oc=Q6cZ2QGvgBKDrAyEHVEqDBuwearxOD7zNpit02yIYIKob0nwECxLPQG7cWCnZAdmC9nxb7g&_nc_ohc=L44Wl0kQzKoQ7kNvwHDd_Sn&_nc_gid=6gLQaozsZvjwawlK9DUDQg&edm=AJhczIQBAAAA&ccb=7-5&ig_cache_key=Mzc3ODk1NjQ0OTEzNzMyNTAwMw%3D%3D.3-ccb7-5&oh=00_AfomFvwbweV3TIH7gK9PyaHSgJ4j5Gu-QFb9C40vJ6lE0Q&oe=696A45A1&_nc_sid=4a2096', 'https://instagram.fhan4-5.fna.fbcdn.net/o1/v/t2/f2/m86/AQPNdhM7c0RlGmJjYz617eEZ87CRdIhE3ve6yUp_vSELniYE59dAsg3lBcufutU9K-nvkFxXBMHB7Sg7zQmnsragPmgkHMAmQY1i3fw.mp4?_nc_cat=103&_nc_oc=AdlbT-upbeAcBD9LkcJ5-4WpFrfcojsDvccXM1iAsLOZth_eAsINX67x4BhPGptfOtE&_nc_sid=5e9851&_nc_ht=instagram.fhan4-5.fna.fbcdn.net&_nc_ohc=iu8kEn4Eo7EQ7kNvwFME3lO&efg=eyJ2ZW5jb2RlX3RhZyI6Inhwdl9wcm9ncmVzc2l2ZS5JTlNUQUdSQU0uRkVFRC5DMy43MjAuZGFzaF9iYXNlbGluZV8xX3YxIiwieHB2X2Fzc2V0X2lkIjoxNTE0NTYxNTU5NzcxOTU1LCJhc3NldF9hZ2VfZGF5cyI6NDAsInZpX3VzZWNhc2VfaWQiOjEwMDk5LCJkdXJhdGlvbl9zIjoxNjcsInVybGdlbl9zb3VyY2UiOiJ3d3cifQ%3D%3D&ccb=17-1&_nc_gid=6gLQaozsZvjwawlK9DUDQg&_nc_zt=28&vs=d666729179cf977a&_nc_vs=HBksFQIYUmlnX3hwdl9yZWVsc19wZXJtYW5lbnRfc3JfcHJvZC81ODRFMUQ0NzBCMDRBREJGNTAwNUQ4RDk0NzFFRDg5OF92aWRlb19kYXNoaW5pdC5tcDQVAALIARIAFQIYOnBhc3N0aHJvdWdoX2V2ZXJzdG9yZS9HR1Z3VVNQOFRvb01XUUFFQUVBUEhYNVk0djBoYnN0VEFRQUYVAgLIARIAKAAYABsCiAd1c2Vfb2lsATEScHJvZ3Jlc3NpdmVfcmVjaXBlATEVAAAm5uyV_IrfsAUVAigCQzMsF0Bk-7ZFocrBGBJkYXNoX2Jhc2VsaW5lXzFfdjERAHXqB2XmnQEA&oh=00_AfqwcVypWMFN8EZaqpO1rmdb5_qHs6LUEGEyKfDOAdf86w&oe=69662DD0']",,https://www.threads.net/@e.belobradova/post/DRxjN5kgHPL,[],"{'likes': 836, 'reposts': 116, 'quotes': 3}",threads,3778956449137325003,Elisaveta Belobradova,,#bulgarianpolitics #politics #explore,threads,64096885298,e.belobradova
[],2026-01-12T09:36:41.349594+07:00,"I still unsure why people support Najib at this point ?

I mean the 1MDB case alone shall forbidden him from politics forever  what so ever .",2025-12-22T16:25:31+07:00,,3793123096547894897,threads,threads.com,threads_crawler_v1,https://www.threads.net/@mrkenneth811/post/DSj4VwHESZx,https://instagram.fhan4-6.fna.fbcdn.net/v/t51.2885-19/358043554_1415490589240029_4760659594802325105_n.jpg?stp=dst-jpg_s150x150_tt6&efg=eyJ2ZW5jb2RlX3RhZyI6InByb2ZpbGVfcGljLmRqYW5nby4xMDgwLmMyIn0&_nc_ht=instagram.fhan4-6.fna.fbcdn.net&_nc_cat=109&_nc_oc=Q6cZ2QGvgBKDrAyEHVEqDBuwearxOD7zNpit02yIYIKob0nwECxLPQG7cWCnZAdmC9nxb7g&_nc_ohc=Ho4hwPYhtoEQ7kNvwE0YNpD&_nc_gid=6gLQaozsZvjwawlK9DUDQg&edm=AJhczIQBAAAA&ccb=7-5&oh=00_Afpf5SXAZDRf4gbvsJOZlpT_FUU4OTebMDy0O_5JyhLRiw&oe=696A47F0&_nc_sid=4a2096,321,0,1342,131,0,[],,https://www.threads.net/@mrkenneth811/post/DSj4VwHESZx,[],"{'likes': 1342, 'reposts': 130, 'quotes': 1}",threads,3793123096547894897,Kenneth Wong,,"I still unsure why people support Najib at this point ?

I mean the 1MDB case alone shall forbidden him from politics forever  what so ever .",threads,63271341978,mrkenneth811
[],2026-01-12T09:37:12.838397+07:00,"Hey PDX. I'm looking for friends IRL. I love going to coffee and tea shops, libraries, book stores, gardens, forests, the coast, the mountains and rivers. I am a queer woman from Texas. I love talking lefty politics, psychology, movies, architecture, and science. Be my friend?",2026-01-02T05:14:51+07:00,,3800758071904582605,threads,threads.com,threads_crawler_v1,https://www.threads.net/@dawniellecastledine/post/DS_AVRBEjvN,https://instagram.fhan4-3.fna.fbcdn.net/v/t51.2885-19/455175995_861017092624128_433182160613725806_n.jpg?stp=dst-jpg_s150x150_tt6&efg=eyJ2ZW5jb2RlX3RhZyI6InByb2ZpbGVfcGljLmRqYW5nby4xMDgwLmMyIn0&_nc_ht=instagram.fhan4-3.fna.fbcdn.net&_nc_cat=100&_nc_oc=Q6cZ2QHRJvFfDoNq4eqtQwrKUsYh-hrHQiJIEvNCRq1w7kY7T0dQ7OeJwmXXfH8okiDXWSI&_nc_ohc=3pUyIM5sGBcQ7kNvwE_sFTd&_nc_gid=d3Ziron3KJQ29uDoqXVCsg&edm=AJhczIQBAAAA&ccb=7-5&oh=00_AfpO5SIFoRUlp8cyVQKIQoqgDz6-CSR9nt8b4mvyNleF5g&oe=696A4135&_nc_sid=4a2096,110,0,298,1,0,[],,https://www.threads.net/@dawniellecastledine/post/DS_AVRBEjvN,[],"{'likes': 298, 'reposts': 1, 'quotes': 0}",threads,3800758071904582605,Dawnielle Castledine,,"Hey PDX. I'm looking for friends IRL. I love going to coffee and tea shops, libraries, book stores, gardens, forests, the coast, the mountains and rivers. I am a queer woman from Texas. I love talking lefty politics, psychology, movies, architecture, and science. Be my friend?",threads,68167423723,dawniellecastledine
[],2026-01-12T09:37:12.838533+07:00,"Pass the Anti-Dynasty bill now!!!

The Duterte’s is an epitome of how POLITICS becomes a FAMILY business!

🤮",2025-12-04T13:55:52+07:00,,3780001814163972076,threads,threads.com,threads_crawler_v1,https://www.threads.net/@b.rymendoza/post/DR1Q59nk1_s,https://instagram.fhan4-6.fna.fbcdn.net/v/t51.2885-19/579718462_18538786204053368_7343323737499115478_n.jpg?stp=dst-jpg_s150x150_tt6&efg=eyJ2ZW5jb2RlX3RhZyI6InByb2ZpbGVfcGljLmRqYW5nby43OTYuYzIifQ&_nc_ht=instagram.fhan4-6.fna.fbcdn.net&_nc_cat=108&_nc_oc=Q6cZ2QHRJvFfDoNq4eqtQwrKUsYh-hrHQiJIEvNCRq1w7kY7T0dQ7OeJwmXXfH8okiDXWSI&_nc_ohc=Oi62Bq--VkQQ7kNvwHHMcbs&_nc_gid=d3Ziron3KJQ29uDoqXVCsg&edm=AJhczIQBAAAA&ccb=7-5&oh=00_Afrgp4zxXvbhxiBceuzvuzk4qg75uNK4LwP2xZRTxq0MEQ&oe=696A2F51&_nc_sid=4a2096,447,0,516,49,0,['https://instagram.fhan4-5.fna.fbcdn.net/v/t51.2885-15/588450151_17933925540109814_6592006372383970125_n.jpg?stp=dst-jpg_e35_tt6&efg=eyJ2ZW5jb2RlX3RhZyI6InRocmVhZHMuRkVFRC5pbWFnZV91cmxnZW4uMzk5eDUwMS5zZHIuZjgyNzg3LmRlZmF1bHRfaW1hZ2UuYzIifQ&_nc_ht=instagram.fhan4-5.fna.fbcdn.net&_nc_cat=102&_nc_oc=Q6cZ2QHRJvFfDoNq4eqtQwrKUsYh-hrHQiJIEvNCRq1w7kY7T0dQ7OeJwmXXfH8okiDXWSI&_nc_ohc=aiMLmmoyNlcQ7kNvwG7o1X1&_nc_gid=d3Ziron3KJQ29uDoqXVCsg&edm=AJhczIQBAAAA&ccb=7-5&ig_cache_key=Mzc4MDAwMTgxNDE2Mzk3MjA3Ng%3D%3D.3-ccb7-5&oh=00_AfoDKnfjK-orsBhK8n_GHUS1cUOiXtbOaK6icuSTQYJkdw&oe=696A3B3B&_nc_sid=4a2096'],,https://www.threads.net/@b.rymendoza/post/DR1Q59nk1_s,[],"{'likes': 516, 'reposts': 40, 'quotes': 9}",threads,3780001814163972076,Ryan Mendoza,Philippines Threads,"Pass the Anti-Dynasty bill now!!!

The Duterte’s is an epitome of how POLITICS becomes a FAMILY business!

🤮",threads,63137341813,b.rymendoza
[],2026-01-12T09:37:12.838597+07:00,"They’re releasing the bad stuff now because it’s Christmas time.  But if you are angry about Epstein because of the abuse of children, then don’t pretend Trumps name wasn’t all over today’s release.  Or admit it was all politics for you in the first place",2025-12-24T06:27:44+07:00,,3794271403986661550,threads,threads.com,threads_crawler_v1,https://www.threads.net/@adam_kinzinger/post/DSn9b0wDDCu,https://instagram.fhan3-3.fna.fbcdn.net/v/t51.2885-19/358374011_662853928577059_1143443547272892566_n.jpg?stp=dst-jpg_s150x150_tt6&efg=eyJ2ZW5jb2RlX3RhZyI6InByb2ZpbGVfcGljLmRqYW5nby4xMDgwLmMyIn0&_nc_ht=instagram.fhan3-3.fna.fbcdn.net&_nc_cat=1&_nc_oc=Q6cZ2QHRJvFfDoNq4eqtQwrKUsYh-hrHQiJIEvNCRq1w7kY7T0dQ7OeJwmXXfH8okiDXWSI&_nc_ohc=tdtgrqPrrd8Q7kNvwHXBf2C&_nc_gid=d3Ziron3KJQ29uDoqXVCsg&edm=AJhczIQBAAAA&ccb=7-5&oh=00_AfozlbiEDMGU7y8xF7PoUu-_kN7h4ZLpeUseGvITFvvN8Q&oe=696A3DA9&_nc_sid=4a2096,503,0,11234,844,0,"['https://instagram.fhan3-3.fna.fbcdn.net/v/t51.2885-15/600591732_1434254168149033_2321793299682863146_n.jpg?stp=dst-jpg_e15_tt6&efg=eyJ2ZW5jb2RlX3RhZyI6InRocmVhZHMuRkVFRC5pbWFnZV91cmxnZW4uNjQweDExMzYuc2RyLmY3MTg3OC5kZWZhdWx0X2NvdmVyX2ZyYW1lLmMyIn0&_nc_ht=instagram.fhan3-3.fna.fbcdn.net&_nc_cat=101&_nc_oc=Q6cZ2QHRJvFfDoNq4eqtQwrKUsYh-hrHQiJIEvNCRq1w7kY7T0dQ7OeJwmXXfH8okiDXWSI&_nc_ohc=VdPAOH6cfUsQ7kNvwG2E2-q&_nc_gid=d3Ziron3KJQ29uDoqXVCsg&edm=AJhczIQBAAAA&ccb=7-5&ig_cache_key=Mzc5NDI3MTQwMzk4NjY2MTU1MA%3D%3D.3-ccb7-5&oh=00_Afo8PPz-kf4BC6f6xMp7xPs4zbR_Ovgl60PXWogSykNbrA&oe=696A16C8&_nc_sid=4a2096', 'https://instagram.fhan4-3.fna.fbcdn.net/o1/v/t16/f2/m84/AQOCA1k1X-M6RlwM6RaZ-LOyo7HzCj6AmrKEDVQSKk9b7m9_ho5NTI9vtmaJV60wgjRYbMfCiuDbgTGJ6g0vDORHvqilFzYpVyv_uEo.mp4?_nc_cat=110&_nc_oc=Adnflhxw0pOUHhtZwwuzDP01tjKS_0jCeVkg3fvH34s4NKIa7C7PWLY5ybCZmNiuK9g&_nc_sid=5e9851&_nc_ht=instagram.fhan4-3.fna.fbcdn.net&_nc_ohc=_BivErUZvu4Q7kNvwFnJNkJ&efg=eyJ2ZW5jb2RlX3RhZyI6Inhwdl9wcm9ncmVzc2l2ZS5JTlNUQUdSQU0uRkVFRC5DMy43MjAuZGFzaF9iYXNlbGluZV8xX3YxIiwieHB2X2Fzc2V0X2lkIjoxNjY2NTExOTYwNzk0ODQ3LCJhc3NldF9hZ2VfZGF5cyI6MTksInZpX3VzZWNhc2VfaWQiOjEwMTY0LCJkdXJhdGlvbl9zIjoxMjEsInVybGdlbl9zb3VyY2UiOiJ3d3cifQ%3D%3D&ccb=17-1&_nc_gid=d3Ziron3KJQ29uDoqXVCsg&_nc_zt=28&vs=cff51c6dc7264607&_nc_vs=HBksFQIYTGlnX2JhY2tmaWxsX3RpbWVsaW5lX3ZvZC8wQjQxQ0Y5MjlDQ0IyNUVGRkM5NzA5RkYxOTJGQjBCNl92aWRlb19kYXNoaW5pdC5tcDQVAALIARIAFQIYOnBhc3N0aHJvdWdoX2V2ZXJzdG9yZS9HRmtmQWlSY1FmQ2ZYUHNDQVBDUm1velZrTGRiYnNwVEFRQUYVAgLIARIAKAAYABsCiAd1c2Vfb2lsATEScHJvZ3Jlc3NpdmVfcmVjaXBlATEVAAAmvpv_1uHr9QUVAigCQzMsF0Bee7ZFocrBGBJkYXNoX2Jhc2VsaW5lXzFfdjERAHXqB2XongEA&oh=00_Afp0rqXSuYWYxmHJCvESztiz0Ee2tn6wBKZgpaIWM1aNkA&oe=69662B1A']",,https://www.threads.net/@adam_kinzinger/post/DSn9b0wDDCu,[],"{'likes': 11234, 'reposts': 810, 'quotes': 34}",threads,3794271403986661550,Adam Kinzinger,,"They’re releasing the bad stuff now because it’s Christmas time.  But if you are angry about Epstein because of the abuse of children, then don’t pretend Trumps name wasn’t all over today’s release.  Or admit it was all politics for you in the first place",threads,63666944290,adam_kinzinger
[],2026-01-12T09:37:12.838634+07:00,"As long as we're putting in bids for Person of the Year, I'm going to give Heather Cox Richardson that nomination with every fiber of my being. Her ""Letters From an American"" are not to be missed. And her ""Politics Chats"" are like sitting in on one of her lectures. Person of the Year? I think Person of the Decade.",2025-12-13T05:21:13+07:00,,3786265767751290643,threads,threads.com,threads_crawler_v1,https://www.threads.net/@thepoliticschicks/post/DSLhKfACY8T,https://instagram.fhan3-3.fna.fbcdn.net/v/t51.2885-19/508409953_17850821445473970_2142581242919759017_n.jpg?stp=dst-jpg_s150x150_tt6&efg=eyJ2ZW5jb2RlX3RhZyI6InByb2ZpbGVfcGljLmRqYW5nby4xMDgwLmMyIn0&_nc_ht=instagram.fhan3-3.fna.fbcdn.net&_nc_cat=1&_nc_oc=Q6cZ2QHRJvFfDoNq4eqtQwrKUsYh-hrHQiJIEvNCRq1w7kY7T0dQ7OeJwmXXfH8okiDXWSI&_nc_ohc=c--Bt75em68Q7kNvwHJTS3E&_nc_gid=d3Ziron3KJQ29uDoqXVCsg&edm=AJhczIQBAAAA&ccb=7-5&oh=00_AfpHhNox04y2AyPmNR-3gmoMtJiFFcGaUsI5LboXmENJkw&oe=696A2153&_nc_sid=4a2096,101,0,8805,367,0,[],,https://www.threads.net/@thepoliticschicks/post/DSLhKfACY8T,[],"{'likes': 8805, 'reposts': 349, 'quotes': 18}",threads,3786265767751290643,The Politics Chicks,,"As long as we're putting in bids for Person of the Year, I'm going to give Heather Cox Richardson that nomination with every fiber of my being. Her ""Letters From an American"" are not to be missed. And her ""Politics Chats"" are like sitting in on one of her lectures. Person of the Year? I think Person of the Decade.",threads,74372145969,thepoliticschicks
[],2026-01-12T09:37:12.838668+07:00,"Signs of Democratic Maturity in Malaysia

I don’t usually comment on politics here. However, today’s announcement by Prime Minister Dato’ Seri Anwar Ibrahim on the proposed reform to limit the Prime Minister’s tenure to a maximum of 10 years (two terms) warrants acknowledgment.

This is a significant institutional reform. In essence, term limits help reduce the risk of power abuse and strengthen democratic accountability..an issue that Malaysia has struggled with in the past.",2026-01-05T14:36:53+07:00,,3803215279057722651,threads,threads.com,threads_crawler_v1,https://www.threads.net/@drchoongmd/post/DTHvCVgkt0b,https://instagram.fhan3-2.fna.fbcdn.net/v/t51.2885-19/539795146_17858284242487603_7926337927551898838_n.jpg?stp=dst-jpg_s150x150_tt6&efg=eyJ2ZW5jb2RlX3RhZyI6InByb2ZpbGVfcGljLmRqYW5nby43NDcuYzIifQ&_nc_ht=instagram.fhan3-2.fna.fbcdn.net&_nc_cat=107&_nc_oc=Q6cZ2QHRJvFfDoNq4eqtQwrKUsYh-hrHQiJIEvNCRq1w7kY7T0dQ7OeJwmXXfH8okiDXWSI&_nc_ohc=wSFJnjgi6A0Q7kNvwG4Bt0c&_nc_gid=d3Ziron3KJQ29uDoqXVCsg&edm=AJhczIQBAAAA&ccb=7-5&oh=00_Afq7fIsD7Iq6xwCw84VmJDCuwJ1i_gpepwK6_Ain92Ovxw&oe=696A31C6&_nc_sid=4a2096,14,0,271,23,0,[],,https://www.threads.net/@drchoongmd/post/DTHvCVgkt0b,[],"{'likes': 271, 'reposts': 23, 'quotes': 0}",threads,3803215279057722651,Dr.Choong,,"Signs of Democratic Maturity in Malaysia

I don’t usually comment on politics here. However, today’s announcement by Prime Minister Dato’ Seri Anwar Ibrahim on the proposed reform to limit the Prime Minister’s tenure to a maximum of 10 years (two terms) warrants acknowledgment.

This is a significant institutional reform. In essence, term limits help reduce the risk of power abuse and strengthen democratic accountability..an issue that Malaysia has struggled with in the past.",threads,74522335602,drchoongmd
[],2026-01-12T09:37:12.838700+07:00,"Met a great guy who checked a lot of boxes, went on 3 dates, but learned he doesn’t keep up with politics bc it’s “depressing and there’s nothing we can do”. I ended things because how am I supposed to carry the weight of explaining the Erika, Charlie Candace love triangle?  He doesn’t even know why we’re boycotting Target and stanning Costco.  He probably doesn’t know what stanning is.  I need a man who distrusts the wellness industry, knows who Peter Thiel is, and eats seed oils.",2025-12-03T10:52:21+07:00,,3779184668877859276,threads,threads.com,threads_crawler_v1,https://www.threads.net/@catalvaradocomedy/post/DRyXG7xESnM,https://instagram.fhan3-3.fna.fbcdn.net/v/t51.2885-19/473736782_873996391337518_2438684754105250280_n.jpg?stp=dst-jpg_s150x150_tt6&efg=eyJ2ZW5jb2RlX3RhZyI6InByb2ZpbGVfcGljLmRqYW5nby4xMDgwLmMyIn0&_nc_ht=instagram.fhan3-3.fna.fbcdn.net&_nc_cat=1&_nc_oc=Q6cZ2QHRJvFfDoNq4eqtQwrKUsYh-hrHQiJIEvNCRq1w7kY7T0dQ7OeJwmXXfH8okiDXWSI&_nc_ohc=o1HpCj_I15kQ7kNvwErjJmz&_nc_gid=d3Ziron3KJQ29uDoqXVCsg&edm=AJhczIQBAAAA&ccb=7-5&oh=00_AfrM5xzCXfip6KnyrMgG7rEXQkQ0D4R6O8KB6wyHokcqjg&oe=696A4B3A&_nc_sid=4a2096,524,0,3869,53,0,[],,https://www.threads.net/@catalvaradocomedy/post/DRyXG7xESnM,[],"{'likes': 3869, 'reposts': 52, 'quotes': 1}",threads,3779184668877859276,Cat Alvarado,,"Met a great guy who checked a lot of boxes, went on 3 dates, but learned he doesn’t keep up with politics bc it’s “depressing and there’s nothing we can do”. I ended things because how am I supposed to carry the weight of explaining the Erika, Charlie Candace love triangle?  He doesn’t even know why we’re boycotting Target and stanning Costco.  He probably doesn’t know what stanning is.  I need a man who distrusts the wellness industry, knows who Peter Thiel is, and eats seed oils.",threads,63105402255,catalvaradocomedy
[],2026-01-12T09:37:12.838733+07:00,"Everyone in Dubai gets filthy rich because nobody pays tax and nobody is focused on politics.

Everyone is focused on money.",2026-01-09T03:23:47+07:00,,3805775604264661562,threads,threads.com,threads_crawler_v1,https://www.threads.net/@miguelvees/post/DTQ1L-LCvI6,https://instagram.fhan3-3.fna.fbcdn.net/v/t51.2885-19/491448702_1392445258854301_7807101674036256738_n.jpg?stp=dst-jpg_s150x150_tt6&efg=eyJ2ZW5jb2RlX3RhZyI6InByb2ZpbGVfcGljLmRqYW5nby4xMDgwLmMyIn0&_nc_ht=instagram.fhan3-3.fna.fbcdn.net&_nc_cat=101&_nc_oc=Q6cZ2QHRJvFfDoNq4eqtQwrKUsYh-hrHQiJIEvNCRq1w7kY7T0dQ7OeJwmXXfH8okiDXWSI&_nc_ohc=fHt53NBZwIAQ7kNvwFaunAU&_nc_gid=d3Ziron3KJQ29uDoqXVCsg&edm=AJhczIQBAAAA&ccb=7-5&oh=00_AfolxQm0-abMAz1NkVQafsNxNQs96ylL2S0qH-r7p7JszA&oe=696A3DC7&_nc_sid=4a2096,2,0,6,0,0,['https://instagram.fhan3-3.fna.fbcdn.net/v/t51.2885-15/609769568_17938297842129925_1364740552514960223_n.jpg?stp=dst-jpg_e35_tt6&efg=eyJ2ZW5jb2RlX3RhZyI6InRocmVhZHMuRkVFRC5pbWFnZV91cmxnZW4uMTE3MHgxNzQzLnNkci5mODI3ODcuZGVmYXVsdF9pbWFnZS5jMiJ9&_nc_ht=instagram.fhan3-3.fna.fbcdn.net&_nc_cat=101&_nc_oc=Q6cZ2QHRJvFfDoNq4eqtQwrKUsYh-hrHQiJIEvNCRq1w7kY7T0dQ7OeJwmXXfH8okiDXWSI&_nc_ohc=VUnb69DMs-oQ7kNvwHQk4nu&_nc_gid=d3Ziron3KJQ29uDoqXVCsg&edm=AJhczIQBAAAA&ccb=7-5&ig_cache_key=MzgwNTc3NTYwNDI2NDY2MTU2Mg%3D%3D.3-ccb7-5&oh=00_AfrRBYBrxqnVC5Jz02FApsN3rhQhcgE6dPOD7EBy58_zNA&oe=696A49B9&_nc_sid=4a2096'],,https://www.threads.net/@miguelvees/post/DTQ1L-LCvI6,[],"{'likes': 6, 'reposts': 0, 'quotes': 0}",threads,3805775604264661562,Miguel Vees,,"Everyone in Dubai gets filthy rich because nobody pays tax and nobody is focused on politics.

Everyone is focused on money.",threads,63909241924,miguelvees
[],2026-01-12T09:37:12.838766+07:00,"Is it wrong to not want to date someone because of their side of politics? I have this really super nice, super attractive lady who has asked me to grab dinner with her and whatever and I just keep telling her I can’t. My reason is because she always wears something “MAGA” or talks about it and him. Just a huge turn off for me. Am I wrong for being this way or is this the new norm? Anyone else this way also?",2025-05-27T00:48:41+07:00,,3641173444118447070,threads,threads.com,threads_crawler_v1,https://www.threads.net/@brandenburden/post/DKIC_SmRAPe,https://instagram.fhan3-4.fna.fbcdn.net/v/t51.2885-19/606967593_17939185290099498_4402504469552580037_n.jpg?stp=dst-jpg_s150x150_tt6&efg=eyJ2ZW5jb2RlX3RhZyI6InByb2ZpbGVfcGljLmRqYW5nby4xMDgwLmMyIn0&_nc_ht=instagram.fhan3-4.fna.fbcdn.net&_nc_cat=106&_nc_oc=Q6cZ2QHRJvFfDoNq4eqtQwrKUsYh-hrHQiJIEvNCRq1w7kY7T0dQ7OeJwmXXfH8okiDXWSI&_nc_ohc=zFhMiqujBTgQ7kNvwETgzEj&_nc_gid=d3Ziron3KJQ29uDoqXVCsg&edm=AJhczIQBAAAA&ccb=7-5&oh=00_AfovICRAVPPWm9r95uXbl5xTDHWLnFXmh-4HdusdbyTACg&oe=696A4172&_nc_sid=4a2096,3837,0,8780,55,0,[],,https://www.threads.net/@brandenburden/post/DKIC_SmRAPe,[],"{'likes': 8780, 'reposts': 37, 'quotes': 18}",threads,3641173444118447070,Branden Burden,,"Is it wrong to not want to date someone because of their side of politics? I have this really super nice, super attractive lady who has asked me to grab dinner with her and whatever and I just keep telling her I can’t. My reason is because she always wears something “MAGA” or talks about it and him. Just a huge turn off for me. Am I wrong for being this way or is this the new norm? Anyone else this way also?",threads,63062211497,brandenburden
[],2026-01-12T09:37:12.838805+07:00,"Why Many Neurodivergent People Struggle with Office Politics

1. They Prefer Clarity Over Subtle Games
Office politics thrives on hints, gossip, and reading between the lines.
But neurodivergent people often process things literally and logically. They do better with clear expectations and direct communication — not vague comments or unspoken agendas.",2025-08-07T11:12:41+07:00,,3693671369637364486,threads,threads.com,threads_crawler_v1,https://www.threads.net/@bellelayos.cpa/post/DNCjopwRAMG,https://instagram.fhan4-1.fna.fbcdn.net/v/t51.2885-19/357856388_959853351959981_413553322681160816_n.jpg?stp=dst-jpg_s150x150_tt6&efg=eyJ2ZW5jb2RlX3RhZyI6InByb2ZpbGVfcGljLmRqYW5nby4xMDgwLmMyIn0&_nc_ht=instagram.fhan4-1.fna.fbcdn.net&_nc_cat=105&_nc_oc=Q6cZ2QHRJvFfDoNq4eqtQwrKUsYh-hrHQiJIEvNCRq1w7kY7T0dQ7OeJwmXXfH8okiDXWSI&_nc_ohc=SqveZL8dWgUQ7kNvwHithYT&_nc_gid=d3Ziron3KJQ29uDoqXVCsg&edm=AJhczIQBAAAA&ccb=7-5&oh=00_Afp3oaHK6FzHh71Wr59tcRJkPfFl21cQmy2taNklZT3VUg&oe=696A3199&_nc_sid=4a2096,36,0,903,116,0,[],,https://www.threads.net/@bellelayos.cpa/post/DNCjopwRAMG,[],"{'likes': 903, 'reposts': 114, 'quotes': 2}",threads,3693671369637364486,Belle Layos,,"Why Many Neurodivergent People Struggle with Office Politics

1. They Prefer Clarity Over Subtle Games
Office politics thrives on hints, gossip, and reading between the lines.
But neurodivergent people often process things literally and logically. They do better with clear expectations and direct communication — not vague comments or unspoken agendas.",threads,63128100795,bellelayos.cpa
[],2026-01-12T09:37:12.838839+07:00,"If you’ve moved to Dubai for tax reasons I don’t give a fuck about your opinion on British politics!!! 

You’ve checked out.",2025-11-28T19:24:29+07:00,,3775818557783846095,threads,threads.com,threads_crawler_v1,https://www.threads.net/@rhiedwards212/post/DRmZvkhCKzP,https://instagram.fhan3-2.fna.fbcdn.net/v/t51.2885-19/546614171_17903432898251299_458925832512692136_n.jpg?stp=dst-jpg_s150x150_tt6&efg=eyJ2ZW5jb2RlX3RhZyI6InByb2ZpbGVfcGljLmRqYW5nby4xMDgwLmMyIn0&_nc_ht=instagram.fhan3-2.fna.fbcdn.net&_nc_cat=107&_nc_oc=Q6cZ2QHRJvFfDoNq4eqtQwrKUsYh-hrHQiJIEvNCRq1w7kY7T0dQ7OeJwmXXfH8okiDXWSI&_nc_ohc=fPjUkTwTw-0Q7kNvwFHbVDR&_nc_gid=d3Ziron3KJQ29uDoqXVCsg&edm=AJhczIQBAAAA&ccb=7-5&oh=00_Afr594qOfbyR_Jr8TbARkrW3XC6PsLSSAIu6aPCc6Vyh_g&oe=696A36A7&_nc_sid=4a2096,127,0,4868,213,0,[],,https://www.threads.net/@rhiedwards212/post/DRmZvkhCKzP,[],"{'likes': 4868, 'reposts': 209, 'quotes': 4}",threads,3775818557783846095,𝘛𝘩𝘪𝘴 𝘎𝘪𝘳𝘭𝘴’ 𝘓𝘪𝘧𝘦♡,,"If you’ve moved to Dubai for tax reasons I don’t give a fuck about your opinion on British politics!!! 

You’ve checked out.",threads,67584475298,rhiedwards212
[],2026-01-12T09:37:12.838873+07:00,"I wore the uniform for 20 years to defend Americans, not watch a president defy the courts and starve them. Trump refusing to fund SNAP is more than politics; it’s cruelty. No leader who weaponizes hunger deserves power.",2025-11-05T01:22:32+07:00,,3758604153749759374,threads,threads.com,threads_crawler_v1,https://www.threads.net/@geraldgivensjr/post/DQpPpBbj-WO,https://instagram.fhan3-3.fna.fbcdn.net/v/t51.2885-19/448941978_837847901134691_957661753949233367_n.jpg?stp=dst-jpg_s150x150_tt6&efg=eyJ2ZW5jb2RlX3RhZyI6InByb2ZpbGVfcGljLmRqYW5nby41MTIuYzIifQ&_nc_ht=instagram.fhan3-3.fna.fbcdn.net&_nc_cat=111&_nc_oc=Q6cZ2QHRJvFfDoNq4eqtQwrKUsYh-hrHQiJIEvNCRq1w7kY7T0dQ7OeJwmXXfH8okiDXWSI&_nc_ohc=Ou9av8jJPoAQ7kNvwGCbnap&_nc_gid=d3Ziron3KJQ29uDoqXVCsg&edm=AJhczIQBAAAA&ccb=7-5&oh=00_AfrFSEBmPUHrzb7PHFBBlcXyVYxkdbL3of0fbG9pxCELjA&oe=696A1671&_nc_sid=4a2096,1250,0,12580,1059,0,['https://instagram.fhan4-5.fna.fbcdn.net/v/t51.2885-15/572313577_17933745780098727_8774636355102837909_n.jpg?stp=dst-jpg_e35_tt6&efg=eyJ2ZW5jb2RlX3RhZyI6InRocmVhZHMuRkVFRC5pbWFnZV91cmxnZW4uMTQ0MHgxNDQ1LnNkci5mODI3ODcuZGVmYXVsdF9pbWFnZS5jMiJ9&_nc_ht=instagram.fhan4-5.fna.fbcdn.net&_nc_cat=103&_nc_oc=Q6cZ2QHRJvFfDoNq4eqtQwrKUsYh-hrHQiJIEvNCRq1w7kY7T0dQ7OeJwmXXfH8okiDXWSI&_nc_ohc=668AL8T2dPgQ7kNvwENydYU&_nc_gid=d3Ziron3KJQ29uDoqXVCsg&edm=AJhczIQBAAAA&ccb=7-5&ig_cache_key=Mzc1ODYwNDE1Mzc0OTc1OTM3NA%3D%3D.3-ccb7-5&oh=00_AfoJq36mWW6b7YNDXIzh1TzZlH16pjcxXR9VW1IwK70WKw&oe=696A22D5&_nc_sid=4a2096'],,https://www.threads.net/@geraldgivensjr/post/DQpPpBbj-WO,[],"{'likes': 12580, 'reposts': 1012, 'quotes': 47}",threads,3758604153749759374,Gerald D. Givens Jr.,,"I wore the uniform for 20 years to defend Americans, not watch a president defy the courts and starve them. Trump refusing to fund SNAP is more than politics; it’s cruelty. No leader who weaponizes hunger deserves power.",threads,63076618726,geraldgivensjr
[],2026-01-12T09:37:12.838906+07:00,The cognitive dissonance between what some people in the book community read and the politics they support DOESN’T MAKE ANY FUCKING SENSE WTF?!,2026-01-09T23:57:46+07:00,,3806396684654919149,threads,threads.com,threads_crawler_v1,https://www.threads.net/@faeriekiki/post/DTTCZ4XFL3t,https://instagram.fhan3-3.fna.fbcdn.net/v/t51.2885-19/520284244_17899411818237373_8327710749133899489_n.jpg?stp=dst-jpg_s150x150_tt6&efg=eyJ2ZW5jb2RlX3RhZyI6InByb2ZpbGVfcGljLmRqYW5nby4xMDgwLmMyIn0&_nc_ht=instagram.fhan3-3.fna.fbcdn.net&_nc_cat=101&_nc_oc=Q6cZ2QHRJvFfDoNq4eqtQwrKUsYh-hrHQiJIEvNCRq1w7kY7T0dQ7OeJwmXXfH8okiDXWSI&_nc_ohc=JlWAQ3mHTzUQ7kNvwGujB1x&_nc_gid=d3Ziron3KJQ29uDoqXVCsg&edm=AJhczIQBAAAA&ccb=7-5&oh=00_AfomjtigMC3HvbT0qtLWDBEq3oEy1ufYKqqLpYJ_L7hEvA&oe=696A3AA5&_nc_sid=4a2096,27,0,405,23,0,[],,https://www.threads.net/@faeriekiki/post/DTTCZ4XFL3t,[],"{'likes': 405, 'reposts': 22, 'quotes': 1}",threads,3806396684654919149,Keeks,,The cognitive dissonance between what some people in the book community read and the politics they support DOESN’T MAKE ANY FUCKING SENSE WTF?!,threads,67069093372,faeriekiki
[],2026-01-12T09:37:12.838937+07:00,"Politics have no place in Football so it was unacceptable for Colin Kaepernick to peacefully take a knee to protest systemic racism, but the NFL proudly held a moment of silence for Charlie Kirk because we must honor a man who denied systemic racism even exists.

This is America.",2025-09-13T09:24:33+07:00,,3720433647095780717,threads,threads.com,threads_crawler_v1,https://www.threads.net/@qasimrashid/post/DOhorC5jhVt,https://instagram.fhan4-3.fna.fbcdn.net/v/t51.2885-19/442275366_953923756527802_1099331260271141776_n.jpg?stp=dst-jpg_s150x150_tt6&efg=eyJ2ZW5jb2RlX3RhZyI6InByb2ZpbGVfcGljLmRqYW5nby43NjguYzIifQ&_nc_ht=instagram.fhan4-3.fna.fbcdn.net&_nc_cat=110&_nc_oc=Q6cZ2QHRJvFfDoNq4eqtQwrKUsYh-hrHQiJIEvNCRq1w7kY7T0dQ7OeJwmXXfH8okiDXWSI&_nc_ohc=2ADTlyOwrwkQ7kNvwGgVc1y&_nc_gid=d3Ziron3KJQ29uDoqXVCsg&edm=AJhczIQBAAAA&ccb=7-5&oh=00_AfqX6rwosqkuoM-OQ-ZnYHzUlG4Kr2JCwWSsjgMAfT2NWQ&oe=696A4384&_nc_sid=4a2096,729,0,38356,3573,0,[],,https://www.threads.net/@qasimrashid/post/DOhorC5jhVt,[],"{'likes': 38356, 'reposts': 3519, 'quotes': 54}",threads,3720433647095780717,Qasim Rashid,,"Politics have no place in Football so it was unacceptable for Colin Kaepernick to peacefully take a knee to protest systemic racism, but the NFL proudly held a moment of silence for Charlie Kirk because we must honor a man who denied systemic racism even exists.

This is America.",threads,63275861511,qasimrashid
[],2026-01-12T09:37:12.838971+07:00,"Dear algorithm 
Please connect me with people who are interested in left wing socialist politics",2025-12-20T13:02:01+07:00,,3791571122915991881,threads,threads.com,threads_crawler_v1,https://www.threads.net/@eileen1960/post/DSeXdkCCWFJ,https://instagram.fhan4-5.fna.fbcdn.net/v/t51.2885-19/358204843_683386400256399_5030854461743252992_n.jpg?stp=dst-jpg_s150x150_tt6&efg=eyJ2ZW5jb2RlX3RhZyI6InByb2ZpbGVfcGljLmRqYW5nby42MTMuYzIifQ&_nc_ht=instagram.fhan4-5.fna.fbcdn.net&_nc_cat=103&_nc_oc=Q6cZ2QHRJvFfDoNq4eqtQwrKUsYh-hrHQiJIEvNCRq1w7kY7T0dQ7OeJwmXXfH8okiDXWSI&_nc_ohc=_59H1DktvusQ7kNvwHzYjxz&_nc_gid=d3Ziron3KJQ29uDoqXVCsg&edm=AJhczIQBAAAA&ccb=7-5&oh=00_Afoc5Ylz9dRIsPJKbZaMvMkKPCNTPpgj18M7z6QcdoaGBg&oe=696A2264&_nc_sid=4a2096,87,0,1038,30,0,[],,https://www.threads.net/@eileen1960/post/DSeXdkCCWFJ,[],"{'likes': 1038, 'reposts': 30, 'quotes': 0}",threads,3791571122915991881,Louise Scobie,,"Dear algorithm 
Please connect me with people who are interested in left wing socialist politics",threads,63468012469,eileen1960
[],2026-01-12T09:37:12.839004+07:00,"Noam Chomsky knew. 
.
Repost from @philosophyofexistence 
•
The Truth About The Republican Party - Noam Chomsky

.

 |  #noamchomsky #republican #philosophy #christian #leftist #politics",2024-12-28T11:47:03+07:00,,3532788446541575428,threads,threads.com,threads_crawler_v1,https://www.threads.net/@joyannreid/post/DEG_F_mtvUE,https://instagram.fhan3-3.fna.fbcdn.net/v/t51.2885-19/358104110_298669659275831_1341041899805841726_n.jpg?stp=dst-jpg_s150x150_tt6&efg=eyJ2ZW5jb2RlX3RhZyI6InByb2ZpbGVfcGljLmRqYW5nby4xNTAuYzIifQ&_nc_ht=instagram.fhan3-3.fna.fbcdn.net&_nc_cat=1&_nc_oc=Q6cZ2QHRJvFfDoNq4eqtQwrKUsYh-hrHQiJIEvNCRq1w7kY7T0dQ7OeJwmXXfH8okiDXWSI&_nc_ohc=VIbLCv7WF7IQ7kNvwGY6wPl&_nc_gid=d3Ziron3KJQ29uDoqXVCsg&edm=AJhczIQBAAAA&ccb=7-5&oh=00_Afo-DhfeyNWVUfI7cYjlJS78Za6BUyUkW1VUKczAkYmOZw&oe=696A26DB&_nc_sid=4a2096,20,0,1428,422,0,"['https://instagram.fhan4-1.fna.fbcdn.net/v/t51.2885-15/501451808_723861266769905_53243507389487209_n.jpg?stp=dst-jpg_e15_tt6&efg=eyJ2ZW5jb2RlX3RhZyI6InRocmVhZHMuRkVFRC5pbWFnZV91cmxnZW4uMTA4MHgxOTIwLnNkci5mNzE4NzguZGVmYXVsdF9jb3Zlcl9mcmFtZS5jMiJ9&_nc_ht=instagram.fhan4-1.fna.fbcdn.net&_nc_cat=105&_nc_oc=Q6cZ2QHRJvFfDoNq4eqtQwrKUsYh-hrHQiJIEvNCRq1w7kY7T0dQ7OeJwmXXfH8okiDXWSI&_nc_ohc=R72okHEtC_IQ7kNvwGmLxvI&_nc_gid=d3Ziron3KJQ29uDoqXVCsg&edm=AJhczIQBAAAA&ccb=7-5&ig_cache_key=MzUzMjc4ODQ0NjU0MTU3NTQyOA%3D%3D.3-ccb7-5&oh=00_AfqoHsFhiYZYyjne2MnPsL9ZpwgzO2ly9I8Nw0iYWj9l_Q&oe=696A35EC&_nc_sid=4a2096', 'https://instagram.fhan3-4.fna.fbcdn.net/o1/v/t2/f2/m367/AQPOXWxKTh-Stril2b3ZKhLfhyy1EOMRNUQrLve6lY3UFCeKRSz4D0a0gkb16uX0ID0jyy265o0ZmiEBtUb2kPJtsPEWLe7S1_A1HRU.mp4?_nc_cat=106&_nc_oc=AdmFFCiv8RbmZozHoqQK1yJOLd5hanJhxfaRnXDSWnB1ITFFy32VQAvMt5DtwB8XAbc&_nc_sid=5e9851&_nc_ht=instagram.fhan3-4.fna.fbcdn.net&_nc_ohc=5o8xbE4RGuwQ7kNvwHnP7zs&efg=eyJ2ZW5jb2RlX3RhZyI6Inhwdl9wcm9ncmVzc2l2ZS5JTlNUQUdSQU0uRkVFRC5DMy41NzYuZGFzaF9iYXNlbGluZV8xX3YxIiwieHB2X2Fzc2V0X2lkIjo2MTI4MTE0Mzc4NzQ4ODksImFzc2V0X2FnZV9kYXlzIjozNzksInZpX3VzZWNhc2VfaWQiOjEwMDk5LCJkdXJhdGlvbl9zIjo3NywidXJsZ2VuX3NvdXJjZSI6Ind3dyJ9&ccb=17-1&_nc_gid=d3Ziron3KJQ29uDoqXVCsg&_nc_zt=28&vs=c68cbf764a2259f1&_nc_vs=HBksFQIYQGlnX2VwaGVtZXJhbC83MTRENDc4REU1NDhGMDEzMDAxRDFBRDc3NjJFQUZCQl92aWRlb19kYXNoaW5pdC5tcDQVAALIARIAFQIYOnBhc3N0aHJvdWdoX2V2ZXJzdG9yZS9HSU41SUJ4REwtcDB5dm9OQUZuN0wwYUxQOVo4YnFfRUFBQUYVAgLIARIAKAAYABsCiAd1c2Vfb2lsATEScHJvZ3Jlc3NpdmVfcmVjaXBlATEVAAAmkvuMganWlgIVAigCQzMsF0BTTul41P30GBJkYXNoX2Jhc2VsaW5lXzFfdjERAHXqB2XmnQEA&oh=00_AfqSGY-VqGFTHN8BNA3daPlKL7Cq4ahfNUsokftZzwENVQ&oe=696A35EB']",,https://www.threads.net/@joyannreid/post/DEG_F_mtvUE,[],"{'likes': 1428, 'reposts': 385, 'quotes': 37}",threads,3532788446541575428,Joy-Ann Reid,,"Noam Chomsky knew. 
.
Repost from @philosophyofexistence 
•
The Truth About The Republican Party - Noam Chomsky

.

 |  #noamchomsky #republican #philosophy #christian #leftist #politics",threads,63080780230,joyannreid
[],2026-01-12T09:37:12.839038+07:00,"Once again, what is dividing us is NOT politics but morals.",2025-12-27T08:46:37+07:00,,3796516003464277599,threads,threads.com,threads_crawler_v1,https://www.threads.net/@michaelbranda/post/DSv7zC6ku5f,https://instagram.fhan4-5.fna.fbcdn.net/v/t51.2885-19/358406445_605882304986727_8897031684136132452_n.jpg?stp=dst-jpg_s150x150_tt6&efg=eyJ2ZW5jb2RlX3RhZyI6InByb2ZpbGVfcGljLmRqYW5nby4xMDgwLmMyIn0&_nc_ht=instagram.fhan4-5.fna.fbcdn.net&_nc_cat=103&_nc_oc=Q6cZ2QHRJvFfDoNq4eqtQwrKUsYh-hrHQiJIEvNCRq1w7kY7T0dQ7OeJwmXXfH8okiDXWSI&_nc_ohc=o7eyZK19R4UQ7kNvwFfgaQd&_nc_gid=d3Ziron3KJQ29uDoqXVCsg&edm=AJhczIQBAAAA&ccb=7-5&oh=00_AfoiRnmkm_HdxOm87-N3_f3ok1iVC8Diik-8IvxR2ubKsQ&oe=696A295E&_nc_sid=4a2096,549,0,12656,1191,0,['https://instagram.fhan3-4.fna.fbcdn.net/v/t39.30808-6/607173750_25886146127678044_6061350057074187935_n.jpg?stp=dst-jpg_e35_tt6&efg=eyJ2ZW5jb2RlX3RhZyI6InRocmVhZHMuRkVFRC5pbWFnZV91cmxnZW4uMTI0MngxMDczLnNkci5mMzA4MDguZGVmYXVsdF9pbWFnZS5jMiJ9&_nc_ht=instagram.fhan3-4.fna.fbcdn.net&_nc_cat=104&_nc_oc=Q6cZ2QHRJvFfDoNq4eqtQwrKUsYh-hrHQiJIEvNCRq1w7kY7T0dQ7OeJwmXXfH8okiDXWSI&_nc_ohc=SUgJRLZLtooQ7kNvwGbd6l9&_nc_gid=d3Ziron3KJQ29uDoqXVCsg&edm=AJhczIQAAAAA&ccb=7-5&ig_cache_key=Mzc5NjUxNjAwMzQ2NDI3NzU5OQ%3D%3D.3-ccb7-5&oh=00_AfrHTUF-hChCu2_uvyqEYVnDZB-UDmVnftVIttIpXpTaRQ&oe=696A2032&_nc_sid=4a2096'],,https://www.threads.net/@michaelbranda/post/DSv7zC6ku5f,[],"{'likes': 12656, 'reposts': 1138, 'quotes': 53}",threads,3796516003464277599,Michael Branda,,"Once again, what is dividing us is NOT politics but morals.",threads,63279020067,michaelbranda
[],2026-01-12T09:37:12.839070+07:00,"Hey!
Looking for friends I guess:
-I'm a INTJ
-British
-Male
-18
-Utter sci-fi nerd, Star Wars, Halo and more.
-I adore history and Sociology
-Eager about politics (but if you wanna avoid chatting about that, then I understand.)
-Love dark stuff but also fluff as well
-Open minded, idc if your a femboy, furry etc.
-Sexual orientation? You'll find out when I feel comfortable ig.
-Very analytical, tend to look into things instead of just taking it up front
-idc about class, gender, ethnicity etc",2025-09-13T00:13:09+07:00,,3720156117230978393,threads,threads.com,threads_crawler_v1,https://www.threads.net/@history_geek07/post/DOgpkdEjIVZ,https://instagram.fhan3-3.fna.fbcdn.net/v/t51.2885-19/486228310_1163767805448335_1853546492149761895_n.jpg?stp=dst-jpg_s150x150_tt6&efg=eyJ2ZW5jb2RlX3RhZyI6InByb2ZpbGVfcGljLmRqYW5nby4xMDgwLmMyIn0&_nc_ht=instagram.fhan3-3.fna.fbcdn.net&_nc_cat=111&_nc_oc=Q6cZ2QHRJvFfDoNq4eqtQwrKUsYh-hrHQiJIEvNCRq1w7kY7T0dQ7OeJwmXXfH8okiDXWSI&_nc_ohc=DNECus2TtHMQ7kNvwEuqqrp&_nc_gid=d3Ziron3KJQ29uDoqXVCsg&edm=AJhczIQBAAAA&ccb=7-5&oh=00_AfrCv6EQPKXPK4o-YedvJ5A84AhSI1vTff6FzC-fNRyg-w&oe=696A33F2&_nc_sid=4a2096,157,0,73,0,0,[],,https://www.threads.net/@history_geek07/post/DOgpkdEjIVZ,[],"{'likes': 73, 'reposts': 0, 'quotes': 0}",threads,3720156117230978393,History Geek,,"Hey!
Looking for friends I guess:
-I'm a INTJ
-British
-Male
-18
-Utter sci-fi nerd, Star Wars, Halo and more.
-I adore history and Sociology
-Eager about politics (but if you wanna avoid chatting about that, then I understand.)
-Love dark stuff but also fluff as well
-Open minded, idc if your a femboy, furry etc.
-Sexual orientation? You'll find out when I feel comfortable ig.
-Very analytical, tend to look into things instead of just taking it up front
-idc about class, gender, ethnicity etc",threads,66863974950,history_geek07
[],2026-01-12T09:37:12.839104+07:00,@adammockler in a heated exchange over fascism on #surrounded #debate #politics #trump,2026-01-07T01:55:59+07:00,,3804281650600400987,threads,threads.com,threads_crawler_v1,https://www.threads.net/@jubileemedia/post/DTLhgFZkthb,https://instagram.fhan4-5.fna.fbcdn.net/v/t51.2885-19/357885172_1455325421893094_6654162035723850370_n.jpg?stp=dst-jpg_s150x150_tt6&efg=eyJ2ZW5jb2RlX3RhZyI6InByb2ZpbGVfcGljLmRqYW5nby44MDAuYzIifQ&_nc_ht=instagram.fhan4-5.fna.fbcdn.net&_nc_cat=102&_nc_oc=Q6cZ2QHRJvFfDoNq4eqtQwrKUsYh-hrHQiJIEvNCRq1w7kY7T0dQ7OeJwmXXfH8okiDXWSI&_nc_ohc=peFYPOpuq4YQ7kNvwHbWQ7u&_nc_gid=d3Ziron3KJQ29uDoqXVCsg&edm=AJhczIQBAAAA&ccb=7-5&oh=00_AfqeXN4kFv0YTLxvHRsMGpbTeF5u0zxphUWCSqtTgdrkDg&oe=696A4849&_nc_sid=4a2096,116,0,874,42,0,"['https://instagram.fhan4-1.fna.fbcdn.net/v/t51.2885-15/610776580_2134096413665273_6322507854722233134_n.jpg?stp=dst-jpg_e15_tt6&efg=eyJ2ZW5jb2RlX3RhZyI6InRocmVhZHMuRkVFRC5pbWFnZV91cmxnZW4uNjQweDExMzYuc2RyLmY3MTg3OC5kZWZhdWx0X2NvdmVyX2ZyYW1lLmMyIn0&_nc_ht=instagram.fhan4-1.fna.fbcdn.net&_nc_cat=105&_nc_oc=Q6cZ2QHRJvFfDoNq4eqtQwrKUsYh-hrHQiJIEvNCRq1w7kY7T0dQ7OeJwmXXfH8okiDXWSI&_nc_ohc=TVa_6lHUlcsQ7kNvwH4wt7c&_nc_gid=d3Ziron3KJQ29uDoqXVCsg&edm=AJhczIQBAAAA&ccb=7-5&ig_cache_key=MzgwNDI4MTY1MDYwMDQwMDk4Nw%3D%3D.3-ccb7-5&oh=00_AfqZx3bb7SMrhrBYyIj9Y8BCctuhhgAtOWnoIIjRtib-xQ&oe=696A1F33&_nc_sid=4a2096', 'https://instagram.fhan4-1.fna.fbcdn.net/o1/v/t16/f2/m84/AQOCVnMxAPBXQQMFlaH6DNW_4A1OxAdtRTWziATD7ntSlIL9sa0yMqvJGHNrtvlp0b2DqmYNwhvc0xgCXSWD7PAhH5pPVQtEZFYansk.mp4?_nc_cat=105&_nc_oc=AdlXKlqfODVNc7kzppMcWEE8Cf455wir0jDG6MZMAiP2ybPd4ellTA4FVbf0PkEDHUQ&_nc_sid=5e9851&_nc_ht=instagram.fhan4-1.fna.fbcdn.net&_nc_ohc=tInTDkHnTkUQ7kNvwFhw-0s&efg=eyJ2ZW5jb2RlX3RhZyI6Inhwdl9wcm9ncmVzc2l2ZS5JTlNUQUdSQU0uRkVFRC5DMy43MjAuZGFzaF9iYXNlbGluZV8xX3YxIiwieHB2X2Fzc2V0X2lkIjoxMzA4NTQ5MTk3Njk4NzI3LCJhc3NldF9hZ2VfZGF5cyI6NSwidmlfdXNlY2FzZV9pZCI6MTAxNjQsImR1cmF0aW9uX3MiOjEzMSwidXJsZ2VuX3NvdXJjZSI6Ind3dyJ9&ccb=17-1&_nc_gid=d3Ziron3KJQ29uDoqXVCsg&_nc_zt=28&vs=a64d39d2f85d0cfc&_nc_vs=HBksFQIYTGlnX2JhY2tmaWxsX3RpbWVsaW5lX3ZvZC9GQTQwRUUwQjgyRTM1NjgxNjczRkU0NkE2RURDQUNBQl92aWRlb19kYXNoaW5pdC5tcDQVAALIARIAFQIYOnBhc3N0aHJvdWdoX2V2ZXJzdG9yZS9HSFZZVnlRUXBWTk04emtIQUYzLXJkSDhVMVlCYnNwVEFRQUYVAgLIARIAKAAYABsCiAd1c2Vfb2lsATEScHJvZ3Jlc3NpdmVfcmVjaXBlATEVAAAmztrMocuH0wQVAigCQzMsF0BgaU_fO2RaGBJkYXNoX2Jhc2VsaW5lXzFfdjERAHXqB2XongEA&oh=00_Afrl2LIlAPkI5avdkPeYdn4BqOj2ytXKKgHaReEtmHYcgA&oe=696627B7']",,https://www.threads.net/@jubileemedia/post/DTLhgFZkthb,[],"{'likes': 874, 'reposts': 40, 'quotes': 2}",threads,3804281650600400987,Jubilee,,@adammockler in a heated exchange over fascism on #surrounded #debate #politics #trump,threads,63376795508,jubileemedia
[],2026-01-12T09:37:12.839135+07:00,"American Politics have fucked up the rest of the world. WE absolutely get a say in OUR COLLECTIVE politics. We're helping w/ what we can in the outside; DO UR PART BC UR BOOTS ON THE GROUND. Canada & Mexico are very unfortunately next to you & dealing w/ ur shit. The US fucked over 60+ countries w/ just tariffs alone + bombed Venezuela, Somalia, Syria, Iran, Yemen & is funding the genocide in Palestine & are complicit in the attacks on Ukraine.",2026-01-10T00:52:34+07:00,,3806424265718348187,threads,threads.com,threads_crawler_v1,https://www.threads.net/@cryfightwin/post/DTTIrPOkbmb,https://instagram.fhan4-3.fna.fbcdn.net/v/t51.2885-19/491470432_678145914912454_8943550483734755677_n.jpg?stp=dst-jpg_s150x150_tt6&efg=eyJ2ZW5jb2RlX3RhZyI6InByb2ZpbGVfcGljLmRqYW5nby4xMDgwLmMyIn0&_nc_ht=instagram.fhan4-3.fna.fbcdn.net&_nc_cat=110&_nc_oc=Q6cZ2QHRJvFfDoNq4eqtQwrKUsYh-hrHQiJIEvNCRq1w7kY7T0dQ7OeJwmXXfH8okiDXWSI&_nc_ohc=ptYuPsKSQukQ7kNvwHcEztw&_nc_gid=d3Ziron3KJQ29uDoqXVCsg&edm=AJhczIQBAAAA&ccb=7-5&oh=00_AfqXBm-XWwhRWI7f1eGB-bA34LmQWZ3xDH3ayaybiLpx3A&oe=696A31B1&_nc_sid=4a2096,1,0,0,0,0,[],,https://www.threads.net/@cryfightwin/post/DTTIrPOkbmb,[],"{'likes': 0, 'reposts': 0, 'quotes': 0}",threads,3806424265718348187,Cry Fight Win,US Politics,"American Politics have fucked up the rest of the world. WE absolutely get a say in OUR COLLECTIVE politics. We're helping w/ what we can in the outside; DO UR PART BC UR BOOTS ON THE GROUND. Canada & Mexico are very unfortunately next to you & dealing w/ ur shit. The US fucked over 60+ countries w/ just tariffs alone + bombed Venezuela, Somalia, Syria, Iran, Yemen & is funding the genocide in Palestine & are complicit in the attacks on Ukraine.",threads,73971421624,cryfightwin
[],2026-01-12T09:37:12.839168+07:00,"Great piece about my dear friend Melissa Hortman.

",2025-12-19T01:06:25+07:00,,3790486172913474851,threads,threads.com,threads_crawler_v1,https://www.threads.net/@mngovernor/post/DSagxdmiZ0j,https://instagram.fhan3-3.fna.fbcdn.net/v/t51.2885-19/442445934_359906233741485_6622464694215525885_n.jpg?stp=dst-jpg_s150x150_tt6&efg=eyJ2ZW5jb2RlX3RhZyI6InByb2ZpbGVfcGljLmRqYW5nby44MTYuYzIifQ&_nc_ht=instagram.fhan3-3.fna.fbcdn.net&_nc_cat=1&_nc_oc=Q6cZ2QHRJvFfDoNq4eqtQwrKUsYh-hrHQiJIEvNCRq1w7kY7T0dQ7OeJwmXXfH8okiDXWSI&_nc_ohc=ete6kGJy_qEQ7kNvwGutFoj&_nc_gid=d3Ziron3KJQ29uDoqXVCsg&edm=AJhczIQBAAAA&ccb=7-5&oh=00_Afr-yADafh2EEFKq_xIZq7MBXH2sM-8PYA6dfgg0m1ORJg&oe=696A4C5F&_nc_sid=4a2096,94,0,22032,2224,0,[],,https://www.threads.net/@mngovernor/post/DSagxdmiZ0j,[],"{'likes': 22032, 'reposts': 2172, 'quotes': 52}",threads,3790486172913474851,Governor Tim Walz,,"Great piece about my dear friend Melissa Hortman.

https://www.rollingstone.com/politics/politics-features/melissa-hortman-minnesota-speaker-political-violence-1235486292/",threads,63409758532,mngovernor
[],2026-01-12T09:37:47.464168+07:00,MAGA ISN’T A POLITICAL PARTY. IT’S A LAST STAND FOR PEOPLE TERRIFIED OF LOSING WHITE DOMINANCE IN A MULTIRACIAL DEMOCRACY.,2025-11-22T03:20:40+07:00,,3770984799096944672,threads,threads.com,threads_crawler_v1,https://www.threads.net/@vegangoon41/post/DRVOrH7kjgg,https://instagram.fhan4-6.fna.fbcdn.net/v/t51.2885-19/309881540_2970757766550812_1737332688732685250_n.jpg?stp=dst-jpg_s150x150_tt6&efg=eyJ2ZW5jb2RlX3RhZyI6InByb2ZpbGVfcGljLmRqYW5nby4xMDgwLmMyIn0&_nc_ht=instagram.fhan4-6.fna.fbcdn.net&_nc_cat=108&_nc_oc=Q6cZ2QGNRFx-vMjtRhC4SSAM0mtscG2JMTr_3X8FPiykJ7p4sjeJXd07pdiU_Ft4r4hGSw4&_nc_ohc=Me5XQyfLsnYQ7kNvwH8LTmZ&_nc_gid=btQRT_ohtf_u3XhdImLplg&edm=AJhczIQBAAAA&ccb=7-5&oh=00_AfoP-IVFgxGd0w6UEZkU1UBOz8ZyS3QDRT2RygJ3NIfKIQ&oe=696A48C7&_nc_sid=4a2096,714,0,10119,864,0,[],,https://www.threads.net/@vegangoon41/post/DRVOrH7kjgg,[],"{'likes': 10119, 'reposts': 820, 'quotes': 44}",threads,3770984799096944672,Corey Lewis Teague,socialism,MAGA ISN’T A POLITICAL PARTY. IT’S A LAST STAND FOR PEOPLE TERRIFIED OF LOSING WHITE DOMINANCE IN A MULTIRACIAL DEMOCRACY.,threads,63062901574,vegangoon41
[],2026-01-12T09:37:47.464598+07:00,"Yep! He’s not perfect, but he sure is  doing a lot for America!  And he’s rattling a  lot of  politicians cages and he’s making  a lot of noise.. I voted for this. It’s time to change Washington DC politics / and stop the corruption .",2025-11-16T03:05:02+07:00,,3766628270533156357,threads,threads.com,threads_crawler_v1,https://www.threads.net/@angel_406_warrior/post/DRFwHSiEp4F,https://instagram.fhan4-3.fna.fbcdn.net/v/t51.2885-19/469144526_1346037136368120_5234457768181134207_n.jpg?stp=dst-jpg_s150x150_tt6&efg=eyJ2ZW5jb2RlX3RhZyI6InByb2ZpbGVfcGljLmRqYW5nby4xMDgwLmMyIn0&_nc_ht=instagram.fhan4-3.fna.fbcdn.net&_nc_cat=100&_nc_oc=Q6cZ2QGNRFx-vMjtRhC4SSAM0mtscG2JMTr_3X8FPiykJ7p4sjeJXd07pdiU_Ft4r4hGSw4&_nc_ohc=VlStAGHBehEQ7kNvwEd-r0i&_nc_gid=btQRT_ohtf_u3XhdImLplg&edm=AJhczIQBAAAA&ccb=7-5&oh=00_AfrLyD-M1mUqbF4x3bZBtp85r8Pa6TWN1PGJBGOKVdf9pw&oe=696A2797&_nc_sid=4a2096,694,0,241,3,0,['https://instagram.fhan4-1.fna.fbcdn.net/v/t51.2885-15/583193805_18093795325871393_3606689023611130131_n.jpg?stp=dst-jpg_e35_tt6&efg=eyJ2ZW5jb2RlX3RhZyI6InRocmVhZHMuRkVFRC5pbWFnZV91cmxnZW4uMTI2NngxMjUzLnNkci5mODI3ODcuZGVmYXVsdF9pbWFnZS5jMiJ9&_nc_ht=instagram.fhan4-1.fna.fbcdn.net&_nc_cat=105&_nc_oc=Q6cZ2QGNRFx-vMjtRhC4SSAM0mtscG2JMTr_3X8FPiykJ7p4sjeJXd07pdiU_Ft4r4hGSw4&_nc_ohc=dpbnf3IDxkQQ7kNvwHgSDv4&_nc_gid=btQRT_ohtf_u3XhdImLplg&edm=AJhczIQBAAAA&ccb=7-5&ig_cache_key=Mzc2NjYyODI3MDUzMzE1NjM1Nw%3D%3D.3-ccb7-5&oh=00_Afr0zVJU96agt6h9_yF0O9g9i_077lkBLWPKcJZNeEx03w&oe=696A499E&_nc_sid=4a2096'],,https://www.threads.net/@angel_406_warrior/post/DRFwHSiEp4F,[],"{'likes': 241, 'reposts': 3, 'quotes': 0}",threads,3766628270533156357,🏹𝕸𝕺𝕹𝕿𝕬𝕹𝕬🏹 🇺🇸,,"Yep! He’s not perfect, but he sure is  doing a lot for America!  And he’s rattling a  lot of  politicians cages and he’s making  a lot of noise.. I voted for this. It’s time to change Washington DC politics / and stop the corruption .",threads,69761867402,angel_406_warrior
[],2026-01-12T09:37:47.464844+07:00,"Thank you to everyone who went to bat for my daughter yesterday.

Politics aside, decent people know there’s a line you don’t cross and bringing a child into it is unacceptable.

This will be the last thing I post about it. If anyone tries it again, everything will be documented and handled through the proper legal channels.

BertaProudDad",2026-01-07T01:45:06+07:00,,3804276364057588224,threads,threads.com,threads_crawler_v1,https://www.threads.net/@bertaprouddad/post/DTLgTJ7ETIA,https://instagram.fhan3-4.fna.fbcdn.net/v/t51.2885-19/464890038_8361550657246662_1913864404262047662_n.jpg?stp=dst-jpg_s150x150_tt6&efg=eyJ2ZW5jb2RlX3RhZyI6InByb2ZpbGVfcGljLmRqYW5nby4xMDgwLmMyIn0&_nc_ht=instagram.fhan3-4.fna.fbcdn.net&_nc_cat=106&_nc_oc=Q6cZ2QGNRFx-vMjtRhC4SSAM0mtscG2JMTr_3X8FPiykJ7p4sjeJXd07pdiU_Ft4r4hGSw4&_nc_ohc=hxUBxJNVLAAQ7kNvwEnBwoc&_nc_gid=btQRT_ohtf_u3XhdImLplg&edm=AJhczIQBAAAA&ccb=7-5&oh=00_AfqsRToJrR3Iug6SYPAX13CVQBjgP3mbLXDd4MrnqLmwaA&oe=696A390F&_nc_sid=4a2096,74,0,111,5,0,"['https://instagram.fhan3-4.fna.fbcdn.net/v/t51.2885-15/610617302_1206293684276094_104556286860149059_n.jpg?se=-1&stp=dst-jpegr_e15_tt6&efg=eyJ2ZW5jb2RlX3RhZyI6InRocmVhZHMuRkVFRC5pbWFnZV91cmxnZW4uNjQweDExMzYuaGRyLmY3MTg3OC5kZWZhdWx0X2NvdmVyX2ZyYW1lLmMyIn0&_nc_ht=instagram.fhan3-4.fna.fbcdn.net&_nc_cat=106&_nc_oc=Q6cZ2QGNRFx-vMjtRhC4SSAM0mtscG2JMTr_3X8FPiykJ7p4sjeJXd07pdiU_Ft4r4hGSw4&_nc_ohc=E_fagAnwPDYQ7kNvwF_ldse&_nc_gid=btQRT_ohtf_u3XhdImLplg&edm=AJhczIQBAAAA&ccb=7-5&ig_cache_key=MzgwNDI3NjM2NDA1NzU4ODIyNA%3D%3D.3-ccb7-5&oh=00_Afpbx6Dpyud6ofqxq_u7dtXFMazAgOKm-pt5DF2g1qBdPQ&oe=696A27D0&_nc_sid=4a2096', 'https://instagram.fhan4-3.fna.fbcdn.net/o1/v/t2/f2/m86/AQMmUjRcsb_Xh8g41R2iQRNcSU1N4BZ42w0Rwr1pNqMsO2KacWy2sao97p4-VzJOP5n7FEveXwHE6-KKiFvb9H9DpbAefe_ZVgiIQ54.mp4?_nc_cat=100&_nc_oc=AdmauNpfmc8tvBrxQKKSXHkBiaRUgHVaoRXktVhz8eKFtTD3fuXxUNHmNwkBoaDoN3U&_nc_sid=5e9851&_nc_ht=instagram.fhan4-3.fna.fbcdn.net&_nc_ohc=c2tgI-HdIIUQ7kNvwH4vfEi&efg=eyJ2ZW5jb2RlX3RhZyI6Inhwdl9wcm9ncmVzc2l2ZS5JTlNUQUdSQU0uRkVFRC5DMy43MjAuZGFzaF9iYXNlbGluZV8xX3YxIiwieHB2X2Fzc2V0X2lkIjoxNTMwNTMzOTk4MDYzODIyLCJhc3NldF9hZ2VfZGF5cyI6NSwidmlfdXNlY2FzZV9pZCI6MTAwOTksImR1cmF0aW9uX3MiOjEwOSwidXJsZ2VuX3NvdXJjZSI6Ind3dyJ9&ccb=17-1&_nc_gid=btQRT_ohtf_u3XhdImLplg&_nc_zt=28&vs=149a5070d258d6c2&_nc_vs=HBksFQIYUmlnX3hwdl9yZWVsc19wZXJtYW5lbnRfc3JfcHJvZC82QzQ1RjU2RkI0N0I2QzVENTQ0QjZENzYzMTdCQ0Y4MF92aWRlb19kYXNoaW5pdC5tcDQVAALIARIAFQIYOnBhc3N0aHJvdWdoX2V2ZXJzdG9yZS9HTTFNWnlRemI3ZjhwcTRGQU1RNU9PMnBjTVZfYnN0VEFRQUYVAgLIARIAKAAYABsCiAd1c2Vfb2lsATEScHJvZ3Jlc3NpdmVfcmVjaXBlATEVAAAmnMOr9OaAuAUVAigCQzMsF0BbczMzMzMzGBJkYXNoX2Jhc2VsaW5lXzFfdjERAHXqB2XmnQEA&oh=00_AfoUotpHiOcScqRClAxuaLES1M3smbLEuBgyugLOTbWpxA&oe=69664455']",,https://www.threads.net/@bertaprouddad/post/DTLgTJ7ETIA,[],"{'likes': 111, 'reposts': 5, 'quotes': 0}",threads,3804276364057588224,BertaProudDad,,"Thank you to everyone who went to bat for my daughter yesterday.

Politics aside, decent people know there’s a line you don’t cross and bringing a child into it is unacceptable.

This will be the last thing I post about it. If anyone tries it again, everything will be documented and handled through the proper legal channels.

BertaProudDad",threads,78177247658,bertaprouddad
[],2026-01-12T09:37:47.465034+07:00,"TEXAS POLITICS: Standing room only/building at capacity for James Talarico in (wait for it) New Braunfels!?!? 

Full story to come @sacurrent.",2026-01-09T08:05:08+07:00,,3805916861511264149,threads,threads.com,threads_crawler_v1,https://www.threads.net/@michaelkarlisreports/post/DTRVTiPDGeV,https://instagram.fhan3-3.fna.fbcdn.net/v/t51.2885-19/519462612_17936807277046909_2748783108990338977_n.jpg?stp=dst-jpg_s150x150_tt6&efg=eyJ2ZW5jb2RlX3RhZyI6InByb2ZpbGVfcGljLmRqYW5nby40MDUuYzIifQ&_nc_ht=instagram.fhan3-3.fna.fbcdn.net&_nc_cat=101&_nc_oc=Q6cZ2QGNRFx-vMjtRhC4SSAM0mtscG2JMTr_3X8FPiykJ7p4sjeJXd07pdiU_Ft4r4hGSw4&_nc_ohc=GLsJYHR3ECgQ7kNvwGJvF-L&_nc_gid=btQRT_ohtf_u3XhdImLplg&edm=AJhczIQBAAAA&ccb=7-5&oh=00_AfrI0rXN04dOiOa4Y3AvgohwKqFxoymuPDSNYkX0Q8T9GA&oe=696A1A4F&_nc_sid=4a2096,3,0,583,28,0,"['https://instagram.fhan3-3.fna.fbcdn.net/v/t51.2885-15/611728248_25463127780037763_301164389709712833_n.jpg?stp=dst-jpg_e15_tt6&efg=eyJ2ZW5jb2RlX3RhZyI6InRocmVhZHMuRkVFRC5pbWFnZV91cmxnZW4uNjQweDExMzYuc2RyLmY3MTg3OC5kZWZhdWx0X2NvdmVyX2ZyYW1lLmMyIn0&_nc_ht=instagram.fhan3-3.fna.fbcdn.net&_nc_cat=111&_nc_oc=Q6cZ2QGNRFx-vMjtRhC4SSAM0mtscG2JMTr_3X8FPiykJ7p4sjeJXd07pdiU_Ft4r4hGSw4&_nc_ohc=1o4tOLw6ZJYQ7kNvwHZhWrb&_nc_gid=btQRT_ohtf_u3XhdImLplg&edm=AJhczIQBAAAA&ccb=7-5&ig_cache_key=MzgwNTkxNjg2MTUxMTI2NDE0OQ%3D%3D.3-ccb7-5&oh=00_Afo_ws7iHgpALbE2E-fJgKa2MGLLZYtMdpdcPIUFrdeNRg&oe=696A3401&_nc_sid=4a2096', 'https://instagram.fhan3-4.fna.fbcdn.net/o1/v/t16/f2/m84/AQMkHDqRhzrdhDvtUuqN-rbWEKe1In8NenUPw-RWb25QuN1EtQT4oE6JlK7fFOE9Qimf1GlezDREbKlVmwtxp5QBjK5KsQSqlbRldok.mp4?_nc_cat=104&_nc_oc=Adn_0mYFVPjwNUt7ONt_vez8dTEJkEuSMpCwrvMyZrC-YyVxFQ17kYWVizZxDdunZ6E&_nc_sid=5e9851&_nc_ht=instagram.fhan3-4.fna.fbcdn.net&_nc_ohc=b1-Uf4xF2EAQ7kNvwFfAuWy&efg=eyJ2ZW5jb2RlX3RhZyI6Inhwdl9wcm9ncmVzc2l2ZS5JTlNUQUdSQU0uRkVFRC5DMy43MjAuZGFzaF9iYXNlbGluZV8xX3YxIiwieHB2X2Fzc2V0X2lkIjoxNjc0MjA1OTMzNTQ2NDU3LCJhc3NldF9hZ2VfZGF5cyI6MywidmlfdXNlY2FzZV9pZCI6MTAxNjQsImR1cmF0aW9uX3MiOjksInVybGdlbl9zb3VyY2UiOiJ3d3cifQ%3D%3D&ccb=17-1&_nc_gid=btQRT_ohtf_u3XhdImLplg&_nc_zt=28&vs=f880924cd2eaee5b&_nc_vs=HBksFQIYTGlnX2JhY2tmaWxsX3RpbWVsaW5lX3ZvZC82QzQ5QjI1MEUxOEE0REQ3Mzc0NTdDQ0NBRjc0RERCQV92aWRlb19kYXNoaW5pdC5tcDQVAALIARIAFQIYOnBhc3N0aHJvdWdoX2V2ZXJzdG9yZS9HT29IWmlUOHFxY2NyVlFFQUtGY1FEdnBQcGxFYnNwVEFRQUYVAgLIARIAKAAYABsCiAd1c2Vfb2lsATEScHJvZ3Jlc3NpdmVfcmVjaXBlATEVAAAmsq-Zn86r-QUVAigCQzMsF0AjmZmZmZmaGBJkYXNoX2Jhc2VsaW5lXzFfdjERAHXqB2XongEA&oh=00_AfohIu3mvG4iN6Z2Y97Z0lzpSOCTrmnleeFobiRZtwJ8hQ&oe=69663B88']",,https://www.threads.net/@michaelkarlisreports/post/DTRVTiPDGeV,[],"{'likes': 583, 'reposts': 28, 'quotes': 0}",threads,3805916861511264149,Michael Karlis,,"TEXAS POLITICS: Standing room only/building at capacity for James Talarico in (wait for it) New Braunfels!?!? 

Full story to come @sacurrent.",threads,76114458389,michaelkarlisreports
[],2026-01-12T09:37:47.465203+07:00,"This is a Jasmine Crockett, Kamala Harris, Ketanji Brown Jackson no slander page. If you love black women in politics you should follow this account.",2025-12-11T00:06:34+07:00,,3784657839696980657,threads,threads.com,threads_crawler_v1,https://www.threads.net/@luxelifelia/post/DSFzkDTiSqx,https://instagram.fhan4-6.fna.fbcdn.net/v/t51.2885-19/552707665_17843896728578948_6963652304058297371_n.jpg?stp=dst-jpg_s150x150_tt6&efg=eyJ2ZW5jb2RlX3RhZyI6InByb2ZpbGVfcGljLmRqYW5nby4xMDgwLmMyIn0&_nc_ht=instagram.fhan4-6.fna.fbcdn.net&_nc_cat=108&_nc_oc=Q6cZ2QGNRFx-vMjtRhC4SSAM0mtscG2JMTr_3X8FPiykJ7p4sjeJXd07pdiU_Ft4r4hGSw4&_nc_ohc=w8e8dcO3oOwQ7kNvwHPA_Rd&_nc_gid=btQRT_ohtf_u3XhdImLplg&edm=AJhczIQBAAAA&ccb=7-5&oh=00_Afrs9cFZqgDwpQHaS6r4p9isxDjcdybxHNpLZeL71GnunQ&oe=696A2317&_nc_sid=4a2096,164,0,15462,577,0,[],,https://www.threads.net/@luxelifelia/post/DSFzkDTiSqx,[],"{'likes': 15462, 'reposts': 565, 'quotes': 12}",threads,3784657839696980657,Camillia Shavon,,"This is a Jasmine Crockett, Kamala Harris, Ketanji Brown Jackson no slander page. If you love black women in politics you should follow this account.",threads,77367554947,luxelifelia
[],2026-01-12T09:37:47.465366+07:00,"Hi guysss
I am Iris, and I...Well made this account solely to find people with my interest and idk networking? 😶‍🌫️
Anyways-
I am 19
I like poetry, politics and literature, tbh I will yap about anything if you are a good listener.
I am very hyperactive...

Hmm...and that's all ig, so like if you wanna be friends, dm me on insta, I am more active on there than here

Byeeee",2025-12-26T19:10:00+07:00,,3796104986527483094,threads,threads.com,threads_crawler_v1,https://www.threads.net/@just.a_myth/post/DSueV9kD0TW,https://instagram.fhan3-4.fna.fbcdn.net/v/t51.2885-19/604426615_17842914435667182_7375917807548205702_n.jpg?stp=dst-jpg_s150x150_tt6&efg=eyJ2ZW5jb2RlX3RhZyI6InByb2ZpbGVfcGljLmRqYW5nby43MzUuYzIifQ&_nc_ht=instagram.fhan3-4.fna.fbcdn.net&_nc_cat=106&_nc_oc=Q6cZ2QGNRFx-vMjtRhC4SSAM0mtscG2JMTr_3X8FPiykJ7p4sjeJXd07pdiU_Ft4r4hGSw4&_nc_ohc=AdHQZUdQ-KUQ7kNvwEqTPxu&_nc_gid=btQRT_ohtf_u3XhdImLplg&edm=AJhczIQBAAAA&ccb=7-5&oh=00_AfojCnBrPbVyMbrTOi_lEGobIbZMDNbriKUmVrFga12tkA&oe=696A2855&_nc_sid=4a2096,8,0,14,0,0,[],,https://www.threads.net/@just.a_myth/post/DSueV9kD0TW,[],"{'likes': 14, 'reposts': 0, 'quotes': 0}",threads,3796104986527483094,Iris,,"Hi guysss
I am Iris, and I...Well made this account solely to find people with my interest and idk networking? 😶‍🌫️
Anyways-
I am 19
I like poetry, politics and literature, tbh I will yap about anything if you are a good listener.
I am very hyperactive...

Hmm...and that's all ig, so like if you wanna be friends, dm me on insta, I am more active on there than here

Byeeee",threads,79957051181,just.a_myth
[],2026-01-12T09:37:47.465525+07:00,"“Don’t speak if you’re not Venezuelan.”

Silence only legitimizes imperial and neocolonial power.

As a Nicaraguan, my country’s politics have been shaped by U.S. intervention from the Cold War to now, so I speak from experience. War monger Corina Machado invoked Nicaragua as “next.” We don’t need another intervention.

And as a U.S. citizen and taxpayer, I have the right and the responsibility to critique my government’s role in imperial and neocolonial processes.

So you STFU.",2026-01-04T23:45:26+07:00,,3802766596339838345,threads,threads.com,threads_crawler_v1,https://www.threads.net/@drvjrp/post/DTGJBJKjq2J,https://instagram.fhan4-5.fna.fbcdn.net/v/t51.2885-19/357928451_6766216586730795_5704657552753182087_n.jpg?stp=dst-jpg_s150x150_tt6&efg=eyJ2ZW5jb2RlX3RhZyI6InByb2ZpbGVfcGljLmRqYW5nby4xMDgwLmMyIn0&_nc_ht=instagram.fhan4-5.fna.fbcdn.net&_nc_cat=103&_nc_oc=Q6cZ2QGNRFx-vMjtRhC4SSAM0mtscG2JMTr_3X8FPiykJ7p4sjeJXd07pdiU_Ft4r4hGSw4&_nc_ohc=lJZ80AaZooQQ7kNvwGy7K5N&_nc_gid=btQRT_ohtf_u3XhdImLplg&edm=AJhczIQBAAAA&ccb=7-5&oh=00_AfrOQwFaTXPaOU6zb2kUeVHvAKqJA2_sjl32jVKsAxljjA&oe=696A1753&_nc_sid=4a2096,97,0,619,69,0,[],,https://www.threads.net/@drvjrp/post/DTGJBJKjq2J,[],"{'likes': 619, 'reposts': 68, 'quotes': 1}",threads,3802766596339838345,Violeta Rodriguez,,"“Don’t speak if you’re not Venezuelan.”

Silence only legitimizes imperial and neocolonial power.

As a Nicaraguan, my country’s politics have been shaped by U.S. intervention from the Cold War to now, so I speak from experience. War monger Corina Machado invoked Nicaragua as “next.” We don’t need another intervention.

And as a U.S. citizen and taxpayer, I have the right and the responsibility to critique my government’s role in imperial and neocolonial processes.

So you STFU.",threads,63385919527,drvjrp
[],2026-01-12T09:37:47.465763+07:00,"All fraud is bad—including the fraud in Minnesota prosecuted under the Biden Administration and the fraudsters pardoned under the Trump Administration. 

This new focus on fraud in Minnesota is all politics, especially when much of it was already caught, indicted, and prosecuted back in 2022.",2025-12-31T04:49:42+07:00,,3799295867913084692,threads,threads.com,threads_crawler_v1,https://www.threads.net/@aaronparnas/post/DS5z3ZbkZ8U,https://instagram.fhan3-3.fna.fbcdn.net/v/t51.2885-19/363308494_227453469765682_4538736073011655090_n.jpg?stp=dst-jpg_s150x150_tt6&efg=eyJ2ZW5jb2RlX3RhZyI6InByb2ZpbGVfcGljLmRqYW5nby4xMDgwLmMyIn0&_nc_ht=instagram.fhan3-3.fna.fbcdn.net&_nc_cat=1&_nc_oc=Q6cZ2QGNRFx-vMjtRhC4SSAM0mtscG2JMTr_3X8FPiykJ7p4sjeJXd07pdiU_Ft4r4hGSw4&_nc_ohc=3V5VNFrl5igQ7kNvwGqi85H&_nc_gid=btQRT_ohtf_u3XhdImLplg&edm=AJhczIQBAAAA&ccb=7-5&oh=00_AfpkjpZVW8loa7ZQiu_YAAvFRic-2iMFDa2r6WieiGUOyA&oe=696A453B&_nc_sid=4a2096,184,0,8707,867,0,[],,https://www.threads.net/@aaronparnas/post/DS5z3ZbkZ8U,[],"{'likes': 8707, 'reposts': 845, 'quotes': 22}",threads,3799295867913084692,Aaron Parnas,,"All fraud is bad—including the fraud in Minnesota prosecuted under the Biden Administration and the fraudsters pardoned under the Trump Administration. 

This new focus on fraud in Minnesota is all politics, especially when much of it was already caught, indicted, and prosecuted back in 2022.",threads,63265609167,aaronparnas
[],2026-01-12T09:37:47.466164+07:00,NATO is on red alert ⚠️ #politics,2026-01-10T01:19:35+07:00,,3806437858156887175,threads,threads.com,threads_crawler_v1,https://www.threads.net/@mpedromedia/post/DTTLxCLCjyH,https://instagram.fhan4-3.fna.fbcdn.net/v/t51.2885-19/455006356_510762174671362_9197316405518437392_n.jpg?stp=dst-jpg_s150x150_tt6&efg=eyJ2ZW5jb2RlX3RhZyI6InByb2ZpbGVfcGljLmRqYW5nby41OTQuYzIifQ&_nc_ht=instagram.fhan4-3.fna.fbcdn.net&_nc_cat=110&_nc_oc=Q6cZ2QGNRFx-vMjtRhC4SSAM0mtscG2JMTr_3X8FPiykJ7p4sjeJXd07pdiU_Ft4r4hGSw4&_nc_ohc=hbaqdP5EtDgQ7kNvwGeiZsq&_nc_gid=btQRT_ohtf_u3XhdImLplg&edm=AJhczIQBAAAA&ccb=7-5&oh=00_AfpF8HphoyQISiqLdG-P7QETmBCWmrlp7X_aZqDnuTt4wQ&oe=696A1B97&_nc_sid=4a2096,37,0,635,11,0,['https://instagram.fhan3-2.fna.fbcdn.net/v/t39.30808-6/613312739_4061974167281179_4703208468209770330_n.jpg?stp=dst-jpg_e35_tt6&efg=eyJ2ZW5jb2RlX3RhZyI6InRocmVhZHMuRkVFRC5pbWFnZV91cmxnZW4uMTYwMHgxNjAwLnNkci5mMzA4MDguZGVmYXVsdF9pbWFnZS5jMiJ9&_nc_ht=instagram.fhan3-2.fna.fbcdn.net&_nc_cat=107&_nc_oc=Q6cZ2QGNRFx-vMjtRhC4SSAM0mtscG2JMTr_3X8FPiykJ7p4sjeJXd07pdiU_Ft4r4hGSw4&_nc_ohc=gQ5neSfTC0MQ7kNvwGRbSS-&_nc_gid=btQRT_ohtf_u3XhdImLplg&edm=AJhczIQAAAAA&ccb=7-5&ig_cache_key=MzgwNjQzNzg1ODE1Njg4NzE3NQ%3D%3D.3-ccb7-5&oh=00_AfrQLIbR3fuD3eofUvSJA8I6Ja0tSqWcRDPRVSrvgM1eRA&oe=696A3265&_nc_sid=4a2096'],,https://www.threads.net/@mpedromedia/post/DTTLxCLCjyH,[],"{'likes': 635, 'reposts': 6, 'quotes': 5}",threads,3806437858156887175,MoneyPedro,,NATO is on red alert ⚠️ #politics,threads,66612866234,mpedromedia
[],2026-01-12T09:37:47.466448+07:00,Forever the week that photographers monumentalized this moment in American history like this…and like this,2025-12-24T06:03:31+07:00,,3794259590100730029,threads,threads.com,threads_crawler_v1,https://www.threads.net/@laylool/post/DSn6v6NksCt,https://instagram.fhan3-3.fna.fbcdn.net/v/t51.2885-19/432001413_1781685605576819_582869820236070146_n.jpg?stp=dst-jpg_s150x150_tt6&efg=eyJ2ZW5jb2RlX3RhZyI6InByb2ZpbGVfcGljLmRqYW5nby4xMDgwLmMyIn0&_nc_ht=instagram.fhan3-3.fna.fbcdn.net&_nc_cat=111&_nc_oc=Q6cZ2QGNRFx-vMjtRhC4SSAM0mtscG2JMTr_3X8FPiykJ7p4sjeJXd07pdiU_Ft4r4hGSw4&_nc_ohc=7Dlg3k74hYkQ7kNvwETZ9Ds&_nc_gid=btQRT_ohtf_u3XhdImLplg&edm=AJhczIQBAAAA&ccb=7-5&oh=00_Afoo0HU3lzNEvAOi-j9qtezOGjWIInYlAVxjvYhNj_IhvA&oe=696A4206&_nc_sid=4a2096,33,0,5538,212,0,['https://instagram.fhan4-3.fna.fbcdn.net/v/t51.2885-15/605024785_17935427121112656_6523970951492220703_n.jpg?stp=dst-jpg_e35_tt6&efg=eyJ2ZW5jb2RlX3RhZyI6InRocmVhZHMuQ0FST1VTRUxfSVRFTS5pbWFnZV91cmxnZW4uOTk2eDIxNjAuc2RyLmY4Mjc4Ny5kZWZhdWx0X2ltYWdlLmMyIn0&_nc_ht=instagram.fhan4-3.fna.fbcdn.net&_nc_cat=100&_nc_oc=Q6cZ2QGNRFx-vMjtRhC4SSAM0mtscG2JMTr_3X8FPiykJ7p4sjeJXd07pdiU_Ft4r4hGSw4&_nc_ohc=u_cDZJADV1oQ7kNvwGLTmmQ&_nc_gid=btQRT_ohtf_u3XhdImLplg&edm=AJhczIQBAAAA&ccb=7-5&ig_cache_key=Mzc5NDI1OTU4NDM1NDUyNDM2MQ%3D%3D.3-ccb7-5&oh=00_Afob_y-aC0u9bcQK1P5Rfl0HZ1kVTXkfQP2RylWuJEDIfw&oe=696A3B56&_nc_sid=4a2096'],,https://www.threads.net/@laylool/post/DSn6v6NksCt,[],"{'likes': 5538, 'reposts': 206, 'quotes': 6}",threads,3794259590100730029,LAYLA SHAIKLEY | CAREER AND PRODUCTIVITY,politics,Forever the week that photographers monumentalized this moment in American history like this…and like this,threads,63456880655,laylool
[],2026-01-12T09:37:47.466625+07:00,"Canadian, here. This is an unapologetic rant. 

I have never been as furious as I am right now. I believe PP is a traitorous, treasonous infection in the fabric of Canadian politics and in the heart of my beloved country. FFS, can’t everyone see right through him? I LOVE CANADA and he loves Trump. 

Country first for me.

BTW, where is PP’s security clearance? What is he hiding? DOES ANYONE CARE?",2026-01-04T00:34:11+07:00,,3802066359753243658,threads,threads.com,threads_crawler_v1,https://www.threads.net/@susanromaine13/post/DTDpzXBjfwK,https://instagram.fhan4-6.fna.fbcdn.net/v/t51.2885-19/474489899_629585189730668_7033918766194815369_n.jpg?stp=dst-jpg_s150x150_tt6&efg=eyJ2ZW5jb2RlX3RhZyI6InByb2ZpbGVfcGljLmRqYW5nby41NjIuYzIifQ&_nc_ht=instagram.fhan4-6.fna.fbcdn.net&_nc_cat=108&_nc_oc=Q6cZ2QGNRFx-vMjtRhC4SSAM0mtscG2JMTr_3X8FPiykJ7p4sjeJXd07pdiU_Ft4r4hGSw4&_nc_ohc=DDom4bdRLO4Q7kNvwFuX2w-&_nc_gid=btQRT_ohtf_u3XhdImLplg&edm=AJhczIQBAAAA&ccb=7-5&oh=00_AfrFvmWedaJ2-7g0MBiWMH_uug2pgP2_Lo3Ue42bBgeAPg&oe=696A20E4&_nc_sid=4a2096,327,0,2350,245,0,['https://instagram.fhan4-6.fna.fbcdn.net/v/t51.2885-15/610281422_17934050352118317_7073050645026446585_n.jpg?stp=cp6_dst-jpg_e35_tt6&efg=eyJ2ZW5jb2RlX3RhZyI6InRocmVhZHMuRkVFRC5pbWFnZV91cmxnZW4uMTEyNXg4NTcuc2RyLmY4Mjc4Ny5kZWZhdWx0X2ltYWdlLmMyIn0&_nc_ht=instagram.fhan4-6.fna.fbcdn.net&_nc_cat=109&_nc_oc=Q6cZ2QGNRFx-vMjtRhC4SSAM0mtscG2JMTr_3X8FPiykJ7p4sjeJXd07pdiU_Ft4r4hGSw4&_nc_ohc=FHFN4QL99l8Q7kNvwGyPAVy&_nc_gid=btQRT_ohtf_u3XhdImLplg&edm=AJhczIQBAAAA&ccb=7-5&ig_cache_key=MzgwMjA2NjM1OTc1MzI0MzY1OA%3D%3D.3-ccb7-5&oh=00_AfpSKRzjwHCO--nzQcFFREvARvVnlZxH-EE6p6FPgjKwhg&oe=696A348A&_nc_sid=4a2096'],,https://www.threads.net/@susanromaine13/post/DTDpzXBjfwK,[],"{'likes': 2350, 'reposts': 232, 'quotes': 13}",threads,3802066359753243658,Meggie&Susan,,"Canadian, here. This is an unapologetic rant. 

I have never been as furious as I am right now. I believe PP is a traitorous, treasonous infection in the fabric of Canadian politics and in the heart of my beloved country. FFS, can’t everyone see right through him? I LOVE CANADA and he loves Trump. 

Country first for me.

BTW, where is PP’s security clearance? What is he hiding? DOES ANYONE CARE?",threads,63402430316,susanromaine13
[],2026-01-12T09:37:47.466790+07:00,"Ohhhhh wheeeee.

Susie ""Buck"" Wiles is in blaze of glory mode. Some scores getting SETTLED in this new Vanity Fair piece. 

Good LORD.

",2025-12-16T20:06:30+07:00,,3788885665749290453,threads,threads.com,threads_crawler_v1,https://www.threads.net/@therickwilson/post/DSU03BJjk3V,https://instagram.fhan3-3.fna.fbcdn.net/v/t51.2885-19/590427499_17932698039116860_4432233041783017432_n.jpg?stp=dst-jpg_s150x150_tt6&efg=eyJ2ZW5jb2RlX3RhZyI6InByb2ZpbGVfcGljLmRqYW5nby43NTAuYzIifQ&_nc_ht=instagram.fhan3-3.fna.fbcdn.net&_nc_cat=1&_nc_oc=Q6cZ2QGNRFx-vMjtRhC4SSAM0mtscG2JMTr_3X8FPiykJ7p4sjeJXd07pdiU_Ft4r4hGSw4&_nc_ohc=Za6xkIHiytwQ7kNvwHZNTkn&_nc_gid=btQRT_ohtf_u3XhdImLplg&edm=AJhczIQBAAAA&ccb=7-5&oh=00_Afq04XpqGFI1n6QasUUcqxHLYg6TEBpc4cJzO72SfDovZw&oe=696A19E3&_nc_sid=4a2096,282,0,2678,350,0,[],,https://www.threads.net/@therickwilson/post/DSU03BJjk3V,[],"{'likes': 2678, 'reposts': 318, 'quotes': 32}",threads,3788885665749290453,Rick Wilson,,"Ohhhhh wheeeee.

Susie ""Buck"" Wiles is in blaze of glory mode. Some scores getting SETTLED in this new Vanity Fair piece. 

Good LORD.

https://www.nytimes.com/2025/12/16/us/politics/trump-susie-wiles.html?unlocked_article_code=1.9E8.X5Un.RzkcVPQ2qNhM",threads,63422268859,therickwilson
[],2026-01-12T09:37:47.467002+07:00,Every time I see a “keep politics out of reading” all I can think of is this frame from LOTR,2025-08-15T10:19:21+07:00,,3699442727494667938,threads,threads.com,threads_crawler_v1,https://www.threads.net/@eamtrofimenkoff/post/DNXD49nOM6i,https://instagram.fhan3-3.fna.fbcdn.net/v/t51.2885-19/380348658_611919377805083_5279804824168932863_n.jpg?stp=dst-jpg_s150x150_tt6&efg=eyJ2ZW5jb2RlX3RhZyI6InByb2ZpbGVfcGljLmRqYW5nby4xMDgwLmMyIn0&_nc_ht=instagram.fhan3-3.fna.fbcdn.net&_nc_cat=111&_nc_oc=Q6cZ2QGNRFx-vMjtRhC4SSAM0mtscG2JMTr_3X8FPiykJ7p4sjeJXd07pdiU_Ft4r4hGSw4&_nc_ohc=YKd4dS523yUQ7kNvwFVxIE3&_nc_gid=btQRT_ohtf_u3XhdImLplg&edm=AJhczIQBAAAA&ccb=7-5&oh=00_AfoQo1JqGmTimYRswym81dzMqx4ryBBD-2prruPVKzaJdg&oe=696A40D3&_nc_sid=4a2096,36,0,11672,1264,0,['https://instagram.fhan3-3.fna.fbcdn.net/v/t51.2885-15/533454436_17920677204110903_7313985320256544433_n.jpg?stp=dst-jpg_e35_tt6&efg=eyJ2ZW5jb2RlX3RhZyI6InRocmVhZHMuRkVFRC5pbWFnZV91cmxnZW4uNTAweDUwMi5zZHIuZjgyNzg3LmRlZmF1bHRfaW1hZ2UuYzIifQ&_nc_ht=instagram.fhan3-3.fna.fbcdn.net&_nc_cat=111&_nc_oc=Q6cZ2QGNRFx-vMjtRhC4SSAM0mtscG2JMTr_3X8FPiykJ7p4sjeJXd07pdiU_Ft4r4hGSw4&_nc_ohc=2rsWbzOCdRYQ7kNvwHVWiBE&_nc_gid=btQRT_ohtf_u3XhdImLplg&edm=AJhczIQBAAAA&ccb=7-5&ig_cache_key=MzY5OTQ0MjcyNzQ5NDY2NzkzOA%3D%3D.3-ccb7-5&oh=00_AfoKNDi_e3_KUrsVNHUqZZ-rlClkpx8l-juxjnm0f5RDzA&oe=696A43F4&_nc_sid=4a2096'],,https://www.threads.net/@eamtrofimenkoff/post/DNXD49nOM6i,[],"{'likes': 11672, 'reposts': 1252, 'quotes': 12}",threads,3699442727494667938,E. A. M. Trofimenkoff | Fantasy Romance Author,,Every time I see a “keep politics out of reading” all I can think of is this frame from LOTR,threads,63228118902,eamtrofimenkoff
