source,docType,type,userId,userName,sourceId,sourceName,collectDate,createDate,postLink,domain,pictures,title,description,tags,content,logoLink,provinces,categories,link,numLikes,numDislikes,numComments,numShares,numViews,reactions,docId,postId,fromCrawler
reddit,reddit,reddit_post,1rcf7qh583,Newsweek_CarloV,1qk8sdo,politics,2026-01-23T22:00:04.649146+00:00,2026-01-22T22:23:33+00:00,https://reddit.com/r/politics/comments/1qk8sdo/seven_democrats_just_voted_to_approve_ice_funding/,reddit.com,['https://external-preview.redd.it/hllRqIS9IZOwSbW4GUgC0fQ0a5NSkrOrP_IL55jhfWw.jpeg?auto=webp&s=4daa9111b6f9af478809f2f437b49ff6783d9193'],Seven Democrats just voted to approve ICE funding: full list,,['No Paywall'],,,[],['r/politics'],https://reddit.com/r/politics/comments/1qk8sdo/seven_democrats_just_voted_to_approve_ice_funding/,24479,0,2039,0,,"{'likes': 24479, 'reposts': 0, 'quotes': 0}",1qk8sdo,1qk8sdo,reddit_multi_separate_files_v1
reddit,reddit,reddit_post,dca49b9y8,Aggravating_Money992,1qkto0d,politics,2026-01-23T22:00:04.988941+00:00,2026-01-23T15:22:58+00:00,https://reddit.com/r/politics/comments/1qkto0d/despite_authoritarian_warnings_149_house/,reddit.com,['https://external-preview.redd.it/oeyuxygJaHlTNSgVL6s0xVbQf-fES2HQGAaAf5pqVIE.jpeg?auto=webp&s=dcc3c53f7fa29a8af3e68d25473ee1daaca70f9c'],"Despite Authoritarian Warnings, 149 House Democrats Vote to Hand Trump $840 Billion for Military | “If an opposition party votes like this, it’s not in opposition. It may not even be a party.”",,['No Paywall'],,,[],['r/politics'],https://reddit.com/r/politics/comments/1qkto0d/despite_authoritarian_warnings_149_house/,21373,0,1640,0,,"{'likes': 21373, 'reposts': 0, 'quotes': 0}",1qkto0d,1qkto0d,reddit_multi_separate_files_v1
reddit,reddit,reddit_post,avobu,zsreport,1qko6kl,politics,2026-01-23T22:00:05.353363+00:00,2026-01-23T11:18:38+00:00,https://reddit.com/r/politics/comments/1qko6kl/democrats_are_campaigning_as_if_the_2026_election/,reddit.com,['https://external-preview.redd.it/T1z10_0On12rT9jlv3T_uFg6Lx_tVbaTAHz5Pxd3F1g.jpeg?auto=webp&s=db9c352cbfb0bc9a851f6bcbe76bd2d766fe0f9e'],Democrats are campaigning as if the 2026 election will be fair. That’s a mistake,,['No Paywall'],,,[],['r/politics'],https://reddit.com/r/politics/comments/1qko6kl/democrats_are_campaigning_as_if_the_2026_election/,18059,0,1124,0,,"{'likes': 18059, 'reposts': 0, 'quotes': 0}",1qko6kl,1qko6kl,reddit_multi_separate_files_v1
reddit,reddit,reddit_post,w49j7npkb,Silent-Resort-3076,1qks3tc,politics,2026-01-23T22:00:05.702073+00:00,2026-01-23T14:22:32+00:00,https://reddit.com/r/politics/comments/1qks3tc/dark_bizarre_stuff_white_house_posts_deepfake/,reddit.com,['https://external-preview.redd.it/_3rT6Fu8S6vQywYShLZ2Gt2ACgpcKAH-KykjLVRG4QA.png?auto=webp&s=5779332ee1332204e4e9aedf17da84196ac67137'],"‘Dark, Bizarre Stuff’: White House Posts Deepfake Image of Arrested ICE Protester Crying: “All of us are on full notice that this White House feels no compunction about concocting obvious lies, concedes nothing when its lies are exposed, and should be presumptively disbelieved in all matters.”",,['No Paywall'],,,[],['r/politics'],https://reddit.com/r/politics/comments/1qks3tc/dark_bizarre_stuff_white_house_posts_deepfake/,13857,0,382,0,,"{'likes': 13857, 'reposts': 0, 'quotes': 0}",1qks3tc,1qks3tc,reddit_multi_separate_files_v1
reddit,reddit,reddit_post,40cl5uo,BalsamicBasil,1qkbsy6,politics,2026-01-23T22:00:06.043858+00:00,2026-01-23T00:29:04+00:00,https://reddit.com/r/politics/comments/1qkbsy6/the_fourth_amendment_literally_exists_to_prevent/,reddit.com,['https://external-preview.redd.it/f3Nae7aWpnAtOQaNoGO2qEtMVxk3hWTjhe3H8obbybQ.jpeg?auto=webp&s=6ad077b4228cb91761fc0bbd38dfa9341b5496fd'],‘The Fourth Amendment Literally Exists to Prevent This’: Memo Claims ICE Can Forcibly Enter Homes Without Judicial Warrants,,['No Paywall'],,,[],['r/politics'],https://reddit.com/r/politics/comments/1qkbsy6/the_fourth_amendment_literally_exists_to_prevent/,9095,0,342,0,,"{'likes': 9095, 'reposts': 0, 'quotes': 0}",1qkbsy6,1qkbsy6,reddit_multi_separate_files_v1
reddit,reddit,reddit_post,10n517c17u,Remarkable_Sir8397,1qkgrlt,politics,2026-01-23T22:00:06.392572+00:00,2026-01-23T04:13:05+00:00,https://reddit.com/r/politics/comments/1qkgrlt/ice_agents_drew_guns_on_offduty_officer_in/,reddit.com,['https://external-preview.redd.it/NcoemsigTte9yMsdzUypaKttGuv_plr7kkO48xG4KeI.jpeg?auto=webp&s=4a25a0998a7549e16c7369ac9bfc91a116398666'],"ICE agents drew guns on off-duty officer in Minnesota, chief says",,['No Paywall'],,,[],['r/politics'],https://reddit.com/r/politics/comments/1qkgrlt/ice_agents_drew_guns_on_offduty_officer_in/,7222,0,229,0,,"{'likes': 7222, 'reposts': 0, 'quotes': 0}",1qkgrlt,1qkgrlt,reddit_multi_separate_files_v1
reddit,reddit,reddit_post,58iti,Boonzies,1qkvew8,politics,2026-01-23T22:00:06.733225+00:00,2026-01-23T16:28:02+00:00,https://reddit.com/r/politics/comments/1qkvew8/confused_trump_79_makes_bizarre_claim_about/,reddit.com,['https://external-preview.redd.it/gRpPKZTr69meZ2iaTrsTWlZHsaPWK45CNgc4A6W2mRo.jpeg?auto=webp&s=ebb2bedb46a84b0f4414bbfeb161de831d6940fb'],"Confused Trump, 79, Makes Bizarre Claim About Looming Ice Storm",,['Possible Paywall'],,,[],['r/politics'],https://reddit.com/r/politics/comments/1qkvew8/confused_trump_79_makes_bizarre_claim_about/,7111,0,749,0,,"{'likes': 7111, 'reposts': 0, 'quotes': 0}",1qkvew8,1qkvew8,reddit_multi_separate_files_v1
reddit,reddit,reddit_post,9uera5g,IWantPizza555,1ql0yfw,politics,2026-01-23T22:00:07.071456+00:00,2026-01-23T19:49:25+00:00,https://reddit.com/r/politics/comments/1ql0yfw/california_becomes_first_state_to_join_who/,reddit.com,['https://external-preview.redd.it/Myn5to3v3-JBpn1hY47qUXvDu1Fx9ySrQa-H3EyKLms.jpeg?auto=webp&s=6cad85b8e0ea88073ca434513993e35864326516'],California becomes first state to join WHO disease network after US exit,,['No Paywall'],,,[],['r/politics'],https://reddit.com/r/politics/comments/1ql0yfw/california_becomes_first_state_to_join_who/,7035,0,192,0,,"{'likes': 7035, 'reposts': 0, 'quotes': 0}",1ql0yfw,1ql0yfw,reddit_multi_separate_files_v1
reddit,reddit,reddit_post,1j2oosxsga,Hafiz_TNR,1qkxs2m,politics,2026-01-23T22:00:07.404798+00:00,2026-01-23T17:54:17+00:00,https://reddit.com/r/politics/comments/1qkxs2m/ice_agents_violently_arrest_black_corrections/,reddit.com,['https://external-preview.redd.it/TdsrNeoMtz-IVJrpQ4TLIh7qXm-9pqg0tJNKsCn5FGs.jpeg?auto=webp&s=246ab5c4ab27dd720cdbf187ebdc2db39555bc4c'],ICE Agents Violently Arrest Black Corrections Officer,,['Possible Paywall'],,,[],['r/politics'],https://reddit.com/r/politics/comments/1qkxs2m/ice_agents_violently_arrest_black_corrections/,5488,0,203,0,,"{'likes': 5488, 'reposts': 0, 'quotes': 0}",1qkxs2m,1qkxs2m,reddit_multi_separate_files_v1
reddit,reddit,reddit_post,euujkgxz,Smithy2232,1qkpfro,politics,2026-01-23T22:00:07.744764+00:00,2026-01-23T12:25:39+00:00,https://reddit.com/r/politics/comments/1qkpfro/7_house_democrats_vote_with_gop_to_give_ice_more/,reddit.com,['https://external-preview.redd.it/jxOTT-yBI2xkevU__pS3QBU1Li5oRv0GU8L3e86oqxs.jpeg?auto=webp&s=91b862c6d7fa655f13eec73a00df22994e9a81e5'],7 House Democrats Vote With GOP to Give ICE More Money Despite Deadly Invasions of US Cities,,['No Paywall'],,,[],['r/politics'],https://reddit.com/r/politics/comments/1qkpfro/7_house_democrats_vote_with_gop_to_give_ice_more/,5334,0,586,0,,"{'likes': 5334, 'reposts': 0, 'quotes': 0}",1qkpfro,1qkpfro,reddit_multi_separate_files_v1
reddit,reddit,reddit_post,89w7f36w,plz-let-me-in,1qkybxh,politics,2026-01-23T22:00:08.081149+00:00,2026-01-23T18:13:56+00:00,https://reddit.com/r/politics/comments/1qkybxh/jack_smith_reminds_us_aileen_cannon_is_still/,reddit.com,['https://external-preview.redd.it/UgbxfgfLYxQ8Spx7eQZxXKEd1bN7nNcY8YOOaZpBszA.jpeg?auto=webp&s=7dcff24b1999cb05c3bfb24c81e8ac80ec2ca4f1'],Jack Smith Reminds Us: Aileen Cannon Is Still Destroying America,,['Possible Paywall'],,,[],['r/politics'],https://reddit.com/r/politics/comments/1qkybxh/jack_smith_reminds_us_aileen_cannon_is_still/,4480,0,51,0,,"{'likes': 4480, 'reposts': 0, 'quotes': 0}",1qkybxh,1qkybxh,reddit_multi_separate_files_v1
reddit,reddit,reddit_post,1gndkonzau,Abject-Pick-6472,1qkbe3x,politics,2026-01-23T22:00:08.422780+00:00,2026-01-23T00:11:28+00:00,https://reddit.com/r/politics/comments/1qkbe3x/senate_democrat_americans_should_be_terrified_by/,reddit.com,['https://external-preview.redd.it/4klkmC7cnvKfA2Q-e5JaA8EZRWF3J4sWBdSaR0RVDSU.jpeg?auto=webp&s=96b7532207a0e6fcb053bd32573cca88ad9b5bd4'],Senate Democrat: Americans should be ‘terrified’ by ‘secret ICE policy’,,['No Paywall'],,,[],['r/politics'],https://reddit.com/r/politics/comments/1qkbe3x/senate_democrat_americans_should_be_terrified_by/,3733,0,208,0,,"{'likes': 3733, 'reposts': 0, 'quotes': 0}",1qkbe3x,1qkbe3x,reddit_multi_separate_files_v1
reddit,reddit,reddit_post,hyjvcpu3,WirelessHamster,1qksio1,politics,2026-01-23T22:00:08.776563+00:00,2026-01-23T14:39:02+00:00,https://reddit.com/r/politics/comments/1qksio1/the_abhorrent_power_of_the_photograph_of_a/,reddit.com,['https://external-preview.redd.it/kAkVkJsq6WeV7nGMAuQOpE8ZazMpV1I1jzY2Owc4soo.jpeg?auto=webp&s=6cff02dbe6de7447fb8d3379e6d846efd4e50536'],The abhorrent power of the photograph of a 5-year-old held by ICE,,['No Paywall'],,,[],['r/politics'],https://reddit.com/r/politics/comments/1qksio1/the_abhorrent_power_of_the_photograph_of_a/,3724,0,258,0,,"{'likes': 3724, 'reposts': 0, 'quotes': 0}",1qksio1,1qksio1,reddit_multi_separate_files_v1
reddit,reddit,reddit_post,8lemz,Large_banana_hammock,1qk8r6n,politics,2026-01-23T22:00:09.223367+00:00,2026-01-22T22:22:12+00:00,https://reddit.com/r/politics/comments/1qk8r6n/former_special_counsel_jack_smith_says_he/,reddit.com,['https://external-preview.redd.it/BenMtnozzN5Vjl-4fxa2G2gHMjs56u4A7fDhAwYBce4.jpeg?auto=webp&s=d93f9e8e91b44f6a24d0b150147365332074ccf4'],Former Special Counsel Jack Smith Says He Believes Trump Will Try to Indict Him,,['No Paywall'],,,[],['r/politics'],https://reddit.com/r/politics/comments/1qk8r6n/former_special_counsel_jack_smith_says_he/,3467,0,78,0,,"{'likes': 3467, 'reposts': 0, 'quotes': 0}",1qk8r6n,1qk8r6n,reddit_multi_separate_files_v1
reddit,reddit,reddit_post,11htgw1s16,AlexandrTheTolerable,1qkrfx7,politics,2026-01-23T22:00:12.012160+00:00,2026-01-23T13:55:53+00:00,https://reddit.com/r/politics/comments/1qkrfx7/enough_is_enough_hundreds_of_minnesota_businesses/,reddit.com,[],‘Enough Is Enough’: Hundreds of Minnesota Businesses Take Stand Against ICE,,['Possible Paywall'],,,[],['r/politics'],https://reddit.com/r/politics/comments/1qkrfx7/enough_is_enough_hundreds_of_minnesota_businesses/,3430,0,78,0,,"{'likes': 3430, 'reposts': 0, 'quotes': 0}",1qkrfx7,1qkrfx7,reddit_multi_separate_files_v1
reddit,reddit,reddit_post,rswkoeuc,SpaceElevatorMusic,1qkb885,politics,2026-01-23T22:00:12.392798+00:00,2026-01-23T00:04:43+00:00,https://reddit.com/r/politics/comments/1qkb885/people_are_dying_in_trumps_squalid_concentration/,reddit.com,['https://external-preview.redd.it/VAQpqSRYx7Skt5dOjF1hfgbqmN-FdY4V17d2hcYryxk.jpeg?auto=webp&s=fddbe229d627f09c9cb957a2dba73d91ae699bc7'],People are dying in Trump’s squalid concentration camps | Deaths are occurring in ICE detention facilities at nearly 10 times the rate of the Biden years. It will likely get worse.,,['Possible Paywall'],,,[],['r/politics'],https://reddit.com/r/politics/comments/1qkb885/people_are_dying_in_trumps_squalid_concentration/,3361,0,69,0,,"{'likes': 3361, 'reposts': 0, 'quotes': 0}",1qkb885,1qkb885,reddit_multi_separate_files_v1
reddit,reddit,reddit_post,1j9fi3ngym,jediporcupine,1ql286i,politics,2026-01-23T22:00:12.876622+00:00,2026-01-23T20:37:22+00:00,https://reddit.com/r/politics/comments/1ql286i/ice_tells_legal_observer_we_have_a_nice_little/,reddit.com,['https://external-preview.redd.it/-6BPU8w-2wYLcSyFU78KBivykYLy-qJEVw2yRiGupJg.jpeg?auto=webp&s=b319a469e209d602460b002ffd8f9d6eeae80694'],"ICE tells legal observer, 'We have a nice little database, and now you're considered a domestic terrorist'",,['No Paywall'],,,[],['r/politics'],https://reddit.com/r/politics/comments/1ql286i/ice_tells_legal_observer_we_have_a_nice_little/,3363,0,252,0,,"{'likes': 3363, 'reposts': 0, 'quotes': 0}",1ql286i,1ql286i,reddit_multi_separate_files_v1
reddit,reddit,reddit_post,3x3odpf,unital_subalgebra,1qkd29h,politics,2026-01-23T22:00:13.236629+00:00,2026-01-23T01:24:36+00:00,https://reddit.com/r/politics/comments/1qkd29h/swalwell_my_republican_colleagues_are_a_joke/,reddit.com,['https://external-preview.redd.it/fdqv-vLf4QjHiXE1fySqKnfOq96qaHOozgsAS9mhOCQ.jpeg?auto=webp&s=ce29f58acf42339f4d5f516b3f4a4578bd9779bf'],Swalwell: ‘My Republican colleagues are a joke’,,['No Paywall'],,,[],['r/politics'],https://reddit.com/r/politics/comments/1qkd29h/swalwell_my_republican_colleagues_are_a_joke/,3086,0,75,0,,"{'likes': 3086, 'reposts': 0, 'quotes': 0}",1qkd29h,1qkd29h,reddit_multi_separate_files_v1
reddit,reddit,reddit_post,218ox1aofa,BulwarkOnline,1qkg0e3,politics,2026-01-23T22:00:13.683503+00:00,2026-01-23T03:37:54+00:00,https://reddit.com/r/politics/comments/1qkg0e3/trumps_chilling_weaponization_of_confidential/,reddit.com,['https://external-preview.redd.it/9XR0NBshAwmummMw4vxwJuj3UIFCR_iW7x_EC54Aya0.jpeg?auto=webp&s=2616a3056dff797f5faf63813d7d942cb2fcae05'],Trump’s Chilling Weaponization of Confidential Government Records: Remind me—who else in history made lists of Jewish intellectuals and people with disabilities?,,['Possible Paywall'],,,[],['r/politics'],https://reddit.com/r/politics/comments/1qkg0e3/trumps_chilling_weaponization_of_confidential/,2679,0,96,0,,"{'likes': 2679, 'reposts': 0, 'quotes': 0}",1qkg0e3,1qkg0e3,reddit_multi_separate_files_v1
reddit,reddit,reddit_post,1044h4,RobAbiera,1qkyb1t,politics,2026-01-23T22:00:14.046421+00:00,2026-01-23T18:13:02+00:00,https://reddit.com/r/politics/comments/1qkyb1t/where_have_the_dont_tread_on_me_republicans_gone/,reddit.com,['https://external-preview.redd.it/Qy2tgtVDqDzzdEZgzLTVz21JcFzw3ClAexkS818wwSg.png?auto=webp&s=12a5f9c8356ceb452773450299dab9102fda1711'],Where have the 'don't tread on me' Republicans gone?,,['No Paywall'],,,[],['r/politics'],https://reddit.com/r/politics/comments/1qkyb1t/where_have_the_dont_tread_on_me_republicans_gone/,2459,0,435,0,,"{'likes': 2459, 'reposts': 0, 'quotes': 0}",1qkyb1t,1qkyb1t,reddit_multi_separate_files_v1
reddit,reddit,reddit_post,4e7f3195,newsspotter,1qkpfej,politics,2026-01-23T22:00:14.384934+00:00,2026-01-23T12:25:11+00:00,https://reddit.com/r/politics/comments/1qkpfej/did_trump_confuse_greenland_with_iceland_at_davos/,reddit.com,['https://external-preview.redd.it/T7t99LAmHW2z5h4P1a1Yf9nvVn1ScrtIj05LpF36gJ8.jpeg?auto=webp&s=5d051faa9f1e5ef90308a038b1bf90de9937c743'],"Did Trump confuse Greenland with Iceland at Davos? Leavitt denied it, but evidence shows he did",,['No Paywall'],,,[],['r/politics'],https://reddit.com/r/politics/comments/1qkpfej/did_trump_confuse_greenland_with_iceland_at_davos/,2315,0,290,0,,"{'likes': 2315, 'reposts': 0, 'quotes': 0}",1qkpfej,1qkpfej,reddit_multi_separate_files_v1
reddit,reddit,reddit_post,w6tyzg2s,RollSafer,1qksch7,politics,2026-01-23T22:00:14.745116+00:00,2026-01-23T14:32:09+00:00,https://reddit.com/r/politics/comments/1qksch7/james_cameron_torches_america_after_leaving_the/,reddit.com,['https://external-preview.redd.it/c_XPkigriwEHNi-azCF4hYrrT0W0O3KjGyaMggq-O14.jpeg?auto=webp&s=a5a723faf049908228baf8e8d9ec2f5e65ddf900'],"James Cameron torches America after leaving the U.S.: ‘A place where everybody's at each other's throats, turning its back on science and will be in utter disarray if another pandemic appears’",,['No Paywall'],,,[],['r/politics'],https://reddit.com/r/politics/comments/1qksch7/james_cameron_torches_america_after_leaving_the/,1723,0,332,0,,"{'likes': 1723, 'reposts': 0, 'quotes': 0}",1qksch7,1qksch7,reddit_multi_separate_files_v1
reddit,reddit,reddit_post,89w7f36w,plz-let-me-in,1qksyt0,politics,2026-01-23T22:00:15.080143+00:00,2026-01-23T14:56:34+00:00,https://reddit.com/r/politics/comments/1qksyt0/minnesotans_strike_to_protest_ice_surge_in_state/,reddit.com,['https://external-preview.redd.it/e52sF6A1TE4PM-zg9x7-yHrhg9aeIjIJ6YIoEaGqc5Y.jpeg?auto=webp&s=0871baede90422de67762424fc0622f0f58798ae'],"Minnesotans strike to protest ICE surge in state: ‘No work, no school, no shopping’",,['No Paywall'],,,[],['r/politics'],https://reddit.com/r/politics/comments/1qksyt0/minnesotans_strike_to_protest_ice_surge_in_state/,1705,0,80,0,,"{'likes': 1705, 'reposts': 0, 'quotes': 0}",1qksyt0,1qksyt0,reddit_multi_separate_files_v1
reddit,reddit,reddit_post,jl5uk58v5,Slate,1qkukjr,politics,2026-01-23T22:00:15.420687+00:00,2026-01-23T15:57:08+00:00,https://reddit.com/r/politics/comments/1qkukjr/i_was_legally_observing_ice_agents_when_they/,reddit.com,['https://external-preview.redd.it/FpNvYkPJRerv1rLBBJ9GatanCM_S94WnmjLwajBBX_8.jpeg?auto=webp&s=fe728d6994b7f07168c7344cde1a8e960607fab9'],I Was Legally Observing ICE Agents When They Turned Their Ire on Me,,['No Paywall'],,,[],['r/politics'],https://reddit.com/r/politics/comments/1qkukjr/i_was_legally_observing_ice_agents_when_they/,1701,0,120,0,,"{'likes': 1701, 'reposts': 0, 'quotes': 0}",1qkukjr,1qkukjr,reddit_multi_separate_files_v1
reddit,reddit,reddit_post,i2q1tswh,F0urLeafCl0ver,1qkyrkh,politics,2026-01-23T22:00:15.763547+00:00,2026-01-23T18:29:29+00:00,https://reddit.com/r/politics/comments/1qkyrkh/trumps_ice_goons_detained_a_5yearold_then_jd/,reddit.com,['https://external-preview.redd.it/5I4WJzEqyCkHfx_HHXMkVHO1RHB7oMmggtm0on8FEWI.jpeg?auto=webp&s=15ba181b386b7775e1b2d54c63caaea90352690d'],Trump’s ICE Goons Detained a 5-Year-Old. Then JD Vance Made It Worse.,,['Possible Paywall'],,,[],['r/politics'],https://reddit.com/r/politics/comments/1qkyrkh/trumps_ice_goons_detained_a_5yearold_then_jd/,1487,0,72,0,,"{'likes': 1487, 'reposts': 0, 'quotes': 0}",1qkyrkh,1qkyrkh,reddit_multi_separate_files_v1
reddit,reddit,reddit_post,218ox1aofa,BulwarkOnline,1qkf7w1,politics,2026-01-23T22:00:16.304779+00:00,2026-01-23T03:01:13+00:00,https://reddit.com/r/politics/comments/1qkf7w1/jack_smith_testifies_house_republicans_insult_our/,reddit.com,['https://external-preview.redd.it/urV0b7fmEe4Z7HQw6Z0Bp3Gfyr91TTiP0qLPmgKpbyg.jpeg?auto=webp&s=944dd85aec3bfebceabba87dd048be2a388edff9'],"Jack Smith Testifies, House Republicans Insult Our Intelligence",,['Possible Paywall'],,,[],['r/politics'],https://reddit.com/r/politics/comments/1qkf7w1/jack_smith_testifies_house_republicans_insult_our/,1442,0,36,0,,"{'likes': 1442, 'reposts': 0, 'quotes': 0}",1qkf7w1,1qkf7w1,reddit_multi_separate_files_v1
reddit,reddit,reddit_post,dca49b9y8,Aggravating_Money992,1qkz2d6,politics,2026-01-23T22:00:16.645514+00:00,2026-01-23T18:40:37+00:00,https://reddit.com/r/politics/comments/1qkz2d6/rot_in_hell_fck_you_nazis_mainers_react_with_fury/,reddit.com,['https://external-preview.redd.it/NR7cHPg7hAHAfgNEsciRYpQU_6IveESX36CNeqpBk-Q.jpeg?auto=webp&s=7984a47f3ab40d05981e3ccc80815a4e4293d3d9'],"'Rot in Hell!' 'F*ck You, Nazis!': Mainers React With Fury as Horrors of ICE Operations Multiply | “ICE is just kidnapping people,” said US Senate candidate Graham Platner. “We all need to turn out.”",,['No Paywall'],,,[],['r/politics'],https://reddit.com/r/politics/comments/1qkz2d6/rot_in_hell_fck_you_nazis_mainers_react_with_fury/,1431,0,79,0,,"{'likes': 1431, 'reposts': 0, 'quotes': 0}",1qkz2d6,1qkz2d6,reddit_multi_separate_files_v1
reddit,reddit,reddit_post,68la5wao,ChiGuy6124,1qkra6m,politics,2026-01-23T22:00:17.386713+00:00,2026-01-23T13:49:12+00:00,https://reddit.com/r/politics/comments/1qkra6m/draft_dodger_trump_accused_of_double_standards/,reddit.com,['https://external-preview.redd.it/bC8sbobhVABIt54c0qu37St65YUSz1RW9hFEGNk751Y.jpeg?auto=webp&s=1145343f2537230b938567c8cbf9e5c62303f58c'],‘Draft dodger Trump’ accused of double standards over slur against British troops,,['No Paywall'],,,[],['r/politics'],https://reddit.com/r/politics/comments/1qkra6m/draft_dodger_trump_accused_of_double_standards/,1363,0,47,0,,"{'likes': 1363, 'reposts': 0, 'quotes': 0}",1qkra6m,1qkra6m,reddit_multi_separate_files_v1
reddit,reddit,reddit_post,ummdy7b4,inthesetimesmag,1qkxlgy,politics,2026-01-23T22:00:17.725111+00:00,2026-01-23T17:47:37+00:00,https://reddit.com/r/politics/comments/1qkxlgy/well_all_go_down_to_jail_january_23_minnesota/,reddit.com,['https://external-preview.redd.it/bXNNqWxChsRCBebUqwzuFFircCLzYvuj9Klgg8kX5Og.jpeg?auto=webp&s=ce6a7c3a62752a2591a0c6313856689fa0b83d96'],"“We’ll All Go Down to Jail”: January 23 Minnesota Shutdown Begins With Civil Disobedience
Some 100 faith leaders are braving freezing temperatures to block a key road outside of the Minneapolis–St. Paul Airport to protest ICE.",,['No Paywall'],,,[],['r/politics'],https://reddit.com/r/politics/comments/1qkxlgy/well_all_go_down_to_jail_january_23_minnesota/,1284,0,29,0,,"{'likes': 1284, 'reposts': 0, 'quotes': 0}",1qkxlgy,1qkxlgy,reddit_multi_separate_files_v1
reddit,reddit,reddit_post,769drwmg,eatfruitallday,1qk9mtd,politics,2026-01-23T22:00:18.661692+00:00,2026-01-22T22:59:14+00:00,https://reddit.com/r/politics/comments/1qk9mtd/white_house_doctored_photo_with_google_ai_to_make/,reddit.com,['https://external-preview.redd.it/yh-ePBqCKBtZthnNFhZtjtNFPWvNtNIdee3V_N_STgY.jpeg?auto=webp&s=5228a1be016cbb68da2c582e6839facabd94fc52'],White House Doctored Photo With Google AI to Make It Look Like an Activist Was Sobbing During Perp Walk,,['Possible Paywall'],,,[],['r/politics'],https://reddit.com/r/politics/comments/1qk9mtd/white_house_doctored_photo_with_google_ai_to_make/,1152,0,84,0,,"{'likes': 1152, 'reposts': 0, 'quotes': 0}",1qk9mtd,1qk9mtd,reddit_multi_separate_files_v1
reddit,reddit,reddit_post,15i9qrqd,valderium,1qk9c9s,politics,2026-01-23T22:00:19.181876+00:00,2026-01-22T22:47:35+00:00,https://reddit.com/r/politics/comments/1qk9c9s/jury_acquits_chicago_man_accused_of_soliciting/,reddit.com,['https://external-preview.redd.it/W3zqg3j4OdIn5anM8FJVvLOThRx6favpMbE5fpEepww.jpeg?auto=webp&s=7b054c2e27061b8227cf04028b2bdfd35dbb57ca'],Jury acquits Chicago man accused of soliciting murder of Border Patrol Cmdr. Bovino,,['Possible Paywall'],,,[],['r/politics'],https://reddit.com/r/politics/comments/1qk9c9s/jury_acquits_chicago_man_accused_of_soliciting/,1045,0,47,0,,"{'likes': 1045, 'reposts': 0, 'quotes': 0}",1qk9c9s,1qk9c9s,reddit_multi_separate_files_v1
reddit,reddit,reddit_post,dz54148i,Hrmbee,1qk9ko7,politics,2026-01-23T22:00:19.503827+00:00,2026-01-22T22:56:54+00:00,https://reddit.com/r/politics/comments/1qk9ko7/ice_agents_are_even_worse_at_being_cops_than_you/,reddit.com,['https://external-preview.redd.it/1SPzPGD6X00xRZ3VjU88E8SUJG3mPry8a_7xdBoX9jM.jpeg?auto=webp&s=6500e877f95a20c5a939dbfadb43f61797e88259'],ICE Agents Are Even Worse At Being Cops Than You Think | Videos of agents falling down and dropping their guns feel beyond parody. But under-trained law enforcement officers are a real danger to the public,,['Possible Paywall'],,,[],['r/politics'],https://reddit.com/r/politics/comments/1qk9ko7/ice_agents_are_even_worse_at_being_cops_than_you/,1007,0,44,0,,"{'likes': 1007, 'reposts': 0, 'quotes': 0}",1qk9ko7,1qk9ko7,reddit_multi_separate_files_v1
reddit,reddit,reddit_post,l384s3jt,CTVNEWS,1qkwyj3,politics,2026-01-23T22:00:20.223843+00:00,2026-01-23T17:24:17+00:00,https://reddit.com/r/politics/comments/1qkwyj3/fk_yourself_former_police_officer_who_was_beaten/,reddit.com,['https://external-preview.redd.it/6SduhNy9M0TbEGQAEjPuIhPjM8eD_uPmzUHcvzLcIwI.jpeg?auto=webp&s=3462946a20694968f949e0117d608a03fa32f098'],"‘F**k yourself,’ former police officer who was beaten during Jan. 6 riot tells U.S. lawmaker",,['No Paywall'],,,[],['r/politics'],https://reddit.com/r/politics/comments/1qkwyj3/fk_yourself_former_police_officer_who_was_beaten/,835,0,23,0,,"{'likes': 835, 'reposts': 0, 'quotes': 0}",1qkwyj3,1qkwyj3,reddit_multi_separate_files_v1
reddit,reddit,reddit_post,9uera5g,IWantPizza555,1qks3cw,politics,2026-01-23T22:00:20.545897+00:00,2026-01-23T14:21:58+00:00,https://reddit.com/r/politics/comments/1qks3cw/philadelphia_sues_after_slavery_exhibits_were/,reddit.com,['https://external-preview.redd.it/ItvqIOhw7LVtvQN8UpSYn9iagOoT9AleTw1fXjXnc5w.jpeg?auto=webp&s=7fa70f0becdcc934110c34437bbbe3afb4018ab9'],Philadelphia sues after slavery exhibits were taken down from President's House site,,['No Paywall'],,,[],['r/politics'],https://reddit.com/r/politics/comments/1qks3cw/philadelphia_sues_after_slavery_exhibits_were/,740,0,15,0,,"{'likes': 740, 'reposts': 0, 'quotes': 0}",1qks3cw,1qks3cw,reddit_multi_separate_files_v1
reddit,reddit,reddit_post,3jckhm,inthekeyofc,1qkor71,politics,2026-01-23T22:00:21.481019+00:00,2026-01-23T11:50:24+00:00,https://reddit.com/r/politics/comments/1qkor71/trump_prompts_outrage_with_claim_nato_troops/,reddit.com,['https://external-preview.redd.it/yijoNQ-bYHU74TJMXrXYZSoIvSBoQh8DFhG0_NAfxG8.jpeg?auto=webp&s=70d0b614a8feb8ddb87bc108668ed7b536758d24'],Trump prompts outrage with claim Nato troops avoided frontline in Afghanistan,,['No Paywall'],,,[],['r/politics'],https://reddit.com/r/politics/comments/1qkor71/trump_prompts_outrage_with_claim_nato_troops/,717,0,196,0,,"{'likes': 717, 'reposts': 0, 'quotes': 0}",1qkor71,1qkor71,reddit_multi_separate_files_v1
reddit,reddit,reddit_post,3z1v8v9,sfgate,1qkypso,politics,2026-01-23T22:00:22.018333+00:00,2026-01-23T18:27:36+00:00,https://reddit.com/r/politics/comments/1qkypso/bari_weiss_suuuuuuuuuuuuucks/,reddit.com,['https://external-preview.redd.it/7RCBxfnUGVB8TdkjRgPHFwAW-Uuy_9ap1Ys9xpt2AOs.jpeg?auto=webp&s=99138327ab958e2f8c8287dabde2d5ce6ffdb9f7'],Bari Weiss suuuuuuuuuuuuucks,,['No Paywall'],,,[],['r/politics'],https://reddit.com/r/politics/comments/1qkypso/bari_weiss_suuuuuuuuuuuuucks/,688,0,48,0,,"{'likes': 688, 'reposts': 0, 'quotes': 0}",1qkypso,1qkypso,reddit_multi_separate_files_v1
reddit,reddit,reddit_post,1w08yynlj8,Fun_Let_9986,1qkq08y,politics,2026-01-23T22:00:23.136130+00:00,2026-01-23T12:53:02+00:00,https://reddit.com/r/politics/comments/1qkq08y/patel_ousts_senior_fbi_agents_linked_to_trump/,reddit.com,['https://external-preview.redd.it/hB-iNnb4D_OvZ0y_yKQTqysRy9zbPzkuYRCvp7YBpnU.jpeg?auto=webp&s=4c9cd2640b1ec2a84812a7a600e573bb910c119a'],"Patel ousts senior FBI agents linked to Trump probes, say sources",,['No Paywall'],,,[],['r/politics'],https://reddit.com/r/politics/comments/1qkq08y/patel_ousts_senior_fbi_agents_linked_to_trump/,686,0,48,0,,"{'likes': 686, 'reposts': 0, 'quotes': 0}",1qkq08y,1qkq08y,reddit_multi_separate_files_v1
reddit,reddit,reddit_post,584l5i0z,QuitMyDAYjob2020,1qkupxf,politics,2026-01-23T22:00:23.879430+00:00,2026-01-23T16:02:30+00:00,https://reddit.com/r/politics/comments/1qkupxf/autopsy_finds_cuban_immigrant_in_ice_custody_died/,reddit.com,['https://external-preview.redd.it/bTfn-iYdnC7dLUDxD-jincu1kjxZ7I1I32VC1TOlseo.jpeg?auto=webp&s=9d62dd5810ec8d2d953cc2aa6ae16f8d73f3b9fe'],Autopsy finds Cuban immigrant in ICE custody died of homicide due to asphyxia,,['No Paywall'],,,[],['r/politics'],https://reddit.com/r/politics/comments/1qkupxf/autopsy_finds_cuban_immigrant_in_ice_custody_died/,589,0,27,0,,"{'likes': 589, 'reposts': 0, 'quotes': 0}",1qkupxf,1qkupxf,reddit_multi_separate_files_v1
reddit,reddit,reddit_post,1j9fi3ngym,jediporcupine,1qkabog,politics,2026-01-23T22:00:24.219644+00:00,2026-01-22T23:27:24+00:00,https://reddit.com/r/politics/comments/1qkabog/ice_turns_lawyers_away_at_minneapolis_detention/,reddit.com,['https://external-preview.redd.it/CEF068EndTVRJUQ6bJjp34OPz7fzh6t4zQEDrHHMeu8.jpeg?auto=webp&s=fd9107c1d8f5f4fcd78398aa1fdf99b57410fcf8'],ICE turns lawyers away at Minneapolis detention facility,,['No Paywall'],,,[],['r/politics'],https://reddit.com/r/politics/comments/1qkabog/ice_turns_lawyers_away_at_minneapolis_detention/,514,0,23,0,,"{'likes': 514, 'reposts': 0, 'quotes': 0}",1qkabog,1qkabog,reddit_multi_separate_files_v1
reddit,reddit,reddit_post,15s2cq,Somervilledrew,1qkz5df,politics,2026-01-23T22:00:24.570890+00:00,2026-01-23T18:43:38+00:00,https://reddit.com/r/politics/comments/1qkz5df/ice_has_been_entering_homes_without_judicial/,reddit.com,['https://external-preview.redd.it/gjSWb_wlV9YqMSn0m51X8yBB3T51Cp_YwnAcBMPOaQA.jpeg?auto=webp&s=568b35462265d9bf82c3ced91863faa45e60df2d'],"ICE has been entering homes without judicial warrants since last summer, sources say",,['No Paywall'],,,[],['r/politics'],https://reddit.com/r/politics/comments/1qkz5df/ice_has_been_entering_homes_without_judicial/,482,0,48,0,,"{'likes': 482, 'reposts': 0, 'quotes': 0}",1qkz5df,1qkz5df,reddit_multi_separate_files_v1
reddit,reddit,reddit_post,79ex0tjkh,Elegant_Tap7937,1qkdqax,politics,2026-01-23T22:00:25.124624+00:00,2026-01-23T01:55:06+00:00,https://reddit.com/r/politics/comments/1qkdqax/video_according_to_vance_ice_officers_no_longer/,reddit.com,['https://external-preview.redd.it/toQhh-Jvdj3zNqpmmaMXAWzdGm-_Uem7-ZlM623xKF4.jpeg?auto=webp&s=fd5178a3fc79103e9eb15c85028db14cd7755015'],"Video: According to Vance, ICE Officers No Longer Have ‘Absolute Immunity’",,['Possible Paywall'],,,[],['r/politics'],https://reddit.com/r/politics/comments/1qkdqax/video_according_to_vance_ice_officers_no_longer/,477,0,95,0,,"{'likes': 477, 'reposts': 0, 'quotes': 0}",1qkdqax,1qkdqax,reddit_multi_separate_files_v1
reddit,reddit,reddit_post,6qmqilzh,Oleg101,1qkf1ee,politics,2026-01-23T22:00:26.244026+00:00,2026-01-23T02:53:28+00:00,https://reddit.com/r/politics/comments/1qkf1ee/former_police_officer_2020_election_denier_get/,reddit.com,['https://external-preview.redd.it/LXkGDqTyz7PbpT-qp6q3ZFPFDvnVtJ1RtYtIhw64IKk.jpeg?auto=webp&s=e8d46a1466c07f5e1a3e5321f1ecf2d2de62a60e'],"Former police officer, 2020 election denier get into altercation at Jack Smith hearing",,['No Paywall'],,,[],['r/politics'],https://reddit.com/r/politics/comments/1qkf1ee/former_police_officer_2020_election_denier_get/,460,0,25,0,,"{'likes': 460, 'reposts': 0, 'quotes': 0}",1qkf1ee,1qkf1ee,reddit_multi_separate_files_v1
reddit,reddit,reddit_post,14bn3x,boforiamanfo,1qkv1o2,politics,2026-01-23T22:00:26.558936+00:00,2026-01-23T16:14:24+00:00,https://reddit.com/r/politics/comments/1qkv1o2/minnesota_judges_continue_to_reject_arrest/,reddit.com,['https://external-preview.redd.it/NJe9fWoppYZzKBdWwUZiU4gTne748yh2lbxtdA1XWmY.jpeg?auto=webp&s=d82605b9d0ad5fa35dbbee20f041c1b09737266a'],Minnesota judges continue to reject arrest warrants in ICE protests,,['No Paywall'],,,[],['r/politics'],https://reddit.com/r/politics/comments/1qkv1o2/minnesota_judges_continue_to_reject_arrest/,423,0,8,0,,"{'likes': 423, 'reposts': 0, 'quotes': 0}",1qkv1o2,1qkv1o2,reddit_multi_separate_files_v1
reddit,reddit,reddit_post,tyyiguo,thedailybeast,1qkzcoo,politics,2026-01-23T22:00:26.882281+00:00,2026-01-23T18:50:58+00:00,https://reddit.com/r/politics/comments/1qkzcoo/pam_bondi_cornered_over_ghislaine_maxwell_coverup/,reddit.com,['https://external-preview.redd.it/srjdCfqfVOCEE2jc-xthHsj7ylBXZzyLq2boOD70tac.jpeg?auto=webp&s=bb34272502780355bd7eea65a83c26455bb50561'],Pam Bondi Cornered Over Ghislaine Maxwell ‘Cover-Up’ at Texas Prison,,['Possible Paywall'],,,[],['r/politics'],https://reddit.com/r/politics/comments/1qkzcoo/pam_bondi_cornered_over_ghislaine_maxwell_coverup/,405,0,16,0,,"{'likes': 405, 'reposts': 0, 'quotes': 0}",1qkzcoo,1qkzcoo,reddit_multi_separate_files_v1
reddit,reddit,reddit_post,15s2cq,Somervilledrew,1ql36an,politics,2026-01-23T22:00:27.818073+00:00,2026-01-23T21:13:35+00:00,https://reddit.com/r/politics/comments/1ql36an/jack_smith_calls_trump_person_most_responsible/,reddit.com,['https://external-preview.redd.it/1hS9N7fqXe5r0bpHtf6mHfGWUm_JfWJtzTlFabVA4eo.jpeg?auto=webp&s=281bf9d70b61b38578b4ecd64741f99ef9278019'],"Jack Smith calls Trump ‘person most responsible’ for Jan. 6, says he broke the law",,['Possible Paywall'],,,[],['r/politics'],https://reddit.com/r/politics/comments/1ql36an/jack_smith_calls_trump_person_most_responsible/,400,0,17,0,,"{'likes': 400, 'reposts': 0, 'quotes': 0}",1ql36an,1ql36an,reddit_multi_separate_files_v1
reddit,reddit,reddit_post,sx8hqc3z,TheKeyPa,1qknqhm,politics,2026-01-23T22:00:28.831223+00:00,2026-01-23T10:52:21+00:00,https://reddit.com/r/politics/comments/1qknqhm/sanders_accuses_trump_of_pushing_us_and_world/,reddit.com,[],Sanders accuses Trump of pushing US and world ‘toward authoritarianism’,,['No Paywall'],,,[],['r/politics'],https://reddit.com/r/politics/comments/1qknqhm/sanders_accuses_trump_of_pushing_us_and_world/,393,0,17,0,,"{'likes': 393, 'reposts': 0, 'quotes': 0}",1qknqhm,1qknqhm,reddit_multi_separate_files_v1
reddit,reddit,reddit_post,89w7f36w,plz-let-me-in,1qkwjky,politics,2026-01-23T22:00:29.565573+00:00,2026-01-23T17:09:18+00:00,https://reddit.com/r/politics/comments/1qkwjky/general_strike_to_protest_ice_happening_in/,reddit.com,['https://external-preview.redd.it/41-JKB5ExnIRkpYjy_dtUdtuz7OFxlleXaQXZDbf8X0.jpeg?auto=webp&s=a06a2853bd253fdabac17c6b7607fdca91a5b68f'],General strike to protest ICE happening in Minnesota,,['No Paywall'],,,[],['r/politics'],https://reddit.com/r/politics/comments/1qkwjky/general_strike_to_protest_ice_happening_in/,387,0,31,0,,"{'likes': 387, 'reposts': 0, 'quotes': 0}",1qkwjky,1qkwjky,reddit_multi_separate_files_v1
reddit,reddit,reddit_post,8lemz,Large_banana_hammock,1qky24x,politics,2026-01-23T22:00:29.923664+00:00,2026-01-23T18:04:00+00:00,https://reddit.com/r/politics/comments/1qky24x/a_pregnant_mother_in_ice_detention_says_shes/,reddit.com,['https://external-preview.redd.it/rWSseSUA1QzQuso6OPwTcFEWn5I_Bo4pz8HjKlkYwMk.jpeg?auto=webp&s=d6f7f36b27502feeb2cd44353c324cdfd00b9b9f'],A pregnant mother in ICE detention says she’s bleeding — and hasn’t seen a doctor in weeks,,['No Paywall'],,,[],['r/politics'],https://reddit.com/r/politics/comments/1qky24x/a_pregnant_mother_in_ice_detention_says_shes/,387,0,29,0,,"{'likes': 387, 'reposts': 0, 'quotes': 0}",1qky24x,1qky24x,reddit_multi_separate_files_v1
reddit,reddit,reddit_post,muicc,coasterghost,1qkgwb0,politics,2026-01-23T22:00:30.872568+00:00,2026-01-23T04:19:06+00:00,https://reddit.com/r/politics/comments/1qkgwb0/fcc_sets_new_rules_for_talk_shows_hosting/,reddit.com,['https://external-preview.redd.it/IPNoub3fV5opQt6EfqCHcsXTZauQ_wmoD3FgX2HrPgc.jpeg?auto=webp&s=086f63d8e54eddd397285cd7e076359ab24e9015'],FCC sets new rules for talk shows hosting political candidates,,['No Paywall'],,,[],['r/politics'],https://reddit.com/r/politics/comments/1qkgwb0/fcc_sets_new_rules_for_talk_shows_hosting/,387,0,122,0,,"{'likes': 387, 'reposts': 0, 'quotes': 0}",1qkgwb0,1qkgwb0,reddit_multi_separate_files_v1
reddit,reddit,reddit_post,1j2oosxsga,Hafiz_TNR,1ql2d4n,politics,2026-01-23T22:00:31.425715+00:00,2026-01-23T20:42:52+00:00,https://reddit.com/r/politics/comments/1ql2d4n/fema_not_allowed_to_say_watch_out_for_ice_in/,reddit.com,['https://external-preview.redd.it/5wMWVYf1dAlw29wfyuHpLl849vxeQGjW5HmMjX77r70.jpeg?auto=webp&s=f5a504795344a1ba76df3da6bfe4d91ed3ecddaa'],FEMA Not Allowed to Say “Watch Out for Ice” in Storm Warnings,,['Possible Paywall'],,,[],['r/politics'],https://reddit.com/r/politics/comments/1ql2d4n/fema_not_allowed_to_say_watch_out_for_ice_in/,376,0,51,0,,"{'likes': 376, 'reposts': 0, 'quotes': 0}",1ql2d4n,1ql2d4n,reddit_multi_separate_files_v1
reddit,reddit,reddit_post,9nsh8f53,No_Discipline6265,1ql1fu2,politics,2026-01-23T22:00:31.761871+00:00,2026-01-23T20:07:33+00:00,https://reddit.com/r/politics/comments/1ql1fu2/border_patrol_detains_10yearold_spokane_girl_and/,reddit.com,['https://external-preview.redd.it/3cZS3_uh7gwudoxEpislcJH5Sib1Ygxwderf0wS91pU.jpeg?auto=webp&s=854ab4c87cd95f0395f78cd5c6e5a3134692f8fe'],"Border patrol detains 10-year-old Spokane girl and her dad, sends them to Texas detention center",,['Paywall'],,,[],['r/politics'],https://reddit.com/r/politics/comments/1ql1fu2/border_patrol_detains_10yearold_spokane_girl_and/,372,0,33,0,,"{'likes': 372, 'reposts': 0, 'quotes': 0}",1ql1fu2,1ql1fu2,reddit_multi_separate_files_v1
reddit,reddit,reddit_post,8lemz,Large_banana_hammock,1qkexcc,politics,2026-01-23T22:00:32.504098+00:00,2026-01-23T02:48:28+00:00,https://reddit.com/r/politics/comments/1qkexcc/trump_admin_removes_memorial_honoring_people/,reddit.com,['https://external-preview.redd.it/uC-SeY7sO7a6ZA0j2OKDZDxw1z9ratRlvLh2JKHibZE.jpeg?auto=webp&s=11ec3343c6745df33dc1582943b5210b0b0447d8'],Trump admin removes memorial honoring people enslaved by George Washington in Philadelphia,,['No Paywall'],,,[],['r/politics'],https://reddit.com/r/politics/comments/1qkexcc/trump_admin_removes_memorial_honoring_people/,367,0,45,0,,"{'likes': 367, 'reposts': 0, 'quotes': 0}",1qkexcc,1qkexcc,reddit_multi_separate_files_v1
reddit,reddit,reddit_post,sucrx,Cephalopod_astronaut,1qkagh6,politics,2026-01-23T22:00:32.840028+00:00,2026-01-22T23:32:55+00:00,https://reddit.com/r/politics/comments/1qkagh6/florida_bar_will_not_reprimand_matt_gaetz_for/,reddit.com,['https://external-preview.redd.it/Nw8SlX3E5j5P21sSe9tehsIxGnVw8NQN09gGufjeAFM.jpeg?auto=webp&s=8d24e8616aacd19ed6318b695f3af15495857feb'],Florida Bar will not reprimand Matt Gaetz for alleged sexual misbehavior,,['Paywall'],,,[],['r/politics'],https://reddit.com/r/politics/comments/1qkagh6/florida_bar_will_not_reprimand_matt_gaetz_for/,341,0,41,0,,"{'likes': 341, 'reposts': 0, 'quotes': 0}",1qkagh6,1qkagh6,reddit_multi_separate_files_v1
reddit,reddit,reddit_post,kcsr8bo,toronto_star,1qk9k3o,politics,2026-01-23T22:00:33.783002+00:00,2026-01-22T22:56:14+00:00,https://reddit.com/r/politics/comments/1qk9k3o/mark_carney_says_canada_can_show_the_world/,reddit.com,['https://external-preview.redd.it/q69AgJbCVZk7P8RSMDLhV5vL_9he5hZt_FhJoRpWgKc.jpeg?auto=webp&s=6fa6688b825e9990955f2ac35fdf24b36c872d63'],Mark Carney says Canada can show the world 'another way is possible' as top Trump official Lutnick sends warning,,['No Paywall'],,,[],['r/politics'],https://reddit.com/r/politics/comments/1qk9k3o/mark_carney_says_canada_can_show_the_world/,338,0,45,0,,"{'likes': 338, 'reposts': 0, 'quotes': 0}",1qk9k3o,1qk9k3o,reddit_multi_separate_files_v1
reddit,reddit,reddit_post,cms29,jmarinara,1qkdlhb,politics,2026-01-23T22:00:34.301091+00:00,2026-01-23T01:49:14+00:00,https://reddit.com/r/politics/comments/1qkdlhb/nearly_400_millionaires_and_billionaires_demand/,reddit.com,['https://external-preview.redd.it/Eqd5hHhk7a9R5K6v4d5tiT84x6IacngILG0DsPaQB5w.jpeg?auto=webp&s=d45abad1eb76cad060edac432b0f8868327f7dcd'],Nearly 400 millionaires and billionaires demand higher taxes for the super-rich,,['No Paywall'],,,[],['r/politics'],https://reddit.com/r/politics/comments/1qkdlhb/nearly_400_millionaires_and_billionaires_demand/,330,0,34,0,,"{'likes': 330, 'reposts': 0, 'quotes': 0}",1qkdlhb,1qkdlhb,reddit_multi_separate_files_v1
reddit,reddit,reddit_post,tshbesya,OkayButFoRealz,1qkuhh2,politics,2026-01-23T22:00:34.624664+00:00,2026-01-23T15:53:58+00:00,https://reddit.com/r/politics/comments/1qkuhh2/lawyer_disputes_vance_claims_about_5yearold/,reddit.com,['https://external-preview.redd.it/cfvEtRRs4gkiMRRCHVEvyqvdActotk3qgZOZyqInLGE.jpeg?auto=webp&s=7f9469b78b5cf5c92025f1f06dc2cdf886bbf13b'],"Lawyer disputes Vance claims about 5-year-old arrest by ICE, 'inhumane and unacceptable': A lawyer for the family of Liam Ramos said they had entered the U.S. through a port of entry and have been following the legal process of their asylum claim.",,['No Paywall'],,,[],['r/politics'],https://reddit.com/r/politics/comments/1qkuhh2/lawyer_disputes_vance_claims_about_5yearold/,326,0,4,0,,"{'likes': 326, 'reposts': 0, 'quotes': 0}",1qkuhh2,1qkuhh2,reddit_multi_separate_files_v1
reddit,reddit,reddit_post,218ox1aofa,BulwarkOnline,1qknfq4,politics,2026-01-23T22:00:35.373018+00:00,2026-01-23T10:33:54+00:00,https://reddit.com/r/politics/comments/1qknfq4/trump_sounds_a_lot_like_youknowwho_hes_no_hitler/,reddit.com,['https://external-preview.redd.it/nfiwSJBxoi5eBZAf-t-_6ct_7Yh6TcqALicRrAiHN5U.jpeg?auto=webp&s=0467348d6e57d85359608c58691751a2dd78f102'],Trump Sounds a Lot Like You-Know-Who: He’s no Hitler. But his speech in Davos about Greenland eerily echoes 1938.,,['Possible Paywall'],,,[],['r/politics'],https://reddit.com/r/politics/comments/1qknfq4/trump_sounds_a_lot_like_youknowwho_hes_no_hitler/,329,0,53,0,,"{'likes': 329, 'reposts': 0, 'quotes': 0}",1qknfq4,1qknfq4,reddit_multi_separate_files_v1
reddit,reddit,reddit_post,1z5x4rwcne,pritam_ram,1qki774,politics,2026-01-23T22:00:35.724968+00:00,2026-01-23T05:22:36+00:00,https://reddit.com/r/politics/comments/1qki774/5yearold_boy_taken_by_ice_in_minneapolis_area/,reddit.com,['https://external-preview.redd.it/aT8jhCnbtKczqZJ9S1IwbC0yTrq3GF40px1wbr7dOBc.jpeg?auto=webp&s=9a4b324ac4e01d6f7f44fe750bcf6518d131cb06'],5-year-old boy taken by ICE in Minneapolis area being held with father at Texas facility,,['Possible Paywall'],,,[],['r/politics'],https://reddit.com/r/politics/comments/1qki774/5yearold_boy_taken_by_ice_in_minneapolis_area/,328,0,39,0,,"{'likes': 328, 'reposts': 0, 'quotes': 0}",1qki774,1qki774,reddit_multi_separate_files_v1
reddit,reddit,reddit_post,2p657,AngelaMotorman,1qkupo0,politics,2026-01-23T22:00:36.695619+00:00,2026-01-23T16:02:15+00:00,https://reddit.com/r/politics/comments/1qkupo0/the_key_to_minneapoliss_successful_ice_resistance/,reddit.com,['https://external-preview.redd.it/F-yp_5Il6zBxNWOTF0FmHY6W-ZMnrEd1v2zalOkfdsM.jpeg?auto=webp&s=ce9e0766a5bb41e3f0785e14f74e050a049e04e3'],The Key to Minneapolis’s Successful ICE Resistance: The city’s rapid mobilization against ICE was aided greatly by a community with well-worn connections and a tradition of mutual aid. You can—and should—start building this resilience where you live.,,['Possible Paywall'],,,[],['r/politics'],https://reddit.com/r/politics/comments/1qkupo0/the_key_to_minneapoliss_successful_ice_resistance/,324,0,21,0,,"{'likes': 324, 'reposts': 0, 'quotes': 0}",1qkupo0,1qkupo0,reddit_multi_separate_files_v1
reddit,reddit,reddit_post,331kk,dubphonics,1qken36,politics,2026-01-23T22:00:37.246840+00:00,2026-01-23T02:35:39+00:00,https://reddit.com/r/politics/comments/1qken36/trump_says_hes_withdrawing_invitation_for_carney/,reddit.com,['https://external-preview.redd.it/UBuNkUoM95IL2qLgx1zm172JFWE77E-RrQ7_SmaFdEg.jpeg?auto=webp&s=01a23ad3dba6194ca5177920c70ac66affe80678'],Trump says he's withdrawing invitation for Carney to join his Gaza 'Board of Peace',,['No Paywall'],,,[],['r/politics'],https://reddit.com/r/politics/comments/1qken36/trump_says_hes_withdrawing_invitation_for_carney/,320,0,193,0,,"{'likes': 320, 'reposts': 0, 'quotes': 0}",1qken36,1qken36,reddit_multi_separate_files_v1
reddit,reddit,reddit_post,ebeuxc0p,msnownews,1qkwq22,politics,2026-01-23T22:00:37.579151+00:00,2026-01-23T17:15:51+00:00,https://reddit.com/r/politics/comments/1qkwq22/the_gops_narrative_around_jack_smith_has_become/,reddit.com,['https://external-preview.redd.it/3n699iYmtaTBA-rGNT-Pzxr2GMTN9VjNtxh2gxnP89Y.jpeg?auto=webp&s=914f4bd5f224bd562a178c3ab37e3fa4d95db401'],The GOP’s narrative around Jack Smith has become incomprehensible,,['No Paywall'],,,[],['r/politics'],https://reddit.com/r/politics/comments/1qkwq22/the_gops_narrative_around_jack_smith_has_become/,315,0,38,0,,"{'likes': 315, 'reposts': 0, 'quotes': 0}",1qkwq22,1qkwq22,reddit_multi_separate_files_v1
reddit,reddit,reddit_post,4ot9563,theindependentonline,1qk8y3z,politics,2026-01-23T22:00:38.296069+00:00,2026-01-22T22:29:50+00:00,https://reddit.com/r/politics/comments/1qk8y3z/white_house_seems_to_admit_it_edited_church/,reddit.com,['https://external-preview.redd.it/bJ6wGALLnetJtkNaVNm3IvnDFpnKQXtw5OuarJrU7qU.png?auto=webp&s=cee7066f2f529bcdfb0ffd71b76f875f85ec235f'],White House seems to admit it edited church protester arrest photo to show her crying,,['No Paywall'],,,[],['r/politics'],https://reddit.com/r/politics/comments/1qk8y3z/white_house_seems_to_admit_it_edited_church/,312,0,36,0,,"{'likes': 312, 'reposts': 0, 'quotes': 0}",1qk8y3z,1qk8y3z,reddit_multi_separate_files_v1
reddit,reddit,reddit_post,8lemz,Large_banana_hammock,1ql0w9u,politics,2026-01-23T22:00:38.622042+00:00,2026-01-23T19:47:08+00:00,https://reddit.com/r/politics/comments/1ql0w9u/thousands_of_minnesotans_are_taking_part_in/,reddit.com,['https://external-preview.redd.it/RJmkY3pw7hSO16Nnqi7RijDnV91McSUgF9LhHiVYsDQ.jpeg?auto=webp&s=adebc73437e07ca5c540805a16f7bbe6620eb61e'],Thousands of Minnesotans Are Taking Part in General Strike Against ICE,,['No Paywall'],,,[],['r/politics'],https://reddit.com/r/politics/comments/1ql0w9u/thousands_of_minnesotans_are_taking_part_in/,315,0,23,0,,"{'likes': 315, 'reposts': 0, 'quotes': 0}",1ql0w9u,1ql0w9u,reddit_multi_separate_files_v1
reddit,reddit,reddit_post,5p1ltmws,WouldbeWanderer,1qkpka8,politics,2026-01-23T22:00:39.558251+00:00,2026-01-23T12:31:43+00:00,https://reddit.com/r/politics/comments/1qkpka8/the_trump_administration_admits_even_more_ways/,reddit.com,['https://external-preview.redd.it/NwRUMtNl8Tch2TpflmabVOzLCNr6yrdUn5N-Ikdpj3M.jpeg?auto=webp&s=5de1cd612d25fbff4609fbb03b5014a344079ee0'],The Trump administration admits even more ways DOGE accessed sensitive personal data,,['No Paywall'],,,[],['r/politics'],https://reddit.com/r/politics/comments/1qkpka8/the_trump_administration_admits_even_more_ways/,294,0,15,0,,"{'likes': 294, 'reposts': 0, 'quotes': 0}",1qkpka8,1qkpka8,reddit_multi_separate_files_v1
reddit,reddit,reddit_post,e8kbt,iymcool,1qkq27n,politics,2026-01-23T22:00:40.110330+00:00,2026-01-23T12:55:35+00:00,https://reddit.com/r/politics/comments/1qkq27n/trump_says_people_will_soon_be_prosecuted_as_part/,reddit.com,['https://external-preview.redd.it/GjzlMIUeAB0x9BSWHb-PhJWVMuCfWDBIOceJ7ynM3dc.jpeg?auto=webp&s=df83118bf0a52adf5c4ecc817d13b517e170d47a'],Trump says “people will soon be prosecuted” as part of his 2020 election crusade,,['No Paywall'],,,[],['r/politics'],https://reddit.com/r/politics/comments/1qkq27n/trump_says_people_will_soon_be_prosecuted_as_part/,288,0,161,0,,"{'likes': 288, 'reposts': 0, 'quotes': 0}",1qkq27n,1qkq27n,reddit_multi_separate_files_v1
reddit,reddit,reddit_post,genadjr,The_Conversation,1qkuioo,politics,2026-01-23T22:00:41.251266+00:00,2026-01-23T15:55:15+00:00,https://reddit.com/r/politics/comments/1qkuioo/we_want_you_arrested_because_we_said_so_how_ices/,reddit.com,['https://external-preview.redd.it/gDhJYaX3SmN25yA7IDpO82w_PjsQbXJLVizx-JDZS3U.jpeg?auto=webp&s=c690f73f09e3c42c595e6b88572ec1b191a45f20'],"‘We want you arrested because we said so’ – how ICE’s policy on raiding whatever homes it wants violates a basic constitutional right, according to a former federal judge",,['No Paywall'],,,[],['r/politics'],https://reddit.com/r/politics/comments/1qkuioo/we_want_you_arrested_because_we_said_so_how_ices/,285,0,25,0,,"{'likes': 285, 'reposts': 0, 'quotes': 0}",1qkuioo,1qkuioo,reddit_multi_separate_files_v1
reddit,reddit,reddit_post,11fp4t9e0c,theipaper,1qkuclb,politics,2026-01-23T22:00:41.591596+00:00,2026-01-23T15:48:55+00:00,https://reddit.com/r/politics/comments/1qkuclb/trumps_dark_plans_for_the_us_midterms_have/,reddit.com,['https://external-preview.redd.it/cOUDt0WNVx1dqYm6mKSzqVkS9nK_S8pfo49ft5VUij4.jpeg?auto=webp&s=7600a234d1537b47ddeee38ef4c17e9e7947597e'],Trump's dark plans for the US midterms have already begun,,['Possible Paywall'],,,[],['r/politics'],https://reddit.com/r/politics/comments/1qkuclb/trumps_dark_plans_for_the_us_midterms_have/,281,0,40,0,,"{'likes': 281, 'reposts': 0, 'quotes': 0}",1qkuclb,1qkuclb,reddit_multi_separate_files_v1
reddit,reddit,reddit_post,6ozox,WontThinkStraight,1qkda0j,politics,2026-01-23T22:00:41.938234+00:00,2026-01-23T01:34:33+00:00,https://reddit.com/r/politics/comments/1qkda0j/the_damage_has_been_done_as_trump_claims_victory/,reddit.com,['https://external-preview.redd.it/U2tSnUmokcI_LPkEkGhskd_f0HaomjWRN2jbUPvVShs.jpeg?auto=webp&s=6326302ec64ce167e3feda8f05fd4e3efefa0989'],"'The damage has been done': As Trump claims victory on Greenland, Europe loses trust",,['No Paywall'],,,[],['r/politics'],https://reddit.com/r/politics/comments/1qkda0j/the_damage_has_been_done_as_trump_claims_victory/,282,0,35,0,,"{'likes': 282, 'reposts': 0, 'quotes': 0}",1qkda0j,1qkda0j,reddit_multi_separate_files_v1
reddit,reddit,reddit_post,f44kcwq,PM_ME_DPRK_CANDIDS,1qkxx2k,politics,2026-01-23T22:00:42.878821+00:00,2026-01-23T17:59:17+00:00,https://reddit.com/r/politics/comments/1qkxx2k/how_many_more_need_to_die_before_congress_holds/,reddit.com,['https://external-preview.redd.it/B9z4AExePUk9jzaTu9JR6V1_fL7pJQ9QqIEn32bxVT4.jpeg?auto=webp&s=09515bc1fe38648947a24de60c1d54bdb81e3245'],How many more need to die before Congress holds ICE accountable?,,['No Paywall'],,,[],['r/politics'],https://reddit.com/r/politics/comments/1qkxx2k/how_many_more_need_to_die_before_congress_holds/,262,0,45,0,,"{'likes': 262, 'reposts': 0, 'quotes': 0}",1qkxx2k,1qkxx2k,reddit_multi_separate_files_v1
reddit,reddit,reddit_post,68la5wao,ChiGuy6124,1ql15r0,politics,2026-01-23T22:00:43.421590+00:00,2026-01-23T19:57:15+00:00,https://reddit.com/r/politics/comments/1ql15r0/ice_agent_makes_chilling_threat_to_woman_filming/,reddit.com,['https://external-preview.redd.it/lyNfRfVQ2jiRsFBZUKW70B0QodRRtvSooF_6v6ZV_3Y.jpeg?auto=webp&s=646e9e3de3131147957c76c7b77e62ca0295d4a9'],ICE Agent Makes Chilling Threat to Woman Filming Him in Public,,['Possible Paywall'],,,[],['r/politics'],https://reddit.com/r/politics/comments/1ql15r0/ice_agent_makes_chilling_threat_to_woman_filming/,256,0,28,0,,"{'likes': 256, 'reposts': 0, 'quotes': 0}",1ql15r0,1ql15r0,reddit_multi_separate_files_v1
reddit,reddit,reddit_post,csdpf,SquidFistHK,1qkasw2,politics,2026-01-23T22:00:43.751355+00:00,2026-01-22T23:47:16+00:00,https://reddit.com/r/politics/comments/1qkasw2/trump_sparks_anger_over_claim_nato_troops_avoided/,reddit.com,['https://external-preview.redd.it/KXfPtfgzVbPQDLGzz_IYTm-5PK0VRur5Ww_ItQ_MO2M.jpeg?auto=webp&s=9ac9b7418a889768dd59d46f1f44256622800c7e'],Trump sparks anger over claim Nato troops avoided Afghanistan front line,,['Possible Paywall'],,,[],['r/politics'],https://reddit.com/r/politics/comments/1qkasw2/trump_sparks_anger_over_claim_nato_troops_avoided/,250,0,73,0,,"{'likes': 250, 'reposts': 0, 'quotes': 0}",1qkasw2,1qkasw2,reddit_multi_separate_files_v1
reddit,reddit,reddit_post,2ph3jt2x,PlethoraOfPinatass,1qk8iji,politics,2026-01-23T22:00:44.492136+00:00,2026-01-22T22:12:49+00:00,https://reddit.com/r/politics/comments/1qk8iji/chicago_man_accused_of_putting_hit_on_cbp_chief/,reddit.com,['https://external-preview.redd.it/pU__uD-faXt_QmdFmfIPFJb0ZMzanXfenSiD6eVH0lE.jpeg?auto=webp&s=931b257a63683d4ad9210bedf346828bbc2cf341'],Chicago man accused of putting hit on CBP Chief Greg Bovino found not guilty after trial,,['No Paywall'],,,[],['r/politics'],https://reddit.com/r/politics/comments/1qk8iji/chicago_man_accused_of_putting_hit_on_cbp_chief/,235,0,14,0,,"{'likes': 235, 'reposts': 0, 'quotes': 0}",1qk8iji,1qk8iji,reddit_multi_separate_files_v1
reddit,reddit,reddit_post,weklq,kweathergirl,1qkv9u7,politics,2026-01-23T22:00:44.832528+00:00,2026-01-23T16:22:43+00:00,https://reddit.com/r/politics/comments/1qkv9u7/target_in_ice_operation_where_agents_detained_us/,reddit.com,['https://external-preview.redd.it/sdSp9i4osBqPSKk8y8z8MtF2g4O2qi-JaIjCkdj7Nwg.jpeg?auto=webp&s=2dff1f39b887af3f9fb6a64399cbc6abaad4e001'],"Target in ICE operation, where agents detained US citizen in only underwear, has been in prison since 2024",,['No Paywall'],,,[],['r/politics'],https://reddit.com/r/politics/comments/1qkv9u7/target_in_ice_operation_where_agents_detained_us/,236,0,11,0,,"{'likes': 236, 'reposts': 0, 'quotes': 0}",1qkv9u7,1qkv9u7,reddit_multi_separate_files_v1
reddit,reddit,reddit_post,w25ndfc,newsweek,1ql0t5r,politics,2026-01-23T22:00:45.750322+00:00,2026-01-23T19:43:54+00:00,https://reddit.com/r/politics/comments/1ql0t5r/kristi_noem_impeachment_jasmine_crockett_rejects/,reddit.com,['https://external-preview.redd.it/XcJ6jFyceqYhZPp2WPJFb35yQz-EfbwmeiXb_XJfZJA.jpeg?auto=webp&s=572dc9ffaf66051509f770695fe126e25c5c9f9e'],Kristi Noem impeachment: Jasmine Crockett rejects excuses to not sign on,,['No Paywall'],,,[],['r/politics'],https://reddit.com/r/politics/comments/1ql0t5r/kristi_noem_impeachment_jasmine_crockett_rejects/,231,0,22,0,,"{'likes': 231, 'reposts': 0, 'quotes': 0}",1ql0t5r,1ql0t5r,reddit_multi_separate_files_v1
reddit,reddit,reddit_post,39h5srz2,BertramPotts,1qkahgk,politics,2026-01-23T22:00:46.286705+00:00,2026-01-22T23:34:04+00:00,https://reddit.com/r/politics/comments/1qkahgk/the_slavery_exhibits_at_the_presidents_house_have/,reddit.com,['https://external-preview.redd.it/i-Ig-M8xN06Z3G7CESmVjHzDwZUr_Of33z9IDJhW_9M.jpeg?auto=webp&s=15615ee2c3a5a5dae044b39121c7a294b874c1a9'],The slavery exhibits at the President’s House have been removed following Trump administration push,,['No Paywall'],,,[],['r/politics'],https://reddit.com/r/politics/comments/1qkahgk/the_slavery_exhibits_at_the_presidents_house_have/,214,0,33,0,,"{'likes': 214, 'reposts': 0, 'quotes': 0}",1qkahgk,1qkahgk,reddit_multi_separate_files_v1
reddit,reddit,reddit_post,2r61entl,Heya_Straya,1qkm2n0,politics,2026-01-23T22:00:47.449463+00:00,2026-01-23T09:10:08+00:00,https://reddit.com/r/politics/comments/1qkm2n0/us_ukrainian_and_russian_negotiators_to_meet_in/,reddit.com,[],"US, Ukrainian and Russian negotiators to meet in UAE for security talks",,['No Paywall'],,,[],['r/politics'],https://reddit.com/r/politics/comments/1qkm2n0/us_ukrainian_and_russian_negotiators_to_meet_in/,208,0,3,0,,"{'likes': 208, 'reposts': 0, 'quotes': 0}",1qkm2n0,1qkm2n0,reddit_multi_separate_files_v1
reddit,reddit,reddit_post,1jervvlmmv,Tennis_bruh,1qky285,politics,2026-01-23T22:00:47.803793+00:00,2026-01-23T18:04:05+00:00,https://reddit.com/r/politics/comments/1qky285/house_democrat_ice_detained_5yearold_boy_to_lure/,reddit.com,['https://external-preview.redd.it/imUeKQFdJEd-9kcsd6OC-yhTAVkXRR_rglvpqbof60g.png?auto=webp&s=0407c71504aac96e2f8a298e598d4a989bf81463'],House Democrat: ICE detained 5-year-old boy ‘to lure his father out’,,['No Paywall'],,,[],['r/politics'],https://reddit.com/r/politics/comments/1qky285/house_democrat_ice_detained_5yearold_boy_to_lure/,208,0,31,0,,"{'likes': 208, 'reposts': 0, 'quotes': 0}",1qky285,1qky285,reddit_multi_separate_files_v1
reddit,reddit,reddit_post,35fk2,Quirkie,1qkx6tg,politics,2026-01-23T22:00:48.738446+00:00,2026-01-23T17:32:33+00:00,https://reddit.com/r/politics/comments/1qkx6tg/here_are_all_the_democrats_who_voted_to_keep/,reddit.com,['https://external-preview.redd.it/5OEkbRiO1gpgb_lY3XEspcM6sYTa8OKof-2-2YnBvSg.jpeg?auto=webp&s=41369de3f6ec695b79b2523c2bff68d91ae60d9f'],Here Are All the Democrats Who Voted to Keep Funding ICE - Seven Democratic lawmakers are apparently fine with what ICE has been doing.,,['Possible Paywall'],,,[],['r/politics'],https://reddit.com/r/politics/comments/1qkx6tg/here_are_all_the_democrats_who_voted_to_keep/,209,0,13,0,,"{'likes': 209, 'reposts': 0, 'quotes': 0}",1qkx6tg,1qkx6tg,reddit_multi_separate_files_v1
reddit,reddit,reddit_post,9cki6,ILikeNeurons,1qkccht,politics,2026-01-23T22:00:49.286013+00:00,2026-01-23T00:52:51+00:00,https://reddit.com/r/politics/comments/1qkccht/donald_trumps_net_job_approval_hits_a_new_low_for/,reddit.com,['https://external-preview.redd.it/xA7RGdrFQGpSNmpfYRIG8PC5UvveDNNuppthdfjUWxE.jpeg?auto=webp&s=a0d055974ccee2af4f7a20e8741aeef7be5874c9'],Donald Trump's net job approval hits a new low for his second term,,['No Paywall'],,,[],['r/politics'],https://reddit.com/r/politics/comments/1qkccht/donald_trumps_net_job_approval_hits_a_new_low_for/,198,0,43,0,,"{'likes': 198, 'reposts': 0, 'quotes': 0}",1qkccht,1qkccht,reddit_multi_separate_files_v1
reddit,reddit,reddit_post,1jervvlmmv,Tennis_bruh,1qkqq4o,politics,2026-01-23T22:00:49.626762+00:00,2026-01-23T13:24:54+00:00,https://reddit.com/r/politics/comments/1qkqq4o/there_are_kids_not_going_to_school_fear_of_ice_is/,reddit.com,['https://external-preview.redd.it/o5dJA4w6t2AnJ8BkpFdzjQAFohR1vuRTEQWAFumoI4I.jpeg?auto=webp&s=3cd68dd46c1296414245f019ff4c5dcad3878baf'],‘There are kids not going to school’: fear of ICE is keeping children from classes in Connecticut,,['No Paywall'],,,[],['r/politics'],https://reddit.com/r/politics/comments/1qkqq4o/there_are_kids_not_going_to_school_fear_of_ice_is/,189,0,20,0,,"{'likes': 189, 'reposts': 0, 'quotes': 0}",1qkqq4o,1qkqq4o,reddit_multi_separate_files_v1
reddit,reddit,reddit_post,89w7f36w,plz-let-me-in,1ql0asa,politics,2026-01-23T22:00:50.363397+00:00,2026-01-23T19:25:14+00:00,https://reddit.com/r/politics/comments/1ql0asa/why_did_republicans_agree_to_embarrass_themselves/,reddit.com,['https://external-preview.redd.it/WTi3NAFPHHr17ccZQQMDiThjlYiwLzeej1IXTVqYV-Q.jpeg?auto=webp&s=3868df73c7f9d35880a82bb20c403b20346ebffd'],Why did Republicans agree to embarrass themselves with Jack Smith’s testimony?,,['No Paywall'],,,[],['r/politics'],https://reddit.com/r/politics/comments/1ql0asa/why_did_republicans_agree_to_embarrass_themselves/,190,0,41,0,,"{'likes': 190, 'reposts': 0, 'quotes': 0}",1ql0asa,1ql0asa,reddit_multi_separate_files_v1
reddit,reddit,reddit_post,iy77ayk3w,kootles10,1qkakn0,politics,2026-01-23T22:00:50.705935+00:00,2026-01-22T23:37:46+00:00,https://reddit.com/r/politics/comments/1qkakn0/not_guilty_verdict_in_trial_of_man_accused_of/,reddit.com,['https://external-preview.redd.it/D6puFzo6sPSnELDva5CMXzV7gUJU6DNze9rdMLjCSx4.jpeg?auto=webp&s=d3cb00add2df5d7cab7c3406886c3afb130d6a78'],Not guilty verdict in trial of man accused of murder-for-hire plot targeting Border Patrol chief Gregory Bovino,,['No Paywall'],,,[],['r/politics'],https://reddit.com/r/politics/comments/1qkakn0/not_guilty_verdict_in_trial_of_man_accused_of/,181,0,30,0,,"{'likes': 181, 'reposts': 0, 'quotes': 0}",1qkakn0,1qkakn0,reddit_multi_separate_files_v1
reddit,reddit,reddit_post,6nztn,Surax,1qkmqau,politics,2026-01-23T22:00:51.648001+00:00,2026-01-23T09:51:12+00:00,https://reddit.com/r/politics/comments/1qkmqau/white_house_posts_altered_photo_of_civil_rights/,reddit.com,['https://external-preview.redd.it/m3B4QYtjKRS2uQN15FdkqxMFBM2eM1IX0JTtW_FrL2g.jpeg?auto=webp&s=4fedcf85f017808bdd43131f8cf0603b9f44bda3'],White House posts altered photo of civil rights activist's arrest on social media,,['No Paywall'],,,[],['r/politics'],https://reddit.com/r/politics/comments/1qkmqau/white_house_posts_altered_photo_of_civil_rights/,178,0,16,0,,"{'likes': 178, 'reposts': 0, 'quotes': 0}",1qkmqau,1qkmqau,reddit_multi_separate_files_v1
reddit,reddit,reddit_post,tg1ieqhk,CBSnews,1qkbsh7,politics,2026-01-23T22:00:52.174792+00:00,2026-01-23T00:28:31+00:00,https://reddit.com/r/politics/comments/1qkbsh7/judge_skeptical_of_trumps_arguments_he_has_proper/,reddit.com,['https://external-preview.redd.it/x7k9YQDUrbOAY1FS1q76liaoRFdE1FPnyVdZ8TjTq-A.jpeg?auto=webp&s=bfcf5f1a502380e4a280b240cc1ac197281e3647'],Judge skeptical of Trump's arguments he has proper authority to build White House ballroom,,['No Paywall'],,,[],['r/politics'],https://reddit.com/r/politics/comments/1qkbsh7/judge_skeptical_of_trumps_arguments_he_has_proper/,175,0,22,0,,"{'likes': 175, 'reposts': 0, 'quotes': 0}",1qkbsh7,1qkbsh7,reddit_multi_separate_files_v1
reddit,reddit,reddit_post,jfh27y2c,Rock-n-roll-Kevin,1qk8uze,politics,2026-01-23T22:00:53.312865+00:00,2026-01-22T22:26:25+00:00,https://reddit.com/r/politics/comments/1qk8uze/man_accused_of_bovino_murder_for_hire_plot/,reddit.com,['https://external-preview.redd.it/wqEO-inqvSO9TzioDURpFEUKpAWhjwq_NajzfKdjPlQ.jpeg?auto=webp&s=66e8fabb42d35c0f741b27431c67b46473ba54f4'],Man Accused of Bovino Murder for Hire Plot Acquitted by Jury,,['No Paywall'],,,[],['r/politics'],https://reddit.com/r/politics/comments/1qk8uze/man_accused_of_bovino_murder_for_hire_plot/,170,0,8,0,,"{'likes': 170, 'reposts': 0, 'quotes': 0}",1qk8uze,1qk8uze,reddit_multi_separate_files_v1
reddit,reddit,reddit_post,omzcgrv9,Ok_Employer7837,1qkv20f,politics,2026-01-23T22:00:53.650205+00:00,2026-01-23T16:14:45+00:00,https://reddit.com/r/politics/comments/1qkv20f/white_house_labels_altered_photo_of_arrested/,reddit.com,['https://external-preview.redd.it/KPbaJhh4Qn-slSw7Xz7AfNKXCPqQ7KjyMza88SWpbJQ.jpeg?auto=webp&s=b81954f217b68033957962b31f5212f2d3de048e'],White House labels altered photo of arrested Minnesota protester a ‘meme’,,['No Paywall'],,,[],['r/politics'],https://reddit.com/r/politics/comments/1qkv20f/white_house_labels_altered_photo_of_arrested/,171,0,63,0,,"{'likes': 171, 'reposts': 0, 'quotes': 0}",1qkv20f,1qkv20f,reddit_multi_separate_files_v1
reddit,reddit,reddit_post,15s2cq,Somervilledrew,1qka6wc,politics,2026-01-23T22:00:54.090669+00:00,2026-01-22T23:21:55+00:00,https://reddit.com/r/politics/comments/1qka6wc/judge_hands_democrats_win_in_staten_island/,reddit.com,['https://external-preview.redd.it/M0XGdyt50k_dQjhSa15DdPOIy8IV9PIZKapOJJGDd5w.jpeg?auto=webp&s=02b802e624573537ebcbaa9f82525e1b6659ceca'],Judge hands Democrats win in Staten Island redistricting case,,['Possible Paywall'],,,[],['r/politics'],https://reddit.com/r/politics/comments/1qka6wc/judge_hands_democrats_win_in_staten_island/,168,0,4,0,,"{'likes': 168, 'reposts': 0, 'quotes': 0}",1qka6wc,1qka6wc,reddit_multi_separate_files_v1
reddit,reddit,reddit_post,218ox1aofa,BulwarkOnline,1qk8ivq,politics,2026-01-23T22:00:55.031940+00:00,2026-01-22T22:13:11+00:00,https://reddit.com/r/politics/comments/1qk8ivq/target_of_viral_botched_ice_raid_was_already_in/,reddit.com,['https://external-preview.redd.it/ROAXuUeJ7WQIcuSH7f2xjbq0bv-K0PTEJV4zPMIsOOQ.jpeg?auto=webp&s=07b5c3a816f9c6dc2afd813632202398bcb259e6'],Target of Viral Botched ICE Raid Was Already in Prison,,['Possible Paywall'],,,[],['r/politics'],https://reddit.com/r/politics/comments/1qk8ivq/target_of_viral_botched_ice_raid_was_already_in/,167,0,12,0,,"{'likes': 167, 'reposts': 0, 'quotes': 0}",1qk8ivq,1qk8ivq,reddit_multi_separate_files_v1
reddit,reddit,reddit_post,8dzoy534,ZealousidealDouble18,1qkriht,politics,2026-01-23T22:00:55.582292+00:00,2026-01-23T13:58:50+00:00,https://reddit.com/r/politics/comments/1qkriht/trump_wrong_to_claim_nato_troops_avoided/,reddit.com,['https://external-preview.redd.it/rzOEea3Dx-NstBrw1DBPLs7WZoDzkxBWADkXk8s-1-o.jpeg?auto=webp&s=3d0032231622575088e90e936dc9649e2cef851a'],"Trump 'wrong' to claim Nato troops avoided Afghanistan front line, Downing Street says",,['No Paywall'],,,[],['r/politics'],https://reddit.com/r/politics/comments/1qkriht/trump_wrong_to_claim_nato_troops_avoided/,163,0,42,0,,"{'likes': 163, 'reposts': 0, 'quotes': 0}",1qkriht,1qkriht,reddit_multi_separate_files_v1
reddit,reddit,reddit_post,8lemz,Large_banana_hammock,1ql2ljf,politics,2026-01-23T22:00:55.938344+00:00,2026-01-23T20:51:57+00:00,https://reddit.com/r/politics/comments/1ql2ljf/we_are_missing_a_lot_of_evidence_judge_rules/,reddit.com,['https://external-preview.redd.it/vb8d5rAWbU3dZo7M7Tcp0UN3MIjyti9rhAr8aFX0Xbk.jpeg?auto=webp&s=2146bd320bcfa00bd870956302acaffa3ed3b630'],'We are missing a lot of evidence': Judge rules Trump admin must turn over video footage and other requested discovery from controversial ICE facility,,['No Paywall'],,,[],['r/politics'],https://reddit.com/r/politics/comments/1ql2ljf/we_are_missing_a_lot_of_evidence_judge_rules/,155,0,4,0,,"{'likes': 155, 'reposts': 0, 'quotes': 0}",1ql2ljf,1ql2ljf,reddit_multi_separate_files_v1
reddit,reddit,reddit_post,rl2vi,bwermer,1qkvn3f,politics,2026-01-23T22:00:57.143742+00:00,2026-01-23T16:36:25+00:00,https://reddit.com/r/politics/comments/1qkvn3f/republicans_tried_to_snag_jack_smith_on/,reddit.com,[],Republicans tried to snag Jack Smith on technicalities. But they didn’t engage with the facts.,,['Possible Paywall'],,,[],['r/politics'],https://reddit.com/r/politics/comments/1qkvn3f/republicans_tried_to_snag_jack_smith_on/,155,0,17,0,,"{'likes': 155, 'reposts': 0, 'quotes': 0}",1qkvn3f,1qkvn3f,reddit_multi_separate_files_v1
reddit,reddit,reddit_post,23b6bxw8pp,Character_Map1803,1qkli5n,politics,2026-01-23T22:00:58.083120+00:00,2026-01-23T08:34:16+00:00,https://reddit.com/r/politics/comments/1qkli5n/minnesota_gears_up_for_antiimmigration/,reddit.com,['https://external-preview.redd.it/WXBc3q6tY82OMZHQBjzIgvNS-OML7d-nMWtVsSzrBpw.jpeg?auto=webp&s=a58f061833144491c503b4d873a724b9ac32f3ed'],Minnesota gears up for anti-immigration enforcement protest Friday despite dangerous cold,,['No Paywall'],,,[],['r/politics'],https://reddit.com/r/politics/comments/1qkli5n/minnesota_gears_up_for_antiimmigration/,153,0,21,0,,"{'likes': 153, 'reposts': 0, 'quotes': 0}",1qkli5n,1qkli5n,reddit_multi_separate_files_v1
reddit,reddit,reddit_post,20l8i2hf76,CinnamonsCharm,1ql2q0w,politics,2026-01-23T22:00:58.613290+00:00,2026-01-23T20:56:38+00:00,https://reddit.com/r/politics/comments/1ql2q0w/donald_trump_has_insulted_and_humiliated_americas/,reddit.com,['https://external-preview.redd.it/y20MlS2PAjwJNuf02erIwX7S0YFBJWmiLLmbRWlNLB8.jpeg?auto=webp&s=d116f7a847ed401bafe68e03f6b73eb5609e6450'],Donald Trump has insulted and humiliated America’s closest allies,,['No Paywall'],,,[],['r/politics'],https://reddit.com/r/politics/comments/1ql2q0w/donald_trump_has_insulted_and_humiliated_americas/,156,0,44,0,,"{'likes': 156, 'reposts': 0, 'quotes': 0}",1ql2q0w,1ql2q0w,reddit_multi_separate_files_v1
reddit,reddit,reddit_post,bmacoos,vox,1ql273u,politics,2026-01-23T22:00:58.945553+00:00,2026-01-23T20:36:15+00:00,https://reddit.com/r/politics/comments/1ql273u/you_dont_need_to_be_a_liberal_to_oppose_trumps_ice/,reddit.com,['https://external-preview.redd.it/d2TqaIVSRqSWoxf56kSqojhYEUHZseOZxpJ5yIeWn1Y.jpeg?auto=webp&s=b60efa08c5a0acdc8411a97801709997bbdb635b'],You don’t need to be a liberal to oppose Trump’s ICE,,['Possible Paywall'],,,[],['r/politics'],https://reddit.com/r/politics/comments/1ql273u/you_dont_need_to_be_a_liberal_to_oppose_trumps_ice/,154,0,38,0,,"{'likes': 154, 'reposts': 0, 'quotes': 0}",1ql273u,1ql273u,reddit_multi_separate_files_v1
reddit,reddit,reddit_post,zqokyw7,belisario262,1qkak1c,politics,2026-01-23T22:00:59.707330+00:00,2026-01-22T23:37:03+00:00,https://reddit.com/r/politics/comments/1qkak1c/trumps_greenland_framework_sounds_a_lot_like_an/,reddit.com,['https://external-preview.redd.it/q7ie29E2PGcyJtodW8Jzj_lKaJlPWgArCTyy55DoHwQ.jpeg?auto=webp&s=1458a77dd91762d5602777ca6032cb8f7841df2f'],Trump’s Greenland framework sounds a lot like an already existing 1951 deal,,['Possible Paywall'],,,[],['r/politics'],https://reddit.com/r/politics/comments/1qkak1c/trumps_greenland_framework_sounds_a_lot_like_an/,153,0,39,0,,"{'likes': 153, 'reposts': 0, 'quotes': 0}",1qkak1c,1qkak1c,reddit_multi_separate_files_v1
reddit,reddit,reddit_post,17bzdd24i2,Street_Anon,1qkcdl1,politics,2026-01-23T22:01:00.069540+00:00,2026-01-23T00:54:17+00:00,https://reddit.com/r/politics/comments/1qkcdl1/trumps_rhetoric_rallies_canadian_support_for/,reddit.com,['https://external-preview.redd.it/4DselaIJhzQ9DOz3-ZH89lR_Kno8p8w-exWFjJC8Ghw.jpeg?auto=webp&s=cb1804a66771309d7c350ff300b19004cbf7135d'],Trump's rhetoric rallies Canadian support for Prime Minister Mark Carney,,['Possible Paywall'],,,[],['r/politics'],https://reddit.com/r/politics/comments/1qkcdl1/trumps_rhetoric_rallies_canadian_support_for/,151,0,36,0,,"{'likes': 151, 'reposts': 0, 'quotes': 0}",1qkcdl1,1qkcdl1,reddit_multi_separate_files_v1
reddit,reddit,reddit_post,624kdlfn,MarcEElias,1qk9vf5,politics,2026-01-23T22:01:01.019034+00:00,2026-01-22T23:08:51+00:00,https://reddit.com/r/politics/comments/1qk9vf5/democrats_advocates_probe_doge_coordination_with/,reddit.com,['https://external-preview.redd.it/GlgzEiyGkaL7Dv87UYA1mp_BB5kNfnrSfeQ3fCQNqw0.jpeg?auto=webp&s=be5a985641a2c13369a66a49425169a00373013a'],"Democrats, advocates probe DOGE coordination with election deniers as outrage grows",,['No Paywall'],,,[],['r/politics'],https://reddit.com/r/politics/comments/1qk9vf5/democrats_advocates_probe_doge_coordination_with/,147,0,4,0,,"{'likes': 147, 'reposts': 0, 'quotes': 0}",1qk9vf5,1qk9vf5,reddit_multi_separate_files_v1
reddit,reddit,reddit_post,3wp7dtc0,Flower-Immediate,1qke4wb,politics,2026-01-23T22:01:01.574931+00:00,2026-01-23T02:12:55+00:00,https://reddit.com/r/politics/comments/1qke4wb/trump_withdraws_canadas_invitation_to_board_of/,reddit.com,['https://external-preview.redd.it/qMgAhAbbKkr8_lNYWPQcKE4tzsAucEeCqYtSlqUj0OQ.jpeg?auto=webp&s=f698de65d3999c295b88a025c05e493f6e964189'],Trump withdraws Canada’s invitation to Board of Peace,,['No Paywall'],,,[],['r/politics'],https://reddit.com/r/politics/comments/1qke4wb/trump_withdraws_canadas_invitation_to_board_of/,144,0,85,0,,"{'likes': 144, 'reposts': 0, 'quotes': 0}",1qke4wb,1qke4wb,reddit_multi_separate_files_v1
reddit,reddit,reddit_post,1q6mfupf,bbmoonkie,1qkw5p0,politics,2026-01-23T22:01:01.928942+00:00,2026-01-23T16:55:20+00:00,https://reddit.com/r/politics/comments/1qkw5p0/federal_immigration_agents_keep_shooting_at/,reddit.com,['https://external-preview.redd.it/oAR0VGDJZdcw3BHE55naEDAp4RP2w2_uhoPl3PbhmjM.jpeg?auto=webp&s=2e0680520499a7ca838da466c8bcff29175bfa00'],Federal immigration agents keep shooting at drivers. We tracked 15 cases since July.,,['No Paywall'],,,[],['r/politics'],https://reddit.com/r/politics/comments/1qkw5p0/federal_immigration_agents_keep_shooting_at/,147,0,10,0,,"{'likes': 147, 'reposts': 0, 'quotes': 0}",1qkw5p0,1qkw5p0,reddit_multi_separate_files_v1
reddit,reddit,reddit_post,dpt0lmkd,NamelessResearcher,1qk9an4,politics,2026-01-23T22:01:02.675670+00:00,2026-01-22T22:45:50+00:00,https://reddit.com/r/politics/comments/1qk9an4/protestors_march_through_utah_capitol_to_fight/,reddit.com,['https://external-preview.redd.it/JaH4qdK0xjf8vb5Xttx_hd1NYpCONi7p08k82S2M-Ak.jpeg?auto=webp&s=c2cf8fac8ba549d1164de756be61d0bfb8d7897a'],Protestors march through Utah Capitol to fight one of the nation’s worst anti-trans bills,,['No Paywall'],,,[],['r/politics'],https://reddit.com/r/politics/comments/1qk9an4/protestors_march_through_utah_capitol_to_fight/,139,0,4,0,,"{'likes': 139, 'reposts': 0, 'quotes': 0}",1qk9an4,1qk9an4,reddit_multi_separate_files_v1
reddit,reddit,reddit_post,i2q1tswh,F0urLeafCl0ver,1qkw7b4,politics,2026-01-23T22:01:07.388385+00:00,2026-01-23T16:57:01+00:00,https://reddit.com/r/politics/comments/1qkw7b4/trumps_norway_letter_proves_this_isnt_sustainable/,reddit.com,['https://external-preview.redd.it/R9rf2CXarK1uOhNw5Cz9Ihc-sFQNj0CJ_KuoxyUwxmc.jpeg?auto=webp&s=9d3135c0bd30637c9954170111cff5a3293020ec'],Trump’s Norway Letter Proves This Isn’t Sustainable,,['Possible Paywall'],,,[],['r/politics'],https://reddit.com/r/politics/comments/1qkw7b4/trumps_norway_letter_proves_this_isnt_sustainable/,133,0,27,0,,"{'likes': 133, 'reposts': 0, 'quotes': 0}",1qkw7b4,1qkw7b4,reddit_multi_separate_files_v1
reddit,reddit,reddit_post,sdr7wr8k,Impossible_Host2420,1qkrb1e,politics,2026-01-23T22:01:07.739723+00:00,2026-01-23T13:50:13+00:00,https://reddit.com/r/politics/comments/1qkrb1e/trump_administration_scraps_multimilliondollar/,reddit.com,['https://external-preview.redd.it/uz1LRrgt1WpkxcPJBPZpajLc5P-X5uV3ZalhDBPjZhA.jpeg?auto=webp&s=f2986f098cf4077b97239d018a2b9ba1fa04e334'],Trump administration scraps multimillion-dollar solar projects in Puerto Rico as grid crumbles,,['No Paywall'],,,[],['r/politics'],https://reddit.com/r/politics/comments/1qkrb1e/trump_administration_scraps_multimilliondollar/,129,0,18,0,,"{'likes': 129, 'reposts': 0, 'quotes': 0}",1qkrb1e,1qkrb1e,reddit_multi_separate_files_v1
reddit,reddit,reddit_post,6dtxtqwk1,FireProStan,1qkhxa4,politics,2026-01-23T22:01:08.090253+00:00,2026-01-23T05:08:56+00:00,https://reddit.com/r/politics/comments/1qkhxa4/the_citywide_general_strike_has_a_rich_history_in/,reddit.com,['https://external-preview.redd.it/5DUqfeHE60Q9SCV2h4eRMGlHOjJm4IFDpOYqWpKPaQQ.jpeg?auto=webp&s=6dc9f4d6644570ae978897151adbc3c3f9c54bf4'],The Citywide General Strike Has a Rich History in America,,['No Paywall'],,,[],['r/politics'],https://reddit.com/r/politics/comments/1qkhxa4/the_citywide_general_strike_has_a_rich_history_in/,129,0,33,0,,"{'likes': 129, 'reposts': 0, 'quotes': 0}",1qkhxa4,1qkhxa4,reddit_multi_separate_files_v1
reddit,reddit,reddit_post,2yomr,wellstone,1qkj6rk,politics,2026-01-23T22:01:08.836108+00:00,2026-01-23T06:14:45+00:00,https://reddit.com/r/politics/comments/1qkj6rk/in_testimony_jack_smith_defends_decision_to/,reddit.com,[],"In Testimony, Jack Smith Defends Decision to Prosecute Trump",,['Possible Paywall'],,,[],['r/politics'],https://reddit.com/r/politics/comments/1qkj6rk/in_testimony_jack_smith_defends_decision_to/,126,0,3,0,,"{'likes': 126, 'reposts': 0, 'quotes': 0}",1qkj6rk,1qkj6rk,reddit_multi_separate_files_v1
reddit,reddit,reddit_post,1j9fi3ngym,jediporcupine,1qkx9uk,politics,2026-01-23T22:01:09.184401+00:00,2026-01-23T17:35:36+00:00,https://reddit.com/r/politics/comments/1qkx9uk/ice_watchers_in_maine_say_they_were_threatened_by/,reddit.com,['https://external-preview.redd.it/yFaPC0ZJFzrI3NLOCOOyuhhfyZjpMhsZU2U63yXMViM.jpeg?auto=webp&s=8544ac38c00b6e03a4d0cbde46f090ea055f8662'],ICE watchers in Maine say they were threatened by federal agents,,['Possible Paywall'],,,[],['r/politics'],https://reddit.com/r/politics/comments/1qkx9uk/ice_watchers_in_maine_say_they_were_threatened_by/,126,0,17,0,,"{'likes': 126, 'reposts': 0, 'quotes': 0}",1qkx9uk,1qkx9uk,reddit_multi_separate_files_v1
reddit,reddit,reddit_post,2mtq8m9h,SE_to_NW,1qkefum,politics,2026-01-23T22:01:09.518169+00:00,2026-01-23T02:26:29+00:00,https://reddit.com/r/politics/comments/1qkefum/stock_market_cuts_through_to_trump_on_greenland/,reddit.com,['https://external-preview.redd.it/q9IZmHpOCyV9aYi-8IaI3HYQGQFmQQkvi6Xz-OlrLqk.jpeg?auto=webp&s=720e559180c88901ab61c1ba212f1c01e6321ba2'],Stock market cuts through to Trump on Greenland in a way allies' messages failed to resonate,,['No Paywall'],,,[],['r/politics'],https://reddit.com/r/politics/comments/1qkefum/stock_market_cuts_through_to_trump_on_greenland/,129,0,29,0,,"{'likes': 129, 'reposts': 0, 'quotes': 0}",1qkefum,1qkefum,reddit_multi_separate_files_v1
reddit,reddit,reddit_post,1dbbjgp16n,Outersurface,1qke7uf,politics,2026-01-23T22:01:09.859479+00:00,2026-01-23T02:16:29+00:00,https://reddit.com/r/politics/comments/1qke7uf/top_cdc_vaccine_adviser_questions_need_for_polio/,reddit.com,['https://external-preview.redd.it/pHnSjwOGZVFfgJe88Mz8prTuwc4VWCAGAOHczTLHKww.jpeg?auto=webp&s=b5828bd76b8efe6f28cb7b092d41847483f8ac1e'],"Top CDC vaccine adviser questions need for polio shot, other longstanding recommendations",,['Possible Paywall'],,,[],['r/politics'],https://reddit.com/r/politics/comments/1qke7uf/top_cdc_vaccine_adviser_questions_need_for_polio/,121,0,57,0,,"{'likes': 121, 'reposts': 0, 'quotes': 0}",1qke7uf,1qke7uf,reddit_multi_separate_files_v1
reddit,reddit,reddit_post,aq9i8,mom0nga,1ql0hfe,politics,2026-01-23T22:01:10.191181+00:00,2026-01-23T19:31:55+00:00,https://reddit.com/r/politics/comments/1ql0hfe/bovino_on_detained_5yearold_boy_we_are_experts/,reddit.com,['https://external-preview.redd.it/-TzhzCWdEUo9O4DKqczw8o_tcGG8TJemf-9EE-SL8QU.jpeg?auto=webp&s=1f6a1c5fad696a77712e0b60157ec3861e8a76a0'],Bovino on detained 5-year-old boy: ‘We are experts with children’,,['No Paywall'],,,[],['r/politics'],https://reddit.com/r/politics/comments/1ql0hfe/bovino_on_detained_5yearold_boy_we_are_experts/,123,0,76,0,,"{'likes': 123, 'reposts': 0, 'quotes': 0}",1ql0hfe,1ql0hfe,reddit_multi_separate_files_v1
reddit,reddit,reddit_post,w1xcaj3v,yawara25,1qkb71h,politics,2026-01-23T22:01:10.534576+00:00,2026-01-23T00:03:19+00:00,https://reddit.com/r/politics/comments/1qkb71h/trump_once_again_floats_another_run_for_president/,reddit.com,['https://external-preview.redd.it/0ORv50qyVrClwA-znpUXSA0wfiXmNil7S_qyaq3z9B4.jpeg?auto=webp&s=d9f158186c87662f51c1242bd4d3d728512d126c'],Trump Once Again Floats Another Run for President,,['No Paywall'],,,[],['r/politics'],https://reddit.com/r/politics/comments/1qkb71h/trump_once_again_floats_another_run_for_president/,117,0,88,0,,"{'likes': 117, 'reposts': 0, 'quotes': 0}",1qkb71h,1qkb71h,reddit_multi_separate_files_v1
reddit,reddit,reddit_post,dpt0lmkd,NamelessResearcher,1qka3vo,politics,2026-01-23T22:01:10.889634+00:00,2026-01-22T23:18:23+00:00,https://reddit.com/r/politics/comments/1qka3vo/federal_judge_slams_dojs_attempt_to_intimidate/,reddit.com,['https://external-preview.redd.it/ibpCVZLO0oHBOWOrqlMG9_YFXIRJMCTgXt-zTZVbcpI.jpeg?auto=webp&s=0f67936c16d815530cb874f2883c56cabde26876'],"Federal judge slams DOJ's attempt to ""intimidate & harass"" trans patients & hospitals",,['No Paywall'],,,[],['r/politics'],https://reddit.com/r/politics/comments/1qka3vo/federal_judge_slams_dojs_attempt_to_intimidate/,120,0,10,0,,"{'likes': 120, 'reposts': 0, 'quotes': 0}",1qka3vo,1qka3vo,reddit_multi_separate_files_v1
reddit,reddit,reddit_post,omzcgrv9,Ok_Employer7837,1ql2kzp,politics,2026-01-23T22:01:11.234163+00:00,2026-01-23T20:51:21+00:00,https://reddit.com/r/politics/comments/1ql2kzp/humiliation_for_dhs_as_1000_ice_staffers_out/,reddit.com,['https://external-preview.redd.it/VmRuEyy9DValvce-PtTK_IjTnhuIGAKaOAW7D6O2ttA.jpeg?auto=webp&s=149c69ef0ba29adf08c723e34ef3090d0928389d'],"Humiliation for DHS as 1,000+ ICE Staffers Out Themselves Online",,['Possible Paywall'],,,[],['r/politics'],https://reddit.com/r/politics/comments/1ql2kzp/humiliation_for_dhs_as_1000_ice_staffers_out/,117,0,8,0,,"{'likes': 117, 'reposts': 0, 'quotes': 0}",1ql2kzp,1ql2kzp,reddit_multi_separate_files_v1
reddit,reddit,reddit_post,9uera5g,IWantPizza555,1qkzl8k,politics,2026-01-23T22:01:11.555355+00:00,2026-01-23T18:59:32+00:00,https://reddit.com/r/politics/comments/1qkzl8k/judge_dismisses_dojs_demand_to_hand_over_georgia/,reddit.com,['https://external-preview.redd.it/Utizka4a0Ko-sw0X9obGhRU-bppY7TOuYeon2kJxC0I.jpeg?auto=webp&s=a69d39274ca5b3a99e39090799041789fa8a25bf'],Judge dismisses DOJ’s demand to hand over Georgia voter information from 2020,,['No Paywall'],,,[],['r/politics'],https://reddit.com/r/politics/comments/1qkzl8k/judge_dismisses_dojs_demand_to_hand_over_georgia/,115,0,5,0,,"{'likes': 115, 'reposts': 0, 'quotes': 0}",1qkzl8k,1qkzl8k,reddit_multi_separate_files_v1
reddit,reddit,reddit_post,624kdlfn,MarcEElias,1ql1k0d,politics,2026-01-23T22:01:11.872067+00:00,2026-01-23T20:11:53+00:00,https://reddit.com/r/politics/comments/1ql1k0d/utah_reviewed_its_voter_rolls_for_noncitizens_it/,reddit.com,['https://external-preview.redd.it/LBl8yWcB1W1tPxfYcRNBFTXsc74HlteVQosdkO1Y5Oc.jpeg?auto=webp&s=54ba020b2e7b7aaada1fd9da04d69c87ce6d2e3a'],Utah reviewed its voter rolls for noncitizens. It found one. Who never voted,,['No Paywall'],,,[],['r/politics'],https://reddit.com/r/politics/comments/1ql1k0d/utah_reviewed_its_voter_rolls_for_noncitizens_it/,114,0,18,0,,"{'likes': 114, 'reposts': 0, 'quotes': 0}",1ql1k0d,1ql1k0d,reddit_multi_separate_files_v1
reddit,reddit,reddit_post,1nikwmzqvr,rezwenn,1qkmxyk,politics,2026-01-23T22:01:12.198278+00:00,2026-01-23T10:04:14+00:00,https://reddit.com/r/politics/comments/1qkmxyk/why_conservatives_defend_ice/,reddit.com,['https://external-preview.redd.it/mRH5EjvjnnCTgoKbr6p1JnFwAeNxtx_Vmlvjo6vqa3I.jpeg?auto=webp&s=181697971be93f65f31f52a32b512d2948ee98af'],Why Conservatives Defend ICE,,[],,,[],['r/politics'],https://reddit.com/r/politics/comments/1qkmxyk/why_conservatives_defend_ice/,113,0,131,0,,"{'likes': 113, 'reposts': 0, 'quotes': 0}",1qkmxyk,1qkmxyk,reddit_multi_separate_files_v1
reddit,reddit,reddit_post,1hreapwrno,Dry-Stain,1qkqerj,politics,2026-01-23T22:01:13.267603+00:00,2026-01-23T13:11:07+00:00,https://reddit.com/r/politics/comments/1qkqerj/trump_threatens_pollsters_after_new_york_times/,reddit.com,[],Trump threatens pollsters after New York Times survey shows sagging disapproval,,['Possible Paywall'],,,[],['r/politics'],https://reddit.com/r/politics/comments/1qkqerj/trump_threatens_pollsters_after_new_york_times/,106,0,33,0,,"{'likes': 106, 'reposts': 0, 'quotes': 0}",1qkqerj,1qkqerj,reddit_multi_separate_files_v1
reddit,reddit,reddit_post,jbdup698,Movie-Kino,1qklqei,politics,2026-01-23T22:01:14.386813+00:00,2026-01-23T08:48:38+00:00,https://reddit.com/r/politics/comments/1qklqei/relations_with_us_have_taken_big_blow_says_eu/,reddit.com,['https://external-preview.redd.it/b9C8bJjb2RM0mHjnVkqon-Zk7vO3hz7y4CVvNdZSlsM.jpeg?auto=webp&s=292ac516e48ac8a9d53eb1594d94e297a3faff54'],"Relations with US have taken ‘big blow’, says EU foreign policy chief | European Union",,['No Paywall'],,,[],['r/politics'],https://reddit.com/r/politics/comments/1qklqei/relations_with_us_have_taken_big_blow_says_eu/,107,0,22,0,,"{'likes': 107, 'reposts': 0, 'quotes': 0}",1qklqei,1qklqei,reddit_multi_separate_files_v1
reddit,reddit,reddit_post,lesos,jmmcc02021,1qk89h0,politics,2026-01-23T22:01:14.711711+00:00,2026-01-22T22:03:00+00:00,https://reddit.com/r/politics/comments/1qk89h0/denmark_and_greenland_say_sovereignty_is_not/,reddit.com,['https://external-preview.redd.it/jlv7KSHi3IaNx6kfdK_W6SXzoAYUmN-brgoPFjUOvoo.jpeg?auto=webp&s=6c62dc26ea0943143df86206e6f337ed0663a379'],Denmark and Greenland say sovereignty is not negotiable after Trump’s reversal on tariffs,,['No Paywall'],,,[],['r/politics'],https://reddit.com/r/politics/comments/1qk89h0/denmark_and_greenland_say_sovereignty_is_not/,105,0,18,0,,"{'likes': 105, 'reposts': 0, 'quotes': 0}",1qk89h0,1qk89h0,reddit_multi_separate_files_v1
reddit,reddit,reddit_post,z3p640j,Ydeas,1qki4id,politics,2026-01-23T22:01:15.044691+00:00,2026-01-23T05:18:44+00:00,https://reddit.com/r/politics/comments/1qki4id/us_officially_exits_world_health_organization/,reddit.com,['https://external-preview.redd.it/QsFkKTB7d3pRgFjYPBxCLqeFKQqN51RlxUV8GrLUNmQ.jpeg?auto=webp&s=c5e7e4bfb2fa08dadc09845edb7c2f6cc91717da'],"US officially exits World Health Organization, accusing agency of straying 'from its core mission'",,['No Paywall'],,,[],['r/politics'],https://reddit.com/r/politics/comments/1qki4id/us_officially_exits_world_health_organization/,105,0,42,0,,"{'likes': 105, 'reposts': 0, 'quotes': 0}",1qki4id,1qki4id,reddit_multi_separate_files_v1
reddit,reddit,reddit_post,7xoqhn2s,newyorkmagazine,1qksith,politics,2026-01-23T22:01:16.011244+00:00,2026-01-23T14:39:12+00:00,https://reddit.com/r/politics/comments/1qksith/the_people_vs_ice/,reddit.com,['https://external-preview.redd.it/10UzXM5TQz5e-TaFXGwsi829fUC2bWmXzxdKq6v_umw.jpeg?auto=webp&s=c4ac8e4d62cb5ace034d6effa34cfba6da3134dd'],The People vs. ICE,,['Paywall'],,,[],['r/politics'],https://reddit.com/r/politics/comments/1qksith/the_people_vs_ice/,104,0,8,0,,"{'likes': 104, 'reposts': 0, 'quotes': 0}",1qksith,1qksith,reddit_multi_separate_files_v1
reddit,reddit,reddit_post,68la5wao,ChiGuy6124,1qkx7vx,politics,2026-01-23T22:01:16.566138+00:00,2026-01-23T17:33:39+00:00,https://reddit.com/r/politics/comments/1qkx7vx/donald_trump_lurches_further_into_delusion_on_the/,reddit.com,['https://external-preview.redd.it/tO4k4xOMiTzOBZkVfSF31udUHGrWKjipZflVMO1ax10.jpeg?auto=webp&s=6cc04e29955e117b90c7a9ee3e8ba3bf389791d2'],Donald Trump lurches further into delusion on the world stage,,['No Paywall'],,,[],['r/politics'],https://reddit.com/r/politics/comments/1qkx7vx/donald_trump_lurches_further_into_delusion_on_the/,101,0,19,0,,"{'likes': 101, 'reposts': 0, 'quotes': 0}",1qkx7vx,1qkx7vx,reddit_multi_separate_files_v1
reddit,reddit,reddit_post,8vqadgoi,ElectoralNerd,1qkdczo,politics,2026-01-23T22:01:16.909434+00:00,2026-01-23T01:38:21+00:00,https://reddit.com/r/politics/comments/1qkdczo/trump_just_unleashed_his_angriest_social_media/,reddit.com,['https://external-preview.redd.it/uisDGSZUSeO82_rFJsJLe5LaQ0XsNmwHPQZ-8nNDqo4.jpeg?auto=webp&s=36fedf2ea0f10458c07046cda8c2ff2b679ff1b7'],Trump just unleashed his angriest social media rant yet about approval numbers,,['Possible Paywall'],,,[],['r/politics'],https://reddit.com/r/politics/comments/1qkdczo/trump_just_unleashed_his_angriest_social_media/,100,0,68,0,,"{'likes': 100, 'reposts': 0, 'quotes': 0}",1qkdczo,1qkdczo,reddit_multi_separate_files_v1
reddit,reddit,reddit_post,8spjttn6,MetaKnowing,1qkvi7a,politics,2026-01-23T22:01:17.640256+00:00,2026-01-23T16:31:26+00:00,https://reddit.com/r/politics/comments/1qkvi7a/paris_hilton_joins_aoc_in_fight_against_ai_porn/,reddit.com,['https://external-preview.redd.it/1BMti_2burFrK4h-Ci52GZylzJ6PjPeahqljZyuMdXI.jpeg?auto=webp&s=152ef2c33925848c57848603991956d2242b01bb'],Paris Hilton joins AOC in fight against AI porn,,['Possible Paywall'],,,[],['r/politics'],https://reddit.com/r/politics/comments/1qkvi7a/paris_hilton_joins_aoc_in_fight_against_ai_porn/,99,0,17,0,,"{'likes': 99, 'reposts': 0, 'quotes': 0}",1qkvi7a,1qkvi7a,reddit_multi_separate_files_v1
reddit,reddit,reddit_post,ipqi1,Infidel8,1qk9owv,politics,2026-01-23T22:01:17.956856+00:00,2026-01-22T23:01:31+00:00,https://reddit.com/r/politics/comments/1qk9owv/trump_administration_targets_14_blue_states_with/,reddit.com,['https://external-preview.redd.it/YWn5jDelQVoV7PYiY9ztMZufeLgExH48KY5GWsceyLk.jpeg?auto=webp&s=67154dea5b491edfe8afcd42397cb245bf5541da'],Trump administration targets 14 blue states with sweeping federal funding review,,['Possible Paywall'],,,[],['r/politics'],https://reddit.com/r/politics/comments/1qk9owv/trump_administration_targets_14_blue_states_with/,94,0,12,0,,"{'likes': 94, 'reposts': 0, 'quotes': 0}",1qk9owv,1qk9owv,reddit_multi_separate_files_v1
reddit,reddit,reddit_post,csdpf,SquidFistHK,1qkugla,politics,2026-01-23T22:01:18.904942+00:00,2026-01-23T15:53:02+00:00,https://reddit.com/r/politics/comments/1qkugla/starmer_condemns_trump_for_diminishing_uks_war/,reddit.com,['https://external-preview.redd.it/bC8sbobhVABIt54c0qu37St65YUSz1RW9hFEGNk751Y.jpeg?auto=webp&s=1145343f2537230b938567c8cbf9e5c62303f58c'],Starmer condemns Trump for ‘diminishing’ UK’s war dead over false claims on Afghanistan,,['No Paywall'],,,[],['r/politics'],https://reddit.com/r/politics/comments/1qkugla/starmer_condemns_trump_for_diminishing_uks_war/,91,0,19,0,,"{'likes': 91, 'reposts': 0, 'quotes': 0}",1qkugla,1qkugla,reddit_multi_separate_files_v1
reddit,reddit,reddit_post,w6tyzg2s,RollSafer,1qkvqm4,politics,2026-01-23T22:01:19.452372+00:00,2026-01-23T16:40:02+00:00,https://reddit.com/r/politics/comments/1qkvqm4/trump_administration_urges_supreme_court_to_find/,reddit.com,['https://external-preview.redd.it/piR1NvZZuW8tngy36dWxZ3mACW1dFRTNoh07OfsbV0E.jpeg?auto=webp&s=2d2ca703604bd3bd82b53bcd32a1317255d1f434'],Trump administration urges Supreme Court to find California’s redistricting map unconstitutional,,['No Paywall'],,,[],['r/politics'],https://reddit.com/r/politics/comments/1qkvqm4/trump_administration_urges_supreme_court_to_find/,87,0,39,0,,"{'likes': 87, 'reposts': 0, 'quotes': 0}",1qkvqm4,1qkvqm4,reddit_multi_separate_files_v1
reddit,reddit,reddit_post,vorb535m,cnn,1qk9gwo,politics,2026-01-23T22:01:19.807132+00:00,2026-01-22T22:52:39+00:00,https://reddit.com/r/politics/comments/1qk9gwo/pelosi_privately_blasts_democrats_for_vote_to/,reddit.com,['https://external-preview.redd.it/XbhCcB2GXYodlrzHFkAXJH_PFqLwuvpgDbUxAJuWdT0.jpeg?auto=webp&s=06b549e6e644ea7b26de52142ea41129b93cf4b9'],Pelosi privately blasts Democrats for vote to hold Clintons in contempt in Epstein probe,,['Possible Paywall'],,,[],['r/politics'],https://reddit.com/r/politics/comments/1qk9gwo/pelosi_privately_blasts_democrats_for_vote_to/,87,0,31,0,,"{'likes': 87, 'reposts': 0, 'quotes': 0}",1qk9gwo,1qk9gwo,reddit_multi_separate_files_v1
reddit,reddit,reddit_post,dz54148i,Hrmbee,1qksll8,politics,2026-01-23T22:01:20.554958+00:00,2026-01-23T14:42:18+00:00,https://reddit.com/r/politics/comments/1qksll8/legislators_push_to_make_companies_tell_customers/,reddit.com,['https://external-preview.redd.it/XiNY8JOEb6Qx3NRI_InyA-MlZ51RNIbL_zMx-kCTnMw.jpeg?auto=webp&s=7fb8b28b87a231c9775f53a274f61c589d5466e4'],Legislators Push to Make Companies Tell Customers When Their Products Will Die | A pair of bills in Massachusetts would require manufacturers to tell consumers when their connected gadgets are going dark. It should be a boon for cybersecurity as connected devices grow obselete,,['Possible Paywall'],,,[],['r/politics'],https://reddit.com/r/politics/comments/1qksll8/legislators_push_to_make_companies_tell_customers/,83,0,9,0,,"{'likes': 83, 'reposts': 0, 'quotes': 0}",1qksll8,1qksll8,reddit_multi_separate_files_v1
reddit,reddit,reddit_post,b1zxy,aleph32,1qke605,politics,2026-01-23T22:01:20.908791+00:00,2026-01-23T02:14:17+00:00,https://reddit.com/r/politics/comments/1qke605/utah_continues_to_ban_more_books_even_as_it_racks/,reddit.com,['https://external-preview.redd.it/QdCWJLZtSx1Ly9Z2yTbDMgT5dhGTgi8syC6l1SyLf7U.png?auto=webp&s=e7fa1863ce18b48fcaee0e360c9f8073c0381bb9'],"Utah Continues To Ban More Books, Even As It Racks Up More Lawsuits",,['No Paywall'],,,[],['r/politics'],https://reddit.com/r/politics/comments/1qke605/utah_continues_to_ban_more_books_even_as_it_racks/,85,0,4,0,,"{'likes': 85, 'reposts': 0, 'quotes': 0}",1qke605,1qke605,reddit_multi_separate_files_v1
reddit,reddit,reddit_post,yjyfc,Stauce52,1qkcdj2,politics,2026-01-23T22:01:22.490906+00:00,2026-01-23T00:54:13+00:00,https://reddit.com/r/politics/comments/1qkcdj2/philadelphia_slavery_exhibits_at_presidents_house/,reddit.com,[],Philadelphia slavery exhibits at President's House removed after Trump administration directive,,['No Paywall'],,,[],['r/politics'],https://reddit.com/r/politics/comments/1qkcdj2/philadelphia_slavery_exhibits_at_presidents_house/,86,0,9,0,,"{'likes': 86, 'reposts': 0, 'quotes': 0}",1qkcdj2,1qkcdj2,reddit_multi_separate_files_v1
reddit,reddit,reddit_post,2s1384em,propublica_,1qku110,politics,2026-01-23T22:01:22.823505+00:00,2026-01-23T15:36:40+00:00,https://reddit.com/r/politics/comments/1qku110/complaint_accuses_trumps_criminal_attorney_of/,reddit.com,['https://external-preview.redd.it/Abi1ijw6aJDYgO1a1BJEl1GCTDK1rMnn13ggYTi-fEU.jpeg?auto=webp&s=e794c5bf1cc35e2bc59765a2d467910973833f8f'],Complaint Accuses Trump’s Criminal Attorney of “Blatant” Crypto Conflict in His Role at DOJ,,['No Paywall'],,,[],['r/politics'],https://reddit.com/r/politics/comments/1qku110/complaint_accuses_trumps_criminal_attorney_of/,86,0,6,0,,"{'likes': 86, 'reposts': 0, 'quotes': 0}",1qku110,1qku110,reddit_multi_separate_files_v1
reddit,reddit,reddit_post,1q6x3e2rds,Fickle-Ad5449,1ql2lvf,politics,2026-01-23T22:01:23.550695+00:00,2026-01-23T20:52:19+00:00,https://reddit.com/r/politics/comments/1ql2lvf/jd_vance_rages_about_radical_gender_ideology/,reddit.com,['https://external-preview.redd.it/T5hU-5HWOqHTMoLYZK_eX6cLt2XpdG7Y65E5JjWtEMg.jpeg?auto=webp&s=d431a62e53eb809f7c5b6fb307a95eafb8187722'],JD Vance rages about ‘radical gender ideology’ while white supremacists march along National Mall,,['No Paywall'],,,[],['r/politics'],https://reddit.com/r/politics/comments/1ql2lvf/jd_vance_rages_about_radical_gender_ideology/,83,0,13,0,,"{'likes': 83, 'reposts': 0, 'quotes': 0}",1ql2lvf,1ql2lvf,reddit_multi_separate_files_v1
reddit,reddit,reddit_post,8njgmjuo,Zipper222222,1qkpxzd,politics,2026-01-23T22:01:23.873723+00:00,2026-01-23T12:50:02+00:00,https://reddit.com/r/politics/comments/1qkpxzd/trump_says_he_bruised_his_hand_on_a_table/,reddit.com,['https://external-preview.redd.it/UGsRYpLWyPebfxTwmKwHDWpRkXwYePbsemX6WcD3daA.jpeg?auto=webp&s=daa49ff3cea117c16bb4b80dc376ef76a8f0b8d4'],Trump Says He Bruised His Hand on a Table,,['Possible Paywall'],,,[],['r/politics'],https://reddit.com/r/politics/comments/1qkpxzd/trump_says_he_bruised_his_hand_on_a_table/,80,0,177,0,,"{'likes': 80, 'reposts': 0, 'quotes': 0}",1qkpxzd,1qkpxzd,reddit_multi_separate_files_v1
reddit,reddit,reddit_post,8umxxbw,aslan_is_on_the_move,1qkvqf3,politics,2026-01-23T22:01:24.827737+00:00,2026-01-23T16:39:49+00:00,https://reddit.com/r/politics/comments/1qkvqf3/the_us_is_on_the_verge_of_losing_its_measles/,reddit.com,['https://external-preview.redd.it/mnN8D4VGKvO3YicJbp72NA1umz3-yw57rLXoSYE6X0A.jpeg?auto=webp&s=9fdfd060915b587e9ab0bb8286e9ee5046882833'],The US Is On The Verge Of Losing Its Measles Elimination Status,,['No Paywall'],,,[],['r/politics'],https://reddit.com/r/politics/comments/1qkvqf3/the_us_is_on_the_verge_of_losing_its_measles/,77,0,10,0,,"{'likes': 77, 'reposts': 0, 'quotes': 0}",1qkvqf3,1qkvqf3,reddit_multi_separate_files_v1
reddit,reddit,reddit_post,87gas04rx,newyorker,1qksh43,politics,2026-01-23T22:01:25.374888+00:00,2026-01-23T14:37:16+00:00,https://reddit.com/r/politics/comments/1qksh43/its_time_to_talk_about_donald_trumps_logorrhea/,reddit.com,['https://external-preview.redd.it/NA_Uqu6XG3rJgF-RdDcmpLoyDm9Z-4Ndg3BhPZWkZAI.jpeg?auto=webp&s=fdcbbb6d7e1da8617956eab4cb6d647ac679383a'],It’s Time to Talk About Donald Trump’s Logorrhea,,['Possible Paywall'],,,[],['r/politics'],https://reddit.com/r/politics/comments/1qksh43/its_time_to_talk_about_donald_trumps_logorrhea/,82,0,28,0,,"{'likes': 82, 'reposts': 0, 'quotes': 0}",1qksh43,1qksh43,reddit_multi_separate_files_v1
reddit,reddit,reddit_post,35fk2,Quirkie,1ql00ed,politics,2026-01-23T22:01:25.727054+00:00,2026-01-23T19:14:35+00:00,https://reddit.com/r/politics/comments/1ql00ed/trump_faces_furious_backlash_after_fresh_insult/,reddit.com,['https://external-preview.redd.it/RpbvOz0QbUIZwMjm6hRxHqOAlOuuq705Ch1aeAeHRDI.jpeg?auto=webp&s=d57a8436df175b677834a7ff4c4d54841b864862'],Trump Faces Furious Backlash After Fresh Insult to Fallen Soldiers - The president questioned the commitment of troops who died fighting in Afghanistan.,,['Possible Paywall'],,,[],['r/politics'],https://reddit.com/r/politics/comments/1ql00ed/trump_faces_furious_backlash_after_fresh_insult/,78,0,9,0,,"{'likes': 78, 'reposts': 0, 'quotes': 0}",1ql00ed,1ql00ed,reddit_multi_separate_files_v1
reddit,reddit,reddit_post,1x7gx5tafa,growin60sec,1ql1o5h,politics,2026-01-23T22:01:26.482805+00:00,2026-01-23T20:16:12+00:00,https://reddit.com/r/politics/comments/1ql1o5h/biggest_us_ally_explodes_at_trump_over_appalling/,reddit.com,['https://external-preview.redd.it/lc_vBjJfgKL9zl74I36V03Z7-OJwojESGC9jwFgsglI.jpeg?auto=webp&s=f6404b0c547ccf7f3acb2c81a494301d0906a46f'],Biggest U.S. Ally Explodes at Trump Over ‘Appalling’ Lie,,['Possible Paywall'],,,[],['r/politics'],https://reddit.com/r/politics/comments/1ql1o5h/biggest_us_ally_explodes_at_trump_over_appalling/,77,0,33,0,,"{'likes': 77, 'reposts': 0, 'quotes': 0}",1ql1o5h,1ql1o5h,reddit_multi_separate_files_v1
reddit,reddit,reddit_post,d0jzz,Pineapple__Jews,1qkviqs,politics,2026-01-23T22:01:26.841634+00:00,2026-01-23T16:31:57+00:00,https://reddit.com/r/politics/comments/1qkviqs/ice_arrest_of_a_citizen_barely_dressed_sows_fear/,reddit.com,['https://external-preview.redd.it/FV-esk295F5pFfACY-ZhE9_1Su5rvUEgDAP8Y9iQZj0.jpeg?auto=webp&s=10d20d8426c386773b7c2e1d8dd7a16d39eb66d6'],"ICE Arrest of a Citizen, Barely Dressed, Sows Fear in Twin Cities",,['Possible Paywall'],,,[],['r/politics'],https://reddit.com/r/politics/comments/1qkviqs/ice_arrest_of_a_citizen_barely_dressed_sows_fear/,74,0,3,0,,"{'likes': 74, 'reposts': 0, 'quotes': 0}",1qkviqs,1qkviqs,reddit_multi_separate_files_v1
reddit,reddit,reddit_post,7z4ip,aspen0414,1qks32k,politics,2026-01-23T22:01:27.795916+00:00,2026-01-23T14:21:39+00:00,https://reddit.com/r/politics/comments/1qks32k/trump_cant_tolerate_peace_and_quiet/,reddit.com,['https://external-preview.redd.it/NCE001_nBIa6XGq5dgpW5qwfJKwUkidIMhCuYjnZ-2E.jpeg?auto=webp&s=ca9298286b6150029badcf2eb05d72523a922314'],Trump Can’t Tolerate Peace and Quiet,,['Paywall'],,,[],['r/politics'],https://reddit.com/r/politics/comments/1qks32k/trump_cant_tolerate_peace_and_quiet/,72,0,29,0,,"{'likes': 72, 'reposts': 0, 'quotes': 0}",1qks32k,1qks32k,reddit_multi_separate_files_v1
reddit,reddit,reddit_post,100up3,HooverInstitution,1qkc48m,politics,2026-01-23T22:01:29.201373+00:00,2026-01-23T00:42:45+00:00,https://reddit.com/r/politics/comments/1qkc48m/can_ice_enter_a_home_to_make_an_arrest_with_only/,reddit.com,[],Can ICE Enter a Home To Make an Arrest With Only an Administrative Warrant?,,['No Paywall'],,,[],['r/politics'],https://reddit.com/r/politics/comments/1qkc48m/can_ice_enter_a_home_to_make_an_arrest_with_only/,75,0,55,0,,"{'likes': 75, 'reposts': 0, 'quotes': 0}",1qkc48m,1qkc48m,reddit_multi_separate_files_v1
reddit,reddit,reddit_post,8lemz,Large_banana_hammock,1qkvv05,politics,2026-01-23T22:01:29.945710+00:00,2026-01-23T16:44:26+00:00,https://reddit.com/r/politics/comments/1qkvv05/honduran_man_who_died_in_ice_custody_told_his/,reddit.com,['https://external-preview.redd.it/H3a_W6AlkrTbZgqyXwlZMa4Uy9KU21iwbABK0YKbqII.jpeg?auto=webp&s=47a064a68522ebe218ce4e4e45edf3be47501353'],Honduran Man Who Died in ICE Custody Told His Family He’d Felt Ill for Weeks,,['No Paywall'],,,[],['r/politics'],https://reddit.com/r/politics/comments/1qkvv05/honduran_man_who_died_in_ice_custody_told_his/,72,0,2,0,,"{'likes': 72, 'reposts': 0, 'quotes': 0}",1qkvv05,1qkvv05,reddit_multi_separate_files_v1
reddit,reddit,reddit_post,5k564c0a,itsgoodpain,1qky7q6,politics,2026-01-23T22:01:30.822988+00:00,2026-01-23T18:09:43+00:00,https://reddit.com/r/politics/comments/1qky7q6/vaccine_panel_chair_says_polio_and_other_shots/,reddit.com,[],"Vaccine Panel Chair Says Polio and Other Shots Should Be Optional, Rejecting Decades of Science",,['Possible Paywall'],,,[],['r/politics'],https://reddit.com/r/politics/comments/1qky7q6/vaccine_panel_chair_says_polio_and_other_shots/,72,0,37,0,,"{'likes': 72, 'reposts': 0, 'quotes': 0}",1qky7q6,1qky7q6,reddit_multi_separate_files_v1
reddit,reddit,reddit_post,muicc,coasterghost,1qk9am5,politics,2026-01-23T22:01:31.366256+00:00,2026-01-22T22:45:48+00:00,https://reddit.com/r/politics/comments/1qk9am5/house_republicans_barely_defeat_war_powers/,reddit.com,['https://external-preview.redd.it/uVZxupPekDcL3MQZ8ElFrdaNJCgX8z7bgTtYWg8DxYQ.jpeg?auto=webp&s=564fc463d52803f3fcd4dc712d3e8768e63db0e0'],House Republicans barely defeat war powers resolution to check Trump’s military action in Venezuela,,['No Paywall'],,,[],['r/politics'],https://reddit.com/r/politics/comments/1qk9am5/house_republicans_barely_defeat_war_powers/,69,0,11,0,,"{'likes': 69, 'reposts': 0, 'quotes': 0}",1qk9am5,1qk9am5,reddit_multi_separate_files_v1
reddit,reddit,reddit_post,6qmqilzh,Oleg101,1qkxro8,politics,2026-01-23T22:01:31.720390+00:00,2026-01-23T17:53:54+00:00,https://reddit.com/r/politics/comments/1qkxro8/kash_patel_launches_fresh_purge_at_fbi_over_trump/,reddit.com,['https://external-preview.redd.it/2fTfesLiGEc22-awaaTMITnkMnYDkCDNxTxvgXHxtwQ.jpeg?auto=webp&s=2e018de50e59072bcf6b342cf2e52566bcfa7b0b'],Kash Patel Launches Fresh Purge at FBI Over Trump Probes,,['Possible Paywall'],,,[],['r/politics'],https://reddit.com/r/politics/comments/1qkxro8/kash_patel_launches_fresh_purge_at_fbi_over_trump/,68,0,22,0,,"{'likes': 68, 'reposts': 0, 'quotes': 0}",1qkxro8,1qkxro8,reddit_multi_separate_files_v1
reddit,reddit,reddit_post,2u9gyl4l,GregWilson23,1qkoid6,politics,2026-01-23T22:01:32.465603+00:00,2026-01-23T11:37:08+00:00,https://reddit.com/r/politics/comments/1qkoid6/us_completes_withdrawal_from_world_health/,reddit.com,['https://external-preview.redd.it/tiRGtXIMgDeJWk9isFJP4QjqRBFsL_1Lzvkp1YN5R34.jpeg?auto=webp&s=a30991dcb51b0b28307af72198dc8a700f998d44'],US completes withdrawal from World Health Organization,,['No Paywall'],,,[],['r/politics'],https://reddit.com/r/politics/comments/1qkoid6/us_completes_withdrawal_from_world_health/,67,0,35,0,,"{'likes': 67, 'reposts': 0, 'quotes': 0}",1qkoid6,1qkoid6,reddit_multi_separate_files_v1
reddit,reddit,reddit_post,rl2vi,bwermer,1qk9ge0,politics,2026-01-23T22:01:32.817629+00:00,2026-01-22T22:52:04+00:00,https://reddit.com/r/politics/comments/1qk9ge0/michigans_governor_fears_interference_in_this/,reddit.com,['https://external-preview.redd.it/o8jj975AQ-ixdLep0QMu0kwgvSdsTZHLVNo-MmIhaYY.jpeg?auto=webp&s=e4ebc0447d9eca63f92bc94c4ab0ba9d4601ace2'],Michigan’s Governor Fears Interference in this Fall's Elections,,['No Paywall'],,,[],['r/politics'],https://reddit.com/r/politics/comments/1qk9ge0/michigans_governor_fears_interference_in_this/,64,0,11,0,,"{'likes': 64, 'reposts': 0, 'quotes': 0}",1qk9ge0,1qk9ge0,reddit_multi_separate_files_v1
reddit,reddit,reddit_post,4qiy0ocu,Gargoyle69wart,1qkxy6r,politics,2026-01-23T22:01:33.766361+00:00,2026-01-23T18:00:19+00:00,https://reddit.com/r/politics/comments/1qkxy6r/slavery_displays_removed_from_philadelphia/,reddit.com,['https://external-preview.redd.it/pHxMGniKDO89qoR8eBufV-K71t6wDcrsvJmZSzrPEe4.jpeg?auto=webp&s=1adfacd676f10ff53a61aab9fd155f9a381520b9'],Slavery displays removed from Philadelphia historical site after Trump directive,,['No Paywall'],,,[],['r/politics'],https://reddit.com/r/politics/comments/1qkxy6r/slavery_displays_removed_from_philadelphia/,65,0,19,0,,"{'likes': 65, 'reposts': 0, 'quotes': 0}",1qkxy6r,1qkxy6r,reddit_multi_separate_files_v1
reddit,reddit,reddit_post,67df5,likeastar20,1qkxpzy,politics,2026-01-23T22:01:34.313987+00:00,2026-01-23T17:52:12+00:00,https://reddit.com/r/politics/comments/1qkxpzy/trump_says_the_big_us_winter_storm_is_proof_of/,reddit.com,['https://external-preview.redd.it/wuQ9LxfwmRJHpI3LC7LvYsdOkE5ucbsw9Xed-KHaHZE.jpeg?auto=webp&s=5dcedc2cc7db85c58fea9d439f78a23b0f7205b5'],Trump says the big US winter storm is proof of climate hoax,,['No Paywall'],,,[],['r/politics'],https://reddit.com/r/politics/comments/1qkxpzy/trump_says_the_big_us_winter_storm_is_proof_of/,64,0,78,0,,"{'likes': 64, 'reposts': 0, 'quotes': 0}",1qkxpzy,1qkxpzy,reddit_multi_separate_files_v1
reddit,reddit,reddit_post,w06s1fcm,rollingstone,1qkt5n0,politics,2026-01-23T22:01:34.671127+00:00,2026-01-23T15:03:28+00:00,https://reddit.com/r/politics/comments/1qkt5n0/clicks_and_pr_the_perversion_of_the_doj_civil/,reddit.com,['https://external-preview.redd.it/P3aLegpsADAwiKPcMEPpLl2v9DAAyzYWhV6-ke1hH3Y.jpeg?auto=webp&s=56eefa55a1310443af2d663e0bc800a87a1df370'],‘Clicks and PR’: The Perversion of the DOJ Civil Rights Division Under Trump,,['Possible Paywall'],,,[],['r/politics'],https://reddit.com/r/politics/comments/1qkt5n0/clicks_and_pr_the_perversion_of_the_doj_civil/,64,0,4,0,,"{'likes': 64, 'reposts': 0, 'quotes': 0}",1qkt5n0,1qkt5n0,reddit_multi_separate_files_v1
reddit,reddit,reddit_post,67df5,likeastar20,1qkjpsu,politics,2026-01-23T22:01:35.411164+00:00,2026-01-23T06:44:27+00:00,https://reddit.com/r/politics/comments/1qkjpsu/trump_takes_shot_at_nato_says_us_should_have/,reddit.com,['https://external-preview.redd.it/y_fkVMv753IOyRtSQdsulxFcAHyXOC-mmy0bthyk4HY.jpeg?auto=webp&s=2f79557962d729ea48dfdf4a00b720cdde021285'],"Trump takes shot at NATO, says US should have invoked Article 5 ‘test’ for border",,['No Paywall'],,,[],['r/politics'],https://reddit.com/r/politics/comments/1qkjpsu/trump_takes_shot_at_nato_says_us_should_have/,66,0,83,0,,"{'likes': 66, 'reposts': 0, 'quotes': 0}",1qkjpsu,1qkjpsu,reddit_multi_separate_files_v1
reddit,reddit,reddit_post,7owm6,shelbys_foot,1ql3o8a,politics,2026-01-23T22:01:35.757817+00:00,2026-01-23T21:33:01+00:00,https://reddit.com/r/politics/comments/1ql3o8a/trump_privately_frustrated_that_he_risks_losing/,reddit.com,['https://external-preview.redd.it/nSy53vVEW5A9jJX7vosYRyROyHsWlKrtjcFszNVKjDU.jpeg?auto=webp&s=2b7b44fd0a7988f946f8057d73586386a0ea2a4d'],Trump privately frustrated that he risks losing control of immigration message amid Minnesota chaos,,['Possible Paywall'],,,[],['r/politics'],https://reddit.com/r/politics/comments/1ql3o8a/trump_privately_frustrated_that_he_risks_losing/,65,0,31,0,,"{'likes': 65, 'reposts': 0, 'quotes': 0}",1ql3o8a,1ql3o8a,reddit_multi_separate_files_v1
reddit,reddit,reddit_post,572fplp9p,19thnews,1qk8yi4,politics,2026-01-23T22:01:36.713260+00:00,2026-01-22T22:30:12+00:00,https://reddit.com/r/politics/comments/1qk8yi4/they_sold_my_pain_for_clicks_paris_hilton_urges/,reddit.com,['https://external-preview.redd.it/Rdh3fk-KCMh3-IM3-MNaFcI_RPdvFZIHdk-EAEQhvhI.jpeg?auto=webp&s=d903bc8207236f2763973f055c25527d52c63ff0'],‘They sold my pain for clicks’: Paris Hilton urges lawmakers to act on nonconsensual deepfakes,,['No Paywall'],,,[],['r/politics'],https://reddit.com/r/politics/comments/1qk8yi4/they_sold_my_pain_for_clicks_paris_hilton_urges/,62,0,15,0,,"{'likes': 62, 'reposts': 0, 'quotes': 0}",1qk8yi4,1qk8yi4,reddit_multi_separate_files_v1
reddit,reddit,reddit_post,1lpnzwgl,mlivesocial,1ql1wz5,politics,2026-01-23T22:01:37.257456+00:00,2026-01-23T20:25:38+00:00,https://reddit.com/r/politics/comments/1ql1wz5/michigan_ag_sues_big_oil_over_cartel_to_suppress/,reddit.com,['https://external-preview.redd.it/gytNOsrwjHyXX7AzNHuGDjwA8MUX7ZDHcIqSnuzM5j0.jpeg?auto=webp&s=79f1b4b1a82fe6832ba8db18688aa4a426d8110c'],"Michigan AG sues Big Oil over ‘cartel’ to suppress EVs, renewable energy",,['Possible Paywall'],,,[],['r/politics'],https://reddit.com/r/politics/comments/1ql1wz5/michigan_ag_sues_big_oil_over_cartel_to_suppress/,60,0,3,0,,"{'likes': 60, 'reposts': 0, 'quotes': 0}",1ql1wz5,1ql1wz5,reddit_multi_separate_files_v1
reddit,reddit,reddit_post,ba0snhoh,thenewrepublic,1ql162x,politics,2026-01-23T22:01:37.596676+00:00,2026-01-23T19:57:37+00:00,https://reddit.com/r/politics/comments/1ql162x/kristi_noems_alleged_boyfriend_is_back_to_run_dhs/,reddit.com,['https://external-preview.redd.it/mNxoBsY6wZbHNU5LSN-5FA3XFFAFkas6IaC6E7Ew2QE.jpeg?auto=webp&s=df48a6eb169fa8ec2315097125cd5186121badd1'],"Kristi Noem’s Alleged Boyfriend Is Back to Run DHS Behind the Scenes | Corey Lewandowski, who was just supposed to be a temp, is still at the Department of Homeland Security.",,['Possible Paywall'],,,[],['r/politics'],https://reddit.com/r/politics/comments/1ql162x/kristi_noems_alleged_boyfriend_is_back_to_run_dhs/,59,0,10,0,,"{'likes': 59, 'reposts': 0, 'quotes': 0}",1ql162x,1ql162x,reddit_multi_separate_files_v1
reddit,reddit,reddit_post,75bt1bxa,Imaginary-Ad-7919,1qkj70d,politics,2026-01-23T22:01:38.343929+00:00,2026-01-23T06:15:05+00:00,https://reddit.com/r/politics/comments/1qkj70d/trump_withdraws_canadas_invite_to_board_of_peace/,reddit.com,['https://external-preview.redd.it/38JGpVg_h4cKOcHLsZyn-Ctocj5eXPZ95B8jvDoabOQ.jpeg?auto=webp&s=424de3d811f3cd75204747c4289450bfb093d270'],Trump withdraws Canada's invite to 'Board of Peace'.,,[],,,[],['r/politics'],https://reddit.com/r/politics/comments/1qkj70d/trump_withdraws_canadas_invite_to_board_of_peace/,61,0,40,0,,"{'likes': 61, 'reposts': 0, 'quotes': 0}",1qkj70d,1qkj70d,reddit_multi_separate_files_v1
reddit,reddit,reddit_post,1q6x3e2rds,Fickle-Ad5449,1qk9l98,politics,2026-01-23T22:01:38.686779+00:00,2026-01-22T22:57:31+00:00,https://reddit.com/r/politics/comments/1qk9l98/skeptical_judges_grill_trump_government_lawyers/,reddit.com,['https://external-preview.redd.it/lyE3f_E-HGhwYKdjgKJTAbF06K-gVXhjfzNDHFj6uEA.jpeg?auto=webp&s=fc1fd549db7da5a831653340cf9886b9351811e1'],Skeptical judges grill Trump government lawyers on logic of ‘meaningless process’ in trans military ban,,['No Paywall'],,,[],['r/politics'],https://reddit.com/r/politics/comments/1qk9l98/skeptical_judges_grill_trump_government_lawyers/,59,0,2,0,,"{'likes': 59, 'reposts': 0, 'quotes': 0}",1qk9l98,1qk9l98,reddit_multi_separate_files_v1
reddit,reddit,reddit_post,jfh27y2c,Rock-n-roll-Kevin,1qk8g8n,politics,2026-01-23T22:01:39.634422+00:00,2026-01-22T22:10:22+00:00,https://reddit.com/r/politics/comments/1qk8g8n/house_amends_funding_package_to_repeal_law/,reddit.com,['https://external-preview.redd.it/moR-IyR6nFl4BAGnh4N0N5EPFXzA-1tKuBykZ1jcl4k.jpeg?auto=webp&s=6cc84c97250c0b14da877a1e1af8cbb435dda181'],"House amends funding package to repeal law allowing senators to sue for $500k, jamming upper chamber",,['No Paywall'],,,[],['r/politics'],https://reddit.com/r/politics/comments/1qk8g8n/house_amends_funding_package_to_repeal_law/,54,0,8,0,,"{'likes': 54, 'reposts': 0, 'quotes': 0}",1qk8g8n,1qk8g8n,reddit_multi_separate_files_v1
reddit,reddit,reddit_post,qkblr4l,SterlingVII,1ql2kyx,politics,2026-01-23T22:01:40.183380+00:00,2026-01-23T20:51:19+00:00,https://reddit.com/r/politics/comments/1ql2kyx/us_measles_cases_rise_to_416_spread_to_five_more/,reddit.com,['https://external-preview.redd.it/w5XyDhc5NGcqNRf7sN7voDRWOxK6hbhURaQbC3G8WW4.jpeg?auto=webp&s=bbf9f64035673b7f09737ab4a1af960b8c683353'],"US Measles Cases Rise to 416, Spread to Five More States",,['Possible Paywall'],,,[],['r/politics'],https://reddit.com/r/politics/comments/1ql2kyx/us_measles_cases_rise_to_416_spread_to_five_more/,56,0,12,0,,"{'likes': 56, 'reposts': 0, 'quotes': 0}",1ql2kyx,1ql2kyx,reddit_multi_separate_files_v1
reddit,reddit,reddit_post,6l0jj83s,tw1st3d_m3nt4t,1qku86l,politics,2026-01-23T22:01:41.321934+00:00,2026-01-23T15:44:22+00:00,https://reddit.com/r/politics/comments/1qku86l/trumps_paytoplay_politics_fuel_a_new_gilded_age/,reddit.com,['https://external-preview.redd.it/hu-X-8sUgsAAg2N94dylk4FWCtKRTXGiPxz4ow2_KUQ.jpeg?auto=webp&s=0cff7c523cab075adc41c5cc7fec569f150bb9ff'],"Trump’s ‘pay-to-play’ politics fuel a ‘new gilded age’, experts say",,['No Paywall'],,,[],['r/politics'],https://reddit.com/r/politics/comments/1qku86l/trumps_paytoplay_politics_fuel_a_new_gilded_age/,51,0,13,0,,"{'likes': 51, 'reposts': 0, 'quotes': 0}",1qku86l,1qku86l,reddit_multi_separate_files_v1
reddit,reddit,reddit_post,22rnsdkci2,NEWHIGHFLY,1qkrrxg,politics,2026-01-23T22:01:41.669473+00:00,2026-01-23T14:09:18+00:00,https://reddit.com/r/politics/comments/1qkrrxg/un_human_rights_chief_urges_us_to_uphold/,reddit.com,['https://external-preview.redd.it/ej5W0J4Q0JQFGBbnhp3l4EXhTM6v5vSeXEkWyp_TXns.jpeg?auto=webp&s=b84bbac0ca62969009c3d66e82c691ac385b9c49'],UN human rights chief urges US to uphold international law in immigration crackdown,,['Possible Paywall'],,,[],['r/politics'],https://reddit.com/r/politics/comments/1qkrrxg/un_human_rights_chief_urges_us_to_uphold/,53,0,9,0,,"{'likes': 53, 'reposts': 0, 'quotes': 0}",1qkrrxg,1qkrrxg,reddit_multi_separate_files_v1
reddit,reddit,reddit_post,11fp4t9e0c,theipaper,1qkmhne,politics,2026-01-23T22:01:42.024645+00:00,2026-01-23T09:35:59+00:00,https://reddit.com/r/politics/comments/1qkmhne/navy_seals_and_arctic_paratroopers_why_trumps/,reddit.com,['https://external-preview.redd.it/7Z8NzhuY0Cz2f5I_5EXDVy5d08zV4n7pnR5MWFH8K3k.jpeg?auto=webp&s=2b0e0b35c410c33f1479ebed167b69e2d92f5641'],Navy Seals and Arctic paratroopers — why Trump's invasion threat was very real,,['Possible Paywall'],,,[],['r/politics'],https://reddit.com/r/politics/comments/1qkmhne/navy_seals_and_arctic_paratroopers_why_trumps/,55,0,14,0,,"{'likes': 55, 'reposts': 0, 'quotes': 0}",1qkmhne,1qkmhne,reddit_multi_separate_files_v1
reddit,reddit,reddit_post,c3lgntbuo,GasIcy6382,1qklazn,politics,2026-01-23T22:01:42.974765+00:00,2026-01-23T08:21:39+00:00,https://reddit.com/r/politics/comments/1qklazn/us_officially_leaves_world_health_organization/,reddit.com,['https://external-preview.redd.it/t3P3okmIGthFpxjzpzPPhCzpZGubK8pgN0vuxLBasgg.jpeg?auto=webp&s=7514336081e34edc10ad1bfc37b9189492ba6ca2'],US officially leaves World Health Organization,,['No Paywall'],,,[],['r/politics'],https://reddit.com/r/politics/comments/1qklazn/us_officially_leaves_world_health_organization/,55,0,24,0,,"{'likes': 55, 'reposts': 0, 'quotes': 0}",1qklazn,1qklazn,reddit_multi_separate_files_v1
reddit,reddit,reddit_post,8349vwk0c,southernemper0r,1qkgfmv,politics,2026-01-23T22:01:43.518313+00:00,2026-01-23T03:57:42+00:00,https://reddit.com/r/politics/comments/1qkgfmv/us_completes_withdrawal_from_world_health/,reddit.com,['https://external-preview.redd.it/vQJYS0aQPOdW8JmksL-VSkoQ9TCboEOOSt5bSGuR1gA.jpeg?auto=webp&s=29a2397c7bbdd0697e23d5d08723749f2f237ed6'],US completes withdrawal from World Health Organization,,['No Paywall'],,,[],['r/politics'],https://reddit.com/r/politics/comments/1qkgfmv/us_completes_withdrawal_from_world_health/,54,0,35,0,,"{'likes': 54, 'reposts': 0, 'quotes': 0}",1qkgfmv,1qkgfmv,reddit_multi_separate_files_v1
reddit,reddit,reddit_post,1jervvlmmv,Tennis_bruh,1qkgciz,politics,2026-01-23T22:01:43.870159+00:00,2026-01-23T03:53:39+00:00,https://reddit.com/r/politics/comments/1qkgciz/trump_says_board_of_peace_is_withdrawing_its/,reddit.com,['https://external-preview.redd.it/QChAJ1tADITcgcwhBkJcjWmkUQgm7SKF9OZd6z0vFTI.jpeg?auto=webp&s=c9ab8ae3a1617cb5619722d3212e5bd04083436f'],Trump says Board of Peace is withdrawing its invite to Canada,,['No Paywall'],,,[],['r/politics'],https://reddit.com/r/politics/comments/1qkgciz/trump_says_board_of_peace_is_withdrawing_its/,57,0,92,0,,"{'likes': 57, 'reposts': 0, 'quotes': 0}",1qkgciz,1qkgciz,reddit_multi_separate_files_v1
reddit,reddit,reddit_post,vorb535m,cnn,1qk8nnb,politics,2026-01-23T22:01:44.619783+00:00,2026-01-22T22:18:22+00:00,https://reddit.com/r/politics/comments/1qk8nnb/trump_administration_completes_us_split_from_the/,reddit.com,['https://external-preview.redd.it/jzmxdaVrk3i5XmWKQ1ZWqdca2rPIcOKxqFFcU6q1PM4.jpeg?auto=webp&s=d2cfec4d5f3486b8d2f9737451206b38c1fc370f'],Trump administration completes US’ split from the World Health Organization,,['Possible Paywall'],,,[],['r/politics'],https://reddit.com/r/politics/comments/1qk8nnb/trump_administration_completes_us_split_from_the/,50,0,13,0,,"{'likes': 50, 'reposts': 0, 'quotes': 0}",1qk8nnb,1qk8nnb,reddit_multi_separate_files_v1
reddit,reddit,reddit_post,kcsr8bo,toronto_star,1ql1217,politics,2026-01-23T22:01:44.971735+00:00,2026-01-23T19:53:19+00:00,https://reddit.com/r/politics/comments/1ql1217/trump_claimed_nato_troops_avoided_the_front_lines/,reddit.com,['https://external-preview.redd.it/QmhxK0fyUzhAkpoixRCuZhVSWC3jXPs99eIgrt2K2cY.jpeg?auto=webp&s=cb57432410b35fe924e6f613bb76bd9ab226d8ce'],"Trump claimed NATO troops avoided the front lines in Afghanistan. Veterans from Canada, U.K. have this to say",,['No Paywall'],,,[],['r/politics'],https://reddit.com/r/politics/comments/1ql1217/trump_claimed_nato_troops_avoided_the_front_lines/,53,0,36,0,,"{'likes': 53, 'reposts': 0, 'quotes': 0}",1ql1217,1ql1217,reddit_multi_separate_files_v1
reddit,reddit,reddit_post,s2bufszze,Sassenach_2024,1qks8tw,politics,2026-01-23T22:01:45.912107+00:00,2026-01-23T14:28:13+00:00,https://reddit.com/r/politics/comments/1qks8tw/us_officially_leaves_world_health_organization/,reddit.com,['https://external-preview.redd.it/Oa7TphGOSmpFScCx5n1uiwxEeABzxJ37fsbaGkj8zuI.jpeg?auto=webp&s=130628bce647407a1170f6906a9bd7833a85e7f8'],US officially leaves World Health Organization - BBC News,,['Possible Paywall'],,,[],['r/politics'],https://reddit.com/r/politics/comments/1qks8tw/us_officially_leaves_world_health_organization/,48,0,13,0,,"{'likes': 48, 'reposts': 0, 'quotes': 0}",1qks8tw,1qks8tw,reddit_multi_separate_files_v1
reddit,reddit,reddit_post,k4oq4by,huffpost,1ql3jk6,politics,2026-01-23T22:01:46.464600+00:00,2026-01-23T21:27:42+00:00,https://reddit.com/r/politics/comments/1ql3jk6/beyond_parody_trumps_board_of_peace_logo_is/,reddit.com,['https://external-preview.redd.it/2YYSjLtV7_SXSQqnOpoDDhBYE7M3t457tJ4x1-A9Njo.jpeg?auto=webp&s=f4e51c232dcc8d26faa45d7fd84a6fdfd5798f10'],'Beyond Parody': Trump's 'Board Of Peace' Logo Is Already Under Attack,,['No Paywall'],,,[],['r/politics'],https://reddit.com/r/politics/comments/1ql3jk6/beyond_parody_trumps_board_of_peace_logo_is/,51,0,32,0,,"{'likes': 51, 'reposts': 0, 'quotes': 0}",1ql3jk6,1ql3jk6,reddit_multi_separate_files_v1
reddit,reddit,reddit_post,2wucw,mushpuppy,1qkxwz7,politics,2026-01-23T22:01:46.805792+00:00,2026-01-23T17:59:11+00:00,https://reddit.com/r/politics/comments/1qkxwz7/minneapolis_reveals_where_trumps_deportation/,reddit.com,['https://external-preview.redd.it/GJf3a03_wOLzDosd_ocKLC_I92CLSziV0bcLAQprrdA.jpeg?auto=webp&s=2302eca5b73d547e3d1b12a4416edeb65eef9850'],Minneapolis Reveals Where Trump’s Deportation Agenda Is Going,,['Possible Paywall'],,,[],['r/politics'],https://reddit.com/r/politics/comments/1qkxwz7/minneapolis_reveals_where_trumps_deportation/,48,0,3,0,,"{'likes': 48, 'reposts': 0, 'quotes': 0}",1qkxwz7,1qkxwz7,reddit_multi_separate_files_v1
reddit,reddit,reddit_post,7ogzh9tr,Past_My_Subprime,1qklfwl,politics,2026-01-23T22:01:47.964961+00:00,2026-01-23T08:30:22+00:00,https://reddit.com/r/politics/comments/1qklfwl/white_house_posts_altered_photo_showing_arrested/,reddit.com,[],White House Posts Altered Photo Showing Arrested Minnesota Protester Crying,,[],,,[],['r/politics'],https://reddit.com/r/politics/comments/1qklfwl/white_house_posts_altered_photo_showing_arrested/,49,0,8,0,,"{'likes': 49, 'reposts': 0, 'quotes': 0}",1qklfwl,1qklfwl,reddit_multi_separate_files_v1
reddit,reddit,reddit_post,81m4imam,Healthy_Block3036,1qkcu98,politics,2026-01-23T22:01:48.910904+00:00,2026-01-23T01:14:33+00:00,https://reddit.com/r/politics/comments/1qkcu98/united_states_completes_who_withdrawal/,reddit.com,['https://external-preview.redd.it/b-dMgoSRkQfNIzJ-x2GgawRDx0c6P3v8_90mO61wuvM.jpeg?auto=webp&s=32b3b73b0f184a378925ca5d16dd9b23c4e0e95e'],United States Completes WHO Withdrawal,,[],,,[],['r/politics'],https://reddit.com/r/politics/comments/1qkcu98/united_states_completes_who_withdrawal/,49,0,23,0,,"{'likes': 49, 'reposts': 0, 'quotes': 0}",1qkcu98,1qkcu98,reddit_multi_separate_files_v1
reddit,reddit,reddit_post,dpt0lmkd,NamelessResearcher,1ql31yv,politics,2026-01-23T22:01:49.455556+00:00,2026-01-23T21:09:06+00:00,https://reddit.com/r/politics/comments/1ql31yv/trump_blocks_foreign_aid_for_groups_promoting/,reddit.com,['https://external-preview.redd.it/LbuOntz6vbCfPB0BA254_VoB396IWM3JSYCi2Mowy38.jpeg?auto=webp&s=dbca11dd37508d27371d279d3cc3519cc21ea9f9'],Trump blocks foreign aid for groups promoting “woke” agenda,,['No Paywall'],,,[],['r/politics'],https://reddit.com/r/politics/comments/1ql31yv/trump_blocks_foreign_aid_for_groups_promoting/,49,0,20,0,,"{'likes': 49, 'reposts': 0, 'quotes': 0}",1ql31yv,1ql31yv,reddit_multi_separate_files_v1
reddit,reddit,reddit_post,kxoj7,matthieuC,1qko74k,politics,2026-01-23T22:01:49.806973+00:00,2026-01-23T11:19:31+00:00,https://reddit.com/r/politics/comments/1qko74k/why_conservatives_now_support_federal_agents/,reddit.com,['https://external-preview.redd.it/lbQCIP1prUXlTfJu28jKrh5RsyU7x2QVRjPiImcrjjg.jpeg?auto=webp&s=ebf9988804d84dd2b906077432f2ffbb43cbcf24'],Why conservatives now support federal agents,,['Possible Paywall'],,,[],['r/politics'],https://reddit.com/r/politics/comments/1qko74k/why_conservatives_now_support_federal_agents/,48,0,46,0,,"{'likes': 48, 'reposts': 0, 'quotes': 0}",1qko74k,1qko74k,reddit_multi_separate_files_v1
reddit,reddit,reddit_post,8vqadgoi,ElectoralNerd,1ql2byn,politics,2026-01-23T22:01:50.547651+00:00,2026-01-23T20:41:35+00:00,https://reddit.com/r/politics/comments/1ql2byn/florida_democratic_state_rep_angie_nixon/,reddit.com,['https://external-preview.redd.it/tg2SUJjFoK4ORzNvoUVdX_dLJIe0UUpq_7Yz7fjj_kI.jpeg?auto=webp&s=9ade9ca6169a85f5beeaf15ffe4345c6579e97fa'],Florida Democratic state Rep. Angie Nixon announces challenge to GOP U.S. Sen. Ashley Moody,,['No Paywall'],,,[],['r/politics'],https://reddit.com/r/politics/comments/1ql2byn/florida_democratic_state_rep_angie_nixon/,46,0,2,0,,"{'likes': 46, 'reposts': 0, 'quotes': 0}",1ql2byn,1ql2byn,reddit_multi_separate_files_v1
reddit,reddit,reddit_post,87gas04rx,newyorker,1qkzbcz,politics,2026-01-23T22:01:50.879229+00:00,2026-01-23T18:49:40+00:00,https://reddit.com/r/politics/comments/1qkzbcz/the_mayor_of_an_occupied_city/,reddit.com,['https://external-preview.redd.it/lkpiyP4Imn1x0Iy3wbSwHV4pYWTb1aJIkrthvlWgsR4.jpeg?auto=webp&s=002a25e00974d76f3ca970d56d069332bdd1b1d4'],The Mayor of an Occupied City,,['Possible Paywall'],,,[],['r/politics'],https://reddit.com/r/politics/comments/1qkzbcz/the_mayor_of_an_occupied_city/,45,0,14,0,,"{'likes': 45, 'reposts': 0, 'quotes': 0}",1qkzbcz,1qkzbcz,reddit_multi_separate_files_v1
reddit,reddit,reddit_post,1t5bi,rejs7,1qkqodl,politics,2026-01-23T22:01:51.813050+00:00,2026-01-23T13:22:45+00:00,https://reddit.com/r/politics/comments/1qkqodl/how_trumps_relations_with_americas_biggest/,reddit.com,['https://external-preview.redd.it/0kYdV5DvM3tJu-D0s_h8B-MfFWG84zUtGbUZ8zQcjn4.jpeg?auto=webp&s=0340b5a3e610fc4adfe8f1239be0c9e6f9774e5f'],How Trump’s relations with America’s biggest banking boss hit rock bottom,,['No Paywall'],,,[],['r/politics'],https://reddit.com/r/politics/comments/1qkqodl/how_trumps_relations_with_americas_biggest/,46,0,11,0,,"{'likes': 46, 'reposts': 0, 'quotes': 0}",1qkqodl,1qkqodl,reddit_multi_separate_files_v1
reddit,reddit,reddit_post,7v709,Bluthhousing,1qkxml1,politics,2026-01-23T22:01:52.352819+00:00,2026-01-23T17:48:47+00:00,https://reddit.com/r/politics/comments/1qkxml1/the_world_is_entering_an_era_of_water_bankruptcy/,reddit.com,['https://external-preview.redd.it/IXCzvqqbcX9LuDUppL8A1SI-vKy5-ZHEBD_Tws9iAnI.jpeg?auto=webp&s=67a369ae6df707bc47c906b3665e528237dff72b'],"The world is entering an era of ""water bankruptcy,"" U.N. report warns",,['No Paywall'],,,[],['r/politics'],https://reddit.com/r/politics/comments/1qkxml1/the_world_is_entering_an_era_of_water_bankruptcy/,41,0,28,0,,"{'likes': 41, 'reposts': 0, 'quotes': 0}",1qkxml1,1qkxml1,reddit_multi_separate_files_v1
reddit,reddit,reddit_post,9i6r7kp,boringhistoryfan,1qkq5lf,politics,2026-01-23T22:01:53.522401+00:00,2026-01-23T12:59:56+00:00,https://reddit.com/r/politics/comments/1qkq5lf/dhs_cited_foreign_students_writings_and_protests/,reddit.com,[],D.H.S. Cited Foreign Students’ Writings and Protests Before Their Arrests,,['Possible Paywall'],,,[],['r/politics'],https://reddit.com/r/politics/comments/1qkq5lf/dhs_cited_foreign_students_writings_and_protests/,45,0,8,0,,"{'likes': 45, 'reposts': 0, 'quotes': 0}",1qkq5lf,1qkq5lf,reddit_multi_separate_files_v1
reddit,reddit,reddit_post,9uera5g,IWantPizza555,1qkv9po,politics,2026-01-23T22:01:53.853762+00:00,2026-01-23T16:22:36+00:00,https://reddit.com/r/politics/comments/1qkv9po/as_federal_aca_subsidies_lapse_blue_states_offer/,reddit.com,['https://external-preview.redd.it/vuR2uSvJpfpv8P36FI4srAKb4721jtbo6xt-whLMVgQ.jpeg?auto=webp&s=19a013a1823e01c5971be3e70211dbb56c92c6fb'],"As federal ACA subsidies lapse, blue states offer their own",,['No Paywall'],,,[],['r/politics'],https://reddit.com/r/politics/comments/1qkv9po/as_federal_aca_subsidies_lapse_blue_states_offer/,43,0,1,0,,"{'likes': 43, 'reposts': 0, 'quotes': 0}",1qkv9po,1qkv9po,reddit_multi_separate_files_v1
reddit,reddit,reddit_post,iw3lvvaz,ClimateSociologist,1ql239j,politics,2026-01-23T22:01:54.783868+00:00,2026-01-23T20:32:12+00:00,https://reddit.com/r/politics/comments/1ql239j/jury_acquits_man_accused_of_murderforhire_plot/,reddit.com,['https://external-preview.redd.it/GF3stAyRk_EZC00YhmGOj3OjtO9jYJ3iWxup-rhXH_k.jpeg?auto=webp&s=557e549ef95695a377b94c07fb5bddc944508ea2'],Jury acquits man accused of murder-for-hire plot against Border Patrol leader,,['No Paywall'],,,[],['r/politics'],https://reddit.com/r/politics/comments/1ql239j/jury_acquits_man_accused_of_murderforhire_plot/,42,0,3,0,,"{'likes': 42, 'reposts': 0, 'quotes': 0}",1ql239j,1ql239j,reddit_multi_separate_files_v1
reddit,reddit,reddit_post,tg1ieqhk,CBSnews,1qkvqu0,politics,2026-01-23T22:01:55.316093+00:00,2026-01-23T16:40:15+00:00,https://reddit.com/r/politics/comments/1qkvqu0/josh_shapiro_trump_warned_me_that_being_president/,reddit.com,['https://external-preview.redd.it/SawKvxLMJQAGVfC4b3l-YcFsB_SGm1yKlHVEQ1BcYNM.jpeg?auto=webp&s=bc3f1cde7134c63bc7199f6b101544e63327ef3f'],"Josh Shapiro: Trump warned me that being president is ""very, very dangerous"" in ""strange conversation"" after arson attack",,['No Paywall'],,,[],['r/politics'],https://reddit.com/r/politics/comments/1qkvqu0/josh_shapiro_trump_warned_me_that_being_president/,45,0,17,0,,"{'likes': 45, 'reposts': 0, 'quotes': 0}",1qkvqu0,1qkvqu0,reddit_multi_separate_files_v1
reddit,reddit,reddit_post,1rcf7qh583,Newsweek_CarloV,1qkva2v,politics,2026-01-23T22:01:55.644391+00:00,2026-01-23T16:22:58+00:00,https://reddit.com/r/politics/comments/1qkva2v/could_the_abolish_ice_movement_succeed/,reddit.com,['https://external-preview.redd.it/tv3prz9h4Re5nngw1diX0s_p6rYqix8gXE7uOTwPbdk.jpeg?auto=webp&s=e2cef3d64aa3b12b6be86bb9106d405b82e7a56c'],Could the Abolish ICE movement succeed?,,['No Paywall'],,,[],['r/politics'],https://reddit.com/r/politics/comments/1qkva2v/could_the_abolish_ice_movement_succeed/,39,0,25,0,,"{'likes': 39, 'reposts': 0, 'quotes': 0}",1qkva2v,1qkva2v,reddit_multi_separate_files_v1
reddit,reddit,reddit_post,vorb535m,cnn,1ql011p,politics,2026-01-23T22:01:56.393550+00:00,2026-01-23T19:15:15+00:00,https://reddit.com/r/politics/comments/1ql011p/dont_say_watch_out_for_ice_fema_warned_storm/,reddit.com,['https://external-preview.redd.it/XwW-cdXxkBAYW81LiXtj3YXFI2BpQEDAM-lAu_KUDDc.jpeg?auto=webp&s=77bc421ede634fba95cd569a832385582d1ed4e6'],Don’t say ‘Watch out for ice’: FEMA warned storm announcements could invite memes,,['Possible Paywall'],,,[],['r/politics'],https://reddit.com/r/politics/comments/1ql011p/dont_say_watch_out_for_ice_fema_warned_storm/,41,0,13,0,,"{'likes': 41, 'reposts': 0, 'quotes': 0}",1ql011p,1ql011p,reddit_multi_separate_files_v1
reddit,reddit,reddit_post,8b1hlted,willdearborn-,1qkw1pt,politics,2026-01-23T22:01:56.747562+00:00,2026-01-23T16:51:14+00:00,https://reddit.com/r/politics/comments/1qkw1pt/trump_administration_drops_legal_appeal_over/,reddit.com,['https://external-preview.redd.it/I9YAHDFKj9pCvKl4_-7rizv8atcf5PSW0oYSeqF29RY.jpeg?auto=webp&s=3eb8a922d90d00792f824f8912f683aa574c9363'],Trump administration drops legal appeal over anti-DEI funding threat to schools and colleges,,['No Paywall'],,,[],['r/politics'],https://reddit.com/r/politics/comments/1qkw1pt/trump_administration_drops_legal_appeal_over/,40,0,5,0,,"{'likes': 40, 'reposts': 0, 'quotes': 0}",1qkw1pt,1qkw1pt,reddit_multi_separate_files_v1
reddit,reddit,reddit_post,75xjz3t4,shinybrighthings,1qkttpz,politics,2026-01-23T22:01:57.679514+00:00,2026-01-23T15:28:58+00:00,https://reddit.com/r/politics/comments/1qkttpz/cdc_seeks_to_block_never_use_alone_messaging_used/,reddit.com,['https://external-preview.redd.it/FpYKotE45_QxCuSaV25ajkQBj-gGL7gG01dhGXQbmtc.jpeg?auto=webp&s=5d100aa8bb48e385410a16798e6cd9bb9fdc7250'],CDC seeks to block ‘never use alone’ messaging used by overdose prevention groups,,['No Paywall'],,,[],['r/politics'],https://reddit.com/r/politics/comments/1qkttpz/cdc_seeks_to_block_never_use_alone_messaging_used/,41,0,12,0,,"{'likes': 41, 'reposts': 0, 'quotes': 0}",1qkttpz,1qkttpz,reddit_multi_separate_files_v1
reddit,reddit,reddit_post,1eko53ggys,Cool_Net_3796,1qktqba,politics,2026-01-23T22:01:58.230326+00:00,2026-01-23T15:25:23+00:00,https://reddit.com/r/politics/comments/1qktqba/virginia_ag_jay_jones_launches_sweeping_legal/,reddit.com,['https://external-preview.redd.it/pe7V5Ra84Ap1GZhf3fiD-c8WmCyJkB3LsBgCjHBt43Q.jpeg?auto=webp&s=3192ce1af5a658994ea6948dd38238670007f866'],Virginia AG Jay Jones launches sweeping legal actions on first day in office,,['No Paywall'],,,[],['r/politics'],https://reddit.com/r/politics/comments/1qktqba/virginia_ag_jay_jones_launches_sweeping_legal/,40,0,5,0,,"{'likes': 40, 'reposts': 0, 'quotes': 0}",1qktqba,1qktqba,reddit_multi_separate_files_v1
reddit,reddit,reddit_post,cjuz5vth,CharityResponsible54,1qkisr9,politics,2026-01-23T22:01:58.589589+00:00,2026-01-23T05:54:18+00:00,https://reddit.com/r/politics/comments/1qkisr9/3_people_involved_in_minnesota_church_protest_are/,reddit.com,['https://external-preview.redd.it/ffRyOO1nqYiz61kAu4B71iq760HmQOfPiOFTOG7CZeI.jpeg?auto=webp&s=2e17a7ecc3c53dfa70b79f0003297e87112da207'],3 people involved in Minnesota church protest are arrested,,['No Paywall'],,,[],['r/politics'],https://reddit.com/r/politics/comments/1qkisr9/3_people_involved_in_minnesota_church_protest_are/,37,0,21,0,,"{'likes': 37, 'reposts': 0, 'quotes': 0}",1qkisr9,1qkisr9,reddit_multi_separate_files_v1
reddit,reddit,reddit_post,3wbcboz,timemagazine,1qk9i8k,politics,2026-01-23T22:01:59.340953+00:00,2026-01-22T22:54:07+00:00,https://reddit.com/r/politics/comments/1qk9i8k/ice_funding_bill_passes_house_absent_changes/,reddit.com,['https://external-preview.redd.it/qCjkfGiCgttEoBXPrCWmujV3lNqj4YMytCOexYElfk4.jpeg?auto=webp&s=bc262fd8811a1e9ac4cd9c3210b8bf553f9fe730'],ICE Funding Bill Passes House Absent Changes Democrats Sought,,['No Paywall'],,,[],['r/politics'],https://reddit.com/r/politics/comments/1qk9i8k/ice_funding_bill_passes_house_absent_changes/,42,0,25,0,,"{'likes': 42, 'reposts': 0, 'quotes': 0}",1qk9i8k,1qk9i8k,reddit_multi_separate_files_v1
reddit,reddit,reddit_post,3krs0,besselfunctions,1ql069l,politics,2026-01-23T22:01:59.690511+00:00,2026-01-23T19:20:32+00:00,https://reddit.com/r/politics/comments/1ql069l/justice_dept_kills_cases_cracking_down_on_auto/,reddit.com,['https://external-preview.redd.it/XgNSG5SvrcGaHBv0PpSno2NYpnSR7zkaGqJ_7dElul4.jpeg?auto=webp&s=2968e4076be4a7135d68707d603a17b53f29538d'],Justice Dept. kills cases cracking down on auto emissions cheating,,['No Paywall'],,,[],['r/politics'],https://reddit.com/r/politics/comments/1ql069l/justice_dept_kills_cases_cracking_down_on_auto/,37,0,6,0,,"{'likes': 37, 'reposts': 0, 'quotes': 0}",1ql069l,1ql069l,reddit_multi_separate_files_v1
reddit,reddit,reddit_post,68la5wao,ChiGuy6124,1qkztol,politics,2026-01-23T22:02:00.641686+00:00,2026-01-23T19:07:51+00:00,https://reddit.com/r/politics/comments/1qkztol/heres_your_damn_playbook_democrats/,reddit.com,['https://external-preview.redd.it/09q4B3quIZ7Sy8M7ROCNZqbQCtmox3UO-hp-blNfa08.jpeg?auto=webp&s=0c551686f75fc091fe73aa00d3536302309cdb3a'],"Here’s Your Damn Playbook, Democrats",,['Possible Paywall'],,,[],['r/politics'],https://reddit.com/r/politics/comments/1qkztol/heres_your_damn_playbook_democrats/,41,0,17,0,,"{'likes': 41, 'reposts': 0, 'quotes': 0}",1qkztol,1qkztol,reddit_multi_separate_files_v1
reddit,reddit,reddit_post,2v04dtse,Anoth3rDude,1qkzpaj,politics,2026-01-23T22:02:01.170022+00:00,2026-01-23T19:03:27+00:00,https://reddit.com/r/politics/comments/1qkzpaj/house_republican_demands_voter_roll_info_from/,reddit.com,['https://external-preview.redd.it/FErmOFXAYWJPKanVCGm7mnKIbkFDZtwZIIYHQ2wjIaY.jpeg?auto=webp&s=2277b476e936fdc7d2cb8d5bf816ecf6c697d6bc'],House Republican demands voter roll info from states amid GOP push for suppression law,,['No Paywall'],,,[],['r/politics'],https://reddit.com/r/politics/comments/1qkzpaj/house_republican_demands_voter_roll_info_from/,38,0,9,0,,"{'likes': 38, 'reposts': 0, 'quotes': 0}",1qkzpaj,1qkzpaj,reddit_multi_separate_files_v1
reddit,reddit,reddit_post,1gndkonzau,Abject-Pick-6472,1qkoymp,politics,2026-01-23T22:02:02.293339+00:00,2026-01-23T12:01:22+00:00,https://reddit.com/r/politics/comments/1qkoymp/thune_comes_under_gop_pressure_to_bypass/,reddit.com,['https://external-preview.redd.it/j0Br9R6dj12Lqo9ThYC1CP81dtlW5zVhHePQ_fA0U4o.jpeg?auto=webp&s=cebcc94ccaa962ec321fd7f5bf7681d1d9c0aeff'],Thune comes under GOP pressure to bypass Democrats on health care,,['No Paywall'],,,[],['r/politics'],https://reddit.com/r/politics/comments/1qkoymp/thune_comes_under_gop_pressure_to_bypass/,34,0,14,0,,"{'likes': 34, 'reposts': 0, 'quotes': 0}",1qkoymp,1qkoymp,reddit_multi_separate_files_v1
reddit,reddit,reddit_post,w49j7npkb,Silent-Resort-3076,1qk8yh9,politics,2026-01-23T22:02:02.633188+00:00,2026-01-22T22:30:10+00:00,https://reddit.com/r/politics/comments/1qk8yh9/us_house_approves_additional_30_million_for/,reddit.com,['https://external-preview.redd.it/SmRuQ8xTOAQ5kU8u0MhyDOnXoottdm3itEojw4Nx-AM.jpeg?auto=webp&s=f905d526a4a8911c2d063b1c9a23fc6782121ca8'],US House approves additional $30 million for Supreme Court security,,['Possible Paywall'],,,[],['r/politics'],https://reddit.com/r/politics/comments/1qk8yh9/us_house_approves_additional_30_million_for/,38,0,22,0,,"{'likes': 38, 'reposts': 0, 'quotes': 0}",1qk8yh9,1qk8yh9,reddit_multi_separate_files_v1
reddit,reddit,reddit_post,o5byj,TelescopiumHerscheli,1qkcbep,politics,2026-01-23T22:02:02.965797+00:00,2026-01-23T00:51:30+00:00,https://reddit.com/r/politics/comments/1qkcbep/vance_blames_state_local_officials_for_federal/,reddit.com,['https://external-preview.redd.it/FUvEBYwQB1ee0UHk54LOyfJ17KykS2f81CLIAC318zY.jpeg?auto=webp&s=00c0995312cd82f5622180e99c401bba54a384ca'],"Vance blames state, local officials for federal immigration chaos in Minneapolis",,['No Paywall'],,,[],['r/politics'],https://reddit.com/r/politics/comments/1qkcbep/vance_blames_state_local_officials_for_federal/,35,0,18,0,,"{'likes': 35, 'reposts': 0, 'quotes': 0}",1qkcbep,1qkcbep,reddit_multi_separate_files_v1
reddit,reddit,reddit_post,11pumi,Force_Hammer,1qku8ye,politics,2026-01-23T22:02:03.894914+00:00,2026-01-23T15:45:13+00:00,https://reddit.com/r/politics/comments/1qku8ye/fears_grow_that_trump_will_strike_iran_after_us/,reddit.com,['https://external-preview.redd.it/u4p_n9xWGmkoDoaiob1khSQJGgOxe3z0reJO05HxwTw.jpeg?auto=webp&s=bd101b900b4c71b58c78487c639d98f958cc68de'],Fears grow that Trump will strike Iran after US moves ‘armada’ to Middle East,,['No Paywall'],,,[],['r/politics'],https://reddit.com/r/politics/comments/1qku8ye/fears_grow_that_trump_will_strike_iran_after_us/,33,0,27,0,,"{'likes': 33, 'reposts': 0, 'quotes': 0}",1qku8ye,1qku8ye,reddit_multi_separate_files_v1
reddit,reddit,reddit_post,cvucx,joe4942,1qku429,politics,2026-01-23T22:02:04.425374+00:00,2026-01-23T15:39:59+00:00,https://reddit.com/r/politics/comments/1qku429/trump_escalates_carney_feud_after_davos_dustup/,reddit.com,['https://external-preview.redd.it/jc_vaG42zRPcdrm7_e-eDuQ9jXqS8fWV9ABZMpYosWA.jpeg?auto=webp&s=639af0c5a7a3d659616fe9a8434fbf41e7e2ae92'],Trump escalates Carney feud after Davos dust-up,,['Possible Paywall'],,,[],['r/politics'],https://reddit.com/r/politics/comments/1qku429/trump_escalates_carney_feud_after_davos_dustup/,31,0,33,0,,"{'likes': 31, 'reposts': 0, 'quotes': 0}",1qku429,1qku429,reddit_multi_separate_files_v1
reddit,reddit,reddit_post,1x7gx5tafa,growin60sec,1qkzzdl,politics,2026-01-23T22:02:04.761260+00:00,2026-01-23T19:13:33+00:00,https://reddit.com/r/politics/comments/1qkzzdl/carney_fires_back_at_trump_after_davos_speech/,reddit.com,['https://external-preview.redd.it/ZKSVwMGJXdvka9iWG-DtFmJvjguYo8preZ_g3BGANyw.jpeg?auto=webp&s=467941d69ffa35c74ce03cdd5dc1dd4283f2ffe0'],Carney fires back at Trump after Davos speech,,['No Paywall'],,,[],['r/politics'],https://reddit.com/r/politics/comments/1qkzzdl/carney_fires_back_at_trump_after_davos_speech/,33,0,2,0,,"{'likes': 33, 'reposts': 0, 'quotes': 0}",1qkzzdl,1qkzzdl,reddit_multi_separate_files_v1
reddit,reddit,reddit_post,rswkoeuc,SpaceElevatorMusic,1qkvgup,politics,2026-01-23T22:02:05.502972+00:00,2026-01-23T16:30:04+00:00,https://reddit.com/r/politics/comments/1qkvgup/how_minnesota_became_the_center_of_a_political/,reddit.com,['https://external-preview.redd.it/4uX9iwLwfJ2sqCq6hwFn6kmVeszxspRUoFAqyn9nUww.jpeg?auto=webp&s=3900d432c04a5fdd824efeeaf2f1fa87f7c41c05'],How Minnesota became the center of a political crisis,,['No Paywall'],,,[],['r/politics'],https://reddit.com/r/politics/comments/1qkvgup/how_minnesota_became_the_center_of_a_political/,30,0,5,0,,"{'likes': 30, 'reposts': 0, 'quotes': 0}",1qkvgup,1qkvgup,reddit_multi_separate_files_v1
reddit,reddit,reddit_post,chlm7,fungobat,1qkd0au,politics,2026-01-23T22:02:05.833766+00:00,2026-01-23T01:22:08+00:00,https://reddit.com/r/politics/comments/1qkd0au/were_not_going_to_be_deterred_homeland_security/,reddit.com,['https://external-preview.redd.it/Ydyi6G1jqfAIjYV9ol4zz-MnF2LVEmWShhgLvXmBDAo.jpeg?auto=webp&s=dfd9d1ad129588a3c01eba34253eaab029099e56'],'We're not going to be deterred': Homeland Security provides update on MN immigration operations,,['No Paywall'],,,[],['r/politics'],https://reddit.com/r/politics/comments/1qkd0au/were_not_going_to_be_deterred_homeland_security/,32,0,19,0,,"{'likes': 32, 'reposts': 0, 'quotes': 0}",1qkd0au,1qkd0au,reddit_multi_separate_files_v1
reddit,reddit,reddit_post,f44kcwq,PM_ME_DPRK_CANDIDS,1ql300v,politics,2026-01-23T22:02:06.781980+00:00,2026-01-23T21:07:01+00:00,https://reddit.com/r/politics/comments/1ql300v/dont_pee_in_texas_youre_being_watched/,reddit.com,['https://external-preview.redd.it/iVHes_BpeUG_ufZ8XHL7lmxL2lMY02zhydciEEpFuKw.jpeg?auto=webp&s=0605fa985afa6f72c58714e395e83e7a8bdc2f99'],"Don’t pee in Texas, you’re being watched",,['No Paywall'],,,[],['r/politics'],https://reddit.com/r/politics/comments/1ql300v/dont_pee_in_texas_youre_being_watched/,31,0,16,0,,"{'likes': 31, 'reposts': 0, 'quotes': 0}",1ql300v,1ql300v,reddit_multi_separate_files_v1
reddit,reddit,reddit_post,3k3oqk19,tirouku,1ql11uy,politics,2026-01-23T22:02:07.344072+00:00,2026-01-23T19:53:09+00:00,https://reddit.com/r/politics/comments/1ql11uy/starmer_stands_up_to_trump_at_last_and_has_chance/,reddit.com,['https://external-preview.redd.it/fNzLAb-A-c-GZJ3CND9hw42Dn7DQvcI_O2U_YbtdgAQ.jpeg?auto=webp&s=594f257315cd8871fb2c8379e6a76fbd78797a02'],Starmer stands up to Trump at last and has chance to make case for Europe,,['No Paywall'],,,[],['r/politics'],https://reddit.com/r/politics/comments/1ql11uy/starmer_stands_up_to_trump_at_last_and_has_chance/,32,0,4,0,,"{'likes': 32, 'reposts': 0, 'quotes': 0}",1ql11uy,1ql11uy,reddit_multi_separate_files_v1
reddit,reddit,reddit_post,4e8z8,arandomnewyorker,1ql0j1f,politics,2026-01-23T22:02:11.447766+00:00,2026-01-23T19:33:33+00:00,https://reddit.com/r/politics/comments/1ql0j1f/trump_sparks_uk_firestorm_with_remarks_nato/,reddit.com,['https://external-preview.redd.it/sVPg-AcFTUAD4ybvoMNFfBcV3QrB2DybPrUOJKjjLbs.jpeg?auto=webp&s=fe351fcf4ec6cff1d2630b238ec0da43b0980c96'],Trump sparks UK firestorm with remarks NATO troops 'stayed a little back' in Afghanistan,,['No Paywall'],,,[],['r/politics'],https://reddit.com/r/politics/comments/1ql0j1f/trump_sparks_uk_firestorm_with_remarks_nato/,32,0,25,0,,"{'likes': 32, 'reposts': 0, 'quotes': 0}",1ql0j1f,1ql0j1f,reddit_multi_separate_files_v1
reddit,reddit,reddit_post,5k564c0a,itsgoodpain,1qka3pz,politics,2026-01-23T22:02:12.381328+00:00,2026-01-22T23:18:12+00:00,https://reddit.com/r/politics/comments/1qka3pz/house_passes_spending_package_over_democratic/,reddit.com,[],House Passes Spending Package Over Democratic Revolt on ICE,,['Possible Paywall'],,,[],['r/politics'],https://reddit.com/r/politics/comments/1qka3pz/house_passes_spending_package_over_democratic/,30,0,44,0,,"{'likes': 30, 'reposts': 0, 'quotes': 0}",1qka3pz,1qka3pz,reddit_multi_separate_files_v1
reddit,reddit,reddit_post,471z3,ZuP,1qkuxij,politics,2026-01-23T22:02:12.738145+00:00,2026-01-23T16:10:10+00:00,https://reddit.com/r/politics/comments/1qkuxij/nekima_levy_armstrong_jailed_after_protesting_ice/,reddit.com,['https://external-preview.redd.it/bj8Zoh3n42yg2RB6eBl9KJRd7uwpjFrVpIwWWB7ByME.jpeg?auto=webp&s=afe3e4fe854cafbdbcc504bc24be93be33e29194'],Nekima Levy Armstrong Jailed After Protesting ICE Official Who Also Serves as Pastor in St. Paul,,['No Paywall'],,,[],['r/politics'],https://reddit.com/r/politics/comments/1qkuxij/nekima_levy_armstrong_jailed_after_protesting_ice/,32,0,10,0,,"{'likes': 32, 'reposts': 0, 'quotes': 0}",1qkuxij,1qkuxij,reddit_multi_separate_files_v1
reddit,reddit,reddit_post,71os0ofgg,Dont_think_Do,1qkoebr,politics,2026-01-23T22:02:13.697055+00:00,2026-01-23T11:30:43+00:00,https://reddit.com/r/politics/comments/1qkoebr/trump_disinvites_canada_from_gaza_board_of_peace/,reddit.com,[],Trump disinvites Canada from Gaza ‘Board of Peace’,,['Possible Paywall'],,,[],['r/politics'],https://reddit.com/r/politics/comments/1qkoebr/trump_disinvites_canada_from_gaza_board_of_peace/,28,0,55,0,,"{'likes': 28, 'reposts': 0, 'quotes': 0}",1qkoebr,1qkoebr,reddit_multi_separate_files_v1
reddit,reddit,reddit_post,2fgvmam,FervidBug42,1ql1yup,politics,2026-01-23T22:02:14.049446+00:00,2026-01-23T20:27:33+00:00,https://reddit.com/r/politics/comments/1ql1yup/dojs_novel_use_of_religious_statute_in_minnesota/,reddit.com,['https://external-preview.redd.it/gR9GkMTPS6yd7HEZ3PmRIRmBJ_BJ5YzZV4yVu0qoUks.jpeg?auto=webp&s=23574579d9a1ab2579699faf9602092c66d801ac'],DOJ’s Novel Use of Religious Statute in Minnesota Draws Scrutiny,,['No Paywall'],,,[],['r/politics'],https://reddit.com/r/politics/comments/1ql1yup/dojs_novel_use_of_religious_statute_in_minnesota/,29,0,3,0,,"{'likes': 29, 'reposts': 0, 'quotes': 0}",1ql1yup,1ql1yup,reddit_multi_separate_files_v1
reddit,reddit,reddit_post,dpt0lmkd,NamelessResearcher,1ql2ndj,politics,2026-01-23T22:02:14.396258+00:00,2026-01-23T20:53:54+00:00,https://reddit.com/r/politics/comments/1ql2ndj/the_absurd_claim_at_the_heart_of_trumps_suit/,reddit.com,['https://external-preview.redd.it/VW0M3faAl1jBPum58wq-Z9K5wM0DPD0QnK19kjbi70I.jpeg?auto=webp&s=2ef3a75a282b155c15c99e6bdb1bb2247e14682b'],The absurd claim at the heart of Trump’s suit against JPMorgan Chase,,['No Paywall'],,,[],['r/politics'],https://reddit.com/r/politics/comments/1ql2ndj/the_absurd_claim_at_the_heart_of_trumps_suit/,27,0,8,0,,"{'likes': 27, 'reposts': 0, 'quotes': 0}",1ql2ndj,1ql2ndj,reddit_multi_separate_files_v1
reddit,reddit,reddit_post,5mtwj,aresef,1qksjus,politics,2026-01-23T22:02:14.741567+00:00,2026-01-23T14:40:23+00:00,https://reddit.com/r/politics/comments/1qksjus/how_president_trump_has_challenged_a/,reddit.com,['https://external-preview.redd.it/kkRc75FYGx2N5ngoUuD7JdqMPjXeUeI2bjBrk6WsKE0.jpeg?auto=webp&s=bf38a7c144358f73baf0da7a01971cef4776933e'],How President Trump has challenged a constitutional foundation,,['No Paywall'],,,[],['r/politics'],https://reddit.com/r/politics/comments/1qksjus/how_president_trump_has_challenged_a/,29,0,10,0,,"{'likes': 29, 'reposts': 0, 'quotes': 0}",1qksjus,1qksjus,reddit_multi_separate_files_v1
reddit,reddit,reddit_post,budnwwqw,1_for_you_2_for_me,1qkjm87,politics,2026-01-23T22:02:15.075428+00:00,2026-01-23T06:38:38+00:00,https://reddit.com/r/politics/comments/1qkjm87/trump_revokes_canadas_invitation_to_join_board_of/,reddit.com,['https://external-preview.redd.it/e6N-aBGRv5SewO3H501yeMYnLBonIJOMm9XDKGVcX7M.jpeg?auto=webp&s=1ff2893d8d5a798eeeeb49ca32e1fc42fc2eda48'],Trump revokes Canada's invitation to join Board of Peace,,['Possible Paywall'],,,[],['r/politics'],https://reddit.com/r/politics/comments/1qkjm87/trump_revokes_canadas_invitation_to_join_board_of/,26,0,32,0,,"{'likes': 26, 'reposts': 0, 'quotes': 0}",1qkjm87,1qkjm87,reddit_multi_separate_files_v1
reddit,reddit,reddit_post,4go02z45,paydayloans_,1ql13pg,politics,2026-01-23T22:02:15.430031+00:00,2026-01-23T19:55:08+00:00,https://reddit.com/r/politics/comments/1ql13pg/at_davos_us_allies_question_a_fraying_world_order/,reddit.com,['https://external-preview.redd.it/M5fgR_OCQJb94nGUjRDbbgEkPQyD6AzpvsDyqqdZ874.jpeg?auto=webp&s=a04a2d8fb94ada60cdf13cf5116ab22e1b03491f'],"At Davos, U.S. allies question a fraying world order",,['No Paywall'],,,[],['r/politics'],https://reddit.com/r/politics/comments/1ql13pg/at_davos_us_allies_question_a_fraying_world_order/,26,0,5,0,,"{'likes': 26, 'reposts': 0, 'quotes': 0}",1ql13pg,1ql13pg,reddit_multi_separate_files_v1
reddit,reddit,reddit_post,19jnt71yju,jewish_insider,1qkwqmb,politics,2026-01-23T22:02:15.759127+00:00,2026-01-23T17:16:22+00:00,https://reddit.com/r/politics/comments/1qkwqmb/some_republicans_skeptical_of_trumps_invitation/,reddit.com,['https://external-preview.redd.it/mDcU6I-NWeJunPgymhcYcAjFMXeAaoLaYw7xNsQVpNI.jpeg?auto=webp&s=a027151905f2a08c8228a8059b3a6135ed988231'],"Some Republicans skeptical of Trump’s invitation to Russia, China to join Gaza Board of Peace",,['Possible Paywall'],,,[],['r/politics'],https://reddit.com/r/politics/comments/1qkwqmb/some_republicans_skeptical_of_trumps_invitation/,25,0,16,0,,"{'likes': 25, 'reposts': 0, 'quotes': 0}",1qkwqmb,1qkwqmb,reddit_multi_separate_files_v1
reddit,reddit,reddit_post,488jhlao,kirby__000,1qkl2ov,politics,2026-01-23T22:02:16.098310+00:00,2026-01-23T08:07:23+00:00,https://reddit.com/r/politics/comments/1qkl2ov/trump_opposes_plan_to_use_401k_savings_for_home/,reddit.com,['https://external-preview.redd.it/vGkF59ATm0v4NXgKeKOzba9L8dONo6gLw1pBKyngiUA.jpeg?auto=webp&s=b03c180d691167c8e88a791731e24802da6cbcc2'],Trump opposes plan to use 401(k) savings for home down payments,,['No Paywall'],,,[],['r/politics'],https://reddit.com/r/politics/comments/1qkl2ov/trump_opposes_plan_to_use_401k_savings_for_home/,23,0,23,0,,"{'likes': 23, 'reposts': 0, 'quotes': 0}",1qkl2ov,1qkl2ov,reddit_multi_separate_files_v1
reddit,reddit,reddit_post,1wp75q8ljb,Puzzled49,1ql3xsc,politics,2026-01-23T22:02:16.637238+00:00,2026-01-23T21:43:38+00:00,https://reddit.com/r/politics/comments/1ql3xsc/trump_revives_his_infamous_two_week_timeline_for/,reddit.com,['https://external-preview.redd.it/u4p_n9xWGmkoDoaiob1khSQJGgOxe3z0reJO05HxwTw.jpeg?auto=webp&s=bd101b900b4c71b58c78487c639d98f958cc68de'],Trump revives his infamous ‘two week’ timeline for Greenland deal,,['No Paywall'],,,[],['r/politics'],https://reddit.com/r/politics/comments/1ql3xsc/trump_revives_his_infamous_two_week_timeline_for/,23,0,12,0,,"{'likes': 23, 'reposts': 0, 'quotes': 0}",1ql3xsc,1ql3xsc,reddit_multi_separate_files_v1
reddit,reddit,reddit_post,2f260vw9,arrthur1,1ql02s4,politics,2026-01-23T22:02:16.979619+00:00,2026-01-23T19:16:59+00:00,https://reddit.com/r/politics/comments/1ql02s4/trump_administration_announces_expansion_of/,reddit.com,['https://external-preview.redd.it/PZJQBbXybd0WoAePVRFp7ir9u2B4oU0TpieUnmhK3oA.jpeg?auto=webp&s=a62199d5a7c7a124f66433d2c4fd568d105c4710'],Trump administration announces expansion of 'Mexico City' aid restrictions to include DEI and gender,,['No Paywall'],,,[],['r/politics'],https://reddit.com/r/politics/comments/1ql02s4/trump_administration_announces_expansion_of/,24,0,4,0,,"{'likes': 24, 'reposts': 0, 'quotes': 0}",1ql02s4,1ql02s4,reddit_multi_separate_files_v1
reddit,reddit,reddit_post,1izrbl7vnr,bahar9990,1qkrh6y,politics,2026-01-23T22:02:17.726488+00:00,2026-01-23T13:57:22+00:00,https://reddit.com/r/politics/comments/1qkrh6y/oil_prices_rise_on_trumps_iran_armada_comments/,reddit.com,['https://external-preview.redd.it/bBmj0OJ9xzsSE3SOy4F9T8DXaXxPgSu6P1MsV1lvfWM.jpeg?auto=webp&s=d69c4b2661e51a0ff2bb4533108b3f850f446ad0'],Oil prices rise on Trump's Iran 'armada' comments and Kazakh outage,,['Possible Paywall'],,,[],['r/politics'],https://reddit.com/r/politics/comments/1qkrh6y/oil_prices_rise_on_trumps_iran_armada_comments/,25,0,6,0,,"{'likes': 25, 'reposts': 0, 'quotes': 0}",1qkrh6y,1qkrh6y,reddit_multi_separate_files_v1
reddit,reddit,reddit_post,1et91nh,StraightedgexLiberal,1qk9el6,politics,2026-01-23T22:02:18.082025+00:00,2026-01-22T22:50:03+00:00,https://reddit.com/r/politics/comments/1qk9el6/section_230_didnt_fail_rand_paul_he_just_doesnt/,reddit.com,['https://external-preview.redd.it/QdCWJLZtSx1Ly9Z2yTbDMgT5dhGTgi8syC6l1SyLf7U.png?auto=webp&s=e7fa1863ce18b48fcaee0e360c9f8073c0381bb9'],Section 230 Didn’t Fail Rand Paul. He Just Doesn’t Like the Remedy That Worked.,,['No Paywall'],,,[],['r/politics'],https://reddit.com/r/politics/comments/1qk9el6/section_230_didnt_fail_rand_paul_he_just_doesnt/,24,0,1,0,,"{'likes': 24, 'reposts': 0, 'quotes': 0}",1qk9el6,1qk9el6,reddit_multi_separate_files_v1
reddit,reddit,reddit_post,1t9184ss,financialtimes,1ql0908,politics,2026-01-23T22:02:19.629348+00:00,2026-01-23T19:23:23+00:00,https://reddit.com/r/politics/comments/1ql0908/donald_trump_sends_us_armada_towards_iran_just_in/,reddit.com,[],Donald Trump sends US armada towards Iran ‘just in case’,,['Paywall'],,,[],['r/politics'],https://reddit.com/r/politics/comments/1ql0908/donald_trump_sends_us_armada_towards_iran_just_in/,23,0,13,0,,"{'likes': 23, 'reposts': 0, 'quotes': 0}",1ql0908,1ql0908,reddit_multi_separate_files_v1
reddit,reddit,reddit_post,vzhyjoja,pleasureismylife,1qkv6kh,politics,2026-01-23T22:02:19.961805+00:00,2026-01-23T16:19:24+00:00,https://reddit.com/r/politics/comments/1qkv6kh/new_ice_policy_allows_officers_to_enter_homes/,reddit.com,['https://external-preview.redd.it/Y0DJWXCaaR5ECQaC4gtbfs8iE3aJh-vAwpC9XotBHPk.jpeg?auto=webp&s=db26cf9df3467ee2b356e9ea9f1afe1e5cc38bb9'],New ICE policy allows officers to enter homes without a judge’s warrant. Here’s what experts say,,['Possible Paywall'],,,[],['r/politics'],https://reddit.com/r/politics/comments/1qkv6kh/new_ice_policy_allows_officers_to_enter_homes/,23,0,17,0,,"{'likes': 23, 'reposts': 0, 'quotes': 0}",1qkv6kh,1qkv6kh,reddit_multi_separate_files_v1
reddit,reddit,reddit_post,10n517c17u,Remarkable_Sir8397,1ql0fra,politics,2026-01-23T22:02:20.690693+00:00,2026-01-23T19:30:14+00:00,https://reddit.com/r/politics/comments/1ql0fra/5_arrested_in_shooting_of_indiana_judge_and_his/,reddit.com,['https://external-preview.redd.it/8JbVToBlbIdECT4b1Vm_VMnQnztfafZ6BcLWu53Dz_U.jpeg?auto=webp&s=b76be005dc0f1ecad1916cbccddddf3acdf880f1'],5 Arrested in Shooting of Indiana Judge and His Wife,,['Possible Paywall'],,,[],['r/politics'],https://reddit.com/r/politics/comments/1ql0fra/5_arrested_in_shooting_of_indiana_judge_and_his/,22,0,1,0,,"{'likes': 22, 'reposts': 0, 'quotes': 0}",1ql0fra,1ql0fra,reddit_multi_separate_files_v1
reddit,reddit,reddit_post,omzcgrv9,Ok_Employer7837,1qkxnqt,politics,2026-01-23T22:02:21.019361+00:00,2026-01-23T17:49:59+00:00,https://reddit.com/r/politics/comments/1qkxnqt/ramstad_vance_blames_protesters_minnesota_leaders/,reddit.com,['https://external-preview.redd.it/Q4jy41Nbf4eDualWA829XXeilKhiie9VYIssVYiiR04.jpeg?auto=webp&s=8b5bc1cc7c2089ad211003550784ba631dead267'],"Ramstad: Vance blames protesters, Minnesota leaders for feds’ inept immigration crackdown",,['Possible Paywall'],,,[],['r/politics'],https://reddit.com/r/politics/comments/1qkxnqt/ramstad_vance_blames_protesters_minnesota_leaders/,23,0,3,0,,"{'likes': 23, 'reposts': 0, 'quotes': 0}",1qkxnqt,1qkxnqt,reddit_multi_separate_files_v1
reddit,reddit,reddit_post,25alwh0c,techreview,1qksvaw,politics,2026-01-23T22:02:21.951370+00:00,2026-01-23T14:52:50+00:00,https://reddit.com/r/politics/comments/1qksvaw/americas_coming_war_over_ai_regulation/,reddit.com,['https://external-preview.redd.it/LDW4R0TpNDGJmzf8WY2Cmy3ihV5sFaNPWg7Xlr1mlW4.jpeg?auto=webp&s=36a0512056e6269ad0ef63313ccd4ce5b221f059'],America’s coming war over AI regulation,,['No Paywall'],,,[],['r/politics'],https://reddit.com/r/politics/comments/1qksvaw/americas_coming_war_over_ai_regulation/,21,0,8,0,,"{'likes': 21, 'reposts': 0, 'quotes': 0}",1qksvaw,1qksvaw,reddit_multi_separate_files_v1
reddit,reddit,reddit_post,c86ww,Tuna_Sushi,1qksctp,politics,2026-01-23T22:02:22.504102+00:00,2026-01-23T14:32:33+00:00,https://reddit.com/r/politics/comments/1qksctp/trump_warns_us_armada_heading_to_iran_death_toll/,reddit.com,['https://external-preview.redd.it/tW3BjSqfcvha2lZHdR6OIHwrBQTMfRVLpzeJTmBXE74.jpeg?auto=webp&s=370a61777e34fe4ea0a484b41f13326d828d7bed'],"Trump warns U.S. 'armada' heading to Iran; death toll in protest crackdown tops 5,000, activists say",,['No Paywall'],,,[],['r/politics'],https://reddit.com/r/politics/comments/1qksctp/trump_warns_us_armada_heading_to_iran_death_toll/,19,0,28,0,,"{'likes': 19, 'reposts': 0, 'quotes': 0}",1qksctp,1qksctp,reddit_multi_separate_files_v1
reddit,reddit,reddit_post,10n517c17u,Remarkable_Sir8397,1qk8bse,politics,2026-01-23T22:02:23.727175+00:00,2026-01-22T22:05:33+00:00,https://reddit.com/r/politics/comments/1qk8bse/could_solders_refuse_to_fight_if_trump_ordered/,reddit.com,[],Could solders refuse to fight if Trump ordered Greenland invasion?,,['Possible Paywall'],,,[],['r/politics'],https://reddit.com/r/politics/comments/1qk8bse/could_solders_refuse_to_fight_if_trump_ordered/,22,0,31,0,,"{'likes': 22, 'reposts': 0, 'quotes': 0}",1qk8bse,1qk8bse,reddit_multi_separate_files_v1
reddit,reddit,reddit_post,g75a4ti9,Stuart_Whatley,1qkrmg1,politics,2026-01-23T22:02:24.060988+00:00,2026-01-23T14:02:59+00:00,https://reddit.com/r/politics/comments/1qkrmg1/american_democracy_after_trump/,reddit.com,['https://external-preview.redd.it/qTkq4qxdhBqh6xXyGiuA-y1K09xQo_QnMfzCUyadNFk.jpeg?auto=webp&s=908a45fb4bcc0640e12752d224fda9acee325e0b'],American democracy after Trump,,['Possible Paywall'],,,[],['r/politics'],https://reddit.com/r/politics/comments/1qkrmg1/american_democracy_after_trump/,20,0,11,0,,"{'likes': 20, 'reposts': 0, 'quotes': 0}",1qkrmg1,1qkrmg1,reddit_multi_separate_files_v1
reddit,reddit,reddit_post,dpt0lmkd,NamelessResearcher,1qkvexj,politics,2026-01-23T22:02:25.011643+00:00,2026-01-23T16:28:04+00:00,https://reddit.com/r/politics/comments/1qkvexj/eeoc_scraps_job_discrimination_guidance_after/,reddit.com,['https://external-preview.redd.it/YMEkIf9aQzP08Sp3I5sVuewxV7nItOBejdgn-AxXt2M.jpeg?auto=webp&s=8b2e490951b89a5208d39f07b306d9fbc92bf5fb'],EEOC scraps job discrimination guidance after commissioner complained about trans rights,,['No Paywall'],,,[],['r/politics'],https://reddit.com/r/politics/comments/1qkvexj/eeoc_scraps_job_discrimination_guidance_after/,18,0,2,0,,"{'likes': 18, 'reposts': 0, 'quotes': 0}",1qkvexj,1qkvexj,reddit_multi_separate_files_v1
reddit,reddit,reddit_post,23b6bxw8pp,Character_Map1803,1qkpjdz,politics,2026-01-23T22:02:25.546084+00:00,2026-01-23T12:30:33+00:00,https://reddit.com/r/politics/comments/1qkpjdz/trump_touts_total_access_greenland_deal_as_nato/,reddit.com,['https://external-preview.redd.it/ZBnfgPSFJzQlJkdtxZlbLl6uwD_a1wIXEVnNzNTBHQk.jpeg?auto=webp&s=71cf640efe0c63472283cf7e145d0c940826f340'],Trump touts 'total access' Greenland deal as NATO asks allies to step up,,['Possible Paywall'],,,[],['r/politics'],https://reddit.com/r/politics/comments/1qkpjdz/trump_touts_total_access_greenland_deal_as_nato/,20,0,21,0,,"{'likes': 20, 'reposts': 0, 'quotes': 0}",1qkpjdz,1qkpjdz,reddit_multi_separate_files_v1
reddit,reddit,reddit_post,aqefi,Ixz72,1ql2gbd,politics,2026-01-23T22:02:25.872630+00:00,2026-01-23T20:46:15+00:00,https://reddit.com/r/politics/comments/1ql2gbd/qatari_jetturnedair_force_one_expected_to_be/,reddit.com,['https://external-preview.redd.it/mahxwKsihfASDFVYUuUq1VpvQpJscy4JpO2qqE_MQR0.jpeg?auto=webp&s=cd3847cb3d94978db9c03b6aa2da14b52edfea61'],"Qatari jet-turned-Air Force One expected to be delivered this summer, Air Force says | CNN Politics",,['Possible Paywall'],,,[],['r/politics'],https://reddit.com/r/politics/comments/1ql2gbd/qatari_jetturnedair_force_one_expected_to_be/,16,0,5,0,,"{'likes': 16, 'reposts': 0, 'quotes': 0}",1ql2gbd,1ql2gbd,reddit_multi_separate_files_v1
reddit,reddit,reddit_post,rl2vi,bwermer,1ql1va0,politics,2026-01-23T22:02:26.603857+00:00,2026-01-23T20:23:50+00:00,https://reddit.com/r/politics/comments/1ql1va0/republicans_move_forward_with_plans_for_a_midterm/,reddit.com,['https://external-preview.redd.it/dvRwEaZgzA4KWeIvjPTcqMBe09WuMPjCxXyW7L04Kb8.jpeg?auto=webp&s=4997b73883992e0357fa4690b4c29a80033028a5'],Republicans move forward with plans for a midterm convention featuring Trump,,['Possible Paywall'],,,[],['r/politics'],https://reddit.com/r/politics/comments/1ql1va0/republicans_move_forward_with_plans_for_a_midterm/,17,0,27,0,,"{'likes': 17, 'reposts': 0, 'quotes': 0}",1ql1va0,1ql1va0,reddit_multi_separate_files_v1
reddit,reddit,reddit_post,2fgvmam,FervidBug42,1qk93qs,politics,2026-01-23T22:02:26.959693+00:00,2026-01-22T22:37:10+00:00,https://reddit.com/r/politics/comments/1qk93qs/house_passes_final_government_funding_bills_in/,reddit.com,['https://external-preview.redd.it/bem4pvVs-AVSIfd-VrVDYcQnL4fGfuvRKsoOnD6JO00.jpeg?auto=webp&s=c4020165b33568fab5a7c5023daf53dc05f3959d'],"House passes final government funding bills in milestone, overcoming Democratic DHS opposition",,['No Paywall'],,,[],['r/politics'],https://reddit.com/r/politics/comments/1qk93qs/house_passes_final_government_funding_bills_in/,16,0,6,0,,"{'likes': 16, 'reposts': 0, 'quotes': 0}",1qk93qs,1qk93qs,reddit_multi_separate_files_v1
reddit,reddit,reddit_post,5p1ltmws,WouldbeWanderer,1ql2j65,politics,2026-01-23T22:02:27.889046+00:00,2026-01-23T20:49:22+00:00,https://reddit.com/r/politics/comments/1ql2j65/trump_pushes_his_power_to_new_heights_with_help/,reddit.com,['https://external-preview.redd.it/o8jj975AQ-ixdLep0QMu0kwgvSdsTZHLVNo-MmIhaYY.jpeg?auto=webp&s=e4ebc0447d9eca63f92bc94c4ab0ba9d4601ace2'],Trump pushes his power to new heights with help from loyal lieutenants,,['No Paywall'],,,[],['r/politics'],https://reddit.com/r/politics/comments/1ql2j65/trump_pushes_his_power_to_new_heights_with_help/,15,0,4,0,,"{'likes': 15, 'reposts': 0, 'quotes': 0}",1ql2j65,1ql2j65,reddit_multi_separate_files_v1
reddit,reddit,reddit_post,8spjttn6,MetaKnowing,1qkvjuo,politics,2026-01-23T22:02:28.416460+00:00,2026-01-23T16:33:06+00:00,https://reddit.com/r/politics/comments/1qkvjuo/how_ai_swallowed_tech_lobbying_in_2025/,reddit.com,['https://external-preview.redd.it/AsCeR7nOT9K4qBCgO77ePMLEExbtRs4rh8T9mCZPpI8.png?auto=webp&s=4396bcda35cdf5ab59fa12e13f62890928db531c'],How AI swallowed tech lobbying in 2025,,['Possible Paywall'],,,[],['r/politics'],https://reddit.com/r/politics/comments/1qkvjuo/how_ai_swallowed_tech_lobbying_in_2025/,15,0,3,0,,"{'likes': 15, 'reposts': 0, 'quotes': 0}",1qkvjuo,1qkvjuo,reddit_multi_separate_files_v1
reddit,reddit,reddit_post,w49j7npkb,Silent-Resort-3076,1qkcsta,politics,2026-01-23T22:02:28.757424+00:00,2026-01-23T01:12:50+00:00,https://reddit.com/r/politics/comments/1qkcsta/trump_agitators_and_insurrectionists_who/,reddit.com,['https://external-preview.redd.it/IH8tTG8nBX9YFnIqyZjGQy1eSQLtxXk1UfgX9E5X9vQ.jpeg?auto=webp&s=af392c2c6f44d838ca02f670bbc91661ccae2e34'],Trump: ‘Agitators and insurrectionists’ who disrupted Minnesota church should be jailed,,['No Paywall'],,,[],['r/politics'],https://reddit.com/r/politics/comments/1qkcsta/trump_agitators_and_insurrectionists_who/,13,0,54,0,,"{'likes': 13, 'reposts': 0, 'quotes': 0}",1qkcsta,1qkcsta,reddit_multi_separate_files_v1
reddit,reddit,reddit_post,7owm6,shelbys_foot,1qkxdl8,politics,2026-01-23T22:02:29.509090+00:00,2026-01-23T17:39:29+00:00,https://reddit.com/r/politics/comments/1qkxdl8/trump_says_us_armada_is_heading_to_iran/,reddit.com,['https://external-preview.redd.it/ToQWyThG56jKjvrDV18y0b7WgUUzSlcnMbYjaD_KWbA.jpeg?auto=webp&s=47c5c0137d3aab4b1985aefded660fa26c3dfc0f'],Trump Says U.S. ‘Armada’ Is Heading to Iran,,['Possible Paywall'],,,[],['r/politics'],https://reddit.com/r/politics/comments/1qkxdl8/trump_says_us_armada_is_heading_to_iran/,15,0,25,0,,"{'likes': 15, 'reposts': 0, 'quotes': 0}",1qkxdl8,1qkxdl8,reddit_multi_separate_files_v1
reddit,reddit,reddit_post,179965,washingtonpost,1qkrypb,politics,2026-01-23T22:02:29.858310+00:00,2026-01-23T14:16:45+00:00,https://reddit.com/r/politics/comments/1qkrypb/trump_administration_seeks_to_curb_antiabortion/,reddit.com,['https://external-preview.redd.it/d4_CGgUfoMcrKIU9pCxvVMDyY77URMIn7a3z7trRvtI.jpeg?auto=webp&s=ce30070dd8d3c298398fd5df7efb5fa842c1a1e1'],Trump administration seeks to curb antiabortion leaders’ ‘disappointment’,,['Possible Paywall'],,,[],['r/politics'],https://reddit.com/r/politics/comments/1qkrypb/trump_administration_seeks_to_curb_antiabortion/,11,0,7,0,,"{'likes': 11, 'reposts': 0, 'quotes': 0}",1qkrypb,1qkrypb,reddit_multi_separate_files_v1
reddit,reddit,reddit_post,8w7ag08t,HotThroatAction,1qk8r49,politics,2026-01-23T22:02:30.802056+00:00,2026-01-22T22:22:08+00:00,https://reddit.com/r/politics/comments/1qk8r49/mexico_sends_37_cartel_members_to_us_in_latest/,reddit.com,['https://external-preview.redd.it/sXff_rWTWIRm9pgSlJPsgPWxPCfozUj0IS3L2V5XYYE.jpeg?auto=webp&s=46703bca10c401bca48c15e36f812b65477b5601'],Mexico sends 37 cartel members to US in latest offer to Trump administration,,['No Paywall'],,,[],['r/politics'],https://reddit.com/r/politics/comments/1qk8r49/mexico_sends_37_cartel_members_to_us_in_latest/,13,0,6,0,,"{'likes': 13, 'reposts': 0, 'quotes': 0}",1qk8r49,1qk8r49,reddit_multi_separate_files_v1
reddit,reddit,reddit_post,1nikwmzqvr,rezwenn,1ql3ztq,politics,2026-01-23T22:02:31.333493+00:00,2026-01-23T21:45:56+00:00,https://reddit.com/r/politics/comments/1ql3ztq/canadas_carney_fires_back_at_trump_after_davos/,reddit.com,['https://external-preview.redd.it/zKifZAZMDFHnIK0tVb3Bbb7-oAIGZqoskkcURLdY1rg.jpeg?auto=webp&s=aa983f7d54883502b15dd6af766c7feb3992fa47'],Canada's Carney fires back at Trump after Davos speech,,['No Paywall'],,,[],['r/politics'],https://reddit.com/r/politics/comments/1ql3ztq/canadas_carney_fires_back_at_trump_after_davos/,10,0,4,0,,"{'likes': 10, 'reposts': 0, 'quotes': 0}",1ql3ztq,1ql3ztq,reddit_multi_separate_files_v1
reddit,reddit,reddit_post,bmacoos,vox,1qkrp78,politics,2026-01-23T22:02:31.664433+00:00,2026-01-23T14:06:09+00:00,https://reddit.com/r/politics/comments/1qkrp78/trumps_war_on_wall_street_landlords_could_raise/,reddit.com,['https://external-preview.redd.it/2bH4uaBgIEZOxGepswj9m8ml1UY26cRZe6j7eUpSIbQ.jpeg?auto=webp&s=2b96fef45f0612814d8c40b7e51e845b378f13d3'],Trump’s war on Wall Street landlords could raise your rent,,['Possible Paywall'],,,[],['r/politics'],https://reddit.com/r/politics/comments/1qkrp78/trumps_war_on_wall_street_landlords_could_raise/,10,0,25,0,,"{'likes': 10, 'reposts': 0, 'quotes': 0}",1qkrp78,1qkrp78,reddit_multi_separate_files_v1
reddit,reddit,reddit_post,ulg9u,southpawFA,1ql47qt,politics,2026-01-23T22:02:32.386371+00:00,2026-01-23T21:54:31+00:00,https://reddit.com/r/politics/comments/1ql47qt/i_dont_care_how_much_they_scream_william_wolfe/,reddit.com,['https://external-preview.redd.it/g9fUMoQnrPBdorygTfjFR1ZAKg_i8ghsmD9-EACDbmQ.jpeg?auto=webp&s=658633eece1875379cd97cf209b04accfb5e8a47'],'I Don't Care How Much They Scream': William Wolfe Backs Trump's Violent Deportation Operations,,['No Paywall'],,,[],['r/politics'],https://reddit.com/r/politics/comments/1ql47qt/i_dont_care_how_much_they_scream_william_wolfe/,9,0,11,0,,"{'likes': 9, 'reposts': 0, 'quotes': 0}",1ql47qt,1ql47qt,reddit_multi_separate_files_v1
reddit,reddit,reddit_post,2f260vw9,arrthur1,1ql0c45,politics,2026-01-23T22:02:33.831066+00:00,2026-01-23T19:26:33+00:00,https://reddit.com/r/politics/comments/1ql0c45/trump_administration_weighs_naval_blockade_to/,reddit.com,[],Trump administration weighs naval blockade to halt Cuban oil imports,,['Possible Paywall'],,,[],['r/politics'],https://reddit.com/r/politics/comments/1ql0c45/trump_administration_weighs_naval_blockade_to/,8,0,18,0,,"{'likes': 8, 'reposts': 0, 'quotes': 0}",1ql0c45,1ql0c45,reddit_multi_separate_files_v1
reddit,reddit,reddit_post,rh1coxs24,Aggressive-Tour4612,1ql1c9c,politics,2026-01-23T22:02:34.763972+00:00,2026-01-23T20:03:52+00:00,https://reddit.com/r/politics/comments/1ql1c9c/a_senate_primary_in_texas_tests_the_future_of/,reddit.com,[],A Senate Primary in Texas Tests the Future of Democratic Politics,,['Possible Paywall'],,,[],['r/politics'],https://reddit.com/r/politics/comments/1ql1c9c/a_senate_primary_in_texas_tests_the_future_of/,8,0,6,0,,"{'likes': 8, 'reposts': 0, 'quotes': 0}",1ql1c9c,1ql1c9c,reddit_multi_separate_files_v1
reddit,reddit,reddit_post,31rdxd2w,Crossstoney,1ql1tpo,politics,2026-01-23T22:02:35.506164+00:00,2026-01-23T20:22:09+00:00,https://reddit.com/r/politics/comments/1ql1tpo/us_expected_to_deport_dozens_of_iranians_as_trump/,reddit.com,['https://external-preview.redd.it/aPVzbAKC7YQE-C1qlOu-aamf5Oos5R-0NGU2-bwGpw4.jpeg?auto=webp&s=d6bb58b3ec5e13ca4d3c2c6993412ddff9009661'],US expected to deport dozens of Iranians as Trump threatens regime over crackdown,,['Possible Paywall'],,,[],['r/politics'],https://reddit.com/r/politics/comments/1ql1tpo/us_expected_to_deport_dozens_of_iranians_as_trump/,9,0,6,0,,"{'likes': 9, 'reposts': 0, 'quotes': 0}",1ql1tpo,1ql1tpo,reddit_multi_separate_files_v1
reddit,reddit,reddit_post,ebeuxc0p,msnownews,1ql2lwu,politics,2026-01-23T22:02:35.859327+00:00,2026-01-23T20:52:22+00:00,https://reddit.com/r/politics/comments/1ql2lwu/why_the_clintons_should_testify_about_jeffrey/,reddit.com,['https://external-preview.redd.it/4ztfEEpyLj9Oj-awdieGf58ihlL2xxaK6v-CMM8U4xY.jpeg?auto=webp&s=54b1ab4cc699b28ba22c44c65c0b90c79e86e912'],Why the Clintons should testify about Jeffrey Epstein,,['No Paywall'],,,[],['r/politics'],https://reddit.com/r/politics/comments/1ql2lwu/why_the_clintons_should_testify_about_jeffrey/,4,0,19,0,,"{'likes': 4, 'reposts': 0, 'quotes': 0}",1ql2lwu,1ql2lwu,reddit_multi_separate_files_v1
reddit,reddit,reddit_post,11fp4t9e0c,theipaper,1qkq9u5,politics,2026-01-23T22:02:36.786501+00:00,2026-01-23T13:04:54+00:00,https://reddit.com/r/politics/comments/1qkq9u5/trumps_six_most_bizarre_projects_he_hopes_will/,reddit.com,['https://external-preview.redd.it/lOZkamsijf_Pqb6EGdQTBdeCkDBynPkvnX9Yf39iBQw.png?auto=webp&s=b40c6d631e0ed6b9102a92b0f344210658d3b499'],Trump's six most bizarre projects he hopes will change the world,,['Possible Paywall'],,,[],['r/politics'],https://reddit.com/r/politics/comments/1qkq9u5/trumps_six_most_bizarre_projects_he_hopes_will/,2,0,17,0,,"{'likes': 2, 'reposts': 0, 'quotes': 0}",1qkq9u5,1qkq9u5,reddit_multi_separate_files_v1
reddit,reddit,reddit_post,17bzdd24i2,Street_Anon,1qkyi1n,politics,2026-01-23T22:02:37.311544+00:00,2026-01-23T18:19:51+00:00,https://reddit.com/r/politics/comments/1qkyi1n/we_should_let_them_come_down_into_the_us_bessent/,reddit.com,['https://external-preview.redd.it/npMc02WH-NY1Np9tBQrqKB1-C9pyvG6oXl9h6PyagHc.jpeg?auto=webp&s=d372f63ef35338ed31666ac2d9cfba6b11fc0a79'],‘We should let them come down into the U.S.’: Bessent weighs in on Alberta separatism,,['No Paywall'],,,[],['r/politics'],https://reddit.com/r/politics/comments/1qkyi1n/we_should_let_them_come_down_into_the_us_bessent/,1,0,50,0,,"{'likes': 1, 'reposts': 0, 'quotes': 0}",1qkyi1n,1qkyi1n,reddit_multi_separate_files_v1
reddit,reddit,reddit_post,1qbyx84of2,notusreports,1qkw2a9,politics,2026-01-23T22:02:37.652631+00:00,2026-01-23T16:51:47+00:00,https://reddit.com/r/politics/comments/1qkw2a9/one_year_into_trumps_second_term_some/,reddit.com,['https://external-preview.redd.it/jLiC9hiLAbroQteOcVJ8a0fBkNVozF1UHmiuxmPyzr4.jpeg?auto=webp&s=bc7efae29eb5e7e3fe0a7ff9e7b07cc02ba9d07b'],"One Year Into Trump’s Second Term, Some Anti-Abortion Leaders Say They Were ‘Betrayed’",,['No Paywall'],,,[],['r/politics'],https://reddit.com/r/politics/comments/1qkw2a9/one_year_into_trumps_second_term_some/,0,0,16,0,,"{'likes': 0, 'reposts': 0, 'quotes': 0}",1qkw2a9,1qkw2a9,reddit_multi_separate_files_v1
reddit,reddit,reddit_post,n7zu05n3g,forward,1qks4yj,politics,2026-01-23T22:02:38.386981+00:00,2026-01-23T14:23:53+00:00,https://reddit.com/r/politics/comments/1qks4yj/why_josh_shapiros_memoir_could_complicate_a/,reddit.com,['https://external-preview.redd.it/hnU9ipGboo12wfTGR6P0w4zkEclQWbisD6BtKp-eNKw.jpeg?auto=webp&s=830dff663408adf570d2cd4e72e22b921c8cde3c'],Why Josh Shapiro’s memoir could complicate a presidential run,,['No Paywall'],,,[],['r/politics'],https://reddit.com/r/politics/comments/1qks4yj/why_josh_shapiros_memoir_could_complicate_a/,0,0,46,0,,"{'likes': 0, 'reposts': 0, 'quotes': 0}",1qks4yj,1qks4yj,reddit_multi_separate_files_v1
reddit,reddit,reddit_post,10lgjo8d3g,DareToCMe,1qkkuoc,politics,2026-01-23T22:02:38.817838+00:00,2026-01-23T07:53:30+00:00,https://reddit.com/r/politics/comments/1qkkuoc/tiktok_seals_deal_for_new_us_joint_venture_to/,reddit.com,['https://external-preview.redd.it/xX_IyD_6y5KzEDZd6m_WC5NCz-Xu1D1-lY_awjDd2C8.jpeg?auto=webp&s=a5620963c9f4fd1e9a48df33b5f128cbc79f2950'],TikTok seals deal for new US joint venture to avoid American ban,,['Possible Paywall'],,,[],['r/politics'],https://reddit.com/r/politics/comments/1qkkuoc/tiktok_seals_deal_for_new_us_joint_venture_to/,0,0,7,0,,"{'likes': 0, 'reposts': 0, 'quotes': 0}",1qkkuoc,1qkkuoc,reddit_multi_separate_files_v1
reddit,reddit,reddit_post,ipqi1,Infidel8,1qkah7d,politics,2026-01-23T22:02:40.560557+00:00,2026-01-22T23:33:46+00:00,https://reddit.com/r/politics/comments/1qkah7d/jared_kushner_unveils_25_billion_plan_to/,reddit.com,[],Jared Kushner unveils $25 billion plan to transform Gaza into economic hub by 2035,,['No Paywall'],,,[],['r/politics'],https://reddit.com/r/politics/comments/1qkah7d/jared_kushner_unveils_25_billion_plan_to/,0,0,57,0,,"{'likes': 0, 'reposts': 0, 'quotes': 0}",1qkah7d,1qkah7d,reddit_multi_separate_files_v1
reddit,reddit,reddit_post,pw4omx8p6,thehill,1qkrm51,politics,2026-01-23T22:02:40.914439+00:00,2026-01-23T14:02:39+00:00,https://reddit.com/r/politics/comments/1qkrm51/ruben_gallego_a_bright_spot_in_a_bad_year_for/,reddit.com,['https://external-preview.redd.it/leT6pq3cnVCmxW8xABO-lk3OPaipefm53mS9sdgy-WE.jpeg?auto=webp&s=18341021e113f4c4bafb33858b47688a785c3a9c'],"Ruben Gallego, a bright spot in a bad year for Democrats, hears White House calls",,['No Paywall'],,,[],['r/politics'],https://reddit.com/r/politics/comments/1qkrm51/ruben_gallego_a_bright_spot_in_a_bad_year_for/,0,0,11,0,,"{'likes': 0, 'reposts': 0, 'quotes': 0}",1qkrm51,1qkrm51,reddit_multi_separate_files_v1
reddit,reddit,reddit_post,nqut9sr4,Historical-Bug-4784,1ql1eol,politics,2026-01-23T22:02:41.644951+00:00,2026-01-23T20:06:19+00:00,https://reddit.com/r/politics/comments/1ql1eol/erika_kirk_calls_antiice_protests_demonic/,reddit.com,['https://external-preview.redd.it/Ed5wJUnNb7oNjq1tbMUP03nkbyilmfjdK_g3lgHd9YQ.jpeg?auto=webp&s=63c4d8ec3ea8cd7228cc2ab79c1f144478af3d66'],"Erika Kirk calls anti-ICE protests ""demonic""",,['No Paywall'],,,[],['r/politics'],https://reddit.com/r/politics/comments/1ql1eol/erika_kirk_calls_antiice_protests_demonic/,0,0,69,0,,"{'likes': 0, 'reposts': 0, 'quotes': 0}",1ql1eol,1ql1eol,reddit_multi_separate_files_v1
reddit,reddit,reddit_post,kcsr8bo,toronto_star,1ql0pqr,politics,2026-01-23T22:02:41.983252+00:00,2026-01-23T19:40:21+00:00,https://reddit.com/r/politics/comments/1ql0pqr/trump_secretary_weighs_in_on_alberta_separatist/,reddit.com,['https://external-preview.redd.it/uBbuGqjCTVspP1CI3MT6E3ZE8P0OTui3TrAmSCcYjfI.jpeg?auto=webp&s=7d55241e43c3d5dee50ead1180b2561788b4f552'],Trump secretary weighs in on Alberta separatist movement: ‘They want what the U.S. has got’,,['No Paywall'],,,[],['r/politics'],https://reddit.com/r/politics/comments/1ql0pqr/trump_secretary_weighs_in_on_alberta_separatist/,0,0,44,0,,"{'likes': 0, 'reposts': 0, 'quotes': 0}",1ql0pqr,1ql0pqr,reddit_multi_separate_files_v1
reddit,reddit,reddit_post,7lui3pag1,Grumpy_001,1qkta3z,politics,2026-01-23T22:02:42.926101+00:00,2026-01-23T15:08:13+00:00,https://reddit.com/r/politics/comments/1qkta3z/the_deal_to_secure_tiktoks_future_in_the_us_has/,reddit.com,['https://external-preview.redd.it/UqUEtb2aq7GtHBR6CStpmBDXe8MPJ2oEm6Ys8LBsXN0.jpeg?auto=webp&s=22f793b87a539ebe0baa9c93643a541eb1d7cf81'],The deal to secure TikTok’s future in the US has finally closed,,['Possible Paywall'],,,[],['r/politics'],https://reddit.com/r/politics/comments/1qkta3z/the_deal_to_secure_tiktoks_future_in_the_us_has/,0,0,3,0,,"{'likes': 0, 'reposts': 0, 'quotes': 0}",1qkta3z,1qkta3z,reddit_multi_separate_files_v1
reddit,reddit,reddit_post,kx2vbyz,wsj,1ql23t0,politics,2026-01-23T22:02:43.468208+00:00,2026-01-23T20:32:48+00:00,https://reddit.com/r/politics/comments/1ql23t0/why_congress_cant_claw_back_war_powers_from_trump/,reddit.com,['https://external-preview.redd.it/abUs9uDYuHyLfHmakr_YguzithJrTXfUagVakIDQaTo.jpeg?auto=webp&s=4e42c7216ea3d2a9c554b81a74f236d6f6bc00f0'],Why Congress Can’t Claw Back War Powers From Trump,,[],,,[],['r/politics'],https://reddit.com/r/politics/comments/1ql23t0/why_congress_cant_claw_back_war_powers_from_trump/,0,0,18,0,,"{'likes': 0, 'reposts': 0, 'quotes': 0}",1ql23t0,1ql23t0,reddit_multi_separate_files_v1
reddit,reddit,reddit_post,8837zm21,real_ikonn,1qkgljv,politics,2026-01-23T22:02:43.814776+00:00,2026-01-23T04:05:15+00:00,https://reddit.com/r/politics/comments/1qkgljv/the_great_race_for_the_arctic_why_russia_china/,reddit.com,['https://external-preview.redd.it/E78IPgUYhzLbKZY_RBF6QqqdhrLHhtULIDh4FhRXfJQ.jpeg?auto=webp&s=d0349c7bf689f99af6481756171100fe9aee12fa'],"The great race for the Arctic: Why Russia, China and the US all have it in their sights",,['Possible Paywall'],,,[],['r/politics'],https://reddit.com/r/politics/comments/1qkgljv/the_great_race_for_the_arctic_why_russia_china/,0,0,14,0,,"{'likes': 0, 'reposts': 0, 'quotes': 0}",1qkgljv,1qkgljv,reddit_multi_separate_files_v1
reddit,reddit,reddit_post,488jhlao,kirby__000,1qkksj5,politics,2026-01-23T22:02:44.571092+00:00,2026-01-23T07:49:53+00:00,https://reddit.com/r/politics/comments/1qkksj5/trump_snubs_canada_by_withdrawing_countrys_invite/,reddit.com,['https://external-preview.redd.it/-Eeqbz0ZaOBaR_dHapWnTmiqlQMkK620MT4S4QODKSw.jpeg?auto=webp&s=ecbc8c3b10c35b790f21e31dc9768d6ad575d97a'],Trump snubs Canada by withdrawing country's invite to join 'most prestigious Board of Leaders ever',,['No Paywall'],,,[],['r/politics'],https://reddit.com/r/politics/comments/1qkksj5/trump_snubs_canada_by_withdrawing_countrys_invite/,0,0,37,0,,"{'likes': 0, 'reposts': 0, 'quotes': 0}",1qkksj5,1qkksj5,reddit_multi_separate_files_v1
reddit,reddit,reddit_post,19jnt71yju,jewish_insider,1qkci5g,politics,2026-01-23T22:02:44.927762+00:00,2026-01-23T00:59:52+00:00,https://reddit.com/r/politics/comments/1qkci5g/in_new_ad_john_cornyn_blasts_radical_islam_for/,reddit.com,['https://external-preview.redd.it/gmazvj7pyvvkS32vHXfQPADxNt8lW40OGWCah0bN8Qc.jpeg?auto=webp&s=d2e7394e8a0205b33034db0aa6685c4a2dc6f815'],"In new ad, John Cornyn blasts radical Islam for Oct. 7, Bondi Beach attacks",,['Possible Paywall'],,,[],['r/politics'],https://reddit.com/r/politics/comments/1qkci5g/in_new_ad_john_cornyn_blasts_radical_islam_for/,0,0,10,0,,"{'likes': 0, 'reposts': 0, 'quotes': 0}",1qkci5g,1qkci5g,reddit_multi_separate_files_v1
reddit,reddit,reddit_post,nbyh8,3headeddragn,1qkwkv8,politics,2026-01-23T22:02:46.537834+00:00,2026-01-23T17:10:35+00:00,https://reddit.com/r/politics/comments/1qkwkv8/two_comedians_told_the_truth_about_jasmine/,reddit.com,[],Two Comedians Told the Truth About Jasmine Crockett’s Campaign,,['Possible Paywall'],,,[],['r/politics'],https://reddit.com/r/politics/comments/1qkwkv8/two_comedians_told_the_truth_about_jasmine/,0,0,21,0,,"{'likes': 0, 'reposts': 0, 'quotes': 0}",1qkwkv8,1qkwkv8,reddit_multi_separate_files_v1
reddit,reddit,reddit_post,1vpv4jp3vx,Alternative_Rate7474,1qkv9zn,politics,2026-01-23T22:02:46.870721+00:00,2026-01-23T16:22:53+00:00,https://reddit.com/r/politics/comments/1qkv9zn/national_day_of_patriotic_devotion_2026/,reddit.com,['https://external-preview.redd.it/4FzYal9cqXZ3s9Qt8n9HScEecjdldqOd04HXExzO8i8.jpeg?auto=webp&s=ecf43e8e82602652ec95e06f13b6ce18da205b9c'],"National Day of Patriotic Devotion, 2026",,['No Paywall'],,,[],['r/politics'],https://reddit.com/r/politics/comments/1qkv9zn/national_day_of_patriotic_devotion_2026/,0,0,29,0,,"{'likes': 0, 'reposts': 0, 'quotes': 0}",1qkv9zn,1qkv9zn,reddit_multi_separate_files_v1
reddit,reddit,reddit_post,a1qwsbow,Acsnook-007,1qkr2jd,politics,2026-01-23T22:02:47.600473+00:00,2026-01-23T13:40:08+00:00,https://reddit.com/r/politics/comments/1qkr2jd/rep_ilhan_omars_net_worth_skyrockets_to_as_much/,reddit.com,['https://external-preview.redd.it/OTutWgjXA5aU3I-EUQ6GP7E_N-7itOD6ZSPebqjqUJg.jpeg?auto=webp&s=6740ba031f0668b2541c52b525854e9a55a93a5b'],Rep. Ilhan Omar’s net worth skyrockets to as much as $30 million – months after denying she was a millionaire,,['No Paywall'],,,[],['r/politics'],https://reddit.com/r/politics/comments/1qkr2jd/rep_ilhan_omars_net_worth_skyrockets_to_as_much/,0,0,73,0,,"{'likes': 0, 'reposts': 0, 'quotes': 0}",1qkr2jd,1qkr2jd,reddit_multi_separate_files_v1
