source,docType,type,userId,userName,sourceId,sourceName,collectDate,createDate,postLink,domain,pictures,title,description,tags,content,logoLink,provinces,categories,link,numLikes,numDislikes,numComments,numShares,numViews,reactions,docId,postId,fromCrawler
reddit,reddit,reddit_post,2fgvmam,FervidBug42,1qm6mr4,politics,2026-01-25T22:00:05.487804+00:00,2026-01-25T02:27:29+00:00,https://reddit.com/r/politics/comments/1qm6mr4/democrats_threaten_government_shutdown_over_ice/,reddit.com,['https://external-preview.redd.it/1gEUKupigR5PpkCaziZppeEFKZoe1Kh7lwCjV71fdLU.jpeg?auto=webp&s=7b2b841ba8ac9c180938e1ba2e630c26109a6b86'],Democrats threaten government shutdown over ICE funding,,['Possible Paywall'],,,[],['r/politics'],https://reddit.com/r/politics/comments/1qm6mr4/democrats_threaten_government_shutdown_over_ice/,37808,0,2203,0,,"{'likes': 37808, 'reposts': 0, 'quotes': 0}",1qm6mr4,1qm6mr4,reddit_multi_separate_files_v1
reddit,reddit,reddit_post,1nikwmzqvr,rezwenn,1qmmlvt,politics,2026-01-25T22:00:06.339932+00:00,2026-01-25T15:48:53+00:00,https://reddit.com/r/politics/comments/1qmmlvt/yes_its_fascism/,reddit.com,['https://external-preview.redd.it/KzctAiYOAT6UlqCoRuRFLLGLfeaSBtA12wDHhKr1jFM.png?auto=webp&s=7c00d3e95c7a6170785780c86338e56a7d552aa4'],"Yes, It’s Fascism",,['Possible Paywall'],,,[],['r/politics'],https://reddit.com/r/politics/comments/1qmmlvt/yes_its_fascism/,28737,0,940,0,,"{'likes': 28737, 'reposts': 0, 'quotes': 0}",1qmmlvt,1qmmlvt,reddit_multi_separate_files_v1
reddit,reddit,reddit_post,z3p640j,Ydeas,1qmk7ev,politics,2026-01-25T22:00:06.695836+00:00,2026-01-25T14:15:42+00:00,https://reddit.com/r/politics/comments/1qmk7ev/pam_bondi_offers_to_pull_ice_out_of_minneapolis/,reddit.com,['https://external-preview.redd.it/iE0drsCv9G59r3qM4aoGDypfG-PYEvWhG5WHY_wbdKI.jpeg?auto=webp&s=2eaa4e82395b4acd23caca618a5cec5dae18110c'],Pam Bondi offers to pull ICE out of Minneapolis if voter files handed over,,['No Paywall'],,,[],['r/politics'],https://reddit.com/r/politics/comments/1qmk7ev/pam_bondi_offers_to_pull_ice_out_of_minneapolis/,28343,0,2716,0,,"{'likes': 28343, 'reposts': 0, 'quotes': 0}",1qmk7ev,1qmk7ev,reddit_multi_separate_files_v1
reddit,reddit,reddit_post,1pikv5a49y,OddUmpire2554,1qm7v6j,politics,2026-01-25T22:00:07.040009+00:00,2026-01-25T03:24:20+00:00,https://reddit.com/r/politics/comments/1qm7v6j/public_opinion_shifts_on_ice_as_advocates_warn_of/,reddit.com,['https://external-preview.redd.it/-vOGQBOG0-ifvBHcPADf6KWHqgOq5dZzSQuirY5Vwcg.jpeg?auto=webp&s=f55cbc28e3dc76803a2786d8948efb676b0df91d'],Public opinion shifts on ICE as advocates warn of US ‘inflection point’,,['No Paywall'],,,[],['r/politics'],https://reddit.com/r/politics/comments/1qm7v6j/public_opinion_shifts_on_ice_as_advocates_warn_of/,20168,0,1166,0,,"{'likes': 20168, 'reposts': 0, 'quotes': 0}",1qm7v6j,1qm7v6j,reddit_multi_separate_files_v1
reddit,reddit,reddit_post,jfh27y2c,Rock-n-roll-Kevin,1qm4p77,politics,2026-01-25T22:00:07.382998+00:00,2026-01-25T01:01:44+00:00,https://reddit.com/r/politics/comments/1qm4p77/alex_wanted_to_make_a_difference_in_the_world/,reddit.com,['https://external-preview.redd.it/JTH9Lpf_22HRuke5fDw25bOy-OvkRFV8zqxYU3LLDCI.jpeg?auto=webp&s=f7e76ac50cc9214b7facfa7656cb88e89479c8a5'],'Alex wanted to make a difference in the world' | Family of man shot and killed by federal agents releases statement,,['No Paywall'],,,[],['r/politics'],https://reddit.com/r/politics/comments/1qm4p77/alex_wanted_to_make_a_difference_in_the_world/,19913,0,671,0,,"{'likes': 19913, 'reposts': 0, 'quotes': 0}",1qm4p77,1qm4p77,reddit_multi_separate_files_v1
reddit,reddit,reddit_post,79yhos6p,Lotus532,1qm0bzh,politics,2026-01-25T22:00:07.725943+00:00,2026-01-24T22:01:10+00:00,https://reddit.com/r/politics/comments/1qm0bzh/why_arent_the_lawyers_and_bar_associations/,reddit.com,['https://external-preview.redd.it/XjOX2q9byik46-Qf2v0eEhdnBYvk8W4JaJlhOaAAGBY.jpeg?auto=webp&s=39469a8ef593b41de26239070bd1b0031370574b'],Why Aren’t the Lawyers and Bar Associations Screaming From the Rooftops for Trump’s Impeachment?,,['No Paywall'],,,[],['r/politics'],https://reddit.com/r/politics/comments/1qm0bzh/why_arent_the_lawyers_and_bar_associations/,17094,0,385,0,,"{'likes': 17094, 'reposts': 0, 'quotes': 0}",1qm0bzh,1qm0bzh,reddit_multi_separate_files_v1
reddit,reddit,reddit_post,4i6a95ew,Jay_CD,1qme501,politics,2026-01-25T22:00:08.074100+00:00,2026-01-25T08:57:13+00:00,https://reddit.com/r/politics/comments/1qme501/alex_pretti_did_not_brandish_gun_witnesses_say_in/,reddit.com,['https://external-preview.redd.it/Jrl4Qf2vwwTThwKr0Iy34fXaftI470NgRUz8o36R2aE.jpeg?auto=webp&s=e6a0aeb41041536b1fc6e8729293eccb3771ebe7'],"Alex Pretti did not brandish gun, witnesses say in sworn testimony | Minneapolis",,['No Paywall'],,,[],['r/politics'],https://reddit.com/r/politics/comments/1qme501/alex_pretti_did_not_brandish_gun_witnesses_say_in/,15216,0,344,0,,"{'likes': 15216, 'reposts': 0, 'quotes': 0}",1qme501,1qme501,reddit_multi_separate_files_v1
reddit,reddit,reddit_post,3x3odpf,unital_subalgebra,1qm4g1o,politics,2026-01-25T22:00:08.419249+00:00,2026-01-25T00:50:42+00:00,https://reddit.com/r/politics/comments/1qm4g1o/democrats_refuse_to_fund_ice_after_shooting/,reddit.com,['https://external-preview.redd.it/_E0X4Zw4W_Vz8y2r5v_xwUeCRQou_ayqEsWTEHKc3oY.jpeg?auto=webp&s=0275d6fd7141c24e42af1b38d8ff9516367a75ab'],"Democrats Refuse to Fund ICE After Shooting, Imperiling Spending Deal",,['Possible Paywall'],,,[],['r/politics'],https://reddit.com/r/politics/comments/1qm4g1o/democrats_refuse_to_fund_ice_after_shooting/,13230,0,764,0,,"{'likes': 13230, 'reposts': 0, 'quotes': 0}",1qm4g1o,1qm4g1o,reddit_multi_separate_files_v1
reddit,reddit,reddit_post,ngbcd,PissLikeaRacehorse,1qmk84j,politics,2026-01-25T22:00:08.766277+00:00,2026-01-25T14:16:32+00:00,https://reddit.com/r/politics/comments/1qmk84j/in_secret_recordings_cruz_trashes_trump_vance/,reddit.com,['https://external-preview.redd.it/Tx6KjiiyfAsBHp1YkRv6x53oDru0jQd4t6AVXAOmzbU.jpeg?auto=webp&s=a5bc3a284df61f534cc52c08d0037eabe50c0eea'],"In secret recordings, Cruz trashes Trump, Vance",,['Possible Paywall'],,,[],['r/politics'],https://reddit.com/r/politics/comments/1qmk84j/in_secret_recordings_cruz_trashes_trump_vance/,12298,0,558,0,,"{'likes': 12298, 'reposts': 0, 'quotes': 0}",1qmk84j,1qmk84j,reddit_multi_separate_files_v1
reddit,reddit,reddit_post,1wp75q8ljb,Puzzled49,1qmrrvv,politics,2026-01-25T22:00:09.123106+00:00,2026-01-25T18:54:15+00:00,https://reddit.com/r/politics/comments/1qmrrvv/fbi_director_kash_patel_suggests_its_illegal_to/,reddit.com,['https://external-preview.redd.it/kqQNfXywfUm5D-vg62IbaJ_ul9_C1GzEQTwRkv7MBcs.jpeg?auto=webp&s=93486d9853e1bebaf5b822eb9b78bf43b76c13f7'],FBI Director Kash Patel Suggests It’s Illegal to Bring Guns to Protests,,['Paywall'],,,[],['r/politics'],https://reddit.com/r/politics/comments/1qmrrvv/fbi_director_kash_patel_suggests_its_illegal_to/,9518,0,717,0,,"{'likes': 9518, 'reposts': 0, 'quotes': 0}",1qmrrvv,1qmrrvv,reddit_multi_separate_files_v1
reddit,reddit,reddit_post,v7o3l027,Silly-avocatoe,1qm4xho,politics,2026-01-25T22:00:09.458086+00:00,2026-01-25T01:11:53+00:00,https://reddit.com/r/politics/comments/1qm4xho/alexandria_ocasiocortez_says_we_have_to_draw_a/,reddit.com,['https://external-preview.redd.it/J06nJwb4QAbdVSsYiPUX-MgiYaDxj9yACDNPcTy3sEI.jpeg?auto=webp&s=5ba58d60850894ff57b4bea4554ef15af0c74521'],Alexandria Ocasio-Cortez says ‘we have to draw a line in the sand now’ after fatal shooting by federal agents in Minnesota,,['Possible Paywall'],,,[],['r/politics'],https://reddit.com/r/politics/comments/1qm4xho/alexandria_ocasiocortez_says_we_have_to_draw_a/,9182,0,336,0,,"{'likes': 9182, 'reposts': 0, 'quotes': 0}",1qm4xho,1qm4xho,reddit_multi_separate_files_v1
reddit,reddit,reddit_post,bmacoos,vox,1qmndzo,politics,2026-01-25T22:00:09.784108+00:00,2026-01-25T16:16:49+00:00,https://reddit.com/r/politics/comments/1qmndzo/the_killing_of_alex_pretti_is_a_grim_turning_point/,reddit.com,['https://external-preview.redd.it/Y-B_SVKfnkUlMlnw4Silp9GuZs8KxLuraxi2wbsM1g0.jpeg?auto=webp&s=a406e3a701143ce52931d511c4459b1e793e282d'],The killing of Alex Pretti is a grim turning point,,['Possible Paywall'],,,[],['r/politics'],https://reddit.com/r/politics/comments/1qmndzo/the_killing_of_alex_pretti_is_a_grim_turning_point/,8803,0,481,0,,"{'likes': 8803, 'reposts': 0, 'quotes': 0}",1qmndzo,1qmndzo,reddit_multi_separate_files_v1
reddit,reddit,reddit_post,624kdlfn,MarcEElias,1qm2mg2,politics,2026-01-25T22:00:10.120880+00:00,2026-01-24T23:33:16+00:00,https://reddit.com/r/politics/comments/1qm2mg2/ag_bondi_demands_access_to_minnesota_voter_rolls/,reddit.com,['https://external-preview.redd.it/hHc6y2Gkx2k0wQfD4Euy-OQEcT9YJTARGP09jniakkE.jpeg?auto=webp&s=5f3a75ba27eb0b065afd0ea6a44b0a17aee5efba'],AG Bondi demands access to Minnesota voter rolls after fatal Border Patrol shooting,,['No Paywall'],,,[],['r/politics'],https://reddit.com/r/politics/comments/1qm2mg2/ag_bondi_demands_access_to_minnesota_voter_rolls/,7191,0,581,0,,"{'likes': 7191, 'reposts': 0, 'quotes': 0}",1qm2mg2,1qm2mg2,reddit_multi_separate_files_v1
reddit,reddit,reddit_post,6l0jj83s,tw1st3d_m3nt4t,1qmfdu1,politics,2026-01-25T22:00:10.463751+00:00,2026-01-25T10:10:36+00:00,https://reddit.com/r/politics/comments/1qmfdu1/this_is_what_fascism_looks_like_terror_in/,reddit.com,['https://external-preview.redd.it/PbXV4t4ciOz8z-wjC11cfhZQq_dogLc69l-mzlh-j6k.jpeg?auto=webp&s=82a5f9710ed739e15d979713d9bb9e423891ea9b'],‘This is what fascism looks like’: terror in Minneapolis reminiscent of civil war,,['No Paywall'],,,[],['r/politics'],https://reddit.com/r/politics/comments/1qmfdu1/this_is_what_fascism_looks_like_terror_in/,7111,0,181,0,,"{'likes': 7111, 'reposts': 0, 'quotes': 0}",1qmfdu1,1qmfdu1,reddit_multi_separate_files_v1
reddit,reddit,reddit_post,uf7as41t,DeathClawdVanDamn,1qm3nj7,politics,2026-01-25T22:00:14.037572+00:00,2026-01-25T00:16:50+00:00,https://reddit.com/r/politics/comments/1qm3nj7/shutdown_risk_grows_as_democrats_revolt_after/,reddit.com,[],Shutdown risk grows as Democrats revolt after Minneapolis shooting,,['Possible Paywall'],,,[],['r/politics'],https://reddit.com/r/politics/comments/1qm3nj7/shutdown_risk_grows_as_democrats_revolt_after/,5826,0,353,0,,"{'likes': 5826, 'reposts': 0, 'quotes': 0}",1qm3nj7,1qm3nj7,reddit_multi_separate_files_v1
reddit,reddit,reddit_post,j5huu6mi,Streona,1qm3kvi,politics,2026-01-25T22:00:14.378027+00:00,2026-01-25T00:13:38+00:00,https://reddit.com/r/politics/comments/1qm3kvi/federal_agent_reportedly_said_boo_hoo_after/,reddit.com,['https://external-preview.redd.it/MGLmgzXuwA7mILhFoQx0V6wDBN3RSbmXs2szB-fnraE.jpeg?auto=webp&s=5ed86e746289b0289bd7d7a852980cf5f4adb56a'],"Federal Agent Reportedly Said ‘Boo Hoo’ After Minneapolis Man Was Shot Dead, Mayor Asks ‘How Many More Americans Need to Die?’",,['No Paywall'],,,[],['r/politics'],https://reddit.com/r/politics/comments/1qm3kvi/federal_agent_reportedly_said_boo_hoo_after/,5677,0,236,0,,"{'likes': 5677, 'reposts': 0, 'quotes': 0}",1qm3kvi,1qm3kvi,reddit_multi_separate_files_v1
reddit,reddit,reddit_post,8lemz,Large_banana_hammock,1qmnrsy,politics,2026-01-25T22:00:14.729996+00:00,2026-01-25T16:30:39+00:00,https://reddit.com/r/politics/comments/1qmnrsy/nurses_union_calls_ice_agents_public_health/,reddit.com,['https://external-preview.redd.it/LJhVf0BBPZGuVx9f1YzUnFB_eZnNRLGLKs0344X81x8.jpeg?auto=webp&s=9a42350077ab4ee771494935001b3bbb7c733832'],Nurses Union Calls ICE Agents “Public Health Threat” After Alex Pretti Killing,,['No Paywall'],,,[],['r/politics'],https://reddit.com/r/politics/comments/1qmnrsy/nurses_union_calls_ice_agents_public_health/,5025,0,112,0,,"{'likes': 5025, 'reposts': 0, 'quotes': 0}",1qmnrsy,1qmnrsy,reddit_multi_separate_files_v1
reddit,reddit,reddit_post,1pikv5a49y,OddUmpire2554,1qm7ir8,politics,2026-01-25T22:00:15.090202+00:00,2026-01-25T03:07:56+00:00,https://reddit.com/r/politics/comments/1qm7ir8/gov_tim_walz_says_minnesotas_justice_system_will/,reddit.com,['https://external-preview.redd.it/Co0N2vdZ8Ndfhtmq-Az0mGjipOh36QaCezSYjJXRQSs.jpeg?auto=webp&s=5742411d1795e33fec93ab81de73b21b53505ba6'],Gov. Tim Walz says Minnesota's justice system will have last word on the ICE shootings in Minnesota,,['No Paywall'],,,[],['r/politics'],https://reddit.com/r/politics/comments/1qm7ir8/gov_tim_walz_says_minnesotas_justice_system_will/,4984,0,344,0,,"{'likes': 4984, 'reposts': 0, 'quotes': 0}",1qm7ir8,1qm7ir8,reddit_multi_separate_files_v1
reddit,reddit,reddit_post,1mr0p9zmdj,The_Flaneur_Films,1qmafc9,politics,2026-01-25T22:00:15.439201+00:00,2026-01-25T05:31:58+00:00,https://reddit.com/r/politics/comments/1qmafc9/nra_reminds_country_guns_are_required_to_fend_off/,reddit.com,['https://external-preview.redd.it/E9iN_7pKyLnn7DNtQP0caaHx6FurRgE3ONck4jJoqDE.jpeg?auto=webp&s=ce6c6cfc5745da0fb80698e17b5de2d3e74e4943'],NRA Reminds Country Guns Are Required To Fend Off Government,,['Possible Paywall'],,,[],['r/politics'],https://reddit.com/r/politics/comments/1qmafc9/nra_reminds_country_guns_are_required_to_fend_off/,4956,0,227,0,,"{'likes': 4956, 'reposts': 0, 'quotes': 0}",1qmafc9,1qmafc9,reddit_multi_separate_files_v1
reddit,reddit,reddit_post,sw3xtpv2,Som3GuyOrOther,1qmionr,politics,2026-01-25T22:00:15.791612+00:00,2026-01-25T13:08:57+00:00,https://reddit.com/r/politics/comments/1qmionr/judge_blocks_trump_admin_from_destroying_or/,reddit.com,['https://external-preview.redd.it/h5TfNeaqFKneiuJ5CT0zjq4YVBairCf-6vYhOt78dQE.jpeg?auto=webp&s=e15392cd84c33fbbea358bbce1820e9b7ce3d50a'],Judge blocks Trump admin from 'destroying or altering' evidence in deadly Minneapolis shooting,,['No Paywall'],,,[],['r/politics'],https://reddit.com/r/politics/comments/1qmionr/judge_blocks_trump_admin_from_destroying_or/,4862,0,247,0,,"{'likes': 4862, 'reposts': 0, 'quotes': 0}",1qmionr,1qmionr,reddit_multi_separate_files_v1
reddit,reddit,reddit_post,8lemz,Large_banana_hammock,1qmotw0,politics,2026-01-25T22:00:16.152125+00:00,2026-01-25T17:08:47+00:00,https://reddit.com/r/politics/comments/1qmotw0/bovino_backtracks_after_saying_man_killed_by_cbp/,reddit.com,['https://external-preview.redd.it/o7eKY8-sT5b3HPAElS5Ti_v8aB3_vkYnWkGyuXjBn_M.jpeg?auto=webp&s=c7fdd5f13593bed3a3a65a5aacc00bc23a35c9d5'],Bovino Backtracks After Saying Man Killed by CBP Wanted to ‘Massacre’ Officers,,['No Paywall'],,,[],['r/politics'],https://reddit.com/r/politics/comments/1qmotw0/bovino_backtracks_after_saying_man_killed_by_cbp/,4794,0,436,0,,"{'likes': 4794, 'reposts': 0, 'quotes': 0}",1qmotw0,1qmotw0,reddit_multi_separate_files_v1
reddit,reddit,reddit_post,hkkroaw,wiredmagazine,1qm48e7,politics,2026-01-25T22:00:16.508997+00:00,2026-01-25T00:41:24+00:00,https://reddit.com/r/politics/comments/1qm48e7/the_instant_smear_campaign_against_border_patrol/,reddit.com,['https://external-preview.redd.it/Xy25QghIqpCv3R4twie3iDZI4FISxJ3AloMwrAEeAHE.jpeg?auto=webp&s=ecf6f6b3925664a84bc999114b819bd0055e4068'],The Instant Smear Campaign Against Border Patrol Shooting Victim Alex Pretti,,['Possible Paywall'],,,[],['r/politics'],https://reddit.com/r/politics/comments/1qm48e7/the_instant_smear_campaign_against_border_patrol/,4175,0,169,0,,"{'likes': 4175, 'reposts': 0, 'quotes': 0}",1qm48e7,1qm48e7,reddit_multi_separate_files_v1
reddit,reddit,reddit_post,ba84y,Running_From_Zombies,1qm1c55,politics,2026-01-25T22:00:16.858144+00:00,2026-01-24T22:41:05+00:00,https://reddit.com/r/politics/comments/1qm1c55/state_investigators_say_feds_blocked_their_access/,reddit.com,['https://external-preview.redd.it/DyexOGVjhiLu0iz5JUXPAHk2P0KpY4NoCoEcFmKmkS8.jpeg?auto=webp&s=70f9c54bb4f2466dd0ab271c20e639faf5034b32'],"State investigators say feds ""blocked"" their access to Minneapolis shooting scene, despite warrant",,['No Paywall'],,,[],['r/politics'],https://reddit.com/r/politics/comments/1qm1c55/state_investigators_say_feds_blocked_their_access/,4125,0,276,0,,"{'likes': 4125, 'reposts': 0, 'quotes': 0}",1qm1c55,1qm1c55,reddit_multi_separate_files_v1
reddit,reddit,reddit_post,35fk2,Quirkie,1qmk8r0,politics,2026-01-25T22:00:17.204546+00:00,2026-01-25T14:17:15+00:00,https://reddit.com/r/politics/comments/1qmk8r0/trump_has_lost_the_trust_of_the_people_with_his/,reddit.com,['https://external-preview.redd.it/7vl8GyFTbENA7E6SCc2YWHNmq6Wd3FS6MFyRzWsqzgc.jpeg?auto=webp&s=29ba76d8f01277dd2526d5894ae4c2786935c697'],Trump Has Lost the Trust of the People With His ICE Lies,,['Possible Paywall'],,,[],['r/politics'],https://reddit.com/r/politics/comments/1qmk8r0/trump_has_lost_the_trust_of_the_people_with_his/,4089,0,294,0,,"{'likes': 4089, 'reposts': 0, 'quotes': 0}",1qmk8r0,1qmk8r0,reddit_multi_separate_files_v1
reddit,reddit,reddit_post,68la5wao,ChiGuy6124,1qmssog,politics,2026-01-25T22:00:17.555955+00:00,2026-01-25T19:30:41+00:00,https://reddit.com/r/politics/comments/1qmssog/mtg_defends_protester_shot_by_dhs_and_says_people/,reddit.com,['https://external-preview.redd.it/2ZtQcLqkGhMuFIgOqZYb8BtF8BLiYvqZrJ249GmLgLY.jpeg?auto=webp&s=9cf42f26da688277eb3375037259f1d7e42f48e6'],MTG defends protester shot by DHS and says people need to lose their ‘blinders’: ‘You are all being incited into civil war’,,['No Paywall'],,,[],['r/politics'],https://reddit.com/r/politics/comments/1qmssog/mtg_defends_protester_shot_by_dhs_and_says_people/,3937,0,319,0,,"{'likes': 3937, 'reposts': 0, 'quotes': 0}",1qmssog,1qmssog,reddit_multi_separate_files_v1
reddit,reddit,reddit_post,tshbesya,OkayButFoRealz,1qmlkqc,politics,2026-01-25T22:00:17.903919+00:00,2026-01-25T15:10:04+00:00,https://reddit.com/r/politics/comments/1qmlkqc/former_trump_admin_dhs_lawyer_demands_presidents/,reddit.com,['https://external-preview.redd.it/0MVxmCMEgbxht19RjWYwCUCUjOHBWPV7p7e317wmFuY.jpeg?auto=webp&s=e3c48acafd2d88de18a87b2ac1dd9ecb6aeaefc6'],Former Trump Admin DHS Lawyer Demands President’s Impeachment,,['No Paywall'],,,[],['r/politics'],https://reddit.com/r/politics/comments/1qmlkqc/former_trump_admin_dhs_lawyer_demands_presidents/,3798,0,75,0,,"{'likes': 3798, 'reposts': 0, 'quotes': 0}",1qmlkqc,1qmlkqc,reddit_multi_separate_files_v1
reddit,reddit,reddit_post,k4oq4by,huffpost,1qmt93z,politics,2026-01-25T22:00:18.258708+00:00,2026-01-25T19:47:21+00:00,https://reddit.com/r/politics/comments/1qmt93z/obama_says_killing_of_alex_pretti_should_be/,reddit.com,['https://external-preview.redd.it/RRb6_gtud0lv9vJErT2znj5pm8kZabL4Qil9ybUEVs0.jpeg?auto=webp&s=5c0b7aa0dc85df1bf056b6849402e9d2c13eefe0'],Obama Says Killing Of Alex Pretti Should Be 'Wake-Up Call' To All Americans,,['No Paywall'],,,[],['r/politics'],https://reddit.com/r/politics/comments/1qmt93z/obama_says_killing_of_alex_pretti_should_be/,3283,0,183,0,,"{'likes': 3283, 'reposts': 0, 'quotes': 0}",1qmt93z,1qmt93z,reddit_multi_separate_files_v1
reddit,reddit,reddit_post,35fk2,Quirkie,1qmm0v7,politics,2026-01-25T22:00:18.614014+00:00,2026-01-25T15:27:04+00:00,https://reddit.com/r/politics/comments/1qmm0v7/jack_smith_lays_it_out_trump_has_shattered_the/,reddit.com,['https://external-preview.redd.it/uxHPHdqrsxJyDNgonZz0t8G2JRCHhT7rguNdG723r9M.jpeg?auto=webp&s=35350fb14ab9a6aa3f94598b0521009a30a3020c'],Jack Smith lays it out: Trump has shattered the rule of law - The former special counsel's congressional testimony was a reminder: We could have been spared a second Trump term,,['No Paywall'],,,[],['r/politics'],https://reddit.com/r/politics/comments/1qmm0v7/jack_smith_lays_it_out_trump_has_shattered_the/,3183,0,123,0,,"{'likes': 3183, 'reposts': 0, 'quotes': 0}",1qmm0v7,1qmm0v7,reddit_multi_separate_files_v1
reddit,reddit,reddit_post,j5huu6mi,Streona,1qm16nw,politics,2026-01-25T22:00:18.958798+00:00,2026-01-24T22:34:56+00:00,https://reddit.com/r/politics/comments/1qm16nw/minnesota_gov_walz_vows_state_investigation_into/,reddit.com,['https://external-preview.redd.it/ZM9VybM12o57WblkyTHtin1qZlo_2p3UHlycFSYtXGA.jpeg?auto=webp&s=692723d080b814ea5af524091ff71b7b2d947ee7'],"Minnesota Gov. Walz vows state investigation into DHS ""lies"" about shooting",,['Possible Paywall'],,,[],['r/politics'],https://reddit.com/r/politics/comments/1qm16nw/minnesota_gov_walz_vows_state_investigation_into/,3183,0,108,0,,"{'likes': 3183, 'reposts': 0, 'quotes': 0}",1qm16nw,1qm16nw,reddit_multi_separate_files_v1
reddit,reddit,reddit_post,68la5wao,ChiGuy6124,1qmolf9,politics,2026-01-25T22:00:19.306849+00:00,2026-01-25T17:00:33+00:00,https://reddit.com/r/politics/comments/1qmolf9/border_patrol_chief_praises_agents_who_killed/,reddit.com,['https://external-preview.redd.it/dD6pJwn9xYNvSPeKd-vFBQOym3n76S7lV_H9UCcYJz4.jpeg?auto=webp&s=20c96141aec40ed77198c7ae70a2fceeb306b372'],Border Patrol chief praises agents who killed Alex Pretti,,['Possible Paywall'],,,[],['r/politics'],https://reddit.com/r/politics/comments/1qmolf9/border_patrol_chief_praises_agents_who_killed/,3091,0,308,0,,"{'likes': 3091, 'reposts': 0, 'quotes': 0}",1qmolf9,1qmolf9,reddit_multi_separate_files_v1
reddit,reddit,reddit_post,w49j7npkb,Silent-Resort-3076,1qmn207,politics,2026-01-25T22:00:19.655215+00:00,2026-01-25T16:05:07+00:00,https://reddit.com/r/politics/comments/1qmn207/the_global_rule_of_law_is_not_collapsing_trump_is/,reddit.com,['https://external-preview.redd.it/X2oe2QJ7A9-tpwAUfL0Q6ImnuALufkuhgYQgJiCbhcw.jpeg?auto=webp&s=c2a08648a4ed34be85a074f1998b01a7fc417e3f'],The global rule of law is not collapsing – Trump is the lone problem and he can be defeated: The president’s approval ratings are plummeting and most Americans see him as an aberration. It is now up to them to curtail his despotic reign,,['No Paywall'],,,[],['r/politics'],https://reddit.com/r/politics/comments/1qmn207/the_global_rule_of_law_is_not_collapsing_trump_is/,3072,0,470,0,,"{'likes': 3072, 'reposts': 0, 'quotes': 0}",1qmn207,1qmn207,reddit_multi_separate_files_v1
reddit,reddit,reddit_post,rl2vi,bwermer,1qm73al,politics,2026-01-25T22:00:20.003753+00:00,2026-01-25T02:48:16+00:00,https://reddit.com/r/politics/comments/1qm73al/schumer_democrats_will_block_funding_package_if/,reddit.com,['https://external-preview.redd.it/3goezS_GOe0M42kLp6v0hy2ntHtdg_NlAYj1GntMbTQ.jpeg?auto=webp&s=6b53fe6b27ca73b5bca6658e5a2cb254c0015dc4'],Schumer: Democrats will block funding package if it includes homeland security money,,['No Paywall'],,,[],['r/politics'],https://reddit.com/r/politics/comments/1qm73al/schumer_democrats_will_block_funding_package_if/,2897,0,342,0,,"{'likes': 2897, 'reposts': 0, 'quotes': 0}",1qm73al,1qm73al,reddit_multi_separate_files_v1
reddit,reddit,reddit_post,3x3odpf,unital_subalgebra,1qmihj4,politics,2026-01-25T22:00:20.764005+00:00,2026-01-25T12:59:51+00:00,https://reddit.com/r/politics/comments/1qmihj4/pritzker_johnson_call_for_ice_to_be_abolished/,reddit.com,['https://external-preview.redd.it/mXWwryOKtUbGQDfsikZme5snUEmJVAURTZZUd3wSfbU.jpeg?auto=webp&s=ef3f9163f00cc98d663819ac8e6557acb6dbdf39'],"Pritzker, Johnson call for ICE to be abolished after second fatal shooting by feds in Minneapolis",,['Possible Paywall'],,,[],['r/politics'],https://reddit.com/r/politics/comments/1qmihj4/pritzker_johnson_call_for_ice_to_be_abolished/,2748,0,72,0,,"{'likes': 2748, 'reposts': 0, 'quotes': 0}",1qmihj4,1qmihj4,reddit_multi_separate_files_v1
reddit,reddit,reddit_post,uf7as41t,DeathClawdVanDamn,1qmsvlg,politics,2026-01-25T22:00:21.106029+00:00,2026-01-25T19:33:39+00:00,https://reddit.com/r/politics/comments/1qmsvlg/those_rights_dont_count_bovino_says_pretti/,reddit.com,['https://external-preview.redd.it/O09CuvnwIH1z6hLl5--yT8xTfIGV6sFTgzJq3iO_BAQ.jpeg?auto=webp&s=2f0277eaeb36fd12ca8e675cf7b5320895d4f9be'],“Those rights don’t count”: Bovino says Pretti forfeited 2nd Amendment rights in fatal shooting,,['No Paywall'],,,[],['r/politics'],https://reddit.com/r/politics/comments/1qmsvlg/those_rights_dont_count_bovino_says_pretti/,2708,0,375,0,,"{'likes': 2708, 'reposts': 0, 'quotes': 0}",1qmsvlg,1qmsvlg,reddit_multi_separate_files_v1
reddit,reddit,reddit_post,t52409rg,Titfortat101,1qms3r9,politics,2026-01-25T22:00:22.031716+00:00,2026-01-25T19:05:52+00:00,https://reddit.com/r/politics/comments/1qms3r9/medical_examiner_rules_renee_goods_death_a/,reddit.com,['https://external-preview.redd.it/Y5SjQRUB1E1gCM8bVS1nEUM4gQMQ4sez2KLpnc3_MsA.jpeg?auto=webp&s=4335cc038e53ab05240527a45ecd00027ff8a58c'],Medical Examiner Rules Renee Good's Death a Homicide from 'Multiple Gunshot Wounds',,['No Paywall'],,,[],['r/politics'],https://reddit.com/r/politics/comments/1qms3r9/medical_examiner_rules_renee_goods_death_a/,2684,0,52,0,,"{'likes': 2684, 'reposts': 0, 'quotes': 0}",1qms3r9,1qms3r9,reddit_multi_separate_files_v1
reddit,reddit,reddit_post,ozrhc,dheber,1qmkreh,politics,2026-01-25T22:00:22.569741+00:00,2026-01-25T14:38:11+00:00,https://reddit.com/r/politics/comments/1qmkreh/federal_agent_secured_gun_from_minn_man_before/,reddit.com,['https://external-preview.redd.it/iy_1JsfQPByvmrwZdMeHz2TlCxbJzKpdBspaJAF9nFY.jpeg?auto=webp&s=0d3dbc57b4d8b991ee6abe96d4f19b2b1c636155'],"Federal agent secured gun from Minn. man before fatal shooting, videos show",,['Possible Paywall'],,,[],['r/politics'],https://reddit.com/r/politics/comments/1qmkreh/federal_agent_secured_gun_from_minn_man_before/,2650,0,96,0,,"{'likes': 2650, 'reposts': 0, 'quotes': 0}",1qmkreh,1qmkreh,reddit_multi_separate_files_v1
reddit,reddit,reddit_post,1f3iideue3,Huge_Excitement4465,1qm255h,politics,2026-01-25T22:00:22.929856+00:00,2026-01-24T23:13:37+00:00,https://reddit.com/r/politics/comments/1qm255h/democratic_senators_vow_to_block_dhs_funding/,reddit.com,['https://external-preview.redd.it/CYwtuPv8lVUUJ2Jxwg8vwh8hsG7x9zojOQQuD4Cam2U.jpeg?auto=webp&s=308c7db5af01bea366b2a3d83ba0116e28f48d35'],Democratic senators vow to block DHS funding after latest Minneapolis shooting,,['No Paywall'],,,[],['r/politics'],https://reddit.com/r/politics/comments/1qm255h/democratic_senators_vow_to_block_dhs_funding/,2492,0,234,0,,"{'likes': 2492, 'reposts': 0, 'quotes': 0}",1qm255h,1qm255h,reddit_multi_separate_files_v1
reddit,reddit,reddit_post,64e2lhkm,ddx-me,1qm11xw,politics,2026-01-25T22:00:23.676641+00:00,2026-01-24T22:29:48+00:00,https://reddit.com/r/politics/comments/1qm11xw/its_time_to_start_doing_something_despite_risks/,reddit.com,['https://external-preview.redd.it/1nKbybFKD2weEKpj3FUYuJ4O3A8HVuvYjn-7KI4_F5I.jpeg?auto=webp&s=045207d4dc6fab519560c6465ff7a4e5475501ac'],"'It's time to start doing something.' Despite risks of violence, Minnesotans step up to take on ICE",,['Possible Paywall'],,,[],['r/politics'],https://reddit.com/r/politics/comments/1qm11xw/its_time_to_start_doing_something_despite_risks/,2385,0,164,0,,"{'likes': 2385, 'reposts': 0, 'quotes': 0}",1qm11xw,1qm11xw,reddit_multi_separate_files_v1
reddit,reddit,reddit_post,3x3odpf,unital_subalgebra,1qm683u,politics,2026-01-25T22:00:24.031994+00:00,2026-01-25T02:09:29+00:00,https://reddit.com/r/politics/comments/1qm683u/lawmaker_urges_prosecution_of_ice_director/,reddit.com,['https://external-preview.redd.it/MrCBvLQiKKfz1rm-Llix10W2R-fLXggDF3UwoJ-I6DA.jpeg?auto=webp&s=7262d3033b36986b1763bbd0be2c195b957fa645'],"Lawmaker Urges Prosecution Of ICE Director, Officers After Minneapolis Shooting: ‘Absolute Cowards’",,['No Paywall'],,,[],['r/politics'],https://reddit.com/r/politics/comments/1qm683u/lawmaker_urges_prosecution_of_ice_director/,2315,0,41,0,,"{'likes': 2315, 'reposts': 0, 'quotes': 0}",1qm683u,1qm683u,reddit_multi_separate_files_v1
reddit,reddit,reddit_post,vzhyjoja,pleasureismylife,1qm6svf,politics,2026-01-25T22:00:25.002967+00:00,2026-01-25T02:35:04+00:00,https://reddit.com/r/politics/comments/1qm6svf/videos_appear_to_show_federal_officer_took_gun/,reddit.com,['https://external-preview.redd.it/R9lNnQZ2nLdWd-whUhYuxLC9Cp2qMAFJD2oV5ou3Lr4.jpeg?auto=webp&s=5f188dfc12ba4d3d3ae290491ddad573461315ee'],"Videos appear to show federal officer took gun from Alex Pretti just before fatal shooting, CNN analysis finds",,['Possible Paywall'],,,[],['r/politics'],https://reddit.com/r/politics/comments/1qm6svf/videos_appear_to_show_federal_officer_took_gun/,2119,0,126,0,,"{'likes': 2119, 'reposts': 0, 'quotes': 0}",1qm6svf,1qm6svf,reddit_multi_separate_files_v1
reddit,reddit,reddit_post,218ox1aofa,BulwarkOnline,1qmqr7v,politics,2026-01-25T22:00:25.545328+00:00,2026-01-25T18:18:04+00:00,https://reddit.com/r/politics/comments/1qmqr7v/the_government_is_telling_you_not_to_believe_your/,reddit.com,['https://external-preview.redd.it/9mhYE-Y8-r02qLTTaPeFnvYXCI1GX2aXM58RgXG-irg.jpeg?auto=webp&s=cc8f819be9e9edba423a2805dac1760ce6d4a293'],The Government is Telling You Not to Believe Your Eyes,,['Possible Paywall'],,,[],['r/politics'],https://reddit.com/r/politics/comments/1qmqr7v/the_government_is_telling_you_not_to_believe_your/,1966,0,59,0,,"{'likes': 1966, 'reposts': 0, 'quotes': 0}",1qmqr7v,1qmqr7v,reddit_multi_separate_files_v1
reddit,reddit,reddit_post,8vqadgoi,ElectoralNerd,1qm0ock,politics,2026-01-25T22:00:25.881344+00:00,2026-01-24T22:14:47+00:00,https://reddit.com/r/politics/comments/1qm0ock/hold_the_line_some_democrats_call_on_senators_to/,reddit.com,['https://external-preview.redd.it/9H6QWDwEo4HCmtXn765u9EqRFfsdf3jLJ3Vf1ziLSD8.jpeg?auto=webp&s=8f0b41b1d42bc54fa29693ba078a53aabb70a415'],‘Hold the Line’: Some Democrats Call On Senators to Block DHS Funding Bill After Minneapolis Shooting,,['No Paywall'],,,[],['r/politics'],https://reddit.com/r/politics/comments/1qm0ock/hold_the_line_some_democrats_call_on_senators_to/,1853,0,87,0,,"{'likes': 1853, 'reposts': 0, 'quotes': 0}",1qm0ock,1qm0ock,reddit_multi_separate_files_v1
reddit,reddit,reddit_post,3x3odpf,unital_subalgebra,1qm4y7i,politics,2026-01-25T22:00:26.634669+00:00,2026-01-25T01:12:48+00:00,https://reddit.com/r/politics/comments/1qm4y7i/dems_say_they_will_block_funding_bill_that/,reddit.com,['https://external-preview.redd.it/tmXFQU7VNbWL5RPfK_so1Lff66uV-ho641JcNpIBvM8.jpeg?auto=webp&s=275697b17a409f0cd6bf36fdacf95d72a2e5b7e9'],Dems Say They Will Block Funding Bill That Includes Money for DHS After Federal Agents Kill Alex Pretti,,['No Paywall'],,,[],['r/politics'],https://reddit.com/r/politics/comments/1qm4y7i/dems_say_they_will_block_funding_bill_that/,1826,0,116,0,,"{'likes': 1826, 'reposts': 0, 'quotes': 0}",1qm4y7i,1qm4y7i,reddit_multi_separate_files_v1
reddit,reddit,reddit_post,17fbem,itsallcosmica,1qmllx3,politics,2026-01-25T22:00:26.986862+00:00,2026-01-25T15:11:21+00:00,https://reddit.com/r/politics/comments/1qmllx3/nra_makes_rare_statement_against_trump_admin_over/,reddit.com,['https://external-preview.redd.it/l2_OmLGbwRsqWy2Xn4tmvTdlO0q_VTyBSJqe1EPoIjQ.jpeg?auto=webp&s=c22727492ada19fd9bdd2bfdf7f238c471cb4545'],NRA makes rare statement against Trump admin over Alex Pretti shooting,,['No Paywall'],,,[],['r/politics'],https://reddit.com/r/politics/comments/1qmllx3/nra_makes_rare_statement_against_trump_admin_over/,1747,0,136,0,,"{'likes': 1747, 'reposts': 0, 'quotes': 0}",1qmllx3,1qmllx3,reddit_multi_separate_files_v1
reddit,reddit,reddit_post,9rp4e,deraser,1qmlrfd,politics,2026-01-25T22:00:27.937791+00:00,2026-01-25T15:17:01+00:00,https://reddit.com/r/politics/comments/1qmlrfd/sen_amy_klobuchar_says_she_will_vote_against_dhs/,reddit.com,['https://external-preview.redd.it/hSt_zn9mTzjzCxv0p63ogz7mg7Q6hpkS-0nfcNb4FNw.jpeg?auto=webp&s=5e79cafd562df8d2d0107a0a2d14c74e8ea3a32d'],Sen. Amy Klobuchar says she will vote against DHS funding,,['No Paywall'],,,[],['r/politics'],https://reddit.com/r/politics/comments/1qmlrfd/sen_amy_klobuchar_says_she_will_vote_against_dhs/,1700,0,177,0,,"{'likes': 1700, 'reposts': 0, 'quotes': 0}",1qmlrfd,1qmlrfd,reddit_multi_separate_files_v1
reddit,reddit,reddit_post,tshbesya,OkayButFoRealz,1qm6kyb,politics,2026-01-25T22:00:28.492632+00:00,2026-01-25T02:25:12+00:00,https://reddit.com/r/politics/comments/1qm6kyb/major_protests_spread_across_us_after_alex_pretti/,reddit.com,['https://external-preview.redd.it/NQAMdgw3naoPRD9UXGfZ8ZqJEkZa1vpzdDEbwHdwZwE.jpeg?auto=webp&s=58eb6f3b80ca8d39b6c1980fc4a512aee06fa1e1'],Major protests spread across US after Alex Pretti fatally shot by federal agents,,['No Paywall'],,,[],['r/politics'],https://reddit.com/r/politics/comments/1qm6kyb/major_protests_spread_across_us_after_alex_pretti/,1687,0,70,0,,"{'likes': 1687, 'reposts': 0, 'quotes': 0}",1qm6kyb,1qm6kyb,reddit_multi_separate_files_v1
reddit,reddit,reddit_post,8lemz,Large_banana_hammock,1qm0heq,politics,2026-01-25T22:00:28.847312+00:00,2026-01-24T22:07:03+00:00,https://reddit.com/r/politics/comments/1qm0heq/is_this_what_jd_vance_meant_by_absolute_immunity/,reddit.com,['https://external-preview.redd.it/iJd6bTE9GNi9XnrIPLEWfblzrfRsY60vDVVIaqCMONI.jpeg?auto=webp&s=95293e84da0b1def150b95e2d0afee8fd81ea6c5'],Is This What JD Vance Meant By 'Absolute Immunity'?,,['No Paywall'],,,[],['r/politics'],https://reddit.com/r/politics/comments/1qm0heq/is_this_what_jd_vance_meant_by_absolute_immunity/,1643,0,97,0,,"{'likes': 1643, 'reposts': 0, 'quotes': 0}",1qm0heq,1qm0heq,reddit_multi_separate_files_v1
reddit,reddit,reddit_post,mu7ud,metaphz,1qm91xu,politics,2026-01-25T22:00:29.584153+00:00,2026-01-25T04:21:41+00:00,https://reddit.com/r/politics/comments/1qm91xu/mn_department_of_corrections_debunks_laundry_list/,reddit.com,['https://external-preview.redd.it/UfBi5QgNe-Mx9hUA4mtb5ASOsuFWbt59g9oGYlRSI4Y.jpeg?auto=webp&s=479cb397a2fbb5e303017a8b6cf8a2d93f56cf0d'],MN Department of Corrections debunks laundry list of lies from DOJ,,['No Paywall'],,,[],['r/politics'],https://reddit.com/r/politics/comments/1qm91xu/mn_department_of_corrections_debunks_laundry_list/,1501,0,40,0,,"{'likes': 1501, 'reposts': 0, 'quotes': 0}",1qm91xu,1qm91xu,reddit_multi_separate_files_v1
reddit,reddit,reddit_post,58iti,Boonzies,1qmo9ha,politics,2026-01-25T22:00:29.954343+00:00,2026-01-25T16:48:22+00:00,https://reddit.com/r/politics/comments/1qmo9ha/cornered_trump_goons_shooting_defense_falls_apart/,reddit.com,['https://external-preview.redd.it/a-ttl2DC7sJwHMGgm2j9apODvipxb4X5y0jlIXG-IgA.jpeg?auto=webp&s=6bae5c7abaa4352e572d5fdb77906290d52e5951'],Cornered Trump Goon’s Shooting Defense Falls Apart on Live TV,,['Possible Paywall'],,,[],['r/politics'],https://reddit.com/r/politics/comments/1qmo9ha/cornered_trump_goons_shooting_defense_falls_apart/,1369,0,145,0,,"{'likes': 1369, 'reposts': 0, 'quotes': 0}",1qmo9ha,1qmo9ha,reddit_multi_separate_files_v1
reddit,reddit,reddit_post,z3p640j,Ydeas,1qm1t8o,politics,2026-01-25T22:00:30.905331+00:00,2026-01-24T23:00:13+00:00,https://reddit.com/r/politics/comments/1qm1t8o/man_is_shot_and_killed_during_minneapolis/,reddit.com,['https://external-preview.redd.it/27b7Eb4CFyMyKReCUxRcz73egRaCKUUmWb9IFr-4S5c.jpeg?auto=webp&s=ce9ccf9b3ca14894077fda9184d4ae2ed52b72d8'],"Man is shot and killed during Minneapolis immigration crackdown, National Guard activated",,['No Paywall'],,,[],['r/politics'],https://reddit.com/r/politics/comments/1qm1t8o/man_is_shot_and_killed_during_minneapolis/,1280,0,112,0,,"{'likes': 1280, 'reposts': 0, 'quotes': 0}",1qm1t8o,1qm1t8o,reddit_multi_separate_files_v1
reddit,reddit,reddit_post,11fp4t9e0c,theipaper,1qmh0gn,politics,2026-01-25T22:00:31.459175+00:00,2026-01-25T11:43:56+00:00,https://reddit.com/r/politics/comments/1qmh0gn/trumps_astonishingly_bad_polling_shows_he_really/,reddit.com,['https://external-preview.redd.it/HKnUWT3AE-yo8iayS7hS_Mf-G-xfmICXla9pIYH8Kc0.jpeg?auto=webp&s=0d75b1f227080f94b92ca0554238d681b16fa7a3'],Trump's astonishingly bad polling shows he really isn't 'God's gift' to the US,,['Possible Paywall'],,,[],['r/politics'],https://reddit.com/r/politics/comments/1qmh0gn/trumps_astonishingly_bad_polling_shows_he_really/,1278,0,158,0,,"{'likes': 1278, 'reposts': 0, 'quotes': 0}",1qmh0gn,1qmh0gn,reddit_multi_separate_files_v1
reddit,reddit,reddit_post,1mr0p9zmdj,The_Flaneur_Films,1qmae3c,politics,2026-01-25T22:00:31.822697+00:00,2026-01-25T05:30:10+00:00,https://reddit.com/r/politics/comments/1qmae3c/dangerous_and_wrong_nra_slams_us_attorneys/,reddit.com,['https://external-preview.redd.it/xgGhyHSxDFSaxPi9uZgaO50Bgsud6MCh5II_A97jO_k.jpeg?auto=webp&s=5ab0883cf419d4e0df4a8fad4ef080496495424a'],‘Dangerous and wrong.' NRA slams U.S. attorney's response to Minneapolis shooting,,['No Paywall'],,,[],['r/politics'],https://reddit.com/r/politics/comments/1qmae3c/dangerous_and_wrong_nra_slams_us_attorneys/,1237,0,86,0,,"{'likes': 1237, 'reposts': 0, 'quotes': 0}",1qmae3c,1qmae3c,reddit_multi_separate_files_v1
reddit,reddit,reddit_post,tshbesya,OkayButFoRealz,1qml9rf,politics,2026-01-25T22:00:32.563380+00:00,2026-01-25T14:58:32+00:00,https://reddit.com/r/politics/comments/1qml9rf/family_of_icu_nurse_killed_by_federal_agents/,reddit.com,['https://external-preview.redd.it/LG6_38Wt2pLjTNJL0eLmdGSIaxkZKcBDBi7V5n6uoYM.jpeg?auto=webp&s=7c1776aab577b2a4df821d4aa60fd57587372cd5'],"Family of ICU Nurse Killed by Federal Agents Remember His 'Kindhearted Soul,' Call DHS' Account of Shooting 'Sickening Lies'",,['No Paywall'],,,[],['r/politics'],https://reddit.com/r/politics/comments/1qml9rf/family_of_icu_nurse_killed_by_federal_agents/,1229,0,39,0,,"{'likes': 1229, 'reposts': 0, 'quotes': 0}",1qml9rf,1qml9rf,reddit_multi_separate_files_v1
reddit,reddit,reddit_post,488jhlao,kirby__000,1qm2t53,politics,2026-01-25T22:00:32.908955+00:00,2026-01-24T23:40:56+00:00,https://reddit.com/r/politics/comments/1qm2t53/what_we_know_about_alex_pretti_icu_nurse_killed/,reddit.com,['https://external-preview.redd.it/breU3U5TQg1uIa1oTXNA-MAmet3rgIoufYb0IRG8IMs.jpeg?auto=webp&s=b4cd3306f9e9838dfb08ad639d9de5f79dc79f59'],"What we know about Alex Pretti, ICU nurse killed by federal agent in Minneapolis",,['No Paywall'],,,[],['r/politics'],https://reddit.com/r/politics/comments/1qm2t53/what_we_know_about_alex_pretti_icu_nurse_killed/,1204,0,137,0,,"{'likes': 1204, 'reposts': 0, 'quotes': 0}",1qm2t53,1qm2t53,reddit_multi_separate_files_v1
reddit,reddit,reddit_post,8lemz,Large_banana_hammock,1qm8pg0,politics,2026-01-25T22:00:33.862175+00:00,2026-01-25T04:04:24+00:00,https://reddit.com/r/politics/comments/1qm8pg0/man_shot_by_federal_agents_wanted_to_make_a/,reddit.com,['https://external-preview.redd.it/73e4D9ip1Zy0MG8s3RxqEjuGPhJAoufq0tiwz0C8Egg.jpeg?auto=webp&s=156f14a970a4dc87ed6fdca04b61abb158d9d840'],Man Shot By Federal Agents Wanted to ‘Make a Difference’,,['No Paywall'],,,[],['r/politics'],https://reddit.com/r/politics/comments/1qm8pg0/man_shot_by_federal_agents_wanted_to_make_a/,1161,0,87,0,,"{'likes': 1161, 'reposts': 0, 'quotes': 0}",1qm8pg0,1qm8pg0,reddit_multi_separate_files_v1
reddit,reddit,reddit_post,tshbesya,OkayButFoRealz,1qmnpib,politics,2026-01-25T22:00:34.410635+00:00,2026-01-25T16:28:24+00:00,https://reddit.com/r/politics/comments/1qmnpib/trump_white_house_says_the_latest_minnesota/,reddit.com,['https://external-preview.redd.it/oQXHxZTN_xJoFuwiFYsV8yj6p6i80tG_ZFP1igjXx4Q.jpeg?auto=webp&s=900c2531731b96f57ebb8b3633dbbeda084f0e4f'],Trump White House says the latest Minnesota shooting victim had a gun. None of the video footage shows that,,['Possible Paywall'],,,[],['r/politics'],https://reddit.com/r/politics/comments/1qmnpib/trump_white_house_says_the_latest_minnesota/,1127,0,161,0,,"{'likes': 1127, 'reposts': 0, 'quotes': 0}",1qmnpib,1qmnpib,reddit_multi_separate_files_v1
reddit,reddit,reddit_post,8lemz,Large_banana_hammock,1qmqxbe,politics,2026-01-25T22:00:34.773570+00:00,2026-01-25T18:24:06+00:00,https://reddit.com/r/politics/comments/1qmqxbe/alex_pretti_was_a_good_man_at_time_of_great_evil/,reddit.com,['https://external-preview.redd.it/7nf8ER1ohkKDMaaGn8zMDphpUCcUx7ZYPGcgwEfIEbQ.jpeg?auto=webp&s=d140c0ed97880549b9fd97aeafd3de22ee3f1d65'],Alex Pretti Was a Good Man at Time of Great Evil,,['Possible Paywall'],,,[],['r/politics'],https://reddit.com/r/politics/comments/1qmqxbe/alex_pretti_was_a_good_man_at_time_of_great_evil/,1110,0,25,0,,"{'likes': 1110, 'reposts': 0, 'quotes': 0}",1qmqxbe,1qmqxbe,reddit_multi_separate_files_v1
reddit,reddit,reddit_post,ggg770hr,metacyan,1qm8c3d,politics,2026-01-25T22:00:35.503994+00:00,2026-01-25T03:46:44+00:00,https://reddit.com/r/politics/comments/1qm8c3d/an_ice_out_enterprise_protest_is_urging_minnesota/,reddit.com,['https://external-preview.redd.it/Ny9Fdy8OwJrdaK63aHYj4cn4Zzdr4ffVeGr32DmTfUU.jpeg?auto=webp&s=0a16d998ca295d2984121a2a21630bd0f219df04'],An 'ICE OUT Enterprise' protest is urging Minnesota residents to book and later cancel rental cars,,['Possible Paywall'],,,[],['r/politics'],https://reddit.com/r/politics/comments/1qm8c3d/an_ice_out_enterprise_protest_is_urging_minnesota/,1090,0,46,0,,"{'likes': 1090, 'reposts': 0, 'quotes': 0}",1qm8c3d,1qm8c3d,reddit_multi_separate_files_v1
reddit,reddit,reddit_post,8lemz,Large_banana_hammock,1qmsyik,politics,2026-01-25T22:00:35.839287+00:00,2026-01-25T19:36:43+00:00,https://reddit.com/r/politics/comments/1qmsyik/im_not_giving_ice_another_dime_schiff_says/,reddit.com,['https://external-preview.redd.it/ic2FDkf3Sjp4IQ76lMqxeP9jkPdFgEaxXAtAu0UQ1ng.jpeg?auto=webp&s=7a55b9df24e650ab013fdca4e9760bfcff73a717'],‘I'm Not Giving ICE Another Dime’: Schiff Says Republicans Who Vote To Give ICE More Funding Will ‘See More Americans Die’,,['No Paywall'],,,[],['r/politics'],https://reddit.com/r/politics/comments/1qmsyik/im_not_giving_ice_another_dime_schiff_says/,1085,0,52,0,,"{'likes': 1085, 'reposts': 0, 'quotes': 0}",1qmsyik,1qmsyik,reddit_multi_separate_files_v1
reddit,reddit,reddit_post,kb5dq7hv,Holybatmanandrobin,1qm9c2m,politics,2026-01-25T22:00:36.790973+00:00,2026-01-25T04:35:59+00:00,https://reddit.com/r/politics/comments/1qm9c2m/2026_world_cup_boycott_german_soccer_executive_is/,reddit.com,['https://external-preview.redd.it/uiNBhc9SYfoi8rv6uOIlgkeoAg2-f6a5RfnUuZPyi9Y.jpeg?auto=webp&s=e660efa77254167cf8563c75bf4cbd0f6508ce69'],2026 World Cup boycott? German soccer executive is calling for talks,,['No Paywall'],,,[],['r/politics'],https://reddit.com/r/politics/comments/1qm9c2m/2026_world_cup_boycott_german_soccer_executive_is/,1067,0,106,0,,"{'likes': 1067, 'reposts': 0, 'quotes': 0}",1qm9c2m,1qm9c2m,reddit_multi_separate_files_v1
reddit,reddit,reddit_post,131hqt5t,CupidStunt13,1qmie7b,politics,2026-01-25T22:00:37.325574+00:00,2026-01-25T12:55:28+00:00,https://reddit.com/r/politics/comments/1qmie7b/ice_nodding_to_farright_extremists_in_recruitment/,reddit.com,['https://external-preview.redd.it/vQsjkMdgP05hzGQjHLWk81Y8p_-WQzBZm4ehkMN9Jgw.jpeg?auto=webp&s=39753d3205483d799b95f355707f39d4a1c54295'],"ICE nodding to far-right extremists in recruitment posts, experts say",,['No Paywall'],,,[],['r/politics'],https://reddit.com/r/politics/comments/1qmie7b/ice_nodding_to_farright_extremists_in_recruitment/,971,0,41,0,,"{'likes': 971, 'reposts': 0, 'quotes': 0}",1qmie7b,1qmie7b,reddit_multi_separate_files_v1
reddit,reddit,reddit_post,j5huu6mi,Streona,1qm20np,politics,2026-01-25T22:00:38.556196+00:00,2026-01-24T23:08:29+00:00,https://reddit.com/r/politics/comments/1qm20np/protect_us_youre_killing_us_death_stalks/,reddit.com,[],"‘Protect us? You’re killing us’ — death stalks Minneapolis again | As another person is shot dead by federal agents in Minneapolis, many are afraid to leave home in fear of President Trump’s immigration crackdown",,['Possible Paywall'],,,[],['r/politics'],https://reddit.com/r/politics/comments/1qm20np/protect_us_youre_killing_us_death_stalks/,960,0,39,0,,"{'likes': 960, 'reposts': 0, 'quotes': 0}",1qm20np,1qm20np,reddit_multi_separate_files_v1
reddit,reddit,reddit_post,1j9fi3ngym,jediporcupine,1qm40f0,politics,2026-01-25T22:00:38.893944+00:00,2026-01-25T00:31:57+00:00,https://reddit.com/r/politics/comments/1qm40f0/democratic_senators_vow_to_block_dhs_funding/,reddit.com,['https://external-preview.redd.it/3rNmuVgRWD18_-Eiqs2BfRanwSKMTH36yVhxRxYgHY8.jpeg?auto=webp&s=12464726b3c8f05b8c7a5bfd5bdd80e6c7d5334c'],Democratic senators vow to block DHS funding after latest Minneapolis shooting,,['No Paywall'],,,[],['r/politics'],https://reddit.com/r/politics/comments/1qm40f0/democratic_senators_vow_to_block_dhs_funding/,961,0,109,0,,"{'likes': 961, 'reposts': 0, 'quotes': 0}",1qm40f0,1qm40f0,reddit_multi_separate_files_v1
reddit,reddit,reddit_post,dz54148i,Hrmbee,1qmrmcp,politics,2026-01-25T22:00:39.837313+00:00,2026-01-25T18:48:44+00:00,https://reddit.com/r/politics/comments/1qmrmcp/it_doesnt_matter_if_alex_pretti_had_a_gun_what_is/,reddit.com,['https://external-preview.redd.it/f5h4BpLof34FfcXJrnfaAgFO81oPPdF8N5R20lYxVLE.jpeg?auto=webp&s=69dadf716ba5929d5cc57e15360b33a5e071603d'],It doesn’t matter if Alex Pretti had a gun | What is the point of law enforcement that doesn’t follow the law?,,['Possible Paywall'],,,[],['r/politics'],https://reddit.com/r/politics/comments/1qmrmcp/it_doesnt_matter_if_alex_pretti_had_a_gun_what_is/,886,0,75,0,,"{'likes': 886, 'reposts': 0, 'quotes': 0}",1qmrmcp,1qmrmcp,reddit_multi_separate_files_v1
reddit,reddit,reddit_post,8vqadgoi,ElectoralNerd,1qm0y1y,politics,2026-01-25T22:00:40.385498+00:00,2026-01-24T22:25:24+00:00,https://reddit.com/r/politics/comments/1qm0y1y/one_of_njs_largest_cities_bans_ice_from_city/,reddit.com,['https://external-preview.redd.it/CwOMeO5ypap-R2Qn9gUzBL_A-W2sKKx9G4VnOdFGH3s.jpeg?auto=webp&s=2a32f96c8ae04195e89f035c19086cce03fa0eb1'],One of N.J.’s largest cities bans ICE from city property,,['Possible Paywall'],,,[],['r/politics'],https://reddit.com/r/politics/comments/1qm0y1y/one_of_njs_largest_cities_bans_ice_from_city/,830,0,22,0,,"{'likes': 830, 'reposts': 0, 'quotes': 0}",1qm0y1y,1qm0y1y,reddit_multi_separate_files_v1
reddit,reddit,reddit_post,1pikv5a49y,OddUmpire2554,1qm7p4f,politics,2026-01-25T22:00:40.758347+00:00,2026-01-25T03:16:22+00:00,https://reddit.com/r/politics/comments/1qm7p4f/us_senator_elissa_slotkin_vows_to_vote_against/,reddit.com,['https://external-preview.redd.it/mo98iMnq3gyzgBZJpxbfO8pC-UsNCf-hV4lPe9njm90.jpeg?auto=webp&s=d8b74176d8f3daf5dce5e3c0c8fb03025a667275'],U.S. Senator Elissa Slotkin vows to vote against Department of Homeland Security funding after ICE kills second U.S. citizen,,['No Paywall'],,,[],['r/politics'],https://reddit.com/r/politics/comments/1qm7p4f/us_senator_elissa_slotkin_vows_to_vote_against/,796,0,39,0,,"{'likes': 796, 'reposts': 0, 'quotes': 0}",1qm7p4f,1qm7p4f,reddit_multi_separate_files_v1
reddit,reddit,reddit_post,ipqi1,Infidel8,1qml3qq,politics,2026-01-25T22:00:41.482635+00:00,2026-01-25T14:51:55+00:00,https://reddit.com/r/politics/comments/1qml3qq/gop_senator_after_fatal_minneapolis_shooting_the/,reddit.com,['https://external-preview.redd.it/SUgJ_Hr0M-sreLDLsAd0VRX2__JNgG0jnVGVv2lTmdY.jpeg?auto=webp&s=c91330e92d0b1f035daa2454cd3b5aed21049c30'],GOP senator after fatal Minneapolis shooting: ‘The credibility of ICE and DHS are at stake’,,['No Paywall'],,,[],['r/politics'],https://reddit.com/r/politics/comments/1qml3qq/gop_senator_after_fatal_minneapolis_shooting_the/,795,0,175,0,,"{'likes': 795, 'reposts': 0, 'quotes': 0}",1qml3qq,1qml3qq,reddit_multi_separate_files_v1
reddit,reddit,reddit_post,1ntbg2m7pz,VerdantPathfinder,1qmieco,politics,2026-01-25T22:00:41.805423+00:00,2026-01-25T12:55:38+00:00,https://reddit.com/r/politics/comments/1qmieco/federal_judge_appears_skeptical_that_trump_has/,reddit.com,['https://external-preview.redd.it/dA5jwCsM_bAecBT3HWVp6MYkGjZUM73IowN_oA9G9vg.jpeg?auto=webp&s=f1ee5a335d57089948925598d5dbb3ef1733721c'],Federal judge appears skeptical that Trump has legal authority to proceed with White House ballroom,,['Possible Paywall'],,,[],['r/politics'],https://reddit.com/r/politics/comments/1qmieco/federal_judge_appears_skeptical_that_trump_has/,787,0,53,0,,"{'likes': 787, 'reposts': 0, 'quotes': 0}",1qmieco,1qmieco,reddit_multi_separate_files_v1
reddit,reddit,reddit_post,5kl85,Cersad,1qm11n4,politics,2026-01-25T22:00:42.735482+00:00,2026-01-24T22:29:25+00:00,https://reddit.com/r/politics/comments/1qm11n4/documents_prove_the_trump_administration_arrested/,reddit.com,['https://external-preview.redd.it/jeWjISu_PZfEmAvpC49-kNv4l_vpL8NJ8dxD2ObhUp0.jpeg?auto=webp&s=be2d2cb6391e534dd81e84ee0307d7197fd8ce38'],Documents Prove The Trump Administration Arrested Students for Criticizing Israel,,['No Paywall'],,,[],['r/politics'],https://reddit.com/r/politics/comments/1qm11n4/documents_prove_the_trump_administration_arrested/,769,0,17,0,,"{'likes': 769, 'reposts': 0, 'quotes': 0}",1qm11n4,1qm11n4,reddit_multi_separate_files_v1
reddit,reddit,reddit_post,6fvdwcdj,brown-saiyan,1qmug4y,politics,2026-01-25T22:00:43.270407+00:00,2026-01-25T20:30:14+00:00,https://reddit.com/r/politics/comments/1qmug4y/alex_pretti_killing_minnesota_ceos_including/,reddit.com,['https://external-preview.redd.it/966YYR8ZqyRs6wNF4Qd81lYHJfQktgI2pgLgiuq3JsQ.jpeg?auto=webp&s=583949d5646654a919d993e92c5f396c739b5b6c'],"Alex Pretti killing: Minnesota CEOs, including UnitedHealth, Target, call for 'immediate deescalation'",,['No Paywall'],,,[],['r/politics'],https://reddit.com/r/politics/comments/1qmug4y/alex_pretti_killing_minnesota_ceos_including/,764,0,155,0,,"{'likes': 764, 'reposts': 0, 'quotes': 0}",1qmug4y,1qmug4y,reddit_multi_separate_files_v1
reddit,reddit,reddit_post,2u9gyl4l,GregWilson23,1qm5ybh,politics,2026-01-25T22:00:43.603064+00:00,2026-01-25T01:57:31+00:00,https://reddit.com/r/politics/comments/1qm5ybh/the_man_killed_by_a_us_border_patrol_officer_in/,reddit.com,['https://external-preview.redd.it/kVHNV3BFVniGgX6xjRESNozP0CwOoLHZwtr0yImRF-w.jpeg?auto=webp&s=6a917a254643cdee0bc60fd7de6a174619570dcb'],"The man killed by a US Border Patrol officer in Minneapolis was an ICU nurse, family says",,['No Paywall'],,,[],['r/politics'],https://reddit.com/r/politics/comments/1qm5ybh/the_man_killed_by_a_us_border_patrol_officer_in/,756,0,28,0,,"{'likes': 756, 'reposts': 0, 'quotes': 0}",1qm5ybh,1qm5ybh,reddit_multi_separate_files_v1
reddit,reddit,reddit_post,5zx2s7a9,NS_8099,1qmpv2q,politics,2026-01-25T22:00:44.339269+00:00,2026-01-25T17:46:23+00:00,https://reddit.com/r/politics/comments/1qmpv2q/alex_jeffrey_pretti_was_shot_and_killed_in/,reddit.com,['https://external-preview.redd.it/unrIf-KIy3-WhPq-K7vLkWnUC_DzOojzznjxCJwPxdk.jpeg?auto=webp&s=359edf33a34b8db6f628c9e1ed93d9a4d81fb088'],Alex Jeffrey Pretti Was Shot and Killed in Minneapolis by US Border Patrol Agents,,['Possible Paywall'],,,[],['r/politics'],https://reddit.com/r/politics/comments/1qmpv2q/alex_jeffrey_pretti_was_shot_and_killed_in/,749,0,56,0,,"{'likes': 749, 'reposts': 0, 'quotes': 0}",1qmpv2q,1qmpv2q,reddit_multi_separate_files_v1
reddit,reddit,reddit_post,79yhos6p,Lotus532,1qmus64,politics,2026-01-25T22:00:44.673006+00:00,2026-01-25T20:42:38+00:00,https://reddit.com/r/politics/comments/1qmus64/hotels_should_deploy_the_3rd_amendment_and_refuse/,reddit.com,['https://external-preview.redd.it/ZPdMLmsRlS1EoieaAGnznJOI9jd8Wv0AnGzNdKSq9qw.jpeg?auto=webp&s=d857d51fb983610b4c96768ff133d44dbe29e746'],Hotels Should Deploy the 3rd Amendment and Refuse to House ICE Agents,,['No Paywall'],,,[],['r/politics'],https://reddit.com/r/politics/comments/1qmus64/hotels_should_deploy_the_3rd_amendment_and_refuse/,727,0,48,0,,"{'likes': 727, 'reposts': 0, 'quotes': 0}",1qmus64,1qmus64,reddit_multi_separate_files_v1
reddit,reddit,reddit_post,75bt1bxa,Imaginary-Ad-7919,1qmdvg5,politics,2026-01-25T22:00:45.631639+00:00,2026-01-25T08:41:23+00:00,https://reddit.com/r/politics/comments/1qmdvg5/witness_videos_of_cbp_killing_a_minnesota_man/,reddit.com,['https://external-preview.redd.it/PFlLlsZnvtnf-uM22naFEmCIWVlBOaAGes48nz5JuT0.jpeg?auto=webp&s=2c2e017ea600de60e29395d7659956b3bb849501'],Witness videos of CBP killing a Minnesota man appear to counter Trump administration’s narrative,,['No Paywall'],,,[],['r/politics'],https://reddit.com/r/politics/comments/1qmdvg5/witness_videos_of_cbp_killing_a_minnesota_man/,716,0,83,0,,"{'likes': 716, 'reposts': 0, 'quotes': 0}",1qmdvg5,1qmdvg5,reddit_multi_separate_files_v1
reddit,reddit,reddit_post,ggg770hr,metacyan,1qm69ne,politics,2026-01-25T22:00:46.166783+00:00,2026-01-25T02:11:23+00:00,https://reddit.com/r/politics/comments/1qm69ne/we_can_fight_this_minnesotas_general_strike_shows/,reddit.com,['https://external-preview.redd.it/znK_lu64ji1_1PJ3NP0dc3gW7xy2dk1U0emRBXVgckY.jpeg?auto=webp&s=f8842d9d5855ae75d2cd16c888ead596b701e7c8'],We Can Fight This: Minnesota’s General Strike Shows How,,['Possible Paywall'],,,[],['r/politics'],https://reddit.com/r/politics/comments/1qm69ne/we_can_fight_this_minnesotas_general_strike_shows/,716,0,37,0,,"{'likes': 716, 'reposts': 0, 'quotes': 0}",1qm69ne,1qm69ne,reddit_multi_separate_files_v1
reddit,reddit,reddit_post,b8g666wju,RepulsiveLoquat418,1qmo3rv,politics,2026-01-25T22:00:47.302472+00:00,2026-01-25T16:42:37+00:00,https://reddit.com/r/politics/comments/1qmo3rv/a_mn_nurse_is_dead_as_the_governments_story_falls/,reddit.com,['https://external-preview.redd.it/9RZ-nmtU-8QqBOhkGnBNeg6tdTvmDIqUCYK0IioYFRs.jpeg?auto=webp&s=409b780565c26940162f1d2ba40215fc2ce33d83'],A MN nurse is dead as the government’s story falls apart,,['No Paywall'],,,[],['r/politics'],https://reddit.com/r/politics/comments/1qmo3rv/a_mn_nurse_is_dead_as_the_governments_story_falls/,655,0,23,0,,"{'likes': 655, 'reposts': 0, 'quotes': 0}",1qmo3rv,1qmo3rv,reddit_multi_separate_files_v1
reddit,reddit,reddit_post,1vu3jwt88v,cosmicsasha,1qmoko2,politics,2026-01-25T22:00:47.630404+00:00,2026-01-25T16:59:50+00:00,https://reddit.com/r/politics/comments/1qmoko2/suspect_told_democratic_congressman_were_going_to/,reddit.com,['https://external-preview.redd.it/avua7Ng7uq2XhUwOks9AFjadikc6z4APIt9ZWEr_TAI.jpeg?auto=webp&s=93865a71ae1c99bc73966557691d06c7a6a169e2'],"Suspect told Democratic congressman, ‘We’re going to deport your kind’ before punching him in the face at Sundance, police say",,['No Paywall'],,,[],['r/politics'],https://reddit.com/r/politics/comments/1qmoko2/suspect_told_democratic_congressman_were_going_to/,633,0,36,0,,"{'likes': 633, 'reposts': 0, 'quotes': 0}",1qmoko2,1qmoko2,reddit_multi_separate_files_v1
reddit,reddit,reddit_post,15s2cq,Somervilledrew,1qmtoxp,politics,2026-01-25T22:00:47.950201+00:00,2026-01-25T20:02:51+00:00,https://reddit.com/r/politics/comments/1qmtoxp/your_eyes_dont_lie_trump_ice_a_death_and_a/,reddit.com,['https://external-preview.redd.it/Hm1rGo02uFGZJl6LCD3sJ8ZN3nuUvXP6uza6ED_Ouyg.jpeg?auto=webp&s=9529e2df669dfd9a6806e9ae4f4847d68b3c9e31'],"'Your eyes don't lie.' Trump, ICE, a death and a turning point",,['No Paywall'],,,[],['r/politics'],https://reddit.com/r/politics/comments/1qmtoxp/your_eyes_dont_lie_trump_ice_a_death_and_a/,632,0,38,0,,"{'likes': 632, 'reposts': 0, 'quotes': 0}",1qmtoxp,1qmtoxp,reddit_multi_separate_files_v1
reddit,reddit,reddit_post,3g9iv,Rudiger,1qmsafh,politics,2026-01-25T22:00:48.881555+00:00,2026-01-25T19:12:30+00:00,https://reddit.com/r/politics/comments/1qmsafh/obamas_say_trump_administration_seems_eager_to/,reddit.com,['https://external-preview.redd.it/z3JeUZUnk0Do2-BtBTV3SJHXlQc0eo2vEv5auQ7yTpE.jpeg?auto=webp&s=e8ab28d09a77b196a5f194a0fa4f78503c8f07ca'],Obamas say Trump administration seems 'eager to escalate' situation in Minneapolis,,['No Paywall'],,,[],['r/politics'],https://reddit.com/r/politics/comments/1qmsafh/obamas_say_trump_administration_seems_eager_to/,617,0,76,0,,"{'likes': 617, 'reposts': 0, 'quotes': 0}",1qmsafh,1qmsafh,reddit_multi_separate_files_v1
reddit,reddit,reddit_post,11htgw1s16,AlexandrTheTolerable,1qmm2ef,politics,2026-01-25T22:00:49.426743+00:00,2026-01-25T15:28:44+00:00,https://reddit.com/r/politics/comments/1qmm2ef/police_and_ice_agents_are_on_a_collision_course/,reddit.com,['https://external-preview.redd.it/N_WAWeR4md0G9E6OeyTcxbEDKqqXSixzA6TR8LAXOAI.png?auto=webp&s=d3bb9d7aa2f2c8d42fc058e5c193832e6927a8c8'],Police and ICE Agents Are on a Collision Course,,[],,,[],['r/politics'],https://reddit.com/r/politics/comments/1qmm2ef/police_and_ice_agents_are_on_a_collision_course/,600,0,119,0,,"{'likes': 600, 'reposts': 0, 'quotes': 0}",1qmm2ef,1qmm2ef,reddit_multi_separate_files_v1
reddit,reddit,reddit_post,1pikv5a49y,OddUmpire2554,1qmmd80,politics,2026-01-25T22:00:49.760255+00:00,2026-01-25T15:39:56+00:00,https://reddit.com/r/politics/comments/1qmmd80/icu_nurse_fatally_shot_by_federal_ice_agent/,reddit.com,['https://external-preview.redd.it/viw84sm1XLxzimjxnsQbKojyPPXcXOJaZ2k_1jOrpXY.jpeg?auto=webp&s=80f0539ab475d6a7a2a7f1a194eab1b2c45a58ad'],ICU nurse fatally shot by federal ICE agent remembered as 'kind-hearted soul',,['No Paywall'],,,[],['r/politics'],https://reddit.com/r/politics/comments/1qmmd80/icu_nurse_fatally_shot_by_federal_ice_agent/,583,0,20,0,,"{'likes': 583, 'reposts': 0, 'quotes': 0}",1qmmd80,1qmmd80,reddit_multi_separate_files_v1
reddit,reddit,reddit_post,qno2q,Truthisnotallowed,1qm25ub,politics,2026-01-25T22:00:50.497074+00:00,2026-01-24T23:14:25+00:00,https://reddit.com/r/politics/comments/1qm25ub/federal_immigration_agents_shoot_and_kill_another/,reddit.com,['https://external-preview.redd.it/CAweMls7sdRAOKAoP6fQT6BzK-z7D-QziGEEEOtdh2Y.jpeg?auto=webp&s=3f3528d8e2f4f0fc9a24a95fa2bd01fa57ffcc64'],Federal Immigration Agents Shoot and Kill Another Person in Minneapolis,,['No Paywall'],,,[],['r/politics'],https://reddit.com/r/politics/comments/1qm25ub/federal_immigration_agents_shoot_and_kill_another/,577,0,42,0,,"{'likes': 577, 'reposts': 0, 'quotes': 0}",1qm25ub,1qm25ub,reddit_multi_separate_files_v1
reddit,reddit,reddit_post,1j9fi3ngym,jediporcupine,1qm8m0e,politics,2026-01-25T22:00:50.831415+00:00,2026-01-25T04:00:00+00:00,https://reddit.com/r/politics/comments/1qm8m0e/aclu_asks_court_to_reinstate_restrictions_on/,reddit.com,['https://external-preview.redd.it/GKuz242PEGSqWWLOsbQYzQo60ci2KisPtj_veeFm9to.jpeg?auto=webp&s=29ea7f5b40a44c2c1201e29759e5f8ea3daf4e4f'],ACLU asks court to reinstate restrictions on federal agents in Minnesota after shooting,,['No Paywall'],,,[],['r/politics'],https://reddit.com/r/politics/comments/1qm8m0e/aclu_asks_court_to_reinstate_restrictions_on/,547,0,18,0,,"{'likes': 547, 'reposts': 0, 'quotes': 0}",1qm8m0e,1qm8m0e,reddit_multi_separate_files_v1
reddit,reddit,reddit_post,rdu8ry2s,ewzetf,1qmjmm0,politics,2026-01-25T22:00:51.777907+00:00,2026-01-25T13:51:12+00:00,https://reddit.com/r/politics/comments/1qmjmm0/judge_blocks_feds_from_destroying_evidence_in/,reddit.com,['https://external-preview.redd.it/nCPCEtURMDHV5x2RslqqzgvWrF7Y4acWmtgQfpKHAmY.jpeg?auto=webp&s=c6da169203344883d0c05cac100afdeaa62f1c74'],Judge blocks feds from destroying evidence in Minnesota shooting,,['Possible Paywall'],,,[],['r/politics'],https://reddit.com/r/politics/comments/1qmjmm0/judge_blocks_feds_from_destroying_evidence_in/,536,0,53,0,,"{'likes': 536, 'reposts': 0, 'quotes': 0}",1qmjmm0,1qmjmm0,reddit_multi_separate_files_v1
reddit,reddit,reddit_post,12idxk,PlayaSlayaX,1qm4gpx,politics,2026-01-25T22:00:52.319267+00:00,2026-01-25T00:51:33+00:00,https://reddit.com/r/politics/comments/1qm4gpx/we_cannot_be_nostalgic_for_the_united_states/,reddit.com,['https://external-preview.redd.it/pZCSIhpTHG8WbmsjL3vJ6cgewdf0DpQU5KjIx3lhF08.jpeg?auto=webp&s=aa3b8c33db3aa60b5b7f022417cd140380f76d1b'],We cannot be nostalgic for the United States,,['No Paywall'],,,[],['r/politics'],https://reddit.com/r/politics/comments/1qm4gpx/we_cannot_be_nostalgic_for_the_united_states/,521,0,84,0,,"{'likes': 521, 'reposts': 0, 'quotes': 0}",1qm4gpx,1qm4gpx,reddit_multi_separate_files_v1
reddit,reddit,reddit_post,8njgmjuo,Zipper222222,1qm83gs,politics,2026-01-25T22:00:52.659166+00:00,2026-01-25T03:35:20+00:00,https://reddit.com/r/politics/comments/1qm83gs/minneapolis_shooting_ag_pam_bondi_gives_gov_walz/,reddit.com,['https://external-preview.redd.it/-KtcLYCKHz2sONiginuylNjdLKOVWMqOK4Rg_wZ4oME.png?auto=webp&s=727fcb33961cd2c8bc120245020ff03ef6a2625e'],Minneapolis shooting: AG Pam Bondi gives Gov. Walz conditions for ICE to leave Minnesota,,['No Paywall'],,,[],['r/politics'],https://reddit.com/r/politics/comments/1qm83gs/minneapolis_shooting_ag_pam_bondi_gives_gov_walz/,504,0,256,0,,"{'likes': 504, 'reposts': 0, 'quotes': 0}",1qm83gs,1qm83gs,reddit_multi_separate_files_v1
reddit,reddit,reddit_post,2u9gyl4l,GregWilson23,1qmop00,politics,2026-01-25T22:00:53.413239+00:00,2026-01-25T17:03:53+00:00,https://reddit.com/r/politics/comments/1qmop00/videos_of_deadly_minneapolis_shooting_contradict/,reddit.com,['https://external-preview.redd.it/fkegSP285qDst9ddQtnHScZRJH4LRDwGqTxEhGr2KoU.jpeg?auto=webp&s=da7866bffea7960ab0292d9492263f13d56c7246'],Videos of deadly Minneapolis shooting contradict government statements,,['No Paywall'],,,[],['r/politics'],https://reddit.com/r/politics/comments/1qmop00/videos_of_deadly_minneapolis_shooting_contradict/,506,0,33,0,,"{'likes': 506, 'reposts': 0, 'quotes': 0}",1qmop00,1qmop00,reddit_multi_separate_files_v1
reddit,reddit,reddit_post,1drf99kgeg,HellYeahDamnWrite,1qmhcvc,politics,2026-01-25T22:00:53.768736+00:00,2026-01-25T12:02:37+00:00,https://reddit.com/r/politics/comments/1qmhcvc/democratic_congressman_punched_in_racist_attack/,reddit.com,['https://external-preview.redd.it/o7b5n7TFJwgS95qbcHawC44icpDqvLJdjHc4KmaUEvY.jpeg?auto=webp&s=94f6fe46a30cdd3d9e26ce43cb16e314b60c0371'],Democratic congressman punched in racist attack at Sundance film festival,,['No Paywall'],,,[],['r/politics'],https://reddit.com/r/politics/comments/1qmhcvc/democratic_congressman_punched_in_racist_attack/,497,0,30,0,,"{'likes': 497, 'reposts': 0, 'quotes': 0}",1qmhcvc,1qmhcvc,reddit_multi_separate_files_v1
reddit,reddit,reddit_post,bmacoos,vox,1qm10y8,politics,2026-01-25T22:00:54.714142+00:00,2026-01-24T22:28:40+00:00,https://reddit.com/r/politics/comments/1qm10y8/the_trump_administrations_unchecked_abuses_in/,reddit.com,['https://external-preview.redd.it/QC97RORAHwJdPQHLsRUs5xXdez7gYSZ7hkOxXeRKdqo.jpeg?auto=webp&s=9aabb8e3ba5afadc544156f7523ba8b7a7c2dcf0'],The Trump administration’s unchecked abuses in Minnesota,,['Possible Paywall'],,,[],['r/politics'],https://reddit.com/r/politics/comments/1qm10y8/the_trump_administrations_unchecked_abuses_in/,481,0,11,0,,"{'likes': 481, 'reposts': 0, 'quotes': 0}",1qm10y8,1qm10y8,reddit_multi_separate_files_v1
reddit,reddit,reddit_post,1pikv5a49y,OddUmpire2554,1qm77vn,politics,2026-01-25T22:00:55.252976+00:00,2026-01-25T02:54:01+00:00,https://reddit.com/r/politics/comments/1qm77vn/the_latest_person_shot_and_killed_by_ice_in/,reddit.com,['https://external-preview.redd.it/bDfeIAFlK_ksNU4A4foWqfZUO6Sgq8QNG40jpxDjGyg.jpeg?auto=webp&s=7a0e044b9ac3f7d875fcfec696ec8bd74b29887e'],"The latest person shot and killed by ICE in Minneapolis, 37-year-old Alex Pretti, was an ICU nurse, his parents say",,['No Paywall'],,,[],['r/politics'],https://reddit.com/r/politics/comments/1qm77vn/the_latest_person_shot_and_killed_by_ice_in/,439,0,24,0,,"{'likes': 439, 'reposts': 0, 'quotes': 0}",1qm77vn,1qm77vn,reddit_multi_separate_files_v1
reddit,reddit,reddit_post,8njgmjuo,Zipper222222,1qm2zld,politics,2026-01-25T22:00:55.607664+00:00,2026-01-24T23:48:34+00:00,https://reddit.com/r/politics/comments/1qm2zld/will_another_deadly_shooting_bring_another/,reddit.com,['https://external-preview.redd.it/jn-e53vdoguX8sUPzm08wrgh2nFT3aK9YJ6sQZE_HzQ.jpeg?auto=webp&s=49bb97c9bb2d7d13a0dca6fef3a14edea2821c21'],Will another deadly shooting bring another government shutdown?,,['No Paywall'],,,[],['r/politics'],https://reddit.com/r/politics/comments/1qm2zld/will_another_deadly_shooting_bring_another/,438,0,119,0,,"{'likes': 438, 'reposts': 0, 'quotes': 0}",1qm2zld,1qm2zld,reddit_multi_separate_files_v1
reddit,reddit,reddit_post,7jf3p6zl,Delicious_Adeptness9,1qmq58e,politics,2026-01-25T22:00:56.342810+00:00,2026-01-25T17:56:26+00:00,https://reddit.com/r/politics/comments/1qmq58e/rep_jasmine_crockett_dtx_criticizes_trumps_ice/,reddit.com,['https://external-preview.redd.it/d4rCSeWEz9W8Mko97h_iv9_0FDazEXrGkYCOdap_nVs.jpeg?auto=webp&s=a25877d8f29057037bccd35f2c5754ad0ac81154'],"Rep. Jasmine Crockett (D-TX) criticizes Trump's ICE tactics, compares them to Nazi raids and ""modern day slave patrols""",,['No Paywall'],,,[],['r/politics'],https://reddit.com/r/politics/comments/1qmq58e/rep_jasmine_crockett_dtx_criticizes_trumps_ice/,435,0,9,0,,"{'likes': 435, 'reposts': 0, 'quotes': 0}",1qmq58e,1qmq58e,reddit_multi_separate_files_v1
reddit,reddit,reddit_post,mqvoy,nosotros_road_sodium,1qmndiz,politics,2026-01-25T22:00:56.695202+00:00,2026-01-25T16:16:20+00:00,https://reddit.com/r/politics/comments/1qmndiz/doge_didnt_save_taxpayers_1_trillion_after_all/,reddit.com,['https://external-preview.redd.it/MoiQNaGhw4I6kQDyKyLSdMTkNHSbyQmXlWBdg9TauFE.jpeg?auto=webp&s=5dc9a776d86669e6314a60019bb5e86a58525a34'],"DOGE didn't save taxpayers $1 trillion, after all",,['No Paywall'],,,[],['r/politics'],https://reddit.com/r/politics/comments/1qmndiz/doge_didnt_save_taxpayers_1_trillion_after_all/,435,0,47,0,,"{'likes': 435, 'reposts': 0, 'quotes': 0}",1qmndiz,1qmndiz,reddit_multi_separate_files_v1
reddit,reddit,reddit_post,2wucw,mushpuppy,1qm88yf,politics,2026-01-25T22:00:57.625046+00:00,2026-01-25T03:42:34+00:00,https://reddit.com/r/politics/comments/1qm88yf/another_killing_by_a_federal_officer_deepens/,reddit.com,['https://external-preview.redd.it/-cl_RXMhWtDRtY41a2mXPdzxkfgrT2san-0uy0cug_M.jpeg?auto=webp&s=8215660c24571087562b2ddef291b33fab8e8fe5'],Another killing by a federal officer deepens Trump’s self-inflicted political nightmare,,['Possible Paywall'],,,[],['r/politics'],https://reddit.com/r/politics/comments/1qm88yf/another_killing_by_a_federal_officer_deepens/,428,0,80,0,,"{'likes': 428, 'reposts': 0, 'quotes': 0}",1qm88yf,1qm88yf,reddit_multi_separate_files_v1
reddit,reddit,reddit_post,ba84y,Running_From_Zombies,1qm2drv,politics,2026-01-25T22:00:58.166113+00:00,2026-01-24T23:23:33+00:00,https://reddit.com/r/politics/comments/1qm2drv/dhs_funding_bill_faces_new_senate_hurdles_after/,reddit.com,['https://external-preview.redd.it/B3Nq_lfA5XdHRUlyuXwsH2_g5aCWe3ld4UHHmQDf3ec.jpeg?auto=webp&s=260ee8aa9fbf44cef2af6a479051605132bb4380'],DHS funding bill faces new Senate hurdles after another person killed in Minneapolis | Some Democrats who voted for recent funding bills said they'll vote against any DHS bill without restrictions on enforcement operations. The deadline to avert a shutdown is Friday.,,['No Paywall'],,,[],['r/politics'],https://reddit.com/r/politics/comments/1qm2drv/dhs_funding_bill_faces_new_senate_hurdles_after/,427,0,82,0,,"{'likes': 427, 'reposts': 0, 'quotes': 0}",1qm2drv,1qm2drv,reddit_multi_separate_files_v1
reddit,reddit,reddit_post,2u9gyl4l,GregWilson23,1qmatu9,politics,2026-01-25T22:00:59.898893+00:00,2026-01-25T05:52:38+00:00,https://reddit.com/r/politics/comments/1qmatu9/protesters_demand_immigration_agents_leave/,reddit.com,['https://external-preview.redd.it/kzl18Sq2qK1YCjMBTLGVUbJyJxKgI_sTdxpEqSf-RPE.jpeg?auto=webp&s=d8822b1eacac97811f2b9abd08429e468cddcd9f'],Protesters demand immigration agents leave Minneapolis after man is shot and killed during crackdown,,['No Paywall'],,,[],['r/politics'],https://reddit.com/r/politics/comments/1qmatu9/protesters_demand_immigration_agents_leave/,415,0,144,0,,"{'likes': 415, 'reposts': 0, 'quotes': 0}",1qmatu9,1qmatu9,reddit_multi_separate_files_v1
reddit,reddit,reddit_post,14llq6,rootoo,1qmkul9,politics,2026-01-25T22:01:01.238762+00:00,2026-01-25T14:41:46+00:00,https://reddit.com/r/politics/comments/1qmkul9/in_minneapolis_trump_administrations_ice/,reddit.com,[],"In Minneapolis, Trump Administrations ICE Crackdown Shows the U.S. Unraveling",,['Possible Paywall'],,,[],['r/politics'],https://reddit.com/r/politics/comments/1qmkul9/in_minneapolis_trump_administrations_ice/,398,0,59,0,,"{'likes': 398, 'reposts': 0, 'quotes': 0}",1qmkul9,1qmkul9,reddit_multi_separate_files_v1
reddit,reddit,reddit_post,1tjaa6vble,pyramidworld,1qmlt2q,politics,2026-01-25T22:01:01.596508+00:00,2026-01-25T15:18:45+00:00,https://reddit.com/r/politics/comments/1qmlt2q/ice_is_using_medicaid_data_to_find_out_where/,reddit.com,['https://external-preview.redd.it/chm9qUuYeYb1GwT2EIQ5_mb1Rk2-ZgLFItTIF4Ca6Fw.jpeg?auto=webp&s=709a811a333d142ef95392c273fb675dce78f062'],ICE is using Medicaid data to find out where immigrants live,,['No Paywall'],,,[],['r/politics'],https://reddit.com/r/politics/comments/1qmlt2q/ice_is_using_medicaid_data_to_find_out_where/,404,0,63,0,,"{'likes': 404, 'reposts': 0, 'quotes': 0}",1qmlt2q,1qmlt2q,reddit_multi_separate_files_v1
reddit,reddit,reddit_post,1vu3jwt88v,cosmicsasha,1qmpy9k,politics,2026-01-25T22:01:01.945622+00:00,2026-01-25T17:49:35+00:00,https://reddit.com/r/politics/comments/1qmpy9k/klobuchar_on_deadly_minnesota_shooting_video_your/,reddit.com,['https://external-preview.redd.it/riADqOgqww9FpHDmZ9cxKoDJcoqcF2NQxdRNZdGAucY.jpeg?auto=webp&s=f4f10121c43d93b29c2adf5c64a783f151b9726e'],Klobuchar on deadly Minnesota shooting video: ‘Your eyes don’t lie’,,['No Paywall'],,,[],['r/politics'],https://reddit.com/r/politics/comments/1qmpy9k/klobuchar_on_deadly_minnesota_shooting_video_your/,384,0,11,0,,"{'likes': 384, 'reposts': 0, 'quotes': 0}",1qmpy9k,1qmpy9k,reddit_multi_separate_files_v1
reddit,reddit,reddit_post,h7qz5,wylie102,1qmpreo,politics,2026-01-25T22:01:02.296646+00:00,2026-01-25T17:42:36+00:00,https://reddit.com/r/politics/comments/1qmpreo/nra_and_progun_groups_call_for_full_investigation/,reddit.com,['https://external-preview.redd.it/wH5O09hCTDbDyoNG77S8dapneXBTulPC8m_EY1CagsY.jpeg?auto=webp&s=ae36c08632331856ad34d373282c3d965d52335e'],NRA and pro-gun groups call for ‘full investigation’ into killing of Alex Pretti,,['No Paywall'],,,[],['r/politics'],https://reddit.com/r/politics/comments/1qmpreo/nra_and_progun_groups_call_for_full_investigation/,384,0,58,0,,"{'likes': 384, 'reposts': 0, 'quotes': 0}",1qmpreo,1qmpreo,reddit_multi_separate_files_v1
reddit,reddit,reddit_post,1pikv5a49y,OddUmpire2554,1qm74yd,politics,2026-01-25T22:01:06.706724+00:00,2026-01-25T02:50:20+00:00,https://reddit.com/r/politics/comments/1qm74yd/federal_agents_shoot_and_kill_another_us_citizen/,reddit.com,['https://external-preview.redd.it/5f10yB8fgFCVsP-X5Jko68-WuJDbNdzzc0u6dM9SauU.jpeg?auto=webp&s=f80518fd6ce2a5373169b90e620b32229a922da2'],Federal agents shoot and kill another US citizen in Minneapolis,,['No Paywall'],,,[],['r/politics'],https://reddit.com/r/politics/comments/1qm74yd/federal_agents_shoot_and_kill_another_us_citizen/,382,0,57,0,,"{'likes': 382, 'reposts': 0, 'quotes': 0}",1qm74yd,1qm74yd,reddit_multi_separate_files_v1
reddit,reddit,reddit_post,11fp4t9e0c,theipaper,1qmq24b,politics,2026-01-25T22:01:07.056179+00:00,2026-01-25T17:53:20+00:00,https://reddit.com/r/politics/comments/1qmq24b/trumps_dangerous_lies_about_minneapolis_killings/,reddit.com,['https://external-preview.redd.it/SVSpZJhpOHn6-m-QBJfXr1gEidQICv88gxez2sVLLBU.jpeg?auto=webp&s=3375df059bbd7f772ca389500a18df3ffddf86f2'],Trump's dangerous lies about Minneapolis killings are pushing US to the brink,,['Possible Paywall'],,,[],['r/politics'],https://reddit.com/r/politics/comments/1qmq24b/trumps_dangerous_lies_about_minneapolis_killings/,376,0,41,0,,"{'likes': 376, 'reposts': 0, 'quotes': 0}",1qmq24b,1qmq24b,reddit_multi_separate_files_v1
reddit,reddit,reddit_post,15htj3oj,theatlantic,1qmldx2,politics,2026-01-25T22:01:07.384860+00:00,2026-01-25T15:02:45+00:00,https://reddit.com/r/politics/comments/1qmldx2/pete_hegseth_should_stay_out_of_minneapolis/,reddit.com,['https://external-preview.redd.it/oU7EdiExIlqP84yi3sL9mGIAq9tXVuN7-ekB4EYVO7c.jpeg?auto=webp&s=af43c1dbe116f3fb3d35b08ac0b4f1fd56f676a9'],Pete Hegseth Should Stay Out of Minneapolis,,['Paywall'],,,[],['r/politics'],https://reddit.com/r/politics/comments/1qmldx2/pete_hegseth_should_stay_out_of_minneapolis/,365,0,52,0,,"{'likes': 365, 'reposts': 0, 'quotes': 0}",1qmldx2,1qmldx2,reddit_multi_separate_files_v1
reddit,reddit,reddit_post,22qgbqorwq,Adrianswiftcloud,1qm9lmw,politics,2026-01-25T22:01:07.716315+00:00,2026-01-25T04:49:08+00:00,https://reddit.com/r/politics/comments/1qm9lmw/immigrant_families_protest_at_texas_facility/,reddit.com,['https://external-preview.redd.it/gcLwO3hqc2PPUrqYcS-Y77Ce0Iy3Uxcu-vYtSUTepHM.jpeg?auto=webp&s=17b5bb7d305a9ed264f0c3e2ec9f7ea81d4cb158'],"Immigrant families protest at Texas facility housing 5-year-old boy, father detained in Minnesota",,['No Paywall'],,,[],['r/politics'],https://reddit.com/r/politics/comments/1qm9lmw/immigrant_families_protest_at_texas_facility/,364,0,20,0,,"{'likes': 364, 'reposts': 0, 'quotes': 0}",1qm9lmw,1qm9lmw,reddit_multi_separate_files_v1
reddit,reddit,reddit_post,35fk2,Quirkie,1qmngqn,politics,2026-01-25T22:01:08.049528+00:00,2026-01-25T16:19:30+00:00,https://reddit.com/r/politics/comments/1qmngqn/ailing_trump_knows_his_reign_is_nearly_over_wolff/,reddit.com,['https://external-preview.redd.it/Dv_9ijjiPvsaHUo4nqzYqaNl3XufDXEG-c5vit9VjEs.jpeg?auto=webp&s=091a94d4a8ee65635b3b4b48a55fe3c08369c063'],Ailing Trump Knows His Reign Is Nearly Over: Wolff,,['Possible Paywall'],,,[],['r/politics'],https://reddit.com/r/politics/comments/1qmngqn/ailing_trump_knows_his_reign_is_nearly_over_wolff/,355,0,128,0,,"{'likes': 355, 'reposts': 0, 'quotes': 0}",1qmngqn,1qmngqn,reddit_multi_separate_files_v1
reddit,reddit,reddit_post,5i8ed,Amentet,1qm7d5j,politics,2026-01-25T22:01:08.383014+00:00,2026-01-25T03:00:45+00:00,https://reddit.com/r/politics/comments/1qm7d5j/read_bondis_letter_to_minnesotas_governor/,reddit.com,['https://external-preview.redd.it/Pw7_sBaENnBZqGehxb-c2jcH7RiH8WkMxuVzohYr-GI.png?auto=webp&s=5eec75c8e6467adee6b9216883e079d57daea77c'],Read Bondi’s Letter to Minnesota’s Governor,,['Possible Paywall'],,,[],['r/politics'],https://reddit.com/r/politics/comments/1qm7d5j/read_bondis_letter_to_minnesotas_governor/,356,0,130,0,,"{'likes': 356, 'reposts': 0, 'quotes': 0}",1qm7d5j,1qm7d5j,reddit_multi_separate_files_v1
reddit,reddit,reddit_post,10n517c17u,Remarkable_Sir8397,1qmfies,politics,2026-01-25T22:01:08.714330+00:00,2026-01-25T10:17:51+00:00,https://reddit.com/r/politics/comments/1qmfies/what_ice_agents_are_taught_how_to_use_deadly/,reddit.com,['https://external-preview.redd.it/QpJ9Yy_GLs2yC6tQ-g5x0cfu3xX_3k26xgpPmsfr3XU.jpeg?auto=webp&s=a187fd8e1341630d961207a4d898b11c8ca39fda'],"What ICE agents are taught: How to use 'deadly force', evade lawsuits",,['No Paywall'],,,[],['r/politics'],https://reddit.com/r/politics/comments/1qmfies/what_ice_agents_are_taught_how_to_use_deadly/,354,0,29,0,,"{'likes': 354, 'reposts': 0, 'quotes': 0}",1qmfies,1qmfies,reddit_multi_separate_files_v1
reddit,reddit,reddit_post,1q6mfupf,bbmoonkie,1qmveif,politics,2026-01-25T22:01:09.050932+00:00,2026-01-25T21:05:19+00:00,https://reddit.com/r/politics/comments/1qmveif/trump_administration_goes_after_second_amendment/,reddit.com,['https://external-preview.redd.it/5Wc-gpJj6PylbUoXIv9S3V3DPZCx0aaUd4pKq20dnzQ.jpeg?auto=webp&s=7d8ce7a042fa28ab84362738655289d18ee57fcc'],Trump administration goes after Second Amendment rights in justifying Minneapolis shooting,,['No Paywall'],,,[],['r/politics'],https://reddit.com/r/politics/comments/1qmveif/trump_administration_goes_after_second_amendment/,354,0,72,0,,"{'likes': 354, 'reposts': 0, 'quotes': 0}",1qmveif,1qmveif,reddit_multi_separate_files_v1
reddit,reddit,reddit_post,dz54148i,Hrmbee,1qmmi23,politics,2026-01-25T22:01:09.390012+00:00,2026-01-25T15:44:54+00:00,https://reddit.com/r/politics/comments/1qmmi23/trump_just_proved_carneys_point/,reddit.com,['https://external-preview.redd.it/y0XOoiSjgdtmsxH1q9LglnBMjWJIgYaVL6dA9Z8iT2g.jpeg?auto=webp&s=2b3a752e841b557a97678c4cd65e7d3aa8bde99b'],Trump Just Proved Carney’s Point,,['Possible Paywall'],,,[],['r/politics'],https://reddit.com/r/politics/comments/1qmmi23/trump_just_proved_carneys_point/,343,0,138,0,,"{'likes': 343, 'reposts': 0, 'quotes': 0}",1qmmi23,1qmmi23,reddit_multi_separate_files_v1
reddit,reddit,reddit_post,tshbesya,OkayButFoRealz,1qmrtnv,politics,2026-01-25T22:01:09.728240+00:00,2026-01-25T18:56:03+00:00,https://reddit.com/r/politics/comments/1qmrtnv/murphy_says_trump_administration_creating_this/,reddit.com,['https://external-preview.redd.it/3ePHhuIiIbQEo9EyxT5R0tzG2cWvFHGsyLd9HlLPka8.jpeg?auto=webp&s=a227817979636cac8ba0a573b3e50b85f5341a6b'],Murphy Says Trump Administration ‘Creating This Mayhem’ to ‘Take Control’ of Midterms,,['No Paywall'],,,[],['r/politics'],https://reddit.com/r/politics/comments/1qmrtnv/murphy_says_trump_administration_creating_this/,346,0,27,0,,"{'likes': 346, 'reposts': 0, 'quotes': 0}",1qmrtnv,1qmrtnv,reddit_multi_separate_files_v1
reddit,reddit,reddit_post,avobu,zsreport,1qmh3py,politics,2026-01-25T22:01:10.062738+00:00,2026-01-25T11:48:55+00:00,https://reddit.com/r/politics/comments/1qmh3py/the_taking_of_liam_ramos_reveals_the_sheer_sadism/,reddit.com,['https://external-preview.redd.it/pAyba6Gg9mBQONSNRDoFlS2bQfsWcIMxZREkLN79nHo.jpeg?auto=webp&s=565a69b57bc1db8ef7b9af46c3e063f5f90edea3'],The taking of Liam Ramos reveals the sheer sadism of ICE,,['No Paywall'],,,[],['r/politics'],https://reddit.com/r/politics/comments/1qmh3py/the_taking_of_liam_ramos_reveals_the_sheer_sadism/,336,0,53,0,,"{'likes': 336, 'reposts': 0, 'quotes': 0}",1qmh3py,1qmh3py,reddit_multi_separate_files_v1
reddit,reddit,reddit_post,6fvdwcdj,brown-saiyan,1qmb8gk,politics,2026-01-25T22:01:10.966278+00:00,2026-01-25T06:13:01+00:00,https://reddit.com/r/politics/comments/1qmb8gk/shooting_renews_urgent_legal_effort_to_restrict/,reddit.com,[],Shooting renews urgent legal effort to restrict ICE’s Minnesota operation,,['Possible Paywall'],,,[],['r/politics'],https://reddit.com/r/politics/comments/1qmb8gk/shooting_renews_urgent_legal_effort_to_restrict/,328,0,31,0,,"{'likes': 328, 'reposts': 0, 'quotes': 0}",1qmb8gk,1qmb8gk,reddit_multi_separate_files_v1
reddit,reddit,reddit_post,1pikv5a49y,OddUmpire2554,1qm7arv,politics,2026-01-25T22:01:11.295490+00:00,2026-01-25T02:57:50+00:00,https://reddit.com/r/politics/comments/1qm7arv/minnesota_governor_tim_walz_activates_national/,reddit.com,['https://external-preview.redd.it/_n7wPlQXdOjYw8f7UHKYDXITB3yuPh24fSylUZY0pOw.jpeg?auto=webp&s=a23f25ef129f45792a4a833d71474f091f81e322'],Minnesota Governor Tim Walz activates National Guard after federal immigration officer kills man in Minneapolis,,['Possible Paywall'],,,[],['r/politics'],https://reddit.com/r/politics/comments/1qm7arv/minnesota_governor_tim_walz_activates_national/,332,0,48,0,,"{'likes': 332, 'reposts': 0, 'quotes': 0}",1qm7arv,1qm7arv,reddit_multi_separate_files_v1
reddit,reddit,reddit_post,6qmqilzh,Oleg101,1qmqypq,politics,2026-01-25T22:01:11.625850+00:00,2026-01-25T18:25:29+00:00,https://reddit.com/r/politics/comments/1qmqypq/ted_cruz_privately_rants_against_trumps_tariffs/,reddit.com,['https://external-preview.redd.it/kqeZ0cA0N-e62WG4onHTXAcqPOQ3RcgAlEGDEgUpgU8.jpeg?auto=webp&s=f98a7ac6c046239f8ee4f7f59ee9d97785a9d33c'],"Ted Cruz privately rants against Trump’s tariffs and claims ‘Tucker created JD,’ according to secret recordings",,['No Paywall'],,,[],['r/politics'],https://reddit.com/r/politics/comments/1qmqypq/ted_cruz_privately_rants_against_trumps_tariffs/,299,0,39,0,,"{'likes': 299, 'reposts': 0, 'quotes': 0}",1qmqypq,1qmqypq,reddit_multi_separate_files_v1
reddit,reddit,reddit_post,jbj6sgwf,thenationmagazine,1qmk4yg,politics,2026-01-25T22:01:11.954119+00:00,2026-01-25T14:12:52+00:00,https://reddit.com/r/politics/comments/1qmk4yg/feds_kill_again_in_minneapolis_minnesotans_are/,reddit.com,['https://external-preview.redd.it/Ml2FjBqh1sHs1Kp7R3NaEv1qvvauEQtaeZdR0mBAmQE.jpeg?auto=webp&s=439de8b88e7153f3183a5900707f225cdbc627a6'],Feds Kill Again in Minneapolis. Minnesotans Are Fighting Back.,,['Possible Paywall'],,,[],['r/politics'],https://reddit.com/r/politics/comments/1qmk4yg/feds_kill_again_in_minneapolis_minnesotans_are/,298,0,30,0,,"{'likes': 298, 'reposts': 0, 'quotes': 0}",1qmk4yg,1qmk4yg,reddit_multi_separate_files_v1
reddit,reddit,reddit_post,e8kbt,iymcool,1qm1455,politics,2026-01-25T22:01:12.881727+00:00,2026-01-24T22:32:07+00:00,https://reddit.com/r/politics/comments/1qm1455/judge_warns_trump_administration_from_changing/,reddit.com,['https://external-preview.redd.it/AoyCzD4cW_QMuo-bn17Cbylxon8uX90HF7meE30iN94.jpeg?auto=webp&s=4254446d9b79d4ee0a3ffe0ffe06387b50909025'],Judge warns Trump administration from changing plaintiffs immigration status in First Amendment case,,['No Paywall'],,,[],['r/politics'],https://reddit.com/r/politics/comments/1qm1455/judge_warns_trump_administration_from_changing/,292,0,7,0,,"{'likes': 292, 'reposts': 0, 'quotes': 0}",1qm1455,1qm1455,reddit_multi_separate_files_v1
reddit,reddit,reddit_post,1pikv5a49y,OddUmpire2554,1qm7ugi,politics,2026-01-25T22:01:13.419673+00:00,2026-01-25T03:23:21+00:00,https://reddit.com/r/politics/comments/1qm7ugi/not_opening_the_door_to_ice_may_no_longer_stop/,reddit.com,['https://external-preview.redd.it/7JMHAOa8RLw6xHp2SVTsBEORFS3aIBSecaDWKbYig00.jpeg?auto=webp&s=40bb4652ad142ee0e8051bba477ff82e19108210'],Not opening the door to ICE may no longer stop officers,,['No Paywall'],,,[],['r/politics'],https://reddit.com/r/politics/comments/1qm7ugi/not_opening_the_door_to_ice_may_no_longer_stop/,276,0,86,0,,"{'likes': 276, 'reposts': 0, 'quotes': 0}",1qm7ugi,1qm7ugi,reddit_multi_separate_files_v1
reddit,reddit,reddit_post,rdu8ry2s,ewzetf,1qmlxij,politics,2026-01-25T22:01:13.751269+00:00,2026-01-25T15:23:36+00:00,https://reddit.com/r/politics/comments/1qmlxij/border_patrol_chief_bovino_praises_agents_in/,reddit.com,['https://external-preview.redd.it/Xugx3rgzhYiryiMlXl5YuOwd7MVVKSMJYOkBuirHhvQ.jpeg?auto=webp&s=f19e3df3ad262d8183e6cf55396185474db0d02c'],Border Patrol chief Bovino praises agents in Minneapolis shooting— says they are 'victims' after Alex Pretti interfered with them,,['No Paywall'],,,[],['r/politics'],https://reddit.com/r/politics/comments/1qmlxij/border_patrol_chief_bovino_praises_agents_in/,252,0,102,0,,"{'likes': 252, 'reposts': 0, 'quotes': 0}",1qmlxij,1qmlxij,reddit_multi_separate_files_v1
reddit,reddit,reddit_post,5dv971n4,WombatusMighty,1qmqcyr,politics,2026-01-25T22:01:14.495344+00:00,2026-01-25T18:03:45+00:00,https://reddit.com/r/politics/comments/1qmqcyr/fbi_supervisor_resigns_after_trying_to/,reddit.com,['https://external-preview.redd.it/504ThAT-WIxxbCELRh97kAj-H8DfTfB81XrzN_j1J9c.jpeg?auto=webp&s=52fc0f84274100630155a50423fc5064462a04a9'],FBI supervisor resigns after trying to investigate agent who shot Renee Good,,['No Paywall'],,,[],['r/politics'],https://reddit.com/r/politics/comments/1qmqcyr/fbi_supervisor_resigns_after_trying_to/,240,0,6,0,,"{'likes': 240, 'reposts': 0, 'quotes': 0}",1qmqcyr,1qmqcyr,reddit_multi_separate_files_v1
reddit,reddit,reddit_post,9cki6,ILikeNeurons,1qmoe7h,politics,2026-01-25T22:01:14.851816+00:00,2026-01-25T16:53:09+00:00,https://reddit.com/r/politics/comments/1qmoe7h/calls_mount_on_trump_administration_to_fully/,reddit.com,['https://external-preview.redd.it/RNz72rTzyYmAmdVnk-U6oTX08XYA-vzrm0hIAdmpYUU.jpeg?auto=webp&s=6779c355bcdcfc103047ac7ce5d600a82cb5624a'],Calls mount on Trump administration to fully investigate Alex Pretti’s killing,,['No Paywall'],,,[],['r/politics'],https://reddit.com/r/politics/comments/1qmoe7h/calls_mount_on_trump_administration_to_fully/,232,0,30,0,,"{'likes': 232, 'reposts': 0, 'quotes': 0}",1qmoe7h,1qmoe7h,reddit_multi_separate_files_v1
reddit,reddit,reddit_post,hc0stcy,sgreenm22,1qmtumi,politics,2026-01-25T22:01:15.787110+00:00,2026-01-25T20:08:30+00:00,https://reddit.com/r/politics/comments/1qmtumi/democrats_rip_stephen_millers_coldblooded/,reddit.com,['https://external-preview.redd.it/WoQSHiYDKn31P8DEAE6oo_VNOQD2nZSGUqjA3q5LQsk.jpeg?auto=webp&s=3441d448b33ef6f333b5363bc5aaf4dfec338a22'],Democrats Rip Stephen Miller’s Cold-Blooded Response to CBP Killing,,['Possible Paywall'],,,[],['r/politics'],https://reddit.com/r/politics/comments/1qmtumi/democrats_rip_stephen_millers_coldblooded/,225,0,46,0,,"{'likes': 225, 'reposts': 0, 'quotes': 0}",1qmtumi,1qmtumi,reddit_multi_separate_files_v1
reddit,reddit,reddit_post,107tqq7w3k,Alert-Ad-3053,1qmhb0t,politics,2026-01-25T22:01:16.314884+00:00,2026-01-25T12:00:16+00:00,https://reddit.com/r/politics/comments/1qmhb0t/minneapolis_shooting_what_we_know_about_death_of/,reddit.com,['https://external-preview.redd.it/IJsZx4zp4yauz7AiwWN0irzkMbIFERxeTEhPxwdHlS8.jpeg?auto=webp&s=1b1a580657b4883f8233b7521e2046ce697014ef'],Minneapolis shooting: What we know about death of Alex Pretti,,['Possible Paywall'],,,[],['r/politics'],https://reddit.com/r/politics/comments/1qmhb0t/minneapolis_shooting_what_we_know_about_death_of/,219,0,63,0,,"{'likes': 219, 'reposts': 0, 'quotes': 0}",1qmhb0t,1qmhb0t,reddit_multi_separate_files_v1
reddit,reddit,reddit_post,1dlcazfv4o,Illustrious_Lie_954,1qmn1w6,politics,2026-01-25T22:01:16.644653+00:00,2026-01-25T16:05:01+00:00,https://reddit.com/r/politics/comments/1qmn1w6/gov_walz_calls_on_trump_to_halt_ice_operations_in/,reddit.com,['https://external-preview.redd.it/iF_icKON3nL5AmynA9nT345FrrbhEPXCQBM7_EV4NDM.jpeg?auto=webp&s=6052892710af8f56c7f4975e0e8f73c611f698fc'],Gov. Walz calls on Trump to halt ICE operations in Minnesota after another fatal shooting,,['No Paywall'],,,[],['r/politics'],https://reddit.com/r/politics/comments/1qmn1w6/gov_walz_calls_on_trump_to_halt_ice_operations_in/,215,0,23,0,,"{'likes': 215, 'reposts': 0, 'quotes': 0}",1qmn1w6,1qmn1w6,reddit_multi_separate_files_v1
reddit,reddit,reddit_post,spnkgcj7y,Euphoric-Let-5599,1qm8gkw,politics,2026-01-25T22:01:17.388894+00:00,2026-01-25T03:52:48+00:00,https://reddit.com/r/politics/comments/1qm8gkw/minneapolis_shooting_national_guard_activated/,reddit.com,['https://external-preview.redd.it/MJcde6SuCNXAK31jg5BI-l3ZPo6bkjOKYh54Pcq8KEM.jpeg?auto=webp&s=fb26ed68a489276a50df5a4582b0ecdcd86a0018'],Minneapolis shooting: National Guard activated after man killed by Border Patrol,,['No Paywall'],,,[],['r/politics'],https://reddit.com/r/politics/comments/1qm8gkw/minneapolis_shooting_national_guard_activated/,210,0,31,0,,"{'likes': 210, 'reposts': 0, 'quotes': 0}",1qm8gkw,1qm8gkw,reddit_multi_separate_files_v1
reddit,reddit,reddit_post,jl5uk58v5,Slate,1qmrlkm,politics,2026-01-25T22:01:17.769000+00:00,2026-01-25T18:47:58+00:00,https://reddit.com/r/politics/comments/1qmrlkm/in_minnesota_the_fight_against_ice_is_also_the/,reddit.com,['https://external-preview.redd.it/RwTK_S-y4iKavN3HNNefon4K3p-3xHFQPLlM11qaBEM.jpeg?auto=webp&s=5cc02dde671967ca648ea6db837e3417dee10f97'],"In Minnesota, the Fight Against ICE Is Also the Fight Against Authoritarianism",,['No Paywall'],,,[],['r/politics'],https://reddit.com/r/politics/comments/1qmrlkm/in_minnesota_the_fight_against_ice_is_also_the/,199,0,5,0,,"{'likes': 199, 'reposts': 0, 'quotes': 0}",1qmrlkm,1qmrlkm,reddit_multi_separate_files_v1
reddit,reddit,reddit_post,9rp4e,deraser,1qmryel,politics,2026-01-25T22:01:19.424994+00:00,2026-01-25T19:00:47+00:00,https://reddit.com/r/politics/comments/1qmryel/republicans_start_raising_concerns_about/,reddit.com,[],Republicans start raising concerns about Minneapolis shooting,,['Possible Paywall'],,,[],['r/politics'],https://reddit.com/r/politics/comments/1qmryel/republicans_start_raising_concerns_about/,204,0,53,0,,"{'likes': 204, 'reposts': 0, 'quotes': 0}",1qmryel,1qmryel,reddit_multi_separate_files_v1
reddit,reddit,reddit_post,17bzdd24i2,Street_Anon,1qm9icj,politics,2026-01-25T22:01:19.777656+00:00,2026-01-25T04:44:37+00:00,https://reddit.com/r/politics/comments/1qm9icj/trumps_latest_tariff_threats_will_hurt_us_just_as/,reddit.com,['https://external-preview.redd.it/s1Sq7WMgZNsOTJH2UTWVfq3O9busmfnOl33mzwwPuMY.jpeg?auto=webp&s=c5baf809db64be06841708d3c181ea52132c2e88'],"Trump’s latest tariff threats will hurt U.S. just as much as Canada, experts say",,['No Paywall'],,,[],['r/politics'],https://reddit.com/r/politics/comments/1qm9icj/trumps_latest_tariff_threats_will_hurt_us_just_as/,197,0,53,0,,"{'likes': 197, 'reposts': 0, 'quotes': 0}",1qm9icj,1qm9icj,reddit_multi_separate_files_v1
reddit,reddit,reddit_post,488jhlao,kirby__000,1qm2ml6,politics,2026-01-25T22:01:20.526224+00:00,2026-01-24T23:33:26+00:00,https://reddit.com/r/politics/comments/1qm2ml6/who_was_killed_by_federal_law_enforcement_in/,reddit.com,['https://external-preview.redd.it/1eU0gt2EXuTAvH4Huq2lb_-srZWo6Td7yEoUd97oV6I.jpeg?auto=webp&s=b506440b30522684172cae4b3b824a28f5ed122f'],Who was killed by federal law enforcement in Minneapolis? What we know,,['No Paywall'],,,[],['r/politics'],https://reddit.com/r/politics/comments/1qm2ml6/who_was_killed_by_federal_law_enforcement_in/,199,0,35,0,,"{'likes': 199, 'reposts': 0, 'quotes': 0}",1qm2ml6,1qm2ml6,reddit_multi_separate_files_v1
reddit,reddit,reddit_post,1dlcazfv4o,Illustrious_Lie_954,1qmmsjd,politics,2026-01-25T22:01:20.881416+00:00,2026-01-25T15:55:38+00:00,https://reddit.com/r/politics/comments/1qmmsjd/after_second_minneapolis_shooting_congress/,reddit.com,['https://external-preview.redd.it/RvW6vac4fdvWBNrWMsk4MpAIouUMPCv4joSTgkdj8qc.jpeg?auto=webp&s=b25da6a618070bff6ffb6a5383395e19b0d051a4'],"After second Minneapolis shooting, Congress hurtles toward a partial government shutdown over DHS funding",,['No Paywall'],,,[],['r/politics'],https://reddit.com/r/politics/comments/1qmmsjd/after_second_minneapolis_shooting_congress/,194,0,29,0,,"{'likes': 194, 'reposts': 0, 'quotes': 0}",1qmmsjd,1qmmsjd,reddit_multi_separate_files_v1
reddit,reddit,reddit_post,1rzlbu0ni4,Next_Worth_3616,1qmtcoi,politics,2026-01-25T22:01:21.828920+00:00,2026-01-25T19:50:50+00:00,https://reddit.com/r/politics/comments/1qmtcoi/suspect_told_congressman_were_going_to_deport/,reddit.com,['https://external-preview.redd.it/avua7Ng7uq2XhUwOks9AFjadikc6z4APIt9ZWEr_TAI.jpeg?auto=webp&s=93865a71ae1c99bc73966557691d06c7a6a169e2'],Suspect told congressman: ‘We’re going to deport your kind’ before assault: Police,,['No Paywall'],,,[],['r/politics'],https://reddit.com/r/politics/comments/1qmtcoi/suspect_told_congressman_were_going_to_deport/,193,0,19,0,,"{'likes': 193, 'reposts': 0, 'quotes': 0}",1qmtcoi,1qmtcoi,reddit_multi_separate_files_v1
reddit,reddit,reddit_post,ipqi1,Infidel8,1qmtt94,politics,2026-01-25T22:01:22.369361+00:00,2026-01-25T20:07:12+00:00,https://reddit.com/r/politics/comments/1qmtt94/videos_contradict_us_account_of_minneapolis/,reddit.com,['https://external-preview.redd.it/CptQyTuPwMWdXJDEtKZ0SVvYtSQ_DulIgCgjk8kgZ_g.jpeg?auto=webp&s=17b54ac118e57df49cb58cfef45977ca510e15e7'],Videos Contradict U.S. Account of Minneapolis Shooting by Federal Agents,,['Paywall'],,,[],['r/politics'],https://reddit.com/r/politics/comments/1qmtt94/videos_contradict_us_account_of_minneapolis/,186,0,19,0,,"{'likes': 186, 'reposts': 0, 'quotes': 0}",1qmtt94,1qmtt94,reddit_multi_separate_files_v1
reddit,reddit,reddit_post,jfh27y2c,Rock-n-roll-Kevin,1qmo577,politics,2026-01-25T22:01:22.706022+00:00,2026-01-25T16:44:03+00:00,https://reddit.com/r/politics/comments/1qmo577/fact_check_video_witnesses_contradict_some_of/,reddit.com,['https://external-preview.redd.it/cEMCYxTqTj4MHtNnToq-vGft-f2sJ8Wxpxh6XXuONmo.jpeg?auto=webp&s=716daaf3ba9324ca24e75959fc23300b8d8a58f8'],"Fact check: Video, witnesses contradict some of federal officials’ shooting claims",,['Possible Paywall'],,,[],['r/politics'],https://reddit.com/r/politics/comments/1qmo577/fact_check_video_witnesses_contradict_some_of/,176,0,25,0,,"{'likes': 176, 'reposts': 0, 'quotes': 0}",1qmo577,1qmo577,reddit_multi_separate_files_v1
reddit,reddit,reddit_post,3jpbagm0,MaximusDM22,1qmnufm,politics,2026-01-25T22:01:23.443357+00:00,2026-01-25T16:33:15+00:00,https://reddit.com/r/politics/comments/1qmnufm/report_ice_using_palantir_tool_that_feeds_on/,reddit.com,['https://external-preview.redd.it/JgUBBh0xNczvxAouZX9Hh9o3m_1xdX_LyC-IXKumx64.png?auto=webp&s=d165889c8b5e1fe8bfa3b97078eb7d1540142ec7'],Report: ICE Using Palantir Tool That Feeds On Medicaid Data,,['No Paywall'],,,[],['r/politics'],https://reddit.com/r/politics/comments/1qmnufm/report_ice_using_palantir_tool_that_feeds_on/,172,0,22,0,,"{'likes': 172, 'reposts': 0, 'quotes': 0}",1qmnufm,1qmnufm,reddit_multi_separate_files_v1
reddit,reddit,reddit_post,k4oq4by,huffpost,1qmu8xr,politics,2026-01-25T22:01:23.789229+00:00,2026-01-25T20:22:46+00:00,https://reddit.com/r/politics/comments/1qmu8xr/sworn_witness_accounts_of_alex_pretti_killing/,reddit.com,['https://external-preview.redd.it/56yXBucoUyl1TxR5qG96-upeIIBxfzvfMEtlVK9LfJA.jpeg?auto=webp&s=ceee19c2744aa5e70cc5b8fbf1a040e07dc2029e'],Sworn Witness Accounts Of Alex Pretti Killing Differ Sharply From DHS,,['No Paywall'],,,[],['r/politics'],https://reddit.com/r/politics/comments/1qmu8xr/sworn_witness_accounts_of_alex_pretti_killing/,170,0,30,0,,"{'likes': 170, 'reposts': 0, 'quotes': 0}",1qmu8xr,1qmu8xr,reddit_multi_separate_files_v1
reddit,reddit,reddit_post,64e2lhkm,ddx-me,1qmak88,politics,2026-01-25T22:01:24.724049+00:00,2026-01-25T05:38:54+00:00,https://reddit.com/r/politics/comments/1qmak88/gun_rights_groups_clash_after_man_dhs_says_was/,reddit.com,['https://external-preview.redd.it/uku3_ijNJuA5GiMJx5rOWnCwtJ0r683bQGnMw75l8Lg.jpeg?auto=webp&s=6a1d58ed44da5ad235205c0b80576f9e0efd0196'],Gun rights groups clash after man DHS says was armed fatally shot by CBP in Minneapolis,,['No Paywall'],,,[],['r/politics'],https://reddit.com/r/politics/comments/1qmak88/gun_rights_groups_clash_after_man_dhs_says_was/,163,0,72,0,,"{'likes': 163, 'reposts': 0, 'quotes': 0}",1qmak88,1qmak88,reddit_multi_separate_files_v1
reddit,reddit,reddit_post,1ilbuboft3,CRK_76,1qmorof,politics,2026-01-25T22:01:25.266296+00:00,2026-01-25T17:06:32+00:00,https://reddit.com/r/politics/comments/1qmorof/some_republicans_express_concern_over_the_tactics/,reddit.com,['https://external-preview.redd.it/n6-czqkPXS1GQDPl8UxKqgcY8sxJvglgyI2PNN0ugH4.jpeg?auto=webp&s=e1030b5f198ff3c8b5208bd42934562d8e6bfc33'],Some Republicans express concern over the tactics used in Minnesota and urge shooting investigation,,['No Paywall'],,,[],['r/politics'],https://reddit.com/r/politics/comments/1qmorof/some_republicans_express_concern_over_the_tactics/,162,0,56,0,,"{'likes': 162, 'reposts': 0, 'quotes': 0}",1qmorof,1qmorof,reddit_multi_separate_files_v1
reddit,reddit,reddit_post,8lemz,Large_banana_hammock,1qmvo0p,politics,2026-01-25T22:01:25.614461+00:00,2026-01-25T21:14:54+00:00,https://reddit.com/r/politics/comments/1qmvo0p/minnesota_gov_tim_walz_tells_trump_you_clearly/,reddit.com,['https://external-preview.redd.it/XeMRGBu3hx2YcJwywOJk3nXcSD1xMMWEvy8XbIdUF94.jpeg?auto=webp&s=3a921716cbf1ea26427d0753b5e905d6b988c31f'],"Minnesota Gov. Tim Walz tells Trump: ""You clearly underestimated the people of this state and nation""",,['No Paywall'],,,[],['r/politics'],https://reddit.com/r/politics/comments/1qmvo0p/minnesota_gov_tim_walz_tells_trump_you_clearly/,162,0,30,0,,"{'likes': 162, 'reposts': 0, 'quotes': 0}",1qmvo0p,1qmvo0p,reddit_multi_separate_files_v1
reddit,reddit,reddit_post,8vqadgoi,ElectoralNerd,1qms2iw,politics,2026-01-25T22:01:26.353722+00:00,2026-01-25T19:04:42+00:00,https://reddit.com/r/politics/comments/1qms2iw/impeach_noem_fly_to_minnesota_what_democrats_said/,reddit.com,['https://external-preview.redd.it/7kVXDyH1PxcIGWHDltZjbCZa4sFtsplL0mMqaXKha9o.jpeg?auto=webp&s=4c4ea2b935e6ba01301105802f5adb2c24a159d1'],"Impeach Noem, fly to Minnesota: What Democrats said on their private call",,['Possible Paywall'],,,[],['r/politics'],https://reddit.com/r/politics/comments/1qms2iw/impeach_noem_fly_to_minnesota_what_democrats_said/,156,0,11,0,,"{'likes': 156, 'reposts': 0, 'quotes': 0}",1qms2iw,1qms2iw,reddit_multi_separate_files_v1
reddit,reddit,reddit_post,w49j7npkb,Silent-Resort-3076,1qm6r24,politics,2026-01-25T22:01:26.697630+00:00,2026-01-25T02:32:47+00:00,https://reddit.com/r/politics/comments/1qm6r24/trump_connects_latest_minneapolis_shooting_with/,reddit.com,['https://external-preview.redd.it/dVHYYqltfEVUQ-89aXJnYe8GkCJlh4LsOU4AyqtEV9Y.jpeg?auto=webp&s=92e14ed1970f076497c3cd411ee4583fcfd5fc1f'],Trump connects latest Minneapolis shooting with ‘cover up’ for ‘theft and fraud’ in state,,['No Paywall'],,,[],['r/politics'],https://reddit.com/r/politics/comments/1qm6r24/trump_connects_latest_minneapolis_shooting_with/,154,0,67,0,,"{'likes': 154, 'reposts': 0, 'quotes': 0}",1qm6r24,1qm6r24,reddit_multi_separate_files_v1
reddit,reddit,reddit_post,55em3gj8,thereshebe12,1qmuc34,politics,2026-01-25T22:01:27.625616+00:00,2026-01-25T20:25:55+00:00,https://reddit.com/r/politics/comments/1qmuc34/obamas_call_latest_fatal_minnesota_shooting_a/,reddit.com,['https://external-preview.redd.it/rA8NfTljqTfPmsTiS7cGMWIk7z6qcybKiVSWVuZBD2Y.jpeg?auto=webp&s=00067cb17c1f87619d1176aed13de3e9d9f76f49'],"Obamas call latest fatal Minnesota shooting a ‘wake-up call to every American, regardless of party’",,['No Paywall'],,,[],['r/politics'],https://reddit.com/r/politics/comments/1qmuc34/obamas_call_latest_fatal_minnesota_shooting_a/,158,0,21,0,,"{'likes': 158, 'reposts': 0, 'quotes': 0}",1qmuc34,1qmuc34,reddit_multi_separate_files_v1
reddit,reddit,reddit_post,31rdxd2w,Crossstoney,1qmkgwo,politics,2026-01-25T22:01:28.153959+00:00,2026-01-25T14:26:17+00:00,https://reddit.com/r/politics/comments/1qmkgwo/german_investments_in_us_nearly_halved_in_trumps/,reddit.com,['https://external-preview.redd.it/b8BO9sPXRRfbWwmiGa-j4HLuhhpxvG14Ht1QLiP-8Ds.jpeg?auto=webp&s=ac309490924bbc2e18808a94b457a71392cddbea'],"German investments in US nearly halved in Trump’s first year back, report shows",,['Possible Paywall'],,,[],['r/politics'],https://reddit.com/r/politics/comments/1qmkgwo/german_investments_in_us_nearly_halved_in_trumps/,149,0,14,0,,"{'likes': 149, 'reposts': 0, 'quotes': 0}",1qmkgwo,1qmkgwo,reddit_multi_separate_files_v1
reddit,reddit,reddit_post,55em3gj8,thereshebe12,1qmsnju,politics,2026-01-25T22:01:29.286248+00:00,2026-01-25T19:25:32+00:00,https://reddit.com/r/politics/comments/1qmsnju/klobuchar_ice_agents_in_minnesota_outnumber/,reddit.com,['https://external-preview.redd.it/riADqOgqww9FpHDmZ9cxKoDJcoqcF2NQxdRNZdGAucY.jpeg?auto=webp&s=f4f10121c43d93b29c2adf5c64a783f151b9726e'],"Klobuchar: ICE agents in Minnesota ‘outnumber’ Minneapolis, St. Paul police",,['No Paywall'],,,[],['r/politics'],https://reddit.com/r/politics/comments/1qmsnju/klobuchar_ice_agents_in_minnesota_outnumber/,153,0,25,0,,"{'likes': 153, 'reposts': 0, 'quotes': 0}",1qmsnju,1qmsnju,reddit_multi_separate_files_v1
reddit,reddit,reddit_post,3es3k5dh,DaHomieNelson92,1qmi94x,politics,2026-01-25T22:01:29.633330+00:00,2026-01-25T12:48:42+00:00,https://reddit.com/r/politics/comments/1qmi94x/getting_to_no_europes_leaders_find_a_way_to_speak/,reddit.com,['https://external-preview.redd.it/JU59VGJdhBevK0p1AqgmLuZGM4jxttrtzb-TMy9du1g.jpeg?auto=webp&s=61f707142365d269c3b86084703975abaa92c00c'],Getting to ‘no': Europe’s leaders find a way to speak with one voice against Trump,,['No Paywall'],,,[],['r/politics'],https://reddit.com/r/politics/comments/1qmi94x/getting_to_no_europes_leaders_find_a_way_to_speak/,146,0,8,0,,"{'likes': 146, 'reposts': 0, 'quotes': 0}",1qmi94x,1qmi94x,reddit_multi_separate_files_v1
reddit,reddit,reddit_post,17iotnf3u4,Several_Print4633,1qmpnsm,politics,2026-01-25T22:01:29.979291+00:00,2026-01-25T17:38:54+00:00,https://reddit.com/r/politics/comments/1qmpnsm/democrats_vow_to_oppose_homeland_security_funding/,reddit.com,['https://external-preview.redd.it/mrV7PtL9I78Q6QpG_UKWklZYAiuH9Uzy478nIWxZWU0.jpeg?auto=webp&s=2ad822fe1d3a8ac9386afa34febe3e3b83cc4150'],Democrats vow to oppose homeland security funding bill. That increases the chance of a shutdown,,['No Paywall'],,,[],['r/politics'],https://reddit.com/r/politics/comments/1qmpnsm/democrats_vow_to_oppose_homeland_security_funding/,148,0,25,0,,"{'likes': 148, 'reposts': 0, 'quotes': 0}",1qmpnsm,1qmpnsm,reddit_multi_separate_files_v1
reddit,reddit,reddit_post,omzcgrv9,Ok_Employer7837,1qmsywb,politics,2026-01-25T22:01:30.918132+00:00,2026-01-25T19:37:04+00:00,https://reddit.com/r/politics/comments/1qmsywb/trump_officials_stick_terrorist_label_on/,reddit.com,['https://external-preview.redd.it/pQ-adorIT5SQRU2YD2Epo8SrXygJNaszlcNj9EcEXts.jpeg?auto=webp&s=0c4b4d16ab36376015442074e548a1f750b7ba92'],"Trump officials stick ""terrorist"" label on Americans killed by DHS",,['Possible Paywall'],,,[],['r/politics'],https://reddit.com/r/politics/comments/1qmsywb/trump_officials_stick_terrorist_label_on/,147,0,34,0,,"{'likes': 147, 'reposts': 0, 'quotes': 0}",1qmsywb,1qmsywb,reddit_multi_separate_files_v1
reddit,reddit,reddit_post,8njgmjuo,Zipper222222,1qmin0i,politics,2026-01-25T22:01:31.444444+00:00,2026-01-25T13:06:45+00:00,https://reddit.com/r/politics/comments/1qmin0i/rep_maxwell_alejandro_frost_is_assaulted_at/,reddit.com,['https://external-preview.redd.it/FeON4Vdf1Ds6Wegw-Pf_-ws_mtoaPCvgAkELinLPbxI.jpeg?auto=webp&s=dc1214ae2c9d9bb9c6d9da91a7c916ec78aa55c4'],Rep. Maxwell Alejandro Frost Is Assaulted at Sundance Film Festival,,['Possible Paywall'],,,[],['r/politics'],https://reddit.com/r/politics/comments/1qmin0i/rep_maxwell_alejandro_frost_is_assaulted_at/,134,0,10,0,,"{'likes': 134, 'reposts': 0, 'quotes': 0}",1qmin0i,1qmin0i,reddit_multi_separate_files_v1
reddit,reddit,reddit_post,1hk2kuaj1z,A-Sh1t_sh0w,1qmk7ef,politics,2026-01-25T22:01:31.777036+00:00,2026-01-25T14:15:41+00:00,https://reddit.com/r/politics/comments/1qmk7ef/democrats_threaten_shutdown_after_latest/,reddit.com,['https://external-preview.redd.it/3ZIQ-WEVdIhIkruWTC5G752FmS_WyFS2jByc9Vq2J0Y.jpeg?auto=webp&s=e1ac862bce884dbb2628a3d8c263b2d8ef4e2b39'],Democrats Threaten Shutdown After Latest Minneapolis Killing,,['Possible Paywall'],,,[],['r/politics'],https://reddit.com/r/politics/comments/1qmk7ef/democrats_threaten_shutdown_after_latest/,131,0,25,0,,"{'likes': 131, 'reposts': 0, 'quotes': 0}",1qmk7ef,1qmk7ef,reddit_multi_separate_files_v1
reddit,reddit,reddit_post,1j5no87ips,ChuckGallagher57,1qm8oxm,politics,2026-01-25T22:01:32.506966+00:00,2026-01-25T04:03:42+00:00,https://reddit.com/r/politics/comments/1qm8oxm/rep_maxwell_frost_says_he_was_assaulted_at/,reddit.com,['https://external-preview.redd.it/r6HED2PkDBM6C6MWqqOiwa9U-FYVVe7rikaQ1SBS8uM.jpeg?auto=webp&s=f57fc2a4cfe27e850f3132dc84a45e2957d42609'],Rep. Maxwell Frost says he was assaulted at Sundance Film Festival,,['No Paywall'],,,[],['r/politics'],https://reddit.com/r/politics/comments/1qm8oxm/rep_maxwell_frost_says_he_was_assaulted_at/,128,0,20,0,,"{'likes': 128, 'reposts': 0, 'quotes': 0}",1qm8oxm,1qm8oxm,reddit_multi_separate_files_v1
reddit,reddit,reddit_post,1gndkonzau,Abject-Pick-6472,1qmnrio,politics,2026-01-25T22:01:32.842787+00:00,2026-01-25T16:30:23+00:00,https://reddit.com/r/politics/comments/1qmnrio/shutdown_risk_rises_after_fatal_minneapolis/,reddit.com,['https://external-preview.redd.it/rmmgS_S7niXmzGTfzrV2emrnweGps4z7z9ggIwhLQcQ.jpeg?auto=webp&s=44be0f266c4f3ba611550d5e0c9bda0396e5f987'],Shutdown risk rises after fatal Minneapolis shooting,,['No Paywall'],,,[],['r/politics'],https://reddit.com/r/politics/comments/1qmnrio/shutdown_risk_rises_after_fatal_minneapolis/,132,0,44,0,,"{'likes': 132, 'reposts': 0, 'quotes': 0}",1qmnrio,1qmnrio,reddit_multi_separate_files_v1
reddit,reddit,reddit_post,1wz4ersv18,ProjectMason,1qmk8r2,politics,2026-01-25T22:01:33.783992+00:00,2026-01-25T14:17:15+00:00,https://reddit.com/r/politics/comments/1qmk8r2/us_judge_blocks_trump_administrations_push_to_end/,reddit.com,['https://external-preview.redd.it/hvRNzkB92AkW-khLvvkL1DNk9SAoptV7_cvpq_d8mFY.jpeg?auto=webp&s=49e42d68da0cc70dee14c8cb466ce7b2435a0ea4'],"US judge blocks Trump administration's push to end legal status of 8,400 migrants",,['Possible Paywall'],,,[],['r/politics'],https://reddit.com/r/politics/comments/1qmk8r2/us_judge_blocks_trump_administrations_push_to_end/,126,0,9,0,,"{'likes': 126, 'reposts': 0, 'quotes': 0}",1qmk8r2,1qmk8r2,reddit_multi_separate_files_v1
reddit,reddit,reddit_post,2mtq8m9h,SE_to_NW,1qma1h1,politics,2026-01-25T22:01:34.315736+00:00,2026-01-25T05:11:29+00:00,https://reddit.com/r/politics/comments/1qma1h1/why_trump_is_panicking_about_the_supreme_court/,reddit.com,['https://external-preview.redd.it/Gtw7MFyB5tMYULvQ9Z5oGAJXtzwA3W4r1nfw7VvQSPg.jpeg?auto=webp&s=a9113ae5b286bcef9ad1ba492734403927416d62'],Why Trump is panicking about the Supreme Court and tariffs,,['No Paywall'],,,[],['r/politics'],https://reddit.com/r/politics/comments/1qma1h1/why_trump_is_panicking_about_the_supreme_court/,128,0,77,0,,"{'likes': 128, 'reposts': 0, 'quotes': 0}",1qma1h1,1qma1h1,reddit_multi_separate_files_v1
reddit,reddit,reddit_post,10n517c17u,Remarkable_Sir8397,1qm7f3j,politics,2026-01-25T22:01:34.643144+00:00,2026-01-25T03:03:07+00:00,https://reddit.com/r/politics/comments/1qm7f3j/state_federal_officials_offer_starkly_different/,reddit.com,['https://external-preview.redd.it/9SDCArvq6WAIutdIY0qzE_lL30ti6eAuh1rDcdYIuKc.jpeg?auto=webp&s=d8c62acd2661644c86b83c74256f42562ee373a2'],"State, federal officials offer starkly different accounts of Minneapolis shooting",,['Possible Paywall'],,,[],['r/politics'],https://reddit.com/r/politics/comments/1qm7f3j/state_federal_officials_offer_starkly_different/,126,0,47,0,,"{'likes': 126, 'reposts': 0, 'quotes': 0}",1qm7f3j,1qm7f3j,reddit_multi_separate_files_v1
reddit,reddit,reddit_post,omzcgrv9,Ok_Employer7837,1qmuqej,politics,2026-01-25T22:01:35.374113+00:00,2026-01-25T20:40:49+00:00,https://reddit.com/r/politics/comments/1qmuqej/cbp_chief_brags_theyre_experts_in_detaining_small/,reddit.com,['https://external-preview.redd.it/7V4Z_fybtnbQLpk7h8bA1wLoWI8bH-BmTENPiX4lVPw.jpeg?auto=webp&s=2427bd249cb3d7759c6d91fe3b0c32f0deca8a71'],CBP Chief Brags They’re “Experts” in Detaining Small Children,,['Possible Paywall'],,,[],['r/politics'],https://reddit.com/r/politics/comments/1qmuqej/cbp_chief_brags_theyre_experts_in_detaining_small/,126,0,37,0,,"{'likes': 126, 'reposts': 0, 'quotes': 0}",1qmuqej,1qmuqej,reddit_multi_separate_files_v1
reddit,reddit,reddit_post,mqvoy,nosotros_road_sodium,1qm8z4r,politics,2026-01-25T22:01:35.706117+00:00,2026-01-25T04:17:55+00:00,https://reddit.com/r/politics/comments/1qm8z4r/elon_musk_is_diving_back_into_us_politics/,reddit.com,['https://external-preview.redd.it/7JPsxYFhaKOYSSAO7ZTWWlLkVFeska9UO-P50h3TFWY.jpeg?auto=webp&s=d1c2979c3fc9296d41025af26583627d394e53d6'],Elon Musk Is Diving Back Into U.S. Politics,,['Paywall'],,,[],['r/politics'],https://reddit.com/r/politics/comments/1qm8z4r/elon_musk_is_diving_back_into_us_politics/,118,0,133,0,,"{'likes': 118, 'reposts': 0, 'quotes': 0}",1qm8z4r,1qm8z4r,reddit_multi_separate_files_v1
reddit,reddit,reddit_post,1pikv5a49y,OddUmpire2554,1qm7mny,politics,2026-01-25T22:01:36.642697+00:00,2026-01-25T03:13:05+00:00,https://reddit.com/r/politics/comments/1qm7mny/donald_trump_will_not_attend_super_bowl_because/,reddit.com,['https://external-preview.redd.it/xhayFeHBVkODrQgIW-_v7wY_bSrvZE6gJgM1XJvRMBA.jpeg?auto=webp&s=a06bf9f506300e1b90059a47e096974705361b8c'],Donald Trump will not attend Super Bowl because it’s ‘too far away’ | Super Bowl LX,,['No Paywall'],,,[],['r/politics'],https://reddit.com/r/politics/comments/1qm7mny/donald_trump_will_not_attend_super_bowl_because/,119,0,80,0,,"{'likes': 119, 'reposts': 0, 'quotes': 0}",1qm7mny,1qm7mny,reddit_multi_separate_files_v1
reddit,reddit,reddit_post,hkkroaw,wiredmagazine,1qm0z90,politics,2026-01-25T22:01:37.187406+00:00,2026-01-24T22:26:44+00:00,https://reddit.com/r/politics/comments/1qm0z90/ice_asks_companies_about_ad_tech_and_big_data/,reddit.com,['https://external-preview.redd.it/QnKv9JtnziXmdOWJRkQ61hSLYhFvOe5SBEAyeuV93aE.jpeg?auto=webp&s=7de89f5e4a2e69a19b6d6b5a66fe723d125fa23f'],ICE Asks Companies About ‘Ad Tech and Big Data’ Tools It Could Use in Investigations [GIFT LINK],,['Possible Paywall'],,,[],['r/politics'],https://reddit.com/r/politics/comments/1qm0z90/ice_asks_companies_about_ad_tech_and_big_data/,120,0,9,0,,"{'likes': 120, 'reposts': 0, 'quotes': 0}",1qm0z90,1qm0z90,reddit_multi_separate_files_v1
reddit,reddit,reddit_post,1nikwmzqvr,rezwenn,1qmkdb1,politics,2026-01-25T22:01:37.521856+00:00,2026-01-25T14:22:19+00:00,https://reddit.com/r/politics/comments/1qmkdb1/minneapolis_and_gaza_now_share_the_same_violent/,reddit.com,['https://external-preview.redd.it/qb7L1eOpqI5IuuGN_wxBoQt4yayOVG-pPmMdINwRcUQ.jpeg?auto=webp&s=bebe7e3f0c35bd8ec506aad42b26c9a6c2e6eb18'],Minneapolis and Gaza Now Share the Same Violent Language,,['Possible Paywall'],,,[],['r/politics'],https://reddit.com/r/politics/comments/1qmkdb1/minneapolis_and_gaza_now_share_the_same_violent/,117,0,15,0,,"{'likes': 117, 'reposts': 0, 'quotes': 0}",1qmkdb1,1qmkdb1,reddit_multi_separate_files_v1
reddit,reddit,reddit_post,14bn3x,boforiamanfo,1qmrzdp,politics,2026-01-25T22:01:38.263385+00:00,2026-01-25T19:01:39+00:00,https://reddit.com/r/politics/comments/1qmrzdp/americans_issue_trump_stinging_rebuke_of_trump_in/,reddit.com,['https://external-preview.redd.it/K9lyySKmbjWYCmQ3QnQAZ-x8pXD6-OgoRj6feDmU1QY.jpeg?auto=webp&s=de43a117ad6da8faa28cba9da07fd4787ff9857a'],"Americans issue Trump “stinging rebuke” of Trump in new poll, Nicolle Wallace says",,['No Paywall'],,,[],['r/politics'],https://reddit.com/r/politics/comments/1qmrzdp/americans_issue_trump_stinging_rebuke_of_trump_in/,103,0,14,0,,"{'likes': 103, 'reposts': 0, 'quotes': 0}",1qmrzdp,1qmrzdp,reddit_multi_separate_files_v1
reddit,reddit,reddit_post,769drwmg,eatfruitallday,1qm3pej,politics,2026-01-25T22:01:38.610188+00:00,2026-01-25T00:19:04+00:00,https://reddit.com/r/politics/comments/1qm3pej/googles_ai_detection_tool_cant_decide_if_its_own/,reddit.com,['https://external-preview.redd.it/lUTMoIP1YQ7jWhjyzYU_WFmJWFfCgK8G-wxnelC1_AU.jpeg?auto=webp&s=754a5fc540862a0ba4e4b5d5bf7bb86ff2376c94'],Google's AI Detection Tool Can’t Decide if Its Own AI Made Doctored Photo of Crying Activist,,['Possible Paywall'],,,[],['r/politics'],https://reddit.com/r/politics/comments/1qm3pej/googles_ai_detection_tool_cant_decide_if_its_own/,102,0,23,0,,"{'likes': 102, 'reposts': 0, 'quotes': 0}",1qm3pej,1qm3pej,reddit_multi_separate_files_v1
reddit,reddit,reddit_post,1vu3jwt88v,cosmicsasha,1qmv03e,politics,2026-01-25T22:01:39.548664+00:00,2026-01-25T20:50:40+00:00,https://reddit.com/r/politics/comments/1qmv03e/trump_says_lawsuit_to_stop_his_ballroom_being/,reddit.com,['https://external-preview.redd.it/m1pWlL7xncS0a0EZUvOFyF1Wdbt4BG-7s1cLvDQLEoA.jpeg?auto=webp&s=7f8043d41b28eb3f6ac50ec7d1e14833212bfb23'],Trump says lawsuit to stop his ballroom being built would be ‘devastating’ for US,,['No Paywall'],,,[],['r/politics'],https://reddit.com/r/politics/comments/1qmv03e/trump_says_lawsuit_to_stop_his_ballroom_being/,99,0,57,0,,"{'likes': 99, 'reposts': 0, 'quotes': 0}",1qmv03e,1qmv03e,reddit_multi_separate_files_v1
reddit,reddit,reddit_post,75bt1bxa,Imaginary-Ad-7919,1qmgfo8,politics,2026-01-25T22:01:40.093317+00:00,2026-01-25T11:11:27+00:00,https://reddit.com/r/politics/comments/1qmgfo8/trumps_greenland_ambitions_strain_maga_ties_with/,reddit.com,['https://external-preview.redd.it/XKDkkIhheWkYhJn8PrlyvBN4vBtfZyiooku5BhhSgoo.jpeg?auto=webp&s=f9938700456d85fc7ae303b6878443b05b01477b'],Trump's Greenland ambitions strain MAGA ties with Europe's far-right.,,['No Paywall'],,,[],['r/politics'],https://reddit.com/r/politics/comments/1qmgfo8/trumps_greenland_ambitions_strain_maga_ties_with/,99,0,20,0,,"{'likes': 99, 'reposts': 0, 'quotes': 0}",1qmgfo8,1qmgfo8,reddit_multi_separate_files_v1
reddit,reddit,reddit_post,8umxxbw,aslan_is_on_the_move,1qmqgl5,politics,2026-01-25T22:01:41.230448+00:00,2026-01-25T18:07:26+00:00,https://reddit.com/r/politics/comments/1qmqgl5/amy_klobuchar_files_papers_for_run_to_succeed_tim/,reddit.com,['https://external-preview.redd.it/XGD0iS4sSiAANou_G8hCfN8k6HCQz1nKhT7qbiqe0q8.jpeg?auto=webp&s=fa6164e9a5ba127417e922505cf32f0722610ee1'],Amy Klobuchar Files Papers for Run to Succeed Tim Walz as Minnesota Governor,,['Possible Paywall'],,,[],['r/politics'],https://reddit.com/r/politics/comments/1qmqgl5/amy_klobuchar_files_papers_for_run_to_succeed_tim/,89,0,65,0,,"{'likes': 89, 'reposts': 0, 'quotes': 0}",1qmqgl5,1qmqgl5,reddit_multi_separate_files_v1
reddit,reddit,reddit_post,edeol,GeneReddit123,1qm6b2c,politics,2026-01-25T22:01:41.586293+00:00,2026-01-25T02:13:04+00:00,https://reddit.com/r/politics/comments/1qm6b2c/as_the_world_inches_back_to_a_preww2_order_the/,reddit.com,['https://external-preview.redd.it/pkdzfTCbnzwY6ge273_-ox2z8kgRwEGSkuavQ5sTMiY.jpeg?auto=webp&s=e69f7ca53a85213d45182a32a1dba7e9b308172a'],"As the world inches back to a pre-WW2 order, the 'middle powers' face a grave new challenge",,['Possible Paywall'],,,[],['r/politics'],https://reddit.com/r/politics/comments/1qm6b2c/as_the_world_inches_back_to_a_preww2_order_the/,95,0,9,0,,"{'likes': 95, 'reposts': 0, 'quotes': 0}",1qm6b2c,1qm6b2c,reddit_multi_separate_files_v1
reddit,reddit,reddit_post,10n517c17u,Remarkable_Sir8397,1qmg0n4,politics,2026-01-25T22:01:41.925035+00:00,2026-01-25T10:47:29+00:00,https://reddit.com/r/politics/comments/1qmg0n4/slo_police_chief_has_a_message_for_anyone_who/,reddit.com,['https://external-preview.redd.it/J4_vxE3eCojcq3PHCHMWHNE8-CkkJoQEnnZJGB-LX08.jpeg?auto=webp&s=de2cce9f44b25e7386dc05edf97555d260e110ea'],SLO police chief has a message for anyone who feels threatened by ICE Call us,,['Possible Paywall'],,,[],['r/politics'],https://reddit.com/r/politics/comments/1qmg0n4/slo_police_chief_has_a_message_for_anyone_who/,89,0,19,0,,"{'likes': 89, 'reposts': 0, 'quotes': 0}",1qmg0n4,1qmg0n4,reddit_multi_separate_files_v1
reddit,reddit,reddit_post,9rp4e,deraser,1qmmxp6,politics,2026-01-25T22:01:43.556114+00:00,2026-01-25T16:00:48+00:00,https://reddit.com/r/politics/comments/1qmmxp6/republicans_are_worried_about_trumps_deportation/,reddit.com,[],"Republicans are worried about Trump’s deportation campaign, and our new poll shows why",,['Possible Paywall'],,,[],['r/politics'],https://reddit.com/r/politics/comments/1qmmxp6/republicans_are_worried_about_trumps_deportation/,86,0,20,0,,"{'likes': 86, 'reposts': 0, 'quotes': 0}",1qmmxp6,1qmmxp6,reddit_multi_separate_files_v1
reddit,reddit,reddit_post,1hk2kuaj1z,A-Sh1t_sh0w,1qmppok,politics,2026-01-25T22:01:44.986947+00:00,2026-01-25T17:40:53+00:00,https://reddit.com/r/politics/comments/1qmppok/video_shows_moments_around_fatal_shooting_in/,reddit.com,['https://external-preview.redd.it/C5wMd10lMOPbBYMa9mpAUax3UD4ibZj9Fs4RHr2XrMY.jpeg?auto=webp&s=a3bccc133917a1f9491e09bab084e347655420fc'],Video shows moments around fatal shooting in Minneapolis,,['Possible Paywall'],,,[],['r/politics'],https://reddit.com/r/politics/comments/1qmppok/video_shows_moments_around_fatal_shooting_in/,82,0,7,0,,"{'likes': 82, 'reposts': 0, 'quotes': 0}",1qmppok,1qmppok,reddit_multi_separate_files_v1
reddit,reddit,reddit_post,87ltc1hsa,ZagrosMountain,1qm0z8n,politics,2026-01-25T22:01:45.717425+00:00,2026-01-24T22:26:44+00:00,https://reddit.com/r/politics/comments/1qm0z8n/the_revolutionary_women_of_rojava_are_in_grave/,reddit.com,['https://external-preview.redd.it/41y3R-kesIx3SD3r3Zsd_KNxW7WnTQjMvrVqEj6BtEw.jpeg?auto=webp&s=9761722d148a1977e8daf4ed671c6386994dccdc'],The revolutionary women of Rojava are in grave danger. That has consequences for us all | Natasha Walter,,['No Paywall'],,,[],['r/politics'],https://reddit.com/r/politics/comments/1qm0z8n/the_revolutionary_women_of_rojava_are_in_grave/,80,0,10,0,,"{'likes': 80, 'reposts': 0, 'quotes': 0}",1qm0z8n,1qm0z8n,reddit_multi_separate_files_v1
reddit,reddit,reddit_post,8lemz,Large_banana_hammock,1qmrnqv,politics,2026-01-25T22:01:46.052207+00:00,2026-01-25T18:50:09+00:00,https://reddit.com/r/politics/comments/1qmrnqv/man_arrested_after_assault_on_democratic_rep/,reddit.com,['https://external-preview.redd.it/qyaOM0WBCO72vjeaW5ymZsJ9sh5Ms5krTj4zJbNFIRA.jpeg?auto=webp&s=ee3b4fae6a5619e809948f933f09a3a1c7ee78b7'],Man arrested after assault on Democratic Rep. Maxwell Frost at Sundance Film Festival,,['Possible Paywall'],,,[],['r/politics'],https://reddit.com/r/politics/comments/1qmrnqv/man_arrested_after_assault_on_democratic_rep/,78,0,5,0,,"{'likes': 78, 'reposts': 0, 'quotes': 0}",1qmrnqv,1qmrnqv,reddit_multi_separate_files_v1
reddit,reddit,reddit_post,1dlcazfv4o,Illustrious_Lie_954,1qmmycx,politics,2026-01-25T22:01:46.382839+00:00,2026-01-25T16:01:23+00:00,https://reddit.com/r/politics/comments/1qmmycx/trump_administration_to_take_10_stake_in_usa_rare/,reddit.com,['https://external-preview.redd.it/xU6SuKWO3AJJz5rm9Kc8kKAq4HKaS537u8sMh8DYfCs.jpeg?auto=webp&s=9a94bd14b7b3036422abc083b3441f7ebfec71ee'],"Trump administration to take 10% stake in USA Rare Earth in $1.6 billion deal, sources say",,['No Paywall'],,,[],['r/politics'],https://reddit.com/r/politics/comments/1qmmycx/trump_administration_to_take_10_stake_in_usa_rare/,74,0,35,0,,"{'likes': 74, 'reposts': 0, 'quotes': 0}",1qmmycx,1qmmycx,reddit_multi_separate_files_v1
reddit,reddit,reddit_post,rl2vi,bwermer,1qmlxj7,politics,2026-01-25T22:01:46.706116+00:00,2026-01-25T15:23:36+00:00,https://reddit.com/r/politics/comments/1qmlxj7/5_things_to_know_about_the_latest_minneapolis/,reddit.com,['https://external-preview.redd.it/HamCNwVTlDj7Dp39YRuPSpm0GyfpiVpkBnBgdVxtTgs.jpeg?auto=webp&s=9aab86627cbf4e15f3fd3cf4934f52c9f682bdbb'],5 things to know about the latest Minneapolis shooting,,['No Paywall'],,,[],['r/politics'],https://reddit.com/r/politics/comments/1qmlxj7/5_things_to_know_about_the_latest_minneapolis/,73,0,8,0,,"{'likes': 73, 'reposts': 0, 'quotes': 0}",1qmlxj7,1qmlxj7,reddit_multi_separate_files_v1
reddit,reddit,reddit_post,qkblr4l,SterlingVII,1qmjb6e,politics,2026-01-25T22:01:47.040450+00:00,2026-01-25T13:37:09+00:00,https://reddit.com/r/politics/comments/1qmjb6e/us_vaccine_panel_head_questions_polio/,reddit.com,['https://external-preview.redd.it/z6emNKBWyNTS4sFi278LJH3m84J0DQ5eyoWUfg5CJ9g.jpeg?auto=webp&s=9e46c17bb4f79f75976c7cc617bc300596353004'],US vaccine panel head questions polio recommendation,,['Possible Paywall'],,,[],['r/politics'],https://reddit.com/r/politics/comments/1qmjb6e/us_vaccine_panel_head_questions_polio/,69,0,20,0,,"{'likes': 69, 'reposts': 0, 'quotes': 0}",1qmjb6e,1qmjb6e,reddit_multi_separate_files_v1
reddit,reddit,reddit_post,208x9cdd,Comfortable_Ad2908,1qmp9ve,politics,2026-01-25T22:01:47.776432+00:00,2026-01-25T17:24:57+00:00,https://reddit.com/r/politics/comments/1qmp9ve/5yearold_asylum_seeker_detained_as_ice_expands/,reddit.com,['https://external-preview.redd.it/g8Ou-YubGGzN9_QicX_U8dPqQfXeezyJZZR1MvALm6o.jpeg?auto=webp&s=b2604acc9c8df2e3e1fc100b404fa020e4c21177'],5-year-old asylum seeker detained as ICE expands enforcement in Minnesota,,['No Paywall'],,,[],['r/politics'],https://reddit.com/r/politics/comments/1qmp9ve/5yearold_asylum_seeker_detained_as_ice_expands/,70,0,14,0,,"{'likes': 70, 'reposts': 0, 'quotes': 0}",1qmp9ve,1qmp9ve,reddit_multi_separate_files_v1
reddit,reddit,reddit_post,1pikv5a49y,OddUmpire2554,1qm75jz,politics,2026-01-25T22:01:48.115273+00:00,2026-01-25T02:51:02+00:00,https://reddit.com/r/politics/comments/1qm75jz/danish_pm_mette_frederiksen_in_greenland_for_show/,reddit.com,['https://external-preview.redd.it/9n_lm_-bku1_2Vllpf0R4z5XquQgfxk1azA3tFV3pGc.jpeg?auto=webp&s=e840feafc6df66710f8c733eefcbb9c58ec1d372'],Danish PM Mette Frederiksen in Greenland for 'show of support',,['Possible Paywall'],,,[],['r/politics'],https://reddit.com/r/politics/comments/1qm75jz/danish_pm_mette_frederiksen_in_greenland_for_show/,67,0,1,0,,"{'likes': 67, 'reposts': 0, 'quotes': 0}",1qm75jz,1qm75jz,reddit_multi_separate_files_v1
reddit,reddit,reddit_post,hkkroaw,wiredmagazine,1qmr9ck,politics,2026-01-25T22:01:49.047499+00:00,2026-01-25T18:35:52+00:00,https://reddit.com/r/politics/comments/1qmr9ck/why_minnesota_cant_do_more_to_stop_ice/,reddit.com,['https://external-preview.redd.it/UmAFxx6h0I1wmMX4AAtdMe_1m6VKXAxWYkMky9qdM6E.jpeg?auto=webp&s=397cc212e2f100fda55ef20a2223fc9a734b1faf'],Why Minnesota Can't Do More to Stop ICE,,['Possible Paywall'],,,[],['r/politics'],https://reddit.com/r/politics/comments/1qmr9ck/why_minnesota_cant_do_more_to_stop_ice/,68,0,34,0,,"{'likes': 68, 'reposts': 0, 'quotes': 0}",1qmr9ck,1qmr9ck,reddit_multi_separate_files_v1
reddit,reddit,reddit_post,14llq6,rootoo,1qmwdrx,politics,2026-01-25T22:01:50.009805+00:00,2026-01-25T21:41:13+00:00,https://reddit.com/r/politics/comments/1qmwdrx/the_trump_administration_is_lying_to_our_faces/,reddit.com,[],The Trump Administration Is Lying to Our Faces. Congress Must Act.,,['Possible Paywall'],,,[],['r/politics'],https://reddit.com/r/politics/comments/1qmwdrx/the_trump_administration_is_lying_to_our_faces/,69,0,17,0,,"{'likes': 69, 'reposts': 0, 'quotes': 0}",1qmwdrx,1qmwdrx,reddit_multi_separate_files_v1
reddit,reddit,reddit_post,555nnc8m,SpencerAXbot,1qmw2em,politics,2026-01-25T22:01:50.734025+00:00,2026-01-25T21:29:24+00:00,https://reddit.com/r/politics/comments/1qmw2em/gop_governor_kevin_stitt_americans_dont_like_what/,reddit.com,['https://external-preview.redd.it/_xzwCPCNqnKwG51vlwrBofe9oAu7bsttI3CRi8SM7R8.jpeg?auto=webp&s=4337616afa03952a680a1f14d11dd000ad0e86b0'],GOP Governor Kevin Stitt: ‘Americans don’t like what they’re seeing’ in Minneapolis’ | CNN Politics,,['Possible Paywall'],,,[],['r/politics'],https://reddit.com/r/politics/comments/1qmw2em/gop_governor_kevin_stitt_americans_dont_like_what/,66,0,15,0,,"{'likes': 66, 'reposts': 0, 'quotes': 0}",1qmw2em,1qmw2em,reddit_multi_separate_files_v1
reddit,reddit,reddit_post,shdtk5ids,rapidcreek409,1qmj1h5,politics,2026-01-25T22:01:51.068282+00:00,2026-01-25T13:25:08+00:00,https://reddit.com/r/politics/comments/1qmj1h5/trump_claims_secret_discombobulator_weapon_was/,reddit.com,['https://external-preview.redd.it/XwAGIuK_GPeVZNP3xTvHl4XW9aw9qcBui30vKuCt3lo.jpeg?auto=webp&s=b6750e312826d7007126efb32ee7f9c750de5d1c'],Trump claims secret ‘discombobulator’ weapon was used to help capture Maduro |,,['Possible Paywall'],,,[],['r/politics'],https://reddit.com/r/politics/comments/1qmj1h5/trump_claims_secret_discombobulator_weapon_was/,63,0,76,0,,"{'likes': 63, 'reposts': 0, 'quotes': 0}",1qmj1h5,1qmj1h5,reddit_multi_separate_files_v1
reddit,reddit,reddit_post,mqvoy,nosotros_road_sodium,1qm7ik4,politics,2026-01-25T22:01:52.007854+00:00,2026-01-25T03:07:41+00:00,https://reddit.com/r/politics/comments/1qm7ik4/trump_administration_pushes_out_key_officials/,reddit.com,['https://external-preview.redd.it/-qw5x4wVAJNYvqaV1Tl6_ScPATwKAcsB0SumVylm43k.jpeg?auto=webp&s=3a9e83f23479b3303e2584bfa5df86f345416db3'],Trump Administration Pushes Out Key Officials Focused on China Tech Threat,,['Paywall'],,,[],['r/politics'],https://reddit.com/r/politics/comments/1qm7ik4/trump_administration_pushes_out_key_officials/,62,0,7,0,,"{'likes': 62, 'reposts': 0, 'quotes': 0}",1qm7ik4,1qm7ik4,reddit_multi_separate_files_v1
reddit,reddit,reddit_post,1j9fi3ngym,jediporcupine,1qmumvc,politics,2026-01-25T22:01:52.534163+00:00,2026-01-25T20:37:08+00:00,https://reddit.com/r/politics/comments/1qmumvc/sherrill_on_unaccountable_ice_cbp_stasitype_forces/,reddit.com,['https://external-preview.redd.it/8zjsR2RgFXki7amWEptX8SZIsJ6FX4bvUlLJwp_MMc4.jpeg?auto=webp&s=50a5e37e218b643559259c93fd820dba72601ba5'],"Sherrill on ‘unaccountable’ ICE, CBP: ‘Stasi-type’ forces",,['No Paywall'],,,[],['r/politics'],https://reddit.com/r/politics/comments/1qmumvc/sherrill_on_unaccountable_ice_cbp_stasitype_forces/,65,0,5,0,,"{'likes': 65, 'reposts': 0, 'quotes': 0}",1qmumvc,1qmumvc,reddit_multi_separate_files_v1
reddit,reddit,reddit_post,ty0gxn7d,Moon_Rose_Violet,1qmq9l7,politics,2026-01-25T22:01:54.241429+00:00,2026-01-25T18:00:36+00:00,https://reddit.com/r/politics/comments/1qmq9l7/minnesotas_biggest_companies_call_for/,reddit.com,[],Minnesota’s Biggest Companies Call for ‘De-escalation’ of Tensions,,['Possible Paywall'],,,[],['r/politics'],https://reddit.com/r/politics/comments/1qmq9l7/minnesotas_biggest_companies_call_for/,65,0,65,0,,"{'likes': 65, 'reposts': 0, 'quotes': 0}",1qmq9l7,1qmq9l7,reddit_multi_separate_files_v1
reddit,reddit,reddit_post,omzcgrv9,Ok_Employer7837,1qmufcq,politics,2026-01-25T22:01:54.582523+00:00,2026-01-25T20:29:27+00:00,https://reddit.com/r/politics/comments/1qmufcq/bondi_seeks_minnesota_voter_rolls_welfare_data_to/,reddit.com,['https://external-preview.redd.it/y4TIO5YOUUjxatJzkbGRdA745sMqLt8i3x-bswhcRDc.jpeg?auto=webp&s=e20930ea8aff9347dc729780f1d006297fd884b0'],"Bondi seeks Minnesota voter rolls, welfare data to ""help bring back law and order"" in wake of shootings",,['No Paywall'],,,[],['r/politics'],https://reddit.com/r/politics/comments/1qmufcq/bondi_seeks_minnesota_voter_rolls_welfare_data_to/,58,0,41,0,,"{'likes': 58, 'reposts': 0, 'quotes': 0}",1qmufcq,1qmufcq,reddit_multi_separate_files_v1
reddit,reddit,reddit_post,bwi7s,Coleecolee,1qmkrjg,politics,2026-01-25T22:01:54.914295+00:00,2026-01-25T14:38:20+00:00,https://reddit.com/r/politics/comments/1qmkrjg/rep_marie_gluesenkamp_perez_statement_on_second/,reddit.com,['https://external-preview.redd.it/x7WIWasHUEWYVyiWIIuUVsHo1O3Pho_YCPMTEEp3gxQ.jpeg?auto=webp&s=9c3341aa56568c5dc3b41a7057728d39c1e7a049'],Rep. Marie Gluesenkamp Perez Statement on Second Fatal Shooting in Minneapolis,,[],,,[],['r/politics'],https://reddit.com/r/politics/comments/1qmkrjg/rep_marie_gluesenkamp_perez_statement_on_second/,56,0,38,0,,"{'likes': 56, 'reposts': 0, 'quotes': 0}",1qmkrjg,1qmkrjg,reddit_multi_separate_files_v1
reddit,reddit,reddit_post,7fr9y5ar,Breinbaard,1qmvq74,politics,2026-01-25T22:01:55.445612+00:00,2026-01-25T21:17:03+00:00,https://reddit.com/r/politics/comments/1qmvq74/how_will_us_democracy_recover_after_trump/,reddit.com,['https://external-preview.redd.it/HZouMugaIa9Z-QU4-EisMDowx94vv_-gtzsvSkL6OVs.jpeg?auto=webp&s=9403bea6470f9511462dbed476f104a6ab471b40'],How Will U.S. Democracy Recover After Trump?,,['Possible Paywall'],,,[],['r/politics'],https://reddit.com/r/politics/comments/1qmvq74/how_will_us_democracy_recover_after_trump/,51,0,74,0,,"{'likes': 51, 'reposts': 0, 'quotes': 0}",1qmvq74,1qmvq74,reddit_multi_separate_files_v1
reddit,reddit,reddit_post,rl2vi,bwermer,1qmrxpw,politics,2026-01-25T22:01:55.777906+00:00,2026-01-25T19:00:11+00:00,https://reddit.com/r/politics/comments/1qmrxpw/moderna_is_curbing_investment_in_vaccine_trials/,reddit.com,['https://external-preview.redd.it/H1rPp7KhzPglW4CjHQK7G1ebPncQidvfRPkhCg82fHs.jpeg?auto=webp&s=5e713edf8623c06d010b31faf627741185630ffc'],Moderna Is Curbing Investment in Vaccine Trials Due to US Backlash,,['Possible Paywall'],,,[],['r/politics'],https://reddit.com/r/politics/comments/1qmrxpw/moderna_is_curbing_investment_in_vaccine_trials/,51,0,5,0,,"{'likes': 51, 'reposts': 0, 'quotes': 0}",1qmrxpw,1qmrxpw,reddit_multi_separate_files_v1
reddit,reddit,reddit_post,rdu8ry2s,ewzetf,1qmw2cd,politics,2026-01-25T22:01:56.966856+00:00,2026-01-25T21:29:20+00:00,https://reddit.com/r/politics/comments/1qmw2cd/bovino_claims_border_patrol_agents_are_the/,reddit.com,[],Bovino claims Border Patrol agents are ‘the victims’ in deadly Minneapolis shooting,,['Possible Paywall'],,,[],['r/politics'],https://reddit.com/r/politics/comments/1qmw2cd/bovino_claims_border_patrol_agents_are_the/,51,0,22,0,,"{'likes': 51, 'reposts': 0, 'quotes': 0}",1qmw2cd,1qmw2cd,reddit_multi_separate_files_v1
reddit,reddit,reddit_post,8vqadgoi,ElectoralNerd,1qmrrwb,politics,2026-01-25T22:01:57.911552+00:00,2026-01-25T18:54:16+00:00,https://reddit.com/r/politics/comments/1qmrrwb/sen_angus_king_says_he_wont_vote_for_package_with/,reddit.com,['https://external-preview.redd.it/Shyrzs96iVcG-vvTf4r3s0h4h-2Y_umHmzUvPh14_sI.jpeg?auto=webp&s=bda862cff2d19d738ce5cc28c8516f8078bd9134'],"Sen. Angus King says he won't vote for package with ICE funding, but ""we don't have to have a shutdown""",,['No Paywall'],,,[],['r/politics'],https://reddit.com/r/politics/comments/1qmrrwb/sen_angus_king_says_he_wont_vote_for_package_with/,47,0,34,0,,"{'likes': 47, 'reposts': 0, 'quotes': 0}",1qmrrwb,1qmrrwb,reddit_multi_separate_files_v1
reddit,reddit,reddit_post,rswkoeuc,SpaceElevatorMusic,1qmlh6x,politics,2026-01-25T22:01:58.440301+00:00,2026-01-25T15:06:16+00:00,https://reddit.com/r/politics/comments/1qmlh6x/trump_administrations_defense_strategy_tells/,reddit.com,['https://external-preview.redd.it/Oodm-n9wVuYDdVO5dTmYVnnk2RooBdIzk6enE1Lv2aQ.jpeg?auto=webp&s=1dc6f6de1a0c94c17c7272f4e1ee7be3b4f1639d'],Trump administration's defense strategy tells allies to handle their own security,,['No Paywall'],,,[],['r/politics'],https://reddit.com/r/politics/comments/1qmlh6x/trump_administrations_defense_strategy_tells/,48,0,18,0,,"{'likes': 48, 'reposts': 0, 'quotes': 0}",1qmlh6x,1qmlh6x,reddit_multi_separate_files_v1
reddit,reddit,reddit_post,a2g9xa8,elguiridelocho,1qmw0t2,politics,2026-01-25T22:01:58.780439+00:00,2026-01-25T21:27:48+00:00,https://reddit.com/r/politics/comments/1qmw0t2/once_again_federal_officials_exclude_minnesota/,reddit.com,['https://external-preview.redd.it/ieg87Z-22NCacdsGwddVIlfR6RyYQzaoGXV-YylhI4g.jpeg?auto=webp&s=76a91e080f3aceb8eb0ee9fcbbe6eeabec3df897'],"Once Again, Federal Officials Exclude Minnesota From Investigation of a Fatal Shooting",,['Possible Paywall'],,,[],['r/politics'],https://reddit.com/r/politics/comments/1qmw0t2/once_again_federal_officials_exclude_minnesota/,47,0,4,0,,"{'likes': 47, 'reposts': 0, 'quotes': 0}",1qmw0t2,1qmw0t2,reddit_multi_separate_files_v1
reddit,reddit,reddit_post,1nikwmzqvr,rezwenn,1qmvyqj,politics,2026-01-25T22:01:59.509602+00:00,2026-01-25T21:25:37+00:00,https://reddit.com/r/politics/comments/1qmvyqj/the_logical_end_point_of_trump_saying_he_could/,reddit.com,['https://external-preview.redd.it/ethIZJ0o913izRKHCb8fX-bAx-kWV4otSnDDo9SUPyg.png?auto=webp&s=cb932abe04640bf3b0966637203e763d545b1b5c'],The Logical End Point of Trump Saying He Could Shoot Somebody on Fifth Avenue,,[],,,[],['r/politics'],https://reddit.com/r/politics/comments/1qmvyqj/the_logical_end_point_of_trump_saying_he_could/,48,0,3,0,,"{'likes': 48, 'reposts': 0, 'quotes': 0}",1qmvyqj,1qmvyqj,reddit_multi_separate_files_v1
reddit,reddit,reddit_post,6pniy,madeapizza,1qms5mt,politics,2026-01-25T22:01:59.852734+00:00,2026-01-25T19:07:45+00:00,https://reddit.com/r/politics/comments/1qms5mt/chinas_top_general_accused_of_giving_nuclear/,reddit.com,['https://external-preview.redd.it/A3ZRP7kjxllFO9BQs5Xi5nt73_neutNgClCYFpVGrBE.jpeg?auto=webp&s=0cd0f9b827cdf7b16b38238eb5ee78b66fc0a88b'],China’s Top General Accused of Giving Nuclear Secrets to U.S.,,['Paywall'],,,[],['r/politics'],https://reddit.com/r/politics/comments/1qms5mt/chinas_top_general_accused_of_giving_nuclear/,46,0,17,0,,"{'likes': 46, 'reposts': 0, 'quotes': 0}",1qms5mt,1qms5mt,reddit_multi_separate_files_v1
reddit,reddit,reddit_post,hxuu6,Stitching,1qmgnup,politics,2026-01-25T22:02:00.797982+00:00,2026-01-25T11:24:18+00:00,https://reddit.com/r/politics/comments/1qmgnup/exclusive_trump_reveals_to_the_post_secret/,reddit.com,['https://external-preview.redd.it/aXkVkfmhY7Xv7HKr0Ov5XhM7gjEDOu6ytfFq7_4VPI8.jpeg?auto=webp&s=f608536dfadd5fb646d7fde3b6aab63669521624'],Exclusive | Trump reveals to The Post secret ‘discombobulator’ weapon was crucial to Venezuelan raid on Maduro,,['No Paywall'],,,[],['r/politics'],https://reddit.com/r/politics/comments/1qmgnup/exclusive_trump_reveals_to_the_post_secret/,47,0,59,0,,"{'likes': 47, 'reposts': 0, 'quotes': 0}",1qmgnup,1qmgnup,reddit_multi_separate_files_v1
reddit,reddit,reddit_post,12om9fqmn4,Inside-Papaya9212,1qmv0bl,politics,2026-01-25T22:02:01.343162+00:00,2026-01-25T20:50:54+00:00,https://reddit.com/r/politics/comments/1qmv0bl/a_preschooler_was_taken_away_by_ice_but_officials/,reddit.com,['https://external-preview.redd.it/9dU3l95my4_x0pb2TDlygmX9MJPGLgfaEl5n8TaQJVM.jpeg?auto=webp&s=031850610ae550c5a4e6e0489228e052655d603a'],"A preschooler was taken away by ICE, but officials say they had no choice.",,['Possible Paywall'],,,[],['r/politics'],https://reddit.com/r/politics/comments/1qmv0bl/a_preschooler_was_taken_away_by_ice_but_officials/,45,0,36,0,,"{'likes': 45, 'reposts': 0, 'quotes': 0}",1qmv0bl,1qmv0bl,reddit_multi_separate_files_v1
reddit,reddit,reddit_post,rswkoeuc,SpaceElevatorMusic,1qmkbi5,politics,2026-01-25T22:02:01.682452+00:00,2026-01-25T14:20:21+00:00,https://reddit.com/r/politics/comments/1qmkbi5/trump_housing_finance_chief_oks_more_mortgage/,reddit.com,['https://external-preview.redd.it/naGh2agW1WAFNfgjrz8NxYiOP9TAsqMHA7WeU5NNErU.jpeg?auto=webp&s=66c0828315f45615e891107d5b7e2a7e03fb69a7'],Trump housing finance chief OKs more mortgage spending and adds risk for government-backed lenders,,['No Paywall'],,,[],['r/politics'],https://reddit.com/r/politics/comments/1qmkbi5/trump_housing_finance_chief_oks_more_mortgage/,38,0,6,0,,"{'likes': 38, 'reposts': 0, 'quotes': 0}",1qmkbi5,1qmkbi5,reddit_multi_separate_files_v1
reddit,reddit,reddit_post,eiytuua0,theverge,1qmwd4o,politics,2026-01-25T22:02:02.410259+00:00,2026-01-25T21:40:32+00:00,https://reddit.com/r/politics/comments/1qmwd4o/why_wont_anyone_stop_ice_from_masking_doxxing_is/,reddit.com,['https://external-preview.redd.it/CSTkdysHVJIREdFx9F7QNjmlT11pemIFQuRVQUJx5hE.jpeg?auto=webp&s=a52fe91e38ff3d57dc79621c851d685d436c7855'],Why won’t anyone stop ICE from masking? | ﻿Doxxing is not a good reason to have faceless police.,,['Possible Paywall'],,,[],['r/politics'],https://reddit.com/r/politics/comments/1qmwd4o/why_wont_anyone_stop_ice_from_masking_doxxing_is/,40,0,7,0,,"{'likes': 40, 'reposts': 0, 'quotes': 0}",1qmwd4o,1qmwd4o,reddit_multi_separate_files_v1
reddit,reddit,reddit_post,mg498,justtakeapill,1qmpngp,politics,2026-01-25T22:02:02.751980+00:00,2026-01-25T17:38:34+00:00,https://reddit.com/r/politics/comments/1qmpngp/ice_launches_investigation_into_ace_of_spade/,reddit.com,['https://external-preview.redd.it/8evtTYd_CCcUx74dF5jjE3E6YDVhrxwRAoWpyKMKCW0.jpeg?auto=webp&s=17157ed689e58c7f183647c47f457c5f45901fc5'],ICE launches investigation into ace of spade cards in Eagle County,,['Possible Paywall'],,,[],['r/politics'],https://reddit.com/r/politics/comments/1qmpngp/ice_launches_investigation_into_ace_of_spade/,36,0,22,0,,"{'likes': 36, 'reposts': 0, 'quotes': 0}",1qmpngp,1qmpngp,reddit_multi_separate_files_v1
reddit,reddit,reddit_post,17bzdd24i2,Street_Anon,1qmogfp,politics,2026-01-25T22:02:03.689878+00:00,2026-01-25T16:55:30+00:00,https://reddit.com/r/politics/comments/1qmogfp/canada_has_no_intent_of_pursuing_free_trade_deal/,reddit.com,['https://external-preview.redd.it/2Tt8d2pqtF13G52gBARBX5xkPwZxNZBDNljoPatiyDM.jpeg?auto=webp&s=d7a2ad1f47738160dfe0729653a213671d7e40b3'],"Canada has no intent of pursuing free trade deal with China, says PM after Trump threat",,['No Paywall'],,,[],['r/politics'],https://reddit.com/r/politics/comments/1qmogfp/canada_has_no_intent_of_pursuing_free_trade_deal/,23,0,24,0,,"{'likes': 23, 'reposts': 0, 'quotes': 0}",1qmogfp,1qmogfp,reddit_multi_separate_files_v1
reddit,reddit,reddit_post,5mtwj,aresef,1qmp0cx,politics,2026-01-25T22:02:04.218866+00:00,2026-01-25T17:15:22+00:00,https://reddit.com/r/politics/comments/1qmp0cx/dc_del_eleanor_holmes_norton_files_to_terminate/,reddit.com,['https://external-preview.redd.it/kGSPNbc1nKa_erHSyn4yHdNmuKwPlc0B9bVdJ4k6Px8.jpeg?auto=webp&s=63e8c10541ce7ebd688cbef1f1b5aa9e49ceaf72'],D.C. Del. Eleanor Holmes Norton Files to 'Terminate' Reelection Campaign,,['No Paywall'],,,[],['r/politics'],https://reddit.com/r/politics/comments/1qmp0cx/dc_del_eleanor_holmes_norton_files_to_terminate/,23,0,19,0,,"{'likes': 23, 'reposts': 0, 'quotes': 0}",1qmp0cx,1qmp0cx,reddit_multi_separate_files_v1
reddit,reddit,reddit_post,74qu46g0,SnooAvocados2794,1qmwmgc,politics,2026-01-25T22:02:04.551749+00:00,2026-01-25T21:50:26+00:00,https://reddit.com/r/politics/comments/1qmwmgc/epsteins_inner_circle_les_wexner_darren_indyke/,reddit.com,['https://external-preview.redd.it/WKD7bZxcfqcZD4qoXSz6imevdB7-d1xpnPZ3Zb4KIrk.jpeg?auto=webp&s=7cca0d83d7005ca69f684159a9663572213a0fc2'],"Epstein's inner circle Les Wexner, Darren Indyke and Richard Kahn subpoenaed to testify before House Oversight Committee",,['No Paywall'],,,[],['r/politics'],https://reddit.com/r/politics/comments/1qmwmgc/epsteins_inner_circle_les_wexner_darren_indyke/,21,0,4,0,,"{'likes': 21, 'reposts': 0, 'quotes': 0}",1qmwmgc,1qmwmgc,reddit_multi_separate_files_v1
reddit,reddit,reddit_post,8umxxbw,aslan_is_on_the_move,1qmpgix,politics,2026-01-25T22:02:05.277968+00:00,2026-01-25T17:31:35+00:00,https://reddit.com/r/politics/comments/1qmpgix/brinks_endorses_benson_for_governor_calling_her_a/,reddit.com,['https://external-preview.redd.it/avxIqwC5cvKTKUc2J0CHuoFLVANU__ZNgZUQ-gjFahc.jpeg?auto=webp&s=9b023a1f82645c18bed4dd6e245b018137f26e66'],"Brinks endorses Benson for governor, calling her ‘a tide that lifts all boats’ on Democratic ticket",,['No Paywall'],,,[],['r/politics'],https://reddit.com/r/politics/comments/1qmpgix/brinks_endorses_benson_for_governor_calling_her_a/,21,0,1,0,,"{'likes': 21, 'reposts': 0, 'quotes': 0}",1qmpgix,1qmpgix,reddit_multi_separate_files_v1
reddit,reddit,reddit_post,jfh27y2c,Rock-n-roll-Kevin,1qmwjj5,politics,2026-01-25T22:02:05.607426+00:00,2026-01-25T21:47:14+00:00,https://reddit.com/r/politics/comments/1qmwjj5/dem_rep_says_trumploving_racist_attacked_him_at/,reddit.com,['https://external-preview.redd.it/EOrMaUhsx6wYiQI0YZW3ireLIHvvFDn_iCKIh5AdmHs.jpeg?auto=webp&s=2f9d0a4a4024139d57ec3fb0c56bbb07fe3bb4c3'],Dem Rep. Says Trump-Loving ‘Racist’ Attacked Him at Sundance,,['Possible Paywall'],,,[],['r/politics'],https://reddit.com/r/politics/comments/1qmwjj5/dem_rep_says_trumploving_racist_attacked_him_at/,17,0,3,0,,"{'likes': 17, 'reposts': 0, 'quotes': 0}",1qmwjj5,1qmwjj5,reddit_multi_separate_files_v1
reddit,reddit,reddit_post,183hqizayz,AWCuiper,1qmvzv7,politics,2026-01-25T22:02:09.048052+00:00,2026-01-25T21:26:47+00:00,https://reddit.com/r/politics/comments/1qmvzv7/ella_baron_on_the_killing_of_alex_pretti_in/,reddit.com,['https://external-preview.redd.it/2FtZa8VxTum8V7fG-e0z5uQv2gDaUJk7f6Ghx0M86dU.jpeg?auto=webp&s=cd4c3a49f75f7665580fe323242617ec57071d19'],Ella Baron on the killing of Alex Pretti in Minneapolis – cartoon | Ella Baron,,['No Paywall'],,,[],['r/politics'],https://reddit.com/r/politics/comments/1qmvzv7/ella_baron_on_the_killing_of_alex_pretti_in/,16,0,2,0,,"{'likes': 16, 'reposts': 0, 'quotes': 0}",1qmvzv7,1qmvzv7,reddit_multi_separate_files_v1
reddit,reddit,reddit_post,10n517c17u,Remarkable_Sir8397,1qmf3ha,politics,2026-01-25T22:02:09.377368+00:00,2026-01-25T09:53:49+00:00,https://reddit.com/r/politics/comments/1qmf3ha/ros_atkins_on_how_popular_is_president_trump/,reddit.com,['https://external-preview.redd.it/eC92_9rNOu0LIKH3gRdvWuBP5ocYuc8jO_alb4-kyak.png?auto=webp&s=203233cf59f2312a279dc2c13b1a16592d5872e8'],Ros Atkins on... How popular is President Trump?,,['Possible Paywall'],,,[],['r/politics'],https://reddit.com/r/politics/comments/1qmf3ha/ros_atkins_on_how_popular_is_president_trump/,16,0,28,0,,"{'likes': 16, 'reposts': 0, 'quotes': 0}",1qmf3ha,1qmf3ha,reddit_multi_separate_files_v1
reddit,reddit,reddit_post,o5byj,TelescopiumHerscheli,1qm67mo,politics,2026-01-25T22:02:09.721958+00:00,2026-01-25T02:08:54+00:00,https://reddit.com/r/politics/comments/1qm67mo/trump_heaps_praise_on_uk_troops_following_furor/,reddit.com,['https://external-preview.redd.it/3hu7uLeh5NNZ5fIxNqbO75X9LLjubSfw3IfeEW32B0U.jpeg?auto=webp&s=383de9060d19c71ca32a55a9356d6481a3397d6d'],Trump heaps praise on UK troops following furor over Afghanistan comments,,['No Paywall'],,,[],['r/politics'],https://reddit.com/r/politics/comments/1qm67mo/trump_heaps_praise_on_uk_troops_following_furor/,15,0,9,0,,"{'likes': 15, 'reposts': 0, 'quotes': 0}",1qm67mo,1qm67mo,reddit_multi_separate_files_v1
reddit,reddit,reddit_post,j5huu6mi,Streona,1qmwlrf,politics,2026-01-25T22:02:10.054479+00:00,2026-01-25T21:49:38+00:00,https://reddit.com/r/politics/comments/1qmwlrf/republicans_struggle_to_respond_to_shooting/,reddit.com,['https://external-preview.redd.it/5o4LzPq3zWr3dkJ-q7ZYSMx7atnZb9MCtw1boX5pIZ0.jpeg?auto=webp&s=a136382807716d1b1674b0d3e34ccba0ce2c68e7'],"Republicans Struggle to Respond to Shooting, Reflecting Political Peril | The killing of a 37-year-old man by a federal agent exposed fresh cracks in G.O.P. unity, with some expressing alarm while others stayed silent or backed the Trump administration.",,['Possible Paywall'],,,[],['r/politics'],https://reddit.com/r/politics/comments/1qmwlrf/republicans_struggle_to_respond_to_shooting/,10,0,8,0,,"{'likes': 10, 'reposts': 0, 'quotes': 0}",1qmwlrf,1qmwlrf,reddit_multi_separate_files_v1
reddit,reddit,reddit_post,8lemz,Large_banana_hammock,1qmud0d,politics,2026-01-25T22:02:10.388000+00:00,2026-01-25T20:26:55+00:00,https://reddit.com/r/politics/comments/1qmud0d/iran_unveils_mural_warning_of_retaliation_if_us/,reddit.com,['https://external-preview.redd.it/uz1LRrgt1WpkxcPJBPZpajLc5P-X5uV3ZalhDBPjZhA.jpeg?auto=webp&s=f2986f098cf4077b97239d018a2b9ba1fa04e334'],Iran unveils mural warning of retaliation if US conducts a military strike,,['No Paywall'],,,[],['r/politics'],https://reddit.com/r/politics/comments/1qmud0d/iran_unveils_mural_warning_of_retaliation_if_us/,13,0,9,0,,"{'likes': 13, 'reposts': 0, 'quotes': 0}",1qmud0d,1qmud0d,reddit_multi_separate_files_v1
reddit,reddit,reddit_post,fva5u3o,FloridaGirlNikki,1qmwigf,politics,2026-01-25T22:02:10.722067+00:00,2026-01-25T21:46:07+00:00,https://reddit.com/r/politics/comments/1qmwigf/is_trump_going_to_let_venezuela_starve/,reddit.com,['https://external-preview.redd.it/tHe1gyq6mWND-YxXSYRoXI5-Y-P8FYULNd9USYiwKkk.jpeg?auto=webp&s=8ab6d675e19a91178e2b4f6bc121aa3b2c2b3d83'],Is Trump Going to Let Venezuela Starve?,,['Possible Paywall'],,,[],['r/politics'],https://reddit.com/r/politics/comments/1qmwigf/is_trump_going_to_let_venezuela_starve/,10,0,14,0,,"{'likes': 10, 'reposts': 0, 'quotes': 0}",1qmwigf,1qmwigf,reddit_multi_separate_files_v1
reddit,reddit,reddit_post,4nlvrluf,DMBFFF,1qmwdg2,politics,2026-01-25T22:02:11.067498+00:00,2026-01-25T21:40:53+00:00,https://reddit.com/r/politics/comments/1qmwdg2/hard_times_in_the_mississippi_delta_as_farmers/,reddit.com,['https://external-preview.redd.it/c-to98ZSZ5qS6Hi0BMNav3gcA0NsymvQA3j4w77KUSk.jpeg?auto=webp&s=c8bd6d85714a85a4c3718d898569476bf274fdf5'],Hard Times in the Mississippi Delta as Farmers Consider Letting Crops Rot,,['Possible Paywall'],,,[],['r/politics'],https://reddit.com/r/politics/comments/1qmwdg2/hard_times_in_the_mississippi_delta_as_farmers/,10,0,9,0,,"{'likes': 10, 'reposts': 0, 'quotes': 0}",1qmwdg2,1qmwdg2,reddit_multi_separate_files_v1
reddit,reddit,reddit_post,1vu3jwt88v,cosmicsasha,1qmwuuw,politics,2026-01-25T22:02:11.815455+00:00,2026-01-25T21:59:18+00:00,https://reddit.com/r/politics/comments/1qmwuuw/republican_governor_questions_goal_of_trump/,reddit.com,['https://external-preview.redd.it/9a8aBdf6S8fwTy3x4WiBaxzrvY4Q-8u8pk1pKhgKxDw.jpeg?auto=webp&s=68dadafb1cd9b1f7c43194cbefb248aa692bedd9'],Republican governor questions goal of Trump immigration crackdown: ‘What is the endgame?’,,['No Paywall'],,,[],['r/politics'],https://reddit.com/r/politics/comments/1qmwuuw/republican_governor_questions_goal_of_trump/,8,0,6,0,,"{'likes': 8, 'reposts': 0, 'quotes': 0}",1qmwuuw,1qmwuuw,reddit_multi_separate_files_v1
reddit,reddit,reddit_post,4nlvrluf,DMBFFF,1qmw5z9,politics,2026-01-25T22:02:12.159049+00:00,2026-01-25T21:33:08+00:00,https://reddit.com/r/politics/comments/1qmw5z9/is_trump_losing_his_war_on_wind_power/,reddit.com,['https://external-preview.redd.it/WZvxKnGrRD8lzv5oYVGOjuuzu-Mhg49YPR12njlMIfk.jpeg?auto=webp&s=48110f479cdb547877577036cd6995edfc786be7'],Is Trump losing his war on wind power?,,['Possible Paywall'],,,[],['r/politics'],https://reddit.com/r/politics/comments/1qmw5z9/is_trump_losing_his_war_on_wind_power/,5,0,6,0,,"{'likes': 5, 'reposts': 0, 'quotes': 0}",1qmw5z9,1qmw5z9,reddit_multi_separate_files_v1
reddit,reddit,reddit_post,74qu46g0,SnooAvocados2794,1qmjrul,politics,2026-01-25T22:02:13.079720+00:00,2026-01-25T13:57:34+00:00,https://reddit.com/r/politics/comments/1qmjrul/trump_to_headline_summit_on_trump_accounts/,reddit.com,['https://external-preview.redd.it/elWaYXx01C2njpgYeyWYFyqKESjxE0QG1f-PcvESO2I.jpeg?auto=webp&s=024a47b146b9b4c7143d036e0ffeae22991641e9'],Trump to headline summit on Trump Accounts,,['Possible Paywall'],,,[],['r/politics'],https://reddit.com/r/politics/comments/1qmjrul/trump_to_headline_summit_on_trump_accounts/,0,0,11,0,,"{'likes': 0, 'reposts': 0, 'quotes': 0}",1qmjrul,1qmjrul,reddit_multi_separate_files_v1
reddit,reddit,reddit_post,vjw8li97z,Its_Dylan_Parker,1qmfvbv,politics,2026-01-25T22:02:13.607492+00:00,2026-01-25T10:39:05+00:00,https://reddit.com/r/politics/comments/1qmfvbv/trump_praises_uk_troops_after_backlash_over_nato/,reddit.com,['https://external-preview.redd.it/qzLFPm4K6j_RIz2zGAlavjXCORtnz-01T7yrXVYMuXU.jpeg?auto=webp&s=f5cc17bf3fa764b4bfa05635eaa3c6d1ce9656ac'],Trump praises U.K. troops after backlash over NATO front line remarks,,['No Paywall'],,,[],['r/politics'],https://reddit.com/r/politics/comments/1qmfvbv/trump_praises_uk_troops_after_backlash_over_nato/,0,0,31,0,,"{'likes': 0, 'reposts': 0, 'quotes': 0}",1qmfvbv,1qmfvbv,reddit_multi_separate_files_v1
reddit,reddit,reddit_post,8njgmjuo,Zipper222222,1qmmdv2,politics,2026-01-25T22:02:13.938000+00:00,2026-01-25T15:40:36+00:00,https://reddit.com/r/politics/comments/1qmmdv2/deputy_attorney_general_says_federal_agents_are/,reddit.com,['https://external-preview.redd.it/3sAnAHCiEKEXFP2fZ1XDt8aD73QRim5wtnxwbfgFH8k.jpeg?auto=webp&s=e2e199f062bfc0840e98847d72e55b7b991b1b50'],Deputy attorney general says federal agents 'are acting humanely' amid scrutiny of ICE operations,,['No Paywall'],,,[],['r/politics'],https://reddit.com/r/politics/comments/1qmmdv2/deputy_attorney_general_says_federal_agents_are/,0,0,34,0,,"{'likes': 0, 'reposts': 0, 'quotes': 0}",1qmmdv2,1qmmdv2,reddit_multi_separate_files_v1
reddit,reddit,reddit_post,js5a5,GirasoleDE,1qmhu6p,politics,2026-01-25T22:02:15.075776+00:00,2026-01-25T12:27:56+00:00,https://reddit.com/r/politics/comments/1qmhu6p/from_bored_of_peace_to_the_board_of_peace_forget/,reddit.com,[],From bored of peace to the Board of Peace | Forget the road to Damascus; Trump’s conversion has happened on the jet to Davos,,['Paywall'],,,[],['r/politics'],https://reddit.com/r/politics/comments/1qmhu6p/from_bored_of_peace_to_the_board_of_peace_forget/,0,0,16,0,,"{'likes': 0, 'reposts': 0, 'quotes': 0}",1qmhu6p,1qmhu6p,reddit_multi_separate_files_v1
reddit,reddit,reddit_post,10n517c17u,Remarkable_Sir8397,1qml9wy,politics,2026-01-25T22:02:16.013753+00:00,2026-01-25T14:58:42+00:00,https://reddit.com/r/politics/comments/1qml9wy/todd_blange_says_federal_agents_acting_humanely/,reddit.com,['https://external-preview.redd.it/M8jk3y6a2LFtkou-DGYUyaT32Vna9UtnKZwlm-930Kg.jpeg?auto=webp&s=cbe3a13c61d3cc86921e67c49b51fdef641eaaf9'],Todd Blange says federal agents 'acting humanely' amid public outcry : Full interview,,['No Paywall'],,,[],['r/politics'],https://reddit.com/r/politics/comments/1qml9wy/todd_blange_says_federal_agents_acting_humanely/,0,0,27,0,,"{'likes': 0, 'reposts': 0, 'quotes': 0}",1qml9wy,1qml9wy,reddit_multi_separate_files_v1
reddit,reddit,reddit_post,1x7gx5tafa,growin60sec,1qm16zx,politics,2026-01-25T22:02:16.557455+00:00,2026-01-24T22:35:17+00:00,https://reddit.com/r/politics/comments/1qm16zx/donald_trump_slams_2026_super_bowl_performers_bad/,reddit.com,['https://external-preview.redd.it/1ZgOlx14TxUXuzGwEley_9sO6MXyEqOYcAAwpjDDqOs.jpeg?auto=webp&s=4b1247d41bb7aceb494fe5f0bbe36ddee9ec2636'],"Donald Trump Slams 2026 Super Bowl Performers Bad Bunny, Green Day",,['No Paywall'],,,[],['r/politics'],https://reddit.com/r/politics/comments/1qm16zx/donald_trump_slams_2026_super_bowl_performers_bad/,0,0,52,0,,"{'likes': 0, 'reposts': 0, 'quotes': 0}",1qm16zx,1qm16zx,reddit_multi_separate_files_v1
reddit,reddit,reddit_post,rdu8ry2s,ewzetf,1qm7wqz,politics,2026-01-25T22:02:16.901724+00:00,2026-01-25T03:26:26+00:00,https://reddit.com/r/politics/comments/1qm7wqz/official_says_fatal_ice_shooting_victim_wanted_to/,reddit.com,['https://external-preview.redd.it/fL11cQQx5c3i6BEQIxxuooc09gDfxXEgDgwq9nijVVU.jpeg?auto=webp&s=a71204bdda99ae94577a7d3c11934ced35ae9d17'],Official says fatal ICE shooting victim 'wanted to massacre law enforcement officials',,['No Paywall'],,,[],['r/politics'],https://reddit.com/r/politics/comments/1qm7wqz/official_says_fatal_ice_shooting_victim_wanted_to/,0,0,73,0,,"{'likes': 0, 'reposts': 0, 'quotes': 0}",1qm7wqz,1qm7wqz,reddit_multi_separate_files_v1
reddit,reddit,reddit_post,6fvdwcdj,brown-saiyan,1qm6v67,politics,2026-01-25T22:02:17.632383+00:00,2026-01-25T02:38:01+00:00,https://reddit.com/r/politics/comments/1qm6v67/read_it_bondi_sends_letter_to_gov_walz_warning/,reddit.com,['https://external-preview.redd.it/d7fjiB1Jq9E9zHg0t6NUibeIWYmiXRxk5so1rn3EGdA.jpeg?auto=webp&s=df572b9b66a4d43ed3fdb77913b6b6f0fce2b845'],READ IT: Bondi sends letter to Gov Walz warning Minnesota’s immigration policies endanger agents,,['No Paywall'],,,[],['r/politics'],https://reddit.com/r/politics/comments/1qm6v67/read_it_bondi_sends_letter_to_gov_walz_warning/,0,0,33,0,,"{'likes': 0, 'reposts': 0, 'quotes': 0}",1qm6v67,1qm6v67,reddit_multi_separate_files_v1
reddit,reddit,reddit_post,rdu8ry2s,ewzetf,1qm8p6k,politics,2026-01-25T22:02:17.968939+00:00,2026-01-25T04:04:04+00:00,https://reddit.com/r/politics/comments/1qm8p6k/noem_says_minneapolis_suspect_committed_domestic/,reddit.com,['https://external-preview.redd.it/mpXgShvAQ-TiQZFh4LYjlpLMJgQoHANJwxzW444mn2k.jpeg?auto=webp&s=8b96d6ce4f77d3400350b4d83d3bb7b86d34fd09'],"Noem says Minneapolis suspect committed ‘domestic terrorism,’ accuses Walz, Frey of inciting violence",,['No Paywall'],,,[],['r/politics'],https://reddit.com/r/politics/comments/1qm8p6k/noem_says_minneapolis_suspect_committed_domestic/,0,0,93,0,,"{'likes': 0, 'reposts': 0, 'quotes': 0}",1qm8p6k,1qm8p6k,reddit_multi_separate_files_v1
reddit,reddit,reddit_post,mpes4pb6,nomiseenomido,1qmrr4k,politics,2026-01-25T22:02:18.911405+00:00,2026-01-25T18:53:29+00:00,https://reddit.com/r/politics/comments/1qmrr4k/we_need_a_greater_ice_presence_in_atlanta_to_keep/,reddit.com,['https://external-preview.redd.it/CSkOO6CKWxZN3EAIxUPIWH6fdhZp0PRtZ9X5O5Ld5Z4.jpeg?auto=webp&s=cff484ad3880ddf9b82c79958461d94d324cf211'],We need a greater ICE presence in Atlanta to keep the city safe,,['Possible Paywall'],,,[],['r/politics'],https://reddit.com/r/politics/comments/1qmrr4k/we_need_a_greater_ice_presence_in_atlanta_to_keep/,0,0,31,0,,"{'likes': 0, 'reposts': 0, 'quotes': 0}",1qmrr4k,1qmrr4k,reddit_multi_separate_files_v1
reddit,reddit,reddit_post,11vun6cnka,VentureCatalyst00,1qm9vpu,politics,2026-01-25T22:02:19.440617+00:00,2026-01-25T05:03:13+00:00,https://reddit.com/r/politics/comments/1qm9vpu/rogan_defends_ice_raids_says_they_have_to_do_this/,reddit.com,['https://external-preview.redd.it/unMTwnbKERawc-g0piTG76d-1ADOGy73iYebuNbR2TM.jpeg?auto=webp&s=00f88c534c0791c72b69fc29997a8a1656941ca9'],"Rogan defends ICE Raids, says 'they have to do this' because Dems let in millions of migrants, many criminals",,['No Paywall'],,,[],['r/politics'],https://reddit.com/r/politics/comments/1qm9vpu/rogan_defends_ice_raids_says_they_have_to_do_this/,0,0,127,0,,"{'likes': 0, 'reposts': 0, 'quotes': 0}",1qm9vpu,1qm9vpu,reddit_multi_separate_files_v1
